date,open,high,low,close,volume
2000-01-04,5.65,5.65,5.53,5.63,14377036
2000-01-05,5.59,5.77,5.59,5.67,18577173
2000-01-06,5.69,5.87,5.63,5.73,23330453
2000-01-07,5.85,5.93,5.75,5.77,19169832
2000-01-10,5.81,6.16,5.77,6.16,44756097
2000-01-11,6.28,6.44,6.09,6.18,52783226
2000-01-12,6.18,6.36,6.09,6.11,29112900
2000-01-13,6.22,6.3,6.11,6.22,26130352
2000-01-14,6.3,6.3,6.03,6.05,19635148
2000-01-17,6.13,6.32,6.11,6.28,27045933
2000-01-18,6.34,6.34,6.11,6.11,13202361
2000-01-19,6.11,6.18,6.05,6.07,13384656
2000-01-20,6.11,6.22,6.07,6.15,14147427
2000-01-21,6.16,6.2,6.09,6.15,13666779
2000-01-24,6.18,6.56,6.16,6.56,59666300
2000-01-25,6.56,6.56,6.34,6.34,40568313
2000-01-26,6.38,6.54,6.34,6.44,40767464
2000-01-27,6.5,6.68,6.42,6.44,41981558
2000-01-28,6.46,6.7,6.46,6.68,48203720
2000-01-31,6.58,6.66,6.48,6.56,14499214
2000-02-01,6.6,6.86,6.58,6.8,45324670
2000-02-02,6.8,6.8,6.8,6.8,0
2000-02-03,6.8,6.8,6.8,6.8,0
2000-02-04,6.8,6.8,6.8,6.8,0
2000-02-07,6.8,6.8,6.8,6.8,0
2000-02-08,6.8,6.8,6.8,6.8,0
2000-02-09,6.88,6.88,6.68,6.68,28657740
2000-02-10,6.68,6.9,6.68,6.7,28287941
2000-02-11,6.72,6.78,6.52,6.52,21030823
2000-02-14,6.52,6.62,6.38,6.4,17520166
2000-02-15,6.4,6.48,6.3,6.38,14247050
2000-02-16,6.44,6.5,6.38,6.4,13281608
2000-02-17,6.4,6.54,6.38,6.5,19018488
2000-02-18,6.52,6.64,6.4,6.4,16592058
2000-02-21,6.5,6.88,6.5,6.88,65517840
2000-02-22,6.84,6.9,6.5,6.52,39653930
2000-02-23,6.64,6.86,6.58,6.68,53675641
2000-02-24,6.82,6.98,6.68,6.74,79364437
2000-02-25,6.82,7.02,6.72,6.86,84450136
2000-02-28,6.86,6.86,6.86,6.86,0
2000-02-29,7.14,7.14,6.98,7.06,80014235
2000-03-01,7.14,7.14,6.94,6.96,54459717
2000-03-02,6.98,7.06,6.78,6.78,37381846
2000-03-03,6.8,6.88,6.7,6.7,24218670
2000-03-06,6.54,6.7,6.5,6.64,25020602
2000-03-07,6.68,6.82,6.54,6.56,23639757
2000-03-08,6.58,6.68,6.42,6.42,18276255
2000-03-09,6.48,6.5,6.38,6.4,20565862
2000-03-10,6.48,6.68,6.42,6.44,24683249
2000-03-13,6.46,6.46,6.01,6.01,14273376
2000-03-14,5.81,5.89,5.59,5.89,36803992
2000-03-15,5.85,6.07,5.77,5.79,33326436
2000-03-16,5.65,5.79,5.45,5.51,27577313
2000-03-17,5.61,5.81,5.47,5.47,83152160
2000-03-20,5.29,5.29,5.29,5.29,553923
2000-03-21,5.11,5.29,5.11,5.27,64187723
2000-03-22,5.23,5.23,5.09,5.09,19252219
2000-03-23,5.09,5.41,5.09,5.39,61678708
2000-03-24,5.39,5.39,5.21,5.21,14666079
2000-03-27,5.01,5.15,4.89,5.01,28165739
2000-03-28,5.05,5.19,5.01,5.03,19468572
2000-03-29,5.07,5.13,4.99,4.99,12060332
2000-03-30,5.01,5.13,4.99,5.03,17161717
2000-03-31,5.09,5.19,5.05,5.07,12881012
2000-04-03,5.07,5.07,5.07,5.07,0
2000-04-04,5.07,5.07,5.07,5.07,0
2000-04-05,5.01,5.09,4.99,4.99,14903341
2000-04-06,5.03,5.13,4.99,5.01,17317950
2000-04-07,5.09,5.09,4.99,5.01,9935530
2000-04-10,4.85,4.95,4.79,4.81,12504427473
2000-04-11,4.83,4.89,4.79,4.85,11656893
2000-04-12,4.89,4.99,4.87,4.89,17144241
2000-04-13,4.91,4.95,4.81,4.81,8886801441
2000-04-14,4.81,4.87,4.65,4.65,11304843394
2000-04-17,4.35,4.47,4.23,4.25,8691070
2000-04-18,4.37,4.45,4.29,4.37,10902874
2000-04-19,4.39,4.43,4.29,4.29,5213000
2000-04-20,4.27,4.45,4.27,4.31,11066690
2000-04-21,4.41,4.41,4.35,4.37,4695078
2000-04-24,4.37,4.39,4.21,4.21,4967794
2000-04-25,4.17,4.23,4.05,4.05,9181791
2000-04-26,4.05,4.09,3.79,3.79,13881910
2000-04-27,3.79,3.87,3.69,3.75,9820826
2000-04-28,3.75,3.77,3.59,3.77,12668593
2000-05-01,3.77,3.77,3.77,3.77,0
2000-05-02,3.89,3.93,3.73,3.77,8439665
2000-05-03,3.63,3.77,3.61,3.67,7816803
2000-05-04,3.91,3.91,3.83,3.91,9219573
2000-05-05,3.97,4.13,3.95,4.09,24512882
2000-05-08,4.09,4.15,3.95,4.07,7833476
2000-05-09,4.07,4.07,4.07,4.07,0
2000-05-10,4.05,4.09,3.91,3.91,4853046
2000-05-11,3.89,3.95,3.85,3.93,6030416
2000-05-12,3.97,4.13,3.95,4.05,16158190
2000-05-15,4.09,4.13,4.01,4.01,5398660
2000-05-16,4.03,4.05,3.95,3.99,4243549
2000-05-17,3.99,4.27,3.99,4.27,23466234
2000-05-18,4.29,4.51,4.29,4.35,32412616
2000-05-19,4.39,4.49,4.35,4.43,18558874
2000-05-22,4.29,4.29,4.17,4.21,5998459
2000-05-23,4.19,4.21,4.09,4.11,4255134
2000-05-24,4.07,4.15,4.01,4.07,7099379
2000-05-25,4.13,4.13,4.01,4.03,4260359
2000-05-26,3.99,4.19,3.99,4.13,9744493
2000-05-29,4.13,4.19,4.05,4.05,9574256
2000-05-30,4.05,4.05,4.05,4.05,0
2000-05-31,4.13,4.15,4.07,4.07,5555376
2000-06-01,4.09,4.15,4.09,4.13,5780622
2000-06-02,4.19,4.23,4.07,4.09,6324666
2000-06-05,4.11,4.15,4.05,4.13,5136166
2000-06-06,4.13,4.13,4.13,4.13,0
2000-06-07,4.09,4.13,4.03,4.03,4352800
2000-06-08,4.09,4.13,4.05,4.05,5606372
2000-06-09,4.05,4.09,3.95,3.99,7419954
2000-06-12,3.99,3.99,3.83,3.85,4547426
2000-06-13,3.83,3.89,3.81,3.81,3766570
2000-06-14,3.79,3.85,3.79,3.83,6457492
2000-06-15,3.83,3.85,3.73,3.73,4032710
2000-06-16,3.73,3.79,3.69,3.75,5475594
2000-06-19,3.73,3.79,3.73,3.75,3265907
2000-06-20,3.77,3.83,3.73,3.75,5584686
2000-06-21,3.77,3.77,3.61,3.65,4109893
2000-06-22,3.61,3.65,3.59,3.61,5801891
2000-06-23,3.65,3.65,3.59,3.61,4131289
2000-06-26,3.59,3.65,3.51,3.51,4474537
2000-06-27,3.49,3.57,3.45,3.47,4315830
2000-06-28,3.47,3.53,3.37,3.37,5014221
2000-06-29,3.39,3.41,3.29,3.29,4539089
2000-06-30,3.31,3.41,3.29,3.33,3934503
2000-07-03,3.41,3.55,3.35,3.55,9842774
2000-07-04,3.65,3.67,3.51,3.51,11652789
2000-07-05,3.55,3.75,3.49,3.75,15584365
2000-07-06,3.75,3.87,3.69,3.71,19249004
2000-07-07,3.71,3.75,3.63,3.69,6622222
2000-07-10,3.71,3.71,3.63,3.67,5633124
2000-07-11,3.69,3.75,3.61,3.63,5804685
2000-07-12,3.63,3.63,3.39,3.43,7325038
2000-07-13,3.41,3.53,3.35,3.53,7456503
2000-07-14,3.53,3.75,3.51,3.71,13230714
2000-07-17,3.85,3.93,3.81,3.93,34837116
2000-07-18,3.83,3.87,3.73,3.75,11725891
2000-07-19,3.83,3.87,3.73,3.75,11725891
2000-07-20,3.75,3.79,3.63,3.63,5894098
2000-07-21,3.69,3.69,3.59,3.63,5076564
2000-07-24,3.65,3.67,3.57,3.57,3256835
2000-07-25,3.57,3.63,3.49,3.51,4334224
2000-07-26,3.53,3.59,3.49,3.51,3329252
2000-07-27,3.51,3.57,3.47,3.49,4852646
2000-07-28,3.51,3.67,3.51,3.65,8455306
2000-07-31,3.65,3.73,3.59,3.67,11480012
2000-08-01,3.65,3.69,3.57,3.57,5445438
2000-08-02,3.57,3.65,3.57,3.59,6656650
2000-08-03,3.61,3.63,3.55,3.57,5704920
2000-08-04,3.65,3.65,3.55,3.57,5493519
2000-08-07,3.51,3.55,3.45,3.47,4386653
2000-08-08,3.47,3.53,3.43,3.47,4647340
2000-08-09,3.47,3.59,3.47,3.55,6130856
2000-08-10,3.53,3.57,3.47,3.49,5099569
2000-08-11,3.47,3.53,3.45,3.45,3059718
2000-08-14,3.45,3.49,3.43,3.43,3590148
2000-08-15,3.43,3.49,3.43,3.47,11895887
2000-08-16,3.88,3.93,3.88,3.88,7627864
2000-08-17,3.86,3.91,3.81,3.88,4977520
2000-08-18,3.91,3.98,3.88,3.91,6515762
2000-08-21,3.86,3.93,3.86,3.86,2412312
2000-08-22,3.86,3.91,3.79,3.79,2800737
2000-08-23,3.79,3.79,3.79,3.79,0
2000-08-24,3.79,3.83,3.74,3.76,4218208
2000-08-25,3.76,3.81,3.71,3.71,2489189
2000-08-28,3.64,3.76,3.55,3.56,4404735
2000-08-29,3.47,3.49,3.32,3.37,7717433
2000-08-30,3.27,3.37,3.15,3.17,9035055
2000-08-31,3.07,3.27,3.07,3.17,9941678
2000-09-01,3.2,3.24,3.1,3.12,5520307
2000-09-04,3.42,3.52,3.37,3.49,11367425
2000-09-05,3.47,3.47,3.37,3.37,5070236
2000-09-06,3.36,3.42,3.31,3.32,4223724
2000-09-07,3.32,3.45,3.32,3.38,6319487
2000-09-08,3.42,3.47,3.32,3.47,8148174
2000-09-11,3.47,3.49,3.37,3.43,4545415
2000-09-12,3.43,3.43,3.43,3.43,0
2000-09-13,3.42,3.42,3.32,3.32,3760132
2000-09-14,3.34,3.34,3.24,3.24,3150248
2000-09-15,3.2,3.29,3.16,3.17,3334414
2000-09-18,2.85,2.97,2.79,2.79,8562278
2000-09-19,2.68,2.83,2.65,2.67,11277167
2000-09-20,2.83,2.85,2.73,2.85,11355845
2000-09-21,2.89,3.05,2.89,3.05,19527866
2000-09-22,3.12,3.24,3.1,3.17,39435982
2000-09-25,3.2,3.39,3.15,3.39,28099698
2000-09-26,3.37,3.47,3.22,3.26,21607661
2000-09-27,3.24,3.32,3.21,3.24,10742873
2000-09-28,3.22,3.29,3.1,3.12,10048209
2000-09-29,3.18,3.27,3.15,3.21,15492221
2000-10-02,3.12,3.17,3.0,3.0,7879584
2000-10-03,2.97,3.21,2.97,3.21,14850547
2000-10-04,3.1,3.21,3.1,3.21,28654340
2000-10-05,3.24,3.34,3.22,3.34,29606030
2000-10-06,3.39,3.48,3.34,3.42,35128375
2000-10-09,3.29,3.33,3.2,3.22,12919695
2000-10-10,3.22,3.22,3.22,3.22,0
2000-10-11,3.12,3.17,3.11,3.13,8493992
2000-10-12,3.11,3.2,3.07,3.07,11585425
2000-10-13,2.95,3.28,2.95,3.28,21331646
2000-10-16,3.28,3.28,3.28,3.28,0
2000-10-17,3.12,3.29,3.12,3.24,12040837
2000-10-18,3.24,3.38,3.16,3.17,15524404
2000-10-19,3.12,3.2,2.95,2.95,13599525
2000-10-20,3.12,3.15,3.04,3.15,9990199
2000-10-23,3.15,3.15,3.07,3.09,6966147
2000-10-24,3.06,3.27,3.06,3.27,18028381
2000-10-25,3.27,3.38,3.27,3.37,29743178
2000-10-26,3.37,3.48,3.27,3.27,36347651
2000-10-27,3.27,3.27,3.27,3.27,0
2000-10-30,3.06,3.06,3.06,3.06,444378
2000-10-31,2.96,3.04,2.96,2.96,12406722
2000-11-01,2.91,2.96,2.86,2.86,4818038
2000-11-02,2.78,3.0,2.78,2.95,17754760
2000-11-03,3.07,3.07,2.89,3.0,12233003
2000-11-06,3.01,3.01,2.83,2.83,6863170
2000-11-07,2.93,2.95,2.84,2.91,8268671
2000-11-08,3.02,3.06,2.93,3.04,9133336
2000-11-09,3.13,3.13,2.99,3.05,12107862
2000-11-10,3.05,3.1,3.02,3.05,7061987
2000-11-13,2.9,2.95,2.84,2.84,10484476
2000-11-14,2.95,2.95,2.8,2.86,10520971
2000-11-15,2.91,2.91,2.77,2.77,7302120
2000-11-16,2.58,2.65,2.58,2.58,13329113
2000-11-17,2.46,2.51,2.41,2.41,13140037
2000-11-20,2.16,2.21,2.11,2.11,11657284
2000-11-21,2.04,2.26,2.04,2.26,13329508
2000-11-22,2.26,2.38,2.2,2.32,12335458
2000-11-23,2.26,2.34,2.25,2.32,8906615
2000-11-24,2.35,2.48,2.34,2.48,12122165599
2000-11-27,2.53,2.63,2.53,2.59,14090797
2000-11-28,2.54,2.67,2.52,2.67,13144976
2000-11-29,2.63,2.85,2.62,2.78,19690187
2000-11-30,2.75,2.75,2.69,2.69,12101672
2000-12-01,2.61,2.61,2.61,2.61,3562301
2000-12-04,2.56,2.63,2.54,2.54,4147651
2000-12-05,2.51,2.61,2.47,2.59,14895997
2000-12-06,2.62,2.63,2.51,2.51,11208088
2000-12-07,2.46,2.54,2.46,2.54,7784860
2000-12-08,2.56,2.65,2.52,2.58,13854944
2000-12-11,2.61,2.68,2.58,2.63,15385401
2000-12-12,2.64,2.69,2.63,2.65,14355048
2000-12-13,2.65,2.75,2.65,2.65,20254669
2000-12-14,2.65,2.67,2.59,2.61,7927925
2000-12-15,2.58,2.61,2.53,2.54,5028033
2000-12-18,2.46,2.52,2.46,2.48,3855884
2000-12-19,2.51,2.56,2.47,2.56,8126978
2000-12-20,2.54,2.58,2.47,2.56,9156793
2000-12-21,2.47,2.5,2.47,2.47,2686218
2000-12-22,2.46,2.52,2.41,2.5,9653091
2000-12-25,2.5,2.5,2.5,2.5,0
2000-12-26,2.5,2.5,2.41,2.41,6775016
2000-12-27,2.38,2.4,2.34,2.34,3231913
2000-12-28,2.4,2.48,2.35,2.48,7385488
2000-12-29,2.48,2.53,2.43,2.48,8345630
2001-01-01,2.48,2.48,2.48,2.48,0
2001-01-02,2.56,2.62,2.51,2.61,12568813
2001-01-03,2.57,2.7,2.56,2.64,24395702
2001-01-04,2.75,2.83,2.72,2.83,41928291
2001-01-05,2.88,3.02,2.8,3.02,79861566
2001-01-08,2.99,3.02,2.85,2.88,37514256
2001-01-09,2.93,3.0,2.89,3.0,28561547
2001-01-10,3.01,3.17,3.01,3.15,66268330
2001-01-11,3.17,3.18,3.02,3.07,35086363
2001-01-12,3.07,3.07,2.86,2.91,20683107
2001-01-15,2.85,2.97,2.83,2.96,12846923
2001-01-16,2.97,3.16,2.97,3.16,39820217
2001-01-17,3.17,3.37,3.13,3.37,50840840
2001-01-18,3.42,3.6,3.27,3.6,76378034
2001-01-19,3.6,3.6,3.6,3.6,0
2001-01-22,3.6,3.6,3.6,3.6,0
2001-01-23,3.6,3.6,3.6,3.6,0
2001-01-24,3.6,3.6,3.6,3.6,0
2001-01-25,3.6,3.6,3.6,3.6,0
2001-01-26,3.6,3.6,3.6,3.6,0
2001-01-29,3.76,3.83,3.63,3.83,38473040
2001-01-30,3.93,3.96,3.6,3.83,84136354
2001-01-31,3.83,4.03,3.74,3.83,73421225
2001-02-01,3.83,3.91,3.69,3.74,32231769
2001-02-02,3.81,3.88,3.71,3.76,43790672
2001-02-05,3.71,3.71,3.5,3.52,21039213
2001-02-06,3.52,3.69,3.52,3.56,25517132
2001-02-07,3.52,3.64,3.52,3.58,20364377
2001-02-08,3.61,3.65,3.53,3.56,13798158
2001-02-09,3.59,3.74,3.56,3.56,27794450
2001-02-12,3.56,3.64,3.52,3.55,12864075
2001-02-13,3.56,3.6,3.52,3.59,26840127
2001-02-14,3.74,3.74,3.56,3.59,42159855
2001-02-15,3.64,3.64,3.54,3.64,27492597
2001-02-16,3.68,3.71,3.6,3.6,31512156
2001-02-19,3.47,3.66,3.44,3.66,28923602
2001-02-20,3.66,3.81,3.61,3.65,67509154
2001-02-21,3.59,3.59,3.49,3.49,20412965
2001-02-22,3.44,3.54,3.36,3.42,17969969
2001-02-23,3.49,3.52,3.4,3.42,13356658
2001-02-26,3.44,3.52,3.42,3.42,8838176
2001-02-27,3.49,3.5,3.39,3.4,9473811
2001-02-28,3.4,3.4,3.4,3.4,0
2001-03-01,3.39,3.4,3.28,3.28,14876553
2001-03-02,3.32,3.37,3.27,3.33,8352179
2001-03-05,3.33,3.42,3.32,3.42,6890015
2001-03-06,3.47,3.47,3.34,3.37,7249151
2001-03-07,3.39,3.5,3.37,3.44,28769825
2001-03-08,3.48,3.48,3.34,3.38,8279190
2001-03-09,3.38,3.39,3.32,3.36,5037929
2001-03-12,3.23,3.32,3.23,3.26,4361753
2001-03-13,3.09,3.24,3.09,3.23,6653862
2001-03-14,3.23,3.23,3.23,3.23,0
2001-03-15,3.16,3.26,3.15,3.26,6118421
2001-03-16,3.24,3.48,3.24,3.44,27555393
2001-03-19,3.44,3.48,3.29,3.37,8470140
2001-03-20,3.39,3.4,3.33,3.37,5844401
2001-03-21,3.32,3.52,3.32,3.43,22963723
2001-03-22,3.43,3.47,3.39,3.44,10539292
2001-03-23,3.45,3.5,3.42,3.43,17403255
2001-03-26,3.47,3.49,3.42,3.43,10455422
2001-03-27,3.47,3.52,3.42,3.43,24402320
2001-03-28,3.47,3.49,3.36,3.37,10141890
2001-03-29,3.39,3.42,3.34,3.37,7070135
2001-03-30,3.37,3.38,3.24,3.28,8012939
2001-04-02,3.33,3.33,3.2,3.21,5180288
2001-04-03,3.2,3.27,3.17,3.22,6476070
2001-04-04,3.22,3.27,3.2,3.24,4395827
2001-04-05,3.24,3.24,3.24,3.24,0
2001-04-06,3.28,3.32,3.2,3.2,5307519
2001-04-09,3.2,3.2,3.1,3.15,3411146
2001-04-10,3.15,3.18,3.07,3.09,4541934
2001-04-11,3.11,3.16,3.05,3.16,3969705
2001-04-12,3.16,3.16,3.07,3.15,3320001
2001-04-13,3.13,3.24,3.13,3.16,8406532
2001-04-16,3.2,3.2,3.09,3.12,1885405
2001-04-17,3.11,3.15,3.09,3.12,3108251
2001-04-18,3.17,3.17,3.1,3.1,3307384
2001-04-19,3.16,3.2,3.12,3.15,8820349
2001-04-20,3.2,3.23,3.15,3.17,9817570
2001-04-23,3.2,3.23,3.13,3.15,4126832
2001-04-24,3.15,3.17,3.12,3.15,5416087
2001-04-25,3.15,3.29,3.15,3.21,28127100
2001-04-26,3.15,3.29,3.15,3.21,28127100
2001-04-27,3.23,3.23,3.16,3.2,4941027
2001-04-30,3.2,3.22,3.1,3.13,4472040
2001-05-01,3.13,3.13,3.13,3.13,0
2001-05-02,3.16,3.18,2.96,3.09,9298326
2001-05-03,3.09,3.16,3.06,3.16,6245317
2001-05-04,3.16,3.29,3.11,3.15,11053498
2001-05-07,3.2,3.2,3.07,3.1,4797611
2001-05-08,3.07,3.13,2.97,3.13,6563777
2001-05-09,3.13,3.2,3.07,3.17,13158066
2001-05-10,3.07,3.11,3.04,3.06,8613766
2001-05-11,3.06,3.2,3.02,3.16,14021540
2001-05-14,3.12,3.29,3.07,3.24,49776200
2001-05-15,3.27,3.29,3.17,3.18,12210571
2001-05-16,3.17,3.24,3.16,3.17,11026526
2001-05-17,3.2,3.23,3.16,3.16,11546634
2001-05-18,3.16,3.2,2.97,2.97,26837743
2001-05-21,2.95,2.95,2.78,2.78,14730225
2001-05-22,2.79,2.83,2.77,2.77,15978414
2001-05-23,2.78,2.91,2.75,2.89,14594951
2001-05-24,2.89,2.93,2.88,2.89,11222580
2001-05-25,2.89,2.9,2.8,2.81,5176293
2001-05-28,2.81,2.81,2.7,2.7,3887225
2001-05-29,2.7,2.78,2.68,2.68,4741245
2001-05-30,2.68,2.73,2.67,2.7,3235871
2001-05-31,2.7,2.81,2.7,2.77,8401295
2001-06-01,2.8,2.8,2.74,2.75,3909247
2001-06-04,2.77,2.8,2.75,2.75,4017368
2001-06-05,2.79,2.9,2.78,2.88,9338588
2001-06-06,2.91,2.95,2.85,2.94,7677660
2001-06-07,2.85,2.86,2.81,2.85,4221388
2001-06-08,2.86,2.9,2.83,2.83,7916632
2001-06-11,2.83,2.85,2.8,2.8,2515522
2001-06-12,2.84,2.89,2.84,2.85,5958789
2001-06-13,2.88,2.95,2.85,2.85,10788702
2001-06-14,2.85,2.88,2.8,2.85,4052808
2001-06-15,2.85,2.88,2.83,2.88,4179924
2001-06-18,2.88,2.9,2.81,2.85,2473938
2001-06-19,2.88,2.91,2.88,2.88,6064398
2001-06-20,2.9,2.93,2.89,2.89,3083170
2001-06-21,2.93,2.93,2.85,2.85,2677647
2001-06-22,2.88,2.93,2.85,2.89,4595349
2001-06-25,2.89,2.89,2.89,2.89,0
2001-06-26,2.9,2.93,2.88,2.9,9030805
2001-06-27,2.93,2.95,2.89,2.89,3730107
2001-06-28,2.93,2.93,2.83,2.83,2520183
2001-06-29,2.85,2.9,2.85,2.89,3149184
2001-07-02,2.86,2.86,2.8,2.83,2595419
2001-07-03,2.83,2.85,2.8,2.8,2582343
2001-07-04,2.8,2.81,2.69,2.73,4611012
2001-07-05,2.7,2.78,2.7,2.73,4726073
2001-07-06,2.72,2.78,2.7,2.7,3596782
2001-07-09,2.72,2.75,2.7,2.73,1665003
2001-07-10,2.73,2.75,2.7,2.7,2455169
2001-07-11,2.7,2.7,2.52,2.52,5865835
2001-07-12,2.52,2.54,2.46,2.52,6162324
2001-07-13,2.58,2.58,2.35,2.35,8801024
2001-07-16,2.19,2.26,2.19,2.19,11748228
2001-07-17,2.05,2.21,2.05,2.18,8272419
2001-07-18,2.21,2.21,2.15,2.19,12597417
2001-07-19,2.13,2.27,2.13,2.21,13320200
2001-07-20,2.18,2.31,2.15,2.27,11161402
2001-07-23,2.31,2.33,2.21,2.21,4573881
2001-07-24,2.18,2.21,2.17,2.19,3897748
2001-07-25,2.19,2.25,2.19,2.23,3393661
2001-07-26,2.25,2.38,2.21,2.38,4770884
2001-07-27,2.38,2.51,2.31,2.43,8206844
2001-07-30,2.43,2.43,2.43,2.43,0
2001-07-31,2.42,2.42,2.34,2.37,1864314
2001-08-01,2.34,2.38,2.31,2.35,1998302
2001-08-02,2.37,2.47,2.35,2.46,5488016
2001-08-03,2.49,2.62,2.47,2.59,7662712
2001-08-06,2.58,2.63,2.51,2.53,3518515
2001-08-07,2.51,2.51,2.45,2.47,2497825
2001-08-08,2.47,2.62,2.47,2.61,4503828
2001-08-09,2.58,2.62,2.5,2.5,8188479
2001-08-10,2.5,2.55,2.42,2.55,5367951
2001-08-13,2.61,2.7,2.58,2.66,16153570
2001-08-14,2.63,2.65,2.58,2.59,9639627
2001-08-15,2.55,2.65,2.55,2.59,7006776
2001-08-16,2.63,2.71,2.59,2.67,10768529
2001-08-17,2.69,2.69,2.58,2.58,9012831
2001-08-20,2.49,2.57,2.49,2.51,4636535
2001-08-21,2.51,2.55,2.5,2.53,2705302
2001-08-22,2.55,2.62,2.53,2.57,5951701
2001-08-23,2.58,2.58,2.53,2.57,2668686
2001-08-24,2.55,2.61,2.54,2.55,12007548
2001-08-27,2.66,2.73,2.65,2.73,31592958
2001-08-28,2.81,2.87,2.77,2.82,49083819
2001-08-29,2.81,3.0,2.79,3.0,65611887
2001-08-30,3.0,3.18,2.95,2.99,61059375
2001-08-31,2.96,3.11,2.92,3.04,54970891526
2001-09-03,3.06,3.1,2.99,3.0,20591107
2001-09-04,3.0,3.04,2.92,3.0,26269181055
2001-09-05,3.0,3.11,2.98,3.04,32018288
2001-09-06,3.06,3.11,2.98,3.02,29246523
2001-09-07,3.0,3.04,2.87,2.88,17344453
2001-09-10,2.79,2.84,2.71,2.77,10930785
2001-09-11,2.78,2.82,2.74,2.75,11069989
2001-09-12,2.75,2.75,2.75,2.75,0
2001-09-13,2.57,2.71,2.57,2.63,21692532
2001-09-14,2.66,2.73,2.47,2.47,26865919
2001-09-17,2.47,2.47,2.47,2.47,0
2001-09-18,2.47,2.47,2.47,2.47,0
2001-09-19,2.47,2.47,2.47,2.47,0
2001-09-20,2.65,2.81,2.61,2.74,30564597
2001-09-21,2.69,2.73,2.65,2.66,9091534
2001-09-24,2.66,2.66,2.66,2.66,0
2001-09-25,2.77,2.79,2.61,2.65,13013820
2001-09-26,2.65,2.74,2.59,2.73,12554822
2001-09-27,2.67,2.71,2.63,2.63,6646935
2001-09-28,2.63,2.63,2.63,2.63,0
2001-10-01,2.63,2.63,2.63,2.63,0
2001-10-02,2.71,2.71,2.65,2.67,7159575
2001-10-03,2.69,2.86,2.69,2.78,29206184
2001-10-04,2.96,2.96,2.88,2.91,32096499
2001-10-05,2.91,2.96,2.84,2.91,16549315
2001-10-08,2.9,2.95,2.82,2.86,7103091
2001-10-09,2.9,2.92,2.83,2.92,8983825
2001-10-10,2.92,2.92,2.92,2.92,0
2001-10-11,2.98,3.06,2.95,2.96,20762939
2001-10-12,2.96,2.96,2.77,2.83,19351157
2001-10-15,2.77,2.79,2.69,2.73,8641927
2001-10-16,2.75,2.78,2.74,2.78,4488188
2001-10-17,2.81,2.82,2.73,2.82,10669818
2001-10-18,2.83,2.87,2.81,2.82,9248082
2001-10-19,2.83,2.84,2.77,2.83,6313092
2001-10-22,2.84,2.92,2.83,2.86,19573765
2001-10-23,2.88,2.9,2.74,2.77,8465116
2001-10-24,2.79,2.86,2.73,2.86,12422326
2001-10-25,2.86,2.9,2.82,2.84,8795172
2001-10-26,2.87,2.95,2.84,2.9,23015279
2001-10-29,2.95,2.98,2.9,2.92,14157755
2001-10-30,2.9,2.9,2.82,2.84,7763543
2001-10-31,2.87,2.87,2.82,2.86,5798248
2001-11-01,2.86,2.86,2.82,2.84,3846831
2001-11-02,2.84,2.91,2.84,2.86,7550740
2001-11-05,2.9,2.9,2.82,2.87,6137766
2001-11-06,2.9,2.94,2.86,2.87,20832441
2001-11-07,2.9,2.92,2.87,2.88,9569154
2001-11-08,2.91,2.91,2.79,2.81,8124005
2001-11-09,2.81,2.81,2.81,2.81,0
2001-11-12,2.77,2.82,2.74,2.77,5016480
2001-11-13,2.77,2.81,2.74,2.74,6587628
2001-11-14,2.78,2.79,2.77,2.78,7579449
2001-11-15,2.81,2.84,2.78,2.79,11765261
2001-11-16,2.81,2.86,2.78,2.82,44418681
2001-11-19,2.84,2.88,2.79,2.79,18830213
2001-11-20,2.81,2.95,2.81,2.84,47593578
2001-11-21,2.87,2.9,2.81,2.81,23426979
2001-11-22,2.83,2.92,2.81,2.82,33233890
2001-11-23,2.84,2.86,2.81,2.83,12245743
2001-11-26,2.86,2.92,2.84,2.9,34838326
2001-11-27,2.94,2.95,2.82,2.82,19599453
2001-11-28,2.82,2.84,2.74,2.75,12244460
2001-11-29,2.79,2.83,2.75,2.79,9482053
2001-11-30,2.82,2.82,2.75,2.77,11317014
2001-12-03,2.77,2.82,2.75,2.81,12303153
2001-12-04,2.83,2.91,2.82,2.9,22109399
2001-12-05,2.92,3.0,2.91,2.99,42075806
2001-12-06,3.06,3.19,3.06,3.19,43380886
2001-12-07,3.3,3.4,3.3,3.4,58099769
2001-12-10,3.47,3.62,3.46,3.48,44985817
2001-12-11,3.38,3.43,3.24,3.24,23034090
2001-12-12,3.32,3.43,3.27,3.42,26200860
2001-12-13,3.43,3.48,3.22,3.34,33724031
2001-12-14,3.27,3.56,3.27,3.56,53251306
2001-12-17,3.8,3.8,3.8,3.8,15078689
2001-12-18,4.07,4.07,3.8,3.82,143378073
2001-12-19,3.83,3.84,3.55,3.55,35642123
2001-12-20,3.46,3.54,3.31,3.51,34103520
2001-12-21,3.44,3.48,3.27,3.3,23244905
2001-12-24,3.32,3.4,3.24,3.31,14184365
2001-12-25,3.34,3.48,3.34,3.48,19588276
2001-12-26,3.48,3.52,3.38,3.4,19238054
2001-12-27,3.46,3.52,3.42,3.47,25770877
2001-12-28,3.51,3.51,3.35,3.38,13836976
2001-12-31,3.38,3.5,3.36,3.44,15667619
2002-01-01,3.44,3.44,3.44,3.44,0
2002-01-02,3.47,3.62,3.4,3.52,48931240
2002-01-03,3.52,3.52,3.52,3.52,0
2002-01-04,3.48,3.51,3.42,3.43,18018219
2002-01-07,3.44,3.54,3.44,3.51,23586610
2002-01-08,3.54,3.56,3.46,3.47,15169765
2002-01-09,3.5,3.52,3.43,3.43,13522015
2002-01-10,3.43,3.51,3.43,3.44,16379221
2002-01-11,3.46,3.55,3.4,3.4,27548361
2002-01-14,3.43,3.46,3.35,3.36,10727725
2002-01-15,3.35,3.4,3.3,3.31,13455162
2002-01-16,3.34,3.36,3.3,3.31,10865382
2002-01-17,3.31,3.35,3.3,3.34,10861465
2002-01-18,3.4,3.44,3.34,3.34,11718522
2002-01-21,3.38,3.43,3.32,3.43,8844897
2002-01-22,3.46,3.5,3.39,3.46,14317140
2002-01-23,3.4,3.5,3.4,3.43,8707849
2002-01-24,3.46,3.51,3.39,3.4,7161275
2002-01-25,3.46,3.58,3.43,3.54,27586849
2002-01-28,3.59,3.6,3.5,3.52,32328832
2002-01-29,3.51,3.51,3.39,3.42,10688504
2002-01-30,3.38,3.4,3.35,3.35,7016444
2002-01-31,3.35,3.35,3.35,3.35,0
2002-02-01,3.51,3.51,3.42,3.43,14357785
2002-02-04,3.43,3.5,3.43,3.46,10242388
2002-02-05,3.46,3.48,3.42,3.46,6692250
2002-02-06,3.46,3.51,3.46,3.46,11815171
2002-02-07,3.46,3.46,3.46,3.46,0
2002-02-08,3.46,3.46,3.46,3.46,0
2002-02-11,3.46,3.46,3.46,3.46,0
2002-02-12,3.46,3.46,3.46,3.46,0
2002-02-13,3.46,3.46,3.46,3.46,0
2002-02-14,3.46,3.46,3.46,3.46,0
2002-02-15,3.46,3.46,3.46,3.46,0
2002-02-18,3.48,3.51,3.43,3.43,8129641
2002-02-19,3.46,3.48,3.4,3.4,8344936
2002-02-20,3.4,3.43,3.35,3.35,6481893
2002-02-21,3.39,3.39,3.32,3.34,6635039
2002-02-22,3.34,3.34,3.31,3.32,5666843
2002-02-25,3.32,3.34,3.23,3.24,4849949
2002-02-26,3.26,3.28,3.22,3.22,9259440
2002-02-27,3.22,3.27,3.22,3.27,9316721
2002-02-28,3.27,3.27,3.27,3.27,0
2002-03-01,3.24,3.24,3.14,3.14,13373343
2002-03-04,3.16,3.24,3.15,3.19,12028106
2002-03-05,3.24,3.24,3.16,3.16,6059551
2002-03-06,3.16,3.22,3.16,3.2,5197257
2002-03-07,3.24,3.31,3.2,3.3,13057926
2002-03-08,3.3,3.32,3.24,3.24,6856980
2002-03-11,3.27,3.32,3.26,3.3,6547435
2002-03-12,3.34,3.42,3.31,3.32,11707549
2002-03-13,3.32,3.35,3.24,3.3,7371099
2002-03-14,3.27,3.38,3.26,3.27,6483409
2002-03-15,3.31,3.34,3.23,3.24,4547881
2002-03-18,3.22,3.24,3.2,3.22,3031673
2002-03-19,3.22,3.24,3.18,3.19,5172100
2002-03-20,3.19,3.23,3.18,3.19,3804947
2002-03-21,3.19,3.24,3.16,3.24,4002384
2002-03-22,3.27,3.35,3.26,3.34,12317278
2002-03-25,3.38,3.44,3.35,3.39,36765797
2002-03-26,3.38,3.38,3.3,3.32,12158647
2002-03-27,3.34,3.55,3.34,3.55,75055218
2002-03-28,3.64,3.64,3.43,3.58,61038403
2002-03-29,3.58,3.63,3.43,3.43,23106235
2002-04-01,3.32,3.38,3.32,3.34,17335116
2002-04-02,3.36,3.48,3.36,3.38,23421080
2002-04-03,3.46,3.6,3.38,3.6,40778035
2002-04-04,3.67,3.84,3.62,3.68,116076488
2002-04-05,3.68,3.68,3.68,3.68,0
2002-04-08,3.75,3.91,3.68,3.76,90048779
2002-04-09,3.76,3.76,3.51,3.52,40557225
2002-04-10,3.54,3.6,3.46,3.58,33867325
2002-04-11,3.58,3.62,3.51,3.52,16795758
2002-04-12,3.46,3.52,3.39,3.48,13322524
2002-04-15,3.52,3.58,3.46,3.46,13483072
2002-04-16,3.54,3.63,3.54,3.59,30288786
2002-04-17,3.67,3.83,3.59,3.83,76447202
2002-04-18,3.83,4.09,3.82,3.83,129062027
2002-04-19,3.91,4.09,3.91,4.09,116126785
2002-04-22,4.07,4.25,3.95,4.2,93236052
2002-04-23,4.17,4.28,3.97,4.01,56311041
2002-04-24,4.01,4.17,3.95,4.15,48093268
2002-04-25,4.15,4.17,3.87,3.87,57598945
2002-04-26,3.87,3.91,3.79,3.86,25816749
2002-04-29,3.83,3.91,3.83,3.84,25586645
2002-04-30,3.88,3.88,3.62,3.63,25747963
2002-05-01,3.63,3.63,3.63,3.63,0
2002-05-02,3.67,3.72,3.51,3.55,26905269
2002-05-03,3.56,3.78,3.55,3.78,29017666
2002-05-06,3.76,3.88,3.62,3.67,42607799
2002-05-07,3.66,3.74,3.46,3.54,36954751
2002-05-08,3.62,3.72,3.59,3.63,24898162
2002-05-09,3.74,3.74,3.62,3.66,24849735
2002-05-10,4.18,4.26,4.16,4.21,39486085
2002-05-13,4.18,4.18,4.08,4.11,24075285
2002-05-14,4.13,4.16,3.95,3.98,28939064
2002-05-15,4.0,4.08,3.98,4.0,25184637
2002-05-16,4.03,4.11,4.0,4.03,29594022
2002-05-17,4.05,4.13,4.03,4.05,37419777
2002-05-20,4.05,4.05,3.77,3.77,29873064
2002-05-21,3.82,3.82,3.68,3.75,33094667
2002-05-22,3.77,3.88,3.77,3.82,22215841
2002-05-23,3.82,3.95,3.82,3.93,19453308
2002-05-24,3.95,4.05,3.93,3.98,22443179
2002-05-27,3.98,4.0,3.88,3.98,20560660
2002-05-28,3.98,4.0,3.88,3.88,16977897
2002-05-29,3.9,3.93,3.85,3.93,18695817
2002-05-30,3.93,4.08,3.93,4.08,40086554
2002-05-31,4.03,4.05,3.88,4.05,33759606
2002-06-03,3.98,3.98,3.81,3.93,19473113
2002-06-04,3.82,3.9,3.82,3.85,13390198
2002-06-05,3.88,3.93,3.85,3.88,13733758
2002-06-06,3.9,3.93,3.88,3.9,11929868
2002-06-07,3.85,3.98,3.82,3.9,35560778
2002-06-10,3.93,3.95,3.88,3.88,28716029
2002-06-11,3.9,3.98,3.88,3.9,18827105
2002-06-12,3.9,3.9,3.85,3.88,12955137
2002-06-13,3.88,4.03,3.88,3.98,48127586
2002-06-14,3.98,4.13,3.98,4.05,75327620
2002-06-17,4.08,4.08,3.98,3.98,68850882
2002-06-18,4.0,4.03,3.85,3.85,35230757
2002-06-19,3.85,3.88,3.74,3.76,34399248
2002-06-20,3.72,3.85,3.72,3.82,30754035
2002-06-21,3.79,3.85,3.77,3.81,18531686
2002-06-24,3.81,3.85,3.76,3.76,15355574
2002-06-25,3.79,3.81,3.65,3.66,26489745
2002-06-26,3.67,3.7,3.52,3.6,39788689
2002-06-27,3.61,3.66,3.54,3.56,19082834
2002-06-28,3.61,3.75,3.57,3.72,32700790
2002-07-01,3.71,3.72,3.54,3.57,24805470
2002-07-02,3.7,3.7,3.63,3.7,19033454
2002-07-03,3.67,3.72,3.6,3.7,17118469
2002-07-04,3.7,3.71,3.65,3.68,14437842
2002-07-05,3.7,3.7,3.6,3.63,20510659
2002-07-08,3.65,3.75,3.62,3.72,29220483
2002-07-09,3.72,3.75,3.7,3.72,15018240
2002-07-10,3.72,3.76,3.7,3.72,13207452
2002-07-11,3.7,3.72,3.62,3.65,9886630
2002-07-12,3.7,3.71,3.66,3.68,9800795
2002-07-15,3.67,3.68,3.6,3.68,28596094
2002-07-16,3.67,3.71,3.63,3.67,26123984
2002-07-17,3.66,3.7,3.62,3.62,15876226
2002-07-18,3.62,3.7,3.62,3.7,16797611
2002-07-19,3.67,3.7,3.66,3.67,7857579
2002-07-22,3.65,3.65,3.52,3.52,21636255
2002-07-23,3.53,3.56,3.44,3.56,28188391
2002-07-24,3.53,3.6,3.52,3.6,20465093
2002-07-25,3.62,3.68,3.62,3.68,25560788
2002-07-26,3.65,3.71,3.57,3.57,22677364
2002-07-29,3.58,3.68,3.58,3.68,18027315
2002-07-30,3.72,3.8,3.7,3.76,41135671
2002-07-31,3.77,3.77,3.7,3.72,18866544
2002-08-01,3.72,3.77,3.68,3.74,11531582
2002-08-02,3.7,3.72,3.67,3.71,5640768
2002-08-05,3.58,3.62,3.46,3.46,29669801
2002-08-06,3.44,3.51,3.43,3.44,12099195
2002-08-07,3.54,3.54,3.48,3.49,18246017
2002-08-08,3.49,3.52,3.44,3.52,17003488
2002-08-09,3.6,3.76,3.57,3.74,38291662
2002-08-12,3.79,3.98,3.76,3.98,73320558
2002-08-13,4.0,4.08,3.93,4.05,86324862
2002-08-14,4.03,4.11,3.95,4.05,72139200
2002-08-15,4.11,4.13,3.98,4.05,29944982
2002-08-16,4.05,4.08,3.8,3.81,39108301
2002-08-19,3.82,3.82,3.7,3.7,19651811
2002-08-20,3.71,3.88,3.71,3.88,39018230
2002-08-21,3.85,3.85,3.77,3.8,33898282
2002-08-22,3.85,4.06,3.81,4.06,50685002
2002-08-23,4.06,4.06,4.06,4.06,0
2002-08-26,4.0,4.03,3.96,3.99,14177118
2002-08-27,4.0,4.06,3.98,3.98,10330213
2002-08-28,3.95,3.99,3.91,3.95,9353051
2002-08-29,3.96,4.03,3.96,4.03,10546199
2002-08-30,4.06,4.11,3.98,4.06,14987264
2002-09-02,4.03,4.06,3.95,3.99,7643253
2002-09-03,4.0,4.03,3.98,4.0,10853615
2002-09-04,3.95,3.98,3.87,3.9,13588843
2002-09-05,3.9,3.92,3.84,3.87,5658591
2002-09-06,3.87,3.87,3.87,3.87,0
2002-09-09,3.87,3.87,3.8,3.87,8919447
2002-09-10,3.84,3.87,3.8,3.87,13148666
2002-09-11,3.84,3.94,3.81,3.91,22144783
2002-09-12,3.9,3.95,3.87,3.88,7105345
2002-09-13,3.81,3.84,3.77,3.79,9618568
2002-09-16,3.84,3.84,3.67,3.69,12382614
2002-09-17,3.79,3.95,3.73,3.95,24957776
2002-09-18,3.9,3.94,3.8,3.91,21438737
2002-09-19,3.91,3.95,3.88,3.95,15958757
2002-09-20,3.88,3.99,3.88,3.98,26020883
2002-09-23,3.95,4.0,3.87,3.9,17210318
2002-09-24,3.84,3.91,3.79,3.79,14825297
2002-09-25,3.79,3.87,3.77,3.8,27173584
2002-09-26,3.81,3.85,3.77,3.83,16550471
2002-09-27,3.83,3.87,3.75,3.76,19578341
2002-09-30,3.73,3.87,3.72,3.87,17875688
2002-10-01,3.79,3.84,3.79,3.8,9737607
2002-10-02,3.84,3.87,3.8,3.8,10498049
2002-10-03,3.79,3.84,3.76,3.79,12197374
2002-10-04,3.77,3.94,3.77,3.92,22093226
2002-10-07,3.9,3.91,3.84,3.9,14528758
2002-10-08,3.87,3.9,3.81,3.83,12463412
2002-10-09,3.81,3.87,3.8,3.85,9893662
2002-10-10,3.85,3.85,3.85,3.85,0
2002-10-11,3.85,3.88,3.65,3.75,31321624
2002-10-14,3.67,3.72,3.67,3.67,18959237
2002-10-15,3.68,3.81,3.68,3.79,19968652
2002-10-16,3.85,3.85,3.63,3.69,34109213
2002-10-17,3.69,3.71,3.58,3.64,33271209
2002-10-18,3.65,3.73,3.65,3.71,36597832
2002-10-21,3.71,3.77,3.71,3.71,29304399
2002-10-22,3.76,3.83,3.71,3.72,29022838
2002-10-23,3.75,3.9,3.73,3.88,40198148
2002-10-24,3.88,3.98,3.88,3.96,58489647
2002-10-25,3.98,4.03,3.92,3.96,53821049
2002-10-28,4.03,4.19,4.02,4.06,53446477
2002-10-29,4.11,4.11,3.91,3.92,25157009
2002-10-30,3.91,3.95,3.84,3.95,22907581
2002-10-31,3.94,3.99,3.87,3.94,22959193
2002-11-01,3.95,4.03,3.87,3.87,16707525
2002-11-04,3.95,4.03,3.9,4.03,53261935
2002-11-05,4.03,4.03,3.88,3.9,20625477
2002-11-06,3.92,3.99,3.9,3.9,24928653
2002-11-07,3.92,3.92,3.81,3.83,39802097
2002-11-08,3.79,3.88,3.79,3.85,25287887
2002-11-11,3.85,3.87,3.79,3.81,15219819
2002-11-12,3.81,3.87,3.79,3.81,14881763
2002-11-13,3.83,3.91,3.81,3.87,24800395
2002-11-14,3.95,3.95,3.88,3.9,21765609
2002-11-15,3.95,4.17,3.94,4.11,88445679
2002-11-18,4.14,4.19,4.04,4.06,44644301
2002-11-19,4.03,4.03,3.84,3.88,36022070
2002-11-20,3.83,3.87,3.81,3.85,32903812
2002-11-21,3.87,3.88,3.8,3.8,30866121
2002-11-22,3.84,3.92,3.84,3.91,22009911
2002-11-25,3.95,3.95,3.83,3.87,14411186
2002-11-26,3.88,3.91,3.81,3.83,18391242
2002-11-27,3.8,3.84,3.79,3.83,11667807
2002-11-28,3.84,3.87,3.79,3.79,22385326
2002-11-29,3.8,3.83,3.73,3.73,26629198
2002-12-02,3.73,3.73,3.73,3.73,0
2002-12-03,3.73,3.8,3.73,3.79,16782613
2002-12-04,3.79,3.8,3.76,3.76,21565461
2002-12-05,3.76,3.81,3.76,3.77,10367132
2002-12-06,3.76,3.79,3.69,3.72,20677162
2002-12-09,3.76,3.79,3.71,3.72,32782468
2002-12-10,3.71,3.72,3.65,3.68,26364123
2002-12-11,3.69,3.88,3.69,3.71,56223651
2002-12-12,3.73,3.76,3.71,3.76,14634267
2002-12-13,3.79,3.8,3.73,3.77,19089749
2002-12-16,3.76,3.79,3.75,3.76,9997096
2002-12-17,3.8,3.81,3.76,3.76,12142645
2002-12-18,3.77,3.79,3.73,3.75,9537368
2002-12-19,3.73,3.81,3.73,3.77,13414498
2002-12-20,3.83,3.91,3.76,3.77,57074393
2002-12-23,3.81,3.92,3.79,3.91,47964131
2002-12-24,3.95,4.02,3.9,3.9,60685172
2002-12-25,3.9,3.94,3.79,3.83,23381752
2002-12-26,3.83,3.85,3.79,3.85,12021366
2002-12-27,3.91,3.99,3.85,3.92,50017461
2002-12-30,3.92,4.0,3.9,3.96,47236880
2002-12-31,3.99,4.02,3.92,3.94,45288883
2003-01-01,3.94,3.94,3.94,3.94,0
2003-01-02,3.92,4.14,3.88,4.08,97195640
2003-01-03,4.11,4.14,4.0,4.03,64625946
2003-01-06,3.95,4.11,3.95,4.04,52772219
2003-01-07,4.08,4.11,3.92,3.92,59520450
2003-01-08,3.92,4.02,3.91,3.99,58009087
2003-01-09,3.99,4.03,3.91,3.92,40751963
2003-01-10,3.95,3.98,3.9,3.95,43618016
2003-01-13,3.95,4.03,3.95,4.0,34901978
2003-01-14,4.02,4.06,3.9,3.91,103788726
2003-01-15,3.91,3.94,3.87,3.88,49534385
2003-01-16,3.88,4.03,3.88,3.95,90221312
2003-01-17,4.0,4.02,3.9,3.9,43674190
2003-01-20,3.94,3.99,3.91,3.99,46626518
2003-01-21,3.99,4.08,3.96,3.99,107581113
2003-01-22,3.98,4.06,3.94,4.06,51456641
2003-01-23,4.06,4.3,4.03,4.25,207843797
2003-01-24,4.27,4.27,4.11,4.14,147615027
2003-01-27,4.17,4.19,3.98,3.99,94731084
2003-01-28,3.98,4.06,3.95,4.04,61073693
2003-01-29,4.04,4.04,4.04,4.04,0
2003-01-30,4.04,4.04,4.04,4.04,0
2003-01-31,4.04,4.04,4.04,4.04,0
2003-02-03,4.04,4.04,4.04,4.04,0
2003-02-04,4.04,4.04,4.04,4.04,0
2003-02-05,4.04,4.04,4.04,4.04,0
2003-02-06,4.06,4.11,3.95,3.95,72781930
2003-02-07,3.92,3.98,3.79,3.81,55166534
2003-02-10,3.84,3.94,3.8,3.8,69106623
2003-02-11,3.83,3.87,3.79,3.81,23428507
2003-02-12,3.83,3.88,3.81,3.87,13841433
2003-02-13,3.87,3.87,3.71,3.71,37778419
2003-02-14,3.77,3.77,3.68,3.72,15181991
2003-02-17,3.79,3.85,3.77,3.84,28435334
2003-02-18,3.84,3.84,3.75,3.75,24654039
2003-02-19,3.79,3.83,3.73,3.8,46305071
2003-02-20,3.79,3.8,3.71,3.71,30185502
2003-02-21,3.71,3.76,3.71,3.72,17336417
2003-02-24,3.73,3.76,3.71,3.75,26807218
2003-02-25,3.71,3.72,3.6,3.6,31758061
2003-02-26,3.63,3.65,3.6,3.61,12977294
2003-02-27,3.6,3.63,3.57,3.6,14200776
2003-02-28,3.6,3.6,3.6,3.6,0
2003-03-03,3.6,3.64,3.6,3.63,15588887
2003-03-04,3.61,3.68,3.58,3.67,19784392
2003-03-05,3.63,3.65,3.61,3.61,15188136
2003-03-06,3.63,3.64,3.57,3.57,17444805
2003-03-07,3.57,3.57,3.46,3.46,28354360
2003-03-10,3.48,3.49,3.41,3.41,15818851
2003-03-11,3.38,3.38,3.27,3.29,19728843
2003-03-12,3.29,3.34,3.29,3.34,12319056
2003-03-13,3.34,3.42,3.33,3.42,24409538
2003-03-14,3.5,3.6,3.49,3.6,62193326
2003-03-17,3.58,3.58,3.52,3.53,31302428
2003-03-18,3.64,3.68,3.6,3.6,27235228
2003-03-19,3.6,3.63,3.54,3.54,12809153
2003-03-20,3.6,3.61,3.54,3.6,12600646
2003-03-21,3.58,3.65,3.57,3.57,21547071
2003-03-24,3.63,3.63,3.57,3.61,15893759
2003-03-25,3.56,3.56,3.45,3.45,20591947
2003-03-26,3.49,3.49,3.38,3.4,17604601
2003-03-27,3.4,3.41,3.37,3.38,21142400
2003-03-28,3.37,3.44,3.35,3.4,16258454
2003-03-31,3.37,3.37,3.3,3.31,16152579
2003-04-01,3.29,3.35,3.29,3.34,16304355
2003-04-02,3.29,3.35,3.27,3.31,22249756
2003-04-03,3.37,3.37,3.31,3.31,11674714
2003-04-04,3.3,3.44,3.29,3.41,31436337
2003-04-07,3.44,3.46,3.41,3.44,16406288
2003-04-08,3.44,3.52,3.41,3.49,28181057
2003-04-09,3.49,3.52,3.46,3.46,12170656
2003-04-10,3.46,3.53,3.46,3.49,15159761
2003-04-11,3.5,3.56,3.46,3.49,13987889
2003-04-14,3.46,3.5,3.41,3.41,10208801
2003-04-15,3.44,3.48,3.44,3.46,7670072
2003-04-16,3.5,3.57,3.5,3.53,17970773
2003-04-17,3.52,3.56,3.49,3.49,10423382
2003-04-18,3.52,3.57,3.52,3.54,17322603
2003-04-21,3.54,3.57,3.5,3.52,11358366
2003-04-22,3.5,3.5,3.46,3.48,8456816
2003-04-23,3.49,3.5,3.4,3.4,17323002
2003-04-24,3.38,3.38,3.17,3.18,63713867
2003-04-25,3.12,3.19,3.06,3.06,30896009
2003-04-28,3.0,3.11,2.98,3.07,19904289
2003-04-29,3.11,3.12,2.87,2.95,67066802
2003-04-30,2.95,2.99,2.92,2.94,38795276
2003-05-01,2.94,2.94,2.94,2.94,0
2003-05-02,2.94,3.04,2.94,3.04,20564965
2003-05-05,3.03,3.03,2.98,3.0,11356460
2003-05-06,3.0,3.1,3.0,3.04,19223151
2003-05-07,3.04,3.11,3.04,3.11,12280868
2003-05-08,3.06,3.11,3.06,3.06,9773295
2003-05-09,3.06,3.14,3.03,3.11,16866294
2003-05-12,3.11,3.15,3.11,3.12,22662018
2003-05-13,3.17,3.21,3.14,3.17,33301834
2003-05-14,3.18,3.26,3.15,3.25,33939214
2003-05-15,3.26,3.3,3.21,3.25,20846003
2003-05-16,3.29,3.29,3.23,3.25,14199872
2003-05-19,3.22,3.23,3.19,3.21,8266100
2003-05-20,3.15,3.21,3.15,3.19,17670848
2003-05-21,3.19,3.21,3.12,3.12,9937043
2003-05-22,3.12,3.14,3.08,3.14,16498427
2003-05-23,3.14,3.23,3.14,3.22,18300567
2003-05-26,3.27,3.27,3.22,3.27,11255998
2003-05-27,3.27,3.3,3.26,3.3,13035745
2003-05-28,3.33,3.38,3.33,3.38,19939391
2003-05-29,3.38,3.52,3.35,3.52,39606033
2003-05-30,3.52,3.57,3.44,3.44,41966338
2003-06-02,3.48,3.54,3.44,3.44,18824368
2003-06-03,3.46,3.52,3.46,3.49,19789604
2003-06-04,3.49,3.49,3.49,3.49,0
2003-06-05,3.52,3.54,3.45,3.48,21233158
2003-06-06,3.46,3.49,3.34,3.34,29573926
2003-06-09,3.34,3.41,3.34,3.38,25844118
2003-06-10,3.4,3.42,3.38,3.38,11593813
2003-06-11,3.4,3.44,3.35,3.38,14711087
2003-06-12,3.41,3.41,3.37,3.38,24195173
2003-06-13,3.38,3.41,3.38,3.41,23407202
2003-06-16,3.4,3.45,3.38,3.42,15699905
2003-06-17,3.46,3.54,3.44,3.53,41612328
2003-06-18,3.56,3.6,3.52,3.52,34848640
2003-06-19,3.54,3.56,3.48,3.49,15851529
2003-06-20,3.49,3.71,3.48,3.65,60977994
2003-06-23,3.65,3.68,3.49,3.49,26553616
2003-06-24,3.48,3.52,3.4,3.4,27132513
2003-06-25,3.41,3.45,3.4,3.41,14091115
2003-06-26,3.42,3.48,3.41,3.44,10440961
2003-06-27,3.44,3.46,3.38,3.41,14594840
2003-06-30,3.41,3.44,3.38,3.42,10427041
2003-07-01,3.42,3.52,3.41,3.52,17558837
2003-07-02,3.53,3.53,3.46,3.5,31662974
2003-07-03,3.52,3.58,3.49,3.53,84737776
2003-07-04,3.56,3.57,3.5,3.53,18767147
2003-07-07,3.57,3.73,3.56,3.72,67516573
2003-07-08,3.72,3.72,3.58,3.61,36609130
2003-07-09,3.65,3.68,3.61,3.61,25176909
2003-07-10,3.67,3.68,3.57,3.6,22699740
2003-07-11,3.54,3.57,3.45,3.45,33912416
2003-07-14,3.45,3.54,3.45,3.53,22158108
2003-07-15,3.54,3.54,3.46,3.49,11035218
2003-07-16,3.52,3.52,3.45,3.46,35928007
2003-07-17,3.46,3.49,3.41,3.44,40340867
2003-07-18,3.46,3.48,3.44,3.45,9086845
2003-07-21,3.48,3.48,3.41,3.41,13924345
2003-07-22,3.41,3.44,3.4,3.41,17768342
2003-07-23,3.41,3.44,3.34,3.35,41948121
2003-07-24,3.4,3.5,3.4,3.44,30764496
2003-07-25,3.43,3.45,3.4,3.41,42673367
2003-07-28,3.44,3.47,3.43,3.45,20910453
2003-07-29,3.45,3.47,3.43,3.43,9546044
2003-07-30,3.45,3.45,3.4,3.45,20370675
2003-07-31,3.45,3.45,3.4,3.43,11796186
2003-08-01,3.45,3.45,3.41,3.43,12025249
2003-08-04,3.43,3.43,3.4,3.41,7760118
2003-08-05,3.43,3.45,3.38,3.38,26974761
2003-08-06,3.37,3.38,3.34,3.34,9158875
2003-08-07,3.38,3.38,3.31,3.33,9746831
2003-08-08,3.34,3.34,3.25,3.25,23774802
2003-08-11,3.3,3.35,3.23,3.35,11567345
2003-08-12,3.35,3.37,3.31,3.33,11473597
2003-08-13,3.37,3.4,3.35,3.4,13589200
2003-08-14,3.4,3.43,3.37,3.41,14087694
2003-08-15,3.44,3.48,3.43,3.47,16934427
2003-08-18,3.47,3.53,3.44,3.48,27337450
2003-08-19,3.51,3.51,3.44,3.45,15313935
2003-08-20,3.45,3.53,3.45,3.51,33632717
2003-08-21,3.54,3.71,3.53,3.71,73479711
2003-08-22,3.78,3.97,3.74,3.9,131076185
2003-08-25,3.91,4.04,3.85,3.9,83144840
2003-08-26,3.9,3.94,3.84,3.94,47406313
2003-08-27,3.94,4.04,3.91,3.94,65618878
2003-08-28,4.0,4.0,3.84,3.84,41134092
2003-08-29,3.88,3.94,3.85,3.87,47770755
2003-09-01,3.94,4.05,3.91,3.98,51289318
2003-09-02,3.98,4.05,3.94,4.03,39734224
2003-09-03,4.05,4.05,3.95,3.97,35593809
2003-09-04,4.01,4.08,3.97,4.01,47003976
2003-09-05,4.03,4.04,3.95,4.01,26479548
2003-09-08,4.0,4.08,3.94,4.07,46456523
2003-09-09,4.11,4.18,4.05,4.05,58289612
2003-09-10,4.03,4.05,3.93,3.98,49928751
2003-09-11,3.98,3.98,3.98,3.98,0
2003-09-12,3.95,4.0,3.94,3.95,36357376
2003-09-15,3.93,4.0,3.93,3.94,27490266
2003-09-16,3.94,4.0,3.94,4.0,19599197
2003-09-17,4.0,4.01,3.97,4.0,31009807
2003-09-18,4.0,4.05,3.93,4.05,59388308
2003-09-19,4.14,4.31,4.1,4.28,135679553
2003-09-22,4.28,4.37,4.25,4.25,62146571
2003-09-23,4.23,4.28,4.18,4.21,30008994
2003-09-24,4.24,4.45,4.24,4.45,110288271
2003-09-25,4.43,4.71,4.37,4.71,145170076
2003-09-26,4.68,4.77,4.54,4.57,111673120
2003-09-29,4.57,4.65,4.51,4.6,67494138
2003-09-30,4.62,4.65,4.51,4.51,36639716
2003-10-01,4.51,4.6,4.51,4.54,45098433
2003-10-02,4.6,4.85,4.57,4.82,102617129
2003-10-03,5.08,5.14,4.91,5.05,215770817
2003-10-06,5.05,5.25,5.0,5.2,135275695
2003-10-07,5.2,5.34,5.11,5.17,147224064
2003-10-08,5.11,5.22,5.05,5.14,81067209
2003-10-09,5.14,5.28,5.14,5.17,123236281
2003-10-10,5.17,5.17,5.17,5.17,0
2003-10-13,5.17,5.42,5.11,5.42,120023376
2003-10-14,5.42,5.42,5.2,5.25,85976678
2003-10-15,5.2,5.25,5.05,5.11,97792361
2003-10-16,5.14,5.2,5.08,5.17,71971606
2003-10-17,5.17,5.22,5.05,5.14,83910097
2003-10-20,5.08,5.28,5.08,5.17,78957043
2003-10-21,5.11,5.17,5.0,5.0,79064226
2003-10-22,5.0,5.14,5.0,5.11,47016936
2003-10-23,5.05,5.2,5.05,5.17,51473950
2003-10-24,5.17,5.17,5.08,5.08,27496962
2003-10-27,5.11,5.11,5.02,5.05,30113606
2003-10-28,5.08,5.28,5.08,5.2,93886131
2003-10-29,5.2,5.25,5.11,5.14,80968709
2003-10-30,5.14,5.2,5.11,5.14,59251490
2003-10-31,5.14,5.25,5.11,5.25,51631112
2003-11-03,5.25,5.25,5.14,5.22,38465898
2003-11-04,5.25,5.4,5.22,5.34,94569143
2003-11-05,5.34,5.37,5.22,5.34,52954943
2003-11-06,5.34,5.37,5.17,5.28,114287392
2003-11-07,5.25,5.28,5.17,5.17,45205478
2003-11-10,5.14,5.2,5.11,5.14,36307034
2003-11-11,5.14,5.17,5.02,5.08,70739441
2003-11-12,5.11,5.14,5.05,5.08,29178267
2003-11-13,5.14,5.17,5.08,5.14,43591665
2003-11-14,5.14,5.48,5.11,5.48,182051864
2003-11-17,5.42,5.42,5.28,5.37,75685075
2003-11-18,5.4,5.4,5.22,5.25,77538833
2003-11-19,5.17,5.31,5.02,5.11,89792867
2003-11-20,5.11,5.25,5.08,5.17,51812221
2003-11-21,5.11,5.25,5.11,5.22,53082042
2003-11-24,5.25,5.28,5.2,5.22,41054124
2003-11-25,5.34,5.4,5.28,5.37,123079583
2003-11-26,5.34,5.37,5.28,5.28,42514625
2003-11-27,5.28,5.31,5.22,5.22,37793732
2003-11-28,5.28,5.4,5.28,5.28,57644341
2003-12-01,5.28,5.37,5.25,5.37,38826226
2003-12-02,5.4,5.54,5.31,5.45,142913266
2003-12-03,5.4,5.42,5.31,5.31,63541233
2003-12-04,5.31,5.37,5.28,5.31,34279802
2003-12-05,5.34,5.4,5.28,5.28,38933685
2003-12-08,5.31,5.34,5.28,5.34,27189772
2003-12-09,5.37,5.48,5.37,5.4,122821301
2003-12-10,5.42,5.51,5.4,5.45,93597892
2003-12-11,5.51,5.77,5.45,5.51,316546121
2003-12-12,5.51,5.51,5.31,5.31,216334490
2003-12-15,5.2,5.25,5.11,5.22,129960422
2003-12-16,5.2,5.25,5.2,5.2,63456990
2003-12-17,5.2,5.22,4.91,5.02,124533240
2003-12-18,5.08,5.14,5.08,5.11,36112099
2003-12-19,5.17,5.17,5.05,5.05,42266611
2003-12-22,5.08,5.14,5.05,5.11,26043875
2003-12-23,5.11,5.14,5.08,5.11,14532578
2003-12-24,5.11,5.17,5.11,5.11,17016637
2003-12-25,5.14,5.17,5.11,5.11,22218568
2003-12-26,5.11,5.14,5.08,5.08,13513240
2003-12-29,5.08,5.11,4.97,4.97,26713637
2003-12-30,4.97,5.0,4.77,4.91,101410095
2003-12-31,4.91,4.97,4.88,4.91,44486207
2004-01-01,4.91,4.91,4.91,4.91,0
2004-01-02,4.91,5.08,4.91,5.05,66341036
2004-01-05,5.02,5.08,5.0,5.05,85343360
2004-01-06,5.05,5.08,4.94,5.05,99284226
2004-01-07,5.08,5.11,4.94,4.94,95669305
2004-01-08,4.97,5.02,4.94,4.97,66962895
2004-01-09,5.0,5.02,4.85,4.88,119993347
2004-01-12,4.91,4.91,4.8,4.85,83321273
2004-01-13,4.88,4.91,4.8,4.85,99153957
2004-01-14,4.85,4.97,4.85,4.94,59817840
2004-01-15,4.97,5.0,4.94,4.94,64882944
2004-01-16,5.0,5.05,4.97,5.05,69328502
2004-01-19,5.05,5.05,5.05,5.05,0
2004-01-20,5.05,5.05,5.05,5.05,0
2004-01-21,5.05,5.05,5.05,5.05,0
2004-01-22,5.05,5.05,5.05,5.05,0
2004-01-23,5.05,5.05,5.05,5.05,0
2004-01-26,5.05,5.05,5.05,5.05,0
2004-01-27,5.11,5.11,5.02,5.05,100266198
2004-01-28,5.05,5.08,5.0,5.02,47048860
2004-01-29,5.02,5.05,4.94,4.94,51241163
2004-01-30,4.94,5.0,4.94,4.97,37662399
2004-02-02,4.94,4.97,4.91,4.91,29795273
2004-02-03,4.88,4.91,4.82,4.88,48067970
2004-02-04,4.91,5.02,4.91,4.94,56933238
2004-02-05,5.0,5.11,4.97,5.05,86198413
2004-02-06,5.08,5.14,5.02,5.08,90089336
2004-02-09,5.17,5.31,5.17,5.28,159855557
2004-02-10,5.34,5.34,5.2,5.25,74551665
2004-02-11,5.25,5.28,5.17,5.2,92000479
2004-02-12,5.22,5.31,5.05,5.08,158893672
2004-02-13,5.17,5.37,5.17,5.34,170744465
2004-02-16,5.4,5.48,5.31,5.34,199085662
2004-02-17,5.34,5.37,5.28,5.34,63589277
2004-02-18,5.37,5.51,5.28,5.34,162366510
2004-02-19,5.34,5.34,5.25,5.31,77158183
2004-02-20,5.34,5.37,5.22,5.22,103089883
2004-02-23,5.2,5.28,5.2,5.2,56648178
2004-02-24,5.25,5.31,5.2,5.22,61369063
2004-02-25,5.25,5.28,5.22,5.25,38257882
2004-02-26,5.31,5.34,5.22,5.25,36935207
2004-02-27,5.28,5.45,5.25,5.42,180995878
2004-03-01,5.48,5.57,5.45,5.57,177775582
2004-03-02,5.62,5.77,5.51,5.74,248506645
2004-03-03,5.82,6.14,5.68,6.0,457293473
2004-03-04,5.97,5.97,5.77,5.77,235093503
2004-03-05,5.85,5.88,5.6,5.6,176280004
2004-03-08,5.68,5.68,5.51,5.51,86939095
2004-03-09,5.54,5.62,5.54,5.57,56714609
2004-03-10,5.57,5.62,5.48,5.48,57111708
2004-03-11,5.48,5.54,5.45,5.48,36627992
2004-03-12,5.42,5.45,5.4,5.4,51044483
2004-03-15,5.48,5.51,5.17,5.17,64645989
2004-03-16,5.2,5.25,5.14,5.22,56031577
2004-03-17,5.25,5.28,5.2,5.2,38080176
2004-03-18,5.22,5.4,5.22,5.37,58860323
2004-03-19,5.4,5.4,5.28,5.34,34675738
2004-03-22,4.97,4.97,4.97,4.97,29037846
2004-03-23,4.65,5.0,4.62,4.8,141413366
2004-03-24,4.88,4.97,4.82,4.94,76064551
2004-03-25,4.97,5.02,4.94,4.94,42366526
2004-03-26,5.0,5.0,4.85,4.88,37325858
2004-03-29,5.05,5.17,5.0,5.11,71115331
2004-03-30,5.08,5.11,5.02,5.05,46264866
2004-03-31,5.08,5.17,5.02,5.05,53617319
2004-04-01,5.05,5.11,5.0,5.05,29118100
2004-04-02,5.11,5.17,5.11,5.11,46663226
2004-04-05,5.2,5.2,5.14,5.17,28483746
2004-04-06,5.2,5.22,5.17,5.2,23172516
2004-04-07,5.22,5.28,5.2,5.25,30996304
2004-04-08,5.31,5.31,5.25,5.31,29024741
2004-04-09,5.31,5.31,5.17,5.2,23878938
2004-04-12,5.28,5.4,5.25,5.31,45165104
2004-04-13,5.37,5.42,5.28,5.37,44293365
2004-04-14,5.34,5.4,5.31,5.34,21881245
2004-04-15,5.37,5.4,5.25,5.25,30878091
2004-04-16,5.28,5.6,5.28,5.48,143085786
2004-04-19,5.57,5.65,5.51,5.54,102192438
2004-04-20,5.65,5.74,5.57,5.57,109361482
2004-04-21,5.65,5.77,5.6,5.62,81462552
2004-04-22,5.65,5.65,5.4,5.42,81609646
2004-04-23,5.45,5.48,5.34,5.37,39029084
2004-04-26,5.34,5.4,5.28,5.28,24714473
2004-04-27,5.34,5.34,5.22,5.28,24098994
2004-04-28,5.28,5.37,5.25,5.28,19042287
2004-04-29,5.22,5.25,5.0,5.05,60888971
2004-04-30,5.05,5.08,4.71,4.94,104484682
2004-05-03,4.94,5.02,4.88,4.94,57445910
2004-05-04,5.0,5.05,4.97,5.05,23763473
2004-05-05,5.05,5.05,4.77,4.77,54186573
2004-05-06,4.85,5.02,4.8,5.0,52527323
2004-05-07,5.0,5.11,4.97,5.08,51082494
2004-05-10,5.02,5.05,4.88,4.91,33113373
2004-05-11,4.94,4.97,4.88,4.91,29097225
2004-05-12,4.97,5.02,4.91,4.91,29934446
2004-05-13,4.88,4.91,4.82,4.85,30257132
2004-05-14,4.94,4.94,4.85,4.88,28645843
2004-05-17,4.82,4.82,4.6,4.8,68976088
2004-05-18,4.8,4.88,4.74,4.85,25458688
2004-05-19,4.97,5.05,4.91,5.0,40045402
2004-05-20,4.94,5.05,4.88,4.94,23851296
2004-05-21,4.94,5.02,4.91,5.02,18424353
2004-05-24,5.0,5.02,4.91,4.97,8150306
2004-05-25,4.97,5.0,4.94,4.94,11936688
2004-05-26,5.02,5.08,4.97,4.97,24054885
2004-05-27,5.02,5.08,5.0,5.08,17401641
2004-05-28,5.11,5.11,5.02,5.11,30277302
2004-05-31,5.11,5.11,5.0,5.0,13392036
2004-06-01,5.02,5.02,4.94,5.02,8687237
2004-06-02,5.02,5.02,4.94,4.94,11431609
2004-06-03,4.91,5.0,4.77,4.77,34025829
2004-06-04,4.8,4.88,4.77,4.8,15520175
2004-06-07,4.85,5.05,4.85,5.02,36167282
2004-06-08,5.08,5.11,4.97,5.02,31673867
2004-06-09,5.08,5.08,5.02,5.08,20807397
2004-06-10,5.02,5.05,4.94,4.97,20969262
2004-06-11,4.97,5.02,4.91,4.91,25745482
2004-06-14,4.94,5.0,4.8,4.8,19259703
2004-06-15,4.8,4.94,4.8,4.94,23531916
2004-06-16,4.94,5.0,4.82,4.85,17062308
2004-06-17,4.88,4.97,4.82,4.91,17501267
2004-06-18,4.91,4.94,4.8,4.85,17936268
2004-06-21,4.91,4.97,4.85,4.94,9008793
2004-06-22,4.94,4.94,4.94,4.94,0
2004-06-23,4.91,5.17,4.91,5.05,52537081
2004-06-24,5.02,5.05,4.97,5.0,18580596
2004-06-25,5.0,5.05,4.97,5.0,13679632
2004-06-28,5.0,5.0,4.88,4.91,20553629
2004-06-29,4.91,5.0,4.85,5.0,15285810
2004-06-30,5.02,5.08,5.0,5.02,29306538
2004-07-01,5.05,5.08,5.0,5.0,9454222
2004-07-02,4.94,5.0,4.91,5.0,9388075
2004-07-05,4.94,4.97,4.88,4.88,13798977
2004-07-06,4.88,4.94,4.85,4.91,14645737
2004-07-07,4.88,4.94,4.85,4.91,17328746
2004-07-08,4.91,4.97,4.91,4.94,9257339
2004-07-09,4.97,5.05,4.94,5.05,23643018
2004-07-12,5.05,5.08,5.02,5.02,22241364
2004-07-13,5.08,5.11,5.05,5.08,17210237
2004-07-14,5.08,5.08,5.0,5.0,19085845
2004-07-15,5.0,5.02,4.91,4.94,19688739
2004-07-16,4.94,4.97,4.91,4.94,9018445
2004-07-19,4.91,4.97,4.82,4.88,18173943
2004-07-20,4.88,4.97,4.82,4.82,19306934
2004-07-21,4.82,4.91,4.82,4.88,13139871
2004-07-22,4.82,4.91,4.8,4.82,25344580
2004-07-23,4.8,4.85,4.8,4.8,26812075
2004-07-26,4.8,4.8,4.77,4.77,10987607
2004-07-27,4.8,4.88,4.8,4.82,19849243
2004-07-28,4.85,4.85,4.77,4.77,30510746
2004-07-29,4.77,4.8,4.74,4.8,39119287
2004-07-30,4.8,4.85,4.8,4.8,21332754
2004-08-02,4.82,4.85,4.8,4.85,44320352
2004-08-03,4.92,4.92,4.83,4.86,18210222
2004-08-04,4.86,4.86,4.74,4.77,13198135
2004-08-05,4.83,4.86,4.68,4.8,46073378
2004-08-06,4.77,4.89,4.77,4.83,27296662
2004-08-09,4.83,4.86,4.77,4.77,6516663
2004-08-10,4.86,4.92,4.8,4.89,12558574
2004-08-11,4.92,4.95,4.86,4.89,20685568
2004-08-12,4.92,5.01,4.89,4.95,11394146
2004-08-13,4.92,5.05,4.92,4.98,9878157
2004-08-16,5.01,5.08,4.98,5.01,7066136
2004-08-17,5.05,5.11,5.01,5.11,9266350
2004-08-18,5.11,5.2,5.05,5.17,22669211
2004-08-19,5.2,5.26,5.17,5.23,22656230
2004-08-20,5.23,5.29,5.2,5.2,10277071
2004-08-23,5.26,5.29,5.2,5.2,12093186
2004-08-24,5.2,5.2,5.2,5.2,0
2004-08-25,5.2,5.2,5.2,5.2,0
2004-08-26,5.26,5.32,5.23,5.32,22802589
2004-08-27,5.32,5.32,5.23,5.26,12112282
2004-08-30,5.26,5.29,5.23,5.26,14779584
2004-08-31,5.26,5.32,5.23,5.26,15603743
2004-09-01,5.26,5.32,5.23,5.32,33862062
2004-09-02,5.32,5.35,5.26,5.29,22814411
2004-09-03,5.29,5.32,5.2,5.2,14924377
2004-09-06,5.17,5.23,5.14,5.23,10363173
2004-09-07,5.23,5.32,5.23,5.29,17068145
2004-09-08,5.35,5.51,5.32,5.45,52687321
2004-09-09,5.48,5.51,5.41,5.45,12778924
2004-09-10,5.45,5.45,5.38,5.41,8734501
2004-09-13,5.38,5.48,5.38,5.48,13739251
2004-09-14,5.48,5.51,5.45,5.45,11578341
2004-09-15,5.45,5.48,5.35,5.35,7754663
2004-09-16,5.35,5.38,5.32,5.35,6169307
2004-09-17,5.35,5.35,5.23,5.23,18234818
2004-09-20,5.26,5.35,5.26,5.32,17097064
2004-09-21,5.32,5.41,5.32,5.41,12288000
2004-09-22,5.41,5.51,5.35,5.48,24833090
2004-09-23,5.41,5.51,5.38,5.51,17051866
2004-09-24,5.51,5.54,5.41,5.41,11325258
2004-09-27,5.41,5.45,5.32,5.38,14386415
2004-09-28,5.38,5.38,5.38,5.38,0
2004-09-29,5.38,5.45,5.35,5.35,18358433
2004-09-30,5.41,5.48,5.38,5.48,25760287
2004-10-01,5.51,5.51,5.41,5.48,32067934
2004-10-04,5.54,5.72,5.54,5.57,117988406
2004-10-05,5.6,5.69,5.57,5.66,59230856
2004-10-06,5.63,5.72,5.6,5.63,40409659
2004-10-07,5.63,5.69,5.6,5.66,33907715
2004-10-08,5.66,5.81,5.6,5.78,50396445
2004-10-11,5.75,5.81,5.66,5.75,28804656
2004-10-12,5.75,5.75,5.66,5.66,22766801
2004-10-13,5.69,5.78,5.66,5.75,24258381
2004-10-14,5.72,5.72,5.6,5.6,25625140
2004-10-15,5.57,5.69,5.57,5.63,15566078
2004-10-18,5.66,5.69,5.6,5.6,10459731
2004-10-19,5.63,5.66,5.57,5.63,10965905
2004-10-20,5.57,5.66,5.57,5.63,12061947
2004-10-21,5.69,6.0,5.66,5.78,121874132
2004-10-22,5.85,5.94,5.85,5.94,71390124
2004-10-25,5.94,5.94,5.94,5.94,0
2004-10-26,5.85,5.88,5.69,5.85,55658349
2004-10-27,5.85,5.88,5.75,5.81,33636884
2004-10-28,5.85,5.91,5.81,5.81,45200604
2004-10-29,5.81,5.91,5.81,5.85,36140815
2004-11-01,5.85,5.91,5.81,5.88,26055405
2004-11-02,5.88,5.88,5.75,5.75,32463302
2004-11-03,5.75,5.85,5.75,5.85,31093160
2004-11-04,5.85,5.88,5.81,5.88,18053980
2004-11-05,5.91,5.94,5.78,5.88,52284326
2004-11-08,5.81,5.88,5.78,5.81,36457274
2004-11-09,5.81,5.85,5.78,5.85,23419145
2004-11-10,5.88,5.91,5.81,5.85,29995073
2004-11-11,5.85,5.85,5.72,5.72,36384713
2004-11-12,5.75,5.81,5.72,5.81,24424520
2004-11-15,5.85,5.88,5.72,5.75,44900026
2004-11-16,5.72,5.75,5.6,5.63,41756508
2004-11-17,5.63,5.66,5.57,5.66,67639512
2004-11-18,5.63,5.69,5.57,5.66,77143868
2004-11-19,5.6,5.69,5.6,5.66,99989401
2004-11-22,5.63,5.63,5.51,5.54,25071236
2004-11-23,5.54,5.6,5.51,5.6,16533182
2004-11-24,5.6,5.6,5.57,5.57,13944666
2004-11-25,5.57,5.6,5.48,5.54,18065097
2004-11-26,5.51,5.57,5.38,5.41,39317985
2004-11-29,5.41,5.45,5.32,5.35,25555522
2004-11-30,5.32,5.51,5.29,5.51,36499820
2004-12-01,5.45,5.51,5.38,5.45,28083177
2004-12-02,5.48,5.51,5.41,5.51,19505493
2004-12-03,5.51,5.54,5.48,5.48,20818485
2004-12-06,5.48,5.57,5.48,5.54,28757887
2004-12-07,5.54,5.54,5.45,5.48,27491660
2004-12-08,5.48,5.54,5.48,5.54,18077565
2004-12-09,5.54,5.6,5.51,5.54,26678015
2004-12-10,5.57,5.57,5.51,5.54,19998712
2004-12-13,5.51,5.57,5.41,5.51,33680758
2004-12-14,5.51,5.54,5.45,5.48,8566001
2004-12-15,5.48,5.54,5.48,5.54,16578402
2004-12-16,5.51,5.6,5.51,5.57,36446141
2004-12-17,5.57,5.6,5.54,5.57,10492242
2004-12-20,5.48,5.57,5.45,5.54,28212355
2004-12-21,5.51,5.6,5.51,5.57,11185141
2004-12-22,5.6,5.78,5.6,5.75,81143403
2004-12-23,5.78,5.78,5.63,5.69,19610260
2004-12-24,5.69,5.75,5.63,5.69,13368135
2004-12-27,5.69,5.69,5.63,5.66,4619596
2004-12-28,5.66,5.72,5.66,5.66,4977795
2004-12-29,5.69,5.78,5.69,5.75,21729046
2004-12-30,5.75,5.78,5.69,5.75,14045172
2004-12-31,5.75,5.78,5.69,5.75,25423020
2005-01-03,5.78,5.81,5.75,5.78,16583362
2005-01-04,5.78,5.78,5.69,5.72,20389378
2005-01-05,5.69,5.69,5.63,5.66,14248256
2005-01-06,5.66,5.69,5.66,5.66,3793546
2005-01-07,5.66,5.69,5.57,5.57,23134190
2005-01-10,5.6,5.66,5.57,5.63,18281414
2005-01-11,5.63,5.72,5.63,5.72,20723683
2005-01-12,5.69,5.72,5.63,5.66,17228753
2005-01-13,5.66,5.69,5.57,5.66,17654880
2005-01-14,5.63,5.72,5.6,5.69,28777664
2005-01-17,5.72,5.75,5.72,5.72,31018563
2005-01-18,5.75,5.81,5.72,5.75,49039596
2005-01-19,5.78,5.81,5.69,5.72,62360514
2005-01-20,5.69,5.75,5.63,5.63,31644767
2005-01-21,5.63,5.66,5.57,5.6,31677090
2005-01-24,5.6,5.63,5.57,5.57,14639338
2005-01-25,5.57,5.66,5.57,5.6,24003503
2005-01-26,5.66,5.66,5.6,5.63,14490716
2005-01-27,5.63,5.63,5.57,5.63,26277726
2005-01-28,5.57,5.63,5.57,5.63,28768198
2005-01-31,5.6,5.66,5.54,5.66,82890207
2005-02-01,5.63,5.63,5.57,5.6,32549861
2005-02-02,5.63,5.66,5.6,5.63,35762580
2005-02-03,5.63,5.66,5.6,5.66,21679511
2005-02-04,5.66,5.66,5.66,5.66,0
2005-02-07,5.66,5.66,5.66,5.66,0
2005-02-08,5.66,5.66,5.66,5.66,0
2005-02-09,5.66,5.66,5.66,5.66,0
2005-02-10,5.66,5.66,5.66,5.66,0
2005-02-11,5.66,5.66,5.66,5.66,0
2005-02-14,5.66,5.75,5.66,5.72,31882798
2005-02-15,5.75,5.88,5.75,5.78,111253232
2005-02-16,5.81,5.81,5.72,5.78,30832381
2005-02-17,5.81,5.81,5.66,5.69,28345330
2005-02-18,5.69,5.81,5.69,5.78,22297078
2005-02-21,5.81,5.85,5.75,5.85,30120098
2005-02-22,5.85,5.94,5.81,5.85,85151865
2005-02-23,5.85,5.88,5.78,5.88,55415531
2005-02-24,5.88,5.88,5.81,5.81,28807516
2005-02-25,5.85,5.97,5.85,5.91,72580602
2005-02-28,5.91,5.91,5.91,5.91,0
2005-03-01,5.91,6.06,5.91,6.0,52196066
2005-03-02,6.01,6.01,5.91,5.92,29390755
2005-03-03,5.89,5.91,5.78,5.78,27615404
2005-03-04,5.81,5.85,5.78,5.81,41989520
2005-03-07,5.85,5.86,5.81,5.83,72498514
2005-03-08,5.85,5.85,5.72,5.72,49104566
2005-03-09,5.74,5.86,5.72,5.85,84374056
2005-03-10,5.78,5.81,5.69,5.8,41250155
2005-03-11,5.8,5.81,5.72,5.75,64277217
2005-03-14,5.75,5.75,5.68,5.72,31129785
2005-03-15,5.71,5.72,5.66,5.68,10630926
2005-03-16,5.78,5.78,5.6,5.63,30194864
2005-03-17,5.6,5.61,5.57,5.61,10162556
2005-03-18,5.63,5.66,5.58,5.65,8554010
2005-03-21,5.65,5.69,5.61,5.65,8547588
2005-03-22,5.69,5.75,5.66,5.68,39523645
2005-03-23,5.63,5.68,5.57,5.68,29374504
2005-03-24,5.63,5.63,5.57,5.6,13036610
2005-03-25,5.58,5.65,5.58,5.63,7331725
2005-03-28,5.63,5.63,5.55,5.57,5561450
2005-03-29,5.55,5.55,5.45,5.48,14016505
2005-03-30,5.48,5.49,5.43,5.45,17994348
2005-03-31,5.46,5.46,5.29,5.31,29665899
2005-04-01,5.32,5.35,5.28,5.34,10696830
2005-04-04,5.46,5.6,5.41,5.54,41386722
2005-04-05,5.54,5.54,5.54,5.54,0
2005-04-06,5.54,5.54,5.43,5.54,27174623
2005-04-07,5.45,5.46,5.26,5.29,66293155
2005-04-08,5.29,5.31,5.2,5.29,48925388
2005-04-11,5.23,5.26,5.2,5.23,10034080
2005-04-12,5.23,5.26,5.2,5.23,12410432
2005-04-13,5.28,5.29,5.23,5.28,17762261
2005-04-14,5.32,5.32,5.25,5.28,20056901
2005-04-15,5.21,5.23,5.11,5.18,23604727
2005-04-18,5.08,5.08,4.98,5.0,23158783
2005-04-19,5.05,5.06,5.0,5.05,17881990
2005-04-20,5.08,5.12,5.08,5.09,18505268
2005-04-21,4.98,5.17,4.98,5.09,19260041
2005-04-22,5.2,5.21,5.12,5.17,19120554
2005-04-25,5.17,5.25,5.15,5.17,9058099
2005-04-26,5.2,5.25,5.17,5.23,15450571
2005-04-27,5.26,5.26,5.17,5.23,5170449
2005-04-28,5.21,5.28,5.2,5.28,12851287
2005-04-29,5.23,5.23,5.17,5.2,17473145
2005-05-02,5.2,5.2,5.2,5.2,0
2005-05-03,5.26,5.32,5.23,5.28,12866007
2005-05-04,5.28,5.31,5.28,5.31,11939166
2005-05-05,5.31,5.41,5.31,5.41,23185277
2005-05-06,5.38,5.38,5.28,5.29,10481021
2005-05-09,5.26,5.32,5.17,5.21,29892790
2005-05-10,5.23,5.23,5.2,5.21,7805578
2005-05-11,5.21,5.23,5.17,5.2,6054943
2005-05-12,5.15,5.2,5.11,5.15,12037939
2005-05-13,5.11,5.23,5.11,5.23,13047634
2005-05-16,5.23,5.23,5.17,5.17,7443658
2005-05-17,5.17,5.2,5.09,5.14,9228870
2005-05-18,5.15,5.15,5.08,5.08,10617550
2005-05-19,5.14,5.15,5.06,5.08,14135800
2005-05-20,5.08,5.11,5.0,5.03,20767704
2005-05-23,5.03,5.05,4.98,5.01,10480983
2005-05-24,5.05,5.06,5.01,5.05,10083059
2005-05-25,5.05,5.11,5.01,5.03,9879183
2005-05-26,5.05,5.15,5.05,5.14,16698871
2005-05-27,5.15,5.18,5.09,5.15,21848661
2005-05-30,5.15,5.18,5.14,5.18,13110223
2005-05-31,5.17,5.17,5.12,5.15,20690271
2005-06-01,5.14,5.17,5.05,5.05,28001198
2005-06-02,5.15,5.15,5.04,5.04,26120867
2005-06-03,5.07,5.09,5.02,5.06,19591404
2005-06-06,5.07,5.07,4.99,5.07,16136125
2005-06-07,5.09,5.1,5.06,5.09,15419351
2005-06-08,5.07,5.17,5.07,5.15,26842863
2005-06-09,5.17,5.23,5.14,5.17,42454689
2005-06-10,5.2,5.22,5.07,5.15,38730188
2005-06-13,5.15,5.17,5.1,5.12,20317521
2005-06-14,5.12,5.17,5.09,5.1,15014947
2005-06-15,5.12,5.2,5.1,5.19,20882542
2005-06-16,5.25,5.25,5.15,5.15,11134030
2005-06-17,5.2,5.22,5.14,5.22,20347925
2005-06-20,5.2,5.27,5.19,5.27,14460988
2005-06-21,5.28,5.28,5.22,5.28,9711213
2005-06-22,5.3,5.32,5.23,5.3,17354591
2005-06-23,5.32,5.45,5.3,5.41,42729620
2005-06-24,5.4,5.43,5.32,5.32,13824878
2005-06-27,5.3,5.35,5.28,5.32,14542603
2005-06-28,5.35,5.43,5.35,5.36,18069412
2005-06-29,5.43,5.46,5.27,5.27,29486229
2005-06-30,5.36,5.36,5.15,5.17,21869279
2005-07-01,5.27,5.32,5.23,5.23,13266637
2005-07-04,5.27,5.27,5.17,5.19,4479428
2005-07-05,5.19,5.2,5.15,5.15,9955030
2005-07-06,5.15,5.17,5.1,5.1,50108262
2005-07-07,5.14,5.17,5.09,5.17,6578268
2005-07-08,5.14,5.17,5.12,5.17,6864113
2005-07-11,5.17,5.23,5.17,5.2,10294401
2005-07-12,5.23,5.28,5.2,5.28,11902078
2005-07-13,5.3,5.35,5.28,5.32,12499684
2005-07-14,5.33,5.35,5.32,5.32,10923644
2005-07-15,5.32,5.36,5.32,5.35,12892655
2005-07-18,5.35,5.35,5.35,5.35,0
2005-07-19,5.35,5.36,5.3,5.35,7501952
2005-07-20,5.32,5.38,5.3,5.32,13557417
2005-07-21,5.27,5.36,5.25,5.27,16563070
2005-07-22,5.27,5.28,5.23,5.25,9616917
2005-07-25,5.36,5.38,5.28,5.35,23826183
2005-07-26,5.35,5.35,5.3,5.3,10182396
2005-07-27,5.25,5.3,5.23,5.27,14338805
2005-07-28,5.27,5.28,5.15,5.25,36992538
2005-07-29,5.25,5.25,5.09,5.09,53824004
2005-08-01,5.12,5.12,5.09,5.12,7596742
2005-08-02,5.17,5.17,5.09,5.14,23653602
2005-08-03,5.15,5.19,5.15,5.15,16726574
2005-08-04,5.17,5.19,5.09,5.1,16515424
2005-08-05,5.1,5.1,5.1,5.1,0
2005-08-08,5.07,5.1,4.99,4.99,25362787
2005-08-09,4.99,5.04,4.99,4.99,24652515
2005-08-10,5.06,5.06,5.01,5.02,6994486
2005-08-11,5.04,5.06,5.02,5.04,5614881
2005-08-12,5.07,5.09,5.02,5.06,16132449
2005-08-15,5.09,5.09,5.02,5.04,34912837
2005-08-16,5.07,5.12,5.06,5.1,32058933
2005-08-17,5.1,5.1,5.04,5.09,16254286
2005-08-18,5.04,5.12,5.02,5.1,20469923
2005-08-19,5.14,5.14,5.09,5.1,14596974
2005-08-22,5.1,5.15,5.1,5.15,13541498
2005-08-23,5.15,5.19,5.14,5.19,20455829
2005-08-24,5.17,5.19,5.14,5.17,17150427
2005-08-25,5.17,5.2,5.15,5.17,26170612
2005-08-26,5.2,5.27,5.19,5.22,17032450
2005-08-29,5.23,5.25,5.07,5.09,7060032
2005-08-30,5.09,5.14,5.09,5.1,6365438
2005-08-31,5.1,5.14,5.04,5.1,6545647
2005-09-01,5.1,5.1,5.1,5.1,0
2005-09-02,5.1,5.14,5.06,5.09,7491404
2005-09-05,5.09,5.15,5.07,5.14,7445775
2005-09-06,5.15,5.2,5.12,5.19,9151552
2005-09-07,5.19,5.27,5.17,5.27,15769898
2005-09-08,5.25,5.27,5.19,5.2,4143035
2005-09-09,5.2,5.2,5.12,5.17,9276492
2005-09-12,5.2,5.2,5.12,5.15,10164645
2005-09-13,5.19,5.22,5.17,5.2,9952628
2005-09-14,5.14,5.17,5.1,5.14,8231136
2005-09-15,5.1,5.12,5.09,5.1,15530037
2005-09-16,5.1,5.1,5.06,5.07,13394647
2005-09-19,5.07,5.1,5.07,5.07,19437129
2005-09-20,5.09,5.1,5.06,5.09,10939504
2005-09-21,5.1,5.14,5.07,5.12,18859436
2005-09-22,5.06,5.09,5.01,5.02,28624665
2005-09-23,5.02,5.04,4.84,4.84,37204998
2005-09-26,4.91,4.91,4.67,4.7,35736982
2005-09-27,4.71,4.8,4.7,4.78,21134921
2005-09-28,4.83,4.83,4.75,4.76,15162892
2005-09-29,4.81,4.97,4.78,4.91,32050557
2005-09-30,4.91,5.02,4.89,5.02,15837693
2005-10-03,5.07,5.07,5.01,5.02,14275563
2005-10-04,4.96,5.02,4.93,4.93,22917786
2005-10-05,4.91,4.99,4.91,4.94,25899004
2005-10-06,4.91,4.94,4.84,4.94,10446100
2005-10-07,4.84,4.94,4.84,4.91,11979602
2005-10-10,4.91,4.91,4.91,4.91,0
2005-10-11,4.93,4.94,4.89,4.91,16187867
2005-10-12,4.91,4.91,4.88,4.88,11117826
2005-10-13,4.88,4.89,4.81,4.89,8298233
2005-10-14,4.88,4.93,4.83,4.91,11070068
2005-10-17,4.93,4.93,4.78,4.8,14143612
2005-10-18,4.8,4.81,4.67,4.68,19372527
2005-10-19,4.68,4.7,4.55,4.55,25983233
2005-10-20,4.55,4.6,4.5,4.57,26326580
2005-10-21,4.55,4.58,4.5,4.52,15368855
2005-10-24,4.55,4.55,4.41,4.41,20392589
2005-10-25,4.54,4.54,4.44,4.45,16633286
2005-10-26,4.5,4.52,4.45,4.45,16252586
2005-10-27,4.44,4.45,4.39,4.42,10973406
2005-10-28,4.42,4.42,4.24,4.24,23836468
2005-10-31,4.29,4.31,4.23,4.29,27185643
2005-11-01,4.32,4.32,4.27,4.29,12700087
2005-11-02,4.32,4.32,4.24,4.27,20318347
2005-11-03,4.26,4.34,4.23,4.29,35521158
2005-11-04,4.31,4.5,4.31,4.45,63452323
2005-11-07,4.49,4.65,4.49,4.57,53137975
2005-11-08,4.65,4.88,4.63,4.78,62401053
2005-11-09,4.83,4.93,4.76,4.91,41630648
2005-11-10,4.89,4.93,4.84,4.84,21039605
2005-11-11,4.86,4.91,4.84,4.91,14686713
2005-11-14,4.91,5.04,4.91,4.99,62466827
2005-11-15,5.02,5.06,4.99,5.06,51155033
2005-11-16,5.07,5.07,4.94,5.04,47176541
2005-11-17,5.02,5.04,4.91,4.93,25213636
2005-11-18,4.94,5.06,4.94,5.06,35023540
2005-11-21,5.07,5.09,4.99,4.99,36152040
2005-11-22,5.02,5.09,4.99,5.06,39623324
2005-11-23,5.09,5.09,5.02,5.04,27307026
2005-11-24,5.04,5.04,4.91,4.93,13300440
2005-11-25,4.96,5.02,4.96,4.99,30115360
2005-11-28,5.01,5.04,4.96,5.01,30866850
2005-11-29,5.01,5.04,4.93,4.93,18777388
2005-11-30,4.93,4.96,4.91,4.96,18818152
2005-12-01,4.99,5.02,4.94,4.99,24200245
2005-12-02,5.04,5.25,5.04,5.25,63777862
2005-12-05,5.3,5.33,5.15,5.32,36113958
2005-12-06,5.33,5.4,5.32,5.4,39183785
2005-12-07,5.41,5.54,5.36,5.53,79263835
2005-12-08,5.46,5.46,5.15,5.23,52684068
2005-12-09,5.33,5.41,5.33,5.41,38057243
2005-12-12,5.45,5.46,5.36,5.38,22550722
2005-12-13,5.41,5.43,5.33,5.38,21394360
2005-12-14,5.38,5.38,5.33,5.35,14759358
2005-12-15,5.36,5.4,5.33,5.38,5869615
2005-12-16,5.4,5.43,5.33,5.38,14252414
2005-12-19,5.38,5.4,5.32,5.36,20009376
2005-12-20,5.36,5.41,5.35,5.41,21099471
2005-12-21,5.41,5.51,5.36,5.48,17749665
2005-12-22,5.51,5.53,5.43,5.51,17141663
2005-12-23,5.46,5.53,5.35,5.48,22877088
2005-12-26,5.48,5.49,5.28,5.3,16971025
2005-12-27,5.33,5.36,5.19,5.2,22237610
2005-12-28,5.2,5.28,5.2,5.2,13443954
2005-12-29,5.2,5.25,5.17,5.17,32805569
2005-12-30,5.2,5.2,4.99,5.15,52534966
2006-01-02,5.04,5.06,4.91,4.94,29008459
2006-01-03,4.94,5.07,4.91,5.07,54915615
2006-01-04,5.14,5.15,5.07,5.15,37275291
2006-01-05,5.17,5.35,5.17,5.35,69650123
2006-01-06,5.36,5.38,5.28,5.35,31809905
2006-01-09,5.35,5.41,5.35,5.35,33300916
2006-01-10,5.38,5.45,5.35,5.45,36057631
2006-01-11,5.45,5.49,5.36,5.49,28201656
2006-01-12,5.51,5.67,5.49,5.59,65978921
2006-01-13,5.61,5.62,5.43,5.48,23992034
2006-01-16,5.53,5.54,5.45,5.49,19794007
2006-01-17,5.49,5.61,5.46,5.53,24112971
2006-01-18,5.53,5.53,5.3,5.35,27984631
2006-01-19,5.33,5.33,5.22,5.28,21246915
2006-01-20,5.28,5.33,5.23,5.32,9625308
2006-01-23,5.2,5.25,5.2,5.25,8401022
2006-01-24,5.22,5.3,5.2,5.23,11901586
2006-01-25,5.35,5.41,5.27,5.41,15922347
2006-02-03,5.35,5.74,5.35,5.71,92086535
2006-02-06,5.67,5.82,5.59,5.8,78677371
2006-02-07,5.85,5.85,5.69,5.71,53253965
2006-02-08,5.59,5.71,5.59,5.67,30617095
2006-02-09,5.66,5.66,5.58,5.62,15443567
2006-02-10,5.69,5.69,5.59,5.67,25158336
2006-02-13,5.67,5.71,5.51,5.51,22911878
2006-02-14,5.51,5.56,5.45,5.45,19727740
2006-02-15,5.48,5.53,5.46,5.48,16126119
2006-02-16,5.53,5.59,5.48,5.56,10803207
2006-02-17,5.61,5.62,5.49,5.51,12438350
2006-02-20,5.46,5.53,5.45,5.51,13455551
2006-02-21,5.51,5.59,5.51,5.56,28544589
2006-02-22,5.56,5.62,5.46,5.51,25989989
2006-02-23,5.48,5.54,5.48,5.53,18298026
2006-02-24,5.56,5.69,5.54,5.69,39945858
2006-02-27,5.61,5.64,5.54,5.61,12256115
2006-03-01,5.53,5.59,5.51,5.51,21374480
2006-03-02,5.54,5.56,5.51,5.53,10433768
2006-03-03,5.49,5.51,5.43,5.45,13046351
2006-03-06,5.41,5.45,5.33,5.38,14086746
2006-03-07,5.36,5.36,5.22,5.22,17484596
2006-03-08,5.22,5.32,5.2,5.23,17549207
2006-03-09,5.2,5.3,5.19,5.22,10340994
2006-03-10,5.2,5.28,5.17,5.28,9804229
2006-03-13,5.23,5.25,5.1,5.14,24997638
2006-03-14,5.14,5.14,4.86,4.93,45663059
2006-03-15,4.91,5.06,4.91,5.04,43322171
2006-03-16,5.04,5.06,4.94,4.96,28650617
2006-03-17,4.96,4.99,4.89,4.94,22411561
2006-03-20,4.94,5.02,4.93,5.02,34510292
2006-03-21,5.02,5.23,4.99,5.2,32273775
2006-03-22,5.2,5.2,5.12,5.17,21760486
2006-03-23,5.14,5.15,4.97,5.04,17925273
2006-03-24,5.02,5.23,5.01,5.23,31907649
2006-03-27,5.23,5.25,5.15,5.19,19538879
2006-03-28,5.19,5.22,5.15,5.17,21526894
2006-03-29,5.17,5.17,5.09,5.14,50414417
2006-03-30,5.14,5.27,5.14,5.27,43086923
2006-03-31,5.27,5.36,5.25,5.35,32694571
2006-04-03,5.36,5.41,5.33,5.38,24023510
2006-04-04,5.36,5.43,5.35,5.4,16296757
2006-04-06,5.43,5.46,5.27,5.4,34432428
2006-04-07,5.4,5.46,5.33,5.46,20191611
2006-04-10,5.45,5.51,5.35,5.45,16242086
2006-04-11,5.45,5.45,5.38,5.4,4701656
2006-04-12,5.35,5.41,5.33,5.4,10978815
2006-04-13,5.35,5.41,5.35,5.38,18746986
2006-04-14,5.38,5.53,5.38,5.53,20469933
2006-04-17,5.46,5.54,5.46,5.51,24730913
2006-04-18,5.54,5.58,5.49,5.49,20102150
2006-04-19,5.54,5.58,5.49,5.49,15529714
2006-04-20,5.53,5.59,5.53,5.59,17827529
2006-04-21,5.58,5.58,5.51,5.51,10289637
2006-04-24,5.43,5.62,5.43,5.56,16894818
2006-04-25,5.59,5.64,5.58,5.62,12920444
2006-04-26,5.62,5.64,5.58,5.62,23534790
2006-04-27,5.66,5.75,5.66,5.72,51463095
2006-04-28,5.69,5.77,5.66,5.75,26725555
2006-05-02,5.75,5.8,5.71,5.77,74810680
2006-05-03,5.79,5.8,5.71,5.75,28408741
2006-05-04,5.62,5.8,5.61,5.77,53953084
2006-05-05,5.79,5.82,5.69,5.72,60313077
2006-05-08,5.72,5.72,5.66,5.69,40898449
2006-05-09,5.69,5.69,5.54,5.62,46935389
2006-05-10,5.62,5.64,5.41,5.53,34536799
2006-05-11,5.53,5.53,5.38,5.49,39776877
2006-05-12,5.43,5.45,5.38,5.41,24861790
2006-05-15,5.4,5.45,5.36,5.38,28014452
2006-05-16,5.38,5.41,5.33,5.36,34647797
2006-05-17,5.36,5.43,5.33,5.36,19394748
2006-05-18,5.3,5.32,5.25,5.27,34169016
2006-05-19,5.27,5.32,5.23,5.28,15233168
2006-05-22,5.28,5.32,5.09,5.17,27631759
2006-05-23,5.14,5.2,5.09,5.09,15852767
2006-05-24,5.2,5.2,5.04,5.14,29939513
2006-05-25,5.14,5.2,5.09,5.17,33059041
2006-05-26,5.2,5.38,5.17,5.17,29039936
2006-05-29,5.23,5.27,5.17,5.17,12681882
2006-05-30,5.23,5.27,5.17,5.17,12681882
2006-06-01,5.14,5.2,5.14,5.2,15672189
2006-06-02,5.2,5.27,5.15,5.25,16853401
2006-06-05,5.2,5.27,5.06,5.07,23814769
2006-06-06,5.06,5.19,5.06,5.19,14520796
2006-06-07,5.2,5.2,5.1,5.14,8447409
2006-06-08,5.1,5.14,4.84,4.84,41143637
2006-06-09,4.94,4.99,4.88,4.99,24257102
2006-06-12,4.99,5.02,4.89,5.01,11812125
2006-06-13,4.96,5.07,4.91,4.99,19002115
2006-06-14,5.01,5.2,4.93,5.2,29169157
2006-06-15,5.2,5.2,5.14,5.14,22744554
2006-06-16,5.23,5.38,5.19,5.36,46224674
2006-06-19,5.36,5.43,5.35,5.4,22539126
2006-06-20,5.25,5.25,5.02,5.02,80401974
2006-06-21,4.93,4.97,4.91,4.96,56386747
2006-06-22,5.04,5.09,5.01,5.09,25159993
2006-06-23,5.09,5.09,4.96,5.07,15226542
2006-06-26,5.07,5.14,5.06,5.09,51844131
2006-06-27,5.14,5.15,5.1,5.15,14585407
2006-06-28,5.14,5.19,5.06,5.19,20370532
2006-06-29,5.17,5.28,5.15,5.28,33179979
2006-06-30,5.3,5.32,5.25,5.32,28915685
2006-07-03,5.32,5.32,5.17,5.2,18195312
2006-07-04,5.2,5.25,5.15,5.19,85221255
2006-07-05,5.21,5.31,5.21,5.27,21207155
2006-07-06,5.27,5.29,5.24,5.27,12555974
2006-07-07,5.27,5.36,5.26,5.34,21475537
2006-07-10,5.34,5.41,5.27,5.36,25009235
2006-07-11,5.41,5.43,5.38,5.38,16384561
2006-07-12,5.41,5.46,5.38,5.41,30960028
2006-07-13,5.44,5.44,5.36,5.36,9250898
2006-07-14,5.34,5.41,5.29,5.36,22055375
2006-07-17,5.36,5.38,5.29,5.36,13374374
2006-07-18,5.36,5.38,5.26,5.27,9913570
2006-07-19,5.36,5.36,5.22,5.22,11487416
2006-07-20,5.24,5.32,5.22,5.22,14880296
2006-07-21,5.21,5.29,5.21,5.22,9839020
2006-07-24,5.27,5.32,5.21,5.32,6871906
2006-07-25,5.32,5.38,5.32,5.36,11166020
2006-07-26,5.36,5.43,5.36,5.39,11036799
2006-07-27,5.41,5.41,5.36,5.39,10786640
2006-07-28,5.38,5.41,5.36,5.41,17469686
2006-07-31,5.43,5.44,5.38,5.43,24808777
2006-08-01,5.39,5.43,5.34,5.34,31607790
2006-08-02,5.38,5.44,5.34,5.41,10365844
2006-08-03,5.39,5.41,5.29,5.29,12319069
2006-08-04,5.31,5.34,5.26,5.32,10389037
2006-08-07,5.32,5.32,5.24,5.27,18100881
2006-08-08,5.34,5.34,5.26,5.32,14317025
2006-08-09,5.32,5.32,5.27,5.31,16013465
2006-08-10,5.29,5.34,5.24,5.29,12320726
2006-08-11,5.29,5.29,5.24,5.27,14408142
2006-08-14,5.29,5.38,5.27,5.32,12458230
2006-08-15,5.27,5.32,5.26,5.26,12683539
2006-08-16,5.32,5.38,5.27,5.36,18100881
2006-08-17,5.26,5.39,5.26,5.29,16344800
2006-08-18,5.29,5.31,5.26,5.26,4108565
2006-08-21,5.26,5.26,5.14,5.15,21449030
2006-08-22,5.15,5.17,5.05,5.05,30060451
2006-08-23,5.05,5.07,4.85,4.9,48643426
2006-08-24,4.9,4.93,4.88,4.9,23841276
2006-08-25,4.93,4.97,4.92,4.93,12585794
2006-08-28,4.92,4.92,4.85,4.88,14474409
2006-08-29,4.9,4.95,4.87,4.9,8121043
2006-08-30,4.88,4.95,4.88,4.93,8772118
2006-08-31,4.92,4.98,4.9,4.9,26566514
2006-09-01,4.92,4.93,4.9,4.93,5317941
2006-09-04,4.95,5.02,4.93,4.97,17350405
2006-09-05,4.98,5.02,4.97,5.0,17390165
2006-09-06,4.93,5.0,4.92,4.93,40235777
2006-09-07,4.92,4.95,4.88,4.92,23867783
2006-09-08,4.93,5.05,4.88,5.04,13410821
2006-09-11,5.04,5.15,5.04,5.1,46214734
2006-09-12,5.07,5.1,4.98,5.04,26669228
2006-09-13,5.04,5.05,4.98,5.05,16618153
2006-09-14,5.05,5.05,4.97,5.02,13947585
2006-09-15,4.95,5.14,4.95,5.1,20758195
2006-09-18,5.17,5.27,5.15,5.27,32310222
2006-09-19,5.27,5.27,5.22,5.27,12887310
2006-09-20,5.21,5.24,5.17,5.19,7446774
2006-09-21,5.19,5.26,5.15,5.19,9867183
2006-09-22,5.15,5.17,5.1,5.12,12337293
2006-09-25,5.12,5.26,5.12,5.22,11419492
2006-09-26,5.22,5.27,5.22,5.24,13159006
2006-09-27,5.27,5.31,5.26,5.31,29939513
2006-09-28,5.31,5.38,5.31,5.38,35867113
2006-09-29,5.38,5.39,5.34,5.38,19479238
2006-10-02,5.38,5.65,5.38,5.55,56058724
2006-10-03,5.53,5.53,5.44,5.44,17179767
2006-10-04,5.44,5.49,5.43,5.44,27464434
2006-10-05,5.49,5.55,5.46,5.49,14384949
2006-10-09,5.49,5.49,5.49,5.49,0
2006-10-11,5.46,5.56,5.46,5.51,19043532
2006-10-12,5.53,5.56,5.49,5.53,16121149
2006-10-13,5.58,5.65,5.56,5.61,25221290
2006-10-16,5.61,5.8,5.58,5.72,36652379
2006-10-17,5.72,5.72,5.61,5.65,11774021
2006-10-18,5.6,5.6,5.51,5.55,27073458
2006-10-19,5.48,5.55,5.46,5.48,30118435
2006-10-20,5.46,5.53,5.44,5.53,15281212
2006-10-23,5.51,5.51,5.44,5.48,8954353
2006-10-24,5.46,5.53,5.46,5.48,27461121
2006-10-25,5.48,5.55,5.46,5.49,28375608
2006-10-26,5.51,5.7,5.51,5.68,72903842
2006-10-27,5.6,5.68,5.58,5.67,12941981
2006-10-30,5.61,5.7,5.61,5.63,26304758
2006-10-31,5.68,5.75,5.65,5.72,21116038
2006-11-01,5.72,5.84,5.65,5.73,52924286
2006-11-02,5.73,5.77,5.68,5.7,24268699
2006-11-03,5.75,5.82,5.67,5.78,26144060
2006-11-06,5.67,5.75,5.67,5.7,12295876
2006-11-07,5.75,5.78,5.7,5.77,10278040
2006-11-08,5.75,5.8,5.72,5.78,30176418
2006-11-09,5.78,5.87,5.75,5.84,61260698
2006-11-10,5.82,5.87,5.77,5.82,10345964
2006-11-13,5.72,5.8,5.72,5.8,15559534
2006-11-14,5.82,5.85,5.78,5.82,18478604
2006-11-15,5.73,5.84,5.73,5.8,11712724
2006-11-16,5.82,5.89,5.78,5.89,35383362
2006-11-17,5.89,5.97,5.85,5.97,58411209
2006-11-20,5.97,5.97,5.85,5.9,14376665
2006-11-21,5.78,5.97,5.78,5.97,20274444
2006-11-22,5.85,5.95,5.85,5.92,17875572
2006-11-23,5.87,5.95,5.87,5.95,17646951
2006-11-24,5.89,5.97,5.89,5.92,13675890
2006-11-27,5.87,5.92,5.82,5.89,23844589
2006-11-28,5.89,5.9,5.84,5.85,12382023
2006-11-29,5.82,5.94,5.82,5.94,21399330
2006-11-30,5.94,5.95,5.89,5.9,18394113
2006-12-01,5.9,5.92,5.87,5.92,23377405
2006-12-04,5.9,5.92,5.85,5.89,21049771
2006-12-05,5.89,5.92,5.82,5.85,20302608
2006-12-06,5.85,5.92,5.84,5.9,21636235
2006-12-07,5.85,5.9,5.82,5.82,24717659
2006-12-08,5.82,5.82,5.68,5.75,39329573
2006-12-11,5.73,5.75,5.63,5.73,27018787
2006-12-12,5.7,5.72,5.63,5.7,22371801
2006-12-13,5.67,5.73,5.58,5.68,26155657
2006-12-14,5.68,5.78,5.65,5.73,21556715
2006-12-15,5.75,5.85,5.75,5.84,16568452
2006-12-18,5.84,5.94,5.82,5.92,16835178
2006-12-19,5.89,5.92,5.85,5.89,9941734
2006-12-20,5.85,5.94,5.85,5.94,12852520
2006-12-21,5.89,5.94,5.82,5.87,13571519
2006-12-22,5.84,5.87,5.8,5.85,4579062
2006-12-25,5.85,5.87,5.8,5.82,3765632
2006-12-26,5.84,5.92,5.84,5.87,10717060
2006-12-27,5.85,5.94,5.85,5.9,15445956
2006-12-28,5.9,5.9,5.85,5.85,7363940840
2006-12-29,5.85,5.94,5.85,5.94,10105745
2007-01-02,5.95,6.04,5.92,6.01,36108988
2007-01-03,6.02,6.04,5.94,5.94,19000458
2007-01-04,5.94,5.97,5.94,5.95,7607472
2007-01-05,5.94,5.95,5.82,5.84,23506626
2007-01-08,5.78,5.82,5.77,5.82,19962989
2007-01-09,5.84,5.9,5.82,5.84,13788544
2007-01-10,5.82,5.87,5.78,5.85,25103666
2007-01-11,5.8,5.87,5.78,5.84,22063658
2007-01-12,5.85,5.89,5.78,5.82,22948325
2007-01-15,5.8,5.82,5.77,5.78,16469051
2007-01-16,5.77,5.82,5.77,5.78,19340077
2007-01-17,5.78,5.8,5.73,5.75,29409376
2007-01-18,5.73,5.77,5.68,5.75,17941840
2007-01-19,5.7,5.77,5.67,5.68,29164187
2007-01-22,5.68,5.72,5.61,5.7,22093479
2007-01-23,5.68,5.7,5.65,5.7,5533309
2007-01-24,5.75,5.82,5.72,5.8,26637751
2007-01-25,5.82,5.87,5.75,5.87,19282093
2007-01-26,5.82,5.84,5.78,5.84,9012337
2007-01-29,5.78,5.84,5.7,5.73,11894959
2007-01-30,5.73,5.75,5.7,5.72,15557878
2007-01-31,5.78,5.78,5.65,5.67,14971413
2007-02-01,5.75,5.75,5.67,5.7,6560451
2007-02-02,5.75,5.77,5.7,5.73,20993443
2007-02-05,5.73,5.73,5.7,5.73,10786640
2007-02-06,5.75,5.78,5.68,5.78,12628868
2007-02-07,5.73,5.78,5.7,5.73,7736693
2007-02-08,5.75,5.77,5.65,5.73,14225907
2007-02-09,5.7,5.73,5.67,5.72,17496193
2007-02-12,5.68,5.75,5.65,5.68,12877370
2007-02-13,5.7,5.73,5.68,5.73,14244131
2007-02-14,5.75,5.75,5.7,5.75,20284385
2007-02-26,5.75,5.78,5.63,5.67,36773317
2007-02-27,5.67,5.72,5.61,5.65,35641805
2007-03-01,5.58,5.6,5.48,5.48,35227635
2007-03-02,5.48,5.48,5.38,5.43,35708072
2007-03-05,5.41,5.41,5.21,5.21,21606415
2007-03-06,5.24,5.31,5.17,5.27,41383856
2007-03-07,5.31,5.31,5.21,5.22,30545858
2007-03-08,5.27,5.31,5.22,5.29,9411596
2007-03-09,5.31,5.32,5.24,5.27,28821255
2007-03-12,5.27,5.31,5.24,5.26,7373880
2007-03-13,5.26,5.27,5.21,5.27,16984279
2007-03-14,5.21,5.22,5.1,5.14,39737116
2007-03-15,5.17,5.26,5.15,5.22,16934578
2007-03-16,5.24,5.32,5.21,5.27,35544060
2007-03-19,5.34,5.34,5.22,5.27,21101128
2007-03-20,5.27,5.29,5.21,5.22,35409869
2007-03-21,5.22,5.22,5.15,5.17,35999647
2007-03-22,5.19,5.29,5.19,5.21,71144448
2007-03-23,5.21,5.24,5.19,5.19,54231406
2007-03-26,5.19,5.21,5.12,5.12,31064399
2007-03-27,5.14,5.21,5.12,5.14,23566267
2007-03-28,5.14,5.17,5.07,5.1,19924885
2007-03-29,5.1,5.12,5.07,5.1,22486112
2007-03-30,5.1,5.17,5.09,5.17,17878886
2007-04-02,5.19,5.19,5.1,5.1,21364540
2007-04-03,5.09,5.17,5.0,5.15,101940466
2007-04-04,5.19,5.24,5.17,5.24,47538421
2007-04-09,5.24,5.27,5.22,5.24,24699436
2007-04-10,5.24,5.26,5.19,5.22,21942721
2007-04-11,5.22,5.24,5.17,5.17,26485336
2007-04-12,5.14,5.19,5.12,5.14,43018999
2007-04-13,5.14,5.19,5.14,5.14,47091117
2007-04-16,5.17,5.19,5.1,5.15,29828516
2007-04-17,5.15,5.19,5.1,5.1,51096969
2007-04-18,5.1,5.14,5.09,5.1,49355798
2007-04-19,5.1,5.1,4.97,4.98,57173669
2007-04-20,4.98,5.05,4.98,5.02,27272259
2007-04-23,5.07,5.1,5.05,5.09,19948079
2007-04-24,5.09,5.1,5.04,5.05,12928727
2007-04-25,5.05,5.07,5.0,5.02,21858230
2007-04-26,5.07,5.07,4.95,4.98,42512055
2007-04-27,5.02,5.02,4.97,4.98,16954459
2007-04-30,5.0,5.02,4.9,4.92,20358935
2007-05-02,4.93,4.93,4.88,4.88,17280824
2007-05-03,4.9,4.98,4.9,4.98,14091716
2007-05-04,4.95,5.1,4.95,5.09,24419457
2007-05-07,5.09,5.1,5.04,5.04,11972823
2007-05-08,5.09,5.09,5.04,5.05,16222206
2007-05-09,5.04,5.09,5.02,5.02,10879414
2007-05-10,5.05,5.09,5.02,5.09,21003384
2007-05-11,5.02,5.07,5.0,5.0,15688755
2007-05-14,5.0,5.02,4.97,4.98,10167042
2007-05-15,4.93,4.97,4.9,4.92,14133133
2007-05-16,4.93,4.95,4.9,4.92,7317553
2007-05-17,4.95,4.98,4.92,4.92,11497356
2007-05-18,4.92,4.93,4.9,4.92,11081529
2007-05-21,4.92,5.0,4.92,4.92,28806344
2007-05-22,4.93,4.97,4.92,4.93,11091469
2007-05-23,4.97,5.0,4.93,4.95,13351180
2007-05-24,4.95,4.97,4.9,4.9,27000564
2007-05-25,4.9,4.9,4.81,4.83,36047691
2007-05-28,4.83,4.85,4.81,4.83,16276877
2007-05-29,4.87,4.88,4.83,4.87,13651039
2007-05-30,4.83,4.87,4.78,4.83,24084808
2007-05-31,4.85,4.9,4.78,4.9,32815509
2007-06-01,4.85,4.87,4.81,4.83,19172753
2007-06-04,4.85,4.88,4.81,4.83,17829185
2007-06-05,4.83,4.85,4.78,4.83,32828763
2007-06-06,4.83,4.87,4.81,4.85,18076031
2007-06-07,4.85,4.88,4.78,4.78,25024145
2007-06-08,4.78,4.85,4.78,4.85,15846140
2007-06-11,4.85,4.87,4.83,4.85,11553683
2007-06-12,4.85,4.9,4.85,4.88,17020726
2007-06-13,4.88,4.97,4.88,4.93,64897110
2007-06-14,4.97,5.12,4.97,5.07,103552415
2007-06-15,5.14,5.34,5.14,5.31,145567466
2007-06-20,5.41,5.53,5.41,5.53,129847234
2007-06-21,5.55,5.55,5.36,5.46,65538245
2007-06-22,5.46,5.46,5.34,5.38,39140712
2007-06-25,5.36,5.48,5.36,5.38,34281671
2007-06-26,5.43,5.44,5.34,5.34,26995594
2007-06-27,5.34,5.41,5.32,5.41,26997250
2007-06-28,5.43,5.44,5.39,5.44,26859746
2007-06-29,5.44,5.46,5.34,5.34,30312266
2007-07-02,5.41,5.44,5.36,5.44,16112865
2007-07-03,5.44,5.49,5.43,5.48,36216672
2007-07-04,5.49,5.53,5.44,5.46,19934825
2007-07-05,5.46,5.53,5.46,5.51,34503666
2007-07-06,5.51,5.6,5.49,5.55,28060839
2007-07-09,5.58,5.72,5.58,5.72,39304723
2007-07-10,5.72,5.78,5.68,5.78,59244519
2007-07-11,5.72,5.8,5.7,5.8,43101833
2007-07-12,5.87,6.11,5.87,5.99,99387522
2007-07-13,6.11,6.17,6.06,6.13,98544272
2007-07-16,6.17,6.46,6.1,6.3,141540078
2007-07-17,6.32,6.37,6.22,6.25,68825097
2007-07-18,6.24,6.41,6.2,6.3,61862073
2007-07-19,6.24,6.3,6.18,6.27,63898132
2007-07-20,6.29,6.29,6.2,6.25,28037645
2007-07-23,6.24,6.27,6.2,6.22,49836235
2007-07-24,6.24,6.24,6.11,6.2,57345964
2007-07-25,6.15,6.15,6.08,6.11,36851181
2007-07-26,6.11,6.22,6.04,6.06,70205111
2007-07-27,5.82,5.89,5.66,5.68,86978992
2007-07-30,5.54,5.7,5.46,5.68,81586500
2007-07-31,5.82,5.89,5.75,5.78,46575890
2007-08-01,5.68,5.72,5.47,5.47,60258407
2007-08-02,5.54,5.61,5.47,5.59,50722559
2007-08-03,5.7,5.73,5.54,5.63,30477934
2007-08-06,5.49,5.54,5.47,5.49,44806556
2007-08-07,5.54,5.61,5.44,5.44,21949348
2007-08-08,5.52,5.58,5.49,5.54,25502925
2007-08-09,5.54,5.58,5.49,5.51,24480754
2007-08-10,5.44,5.44,5.33,5.33,39187099
2007-08-13,5.37,5.46,5.33,5.46,16273563
2007-08-14,5.46,5.52,5.4,5.4,20294325
2007-08-15,5.37,5.39,5.25,5.3,31049489
2007-08-16,5.2,5.23,5.02,5.07,59309129
2007-08-17,5.09,5.2,4.99,5.07,45752520
2007-08-20,5.27,5.27,5.13,5.23,26930983
2007-08-21,5.18,5.18,5.13,5.13,35500987
2007-08-22,5.2,5.23,5.14,5.18,23019563
2007-08-23,5.32,5.33,5.23,5.25,27724533
2007-08-24,5.27,5.27,5.13,5.13,18351039
2007-08-27,5.18,5.21,5.11,5.13,13192139
2007-08-28,5.13,5.23,5.13,5.23,15920690
2007-08-29,5.11,5.23,5.11,5.2,11268734
2007-08-30,5.21,5.25,5.16,5.18,27590342
2007-08-31,5.16,5.42,5.16,5.42,31442122
2007-09-03,5.39,5.39,5.28,5.3,8790341
2007-09-04,5.3,5.37,5.23,5.28,18765209
2007-09-05,5.3,5.32,5.16,5.21,15965421
2007-09-06,5.16,5.18,5.09,5.16,28362354
2007-09-07,5.16,5.2,5.13,5.16,25537716
2007-09-10,5.09,5.09,5.04,5.06,39578075
2007-09-11,5.06,5.11,5.06,5.11,26117553
2007-09-12,5.18,5.18,5.07,5.09,23471836
2007-09-13,5.13,5.13,5.06,5.06,19800634
2007-09-14,5.09,5.14,5.09,5.14,33259499
2007-09-17,5.14,5.16,5.02,5.07,19398061
2007-09-18,5.07,5.07,5.07,5.07,0
2007-09-19,5.16,5.2,5.14,5.16,67491470
2007-09-20,5.16,5.23,5.06,5.13,48370074
2007-09-21,5.09,5.11,5.02,5.04,33337363
2007-09-26,5.06,5.11,5.02,5.06,77113465
2007-09-27,5.07,5.21,5.07,5.2,60309764
2007-09-28,5.23,5.32,5.21,5.27,59900564
2007-10-01,5.35,5.37,5.27,5.33,29205604
2007-10-02,5.39,5.61,5.37,5.56,95240853
2007-10-03,5.65,5.78,5.56,5.75,111632041
2007-10-04,5.75,5.75,5.59,5.63,68762143
2007-10-05,5.59,5.63,5.54,5.59,53456080
2007-10-08,5.61,5.68,5.58,5.65,62377300
2007-10-09,5.63,5.65,5.56,5.56,34995699
2007-10-11,5.59,5.7,5.59,5.65,47694149
2007-10-12,5.61,5.65,5.44,5.46,42154212
2007-10-15,5.49,5.49,5.32,5.37,32023616
2007-10-16,5.3,5.33,5.2,5.23,76664505
2007-10-17,5.23,5.23,5.16,5.2,39246739
2007-10-18,5.16,5.2,5.13,5.16,57016285
2007-10-19,5.16,5.16,5.07,5.09,45966232
2007-10-22,5.02,5.04,4.99,5.04,51154952
2007-10-23,5.09,5.13,5.06,5.11,18582975
2007-10-24,5.04,5.06,5.02,5.06,32078287
2007-10-25,5.09,5.11,5.02,5.09,31682340
2007-10-26,5.09,5.28,5.06,5.27,39978992
2007-10-29,5.32,5.35,5.25,5.28,31659147
2007-10-30,5.28,5.3,5.21,5.23,11946316
2007-10-31,5.21,5.23,5.16,5.2,36733556
2007-11-01,5.23,5.25,5.11,5.16,37782235
2007-11-02,5.04,5.07,4.85,4.85,79381459
2007-11-05,4.87,4.94,4.8,4.92,45010328
2007-11-06,4.92,4.92,4.81,4.81,49055939
2007-11-07,4.9,4.92,4.81,4.9,37091399
2007-11-08,4.81,4.85,4.76,4.76,37074832
2007-11-09,4.78,4.81,4.76,4.78,17878886
2007-11-12,4.76,4.76,4.56,4.61,52662531
2007-11-13,4.64,4.73,4.56,4.66,26594677
2007-11-14,4.73,4.81,4.71,4.73,21352943
2007-11-15,4.69,4.75,4.66,4.68,25630490
2007-11-16,4.64,4.66,4.59,4.64,24392950
2007-11-19,4.71,4.8,4.69,4.71,28514769
2007-11-20,4.68,4.68,4.54,4.62,45436094
2007-11-21,4.61,4.61,4.5,4.5,50929644
2007-11-22,4.47,4.54,4.47,4.47,27467747
2007-11-23,4.49,4.5,4.43,4.43,14007226
2007-11-26,4.47,4.54,4.47,4.54,43076983
2007-11-27,4.5,4.52,4.4,4.43,21659429
2007-11-28,4.47,4.5,4.4,4.4,18924251
2007-11-29,4.5,4.54,4.45,4.54,14991293
2007-11-30,4.5,4.61,4.5,4.61,30796017
2007-12-03,4.61,4.61,4.47,4.5,18780119
2007-12-04,4.5,4.5,4.43,4.45,25270990
2007-12-05,4.45,4.47,4.4,4.45,41504794
2007-12-06,4.5,4.5,4.43,4.47,31998766
2007-12-07,4.47,4.52,4.43,4.49,43151533
2007-12-10,4.43,4.49,4.4,4.4,19797321
2007-12-11,4.43,4.43,4.36,4.38,23589460
2007-12-12,4.35,4.35,4.28,4.28,40280507
2007-12-13,4.28,4.31,4.16,4.16,43325485
2007-12-14,4.16,4.17,4.04,4.07,42051498
2007-12-17,4.07,4.09,3.93,3.97,24976101
2007-12-18,3.97,4.02,3.91,3.98,31213500
2007-12-19,4.02,4.07,3.97,4.04,31413958
2007-12-20,4.02,4.07,3.95,3.95,27746070
2007-12-21,3.98,4.12,3.95,4.04,27090024
2007-12-24,4.09,4.16,4.09,4.12,16341487
2007-12-25,4.12,4.16,4.1,4.14,7860944
2007-12-26,4.12,4.16,4.05,4.14,10526542
2007-12-27,4.12,4.23,4.12,4.21,26329608
2007-12-28,4.19,4.26,4.16,4.21,17892139
2007-12-31,4.12,4.16,4.05,4.14,10526542
2008-01-02,4.24,4.24,4.1,4.1,21101128
2008-01-03,4.05,4.12,4.02,4.1,19598519
2008-01-04,4.09,4.28,4.05,4.28,32510680
2008-01-07,4.21,4.26,4.17,4.17,22250863
2008-01-08,4.19,4.3,4.19,4.26,17724815
2008-01-09,4.16,4.23,4.1,4.23,40923299
2008-01-10,4.23,4.24,4.16,4.16,23963870
2008-01-11,4.21,4.26,4.19,4.21,21583221
2008-01-14,4.31,4.49,4.31,4.4,69711421
2008-01-15,4.49,4.69,4.47,4.69,117889320
2008-01-16,4.71,4.8,4.61,4.69,155600318
2008-01-17,4.73,4.85,4.61,4.66,121237470
2008-01-18,4.5,4.68,4.49,4.64,101527952
2008-01-21,4.59,4.68,4.57,4.61,56655129
2008-01-22,4.3,4.33,4.3,4.3,44271449
2008-01-23,4.3,4.33,4.14,4.17,46284314
2008-01-24,4.3,4.31,4.19,4.26,48563905
2008-01-25,4.28,4.33,4.26,4.28,77264223
2008-01-28,4.3,4.31,4.1,4.1,20224744
2008-01-29,4.12,4.24,4.12,4.24,17817589
2008-01-30,4.33,4.33,4.16,4.21,39703983
2008-01-31,4.21,4.28,4.16,4.28,29184067
2008-02-01,4.21,4.3,4.21,4.23,58392986
2008-02-12,4.16,4.16,4.07,4.1,67251251
2008-02-13,4.12,4.16,4.05,4.1,25642086
2008-02-14,4.19,4.26,4.17,4.26,49253084
2008-02-15,4.23,4.26,4.19,4.23,22287310
2008-02-18,4.28,4.28,4.21,4.24,19633309
2008-02-19,4.26,4.28,4.21,4.26,42840077
2008-02-20,4.23,4.24,4.1,4.14,25865738
2008-02-21,4.14,4.21,4.14,4.21,16936235
2008-02-22,4.16,4.23,4.16,4.23,12935354
2008-02-25,4.26,4.38,4.24,4.38,92411245
2008-02-26,4.43,4.57,4.42,4.56,125576313
2008-02-27,4.61,4.62,4.57,4.62,100373247
2008-02-29,4.64,4.78,4.61,4.73,155038704
2008-03-03,4.57,4.76,4.57,4.76,62435284
2008-03-04,4.76,4.85,4.69,4.75,73493620
2008-03-05,4.75,4.75,4.66,4.68,45386394
2008-03-06,4.68,4.76,4.68,4.76,52622770
2008-03-07,4.68,4.71,4.62,4.66,49032746
2008-03-10,4.64,4.66,4.43,4.49,57470215
2008-03-11,4.43,4.57,4.43,4.57,25653683
2008-03-12,4.68,4.73,4.68,4.71,40240747
2008-03-13,4.71,4.73,4.52,4.57,29512090
2008-03-14,4.64,4.64,4.5,4.54,22211103
2008-03-17,4.49,4.5,4.4,4.45,33360557
2008-03-18,4.45,4.49,4.35,4.42,49620867
2008-03-19,4.5,4.71,4.5,4.69,52626084
2008-03-20,4.68,4.87,4.61,4.87,85019140
2008-03-21,4.92,5.01,4.87,4.97,95979732
2008-03-24,5.32,5.32,5.18,5.25,172100847
2008-03-25,5.21,5.23,5.11,5.2,88687029
2008-03-26,5.2,5.32,5.13,5.2,110261967
2008-03-27,5.16,5.21,5.01,5.07,42745647
2008-03-28,5.07,5.18,5.04,5.11,47455587
2008-03-31,5.11,5.11,4.94,4.99,34034825
2008-04-01,5.01,5.01,4.83,4.83,36909164
2008-04-02,4.81,4.9,4.68,4.87,75350758
2008-04-03,4.83,4.85,4.78,4.81,37540359
2008-04-07,4.85,4.92,4.8,4.9,44500070
2008-04-08,4.9,4.9,4.76,4.76,44819810
2008-04-09,4.78,4.88,4.76,4.83,35494360
2008-04-10,4.81,4.95,4.81,4.95,34733944
2008-04-11,4.99,5.13,4.92,5.13,83683856
2008-04-14,5.07,5.23,5.07,5.23,98612196
2008-04-15,5.27,5.28,5.09,5.2,80908918
2008-04-16,5.27,5.39,5.23,5.37,94732253
2008-04-17,5.4,5.4,5.27,5.32,40507473
2008-04-18,5.32,5.33,5.21,5.21,22956609
2008-04-21,5.25,5.28,5.21,5.25,32513993
2008-04-22,5.25,5.28,5.21,5.25,20796299
2008-04-23,5.25,5.25,5.21,5.23,27419704
2008-04-24,5.25,5.3,5.2,5.28,41460063
2008-04-25,5.28,5.33,5.27,5.27,28821255
2008-04-28,5.28,5.33,5.28,5.33,31185336
2008-04-29,5.33,5.35,5.16,5.23,34328058
2008-04-30,5.14,5.21,5.11,5.21,33347303
2008-05-02,5.23,5.3,5.23,5.28,23632534
2008-05-05,5.28,5.28,5.09,5.16,23922453
2008-05-06,5.16,5.2,5.09,5.16,14928339
2008-05-07,5.18,5.23,5.14,5.21,13326330
2008-05-08,5.16,5.16,5.06,5.09,20203207
2008-05-09,5.06,5.07,4.94,4.94,26859746
2008-05-12,4.94,4.95,4.81,4.88,26412442
2008-05-13,4.88,5.04,4.87,5.02,23123933
2008-05-14,5.02,5.02,4.94,4.99,6764222
2008-05-15,5.02,5.16,5.02,5.16,41352379
2008-05-16,5.16,5.23,5.11,5.21,25009235
2008-05-19,5.21,5.27,5.16,5.27,12120267
2008-05-20,5.27,5.28,4.92,5.01,63165879
2008-05-21,4.99,5.01,4.9,4.9,30751286
2008-05-22,4.81,4.99,4.69,4.99,43038879
2008-05-23,4.94,4.97,4.83,4.88,26950863
2008-05-26,4.83,4.88,4.8,4.81,33541135
2008-05-27,4.85,4.88,4.78,4.83,20859252
2008-05-28,4.85,4.85,4.78,4.81,19979556
2008-05-29,4.85,4.88,4.81,4.81,16921325
2008-05-30,4.85,4.88,4.78,4.78,28746704
2008-06-02,4.8,5.02,4.8,5.02,35961544
2008-06-03,4.94,4.95,4.78,4.88,30482904
2008-06-04,4.88,4.95,4.85,4.94,9204511
2008-06-05,4.95,5.02,4.76,5.02,46892316
2008-06-06,4.94,5.01,4.9,4.9,9300599
2008-06-09,4.85,4.87,4.8,4.81,13616249
2008-06-10,4.85,4.85,4.73,4.75,36574515
2008-06-11,4.75,4.87,4.75,4.78,9232675
2008-06-12,4.73,4.75,4.57,4.57,52104230
2008-06-13,4.61,4.64,4.56,4.59,23365809
2008-06-16,4.62,4.68,4.59,4.68,10435424
2008-06-17,4.71,4.78,4.71,4.75,27739443
2008-06-18,4.75,4.85,4.73,4.83,23846246
2008-06-19,4.76,4.76,4.61,4.61,37437645
2008-06-20,4.64,4.71,4.59,4.62,22572259
2008-06-23,4.59,4.76,4.57,4.71,26551604
2008-06-24,4.71,4.75,4.62,4.64,9221078
2008-06-25,4.66,4.87,4.66,4.83,41529644
2008-06-26,4.85,4.85,4.73,4.78,28272894
2008-06-27,4.62,4.73,4.61,4.71,27898484
2008-06-30,4.71,4.73,4.54,4.56,22673317
2008-07-01,4.57,4.64,4.5,4.56,15337539
2008-07-02,4.52,4.8,4.42,4.8,64075397
2008-07-03,4.47,4.61,4.47,4.5,44922524
2008-07-04,4.54,4.56,4.36,4.36,20299295
2008-07-07,4.38,4.54,4.38,4.45,10463588
2008-07-08,4.45,4.45,4.19,4.24,23017906
2008-07-09,4.3,4.42,4.26,4.26,21351286
2008-07-10,4.26,4.36,4.23,4.26,18420620
2008-07-11,4.26,4.4,4.21,4.4,10750193
2008-07-14,4.33,4.36,4.21,4.24,17053859
2008-07-15,4.12,4.21,3.98,4.09,27953154
2008-07-16,4.05,4.16,3.98,4.04,35625238
2008-07-17,4.2,4.24,4.13,4.24,26260028
2008-07-18,4.31,4.31,3.99,4.03,23640817
2008-07-21,4.13,4.31,4.13,4.22,23809799
2008-07-22,4.24,4.34,4.2,4.27,13331300
2008-07-23,4.41,4.57,4.36,4.57,32540500
2008-07-24,4.61,4.64,4.47,4.64,15506521
2008-07-25,4.55,4.55,4.48,4.5,15403806
2008-07-28,4.5,4.5,4.5,4.5,0
2008-07-29,4.43,4.43,4.29,4.38,14923369
2008-07-30,4.45,4.47,4.36,4.38,15622488
2008-07-31,4.43,4.54,4.2,4.25,21205498
2008-08-01,4.2,4.2,4.06,4.1,21990765
2008-08-04,4.15,4.18,4.04,4.18,7305957
2008-08-05,4.27,4.27,4.01,4.01,27747726
2008-08-06,4.13,4.29,4.1,4.29,26264998
2008-08-07,4.29,4.32,4.15,4.2,14396545
2008-08-08,4.11,4.43,4.11,4.38,21275079
2008-08-11,4.48,4.48,4.31,4.31,5418998
2008-08-12,4.27,4.31,4.2,4.25,12875713
2008-08-13,4.24,4.25,4.13,4.17,13771977
2008-08-14,4.17,4.22,4.11,4.11,18036270
2008-08-15,4.15,4.17,4.03,4.1,17719845
2008-08-18,4.06,4.06,3.82,3.83,27987945
2008-08-19,3.78,3.87,3.71,3.87,15251392
2008-08-20,3.85,3.89,3.75,3.89,22230983
2008-08-21,3.75,3.8,3.73,3.8,13717307
2008-08-22,3.82,3.85,3.68,3.75,21371166
2008-08-25,3.76,3.82,3.73,3.8,18867924
2008-08-26,3.75,3.76,3.54,3.59,47858160
2008-08-27,3.55,3.8,3.55,3.76,45026894
2008-08-28,3.73,3.75,3.59,3.66,49289531
2008-08-29,3.68,3.87,3.68,3.87,35305499
2008-09-01,3.83,3.83,3.69,3.75,17714875
2008-09-02,3.78,3.78,3.66,3.66,13284913
2008-09-03,3.69,3.78,3.47,3.55,22925132
2008-09-04,3.55,3.62,3.48,3.5,17323898
2008-09-05,3.36,3.54,3.36,3.45,20885759
2008-09-08,3.68,3.68,3.61,3.68,8230384
2008-09-09,3.73,3.73,3.57,3.66,11122946
2008-09-10,3.71,3.78,3.59,3.64,22008988
2008-09-11,3.71,3.71,3.52,3.52,17496193
2008-09-12,3.55,3.61,3.54,3.61,8281741
2008-09-15,3.52,3.52,3.35,3.35,25019175
2008-09-16,3.12,3.22,3.12,3.12,40055199
2008-09-17,3.33,3.34,3.17,3.28,28872612
2008-09-18,3.18,3.18,3.05,3.05,58664681
2008-09-19,3.09,3.24,3.09,3.2,35953260
2008-09-22,3.33,3.36,3.21,3.3,15342509
2008-09-23,3.22,3.33,3.21,3.32,22216073
2008-09-24,3.32,3.42,3.22,3.29,11397955
2008-09-25,3.28,3.42,3.25,3.31,26008213
2008-09-26,3.43,3.43,3.16,3.28,19007085
2008-09-29,3.28,3.28,3.28,3.28,0
2008-09-30,3.05,3.09,3.05,3.05,30330490
2008-10-01,3.12,3.12,2.88,2.93,17769545
2008-10-02,2.93,3.01,2.88,2.88,16142686
2008-10-03,2.87,2.93,2.84,2.85,21773740
2008-10-06,2.78,2.78,2.65,2.65,28292774
2008-10-07,2.47,2.73,2.47,2.67,40409728
2008-10-08,2.52,2.62,2.48,2.48,21616355
2008-10-09,2.4,2.49,2.31,2.31,63740747
2008-10-13,2.23,2.28,2.23,2.23,33511315
2008-10-14,2.39,2.39,2.35,2.39,73735495
2008-10-15,2.38,2.38,2.31,2.31,47076207
2008-10-16,2.23,2.23,2.23,2.23,5718857
2008-10-17,2.17,2.22,2.15,2.16,33125308
2008-10-20,2.08,2.15,2.08,2.12,36639126
2008-10-21,2.19,2.26,2.16,2.21,35151427
2008-10-22,2.15,2.36,2.15,2.23,33264469
2008-10-23,2.15,2.21,2.15,2.19,30587275
2008-10-24,2.13,2.16,2.12,2.12,31341064
2008-10-27,2.0,2.1,1.97,1.97,19868558
2008-10-28,1.84,2.11,1.84,2.11,55309905
2008-10-29,2.26,2.26,2.17,2.2,48197779
2008-10-30,2.27,2.35,2.27,2.35,20131970
2008-10-31,2.42,2.5,2.35,2.45,50550264
2008-11-03,2.45,2.5,2.37,2.49,44604441
2008-11-04,2.48,2.59,2.4,2.57,27124815
2008-11-05,2.59,2.75,2.59,2.63,41132041
2008-11-06,2.49,2.52,2.45,2.45,27374973
2008-11-07,2.5,2.57,2.35,2.45,34752168
2008-11-10,2.48,2.54,2.47,2.53,28995206
2008-11-11,2.36,2.41,2.36,2.36,14293831
2008-11-12,2.23,2.28,2.19,2.21,33804547
2008-11-13,2.12,2.12,2.06,2.06,21014980
2008-11-14,2.08,2.08,2.0,2.06,37323334
2008-11-17,1.99,2.2,1.99,2.13,24300176
2008-11-18,2.15,2.27,2.14,2.18,42808600
2008-11-19,2.28,2.28,2.2,2.24,40260627741
2008-11-20,2.15,2.19,2.09,2.09,28861015
2008-11-21,1.95,2.08,1.95,2.03,57085865
2008-11-24,2.01,2.01,1.93,1.95,40731124
2008-11-25,2.03,2.08,2.0,2.08,47076207
2008-11-26,2.08,2.2,2.05,2.16,32994430
2008-11-27,2.19,2.31,2.19,2.31,36272999
2008-11-28,2.31,2.38,2.26,2.38,29621431
2008-12-01,2.38,2.55,2.36,2.53,48669933
2008-12-02,2.36,2.41,2.36,2.36,27853754
2008-12-03,2.36,2.45,2.31,2.31,42364610
2008-12-04,2.35,2.36,2.26,2.26,25259393925
2008-12-05,2.24,2.31,2.24,2.26,14709658
2008-12-08,2.32,2.42,2.32,2.42,28761614
2008-12-09,2.58,2.59,2.56,2.58,64849066
2008-12-10,2.53,2.71,2.53,2.71,45137892
2008-12-11,2.63,2.7,2.61,2.63,29674445
2008-12-12,2.56,2.58,2.44,2.49,49687134
2008-12-15,2.54,2.6,2.45,2.52,34525202
2008-12-16,2.52,2.63,2.47,2.63,52664187
2008-12-17,2.66,2.69,2.55,2.62,67852626
2008-12-18,2.59,2.62,2.5,2.53,22244237
2008-12-19,2.53,2.53,2.53,2.53,40926612942
2008-12-22,2.53,2.57,2.41,2.41,41716849
2008-12-23,2.41,2.45,2.24,2.27,41175114
2008-12-24,2.17,2.32,2.17,2.31,24831970
2008-12-25,2.3,2.33,2.26,2.33,7004441
2008-12-26,2.33,2.36,2.3,2.34,7769827
2008-12-29,2.34,2.36,2.31,2.36,9583891
2008-12-30,2.4,2.51,2.39,2.5,25019175
2008-12-31,2.52,2.52,2.45,2.5,22467888
2009-01-02,2.5,2.5,2.5,2.5,0
2009-01-05,2.56,2.61,2.48,2.51,22262460
2009-01-06,2.51,2.52,2.46,2.47,14820655
2009-01-07,2.51,2.51,2.47,2.48,23804829
2009-01-08,2.37,2.41,2.31,2.33,34392668
2009-01-09,2.31,2.33,2.27,2.3,19775784
2009-01-12,2.26,2.3,2.19,2.21,20806239
2009-01-13,2.28,2.28,2.2,2.24,20544483
2009-01-14,2.24,2.31,2.24,2.25,19976242
2009-01-15,2.14,2.14,2.1,2.1,38020796
2009-01-16,2.11,2.11,2.04,2.07,38264328
2009-01-19,2.11,2.12,2.06,2.06,32121360
2009-01-20,2.03,2.03,1.95,1.96,32881776
2009-01-21,1.92,1.96,1.92,1.95,57317800
2009-02-02,1.95,1.95,1.86,1.9,56549101
2009-02-03,1.88,1.95,1.88,1.92,46496369
2009-02-04,1.94,1.94,1.91,1.92,23263095
2009-02-05,1.93,1.95,1.91,1.92,33922171
2009-02-06,1.94,1.97,1.92,1.94,62320973
2009-02-09,1.96,1.98,1.9,1.9,47879697
2009-02-10,1.92,1.94,1.92,1.93,38895523
2009-02-11,1.88,1.94,1.87,1.93,43159817
2009-02-12,1.97,1.99,1.94,1.94,60662637
2009-02-13,1.97,2.02,1.95,2.0,54481565
2009-02-16,2.0,2.03,1.98,2.01,27333556
2009-02-17,2.0,2.0,1.95,1.99,33705146
2009-02-18,1.94,2.0,1.93,1.98,34815121
2009-02-19,1.94,2.02,1.92,1.99,42715826
2009-02-20,1.95,1.99,1.92,1.92,53512407
2009-02-23,1.89,1.95,1.87,1.93,22424815
2009-02-24,1.91,1.95,1.88,1.92,34791928
2009-02-25,1.96,2.05,1.94,2.05,68545118
2009-02-26,2.08,2.1,2.02,2.05,44700529
2009-02-27,2.05,2.07,2.02,2.05,35385019
2009-03-02,2.0,2.0,1.92,1.92,51728163
2009-03-03,1.87,1.92,1.87,1.92,19764187
2009-03-04,1.92,1.97,1.89,1.95,32909940
2009-03-05,2.0,2.04,2.0,2.02,40742721
2009-03-06,1.98,2.01,1.97,2.0,24184208
2009-03-09,2.01,2.04,1.99,2.0,34950969
2009-03-10,2.01,2.04,2.01,2.02,53446140
2009-03-11,2.07,2.1,2.07,2.07,61633451
2009-03-12,2.04,2.06,2.02,2.03,32972894
2009-03-13,2.07,2.13,2.03,2.12,83307790
2009-03-16,2.16,2.17,2.11,2.16,46468206
2009-03-17,2.17,2.23,2.17,2.22,54025978
2009-03-18,2.22,2.25,2.19,2.2,53036940
2009-03-19,2.22,2.3,2.21,2.24,82694819
2009-03-20,2.23,2.23,2.15,2.15,36060944
2009-03-23,2.17,2.22,2.15,2.22,39627776
2009-03-24,2.29,2.33,2.28,2.3,69295594
2009-03-25,2.35,2.35,2.29,2.31,55604794
2009-03-26,2.31,2.41,2.31,2.41,109392210
2009-03-27,2.45,2.5,2.43,2.47,76010116
2009-03-30,2.45,2.46,2.33,2.35,48454565
2009-03-31,2.35,2.4,2.34,2.36,43585583
2009-04-02,2.5,2.59,2.47,2.58,161226402
2009-04-03,2.58,2.76,2.58,2.71,183392775
2009-04-06,2.75,2.9,2.74,2.83,104437082
2009-04-07,2.76,2.84,2.71,2.8,93315792
2009-04-08,2.78,2.94,2.67,2.67,116091823
2009-04-09,2.77,2.85,2.7,2.85,75556186
2009-04-10,3.01,3.05,2.93,3.05,112758583
2009-04-13,3.05,3.15,2.95,3.12,65920938
2009-04-14,3.12,3.12,3.0,3.09,57385724
2009-04-15,3.09,3.12,3.05,3.05,51063835
2009-04-16,3.26,3.26,3.23,3.26,122875926
2009-04-17,3.33,3.44,3.03,3.05,180997216
2009-04-20,3.09,3.19,2.94,3.03,132259359
2009-04-21,2.84,2.95,2.82,2.94,129643462
2009-04-22,2.94,2.95,2.84,2.88,158632042
2009-04-23,2.84,2.85,2.77,2.84,69906909
2009-04-24,2.85,2.98,2.85,2.94,99342792
2009-04-27,3.01,3.02,2.77,2.79,84768981
2009-04-28,2.84,2.89,2.79,2.8,58891646
2009-04-29,2.82,2.9,2.82,2.85,69118329
2009-04-30,3.05,3.05,3.05,3.05,172427213
2009-05-04,3.26,3.26,3.26,3.26,65216849
2009-05-05,3.48,3.48,3.48,3.48,100737716
2009-05-06,3.64,3.71,3.5,3.71,425528096
2009-05-07,3.78,3.82,3.47,3.55,274395842
2009-05-08,3.37,3.48,3.37,3.42,169067466
2009-05-11,3.43,3.66,3.42,3.61,132574128
2009-05-12,3.47,3.5,3.4,3.45,102240325
2009-05-13,3.47,3.5,3.38,3.4,60569863
2009-05-14,3.19,3.29,3.16,3.16,114367219
2009-05-15,3.16,3.31,3.16,3.28,108539020
2009-05-18,3.29,3.49,3.26,3.49,91274762
2009-05-19,3.73,3.73,3.61,3.73,184847340
2009-05-20,3.73,3.8,3.55,3.68,156277900
2009-05-21,3.64,3.75,3.52,3.62,98413395
2009-05-22,3.54,3.69,3.5,3.66,96960487
2009-05-25,3.71,3.73,3.57,3.62,89787064
2009-05-26,3.62,3.64,3.45,3.48,72706697
2009-05-27,3.55,3.69,3.5,3.57,129862144
2009-06-01,3.66,3.82,3.64,3.82,225232218
2009-06-02,3.96,4.08,3.85,3.96,347955730
2009-06-03,3.96,4.03,3.82,4.03,139946352
2009-06-04,4.06,4.08,3.85,3.89,118709377
2009-06-05,3.9,3.99,3.78,3.82,99132394
2009-06-08,3.96,3.96,3.64,3.69,87270568
2009-06-09,3.69,3.73,3.44,3.44,108096687
2009-06-10,3.43,3.55,3.36,3.46,49277934
2009-06-11,3.43,3.48,3.33,3.42,58626577
2009-06-12,3.41,3.45,3.27,3.27,42699260
2009-06-15,3.38,3.5,3.33,3.43,107659324
2009-06-16,3.5,3.54,3.32,3.35,66414628
2009-06-17,3.35,3.59,3.35,3.55,111607191
2009-06-18,3.59,3.61,3.38,3.42,72019175
2009-06-19,3.46,3.55,3.41,3.52,54004441
2009-06-22,3.54,3.69,3.52,3.68,62874304
2009-06-23,3.55,3.64,3.54,3.61,51557525
2009-06-24,3.64,3.85,3.64,3.85,102627988
2009-06-25,3.96,4.11,3.92,4.11,232244943
2009-06-26,4.13,4.38,4.06,4.29,225677865
2009-06-29,4.36,4.5,4.32,4.32,173893374
2009-06-30,4.41,4.5,4.03,4.03,199961228
2009-07-01,3.94,4.2,3.92,4.2,156940572
2009-07-02,4.2,4.2,4.03,4.1,138907614
2009-07-03,4.1,4.27,4.08,4.18,131684491
2009-07-06,4.24,4.25,4.11,4.15,61207684
2009-07-07,4.17,4.32,4.15,4.22,92088192
2009-07-08,4.17,4.2,4.06,4.1,72877335
2009-07-09,4.1,4.24,4.1,4.13,65129045
2009-07-10,4.13,4.17,4.03,4.04,53799013
2009-07-13,3.97,3.99,3.76,3.76,57218400
2009-07-14,3.73,3.78,3.66,3.69,112432218
2009-07-15,3.73,3.83,3.71,3.76,87900106
2009-07-16,3.85,3.92,3.78,3.78,73424040
2009-07-17,3.8,3.83,3.75,3.76,55225414
2009-07-20,3.82,4.03,3.78,4.03,148284421
2009-07-21,4.03,4.06,3.94,3.96,70700458
2009-07-22,3.99,4.13,3.99,4.04,90479556
2009-07-23,4.01,4.08,3.94,3.97,39553225
2009-07-24,4.04,4.06,3.96,4.04,45827071
2009-07-27,4.06,4.08,3.99,3.99,31148889
2009-07-28,4.01,4.06,3.97,4.01,36443637
2009-07-29,4.04,4.06,3.83,3.9,65877864
2009-07-30,3.85,3.9,3.8,3.8,41557807
2009-07-31,3.85,3.89,3.75,3.78,52949136
2009-08-03,3.8,3.85,3.75,3.83,25574163
2009-08-04,3.87,4.01,3.85,3.9,78574656
2009-08-05,3.9,3.9,3.64,3.71,76318259
2009-08-06,3.71,3.78,3.68,3.73,30522665
2009-08-07,3.73,3.73,3.73,3.73,0
2009-08-10,3.71,3.73,3.61,3.62,29846739
2009-08-11,3.64,3.68,3.5,3.54,51121819
2009-08-12,3.54,3.55,3.46,3.5,41252978
2009-08-13,3.55,3.75,3.52,3.75,59478111
2009-08-14,3.71,3.76,3.66,3.68,36889284
2009-08-17,3.68,3.68,3.5,3.59,42878181
2009-08-18,3.54,3.57,3.5,3.52,40219210
2009-08-19,3.54,3.59,3.5,3.5,37447585
2009-08-20,3.5,3.5,3.41,3.47,39428974
2009-08-21,3.47,3.54,3.36,3.36,49380648
2009-08-24,3.49,3.59,3.44,3.59,52031336
2009-08-25,3.57,3.57,3.49,3.5,28410398
2009-08-26,3.5,3.55,3.4,3.47,32121360
2009-08-27,3.4,3.5,3.4,3.43,18541558
2009-08-28,3.45,3.57,3.44,3.48,49445259
2009-08-31,3.52,3.52,3.45,3.46,20956996
2009-09-01,3.45,3.62,3.45,3.62,43491152
2009-09-02,3.59,3.75,3.55,3.71,59809447
2009-09-03,3.71,3.76,3.62,3.73,67839373
2009-09-04,3.82,3.85,3.76,3.76,69709764
2009-09-07,3.85,3.92,3.82,3.89,71041734
2009-09-08,3.92,3.96,3.85,3.9,45364857
2009-09-09,3.96,4.01,3.85,3.89,59870744
2009-09-10,4.15,4.15,4.03,4.08,261505218
2009-09-11,4.11,4.25,4.1,4.24,154208707
2009-09-14,4.29,4.31,4.17,4.17,78889426
2009-09-15,4.17,4.2,4.11,4.17,80561015
2009-09-16,4.24,4.25,4.18,4.24,57526542
2009-09-17,4.29,4.34,4.24,4.27,82093444
2009-09-18,4.27,4.36,4.2,4.36,50865033
2009-09-21,4.36,4.4,4.27,4.29,46743215
2009-09-22,4.32,4.55,4.32,4.4,128097780
2009-09-23,4.45,4.47,4.27,4.31,67252908
2009-09-24,4.38,4.41,4.24,4.25,57415545
2009-09-25,4.2,4.43,4.2,4.38,63015122
2009-09-28,4.36,4.47,4.36,4.47,68599789
2009-09-29,4.55,4.68,4.55,4.62,100379873
2009-09-30,4.62,4.64,4.57,4.62,50303419
2009-10-01,4.76,4.87,4.69,4.71,111671802
2009-10-02,4.55,4.69,4.55,4.59,101082306
2009-10-05,4.62,4.68,4.59,4.66,47049700
2009-10-06,4.66,4.66,4.55,4.57,71305146
2009-10-07,4.64,4.66,4.59,4.62,39531688
2009-10-08,4.62,4.66,4.55,4.55,42134332
2009-10-09,4.62,4.71,4.54,4.59,102243638
2009-10-12,4.57,4.57,4.38,4.52,65281459
2009-10-13,4.47,4.47,4.38,4.43,62716919
2009-10-14,4.47,4.52,4.43,4.52,37937962
2009-10-15,4.66,4.8,4.64,4.69,117962214
2009-10-16,4.76,4.83,4.71,4.78,77928551
2009-10-19,4.78,4.8,4.71,4.76,30994818
2009-10-20,4.82,4.82,4.73,4.73,32499083
2009-10-21,4.73,4.76,4.62,4.64,48216003
2009-10-22,4.62,4.69,4.5,4.55,51075432
2009-10-23,4.62,4.66,4.55,4.64,24535424
2009-10-26,4.73,4.83,4.73,4.75,66446105
2009-10-27,4.75,4.82,4.73,4.78,49306098
2009-10-28,4.73,4.76,4.55,4.57,67575961
2009-10-29,4.45,4.47,4.25,4.32,78266514
2009-10-30,4.41,4.43,4.29,4.31,46327388
2009-11-02,4.2,4.29,4.17,4.27,43628657
2009-11-03,4.34,4.34,4.25,4.25,27764293
2009-11-04,4.31,4.48,4.29,4.48,47772013
2009-11-05,4.47,4.47,4.34,4.34,35202784
2009-11-06,4.43,4.45,4.38,4.41,37220620
2009-11-09,4.55,4.57,4.47,4.52,48225943
2009-11-10,4.55,4.59,4.47,4.47,24686182
2009-11-11,4.45,4.55,4.41,4.55,24947938
2009-11-12,4.55,4.61,4.54,4.59,37464152
2009-11-13,4.57,4.57,4.41,4.45,53268875
2009-11-16,4.45,4.55,4.41,4.5,34048079
2009-11-17,4.52,4.55,4.38,4.38,69852238
2009-11-18,4.41,4.43,4.27,4.27,92393021
2009-11-19,4.27,4.27,4.2,4.24,64872259
2009-11-20,4.27,4.27,4.1,4.15,72791188
2009-11-23,4.15,4.18,4.13,4.18,22058688
2009-11-24,4.2,4.22,4.1,4.15,48418118
2009-11-25,4.15,4.29,4.13,4.29,37941276
2009-11-26,4.31,4.32,4.2,4.22,23664011
2009-11-27,4.11,4.11,3.97,3.99,70680578
2009-11-30,4.06,4.06,3.99,4.01,50914734
2009-12-01,4.01,4.27,3.99,4.25,59459887
2009-12-02,4.31,4.36,4.25,4.27,72973423
2009-12-03,4.34,4.36,4.25,4.29,44582904
2009-12-04,4.27,4.32,4.27,4.31,28938879
2009-12-07,4.34,4.4,4.32,4.34,44639231
2009-12-08,4.38,4.38,4.24,4.29,22578886
2009-12-09,4.25,4.27,4.22,4.24,18844730
2009-12-10,4.25,4.27,4.08,4.18,35156397
2009-12-11,4.17,4.22,4.13,4.2,28552872
2009-12-14,4.2,4.25,4.13,4.18,16182446
2009-12-15,4.22,4.25,4.18,4.22,13533415
2009-12-16,4.24,4.24,4.1,4.1,45654776
2009-12-17,4.18,4.18,3.99,4.01,86442228
2009-12-18,3.92,4.04,3.92,4.04,22401621
2009-12-21,4.06,4.11,4.03,4.06,22274057
2009-12-22,4.1,4.17,4.08,4.13,32518963
2009-12-23,4.15,4.18,4.11,4.15,33799577
2009-12-24,4.17,4.2,4.15,4.18,33219739
2009-12-25,4.2,4.25,4.18,4.18,37382975
2009-12-28,4.2,4.45,4.2,4.41,127685267
2009-12-29,4.48,4.52,4.4,4.41,64666831
2009-12-30,4.45,4.48,4.4,4.41,43060416
2009-12-31,4.45,4.54,4.41,4.52,55757208
2010-01-04,4.52,4.54,4.41,4.45,28856045
2010-01-05,4.48,4.54,4.41,4.43,42372894
2010-01-06,4.5,4.52,4.41,4.48,39076101
2010-01-07,4.5,4.52,4.38,4.4,62991928
2010-01-08,4.43,4.47,4.36,4.41,27820620
2010-01-11,4.41,4.5,4.4,4.43,47853190
2010-01-12,4.48,4.48,4.34,4.36,41236412
2010-01-13,4.34,4.34,4.27,4.27,34894642
2010-01-14,4.32,4.34,4.27,4.29,24696122
2010-01-15,4.31,4.43,4.31,4.38,51375291
2010-01-18,4.29,4.34,4.27,4.29,30414980
2010-01-19,4.31,4.34,4.2,4.2,52949136
2010-01-20,4.22,4.25,4.1,4.1,70877723
2010-01-21,4.08,4.15,4.04,4.1,66419598
2010-01-22,4.03,4.06,3.92,3.97,82959887
2010-01-25,3.92,3.96,3.85,3.87,83162002
2010-01-26,3.89,3.9,3.68,3.71,70720338
2010-01-27,3.76,3.76,3.64,3.64,46857525
2010-01-28,3.69,3.78,3.68,3.71,78392422
2010-01-29,3.68,3.69,3.59,3.69,40857032
2010-02-01,3.75,3.82,3.69,3.69,36312760
2010-02-02,3.78,3.78,3.59,3.64,26072823
2010-02-03,3.69,3.71,3.62,3.71,19078322
2010-02-04,3.75,3.75,3.62,3.62,29826859
2010-02-05,3.5,3.54,3.38,3.41,80426824
2010-02-08,3.4,3.43,3.35,3.36,40683081
2010-02-09,3.36,3.54,3.35,3.52,45499048
2010-02-10,3.55,3.61,3.54,3.54,49110610
2010-02-22,3.59,3.71,3.54,3.68,51893831
2010-02-23,3.73,3.75,3.64,3.68,32260521
2010-02-24,3.64,3.71,3.61,3.64,23642474
2010-02-25,3.69,3.69,3.54,3.57,29268558
2010-02-26,3.57,3.64,3.57,3.62,16657913
2010-03-01,3.64,3.73,3.57,3.71,30552485
2010-03-02,3.76,3.76,3.64,3.68,18556468
2010-03-03,3.68,3.76,3.68,3.68,39432287
2010-03-04,3.68,3.71,3.57,3.61,29669475
2010-03-05,3.66,3.75,3.64,3.68,44604441
2010-03-08,3.71,3.73,3.68,3.69,31854635
2010-03-09,3.68,3.69,3.66,3.69,16200669
2010-03-10,3.69,3.73,3.66,3.68,27545611
2010-03-11,3.68,3.69,3.64,3.64,17971660
2010-03-12,3.64,3.68,3.64,3.66,10972189
2010-03-15,3.66,3.66,3.59,3.61,17471343
2010-03-16,3.61,3.64,3.59,3.62,26129150
2010-03-17,3.66,3.69,3.64,3.68,36781600
2010-03-18,3.71,3.76,3.68,3.75,55773775
2010-03-19,3.78,3.96,3.73,3.96,90974903
2010-03-22,3.92,4.01,3.85,3.94,67784702
2010-03-23,3.96,3.97,3.89,3.89,31516672
2010-03-24,3.92,3.96,3.85,3.87,41241382
2010-03-25,3.85,3.87,3.8,3.8,39491928
2010-03-26,3.78,3.82,3.69,3.76,45132922
2010-03-29,3.8,3.89,3.78,3.85,33365527
2010-03-30,3.92,3.99,3.9,3.97,101995136
2010-03-31,3.92,3.96,3.89,3.96,50169228
2010-04-01,3.96,4.01,3.92,3.94,56792633
2010-04-02,3.94,3.99,3.92,3.96,27215932
2010-04-06,3.96,3.97,3.89,3.89,56333733
2010-04-07,3.94,3.96,3.9,3.92,52700634
2010-04-08,3.92,4.08,3.9,4.01,87510786
2010-04-09,4.03,4.06,4.01,4.06,36133838
2010-04-12,4.11,4.13,4.03,4.06,27003877
2010-04-13,4.03,4.04,3.96,3.96,18301339
2010-04-14,4.03,4.03,3.96,3.99,17315615
2010-04-15,4.03,4.06,3.97,4.03,17312301
2010-04-16,4.03,4.03,3.96,3.97,11073246
2010-04-19,3.89,3.9,3.73,3.75,45020268
2010-04-20,3.8,3.8,3.75,3.75,18511737
2010-04-21,3.78,3.82,3.76,3.78,14373352
2010-04-22,3.76,3.76,3.69,3.76,23408882
2010-04-23,3.76,3.78,3.75,3.75,15736799
2010-04-26,3.82,3.94,3.82,3.89,42689320
2010-04-27,3.89,3.9,3.83,3.89,12564258
2010-04-28,3.71,3.8,3.71,3.78,37228904
2010-04-29,3.8,3.8,3.75,3.76,14308741
2010-04-30,3.8,3.87,3.75,3.76,34122629
2010-05-03,3.75,3.78,3.69,3.73,21415897
2010-05-04,3.75,3.78,3.68,3.71,18029644
2010-05-05,3.64,3.64,3.54,3.55,55705851
2010-05-06,3.57,3.59,3.52,3.54,32406309
2010-05-07,3.47,3.52,3.47,3.5,39750370
2010-05-10,3.54,3.59,3.52,3.59,16487275
2010-05-11,3.62,3.68,3.54,3.54,30280789
2010-05-12,3.59,3.62,3.55,3.61,24906521
2010-05-13,3.66,3.78,3.62,3.78,49698731
2010-05-14,3.75,3.75,3.64,3.64,60866408
2010-05-17,3.61,3.61,3.54,3.55,24391293
2010-05-18,3.55,3.61,3.55,3.59,14338561
2010-05-19,3.54,3.59,3.54,3.57,19487522
2010-05-20,3.57,3.57,3.5,3.5,21848290
2010-05-21,3.43,3.45,3.36,3.38,40572083
2010-05-24,3.41,3.46,3.39,3.42,18674092
2010-05-25,3.39,3.39,3.24,3.27,36067571
2010-05-26,3.27,3.38,3.24,3.38,22633556
2010-05-27,3.29,3.35,3.27,3.34,29947797
2010-05-28,3.38,3.39,3.31,3.33,34679274
2010-05-31,3.38,3.39,3.33,3.39,21722382
2010-06-01,3.38,3.38,3.33,3.33,19240676
2010-06-02,3.31,3.37,3.26,3.28,22568946
2010-06-03,3.34,3.41,3.33,3.41,33456644
2010-06-04,3.41,3.41,3.38,3.38,16831864
2010-06-07,3.29,3.29,3.24,3.27,29212231
2010-06-08,3.26,3.31,3.26,3.28,14373352
2010-06-09,3.31,3.31,3.24,3.28,19212513
2010-06-10,3.31,3.32,3.27,3.3,12350546
2010-06-11,3.33,3.45,3.33,3.43,38196404
2010-06-14,3.5,3.54,3.48,3.48,32555410
2010-06-15,3.47,3.55,3.45,3.54,27886887
2010-06-17,3.54,3.57,3.5,3.52,26813359
2010-06-18,3.55,3.55,3.5,3.52,11159393
2010-06-21,3.57,3.66,3.57,3.61,49614240
2010-06-22,3.59,3.61,3.55,3.57,18801656
2010-06-23,3.55,3.57,3.52,3.55,17191364
2010-06-24,3.55,3.61,3.5,3.55,22906908
2010-06-25,3.54,3.62,3.52,3.55,35994677
2010-06-28,3.57,3.68,3.57,3.64,68596475
2010-06-29,3.66,3.68,3.57,3.57,47987381
2010-06-30,3.5,3.59,3.49,3.59,40746034
2010-07-01,3.61,3.62,3.55,3.57,8177370
2010-07-02,3.57,3.75,3.55,3.66,63962742
2010-07-05,3.69,3.76,3.68,3.76,48464505
2010-07-06,3.71,3.75,3.68,3.75,27076771
2010-07-07,3.75,3.75,3.68,3.69,17363658
2010-07-08,3.75,3.75,3.66,3.69,27272259
2010-07-09,3.71,3.73,3.64,3.66,24689496
2010-07-12,3.66,3.73,3.64,3.66,23688861
2010-07-13,3.68,3.69,3.64,3.68,25448255
2010-07-14,3.74,3.75,3.72,3.75,36258089
2010-07-15,3.75,3.82,3.74,3.79,37401198
2010-07-16,3.79,3.93,3.77,3.81,74227529
2010-07-19,3.75,3.82,3.75,3.79,26420726
2010-07-20,3.79,3.84,3.75,3.82,25004265
2010-07-21,3.82,3.86,3.75,3.77,32822136
2010-07-22,3.79,3.82,3.77,3.77,21936094
2010-07-23,3.81,3.84,3.79,3.79,22401621
2010-07-26,3.81,3.82,3.75,3.77,21629608
2010-07-27,3.79,3.79,3.74,3.74,13233556
2010-07-28,3.75,3.84,3.75,3.82,41523017
2010-07-29,3.86,3.9,3.81,3.84,36090765
2010-07-30,3.82,3.88,3.77,3.81,29439196
2010-08-02,3.84,3.95,3.84,3.95,64898766
2010-08-03,3.97,4.02,3.91,3.98,57004688
2010-08-04,4.0,4.04,3.98,4.02,37565210
2010-08-05,4.07,4.27,4.05,4.16,160828799
2010-08-06,4.14,4.23,4.14,4.21,56002397
2010-08-09,4.23,4.3,4.2,4.27,60435671
2010-08-10,4.23,4.39,4.18,4.23,79020303
2010-08-11,4.23,4.3,4.14,4.16,32558724
2010-08-12,4.11,4.3,4.07,4.28,75794748
2010-08-13,4.25,4.25,4.16,4.18,55813535
2010-08-16,4.25,4.28,4.21,4.21,45383081
2010-08-17,4.25,4.28,4.2,4.2,25850828
2010-08-18,4.21,4.25,4.14,4.16,32562037
2010-08-19,4.14,4.18,4.0,4.04,55596510
2010-08-20,4.07,4.16,4.05,4.14,28652273
2010-08-23,4.14,4.25,4.11,4.23,48154706
2010-08-24,4.25,4.39,4.2,4.25,92782341
2010-08-25,4.23,4.23,4.04,4.05,59532781
2010-08-26,4.05,4.09,3.95,3.97,42818541
2010-08-27,4.04,4.04,3.97,4.0,23804829
2010-08-30,4.05,4.09,4.04,4.09,37911456
2010-08-31,4.07,4.07,3.95,3.98,27124815
2010-09-01,4.02,4.04,3.95,4.0,31607790
2010-09-02,4.07,4.11,4.0,4.0,24752449
2010-09-03,4.05,4.11,3.98,4.0,72196440
2010-09-06,4.04,4.07,4.0,4.02,37368065
2010-09-07,4.05,4.07,4.0,4.0,25378674
2010-09-08,4.02,4.05,3.98,4.02,28909059
2010-09-09,4.05,4.05,3.98,3.98,18902714
2010-09-10,4.0,4.05,3.98,4.04,26054600
2010-09-13,4.07,4.18,4.07,4.18,58717695
2010-09-14,4.18,4.2,4.13,4.16,35558971
2010-09-15,4.14,4.2,4.11,4.14,39916038
2010-09-16,4.16,4.18,4.13,4.13,27388227
2010-09-17,4.16,4.18,4.13,4.13,32971237
2010-09-20,4.14,4.18,4.13,4.18,21122664
2010-09-21,4.18,4.2,4.16,4.2,27616849
2010-09-23,4.2,4.25,4.16,4.21,56327106
2010-09-24,4.21,4.23,4.16,4.18,29813606
2010-09-27,4.21,4.21,4.16,4.2,31690624
2010-09-28,4.2,4.21,4.13,4.13,19257243
2010-09-29,4.18,4.18,4.14,4.14,27615192
2010-09-30,4.16,4.16,4.11,4.14,16018435
2010-10-01,4.18,4.18,4.13,4.16,16488932
2010-10-04,4.18,4.23,4.16,4.21,42485548
2010-10-05,4.21,4.23,4.18,4.23,29376242
2010-10-06,4.23,4.27,4.23,4.23,47366126
2010-10-07,4.25,4.32,4.23,4.25,57606063
2010-10-08,4.27,4.28,4.2,4.21,20988473
2010-10-11,4.23,4.27,4.18,4.18,21642862
2010-10-12,4.18,4.21,4.14,4.2,32593514
2010-10-13,4.21,4.23,4.18,4.21,23259781
2010-10-14,4.25,4.27,4.2,4.2,36544695
2010-10-15,4.21,4.23,4.18,4.21,13518505
2010-10-18,4.23,4.23,4.07,4.07,31732041
2010-10-19,4.09,4.13,4.07,4.09,20827775
2010-10-20,4.04,4.09,4.02,4.07,16256996
2010-10-21,4.09,4.13,4.09,4.09,14101656
2010-10-22,4.13,4.13,4.07,4.09,17077053
2010-10-25,4.11,4.16,4.09,4.13,16079732
2010-10-26,4.16,4.16,4.09,4.09,18374233
2010-10-27,4.11,4.14,4.07,4.07,23216707
2010-10-28,4.07,4.14,4.05,4.11,18866267
2010-10-29,4.13,4.13,4.07,4.09,9731335
2010-11-01,4.09,4.16,4.07,4.16,19482552
2010-11-02,4.18,4.18,4.13,4.14,11108036
2010-11-03,4.16,4.18,4.09,4.11,14984667
2010-11-04,4.14,4.18,4.11,4.18,18513394
2010-11-05,4.21,4.21,4.16,4.18,25776277
2010-11-08,4.21,4.28,4.2,4.21,38542650
2010-11-09,4.21,4.21,4.18,4.18,8901339
2010-11-10,4.2,4.21,4.14,4.18,17072083
2010-11-11,4.18,4.21,4.14,4.16,15826260
2010-11-12,4.18,4.18,4.07,4.09,35389989
2010-11-15,4.07,4.07,3.95,3.98,30285759
2010-11-16,3.97,3.98,3.95,3.97,15534684
2010-11-17,3.93,3.98,3.93,3.97,20347338
2010-11-18,3.97,4.0,3.97,3.97,10410574
2010-11-19,4.0,4.02,3.93,3.95,11346598
2010-11-22,4.0,4.0,3.93,3.97,19850335
2010-11-23,3.97,3.98,3.9,3.91,21720726
2010-11-24,3.9,3.93,3.88,3.88,14381635
2010-11-25,3.9,3.93,3.88,3.9,15980331
2010-11-26,3.95,3.95,3.9,3.9,13369404
2010-11-29,3.95,3.95,3.9,3.91,15962107
2010-11-30,3.93,3.97,3.91,3.93,22255833
2010-12-01,3.95,4.09,3.95,4.09,42864928
2010-12-02,4.14,4.21,4.11,4.16,43699894
2010-12-03,4.16,4.2,4.09,4.11,16275220
2010-12-06,4.14,4.21,4.14,4.21,33006027
2010-12-07,4.21,4.21,4.14,4.21,22224356
2010-12-08,4.21,4.23,4.16,4.2,15730172
2010-12-09,4.25,4.28,4.2,4.2,32184314
2010-12-10,4.2,4.23,4.16,4.23,21142545
2010-12-13,4.23,4.25,4.2,4.2,14283891
2010-12-14,4.21,4.25,4.2,4.23,27742756
2010-12-15,4.25,4.3,4.21,4.23,49957173
2010-12-16,4.25,4.36,4.23,4.32,92757491
2010-12-17,4.36,4.39,4.3,4.34,59660345
2010-12-20,4.37,4.39,4.3,4.34,35625238
2010-12-21,4.36,4.37,4.3,4.37,31808248
2010-12-22,4.37,4.48,4.37,4.41,59075538
2010-12-23,4.43,4.46,4.41,4.43,32762495
2010-12-24,4.44,4.46,4.41,4.41,20049136
2010-12-27,4.43,4.55,4.41,4.55,52303031
2010-12-28,4.57,4.57,4.5,4.55,28329221
2010-12-29,4.57,4.69,4.55,4.67,93468206
2010-12-30,4.71,4.78,4.64,4.67,78781741
2010-12-31,4.64,4.8,4.62,4.76,73983997
2011-01-03,4.82,4.96,4.78,4.9,112602856
2011-01-04,4.87,4.87,4.64,4.66,77888791
2011-01-05,4.66,4.74,4.5,4.55,87036976
2011-01-06,4.55,4.66,4.5,4.66,45416214
2011-01-07,4.66,4.66,4.5,4.55,49271308
2011-01-10,4.55,4.6,4.51,4.57,33741593
2011-01-11,4.57,4.64,4.53,4.62,36060944
2011-01-12,4.64,4.8,4.64,4.74,76624745
2011-01-13,4.8,4.85,4.74,4.78,104125626
2011-01-14,4.8,4.82,4.71,4.76,28816285
2011-01-17,4.8,4.82,4.74,4.8,57509975
2011-01-18,4.8,4.89,4.74,4.89,71101375
2011-01-19,4.9,4.98,4.89,4.9,65471977
2011-01-20,4.94,4.96,4.89,4.92,35719668
2011-01-21,4.87,4.89,4.82,4.83,29432569
2011-01-24,4.83,4.92,4.83,4.85,22078569
2011-01-25,4.89,4.94,4.89,4.9,34922806
2011-01-26,4.96,5.1,4.94,5.05,91548114
2011-01-27,5.06,5.08,4.99,4.99,23349242
2011-01-28,4.99,5.08,4.99,4.99,46766408
2011-02-08,5.03,5.05,4.92,4.94,30863941
2011-02-09,4.98,4.99,4.83,4.83,33355587
2011-02-10,4.8,4.83,4.6,4.6,43872189
2011-02-11,4.6,4.64,4.32,4.36,89603173
2011-02-14,4.43,4.46,4.34,4.43,45270426
2011-02-15,4.36,4.46,4.21,4.44,39026401
2011-02-16,4.46,4.6,4.43,4.51,35389989
2011-02-17,4.53,4.53,4.43,4.43,20801269
2011-02-18,4.51,4.64,4.48,4.6,54223123
2011-02-21,4.6,4.6,4.51,4.53,24661332
2011-02-22,4.43,4.44,4.36,4.41,31196933
2011-02-23,4.37,4.44,4.36,4.37,21399330
2011-02-24,4.39,4.43,4.36,4.36,17772858
2011-02-25,4.39,4.41,4.28,4.34,31834755
2011-03-01,4.37,4.48,4.37,4.48,17133380
2011-03-02,4.43,4.53,4.43,4.48,32669721
2011-03-03,4.48,4.6,4.48,4.6,44841346
2011-03-04,4.64,4.66,4.57,4.59,33963588
2011-03-07,4.59,4.66,4.55,4.59,30708213
2011-03-08,4.64,4.67,4.57,4.62,39639372
2011-03-09,4.67,4.74,4.67,4.74,44536517
2011-03-10,4.74,4.74,4.66,4.66,19994466
2011-03-11,4.57,4.6,4.5,4.53,22270743
2011-03-14,4.43,4.48,4.36,4.44,24752449
2011-03-15,4.44,4.46,4.16,4.37,56615368
2011-03-16,4.43,4.48,4.39,4.46,23019563
2011-03-17,4.43,4.5,4.39,4.5,20980190
2011-03-18,4.53,4.59,4.48,4.57,27522418
2011-03-21,4.71,4.71,4.53,4.59,22946669
2011-03-22,4.62,4.69,4.59,4.66,23778322
2011-03-23,4.71,4.71,4.62,4.66,14191117
2011-03-24,4.67,4.67,4.59,4.6,13442298
2011-03-25,4.67,4.67,4.62,4.66,12410186
2011-03-28,4.64,4.69,4.64,4.67,12945294
2011-03-29,4.67,4.67,4.62,4.66,12370426
2011-03-30,4.67,4.71,4.64,4.67,19843708
2011-03-31,4.71,4.73,4.64,4.69,19616743
2011-04-01,4.69,4.73,4.64,4.73,19953049
2011-04-06,4.74,4.89,4.73,4.85,38297462
2011-04-07,4.85,4.92,4.8,4.92,32676348
2011-04-08,4.92,4.94,4.89,4.92,29730772
2011-04-11,4.94,4.96,4.89,4.92,18066091
2011-04-12,4.89,4.9,4.8,4.82,15748396
2011-04-13,4.82,4.92,4.78,4.89,16641346
2011-04-14,4.9,4.92,4.83,4.89,16616496
2011-04-15,4.92,4.92,4.73,4.78,15183468
2011-04-18,4.83,4.83,4.74,4.76,15158618
2011-04-19,4.67,4.73,4.57,4.57,22963235
2011-04-20,4.62,4.74,4.62,4.67,21265139
2011-04-21,4.74,4.83,4.73,4.82,37404512
2011-04-22,4.89,4.89,4.82,4.87,18248325
2011-04-25,4.98,4.99,4.9,4.92,40731124
2011-04-26,4.6,4.8,4.6,4.8,30749630
2011-04-27,4.83,4.9,4.82,4.89,30554141
2011-04-28,4.9,4.94,4.78,4.82,26175537
2011-04-29,4.82,4.83,4.76,4.82,21475537
2011-05-03,4.85,4.89,4.82,4.85,16631406
2011-05-04,4.83,4.83,4.76,4.78,20839372
2011-05-05,4.78,4.83,4.71,4.8,9837363
2011-05-06,4.82,4.87,4.8,4.83,25936975
2011-05-09,4.83,4.98,4.82,4.96,39942545
2011-05-10,4.96,4.98,4.9,4.94,15763306
2011-05-11,4.96,4.98,4.89,4.96,26841522
2011-05-12,4.94,4.96,4.89,4.92,15632428
2011-05-13,4.92,4.94,4.8,4.83,22235953
2011-05-16,4.83,4.87,4.82,4.87,13268346
2011-05-17,4.87,4.89,4.82,4.85,17181424
2011-05-18,4.85,4.89,4.76,4.87,22703137
2011-05-19,4.85,4.94,4.82,4.85,28496545
2011-05-20,4.87,4.87,4.73,4.73,17217871
2011-05-23,4.69,4.73,4.62,4.64,25198096
2011-05-24,4.62,4.66,4.59,4.66,27910081
2011-05-25,4.6,4.64,4.59,4.6,19321854
2011-05-26,4.64,4.66,4.6,4.62,12990024
2011-05-27,4.62,4.67,4.62,4.62,11735918
2011-05-30,4.62,4.67,4.6,4.64,11005322
2011-05-31,4.67,4.76,4.66,4.73,22380084
2011-06-01,4.76,4.8,4.73,4.78,16533662
2011-06-02,4.67,4.76,4.67,4.76,10157102
2011-06-03,4.78,4.78,4.69,4.74,10201833
2011-06-07,4.74,4.74,4.67,4.71,10233309
2011-06-08,4.67,4.71,4.6,4.6,24780613
2011-06-09,4.6,4.66,4.59,4.62,18124074
2011-06-10,4.67,4.69,4.53,4.53,29069757
2011-06-13,4.5,4.51,4.39,4.39,45472541
2011-06-14,4.39,4.46,4.39,4.46,17926929
2011-06-15,4.43,4.46,4.32,4.37,40292104
2011-06-16,4.32,4.36,4.28,4.3,22139866
2011-06-17,4.36,4.37,4.28,4.28,13614592
2011-06-20,4.32,4.36,4.25,4.28,23357525
2011-06-21,4.3,4.36,4.3,4.34,14941593
2011-06-22,4.36,4.39,4.32,4.36,26496933
2011-06-23,4.32,4.36,4.28,4.3,9282375
2011-06-24,4.27,4.3,4.23,4.23,26125837
2011-06-27,4.2,4.27,4.18,4.23,17658547
2011-06-28,4.25,4.27,4.18,4.18,24033451
2011-06-29,4.23,4.39,4.21,4.39,27757666
2011-06-30,4.37,4.39,4.34,4.39,22047092
2011-07-01,4.41,4.44,4.39,4.41,17933556
2011-07-04,4.43,4.43,4.37,4.37,14003912
2011-07-05,4.37,4.41,4.36,4.36,12627211
2011-07-06,4.39,4.48,4.37,4.44,22906908
2011-07-07,4.46,4.46,4.43,4.46,18167148
2011-07-08,4.46,4.5,4.43,4.43,27028727
2011-07-11,4.43,4.43,4.36,4.37,15388896
2011-07-12,4.34,4.36,4.23,4.27,25053965
2011-07-13,4.27,4.34,4.25,4.3,16083045
2011-07-14,4.28,4.34,4.25,4.28,14134790
2011-07-15,4.32,4.36,4.28,4.36,26273281
2011-07-18,4.32,4.36,4.28,4.32,16281847
2011-07-19,4.34,4.39,4.32,4.37,16266937
2011-07-20,4.41,4.43,4.37,4.39,20514663
2011-07-21,4.43,4.43,4.37,4.43,14320338
2011-07-22,4.44,4.44,4.39,4.43,15597638
2011-07-25,4.43,4.44,4.39,4.41,13629503
2011-07-26,4.44,4.44,4.39,4.44,19253930
2011-07-27,4.43,4.48,4.43,4.44,13283257
2011-07-28,4.44,4.46,4.41,4.44,14138103
2011-07-29,4.44,4.48,4.41,4.43,21719069
2011-08-01,4.44,4.53,4.43,4.53,23528163
2011-08-02,4.5,4.53,4.44,4.44,18288086
2011-08-03,4.43,4.43,4.36,4.39,24329996
2011-08-04,4.39,4.48,4.37,4.37,50573458
2011-08-05,4.11,4.25,4.09,4.14,60935989
2011-08-08,4.19,4.19,3.85,3.89,52457814
2011-08-09,3.74,4.02,3.73,3.95,39534760
2011-08-10,4.04,4.12,4.0,4.04,35979967
2011-08-11,3.97,4.1,3.91,3.98,20011990
2011-08-12,4.06,4.06,3.97,3.97,20547274
2011-08-15,4.04,4.08,4.02,4.08,15304034
2011-08-16,4.15,4.15,4.04,4.04,16039454
2011-08-17,4.1,4.1,4.0,4.06,14003151
2011-08-18,4.06,4.08,4.0,4.06,25807986
2011-08-19,3.97,3.98,3.85,3.93,26000180
2011-08-22,3.91,4.0,3.87,3.89,12910346
2011-08-23,3.97,4.08,3.95,4.06,14209641
2011-08-24,4.06,4.06,3.93,4.02,15896499
2011-08-25,4.04,4.06,3.93,3.93,11533222
2011-08-26,4.0,4.1,3.95,4.1,15146784
2011-08-29,4.13,4.17,4.1,4.13,12699092
2011-08-30,4.13,4.15,4.04,4.06,14729041
2011-08-31,4.12,4.15,4.06,4.15,8859979
2011-09-01,4.17,4.3,4.15,4.19,28493936
2011-09-02,4.23,4.23,4.12,4.17,22135653
2011-09-05,4.1,4.1,4.02,4.04,18379136
2011-09-06,3.98,3.98,3.78,3.82,35671822
2011-09-07,3.87,3.93,3.87,3.91,10376881
2011-09-08,3.91,3.95,3.8,3.83,25942999
2011-09-09,3.83,3.89,3.82,3.83,16981363
2011-09-13,3.74,3.78,3.68,3.74,36100684
2011-09-14,3.76,3.76,3.57,3.64,26105013
2011-09-15,3.78,3.78,3.67,3.72,24167190
2011-09-16,3.82,3.87,3.8,3.85,25188518
2011-09-19,3.8,3.82,3.73,3.8,11952554
2011-09-20,3.74,3.8,3.68,3.8,22321494
2011-09-21,3.8,3.82,3.73,3.82,18280657
2011-09-22,3.74,3.74,3.67,3.74,24932789
2011-09-23,3.64,3.67,3.57,3.66,32464884
2011-09-26,3.64,3.64,3.63,3.63,40732398
2011-09-27,3.7,3.74,3.69,3.74,24777128
2011-09-28,3.78,3.78,3.69,3.73,31516621
2011-09-29,3.67,3.74,3.64,3.74,26834079
2011-09-30,3.74,3.78,3.66,3.7,56668608
2011-10-03,3.62,3.62,3.45,3.46,42371606
2011-10-04,3.4,3.43,3.35,3.39,47533838
2011-10-05,3.39,3.41,3.31,3.31,27092985
2011-10-06,3.39,3.47,3.37,3.43,40686335
2011-10-07,3.48,3.48,3.48,3.48,29677278
2011-10-11,3.55,3.59,3.53,3.58,27064394
2011-10-12,3.55,3.6,3.53,3.59,17076665
2011-10-13,3.58,3.63,3.57,3.6,11938258
2011-10-14,3.58,3.58,3.53,3.54,8791679
2011-10-17,3.58,3.61,3.55,3.61,11653938
2011-10-18,3.55,3.57,3.52,3.56,6785556
2011-10-19,3.58,3.58,3.54,3.57,8817093
2011-10-20,3.54,3.57,3.48,3.48,12932584
2011-10-21,3.46,3.51,3.46,3.47,9954373
2011-10-24,3.53,3.62,3.53,3.62,23198279
2011-10-25,3.64,3.64,3.59,3.62,16825701
2011-10-26,3.58,3.61,3.56,3.6,20567923
2011-10-27,3.6,3.62,3.57,3.61,43699491
2011-10-28,3.68,3.72,3.65,3.65,44588983
2011-10-31,3.67,3.71,3.65,3.67,25906466
2011-11-01,3.72,3.72,3.63,3.66,19309927
2011-11-02,3.61,3.61,3.55,3.56,37547698
2011-11-03,3.56,3.56,3.46,3.48,21746500
2011-11-04,3.56,3.58,3.55,3.56,18889006
2011-11-07,3.59,3.59,3.53,3.55,9164948
2011-11-08,3.57,3.6,3.54,3.55,12579964
2011-11-09,3.57,3.58,3.54,3.54,11784185
2011-11-10,3.47,3.48,3.3,3.33,36991765
2011-11-11,3.37,3.37,3.29,3.33,26826137
2011-11-14,3.37,3.4,3.37,3.4,15237322
2011-11-15,3.39,3.4,3.36,3.37,9409558
2011-11-16,3.37,3.4,3.31,3.34,17383223
2011-11-17,3.29,3.34,3.28,3.33,8677316
2011-11-18,3.25,3.32,3.25,3.28,15162668
2011-11-21,3.24,3.28,3.22,3.24,13529814
2011-11-22,3.24,3.29,3.14,3.18,14432014
2011-11-23,3.14,3.16,3.02,3.02,26640297
2011-11-24,3.05,3.23,3.05,3.23,28578120
2011-11-25,3.25,3.27,3.07,3.12,20235952
2011-11-28,3.15,3.19,3.14,3.16,11765125
2011-11-29,3.22,3.27,3.18,3.26,15253206
2011-11-30,3.23,3.23,3.13,3.17,21746500
2011-12-01,3.32,3.39,3.3,3.39,33087529
2011-12-02,3.39,3.42,3.36,3.41,19743554
2011-12-05,3.46,3.55,3.45,3.48,23282463
2011-12-06,3.37,3.42,3.34,3.34,16487377
2011-12-07,3.39,3.4,3.36,3.4,12335353
2011-12-08,3.4,3.4,3.27,3.31,15675715
2011-12-09,3.22,3.28,3.18,3.23,16152229
2011-12-12,3.29,3.3,3.23,3.25,9369849
2011-12-13,3.23,3.23,3.17,3.21,6615599
2011-12-14,3.25,3.25,3.2,3.22,5732460
2011-12-15,3.2,3.2,3.09,3.09,14533670
2011-12-16,3.11,3.11,3.08,3.08,14123868
2011-12-19,3.05,3.05,2.99,3.03,19124086
2011-12-20,3.09,3.09,3.02,3.03,14026977
2011-12-21,3.24,3.24,3.24,3.24,12306762
2011-12-22,3.46,3.46,3.41,3.44,97612261
2011-12-23,3.52,3.59,3.48,3.5,73607084
2011-12-26,3.49,3.49,3.42,3.42,26668888
2011-12-27,3.45,3.5,3.42,3.5,24610348
2011-12-28,3.5,3.51,3.46,3.48,13154957
2011-12-29,3.44,3.49,3.42,3.49,11709532
2011-12-30,3.51,3.54,3.45,3.45,18342604
2012-01-02,3.45,3.46,3.29,3.3,29200764
2012-01-03,3.33,3.45,3.33,3.42,52081368
2012-01-04,3.45,3.48,3.4,3.42,40433783
2012-01-05,3.44,3.44,3.39,3.42,33408381
2012-01-06,3.42,3.42,3.36,3.38,15261148
2012-01-09,3.37,3.37,3.31,3.33,14149282
2012-01-10,3.33,3.39,3.33,3.33,15143608
2012-01-11,3.34,3.34,3.32,3.33,15670950
2012-01-12,3.33,3.33,3.28,3.29,19776910
2012-01-13,3.31,3.33,3.29,3.29,20721996
2012-01-16,3.32,3.32,3.2,3.22,17659600
2012-01-17,3.24,3.33,3.22,3.33,24777128
2012-01-18,3.26,3.29,3.24,3.26,23835219
2012-01-30,3.33,3.37,3.3,3.36,30412698
2012-01-31,3.4,3.46,3.35,3.46,44727172
2012-02-01,3.46,3.48,3.42,3.45,32682492
2012-02-02,3.46,3.5,3.44,3.49,34699734
2012-02-03,3.5,3.54,3.49,3.54,30641424
2012-02-06,3.74,3.91,3.7,3.74,110829165
2012-02-07,3.74,3.82,3.73,3.76,55523386
2012-02-08,3.82,3.85,3.8,3.83,37658884
2012-02-09,3.82,3.85,3.78,3.85,29753520
2012-02-10,3.87,3.93,3.83,3.91,37136307
2012-02-13,3.95,3.97,3.91,3.95,33120885
2012-02-14,3.95,3.95,3.8,3.85,31386374
2012-02-15,3.93,3.97,3.85,3.95,29127699
2012-02-16,3.93,3.97,3.85,3.87,38513432
2012-02-17,3.95,4.0,3.93,3.97,40289240
2012-02-20,4.04,4.13,3.95,4.12,42622569
2012-02-21,4.08,4.1,3.97,3.98,17445169
2012-02-22,3.98,4.1,3.95,4.08,26707009
2012-02-23,4.04,4.1,3.95,3.95,28675011
2012-02-24,4.0,4.04,3.95,3.97,26610118
2012-02-29,4.04,4.12,4.0,4.12,37601703
2012-03-01,4.12,4.17,4.06,4.17,25253642
2012-03-02,4.19,4.19,4.08,4.12,20304252
2012-03-05,4.06,4.08,4.0,4.0,11123420
2012-03-06,4.0,4.06,3.95,3.98,23274521
2012-03-07,3.89,3.95,3.89,3.91,17800966
2012-03-08,3.95,4.1,3.89,4.06,41783905
2012-03-09,4.02,4.06,3.98,4.0,22000641
2012-03-12,4.0,4.0,3.97,3.97,7107997
2012-03-13,4.04,4.21,4.02,4.17,57577161
2012-03-14,4.25,4.27,4.13,4.13,23069620
2012-03-15,4.19,4.23,4.17,4.21,23176042
2012-03-16,4.21,4.21,4.1,4.1,12138394
2012-03-19,4.12,4.15,4.04,4.1,9039466
2012-03-20,4.1,4.12,4.02,4.04,12880167
2012-03-21,4.06,4.12,4.02,4.06,16190350
2012-03-22,4.08,4.19,4.06,4.17,15431104
2012-03-23,4.19,4.21,4.12,4.15,15232557
2012-03-26,4.15,4.15,3.98,4.02,22351673
2012-03-27,4.06,4.08,4.0,4.06,7635339
2012-03-28,4.08,4.08,3.98,4.0,14589263
2012-03-29,3.98,3.98,3.87,3.89,19378227
2012-03-30,3.89,3.98,3.85,3.98,20515506
2012-04-02,3.98,3.98,3.89,3.93,11633289
2012-04-03,3.95,3.97,3.82,3.87,13040594
2012-04-05,3.78,3.8,3.72,3.74,19449704
2012-04-06,3.74,3.78,3.73,3.74,16614447
2012-04-09,3.67,3.71,3.66,3.68,13567935
2012-04-10,3.73,3.8,3.73,3.74,14711569
2012-04-11,3.72,3.73,3.67,3.7,15269090
2012-04-12,3.71,3.73,3.68,3.73,17951862
2012-04-13,3.78,3.83,3.74,3.8,17721547
2012-04-16,3.74,3.74,3.72,3.73,10762858
2012-04-17,3.73,3.74,3.65,3.67,16541381
2012-04-18,3.72,3.72,3.64,3.66,13947558
2012-04-19,3.63,3.76,3.61,3.74,19184445
2012-04-20,3.74,3.74,3.7,3.71,12160631
2012-04-23,3.71,3.73,3.68,3.7,6350340
2012-04-24,3.72,3.74,3.67,3.68,8904454
2012-04-25,3.74,3.78,3.7,3.74,12603789
2012-04-26,3.74,3.78,3.69,3.72,14833874
2012-04-27,3.73,3.74,3.65,3.72,17092549
2012-04-30,3.67,3.76,3.67,3.72,13167664
2012-05-02,3.76,3.85,3.76,3.83,20404320
2012-05-03,3.85,3.91,3.83,3.91,20356669
2012-05-04,3.89,3.97,3.85,3.95,20874480
2012-05-07,3.85,3.89,3.74,3.78,25876287
2012-05-08,3.8,3.82,3.74,3.78,7841828
2012-05-09,3.74,3.74,3.7,3.71,16393662
2012-05-10,3.71,3.76,3.71,3.74,11763537
2012-05-11,3.73,3.73,3.66,3.67,22203954
2012-05-14,3.67,3.69,3.65,3.67,9662111
2012-05-15,3.65,3.66,3.58,3.62,15464460
2012-05-16,3.63,3.64,3.48,3.51,21134974
2012-05-17,3.56,3.64,3.54,3.64,26163783
2012-05-18,3.55,3.6,3.53,3.55,26950031
2012-05-21,3.61,3.65,3.6,3.6,12160631
2012-05-22,3.63,3.67,3.61,3.66,17449934
2012-05-23,3.62,3.63,3.55,3.59,14775104
2012-05-24,3.61,3.67,3.55,3.59,16379367
2012-05-25,3.62,3.63,3.53,3.53,24048062
2012-05-28,3.54,3.6,3.54,3.58,14652798
2012-05-29,3.59,3.76,3.59,3.74,27166051
2012-05-30,3.73,3.89,3.69,3.89,53825409
2012-05-31,3.82,4.15,3.74,4.15,71810627
2012-06-01,4.04,4.04,3.87,3.87,62582144
2012-06-04,3.74,3.83,3.74,3.8,34785506
2012-06-05,3.89,4.06,3.87,4.06,54016014
2012-06-06,4.06,4.19,4.0,4.02,91574831
2012-06-07,4.08,4.13,4.02,4.06,45060732
2012-06-08,4.06,4.12,4.0,4.0,25779395
2012-06-11,4.12,4.17,4.06,4.1,33965902
2012-06-12,4.04,4.12,4.02,4.1,17629421
2012-06-13,4.13,4.15,4.06,4.13,22648700
2012-06-14,4.13,4.15,4.08,4.08,20852243
2012-06-15,4.1,4.17,4.1,4.17,26856317
2012-06-18,4.27,4.28,4.15,4.19,27396366
2012-06-19,4.15,4.15,4.08,4.12,17340336
2012-06-20,4.13,4.15,4.08,4.15,13116836
2012-06-21,4.04,4.12,4.02,4.08,24743772
2012-06-22,4.0,4.06,4.0,4.06,15227792
2012-06-25,4.06,4.06,4.0,4.0,16347599
2012-06-26,4.0,4.0,3.93,3.98,16925769
2012-06-27,3.95,4.1,3.95,4.1,20429734
2012-06-28,4.15,4.17,4.04,4.06,18010632
2012-06-29,4.06,4.19,4.04,4.19,38376832
2012-07-02,4.27,4.34,4.17,4.32,63339801
2012-07-03,4.32,4.36,4.28,4.32,27007213
2012-07-04,4.36,4.45,4.32,4.41,43701079
2012-07-05,4.41,4.43,4.34,4.34,16500084
2012-07-06,4.34,4.4,4.3,4.4,20377317
2012-07-09,4.38,4.38,4.25,4.25,43520004
2012-07-10,4.24,4.35,4.24,4.34,37158545
2012-07-11,4.34,4.51,4.3,4.43,58206159
2012-07-12,4.43,4.51,4.37,4.39,64667686
2012-07-13,4.39,4.45,4.34,4.35,32890570
2012-07-16,4.37,4.39,4.3,4.34,17862913
2012-07-17,4.37,4.39,4.34,4.35,27501199
2012-07-18,4.39,4.39,4.3,4.32,27231174
2012-07-19,4.37,4.43,4.35,4.43,35671822
2012-07-20,4.43,4.45,4.41,4.45,15612180
2012-07-23,4.41,4.41,4.37,4.41,17456288
2012-07-24,4.41,4.45,4.34,4.39,33656168
2012-07-25,4.37,4.49,4.35,4.45,31735818
2012-07-26,4.49,4.58,4.45,4.54,63541525
2012-07-27,4.62,4.71,4.58,4.71,63155549
2012-07-30,4.79,5.02,4.75,4.75,101961243
2012-07-31,4.75,4.9,4.66,4.9,61959499
2012-08-01,4.87,4.88,4.81,4.81,42219121
2012-08-02,4.81,4.81,4.81,4.81,0
2012-08-03,4.77,4.81,4.7,4.73,29014924
2012-08-06,4.81,4.87,4.73,4.81,53191645
2012-08-07,4.8,4.84,4.75,4.79,42139166
2012-08-08,4.84,4.86,4.71,4.73,30980786
2012-08-09,4.77,4.84,4.75,4.84,46658256
2012-08-10,4.84,4.84,4.73,4.77,29696657
2012-08-13,4.82,4.82,4.69,4.73,24658680
2012-08-14,4.75,4.82,4.73,4.75,32756088
2012-08-15,4.77,4.82,4.73,4.77,37912624
2012-08-16,4.8,4.86,4.75,4.82,43327833
2012-08-17,4.82,4.82,4.77,4.77,14317893
2012-08-20,4.77,4.79,4.71,4.73,13163100
2012-08-21,4.73,4.8,4.73,4.8,19731563
2012-08-22,4.8,4.82,4.77,4.79,17579029
2012-08-23,4.79,4.82,4.77,4.8,28018357
2012-08-24,4.8,4.8,4.77,4.77,14008409
2012-08-27,4.77,4.79,4.73,4.77,9726436
2012-08-28,4.73,4.75,4.55,4.57,30999263
2012-08-29,4.55,4.63,4.55,4.57,28240078
2012-08-30,4.53,4.57,4.51,4.53,26560239
2012-08-31,4.59,4.65,4.57,4.65,16197896
2012-09-03,4.65,4.67,4.59,4.61,20576871
2012-09-04,4.61,4.61,4.51,4.53,17432755
2012-09-05,4.49,4.51,4.41,4.41,32674483
2012-09-06,4.47,4.53,4.45,4.45,25208361
2012-09-07,4.59,4.59,4.51,4.51,19536018
2012-09-10,4.47,4.63,4.47,4.61,20704668
2012-09-11,4.61,4.63,4.55,4.55,9863472
2012-09-12,4.61,4.67,4.57,4.59,26090623
2012-09-13,4.59,4.65,4.59,4.61,16177880
2012-09-14,4.73,4.79,4.67,4.79,43354009
2012-09-17,4.8,4.9,4.79,4.8,51359034
2012-09-18,4.79,4.79,4.69,4.71,30360278
2012-09-19,4.77,4.77,4.71,4.77,21220476
2012-09-20,4.8,4.84,4.73,4.79,31222523
2012-09-21,4.8,4.8,4.75,4.79,20937167
2012-09-24,4.79,4.79,4.71,4.77,15223251
2012-09-25,4.77,4.8,4.77,4.79,18077899
2012-09-26,4.79,4.8,4.77,4.8,16548953
2012-09-27,4.8,4.82,4.77,4.8,18512101
2012-09-28,4.8,4.82,4.77,4.82,17813067
2012-10-01,4.79,4.8,4.75,4.77,10827339
2012-10-02,4.79,4.8,4.75,4.77,18478227
2012-10-03,4.75,4.77,4.61,4.67,26623367
2012-10-04,4.67,4.71,4.63,4.67,32083229
2012-10-05,4.67,4.75,4.67,4.69,20927928
2012-10-08,4.75,4.75,4.67,4.69,11728077
2012-10-09,4.69,4.75,4.69,4.73,14548852
2012-10-11,4.61,4.67,4.55,4.55,20603047
2012-10-12,4.53,4.59,4.51,4.53,13195434
2012-10-15,4.53,4.55,4.47,4.53,12933681
2012-10-16,4.53,4.61,4.53,4.59,11708061
2012-10-17,4.63,4.63,4.51,4.55,21051106
2012-10-18,4.55,4.55,4.51,4.53,13581905
2012-10-19,4.51,4.55,4.49,4.49,14998451
2012-10-22,4.41,4.43,4.39,4.41,19980998
2012-10-23,4.41,4.45,4.41,4.43,9877329
2012-10-24,4.47,4.65,4.43,4.59,29183928
2012-10-25,4.61,4.63,4.53,4.57,12645753
2012-10-26,4.59,4.59,4.3,4.37,28775902
2012-10-29,4.37,4.45,4.32,4.37,17032427
2012-10-30,4.43,4.53,4.43,4.47,18025549
2012-10-31,4.51,4.51,4.39,4.41,11494039
2012-11-01,4.34,4.41,4.3,4.41,13832880
2012-11-02,4.43,4.55,4.39,4.55,22867981
2012-11-05,4.55,4.55,4.47,4.49,14300956
2012-11-06,4.49,4.53,4.47,4.53,9030481
2012-11-07,4.53,4.65,4.51,4.63,24803414
2012-11-08,4.53,4.57,4.47,4.51,18767696
2012-11-09,4.49,4.59,4.45,4.59,15324873
2012-11-12,4.61,4.63,4.55,4.59,12684246
2012-11-13,4.61,4.61,4.47,4.47,16975457
2012-11-14,4.47,4.51,4.45,4.49,8965812
2012-11-15,4.49,4.53,4.43,4.43,15905349
2012-11-16,4.43,4.51,4.41,4.41,12122247
2012-11-19,4.47,4.59,4.45,4.47,25214520
2012-11-20,4.53,4.55,4.49,4.51,9780326
2012-11-21,4.49,4.53,4.43,4.43,15197076
2012-11-22,4.45,4.53,4.43,4.45,27539503
2012-11-23,4.51,4.61,4.49,4.61,38340667
2012-11-26,4.65,4.71,4.65,4.69,29245517
2012-11-27,4.73,4.73,4.61,4.69,23083542
2012-11-28,4.69,4.71,4.63,4.71,19890154
2012-11-29,4.73,4.79,4.71,4.71,43823624
2012-11-30,4.75,4.77,4.71,4.77,45478828
2012-12-03,4.75,4.79,4.67,4.75,32428127
2012-12-04,4.75,4.77,4.69,4.75,27813574
2012-12-05,4.75,4.84,4.73,4.82,53962707
2012-12-06,4.82,4.88,4.79,4.84,44256287
2012-12-07,4.88,4.9,4.82,4.86,39269121
2012-12-10,4.86,4.9,4.82,4.82,35971032
2012-12-11,4.82,4.84,4.75,4.82,37689364
2012-12-12,4.86,4.92,4.84,4.9,53359135
2012-12-13,4.92,4.94,4.86,4.94,42045243
2012-12-14,4.94,4.94,4.88,4.94,25319221
2012-12-17,4.96,4.96,4.88,4.92,21771697
2012-12-18,4.92,4.94,4.88,4.92,22116595
2012-12-19,4.92,4.98,4.9,4.94,38888809
2012-12-20,4.92,4.92,4.82,4.82,29695117
2012-12-21,4.82,4.82,4.73,4.75,31154775
2012-12-24,4.8,4.8,4.75,4.79,14927624
2012-12-25,4.79,4.88,4.77,4.86,17334212
2012-12-26,4.84,4.94,4.82,4.9,36112687
2012-12-27,4.9,4.92,4.84,4.86,19231152
2012-12-28,4.92,4.92,4.86,4.86,24353814
2013-01-02,4.9,4.92,4.86,4.88,17189478
2013-01-03,4.92,4.98,4.88,4.98,44739760
2013-01-04,4.98,4.98,4.88,4.88,19012512
2013-01-07,4.9,4.94,4.88,4.92,10423931
2013-01-08,4.94,4.94,4.88,4.92,16961599
2013-01-09,4.94,5.0,4.9,5.0,36092670
2013-01-10,5.02,5.1,4.96,5.02,55839631
2013-01-11,5.08,5.1,5.02,5.02,27245416
2013-01-14,5.04,5.06,4.98,5.06,15036944
2013-01-15,5.06,5.14,5.04,5.08,47879257
2013-01-16,5.08,5.08,5.02,5.06,20604586
2013-01-17,5.08,5.1,4.9,4.92,32780724
2013-01-18,4.96,4.98,4.9,4.92,31205586
2013-01-21,4.88,4.94,4.88,4.92,15560450
2013-01-22,4.92,4.94,4.88,4.92,24304543
2013-01-23,4.92,4.92,4.88,4.9,38177456
2013-01-24,4.88,4.9,4.84,4.86,26001319
2013-01-25,4.86,4.9,4.86,4.9,19112594
2013-01-28,4.94,4.98,4.92,4.94,38283697
2013-01-29,4.98,5.02,4.92,5.02,25488591
2013-01-30,5.08,5.12,5.02,5.02,60143159
2013-01-31,5.04,5.08,5.02,5.08,25842727
2013-02-01,5.1,5.1,5.04,5.06,21780935
2013-02-04,5.08,5.25,5.08,5.21,134316284
2013-02-05,5.2,5.35,5.16,5.27,117428591
2013-02-06,5.31,5.39,5.31,5.31,93539773
2013-02-18,5.37,5.39,5.29,5.33,59203928
2013-02-19,5.33,5.33,5.27,5.33,26737307
2013-02-20,5.35,5.45,5.35,5.35,66074176
2013-02-21,5.33,5.35,5.27,5.27,28223141
2013-02-22,5.27,5.33,5.2,5.29,40932023
2013-02-25,5.35,5.39,5.31,5.33,38844157
2013-02-26,5.27,5.31,5.25,5.25,20960263
2013-02-27,5.25,5.31,5.25,5.27,23797974
2013-03-01,5.33,5.37,5.31,5.37,30748288
2013-03-04,5.33,5.33,5.25,5.29,28752806
2013-03-05,5.33,5.51,5.31,5.47,87622614
2013-03-06,5.51,5.61,5.47,5.55,87228444
2013-03-07,5.55,5.59,5.51,5.55,36922581
2013-03-08,5.55,5.62,5.53,5.61,47639061
2013-03-11,5.61,5.74,5.59,5.7,64930161
2013-03-12,5.7,5.7,5.45,5.51,68443811
2013-03-13,5.55,5.57,5.43,5.49,37173556
2013-03-14,5.53,5.57,5.45,5.51,32663705
2013-03-15,5.55,5.55,5.43,5.45,26948249
2013-03-18,5.41,5.41,5.31,5.31,30423406
2013-03-19,5.33,5.45,5.33,5.41,34226525
2013-03-20,5.45,5.53,5.41,5.47,41149124
2013-03-21,5.47,5.49,5.41,5.43,24988181
2013-03-22,5.39,5.47,5.35,5.41,17167922
2013-03-25,5.47,5.53,5.43,5.51,29345600
2013-03-26,5.53,5.61,5.47,5.55,32218725
2013-03-27,5.59,5.62,5.55,5.62,28357097
2013-03-28,5.62,5.62,5.53,5.55,20667715
2013-03-29,5.61,5.64,5.57,5.61,26107560
2013-04-01,5.66,5.66,5.57,5.57,30095445
2013-04-02,5.57,5.64,5.55,5.59,34380497
2013-04-03,5.98,5.98,5.66,5.74,176290701
2013-04-08,5.59,5.62,5.43,5.49,90500358
2013-04-09,5.53,5.55,5.45,5.47,43991454
2013-04-10,5.53,5.55,5.47,5.53,24113617
2013-04-11,5.57,5.59,5.53,5.55,29582717
2013-04-12,5.59,5.66,5.57,5.61,47595948
2013-04-15,5.62,5.64,5.53,5.53,20515282
2013-04-16,5.47,5.59,5.47,5.55,23894976
2013-04-17,5.57,5.57,5.51,5.51,33778465
2013-04-18,5.49,5.57,5.47,5.55,17428136
2013-04-19,5.57,5.64,5.55,5.62,29447221
2013-04-22,5.64,5.68,5.62,5.68,24048949
2013-04-23,5.68,5.72,5.66,5.72,34288114
2013-04-24,5.74,5.82,5.74,5.76,40196035
2013-04-25,5.76,5.78,5.72,5.72,27845908
2013-04-26,5.74,5.78,5.7,5.7,20870959
2013-04-29,5.74,5.82,5.74,5.78,38483862
2013-04-30,5.82,5.84,5.76,5.76,37847956
2013-05-02,5.78,5.86,5.78,5.84,41541753
2013-05-03,5.86,5.88,5.82,5.84,24664839
2013-05-06,5.86,5.88,5.82,5.84,16653654
2013-05-07,5.86,5.86,5.82,5.84,17543615
2013-05-08,5.86,5.92,5.86,5.92,30063111
2013-05-09,5.94,5.94,5.9,5.9,21254350
2013-05-10,5.9,5.9,5.86,5.9,12367063
2013-05-13,5.9,5.9,5.82,5.88,16350329
2013-05-14,5.86,5.9,5.78,5.8,16887693
2013-05-15,5.84,5.86,5.8,5.86,19768516
2013-05-16,5.9,5.96,5.86,5.92,41132187
2013-05-17,5.92,5.94,5.9,5.9,14262463
2013-05-20,5.9,5.92,5.86,5.9,15078517
2013-05-21,5.9,5.94,5.88,5.9,18302699
2013-05-22,5.88,5.92,5.82,5.82,26458617
2013-05-23,5.78,5.8,5.66,5.68,36474522
2013-05-24,5.68,5.72,5.64,5.66,21596169
2013-05-27,5.66,5.72,5.64,5.72,7851052
2013-05-28,5.74,5.74,5.7,5.7,9010464
2013-05-29,5.7,5.8,5.7,5.76,16447331
2013-05-30,5.72,5.74,5.64,5.66,20504504
2013-05-31,5.72,5.76,5.66,5.76,28731250
2013-06-03,5.68,5.74,5.66,5.7,13500300
2013-06-04,5.7,5.74,5.68,5.74,14013028
2013-06-05,5.74,5.74,5.66,5.66,20518362
2013-06-06,5.66,5.68,5.61,5.62,31893843
2013-06-07,5.62,5.66,5.59,5.62,18658375
2013-06-10,5.66,5.72,5.64,5.7,15477305
2013-06-11,5.72,5.76,5.7,5.7,20193480
2013-06-13,5.66,5.68,5.61,5.64,18355049
2013-06-14,5.66,5.68,5.57,5.57,18110233
2013-06-17,5.61,5.62,5.59,5.59,9957395
2013-06-18,5.61,5.66,5.59,5.64,13192355
2013-06-19,5.64,5.66,5.59,5.61,11732696
2013-06-20,5.57,5.61,5.55,5.57,20216576
2013-06-21,5.47,5.51,5.43,5.45,46339533
2013-06-24,5.47,5.49,5.41,5.43,21494547
2013-06-25,5.41,5.45,5.25,5.27,35319729
2013-06-26,5.35,5.35,5.27,5.35,35292014
2013-06-27,5.39,5.43,5.37,5.43,21460673
2013-06-28,5.45,5.57,5.39,5.57,34803921
2013-07-01,5.57,5.57,5.51,5.55,14969196
2013-07-02,5.55,5.57,5.47,5.49,16869216
2013-07-03,5.47,5.49,5.35,5.39,32452763
2013-07-04,5.39,5.41,5.33,5.39,11529453
2013-07-05,5.43,5.49,5.41,5.45,18592167
2013-07-08,5.45,5.45,5.39,5.45,15067739
2013-07-09,5.45,5.53,5.41,5.49,15480385
2013-07-10,5.55,5.74,5.53,5.74,44424117
2013-07-11,5.74,5.78,5.7,5.76,36513015
2013-07-12,5.74,5.78,5.72,5.78,17726842
2013-07-15,5.76,5.84,5.76,5.84,22878759
2013-07-16,5.86,5.86,5.8,5.86,24096680
2013-07-17,5.86,5.9,5.82,5.9,26855866
2013-07-18,5.9,5.9,5.82,5.88,22727866
2013-07-19,5.86,5.9,5.78,5.78,22971142
2013-07-22,5.84,5.88,5.82,5.82,18311937
2013-07-23,5.88,5.94,5.86,5.92,42430174
2013-07-24,5.92,5.92,5.88,5.92,22336776
2013-07-25,5.9,5.9,5.84,5.86,17495883
2013-07-26,5.86,5.92,5.84,5.88,26164530
2013-07-29,5.88,5.9,5.86,5.88,12477923
2013-07-30,5.92,5.94,5.9,5.94,19303519
2013-07-31,5.96,5.98,5.9,5.9,26757323
2013-08-01,5.92,5.96,5.92,5.92,13956058
2013-08-02,5.94,6.0,5.94,5.96,29835232
2013-08-05,5.96,6.02,5.94,6.0,16099354
2013-08-06,6.0,6.0,5.9,5.96,20193480
2013-08-07,5.88,5.9,5.8,5.82,28871365
2013-08-08,5.82,5.86,5.8,5.86,22466113
2013-08-09,5.82,5.84,5.72,5.76,23627065
2013-08-12,5.76,5.86,5.74,5.86,26949789
2013-08-13,5.86,5.9,5.86,5.9,55810376
2013-08-14,5.91,5.93,5.84,5.86,59152247
2013-08-15,5.82,5.84,5.76,5.78,26209706
2013-08-16,5.71,5.76,5.69,5.71,35540978
2013-08-19,5.71,5.76,5.65,5.67,18039317
2013-08-20,5.67,5.71,5.63,5.63,24672321
2013-08-22,5.61,5.61,5.54,5.58,36687599
2013-08-23,5.61,5.65,5.56,5.61,18106346
2013-08-26,5.65,5.67,5.63,5.65,5554837
2013-08-27,5.63,5.67,5.61,5.61,10369505
2013-08-28,5.56,5.63,5.56,5.63,7897995
2013-08-29,5.63,5.67,5.61,5.63,15365294
2013-08-30,5.65,5.76,5.65,5.76,18283188
2013-09-02,5.74,5.8,5.71,5.76,11801356
2013-09-03,5.82,5.91,5.82,5.89,34989060
2013-09-04,5.89,5.89,5.82,5.86,23865123
2013-09-05,5.84,5.86,5.82,5.86,22220777
2013-09-06,5.86,5.86,5.8,5.8,18662543
2013-09-09,5.8,5.86,5.71,5.86,25227092
2013-09-10,5.86,5.89,5.76,5.78,25070216
2013-09-11,5.8,5.86,5.76,5.82,31902880
2013-09-12,5.84,5.86,5.76,5.76,40993133
2013-09-13,5.76,5.78,5.71,5.71,25373985
2013-09-16,5.74,5.8,5.74,5.8,21183969
2013-09-17,5.82,5.82,5.78,5.82,18763799
2013-09-18,5.84,5.86,5.82,5.82,23129232
2013-09-23,5.86,5.93,5.84,5.91,37815681
2013-09-24,5.91,5.93,5.86,5.93,19379894
2013-09-25,5.93,5.93,5.89,5.93,17784037
2013-09-26,5.93,5.93,5.82,5.86,19347093
2013-09-27,5.86,5.93,5.84,5.91,23351710
2013-09-30,5.89,5.91,5.84,5.86,22615819
2013-10-01,5.91,5.91,5.84,5.89,11420575
2013-10-02,5.86,5.91,5.84,5.89,13733783
2013-10-03,5.86,6.1,5.86,6.1,71949053
2013-10-04,6.1,6.15,6.04,6.15,32958228
2013-10-07,6.12,6.19,6.04,6.17,24241625
2013-10-08,6.15,6.3,6.12,6.3,48246511
2013-10-09,6.3,6.34,6.23,6.25,30192932
2013-10-11,6.34,6.36,6.27,6.27,27129570
2013-10-14,6.27,6.32,6.21,6.3,22059622
2013-10-15,6.32,6.34,6.27,6.3,20064444
2013-10-16,6.3,6.32,6.21,6.21,19184512
2013-10-17,6.27,6.3,6.23,6.3,16638842
2013-10-18,6.3,6.3,6.23,6.27,15646245
2013-10-21,6.27,6.3,6.25,6.3,10967060
2013-10-22,6.3,6.32,6.27,6.32,14335617
2013-10-23,6.32,6.34,6.27,6.3,17815412
2013-10-24,6.3,6.32,6.25,6.3,13678164
2013-10-25,6.25,6.27,6.17,6.19,19702203
2013-10-28,6.17,6.3,6.17,6.3,13686720
2013-10-29,6.25,6.32,6.25,6.32,13191848
2013-10-30,6.3,6.36,6.25,6.36,11129641
2013-10-31,6.27,6.34,6.25,6.25,18659691
2013-11-01,6.34,6.38,6.27,6.3,16409233
2013-11-04,6.25,6.3,6.23,6.25,14127399
2013-11-05,6.32,6.34,6.27,6.32,30851811
2013-11-06,6.32,6.34,6.25,6.34,15981389
2013-11-07,6.34,6.34,6.21,6.27,20315446
2013-11-08,6.23,6.27,6.12,6.15,18585531
2013-11-11,6.17,6.19,6.1,6.17,14071780
2013-11-12,6.21,6.3,6.17,6.21,18902135
2013-11-13,6.21,6.25,6.08,6.08,21450658
2013-11-14,6.1,6.19,6.08,6.19,9970185
2013-11-15,6.21,6.23,6.17,6.21,13003597
2013-11-18,6.23,6.32,6.21,6.3,20934393
2013-11-19,6.3,6.32,6.27,6.3,11383495
2013-11-20,6.27,6.34,6.25,6.25,16125430
2013-11-21,6.25,6.32,6.19,6.19,14453987
2013-11-22,6.21,6.25,6.19,6.19,7079387
2013-11-25,6.25,6.32,6.23,6.32,17548723
2013-11-26,6.27,6.34,6.25,6.27,21379351
2013-11-27,6.32,6.32,6.27,6.32,10619081
2013-11-28,6.3,6.34,6.25,6.32,12343291
2013-11-29,6.32,6.32,6.23,6.3,15082917
2013-12-02,6.3,6.32,6.23,6.32,10138470
2013-12-03,6.32,6.32,6.23,6.25,12535821
2013-12-04,6.25,6.27,6.23,6.27,11799930
2013-12-05,6.27,6.3,6.23,6.27,9449641
2013-12-06,6.27,6.27,6.23,6.23,8779353
2013-12-09,6.25,6.32,6.25,6.27,14090320
2013-12-10,6.27,6.3,6.25,6.25,6739964
2013-12-11,6.3,6.34,6.25,6.3,15543562
2013-12-12,6.25,6.27,6.21,6.21,8916263
2013-12-13,6.19,6.23,6.17,6.21,13187569
2013-12-16,6.21,6.23,6.17,6.17,10429403
2013-12-17,6.19,6.21,6.15,6.15,9472460
2013-12-18,6.15,6.23,6.15,6.23,11316466
2013-12-19,6.25,6.27,6.21,6.27,14121695
2013-12-20,6.27,6.27,6.21,6.21,12555787
2013-12-23,6.25,6.27,6.23,6.23,14034700
2013-12-24,6.25,6.27,6.23,6.23,6245092
2013-12-25,6.27,6.3,6.25,6.27,6182341
2013-12-26,6.27,6.27,6.23,6.23,3518301
2013-12-27,6.25,6.34,6.23,6.32,20833137
2013-12-30,6.32,6.38,6.3,6.38,26228246
2013-12-31,6.4,6.4,6.36,6.4,19124614
2014-01-02,6.4,6.4,6.34,6.38,8148996
2014-01-03,6.34,6.36,6.27,6.27,12508724
2014-01-06,6.25,6.27,6.21,6.21,11046925
2014-01-07,6.21,6.27,6.21,6.23,10064310
2014-01-08,6.27,6.3,6.25,6.27,11480473
2014-01-09,6.27,6.3,6.23,6.23,9749132
2014-01-10,6.23,6.27,6.21,6.21,22758434
2014-01-13,6.25,6.3,6.23,6.23,10838707
2014-01-14,6.23,6.27,6.21,6.25,9275652
2014-01-15,6.25,6.3,6.25,6.25,9364073
2014-01-16,6.27,6.3,6.25,6.25,7377452
2014-01-17,6.25,6.3,6.25,6.27,7448759
2014-01-20,6.25,6.3,6.23,6.25,16608893
2014-01-21,6.25,6.27,6.21,6.23,14693579
2014-01-22,6.23,6.25,6.21,6.23,18133443
2014-01-23,6.23,6.27,6.21,6.23,16183902
2014-01-24,6.21,6.25,6.19,6.23,17334801
2014-01-27,6.19,6.21,6.08,6.08,40599517
2014-02-05,6.02,6.17,5.99,5.99,44860841
2014-02-06,6.06,6.06,5.99,6.02,21289504
2014-02-07,6.06,6.1,6.02,6.06,18879317
2014-02-10,6.08,6.15,6.06,6.08,10466483
2014-02-11,6.08,6.12,6.06,6.08,16104037
2014-02-12,6.12,6.21,6.1,6.21,25774732
2014-02-13,6.21,6.23,6.17,6.23,13986211
2014-02-14,6.25,6.27,6.21,6.27,22824036
2014-02-17,6.3,6.3,6.23,6.27,16307976
2014-02-18,6.25,6.27,6.21,6.27,15159929
2014-02-19,6.27,6.27,6.19,6.23,19056159
2014-02-20,6.25,6.25,6.21,6.23,14329912
2014-02-21,6.27,6.3,6.23,6.27,15070082
2014-02-24,6.25,6.27,6.19,6.25,19257246
2014-02-25,6.23,6.27,6.21,6.25,21543357
2014-02-26,6.27,6.3,6.25,6.25,26248212
2014-02-27,6.3,6.3,6.25,6.27,18572696
2014-03-03,6.25,6.25,6.17,6.19,24133238
2014-03-04,6.21,6.25,6.19,6.21,15295413
2014-03-05,6.25,6.27,6.21,6.23,14396941
2014-03-06,6.27,6.27,6.21,6.27,9844684
2014-03-07,6.27,6.3,6.25,6.27,15098605
2014-03-10,6.25,6.27,6.19,6.23,11829879
2014-03-11,6.25,6.25,6.17,6.19,11530388
2014-03-12,6.19,6.25,6.17,6.23,23157754
2014-03-13,6.23,6.27,6.21,6.21,22480335
2014-03-14,6.23,6.3,6.21,6.25,22758434
2014-03-17,6.27,6.3,6.21,6.3,23056498
2014-03-18,6.32,6.32,6.25,6.3,22018264
2014-03-19,6.3,6.32,6.27,6.27,17411813
2014-03-20,6.25,6.25,6.17,6.17,22886787
2014-03-21,6.23,6.23,6.12,6.15,23591303
2014-03-24,6.15,6.19,6.1,6.15,19275786
2014-03-25,6.17,6.21,6.12,6.15,19155989
2014-03-26,6.21,6.23,6.17,6.23,16554700
2014-03-27,6.23,6.3,6.19,6.25,25393951
2014-03-28,6.23,6.3,6.21,6.3,15473681
2014-03-31,6.3,6.32,6.25,6.32,17183630
2014-04-01,6.32,6.32,6.25,6.32,15164207
2014-04-02,6.32,6.34,6.25,6.25,21731609
2014-04-03,6.25,6.25,6.19,6.23,23316057
2014-04-07,6.21,6.21,6.12,6.12,39335952
2014-04-08,6.15,6.21,6.15,6.19,13947705
2014-04-09,6.19,6.21,6.12,6.17,23191982
2014-04-10,6.19,6.21,6.12,6.21,32340707
2014-04-11,6.21,6.21,6.15,6.19,16869878
2014-04-14,6.21,6.21,6.12,6.17,22654325
2014-04-15,6.21,6.21,6.1,6.1,21741592
2014-04-16,6.1,6.12,6.06,6.06,31415138
2014-04-17,6.1,6.1,6.04,6.08,27792728
2014-04-18,6.08,6.1,6.04,6.06,22513137
2014-04-21,6.08,6.08,6.04,6.04,11751441
2014-04-22,6.08,6.1,6.06,6.06,13084887
2014-04-23,6.08,6.1,6.02,6.02,25148654
2014-04-24,6.02,6.04,5.99,5.99,17875311
2014-04-25,5.99,5.99,5.82,5.84,48603047
2014-04-28,5.78,5.93,5.78,5.91,20436668
2014-04-29,5.91,5.93,5.86,5.91,14379827
2014-04-30,5.89,5.91,5.8,5.8,18984852
2014-05-02,5.8,5.89,5.8,5.86,14034700
2014-05-05,5.84,5.86,5.65,5.67,46388243
2014-05-06,5.67,5.69,5.56,5.65,52639040
2014-05-07,5.65,5.67,5.61,5.63,22100980
2014-05-08,5.65,5.71,5.63,5.71,28882304
2014-05-09,5.74,5.74,5.65,5.69,22537381
2014-05-12,5.67,5.69,5.63,5.65,11979624
2014-05-13,5.67,5.69,5.63,5.67,14074632
2014-05-14,5.69,5.71,5.65,5.71,12926585
2014-05-15,5.69,5.71,5.67,5.71,10659013
2014-05-16,5.69,5.76,5.67,5.76,17109470
2014-05-19,5.76,5.78,5.69,5.74,22650047
2014-05-20,5.74,5.76,5.69,5.69,11220914
2014-05-21,5.69,5.69,5.63,5.65,27969570
2014-05-22,5.63,5.67,5.63,5.65,28150691
2014-05-23,5.65,5.69,5.65,5.69,16567535
2014-05-26,5.69,5.76,5.67,5.69,18661117
2014-05-27,5.69,5.76,5.69,5.74,14635107
2014-05-28,5.71,5.78,5.71,5.78,36697582
2014-05-29,5.78,5.8,5.74,5.78,25824647
2014-05-30,5.78,5.8,5.74,5.74,41985731
2014-06-03,5.74,5.76,5.65,5.65,37593202
2014-06-04,5.65,5.67,5.63,5.65,32430554
2014-06-05,5.65,5.67,5.63,5.65,26917075
2014-06-06,5.67,5.74,5.67,5.71,20037348
2014-06-09,5.71,5.78,5.71,5.76,18671100
2014-06-10,5.76,5.82,5.74,5.82,30533780
2014-06-11,5.8,5.86,5.78,5.84,40849093
2014-06-12,5.82,5.82,5.78,5.8,23605564
2014-06-13,5.78,5.8,5.74,5.8,17875311
2014-06-16,5.8,5.82,5.76,5.78,17973715
2014-06-17,5.78,5.8,5.76,5.78,23243323
2014-06-18,5.78,5.82,5.76,5.82,23833748
2014-06-19,5.8,5.82,5.78,5.8,15167060
2014-06-20,5.78,5.82,5.76,5.8,22042508
2014-06-23,5.8,5.82,5.78,5.78,18130591
2014-06-24,5.78,5.8,5.78,5.8,14061797
2014-06-25,5.8,5.8,5.76,5.76,12179284
2014-06-26,5.76,5.8,5.76,5.78,14817654
2014-06-27,5.78,5.82,5.78,5.78,17785463
2014-06-30,5.78,5.82,5.78,5.8,14188724
2014-07-01,5.8,5.82,5.78,5.8,21430692
2014-07-02,5.8,5.89,5.8,5.84,34782269
2014-07-03,5.86,5.89,5.82,5.82,16570387
2014-07-04,5.86,5.86,5.82,5.82,11574599
2014-07-07,5.82,5.84,5.78,5.8,15995650
2014-07-08,5.82,5.99,5.82,5.99,64369089
2014-07-09,5.99,6.04,5.95,6.02,39788040
2014-07-10,6.04,6.06,5.99,6.04,43618668
2014-07-11,6.02,6.04,5.91,5.95,41158566
2014-07-14,5.97,6.1,5.95,6.08,51585118
2014-07-15,6.12,6.17,6.08,6.12,55933436
2014-07-16,6.12,6.15,6.04,6.06,37493372
2014-07-17,6.06,6.1,6.04,6.08,33651335
2014-07-18,6.04,6.1,6.02,6.1,27557414
2014-07-21,6.12,6.19,6.1,6.17,27587363
2014-07-22,6.17,6.19,6.12,6.17,20021660
2014-07-23,6.17,6.17,6.17,6.17,0
2014-07-24,6.17,6.19,6.15,6.19,26992660
2014-07-25,6.19,6.25,6.19,6.21,45355713
2014-07-28,6.19,6.23,6.17,6.21,25776158
2014-07-29,6.23,6.27,6.12,6.17,50385729
2014-07-30,6.17,6.19,6.12,6.19,33855274
2014-07-31,6.15,6.19,6.1,6.1,38446037
2014-08-01,6.06,6.06,5.99,6.04,34331607
2014-08-04,6.04,6.06,5.99,5.99,19719317
2014-08-05,5.99,6.02,5.91,5.91,35685019
2014-08-06,5.93,5.97,5.91,5.93,16429199
2014-08-07,5.95,5.99,5.93,5.99,12622816
2014-08-08,5.99,6.02,5.95,5.97,14787705
2014-08-11,6.02,6.08,5.99,6.06,16658808
2014-08-12,6.06,6.06,5.99,6.06,14955990
2014-08-13,6.06,6.08,6.04,6.06,17460302
2014-08-14,6.08,6.08,6.02,6.02,14228656
2014-08-15,6.02,6.08,6.02,6.06,11544649
2014-08-18,6.06,6.08,6.02,6.02,13646788
2014-08-19,6.06,6.15,6.04,6.15,22277823
2014-08-20,6.17,6.23,6.15,6.23,34882099
2014-08-21,6.23,6.27,6.21,6.25,37019891
2014-08-22,6.27,6.34,6.25,6.34,43555917
2014-08-25,6.36,6.4,6.36,6.4,43645765
2014-08-26,6.4,6.4,6.32,6.34,35834764
2014-08-27,6.34,6.4,6.34,6.36,60455745
2014-08-28,6.38,6.51,6.36,6.51,137029789
2014-08-29,6.58,6.58,6.51,6.51,118831405
2014-09-01,6.53,6.58,6.53,6.53,32298084
2014-09-02,6.53,6.55,6.48,6.48,26655783
2014-09-03,6.48,6.53,6.46,6.51,23804283
2014-09-04,6.53,6.55,6.48,6.53,20188777
2014-09-05,6.53,6.63,6.53,6.6,40150595
2014-09-09,6.65,6.67,6.63,6.65,34315642
2014-09-10,6.65,6.65,6.58,6.6,24258201
2014-09-11,6.6,6.63,6.58,6.58,15877879
2014-09-12,6.6,6.6,6.55,6.58,22030838
2014-09-15,6.55,6.58,6.53,6.53,16487501
2014-09-16,6.53,6.55,6.48,6.48,20724505
2014-09-17,6.51,6.53,6.43,6.46,30591935
2014-09-18,6.46,6.48,6.43,6.46,14752322
2014-09-19,6.48,6.51,6.46,6.48,17909952
2014-09-22,6.48,6.48,6.43,6.48,19040787
2014-09-23,6.43,6.43,6.39,6.39,25592243
2014-09-24,6.41,6.41,6.36,6.36,21679843
2014-09-25,6.39,6.41,6.32,6.32,22391069
2014-09-26,6.29,6.34,6.24,6.32,32594978
2014-09-29,6.29,6.29,6.24,6.27,25263681
2014-09-30,6.24,6.24,6.15,6.22,42412266
2014-10-01,6.22,6.27,6.15,6.27,19331083
2014-10-02,6.24,6.27,6.2,6.22,18035307
2014-10-03,6.27,6.32,6.22,6.29,28434506
2014-10-06,6.29,6.36,6.24,6.29,29385886
2014-10-07,6.32,6.35,6.3,6.3,25692737
2014-10-08,6.3,6.35,6.3,6.3,19530876
2014-10-09,6.35,6.35,6.3,6.35,19240444
2014-10-13,6.3,6.3,6.15,6.15,39395356
2014-10-14,6.15,6.3,6.15,6.3,26074746
2014-10-15,6.3,6.3,6.2,6.2,25585460
2014-10-16,6.2,6.2,6.13,6.18,18656964
2014-10-17,6.18,6.2,6.08,6.08,27715292
2014-10-20,6.13,6.18,6.11,6.15,12455855
2014-10-21,6.15,6.18,6.08,6.13,21272157
2014-10-22,6.15,6.18,6.11,6.15,24601656
2014-10-23,6.15,6.15,6.08,6.11,19852705
2014-10-24,6.13,6.15,6.08,6.11,16427705
2014-10-27,6.11,6.13,6.06,6.08,22830284
2014-10-28,6.11,6.23,6.11,6.2,31807501
2014-10-29,6.23,6.3,6.2,6.27,33527851
2014-10-30,6.27,6.35,6.25,6.35,24952267
2014-10-31,6.37,6.37,6.3,6.35,17525327
2014-11-03,6.35,6.35,6.27,6.32,16986328
2014-11-04,6.32,6.35,6.27,6.3,14250775
2014-11-05,6.3,6.32,6.27,6.32,10697566
2014-11-06,6.32,6.32,6.25,6.25,12497719
2014-11-07,6.25,6.3,6.25,6.25,12275317
2014-11-10,6.3,6.35,6.27,6.3,27526904
2014-11-11,6.25,6.27,6.23,6.25,73538085
2014-11-12,6.25,6.27,6.23,6.27,32564978
2014-11-13,6.27,6.27,6.23,6.25,14214144
2014-11-14,6.25,6.3,6.25,6.3,23498800
2014-11-17,6.3,6.3,6.23,6.23,16703746
2014-11-18,6.23,6.27,6.23,6.25,17015109
2014-11-19,6.25,6.3,6.23,6.27,25190368
2014-11-20,6.3,6.32,6.25,6.3,25463793
2014-11-21,6.3,6.3,6.27,6.27,11580635
2014-11-24,6.3,6.32,6.25,6.3,17160325
2014-11-25,6.3,6.3,6.25,6.25,25724135
2014-11-26,6.25,6.27,6.23,6.23,19881487
2014-11-27,6.25,6.27,6.2,6.23,19745429
2014-11-28,6.25,6.27,6.2,6.25,22703384
2014-12-01,6.18,6.2,6.13,6.15,30415522
2014-12-02,6.15,6.18,6.06,6.08,34866191
2014-12-03,6.13,6.2,6.08,6.2,26481612
2014-12-04,6.2,6.23,6.15,6.2,24427658
2014-12-05,6.2,6.23,6.18,6.2,15271211
2014-12-08,6.23,6.23,6.18,6.2,14444396
2014-12-09,6.2,6.25,6.18,6.2,28012265
2014-12-10,6.18,6.2,6.11,6.13,37669773
2014-12-11,6.11,6.18,6.08,6.11,27071633
2014-12-12,6.13,6.18,6.11,6.13,18989260
2014-12-15,6.11,6.13,6.08,6.08,25667880
2014-12-16,6.08,6.11,6.06,6.06,24485221
2014-12-17,6.06,6.08,5.96,5.96,43161810
2014-12-18,6.03,6.03,5.96,6.01,18654348
2014-12-19,6.06,6.11,6.01,6.11,22671986
2014-12-22,6.11,6.18,6.11,6.15,16545447
2014-12-23,6.18,6.2,6.15,6.18,10187348
2014-12-24,6.15,6.2,6.15,6.2,11996659
2014-12-25,6.2,6.2,6.18,6.18,8415977
2014-12-26,6.2,6.23,6.18,6.23,9741235
2014-12-29,6.2,6.25,6.2,6.23,14644559
2014-12-30,6.25,6.27,6.23,6.25,11228716
2014-12-31,6.23,6.25,6.2,6.25,10112778
2015-01-05,6.25,6.25,6.18,6.23,14732212
2015-01-06,6.2,6.2,6.06,6.06,37444754
2015-01-07,6.08,6.13,6.06,6.08,16269406
2015-01-08,6.13,6.18,6.11,6.15,16257632
2015-01-09,6.2,6.2,6.13,6.15,12659942
2015-01-12,6.13,6.15,6.11,6.15,14613161
2015-01-13,6.13,6.23,6.13,6.2,23645324
2015-01-14,6.2,6.23,6.13,6.13,20191542
2015-01-15,6.13,6.18,6.11,6.11,17101454
2015-01-16,6.08,6.11,6.06,6.06,22358005
2015-01-19,6.11,6.13,6.08,6.11,11618575
2015-01-20,6.13,6.15,6.11,6.11,11274505
2015-01-21,6.15,6.15,6.08,6.13,13850451
2015-01-22,6.15,6.2,6.15,6.2,12330263
2015-01-23,6.25,6.27,6.23,6.25,33145842
2015-01-26,6.25,6.27,6.2,6.25,15443900
2015-01-27,6.25,6.27,6.23,6.27,23373208
2015-01-28,6.25,6.3,6.23,6.3,18048627
2015-01-29,6.25,6.25,6.18,6.18,23154730
2015-01-30,6.18,6.23,6.18,6.18,13048493
2015-02-02,6.2,6.23,6.15,6.18,13238189
2015-02-03,6.2,6.23,6.18,6.2,10987998
2015-02-04,6.2,6.25,6.2,6.2,19092612
2015-02-05,6.23,6.25,6.2,6.25,9003381
2015-02-06,6.25,6.25,6.2,6.25,8329632
2015-02-09,6.25,6.25,6.2,6.25,9206160
2015-02-10,6.2,6.25,6.2,6.2,11898540
2015-02-11,6.2,6.23,6.18,6.2,11307211
2015-02-12,6.2,6.23,6.18,6.23,9422022
2015-02-13,6.25,6.25,6.23,6.23,11525689
2015-02-24,6.23,6.25,6.2,6.2,32411913
2015-02-25,6.25,6.25,6.2,6.2,20773714
2015-02-26,6.23,6.23,6.18,6.18,25028145
2015-03-02,6.2,6.23,6.11,6.13,42345461
2015-03-03,6.13,6.15,6.08,6.11,28132624
2015-03-04,6.11,6.13,6.06,6.08,25699278
2015-03-05,6.08,6.11,6.06,6.06,21595295
2015-03-06,6.06,6.11,6.06,6.08,22161768
2015-03-09,6.06,6.08,6.06,6.06,18100957
2015-03-10,6.06,6.11,6.06,6.06,18046011
2015-03-11,6.06,6.08,6.03,6.06,20432260
2015-03-12,6.08,6.13,6.06,6.13,21035364
2015-03-13,6.13,6.13,6.08,6.08,20338066
2015-03-16,6.08,6.11,6.03,6.03,27428786
2015-03-17,6.06,6.11,6.06,6.06,12699190
2015-03-18,6.08,6.11,6.06,6.11,16667115
2015-03-19,6.11,6.13,6.08,6.11,15484456
2015-03-20,6.11,6.11,6.06,6.11,18446336
2015-03-23,6.13,6.23,6.13,6.2,51897000
2015-03-24,6.23,6.23,6.15,6.15,40591097
2015-03-25,6.15,6.23,6.15,6.2,28030581
2015-03-26,6.18,6.23,6.15,6.23,24563716
2015-03-27,6.23,6.23,6.18,6.18,24516619
2015-03-30,6.2,6.25,6.18,6.2,25737217
2015-03-31,6.25,6.27,6.2,6.27,34184593
2015-04-01,6.27,6.27,6.23,6.23,27759773
2015-04-02,6.25,6.3,6.23,6.25,24326923
2015-04-07,6.3,6.3,6.25,6.27,25398380
2015-04-08,6.27,6.3,6.25,6.27,17236204
2015-04-09,6.27,6.3,6.25,6.3,26301073
2015-04-10,6.32,6.32,6.27,6.32,20170610
2015-04-13,6.32,6.32,6.3,6.32,14232460
2015-04-14,6.3,6.35,6.3,6.32,16782241
2015-04-15,6.32,6.35,6.25,6.25,28572197
2015-04-16,6.25,6.35,6.25,6.35,22108130
2015-04-17,6.32,6.35,6.3,6.32,24778269
2015-04-20,6.3,6.35,6.3,6.32,14537282
2015-04-21,6.35,6.37,6.32,6.37,17000719
2015-04-22,6.37,6.42,6.35,6.42,29579550
2015-04-23,6.44,6.68,6.42,6.61,102954104
2015-04-24,6.63,6.66,6.49,6.63,61991463
2015-04-27,6.66,6.83,6.66,6.78,101550351
2015-04-28,6.78,6.8,6.71,6.78,41918971
2015-04-29,6.78,6.8,6.66,6.71,41434919
2015-04-30,6.68,6.75,6.68,6.68,32704961
2015-05-04,6.73,6.78,6.71,6.73,31505295
2015-05-05,6.75,6.78,6.71,6.75,31700224
2015-05-06,6.73,6.75,6.68,6.73,33202096
2015-05-07,6.73,6.73,6.63,6.63,52204439
2015-05-08,6.66,6.71,6.63,6.66,21535116
2015-05-11,6.73,6.75,6.63,6.66,27872283
2015-05-12,6.68,6.71,6.66,6.71,20650738
2015-05-13,6.73,6.9,6.73,6.85,92320641
2015-05-14,6.85,6.85,6.71,6.73,50922353
2015-05-15,6.78,6.78,6.71,6.73,37939272
2015-05-18,6.75,6.78,6.68,6.75,28942432
2015-05-19,6.78,6.83,6.75,6.8,32103166
2015-05-20,6.8,6.83,6.75,6.83,36774929
2015-05-21,6.75,6.78,6.68,6.78,28145707
2015-05-22,6.73,6.78,6.73,6.78,16476110
2015-05-25,6.75,6.75,6.71,6.71,15479223
2015-05-26,6.73,6.8,6.68,6.8,34277478
2015-05-27,6.78,6.8,6.75,6.8,31361387
2015-05-28,6.8,6.83,6.75,6.78,26990522
2015-05-29,6.78,6.83,6.73,6.8,132375356
2015-06-01,6.8,6.83,6.73,6.73,28101226
2015-06-02,6.73,6.78,6.71,6.71,36505430
2015-06-03,6.73,6.75,6.71,6.75,22898313
2015-06-04,6.75,6.75,6.59,6.63,37737802
2015-06-05,6.63,6.66,6.56,6.59,26448906
2015-06-08,6.59,6.61,6.49,6.61,33365628
2015-06-09,6.59,6.61,6.49,6.51,34087782
2015-06-10,6.54,6.56,6.49,6.51,24083588
2015-06-11,6.54,6.59,6.51,6.59,22340998
2015-06-12,6.59,6.59,6.54,6.54,13312760
2015-06-15,6.56,6.56,6.49,6.49,15562951
2015-06-16,6.49,6.54,6.44,6.49,24139843
2015-06-17,6.54,6.56,6.49,6.49,25056927
2015-06-18,6.49,6.54,6.49,6.49,18875442
2015-06-22,6.51,6.59,6.51,6.56,15553793
2015-06-23,6.59,6.66,6.56,6.61,21473628
2015-06-24,6.63,6.63,6.59,6.61,11267964
2015-06-25,6.63,6.68,6.61,6.61,21860870
2015-06-26,6.66,6.66,6.61,6.66,11966569
2015-06-29,6.59,6.59,6.51,6.51,15684618
2015-06-30,6.51,6.56,6.49,6.56,20024086
2015-07-01,6.56,6.59,6.51,6.56,10640003
2015-07-02,6.56,6.61,6.54,6.54,12967381
2015-07-03,6.54,6.59,6.51,6.59,14627552
2015-07-06,6.56,6.59,6.54,6.54,14337120
2015-07-07,6.56,6.63,6.54,6.63,19634227
2015-07-08,6.59,6.59,6.44,6.49,43352814
2015-07-09,6.44,6.44,6.35,6.39,30186578
2015-07-10,6.39,6.39,6.39,6.39,0
2015-07-13,6.44,6.51,6.42,6.49,21855637
2015-07-14,6.51,6.56,6.49,6.49,18454185
2015-07-15,6.51,6.54,6.49,6.51,12699190
2015-07-16,6.51,6.59,6.49,6.59,13853067
2015-07-17,6.56,6.56,6.51,6.56,12500336
2015-07-20,6.56,6.59,6.49,6.51,11197318
2015-07-21,6.49,6.51,6.49,6.49,13361165
2015-07-22,6.49,6.51,6.47,6.51,11125364
2015-07-23,6.49,6.51,6.47,6.51,13537779
2015-07-24,6.51,6.51,6.44,6.47,9229709
2015-07-27,6.44,6.47,6.35,6.37,18065635
2015-07-28,6.35,6.37,6.3,6.3,27137046
2015-07-29,6.32,6.37,6.3,6.3,16958854
2015-07-30,6.32,6.47,6.32,6.47,19850089
2015-07-31,6.44,6.47,6.37,6.47,25389223
2015-08-03,6.44,6.44,6.32,6.44,23188745
2015-08-04,6.44,6.47,6.39,6.44,20438802
2015-08-05,6.44,6.54,6.42,6.49,17531868
2015-08-06,6.51,6.51,6.44,6.49,34828252
2015-08-07,6.47,6.49,6.42,6.44,40309823
2015-08-10,6.44,6.47,6.37,6.42,105639943
2015-08-11,6.42,6.47,6.28,6.28,109244302
2015-08-12,6.26,6.26,5.88,5.96,56575510
2015-08-13,5.96,6.02,5.88,5.91,29016456
2015-08-14,5.91,5.99,5.91,5.99,13334750
2015-08-17,6.02,6.02,5.91,5.91,11726245
2015-08-18,5.88,5.94,5.83,5.83,16701644
2015-08-19,5.78,5.8,5.51,5.54,32655090
2015-08-20,5.48,5.64,5.48,5.56,25195038
2015-08-21,5.51,5.54,5.37,5.37,31365848
2015-08-24,5.2,5.31,5.13,5.17,43942652
2015-08-25,5.09,5.43,5.09,5.43,34525586
2015-08-26,5.37,5.48,5.27,5.4,28909222
2015-08-27,5.43,5.48,5.4,5.48,26115054
2015-08-28,5.56,5.59,5.48,5.59,24747825
2015-08-31,5.59,5.99,5.54,5.99,33813944
2015-09-01,5.83,5.83,5.67,5.67,28865354
2015-09-02,5.54,5.72,5.48,5.64,24015468
2015-09-03,5.72,5.72,5.56,5.67,15628089
2015-09-04,5.62,5.67,5.56,5.62,10708744
2015-09-07,5.54,5.64,5.54,5.62,12035761
2015-09-08,5.62,5.62,5.56,5.56,9529173
2015-09-09,5.64,5.72,5.64,5.7,32104298
2015-09-10,5.67,5.83,5.64,5.83,15055363
2015-09-11,5.75,5.8,5.75,5.8,6494948
2015-09-14,5.8,5.83,5.75,5.83,9258652
2015-09-15,5.83,5.83,5.75,5.78,8832155
2015-09-16,5.86,5.86,5.72,5.83,23881426
2015-09-17,5.91,5.99,5.88,5.99,31562037
2015-09-18,6.02,6.04,5.96,5.96,22589747
2015-09-21,5.91,5.94,5.83,5.91,21497913
2015-09-22,5.91,5.91,5.83,5.88,22237582
2015-09-23,5.83,5.83,5.67,5.67,31791127
2015-09-24,5.72,5.75,5.62,5.64,17190288
2015-09-25,5.64,5.67,5.59,5.67,18713494
2015-09-29,5.67,5.67,5.67,5.67,0
2015-09-30,5.56,5.59,5.51,5.56,34501215
2015-10-01,5.56,5.7,5.51,5.64,24624750
2015-10-02,5.62,5.72,5.62,5.67,15714607
2015-10-05,5.75,5.75,5.62,5.72,17019689
2015-10-06,5.72,5.78,5.7,5.72,19378830
2015-10-07,5.72,5.8,5.7,5.8,16888084
2015-10-08,5.8,5.8,5.72,5.72,11335086
2015-10-12,5.72,5.8,5.64,5.8,24633280
2015-10-13,5.78,5.86,5.75,5.86,23482955
2015-10-14,5.86,5.86,5.75,5.78,11397233
2015-10-15,5.83,5.83,5.78,5.78,13379837
2015-10-16,5.83,5.83,5.8,5.83,16193502
2015-10-19,5.83,5.88,5.8,5.86,15924200
2015-10-20,5.86,5.88,5.8,5.8,18161484
2015-10-21,5.86,5.86,5.8,5.83,12026012
2015-10-22,5.86,5.86,5.8,5.86,10324896
2015-10-23,5.88,5.91,5.86,5.91,19804109
2015-10-26,5.94,5.99,5.94,5.99,16192284
2015-10-27,5.99,5.99,5.88,5.94,15440430
2015-10-28,5.94,5.94,5.83,5.88,12199048
2015-10-29,5.88,5.91,5.75,5.8,18650128
2015-10-30,5.78,5.83,5.75,5.75,19242351
2015-11-02,5.75,5.83,5.72,5.83,10212788
2015-11-03,5.88,5.91,5.86,5.88,21696539
2015-11-04,5.91,5.99,5.88,5.96,39164661
2015-11-05,5.99,5.99,5.94,5.96,16895396
2015-11-06,5.94,5.96,5.78,5.86,26955864
2015-11-09,5.78,5.86,5.78,5.8,12434231
2015-11-10,5.78,5.78,5.67,5.7,23417152
2015-11-11,5.7,5.72,5.62,5.62,22281450
2015-11-12,5.62,5.64,5.59,5.62,11809108
2015-11-13,5.56,5.62,5.51,5.51,23123478
2015-11-16,5.43,5.48,5.4,5.43,19388578
2015-11-17,5.48,5.54,5.46,5.46,20244011
2015-11-18,5.48,5.48,5.37,5.37,27089906
2015-11-19,5.4,5.46,5.37,5.46,25508209
2015-11-20,5.4,5.46,5.37,5.4,11486188
2015-11-23,5.4,5.46,5.4,5.4,8523858
2015-11-24,5.4,5.48,5.4,5.46,15261301
2015-11-25,5.46,5.46,5.37,5.4,21276135
2015-11-26,5.43,5.48,5.4,5.4,17402318
2015-11-27,5.43,5.46,5.4,5.46,16416500
2015-11-30,5.37,5.4,5.23,5.4,106629263
2015-12-01,5.27,5.4,5.27,5.37,31332947
2015-12-02,5.35,5.37,5.34,5.34,23808312
2015-12-03,5.32,5.37,5.29,5.34,14993216
2015-12-04,5.34,5.34,5.25,5.27,22638490
2015-12-07,5.31,5.37,5.31,5.34,16537138
2015-12-08,5.33,5.33,5.22,5.23,37634144
2015-12-09,5.19,5.19,5.08,5.08,46123882
2015-12-10,5.08,5.09,5.03,5.05,33132767
2015-12-11,5.05,5.08,4.98,5.01,28130560
2015-12-14,4.98,4.98,4.91,4.95,20370741
2015-12-15,4.95,5.01,4.95,4.96,17959202
2015-12-16,4.97,5.08,4.97,5.02,19610357
2015-12-17,5.08,5.08,5.03,5.08,23521949
2015-12-18,5.01,5.01,4.94,4.94,33447156
2015-12-21,4.92,5.0,4.91,5.0,14565500
2015-12-22,5.0,5.0,4.95,5.0,12820516
2015-12-23,5.0,5.07,5.0,5.05,13660107
2015-12-24,5.08,5.12,5.08,5.1,14331536
2015-12-25,5.1,5.1,5.06,5.09,7267518
2015-12-28,5.1,5.12,5.09,5.09,7979159
2015-12-29,5.11,5.11,5.04,5.04,6624116
2015-12-30,5.06,5.08,5.02,5.02,9531611
2015-12-31,5.01,5.05,5.01,5.01,7151754
2016-01-04,5.01,5.05,4.85,4.87,27712592
2016-01-05,4.85,4.88,4.84,4.85,18427131
2016-01-06,4.85,4.85,4.8,4.83,26290527
2016-01-07,4.81,4.83,4.68,4.68,40055431
2016-01-08,4.68,4.73,4.66,4.72,27961179
2016-01-11,4.66,4.66,4.57,4.57,33310677
2016-01-12,4.57,4.61,4.56,4.56,28159805
2016-01-13,4.59,4.65,4.59,4.65,22051142
2016-01-14,4.57,4.58,4.53,4.54,20296409
2016-01-15,4.57,4.57,4.44,4.46,31250085
2016-01-18,4.42,4.51,4.37,4.48,17472995
2016-01-19,4.5,4.52,4.48,4.51,10706307
2016-01-20,4.49,4.49,4.37,4.39,21299287
2016-01-21,4.4,4.42,4.32,4.32,24127576
2016-01-22,4.34,4.37,4.28,4.31,28308470
2016-01-25,4.36,4.54,4.34,4.52,29737846
2016-01-26,4.49,4.49,4.4,4.44,24823376
2016-01-27,4.45,4.46,4.4,4.41,14939600
2016-01-28,4.39,4.5,4.39,4.48,22644583
2016-01-29,4.49,4.78,4.47,4.76,49978202
2016-02-01,4.88,4.88,4.77,4.85,23762006
2016-02-02,4.81,4.89,4.79,4.81,21301725
2016-02-03,4.75,4.8,4.68,4.75,25542329
2016-02-15,4.71,4.76,4.65,4.76,21729441
2016-02-16,4.79,4.93,4.76,4.93,24613783
2016-02-17,4.94,4.94,4.84,4.88,15122384
2016-02-18,4.91,4.94,4.88,4.89,16615126
2016-02-19,4.88,4.88,4.85,4.86,12062569
2016-02-22,4.87,4.92,4.82,4.82,15880331
2016-02-23,4.85,4.87,4.81,4.85,14916447
2016-02-24,4.82,4.86,4.8,4.8,16845434
2016-02-25,4.81,4.85,4.8,4.85,13968404
2016-02-26,4.86,4.88,4.83,4.88,13518753
2016-03-01,4.87,4.9,4.85,4.87,15541570
2016-03-02,4.92,4.95,4.89,4.93,18053032
2016-03-03,4.94,5.11,4.94,5.09,38237333
2016-03-04,5.1,5.1,5.03,5.08,28736186
2016-03-07,5.09,5.16,5.08,5.13,23407404
2016-03-08,5.13,5.14,5.05,5.13,22978469
2016-03-09,5.08,5.1,5.03,5.09,17552202
2016-03-10,5.08,5.13,5.04,5.13,16198377
2016-03-11,5.13,5.18,5.09,5.16,20473101
2016-03-14,5.23,5.28,5.2,5.24,24867244
2016-03-15,5.24,5.24,5.05,5.06,27066753
2016-03-16,5.08,5.16,5.07,5.13,16652901
2016-03-17,5.19,5.26,5.18,5.2,24714924
2016-03-18,5.21,5.26,5.2,5.26,29464888
2016-03-21,5.27,5.27,5.15,5.19,26054126
2016-03-22,5.17,5.19,5.11,5.19,18570922
2016-03-23,5.18,5.2,5.14,5.2,14174341
2016-03-24,5.19,5.27,5.14,5.25,23008933
2016-03-25,5.27,5.27,5.23,5.24,7462488
2016-03-28,5.24,5.25,5.19,5.21,9510895
2016-03-29,5.27,5.29,5.19,5.2,30024209
2016-03-30,5.24,5.29,5.22,5.25,28237793
2016-03-31,5.28,5.32,5.25,5.32,30707824
2016-04-01,5.27,5.28,5.23,5.24,24131231
2016-04-06,5.19,5.19,5.14,5.14,27750368
2016-04-07,5.13,5.13,5.08,5.09,20137996
2016-04-08,5.08,5.17,5.05,5.17,22625086
2016-04-11,5.13,5.19,5.1,5.19,10017818
2016-04-12,5.14,5.19,5.13,5.14,8611594
2016-04-13,5.13,5.21,5.13,5.19,15992439
2016-04-14,5.24,5.28,5.23,5.26,20598613
2016-04-15,5.26,5.29,5.24,5.28,13024016
2016-04-18,5.28,5.28,5.25,5.28,5633423
2016-04-19,5.29,5.32,5.26,5.28,13864826
2016-04-20,5.29,5.3,5.19,5.19,19689564
2016-04-21,5.19,5.2,5.16,5.18,15710951
2016-04-22,5.18,5.21,5.16,5.18,10306618
2016-04-25,5.18,5.21,5.17,5.2,9053933
2016-04-26,5.2,5.24,5.18,5.2,14648363
2016-04-27,5.2,5.24,5.2,5.23,26753582
2016-04-28,5.23,5.23,5.12,5.12,27985551
2016-04-29,5.11,5.12,5.08,5.11,18689122
2016-05-03,5.12,5.12,5.08,5.1,19838229
2016-05-04,5.07,5.08,4.97,5.02,28223171
2016-05-05,4.98,5.01,4.93,4.95,18162703
2016-05-06,4.95,4.95,4.89,4.94,21238359
2016-05-09,4.94,4.94,4.87,4.89,25131673
2016-05-10,4.89,4.94,4.89,4.91,14736099
2016-05-11,4.93,4.95,4.88,4.88,20731436
2016-05-12,4.87,4.92,4.87,4.89,10287121
2016-05-13,4.88,4.9,4.87,4.88,22192495
2016-05-16,4.87,4.88,4.85,4.86,17425471
2016-05-17,4.86,4.94,4.85,4.91,12677944
2016-05-18,4.9,4.9,4.86,4.88,11973614
2016-05-19,4.87,4.88,4.85,4.86,25876216
2016-05-20,4.87,4.97,4.87,4.94,17363324
2016-05-23,4.92,5.01,4.87,5.01,26776735
2016-05-24,5.01,5.02,4.97,4.97,11766458
2016-05-25,5.01,5.03,4.98,5.01,15295420
2016-05-26,5.03,5.04,5.0,5.03,8440995
2016-05-27,5.05,5.11,5.03,5.11,14621554
2016-05-30,5.11,5.13,5.07,5.11,16490832
2016-05-31,5.11,5.12,5.09,5.12,32144511
2016-06-01,5.09,5.12,5.09,5.12,15714607
2016-06-02,5.11,5.15,5.11,5.13,20978805
2016-06-03,5.13,5.16,5.11,5.13,20068537
2016-06-06,5.15,5.16,5.12,5.13,9627877
2016-06-07,5.12,5.16,5.12,5.16,19562833
2016-06-08,5.16,5.2,5.14,5.2,22882203
2016-06-13,5.16,5.16,5.06,5.08,20375616
2016-06-14,5.06,5.11,5.06,5.11,11787173
2016-06-15,5.11,5.11,5.07,5.11,11291218
2016-06-16,5.11,5.11,5.05,5.05,17755702
2016-06-17,5.09,5.11,5.08,5.08,13015486
2016-06-20,5.1,5.13,5.09,5.13,9822848
2016-06-21,5.13,5.14,5.1,5.14,11957772
2016-06-22,5.14,5.16,5.11,5.16,12345276
2016-06-23,5.16,5.16,5.12,5.14,6426708
2016-06-24,5.13,5.16,4.97,5.01,33464216
2016-06-27,4.99,5.05,4.96,5.02,12443980
2016-06-28,5.01,5.05,4.97,5.02,54678205
2016-06-29,5.03,5.08,5.03,5.05,9864279
2016-06-30,5.08,5.1,5.05,5.09,12571929
2016-07-01,5.09,5.16,5.08,5.16,19699312
2016-07-04,5.15,5.19,5.12,5.17,8639621
2016-07-05,5.14,5.19,5.14,5.19,9894743
2016-07-06,5.18,5.18,5.08,5.08,22220522
2016-07-07,5.12,5.14,5.1,5.11,8341073
2016-07-08,5.11,5.11,5.11,5.11,0
2016-07-11,5.16,5.19,5.14,5.17,23905797
2016-07-12,5.19,5.2,5.17,5.2,19953992
2016-07-13,5.21,5.27,5.2,5.27,33644564
2016-07-14,5.27,5.29,5.24,5.29,15899828
2016-07-15,5.29,5.46,5.29,5.43,49906306
2016-07-18,5.46,5.51,5.46,5.46,29224831
2016-07-19,5.48,5.51,5.4,5.51,25427784
2016-07-20,5.48,5.51,5.43,5.46,27546867
2016-07-21,5.46,5.51,5.43,5.48,22687232
2016-07-22,5.46,5.48,5.43,5.46,17239031
2016-07-25,5.48,5.51,5.4,5.48,18464907
2016-07-26,5.46,5.51,5.46,5.51,15422151
2016-07-27,5.51,5.51,5.48,5.51,15712169
2016-07-28,5.51,5.56,5.48,5.56,28291410
2016-07-29,5.56,5.59,5.51,5.51,21240796
2016-08-01,5.51,5.54,5.48,5.54,21328533
2016-08-02,5.54,5.54,5.51,5.51,11491062
2016-08-03,5.46,5.51,5.43,5.48,15100450
2016-08-04,5.48,5.51,5.46,5.51,13466355
2016-08-05,5.51,5.56,5.51,5.54,25616661
2016-08-08,5.56,5.59,5.54,5.59,34748583
2016-08-09,5.59,5.59,5.54,5.59,34150268
2016-08-10,5.59,5.72,5.59,5.72,172858240
2016-08-11,5.75,5.78,5.68,5.71,132221205
2016-08-12,5.73,5.73,5.54,5.55,61626865
2016-08-15,5.54,5.59,5.51,5.52,21216947
2016-08-16,5.53,5.55,5.5,5.52,19488907
2016-08-17,5.52,5.52,5.48,5.51,20507859
2016-08-18,5.5,5.55,5.48,5.55,18191426
2016-08-19,5.55,5.55,5.48,5.48,20531070
2016-08-22,5.47,5.48,5.4,5.41,20532230
2016-08-23,5.41,5.5,5.4,5.48,14191053
2016-08-24,5.49,5.49,5.42,5.42,9757799
2016-08-25,5.47,5.48,5.45,5.47,10182556
2016-08-26,5.48,5.48,5.45,5.46,9171728
2016-08-29,5.47,5.51,5.46,5.5,13815039
2016-08-30,5.53,5.53,5.48,5.51,12814655
2016-08-31,5.49,5.51,5.43,5.44,28584040
2016-09-01,5.42,5.42,5.38,5.39,16206907
2016-09-02,5.41,5.41,5.38,5.41,8221248
2016-09-05,5.4,5.48,5.4,5.47,8169023
2016-09-06,5.49,5.53,5.48,5.51,15966675
2016-09-07,5.52,5.55,5.51,5.52,16107100
2016-09-08,5.53,5.54,5.49,5.53,7246396
2016-09-09,5.5,5.5,5.47,5.48,7977535
2016-09-12,5.41,5.41,5.37,5.4,18915601
2016-09-13,5.4,5.42,5.35,5.36,19897416
2016-09-14,5.34,5.37,5.33,5.33,17182919
2016-09-19,5.33,5.43,5.33,5.41,13411172
2016-09-20,5.42,5.45,5.39,5.42,8724921
2016-09-21,5.42,5.46,5.4,5.42,13968230
2016-09-22,5.45,5.45,5.41,5.41,9215828
2016-09-23,5.45,5.48,5.44,5.46,12700923
2016-09-26,5.47,5.47,5.41,5.43,7089724
2016-09-27,5.43,5.43,5.43,5.43,0
2016-09-28,5.43,5.43,5.43,5.43,0
2016-09-29,5.47,5.48,5.42,5.48,16710580
2016-09-30,5.47,5.47,5.41,5.44,13729159
2016-10-03,5.43,5.43,5.4,5.4,5795724
2016-10-04,5.42,5.47,5.41,5.47,8157418
2016-10-05,5.45,5.45,5.42,5.45,5247950
2016-10-06,5.45,5.45,5.42,5.44,5214295
2016-10-07,5.44,5.45,5.41,5.45,5932668
2016-10-11,5.45,5.45,5.39,5.42,8858383
2016-10-12,5.38,5.42,5.38,5.41,9692809
2016-10-13,5.4,5.41,5.36,5.36,14686602
2016-10-14,5.37,5.38,5.35,5.35,7287015
2016-10-17,5.35,5.36,5.31,5.32,11471913
2016-10-18,5.33,5.38,5.32,5.38,10251028
2016-10-19,5.38,5.4,5.36,5.38,8558964
2016-10-20,5.39,5.4,5.38,5.4,6986436
2016-10-21,5.38,5.4,5.38,5.38,5829380
2016-10-24,5.38,5.38,5.35,5.37,6490886
2016-10-25,5.37,5.38,5.35,5.38,10203446
2016-10-26,5.38,5.38,5.35,5.35,7552778
2016-10-27,5.34,5.37,5.33,5.35,11607696
2016-10-28,5.33,5.35,5.32,5.34,11020464
2016-10-31,5.31,5.35,5.3,5.33,11528780
2016-11-01,5.31,5.34,5.31,5.34,4870776
2016-11-02,5.33,5.33,5.31,5.31,7244075
2016-11-03,5.3,5.31,5.27,5.27,19458733
2016-11-04,5.27,5.28,5.27,5.27,14218906
2016-11-07,5.27,5.3,5.27,5.28,10314857
2016-11-08,5.29,5.32,5.29,5.32,8418539
2016-11-09,5.35,5.35,5.21,5.21,35694653
2016-11-10,5.28,5.29,5.25,5.25,18203031
2016-11-11,5.25,5.25,5.17,5.17,29936066
2016-11-14,5.16,5.24,5.14,5.17,25967028
2016-11-15,5.18,5.23,5.18,5.18,15986405
2016-11-16,5.19,5.21,5.17,5.17,20058731
2016-11-17,5.17,5.18,5.14,5.15,22711720
2016-11-18,5.14,5.14,5.12,5.12,24142663
2016-11-21,5.12,5.17,5.12,5.16,12914462
2016-11-22,5.17,5.24,5.16,5.24,21457179
2016-11-23,5.24,5.29,5.24,5.28,16390272
2016-11-24,5.3,5.36,5.28,5.34,19907861
2016-11-25,5.34,5.35,5.31,5.33,11020464
2016-11-28,5.33,5.35,5.33,5.35,15420062
2016-11-29,5.34,5.35,5.3,5.3,17491622
2016-11-30,5.33,5.33,5.3,5.33,26757354
2016-12-01,5.33,5.35,5.33,5.34,11222398
2016-12-02,5.33,5.35,5.33,5.34,14599562
2016-12-05,5.34,5.34,5.3,5.31,14674997
2016-12-06,5.35,5.35,5.33,5.35,9486234
2016-12-07,5.33,5.35,5.33,5.33,7000362
2016-12-08,5.35,5.4,5.33,5.4,25454070
2016-12-09,5.4,5.41,5.38,5.41,19351963
2016-12-12,5.42,5.42,5.38,5.41,13318329
2016-12-13,5.39,5.44,5.39,5.44,19240552
2016-12-14,5.44,5.44,5.37,5.37,9313313
2016-12-15,5.37,5.43,5.37,5.41,15505942
2016-12-16,5.41,5.41,5.35,5.35,14323354
2016-12-19,5.34,5.34,5.28,5.29,21335322
2016-12-20,5.27,5.31,5.27,5.29,10198804
2016-12-21,5.3,5.31,5.28,5.28,8484690
2016-12-22,5.28,5.28,5.27,5.27,14735345
2016-12-23,5.25,5.27,5.24,5.24,13277710
2016-12-26,5.24,5.28,5.24,5.28,5399981
2016-12-27,5.28,5.28,5.25,5.26,4082771
2016-12-28,5.26,5.3,5.26,5.3,5599593
2016-12-29,5.27,5.28,5.26,5.26,10335747
2016-12-30,5.29,5.31,5.28,5.31,10614276
2017-01-03,5.31,5.31,5.29,5.31,3743894
2017-01-04,5.32,5.32,5.29,5.29,7237112
2017-01-05,5.3,5.35,5.3,5.34,13895116
2017-01-06,5.34,5.37,5.33,5.37,11410405
2017-01-09,5.36,5.37,5.34,5.34,9243681
2017-01-10,5.34,5.34,5.31,5.32,9529173
2017-01-11,5.33,5.35,5.33,5.35,10209248
2017-01-12,5.37,5.38,5.35,5.37,15503621
2017-01-13,5.37,5.38,5.35,5.36,9326079
2017-01-16,5.36,5.36,5.33,5.36,9628980
2017-01-17,5.36,5.37,5.35,5.37,7025894
2017-01-18,5.36,5.37,5.34,5.34,10282362
2017-01-19,5.34,5.34,5.31,5.31,12680033
2017-01-20,5.31,5.35,5.31,5.33,8743490
2017-01-23,5.35,5.41,5.35,5.38,16732630
2017-01-24,5.38,5.41,5.36,5.4,16181375
2017-02-02,5.44,5.44,5.37,5.39,27197197
2017-02-03,5.38,5.4,5.35,5.36,23507848
2017-02-06,5.37,5.42,5.36,5.4,24055622
2017-02-07,5.4,5.44,5.4,5.44,21077683
2017-02-08,5.44,5.47,5.42,5.46,22738412
2017-02-09,5.46,5.5,5.45,5.5,26426600
2017-02-10,5.5,5.59,5.5,5.55,43018806
2017-02-13,5.57,5.58,5.55,5.57,22045571
2017-02-14,5.57,5.58,5.55,5.55,23514812
2017-02-15,5.56,5.59,5.56,5.58,28967017
2017-02-16,5.58,5.61,5.58,5.59,28766244
2017-02-17,5.59,5.6,5.58,5.59,17454485
2017-02-20,5.6,5.61,5.57,5.58,19723335
2017-02-21,5.57,5.59,5.55,5.55,22043250
2017-02-22,5.56,5.57,5.5,5.54,23806107
2017-02-23,5.52,5.55,5.49,5.49,19765115
2017-02-24,5.49,5.51,5.47,5.47,24525640
2017-03-01,5.44,5.49,5.42,5.49,35113224
2017-03-02,5.49,5.52,5.47,5.49,13064171
2017-03-03,5.49,5.5,5.47,5.48,16078087
2017-03-06,5.48,5.51,5.47,5.5,11236324
2017-03-07,5.5,5.51,5.49,5.5,8028598
2017-03-08,5.51,5.51,5.48,5.49,11782937
2017-03-09,5.48,5.48,5.41,5.41,29016920
2017-03-10,5.38,5.42,5.35,5.42,34968157
2017-03-13,5.42,5.42,5.4,5.42,11875780
2017-03-14,5.41,5.45,5.41,5.43,21026619
2017-03-15,5.42,5.44,5.41,5.42,11539225
2017-03-16,5.42,5.46,5.42,5.45,18532624
2017-03-17,5.44,5.49,5.42,5.42,44468317
2017-03-20,5.45,5.48,5.45,5.48,15742692
2017-03-21,5.47,5.51,5.47,5.49,20843254
2017-03-22,5.48,5.49,5.45,5.49,22009594
2017-03-23,5.5,5.5,5.48,5.48,14122581
2017-03-24,5.49,5.49,5.48,5.49,13061850
2017-03-27,5.49,5.51,5.48,5.5,21020816
2017-03-28,5.51,5.52,5.49,5.51,28969338
2017-03-29,5.51,5.51,5.49,5.51,25841690
2017-03-30,5.51,5.54,5.51,5.54,55323986
2017-03-31,5.54,5.55,5.53,5.54,26553099
2017-04-05,5.54,5.54,5.5,5.54,33704332
2017-04-06,5.54,5.54,5.51,5.52,19823142
2017-04-07,5.51,5.52,5.48,5.52,17084273
2017-04-10,5.49,5.53,5.47,5.51,28246323
2017-04-11,5.48,5.49,5.47,5.47,23703979
2017-04-12,5.43,5.47,5.38,5.47,26830468
2017-04-13,5.44,5.44,5.41,5.42,15138052
2017-04-14,5.41,5.41,5.38,5.38,14097049
2017-04-17,5.39,5.4,5.36,5.38,12126457
2017-04-18,5.38,5.39,5.37,5.38,7588755
2017-04-19,5.37,5.38,5.34,5.34,22551566
2017-04-20,5.34,5.35,5.33,5.34,14430124
2017-04-21,5.33,5.34,5.33,5.34,18862217
2017-04-24,5.35,5.42,5.35,5.41,26576310
2017-04-25,5.41,5.45,5.4,5.45,32428901
2017-04-26,5.42,5.45,5.42,5.44,20424300
2017-04-27,5.41,5.41,5.39,5.4,19760473
2017-04-28,5.4,5.41,5.39,5.4,33778606
2017-05-02,5.4,5.44,5.4,5.43,22539960
2017-05-03,5.44,5.48,5.43,5.45,21105536
2017-05-04,5.44,5.44,5.41,5.43,19250997
2017-05-05,5.41,5.43,5.41,5.42,34010713
2017-05-08,5.42,5.42,5.4,5.4,20820043
2017-05-09,5.4,5.4,5.36,5.37,20172464
2017-05-10,5.37,5.42,5.37,5.42,24177479
2017-05-11,5.42,5.42,5.4,5.42,9341166
2017-05-12,5.41,5.42,5.4,5.42,8505579
2017-05-15,5.42,5.45,5.41,5.43,18161252
2017-05-16,5.43,5.43,5.4,5.42,19906700
2017-05-17,5.42,5.47,5.41,5.47,35283823
2017-05-18,5.44,5.45,5.42,5.44,34632762
2017-05-19,5.42,5.44,5.42,5.44,18337654
2017-05-22,5.42,5.44,5.41,5.41,15523350
2017-05-23,5.4,5.43,5.4,5.42,18815795
2017-05-24,5.44,5.44,5.42,5.44,12608080
2017-05-25,5.44,5.45,5.43,5.44,12228584
2017-05-26,5.44,5.47,5.43,5.46,27455997
2017-05-31,5.46,5.46,5.42,5.45,29488099
2017-06-01,5.45,5.45,5.41,5.41,17272280
2017-06-02,5.41,5.42,5.4,5.4,22111722
2017-06-05,5.41,5.44,5.4,5.44,12810013
2017-06-06,5.43,5.43,5.4,5.4,14032059
2017-06-07,5.4,5.41,5.38,5.4,12436320
2017-06-08,5.4,5.41,5.38,5.4,15486213
2017-06-09,5.41,5.42,5.39,5.41,13933414
2017-06-12,5.41,5.42,5.39,5.39,14030899
2017-06-13,5.41,5.41,5.39,5.41,11365144
2017-06-14,5.41,5.41,5.38,5.4,15309811
2017-06-15,5.39,5.4,5.34,5.38,24669547
2017-06-16,5.37,5.37,5.34,5.35,20528749
2017-06-19,5.21,5.27,5.19,5.27,94311085
2017-06-20,5.25,5.26,5.23,5.25,46230014
2017-06-21,5.23,5.24,5.21,5.23,64054710
2017-06-22,5.22,5.31,5.22,5.31,43834664
2017-06-23,5.32,5.32,5.28,5.29,31266042
2017-06-26,5.28,5.33,5.27,5.32,38340679
2017-06-27,5.31,5.33,5.3,5.33,37223081
2017-06-28,5.32,5.34,5.3,5.34,22604950
2017-06-29,5.34,5.38,5.34,5.36,23367423
2017-06-30,5.38,5.45,5.37,5.44,55073310
2017-07-03,5.44,5.48,5.43,5.47,43399462
2017-07-04,5.47,5.52,5.47,5.49,46094231
2017-07-05,5.49,5.51,5.46,5.5,21608048
2017-07-06,5.5,5.5,5.47,5.47,12877324
2017-07-07,5.46,5.49,5.43,5.47,12748505
2017-07-10,5.48,5.48,5.45,5.45,13643279
2017-07-11,5.46,5.48,5.45,5.48,12598795
2017-07-12,5.48,5.52,5.48,5.51,23954655
2017-07-13,5.5,5.54,5.5,5.53,40480710
2017-07-14,5.53,5.63,5.53,5.62,52177769
2017-07-17,5.58,5.62,5.58,5.6,50609882
2017-07-18,5.6,5.6,5.57,5.58,18715989
2017-07-19,5.57,5.61,5.57,5.58,13845213
2017-07-20,5.58,5.59,5.54,5.54,15670738
2017-07-21,5.53,5.54,5.51,5.52,12156631
2017-07-24,5.51,5.57,5.51,5.56,17620441
2017-07-25,5.56,5.58,5.55,5.56,18305159
2017-07-26,5.57,5.58,5.51,5.51,9721823
2017-07-27,5.55,5.55,5.51,5.54,13920648
2017-07-28,5.53,5.55,5.51,5.54,8649486
2017-07-31,5.54,5.54,5.52,5.54,12576745
2017-08-01,5.54,5.58,5.54,5.56,15149657
2017-08-02,5.56,5.58,5.55,5.57,18956220
2017-08-03,5.55,5.55,5.54,5.55,12669588
2017-08-04,5.54,5.55,5.54,5.55,7458774
2017-08-07,5.56,5.57,5.54,5.56,13925290
2017-08-08,5.56,5.57,5.55,5.57,18122954
2017-08-09,5.55,5.58,5.55,5.57,19794128
2017-08-10,5.57,5.57,5.48,5.49,24153107
2017-08-11,5.48,5.52,5.47,5.49,14678479
2017-08-14,5.5,5.52,5.48,5.48,15069580
2017-08-15,5.49,5.51,5.46,5.47,10086232
2017-08-16,5.45,5.5,5.44,5.48,16786015
2017-08-17,5.48,5.51,5.47,5.49,9509444
2017-08-18,5.49,5.49,5.47,5.48,9220470
2017-08-21,5.47,5.48,5.45,5.47,7630651
2017-08-22,5.47,5.57,5.47,5.56,15881697
2017-08-23,5.57,5.58,5.51,5.52,10659513
2017-08-24,5.52,5.57,5.52,5.56,11377817
2017-08-25,5.56,5.57,5.53,5.56,11912775
2017-08-28,5.56,5.6,5.55,5.6,18019397
2017-08-29,5.6,5.61,5.58,5.6,9406657
2017-08-30,5.6,5.64,5.6,5.62,25110709
2017-08-31,5.62,5.68,5.62,5.68,31159522
2017-09-01,5.68,5.71,5.64,5.64,16653427
2017-09-04,5.64,5.71,5.64,5.68,20064595
2017-09-05,5.68,5.69,5.68,5.69,20078554
2017-09-06,5.71,5.71,5.68,5.69,23652395
2017-09-07,5.69,5.7,5.68,5.69,34937767
2017-09-08,5.7,5.7,5.68,5.69,19990923
2017-09-11,5.69,5.71,5.69,5.7,32880417
2017-09-12,5.71,5.72,5.69,5.7,26980985
2017-09-13,5.69,5.71,5.68,5.69,40627339
2017-09-14,5.69,5.7,5.68,5.69,41901133
2017-09-15,5.7,5.7,5.67,5.69,131553396
2017-09-18,5.68,5.8,5.68,5.73,143973523
2017-09-19,5.76,5.76,5.73,5.74,27419374
2017-09-20,5.74,5.75,5.68,5.72,38111486
2017-09-21,5.69,5.73,5.69,5.7,13740083
2017-09-22,5.71,5.73,5.69,5.72,34146244
2017-09-25,5.72,5.73,5.71,5.72,29675807
2017-09-26,5.71,5.73,5.71,5.71,19730311
2017-09-27,5.71,5.71,5.7,5.71,10238504
2017-09-28,5.7,5.71,5.68,5.69,21007712
2017-09-29,5.69,5.7,5.69,5.7,18769734
2017-10-02,5.7,5.73,5.7,5.72,10534026
2017-10-03,5.72,5.74,5.71,5.73,16906236
2017-10-05,5.73,5.76,5.72,5.75,13172518
2017-10-06,5.75,5.76,5.74,5.75,11840299
2017-10-11,5.75,5.78,5.74,5.76,23023443
2017-10-12,5.76,5.76,5.75,5.76,20209482
2017-10-13,5.75,5.76,5.73,5.76,10229410
2017-10-16,5.76,5.8,5.75,5.79,22089688
2017-10-17,5.79,5.85,5.78,5.83,17295035
2017-10-18,5.83,5.84,5.78,5.8,22965118
2017-10-19,5.79,5.83,5.79,5.81,10682367
2017-10-20,5.8,5.82,5.8,5.81,8017842
2017-10-23,5.81,5.84,5.81,5.81,8822883
2017-10-24,5.81,5.83,5.81,5.82,8055846
2017-10-25,5.82,5.83,5.81,5.82,11320595
2017-10-26,5.82,5.85,5.81,5.83,13547717
2017-10-27,5.83,5.85,5.83,5.84,13629366
2017-10-30,5.84,5.85,5.81,5.81,10317945
2017-10-31,5.8,5.83,5.8,5.81,12763839
2017-11-01,5.81,5.83,5.8,5.81,7191213
2017-11-02,5.81,5.83,5.8,5.81,6197821
2017-11-03,5.82,5.83,5.81,5.82,5389214
2017-11-06,5.82,5.83,5.81,5.82,9186757
2017-11-07,5.82,5.84,5.82,5.83,6317076
2017-11-08,5.83,5.84,5.83,5.83,12883855
2017-11-09,5.83,5.84,5.83,5.84,13442690
2017-11-10,5.83,5.84,5.81,5.84,11280215
2017-11-13,5.84,5.84,5.82,5.82,11461623
2017-11-14,5.82,5.83,5.82,5.82,10652753
2017-11-15,5.82,5.83,5.81,5.83,10761780
2017-11-16,5.82,5.83,5.81,5.83,9523011
2017-11-17,5.82,5.84,5.81,5.84,15526374
2017-11-20,5.84,5.84,5.82,5.83,7206603
2017-11-21,5.83,5.9,5.83,5.9,19333892
2017-11-22,5.9,5.95,5.9,5.91,24838856
2017-11-23,5.91,5.92,5.89,5.9,10737810
2017-11-24,5.9,5.91,5.85,5.85,10703225
2017-11-27,5.86,5.86,5.83,5.84,11501336
2017-11-28,5.84,5.85,5.83,5.85,10447753
2017-11-29,5.86,5.86,5.83,5.85,12542768
2017-11-30,5.87,5.89,5.82,5.86,32037730
2017-12-01,5.86,5.88,5.84,5.86,21065868
2017-12-04,5.86,5.96,5.86,5.95,40733872
2017-12-05,5.95,5.96,5.9,5.93,31436141
2017-12-06,5.99,5.99,5.86,5.88,30787924
2017-12-07,5.88,5.93,5.88,5.9,13753227
2017-12-08,5.9,5.9,5.85,5.88,15118764
2017-12-11,5.87,5.91,5.87,5.89,10091169
2017-12-12,5.89,5.93,5.88,5.9,25030158
2017-12-13,5.93,6.0,5.91,6.0,21864155
2017-12-14,6.0,6.05,5.96,6.02,23436599
2017-12-15,6.03,6.03,5.98,6.01,25727469
2017-12-18,6.02,6.02,5.99,5.99,7765604
2017-12-19,5.99,6.01,5.98,6.0,8255186
2017-12-20,6.0,6.03,6.0,6.01,13741464
2017-12-21,6.02,6.04,6.02,6.03,10118836
2017-12-22,6.04,6.08,6.04,6.08,18319067
2017-12-25,6.08,6.08,6.05,6.07,4129895
2017-12-26,6.07,6.07,6.02,6.02,9496450
2017-12-27,6.02,6.02,5.95,5.99,13295936
2017-12-28,6.0,6.04,5.98,6.02,9151998
2017-12-29,6.03,6.07,6.03,6.07,11159274
2018-01-02,6.06,6.09,6.05,6.09,7385759
2018-01-03,6.09,6.12,6.09,6.12,14427119
2018-01-04,6.12,6.12,6.1,6.11,12318477
2018-01-05,6.11,6.15,6.1,6.15,15894095
2018-01-08,6.15,6.28,6.15,6.28,26986784
2018-01-09,6.28,6.28,6.23,6.26,16784399
2018-01-10,6.28,6.28,6.23,6.26,19634842
2018-01-11,6.24,6.25,6.15,6.18,21998451
2018-01-12,6.18,6.25,6.15,6.25,21217860
2018-01-15,6.27,6.34,6.24,6.28,25240560
2018-01-16,6.28,6.34,6.25,6.34,22526842
2018-01-17,6.31,6.37,6.28,6.37,20546530
2018-01-18,6.4,6.4,6.34,6.37,28128502
2018-01-19,6.37,6.4,6.34,6.4,22190872
2018-01-22,6.4,6.4,6.31,6.4,24307898
2018-01-23,6.37,6.37,6.31,6.34,17123987
2018-01-24,6.34,6.34,6.26,6.31,29961883
2018-01-25,6.28,6.34,6.28,6.34,20669279
2018-01-26,6.34,6.34,6.31,6.34,8806776
2018-01-29,6.31,6.34,6.28,6.34,13445418
2018-01-30,6.34,6.34,6.27,6.27,15292171
2018-01-31,6.26,6.31,6.24,6.31,20183522
2018-02-01,6.31,6.34,6.27,6.28,12994525
2018-02-02,6.28,6.31,6.27,6.31,10948665
2018-02-05,6.18,6.22,6.18,6.19,19019187
2018-02-06,6.07,6.1,5.95,5.98,60132413
2018-02-07,6.08,6.15,6.06,6.12,28668850
2018-02-08,6.12,6.13,6.07,6.09,12094106
2018-02-09,5.97,6.06,5.97,6.03,23757990
2018-02-12,6.12,6.15,6.1,6.1,21446702
2018-02-21,6.25,6.28,6.17,6.28,31021041
2018-02-22,6.28,6.34,6.25,6.34,27735019
2018-02-23,6.34,6.37,6.31,6.37,27343579
2018-02-26,6.4,6.4,6.34,6.4,35148789
2018-02-27,6.4,6.4,6.34,6.34,26617635
2018-03-01,6.31,6.34,6.28,6.31,14773702
2018-03-02,6.28,6.31,6.26,6.31,18381216
2018-03-05,6.31,6.34,6.26,6.26,18379981
2018-03-06,6.31,6.34,6.28,6.31,10468478
2018-03-07,6.28,6.34,6.28,6.34,18076943
2018-03-08,6.31,6.34,6.28,6.31,17008087
2018-03-09,6.31,6.37,6.28,6.31,24997952
2018-03-12,6.31,6.37,6.31,6.37,29947369
2018-03-13,6.37,6.59,6.34,6.59,79728343
2018-03-14,6.56,6.66,6.53,6.62,30834738
2018-03-15,6.59,6.66,6.56,6.62,20119518
2018-03-16,6.59,6.78,6.56,6.78,56286752
2018-03-19,6.75,6.75,6.66,6.72,15289231
2018-03-20,6.66,6.66,6.59,6.66,13980039
2018-03-21,6.62,6.66,6.53,6.59,16671427
2018-03-22,6.56,6.66,6.56,6.66,20015493
2018-03-23,6.5,6.53,6.47,6.5,22459412
2018-03-26,6.47,6.56,6.47,6.56,13051618
2018-03-27,6.59,6.62,6.56,6.59,14675843
2018-03-28,6.56,6.56,6.5,6.53,10912172
2018-03-29,6.53,6.53,6.47,6.47,21301529
2018-03-30,6.5,6.53,6.47,6.53,15573537
2018-04-02,6.5,6.53,6.47,6.47,11525856
2018-04-03,6.44,6.47,6.4,6.44,16133517
2018-04-09,6.5,6.53,6.44,6.53,20604773
2018-04-10,6.53,6.66,6.5,6.66,23521869
2018-04-11,6.62,6.66,6.59,6.66,16562849
2018-04-12,6.66,6.66,6.59,6.66,8000553
2018-04-13,6.66,6.66,6.59,6.66,10580053
2018-04-16,6.62,6.62,6.56,6.59,14096081
2018-04-17,6.59,6.62,6.5,6.53,16310673
2018-04-18,6.56,6.59,6.53,6.59,14018039
2018-04-19,6.59,6.66,6.59,6.66,18490332
2018-04-20,6.62,6.66,6.59,6.66,15428480
2018-04-23,6.62,6.66,6.62,6.66,8546745
2018-04-24,6.62,6.66,6.59,6.62,15539581
2018-04-25,6.59,6.66,6.59,6.62,16919693
2018-04-26,6.66,6.69,6.62,6.66,18592110
2018-04-27,6.66,6.66,6.62,6.66,9636375
2018-04-30,6.66,6.72,6.62,6.72,16310454
2018-05-02,6.72,6.75,6.69,6.72,14452839
2018-05-03,6.69,6.72,6.66,6.66,14060549
2018-05-04,6.62,6.66,6.62,6.62,11852195
2018-05-07,6.62,6.66,6.59,6.59,7588985
2018-05-08,6.62,6.66,6.59,6.62,8180773
2018-05-09,6.62,6.62,6.59,6.59,15710239
2018-05-10,6.62,6.66,6.59,6.62,14129385
2018-05-11,6.66,6.72,6.66,6.72,14340964
2018-05-14,6.72,6.75,6.72,6.75,12583352
2018-05-15,6.72,6.78,6.69,6.69,18072099
2018-05-16,6.66,6.72,6.66,6.72,14046401
2018-05-17,6.72,6.75,6.69,6.69,15485829
2018-05-18,6.69,6.78,6.69,6.75,16443793
2018-05-21,6.78,6.81,6.75,6.81,12655708
2018-05-22,6.81,6.84,6.78,6.81,11601510
2018-05-23,6.81,6.84,6.75,6.78,14625027
2018-05-24,6.78,6.84,6.75,6.84,17070017
2018-05-25,6.84,6.91,6.81,6.91,18282973
2018-05-28,6.91,6.91,6.84,6.91,10611579
2018-05-29,6.88,6.91,6.81,6.88,13168931
2018-05-30,6.84,6.84,6.72,6.72,27451891
2018-05-31,6.78,6.97,6.75,6.97,48608133
2018-06-01,6.91,6.97,6.88,6.97,18087330
2018-06-04,6.97,7.0,6.94,7.0,12694585
2018-06-05,7.0,7.1,6.97,7.1,25501468
2018-06-06,7.1,7.1,7.06,7.1,15018105
2018-06-07,7.1,7.19,7.1,7.19,23922517
2018-06-08,7.19,7.19,7.13,7.19,16674478
2018-06-11,7.16,7.16,7.13,7.16,21479717
2018-06-12,7.13,7.16,7.1,7.13,19535224
2018-06-13,7.1,7.13,7.06,7.13,18721751
2018-06-14,7.06,7.1,7.03,7.06,17505460
2018-06-15,7.0,7.03,6.94,7.03,42311466
2018-06-19,6.94,7.03,6.91,6.97,24618114
2018-06-20,6.94,7.03,6.94,7.0,13372213
2018-06-21,7.0,7.03,6.97,7.0,11767534
2018-06-22,7.0,7.03,6.94,6.97,19842941
2018-06-25,6.97,7.03,6.97,7.0,10865577
2018-06-26,6.97,7.0,6.94,6.97,12453697
2018-06-27,7.0,7.0,6.91,6.91,14313294
2018-06-28,6.72,6.84,6.72,6.78,23650466
2018-06-29,6.78,6.91,6.78,6.91,19222819
2018-07-02,6.91,6.97,6.88,6.88,12165797
2018-07-03,6.84,6.91,6.78,6.81,10442639
2018-07-04,6.81,6.88,6.78,6.88,7212502
2018-07-05,6.88,6.88,6.81,6.81,9936416
2018-07-06,6.81,6.84,6.75,6.81,11577429
2018-07-09,6.88,6.94,6.84,6.94,14462993
2018-07-10,6.97,7.0,6.94,7.0,13228117
2018-07-11,6.91,6.94,6.88,6.94,12006437
2018-07-12,6.94,7.0,6.91,7.0,13024238
2018-07-13,7.0,7.03,6.97,7.03,11349621
2018-07-16,7.03,7.03,6.97,6.97,10527248
2018-07-17,6.97,7.0,6.94,6.97,12110979
2018-07-18,7.0,7.0,6.94,6.97,9769614
2018-07-19,6.97,7.0,6.94,6.97,9445661
2018-07-20,6.97,7.0,6.94,7.0,11410221
2018-07-23,6.97,7.03,6.97,7.03,10478671
2018-07-24,7.03,7.03,7.0,7.03,11475225
2018-07-25,7.03,7.06,7.03,7.03,8602614
2018-07-26,7.06,7.19,7.06,7.19,23854474
2018-07-27,7.16,7.19,7.13,7.16,11126535
2018-07-30,7.16,7.19,7.13,7.16,11495389
2018-07-31,7.16,7.22,7.13,7.22,18702798
2018-08-01,7.22,7.31,7.22,7.28,23476973
2018-08-02,7.28,7.28,7.16,7.16,14146893
2018-08-03,7.19,7.25,7.19,7.25,13934833
2018-08-06,7.25,7.28,7.13,7.13,39502319
2018-08-07,7.16,7.19,7.1,7.16,27578528
2018-08-08,7.19,7.22,7.13,7.22,24510316
2018-08-09,7.22,7.28,7.19,7.22,23236645
2018-08-10,7.22,7.25,7.19,7.22,14933032
2018-08-13,7.22,7.22,7.1,7.13,41795633
2018-08-14,7.13,7.19,7.06,7.19,88348135
2018-08-15,7.24,7.24,7.17,7.17,60101150
2018-08-16,7.17,7.17,7.07,7.14,27940185
2018-08-17,7.17,7.27,7.17,7.27,24571594
2018-08-20,7.31,7.41,7.27,7.41,31357399
2018-08-21,7.37,7.47,7.37,7.41,24472309
2018-08-22,7.41,7.41,7.34,7.37,18634062
2018-08-23,7.37,7.41,7.27,7.31,22065818
2018-08-24,7.31,7.31,7.21,7.21,22639639
2018-08-27,7.24,7.31,7.24,7.27,11794721
2018-08-28,7.31,7.41,7.31,7.41,15872522
2018-08-29,7.41,7.47,7.37,7.47,15753062
2018-08-30,7.47,7.47,7.41,7.44,12401747
2018-08-31,7.44,7.54,7.34,7.54,26632400
2018-09-03,7.51,7.51,7.41,7.44,15744857
2018-09-04,7.44,7.47,7.41,7.44,10098689
2018-09-05,7.41,7.44,7.31,7.31,19389946
2018-09-06,7.24,7.44,7.24,7.41,15460842
2018-09-07,7.31,7.37,7.31,7.31,12426333
2018-09-10,7.31,7.34,7.17,7.31,16711968
2018-09-11,7.27,7.37,7.24,7.34,11106022
2018-09-12,7.34,7.44,7.31,7.41,17395820
2018-09-13,7.44,7.47,7.41,7.47,14929476
2018-09-14,7.51,7.57,7.47,7.51,31930950
2018-09-17,7.51,7.54,7.47,7.51,12720993
2018-09-18,7.44,7.54,7.44,7.47,15436391
2018-09-19,7.47,7.54,7.47,7.54,15700938
2018-09-20,7.54,7.57,7.51,7.54,13583881
2018-09-21,7.54,7.57,7.54,7.57,19734902
2018-09-25,7.54,7.57,7.54,7.57,12175539
2018-09-26,7.54,7.54,7.47,7.47,10401630
2018-09-27,7.51,7.54,7.44,7.54,20233166
2018-09-28,7.51,7.54,7.41,7.47,27235681
2018-10-01,7.47,7.51,7.44,7.47,11098898
2018-10-02,7.47,7.51,7.37,7.44,17417579
2018-10-03,7.41,7.44,7.37,7.41,8516506
2018-10-04,7.37,7.41,7.31,7.37,16861432
2018-10-05,7.37,7.37,7.27,7.31,19133612
2018-10-08,7.27,7.34,7.27,7.34,12411980
2018-10-09,7.31,7.34,7.27,7.34,11025360
2018-10-11,7.07,7.14,6.84,6.87,43278545
2018-10-12,6.84,6.97,6.74,6.97,30047452
2018-10-15,6.97,6.97,6.8,6.84,20588095
2018-10-16,6.84,6.97,6.8,6.9,22822473
2018-10-17,6.97,7.0,6.87,6.94,21203503
2018-10-18,6.9,6.94,6.87,6.9,13732212
2018-10-19,6.84,6.9,6.8,6.9,13050845
2018-10-22,6.87,6.94,6.8,6.94,12733407
2018-10-23,6.9,6.9,6.8,6.84,16561652
2018-10-24,6.8,6.84,6.7,6.8,21723440
2018-10-25,6.7,6.74,6.7,6.7,29422559
2018-10-26,6.77,6.77,6.7,6.77,18393934
2018-10-29,6.77,6.8,6.7,6.77,10873355
2018-10-30,6.77,6.8,6.74,6.8,9519455
2018-10-31,6.84,7.04,6.84,7.04,29142651
2018-11-01,6.87,6.94,6.84,6.9,15059757
2018-11-02,6.9,6.97,6.84,6.97,16134043
2018-11-05,6.9,7.0,6.87,7.0,12954933
2018-11-06,7.04,7.04,6.97,7.0,8989098
2018-11-07,7.0,7.11,6.97,7.11,12371421
2018-11-08,7.11,7.17,7.07,7.17,14101284
2018-11-09,7.14,7.17,7.07,7.17,8774918
2018-11-12,7.14,7.17,7.07,7.11,11170424
2018-11-13,6.9,7.14,6.9,7.14,16461389
2018-11-14,7.11,7.17,7.07,7.17,9584272
2018-11-15,7.17,7.21,7.07,7.14,14587542
2018-11-16,7.21,7.21,7.14,7.17,13335263
2018-11-19,7.21,7.24,7.17,7.24,12376678
2018-11-20,7.21,7.21,7.14,7.17,8421195
2018-11-21,7.14,7.17,7.07,7.17,10318729
2018-11-22,7.17,7.17,7.11,7.11,7410362
2018-11-23,7.11,7.17,7.07,7.17,10569148
2018-11-26,7.17,7.24,7.11,7.17,15488450
2018-11-27,7.14,7.17,7.04,7.07,14786181
2018-11-28,7.14,7.17,7.07,7.17,14756027
2018-11-29,7.17,7.21,7.04,7.04,11630904
2018-11-30,7.07,7.14,7.04,7.14,22460160
2018-12-03,7.14,7.21,7.14,7.21,11360773
2018-12-04,7.14,7.21,7.14,7.21,12784351
2018-12-05,7.14,7.14,7.11,7.11,4514150
2018-12-06,7.14,7.14,6.94,6.97,18270160
2018-12-07,7.0,7.04,6.97,7.0,6548559
2018-12-10,6.94,6.97,6.9,6.9,12694679
2018-12-11,6.9,6.9,6.8,6.8,13059421
2018-12-12,6.84,6.94,6.84,6.9,14534446
2018-12-13,6.9,6.94,6.87,6.94,15638033
2018-12-14,6.9,6.9,6.84,6.87,12942560
2018-12-17,6.9,6.9,6.84,6.87,14512960
2018-12-18,6.87,6.9,6.77,6.77,21774933
2018-12-19,6.84,6.9,6.8,6.9,10782929
2018-12-20,6.84,6.87,6.8,6.84,8968450
2018-12-21,6.87,6.9,6.84,6.84,14919347
2018-12-24,6.84,6.84,6.8,6.84,3607422
2018-12-25,6.77,6.8,6.74,6.8,5675858
2018-12-26,6.8,6.84,6.77,6.77,3094483
2018-12-27,6.84,6.87,6.77,6.87,11963239
2018-12-28,6.87,6.9,6.8,6.9,8721366
2019-01-02,6.9,6.94,6.77,6.8,8841636
2019-01-03,6.84,6.84,6.77,6.84,5888012
2019-01-04,6.77,6.84,6.74,6.74,11783274
2019-01-07,6.84,6.97,6.8,6.97,17668513
2019-01-08,6.94,6.97,6.87,6.87,7602371
2019-01-09,6.87,7.04,6.84,7.04,20443891
2019-01-10,6.97,6.97,6.9,6.97,7990229
2019-01-11,6.9,6.97,6.9,6.97,11858472
2019-01-14,6.97,6.97,6.9,6.94,5276908
2019-01-15,6.97,7.0,6.94,7.0,12327008
2019-01-16,6.97,6.97,6.87,6.94,10524609
2019-01-17,6.94,6.97,6.9,6.94,7255785
2019-01-18,6.97,7.0,6.94,7.0,9419378
2019-01-21,7.0,7.0,6.94,6.97,9811738
2019-01-22,6.97,7.0,6.94,6.94,17073857
2019-01-23,6.94,7.0,6.94,6.97,9360983
2019-01-24,6.97,6.97,6.87,6.87,19227572
2019-01-25,6.9,6.97,6.9,6.97,14563821
2019-01-28,6.97,6.97,6.9,6.94,10940395
2019-01-29,6.94,6.97,6.9,6.97,19638764
2019-01-30,6.97,6.97,6.9,6.94,27435542
2019-02-11,6.97,7.0,6.94,6.97,17987003
2019-02-12,6.97,7.0,6.94,6.97,17176246
2019-02-13,6.97,7.04,6.94,7.0,24852537
2019-02-14,7.0,7.04,6.97,7.0,15607169
2019-02-15,7.07,7.14,7.07,7.07,21841507
2019-02-18,7.14,7.17,7.11,7.17,13868490
2019-02-19,7.14,7.17,7.14,7.14,8628793
2019-02-20,7.14,7.17,7.14,7.17,16420722
2019-02-21,7.17,7.21,7.14,7.21,14044654
2019-02-22,7.17,7.21,7.17,7.17,17913296
2019-02-25,7.21,7.24,7.17,7.21,17134143
2019-02-26,7.21,7.24,7.17,7.21,14161963
2019-02-27,7.21,7.24,7.17,7.21,14272600
2019-03-04,7.21,7.27,7.17,7.27,27432081
2019-03-05,7.24,7.27,7.21,7.24,12184962
2019-03-06,7.24,7.31,7.24,7.27,13601192
2019-03-07,7.27,7.31,7.24,7.24,14272454
2019-03-08,7.24,7.27,7.21,7.24,12376570
2019-03-11,7.27,7.34,7.27,7.31,20533804
2019-03-12,7.34,7.37,7.31,7.34,19333444
2019-03-13,7.34,7.37,7.31,7.31,11847383
2019-03-14,7.34,7.37,7.27,7.27,14246468
2019-03-15,7.27,7.31,7.21,7.21,49468107
2019-03-18,7.24,7.34,7.24,7.34,19510305
2019-03-19,7.34,7.41,7.31,7.34,21794232
2019-03-20,7.34,7.41,7.27,7.37,25814768
2019-03-21,7.41,7.51,7.37,7.51,34480288
2019-03-22,7.51,7.51,7.44,7.51,21015844
2019-03-25,7.41,7.51,7.41,7.51,32409419
2019-03-26,7.51,7.57,7.47,7.57,16960774
2019-03-27,7.57,7.57,7.51,7.54,19537605
2019-03-28,7.51,7.61,7.51,7.57,18296187
2019-03-29,7.61,7.64,7.57,7.64,24142974
2019-04-01,7.64,7.71,7.61,7.61,26016921
2019-04-02,7.64,7.67,7.61,7.67,18533653
2019-04-03,7.64,7.67,7.61,7.67,11852659
2019-04-08,7.67,7.71,7.67,7.71,21438854
2019-04-09,7.71,7.74,7.67,7.74,12454503
2019-04-10,7.74,7.74,7.67,7.74,17175755
2019-04-11,7.74,7.84,7.74,7.81,30379190
2019-04-12,7.81,7.84,7.78,7.81,17861038
2019-04-15,7.84,7.91,7.81,7.88,17494302
2019-04-16,7.88,7.91,7.84,7.88,12597465
2019-04-17,7.88,7.91,7.81,7.81,8761467
2019-04-18,7.81,7.84,7.74,7.78,21180029
2019-04-19,7.81,7.81,7.74,7.78,6304989
2019-04-22,7.78,7.81,7.74,7.74,5525317
2019-04-23,7.74,7.84,7.71,7.84,12737952
2019-04-24,7.81,7.88,7.81,7.84,11581853
2019-04-25,7.84,7.88,7.81,7.84,8561130
2019-04-26,7.84,7.88,7.81,7.88,13929360
2019-04-29,7.91,8.04,7.88,8.01,29526059
2019-04-30,8.04,8.04,7.98,7.98,15530058
2019-05-02,7.98,8.04,7.98,8.04,19086737
2019-05-03,8.04,8.08,8.01,8.08,20122988
2019-05-06,8.04,8.08,7.91,7.94,22024368
2019-05-07,7.94,8.04,7.94,7.94,18531577
2019-05-08,7.88,7.98,7.88,7.94,13491201
2019-05-09,7.91,7.94,7.81,7.88,22067225
2019-05-10,7.91,8.01,7.91,7.94,14655283
2019-05-13,7.94,7.98,7.88,7.88,13825051
2019-05-14,7.78,7.84,7.74,7.78,16685800
2019-05-15,7.81,7.94,7.81,7.88,15370759
2019-05-16,7.88,7.98,7.84,7.91,16663469
2019-05-17,7.91,7.94,7.88,7.91,12034027
2019-05-20,7.91,7.98,7.91,7.94,15056724
2019-05-21,7.98,8.11,7.98,8.08,25988228
2019-05-22,8.04,8.08,7.98,8.08,13507603
2019-05-23,8.04,8.04,8.01,8.04,12376846
2019-05-24,8.08,8.18,8.04,8.18,30888763
2019-05-27,8.18,8.24,8.18,8.21,15406720
2019-05-28,8.21,8.21,8.08,8.11,42578002
2019-05-29,8.04,8.11,8.01,8.04,13498931
2019-05-30,8.04,8.18,8.04,8.18,28083469
2019-05-31,8.18,8.21,8.14,8.21,21775249
2019-06-03,8.18,8.28,8.11,8.24,23882339
2019-06-04,8.21,8.28,8.18,8.28,20592457
2019-06-05,8.28,8.28,8.21,8.24,11906392
2019-06-06,8.24,8.38,8.21,8.38,19502302
2019-06-10,8.38,8.41,8.28,8.35,17692300
2019-06-11,8.38,8.38,8.28,8.31,18778260
2019-06-12,8.31,8.31,8.14,8.24,22608506
2019-06-13,8.24,8.35,8.21,8.35,11461471
2019-06-14,8.35,8.35,8.28,8.31,10317132
2019-06-17,8.31,8.38,8.28,8.35,11095865
2019-06-18,8.35,8.41,8.31,8.41,16049202
2019-06-19,8.41,8.61,8.41,8.58,38860974
2019-06-20,8.61,8.68,8.58,8.68,20117243
2019-06-21,8.68,8.71,8.58,8.58,37598404
2019-06-24,8.61,8.71,8.58,8.71,10439720
2019-06-25,8.71,8.71,8.65,8.71,12278133
2019-06-26,8.65,8.71,8.61,8.65,9121818
2019-06-27,8.65,8.71,8.65,8.71,17975954
2019-06-28,8.65,8.78,8.65,8.75,18341838
2019-07-01,8.71,8.75,8.65,8.71,18915040
2019-07-02,8.68,8.71,8.65,8.71,18049894
2019-07-03,8.71,8.71,8.61,8.65,13758087
2019-07-04,8.65,8.71,8.61,8.71,19252550
2019-07-05,8.68,8.78,8.68,8.75,19762113
2019-07-08,8.75,8.78,8.68,8.75,18756606
2019-07-09,8.75,8.75,8.68,8.68,16966682
2019-07-10,8.68,8.71,8.65,8.71,55416048
2019-07-11,8.74,8.95,8.74,8.92,50894690
2019-07-12,8.88,8.92,8.81,8.81,16574974
2019-07-15,8.84,8.88,8.74,8.84,12187776
2019-07-16,8.84,8.88,8.77,8.88,17079876
2019-07-17,8.84,8.92,8.77,8.92,18576235
2019-07-18,8.88,8.92,8.84,8.92,12001070
2019-07-19,8.92,9.06,8.92,8.92,18870666
2019-07-22,8.92,8.95,8.84,8.88,15079446
2019-07-23,8.88,8.88,8.74,8.81,19548363
2019-07-24,8.81,8.88,8.74,8.77,24354012
2019-07-25,8.77,8.88,8.74,8.88,16465992
2019-07-26,8.84,8.84,8.77,8.77,19050979
2019-07-29,8.77,8.81,8.74,8.77,18109019
2019-07-30,8.77,8.81,8.74,8.77,13927303
2019-07-31,8.74,8.81,8.74,8.74,21377243
2019-08-01,8.7,8.74,8.63,8.63,25719030
2019-08-02,8.53,8.56,8.49,8.49,31110088
2019-08-05,8.46,8.49,8.42,8.49,31631080
2019-08-06,8.35,8.46,8.35,8.46,21306967
2019-08-07,8.42,8.49,8.39,8.42,26093268
2019-08-08,8.42,8.49,8.39,8.42,19480874
2019-08-12,8.42,8.84,8.42,8.77,32247667
2019-08-13,8.74,8.74,8.63,8.67,15542285
2019-08-14,8.67,8.7,8.63,8.67,17290155
2019-08-15,8.56,8.67,8.53,8.56,26743133
2019-08-16,8.56,8.77,8.53,8.74,26353306
2019-08-19,8.77,8.77,8.67,8.7,14211290
2019-08-20,8.7,8.74,8.63,8.7,15622892
2019-08-21,8.74,8.74,8.67,8.7,19827482
2019-08-22,8.74,8.74,8.7,8.74,9587901
2019-08-23,8.7,8.7,8.6,8.67,9455095
2019-08-26,8.53,8.56,8.46,8.46,17876230
2019-08-27,8.49,8.49,8.39,8.42,30272750
2019-08-28,8.46,8.49,8.39,8.39,12411369
2019-08-29,8.39,8.42,8.25,8.28,22352917
2019-08-30,8.35,8.35,8.28,8.35,41577812
2019-09-02,8.35,8.46,8.32,8.42,15437946
2019-09-03,8.46,8.46,8.42,8.42,11023162
2019-09-04,8.46,8.56,8.39,8.53,17108657
2019-09-05,8.53,8.63,8.53,8.6,19473277
2019-09-06,8.6,8.7,8.6,8.7,15050177
2019-09-10,8.84,8.84,8.77,8.84,15675163
2019-09-11,8.84,8.84,8.74,8.81,11101137
2019-09-12,8.81,8.84,8.77,8.77,12690376
2019-09-16,8.77,8.81,8.7,8.77,12796971
2019-09-17,8.74,8.81,8.74,8.81,14388680
2019-09-18,8.81,8.92,8.74,8.88,18234785
2019-09-19,8.88,8.92,8.77,8.84,9600410
2019-09-20,8.81,8.84,8.63,8.77,33000291
2019-09-23,8.74,8.77,8.6,8.63,25604673
2019-09-24,8.7,8.7,8.6,8.67,24509402
2019-09-25,8.67,8.7,8.49,8.6,42993453
2019-09-26,8.67,8.67,8.56,8.67,18925527
2019-09-27,8.67,8.67,8.49,8.53,16365937
2019-10-01,8.6,8.6,8.53,8.6,18259426
2019-10-02,8.56,8.56,8.53,8.56,11382012
2019-10-03,8.49,8.56,8.46,8.56,10786222
2019-10-04,8.53,8.56,8.49,8.56,6012190
2019-10-07,8.56,8.6,8.53,8.6,4667090
2019-10-08,8.53,8.63,8.53,8.63,17331593
2019-10-09,8.6,8.63,8.53,8.53,8166723
2019-10-14,8.6,8.67,8.56,8.67,8993627
2019-10-15,8.63,8.67,8.63,8.67,13343227
2019-10-16,8.7,8.7,8.67,8.7,8957100
2019-10-17,8.67,8.7,8.63,8.67,9824974
2019-10-18,8.67,8.74,8.63,8.7,13492910
2019-10-21,8.7,8.77,8.67,8.77,12188254
2019-10-22,8.81,8.84,8.77,8.84,13336320
2019-10-23,8.84,8.84,8.74,8.74,13487451
2019-10-24,8.74,8.81,8.74,8.81,11511461
2019-10-25,8.84,8.88,8.77,8.88,13210208
2019-10-28,8.88,8.88,8.81,8.84,9265147
2019-10-29,8.88,8.88,8.81,8.84,10660042
2019-10-30,8.81,8.88,8.77,8.88,11242995
2019-10-31,8.88,8.88,8.81,8.81,15486670
2019-11-01,8.81,8.88,8.81,8.84,9168490
2019-11-04,8.84,8.88,8.84,8.88,10438145
2019-11-05,8.88,8.92,8.84,8.92,18807785
2019-11-06,8.92,9.02,8.88,8.95,15310801
2019-11-07,8.95,9.02,8.88,8.88,12147469
2019-11-08,8.95,8.99,8.92,8.95,7867694
2019-11-11,8.92,8.95,8.88,8.95,10908117
2019-11-12,8.95,8.99,8.92,8.95,8057600
2019-11-13,8.92,9.02,8.92,8.99,15345937
2019-11-14,9.02,9.02,8.95,9.02,13271176
2019-11-15,9.06,9.13,9.02,9.09,16944370
2019-11-18,9.06,9.09,9.02,9.09,9175384
2019-11-19,9.02,9.09,9.02,9.09,6151226
2019-11-20,9.06,9.09,9.06,9.09,10550518
2019-11-21,9.02,9.09,9.02,9.09,10545103
2019-11-22,9.09,9.13,8.99,9.02,10088100
2019-11-25,9.02,9.06,8.99,9.02,9137449
2019-11-26,9.06,9.16,9.02,9.06,44346606
2019-11-27,9.13,9.16,9.09,9.16,10817007
2019-11-28,9.16,9.23,9.09,9.2,16792311
2019-11-29,9.2,9.2,9.02,9.06,17136209
2019-12-02,9.06,9.13,9.02,9.06,15558271
2019-12-03,9.06,9.13,9.02,9.13,14323895
2019-12-04,9.09,9.13,9.06,9.13,16836065
2019-12-05,9.13,9.13,9.02,9.13,19371651
2019-12-06,9.13,9.16,9.06,9.13,8062405
2019-12-09,9.09,9.09,9.02,9.06,10656248
2019-12-10,9.02,9.06,8.99,9.02,12359150
2019-12-11,9.02,9.09,8.99,9.09,12368777
2019-12-12,9.09,9.2,9.06,9.13,21945979
2019-12-13,9.16,9.27,9.16,9.2,40399037
2019-12-16,9.2,9.27,9.16,9.2,74175
2019-12-17,9.16,9.23,9.16,9.23,17478238
2019-12-18,9.16,9.27,9.13,9.27,22147048
2019-12-19,9.27,9.3,9.23,9.27,17076040
2019-12-20,9.3,9.41,9.27,9.34,40798904
2019-12-23,9.34,9.37,9.3,9.34,17214454
2019-12-24,9.34,9.34,9.23,9.27,11893805
2019-12-25,9.27,9.27,9.2,9.23,7424367
2019-12-26,9.2,9.23,9.16,9.23,5809227
2019-12-27,9.27,9.3,9.23,9.3,6308876
2019-12-30,9.27,9.3,9.2,9.27,12354588
2019-12-31,9.2,9.27,9.16,9.16,8767934
2020-01-02,9.2,9.23,9.16,9.2,8704117
2020-01-03,9.2,9.23,9.13,9.2,19094384
2020-01-06,9.16,9.2,9.13,9.16,16617424
2020-01-07,9.13,9.16,9.09,9.16,16890816
2020-01-08,9.09,9.16,9.06,9.13,20405017
2020-01-09,9.16,9.27,9.16,9.23,18284866
2020-01-10,9.23,9.27,9.2,9.27,9536379
2020-01-13,9.23,9.27,9.16,9.2,34382484
2020-01-14,9.23,9.27,9.2,9.27,18797878
2020-01-15,9.27,9.3,9.23,9.3,21031023
2020-01-16,9.3,9.3,9.23,9.3,17143505
2020-01-17,9.3,9.41,9.3,9.41,21056344
2020-01-20,9.41,9.51,9.41,9.51,18467626
2020-01-30,9.27,9.27,9.02,9.02,55676368
2020-01-31,9.06,9.2,9.06,9.09,36968147
2020-02-03,8.92,9.16,8.84,9.16,37290857
2020-02-04,9.2,9.23,9.16,9.23,28888667
2020-02-05,9.23,9.23,9.16,9.2,16157820
2020-02-06,9.23,9.3,9.2,9.27,29663515
2020-02-07,9.2,9.23,9.16,9.2,11568770
2020-02-10,9.2,9.23,9.09,9.23,20390794
2020-02-11,9.23,9.27,9.2,9.23,15659697
2020-02-12,9.23,9.27,9.2,9.2,19843465
2020-02-13,9.2,9.23,9.2,9.2,10964735
2020-02-14,9.2,9.23,9.16,9.23,7716067
2020-02-17,9.2,9.23,9.16,9.23,8252092
2020-02-18,9.2,9.23,9.2,9.23,10379985
2020-02-19,9.23,9.37,9.23,9.37,20597655
2020-02-20,9.37,9.41,9.27,9.27,23667495
2020-02-21,9.27,9.34,9.2,9.23,21099606
2020-02-24,9.2,9.2,9.09,9.16,31125483
2020-02-25,9.09,9.2,9.09,9.16,22446020
2020-02-26,9.09,9.2,9.09,9.2,21672849
2020-02-27,9.16,9.2,9.09,9.16,29658486
2020-03-02,9.06,9.2,9.06,9.16,34126703
2020-03-03,9.23,9.27,9.16,9.2,19669683
2020-03-04,9.2,9.23,9.13,9.16,27300934
2020-03-05,9.16,9.16,9.06,9.09,39322973
2020-03-06,9.09,9.13,9.02,9.02,41260951
2020-03-09,8.92,8.99,8.81,8.84,47817850
2020-03-10,8.77,8.84,8.63,8.81,33467353
2020-03-11,8.77,8.81,8.67,8.7,24456963
2020-03-12,8.56,8.6,8.21,8.28,42936608
2020-03-13,7.72,8.07,7.54,7.96,60685129
2020-03-16,7.93,7.93,7.51,7.54,35399599
2020-03-17,7.19,7.44,7.15,7.26,47083761
2020-03-18,7.19,7.26,7.05,7.12,44687925
2020-03-19,6.91,6.94,6.55,6.82,70639638
2020-03-20,6.85,7.47,6.85,7.47,61160794
2020-03-23,7.05,7.29,6.94,7.12,29223007
2020-03-24,7.44,7.47,7.26,7.29,26766728
2020-03-25,7.47,7.82,7.44,7.65,36462210
2020-03-26,7.75,7.75,7.51,7.72,18242131
2020-03-27,7.86,7.89,7.75,7.79,22375960
2020-03-30,7.61,7.79,7.51,7.68,20890302
2020-03-31,7.79,7.86,7.72,7.79,28119588
2020-04-01,7.75,7.82,7.68,7.75,18803171
2020-04-06,7.75,7.86,7.68,7.79,29182140
2020-04-07,7.89,7.93,7.82,7.82,22349619
2020-04-08,7.75,8.0,7.75,7.93,20053796
2020-04-09,7.93,8.07,7.89,7.96,14375748
2020-04-10,8.0,8.21,7.96,8.18,14354083
2020-04-13,8.0,8.07,7.96,7.96,12156092
2020-04-14,7.96,8.21,7.96,8.14,17526065
2020-04-15,8.18,8.39,8.18,8.39,23164864
2020-04-16,8.32,8.39,8.25,8.32,23444637
2020-04-17,8.46,8.53,8.39,8.39,18872206
2020-04-20,8.35,8.39,8.28,8.39,13578828
2020-04-21,8.32,8.32,8.03,8.03,26485907
2020-04-22,7.89,8.0,7.89,8.0,18039931
2020-04-23,7.96,8.1,7.89,7.96,19940843
2020-04-24,7.96,8.0,7.93,7.93,13007765
2020-04-27,8.03,8.14,8.03,8.1,13259099
2020-04-28,8.18,8.21,8.07,8.14,12196849
2020-04-29,8.18,8.39,8.18,8.28,16411008
2020-04-30,8.35,8.63,8.35,8.6,28128626
2020-05-04,8.18,8.32,8.18,8.25,26544145
2020-05-05,8.28,8.32,8.21,8.25,10710938
2020-05-06,8.21,8.21,8.1,8.1,21114069
2020-05-07,8.14,8.18,8.07,8.14,8845140
2020-05-08,8.21,8.28,8.14,8.14,14827883
2020-05-11,8.25,8.39,8.21,8.32,17007978
2020-05-12,8.35,8.39,8.28,8.32,25392459
2020-05-13,8.32,8.39,8.28,8.32,10547910
2020-05-14,8.28,8.32,8.21,8.25,16728437
2020-05-15,8.32,8.32,8.18,8.21,16095635
2020-05-18,8.18,8.25,8.1,8.1,18964505
2020-05-19,8.25,8.28,8.21,8.25,17427915
2020-05-20,8.28,8.32,8.21,8.21,12885068
2020-05-21,8.25,8.32,8.21,8.32,14234282
2020-05-22,8.25,8.28,8.14,8.14,25542875
2020-05-25,8.18,8.21,8.1,8.18,14444337
2020-05-26,8.21,8.32,8.18,8.28,25560716
2020-05-27,8.32,8.35,8.28,8.32,20325865
2020-05-28,8.42,8.46,8.25,8.28,27005891
2020-05-29,8.28,8.39,8.25,8.32,71975258
2020-06-01,8.39,8.49,8.35,8.42,27222822
2020-06-02,8.49,8.6,8.46,8.53,30022401
2020-06-03,8.63,8.74,8.56,8.6,42789332
2020-06-04,8.67,8.7,8.56,8.6,32669493
2020-06-05,8.56,8.67,8.53,8.6,31570175
2020-06-08,8.63,8.7,8.6,8.67,43208374
2020-06-09,8.67,8.7,8.6,8.63,45503697
2020-06-10,8.67,8.7,8.63,8.7,80752089
2020-06-11,8.7,8.78,8.55,8.55,113861434
2020-06-12,8.29,8.41,8.26,8.37,41560225
2020-06-15,8.37,8.41,8.26,8.26,29659654
2020-06-16,8.37,8.48,8.33,8.41,21006539
2020-06-17,8.44,8.44,8.29,8.41,28562127
2020-06-18,8.41,8.41,8.26,8.29,28165625
2020-06-19,8.29,8.33,8.22,8.22,47617193
2020-06-22,8.22,8.33,8.22,8.29,20496644
2020-06-23,8.26,8.33,8.22,8.26,27357596
2020-06-24,8.26,8.33,8.22,8.29,24906098
2020-06-29,8.18,8.22,8.11,8.14,28785573
2020-06-30,8.18,8.22,8.11,8.11,30887584
2020-07-01,8.14,8.22,8.11,8.14,19034410
2020-07-02,8.14,8.14,7.99,8.14,48282061
2020-07-03,8.18,8.26,8.14,8.14,24244077
2020-07-06,8.22,8.37,8.18,8.33,41238278
2020-07-07,8.33,8.37,8.22,8.29,39873933
2020-07-08,8.29,8.29,8.22,8.26,28802221
2020-07-09,8.29,8.33,8.22,8.22,28257814
2020-07-10,8.22,8.26,8.14,8.18,24332477
2020-07-13,8.22,8.26,8.18,8.18,26813678
2020-07-14,8.22,8.26,8.14,8.14,24276856
2020-07-15,8.22,8.22,8.11,8.18,24999635
2020-07-16,8.22,8.22,8.14,8.14,23709949
2020-07-17,8.22,8.26,8.14,8.18,35939956
2020-07-20,8.18,8.22,8.14,8.22,25913404
2020-07-21,8.18,8.22,8.11,8.11,47893016
2020-07-22,8.11,8.18,8.11,8.14,27019405
2020-07-23,8.14,8.18,8.11,8.14,22056562
2020-07-24,8.11,8.14,8.07,8.07,31629829
2020-07-27,8.07,8.11,7.96,7.96,42078016
2020-07-28,7.92,8.03,7.92,7.92,38331856
2020-07-29,7.88,8.07,7.88,7.96,29549911
2020-07-30,8.03,8.03,7.96,7.96,25023052
2020-07-31,7.99,8.07,7.96,7.96,29722269
2020-08-03,7.99,8.07,7.96,7.96,22007250
2020-08-04,7.99,8.07,7.96,8.03,17180379
2020-08-05,8.07,8.07,7.99,7.99,16966475
2020-08-06,8.07,8.18,8.07,8.18,24509159
2020-08-07,8.18,8.18,8.11,8.11,19530916
2020-08-10,8.14,8.22,8.11,8.18,20727336
2020-08-11,8.22,8.26,8.14,8.14,24673101
2020-08-12,8.18,8.22,8.14,8.18,17264793
2020-08-13,8.22,8.26,8.14,8.22,13871566
2020-08-14,8.18,8.22,8.14,8.22,14279835
2020-08-17,8.22,8.22,8.18,8.22,7544827
2020-08-18,8.22,8.22,8.14,8.22,13323750
2020-08-19,8.18,8.22,8.14,8.14,15505151
2020-08-20,8.14,8.18,7.99,8.03,30471241
2020-08-21,8.11,8.18,8.07,8.14,14350533
2020-08-24,8.11,8.18,8.07,8.14,11803669
2020-08-25,8.14,8.18,8.11,8.11,15459922
2020-08-26,8.14,8.14,8.07,8.14,10729846
2020-08-27,8.14,8.14,8.07,8.11,13513293
2020-08-28,8.11,8.14,8.07,8.11,9399571
2020-08-31,8.14,8.18,8.07,8.07,30053592
2020-09-01,8.11,8.11,8.07,8.11,12819290
2020-09-02,8.11,8.14,8.07,8.14,19180482
2020-09-03,8.11,8.18,8.07,8.14,22009712
2020-09-04,8.07,8.11,8.03,8.07,23167068
2020-09-07,8.07,8.14,8.07,8.11,15249263
2020-09-08,8.14,8.18,8.11,8.18,12435926
2020-09-09,8.14,8.14,8.07,8.14,16243102
2020-09-10,8.14,8.18,8.11,8.14,10299955
2020-09-11,8.14,8.18,8.11,8.14,9441084
2020-09-14,8.14,8.18,8.11,8.14,8571695
2020-09-15,8.14,8.18,8.11,8.11,10428666
2020-09-16,8.14,8.18,8.11,8.18,10523822
2020-09-17,8.14,8.18,8.11,8.11,10627974
2020-09-18,8.14,8.18,8.11,8.18,17670148
2020-09-21,8.14,8.18,8.11,8.11,8290728
2020-09-22,8.11,8.11,8.03,8.03,16900742
2020-09-23,8.07,8.11,8.03,8.03,12982858
2020-09-24,8.03,8.03,7.84,7.84,30297238
2020-09-25,7.88,8.03,7.88,7.92,19559613
2020-09-28,7.99,8.11,7.96,8.11,11616421
2020-09-29,8.14,8.18,8.07,8.11,13904416
2020-09-30,8.14,8.18,8.11,8.11,10234839
2020-10-05,8.18,8.18,8.07,8.07,12512093
2020-10-06,8.11,8.14,8.03,8.07,18921718
2020-10-07,8.07,8.11,8.03,8.03,14520866
2020-10-08,8.07,8.11,8.03,8.11,11046792
2020-10-12,8.11,8.14,8.03,8.11,25017466
2020-10-13,8.07,8.11,8.03,8.07,8840954
2020-10-14,8.07,8.11,8.07,8.07,8914380
2020-10-15,8.07,8.11,8.03,8.03,10336659
2020-10-16,8.03,8.11,8.03,8.03,8732080
2020-10-19,8.07,8.14,8.07,8.14,13927501
2020-10-20,8.11,8.14,8.07,8.11,7985528
2020-10-21,8.11,8.14,8.07,8.07,9746336
2020-10-22,8.07,8.14,8.07,8.07,20461430
2020-10-23,8.07,8.11,8.03,8.07,9959089
2020-10-26,8.11,8.14,8.07,8.14,7878026
2020-10-27,8.07,8.11,8.07,8.07,7849676
2020-10-28,8.07,8.11,8.07,8.07,10955298
2020-10-29,8.07,8.11,8.03,8.03,12752929
2020-10-30,8.03,8.07,7.99,7.99,20998553
2020-11-02,8.03,8.14,7.99,8.14,14200057
2020-11-03,8.14,8.14,8.07,8.14,10473170
2020-11-04,8.11,8.18,8.07,8.18,10674188
2020-11-05,8.18,8.22,8.14,8.22,12845139
2020-11-06,8.22,8.22,8.14,8.18,12334840
2020-11-09,8.22,8.29,8.22,8.26,21455749
2020-11-10,8.29,8.41,8.26,8.37,38132467
2020-11-11,8.41,8.52,8.41,8.48,38036952
2020-11-12,8.44,8.48,8.29,8.37,30397563
2020-11-13,8.33,8.37,8.29,8.37,14291773
2020-11-16,8.41,8.44,8.37,8.41,26187497
2020-11-17,8.44,8.44,8.33,8.33,25278803
2020-11-18,8.37,8.41,8.33,8.37,20415629
2020-11-19,8.41,8.48,8.37,8.44,48236418
2020-11-20,8.44,8.48,8.37,8.41,18599129
2020-11-23,8.41,8.44,8.41,8.44,14239205
2020-11-24,8.44,8.44,8.33,8.37,21562490
2020-11-25,8.41,8.44,8.37,8.44,24601483
2020-11-26,8.44,8.44,8.37,8.44,15614448
2020-11-27,8.44,8.48,8.41,8.48,32454314
2020-11-30,8.48,8.52,8.29,8.29,66486026
2020-12-01,8.37,8.41,8.33,8.41,20611326
2020-12-02,8.33,8.41,8.33,8.41,31338210
2020-12-03,8.37,8.44,8.33,8.37,21081225
2020-12-04,8.44,8.48,8.41,8.44,25387098
2020-12-07,8.44,8.48,8.37,8.37,27933449
2020-12-08,8.37,8.41,8.22,8.22,59599158
2020-12-09,8.26,8.29,8.22,8.26,22675477
2020-12-10,8.26,8.33,8.22,8.26,20833864
2020-12-11,8.29,8.41,8.29,8.37,22608463
2020-12-14,8.37,8.41,8.33,8.33,13693106
2020-12-15,8.33,8.33,8.22,8.26,25292182
2020-12-16,8.29,8.37,8.26,8.37,18918196
2020-12-17,8.33,8.37,8.29,8.37,9811376
2020-12-18,8.37,8.37,8.29,8.29,19866469
2020-12-21,8.33,8.37,8.26,8.37,11405914
2020-12-22,8.33,8.37,8.29,8.33,14925656
2020-12-23,8.29,8.33,8.29,8.29,6635093
2020-12-24,8.29,8.37,8.26,8.33,15016297
2020-12-25,8.37,8.37,8.33,8.33,5381251
2020-12-28,8.33,8.37,8.29,8.37,11292898
2020-12-29,8.37,8.41,8.33,8.37,14872746
2020-12-30,8.37,8.59,8.37,8.59,51321249
2020-12-31,8.59,8.63,8.52,8.55,21790835
2021-01-04,8.55,8.59,8.52,8.55,22659431
2021-01-05,8.55,8.59,8.52,8.55,18633042
2021-01-06,8.55,8.59,8.44,8.52,31236655
2021-01-07,8.52,8.59,8.52,8.55,12371364
2021-01-08,8.59,8.7,8.59,8.7,44749998
2021-01-11,8.7,8.74,8.67,8.7,19311579
2021-01-12,8.67,8.67,8.52,8.55,20273128
2021-01-13,8.59,8.67,8.55,8.59,16880819
2021-01-14,8.59,8.7,8.55,8.59,26340754
2021-01-15,8.59,8.63,8.52,8.52,21028802
2021-01-18,8.52,8.55,8.44,8.48,17446898
2021-01-19,8.48,8.52,8.44,8.48,13203049
2021-01-20,8.48,8.48,8.22,8.29,40686033
2021-01-21,8.37,8.44,8.33,8.33,23121682
2021-01-22,8.37,8.37,8.29,8.29,18131304
2021-01-25,8.29,8.37,8.22,8.33,20931106
2021-01-26,8.29,8.33,8.26,8.29,14287616
2021-01-27,8.29,8.33,8.26,8.29,17929566
2021-01-28,8.26,8.29,8.22,8.26,22328045
2021-01-29,8.26,8.29,8.18,8.18,29236015
2021-02-01,8.18,8.29,8.18,8.29,17325879
2021-02-02,8.29,8.37,8.26,8.29,17536153
2021-02-03,8.33,8.33,8.29,8.29,11607976
2021-02-04,8.29,8.33,8.26,8.33,9898321
2021-02-05,8.33,8.41,8.29,8.37,24683770
2021-02-17,8.44,8.67,8.44,8.67,52612154
2021-02-18,8.67,8.7,8.63,8.67,29783692
2021-02-19,8.63,8.67,8.55,8.67,23959199
2021-02-22,8.67,8.74,8.63,8.7,23141387
2021-02-23,8.7,8.78,8.67,8.78,24217351
2021-02-24,8.78,8.85,8.74,8.82,22243849
2021-02-25,8.85,8.93,8.85,8.93,27923640
2021-02-26,8.82,8.85,8.7,8.7,41934786
2021-03-02,8.78,8.82,8.7,8.7,20758710
2021-03-03,8.74,8.93,8.7,8.85,31976825
2021-03-04,8.85,8.89,8.7,8.82,24713308
2021-03-05,8.7,8.82,8.7,8.78,19995567
2021-03-08,8.82,8.85,8.74,8.82,18610564
2021-03-09,8.85,8.93,8.82,8.93,31425919
2021-03-10,8.93,9.04,8.93,9.0,28984994
2021-03-11,9.04,9.11,8.97,8.97,35732923
2021-03-12,9.0,9.08,8.97,9.08,22720102
2021-03-15,9.11,9.26,9.08,9.19,34680528
2021-03-16,9.23,9.26,9.19,9.23,25791838
2021-03-17,9.23,9.26,9.11,9.19,24773223
2021-03-18,9.23,9.23,9.15,9.15,21629580
2021-03-19,9.11,9.15,9.0,9.0,103948889
2021-03-22,9.08,9.23,9.04,9.19,36479176
2021-03-23,9.23,9.23,9.19,9.23,17340577
2021-03-24,9.23,9.26,9.19,9.23,26852984
2021-03-25,9.26,9.34,9.23,9.34,30033791
2021-03-26,9.34,9.38,9.3,9.3,19166058
2021-03-29,9.34,9.41,9.3,9.41,23433955
2021-03-30,9.41,9.53,9.38,9.49,19890170
2021-03-31,9.49,9.6,9.45,9.6,31633232
2021-04-01,9.6,9.6,9.41,9.45,26403083
2021-04-07,9.41,9.45,9.38,9.45,15826853
2021-04-08,9.38,9.45,9.34,9.41,14129074
2021-04-09,9.41,9.45,9.38,9.38,16412761
2021-04-12,9.45,9.56,9.45,9.56,24023899
2021-04-13,9.56,9.6,9.49,9.53,22755972
2021-04-14,9.53,9.6,9.49,9.56,18987425
2021-04-15,9.56,9.71,9.53,9.68,30638552
2021-04-16,9.68,9.71,9.64,9.71,26611125
2021-04-19,9.71,9.97,9.71,9.9,42108293
2021-04-20,9.94,9.97,9.79,9.97,26970330
2021-04-21,9.9,9.97,9.9,9.94,22207548
2021-04-22,9.97,10.16,9.9,9.94,48873667
2021-04-23,9.94,10.01,9.9,9.94,15277303
2021-04-26,10.01,10.12,10.01,10.09,47079016
2021-04-27,10.09,10.09,10.01,10.09,25472892
2021-04-28,10.09,10.09,10.01,10.09,17777252
2021-04-29,10.05,10.09,9.94,9.94,28173510
2021-05-03,9.97,10.09,9.94,9.97,40321496
2021-05-04,9.97,10.09,9.64,9.86,62739194
2021-05-05,9.86,10.01,9.79,9.9,39760029
2021-05-06,9.94,10.39,9.94,10.16,80252019
2021-05-07,10.2,10.27,10.16,10.2,38154175
2021-05-10,10.2,10.46,10.2,10.46,67332517
2021-05-11,10.39,10.46,10.09,10.24,53845272
2021-05-12,10.16,10.2,9.34,9.75,109170909
2021-05-13,9.6,9.94,9.53,9.71,64384492
2021-05-14,9.79,9.9,9.64,9.82,40200966
2021-05-17,9.53,9.68,9.38,9.41,54711219
2021-05-18,9.45,9.86,9.45,9.75,38742291
2021-05-19,9.71,9.82,9.68,9.75,20810692
2021-05-20,9.75,9.82,9.71,9.79,18991937
2021-05-21,9.86,10.01,9.82,9.86,26319590
2021-05-24,9.79,9.94,9.75,9.9,14278560
2021-05-25,9.94,10.05,9.9,9.94,24020679
2021-05-26,9.97,10.05,9.97,10.05,17096008
2021-05-27,9.97,10.09,9.9,10.09,69444830
2021-05-28,10.09,10.12,9.97,10.05,34118305
2021-05-31,10.05,10.12,10.05,10.12,18160557
2021-06-01,10.12,10.16,10.09,10.12,10360674
2021-06-02,10.16,10.2,10.12,10.2,17715394
2021-06-03,10.2,10.24,10.16,10.24,15426692
2021-06-04,10.2,10.24,10.16,10.24,15951770
2021-06-07,10.2,10.24,10.01,10.2,22246458
2021-06-08,10.24,10.24,10.16,10.2,12321568
2021-06-09,10.16,10.2,10.09,10.16,15323459
2021-06-10,10.12,10.2,10.05,10.2,13820134
2021-06-11,10.2,10.31,10.2,10.27,28259545
2021-06-15,10.27,10.27,10.09,10.12,31198474
2021-06-16,10.12,10.24,10.09,10.24,20751342
2021-06-17,10.12,10.16,10.09,10.16,18816784
2021-06-18,10.12,10.24,10.05,10.12,41855735
2021-06-21,10.05,10.12,10.01,10.09,26588596
2021-06-22,10.12,10.16,10.09,10.09,13184104
2021-06-23,10.16,10.24,10.12,10.16,23462125
2021-06-24,10.16,10.27,10.16,10.24,13587431
2021-06-25,10.24,10.35,10.2,10.31,26804074
2021-06-28,10.35,10.35,10.27,10.27,9171113
2021-06-29,10.27,10.27,10.24,10.27,16524500
2021-06-30,10.27,10.35,10.24,10.27,16119043
2021-07-01,10.31,10.31,10.24,10.24,20126181
2021-07-02,10.24,10.27,10.2,10.2,16655414
2021-07-05,10.2,10.27,10.2,10.27,15841003
2021-07-06,10.27,10.35,10.24,10.31,22585400
2021-07-07,10.27,10.35,10.27,10.31,25158282
2021-07-08,10.31,10.42,10.31,10.42,30128278
2021-07-09,10.39,10.5,10.35,10.42,42968663
2021-07-12,10.5,10.61,10.42,10.46,46311484
2021-07-13,10.53,10.68,10.5,10.53,62350409
2021-07-14,10.57,10.65,10.53,10.57,39064167
2021-07-15,10.57,10.65,10.57,10.65,31895174
2021-07-16,10.65,10.76,10.57,10.72,46758809
2021-07-19,10.72,10.83,10.68,10.8,41101662
2021-07-20,10.72,10.72,10.5,10.61,45044621
2021-07-21,10.68,10.68,10.5,10.61,28146496
2021-07-22,10.65,10.68,10.61,10.68,16733560
2021-07-23,10.72,10.72,10.65,10.65,13799727
2021-07-26,10.68,10.72,10.65,10.68,21304532
2021-07-27,10.68,10.72,10.53,10.57,30171562
2021-07-28,10.53,10.57,10.42,10.53,42963798
2021-07-29,10.53,10.65,10.53,10.61,32468248
2021-07-30,10.57,10.65,10.39,10.5,62002522
2021-08-02,10.53,10.61,10.5,10.61,26257692
2021-08-03,10.61,10.61,10.5,10.57,24871007
2021-08-04,10.61,10.68,10.57,10.61,34996018
2021-08-05,10.61,10.68,10.57,10.65,37311815
2021-08-06,10.65,10.68,10.57,10.61,32908483
2021-08-09,10.65,10.68,10.57,10.61,40445680
2021-08-10,10.65,10.65,10.57,10.61,50118924
2021-08-11,10.61,10.68,10.57,10.61,94739878
2021-08-12,10.53,10.57,10.37,10.45,120644549
2021-08-13,10.45,10.53,10.37,10.49,25825860
2021-08-16,10.49,10.49,10.41,10.45,28446988
2021-08-17,10.45,10.45,10.45,10.45,0
2021-08-18,10.57,10.73,10.53,10.73,34098700
2021-08-19,10.73,10.77,10.65,10.73,32638282
2021-08-20,10.77,10.77,10.61,10.69,22157315
2021-08-23,10.77,10.77,10.57,10.61,28033031
2021-08-24,10.61,10.69,10.53,10.69,17713635
2021-08-25,10.69,10.73,10.65,10.73,9932909
2021-08-26,10.73,10.81,10.65,10.77,19475181
2021-08-27,10.77,11.08,10.77,11.04,43090270
2021-08-30,11.04,11.2,11.0,11.2,30066287
2021-08-31,11.2,11.2,11.04,11.2,27979992
2021-09-01,11.08,11.16,11.0,11.0,27934023
2021-09-02,11.0,11.08,10.84,11.0,26816004
2021-09-03,11.0,11.12,10.96,11.08,25221619
2021-09-06,11.08,11.12,11.0,11.04,9971850
2021-09-07,11.0,11.04,10.96,11.0,8096305
2021-09-08,11.0,11.08,10.96,11.04,23912368
2021-09-09,11.0,11.04,10.92,11.0,19497783
2021-09-10,11.0,11.08,10.96,11.04,11619712
2021-09-13,11.0,11.08,11.0,11.08,16231930
2021-09-14,11.08,11.12,11.0,11.04,23453745
2021-09-15,11.04,11.08,10.96,11.04,18060348
2021-09-16,11.04,11.12,11.0,11.08,19115098
2021-09-17,11.08,11.08,10.96,10.96,45653355
2021-09-22,10.88,10.92,10.81,10.88,30889498
2021-09-23,10.96,11.0,10.88,10.88,18567907
2021-09-24,10.96,11.0,10.92,10.96,10739297
2021-09-27,10.96,11.0,10.92,11.0,14344955
2021-09-28,10.96,10.96,10.88,10.88,15929796
2021-09-29,10.84,10.92,10.84,10.92,20921057
2021-09-30,10.88,10.92,10.84,10.92,14245511
2021-10-01,10.88,10.92,10.73,10.77,27098326
2021-10-04,10.81,10.84,10.73,10.81,13539254
2021-10-05,10.77,10.84,10.73,10.84,18515837
2021-10-06,10.84,10.92,10.77,10.92,23207202
2021-10-07,10.92,10.96,10.88,10.92,14531016
2021-10-08,10.96,10.96,10.84,10.84,12635887
2021-10-12,10.77,10.88,10.73,10.88,19746091
2021-10-13,10.88,10.92,10.84,10.92,12358080
2021-10-14,10.96,10.96,10.84,10.84,8246076
2021-10-15,10.88,10.92,10.84,10.88,12822491
2021-10-18,10.92,11.0,10.88,10.92,17697337
2021-10-19,10.96,11.0,10.92,11.0,16884804
2021-10-20,11.0,11.04,10.92,10.96,12546901
2021-10-21,11.0,11.08,10.96,11.0,30241011
2021-10-22,11.0,11.08,10.96,11.04,13035213
2021-10-25,11.0,11.08,10.96,11.08,11219640
2021-10-26,11.08,11.16,11.04,11.12,19035972
2021-10-27,11.08,11.16,11.08,11.16,12131726
2021-10-28,11.16,11.16,11.08,11.12,11299947
2021-10-29,11.12,11.16,11.04,11.12,19201159
2021-11-01,11.16,11.16,11.08,11.12,16714543
2021-11-02,11.12,11.16,11.08,11.12,14554410
2021-11-03,11.12,11.16,11.08,11.16,8639381
2021-11-04,11.16,11.16,11.08,11.12,11556873
2021-11-05,11.08,11.16,11.0,11.12,20226939
2021-11-08,11.08,11.16,11.08,11.16,10075110
2021-11-09,11.12,11.16,11.08,11.12,12562102
2021-11-10,11.16,11.16,11.12,11.16,14482404
2021-11-11,11.12,11.28,11.12,11.28,24752125
2021-11-12,11.28,11.47,11.24,11.43,34701432
2021-11-15,11.43,11.67,11.43,11.55,28422396
2021-11-16,11.55,11.59,11.47,11.59,17775549
2021-11-17,11.59,11.83,11.55,11.79,32433798
2021-11-18,11.87,12.02,11.83,11.95,35394019
2021-11-19,11.98,11.98,11.83,11.87,22099655
2021-11-22,11.87,12.02,11.83,11.95,21678933
2021-11-23,11.95,12.14,11.87,12.02,30217720
2021-11-24,12.1,12.3,12.1,12.18,28523104
2021-11-25,12.22,12.22,12.1,12.18,17820069
2021-11-26,12.18,12.18,11.87,11.91,28828392
2021-11-29,11.75,11.91,11.71,11.79,21646732
2021-11-30,11.79,12.02,11.71,12.02,64039217
2021-12-01,11.87,11.91,11.79,11.91,20438774
2021-12-02,11.91,11.91,11.79,11.91,13900137
2021-12-03,11.95,12.06,11.91,11.95,19105981
2021-12-06,11.91,12.06,11.87,12.06,13584343
2021-12-07,12.1,12.18,11.87,12.18,18434586
2021-12-08,12.22,12.26,12.18,12.22,18254988
2021-12-09,12.26,12.34,12.18,12.34,15876127
2021-12-10,12.34,12.61,12.3,12.53,32284839
2021-12-13,12.57,12.65,12.42,12.46,23265242
2021-12-14,12.38,12.42,12.22,12.3,18352963
2021-12-15,12.3,12.57,12.26,12.46,25096431
2021-12-16,12.46,12.5,12.34,12.38,18217470
2021-12-17,12.38,12.53,12.34,12.5,20994963
2021-12-20,12.38,12.46,12.3,12.38,14105786
2021-12-21,12.38,12.53,12.34,12.5,13820942
2021-12-22,12.53,12.53,12.42,12.46,12417028
2021-12-23,12.53,12.57,12.46,12.57,12929865
2021-12-24,12.53,12.57,12.53,12.53,7460422
2021-12-27,12.53,12.53,12.5,12.53,5909994
2021-12-28,12.53,12.61,12.5,12.61,13246183
2021-12-29,12.61,12.77,12.57,12.77,16430239
2021-12-30,12.77,12.81,12.65,12.69,16018875
2022-01-03,12.77,12.81,12.61,12.65,15133991
2022-01-04,12.69,12.73,12.61,12.73,15068656
2022-01-05,12.65,12.81,12.65,12.81,17793954
2022-01-06,12.81,12.97,12.73,12.97,21583371
2022-01-07,13.01,13.2,12.97,13.01,24303074
2022-01-10,13.05,13.08,12.77,12.85,28914987
2022-01-11,12.85,13.01,12.73,13.01,44371594
2022-01-12,12.93,13.01,12.77,12.93,41030900
2022-01-13,12.93,13.16,12.89,13.12,37281837
2022-01-14,13.12,13.24,13.01,13.12,30985768
2022-01-17,13.2,13.2,13.05,13.12,15322554
2022-01-18,13.2,13.52,13.16,13.44,35262354
2022-01-19,13.36,13.48,13.28,13.32,34354574
2022-01-20,13.28,13.32,13.12,13.16,21410105
2022-01-21,13.05,13.08,12.89,12.97,29100779
2022-01-24,12.85,13.05,12.61,13.01,21345363
2022-01-25,12.73,12.89,12.73,12.89,25572855
2022-01-26,12.85,12.97,12.77,12.93,16116302
2022-02-07,12.93,13.4,12.93,13.4,35545384
2022-02-08,13.4,13.71,13.36,13.63,33710322
2022-02-09,13.67,13.75,13.6,13.75,25570448
2022-02-10,13.75,13.79,13.52,13.71,16171063
2022-02-11,13.56,13.75,13.56,13.63,13006040
2022-02-14,13.56,13.71,13.48,13.67,23562091
2022-02-15,13.63,13.67,13.52,13.56,14005878
2022-02-16,13.67,13.75,13.6,13.67,14005234
2022-02-17,13.71,13.79,13.63,13.67,17106712
2022-02-18,13.63,13.75,13.6,13.67,11897015
2022-02-21,13.71,13.79,13.63,13.79,12991325
2022-02-22,13.67,13.71,13.48,13.67,25324346
2022-02-23,13.63,13.75,13.6,13.71,16746695
2022-02-24,13.63,13.63,13.36,13.52,40519301
2022-02-25,13.48,13.56,13.28,13.44,45393273
2022-03-01,13.28,13.6,13.28,13.52,24845480
2022-03-02,13.48,13.67,13.44,13.67,21881850
2022-03-03,13.67,13.75,13.6,13.75,13430342
2022-03-04,13.63,13.63,13.4,13.44,26003881
2022-03-07,13.24,13.28,12.97,13.2,40170870
2022-03-08,13.05,13.16,12.81,12.89,48139856
2022-03-09,12.93,13.08,12.89,12.89,29080037
2022-03-10,13.08,13.36,13.05,13.28,19669570
2022-03-11,13.28,13.44,13.2,13.28,12161974
2022-03-14,13.28,13.44,13.28,13.36,14721415
2022-03-15,13.36,13.4,13.24,13.36,14035779
2022-03-16,13.36,13.44,13.28,13.44,19907907
2022-03-17,13.63,13.75,13.48,13.67,30964374
2022-03-18,13.71,13.91,13.6,13.6,45396592
2022-03-21,13.67,13.75,13.56,13.63,18111950
2022-03-22,13.63,13.71,13.56,13.71,18808558
2022-03-23,13.75,13.99,13.71,13.95,26500783
2022-03-24,13.91,13.95,13.83,13.95,23071838
2022-03-25,13.95,13.95,13.67,13.75,22346927
2022-03-28,13.63,13.83,13.56,13.79,17613557
2022-03-29,13.75,13.79,13.6,13.6,27065802
2022-03-30,13.79,14.54,13.75,14.42,90323869
2022-03-31,14.38,14.7,14.26,14.46,46006402
2022-04-01,14.38,14.73,14.34,14.7,27445992
2022-04-06,14.62,15.01,14.62,15.01,35322416
2022-04-07,14.93,15.21,14.62,14.66,66646950
2022-04-08,14.77,14.97,14.58,14.97,29905526
2022-04-11,14.93,15.09,14.77,14.93,32963726
2022-04-12,14.93,14.93,14.77,14.81,21999419
2022-04-13,14.93,15.05,14.73,14.97,23060747
2022-04-14,14.93,14.93,14.54,14.54,29637768
2022-04-15,14.5,14.7,14.38,14.54,18735059
2022-04-18,14.34,14.38,14.07,14.22,28310598
2022-04-19,14.3,14.54,14.26,14.42,28420536
2022-04-20,14.42,14.46,14.26,14.34,20203709
2022-04-21,14.42,14.42,14.3,14.34,17053498
2022-04-22,14.22,14.62,14.18,14.62,22246688
2022-04-25,14.34,14.46,14.18,14.34,26125854
2022-04-26,14.38,14.62,14.34,14.58,18957268
2022-04-27,14.42,14.42,14.15,14.26,20235694
2022-04-28,14.26,14.3,14.07,14.26,23725849
2022-04-29,14.26,14.38,14.26,14.34,10744566
2022-05-03,14.3,14.38,14.22,14.3,11961676
2022-05-04,14.3,14.46,14.3,14.38,13477334
2022-05-05,14.46,14.54,14.15,14.18,16245307
2022-05-06,13.95,14.03,13.87,13.95,24659331
2022-05-09,13.6,13.83,13.44,13.52,34691949
2022-05-10,13.4,13.83,13.32,13.75,29169917
2022-05-11,13.63,13.75,13.56,13.63,19815950
2022-05-12,13.48,13.56,13.16,13.2,26992794
2022-05-13,13.2,13.36,13.12,13.32,21055776
2022-05-16,13.2,13.36,13.01,13.24,27542431
2022-05-17,13.28,13.56,13.12,13.4,32187493
2022-05-18,13.36,13.79,13.36,13.75,27810854
2022-05-19,13.6,13.6,13.4,13.48,27034074
2022-05-20,13.56,13.83,13.4,13.75,40209013
2022-05-23,13.79,13.83,13.44,13.75,41778456
2022-05-24,13.67,13.91,13.56,13.67,19923773
2022-05-25,13.6,13.67,13.48,13.67,26790845
2022-05-26,13.71,13.71,13.48,13.6,18827123
2022-05-27,13.67,13.95,13.63,13.91,34563529
2022-05-30,14.03,14.07,13.79,13.99,28575902
2022-05-31,13.91,14.26,13.63,14.26,58221108
2022-06-01,14.11,14.15,13.95,13.95,21016325
2022-06-02,13.87,13.99,13.75,13.91,17041585
2022-06-06,13.91,13.95,13.63,13.83,19111988
2022-06-07,13.83,13.91,13.67,13.79,15606194
2022-06-08,13.87,13.91,13.79,13.83,10541861
2022-06-09,13.71,13.75,13.67,13.67,11770615
2022-06-10,13.4,13.63,13.4,13.52,14173374
2022-06-13,13.32,13.4,13.2,13.32,23758466
2022-06-14,13.24,13.52,13.24,13.4,12844991
2022-06-15,13.28,13.6,13.28,13.48,15837160
2022-06-16,13.67,13.75,13.4,13.44,18534973
2022-06-17,13.28,13.36,13.12,13.16,34124598
2022-06-20,13.16,13.36,12.81,12.89,28290852
2022-06-21,13.05,13.44,13.01,13.32,27069563
2022-06-22,13.36,13.48,13.16,13.24,14634952
2022-06-23,13.44,13.52,13.24,13.36,20056087
2022-06-24,13.56,13.6,13.4,13.48,16772480
2022-06-27,13.6,13.6,13.4,13.44,19440680
2022-06-28,13.44,13.48,13.32,13.4,15005291
2022-06-29,13.32,13.52,13.28,13.36,19645574
2022-06-30,13.36,13.4,13.08,13.2,23376428
2022-07-01,13.2,13.24,12.93,13.08,24121557
2022-07-04,13.08,13.36,13.01,13.05,20460403
2022-07-05,13.32,13.32,13.05,13.24,15536185
2022-07-06,13.24,13.24,12.89,12.93,18394660
2022-07-07,12.93,12.97,12.73,12.81,18275962
2022-07-08,12.93,13.2,12.89,13.05,18392410
2022-07-11,12.97,13.01,12.69,12.69,13745296
2022-07-12,12.57,12.57,12.22,12.3,24180827
2022-07-13,12.53,12.65,12.34,12.46,22298148
2022-07-14,12.38,12.42,12.22,12.3,17385794
2022-07-15,12.26,12.26,11.95,11.98,20873318
2022-07-18,12.02,12.42,11.98,12.42,38499609
2022-07-19,12.34,12.61,12.3,12.57,40103065
2022-07-20,12.69,12.73,12.42,12.5,33078144
2022-07-21,12.5,12.57,12.46,12.57,23773588
2022-07-22,12.57,12.77,12.5,12.73,27456204
2022-07-25,12.73,12.93,12.65,12.89,10000002
2022-07-26,12.81,12.97,12.73,12.85,12748077
2022-07-27,12.81,12.97,12.77,12.97,12391574
2022-07-28,13.01,13.12,12.97,13.08,17436136
2022-07-29,13.2,13.28,13.01,13.28,33613838
2022-08-01,13.24,13.28,13.08,13.2,15798011
2022-08-02,13.05,13.24,12.97,13.24,21937892
2022-08-03,13.16,13.2,13.05,13.2,18765974
2022-08-04,13.2,13.24,13.08,13.2,16936578
2022-08-05,13.28,13.48,13.2,13.44,33943352
2022-08-08,13.48,13.63,13.4,13.63,34763752
2022-08-09,13.67,13.95,13.6,13.91,75069155
2022-08-10,14.18,14.26,14.01,14.06,30845480
2022-08-11,14.26,14.35,14.14,14.31,25670200
2022-08-12,14.39,14.39,14.14,14.31,14331886
2022-08-15,14.39,14.39,14.22,14.26,12842424
2022-08-16,14.26,14.39,14.18,14.35,17116557
2022-08-17,14.31,14.43,14.26,14.43,14873799
2022-08-18,14.35,14.39,14.22,14.35,11333909
2022-08-19,14.26,14.39,14.18,14.39,15400532
2022-08-22,14.22,14.39,14.18,14.35,4438584
2022-08-23,14.26,14.35,14.22,14.35,12430326
2022-08-24,14.31,14.35,14.18,14.22,13106933
2022-08-25,14.22,14.47,14.22,14.47,10857758
2022-08-26,14.47,14.55,14.43,14.51,8339712
2022-08-29,14.22,14.43,14.22,14.31,14923932
2022-08-30,14.26,14.43,14.22,14.35,15733773
2022-08-31,14.26,14.47,14.26,14.43,22748017
2022-09-01,14.26,14.47,14.22,14.35,19958116
2022-09-02,14.31,14.39,14.22,14.26,13701860
2022-09-05,14.39,14.76,14.39,14.68,31345746
2022-09-06,14.68,14.85,14.64,14.72,24907860
2022-09-07,14.6,14.72,14.43,14.51,28208052
2022-09-08,14.72,14.97,14.55,14.93,34989409
2022-09-12,15.05,15.22,14.93,15.22,26012005
2022-09-13,15.26,15.3,15.01,15.14,23570925
2022-09-14,14.85,15.14,14.85,14.97,18285832
2022-09-15,15.01,15.22,14.93,15.14,21107788
2022-09-16,15.05,15.59,15.05,15.34,159686899
2022-09-19,15.14,15.18,14.64,14.76,43468010
2022-09-20,14.8,14.85,14.51,14.64,29189433
2022-09-21,14.55,14.8,14.55,14.64,23660905
2022-09-22,14.43,14.51,14.22,14.31,30430502
2022-09-23,14.31,14.55,14.26,14.47,13147978
2022-09-26,14.26,14.39,14.18,14.26,23429271
2022-09-27,14.43,14.51,14.14,14.31,18599414
2022-09-28,14.39,14.43,13.93,14.06,20082465
2022-09-29,14.22,14.31,14.1,14.26,29184188
2022-09-30,14.22,14.43,14.14,14.39,29334299
2022-10-03,14.22,14.31,14.01,14.01,19621404
2022-10-04,14.14,14.22,13.97,14.1,17999516
2022-10-05,14.14,14.22,14.06,14.1,15365071
2022-10-06,14.14,14.35,14.06,14.26,16676918
2022-10-07,14.14,14.18,14.06,14.1,9845842
2022-10-11,14.01,14.18,13.89,14.01,24014228
2022-10-12,14.1,14.35,14.01,14.22,16144938
2022-10-13,14.18,14.26,13.85,13.93,25879131
2022-10-14,14.01,14.1,13.81,13.81,20572341
2022-10-17,13.72,13.81,13.6,13.72,18038106
2022-10-18,13.89,13.97,13.72,13.89,12547977
2022-10-19,13.89,13.93,13.47,13.72,27481256
2022-10-20,13.43,13.64,12.97,13.39,54535469
2022-10-21,13.35,13.56,13.27,13.43,14281156
2022-10-24,13.39,13.39,12.97,13.14,35459540
2022-10-25,13.14,13.18,12.77,13.06,39826982
2022-10-26,13.18,13.39,13.1,13.35,25923555
2022-10-27,13.43,13.56,13.31,13.35,24447747
2022-10-28,13.39,13.47,13.22,13.31,17911122
2022-10-31,13.56,13.56,13.31,13.39,26041230
2022-11-01,13.43,13.64,13.39,13.56,21756399
2022-11-02,13.56,13.6,13.31,13.39,20212759
2022-11-03,13.35,13.35,13.14,13.35,23545660
2022-11-04,13.27,13.51,13.18,13.51,32284839
2022-11-07,13.56,13.6,13.39,13.56,18149541
2022-11-08,13.6,13.72,13.51,13.72,27451597
2022-11-09,13.81,13.85,13.6,13.76,22492526
2022-11-10,13.76,13.76,13.56,13.68,13141488
2022-11-11,13.81,14.01,13.81,13.97,35833551
2022-11-14,14.06,14.22,13.97,14.18,39382286
2022-11-15,14.06,14.22,13.97,14.14,22711244
2022-11-16,14.06,14.22,13.97,14.06,27851879
2022-11-17,14.06,14.06,13.93,14.06,10061970
2022-11-18,13.97,14.18,13.97,14.1,21284095
2022-11-21,14.14,14.14,13.93,14.01,14495963
2022-11-22,14.1,14.26,13.97,14.26,29995955
2022-11-23,14.31,14.39,14.22,14.35,29614509
2022-11-24,14.43,14.43,14.22,14.39,22943080
2022-11-25,14.39,14.55,14.31,14.55,37848740
2022-11-28,14.39,14.6,14.26,14.55,39828736
2022-11-29,14.6,14.76,14.43,14.76,35407645
2022-11-30,14.68,15.14,14.55,15.14,114375144
2022-12-01,15.1,15.1,14.72,14.93,37555261
2022-12-02,14.8,14.89,14.72,14.85,31502695
2022-12-05,14.8,14.97,14.76,14.93,32616643
2022-12-06,14.89,14.97,14.72,14.85,20640638
2022-12-07,14.93,15.01,14.8,14.89,28895296
2022-12-08,14.89,14.93,14.68,14.93,20491479
2022-12-09,14.8,14.89,14.68,14.76,22376271
2022-12-12,14.8,14.89,14.6,14.8,24302577
2022-12-13,14.76,14.85,14.47,14.47,43693592
2022-12-14,14.51,14.72,14.47,14.64,25384705
2022-12-15,14.55,14.64,14.39,14.51,26073878
2022-12-16,14.26,14.47,14.06,14.06,120311835
2022-12-19,13.93,14.1,13.72,13.89,106254018
2022-12-20,13.89,13.97,13.68,13.81,81115986
2022-12-21,13.81,13.89,13.64,13.81,77491969
2022-12-22,13.85,14.6,13.72,14.6,75933780
2022-12-23,14.01,14.06,13.81,13.89,29516241
2022-12-26,13.93,13.97,13.85,13.97,6876904
2022-12-27,13.97,14.01,13.89,13.97,9681694
2022-12-28,13.93,14.01,13.89,13.93,11230224
2022-12-29,13.81,14.01,13.76,13.89,17366516
2022-12-30,13.97,14.1,13.89,13.93,15844268
2023-01-03,13.93,13.93,13.72,13.81,18534071
2023-01-04,13.81,13.93,13.76,13.89,11506069
2023-01-05,13.93,14.06,13.89,14.01,9395656
2023-01-06,14.06,14.14,13.97,14.1,10120276
2023-01-09,14.26,14.39,14.14,14.39,20581391
2023-01-10,14.39,14.47,14.31,14.47,19403304
2023-01-11,14.47,14.64,14.35,14.43,21740407
2023-01-12,14.43,14.47,14.35,14.35,15984818
2023-01-13,14.39,14.47,14.35,14.39,12421053
2023-01-16,14.47,14.6,14.39,14.47,16140010
2023-01-17,14.47,14.76,14.43,14.76,30967804
2023-01-30,14.8,14.89,14.6,14.89,44161594
2023-01-31,14.8,14.8,14.39,14.39,40351652
2023-02-01,14.43,14.47,14.26,14.39,26554706
2023-02-02,14.39,14.51,14.31,14.43,21654858
2023-02-03,14.39,14.55,14.35,14.51,18491806
2023-02-06,14.43,14.55,14.35,14.43,22936734
2023-02-07,14.49,14.57,14.44,14.53,14052713
2023-02-08,14.53,14.53,14.36,14.4,16450984
2023-02-09,14.36,14.44,14.32,14.4,12620943
2023-02-10,14.32,14.49,14.28,14.4,17621957
2023-02-13,14.4,14.61,14.32,14.57,20133072
2023-02-14,14.57,14.61,14.44,14.53,12186141
2023-02-15,14.49,14.49,14.4,14.4,10780308
2023-02-16,14.4,14.57,14.36,14.49,18023169
2023-02-17,14.49,14.57,14.44,14.57,11205357
2023-02-20,14.49,14.57,14.49,14.53,11908255
2023-02-21,14.49,14.53,14.4,14.49,11016996
2023-02-22,14.36,14.49,14.32,14.4,22653174
2023-02-23,14.44,14.53,14.44,14.53,12828789
2023-02-24,14.44,14.49,14.36,14.4,33385711
2023-03-01,14.53,14.53,14.28,14.4,25918408
2023-03-02,14.4,14.4,14.28,14.28,13750807
2023-03-03,14.32,14.36,14.28,14.28,11001066
2023-03-06,14.32,14.36,14.28,14.28,11576811
2023-03-07,14.32,14.4,14.28,14.36,15883893
2023-03-08,14.36,14.4,14.32,14.4,15896850
2023-03-09,14.32,14.32,14.19,14.24,26079546
2023-03-10,14.19,14.24,14.11,14.11,23310377
2023-03-13,14.03,14.15,13.9,14.07,20483698
2023-03-14,13.94,13.98,13.86,13.86,28160118
2023-03-15,13.9,14.03,13.82,13.86,22186985
2023-03-16,13.82,13.82,13.61,13.65,32367351
2023-03-17,13.65,13.82,13.61,13.61,28444928
2023-03-20,13.4,13.44,13.23,13.36,42064227
2023-03-21,13.4,13.57,13.36,13.48,20061297
2023-03-22,13.61,13.77,13.57,13.73,20479711
2023-03-23,13.69,13.77,13.61,13.73,22873451
2023-03-24,13.73,13.82,13.65,13.73,18343301
2023-03-27,13.86,13.98,13.86,13.86,22767160
2023-03-28,13.9,14.03,13.86,13.9,17371851
2023-03-29,13.9,14.03,13.9,14.03,12352945
2023-03-30,14.03,14.07,13.82,13.86,25511333
2023-03-31,13.9,14.03,13.86,13.9,24347895
2023-04-06,13.9,13.94,13.82,13.86,22320517
2023-04-07,13.86,13.94,13.86,13.9,8904334
2023-04-10,13.9,13.98,13.9,13.94,9158039
2023-04-11,13.9,13.98,13.86,13.9,23199836
2023-04-12,13.9,13.98,13.86,13.9,15308729
2023-04-13,13.98,14.07,13.94,14.07,21740137
2023-04-14,14.07,14.15,14.03,14.15,11503549
2023-04-17,14.15,14.19,14.03,14.07,14897335
2023-04-18,14.07,14.11,13.98,14.07,15387897
2023-04-19,14.07,14.11,13.98,14.07,12091705
2023-04-20,14.03,14.03,13.9,13.94,15921746
2023-04-21,13.9,13.98,13.9,13.98,10678889
2023-04-24,13.94,13.98,13.9,13.98,6250890
2023-04-25,13.98,14.03,13.94,13.94,18752841
2023-04-26,13.9,13.98,13.9,13.94,19652413
2023-04-27,13.98,14.07,13.94,14.03,14356501
2023-04-28,14.03,14.15,13.98,13.98,30006065
2023-05-02,14.03,14.15,14.03,14.11,19769373
2023-05-03,14.11,14.19,14.07,14.15,15260510
2023-05-04,14.15,14.28,14.11,14.24,21152777
2023-05-05,14.28,14.32,14.24,14.28,13430951
2023-05-08,14.32,14.44,14.28,14.4,22241111
2023-05-09,14.4,14.49,14.36,14.49,15106361
2023-05-10,14.49,14.49,14.4,14.49,12230791
2023-05-11,14.4,14.44,14.24,14.32,20947322
2023-05-12,14.28,14.28,14.07,14.15,29000682
2023-05-15,14.07,14.24,14.07,14.15,17639475
2023-05-16,14.28,14.32,14.24,14.32,12241691
2023-05-17,14.28,14.49,14.28,14.4,26676769
2023-05-18,14.4,14.49,14.36,14.4,20438812
2023-05-19,14.49,14.49,14.4,14.44,22927041
2023-05-22,14.44,14.61,14.44,14.57,22753631
2023-05-23,14.57,14.61,14.53,14.61,15410180
2023-05-24,14.57,14.57,14.4,14.53,17982956
2023-05-25,14.49,14.53,14.36,14.36,16758375
2023-05-26,14.32,14.4,14.24,14.32,24335138
2023-05-29,14.36,14.44,14.36,14.36,15320888
2023-05-30,14.36,14.49,14.36,14.36,21081872
2023-05-31,14.4,14.49,14.32,14.49,101190206
2023-06-01,14.44,14.49,14.36,14.36,15870660
2023-06-02,14.4,14.44,14.36,14.36,12640583
2023-06-05,14.4,14.57,14.4,14.49,13086406
2023-06-06,14.49,14.61,14.49,14.53,12820822
2023-06-07,14.53,14.61,14.53,14.61,13721258
2023-06-08,14.61,14.61,14.53,14.53,10636483
2023-06-09,14.61,14.65,14.57,14.57,15041007
2023-06-12,14.57,14.65,14.57,14.57,9655338
2023-06-13,14.61,14.61,14.53,14.57,19546099
2023-06-14,14.61,14.65,14.57,14.61,16051071
2023-06-15,14.61,14.65,14.57,14.65,15415329
2023-06-16,14.65,14.7,14.44,14.44,40983417
2023-06-19,14.44,14.53,14.4,14.44,20559640
2023-06-20,14.49,14.53,14.4,14.49,26151912
2023-06-21,14.49,14.53,14.4,14.44,21658256
2023-06-26,14.4,14.61,14.36,14.53,26664710
2023-06-27,14.49,14.53,14.4,14.44,16421517
2023-06-28,14.44,14.53,14.4,14.49,11699924
2023-06-29,14.57,14.61,14.49,14.53,14949738
2023-06-30,14.49,14.61,14.49,14.53,21105602
2023-07-03,14.57,14.61,14.53,14.61,9250394
2023-07-04,14.57,14.82,14.57,14.82,27633915
2023-07-05,14.78,14.86,14.7,14.78,16678092
2023-07-06,14.65,14.7,14.4,14.53,27978406
2023-07-07,14.4,14.44,14.28,14.36,22448241
2023-07-10,14.53,14.65,14.44,14.53,14991169
2023-07-11,14.65,14.7,14.57,14.65,20048422
2023-07-12,14.61,14.74,14.61,14.74,16065863
2023-07-13,14.74,14.82,14.7,14.74,14787022
2023-07-14,14.78,14.91,14.74,14.86,19751436
2023-07-17,14.82,15.11,14.82,15.03,25485320
2023-07-18,15.07,15.2,14.99,15.11,42629932
2023-07-19,15.16,15.16,14.95,15.07,32673659
2023-07-20,15.03,15.2,14.95,15.16,34705772
2023-07-21,15.11,15.24,15.07,15.16,42894715
2023-07-24,15.11,15.16,15.03,15.07,34725840
2023-07-25,15.07,15.16,15.07,15.11,14855685
2023-07-26,15.16,15.41,15.11,15.41,23288110
2023-07-27,15.45,15.57,15.41,15.49,20472702
2023-07-28,15.49,15.57,15.45,15.53,17814004
2023-07-31,15.57,15.7,15.57,15.62,30116484
2023-08-01,15.66,15.78,15.62,15.74,22851734
2023-08-02,15.74,15.74,15.49,15.53,34244278
2023-08-04,15.7,15.7,15.53,15.66,32120854
2023-08-07,15.66,15.74,15.62,15.74,36323898
2023-08-08,15.74,15.78,15.57,15.66,46777395
2023-08-09,15.72,15.94,15.63,15.76,42670518
2023-08-10,15.76,15.85,15.67,15.85,17158097
2023-08-11,15.85,15.94,15.81,15.89,11772388
2023-08-14,15.72,15.76,15.36,15.45,29147928
2023-08-15,15.41,15.45,15.23,15.23,16452213
2023-08-16,15.14,15.19,15.01,15.06,26066274
2023-08-17,14.92,15.06,14.83,14.97,16687701
2023-08-18,15.01,15.23,14.97,15.1,16788957
2023-08-21,15.19,15.32,15.14,15.23,11701577
2023-08-22,15.19,15.23,15.06,15.19,10744153
2023-08-23,15.1,15.23,15.1,15.19,10168532
2023-08-24,15.19,15.28,15.14,15.23,12138194
2023-08-25,15.19,15.19,15.1,15.1,9553545
2023-08-28,15.1,15.32,15.06,15.32,7130990
2023-08-29,15.32,15.36,15.14,15.28,8388105
2023-08-30,15.32,15.41,15.28,15.41,8656878
2023-08-31,15.41,15.41,15.1,15.1,33106760
2023-09-01,15.14,15.32,15.1,15.23,10399625
2023-09-04,15.23,15.36,15.19,15.36,5738723
2023-09-05,15.32,15.36,15.23,15.32,6955641
2023-09-06,15.28,15.28,15.14,15.14,14322982
2023-09-07,15.14,15.23,15.1,15.23,8102381
2023-09-08,15.19,15.32,15.14,15.32,7324665
2023-09-11,15.36,15.41,15.19,15.41,13831050
2023-09-12,15.41,15.45,15.32,15.45,13268002
2023-09-13,15.5,15.54,15.32,15.45,17316926
2023-09-14,15.5,15.63,15.45,15.63,23372338
2023-09-15,15.63,15.63,15.41,15.59,39053667
2023-09-18,15.45,15.5,15.36,15.5,11612193
2023-09-19,15.5,15.63,15.45,15.54,9692037
2023-09-20,15.54,15.63,15.54,15.54,8593948
2023-09-21,15.54,15.54,15.19,15.23,21904249
2023-09-22,15.23,15.32,15.19,15.28,5727916
2023-09-25,15.32,15.41,15.32,15.41,4119830
2023-09-26,15.36,15.41,15.28,15.32,9743196
2023-09-27,15.28,15.41,15.23,15.36,8420807
2023-09-28,15.36,15.41,15.28,15.36,8089419
2023-10-02,15.41,15.41,15.32,15.32,9440324
2023-10-03,15.28,15.32,15.23,15.28,8905074
2023-10-04,15.23,15.28,15.1,15.14,20785689
2023-10-05,15.19,15.41,15.19,15.32,15124590
2023-10-06,15.36,15.63,15.32,15.63,22938710
2023-10-11,15.89,16.16,15.81,16.11,47507584
2023-10-12,16.16,16.29,15.98,16.29,28227537
2023-10-13,16.16,16.34,16.11,16.34,19304886
2023-10-16,16.25,16.34,16.16,16.25,15418580
2023-10-17,16.34,16.42,16.29,16.42,19570746
2023-10-18,16.42,16.42,16.25,16.34,24689956
2023-10-19,16.2,16.38,16.11,16.25,24280438
2023-10-20,16.03,16.16,15.76,16.07,34561855
2023-10-23,15.94,16.11,15.94,16.03,18319317
2023-10-24,16.03,16.07,15.89,16.03,11119396
2023-10-25,16.07,16.11,15.89,15.94,9188654
2023-10-26,15.76,15.94,15.72,15.76,14707065
2023-10-27,15.76,15.89,15.72,15.85,11720224
2023-10-30,15.85,15.85,15.54,15.63,18866749
2023-10-31,15.63,15.81,15.63,15.76,14461325
2023-11-01,15.81,16.03,15.72,15.89,12069235
2023-11-02,15.98,16.11,15.94,16.03,9925223
2023-11-03,16.11,16.25,16.07,16.25,11475372
2023-11-06,16.34,16.38,16.2,16.29,18749382
2023-11-07,16.25,16.29,16.11,16.2,10154493
2023-11-08,16.25,16.34,16.16,16.25,9934949
2023-11-09,16.25,16.29,16.16,16.29,9179988
2023-11-10,16.16,16.34,16.16,16.29,8786084
2023-11-13,16.34,16.34,16.2,16.34,9963375
2023-11-14,16.42,16.51,16.38,16.47,17441993
2023-11-15,16.6,16.64,16.51,16.51,22167060
2023-11-16,16.6,16.69,16.51,16.69,17430675
2023-11-17,16.69,16.73,16.6,16.64,13610356
2023-11-20,16.64,16.64,16.42,16.56,9572924
2023-11-21,16.6,16.78,16.56,16.73,25564337
2023-11-22,16.73,16.73,16.6,16.64,11263899
2023-11-23,16.64,16.69,16.51,16.64,11719381
2023-11-24,16.64,16.73,16.64,16.64,11542475
2023-11-27,16.64,16.87,16.6,16.6,14705073
2023-11-28,16.78,16.87,16.64,16.64,22288595
2023-11-29,16.78,16.78,16.6,16.6,19196377
2023-11-30,16.64,16.82,16.64,16.69,44222180
2023-12-01,16.69,16.78,16.64,16.73,10762029
2023-12-04,16.73,16.87,16.69,16.87,14750664
2023-12-05,16.73,16.91,16.69,16.91,11470188
2023-12-06,16.91,17.09,16.91,17.09,19105973
2023-12-07,17.04,17.09,16.78,16.82,11951257
2023-12-08,17.04,17.04,16.91,17.0,11113350
2023-12-11,17.0,17.31,16.87,17.26,19449631
2023-12-12,17.31,17.44,17.17,17.44,24803297
2023-12-13,17.35,17.48,17.31,17.48,19320019
2023-12-14,17.57,17.66,17.4,17.66,23665385
2023-12-15,17.66,17.7,17.53,17.66,39909217
2023-12-18,17.66,17.7,17.4,17.44,32642999
2023-12-19,17.4,17.4,17.13,17.22,36980808
2023-12-20,17.26,17.35,17.13,17.17,37714050
2023-12-21,17.09,17.22,16.95,17.04,31574625
2023-12-22,17.0,17.17,17.0,17.04,26127228
2023-12-25,17.04,17.22,17.04,17.17,3927088
2023-12-26,17.22,17.31,17.13,17.13,9176653
2023-12-27,17.13,17.48,17.13,17.48,16478119
2023-12-28,17.44,17.57,17.35,17.4,14721977
2023-12-29,17.35,17.53,17.35,17.4,15879142
2024-01-02,17.4,17.44,17.09,17.09,25430440
2024-01-03,17.09,17.22,17.0,17.04,26470025
2024-01-04,17.04,17.22,17.04,17.13,11230995
2024-01-05,17.13,17.22,17.09,17.22,11530412
2024-01-08,17.26,17.48,17.13,17.13,19889844
2024-01-09,17.22,17.22,17.09,17.13,15348278
2024-01-10,17.22,17.22,17.0,17.04,13692228
2024-01-11,17.0,17.17,17.0,17.09,14481851
2024-01-12,16.95,17.0,16.82,16.91,16367331
2024-01-15,16.95,17.0,16.87,16.87,13014336
2024-01-16,16.78,16.82,16.51,16.6,32137836
2024-01-17,16.51,16.56,16.42,16.42,31751185
2024-01-18,16.51,16.69,16.42,16.64,13803675
2024-01-19,16.6,16.82,16.56,16.73,16380318
2024-01-22,16.78,16.87,16.69,16.73,11891222
2024-01-23,16.78,16.82,16.6,16.69,10864329
2024-01-24,16.69,16.78,16.69,16.69,6621572
2024-01-25,16.78,16.87,16.69,16.73,8409945
2024-01-26,16.73,16.95,16.73,16.91,7425100
2024-01-29,16.91,17.04,16.91,17.0,10165857
2024-01-30,17.0,17.0,16.82,16.82,11588701
2024-01-31,16.82,16.95,16.82,16.95,13888405
2024-02-01,17.04,17.04,16.87,17.0,15447727
2024-02-02,17.0,17.09,16.87,17.09,10490125
2024-02-05,16.82,17.04,16.82,16.87,13042108
2024-02-15,16.95,17.22,16.95,17.13,18363833
2024-02-16,17.17,17.31,17.13,17.31,14071578
2024-02-19,17.4,17.53,17.35,17.53,17254790
2024-02-20,17.48,17.62,17.4,17.57,14895296
2024-02-21,17.57,17.57,17.4,17.57,18695663
2024-02-22,17.57,17.62,17.44,17.62,12500679
2024-02-23,17.53,17.66,17.48,17.53,14282188
2024-02-26,17.53,17.57,17.4,17.48,11690167
2024-02-27,17.44,17.66,17.44,17.53,16578703
2024-02-29,17.57,17.75,17.48,17.75,26692181
2024-03-01,17.7,17.7,17.57,17.62,8197571
2024-03-04,17.53,17.66,17.53,17.66,10825990
2024-03-05,17.57,17.75,17.57,17.66,13569332
2024-03-06,17.66,17.79,17.62,17.7,10526955
2024-03-07,17.62,17.75,17.62,17.75,13593518
2024-03-08,17.7,17.93,17.7,17.93,17289965
2024-03-11,17.93,18.1,17.84,17.88,13276673
2024-03-12,17.93,17.97,17.75,17.93,10676339
2024-03-13,17.84,18.28,17.84,18.28,19512585
2024-03-14,18.32,18.59,18.28,18.59,25068717
2024-03-15,18.54,18.85,18.45,18.85,38890738
2024-03-18,18.9,18.94,18.37,18.5,21308214
2024-03-19,18.32,18.5,18.23,18.37,17642811
2024-03-20,18.37,18.45,18.23,18.23,17485122
2024-03-21,18.28,18.72,18.23,18.68,19379539
2024-03-22,18.54,18.85,18.54,18.68,18328253
2024-03-25,18.68,18.76,18.54,18.68,10727476
2024-03-26,18.41,19.25,18.37,19.12,42767286
2024-03-27,19.12,19.12,18.94,18.98,12059004
2024-03-28,18.98,19.16,18.9,18.98,14880930
2024-03-29,19.03,19.16,18.9,19.07,8320882
2024-04-01,19.25,19.25,18.9,18.98,12334492
2024-04-02,18.94,18.98,18.72,18.85,12132929
2024-04-03,18.76,18.81,18.54,18.54,17304681
2024-04-08,18.59,19.16,18.59,18.85,25498745
2024-04-09,18.85,19.07,18.81,18.98,18030644
2024-04-10,19.16,19.6,19.07,19.16,30958537
2024-04-11,19.43,19.47,19.25,19.38,18912937
2024-04-12,19.21,19.47,19.21,19.29,19232842
2024-04-15,19.29,19.51,19.16,19.25,20791276
2024-04-16,19.16,19.34,18.68,18.76,27332928
2024-04-17,18.81,19.16,18.72,19.03,23406950
2024-04-18,18.9,19.25,18.85,19.12,20376259
2024-04-19,18.81,19.21,18.54,18.72,37244189
2024-04-22,19.03,19.25,18.85,19.16,22111406
2024-04-23,19.29,19.51,19.16,19.25,19298072
2024-04-24,19.38,19.38,18.76,18.94,33880005
2024-04-25,18.81,18.98,18.76,18.85,16324490
2024-04-26,18.76,19.12,18.76,18.81,12559130
2024-04-29,19.12,19.6,18.98,19.38,33613074
2024-04-30,19.43,19.56,19.38,19.38,20057698
2024-05-02,19.34,19.65,19.34,19.56,21361376
2024-05-03,19.65,19.74,19.38,19.47,13553845
2024-05-06,19.56,20.09,19.43,20.09,25495923
2024-05-07,20.13,20.22,19.91,20.09,21142494
2024-05-08,20.09,20.13,19.91,20.04,10852037
2024-05-09,19.96,20.09,19.6,19.74,22805884
2024-05-10,19.82,20.27,19.78,20.27,24704948
2024-05-13,20.18,20.4,20.09,20.35,14146452
2024-05-14,20.13,20.13,19.78,19.82,17773475
2024-05-15,20.04,20.27,19.87,19.91,23899763
2024-05-16,20.13,20.27,20.04,20.22,17602733
2024-05-17,20.0,20.62,19.96,20.44,57374546
2024-05-20,20.75,21.19,20.4,21.06,78247537
2024-05-21,20.84,20.84,20.04,20.31,61784472
2024-05-22,20.4,20.53,20.04,20.04,47830134
2024-05-23,19.91,20.27,19.87,20.09,55888153
2024-05-24,20.09,20.49,19.96,20.35,29704800
2024-05-27,20.18,20.75,20.13,20.75,41675937
2024-05-28,20.66,20.84,20.53,20.62,25581228
2024-05-29,20.53,20.53,20.09,20.09,37436619
2024-05-30,19.96,20.22,19.87,20.09,35247538
2024-05-31,20.09,20.49,20.04,20.35,65372701
2024-06-03,20.44,20.53,20.22,20.53,29713473
2024-06-04,20.27,20.49,20.18,20.4,29347072
2024-06-05,20.22,20.49,20.22,20.35,17532703
2024-06-06,20.22,20.66,20.22,20.62,16883289
2024-06-07,20.62,20.84,20.57,20.75,13790329
2024-06-11,20.53,21.1,20.4,20.84,24199302
2024-06-12,20.84,21.02,20.79,20.88,16462062
2024-06-13,20.93,21.32,20.88,21.19,23531211
2024-06-14,21.19,21.28,21.06,21.28,14914504
2024-06-17,21.28,21.28,21.06,21.24,7583924
2024-06-18,21.24,21.85,21.24,21.81,29485923
2024-06-19,21.77,22.03,21.68,21.9,18210926
2024-06-20,21.99,22.21,21.77,22.21,16158572
2024-06-21,22.12,22.52,21.99,22.52,35414142
2024-06-24,22.52,22.52,22.16,22.43,19810230
2024-06-25,22.56,22.87,22.43,22.87,23913909
2024-06-26,22.91,22.91,22.3,22.47,20062730
2024-06-27,22.16,22.38,22.08,22.3,22898331
2024-06-28,22.47,22.74,22.38,22.43,13409739
2024-07-01,22.43,23.0,22.38,22.74,12794837
2024-07-02,22.56,23.09,22.52,23.05,18795749
2024-07-03,23.05,23.31,22.91,23.31,13593636
2024-07-04,23.36,23.62,23.31,23.49,13372245
2024-07-05,23.49,23.58,23.27,23.31,8105129
2024-07-08,23.31,23.58,23.09,23.58,14693172
2024-07-09,23.58,23.58,23.31,23.49,8090915
2024-07-10,23.49,23.58,23.18,23.31,13326411
2024-07-11,23.27,23.66,23.13,23.44,11700492
2024-07-12,23.44,24.19,23.4,23.93,20284078
2024-07-15,23.97,24.19,23.84,24.06,16904267
2024-07-16,24.11,24.15,23.66,23.8,15270980
2024-07-17,23.8,23.8,23.31,23.66,23754104
2024-07-18,23.66,23.84,23.18,23.75,25342519
2024-07-19,23.58,23.62,23.0,23.49,28248402
2024-07-22,23.53,23.53,22.83,23.22,25656594
2024-07-23,23.36,23.53,23.05,23.53,27427661
2024-07-26,22.96,23.36,22.78,23.0,35282418
2024-07-29,23.36,23.53,22.91,23.09,26701202
2024-07-30,23.22,23.22,22.43,23.18,34761541
2024-07-31,22.83,23.53,22.83,23.49,25256132
2024-08-01,23.53,23.66,23.36,23.58,17207357
2024-08-02,23.05,23.58,22.87,23.31,27413272
2024-08-05,22.69,22.74,21.15,21.72,53221368
2024-08-06,21.72,22.43,21.06,22.16,32567978
2024-08-07,21.99,22.61,21.94,22.61,21841086
2024-08-08,22.08,22.65,22.08,22.38,19502276
2024-08-09,22.47,23.36,22.47,23.09,32596457
2024-08-12,23.36,23.58,23.22,23.53,15678020
2024-08-13,23.71,23.71,23.4,23.62,21256074
2024-08-14,23.71,24.02,23.66,23.8,21585415
2024-08-15,24.02,24.02,23.4,23.4,14470175
2024-08-16,23.58,23.84,23.36,23.8,28066409
2024-08-19,23.75,23.8,23.49,23.49,17767865
2024-08-20,23.62,23.84,23.49,23.84,25392377
2024-08-21,23.84,24.02,23.58,23.58,25906810
2024-08-22,23.25,23.44,22.83,22.88,60228301
2024-08-23,22.88,23.3,22.79,22.83,24835094
2024-08-26,22.93,22.97,22.74,22.74,22233936
2024-08-27,22.74,22.93,22.6,22.74,13429565
2024-08-28,22.74,22.74,22.37,22.41,20601527
2024-08-29,22.27,22.37,22.09,22.13,23318873
2024-08-30,22.27,22.46,22.13,22.37,21630085
2024-09-02,22.41,22.55,22.23,22.23,6556246
2024-09-03,22.18,22.32,22.09,22.09,7437897
2024-09-04,21.25,21.76,21.2,21.43,24256651
2024-09-05,21.67,22.04,21.62,21.76,15149216
2024-09-06,21.62,22.04,21.57,21.9,7865329
2024-09-09,21.25,21.85,21.25,21.71,15529763
2024-09-10,21.81,22.13,21.76,21.99,11647463
2024-09-11,21.99,22.37,21.9,21.9,13122758
2024-09-12,22.18,22.27,21.76,22.09,12005965
2024-09-13,21.95,22.18,21.76,21.76,11333675
2024-09-16,21.76,21.99,21.71,21.85,7421635
2024-09-18,21.9,22.18,21.9,22.04,9080443
2024-09-19,21.99,22.32,21.9,22.23,8388439
2024-09-20,22.27,22.6,22.27,22.6,33764133
2024-09-23,22.6,22.79,22.55,22.74,18740160
2024-09-24,22.65,22.79,22.27,22.55,29993482
2024-09-25,22.74,22.74,22.18,22.37,32728415
2024-09-26,22.55,22.65,22.37,22.6,21469108
2024-09-27,22.69,22.69,22.32,22.37,17303186
2024-09-30,22.6,22.88,22.41,22.6,24125030
2024-10-01,22.6,22.69,22.32,22.32,12338796
2024-10-04,22.23,22.37,21.99,22.04,26101960
2024-10-07,22.27,22.65,22.18,22.65,21948154
2024-10-08,22.41,22.55,22.27,22.32,22085939
2024-10-09,22.32,22.37,21.99,21.99,20308699
2024-10-11,21.95,21.99,21.81,21.85,19510642
2024-10-14,21.99,22.23,21.99,22.23,11551315
2024-10-15,22.23,22.32,22.09,22.23,18838316
2024-10-16,21.95,22.18,21.95,21.99,23116011
2024-10-17,21.9,21.99,21.81,21.95,16358923
2024-10-18,22.04,22.46,21.99,22.37,25168430
2024-10-21,22.46,22.46,21.9,22.04,20977267
2024-10-22,21.9,22.09,21.81,22.04,17918282
2024-10-23,21.99,22.04,21.76,21.76,15874940
2024-10-24,21.62,21.85,21.57,21.71,11570467
2024-10-25,21.71,21.9,21.62,21.76,14626221
2024-10-28,21.76,21.85,21.53,21.57,13516096
2024-10-29,21.53,21.62,21.34,21.48,21320175
2024-10-30,21.67,21.67,21.25,21.43,22888252
2024-11-01,20.5,21.34,20.5,21.2,36539729
2024-11-04,21.06,21.48,21.06,21.39,21924944
2024-11-05,21.34,21.43,21.11,21.39,21471634
2024-11-06,21.34,21.39,21.15,21.15,12674100
2024-11-07,21.01,21.43,21.01,21.2,13275319
2024-11-08,21.43,21.48,21.2,21.2,12450830
2024-11-11,21.2,21.62,21.11,21.43,15232961
2024-11-12,21.15,21.62,21.15,21.43,30433558
2024-11-13,21.25,21.39,21.11,21.29,27329068
2024-11-14,21.2,21.43,21.06,21.15,29656413
2024-11-15,21.25,22.23,21.25,22.13,43968694
2024-11-18,22.09,22.23,21.71,21.76,28456174
2024-11-19,21.81,21.81,21.34,21.57,35830664
2024-11-20,21.43,21.71,21.43,21.53,29693277
2024-11-21,21.34,21.34,21.06,21.15,36727820
2024-11-22,21.25,21.43,21.06,21.15,29305581
2024-11-25,21.34,21.95,21.2,21.95,53382806
2024-11-26,21.57,21.62,21.34,21.43,27328517
2024-11-27,21.57,21.9,21.48,21.53,30916182
2024-11-28,21.62,21.95,21.57,21.95,21216008
2024-11-29,21.67,21.95,21.48,21.67,20159546
2024-12-02,21.76,22.51,21.71,22.37,35932332
2024-12-03,22.46,22.79,22.32,22.74,25785938
2024-12-04,22.65,22.74,22.46,22.6,19746599
2024-12-05,22.65,22.83,22.51,22.65,15975377
2024-12-06,22.6,22.79,22.51,22.79,13665257
2024-12-09,22.65,22.74,22.27,22.46,27340556
2024-12-10,22.46,22.6,22.13,22.18,26989829
2024-12-11,22.37,22.37,22.04,22.04,15313126
2024-12-12,22.09,22.23,22.04,22.13,20042153
2024-12-13,22.09,22.13,21.9,21.99,13725276
2024-12-16,21.99,22.09,21.71,21.71,23727013
2024-12-17,21.71,21.9,21.48,21.62,32684538
2024-12-18,21.62,21.76,21.53,21.71,21168716
2024-12-19,21.34,21.62,21.34,21.57,23144896
2024-12-20,21.39,21.53,21.29,21.43,51251457
2024-12-23,21.57,21.81,21.39,21.81,34286610
2024-12-24,21.81,22.04,21.67,22.04,31057379
2024-12-25,21.99,22.04,21.62,21.9,27216489
2024-12-26,21.85,22.09,21.67,22.09,26694562
2024-12-27,21.99,21.99,21.85,21.99,6354013
2024-12-30,22.27,22.46,21.57,21.57,32644594
2024-12-31,21.53,21.57,21.29,21.34,19944095
2025-01-02,21.29,21.34,21.15,21.25,17802174
2025-01-03,21.43,21.53,21.25,21.25,10899268
2025-01-06,21.43,21.62,21.39,21.48,16353676
2025-01-07,21.53,21.62,21.39,21.43,13525952
2025-01-08,21.43,21.43,21.29,21.34,15637068
2025-01-09,21.34,21.57,21.29,21.29,16285990
2025-01-10,21.2,21.29,21.06,21.11,24657303
2025-01-13,21.06,21.25,20.78,21.11,26345763
2025-01-14,21.11,21.29,21.06,21.15,14418494
2025-01-15,21.15,21.43,21.11,21.25,14366790
2025-01-16,21.39,21.48,21.25,21.34,18430273
2025-01-17,21.43,21.48,21.25,21.29,14018077
2025-01-20,21.34,21.39,21.11,21.11,11395597
2025-01-21,21.11,21.34,21.06,21.2,14659260
2025-01-22,21.29,21.39,21.15,21.15,17606597
2025-02-03,21.06,21.39,21.06,21.2,23854069
2025-02-04,21.34,21.39,20.87,20.87,24446339
2025-02-05,21.11,21.29,20.87,20.97,16528147
2025-02-06,21.01,21.2,20.87,21.15,14675489
2025-02-07,21.29,21.29,20.92,20.92,16552109
2025-02-10,21.25,21.25,20.87,21.15,30229141
2025-02-11,21.15,21.15,20.97,20.97,23784281
2025-02-12,20.97,21.06,20.87,20.87,20520626
2025-02-13,20.87,21.11,20.87,21.06,18234606
2025-02-14,21.01,21.06,20.87,20.92,19747582
2025-02-17,21.11,21.43,21.06,21.34,26984806
2025-02-18,21.43,21.53,21.29,21.48,22791127
2025-02-19,21.53,21.57,21.25,21.29,26609967
2025-02-20,21.29,21.43,21.25,21.29,15968018
2025-02-21,21.29,21.43,21.29,21.43,14300466
2025-02-24,21.29,21.39,21.15,21.29,23207943
2025-02-25,21.15,21.25,21.11,21.11,18288044
2025-02-26,21.11,21.29,21.11,21.2,20638230
2025-02-27,21.2,21.29,21.15,21.2,46713897
2025-03-03,21.2,21.53,21.15,21.48,29602513
2025-03-04,21.29,21.53,21.29,21.34,32850157
2025-03-05,21.29,21.34,21.11,21.11,34278401
2025-03-06,21.25,21.29,21.06,21.06,24167568
2025-03-07,21.06,21.15,20.83,20.87,36452805
2025-03-10,21.11,21.11,20.87,20.87,29955069
2025-03-11,20.74,20.92,20.41,20.69,53310020
2025-03-12,20.74,21.01,20.64,20.64,27847027
2025-03-13,20.78,20.78,20.5,20.5,19515106
2025-03-14,20.83,20.87,20.6,20.64,25426674
2025-03-17,20.78,20.92,20.69,20.74,23659274
2025-03-18,20.78,21.06,20.74,20.78,22351314
2025-03-19,20.83,20.92,20.69,20.69,18247536
2025-03-20,20.83,20.87,20.64,20.74,18395237
2025-03-21,20.74,20.87,20.6,20.6,47912037
2025-03-24,21.2,21.53,21.11,21.2,63423723
2025-03-25,21.34,21.39,21.06,21.06,29893975
2025-03-26,21.06,21.2,21.01,21.01,24403977
2025-03-27,20.97,21.06,20.83,21.01,31001812
2025-03-28,20.97,21.01,20.74,20.83,30194578
2025-03-31,20.5,20.87,20.5,20.74,46713878
2025-04-01,20.74,20.92,20.69,20.78,15639792
2025-04-02,20.78,21.06,20.78,21.01,18413079
2025-04-07,18.92,18.92,18.92,18.92,20889939
2025-04-08,18.92,19.76,18.5,18.87,106377160
2025-04-09,18.78,19.24,17.71,17.8,92565887
2025-04-10,19.52,19.57,19.15,19.57,36321826
2025-04-11,19.2,19.71,19.06,19.34,53147590
2025-04-14,19.57,19.85,19.29,19.52,37787937
2025-04-15,19.57,19.71,19.52,19.62,23089027
2025-04-16,19.57,19.62,19.29,19.38,24595335
2025-04-17,19.57,19.57,19.24,19.43,18790656
2025-04-18,19.43,19.52,19.34,19.52,15029104
2025-04-21,19.48,19.48,19.24,19.38,19437221
2025-04-22,19.2,19.2,18.92,19.01,27126996
2025-04-23,19.1,19.34,19.1,19.34,22513164
2025-04-24,19.24,19.29,19.06,19.1,19165911
2025-04-25,19.29,19.48,19.2,19.34,22694553
2025-04-28,19.43,19.48,19.29,19.38,13552957
2025-04-29,19.43,19.9,19.43,19.8,24972921
2025-04-30,19.85,20.04,19.71,19.85,29934493
2025-05-02,19.85,20.13,19.76,20.13,20877610
2025-05-05,20.13,20.13,19.62,19.94,30421736
2025-05-06,20.13,20.55,19.99,20.55,37654998
2025-05-07,20.64,20.97,20.46,20.87,32327608
2025-05-08,20.97,21.34,20.87,21.06,45683771
2025-05-09,21.2,21.71,21.11,21.62,62129114
2025-05-12,21.71,21.81,21.48,21.57,30020423
2025-05-13,21.53,21.62,21.34,21.43,24934521
2025-05-14,21.62,21.71,21.39,21.43,28348050
2025-05-15,21.48,21.62,21.34,21.34,30650102
2025-05-16,21.34,21.71,21.34,21.53,42613742
2025-05-19,21.48,21.71,21.25,21.25,51393766
2025-05-20,21.43,21.76,21.39,21.39,63464017
2025-05-21,21.57,21.71,21.43,21.53,45917472
2025-05-22,21.43,21.71,21.43,21.48,67272542
2025-05-23,21.48,21.99,21.43,21.85,82791258
2025-05-26,21.95,21.99,21.53,21.81,68300424
2025-05-27,21.9,22.04,21.39,21.81,146045675
2025-05-28,21.71,21.9,21.01,21.48,143044913
2025-05-29,21.53,21.53,21.01,21.39,192427815
2025-06-02,21.2,21.29,20.6,21.15,148338806
2025-06-03,21.06,21.34,20.92,21.34,154433323
2025-06-04,21.39,21.57,21.11,21.39,126021422
2025-06-05,21.43,21.76,21.43,21.67,59679453
2025-06-06,21.53,21.57,21.29,21.39,41632862
2025-06-09,21.57,22.46,21.57,22.46,119646581
2025-06-10,22.27,22.55,22.23,22.46,51260657
2025-06-11,22.46,22.51,22.09,22.37,37274463
2025-06-12,22.32,22.41,22.23,22.27,22271300
2025-06-13,22.18,22.55,22.13,22.55,39635241
2025-06-16,22.37,22.79,22.37,22.74,23418032
2025-06-17,22.74,23.06,22.74,22.88,23069325
2025-06-18,22.88,23.06,22.74,22.88,22554548
2025-06-19,22.88,22.88,22.6,22.74,24383391
2025-06-20,22.74,22.83,22.37,22.37,113028458
2025-06-23,22.13,22.46,22.13,22.46,38953847
2025-06-24,22.69,22.74,22.51,22.69,32652017
2025-06-25,22.69,22.74,22.51,22.69,29269165
2025-06-26,22.69,22.79,22.41,22.65,41332861
2025-06-27,22.69,22.74,22.46,22.65,31175228
2025-06-30,22.65,22.79,22.55,22.55,27002135
2025-07-01,22.6,23.06,22.6,23.02,46120533
2025-07-02,23.02,23.11,22.83,22.88,17369003
2025-07-03,22.88,22.97,22.83,22.83,16336824
2025-07-04,22.88,22.97,22.79,22.93,16104946
2025-07-07,22.88,22.93,22.74,22.88,17092671
2025-07-08,22.97,23.11,22.88,23.02,17672488
2025-07-09,23.02,23.11,22.83,22.97,23392226
2025-07-10,22.97,23.2,22.88,23.2,26032314
2025-07-11,23.2,23.62,23.2,23.44,35701399
2025-07-14,23.48,23.86,23.48,23.72,26586972
2025-07-15,23.67,23.9,23.58,23.81,27766710
2025-07-16,23.81,23.95,23.67,23.9,32050886
2025-07-17,23.9,24.04,23.81,23.81,28429631
2025-07-18,23.9,23.95,23.67,23.86,27730786
2025-07-21,23.86,24.0,23.76,23.86,25412621
2025-07-22,23.81,23.9,23.67,23.81,28241955
2025-07-23,23.86,24.04,23.81,23.86,19857062
2025-07-24,23.9,24.0,23.62,23.76,21536669
2025-07-25,23.67,23.76,23.53,23.67,17547647
2025-07-28,23.72,23.86,23.58,23.62,22335662
2025-07-29,23.62,23.67,23.02,23.06,43824427
2025-07-30,23.16,23.34,23.11,23.25,15617777
2025-07-31,23.11,23.3,23.02,23.06,17593588
2025-08-04,23.3,23.86,23.25,23.86,24319983
2025-08-05,23.81,24.04,23.72,24.04,23158393
2025-08-06,24.04,24.51,24.0,24.37,30164679
2025-08-07,24.51,24.56,24.23,24.37,21719127
2025-08-08,24.42,24.7,24.32,24.37,23006031
2025-08-11,24.37,24.51,24.32,24.32,13638112
2025-08-12,24.32,24.46,24.28,24.37,14844523
2025-08-13,24.42,24.56,24.37,24.42,19430089
2025-08-14,24.46,24.6,24.42,24.56,19950649
2025-08-15,24.56,24.65,24.37,24.37,30180340
2025-08-18,24.28,24.32,24.04,24.23,41915767
2025-08-19,24.23,24.28,24.09,24.18,49226741
2025-08-20,24.23,24.28,24.04,24.09,61429409
2025-08-21,24.2,24.55,23.9,24.1,100573025
2025-08-22,24.05,24.2,23.8,23.8,38630859
2025-08-25,24.0,24.0,23.55,23.6,33990075
2025-08-26,23.5,23.55,23.15,23.3,88477263
2025-08-27,23.35,23.9,23.35,23.7,31062790
2025-08-28,23.75,23.85,23.55,23.6,21975411
2025-08-29,23.7,23.7,23.35,23.4,29739697
2025-09-01,23.4,23.75,23.35,23.65,25542421
2025-09-02,23.65,24.05,23.6,24.05,28580871
2025-09-03,24.2,24.2,23.95,24.1,23832044
2025-09-04,24.1,24.4,24.0,24.4,28291430
2025-09-05,24.4,24.45,24.2,24.3,18088319
2025-09-08,24.5,24.8,24.45,24.75,31686465
2025-09-09,24.85,25.1,24.8,25.1,32463216
2025-09-10,25.2,25.25,25.0,25.2,27740513
2025-09-11,25.15,25.45,25.0,25.0,40483709
2025-09-12,25.15,25.3,25.05,25.2,34926797
2025-09-15,25.05,25.2,24.9,24.95,27514563
2025-09-16,25.0,25.1,24.8,24.85,22909733
2025-09-17,24.85,24.85,24.45,24.45,107554633
2025-09-18,24.75,24.85,24.45,24.8,35016917
2025-09-19,24.9,24.9,24.45,24.45,47387983
2025-09-22,24.5,24.7,24.5,24.55,29595521
2025-09-23,24.6,24.75,24.45,24.7,27924400
2025-09-24,24.7,25.0,24.7,24.8,29567936
2025-09-25,24.95,24.95,24.5,24.5,33919152
2025-09-26,24.5,24.6,24.35,24.45,19431034
2025-09-30,24.9,25.0,24.6,25.0,44920431
2025-10-01,25.1,25.1,24.85,25.05,23951408
2025-10-02,25.1,25.9,25.05,25.75,56002541
2025-10-03,25.55,25.7,25.3,25.35,32539178
2025-10-07,25.25,25.8,25.1,25.65,41358105
2025-10-08,25.65,26.0,25.6,26.0,33586700
2025-10-09,26.25,26.45,26.05,26.3,30895619
2025-10-13,25.95,26.15,25.65,26.15,35134006
2025-10-14,26.05,26.5,26.05,26.25,40661776
2025-10-15,26.25,26.45,26.1,26.45,30632033
2025-10-16,26.4,26.45,25.85,25.95,34206430
2025-10-17,26.05,26.25,25.9,26.1,22848776
2025-10-20,26.25,26.25,25.85,26.05,14162212
2025-10-21,26.25,26.25,25.95,26.1,14196180
2025-10-22,26.0,26.2,26.0,26.1,19709732
2025-10-23,26.0,26.1,25.9,26.1,16091441
2025-10-27,26.25,26.45,25.85,26.45,40189335
2025-10-28,26.5,26.5,25.9,25.9,21609590
2025-10-29,26.1,26.1,25.9,26.0,11993948
2025-10-30,26.0,26.1,25.7,25.9,28702071
2025-10-31,25.95,25.95,25.55,25.65,24626200
2025-11-03,25.6,26.4,25.6,26.4,41979082
2025-11-04,26.5,26.75,26.3,26.45,22805074
2025-11-05,26.4,26.5,26.05,26.5,25203942
2025-11-06,26.5,26.55,26.3,26.45,20559195
2025-11-07,26.4,26.7,26.3,26.6,20823914
2025-11-10,26.65,26.65,26.35,26.45,20287700
2025-11-11,26.65,26.9,26.5,26.9,36028144
2025-11-12,26.95,27.0,26.85,26.95,17951762
2025-11-13,27.0,27.0,26.8,26.8,9649251
2025-11-14,26.85,27.0,26.5,26.85,14767794
2025-11-17,26.85,26.9,26.5,26.55,18890882
2025-11-18,26.45,26.65,26.25,26.4,27920453
2025-11-19,26.45,26.6,26.2,26.45,26219812
2025-11-20,26.6,27.15,26.55,27.05,37913099
2025-11-21,26.9,27.0,26.6,26.7,34484239
2025-11-24,26.7,27.15,26.55,27.15,74104738
2025-11-25,27.2,27.2,26.65,26.95,30161299
2025-11-26,27.1,27.3,26.9,27.3,27248181
2025-11-27,27.1,27.3,27.0,27.25,14601333
2025-11-28,27.2,27.3,26.9,26.95,18609348
2025-12-01,26.95,27.1,26.85,26.9,12975861
2025-12-02,27.1,27.5,26.95,27.5,25678809
2025-12-03,27.35,27.5,27.2,27.25,17179332
2025-12-04,27.35,27.35,27.15,27.35,13718412
2025-12-05,27.35,27.5,27.3,27.5,12246576
2025-12-08,27.5,27.6,27.15,27.4,28815583
2025-12-09,27.3,27.5,27.3,27.45,14711966
2025-12-10,27.45,27.55,27.3,27.45,17095012
2025-12-11,27.35,27.5,27.2,27.4,21934418
2025-12-12,27.45,27.65,27.4,27.6,23164490
2025-12-15,27.55,27.95,27.45,27.75,30955752
2025-12-16,27.5,28.15,27.5,28.05,34669817
2025-12-17,28.2,29.3,28.2,28.9,65758613
2025-12-18,29.05,29.2,28.7,28.85,37232086
2025-12-19,28.85,29.4,28.75,29.1,52452409
2025-12-22,29.1,29.4,28.9,29.3,43555925
2025-12-23,29.25,29.3,28.75,29.05,31546467
2025-12-24,28.95,29.1,28.7,28.85,28162084
2025-12-26,28.85,29.0,28.65,28.95,20075381
2025-12-29,28.95,28.95,28.8,28.9,11052620
2025-12-30,28.65,28.9,28.65,28.8,13719196
2025-12-31,28.75,28.9,28.55,28.6,15676348
2026-01-02,28.6,28.9,28.6,28.8,11642703
2026-01-05,28.55,29.15,28.55,28.8,19375414
2026-01-06,28.8,29.1,28.8,29.0,13928488
2026-01-07,29.0,29.0,28.8,28.95,19639932
2026-01-08,28.85,29.2,28.8,29.2,15354250
2026-01-09,29.2,29.45,29.0,29.2,18730178
2026-01-12,29.0,29.15,28.65,28.75,20055163
2026-01-13,28.8,28.9,28.6,28.7,15948302
2026-01-14,28.9,29.0,28.65,28.65,16904810
2026-01-15,28.75,29.0,28.65,29.0,28063542
2026-01-16,29.0,29.4,28.85,29.3,24789355
2026-01-19,29.2,29.8,29.05,29.35,22130789
2026-01-20,29.2,29.4,29.1,29.1,17796407
2026-01-21,29.05,29.2,28.9,28.9,16840800
2026-01-22,29.2,29.3,29.0,29.0,19704495
2026-01-23,29.1,29.2,28.8,29.0,13802721
2026-01-26,29.0,29.3,28.8,29.3,17227771
2026-01-27,29.3,29.35,29.1,29.1,15583999
2026-01-28,29.3,29.3,28.8,28.95,17817084
2026-01-29,28.95,29.2,28.7,29.15,16759123
2026-01-30,29.1,29.1,28.4,28.6,32575585
2026-02-02,28.45,28.8,28.15,28.6,19282527
2026-02-03,28.8,29.2,28.8,28.8,22722005
2026-02-04,28.8,29.4,28.8,29.3,25187086
2026-02-05,29.0,29.45,29.0,29.4,19360023
2026-02-06,29.3,29.5,29.0,29.5,18896987
2026-02-09,29.8,30.2,29.7,30.0,38164270
2026-02-10,30.5,30.8,30.25,30.35,25661192
2026-02-11,30.65,31.25,30.55,31.1,44352581
2026-02-23,32.45,32.8,31.95,32.6,56199555
2026-02-24,32.6,32.7,32.05,32.65,31123873
2026-02-25,32.7,33.0,32.35,32.75,29787333
2026-02-26,32.55,33.45,32.45,33.2,55077082
2026-03-02,32.85,33.0,32.4,32.85,36961013
2026-03-03,32.65,33.2,32.45,33.1,21824444
2026-03-04,32.5,32.65,31.2,31.3,39332659
2026-03-05,31.8,32.1,31.3,31.65,25018288
2026-03-06,31.05,31.85,31.05,31.65,13041817
2026-03-09,30.25,31.4,30.25,31.25,33522759
2026-03-10,32.2,32.2,31.0,31.3,20375942
2026-03-11,31.3,32.2,31.3,31.75,18059379
2026-03-12,31.35,31.9,31.35,31.9,27774758
2026-03-13,31.9,32.1,31.5,31.75,16430047
2026-03-16,31.75,31.8,31.4,31.5,16518652
2026-03-17,31.5,31.85,31.45,31.7,14874112
2026-03-18,31.85,32.05,31.6,32.05,20528742
