date,open,high,low,close,volume
2007-06-21,27.57,27.57,26.76,27.16,854880
2007-06-22,27.64,27.98,27.5,27.53,2158183
2007-06-25,27.35,27.45,26.75,26.89,1383575692
2007-06-26,28.09,28.31,27.57,27.61,703807
2007-06-27,27.57,27.94,27.35,27.61,592301
2007-06-28,28.09,28.09,27.72,27.79,756563
2007-06-29,28.05,28.05,27.57,27.68,563525
2007-07-02,27.94,29.2,27.79,29.12,3124570
2007-07-03,29.64,29.64,28.75,28.75,2161780
2007-07-04,28.83,29.16,28.31,28.46,1345267
2007-07-05,28.53,28.94,28.35,28.46,871666
2007-07-06,28.6,29.31,28.6,28.83,1854839
2007-07-09,29.27,29.27,28.46,28.57,1109066
2007-07-10,28.6,28.75,28.12,28.23,906437
2007-07-11,28.09,28.2,27.72,27.86,580311
2007-07-12,27.94,28.23,27.64,27.94,1312895
2007-07-13,28.09,29.12,27.72,28.68,1933972
2007-07-16,29.05,30.67,28.83,30.67,6756314
2007-07-17,32.19,32.82,32.11,32.82,4479430
2007-07-18,35.11,35.11,35.11,35.11,2791251
2007-07-19,37.55,37.55,37.55,37.55,1664199
2007-07-20,40.13,40.13,35.59,36.14,16279900
2007-07-23,36.22,38.66,35.48,38.66,6045312
2007-07-24,41.32,41.32,38.29,39.25,10718979
2007-07-25,38.8,41.69,38.8,40.28,6405010
2007-07-26,41.76,43.09,39.03,39.17,9046387
2007-07-27,37.7,40.5,37.03,38.66,4034604
2007-07-30,38.8,39.47,37.1,37.77,2918344
2007-07-31,38.29,39.91,38.14,38.14,3538222
2007-08-01,37.33,38.8,35.48,36.07,3831975
2007-08-02,36.81,36.88,33.56,34.59,3156943
2007-08-03,35.37,35.37,32.3,32.89,2538263
2007-08-06,31.38,31.6,30.6,30.6,2607805
2007-08-07,31.04,31.26,30.75,30.78,1262537
2007-08-08,31.26,32.93,30.97,32.93,2516682
2007-08-09,34.26,34.58,33.37,34.01,3156201
2007-08-10,32.16,33.61,32.16,33.01,1221828
2007-08-13,33.37,33.77,32.57,32.57,1055112
2007-08-14,32.89,34.82,32.25,34.82,2772524
2007-08-15,34.58,35.06,32.41,32.57,1914959
2007-08-16,32.57,32.57,30.32,30.68,1482181
2007-08-17,30.72,31.92,28.63,30.24,1493600
2007-08-20,32.33,32.33,31.04,31.6,979746
2007-08-21,31.6,31.76,30.15,30.28,735381
2007-08-22,31.36,31.88,30.64,31.76,1473046
2007-08-23,32.25,33.37,32.08,32.81,1465052
2007-08-24,32.57,34.05,32.29,32.97,1104213
2007-08-27,33.77,33.77,32.41,32.49,790192
2007-08-28,32.49,32.89,31.64,31.8,586934
2007-08-29,30.96,31.6,30.96,31.28,525272
2007-08-30,32.0,32.97,31.52,31.84,755935
2007-08-31,31.84,32.81,31.84,32.08,433920
2007-09-03,32.16,32.89,32.16,32.65,557245
2007-09-04,32.97,32.97,31.84,31.84,493299
2007-09-05,32.25,33.29,32.12,32.49,1151031
2007-09-06,32.97,33.09,32.49,32.57,588076
2007-09-07,32.65,32.97,32.61,32.65,562954
2007-09-10,32.33,32.53,31.76,31.88,368832
2007-09-11,32.0,32.73,32.0,32.16,480738
2007-09-12,32.73,32.73,31.8,31.8,467035
2007-09-13,32.16,32.69,31.84,31.88,511569
2007-09-14,32.41,32.41,31.48,31.76,441913
2007-09-17,31.76,32.12,31.36,31.36,471603
2007-09-18,31.36,31.36,31.36,31.36,0
2007-09-19,31.92,31.92,29.75,30.24,632610
2007-09-20,30.24,30.8,29.83,29.83,373400
2007-09-21,30.15,30.72,29.91,30.56,312879
2007-09-26,30.72,30.96,30.56,30.72,334575
2007-09-27,30.96,31.2,30.8,31.08,288899
2007-09-28,31.16,31.76,31.08,31.6,511569
2007-10-01,31.72,31.72,31.04,31.12,437346
2007-10-02,31.44,31.44,31.04,31.12,519562
2007-10-03,31.36,31.36,30.76,30.76,279764
2007-10-04,30.76,31.2,30.76,30.96,310595
2007-10-05,31.16,31.16,30.64,30.8,327724
2007-10-08,30.8,30.96,30.24,30.28,350562
2007-10-09,30.28,30.28,29.75,29.79,397379
2007-10-11,29.79,30.15,29.75,29.91,216960
2007-10-12,29.83,29.83,29.19,29.35,481880
2007-10-15,29.35,29.35,28.67,28.79,316305
2007-10-16,28.55,29.11,28.39,28.47,368832
2007-10-17,28.47,29.11,28.47,28.95,285474
2007-10-18,28.95,29.03,28.71,28.75,307170
2007-10-19,28.75,28.75,28.39,28.55,445339
2007-10-22,27.7,27.9,27.5,27.74,360839
2007-10-23,27.58,28.79,27.58,28.55,254642
2007-10-24,28.79,28.95,28.14,28.18,192980
2007-10-25,28.18,28.71,28.18,28.47,276338
2007-10-26,28.55,28.55,28.14,28.22,163291
2007-10-29,28.95,28.95,27.98,28.22,333433
2007-10-30,28.14,28.14,27.5,27.54,316305
2007-10-31,27.54,27.74,27.34,27.46,349420
2007-11-01,27.46,27.9,27.38,27.5,274055
2007-11-02,27.9,27.9,27.34,27.38,387102
2007-11-05,27.38,27.38,26.54,26.74,469319
2007-11-06,26.78,26.86,26.54,26.7,243223
2007-11-07,26.74,27.1,26.62,26.66,251217
2007-11-08,25.73,26.05,24.93,25.01,890679
2007-11-09,25.09,25.33,23.72,24.04,810746
2007-11-12,23.72,23.72,22.56,22.68,797043
2007-11-13,22.68,23.72,22.68,23.56,462467
2007-11-14,25.17,25.21,24.36,25.21,414508
2007-11-15,25.21,25.97,24.93,25.49,284332
2007-11-16,25.09,25.53,24.81,25.13,227237
2007-11-19,25.33,25.89,25.33,25.49,310595
2007-11-20,25.09,25.73,24.93,25.65,171284
2007-11-21,25.89,25.89,25.33,25.33,163291
2007-11-22,25.17,25.41,25.01,25.01,102770
2007-11-23,25.29,25.37,24.69,24.69,202115
2007-11-26,24.81,24.93,23.56,24.36,268345
2007-11-27,23.72,24.12,23.48,23.8,224953
2007-11-28,23.76,24.12,23.76,23.8,151872
2007-11-29,24.12,24.53,23.88,23.96,148446
2007-11-30,24.04,24.69,24.04,24.53,53669
2007-12-03,24.2,24.45,24.12,24.2,85642
2007-12-04,24.2,24.73,24.16,24.61,140453
2007-12-05,24.61,24.61,24.2,24.45,86784
2007-12-06,24.53,26.13,24.53,26.13,1342869
2007-12-07,26.54,27.14,25.77,25.89,1085943
2007-12-10,25.73,25.73,24.24,24.45,323156
2007-12-11,24.69,26.13,24.65,25.17,522988
2007-12-12,24.77,25.05,24.77,24.89,170142
2007-12-13,24.93,25.01,24.12,24.12,320872
2007-12-14,24.04,24.12,23.36,24.08,340285
2007-12-17,23.32,24.12,22.92,22.92,497866
2007-12-18,21.87,22.6,21.39,21.95,1453633
2007-12-19,22.35,23.32,22.35,22.68,188412
2007-12-20,22.68,22.68,21.79,21.83,229521
2007-12-21,21.71,22.11,21.31,21.83,373400
2007-12-24,22.35,22.48,21.95,22.11,557245
2007-12-25,22.27,22.92,22.11,22.19,381393
2007-12-26,22.35,22.64,22.03,22.44,142737
2007-12-27,22.44,23.24,22.44,22.8,327724
2007-12-28,22.8,23.72,22.76,23.44,216960
2007-12-31,23.44,23.72,23.36,23.56,213534
2008-01-02,23.48,23.8,23.24,23.24,254642
2008-01-03,23.08,23.08,22.6,22.68,194122
2008-01-04,22.68,23.08,22.68,23.0,189554
2008-01-07,22.52,22.68,21.71,21.79,237514
2008-01-08,21.79,22.19,21.79,21.83,138169
2008-01-09,21.71,22.07,21.55,21.79,164433
2008-01-10,21.79,22.19,21.79,21.95,237514
2008-01-11,21.95,21.95,21.55,21.67,323156
2008-01-14,22.11,22.11,21.71,21.71,183845
2008-01-15,22.11,22.11,21.87,21.87,219244
2008-01-16,21.83,21.87,21.55,21.71,276338
2008-01-17,21.75,21.87,21.63,21.79,83358
2008-01-18,21.71,22.44,21.59,22.35,287757
2008-01-21,22.35,22.35,21.87,21.91,169000
2008-01-22,21.35,21.35,20.38,20.38,331149
2008-01-23,19.54,20.51,19.02,19.02,335717
2008-01-24,19.3,19.5,17.69,17.69,599495
2008-01-25,16.52,18.9,16.52,18.9,530981
2008-01-28,18.78,18.78,17.97,18.01,162149
2008-01-29,18.49,18.49,17.69,17.93,167858
2008-01-30,17.93,18.33,17.93,18.13,154155
2008-01-31,18.13,18.41,17.89,17.89,186129
2008-02-01,18.09,18.66,18.09,18.54,269487
2008-02-12,18.54,18.66,18.09,18.25,69655
2008-02-13,18.25,18.62,18.25,18.49,53669
2008-02-14,18.9,19.46,18.9,19.3,126750
2008-02-15,19.14,19.34,19.14,19.34,106196
2008-02-18,19.86,20.1,19.3,20.1,229521
2008-02-19,20.34,21.31,20.34,20.91,363122
2008-02-20,20.91,20.91,20.22,20.34,99344
2008-02-21,20.34,21.03,20.34,20.83,143878
2008-02-22,20.79,20.79,20.42,20.75,68513
2008-02-25,20.91,20.99,20.75,20.79,101628
2008-02-26,20.83,20.91,20.51,20.67,170142
2008-02-27,20.91,20.91,20.18,20.46,335717
2008-02-29,20.22,20.91,20.22,20.79,295751
2008-03-03,20.75,20.79,20.38,20.51,196406
2008-03-04,20.51,20.99,20.51,20.83,258068
2008-03-05,20.87,21.55,20.83,21.39,489873
2008-03-06,21.71,21.71,20.95,21.19,309453
2008-03-07,21.15,21.39,20.79,20.91,178135
2008-03-10,20.91,20.91,20.22,20.26,243223
2008-03-11,20.1,20.1,19.42,19.46,527556
2008-03-12,19.74,19.9,19.54,19.7,405373
2008-03-13,19.74,19.74,19.3,19.3,255784
2008-03-14,19.22,19.46,19.22,19.22,129034
2008-03-17,19.18,19.18,18.82,18.86,131318
2008-03-18,18.86,19.06,18.74,18.9,318589
2008-03-19,19.1,19.1,18.82,18.86,304886
2008-03-20,18.74,19.1,18.74,18.98,322014
2008-03-21,19.06,19.34,18.9,19.26,808462
2008-03-24,20.51,20.51,19.5,19.58,1133902
2008-03-25,19.94,20.3,19.7,19.98,520704
2008-03-26,20.18,20.83,20.1,20.55,459042
2008-03-27,20.51,20.83,20.3,20.34,391670
2008-03-28,20.42,20.59,20.1,20.34,158723
2008-03-31,20.34,20.55,20.1,20.14,282048
2008-04-01,20.46,20.46,20.1,20.26,102770
2008-04-02,20.26,20.42,20.18,20.42,147304
2008-04-03,20.59,20.59,20.22,20.26,147304
2008-04-07,20.26,20.51,20.26,20.3,226095
2008-04-08,20.34,20.38,20.1,20.18,132459
2008-04-09,20.3,20.38,20.14,20.26,141595
2008-04-10,20.26,20.59,20.1,20.59,285474
2008-04-11,20.59,20.67,20.26,20.38,150730
2008-04-14,20.26,20.46,20.02,20.1,246649
2008-04-15,20.06,20.38,19.98,20.02,203257
2008-04-16,20.34,20.42,20.1,20.1,270629
2008-04-17,20.26,21.51,20.22,21.51,1065389
2008-04-18,22.48,23.0,22.11,23.0,2149048
2008-04-21,23.32,23.96,22.52,22.76,1364565
2008-04-22,22.56,22.72,21.91,22.35,884969
2008-04-23,22.11,22.48,21.95,22.11,459042
2008-04-24,22.19,22.92,22.19,22.19,521846
2008-04-25,22.27,22.64,21.99,21.99,351704
2008-04-28,21.99,22.31,21.79,21.79,264919
2008-04-29,21.79,21.95,21.15,21.19,462467
2008-04-30,21.43,21.43,20.79,20.83,316305
2008-05-02,20.91,21.23,20.42,20.42,292325
2008-05-05,20.42,20.42,19.54,19.7,488731
2008-05-06,19.38,21.07,19.38,21.07,421359
2008-05-07,22.35,22.35,21.47,21.47,814172
2008-05-08,21.47,21.47,20.51,20.87,270629
2008-05-09,20.87,21.43,20.63,21.07,291183
2008-05-12,20.51,20.75,19.62,20.06,790192
2008-05-13,20.1,20.22,19.58,20.1,455616
2008-05-14,20.1,20.14,19.54,19.66,390528
2008-05-15,19.7,20.26,19.7,20.1,299176
2008-05-16,20.1,20.38,19.86,19.86,385960
2008-05-19,19.9,20.18,19.86,19.94,203257
2008-05-20,19.86,20.38,19.86,19.86,277480
2008-05-21,19.86,20.22,19.86,19.94,178135
2008-05-22,19.94,19.94,19.78,19.94,166716
2008-05-23,20.06,20.22,19.54,19.54,236372
2008-05-26,19.54,19.54,18.9,18.94,213534
2008-05-27,19.06,19.22,18.98,19.06,119899
2008-05-28,19.82,19.82,19.14,19.14,81074
2008-05-29,19.46,19.46,18.98,19.02,97061
2008-05-30,19.06,19.06,18.58,18.66,140453
2008-06-02,18.49,19.3,18.49,19.06,91351
2008-06-03,18.9,19.22,18.66,18.66,38824
2008-06-04,18.74,18.78,18.66,18.66,85642
2008-06-05,19.06,19.06,18.66,18.9,26263
2008-06-06,18.9,19.14,18.78,19.14,103912
2008-06-09,18.7,19.06,18.66,18.9,85642
2008-06-10,18.74,18.94,18.49,18.58,106196
2008-06-11,18.58,18.66,18.25,18.33,353987
2008-06-12,18.49,18.49,17.13,17.21,310595
2008-06-13,17.29,17.29,16.89,16.97,164433
2008-06-16,17.05,17.45,17.05,17.21,49101
2008-06-17,17.21,17.21,16.89,16.93,93635
2008-06-18,16.89,17.33,16.89,17.33,60520
2008-06-19,17.29,17.29,16.97,17.13,89067
2008-06-20,17.17,17.17,16.73,16.73,131318
2008-06-23,16.52,16.65,15.92,16.4,224953
2008-06-24,16.48,16.77,15.96,16.0,119899
2008-06-25,16.0,16.4,15.52,16.08,124466
2008-06-26,16.4,16.4,16.12,16.4,68513
2008-06-27,15.52,15.68,15.32,15.36,171284
2008-06-30,15.28,15.6,14.47,14.55,317447
2008-07-01,14.55,14.55,13.99,13.99,269487
2008-07-02,13.99,14.55,13.99,14.35,157581
2008-07-03,14.31,15.32,13.99,15.32,234088
2008-07-04,15.28,15.28,14.72,14.84,223811
2008-07-07,14.47,15.36,14.47,15.32,395096
2008-07-08,15.32,15.32,14.51,14.64,126750
2008-07-09,14.8,14.92,14.47,14.47,148446
2008-07-10,14.47,14.72,14.31,14.47,106196
2008-07-11,14.47,14.88,14.39,14.68,87926
2008-07-14,14.68,15.04,14.47,14.51,83358
2008-07-15,14.8,14.8,13.99,14.07,129034
2008-07-16,14.07,14.15,13.15,13.27,229521
2008-07-17,13.63,13.67,13.35,13.55,412224
2008-07-18,13.55,13.67,13.27,13.43,330008
2008-07-21,12.87,13.43,12.87,13.35,220385
2008-07-22,13.15,13.67,13.15,13.51,167858
2008-07-23,13.71,14.27,13.67,14.23,292325
2008-07-24,14.35,14.39,14.11,14.23,226095
2008-07-25,14.11,14.19,13.75,14.15,348278
2008-07-28,14.15,14.15,14.15,14.15,0
2008-07-29,14.15,15.12,14.15,15.12,1002584
2008-07-30,15.56,16.0,15.44,15.76,1523289
2008-07-31,15.72,15.81,14.83,15.14,753873
2008-08-01,15.05,15.05,14.65,14.74,290462
2008-08-04,15.76,15.76,15.76,15.76,162969
2008-08-05,16.83,16.83,16.83,16.83,529928
2008-08-06,17.98,17.98,16.87,17.58,2697314
2008-08-07,17.58,18.34,17.01,17.41,878040
2008-08-08,17.23,17.67,17.14,17.36,899104
2008-08-11,17.5,18.03,17.41,17.76,198446
2008-08-12,17.76,17.76,16.96,16.96,385805
2008-08-13,16.96,17.67,16.96,17.32,325939
2008-08-14,17.23,18.12,17.23,17.76,627488
2008-08-15,17.76,17.85,17.23,17.23,330373
2008-08-18,17.58,18.43,17.58,18.43,1238347
2008-08-19,18.07,18.83,17.63,18.65,1154091
2008-08-20,18.47,18.69,18.03,18.25,435694
2008-08-21,18.29,18.61,17.9,17.94,584251
2008-08-22,18.21,18.29,17.54,17.54,312635
2008-08-25,18.03,18.03,17.58,17.58,218401
2008-08-26,17.41,17.67,17.36,17.45,96451
2008-08-27,17.45,18.12,17.45,17.58,370284
2008-08-28,17.58,17.76,17.14,17.23,268290
2008-08-29,17.32,17.5,17.05,17.05,409087
2008-09-01,17.05,17.14,15.99,16.34,396892
2008-09-02,16.03,16.52,15.54,15.94,284919
2008-09-03,15.94,16.03,14.83,15.1,344786
2008-09-04,15.1,15.1,14.08,14.12,569839
2008-09-05,13.59,13.77,13.19,13.32,529928
2008-09-08,13.77,14.25,13.68,14.25,271616
2008-09-09,14.03,14.03,13.28,13.41,509973
2008-09-10,13.01,13.63,12.88,13.41,130819
2008-09-11,13.5,13.59,13.23,13.37,124167
2008-09-12,13.59,13.59,13.06,13.41,148557
2008-09-15,13.41,13.54,13.06,13.06,208423
2008-09-16,12.43,12.52,12.17,12.17,267181
2008-09-17,12.21,12.74,11.32,11.32,368067
2008-09-18,10.57,10.83,10.57,10.83,692898
2008-09-19,11.1,11.59,11.1,11.59,382479
2008-09-22,11.99,12.17,11.63,11.99,258312
2008-09-23,11.72,12.3,11.32,12.26,218401
2008-09-24,12.26,12.66,11.99,12.61,178490
2008-09-25,12.43,12.97,12.21,12.26,123058
2008-09-26,12.26,12.34,11.68,11.68,154100
2008-09-29,11.68,11.68,11.68,11.68,0
2008-09-30,10.88,10.88,10.88,10.88,52105
2008-10-01,10.88,11.23,10.88,11.01,113080
2008-10-02,11.01,11.37,10.88,11.06,104211
2008-10-03,10.7,11.55,10.7,11.23,108646
2008-10-06,10.92,11.99,10.83,10.92,75387
2008-10-07,10.57,11.63,10.57,10.92,86473
2008-10-08,10.75,11.37,10.75,11.32,253877
2008-10-09,11.1,11.1,10.57,10.79,446780
2008-10-13,10.44,10.75,10.44,10.44,258312
2008-10-14,10.75,11.15,10.75,11.06,268290
2008-10-15,10.83,10.88,10.7,10.7,137471
2008-10-16,10.35,10.61,10.35,10.35,155209
2008-10-17,10.35,10.61,9.99,10.04,99777
2008-10-20,10.04,10.08,9.77,10.08,68735
2008-10-21,10.08,10.3,9.9,10.12,127493
2008-10-22,10.04,10.04,9.81,9.81,128601
2008-10-23,9.5,9.59,9.5,9.5,110863
2008-10-24,9.19,9.28,9.19,9.19,228379
2008-10-27,8.55,8.88,8.55,8.55,245008
2008-10-28,7.96,8.67,7.96,8.3,266072
2008-10-29,8.86,8.88,8.44,8.88,230596
2008-10-30,9.41,9.5,9.15,9.5,116406
2008-10-31,10.04,10.04,9.59,9.95,209532
2008-11-03,9.99,10.04,9.59,9.95,123058
2008-11-04,9.95,10.04,9.59,9.77,84256
2008-11-05,9.77,10.39,9.77,10.39,218401
2008-11-06,9.95,10.17,9.72,9.95,86473
2008-11-07,9.77,10.12,9.59,10.12,64300
2008-11-10,9.77,10.04,9.77,9.77,65409
2008-11-11,9.72,10.04,9.15,9.77,145231
2008-11-12,9.41,9.68,9.37,9.68,49888
2008-11-13,9.37,9.46,9.06,9.1,133036
2008-11-14,9.24,9.41,9.06,9.15,187359
2008-11-17,9.15,9.15,8.79,9.06,44345
2008-11-18,8.7,9.15,8.53,9.06,133036452
2008-11-19,9.06,9.06,8.61,8.88,28824564
2008-11-20,8.7,8.86,8.39,8.39,86473693
2008-11-21,7.99,8.39,7.91,8.39,148557371
2008-11-24,8.35,8.69,8.17,8.35,119732
2008-11-25,8.19,8.88,8.19,8.85,78713
2008-11-26,8.49,9.24,8.49,9.1,80930
2008-11-27,9.15,9.68,9.15,9.41,250551
2008-11-28,9.41,9.41,8.93,9.28,145231
2008-12-01,9.41,9.41,9.06,9.06,155209
2008-12-02,8.88,8.88,8.44,8.68,144122
2008-12-03,8.68,8.69,8.48,8.48,137471
2008-12-04,8.66,8.66,8.44,8.44,202880
2008-12-05,8.35,8.47,8.31,8.31,25498
2008-12-08,8.33,8.64,8.33,8.61,149666
2008-12-09,8.64,9.15,8.53,8.53,177381936
2008-12-10,8.57,8.87,8.57,8.87,174056
2008-12-11,8.88,9.06,8.53,8.62,148557
2008-12-12,8.62,8.62,8.28,8.28,158535
2008-12-15,8.45,8.61,8.37,8.5,203989
2008-12-16,8.5,8.56,8.44,8.51,103103
2008-12-17,8.57,8.66,8.44,8.45,189576
2008-12-18,8.66,8.66,8.37,8.51,54323
2008-12-19,8.35,8.35,8.35,8.35,125275992
2008-12-22,8.05,8.33,7.99,8.06,194011
2008-12-23,8.15,8.16,7.83,8.05,261638
2008-12-24,7.98,8.06,7.87,8.05,58757
2008-12-25,7.99,8.08,7.92,8.06,96451
2008-12-26,8.08,8.1,7.84,7.98,84256
2008-12-29,7.98,8.04,7.89,8.04,58757
2008-12-30,8.04,8.58,8.0,8.58,279376
2008-12-31,8.58,8.7,8.33,8.61,124167
2009-01-02,8.61,8.61,8.61,8.61,0
2009-01-05,8.88,8.88,8.61,8.7,177381
2009-01-06,8.88,8.88,8.53,8.69,73170
2009-01-07,8.71,8.73,8.53,8.68,200663
2009-01-08,8.68,8.68,8.17,8.44,231705
2009-01-09,8.4,8.53,8.3,8.52,43236
2009-01-12,8.36,8.43,8.1,8.3,79821
2009-01-13,8.19,8.31,8.08,8.26,104211
2009-01-14,8.25,8.48,8.25,8.31,54323
2009-01-15,8.17,8.26,8.04,8.12,82039
2009-01-16,8.12,8.13,8.0,8.13,119732
2009-01-19,7.53,7.98,7.53,7.58,290462
2009-01-20,7.55,7.55,7.34,7.51,57649
2009-01-21,7.19,7.8,7.15,7.8,125275
2009-02-02,7.81,8.34,7.56,7.77,34367
2009-02-03,7.59,7.9,7.59,7.9,65409
2009-02-04,7.65,7.98,7.65,7.84,17738
2009-02-05,7.79,7.83,7.74,7.83,23281
2009-02-06,7.83,8.15,7.74,7.95,72061
2009-02-09,8.24,8.24,7.82,7.99,66518
2009-02-10,7.86,7.98,7.86,7.9,29933
2009-02-11,7.67,7.87,7.67,7.79,33259
2009-02-12,7.82,7.9,7.64,7.86,92016
2009-02-13,7.9,7.9,7.77,7.82,59866
2009-02-16,7.82,8.17,7.82,8.17,186251
2009-02-17,8.17,8.29,8.08,8.29,109755
2009-02-18,7.82,8.84,7.82,8.84,267181
2009-02-19,8.69,9.15,8.58,8.84,431259
2009-02-20,8.7,8.76,8.54,8.56,96451
2009-02-23,8.56,8.66,8.44,8.56,86473
2009-02-24,8.56,8.56,8.37,8.5,127493
2009-02-25,8.52,8.55,8.37,8.37,116406
2009-02-26,8.37,8.39,8.23,8.34,184033
2009-02-27,8.26,8.44,8.23,8.29,252769
2009-03-02,8.86,8.86,8.86,8.86,222836
2009-03-03,9.46,9.46,9.01,9.15,1119723
2009-03-04,8.97,9.5,8.88,9.37,819282
2009-03-05,9.33,9.72,9.15,9.33,465627
2009-03-06,9.33,9.41,8.97,9.24,212858
2009-03-09,9.41,9.5,9.24,9.5,301549
2009-03-10,9.59,10.12,9.59,9.95,792675
2009-03-11,9.95,9.95,9.59,9.77,470062
2009-03-12,9.64,9.77,9.41,9.41,242791
2009-03-13,9.59,10.04,9.55,10.04,737243
2009-03-16,10.52,10.66,10.04,10.04,1166286
2009-03-17,10.21,10.3,10.04,10.21,780480
2009-03-18,10.44,10.44,10.08,10.12,451215
2009-03-19,10.17,10.26,10.08,10.17,513298
2009-03-20,10.08,10.08,9.77,9.86,374719
2009-03-23,9.81,10.12,9.77,10.04,519950
2009-03-24,10.12,10.44,10.08,10.12,343677
2009-03-25,10.21,10.48,10.17,10.21,852541
2009-03-26,10.35,10.92,10.26,10.92,1567612
2009-03-27,11.06,11.59,10.83,11.1,1575373
2009-03-30,11.19,11.19,10.57,10.61,711745
2009-03-31,10.21,10.57,10.21,10.3,444563
2009-04-02,10.61,11.32,10.61,11.32,1693997
2009-04-03,11.32,12.08,11.06,12.08,1292670
2009-04-06,12.39,12.92,12.08,12.43,2443436
2009-04-07,12.21,13.06,12.21,12.7,1310409
2009-04-08,12.88,12.88,12.08,12.3,783806
2009-04-09,12.3,12.79,12.3,12.43,548775
2009-04-10,12.48,12.83,11.81,12.12,1401317
2009-04-13,12.34,12.97,12.3,12.97,952319
2009-04-14,13.28,13.45,12.92,13.01,1693997
2009-04-15,13.01,13.28,12.43,12.61,1144113
2009-04-16,12.74,12.88,12.39,12.61,1267172
2009-04-17,12.92,13.19,11.77,12.08,1248325
2009-04-20,11.99,12.12,11.72,12.03,473388
2009-04-21,11.68,12.39,11.63,12.26,482257
2009-04-22,12.26,12.7,12.08,12.57,380262
2009-04-23,12.48,12.66,12.21,12.26,480039
2009-04-24,12.26,12.83,12.26,12.39,650769
2009-04-27,12.26,12.43,11.81,11.86,395783
2009-04-28,11.72,11.9,11.19,11.32,483365
2009-04-29,11.1,11.5,11.01,11.19,399109
2009-04-30,11.46,11.95,11.46,11.9,508864
2009-05-04,12.43,12.61,12.08,12.3,675159
2009-05-05,12.43,12.43,11.63,11.72,382479
2009-05-06,11.68,12.12,11.68,12.12,726157
2009-05-07,12.3,12.79,12.21,12.61,1074269
2009-05-08,12.66,12.66,12.17,12.34,497778
2009-05-11,12.43,12.88,12.39,12.52,699550
2009-05-12,12.48,12.52,11.9,11.99,534363
2009-05-13,12.08,12.26,11.72,11.81,690680
2009-05-14,11.55,12.26,11.55,11.99,1568721
2009-05-15,12.03,12.3,11.59,11.99,400217
2009-05-18,11.99,11.99,11.63,11.81,321504
2009-05-19,11.9,12.21,11.68,11.95,1495551
2009-05-20,12.03,12.08,11.72,11.86,383588
2009-05-21,11.81,12.43,11.77,12.17,715070
2009-05-22,12.12,12.57,11.99,12.39,956753
2009-05-25,12.61,12.74,12.34,12.39,605315
2009-05-26,12.66,12.66,11.9,11.99,565404
2009-05-27,12.17,12.39,12.08,12.3,434585
2009-06-01,12.3,12.48,12.26,12.43,420173
2009-06-02,12.61,12.61,12.21,12.3,621945
2009-06-03,12.39,12.43,12.17,12.26,434585
2009-06-04,12.08,12.43,11.99,12.03,635249
2009-06-05,12.17,12.83,12.17,12.83,1977808
2009-06-08,14.34,14.65,13.9,14.21,6685081
2009-06-09,14.12,14.12,13.23,13.23,2001089
2009-06-10,13.23,13.41,12.52,12.61,1017728
2009-06-11,12.7,13.06,12.66,13.01,1861401
2009-06-12,12.97,13.45,12.79,12.92,1738342
2009-06-15,12.7,12.79,12.03,12.03,677377
2009-06-16,11.99,11.99,11.28,11.37,695115
2009-06-17,11.37,11.68,11.37,11.46,580925
2009-06-18,11.55,11.72,11.46,11.55,542123
2009-06-19,11.46,11.77,11.28,11.32,521059
2009-06-22,11.37,11.68,11.37,11.59,256095
2009-06-23,11.59,11.68,11.41,11.59,180707
2009-06-24,11.63,12.39,11.59,12.39,619728
2009-06-25,12.39,12.7,12.21,12.21,1200653
2009-06-26,12.26,12.52,12.26,12.26,482257
2009-06-29,12.43,12.43,11.72,11.72,410195
2009-06-30,11.99,11.99,11.68,11.81,372502
2009-07-01,11.95,12.08,11.86,11.95,302657
2009-07-02,11.99,12.21,11.99,12.03,379153
2009-07-03,11.99,12.43,11.86,12.21,429042
2009-07-06,12.21,12.57,12.21,12.43,525493
2009-07-07,12.52,12.61,12.34,12.52,350329
2009-07-08,12.52,12.7,12.26,12.52,601989
2009-07-09,12.57,12.97,12.52,12.61,497778
2009-07-10,12.74,12.79,12.17,12.17,539906
2009-07-13,12.17,12.17,11.32,11.37,1243890
2009-07-14,11.37,12.13,11.37,11.82,1185133
2009-07-15,11.77,12.0,11.77,11.86,319287
2009-07-16,11.95,12.36,11.73,11.82,631923
2009-07-17,11.82,12.04,11.82,11.91,324830
2009-07-20,12.04,12.27,11.91,12.04,859193
2009-07-21,12.22,12.67,12.09,12.27,798218
2009-07-22,12.36,13.12,12.36,13.12,1452314
2009-07-23,13.49,13.49,12.81,12.81,1525484
2009-07-24,13.08,13.08,12.58,12.58,526602
2009-07-27,12.76,12.94,12.72,12.76,403543
2009-07-28,12.76,13.62,12.76,13.03,2044326
2009-07-29,13.03,13.17,12.94,12.94,761633
2009-07-30,12.63,12.9,12.54,12.72,495560
2009-07-31,12.9,13.17,12.85,12.99,568730
2009-08-03,13.12,13.35,12.99,12.99,620836
2009-08-04,13.08,13.39,12.45,12.54,978926
2009-08-05,12.54,12.76,12.45,12.58,378045
2009-08-06,12.81,12.81,12.49,12.63,118624
2009-08-07,12.63,12.63,12.63,12.63,0
2009-08-10,12.63,13.49,12.27,13.17,4146302
2009-08-11,13.08,13.08,12.45,12.67,1012185
2009-08-12,12.63,13.08,12.63,12.81,985578
2009-08-13,12.99,12.99,12.72,12.81,426825
2009-08-14,12.9,13.08,12.63,12.63,481148
2009-08-17,12.85,12.85,12.49,12.63,300440
2009-08-18,12.63,12.63,12.27,12.27,437911
2009-08-19,12.27,12.49,12.27,12.27,185142
2009-08-20,12.27,12.27,11.95,12.0,286028
2009-08-21,12.0,12.18,11.82,11.82,301549
2009-08-24,12.0,12.13,11.82,11.91,205097
2009-08-25,12.09,12.18,11.95,12.09,104211
2009-08-26,12.13,12.13,11.73,11.73,220618
2009-08-27,11.86,11.95,11.73,11.73,182925
2009-08-28,11.68,12.0,11.68,11.73,158535
2009-08-31,11.73,12.0,11.73,11.91,98668
2009-09-01,11.77,12.27,11.73,12.04,144122
2009-09-02,11.86,12.13,11.86,12.04,133036
2009-09-03,12.13,12.72,12.13,12.45,460084
2009-09-04,12.54,12.54,12.13,12.22,350329
2009-09-07,12.22,12.4,12.18,12.22,335917
2009-09-08,12.31,12.49,12.22,12.4,254986
2009-09-09,12.4,12.49,12.0,12.0,330373
2009-09-10,12.09,12.27,11.95,12.0,334808
2009-09-11,12.04,12.13,11.95,12.13,168512
2009-09-14,12.18,12.18,11.91,12.09,151883
2009-09-15,12.13,12.18,11.91,12.0,226161
2009-09-16,12.04,12.81,12.04,12.27,916842
2009-09-17,12.36,12.58,12.22,12.22,390240
2009-09-18,12.27,12.45,12.27,12.36,267181
2009-09-21,12.4,12.85,12.4,12.72,851433
2009-09-22,12.85,12.99,12.54,12.54,509973
2009-09-23,12.63,13.39,12.63,12.9,5136315
2009-09-24,12.63,12.72,12.31,12.63,1488899
2009-09-25,12.63,12.99,12.49,12.94,892452
2009-09-28,13.21,13.85,13.21,13.85,3352518
2009-09-29,14.12,14.16,13.53,13.62,2574255
2009-09-30,13.71,14.57,13.67,14.57,1871379
2009-10-01,14.88,15.15,14.25,14.66,1830359
2009-10-02,14.07,14.43,13.89,14.03,1307083
2009-10-05,14.07,14.25,13.76,14.03,810413
2009-10-06,14.03,14.52,14.03,14.03,1046553
2009-10-07,14.16,14.25,13.71,13.76,828151
2009-10-08,13.71,13.89,13.12,13.17,1227261
2009-10-09,13.3,13.58,13.17,13.26,779371
2009-10-12,13.39,13.8,13.3,13.58,660747
2009-10-13,13.58,13.8,13.39,13.76,404652
2009-10-14,13.71,13.94,13.71,13.85,505538
2009-10-15,13.94,14.34,13.85,13.85,746112
2009-10-16,13.98,14.07,13.76,13.8,348112
2009-10-19,13.8,13.85,13.53,13.67,620836
2009-10-20,13.71,14.61,13.71,14.21,1983351
2009-10-21,14.21,14.39,13.98,14.25,643009
2009-10-22,14.16,14.25,13.85,14.07,473388
2009-10-23,14.12,14.25,13.98,13.98,388022
2009-10-26,14.03,14.16,13.85,13.85,380262
2009-10-27,13.85,13.94,13.58,13.58,413521
2009-10-28,13.53,13.94,13.39,13.39,1054313
2009-10-29,13.26,13.26,12.49,12.76,827043
2009-10-30,12.76,12.9,12.63,12.63,274942
2009-11-02,12.18,12.54,12.18,12.31,259421
2009-11-03,12.36,12.54,12.31,12.45,162969
2009-11-04,12.54,12.81,12.54,12.72,179599
2009-11-05,12.76,12.76,12.58,12.58,113080
2009-11-06,12.67,12.76,12.54,12.54,281593
2009-11-09,12.72,13.03,12.63,12.63,256095
2009-11-10,12.72,12.85,12.67,12.72,148557
2009-11-11,12.99,12.99,12.72,12.72,238356
2009-11-12,12.76,13.58,12.76,13.58,3060947
2009-11-13,13.49,13.85,13.3,13.58,2873587
2009-11-16,13.58,13.71,13.21,13.26,780480
2009-11-17,13.35,13.62,13.21,13.26,594229
2009-11-18,13.53,13.62,13.35,13.39,480039
2009-11-19,13.39,14.07,13.26,13.58,1261629
2009-11-20,13.8,13.8,13.44,13.44,435694
2009-11-23,13.44,13.62,13.35,13.44,572056
2009-11-24,13.53,13.58,13.21,13.21,406869
2009-11-25,13.26,13.44,13.17,13.21,396892
2009-11-26,13.39,13.39,13.21,13.21,292680
2009-11-27,13.21,13.67,13.21,13.26,751655
2009-11-30,13.26,13.44,13.26,13.35,307092
2009-12-01,13.39,13.85,13.3,13.58,746112
2009-12-02,13.71,13.76,13.39,13.44,511081
2009-12-03,13.53,13.71,13.39,13.53,423499
2009-12-04,13.53,13.62,13.26,13.35,282702
2009-12-07,13.35,13.89,13.35,13.67,443454
2009-12-08,13.8,14.39,13.53,14.12,1661847
2009-12-09,14.16,14.21,13.89,14.12,498886
2009-12-10,13.94,14.12,13.53,13.53,621945
2009-12-11,13.53,13.76,13.44,13.53,839238
2009-12-14,13.53,13.8,13.53,13.71,373610
2009-12-15,13.62,14.34,13.62,14.07,1190676
2009-12-16,14.25,14.25,13.89,13.94,423499
2009-12-17,14.07,14.52,13.85,13.98,1638565
2009-12-18,13.98,13.98,13.8,13.85,314852
2009-12-21,13.98,13.98,13.71,13.71,394674
2009-12-22,13.76,14.07,13.76,13.8,524385
2009-12-23,13.8,14.25,13.8,13.94,582034
2009-12-24,13.98,14.25,13.8,14.21,708419
2009-12-25,14.25,14.52,14.16,14.21,1538788
2009-12-28,14.21,14.39,14.12,14.16,652987
2009-12-29,14.25,14.61,14.12,14.43,1281584
2009-12-30,14.57,15.42,14.52,15.42,2805960
2009-12-31,15.79,15.79,15.06,15.06,2621926
2010-01-04,15.06,15.29,14.66,14.7,1631913
2010-01-05,14.88,15.02,14.21,14.25,1587568
2010-01-06,14.12,14.52,14.12,14.43,623054
2010-01-07,14.52,14.66,13.98,14.07,845890
2010-01-08,14.07,14.21,13.85,13.98,476713
2010-01-11,14.21,14.39,14.07,14.25,643009
2010-01-12,14.43,15.02,14.21,14.79,2766049
2010-01-13,14.7,14.7,14.34,14.39,1050987
2010-01-14,14.43,15.06,14.43,14.79,1835903
2010-01-15,14.88,15.06,14.57,14.66,750547
2010-01-18,14.61,15.6,14.61,15.33,2549865
2010-01-19,15.33,16.37,14.84,16.37,6017682
2010-01-20,16.69,16.69,15.79,15.97,2956735
2010-01-21,15.97,16.15,14.97,14.97,1415729
2010-01-22,14.97,15.42,14.84,15.24,2089780
2010-01-25,15.02,15.51,14.75,14.88,1018837
2010-01-26,15.02,15.15,13.85,13.85,1725039
2010-01-27,13.85,13.85,13.08,13.17,727265
2010-01-28,13.35,13.76,13.08,13.53,1026597
2010-01-29,13.35,13.89,13.26,13.71,675159
2010-02-01,13.89,14.21,13.58,13.71,516624
2010-02-02,13.98,13.98,13.12,13.12,733917
2010-02-03,13.62,13.62,13.17,13.21,426825
2010-02-04,13.26,13.53,13.26,13.26,335917
2010-02-05,13.08,13.08,12.36,12.36,788240
2010-02-08,12.0,12.22,12.0,12.13,243900
2010-02-09,12.22,12.72,12.09,12.45,613076
2010-02-10,12.54,12.81,12.45,12.63,511081
2010-02-22,12.72,13.03,12.72,12.76,239465
2010-02-23,12.9,12.9,12.63,12.76,123058
2010-02-24,12.63,13.08,12.54,12.81,599772
2010-02-25,12.81,12.85,12.45,12.63,256095
2010-02-26,12.45,12.76,12.4,12.45,216184
2010-03-01,12.45,13.3,12.45,13.03,1004425
2010-03-02,13.12,13.12,12.76,12.76,212858
2010-03-03,12.76,12.99,12.76,12.9,133036
2010-03-04,12.99,12.99,12.67,12.67,335917
2010-03-05,12.81,12.94,12.76,12.9,276050
2010-03-08,13.03,13.8,12.94,13.44,2547648
2010-03-09,13.53,13.62,13.3,13.44,582034
2010-03-10,13.53,13.58,13.44,13.53,187359
2010-03-11,13.53,13.62,13.17,13.17,238356
2010-03-12,13.17,13.35,13.17,13.21,226161
2010-03-15,13.12,13.35,13.08,13.08,119732
2010-03-16,13.08,13.08,12.9,12.99,192902
2010-03-17,13.17,13.17,12.9,13.12,258312
2010-03-18,13.21,13.62,13.21,13.26,707310
2010-03-19,13.3,13.58,13.26,13.35,483365
2010-03-22,13.44,14.21,13.44,14.07,1187350
2010-03-23,14.16,14.16,13.76,13.76,624162
2010-03-24,13.98,13.98,13.67,13.71,350329
2010-03-25,13.62,13.71,13.58,13.62,207315
2010-03-26,13.67,13.8,13.53,13.62,246117
2010-03-29,13.71,13.89,13.49,13.62,1078703
2010-03-30,13.71,13.8,13.53,13.62,354763
2010-03-31,13.62,13.71,13.53,13.53,409087
2010-04-01,13.53,13.67,13.53,13.58,436803
2010-04-02,13.58,14.07,13.58,13.85,1600871
2010-04-06,13.98,13.98,13.8,13.85,586469
2010-04-07,13.89,13.89,13.58,13.58,490017
2010-04-08,13.71,13.94,13.58,13.62,944558
2010-04-09,13.62,13.8,13.53,13.62,731700
2010-04-12,13.71,14.34,13.71,13.98,2131909
2010-04-13,13.98,14.16,13.76,13.76,1207305
2010-04-14,13.76,14.21,13.76,14.21,1461183
2010-04-15,14.3,14.88,14.3,14.66,1705083
2010-04-16,14.79,14.84,14.61,14.66,990012
2010-04-19,14.48,14.48,13.8,13.8,981143
2010-04-20,13.98,14.07,13.71,13.8,552101
2010-04-21,13.89,14.07,13.8,13.85,436803
2010-04-22,13.85,14.07,13.71,13.98,378045
2010-04-23,13.98,14.21,13.85,13.85,521059
2010-04-26,13.98,14.07,13.89,13.89,296006
2010-04-27,13.89,14.03,13.85,13.89,229487
2010-04-28,13.71,13.8,13.58,13.8,278267
2010-04-29,13.89,14.48,13.89,14.25,1110854
2010-04-30,14.43,14.52,13.85,13.85,723940
2010-05-03,13.71,13.8,13.39,13.53,498886
2010-05-04,13.53,13.53,12.9,13.03,713962
2010-05-05,12.9,12.9,12.49,12.63,600881
2010-05-06,12.27,12.81,12.27,12.58,301549
2010-05-07,12.18,12.45,12.13,12.18,294897
2010-05-10,12.63,12.63,12.31,12.54,166295
2010-05-11,12.63,12.67,12.45,12.45,164078
2010-05-12,12.45,12.63,12.27,12.27,220618
2010-05-13,12.45,13.12,12.45,12.9,819282
2010-05-14,12.85,12.85,12.58,12.85,172947
2010-05-17,12.72,12.72,12.31,12.36,148557
2010-05-18,12.36,12.49,12.27,12.27,89799
2010-05-19,12.18,12.49,12.18,12.4,130819
2010-05-20,12.36,12.45,12.18,12.18,110863
2010-05-21,12.0,12.0,11.59,11.68,309309
2010-05-24,11.68,11.77,11.55,11.77,99777
2010-05-25,11.55,11.64,10.96,11.05,294897
2010-05-26,11.05,11.18,10.82,10.87,262746
2010-05-27,10.87,11.18,10.82,11.09,168512
2010-05-28,11.18,11.64,11.18,11.23,227270
2010-05-31,11.18,11.5,11.14,11.5,121950
2010-06-01,11.55,11.55,11.23,11.23,101994
2010-06-02,11.32,12.0,11.23,12.0,907973
2010-06-03,12.81,12.81,12.81,12.81,999990
2010-06-04,13.62,13.67,13.17,13.17,6094178
2010-06-07,13.17,14.07,12.81,14.07,3481120
2010-06-08,14.07,14.61,13.67,13.71,5406823
2010-06-09,13.67,13.94,12.76,12.76,2135235
2010-06-10,12.81,12.81,12.49,12.63,721722
2010-06-11,12.81,13.17,12.54,12.54,779371
2010-06-14,12.67,12.81,12.49,12.58,536580
2010-06-15,12.49,12.94,12.45,12.54,1203979
2010-06-17,12.67,12.81,12.58,12.63,308201
2010-06-18,12.81,12.81,12.49,12.49,378045
2010-06-21,12.63,12.76,12.54,12.54,497778
2010-06-22,12.54,13.39,12.54,13.12,2360288
2010-06-23,12.94,13.08,12.72,12.81,634140
2010-06-24,12.81,13.12,12.76,12.76,503321
2010-06-25,12.63,13.26,12.63,12.81,825934
2010-06-28,12.81,12.9,12.63,12.63,453432
2010-06-29,12.63,12.76,12.4,12.4,354763
2010-06-30,12.4,13.26,12.4,13.03,2929019
2010-07-01,13.94,13.94,13.35,13.39,1036575
2010-07-02,13.17,13.17,12.72,12.85,878040
2010-07-05,12.9,13.17,12.76,12.81,643009
2010-07-06,12.76,12.99,12.76,12.85,315961
2010-07-07,12.85,13.71,12.85,13.35,2380243
2010-07-08,13.39,13.76,13.39,13.53,2117496
2010-07-09,13.71,14.48,13.62,14.48,3360279
2010-07-12,15.42,15.42,14.88,15.06,7464453
2010-07-13,15.06,15.2,14.48,14.7,3084228
2010-07-14,14.88,15.15,14.61,14.75,2069825
2010-07-15,14.79,15.06,14.34,14.43,1455640
2010-07-16,14.43,14.88,14.16,14.21,2455631
2010-07-19,13.62,14.43,13.62,14.16,1756081
2010-07-20,13.85,14.16,13.85,13.89,905756
2010-07-21,13.89,14.12,13.76,13.76,661856
2010-07-22,13.85,14.57,13.8,13.98,1870270
2010-07-23,14.07,14.3,13.98,13.98,843672
2010-07-26,14.07,14.16,13.94,13.98,614184
2010-07-27,13.98,14.39,13.98,14.07,584251
2010-07-28,14.21,14.25,13.98,13.98,603098
2010-07-29,14.03,14.16,13.98,14.07,483365
2010-07-30,14.12,15.02,14.12,15.02,2951191
2010-08-02,15.33,15.38,14.88,15.06,6853594
2010-08-03,15.15,15.47,14.61,14.88,3088662
2010-08-04,14.88,15.15,14.66,14.84,1508855
2010-08-05,14.93,15.11,14.12,14.12,1299322
2010-08-06,14.07,14.43,14.07,14.16,746112
2010-08-09,14.3,14.61,14.25,14.25,678485
2010-08-10,14.34,14.57,14.3,14.48,604207
2010-08-11,14.43,14.43,14.03,14.03,468953
2010-08-12,13.8,14.34,13.8,14.03,665182
2010-08-13,14.16,14.39,14.12,14.3,437911
2010-08-16,14.48,14.57,14.21,14.3,798218
2010-08-17,14.3,14.66,14.3,14.34,1572047
2010-08-18,14.66,14.66,14.34,14.39,528819
2010-08-19,14.43,14.88,14.34,14.88,1021054
2010-08-20,14.97,15.02,14.61,14.79,1702866
2010-08-23,14.79,15.06,14.43,14.61,2732790
2010-08-24,14.52,14.66,14.07,14.07,835912
2010-08-25,14.07,14.3,13.67,13.67,552101
2010-08-26,13.8,13.94,13.58,13.67,572056
2010-08-27,13.71,13.89,13.58,13.71,232813
2010-08-30,13.76,13.89,13.53,13.58,450106
2010-08-31,13.58,13.89,12.9,12.94,802653
2010-09-01,13.08,13.53,13.08,13.3,383588
2010-09-02,13.53,13.71,13.3,13.3,249443
2010-09-03,13.44,13.8,13.44,13.62,323722
2010-09-06,13.71,13.8,13.49,13.53,505538
2010-09-07,13.62,13.98,13.62,13.8,790458
2010-09-08,13.76,14.21,13.71,13.71,1722822
2010-09-09,13.85,13.94,13.67,13.67,335917
2010-09-10,13.71,13.89,13.62,13.71,402435
2010-09-13,13.71,13.8,13.53,13.53,1221718
2010-09-14,13.58,13.71,13.44,13.44,553209
2010-09-15,13.49,13.71,13.44,13.53,236139
2010-09-16,13.71,13.76,13.39,13.39,254986
2010-09-17,13.49,13.58,13.26,13.3,327047
2010-09-20,13.3,13.53,13.12,13.17,272724
2010-09-21,13.62,14.07,13.62,14.07,978926
2010-09-23,14.43,14.43,13.89,13.98,1218392
2010-09-24,13.98,14.07,13.58,13.94,542123
2010-09-27,13.89,14.52,13.89,13.98,2149647
2010-09-28,13.98,14.21,13.94,14.03,505538
2010-09-29,14.03,14.3,14.03,14.07,324830
2010-09-30,14.16,14.75,14.16,14.7,2131909
2010-10-01,14.88,14.97,14.34,14.43,3136334
2010-10-04,14.43,14.61,14.21,14.43,833695
2010-10-05,14.34,15.02,14.34,15.02,2498868
2010-10-06,15.06,15.29,14.66,14.84,2573146
2010-10-07,14.88,15.06,14.75,14.84,1566504
2010-10-08,14.93,15.06,14.75,14.79,3515488
2010-10-11,14.7,14.75,14.48,14.66,1420164
2010-10-12,14.66,14.93,14.43,14.43,4321467
2010-10-13,14.43,14.43,13.98,14.07,1671824
2010-10-14,14.25,14.25,13.98,13.98,323722
2010-10-15,14.07,14.3,13.89,13.89,852541
2010-10-18,13.89,14.12,13.58,13.62,946776
2010-10-19,13.67,13.8,13.58,13.58,1254977
2010-10-20,13.58,13.76,13.58,13.58,155209
2010-10-21,13.62,13.85,13.62,13.67,1362514
2010-10-22,13.71,13.8,13.71,13.76,83147
2010-10-25,13.89,13.89,13.53,13.53,587577
2010-10-26,13.58,13.67,13.49,13.58,386914
2010-10-27,13.62,13.62,13.44,13.44,375827
2010-10-28,13.44,13.62,13.44,13.49,147448
2010-10-29,13.49,13.62,13.39,13.39,168512
2010-11-01,13.44,13.49,12.67,12.85,837021
2010-11-02,12.85,12.85,12.18,12.18,575382
2010-11-03,12.22,12.45,11.73,11.73,856976
2010-11-04,11.77,12.27,11.77,11.95,547666
2010-11-05,12.09,12.18,11.95,12.0,288245
2010-11-08,12.04,12.09,11.73,11.73,201771
2010-11-09,11.73,12.31,11.64,11.91,276050
2010-11-10,11.91,12.18,11.91,11.91,124167
2010-11-11,12.04,12.13,11.91,11.95,88690
2010-11-12,12.13,12.13,11.91,11.95,139688
2010-11-15,11.95,11.95,11.77,11.82,79821
2010-11-16,11.82,11.95,11.77,11.91,82039
2010-11-17,11.82,11.82,11.64,11.68,162969
2010-11-18,11.73,11.82,11.64,11.73,87582
2010-11-19,11.73,11.95,11.73,11.91,134145
2010-11-22,11.95,12.04,11.77,11.86,103103
2010-11-23,11.91,12.04,11.68,11.86,250551
2010-11-24,11.37,11.77,11.37,11.64,146340
2010-11-25,11.68,11.82,11.64,11.73,152991
2010-11-26,11.73,12.0,11.64,11.64,143014
2010-11-29,11.64,11.86,11.64,11.82,155209
2010-11-30,11.82,11.86,11.68,11.68,185142
2010-12-01,11.73,11.95,11.73,11.95,328156
2010-12-02,12.04,12.04,11.91,11.91,170730
2010-12-03,11.95,12.09,11.91,12.0,156317
2010-12-06,12.09,12.09,11.91,12.09,164078
2010-12-07,12.09,12.13,12.0,12.09,182925
2010-12-08,12.13,12.63,12.0,12.45,1228369
2010-12-09,12.45,12.45,12.22,12.27,276050
2010-12-10,12.36,12.63,12.31,12.36,411304
2010-12-13,12.36,12.45,12.27,12.27,187359
2010-12-14,12.31,12.36,12.09,12.09,161861
2010-12-15,12.09,12.09,11.86,11.86,208423
2010-12-16,12.0,12.04,11.95,11.95,109755
2010-12-17,12.18,12.18,11.91,11.95,138579
2010-12-20,11.91,11.91,11.73,11.73,294897
2010-12-21,11.82,12.0,11.82,12.0,159643
2010-12-22,12.13,12.13,11.95,12.04,167404
2010-12-23,12.09,12.18,12.0,12.13,242791
2010-12-24,12.27,12.45,12.18,12.4,552101
2010-12-27,12.36,12.36,12.13,12.18,207315
2010-12-28,12.18,12.27,11.95,12.0,152991
2010-12-29,12.0,12.04,11.77,11.82,177381
2010-12-30,11.82,12.09,11.82,11.91,86473
2010-12-31,11.86,11.95,11.82,11.82,160752
2011-01-03,12.0,12.63,11.77,12.18,1458966
2011-01-04,12.18,12.27,12.09,12.09,485583
2011-01-05,12.09,12.09,11.86,11.86,179599
2011-01-06,12.0,12.04,11.91,11.95,57649
2011-01-07,12.18,12.18,11.77,11.91,145231
2011-01-10,11.82,12.0,11.82,11.82,174056
2011-01-11,11.95,12.04,11.86,11.91,93125
2011-01-12,11.91,12.09,11.86,11.91,267181
2011-01-13,11.95,12.13,11.91,11.91,353655
2011-01-14,11.91,11.95,11.82,11.86,269398
2011-01-17,11.86,11.91,11.77,11.82,192902
2011-01-18,11.82,12.0,11.73,11.73,365850
2011-01-19,11.77,12.13,11.73,11.95,1727256
2011-01-20,11.91,11.91,11.82,11.86,287137
2011-01-21,11.91,11.95,11.73,11.73,557644
2011-01-24,11.73,11.95,11.73,11.77,211749
2011-01-25,11.86,11.86,11.77,11.77,111972
2011-01-26,11.77,12.09,11.77,11.86,229487
2011-01-27,11.95,12.04,11.91,11.91,189576
2011-01-28,11.95,12.0,11.77,11.82,267181
2011-02-08,11.86,12.0,11.64,11.68,391348
2011-02-09,11.77,11.91,11.64,11.68,158535
2011-02-10,11.68,11.82,11.68,11.68,109755
2011-02-11,11.73,11.73,11.28,11.28,268290
2011-02-14,11.28,11.64,11.28,11.41,202880
2011-02-15,11.64,11.64,11.37,11.41,105320
2011-02-16,11.59,11.59,11.32,11.32,123058
2011-02-17,11.37,11.41,11.18,11.32,258312
2011-02-18,11.37,11.46,11.28,11.37,139688
2011-02-21,11.37,11.73,11.28,11.41,762742
2011-02-22,11.32,11.32,10.96,11.05,493343
2011-02-23,11.14,11.14,10.96,11.05,121950
2011-02-24,11.09,11.55,11.0,11.37,1511072
2011-02-25,11.37,11.37,11.09,11.09,228379
2011-03-01,11.14,11.28,11.09,11.14,134145
2011-03-02,11.14,11.18,11.05,11.09,76495
2011-03-03,11.09,11.37,11.09,11.18,226161
2011-03-04,11.23,11.55,11.18,11.32,539906
2011-03-07,11.23,11.46,11.23,11.41,93125
2011-03-08,11.37,11.37,11.18,11.23,77604
2011-03-09,11.55,11.55,11.23,11.32,110863
2011-03-10,11.18,11.37,11.18,11.28,62083
2011-03-11,11.14,11.46,10.96,11.46,425716
2011-03-14,11.37,12.22,11.28,11.46,10383495
2011-03-15,11.64,11.82,10.69,10.73,821500
2011-03-16,10.19,10.73,10.19,10.42,361415
2011-03-17,10.19,10.19,9.7,9.7,646335
2011-03-18,9.83,10.01,9.7,9.92,491126
2011-03-21,10.01,10.15,9.88,9.92,212858
2011-03-22,10.01,10.28,10.01,10.1,282702
2011-03-23,10.1,10.19,10.1,10.1,118624
2011-03-24,10.15,10.42,10.1,10.19,260529
2011-03-25,10.19,10.42,10.19,10.19,117515
2011-03-28,10.28,10.28,10.1,10.1,69844
2011-03-29,10.24,10.28,10.1,10.15,116406
2011-03-30,10.19,10.28,10.15,10.19,99777
2011-03-31,10.24,10.28,10.01,10.01,205097
2011-04-01,10.06,10.15,9.97,9.97,82039
2011-04-06,9.97,10.06,9.83,9.97,253877
2011-04-07,9.97,10.06,9.92,10.06,75387
2011-04-08,10.06,10.1,9.97,9.97,87582
2011-04-11,10.1,10.24,9.97,10.1,140796
2011-04-12,10.06,10.15,10.06,10.1,67626
2011-04-13,10.1,10.19,10.01,10.06,165186
2011-04-14,10.06,10.19,10.01,10.06,172947
2011-04-15,10.06,10.15,10.01,10.06,135253
2011-04-18,10.06,10.06,9.97,9.97,57649
2011-04-19,9.97,9.97,9.83,9.83,128601
2011-04-20,9.83,9.92,9.65,9.79,327047
2011-04-21,9.79,9.92,9.79,9.83,195120
2011-04-22,9.92,10.33,9.74,10.24,1425707
2011-04-25,10.19,10.24,9.92,9.92,325939
2011-04-26,9.92,10.1,9.79,9.83,365850
2011-04-27,9.92,9.92,9.74,9.74,298223
2011-04-28,9.74,9.79,9.7,9.7,223944
2011-04-29,9.74,9.74,9.56,9.56,345894
2011-05-03,9.56,9.65,9.47,9.61,364741
2011-05-04,9.79,9.83,9.52,9.61,320396
2011-05-05,9.65,9.7,9.52,9.52,144122
2011-05-06,9.38,9.56,9.38,9.47,96451
2011-05-09,10.1,10.1,9.88,10.1,879149
2011-05-10,10.46,10.46,9.97,10.19,1099768
2011-05-11,10.19,10.19,9.92,10.01,384697
2011-05-12,10.01,10.01,9.61,10.01,177381
2011-05-13,10.01,10.01,9.74,9.74,113080
2011-05-16,9.61,9.92,9.61,9.83,138579
2011-05-17,9.83,9.83,9.65,9.83,121950
2011-05-18,9.83,10.01,9.83,9.88,116406
2011-05-19,9.83,10.15,9.79,9.88,712853
2011-05-20,10.55,10.55,10.55,10.55,2629687
2011-05-23,10.73,11.28,10.64,11.09,4168475
2011-05-24,11.18,11.28,10.73,10.73,1410186
2011-05-25,10.69,10.69,10.24,10.24,1021054
2011-05-26,10.33,10.6,10.24,10.46,689572
2011-05-27,10.46,10.64,10.28,10.28,987795
2011-05-30,10.28,10.33,10.01,10.01,727265
2011-05-31,10.01,10.19,10.01,10.15,366958
2011-06-01,10.01,10.19,10.01,10.06,528819
2011-06-02,10.1,10.19,10.01,10.15,324830
2011-06-03,10.06,10.19,10.06,10.15,253877
2011-06-07,10.1,10.19,10.06,10.06,147448
2011-06-08,10.06,10.15,10.01,10.15,115298
2011-06-09,10.15,10.24,10.06,10.06,215075
2011-06-10,10.1,10.15,10.01,10.01,201771
2011-06-13,9.97,10.15,9.83,9.92,396892
2011-06-14,9.79,10.01,9.79,10.01,80930
2011-06-15,10.1,10.1,9.79,9.83,126384
2011-06-16,9.79,9.79,9.56,9.79,215075
2011-06-17,9.74,9.74,9.61,9.65,128601
2011-06-20,9.65,9.65,9.29,9.34,219510
2011-06-21,9.61,9.65,9.16,9.16,454541
2011-06-22,9.43,9.52,9.34,9.47,88690
2011-06-23,9.34,9.52,9.34,9.47,141905
2011-06-24,9.47,9.47,9.34,9.47,54323
2011-06-27,9.56,9.7,9.29,9.43,157426
2011-06-28,9.47,9.88,9.47,9.65,212858
2011-06-29,9.74,10.24,9.74,10.19,271616
2011-06-30,10.19,10.28,10.1,10.15,319287
2011-07-01,10.28,10.28,10.06,10.1,111972
2011-07-04,10.1,10.19,10.01,10.19,103103
2011-07-05,10.19,10.19,10.06,10.1,49888
2011-07-06,10.01,10.1,9.92,10.01,74278
2011-07-07,9.97,10.1,9.88,9.88,31041
2011-07-08,9.92,9.97,9.83,9.83,55431
2011-07-11,9.83,9.83,9.56,9.7,68735
2011-07-12,9.47,9.52,9.34,9.38,209532
2011-07-13,9.38,9.47,9.25,9.29,233922
2011-07-14,9.29,9.47,9.2,9.29,220618
2011-07-15,9.34,9.56,9.34,9.52,95342
2011-07-18,9.34,9.56,9.34,9.38,73170
2011-07-19,9.47,9.56,9.29,9.56,209532
2011-07-20,9.61,9.65,9.47,9.56,127493
2011-07-21,9.61,9.61,9.43,9.47,74278
2011-07-22,9.43,9.56,9.43,9.47,22172
2011-07-25,9.52,9.52,9.34,9.47,69844
2011-07-26,9.47,9.74,9.38,9.52,92016
2011-07-27,9.52,9.56,9.43,9.56,69844
2011-07-28,9.47,9.61,9.38,9.61,146340
2011-07-29,9.56,9.65,9.43,9.56,125275
2011-08-01,9.47,9.56,9.43,9.52,31041
2011-08-02,9.43,9.56,9.38,9.52,99777
2011-08-03,9.38,9.38,9.25,9.29,134145
2011-08-04,9.29,9.47,9.29,9.29,107537
2011-08-05,8.75,8.77,8.64,8.64,419064
2011-08-08,8.75,8.75,8.04,8.15,402435
2011-08-09,7.59,7.88,7.59,7.69,365850
2011-08-10,7.15,7.68,7.15,7.41,411304
2011-08-11,6.9,7.13,6.9,7.04,341460
2011-08-12,7.24,7.24,7.13,7.13,155209
2011-08-15,7.18,7.56,7.18,7.48,101994
2011-08-16,7.66,7.66,7.41,7.41,38802
2011-08-17,7.42,7.58,7.35,7.54,64300
2011-08-18,7.53,7.53,7.41,7.53,57649
2011-08-19,7.04,7.42,7.01,7.31,320396
2011-08-22,7.21,7.23,6.95,7.07,99777
2011-08-23,7.2,7.26,7.01,7.18,58757
2011-08-24,7.26,7.31,7.17,7.22,41019
2011-08-25,7.22,7.35,7.17,7.35,48780
2011-08-26,7.22,7.23,7.04,7.16,135253
2011-08-29,7.17,7.28,7.17,7.27,115298
2011-08-30,7.28,7.47,7.22,7.43,129710
2011-08-31,7.4,7.61,7.25,7.44,101994
2011-09-01,7.48,7.49,7.35,7.46,68735
2011-09-02,7.44,7.44,7.22,7.42,59866
2011-09-05,7.4,7.4,7.13,7.31,140796
2011-09-06,7.31,7.42,7.24,7.38,33259
2011-09-07,7.47,7.47,7.28,7.45,167404
2011-09-08,7.4,7.54,7.39,7.44,188468
2011-09-09,7.43,7.96,7.43,7.82,636357
2011-09-13,7.79,8.01,7.74,7.76,194011
2011-09-14,7.8,8.07,7.77,7.78,445672
2011-09-15,7.85,8.05,7.85,8.03,182925
2011-09-16,8.2,8.2,8.05,8.2,148557
2011-09-19,8.22,8.27,8.03,8.21,66518
2011-09-20,8.19,8.26,7.78,7.98,89799
2011-09-21,8.03,8.03,7.87,7.98,57649
2011-09-22,7.86,8.02,7.71,7.8,66518
2011-09-23,7.59,7.73,7.45,7.49,84256
2011-09-26,7.58,7.58,7.58,7.58,0
2011-09-27,7.49,7.74,7.49,7.59,43236
2011-09-28,7.5,7.61,7.48,7.5,15520
2011-09-29,7.5,7.81,7.5,7.62,27715
2011-09-30,8.15,8.15,8.15,8.15,643009
2011-10-03,8.15,8.72,8.12,8.72,926820
2011-10-04,9.25,9.29,8.98,9.29,2019936
2011-10-05,9.92,9.92,9.47,9.47,2003307
2011-10-06,8.81,9.38,8.81,8.85,803761
2011-10-07,9.43,9.43,9.43,9.43,2166276
2011-10-11,9.7,10.06,9.7,10.06,1692888
2011-10-12,10.06,10.28,9.74,9.74,1325929
2011-10-13,9.74,9.92,9.2,9.47,902430
2011-10-14,9.47,9.83,9.47,9.61,441237
2011-10-17,9.56,9.56,9.07,9.11,475605
2011-10-18,8.97,9.02,8.89,8.89,308201
2011-10-19,8.89,8.91,8.67,8.69,333699
2011-10-20,8.77,9.29,8.77,9.29,636357
2011-10-21,9.61,9.74,9.2,9.2,646335
2011-10-24,9.02,9.38,8.99,9.02,391348
2011-10-25,9.11,9.43,9.07,9.07,236139
2011-10-26,9.11,9.38,9.11,9.16,161861
2011-10-27,9.16,9.2,8.98,9.16,317070
2011-10-28,9.2,9.34,8.93,9.02,283811
2011-10-31,9.07,9.16,8.93,8.93,147448
2011-11-01,8.93,8.93,8.7,8.86,207315
2011-11-02,8.86,8.86,8.53,8.61,171838
2011-11-03,8.57,8.61,8.28,8.3,317070
2011-11-04,8.56,8.58,8.4,8.48,222836
2011-11-07,8.48,8.6,8.37,8.58,233922
2011-11-08,8.6,8.6,8.42,8.44,48780
2011-11-09,8.48,8.51,8.39,8.39,166295
2011-11-10,8.39,8.39,8.15,8.17,229487
2011-11-11,8.39,8.74,8.39,8.74,289354
2011-11-14,9.07,9.34,9.02,9.16,780480
2011-11-15,9.2,9.29,8.95,8.96,185142
2011-11-16,9.16,9.16,8.79,8.84,106429
2011-11-17,8.66,8.89,8.66,8.77,54323
2011-11-18,8.7,8.93,8.69,8.75,103103
2011-11-21,8.75,8.75,8.18,8.32,94234
2011-11-22,8.23,8.66,8.19,8.25,184033
2011-11-23,8.16,8.25,8.07,8.07,124167
2011-11-24,7.51,7.98,7.51,7.78,318178
2011-11-25,7.76,7.9,7.5,7.83,194011
2011-11-28,7.94,7.94,7.29,7.3,1121940
2011-11-29,7.3,7.36,7.23,7.36,186251
2011-11-30,7.24,7.34,7.22,7.22,121950
2011-12-01,7.3,7.57,7.3,7.48,250551
2011-12-02,7.48,7.57,7.35,7.35,95342
2011-12-05,7.48,7.48,7.31,7.4,45454
2011-12-06,7.4,7.4,7.23,7.32,70952
2011-12-07,7.24,7.31,7.24,7.24,106429
2011-12-08,7.24,7.34,7.05,7.2,88690
2011-12-09,7.17,7.17,6.96,7.07,125275
2011-12-12,7.07,7.17,7.05,7.06,43236
2011-12-13,7.06,7.06,6.95,7.03,75387
2011-12-14,7.03,7.03,6.97,7.03,65409
2011-12-15,6.98,7.01,6.9,6.9,90908
2011-12-16,6.77,6.98,6.77,6.89,83147
2011-12-19,6.86,6.86,6.43,6.43,157426
2011-12-20,6.53,6.57,6.32,6.44,161861
2011-12-21,6.75,6.86,6.45,6.72,129710
2011-12-22,6.72,6.72,6.61,6.67,58757
2011-12-23,6.67,6.86,6.67,6.77,92016
2011-12-26,6.92,7.03,6.83,6.84,100885
2011-12-27,6.82,6.99,6.79,6.93,206206
2011-12-28,6.93,6.93,6.82,6.93,116406
2011-12-29,6.82,6.91,6.82,6.91,76495
2011-12-30,6.9,6.98,6.86,6.91,146340
2012-01-02,6.91,6.91,6.91,6.91,0
2012-01-03,6.91,6.91,6.91,6.91,0
2012-01-04,6.91,6.91,6.91,6.91,0
2012-01-05,6.91,6.91,6.91,6.91,0
2012-01-06,6.95,7.03,6.88,6.96,146340
2012-01-09,7.02,7.02,6.9,6.94,54323
2012-01-10,6.98,6.98,6.91,6.98,114189
2012-01-11,6.98,6.98,6.93,6.95,56540
2012-01-12,6.93,6.94,6.86,6.94,108646
2012-01-13,6.94,6.97,6.77,6.97,382479
2012-01-16,7.04,7.04,6.9,6.91,37693
2012-01-17,6.93,7.16,6.93,7.16,93125
2012-01-18,7.22,7.22,7.06,7.09,76495
2012-01-30,7.09,7.22,6.99,7.22,96451
2012-01-31,7.17,7.36,7.17,7.31,113080
2012-02-01,7.31,7.35,7.19,7.35,157426
2012-02-02,7.44,7.54,7.4,7.5,305983
2012-02-03,7.53,7.63,7.4,7.45,188468
2012-02-06,8.46,8.46,7.98,8.17,590903
2012-02-07,8.21,8.29,8.04,8.13,201771
2012-02-08,8.13,8.21,8.12,8.15,313744
2012-02-09,8.17,8.3,8.12,8.15,182925
2012-02-10,8.16,8.33,8.09,8.13,216184
2012-02-13,8.12,8.4,8.04,8.34,248334
2012-02-14,8.34,8.34,8.12,8.14,172947
2012-02-15,8.14,8.27,8.09,8.21,209532
2012-02-16,8.34,8.34,8.15,8.18,113080
2012-02-17,8.18,8.3,8.07,8.12,103103
2012-02-20,8.13,8.24,8.09,8.17,159643
2012-02-21,8.21,8.26,8.09,8.13,70952
2012-02-22,8.24,8.24,8.12,8.16,90908
2012-02-23,8.07,8.16,8.07,8.07,140796
2012-02-24,8.07,8.17,8.05,8.08,169621
2012-02-29,8.08,8.12,8.08,8.11,133036
2012-03-01,8.12,8.12,7.86,7.96,235031
2012-03-02,8.01,8.12,7.89,7.98,134145
2012-03-05,7.98,8.03,7.95,7.95,92016
2012-03-06,8.01,8.01,7.5,7.58,130819
2012-03-07,7.45,7.73,7.41,7.69,58757
2012-03-08,7.69,7.72,7.59,7.59,97560
2012-03-09,7.62,7.67,7.57,7.62,156317
2012-03-12,7.67,7.67,7.54,7.66,85365
2012-03-13,7.69,7.7,7.58,7.6,54323
2012-03-14,7.8,7.8,7.65,7.65,94234
2012-03-15,7.67,7.71,7.58,7.61,63192
2012-03-16,7.73,7.73,7.59,7.67,76495
2012-03-19,7.76,7.76,7.59,7.59,84256
2012-03-20,7.7,7.7,7.5,7.5,124167
2012-03-21,7.64,7.64,7.51,7.51,52105
2012-03-22,7.53,7.63,7.51,7.52,74278
2012-03-23,7.66,8.05,7.66,8.05,383588
2012-03-26,8.33,8.61,8.21,8.61,1624153
2012-03-27,8.82,9.2,8.82,9.2,2193992
2012-03-28,9.38,9.47,8.56,8.68,1549874
2012-03-29,8.4,8.63,8.07,8.3,763850
2012-03-30,8.16,8.37,8.1,8.37,261638
2012-04-02,8.29,8.66,8.16,8.66,239465
2012-04-03,8.66,8.93,8.48,8.52,492234
2012-04-05,8.16,8.61,8.07,8.52,239465
2012-04-06,8.57,8.69,8.41,8.58,206206
2012-04-09,8.48,8.7,8.31,8.61,110863
2012-04-10,8.52,8.82,8.52,8.65,168512
2012-04-11,8.72,8.74,8.57,8.57,161861
2012-04-12,8.48,8.63,8.23,8.48,184033
2012-04-13,8.57,8.68,8.54,8.54,156317
2012-04-16,8.55,8.79,8.55,8.68,143014
2012-04-17,8.61,8.72,8.55,8.66,156317
2012-04-18,8.57,8.83,8.57,8.64,130819
2012-04-19,8.52,8.7,8.52,8.65,94234
2012-04-20,8.65,8.72,8.58,8.58,157426
2012-04-23,8.68,8.83,8.61,8.66,251660
2012-04-24,8.66,8.82,8.61,8.7,125275
2012-04-25,8.66,8.9,8.66,8.75,144122
2012-04-26,8.84,8.84,8.73,8.79,196228
2012-04-27,8.81,8.81,8.72,8.75,146340
2012-04-30,8.75,8.83,8.73,8.8,131927
2012-05-02,8.78,8.91,8.66,8.79,103103
2012-05-03,8.83,8.83,8.57,8.78,143014
2012-05-04,8.75,8.78,8.55,8.65,257203
2012-05-07,8.57,8.61,8.21,8.22,269398
2012-05-08,8.22,8.22,8.03,8.05,165186
2012-05-09,8.05,8.13,7.96,8.13,274942
2012-05-10,8.04,8.23,8.04,8.12,109755
2012-05-11,8.06,8.06,7.94,7.94,125275
2012-05-14,7.95,8.05,7.76,7.85,101994
2012-05-15,7.84,7.85,7.69,7.7,205097
2012-05-16,7.76,7.76,7.67,7.67,106429
2012-05-17,7.75,7.75,7.5,7.66,90908
2012-05-18,7.49,7.68,7.13,7.13,258312
2012-05-21,7.22,7.22,7.13,7.13,188468
2012-05-22,7.22,7.24,7.22,7.22,116406
2012-05-23,7.17,7.17,7.09,7.13,60975
2012-05-24,7.19,7.21,6.92,7.12,95342
2012-05-25,7.12,7.18,7.0,7.16,65409
2012-05-28,7.6,7.6,7.04,7.39,54323
2012-05-29,7.39,7.46,7.09,7.32,27715
2012-05-30,7.22,7.43,7.14,7.22,24390
2012-05-31,7.22,7.36,7.13,7.28,21064
2012-06-01,7.22,7.34,7.13,7.22,26607
2012-06-04,6.95,7.23,6.71,7.22,206206
2012-06-05,7.3,7.3,7.0,7.21,25498
2012-06-06,7.13,7.21,7.13,7.21,13303
2012-06-07,7.22,7.34,7.18,7.21,28824
2012-06-08,7.22,7.26,7.06,7.26,52105
2012-06-11,7.26,7.29,7.13,7.28,52105
2012-06-12,7.27,7.32,7.22,7.32,19955
2012-06-13,7.31,7.4,7.17,7.4,39910
2012-06-14,7.4,7.43,7.4,7.4,18846
2012-06-15,7.43,7.44,7.31,7.31,27715
2012-06-18,7.42,7.42,7.23,7.23,44345
2012-06-19,7.39,7.39,7.08,7.24,66518
2012-06-20,7.29,7.29,7.22,7.22,11086
2012-06-21,7.39,7.39,7.09,7.23,36585
2012-06-22,7.13,7.3,7.13,7.25,19955
2012-06-25,7.13,7.29,7.05,7.26,64300
2012-06-26,7.08,7.26,7.08,7.22,22172
2012-06-27,7.11,7.27,7.11,7.13,92016
2012-06-28,7.13,7.18,6.94,7.06,181816
2012-06-29,7.04,7.22,6.95,7.11,195120
2012-07-02,7.13,7.17,7.07,7.16,24390
2012-07-03,7.06,7.08,7.06,7.08,8869
2012-07-04,7.08,7.17,7.04,7.17,38802
2012-07-05,7.04,7.16,6.95,7.02,190685
2012-07-06,7.06,7.07,6.96,7.03,26607
2012-07-09,7.03,7.03,6.91,7.0,21064
2012-07-10,7.0,7.0,6.9,6.95,43236
2012-07-11,7.03,7.03,6.95,6.95,23281
2012-07-12,6.92,6.92,6.86,6.91,27715
2012-07-13,6.91,6.91,6.81,6.83,55431
2012-07-16,6.89,6.91,6.83,6.9,64300
2012-07-17,6.84,6.91,6.82,6.91,85365
2012-07-18,6.94,6.94,6.82,6.82,43236
2012-07-19,6.84,6.94,6.67,6.8,75387
2012-07-20,6.8,6.93,6.8,6.86,11086
2012-07-23,6.69,6.83,6.67,6.81,15520
2012-07-24,6.81,6.81,6.42,6.47,101994
2012-07-25,6.45,6.63,6.45,6.58,50997
2012-07-26,6.52,6.56,6.46,6.54,26607
2012-07-27,6.58,6.58,6.53,6.53,19955
2012-07-30,6.53,6.58,6.41,6.54,34367
2012-07-31,6.54,6.65,6.49,6.63,42128
2012-08-01,6.63,6.72,6.63,6.64,62083
2012-08-02,6.64,6.64,6.64,6.64,0
2012-08-03,6.36,6.67,6.36,6.58,72061
2012-08-06,6.58,6.67,6.5,6.67,15520
2012-08-07,6.63,6.73,6.63,6.7,25498
2012-08-08,6.63,6.72,6.59,6.59,44345
2012-08-09,6.67,6.67,6.49,6.64,146340
2012-08-10,6.67,6.77,6.55,6.77,206206
2012-08-13,7.22,7.24,7.22,7.24,156317
2012-08-14,7.72,7.75,7.41,7.49,538797
2012-08-15,7.67,7.85,7.59,7.78,277159
2012-08-16,7.62,7.62,7.41,7.5,120841
2012-08-17,7.22,7.52,7.22,7.49,94234
2012-08-20,7.49,7.53,7.22,7.49,115298
2012-08-21,7.48,7.5,7.23,7.38,185142
2012-08-22,7.36,7.5,7.36,7.5,35476
2012-08-23,7.49,7.53,7.41,7.49,33259
2012-08-24,7.49,7.52,7.4,7.42,56540
2012-08-27,7.49,7.59,7.43,7.44,140796
2012-08-28,7.41,7.42,7.41,7.41,35476
2012-08-29,7.49,7.53,7.42,7.53,79821
2012-08-30,7.49,7.51,7.46,7.51,22172
2012-08-31,7.41,7.49,7.41,7.49,36585
2012-09-03,7.44,7.48,7.31,7.4,95342
2012-09-04,7.49,7.49,7.32,7.4,31041
2012-09-05,7.4,7.4,7.36,7.36,9977
2012-09-06,7.4,7.4,7.26,7.28,44345
2012-09-07,7.31,7.44,7.31,7.35,88690
2012-09-10,7.31,7.38,7.31,7.31,64300
2012-09-11,7.34,7.35,7.32,7.32,58757
2012-09-12,7.32,7.4,7.27,7.29,79821
2012-09-13,7.31,7.31,7.17,7.18,136362
2012-09-14,7.13,7.3,7.04,7.22,103103
2012-09-17,7.13,7.17,7.13,7.14,58757
2012-09-18,7.14,7.21,7.14,7.2,48780
2012-09-19,7.2,7.28,7.14,7.21,107537
2012-09-20,7.13,7.2,7.13,7.16,28824
2012-09-21,7.14,7.22,7.13,7.22,47671
2012-09-24,7.26,7.49,7.23,7.39,156317
2012-09-25,7.32,7.47,7.27,7.34,58757
2012-09-26,7.34,7.34,7.28,7.28,19955
2012-09-27,7.17,7.4,7.13,7.2,37693
2012-09-28,7.31,7.31,7.2,7.2,37693
2012-10-01,7.2,7.4,7.2,7.4,121950
2012-10-02,7.4,7.42,7.32,7.32,48780
2012-10-03,7.28,7.35,7.27,7.35,37693
2012-10-04,7.29,7.67,7.29,7.67,241682
2012-10-05,7.67,7.76,7.42,7.58,166295
2012-10-08,7.57,7.57,7.44,7.53,64300
2012-10-09,7.4,7.64,7.4,7.56,47671
2012-10-11,7.49,7.49,7.08,7.37,99777
2012-10-12,7.4,7.4,7.22,7.26,63192
2012-10-15,7.22,7.25,7.17,7.25,23281
2012-10-16,7.25,7.35,7.18,7.22,273833
2012-10-17,7.23,7.23,7.19,7.19,18846
2012-10-18,7.22,7.32,7.14,7.23,27715
2012-10-19,7.15,7.3,7.13,7.14,114189
2012-10-22,7.09,7.24,7.09,7.12,1300431
2012-10-23,7.22,7.34,7.14,7.3,981143
2012-10-24,7.24,7.44,7.24,7.31,68735
2012-10-25,7.39,7.39,7.14,7.14,78713
2012-10-26,7.14,7.22,6.66,6.68,794892
2012-10-29,6.9,7.07,6.72,6.76,89799
2012-10-30,6.79,7.13,6.77,6.86,69844
2012-10-31,6.93,6.93,6.77,6.77,29933
2012-11-01,6.69,6.83,6.67,6.72,41019
2012-11-02,6.77,6.77,6.61,6.66,29933
2012-11-05,6.72,6.72,6.63,6.63,19955
2012-11-06,6.66,6.66,6.63,6.63,9977
2012-11-07,6.64,6.78,6.64,6.78,2217
2012-11-08,6.78,6.78,6.55,6.62,68735
2012-11-09,6.62,6.7,6.55,6.6,73170
2012-11-12,6.61,6.67,6.58,6.58,25498
2012-11-13,6.58,6.59,6.56,6.58,32150
2012-11-14,6.49,6.76,6.49,6.72,59866
2012-11-15,6.62,6.63,6.52,6.6,38802
2012-11-16,6.68,6.68,6.49,6.49,25498
2012-11-19,6.49,6.49,6.49,6.49,2217
2012-11-20,6.67,6.67,6.4,6.49,13303
2012-11-21,6.4,6.43,6.4,6.4,44345
2012-11-22,6.36,6.48,6.13,6.31,168512
2012-11-23,6.31,6.31,6.23,6.27,70952
2012-11-26,6.31,6.62,6.31,6.48,296006
2012-11-27,6.14,6.48,6.14,6.4,37693
2012-11-28,6.37,6.37,6.13,6.26,131927
2012-11-29,6.29,6.31,6.17,6.3,78713
2012-11-30,6.3,6.39,6.3,6.31,37693
2012-12-03,6.45,6.45,6.36,6.36,11086
2012-12-04,6.54,6.54,6.28,6.36,140796
2012-12-05,6.31,6.43,6.31,6.4,133036
2012-12-06,6.49,6.49,6.28,6.32,90908
2012-12-07,6.28,6.36,6.28,6.36,98668
2012-12-10,6.32,6.32,6.22,6.31,70952
2012-12-11,6.22,6.31,6.22,6.23,63192
2012-12-12,6.67,6.67,6.67,6.67,329265
2012-12-13,7.13,7.13,7.13,7.13,208423
2012-12-14,7.62,7.62,7.4,7.62,1869162
2012-12-17,7.98,8.15,7.89,8.15,1074269
2012-12-18,8.72,8.72,8.15,8.3,2819264
2012-12-19,7.72,8.28,7.72,8.12,1207305
2012-12-20,7.94,8.0,7.62,7.65,570948
2012-12-21,7.74,8.18,7.65,8.18,1107528
2012-12-24,8.15,8.15,7.89,7.94,417956
2012-12-25,7.95,8.14,7.77,7.94,410195
2012-12-26,8.02,8.24,7.94,7.94,431259
2012-12-27,7.94,8.06,7.85,7.87,302657
2012-12-28,7.89,8.1,7.89,7.9,246117
2013-01-02,7.96,8.44,7.96,8.27,544340
2013-01-03,8.43,8.43,8.03,8.12,269398
2013-01-04,8.07,8.15,8.03,8.12,140796
2013-01-07,8.12,8.15,7.98,8.14,141905
2013-01-08,8.14,8.34,8.13,8.13,180707
2013-01-09,8.14,8.17,7.95,7.99,210641
2013-01-10,8.08,8.08,7.89,7.89,283811
2013-01-11,7.94,8.12,7.89,7.9,219510
2013-01-14,7.9,7.92,7.67,7.85,171838
2013-01-15,7.85,7.88,7.73,7.84,121950
2013-01-16,7.76,7.9,7.71,7.76,88690
2013-01-17,7.71,8.16,7.69,7.8,628597
2013-01-18,7.94,7.94,7.8,7.81,152991
2013-01-21,7.9,7.93,7.82,7.85,131927
2013-01-22,7.86,7.91,7.8,7.8,52105
2013-01-23,7.8,7.9,7.78,7.78,48780
2013-01-24,7.76,7.76,7.73,7.74,23281
2013-01-25,7.74,7.87,7.71,7.71,34367
2013-01-28,7.72,7.81,7.72,7.72,39910
2013-01-29,7.74,7.76,7.72,7.73,105320
2013-01-30,7.77,7.93,7.74,7.92,150774
2013-01-31,7.91,7.91,7.74,7.8,115298
2013-02-01,7.8,7.8,7.58,7.59,278267
2013-02-04,7.59,7.71,7.49,7.59,200663
2013-02-05,7.56,7.64,7.54,7.55,80930
2013-02-06,7.67,7.67,7.5,7.66,104211
2013-02-18,7.89,7.89,7.67,7.69,221727
2013-02-19,7.8,7.85,7.76,7.83,212858
2013-02-20,7.89,7.89,7.79,7.81,156317
2013-02-21,7.69,7.81,7.69,7.76,60975
2013-02-22,7.76,7.76,7.63,7.71,139688
2013-02-25,7.69,7.69,7.63,7.63,86473
2013-02-26,7.63,7.78,7.6,7.6,168512
2013-02-27,7.6,7.69,7.54,7.69,185142
2013-03-01,7.69,7.76,7.59,7.76,158535
2013-03-04,7.85,7.85,7.66,7.67,136362
2013-03-05,7.67,7.9,7.67,7.85,198446
2013-03-06,7.94,8.12,7.79,7.96,291571
2013-03-07,7.94,8.25,7.78,8.16,886909
2013-03-08,8.16,8.16,8.02,8.03,174056
2013-03-11,8.03,8.3,7.97,8.07,156317
2013-03-12,8.08,8.21,8.05,8.06,130819
2013-03-13,8.13,8.2,8.04,8.1,62083
2013-03-14,8.1,8.2,8.06,8.06,155209
2013-03-15,8.12,8.12,8.03,8.04,217292
2013-03-18,8.25,8.25,8.03,8.03,104211
2013-03-19,8.03,8.16,8.03,8.03,273833
2013-03-20,8.05,8.05,7.9,7.94,117515
2013-03-21,7.96,7.96,7.87,7.87,99777
2013-03-22,7.76,7.97,7.76,7.78,88690
2013-03-25,8.12,8.33,7.8,8.33,662964
2013-03-26,8.84,8.9,8.57,8.9,1939006
2013-03-27,8.89,8.96,8.66,8.77,1111963
2013-03-28,8.73,9.38,8.73,9.38,1072052
2013-03-29,10.01,10.01,10.01,10.01,1896878
2013-04-01,10.69,10.69,10.01,10.33,4669579
2013-04-02,10.28,10.51,9.79,10.1,2147430
2013-04-03,10.15,10.78,10.15,10.78,2017719
2013-04-08,10.91,11.5,10.91,11.5,4471133
2013-04-09,12.27,12.27,11.5,12.13,6529872
2013-04-10,11.82,12.0,11.37,11.73,2809286
2013-04-11,12.0,12.36,11.73,11.91,2331463
2013-04-12,11.77,11.82,11.18,11.37,2247207
2013-04-15,11.09,11.14,10.6,10.6,2511063
2013-04-16,9.97,10.96,9.97,10.91,1696214
2013-04-17,10.73,10.96,10.51,10.55,1178481
2013-04-18,10.55,10.91,10.42,10.55,1105311
2013-04-19,10.55,10.55,10.24,10.24,893561
2013-04-22,10.28,10.91,10.28,10.91,1283801
2013-04-23,11.09,11.64,11.09,11.64,2781570
2013-04-24,11.77,12.45,11.73,11.86,4801507
2013-04-25,11.86,12.09,11.5,11.82,1450097
2013-04-26,11.91,12.31,11.28,11.41,1998872
2013-04-29,11.41,12.18,11.32,11.95,1902421
2013-04-30,11.95,12.13,11.64,11.73,1199545
2013-05-02,11.73,11.95,11.32,11.46,924603
2013-05-03,11.82,12.22,11.82,12.22,2155190
2013-05-06,12.54,13.03,12.54,12.85,5455603
2013-05-07,12.63,12.81,12.27,12.31,1982243
2013-05-08,12.31,12.81,12.27,12.45,1904638
2013-05-09,12.49,12.58,12.18,12.18,1184024
2013-05-10,12.18,12.94,12.18,12.49,2284901
2013-05-13,12.49,12.49,11.86,11.95,1421272
2013-05-14,12.04,12.13,11.73,11.82,1202871
2013-05-15,12.0,12.04,11.77,11.82,633031
2013-05-16,12.27,12.27,11.23,11.23,1554309
2013-05-17,11.23,11.68,11.18,11.37,1355863
2013-05-20,11.37,11.55,11.09,11.37,1188458
2013-05-21,11.28,12.0,11.23,11.59,1389122
2013-05-22,11.55,11.68,11.37,11.37,802653
2013-05-23,11.37,11.5,11.14,11.14,752764
2013-05-24,11.46,11.46,11.14,11.14,669616
2013-05-27,11.14,11.28,11.09,11.18,427933
2013-05-28,11.18,11.37,11.05,11.28,507755
2013-05-29,11.23,11.28,11.0,11.0,567622
2013-05-30,11.18,11.28,11.0,11.05,473388
2013-05-31,11.09,11.18,10.69,10.69,721722
2013-06-03,10.69,11.23,10.51,10.78,756090
2013-06-04,10.87,11.05,10.69,10.73,773828
2013-06-05,10.82,11.23,10.78,11.0,560970
2013-06-06,10.91,11.18,10.78,10.78,441237
2013-06-07,11.14,11.14,10.37,10.37,576491
2013-06-10,10.37,10.64,10.15,10.19,562079
2013-06-11,10.19,10.19,9.56,9.65,1005533
2013-06-13,9.29,9.47,9.02,9.2,680703
2013-06-14,9.38,9.47,9.25,9.34,416847
2013-06-17,9.47,9.56,9.34,9.47,223944
2013-06-18,9.56,10.1,9.52,10.1,383588
2013-06-19,10.78,10.78,10.78,10.78,592012
2013-06-20,11.05,11.28,10.6,10.82,1697323
2013-06-21,10.37,11.0,10.1,10.46,1152982
2013-06-24,10.33,10.78,10.19,10.19,506647
2013-06-25,10.19,10.19,9.52,9.74,511081
2013-06-26,9.65,10.01,9.65,9.74,433477
2013-06-27,9.92,10.1,9.56,9.56,339242
2013-06-28,9.61,9.74,9.43,9.43,307092
2013-07-01,9.83,10.06,9.65,10.06,251660
2013-07-02,10.28,10.6,10.1,10.1,712853
2013-07-03,9.92,10.01,9.65,9.65,296006
2013-07-04,9.65,9.83,9.61,9.61,124167
2013-07-05,9.88,9.88,9.65,9.7,127493
2013-07-08,9.7,9.92,9.7,9.79,199554
2013-07-09,10.01,10.01,9.52,9.65,289354
2013-07-10,9.74,9.97,9.56,9.74,276050
2013-07-11,9.92,9.92,9.65,9.74,253877
2013-07-12,9.65,10.42,9.65,10.42,686246
2013-07-15,10.37,10.64,10.15,10.15,640792
2013-07-16,10.37,10.37,10.06,10.06,260529
2013-07-17,10.1,10.15,9.97,9.97,207315
2013-07-18,10.06,10.24,9.79,9.79,222836
2013-07-19,9.79,10.15,9.79,9.92,343677
2013-07-22,9.92,10.1,9.92,9.92,111972
2013-07-23,10.01,10.28,9.97,10.06,253877
2013-07-24,10.06,10.15,9.92,9.92,229487
2013-07-25,10.01,10.01,9.79,9.79,161861
2013-07-26,9.83,9.97,9.74,9.79,216184
2013-07-29,9.74,9.88,9.65,9.7,290462
2013-07-30,9.7,9.88,9.7,9.79,157426
2013-07-31,9.79,9.79,9.52,9.56,235031
2013-08-01,9.56,9.7,9.56,9.56,162969
2013-08-02,9.56,9.74,9.56,9.61,137471
2013-08-05,9.56,9.88,9.56,9.74,141905
2013-08-06,9.7,9.7,9.56,9.56,144122
2013-08-07,9.56,9.74,9.52,9.56,184033
2013-08-08,9.61,9.65,9.56,9.56,128601
2013-08-09,9.61,9.74,9.47,9.52,149666
2013-08-12,9.65,9.65,9.47,9.47,88690
2013-08-13,9.47,9.56,9.47,9.47,85365
2013-08-14,9.56,9.56,9.34,9.34,164078
2013-08-15,9.34,9.34,9.02,9.02,276050
2013-08-16,8.57,8.9,8.57,8.82,313744
2013-08-19,8.82,8.97,8.79,8.85,151883
2013-08-20,8.95,8.95,8.87,8.91,136362
2013-08-22,8.91,8.91,8.79,8.8,42128
2013-08-23,8.81,9.0,8.81,8.86,95342
2013-08-26,8.39,8.8,8.39,8.7,151883
2013-08-27,8.58,8.58,8.41,8.52,242791
2013-08-28,8.57,8.57,8.15,8.15,272724
2013-08-29,8.16,8.38,8.16,8.23,78713
2013-08-30,8.38,8.39,8.25,8.36,78713
2013-09-02,8.48,8.94,8.31,8.94,263855
2013-09-03,9.47,9.56,9.34,9.56,625271
2013-09-04,9.56,9.65,9.11,9.47,457867
2013-09-05,9.47,9.47,9.29,9.29,264964
2013-09-06,9.61,9.74,9.29,9.29,212858
2013-09-09,9.47,9.92,9.47,9.92,477822
2013-09-10,9.92,10.19,9.52,9.56,607533
2013-09-11,9.52,9.61,9.34,9.38,242791
2013-09-12,9.38,9.79,9.38,9.74,217292
2013-09-13,9.74,9.88,9.56,9.61,113080
2013-09-16,9.92,10.01,9.65,9.79,586469
2013-09-17,9.56,9.79,9.56,9.61,208423
2013-09-18,9.47,9.7,9.38,9.56,264964
2013-09-23,9.7,9.7,9.56,9.56,114189
2013-09-24,9.56,9.65,9.43,9.56,192902
2013-09-25,9.61,9.83,9.56,9.61,110863
2013-09-26,10.01,10.24,10.01,10.24,943450
2013-09-27,10.15,10.15,9.83,10.06,818174
2013-09-30,10.24,10.33,10.1,10.15,318178
2013-10-01,10.19,10.19,9.83,9.83,451215
2013-10-02,9.88,10.51,9.88,10.51,1110854
2013-10-03,10.6,11.05,10.24,10.73,1595328
2013-10-04,10.64,11.0,10.6,10.82,722831
2013-10-07,10.96,10.96,10.55,10.64,222836
2013-10-08,10.6,10.6,10.37,10.37,246117
2013-10-09,10.42,10.46,10.24,10.28,220618
2013-10-11,10.33,10.55,10.1,10.1,247226
2013-10-14,10.1,10.1,9.74,10.1,215075
2013-10-15,10.1,10.1,9.97,10.01,189576
2013-10-16,10.06,10.1,9.97,9.97,103103
2013-10-17,10.01,10.01,9.83,9.88,191794
2013-10-18,9.83,10.06,9.74,9.79,379153
2013-10-21,9.83,10.28,9.74,9.74,381371
2013-10-22,9.83,10.15,9.83,10.15,268290
2013-10-23,10.28,10.28,9.88,9.92,337025
2013-10-24,10.06,10.06,9.92,10.01,157426
2013-10-25,10.19,10.24,10.1,10.24,627488
2013-10-28,10.73,10.91,10.73,10.91,2468934
2013-10-29,10.82,10.82,10.55,10.64,1307083
2013-10-30,10.64,10.64,10.28,10.42,687355
2013-10-31,10.46,10.64,10.37,10.37,325939
2013-11-01,10.37,10.55,10.28,10.37,332591
2013-11-04,10.82,11.09,10.55,11.09,2317051
2013-11-05,11.55,11.73,10.91,10.91,2746094
2013-11-06,11.09,11.23,10.73,11.05,1059857
2013-11-07,11.05,11.14,10.78,10.78,662964
2013-11-08,10.69,11.09,10.64,10.64,528819
2013-11-11,10.82,10.82,9.92,9.97,1184024
2013-11-12,9.97,10.28,9.92,9.97,322613
2013-11-13,9.97,10.15,9.92,10.1,237248
2013-11-14,10.1,10.15,9.83,9.97,217292
2013-11-15,9.97,10.15,9.97,10.01,174056
2013-11-18,10.01,10.19,10.01,10.01,113080
2013-11-19,10.01,10.1,10.01,10.01,105320
2013-11-20,10.1,10.15,10.01,10.06,88690
2013-11-21,10.01,10.1,9.97,9.97,138579
2013-11-22,10.01,10.19,10.01,10.06,116406
2013-11-25,10.06,10.15,9.92,9.92,151883
2013-11-26,9.97,10.19,9.97,10.1,248334
2013-11-27,10.1,10.28,10.1,10.19,184033
2013-11-28,10.37,10.82,10.33,10.78,971166
2013-11-29,10.73,11.0,10.55,11.0,644118
2013-12-02,11.68,11.68,10.91,10.91,1327038
2013-12-03,10.91,10.96,10.6,10.64,553209
2013-12-04,10.69,10.78,10.46,10.46,359198
2013-12-05,10.37,10.73,10.37,10.69,247226
2013-12-06,10.69,11.09,10.6,10.82,452323
2013-12-09,11.0,11.05,10.64,10.69,209532
2013-12-10,10.69,10.96,10.64,10.82,261638
2013-12-11,11.0,11.0,10.64,10.64,266072
2013-12-12,10.69,10.69,10.55,10.64,141905
2013-12-13,10.55,10.73,10.46,10.64,141905
2013-12-16,10.64,10.78,10.55,10.69,180707
2013-12-17,10.78,10.78,10.55,10.55,246117
2013-12-18,10.37,10.6,10.37,10.51,211749
2013-12-19,10.51,10.64,10.42,10.46,246117
2013-12-20,10.46,10.55,10.1,10.19,458975
2013-12-23,10.19,10.46,9.83,10.15,666290
2013-12-24,10.19,10.19,9.97,10.1,243900
2013-12-25,10.1,10.46,10.1,10.42,239465
2013-12-26,10.46,10.46,10.24,10.37,219510
2013-12-27,10.42,10.55,10.37,10.37,472279
2013-12-30,10.42,11.0,10.37,10.82,900213
2013-12-31,10.87,10.91,10.64,10.64,461193
2014-01-02,10.73,10.87,10.73,10.78,299332
2014-01-03,10.73,10.78,10.51,10.69,282702
2014-01-06,10.91,10.91,10.64,10.73,171838
2014-01-07,10.73,10.82,10.64,10.64,129710
2014-01-08,10.64,10.78,10.64,10.69,209532
2014-01-09,10.69,10.73,10.51,10.51,213966
2014-01-10,10.51,10.78,10.46,10.55,232813
2014-01-13,10.69,11.28,10.64,11.28,2507737
2014-01-14,11.05,11.05,10.6,10.82,1114180
2014-01-15,10.82,11.55,10.82,11.55,3165158
2014-01-16,11.55,12.31,11.28,12.09,3361387
2014-01-17,12.13,12.81,11.86,12.36,3471142
2014-01-20,12.49,12.49,12.09,12.36,1747212
2014-01-21,12.36,12.4,12.0,12.18,1094224
2014-01-22,12.18,12.63,12.0,12.0,1107528
2014-01-23,12.0,12.13,11.55,11.55,975600
2014-01-24,11.73,11.91,11.55,11.91,568730
2014-01-27,11.91,12.31,11.73,12.22,1298214
2014-02-05,12.09,13.03,11.82,13.03,4216146
2014-02-06,13.12,13.49,12.76,13.35,2946757
2014-02-07,13.35,13.35,12.99,13.21,1148548
2014-02-10,13.26,13.35,12.94,12.94,1352537
2014-02-11,13.03,13.8,13.03,13.76,2452305
2014-02-12,13.8,13.8,13.39,13.53,1177372
2014-02-13,13.53,13.53,13.17,13.17,771611
2014-02-14,13.3,14.07,13.3,14.07,3986659
2014-02-17,14.07,14.97,13.62,14.88,4177344
2014-02-18,15.24,15.92,14.88,15.88,5372455
2014-02-19,15.79,16.15,14.93,15.51,3666262
2014-02-20,15.33,15.51,14.43,14.66,4126347
2014-02-21,14.43,15.2,14.43,14.7,2008850
2014-02-24,14.43,14.75,14.21,14.43,1873596
2014-02-25,14.43,14.7,14.12,14.39,1033249
2014-02-26,14.43,14.52,14.12,14.52,1203979
2014-02-27,14.7,14.75,14.25,14.34,1323712
2014-03-03,14.34,14.52,14.03,14.07,748330
2014-03-04,13.8,13.94,13.12,13.53,1869162
2014-03-05,13.71,13.8,13.39,13.62,1141896
2014-03-06,13.62,13.62,13.21,13.44,926820
2014-03-07,13.53,14.34,13.26,14.34,2435675
2014-03-10,14.34,14.43,13.76,13.94,1277149
2014-03-11,13.94,14.25,13.08,13.58,1800426
2014-03-12,13.35,13.67,13.35,13.39,719505
2014-03-13,13.39,13.62,13.39,13.39,738352
2014-03-14,13.39,13.39,13.17,13.17,1186241
2014-03-17,13.08,13.35,12.94,13.3,631923
2014-03-18,13.3,13.8,13.3,13.39,835912
2014-03-19,13.35,13.58,13.21,13.21,444563
2014-03-20,13.17,13.17,12.94,12.94,344786
2014-03-21,12.94,13.35,12.94,13.03,465627
2014-03-24,12.9,12.94,12.13,12.4,616402
2014-03-25,12.9,12.9,12.49,12.85,548775
2014-03-26,12.76,12.81,12.67,12.67,407978
2014-03-27,12.54,13.53,12.54,13.53,967840
2014-03-28,13.89,14.12,13.3,13.58,2210622
2014-03-31,13.94,14.52,13.8,14.52,4005505
2014-04-01,14.61,15.15,14.52,14.7,2658511
2014-04-02,14.79,15.69,14.3,15.51,4113043
2014-04-03,15.56,15.6,15.02,15.15,2730573
2014-04-07,14.97,14.97,14.12,14.43,2964495
2014-04-08,14.61,15.42,14.61,15.42,4453395
2014-04-09,15.79,16.46,15.79,16.46,7322548
2014-04-10,16.96,17.32,15.88,16.69,6013247
2014-04-11,15.79,16.46,15.56,15.79,4366921
2014-04-14,15.79,16.15,15.6,15.6,1753863
2014-04-15,15.6,15.97,14.97,15.2,2014393
2014-04-16,15.2,16.24,15.15,16.24,3774909
2014-04-17,16.69,17.36,16.24,16.91,5207268
2014-04-18,16.91,17.32,16.28,16.51,1818164
2014-04-21,16.24,17.05,16.24,16.51,1544331
2014-04-22,16.51,16.69,15.97,16.24,1865836
2014-04-23,16.51,16.87,15.79,16.01,2097541
2014-04-24,15.79,16.19,15.69,15.69,1358080
2014-04-25,15.69,15.69,14.66,14.7,2927910
2014-04-28,14.34,15.6,14.3,15.33,1770493
2014-04-29,15.29,15.71,15.29,15.47,1168736
2014-04-30,15.75,15.75,15.34,15.38,806137
2014-05-02,15.29,15.52,15.24,15.29,648578
2014-05-05,15.29,15.57,15.29,15.47,435983
2014-05-06,15.52,15.52,15.1,15.2,921607
2014-05-07,15.1,15.52,14.83,15.24,1080245
2014-05-08,15.34,16.03,15.24,15.57,1299316
2014-05-09,15.75,15.75,15.06,15.06,950745
2014-05-12,15.06,15.06,14.73,14.73,925924
2014-05-13,14.83,15.1,14.08,14.22,953982
2014-05-14,14.22,14.55,14.13,14.27,809374
2014-05-15,14.27,14.36,14.08,14.13,424112
2014-05-16,13.62,13.95,13.25,13.62,1065136
2014-05-19,13.62,13.9,13.62,13.71,475912
2014-05-20,13.9,14.64,13.76,14.64,935637
2014-05-21,14.78,15.61,14.78,15.2,1945736
2014-05-22,15.29,15.47,14.97,15.15,1060820
2014-05-23,14.83,15.01,14.46,15.01,2417332
2014-05-26,15.01,15.01,14.5,14.92,1365145
2014-05-27,14.87,14.87,14.55,14.69,769445
2014-05-28,14.73,15.52,14.64,15.15,2149698
2014-05-29,15.15,15.15,14.83,14.83,487783
2014-05-30,14.83,15.06,14.73,14.87,505049
2014-06-03,14.92,14.92,14.36,14.36,618362
2014-06-04,14.18,14.64,14.08,14.32,568720
2014-06-05,14.32,14.36,14.04,14.27,989595
2014-06-06,14.27,14.46,14.18,14.36,532028
2014-06-09,14.36,14.59,14.27,14.36,651816
2014-06-10,14.36,14.36,14.08,14.08,398212
2014-06-11,14.08,14.46,13.9,14.22,743545
2014-06-12,14.08,14.32,14.08,14.22,443537
2014-06-13,14.5,14.5,14.18,14.27,270870
2014-06-16,14.18,14.36,14.13,14.13,344254
2014-06-17,14.13,15.1,14.08,15.1,2594315
2014-06-18,15.2,15.47,14.69,14.69,2160490
2014-06-19,14.64,15.06,14.64,14.73,821245
2014-06-20,14.73,14.83,14.55,14.55,460803
2014-06-23,14.87,15.52,14.55,15.52,2722736
2014-06-24,15.75,16.49,15.75,16.03,5003014
2014-06-25,16.08,16.49,15.66,15.85,2622373
2014-06-26,16.03,16.68,15.71,16.31,3338940
2014-06-27,16.73,17.14,16.4,16.86,4069535
2014-06-30,17.14,17.19,16.4,16.77,3322752
2014-07-01,17.24,17.28,16.17,16.22,3805139
2014-07-02,15.94,16.36,15.38,15.57,2387115
2014-07-03,15.57,15.85,15.57,15.75,1058661
2014-07-04,15.8,15.8,15.29,15.38,1081324
2014-07-07,15.38,15.94,15.38,15.47,1334928
2014-07-08,15.47,15.66,15.38,15.47,799662
2014-07-09,15.52,15.71,15.47,15.57,374470
2014-07-10,15.71,15.75,15.29,15.34,840670
2014-07-11,15.57,15.71,14.69,14.87,1346799
2014-07-14,15.2,15.2,14.87,14.92,581670
2014-07-15,15.1,15.94,14.97,15.94,2723815
2014-07-16,15.85,16.17,15.57,15.66,1340324
2014-07-17,15.66,15.94,15.47,15.47,672320
2014-07-18,15.29,15.43,14.97,15.24,639945
2014-07-21,15.24,15.52,15.24,15.29,620520
2014-07-22,15.29,15.34,15.06,15.1,397133
2014-07-23,15.1,15.1,15.1,15.1,0
2014-07-24,15.1,15.29,15.1,15.15,488862
2014-07-25,15.15,15.24,15.06,15.06,551453
2014-07-28,15.1,15.1,14.83,14.83,614045
2014-07-29,14.97,14.97,14.18,14.36,916212
2014-07-30,14.36,14.78,14.36,14.69,399291
2014-07-31,14.64,14.64,14.36,14.46,265474
2014-08-01,14.36,14.59,14.27,14.5,230941
2014-08-04,14.55,14.78,14.41,14.64,184537
2014-08-05,14.64,14.64,14.36,14.41,282741
2014-08-06,14.41,14.46,13.71,13.9,543899
2014-08-07,13.95,14.41,13.9,14.08,457566
2014-08-08,14.04,14.04,13.71,13.85,416558
2014-08-11,13.95,14.08,13.81,14.04,227704
2014-08-12,14.13,14.18,13.9,13.95,287058
2014-08-13,13.95,14.46,13.95,14.22,405766
2014-08-14,14.18,14.46,13.9,13.95,453249
2014-08-15,13.95,13.95,13.48,13.53,584908
2014-08-18,13.53,13.76,13.53,13.67,326987
2014-08-19,13.71,13.99,13.62,13.99,290295
2014-08-20,13.99,14.08,13.81,13.9,388499
2014-08-21,13.95,14.04,13.48,13.67,328066
2014-08-22,13.71,14.04,13.71,13.81,358283
2014-08-25,13.81,13.85,13.62,13.71,176983
2014-08-26,13.76,13.95,13.76,13.95,248208
2014-08-27,13.95,14.04,13.76,13.81,352887
2014-08-28,13.85,13.99,13.76,13.81,201804
2014-08-29,13.81,14.04,13.76,13.95,397133
2014-09-01,13.99,14.27,13.99,14.08,351808
2014-09-02,14.08,14.08,13.71,13.71,306483
2014-09-03,13.9,13.9,13.71,13.71,175904
2014-09-04,13.71,13.81,13.62,13.67,126262
2014-09-05,13.67,13.71,13.53,13.62,178062
2014-09-09,13.67,13.85,13.67,13.76,102520
2014-09-10,13.76,13.85,13.62,13.81,127341
2014-09-11,13.71,13.85,13.58,13.85,319433
2014-09-12,13.85,13.85,13.58,13.76,160795
2014-09-15,13.76,13.76,13.48,13.58,106837
2014-09-16,13.62,13.62,13.07,13.11,386341
2014-09-17,13.34,13.44,13.25,13.39,285979
2014-09-18,13.44,13.44,13.3,13.44,196408
2014-09-19,13.25,13.44,13.25,13.34,131658
2014-09-22,13.34,13.44,13.02,13.11,126262
2014-09-23,13.11,13.25,13.07,13.16,214754
2014-09-24,13.44,13.44,13.11,13.11,126262
2014-09-25,13.16,13.16,12.79,12.79,279504
2014-09-26,12.42,12.65,11.91,12.05,1188161
2014-09-29,12.14,12.14,11.44,11.58,369074
2014-09-30,11.58,11.58,10.84,11.54,898945
2014-10-01,11.4,12.32,11.35,12.32,988516
2014-10-02,12.05,12.74,12.05,12.51,614045
2014-10-03,12.74,12.74,12.28,12.51,310799
2014-10-06,12.51,12.74,12.51,12.6,162954
2014-10-07,12.6,12.6,12.14,12.23,247129
2014-10-08,12.14,12.69,11.91,12.28,382024
2014-10-09,12.69,12.69,11.95,11.95,352887
2014-10-13,11.72,12.05,11.68,11.68,220149
2014-10-14,12.05,12.05,11.44,11.86,174824
2014-10-15,12.05,12.05,11.58,11.58,188854
2014-10-16,11.12,11.63,11.03,11.4,347491
2014-10-17,11.72,12.19,11.49,11.81,993912
2014-10-20,11.58,11.81,11.49,11.58,371233
2014-10-21,11.58,11.86,11.58,11.63,164033
2014-10-22,11.86,11.86,11.63,11.68,173745
2014-10-23,11.58,11.58,11.49,11.54,145687
2014-10-24,11.54,11.58,11.26,11.35,173745
2014-10-27,11.44,11.44,11.03,11.03,235258
2014-10-28,11.17,11.26,11.12,11.17,113312
2014-10-29,11.21,11.58,11.21,11.31,258999
2014-10-30,11.26,11.26,11.12,11.17,72304
2014-10-31,11.21,11.44,11.21,11.4,171587
2014-11-03,11.4,11.49,11.4,11.44,99283
2014-11-04,11.44,11.54,11.4,11.4,255762
2014-11-05,11.4,11.4,11.17,11.21,115470
2014-11-06,11.12,11.35,11.12,11.17,132737
2014-11-07,11.31,11.35,11.17,11.17,104679
2014-11-10,11.17,11.4,11.17,11.21,115470
2014-11-11,11.35,11.49,11.31,11.4,267633
2014-11-12,11.31,11.31,11.12,11.21,161874
2014-11-13,11.21,11.31,11.12,11.12,89570
2014-11-14,11.12,11.21,10.98,11.03,134895
2014-11-17,10.75,10.89,10.56,10.56,319433
2014-11-18,10.56,10.7,10.1,10.1,314037
2014-11-19,10.19,10.19,9.78,9.78,225545
2014-11-20,9.82,10.42,9.82,10.29,295691
2014-11-21,10.29,10.33,10.05,10.05,207199
2014-11-24,10.05,10.38,10.05,10.05,116549
2014-11-25,9.92,10.1,9.92,10.01,78779
2014-11-26,10.01,10.05,9.92,10.05,161874
2014-11-27,10.05,10.05,9.82,9.92,244970
2014-11-28,10.05,10.56,10.05,10.56,740307
2014-12-01,10.19,11.26,10.19,11.26,1453636
2014-12-02,11.58,12.05,11.4,12.05,2162648
2014-12-03,12.51,12.88,12.46,12.88,2497190
2014-12-04,13.16,13.25,12.42,12.97,2324523
2014-12-05,12.97,13.3,12.79,13.07,1868036
2014-12-08,13.16,13.3,12.65,12.79,1141757
2014-12-09,12.79,12.88,12.56,12.6,582749
2014-12-10,12.6,13.48,12.6,13.11,2022357
2014-12-11,12.51,12.83,12.32,12.6,1153628
2014-12-12,12.79,13.07,12.65,12.74,690666
2014-12-15,12.32,12.93,12.32,12.88,571958
2014-12-16,12.69,12.88,12.37,12.37,893549
2014-12-17,12.37,12.56,12.32,12.42,494258
2014-12-18,12.6,12.65,12.09,12.09,624837
2014-12-19,12.32,12.32,11.63,11.77,549295
2014-12-22,12.09,12.09,11.81,12.05,308641
2014-12-23,12.05,12.28,12.05,12.14,310799
2014-12-24,12.23,12.32,12.14,12.23,249287
2014-12-25,12.32,12.79,12.28,12.65,600016
2014-12-26,12.65,12.79,12.37,12.46,410083
2014-12-29,12.42,12.56,12.28,12.37,267633
2014-12-30,12.37,12.46,12.37,12.46,173745
2014-12-31,12.46,12.6,12.32,12.46,244970
2015-01-05,12.51,12.51,12.14,12.28,488862
2015-01-06,12.32,13.11,12.32,13.11,2070919
2015-01-07,13.34,13.99,13.34,13.99,2529565
2015-01-08,14.36,14.55,13.11,13.39,3200806
2015-01-09,13.34,13.53,13.02,13.11,1222695
2015-01-12,13.11,13.44,12.97,12.97,636708
2015-01-13,12.97,13.11,12.88,12.93,467278
2015-01-14,13.11,13.16,12.83,12.97,294612
2015-01-15,13.02,13.25,12.79,12.79,566562
2015-01-16,12.65,12.88,12.42,12.42,561166
2015-01-19,12.42,12.74,12.42,12.42,271949
2015-01-20,12.51,12.6,12.42,12.46,371233
2015-01-21,12.6,12.6,12.23,12.23,747862
2015-01-22,12.28,12.51,12.23,12.32,546058
2015-01-23,12.42,12.69,12.28,12.69,753257
2015-01-26,12.69,12.88,12.69,12.79,561166
2015-01-27,12.88,12.93,12.6,12.69,402528
2015-01-28,12.56,12.74,12.56,12.6,377708
2015-01-29,12.74,12.74,12.65,12.65,425330
2015-01-30,12.6,12.65,12.46,12.5,357235
2015-02-02,12.5,12.5,12.22,12.22,344664
2015-02-03,12.22,12.36,12.22,12.36,250379
2015-02-04,12.36,12.74,12.31,12.31,405425
2015-02-05,12.31,12.41,12.22,12.31,126760
2015-02-06,12.41,12.41,12.22,12.27,83808
2015-02-09,12.03,12.22,11.93,11.93,209522
2015-02-10,11.93,12.08,11.79,11.84,266093
2015-02-11,11.74,11.74,11.36,11.36,646376
2015-02-12,11.26,11.26,10.93,11.03,558376
2015-02-13,10.98,11.41,10.93,11.41,478758
2015-02-24,11.45,11.55,11.31,11.31,538472
2015-02-25,11.31,11.74,11.31,11.5,730184
2015-02-26,11.5,11.5,11.26,11.26,621233
2015-03-02,11.26,11.5,11.22,11.31,382378
2015-03-03,11.36,11.36,11.26,11.36,574090
2015-03-04,11.36,11.65,11.26,11.26,615995
2015-03-05,11.26,11.26,11.07,11.07,599233
2015-03-06,11.17,11.41,11.03,11.31,819231
2015-03-09,11.03,11.03,10.74,10.88,2031317
2015-03-10,10.88,10.93,10.69,10.74,983706
2015-03-11,10.69,11.26,10.69,11.22,2064841
2015-03-12,11.22,11.6,11.22,11.6,2689217
2015-03-13,11.65,11.79,11.6,11.65,1712844
2015-03-16,11.84,12.03,11.45,11.5,1655225
2015-03-17,11.65,11.74,11.45,11.45,824469
2015-03-18,11.74,12.22,11.6,12.22,4725773
2015-03-19,12.46,13.03,12.41,12.65,6266809
2015-03-20,12.7,12.84,12.31,12.41,2680836
2015-03-23,12.84,12.98,12.41,12.41,2008270
2015-03-24,12.74,13.27,12.7,13.27,6234333
2015-03-25,13.36,13.84,13.03,13.46,5882336
2015-03-26,13.03,13.46,12.98,13.27,2016651
2015-03-27,13.36,13.51,12.89,12.89,1884652
2015-03-30,12.89,13.08,12.22,12.41,1717034
2015-03-31,12.5,12.65,12.31,12.65,1040277
2015-04-01,12.41,12.74,12.41,12.74,859041
2015-04-02,12.79,12.84,12.46,12.55,845422
2015-04-07,12.74,12.74,12.31,12.41,1081134
2015-04-08,12.5,12.89,12.46,12.55,1624844
2015-04-09,12.55,12.7,12.03,12.12,1353513
2015-04-10,12.12,12.31,11.74,11.84,1355608
2015-04-13,11.6,11.84,11.26,11.5,1390179
2015-04-14,11.5,12.27,11.5,12.22,1248752
2015-04-15,12.08,12.41,12.03,12.03,1047611
2015-04-16,12.08,12.22,11.93,11.93,493424
2015-04-17,11.93,11.93,11.65,11.84,373997
2015-04-20,11.93,12.03,11.65,11.65,409615
2015-04-21,11.65,11.79,11.45,11.5,588757
2015-04-22,11.55,11.65,11.5,11.55,297521
2015-04-23,11.6,11.93,11.55,11.6,491329
2015-04-24,11.6,11.74,11.55,11.55,518567
2015-04-27,11.55,11.74,11.5,11.65,508091
2015-04-28,11.69,11.79,11.6,11.6,360378
2015-04-29,11.6,11.6,11.36,11.45,576186
2015-04-30,11.55,11.55,11.26,11.36,595043
2015-05-04,11.36,11.41,11.26,11.26,453615
2015-05-05,11.26,11.41,11.07,11.17,507043
2015-05-06,10.98,11.12,10.98,11.12,554186
2015-05-07,11.07,11.65,11.03,11.36,674661
2015-05-08,11.31,11.41,11.12,11.12,300664
2015-05-11,11.12,11.31,10.83,10.88,507043
2015-05-12,10.79,11.26,10.74,11.26,513329
2015-05-13,11.41,11.41,11.03,11.07,238855
2015-05-14,11.17,11.26,11.03,11.03,294378
2015-05-15,11.03,11.07,10.88,10.88,368759
2015-05-18,10.98,11.17,10.98,10.98,325807
2015-05-19,10.98,10.98,10.79,10.88,387616
2015-05-20,10.88,10.98,10.88,10.93,387616
2015-05-21,10.88,10.88,10.64,10.64,512281
2015-05-22,10.64,10.74,10.55,10.55,466186
2015-05-25,10.55,10.69,10.4,10.4,460948
2015-05-26,10.6,10.74,10.5,10.74,547900
2015-05-27,10.69,10.69,10.5,10.5,342568
2015-05-28,10.55,11.22,10.55,11.22,1199514
2015-05-29,11.22,11.26,10.88,10.98,850660
2015-06-01,10.98,10.98,10.74,10.74,322664
2015-06-02,10.98,11.65,10.98,11.22,812946
2015-06-03,11.22,11.36,10.88,10.88,382378
2015-06-04,10.98,10.98,10.5,10.6,526948
2015-06-05,10.69,10.83,10.5,10.64,453615
2015-06-08,10.64,10.64,10.17,10.26,408568
2015-06-09,10.5,10.5,9.45,9.46,821327
2015-06-10,9.47,9.83,9.47,9.69,453615
2015-06-11,9.55,9.55,8.74,8.87,1662558
2015-06-12,8.88,9.35,8.79,9.13,402282
2015-06-15,9.13,9.13,8.82,9.0,174951
2015-06-16,8.66,9.03,8.51,8.64,562567
2015-06-17,8.64,8.93,8.63,8.81,271331
2015-06-18,8.81,9.33,8.81,9.19,441044
2015-06-22,9.19,9.26,9.02,9.04,248283
2015-06-23,9.14,9.31,9.09,9.25,367711
2015-06-24,9.23,9.25,9.09,9.16,205331
2015-06-25,9.23,9.31,9.11,9.31,337330
2015-06-26,9.32,9.37,9.16,9.27,159236
2015-06-29,9.35,9.35,8.84,8.84,337330
2015-06-30,8.88,9.05,8.85,8.89,227331
2015-07-01,8.89,9.06,8.89,9.03,121522
2015-07-02,9.07,9.1,9.04,9.1,181236
2015-07-03,9.12,9.12,8.9,8.97,164474
2015-07-06,9.02,9.02,8.78,8.78,133046
2015-07-07,8.95,9.01,8.88,8.88,71237
2015-07-08,8.88,8.88,8.43,8.59,334187
2015-07-09,8.59,8.59,8.4,8.54,219998
2015-07-10,8.54,8.54,8.54,8.54,0
2015-07-13,8.54,8.71,8.54,8.61,199046
2015-07-14,8.64,8.69,8.59,8.59,139332
2015-07-15,8.6,8.68,8.54,8.55,148760
2015-07-16,8.56,8.64,8.52,8.54,201141
2015-07-17,8.51,8.56,8.5,8.56,172855
2015-07-20,8.62,8.64,8.46,8.46,158189
2015-07-21,8.46,8.46,8.4,8.41,137237
2015-07-22,8.41,8.6,8.39,8.4,171808
2015-07-23,8.5,8.51,8.0,8.39,417996
2015-07-24,8.58,8.58,8.29,8.46,178093
2015-07-27,8.47,8.59,8.11,8.11,309045
2015-07-28,8.09,8.27,7.97,8.2,229426
2015-07-29,8.3,8.3,8.11,8.11,140379
2015-07-30,8.11,8.25,8.11,8.21,112094
2015-07-31,8.16,8.21,8.09,8.09,170760
2015-08-03,8.09,8.09,7.83,7.85,254569
2015-08-04,7.87,8.27,7.79,7.79,166570
2015-08-05,7.81,7.97,7.76,7.79,103713
2015-08-06,7.82,7.82,7.73,7.73,167617
2015-08-07,7.73,7.88,7.63,7.64,333140
2015-08-10,7.83,8.06,7.64,8.02,187522
2015-08-11,8.15,8.72,8.15,8.69,709232
2015-08-12,8.67,8.88,8.43,8.58,516472
2015-08-13,8.49,8.69,8.41,8.52,144570
2015-08-14,8.72,8.72,8.45,8.54,158189
2015-08-17,8.41,8.58,8.26,8.58,213712
2015-08-18,8.57,8.61,8.4,8.41,100570
2015-08-19,8.27,8.3,7.78,7.78,254569
2015-08-20,7.77,8.55,7.77,8.55,877898
2015-08-21,8.59,9.35,8.5,8.93,1638463
2015-08-24,8.59,8.86,8.05,8.3,872660
2015-08-25,8.17,8.73,8.17,8.56,293331
2015-08-26,8.56,8.68,8.4,8.58,277616
2015-08-27,8.69,8.88,8.59,8.61,337330
2015-08-28,8.66,8.73,8.54,8.57,402282
2015-08-31,9.02,9.02,8.6,8.69,390758
2015-09-01,8.6,8.72,8.59,8.6,307997
2015-09-02,8.6,8.7,8.51,8.6,314283
2015-09-03,8.6,8.73,8.55,8.62,348854
2015-09-04,8.78,8.81,8.63,8.65,290188
2015-09-07,8.64,8.64,8.26,8.36,482948
2015-09-08,8.32,8.44,8.32,8.39,151903
2015-09-09,8.43,8.72,8.43,8.68,399139
2015-09-10,8.64,8.76,8.5,8.72,310092
2015-09-11,8.59,8.73,8.59,8.69,428472
2015-09-14,8.69,9.45,8.69,9.45,939707
2015-09-15,9.31,9.34,9.08,9.13,684090
2015-09-16,9.09,9.3,9.09,9.14,263997
2015-09-17,9.16,9.28,9.1,9.12,364568
2015-09-18,9.14,9.14,8.95,9.14,395996
2015-09-21,9.14,9.14,8.93,8.93,251426
2015-09-22,8.97,9.24,8.93,9.01,372949
2015-09-23,9.06,9.06,8.88,8.88,191712
2015-09-24,9.0,9.0,8.59,8.59,262950
2015-09-25,8.69,8.72,8.54,8.64,117332
2015-09-29,8.64,8.64,8.64,8.64,0
2015-09-30,8.78,8.78,8.61,8.61,140379
2015-10-01,8.63,8.71,8.62,8.62,177046
2015-10-02,8.62,8.68,8.48,8.54,277616
2015-10-05,8.55,8.62,8.5,8.51,230474
2015-10-06,8.54,8.68,8.51,8.51,258759
2015-10-07,8.51,8.59,8.45,8.51,141427
2015-10-08,8.53,8.64,8.48,8.62,393901
2015-10-12,8.62,8.63,8.52,8.6,187522
2015-10-13,8.6,8.76,8.59,8.68,266093
2015-10-14,8.67,8.83,8.67,8.73,172855
2015-10-15,8.72,8.76,8.68,8.73,151903
2015-10-16,8.69,8.72,8.59,8.72,239902
2015-10-19,8.73,8.77,8.62,8.73,385520
2015-10-20,8.73,9.14,8.72,8.93,782565
2015-10-21,8.97,9.26,8.85,9.1,715518
2015-10-22,8.97,9.11,8.97,8.97,397044
2015-10-23,9.0,9.83,9.0,9.83,3160642
2015-10-26,9.93,10.64,9.93,10.36,3113500
2015-10-27,10.02,10.74,9.98,10.64,1816557
2015-10-28,10.69,10.88,10.17,10.17,921897
2015-10-29,10.17,10.31,9.88,9.88,708185
2015-10-30,9.83,10.4,9.83,10.07,437901
2015-11-02,10.31,10.31,9.83,9.83,294378
2015-11-03,10.26,10.26,9.83,10.07,499710
2015-11-04,10.02,10.12,9.88,10.02,275521
2015-11-05,10.07,10.21,10.02,10.02,177046
2015-11-06,9.93,10.21,9.88,10.02,309045
2015-11-09,10.02,10.02,9.74,9.74,269236
2015-11-10,9.64,9.78,9.55,9.64,392854
2015-11-11,9.74,9.74,9.35,9.35,180189
2015-11-12,9.31,9.69,9.16,9.64,393901
2015-11-13,9.55,9.78,9.55,9.69,298569
2015-11-16,9.64,10.02,9.59,10.02,500758
2015-11-17,10.02,10.02,9.74,9.74,152951
2015-11-18,9.93,10.12,9.64,9.64,217903
2015-11-19,9.78,9.78,9.55,9.55,265045
2015-11-20,9.55,9.69,9.5,9.53,186474
2015-11-23,9.59,10.02,9.47,10.02,455710
2015-11-24,10.12,10.17,9.74,9.74,407520
2015-11-25,9.74,10.45,9.53,10.36,644280
2015-11-26,10.31,10.31,9.98,9.98,585614
2015-11-27,10.12,10.55,9.98,10.21,994182
2015-11-30,10.12,10.12,9.83,9.83,259807
2015-12-01,9.83,10.17,9.83,9.88,194855
2015-12-02,9.98,10.07,9.74,9.78,206379
2015-12-03,9.78,9.93,9.55,9.59,423234
2015-12-04,9.64,9.93,9.55,9.74,373997
2015-12-07,9.74,9.74,9.43,9.44,668375
2015-12-08,9.5,9.55,9.38,9.38,282854
2015-12-09,9.38,9.52,9.16,9.21,287045
2015-12-10,9.21,9.27,9.02,9.15,353044
2015-12-11,9.34,9.46,9.12,9.19,202188
2015-12-14,9.12,9.55,9.12,9.41,222093
2015-12-15,9.4,9.43,9.29,9.31,72285
2015-12-16,9.44,9.44,9.29,9.31,134094
2015-12-17,9.31,9.41,9.27,9.27,97427
2015-12-18,9.29,9.29,9.12,9.13,155046
2015-12-21,9.13,9.13,8.93,8.98,159236
2015-12-22,8.98,9.14,8.97,8.99,157141
2015-12-23,9.08,9.09,8.97,8.98,107903
2015-12-24,9.14,9.14,8.97,8.97,101618
2015-12-25,9.08,9.31,8.97,9.09,136189
2015-12-28,9.09,9.09,8.99,8.99,73332
2015-12-29,8.99,9.07,8.97,8.97,90094
2015-12-30,8.97,9.07,8.97,9.0,98475
2015-12-31,9.07,9.07,8.88,8.88,62856
2016-01-04,8.94,8.98,8.78,8.8,180189
2016-01-05,8.65,8.96,8.65,8.91,136189
2016-01-06,8.96,8.97,8.7,8.78,221045
2016-01-07,9.07,9.31,8.71,8.92,442091
2016-01-08,9.07,9.07,8.88,9.02,248283
2016-01-11,9.07,9.07,8.79,8.79,133046
2016-01-12,8.79,8.79,8.51,8.63,375044
2016-01-13,8.65,8.65,8.51,8.64,260855
2016-01-14,8.54,8.56,8.4,8.41,183331
2016-01-15,8.41,8.43,8.0,8.29,336283
2016-01-18,8.26,8.48,8.02,8.35,156094
2016-01-19,8.4,8.5,8.21,8.39,117332
2016-01-20,8.16,8.28,8.02,8.03,292283
2016-01-21,8.04,8.05,7.83,7.89,139332
2016-01-22,8.07,8.07,7.88,7.92,90094
2016-01-25,7.92,8.05,7.92,8.03,100570
2016-01-26,8.0,8.1,7.92,7.93,89046
2016-01-27,7.94,8.01,7.93,7.94,60761
2016-01-28,7.88,7.99,7.88,7.93,135141
2016-01-29,7.93,8.08,7.93,8.0,158189
2016-02-01,8.59,8.59,8.22,8.26,172855
2016-02-02,8.16,8.34,8.16,8.16,92189
2016-02-03,8.11,8.12,7.96,7.98,150855
2016-02-15,7.94,8.23,7.94,8.15,91142
2016-02-16,8.16,8.26,8.09,8.16,143522
2016-02-17,8.16,8.26,8.12,8.12,119427
2016-02-18,8.18,8.3,8.13,8.19,131998
2016-02-19,8.25,8.25,8.17,8.19,141427
2016-02-22,8.31,9.0,8.31,9.0,945992
2016-02-23,9.19,9.19,8.74,8.78,825517
2016-02-24,8.78,8.88,8.62,8.65,254569
2016-02-25,8.59,8.85,8.59,8.64,165522
2016-02-26,8.67,8.78,8.67,8.73,77523
2016-03-01,8.73,8.95,8.73,8.82,229426
2016-03-02,8.88,8.92,8.73,8.77,155046
2016-03-03,8.78,8.78,8.7,8.76,155046
2016-03-04,8.78,8.83,8.72,8.72,217903
2016-03-07,8.8,8.8,8.67,8.69,206379
2016-03-08,8.62,8.84,8.62,8.69,273426
2016-03-09,8.69,8.88,8.63,8.85,215807
2016-03-10,9.06,9.69,8.93,9.69,2243982
2016-03-11,9.5,9.54,9.15,9.2,1247704
2016-03-14,9.16,9.34,9.1,9.14,612852
2016-03-15,8.97,9.07,8.89,8.89,392854
2016-03-16,8.89,9.19,8.81,9.09,300664
2016-03-17,9.12,9.13,8.97,8.97,162379
2016-03-18,9.02,9.02,8.88,8.97,178093
2016-03-21,8.8,8.93,8.8,8.85,208474
2016-03-22,8.78,8.82,8.69,8.76,237807
2016-03-23,8.74,8.89,8.72,8.83,215807
2016-03-24,8.83,9.02,8.78,8.79,73332
2016-03-25,8.76,8.85,8.75,8.76,104761
2016-03-28,8.78,8.79,8.66,8.68,157141
2016-03-29,8.81,8.81,8.57,8.59,256664
2016-03-30,8.51,8.69,8.51,8.64,236760
2016-03-31,8.78,8.88,8.69,8.78,189617
2016-04-01,8.7,8.87,8.6,8.87,96380
2016-04-06,8.82,8.82,8.59,8.64,194855
2016-04-07,8.64,8.64,8.55,8.59,129903
2016-04-08,8.55,8.59,8.54,8.58,129903
2016-04-11,8.6,8.69,8.45,8.69,249331
2016-04-12,8.59,8.6,8.36,8.51,239902
2016-04-13,8.4,8.51,8.3,8.47,298569
2016-04-14,8.47,8.51,8.35,8.46,102665
2016-04-15,8.3,8.48,8.29,8.3,304854
2016-04-18,8.26,8.54,8.23,8.29,331045
2016-04-19,8.36,8.36,8.11,8.17,359330
2016-04-20,8.17,8.24,8.11,8.13,122570
2016-04-21,8.26,8.26,8.02,8.04,344664
2016-04-22,8.11,8.16,7.96,7.96,164474
2016-04-25,7.92,8.1,7.92,7.94,102665
2016-04-26,7.93,8.01,7.93,8.0,42952
2016-04-27,8.0,8.0,7.85,7.88,190665
2016-04-28,8.0,8.07,7.67,7.78,399139
2016-04-29,7.78,7.78,7.64,7.68,164474
2016-05-03,7.73,7.75,7.54,7.64,173903
2016-05-04,7.54,7.62,7.41,7.46,228379
2016-05-05,7.46,7.83,7.46,7.67,103713
2016-05-06,7.64,7.82,7.64,7.67,97427
2016-05-09,7.85,7.98,7.76,7.76,130951
2016-05-10,7.73,7.73,7.64,7.64,78570
2016-05-11,7.59,7.59,7.45,7.45,115237
2016-05-12,7.49,7.73,7.46,7.46,73332
2016-05-13,7.25,7.46,7.16,7.27,131998
2016-05-16,7.25,7.33,7.25,7.33,48190
2016-05-17,7.31,8.0,7.25,7.64,283902
2016-05-18,7.63,7.63,7.25,7.45,221045
2016-05-19,7.45,7.45,7.3,7.44,64951
2016-05-20,7.44,7.67,7.39,7.5,150855
2016-05-23,7.64,7.64,7.54,7.59,77523
2016-05-24,7.63,7.63,7.46,7.54,67047
2016-05-25,7.54,7.71,7.46,7.64,192760
2016-05-26,7.64,7.68,7.55,7.55,128856
2016-05-27,7.63,7.64,7.54,7.6,130951
2016-05-30,7.64,7.67,7.54,7.62,67047
2016-05-31,8.37,8.37,8.37,8.37,589805
2016-06-01,9.2,9.2,9.07,9.2,4197777
2016-06-02,9.2,9.2,8.81,9.02,2072174
2016-06-03,9.02,9.1,8.78,8.88,818184
2016-06-06,8.62,8.62,8.45,8.46,597138
2016-06-07,8.64,9.3,8.5,9.3,2197888
2016-06-08,9.28,9.48,9.16,9.16,2013508
2016-06-13,8.97,9.05,8.65,8.82,727042
2016-06-14,8.68,8.83,8.68,8.75,345711
2016-06-15,8.78,8.83,8.73,8.73,278664
2016-06-16,8.73,8.73,8.55,8.59,477710
2016-06-17,8.64,8.81,8.64,8.64,269236
2016-06-20,8.69,8.75,8.59,8.73,261902
2016-06-21,8.73,8.87,8.66,8.76,243045
2016-06-22,8.73,8.8,8.65,8.66,376092
2016-06-23,8.64,8.73,8.55,8.55,386568
2016-06-24,8.59,8.65,8.49,8.59,369806
2016-06-27,8.59,8.65,8.45,8.46,273426
2016-06-28,8.55,8.64,8.35,8.36,873707
2016-06-29,8.38,8.51,8.3,8.34,297521
2016-06-30,8.48,8.5,8.36,8.5,268188
2016-07-01,8.58,8.72,8.57,8.6,376092
2016-07-04,8.61,8.61,8.48,8.56,196950
2016-07-05,8.57,8.82,8.57,8.61,398092
2016-07-06,8.57,8.66,8.4,8.66,245140
2016-07-07,8.67,8.67,8.41,8.62,139332
2016-07-08,8.62,8.62,8.62,8.62,0
2016-07-11,8.66,8.66,8.41,8.46,205331
2016-07-12,8.46,8.55,8.46,8.46,214760
2016-07-13,8.88,8.91,8.63,8.71,664185
2016-07-14,8.6,8.78,8.6,8.64,203236
2016-07-15,8.69,8.69,8.48,8.51,275521
2016-07-18,8.55,8.63,8.5,8.52,160284
2016-07-19,8.52,8.64,8.5,8.54,167617
2016-07-20,8.57,8.59,8.51,8.54,113141
2016-07-21,8.54,8.62,8.54,8.54,155046
2016-07-22,8.54,8.54,8.45,8.54,151903
2016-07-25,8.58,8.58,8.45,8.45,143522
2016-07-26,8.46,8.67,8.46,8.63,364568
2016-07-27,8.73,8.73,8.55,8.55,194855
2016-07-28,8.59,8.59,8.3,8.41,283902
2016-07-29,8.4,8.49,8.34,8.34,113141
2016-08-01,8.3,8.4,8.28,8.33,146665
2016-08-02,8.33,8.33,8.14,8.2,356187
2016-08-03,8.18,8.2,8.08,8.2,331045
2016-08-04,8.32,8.64,8.2,8.56,589805
2016-08-05,8.56,8.63,8.51,8.51,347806
2016-08-08,8.63,8.68,8.38,8.4,341521
2016-08-09,8.4,8.49,8.35,8.35,97427
2016-08-10,8.35,8.35,8.23,8.23,149808
2016-08-11,8.23,8.23,8.15,8.17,111046
2016-08-12,8.11,8.26,8.11,8.12,146665
2016-08-15,8.17,8.23,8.11,8.16,49237
2016-08-16,8.3,8.3,8.18,8.18,106856
2016-08-17,8.18,8.29,8.11,8.29,212665
2016-08-18,8.29,8.29,8.12,8.17,82761
2016-08-19,8.12,8.24,8.09,8.16,175998
2016-08-22,8.08,8.11,8.05,8.07,79618
2016-08-23,8.02,8.17,7.97,8.07,144570
2016-08-24,8.07,8.07,7.97,7.99,160284
2016-08-25,7.94,7.96,7.88,7.91,253521
2016-08-26,8.02,8.1,7.98,8.05,315330
2016-08-29,8.02,8.18,7.97,8.15,255617
2016-08-30,8.08,8.26,8.03,8.07,287045
2016-08-31,8.3,9.07,8.26,8.7,2619027
2016-09-01,8.4,8.49,8.26,8.33,1162848
2016-09-02,8.3,8.41,8.09,8.09,610757
2016-09-05,8.26,8.26,8.07,8.19,219998
2016-09-06,8.22,8.27,8.16,8.18,156094
2016-09-07,8.25,8.28,8.14,8.16,217903
2016-09-08,8.14,8.22,8.08,8.11,206379
2016-09-09,8.19,8.21,8.08,8.21,212665
2016-09-12,8.34,8.34,8.14,8.14,218950
2016-09-13,8.22,8.22,8.11,8.13,186474
2016-09-14,8.11,8.12,8.08,8.11,117332
2016-09-19,8.25,8.32,8.13,8.14,304854
2016-09-20,8.26,8.38,8.14,8.37,558376
2016-09-21,8.32,8.4,8.18,8.4,447329
2016-09-22,8.32,8.38,8.21,8.23,226283
2016-09-23,8.29,8.29,8.17,8.2,213712
2016-09-26,8.19,8.19,8.12,8.12,118380
2016-09-27,8.12,8.12,8.12,8.12,0
2016-09-28,8.12,8.12,8.12,8.12,0
2016-09-29,8.09,8.17,8.09,8.1,144570
2016-09-30,8.09,8.2,8.07,8.09,214760
2016-10-03,8.11,8.11,7.97,8.08,265045
2016-10-04,8.07,8.08,7.98,8.01,163427
2016-10-05,8.05,8.05,7.93,7.94,197998
2016-10-06,8.07,8.07,7.97,7.97,46094
2016-10-07,7.94,7.96,7.93,7.94,118380
2016-10-11,7.95,8.02,7.68,7.73,295426
2016-10-12,7.69,7.71,7.57,7.57,323711
2016-10-13,7.67,7.73,7.61,7.64,115237
2016-10-14,7.64,7.72,7.45,7.45,169712
2016-10-17,7.49,7.49,7.27,7.35,115237
2016-10-18,7.49,7.49,7.27,7.31,105808
2016-10-19,7.32,7.73,7.28,7.61,191712
2016-10-20,7.59,8.21,7.59,8.12,1360846
2016-10-21,8.03,8.2,7.8,8.14,375044
2016-10-24,8.14,8.3,8.04,8.14,554186
2016-10-25,8.11,8.35,8.11,8.21,757422
2016-10-26,8.21,8.35,8.21,8.32,666280
2016-10-27,8.32,8.37,7.93,8.34,207426
2016-10-28,8.16,8.59,8.13,8.59,861136
2016-10-31,8.59,8.59,8.36,8.48,213712
2016-11-01,8.35,8.5,8.28,8.47,206379
2016-11-02,8.46,8.6,8.12,8.49,1274942
2016-11-03,8.49,8.49,8.28,8.3,114189
2016-11-04,8.31,8.42,8.28,8.42,78570
2016-11-07,8.42,8.52,8.32,8.32,150855
2016-11-08,8.3,8.4,8.23,8.25,79618
2016-11-09,8.3,8.5,8.02,8.49,548948
2016-11-10,8.23,8.66,8.23,8.59,785708
2016-11-11,8.43,8.83,8.19,8.83,2803407
2016-11-14,8.83,8.83,8.58,8.65,513329
2016-11-15,8.61,9.02,8.61,8.93,1886747
2016-11-16,8.93,8.93,8.7,8.78,412758
2016-11-17,8.76,8.83,8.68,8.79,630661
2016-11-18,8.79,8.8,8.7,8.78,319521
2016-11-21,8.78,8.86,8.69,8.69,693518
2016-11-22,8.69,8.72,8.5,8.5,312188
2016-11-23,8.49,8.5,8.21,8.21,424282
2016-11-24,8.21,8.3,8.19,8.19,174951
2016-11-25,8.19,8.21,8.11,8.2,196950
2016-11-28,8.26,8.34,8.19,8.19,120475
2016-11-29,8.11,8.54,8.11,8.5,713423
2016-11-30,8.5,8.5,8.23,8.25,125713
2016-12-01,8.27,8.48,8.26,8.4,363521
2016-12-02,8.4,8.51,8.31,8.5,194855
2016-12-05,8.5,8.5,8.32,8.4,91142
2016-12-06,8.35,8.4,8.3,8.3,111046
2016-12-07,8.3,8.3,8.26,8.27,25142
2016-12-08,8.3,8.33,8.25,8.26,109999
2016-12-09,8.26,8.32,8.14,8.26,126760
2016-12-12,8.21,8.3,8.21,8.3,39809
2016-12-13,8.26,8.26,8.11,8.12,125713
2016-12-14,8.13,8.37,8.13,8.26,206379
2016-12-15,8.21,8.31,8.12,8.13,175998
2016-12-16,8.16,8.24,8.13,8.23,210569
2016-12-19,8.23,8.23,8.13,8.14,87999
2016-12-20,8.16,8.16,8.14,8.15,30380
2016-12-21,8.19,8.29,8.13,8.13,70189
2016-12-22,8.21,8.21,8.13,8.17,127808
2016-12-23,8.13,8.14,8.13,8.13,125713
2016-12-26,8.11,8.16,8.08,8.11,82761
2016-12-27,8.28,8.35,8.17,8.3,144570
2016-12-28,8.28,8.36,8.27,8.27,99523
2016-12-29,8.27,8.33,8.13,8.14,141427
2016-12-30,8.09,8.3,8.09,8.21,138284
2017-01-03,8.3,8.3,8.09,8.16,79618
2017-01-04,8.11,8.25,8.11,8.16,111046
2017-01-05,8.2,8.23,8.18,8.19,121522
2017-01-06,8.21,8.29,8.12,8.13,172855
2017-01-09,8.33,8.33,8.13,8.25,138284
2017-01-10,8.21,8.21,8.14,8.18,70189
2017-01-11,8.17,8.17,8.09,8.1,138284
2017-01-12,8.11,8.16,8.07,8.14,118380
2017-01-13,8.08,8.16,8.08,8.08,67047
2017-01-16,8.08,8.2,8.08,8.1,61809
2017-01-17,8.11,8.16,8.07,8.07,76475
2017-01-18,8.11,8.11,8.03,8.1,73332
2017-01-19,8.09,8.11,8.09,8.09,37713
2017-01-20,8.09,8.11,8.08,8.11,74380
2017-01-23,8.11,8.12,8.08,8.1,136189
2017-01-24,8.24,8.24,8.08,8.1,54475
2017-02-02,8.11,8.11,7.98,8.02,160284
2017-02-03,8.21,8.21,8.04,8.11,67047
2017-02-06,8.1,8.16,8.1,8.13,190665
2017-02-07,8.16,8.16,8.09,8.16,160284
2017-02-08,8.12,8.25,8.12,8.18,291235
2017-02-09,8.15,8.18,8.13,8.14,168665
2017-02-10,8.14,8.16,8.08,8.11,200093
2017-02-13,8.06,8.11,8.06,8.11,55523
2017-02-14,8.12,8.12,8.06,8.06,78570
2017-02-15,8.02,8.08,8.02,8.05,258759
2017-02-16,8.11,8.11,8.03,8.03,184379
2017-02-17,8.03,8.05,7.96,8.01,150855
2017-02-20,8.06,8.06,7.97,7.98,167617
2017-02-21,7.97,7.97,7.9,7.91,331045
2017-02-22,7.91,7.95,7.88,7.93,175998
2017-02-23,7.93,7.96,7.92,7.94,136189
2017-02-24,7.94,8.05,7.94,8.05,113141
2017-03-01,8.05,8.5,8.05,8.4,778375
2017-03-02,8.62,9.02,8.59,8.67,2232459
2017-03-03,8.59,8.75,8.41,8.68,986849
2017-03-06,8.68,8.9,8.68,8.79,1133515
2017-03-07,8.76,8.76,8.59,8.64,403330
2017-03-08,8.59,8.77,8.59,8.62,334187
2017-03-09,8.62,8.62,8.43,8.44,287045
2017-03-10,8.4,8.43,8.33,8.36,222093
2017-03-13,8.64,8.83,8.59,8.74,894659
2017-03-14,8.72,8.72,8.61,8.64,218950
2017-03-15,8.51,8.72,8.51,8.64,364568
2017-03-16,8.68,8.68,8.54,8.57,204284
2017-03-17,8.57,8.69,8.57,8.61,256664
2017-03-20,8.59,8.59,8.5,8.57,205331
2017-03-21,8.57,8.57,8.4,8.47,354092
2017-03-22,8.4,8.56,8.4,8.41,165522
2017-03-23,8.36,8.5,8.28,8.34,310092
2017-03-24,8.35,8.36,8.28,8.28,193808
2017-03-27,8.25,8.3,8.16,8.16,233617
2017-03-28,8.16,8.44,8.12,8.24,267140
2017-03-29,8.22,8.28,8.21,8.24,160284
2017-03-30,8.32,8.46,8.32,8.42,215807
2017-03-31,8.37,8.37,8.29,8.3,113141
2017-04-05,8.26,8.35,8.21,8.27,275521
2017-04-06,8.32,8.32,8.12,8.25,87999
2017-04-07,8.25,8.4,8.17,8.28,212665
2017-04-10,8.35,8.38,8.2,8.3,177046
2017-04-11,8.36,8.36,8.23,8.25,101618
2017-04-12,8.25,8.25,8.14,8.14,189617
2017-04-13,8.11,8.3,8.11,8.17,123618
2017-04-14,8.35,8.35,8.15,8.16,246188
2017-04-17,8.16,8.22,8.13,8.14,103713
2017-04-18,8.15,8.21,8.14,8.14,60761
2017-04-19,8.13,8.29,8.13,8.21,78570
2017-04-20,8.15,8.26,8.15,8.17,151903
2017-04-21,8.21,8.26,8.2,8.21,98475
2017-04-24,8.21,8.21,8.17,8.21,57618
2017-04-25,8.3,8.3,8.21,8.21,141427
2017-04-26,8.18,8.21,8.14,8.14,232569
2017-04-27,8.14,8.14,8.09,8.1,186474
2017-04-28,8.11,8.22,8.1,8.11,165522
2017-05-02,8.1,8.11,8.02,8.04,313235
2017-05-03,8.04,8.07,7.97,8.04,236760
2017-05-04,8.02,8.07,8.02,8.03,72285
2017-05-05,7.98,8.02,7.84,7.92,398092
2017-05-08,8.11,8.38,8.07,8.21,409615
2017-05-09,8.38,8.38,8.03,8.03,301711
2017-05-10,8.03,8.11,8.02,8.05,72285
2017-05-11,8.16,8.2,8.11,8.11,79618
2017-05-12,8.13,8.14,8.04,8.05,74380
2017-05-15,8.07,8.07,7.99,7.99,106856
2017-05-16,8.07,8.07,7.92,7.96,89046
2017-05-17,7.85,7.95,7.78,7.85,405425
2017-05-18,7.83,7.83,7.74,7.76,327902
2017-05-19,7.79,7.93,7.79,7.82,121522
2017-05-22,7.84,7.92,7.84,7.85,52380
2017-05-23,7.85,7.92,7.84,7.88,35618
2017-05-24,7.82,7.87,7.81,7.83,96380
2017-05-25,7.87,8.4,7.83,8.19,733327
2017-05-26,8.1,8.21,8.02,8.09,202188
2017-05-31,8.4,8.89,8.35,8.89,3268546
2017-06-01,8.84,8.84,8.28,8.4,2526837
2017-06-02,8.4,9.22,8.3,9.12,2853692
2017-06-05,8.95,9.04,8.7,8.77,596090
2017-06-06,9.02,9.08,8.76,8.78,631709
2017-06-07,8.78,8.88,8.54,8.54,608662
2017-06-08,8.57,8.58,8.4,8.47,223141
2017-06-09,8.47,8.59,8.41,8.41,250379
2017-06-12,8.43,8.57,8.43,8.51,417996
2017-06-13,8.59,8.64,8.44,8.44,239902
2017-06-14,8.44,8.53,8.3,8.3,343616
2017-06-15,8.3,8.59,8.23,8.52,476663
2017-06-16,8.51,8.83,8.45,8.64,745899
2017-06-19,8.59,8.72,8.51,8.55,249331
2017-06-20,8.52,8.64,8.46,8.47,181236
2017-06-21,8.47,8.54,8.4,8.43,356187
2017-06-22,8.41,8.52,8.3,8.33,499710
2017-06-23,8.38,8.38,8.28,8.3,326854
2017-06-26,8.26,8.38,8.16,8.24,469329
2017-06-27,8.2,8.35,8.2,8.3,322664
2017-06-28,8.24,8.35,8.22,8.3,123618
2017-06-29,8.33,8.37,8.28,8.3,250379
2017-06-30,8.29,8.29,8.13,8.23,87999
2017-07-03,8.23,8.34,8.23,8.29,52380
2017-07-04,8.28,8.28,8.22,8.25,125713
2017-07-05,8.22,8.3,8.21,8.3,93237
2017-07-06,8.3,8.31,8.23,8.31,60761
2017-07-07,8.32,8.45,8.31,8.35,345711
2017-07-10,8.35,8.35,8.21,8.21,175998
2017-07-11,8.25,8.25,8.14,8.14,225236
2017-07-12,8.16,8.28,8.14,8.2,72285
2017-07-13,8.15,8.21,8.13,8.15,157141
2017-07-14,8.17,8.17,8.11,8.13,222093
2017-07-17,8.12,8.14,8.09,8.11,119427
2017-07-18,8.25,8.25,8.12,8.19,90094
2017-07-19,8.12,8.19,8.12,8.19,108951
2017-07-20,8.12,8.21,8.12,8.14,137237
2017-07-21,8.14,8.16,8.13,8.14,158189
2017-07-24,8.12,8.13,8.09,8.11,241998
2017-07-25,8.11,8.15,8.11,8.13,115237
2017-07-26,8.13,8.13,8.04,8.07,190665
2017-07-27,8.07,8.19,8.07,8.09,102665
2017-07-28,8.11,8.12,8.09,8.1,126760
2017-07-31,8.1,8.1,7.99,8.04,353044
2017-08-01,8.02,8.11,8.01,8.01,302759
2017-08-02,8.02,8.02,7.92,8.0,482948
2017-08-03,8.04,8.05,7.94,7.96,248283
2017-08-04,8.02,8.02,7.95,7.99,157141
2017-08-07,8.05,8.05,7.95,7.96,373997
2017-08-08,7.96,8.06,7.92,8.06,488186
2017-08-09,8.09,8.2,8.09,8.11,404377
2017-08-10,8.12,8.21,7.93,7.97,305902
2017-08-11,7.97,8.15,7.92,8.07,292283
2017-08-14,8.07,8.07,7.67,7.67,234664
2017-08-15,7.74,8.0,7.74,7.97,530091
2017-08-16,8.07,8.07,7.94,7.98,62856
2017-08-17,8.07,8.07,7.95,8.0,141427
2017-08-18,8.06,8.06,7.9,7.91,315330
2017-08-21,7.97,8.7,7.97,8.68,3536313
2017-08-22,8.44,8.71,8.16,8.71,2297935
2017-08-23,8.78,8.86,8.5,8.51,961184
2017-08-24,8.57,8.64,8.46,8.47,714943
2017-08-25,8.47,8.48,8.32,8.33,596399
2017-08-28,8.35,8.48,8.26,8.31,385573
2017-08-29,8.34,8.83,8.34,8.63,1203877
2017-08-30,8.69,8.78,8.51,8.55,1417228
2017-08-31,8.55,8.72,8.55,8.59,607552
2017-09-01,8.54,8.65,8.35,8.52,753545
2017-09-04,8.68,8.69,8.44,8.45,722348
2017-09-05,8.5,8.59,8.37,8.59,637492
2017-09-06,8.6,8.88,8.45,8.81,1387807
2017-09-07,8.77,8.8,8.61,8.62,1028272
2017-09-08,8.69,8.78,8.64,8.76,782631
2017-09-11,8.74,8.83,8.69,8.74,950629
2017-09-12,8.82,9.22,8.76,8.91,2628464
2017-09-13,9.07,9.78,8.94,9.78,8137947
2017-09-14,9.78,9.78,9.78,9.78,0
2017-09-15,9.78,9.78,9.78,9.78,0
2017-09-18,9.78,9.78,9.78,9.78,0
2017-09-19,9.78,9.78,9.78,9.78,0
2017-09-20,9.78,9.78,9.78,9.78,0
2017-09-21,9.78,9.78,9.78,9.78,0
2017-09-22,9.78,9.78,9.78,9.78,0
2017-09-25,9.78,9.78,9.78,9.78,0
2017-09-26,9.78,9.78,9.78,9.78,0
2017-09-27,9.78,9.78,9.78,9.78,0
2017-09-28,10.36,11.17,10.36,10.98,4152769
2017-09-29,10.55,10.6,10.07,10.31,1325026
2017-10-02,10.55,10.55,10.31,10.31,476783
2017-10-03,10.36,10.5,10.17,10.21,568254
2017-10-05,10.21,10.45,10.17,10.36,234334
2017-10-06,10.26,10.5,10.17,10.45,574572
2017-10-11,10.64,10.79,10.17,10.21,909145
2017-10-12,10.26,10.31,9.93,10.12,859176
2017-10-13,10.12,10.17,9.88,9.98,498351
2017-10-16,9.98,10.17,9.98,10.12,309542
2017-10-17,10.12,10.12,9.93,9.93,301322
2017-10-18,9.98,9.98,9.69,9.83,488716
2017-10-19,9.83,10.36,9.83,10.31,1031457
2017-10-20,10.21,10.36,10.12,10.17,314640
2017-10-23,10.26,10.36,10.12,10.12,285263
2017-10-24,10.12,10.31,10.12,10.17,203740
2017-10-25,10.21,10.31,9.83,9.93,469654
2017-10-26,9.98,10.02,9.88,9.93,195140
2017-10-27,10.12,10.12,9.93,9.98,263544
2017-10-30,9.98,9.98,9.83,9.88,176260
2017-10-31,9.98,10.02,9.59,9.69,783312
2017-11-01,9.64,9.88,9.64,9.74,250284
2017-11-02,9.69,9.78,9.59,9.74,334306
2017-11-03,9.69,9.74,9.64,9.69,93943
2017-11-06,9.88,10.07,9.83,10.02,293227
2017-11-07,10.02,10.02,9.88,9.98,268946
2017-11-08,9.93,9.93,9.88,9.88,139758
2017-11-09,9.83,9.88,9.78,9.83,202400
2017-11-10,9.83,9.88,9.69,9.74,291472
2017-11-13,9.74,10.21,9.69,10.02,919959
2017-11-14,9.98,9.98,9.78,9.83,317192
2017-11-15,9.83,9.88,9.74,9.74,159543
2017-11-16,9.74,9.74,9.64,9.69,201560
2017-11-17,9.74,9.74,9.69,9.74,103164
2017-11-20,9.74,9.93,9.55,9.69,244713
2017-11-21,9.69,9.83,9.64,9.78,223160
2017-11-22,9.78,9.78,9.59,9.64,225281
2017-11-23,9.64,9.69,9.59,9.64,191398
2017-11-24,9.64,9.83,9.64,9.83,275802
2017-11-27,9.78,9.93,9.78,9.78,122582
2017-11-28,9.74,9.74,9.59,9.64,166232
2017-11-29,9.64,9.74,9.64,9.64,101730
2017-11-30,9.64,9.64,9.55,9.59,160254
2017-12-01,9.59,9.64,9.52,9.55,230387
2017-12-04,9.74,9.74,9.51,9.53,152643
2017-12-05,9.53,9.53,9.46,9.46,117751
2017-12-06,9.55,9.55,9.28,9.3,235078
2017-12-07,9.29,9.29,9.07,9.17,381704
2017-12-08,9.21,9.54,9.21,9.43,111419
2017-12-11,9.45,9.69,9.44,9.59,216469
2017-12-12,9.55,9.59,9.54,9.55,186520
2017-12-13,9.59,9.69,9.55,9.55,164473
2017-12-14,9.59,9.74,9.55,9.69,112093
2017-12-15,9.69,9.83,9.55,9.55,144046
2017-12-18,9.55,9.64,9.45,9.55,66889
2017-12-19,9.55,9.59,9.55,9.55,113669
2017-12-20,9.55,9.64,9.55,9.64,79907
2017-12-21,9.64,9.64,9.55,9.55,88606
2017-12-22,9.55,9.59,9.55,9.59,87733
2017-12-25,9.74,10.55,9.74,10.55,2149936
2017-12-26,10.69,11.6,10.6,11.6,4132712
2017-12-27,11.55,12.65,10.98,11.74,4018691
2017-12-28,11.41,11.65,11.12,11.22,1823177
2017-12-29,11.36,11.6,11.22,11.31,1012959
2018-01-02,11.65,11.74,11.22,11.22,834163
2018-01-03,11.17,11.26,10.83,10.98,999283
2018-01-04,10.98,11.55,10.98,11.41,775990
2018-01-05,11.5,11.79,11.31,11.36,814946
2018-01-08,11.45,11.55,11.17,11.22,1031035
2018-01-09,11.31,12.31,11.31,12.31,5531274
2018-01-10,12.31,12.89,11.98,12.41,4150727
2018-01-11,12.36,12.36,11.98,12.03,1640574
2018-01-12,12.27,12.89,12.12,12.36,1567073
2018-01-15,12.5,12.6,12.12,12.17,1004068
2018-01-16,12.41,13.36,12.27,13.36,5771501
2018-01-17,13.03,13.36,12.41,12.98,3181508
2018-01-18,13.08,13.17,12.89,12.93,1340270
2018-01-19,13.08,13.6,13.08,13.32,1748604
2018-01-22,13.36,13.36,12.93,13.03,1320808
2018-01-23,12.98,13.03,12.7,12.89,1065944
2018-01-24,12.84,13.03,12.84,12.98,436836
2018-01-25,13.17,13.41,13.13,13.27,1204483
2018-01-26,13.36,13.46,13.03,13.13,614944
2018-01-29,13.32,13.36,12.89,12.98,867718
2018-01-30,12.98,13.03,12.6,12.74,950581
2018-01-31,12.6,12.93,12.41,12.74,690533
2018-02-01,12.93,12.93,12.7,12.79,311976
2018-02-02,12.93,13.17,12.89,12.93,523543
2018-02-05,12.41,12.55,12.22,12.31,575452
2018-02-06,11.69,12.12,11.12,11.12,2674388
2018-02-07,11.55,11.6,11.26,11.31,797694
2018-02-08,11.31,11.5,11.12,11.5,210988
2018-02-09,10.69,11.26,10.69,11.12,483579
2018-02-12,11.12,11.41,11.03,11.12,466819
2018-02-21,11.17,11.84,11.17,11.6,780669
2018-02-22,11.36,11.65,11.36,11.45,321838
2018-02-23,11.55,11.55,11.36,11.41,327587
2018-02-26,11.41,11.55,11.41,11.5,150828
2018-02-27,11.55,11.93,11.5,11.55,302078
2018-03-01,11.31,11.5,11.26,11.45,147651
2018-03-02,11.36,11.45,11.36,11.36,74707
2018-03-05,11.36,11.69,11.31,11.45,239889
2018-03-06,11.45,11.6,11.36,11.45,139698
2018-03-07,11.36,11.55,11.26,11.45,142898
2018-03-08,11.55,12.6,11.55,12.6,2954276
2018-03-09,12.22,12.41,11.93,12.03,1433160
2018-03-12,12.22,12.6,12.03,12.31,1219729
2018-03-13,12.31,12.6,12.17,12.27,448345
2018-03-14,12.27,12.41,12.17,12.27,242477
2018-03-15,12.41,12.41,12.12,12.22,423087
2018-03-16,12.22,12.27,11.98,12.17,653484
2018-03-19,12.12,12.12,11.98,12.03,287863
2018-03-20,11.98,12.03,11.88,11.93,302981
2018-03-21,11.98,12.12,11.84,12.03,407541
2018-03-22,12.03,12.03,11.79,11.88,417529
2018-03-23,11.45,11.74,11.26,11.45,367658
2018-03-26,11.45,11.5,11.31,11.41,219848
2018-03-27,11.45,11.74,11.45,11.45,277721
2018-03-28,11.45,12.41,11.45,12.41,1346007
2018-03-29,12.36,12.36,11.98,12.08,659869
2018-03-30,12.12,12.22,11.6,11.69,796771
2018-04-02,11.74,11.79,11.55,11.74,666430
2018-04-03,11.69,11.74,11.55,11.69,135477
2018-04-09,11.6,11.88,11.6,11.74,281859
2018-04-10,11.79,11.98,11.79,11.84,434443
2018-04-11,11.74,12.22,11.74,12.08,923677
2018-04-12,11.93,12.03,11.88,11.98,306161
2018-04-13,12.03,12.08,11.93,11.98,166842
2018-04-16,11.88,11.93,11.69,11.69,222756
2018-04-17,11.69,11.74,11.41,11.5,617741
2018-04-18,11.65,11.65,11.45,11.45,128232
2018-04-19,11.45,11.6,11.41,11.6,215799
2018-04-20,11.45,11.55,11.41,11.45,165856
2018-04-23,11.45,11.6,11.36,11.5,185354
2018-04-24,11.5,11.5,11.22,11.26,354416
2018-04-25,11.22,11.65,11.17,11.36,498505
2018-04-26,11.45,12.31,11.26,11.93,1216582
2018-04-27,11.98,12.31,11.74,11.93,455651
2018-04-30,11.93,11.93,11.55,11.74,177160
2018-05-02,11.65,11.88,11.65,11.74,65153
2018-05-03,11.88,11.88,11.65,11.74,87527
2018-05-04,11.74,11.74,11.6,11.6,51804
2018-05-07,11.6,11.84,11.55,11.6,142240
2018-05-08,11.55,11.79,11.55,11.6,145634
2018-05-09,11.6,11.74,11.6,11.6,136298
2018-05-10,11.6,11.74,11.6,11.65,164370
2018-05-11,11.65,11.74,11.55,11.65,195388
2018-05-14,11.65,11.88,11.6,11.65,188778
2018-05-15,11.6,11.65,11.41,11.41,245266
2018-05-16,11.36,11.6,11.36,11.41,338273
2018-05-17,11.45,11.65,11.41,11.41,152584
2018-05-18,11.69,11.93,11.5,11.6,210385
2018-05-21,11.6,11.69,11.5,11.6,146205
2018-05-22,11.55,11.6,11.5,11.5,298841
2018-05-23,11.5,11.55,11.45,11.5,125188
2018-05-24,11.6,11.65,11.5,11.55,117855
2018-05-25,11.55,11.55,11.41,11.41,204206
2018-05-28,11.45,11.6,11.41,11.45,219081
2018-05-29,11.65,11.65,11.45,11.5,303532
2018-05-30,11.5,12.65,11.5,12.65,4696387
2018-05-31,12.7,12.89,12.08,12.22,3002415
2018-06-01,12.27,12.36,11.93,12.27,1069089
2018-06-04,12.55,13.41,12.5,12.93,3097336
2018-06-05,13.51,14.22,13.17,14.22,5874733
2018-06-06,14.32,14.84,13.84,14.41,6822354
2018-06-07,14.65,14.89,13.94,14.41,5053070
2018-06-08,14.6,14.7,14.18,14.32,1863430
2018-06-11,14.65,15.75,14.37,15.75,6406136
2018-06-12,15.56,15.65,14.65,15.23,5145185
2018-06-13,15.46,15.51,14.84,15.03,2102334
2018-06-14,15.18,15.89,15.08,15.37,3020546
2018-06-15,15.37,15.46,13.94,14.32,3298443
2018-06-19,14.22,14.22,13.75,13.89,1503253
2018-06-20,14.03,14.27,13.51,13.84,1515104
2018-06-21,14.22,14.7,14.22,14.32,1710172
2018-06-22,14.18,14.46,13.94,14.32,837903
2018-06-25,14.75,14.8,13.75,13.75,3193331
2018-06-26,12.41,12.93,12.41,12.6,4314991
2018-06-27,12.6,12.7,12.27,12.5,1181318
2018-06-28,12.74,12.79,12.41,12.46,1008902
2018-06-29,12.46,12.6,12.46,12.5,426901
2018-07-02,12.5,12.5,12.41,12.5,453301
2018-07-03,12.5,12.74,12.46,12.5,523393
2018-07-04,12.5,12.55,12.36,12.36,502565
2018-07-05,12.41,12.6,11.93,12.5,1244615
2018-07-06,12.5,12.5,11.74,12.12,785896
2018-07-09,11.84,12.27,11.84,11.88,571693
2018-07-10,12.17,12.22,11.88,12.03,345293
2018-07-11,12.03,12.41,11.98,12.31,341259
2018-07-12,12.31,12.41,11.98,12.36,522697
2018-07-13,12.41,12.41,12.12,12.27,301879
2018-07-16,12.27,12.36,12.17,12.17,189938
2018-07-17,12.27,12.27,12.08,12.12,134359
2018-07-18,12.12,12.36,12.03,12.31,368207
2018-07-19,12.27,12.27,12.12,12.12,184172
2018-07-20,12.22,12.22,12.08,12.08,142831
2018-07-23,12.17,12.17,11.98,11.98,186428
2018-07-24,12.12,12.17,12.03,12.12,199907
2018-07-25,12.12,12.31,12.03,12.12,233826
2018-07-26,12.27,12.36,12.08,12.31,405294
2018-07-27,12.31,12.36,12.27,12.27,154575
2018-07-30,12.36,13.41,12.36,13.36,1902487
2018-07-31,12.84,13.17,12.74,13.03,966423
2018-08-01,12.89,13.32,12.79,13.08,586505
2018-08-02,13.08,13.32,12.7,13.17,678878
2018-08-03,13.22,13.27,12.93,12.98,286052
2018-08-06,12.93,12.93,12.7,12.7,364033
2018-08-07,12.7,12.7,12.5,12.6,132303
2018-08-08,12.36,12.41,12.17,12.22,1085325
2018-08-09,12.36,12.41,12.17,12.41,463578
2018-08-10,12.46,12.5,12.22,12.27,242626
2018-08-13,12.12,12.12,11.41,11.65,1052489
2018-08-14,11.74,11.88,11.74,11.74,202033
2018-08-15,11.65,11.79,11.45,11.79,481962
2018-08-16,11.69,11.74,11.26,11.5,481660
2018-08-17,11.45,11.69,11.36,11.5,131798
2018-08-20,11.65,11.65,11.45,11.45,133360
2018-08-21,11.6,11.79,11.55,11.65,121339
2018-08-22,11.65,11.65,11.41,11.5,257715
2018-08-23,11.55,11.74,11.45,11.74,149120
2018-08-24,11.5,11.6,11.45,11.55,58207
2018-08-27,11.5,11.69,11.45,11.55,75836
2018-08-28,11.55,11.74,11.45,11.5,209942
2018-08-29,11.45,11.55,11.45,11.5,74223
2018-08-30,11.5,11.65,11.5,11.5,114203
2018-08-31,11.5,11.6,11.5,11.6,56851
2018-09-03,11.6,11.6,11.41,11.41,226002
2018-09-04,11.45,11.45,11.41,11.45,119427
2018-09-05,11.41,11.5,11.41,11.45,151432
2018-09-06,11.45,11.5,11.41,11.41,122148
2018-09-07,11.41,11.45,10.79,10.93,623590
2018-09-10,10.93,10.98,9.88,10.02,847124
2018-09-11,9.88,10.31,9.69,9.98,422618
2018-09-12,9.98,10.17,9.98,10.07,152343
2018-09-13,10.07,10.31,10.07,10.31,213961
2018-09-14,10.88,11.31,10.88,11.31,593953
2018-09-17,11.07,11.74,11.07,11.22,829463
2018-09-18,11.22,11.26,11.03,11.07,513453
2018-09-19,10.74,11.36,10.74,10.98,468867
2018-09-20,10.98,11.31,10.98,11.07,313235
2018-09-21,10.98,11.26,10.98,11.03,119690
2018-09-25,11.17,11.17,10.98,10.98,114043
2018-09-26,10.88,11.03,10.69,10.83,197619
2018-09-27,10.83,10.88,10.64,10.69,185793
2018-09-28,10.79,10.79,10.6,10.69,142791
2018-10-01,10.6,11.07,10.6,10.79,277300
2018-10-02,10.88,10.93,10.74,10.79,98756
2018-10-03,10.79,10.79,10.5,10.64,271593
2018-10-04,10.64,10.64,10.4,10.45,181393
2018-10-05,10.45,10.45,9.93,10.07,484602
2018-10-08,10.02,10.17,9.98,10.02,122355
2018-10-09,10.12,10.12,9.69,9.74,324488
2018-10-11,9.45,9.45,8.76,8.88,689619
2018-10-12,8.88,8.93,8.11,8.9,197998
2018-10-15,8.97,9.02,8.11,8.89,81557
2018-10-16,8.78,9.07,8.78,9.02,73947
2018-10-17,9.03,9.31,9.03,9.09,156296
2018-10-18,9.09,9.09,8.99,8.99,71237
2018-10-19,8.99,8.99,8.88,8.98,84856
2018-10-22,9.12,9.15,8.98,9.07,121994
2018-10-23,9.07,9.08,8.93,8.93,249322
2018-10-24,8.93,8.93,8.79,8.82,179274
2018-10-25,8.59,8.6,8.21,8.24,510186
2018-10-26,8.69,8.69,8.0,8.18,627623
2018-10-29,7.67,8.02,7.67,7.82,300664
2018-10-30,7.82,7.88,7.37,7.55,660578
2018-10-31,7.55,7.76,7.54,7.62,261935
2018-11-01,7.64,7.8,7.59,7.64,376826
2018-11-02,7.73,7.8,7.62,7.66,376124
2018-11-05,7.66,7.71,7.62,7.65,190876
2018-11-06,7.67,7.68,7.59,7.61,219624
2018-11-07,7.62,7.69,7.62,7.68,212772
2018-11-08,7.82,7.83,7.65,7.67,304601
2018-11-09,7.78,7.78,7.59,7.65,229428
2018-11-12,7.65,7.7,7.5,7.63,316430
2018-11-13,7.59,7.71,7.49,7.63,299616
2018-11-14,7.63,8.0,7.55,7.92,1722639
2018-11-15,7.87,7.87,7.57,7.64,1102144
2018-11-16,7.64,7.68,7.6,7.6,287524
2018-11-19,7.59,7.63,7.55,7.63,280767
2018-11-20,7.61,7.77,7.61,7.65,339635
2018-11-21,7.67,7.67,6.97,7.5,351428
2018-11-22,7.54,7.68,7.49,7.51,257724
2018-11-23,7.57,7.57,7.46,7.46,151067
2018-11-26,7.64,7.67,7.55,7.61,196070
2018-11-27,7.64,7.67,7.62,7.64,213113
2018-11-28,7.68,7.72,7.62,7.63,459436
2018-11-29,7.68,7.86,7.65,7.78,415115
2018-11-30,7.81,7.96,7.81,7.9,931649
2018-12-03,7.95,8.2,7.92,8.16,916102
2018-12-04,8.58,8.73,8.3,8.4,2008601
2018-12-05,8.2,8.3,8.02,8.09,1243357
2018-12-06,8.2,8.2,7.5,7.6,1762836
2018-12-07,7.69,7.81,7.64,7.74,648097
2018-12-10,7.48,7.68,7.45,7.47,605414
2018-12-11,7.62,7.62,7.49,7.49,306856
2018-12-12,7.57,7.7,7.5,7.64,286213
2018-12-13,7.69,7.71,7.62,7.65,363634
2018-12-14,7.67,7.73,7.6,7.63,171860
2018-12-17,7.63,8.38,7.57,8.17,812972
2018-12-18,8.07,8.29,7.83,7.88,551168
2018-12-19,7.89,8.01,7.88,7.92,340525
2018-12-20,7.78,7.94,7.73,7.83,458869
2018-12-21,7.78,7.92,7.77,7.92,243451
2018-12-24,8.01,8.04,7.85,8.04,611192
2018-12-25,7.98,7.98,7.79,7.91,230578
2018-12-26,7.9,7.91,7.83,7.83,89058
2018-12-27,7.92,7.92,7.82,7.82,119023
2018-12-28,7.83,7.85,7.75,7.77,158240
2019-01-02,7.77,7.78,7.69,7.69,111438
2019-01-03,7.69,7.76,7.66,7.68,136194
2019-01-04,7.68,7.75,7.45,7.75,263543
2019-01-07,7.83,8.0,7.82,7.91,208631
2019-01-08,7.77,7.9,7.73,7.81,210798
2019-01-09,7.97,8.3,7.92,8.09,720811
2019-01-10,7.99,7.99,7.88,7.9,237244
2019-01-11,7.9,8.07,7.9,7.9,215434
2019-01-14,7.97,7.97,7.76,7.83,162847
2019-01-15,7.83,7.86,7.79,7.83,71151
2019-01-16,7.85,7.96,7.84,7.86,85922
2019-01-17,7.83,7.94,7.83,7.94,122589
2019-01-18,7.87,7.96,7.87,7.92,82237
2019-01-21,7.94,7.94,7.88,7.88,138825
2019-01-22,7.88,7.92,7.87,7.9,69194
2019-01-23,7.88,7.99,7.85,7.91,242182
2019-01-24,8.01,8.19,7.92,8.09,467078
2019-01-25,8.05,8.05,7.94,7.97,323720
2019-01-28,7.96,7.99,7.95,7.97,139934
2019-01-29,7.97,7.97,7.88,7.92,163022
2019-01-30,7.93,7.99,7.89,7.97,174100
2019-02-11,7.97,8.02,7.78,7.88,183960
2019-02-12,7.88,7.91,7.84,7.91,90618
2019-02-13,7.92,7.92,7.88,7.89,120099
2019-02-14,7.89,7.96,7.88,7.95,153888
2019-02-15,7.93,8.11,7.93,8.06,461865
2019-02-18,8.18,8.32,8.07,8.19,829618
2019-02-19,8.17,8.25,8.08,8.09,483839
2019-02-20,8.09,8.5,8.09,8.41,1257547
2019-02-21,8.41,8.42,8.27,8.3,398407
2019-02-22,8.28,8.32,8.27,8.29,284115
2019-02-25,8.35,8.45,8.27,8.27,224086
2019-02-26,8.28,8.36,8.25,8.27,262962
2019-02-27,8.23,8.3,8.21,8.25,192914
2019-03-04,8.3,8.35,8.14,8.22,274372
2019-03-05,8.21,8.34,8.21,8.26,243134
2019-03-06,8.1,8.31,8.1,8.27,241160
2019-03-07,8.3,8.47,8.19,8.22,361373
2019-03-08,8.22,8.22,8.09,8.16,287935
2019-03-11,8.21,8.21,8.1,8.15,213188
2019-03-12,8.19,8.19,8.1,8.1,243371
2019-03-13,8.11,8.23,8.11,8.17,248560
2019-03-14,8.17,8.32,8.17,8.28,303385
2019-03-15,8.28,8.34,8.26,8.27,292128
2019-03-18,8.27,8.3,8.23,8.25,119425
2019-03-19,8.25,8.26,8.16,8.17,373239
2019-03-20,8.17,8.18,8.08,8.09,269212
2019-03-21,8.11,8.17,8.04,8.09,236039
2019-03-22,8.09,8.15,8.05,8.09,192421
2019-03-25,8.06,8.15,7.92,8.15,373342
2019-03-26,8.14,8.28,8.14,8.28,326821
2019-03-27,8.23,8.35,8.21,8.3,277584
2019-03-28,8.31,8.43,8.26,8.3,497860
2019-03-29,8.35,8.35,8.22,8.35,211121
2019-04-01,8.33,8.34,8.11,8.11,410069
2019-04-02,8.11,8.11,7.98,8.0,341759
2019-04-03,8.0,8.04,7.95,7.98,293016
2019-04-08,8.0,8.02,7.95,7.98,204147
2019-04-09,7.99,8.0,7.92,7.93,277076
2019-04-10,7.98,8.07,7.95,8.0,106966
2019-04-11,8.02,8.11,7.98,7.99,159915
2019-04-12,7.99,8.02,7.97,7.99,143954
2019-04-15,8.0,8.06,7.97,8.02,158475
2019-04-16,8.02,8.07,8.0,8.02,299841
2019-04-17,8.03,8.06,7.99,8.04,192623
2019-04-18,8.0,8.73,7.99,8.43,964818
2019-04-19,8.38,8.45,8.21,8.3,702736
2019-04-22,8.3,8.3,8.21,8.22,314504
2019-04-23,8.25,8.29,8.13,8.27,229599
2019-04-24,8.35,8.35,8.23,8.29,271203
2019-04-25,8.37,9.11,8.3,9.11,3947888
2019-04-26,9.01,9.04,8.69,8.84,2225944
2019-04-29,8.94,8.94,8.64,8.64,816207
2019-04-30,8.64,9.35,8.51,9.35,1329559
2019-05-02,9.35,10.26,9.35,10.26,4682317
2019-05-03,10.31,11.26,10.12,11.26,5672867
2019-05-06,11.36,11.93,10.69,11.5,5446682
2019-05-07,11.69,11.74,10.79,11.07,3480654
2019-05-08,11.03,11.07,10.4,10.74,2008392
2019-05-09,10.88,11.07,10.4,10.64,1674189
2019-05-10,10.4,10.5,9.59,9.93,1981225
2019-05-13,9.0,9.74,9.0,9.49,1163875
2019-05-14,9.47,10.21,9.07,10.21,1313841
2019-05-15,10.31,10.6,9.83,9.98,1568334
2019-05-16,9.98,10.02,9.74,9.74,419201
2019-05-17,9.83,10.07,9.51,9.55,687677
2019-05-20,9.55,9.64,9.35,9.45,732331
2019-05-21,9.36,9.88,9.36,9.78,364049
2019-05-22,10.21,10.74,10.17,10.74,3208347
2019-05-23,10.45,11.07,10.31,10.64,2763292
2019-05-24,10.5,10.93,10.21,10.36,1459285
2019-05-27,10.36,10.74,10.31,10.6,689932
2019-05-28,10.6,10.74,10.4,10.4,591247
2019-05-29,10.21,10.36,10.02,10.12,671624
2019-05-30,10.07,10.21,9.69,9.83,917372
2019-05-31,9.83,10.69,9.74,10.69,1073602
2019-06-03,10.55,10.6,10.26,10.5,716521
2019-06-04,10.45,10.6,10.26,10.26,351620
2019-06-05,10.45,10.6,10.31,10.5,464574
2019-06-06,10.5,10.55,10.31,10.36,354409
2019-06-10,10.5,10.64,10.4,10.45,580992
2019-06-11,10.31,10.4,10.07,10.12,646690
2019-06-12,10.12,10.26,9.93,10.02,475134
2019-06-13,10.02,10.21,9.98,10.12,302994
2019-06-14,10.17,10.17,9.83,9.88,515592
2019-06-17,9.88,9.93,9.55,9.55,1164680
2019-06-18,9.55,10.07,9.55,9.74,495526
2019-06-19,9.74,9.93,9.55,9.74,694568
2019-06-20,9.64,9.78,9.64,9.64,353166
2019-06-21,9.69,9.83,9.55,9.69,1261403
2019-06-24,9.74,9.74,9.64,9.74,314208
2019-06-25,9.78,9.83,9.64,9.64,294433
2019-06-26,9.64,9.74,9.59,9.69,237956
2019-06-27,9.83,10.17,9.83,10.07,1259948
2019-06-28,10.02,10.12,9.88,9.98,424426
2019-07-01,10.12,10.12,9.78,9.88,430672
2019-07-02,9.93,9.93,9.83,9.83,222243
2019-07-03,9.83,10.12,9.83,9.98,300089
2019-07-04,9.98,10.02,9.83,9.93,186581
2019-07-05,9.93,10.02,9.93,9.93,288394
2019-07-08,10.02,10.07,9.93,9.98,279063
2019-07-09,10.17,10.74,10.02,10.45,1748092
2019-07-10,10.64,11.45,10.55,11.41,4942131
2019-07-11,11.26,11.26,10.88,11.03,2754654
2019-07-12,11.22,11.65,10.93,11.45,3077462
2019-07-15,11.41,11.6,11.07,11.55,3007254
2019-07-16,11.55,11.74,11.31,11.36,1892384
2019-07-17,11.45,11.45,11.03,11.03,1399111
2019-07-18,11.26,11.26,10.79,10.88,958616
2019-07-19,10.88,10.98,10.55,10.69,1296378
2019-07-22,10.69,11.03,10.55,10.88,977093
2019-07-23,10.88,10.93,10.6,10.74,671413
2019-07-24,10.74,10.74,10.64,10.64,415563
2019-07-25,10.69,11.65,10.69,11.12,2305788
2019-07-26,10.98,11.07,10.79,10.83,753337
2019-07-29,11.07,11.07,10.83,11.03,712479
2019-07-30,11.03,11.03,10.6,10.6,1078829
2019-07-31,10.69,10.69,9.93,10.31,1845024
2019-08-01,10.12,10.69,10.12,10.5,729285
2019-08-02,10.31,10.4,10.17,10.21,621757
2019-08-05,10.31,10.74,10.31,10.36,557601
2019-08-06,10.12,10.26,9.74,10.26,495397
2019-08-07,10.6,10.69,10.45,10.45,776646
2019-08-08,10.45,10.45,10.21,10.4,340519
2019-08-12,10.21,10.55,10.21,10.4,349127
2019-08-13,10.5,10.64,10.45,10.5,409941
2019-08-14,10.64,10.79,10.4,10.5,517991
2019-08-15,10.55,11.12,10.45,10.88,1720834
2019-08-16,10.83,10.83,10.45,10.64,766066
2019-08-19,10.74,10.79,10.55,10.55,616204
2019-08-20,10.55,10.64,10.36,10.36,559924
2019-08-21,10.45,10.5,10.31,10.45,365400
2019-08-22,10.45,10.45,10.21,10.31,384840
2019-08-23,10.31,10.45,10.31,10.31,251583
2019-08-26,10.26,10.4,10.02,10.31,483800
2019-08-27,10.31,10.55,10.31,10.31,267666
2019-08-28,10.31,10.45,10.26,10.26,266101
2019-08-29,10.26,10.31,10.17,10.21,280901
2019-08-30,10.31,10.36,10.17,10.17,420363
2019-09-02,10.26,10.36,10.12,10.21,446911
2019-09-03,10.31,10.31,10.07,10.12,358915
2019-09-04,10.12,10.26,10.12,10.17,362683
2019-09-05,10.21,10.36,10.12,10.21,532936
2019-09-06,10.36,10.36,10.12,10.12,445353
2019-09-10,9.78,10.02,9.78,9.93,530095
2019-09-11,9.98,9.98,9.93,9.93,232270
2019-09-12,9.93,10.02,9.88,10.02,247526
2019-09-16,10.02,10.36,10.02,10.12,649872
2019-09-17,10.12,10.31,10.12,10.21,346177
2019-09-18,10.21,10.98,10.17,10.88,1837964
2019-09-19,11.17,11.17,10.5,10.5,1905684
2019-09-20,10.31,10.6,10.31,10.45,412784
2019-09-23,10.5,10.79,10.36,10.6,603528
2019-09-24,10.6,10.74,10.45,10.5,861136
2019-09-25,10.36,10.5,10.26,10.31,564872
2019-09-26,10.5,10.5,10.31,10.5,255402
2019-09-27,10.5,10.5,10.21,10.4,349744
2019-10-01,10.4,10.5,10.17,10.21,400399
2019-10-02,10.12,10.45,10.12,10.45,307472
2019-10-03,10.45,10.45,10.26,10.4,122301
2019-10-04,10.45,10.45,10.02,10.36,309077
2019-10-07,10.4,10.4,10.17,10.17,298082
2019-10-08,10.31,10.4,10.17,10.21,270333
2019-10-09,10.4,10.4,10.17,10.26,126499
2019-10-14,10.5,10.5,10.12,10.31,597638
2019-10-15,10.31,10.31,10.17,10.17,130482
2019-10-16,10.12,10.21,10.12,10.21,203874
2019-10-17,10.21,10.31,10.12,10.26,246347
2019-10-18,10.31,10.31,10.17,10.17,127816
2019-10-21,10.17,10.21,10.07,10.12,309046
2019-10-22,10.17,10.26,10.12,10.21,216645
2019-10-23,10.17,10.21,10.07,10.17,205778
2019-10-24,10.21,10.26,10.07,10.12,206483
2019-10-25,10.17,10.17,10.02,10.12,172704
2019-10-28,10.17,10.45,10.17,10.31,465938
2019-10-29,10.36,10.4,10.17,10.17,297220
2019-10-30,10.21,10.26,10.12,10.17,169983
2019-10-31,10.12,10.21,10.07,10.07,233774
2019-11-01,10.12,10.4,10.12,10.36,592479
2019-11-04,10.5,10.5,10.21,10.21,366639
2019-11-05,10.26,10.4,10.17,10.36,330521
2019-11-06,10.36,10.36,10.17,10.17,190118
2019-11-07,10.17,10.21,10.12,10.17,241755
2019-11-08,10.17,10.17,10.07,10.07,296554
2019-11-11,10.12,10.21,10.02,10.02,204633
2019-11-12,10.02,10.07,9.98,10.02,194856
2019-11-13,10.07,10.07,9.93,9.93,140725
2019-11-14,9.88,9.98,9.88,9.93,161436
2019-11-15,9.88,9.98,9.83,9.83,343626
2019-11-18,9.78,10.07,9.78,9.98,282435
2019-11-19,9.98,10.02,9.78,9.93,222258
2019-11-20,9.88,10.07,9.83,9.93,126321
2019-11-21,9.93,9.93,9.78,9.93,102815
2019-11-22,9.98,9.98,9.74,9.78,240707
2019-11-25,9.78,9.88,9.74,9.83,341189
2019-11-26,9.88,10.02,9.88,9.98,361144
2019-11-27,10.12,10.31,10.07,10.21,655695
2019-11-28,10.21,10.21,10.02,10.21,245886
2019-11-29,10.21,10.26,9.98,10.12,173711
2019-12-02,9.98,10.07,9.74,9.83,230436
2019-12-03,9.83,9.93,9.78,9.88,122174
2019-12-04,9.83,9.88,9.78,9.88,134350
2019-12-05,9.93,9.93,9.78,9.88,100668
2019-12-06,9.88,9.88,9.78,9.88,139751
2019-12-09,9.78,9.93,9.74,9.78,244932
2019-12-10,9.83,9.83,9.69,9.74,177048
2019-12-11,9.74,9.83,9.69,9.78,204912
2019-12-12,9.83,9.83,9.69,9.69,122360
2019-12-13,9.93,9.93,9.69,9.74,181763
2019-12-16,9.69,9.78,9.69,9.74,1305
2019-12-17,9.74,9.78,9.69,9.74,137727
2019-12-18,9.74,9.83,9.69,9.78,160741
2019-12-19,9.78,9.78,9.59,9.64,228535
2019-12-20,9.69,9.74,9.59,9.59,234284
2019-12-23,9.64,9.64,9.55,9.59,290054
2019-12-24,9.59,9.74,9.59,9.59,82976
2019-12-25,9.64,9.74,9.59,9.74,252999
2019-12-26,9.74,9.74,9.59,9.69,169451
2019-12-27,9.69,9.74,9.59,9.59,216557
2019-12-30,9.59,9.64,9.37,9.41,564064
2019-12-31,9.45,9.93,9.45,9.74,615457
2020-01-02,9.78,9.78,9.55,9.55,284757
2020-01-03,9.55,9.69,9.48,9.53,222571
2020-01-06,9.48,9.48,9.31,9.31,322276
2020-01-07,9.34,9.53,9.31,9.35,234061
2020-01-08,9.43,9.44,9.26,9.27,95190
2020-01-09,9.27,9.44,9.26,9.26,156827
2020-01-10,9.27,9.34,9.24,9.25,162263
2020-01-13,9.24,9.42,9.24,9.29,88839
2020-01-14,9.3,9.35,9.27,9.34,190509
2020-01-15,9.36,9.69,9.36,9.53,872006
2020-01-16,9.55,9.59,9.45,9.5,186411
2020-01-17,9.55,9.59,9.41,9.51,195091
2020-01-20,9.55,9.55,9.35,9.47,278250
2020-01-30,9.07,9.07,8.52,8.54,582422
2020-01-31,8.58,8.69,8.49,8.57,400378
2020-02-03,8.5,8.5,8.11,8.25,319828
2020-02-04,9.69,9.78,8.31,8.31,161734
2020-02-05,8.38,8.69,8.38,8.55,343027
2020-02-06,8.59,8.59,8.51,8.57,205069
2020-02-07,8.58,8.58,8.42,8.48,235036
2020-02-10,8.47,8.57,8.3,8.53,128881
2020-02-11,8.57,8.68,8.51,8.65,342635
2020-02-12,8.63,8.65,8.61,8.64,91161
2020-02-13,8.69,8.72,8.6,8.66,190419
2020-02-14,8.71,8.74,8.67,8.72,167316
2020-02-17,8.69,8.73,8.57,8.64,205378
2020-02-18,8.64,8.68,8.51,8.61,143840
2020-02-19,8.63,8.67,8.59,8.63,102257
2020-02-20,8.63,8.69,8.59,8.65,97102
2020-02-21,8.65,8.75,8.64,8.7,198020
2020-02-24,8.7,8.77,8.65,8.66,185465
2020-02-25,8.59,8.84,8.58,8.74,167879
2020-02-26,8.74,8.75,8.67,8.72,118506
2020-02-27,8.72,8.73,8.51,8.54,259548
2020-03-02,8.5,8.57,8.28,8.55,246221
2020-03-03,8.58,8.69,8.56,8.59,97495
2020-03-04,8.59,8.72,8.5,8.68,278570
2020-03-05,8.69,8.74,8.64,8.67,156810
2020-03-06,9.14,9.15,8.59,8.74,729827
2020-03-09,8.69,8.69,8.41,8.41,367076
2020-03-10,8.54,8.73,8.3,8.69,325686
2020-03-11,8.61,8.69,8.48,8.51,256711
2020-03-12,8.57,8.57,7.93,8.11,535475
2020-03-13,7.3,7.76,7.3,7.37,623210
2020-03-16,7.37,7.64,7.3,7.3,294150
2020-03-17,7.01,7.1,6.64,6.74,448061
2020-03-18,6.75,6.88,6.68,6.73,336547
2020-03-19,6.64,6.72,6.06,6.06,422689
2020-03-20,6.06,6.48,6.06,6.31,238979
2020-03-23,6.29,6.29,5.82,5.86,191943
2020-03-24,5.92,6.06,5.91,6.03,291759
2020-03-25,6.18,6.35,6.17,6.24,353044
2020-03-26,6.32,6.46,6.24,6.37,167590
2020-03-27,6.49,6.86,6.44,6.83,524032
2020-03-30,6.78,6.78,6.57,6.71,65056
2020-03-31,6.83,6.85,6.54,6.65,186588
2020-04-01,6.65,6.65,6.49,6.65,183436
2020-04-06,6.68,6.83,6.62,6.69,77786
2020-04-07,6.77,6.77,6.66,6.71,208666
2020-04-08,6.75,7.01,6.59,6.95,351745
2020-04-09,6.95,7.1,6.84,6.89,125922
2020-04-10,7.3,7.3,6.95,6.97,133330
2020-04-13,6.98,7.09,6.81,6.81,205332
2020-04-14,6.86,7.15,6.85,7.1,326671
2020-04-15,7.1,7.29,7.05,7.28,318476
2020-04-16,7.28,7.46,7.21,7.36,218056
2020-04-17,7.54,7.54,7.23,7.33,388986
2020-04-20,7.33,7.43,7.16,7.16,71761
2020-04-21,7.17,7.17,6.95,6.95,269423
2020-04-22,6.8,7.02,6.78,6.99,136197
2020-04-23,7.16,7.16,6.95,7.0,85642
2020-04-24,7.1,7.1,6.93,7.02,109164
2020-04-27,7.02,7.44,7.02,7.25,147800
2020-04-28,7.44,7.44,7.16,7.28,95339
2020-04-29,7.25,7.32,7.25,7.29,142600
2020-04-30,7.37,7.43,7.29,7.33,208538
2020-05-04,7.25,7.27,7.12,7.16,187541
2020-05-05,7.17,7.43,7.17,7.33,443738
2020-05-06,7.28,7.31,7.21,7.24,224200
2020-05-07,7.33,7.33,7.19,7.25,155167
2020-05-08,7.39,7.39,7.14,7.21,282072
2020-05-11,7.06,7.23,7.05,7.06,379170
2020-05-12,7.06,7.19,7.03,7.08,201536
2020-05-13,7.04,7.09,6.92,6.96,368130
2020-05-14,6.98,7.15,6.84,7.15,1243787
2020-05-15,7.16,7.85,7.15,7.78,3280163
2020-05-18,7.55,7.95,7.3,7.76,1350054
2020-05-19,7.78,7.86,7.64,7.8,867888
2020-05-20,7.8,7.88,7.67,7.73,373460
2020-05-21,7.78,7.85,7.64,7.76,890312
2020-05-22,7.77,8.2,7.61,7.82,1024808
2020-05-25,7.82,7.82,7.68,7.68,255617
2020-05-26,7.73,7.83,7.6,7.77,559230
2020-05-27,7.67,7.78,7.67,7.73,211620
2020-05-28,7.75,7.75,7.6,7.66,270526
2020-05-29,7.66,7.72,7.56,7.65,142685
2020-06-01,7.73,7.73,7.64,7.68,229903
2020-06-02,7.64,7.71,7.61,7.62,311487
2020-06-03,7.62,7.67,7.62,7.64,248086
2020-06-04,7.65,7.72,7.62,7.64,403645
2020-06-05,7.66,7.79,7.64,7.79,848753
2020-06-08,8.02,8.56,8.02,8.56,1967464
2020-06-09,8.48,9.05,8.42,9.02,3236375
2020-06-10,8.96,8.96,8.67,8.78,1453527
2020-06-11,8.78,8.88,8.61,8.78,1094193
2020-06-12,8.11,8.48,8.11,8.3,500519
2020-06-15,8.31,8.49,8.3,8.41,396534
2020-06-16,8.43,8.56,8.41,8.51,531315
2020-06-17,8.58,9.36,8.45,9.36,1668075
2020-06-18,9.55,10.26,9.47,10.26,6427869
2020-06-19,10.12,10.55,9.69,10.02,5696133
2020-06-22,10.02,10.07,9.55,9.74,1426701
2020-06-23,9.74,9.98,9.64,9.78,1045360
2020-06-24,9.78,9.83,9.38,9.74,1212976
2020-06-29,9.69,9.83,9.55,9.74,791767
2020-06-30,9.69,10.69,9.64,10.69,3591110
2020-07-01,10.64,10.93,10.17,10.69,4934837
2020-07-02,10.79,10.83,10.31,10.83,2885175
2020-07-03,11.03,11.03,10.55,10.88,2546160
2020-07-06,10.93,10.98,10.74,10.88,1763920
2020-07-07,10.88,10.88,10.55,10.79,1348255
2020-07-08,10.45,10.79,10.45,10.6,1015753
2020-07-09,10.69,11.17,10.55,11.12,3112347
2020-07-10,11.07,11.07,10.4,10.69,2155426
2020-07-13,10.79,10.83,10.4,10.5,1050121
2020-07-14,10.6,10.74,10.4,10.45,915274
2020-07-15,10.45,10.55,10.31,10.45,696893
2020-07-16,10.5,11.03,10.31,10.93,2480957
2020-07-17,10.98,11.22,10.69,11.03,3269087
2020-07-20,10.88,10.93,10.55,10.64,937828
2020-07-21,10.64,10.98,10.64,10.98,1806337
2020-07-22,10.98,11.07,10.79,11.03,936385
2020-07-23,10.98,10.98,10.6,10.69,620156
2020-07-24,10.6,10.98,10.5,10.6,1008294
2020-07-27,10.69,10.69,10.12,10.12,987979
2020-07-28,10.12,10.26,9.64,10.17,1517621
2020-07-29,10.07,10.55,10.07,10.55,671015
2020-07-30,10.55,10.6,10.45,10.5,356221
2020-07-31,10.55,10.55,10.36,10.36,249483
2020-08-03,10.26,10.36,10.12,10.31,485933
2020-08-04,10.31,10.45,10.17,10.36,723677
2020-08-05,10.4,10.45,10.12,10.31,452160
2020-08-06,10.31,10.36,10.07,10.07,333143
2020-08-07,10.21,10.21,10.02,10.02,119901
2020-08-10,10.02,10.12,9.93,10.12,287260
2020-08-11,9.93,10.12,9.74,10.12,555315
2020-08-12,9.93,10.02,9.78,9.88,236291
2020-08-13,10.07,10.07,9.74,9.93,316177
2020-08-14,9.93,10.07,9.74,9.74,316887
2020-08-17,9.74,9.93,9.64,9.93,447950
2020-08-18,9.88,9.98,9.74,9.74,197128
2020-08-19,9.88,9.88,9.64,9.64,197897
2020-08-20,9.64,9.69,8.96,9.23,660833
2020-08-21,9.27,9.46,9.27,9.46,274652
2020-08-24,9.44,9.74,9.36,9.74,245245
2020-08-25,9.69,9.83,9.59,9.59,175383
2020-08-26,9.59,9.74,9.53,9.74,208554
2020-08-27,9.74,9.78,9.52,9.52,173328
2020-08-28,9.55,9.59,9.46,9.54,304292
2020-08-31,9.64,9.64,9.42,9.42,209051
2020-09-01,9.53,9.53,9.35,9.36,206424
2020-09-02,9.52,9.52,9.35,9.38,187523
2020-09-03,9.74,10.07,9.41,10.07,930361
2020-09-04,9.98,10.21,9.74,10.07,1289609
2020-09-07,10.12,10.21,9.93,9.93,652743
2020-09-08,9.88,10.07,9.74,9.78,285045
2020-09-09,9.83,9.83,9.64,9.83,207756
2020-09-10,9.83,9.93,9.74,9.78,268201
2020-09-11,9.78,9.83,9.49,9.49,447334
2020-09-14,9.54,9.69,9.54,9.55,170496
2020-09-15,9.55,9.69,9.51,9.51,184923
2020-09-16,9.59,9.64,9.51,9.59,141421
2020-09-17,9.64,10.55,9.52,10.55,2270988
2020-09-18,10.6,11.12,10.55,10.83,4664236
2020-09-21,10.69,10.79,10.17,10.17,2079871
2020-09-22,10.21,10.6,9.88,10.6,1396214
2020-09-23,10.55,10.69,10.26,10.64,1201069
2020-09-24,10.55,10.88,10.36,10.79,1641850
2020-09-25,10.88,10.88,10.12,10.21,1033607
2020-09-28,10.31,10.5,10.02,10.12,442508
2020-09-29,10.07,10.4,10.07,10.31,439650
2020-09-30,10.45,10.45,10.12,10.4,285004
2020-10-05,10.45,10.45,10.26,10.45,314284
2020-10-06,10.5,10.6,10.31,10.5,322873
2020-10-07,10.45,10.5,10.31,10.5,226330
2020-10-08,10.55,10.79,10.5,10.6,906672
2020-10-12,10.6,10.64,10.45,10.64,538840
2020-10-13,10.64,10.69,10.17,10.26,927310
2020-10-14,10.36,10.64,9.98,10.64,798501
2020-10-15,10.69,10.69,10.5,10.64,435085
2020-10-16,10.64,10.69,10.5,10.64,323921
2020-10-19,10.69,10.69,10.31,10.5,234086
2020-10-20,10.5,10.5,10.31,10.45,397099
2020-10-21,10.45,10.45,10.21,10.31,235250
2020-10-22,10.21,10.31,10.07,10.26,413091
2020-10-23,10.31,10.31,10.07,10.12,237458
2020-10-26,10.26,10.45,10.17,10.36,353049
2020-10-27,10.17,10.36,10.17,10.21,117132
2020-10-28,10.26,10.31,10.17,10.17,118641
2020-10-29,10.02,10.31,9.88,10.31,543239
2020-10-30,10.26,10.31,10.07,10.17,149598
2020-11-02,10.17,10.21,10.07,10.17,150280
2020-11-03,9.93,10.21,9.93,10.17,164422
2020-11-04,10.17,10.26,10.07,10.17,117365
2020-11-05,10.21,10.21,10.02,10.17,109449
2020-11-06,10.21,10.31,10.17,10.26,264370
2020-11-09,10.26,10.31,10.12,10.21,123123
2020-11-10,10.31,10.69,10.31,10.55,1535642
2020-11-11,10.74,10.74,10.4,10.6,730883
2020-11-12,10.55,10.64,10.36,10.64,489760
2020-11-13,10.64,10.69,10.31,10.5,239060
2020-11-16,10.5,10.64,10.4,10.5,425391
2020-11-17,10.5,10.6,10.4,10.6,351316
2020-11-18,10.55,10.6,10.4,10.4,239063
2020-11-19,10.5,10.5,10.36,10.5,317995
2020-11-20,10.5,10.55,10.4,10.45,302055
2020-11-23,10.45,10.5,10.36,10.4,283221
2020-11-24,10.45,10.55,10.31,10.36,374430
2020-11-25,10.36,10.45,10.36,10.4,209844
2020-11-26,10.36,10.5,10.36,10.5,259482
2020-11-27,10.5,10.6,10.4,10.55,499815
2020-11-30,10.79,10.79,10.55,10.6,523823
2020-12-01,10.69,10.69,10.5,10.64,532291
2020-12-02,10.69,11.69,10.64,11.69,6662573
2020-12-03,11.6,11.93,11.22,11.36,5151484
2020-12-04,11.36,11.45,11.12,11.45,2024353
2020-12-07,11.65,11.65,11.26,11.45,1326489
2020-12-08,11.55,11.98,11.26,11.93,2220521
2020-12-09,12.12,12.12,11.5,11.84,2213289
2020-12-10,11.93,12.12,11.6,11.74,2011355
2020-12-11,11.79,11.88,11.26,11.31,1569109
2020-12-14,11.36,11.55,11.31,11.36,512962
2020-12-15,11.36,11.5,11.03,11.07,775764
2020-12-16,11.12,11.79,11.12,11.5,1458746
2020-12-17,11.65,11.69,11.36,11.65,736469
2020-12-18,11.65,11.74,11.45,11.69,2362179
2020-12-21,12.31,12.84,12.22,12.84,6354166
2020-12-22,12.03,12.84,11.98,12.7,6208554
2020-12-23,12.5,13.36,12.31,12.98,4359714
2020-12-24,13.13,13.17,12.65,13.17,2659688
2020-12-25,13.36,14.08,13.32,13.94,6705352
2020-12-28,14.08,14.46,13.84,14.18,3948651
2020-12-29,14.32,14.84,14.22,14.8,6100533
2020-12-30,14.8,14.8,13.32,13.51,5973524
2020-12-31,13.6,13.98,12.98,13.98,4175571
2021-01-04,14.27,14.27,13.7,14.13,2544856
2021-01-05,14.13,14.22,13.84,14.22,2911090
2021-01-06,14.27,14.27,13.36,13.98,2760926
2021-01-07,13.98,14.08,13.75,13.75,1070008
2021-01-08,13.55,14.32,13.55,13.84,2940487
2021-01-11,13.94,14.13,13.79,13.98,1279015
2021-01-12,14.51,14.51,13.7,14.08,3514473
2021-01-13,14.08,14.18,13.84,14.18,957998
2021-01-14,14.22,14.27,13.89,14.18,1509240
2021-01-15,14.41,14.41,14.03,14.22,2158749
2021-01-18,14.22,14.7,13.98,14.7,3890155
2021-01-19,15.27,16.13,14.89,16.13,10416738
2021-01-20,16.23,16.51,15.32,16.32,10720261
2021-01-21,16.23,17.8,15.85,17.71,13712781
2021-01-22,17.71,18.04,16.7,18.04,9649882
2021-01-25,18.23,18.61,17.47,18.47,9409129
2021-01-26,18.38,18.71,18.18,18.66,6884695
2021-01-27,18.61,18.8,17.75,18.66,6657811
2021-01-28,17.99,19.04,17.99,19.04,5690956
2021-01-29,19.66,20.9,19.57,20.9,12084869
2021-02-01,20.9,22.72,19.85,21.19,13654196
2021-02-02,20.24,20.9,19.09,19.09,14213501
2021-02-03,18.14,18.42,17.18,17.18,9397531
2021-02-04,16.18,16.7,15.46,15.8,11001500
2021-02-05,15.51,15.75,14.46,14.46,7905420
2021-02-17,14.51,14.84,14.13,14.65,2981744
2021-02-18,14.56,16.08,14.56,16.08,6823993
2021-02-19,16.08,17.18,15.65,16.7,6992458
2021-02-22,16.7,16.94,16.08,16.13,5480342
2021-02-23,16.23,16.23,15.32,15.56,3443219
2021-02-24,15.65,16.08,15.51,15.61,2840327
2021-02-25,15.65,17.13,15.56,17.09,5280046
2021-02-26,16.61,16.94,16.28,16.66,2947500
2021-03-02,16.75,16.9,16.18,16.18,2195748
2021-03-03,16.75,17.13,16.23,16.9,3152723
2021-03-04,16.56,16.8,16.32,16.47,1701116
2021-03-05,16.04,16.8,15.89,16.28,1343876
2021-03-08,16.42,16.42,15.56,15.56,1981055
2021-03-09,15.7,15.94,15.27,15.7,1880497
2021-03-10,15.89,16.47,15.8,16.28,2079790
2021-03-11,16.32,17.85,16.28,17.52,6112508
2021-03-12,17.66,17.66,16.66,16.85,4566316
2021-03-15,16.7,16.85,16.51,16.61,2009908
2021-03-16,16.9,16.99,16.61,16.7,1906914
2021-03-17,16.8,17.04,16.51,16.66,1996988
2021-03-18,16.66,17.66,16.56,17.18,3864473
2021-03-19,16.75,17.33,16.7,17.23,2503371
2021-03-22,17.23,17.37,16.99,17.28,2145458
2021-03-23,17.37,17.95,17.33,17.95,4497205
2021-03-24,18.14,19.09,18.14,19.04,7462342
2021-03-25,19.04,19.19,17.28,17.47,6371773
2021-03-26,17.18,17.61,16.7,17.18,2596108
2021-03-29,17.52,17.52,16.8,16.99,2586828
2021-03-30,17.23,17.23,16.99,17.04,1233159
2021-03-31,17.18,17.66,17.04,17.28,1515027
2021-04-01,17.61,17.61,17.28,17.42,1302194
2021-04-07,17.47,18.9,17.37,18.8,7395625
2021-04-08,19.0,19.0,18.04,18.61,4584509
2021-04-09,18.8,18.85,18.23,18.52,3465343
2021-04-12,18.8,19.95,18.71,19.19,7609008
2021-04-13,19.09,19.09,18.14,18.23,5050951
2021-04-14,18.42,18.57,17.23,17.66,3971134
2021-04-15,17.71,18.28,17.71,18.09,1426189
2021-04-16,18.23,18.57,18.18,18.28,1679750
2021-04-19,18.61,19.43,18.47,19.04,5643998
2021-04-20,19.09,19.23,18.57,18.8,3415135
2021-04-21,18.76,19.57,18.71,19.23,5026217
2021-04-22,19.43,19.52,18.18,18.52,4804160
2021-04-23,18.38,18.42,17.75,18.18,2571392
2021-04-26,18.23,18.61,18.04,18.09,2056481
2021-04-27,18.14,18.14,17.61,17.66,2532035
2021-04-28,17.66,17.85,17.47,17.66,1374715
2021-04-29,17.8,17.99,17.18,17.18,3210124
2021-05-03,17.18,17.18,16.04,16.08,3283271
2021-05-04,16.04,16.51,14.75,15.51,2506600
2021-05-05,15.46,16.08,15.13,15.51,1275961
2021-05-06,15.51,15.75,14.99,15.18,1472829
2021-05-07,15.27,15.99,14.99,15.94,981856
2021-05-10,16.08,16.08,15.37,15.51,819661
2021-05-11,15.51,15.65,14.56,14.94,1494888
2021-05-12,14.6,14.65,13.46,13.46,2515389
2021-05-13,12.65,14.18,12.41,13.51,1703520
2021-05-14,13.84,14.22,13.27,13.46,1161381
2021-05-17,12.31,12.98,12.12,12.22,1703184
2021-05-18,12.41,13.41,12.41,13.41,1348611
2021-05-19,13.41,13.89,13.41,13.75,801000
2021-05-20,13.84,13.98,13.41,13.41,617252
2021-05-21,13.75,14.18,13.6,14.13,772092
2021-05-24,14.46,14.46,13.94,14.18,521978
2021-05-25,14.37,14.37,14.08,14.22,769523
2021-05-26,14.32,14.32,14.08,14.22,442229
2021-05-27,14.18,14.51,14.08,14.22,435970
2021-05-28,15.61,15.61,15.51,15.61,1079942
2021-05-31,16.37,16.66,15.75,15.94,2440114
2021-06-01,16.04,16.04,15.56,15.65,996572
2021-06-02,15.7,15.75,15.23,15.42,818690
2021-06-03,15.32,15.51,15.27,15.46,473886
2021-06-04,15.37,15.37,14.8,14.84,917812
2021-06-07,15.08,15.08,14.41,14.89,539541
2021-06-08,14.89,15.08,14.7,14.8,331128
2021-06-09,14.8,15.03,14.65,14.75,515539
2021-06-10,14.8,15.42,14.8,14.94,679899
2021-06-11,14.8,15.08,14.56,14.8,605204
2021-06-15,14.84,14.84,14.51,14.6,516162
2021-06-16,14.59,14.88,14.59,14.64,735780
2021-06-17,14.98,16.06,14.98,16.06,3745109
2021-06-18,15.47,15.81,15.18,15.32,2610565
2021-06-21,15.13,15.13,14.59,14.79,1062440
2021-06-22,14.88,15.08,14.74,14.84,575614
2021-06-23,15.18,15.18,14.64,14.84,1086625
2021-06-24,14.93,15.08,14.79,15.08,868966
2021-06-25,15.18,15.28,14.98,14.98,921097
2021-06-28,15.52,15.96,15.28,15.72,2455304
2021-06-29,15.72,15.72,15.03,15.13,1657140
2021-06-30,15.28,15.28,15.03,15.03,923306
2021-07-01,15.03,15.13,14.74,14.79,933066
2021-07-02,14.88,15.13,14.79,15.03,619780
2021-07-05,15.18,15.23,14.88,14.98,468260
2021-07-06,15.08,15.62,14.88,15.18,1118293
2021-07-07,15.37,15.37,14.88,14.98,662671
2021-07-08,14.59,14.74,14.25,14.74,1986497
2021-07-09,14.79,14.79,14.44,14.64,911357
2021-07-12,14.69,14.74,14.39,14.39,904891
2021-07-13,14.39,14.49,14.1,14.1,1441303
2021-07-14,14.1,14.35,14.0,14.1,645232
2021-07-15,14.2,14.2,13.91,14.05,709232
2021-07-16,14.2,14.54,14.15,14.25,985999
2021-07-19,14.35,14.35,14.05,14.1,535487
2021-07-20,14.0,14.2,14.0,14.2,643032
2021-07-21,14.44,14.44,13.91,13.95,693108
2021-07-22,14.0,14.1,13.86,13.86,636719
2021-07-23,13.86,14.05,13.86,13.91,499028
2021-07-26,13.95,14.2,13.86,13.86,517575
2021-07-27,13.91,14.25,13.76,14.15,1264769
2021-07-28,14.3,14.3,13.86,13.91,889348
2021-07-29,14.1,14.1,13.86,13.91,464294
2021-07-30,14.05,14.25,13.81,13.95,842066
2021-08-02,13.95,14.1,13.91,14.0,230086
2021-08-03,14.0,14.39,13.91,14.2,1211977
2021-08-04,14.25,14.44,14.2,14.35,1671164
2021-08-05,14.35,14.44,14.1,14.1,499894
2021-08-06,14.3,14.3,13.95,14.0,511320
2021-08-09,14.0,14.0,13.81,13.91,496538
2021-08-10,13.86,13.86,13.51,13.51,971720
2021-08-11,13.51,13.56,13.07,13.07,684516
2021-08-12,12.88,13.22,12.88,13.12,304935
2021-08-13,13.27,13.37,12.93,13.02,479580
2021-08-16,12.88,13.02,12.68,12.73,538768
2021-08-17,12.73,12.73,12.73,12.73,0
2021-08-18,12.73,12.83,12.44,12.73,438678
2021-08-19,12.83,12.83,12.44,12.44,408631
2021-08-20,12.44,12.68,12.39,12.39,650799
2021-08-23,12.34,12.88,12.34,12.53,745965
2021-08-24,12.58,12.93,12.49,12.68,1014556
2021-08-25,12.73,12.88,12.63,12.83,279727
2021-08-26,12.68,12.83,12.63,12.68,282578
2021-08-27,12.68,13.22,12.63,13.02,636231
2021-08-30,13.02,13.37,12.83,12.88,296661
2021-08-31,12.78,12.88,12.73,12.73,239511
2021-09-01,12.73,12.88,12.58,12.63,388917
2021-09-02,12.73,12.83,12.44,12.49,489031
2021-09-03,12.49,12.68,12.34,12.53,502996
2021-09-06,12.53,12.58,12.34,12.34,397271
2021-09-07,12.53,12.53,12.04,12.14,422555
2021-09-08,12.14,12.34,11.85,11.9,433545
2021-09-09,12.14,12.63,12.14,12.49,677698
2021-09-10,12.63,12.78,12.44,12.49,615786
2021-09-13,12.58,12.68,12.49,12.63,236734
2021-09-14,12.73,12.83,12.58,12.83,483286
2021-09-15,12.88,13.51,12.73,13.17,1847709
2021-09-16,12.88,13.02,12.58,12.68,545616
2021-09-17,12.63,12.68,12.44,12.63,289055
2021-09-22,12.39,12.44,12.14,12.24,379117
2021-09-23,12.49,12.63,12.34,12.44,249959
2021-09-24,13.66,13.66,13.66,13.66,1504879
2021-09-27,14.98,14.98,14.59,14.98,9172925
2021-09-28,14.98,15.37,14.1,14.98,4890453
2021-09-29,14.59,14.88,14.3,14.49,1601685
2021-09-30,14.74,15.37,14.69,15.23,2145827
2021-10-01,14.69,14.93,14.3,14.35,1673504
2021-10-04,14.79,14.79,13.71,14.05,1716908
2021-10-05,13.76,14.25,13.42,14.15,865053
2021-10-06,14.49,14.69,14.05,14.05,812986
2021-10-07,14.3,15.42,14.1,15.42,3334195
2021-10-08,16.06,16.94,15.18,16.94,11796907
2021-10-12,17.28,18.36,16.89,18.07,12488140
2021-10-13,17.43,17.92,16.7,17.92,6358868
2021-10-14,17.82,19.19,17.43,18.75,11619493
2021-10-15,18.61,19.49,17.82,19.49,10993889
2021-10-18,19.49,19.49,18.41,18.46,11002512
2021-10-19,18.12,18.31,17.38,17.48,6865868
2021-10-20,17.72,19.19,17.63,19.19,10414913
2021-10-21,19.14,20.56,18.65,19.49,12905402
2021-10-22,19.1,19.39,18.41,18.41,7022400
2021-10-25,18.41,18.7,17.77,18.07,3611457
2021-10-26,18.41,18.56,17.82,17.87,3068703
2021-10-27,17.87,18.16,17.68,17.72,2551356
2021-10-28,17.63,18.61,17.38,17.68,3007244
2021-10-29,17.72,17.92,17.23,17.43,2741499
2021-11-01,17.48,17.87,17.33,17.53,2166638
2021-11-02,17.68,18.02,17.48,17.53,2451209
2021-11-03,17.58,17.77,16.74,16.79,4063156
2021-11-04,16.99,17.14,16.65,16.89,1847600
2021-11-05,16.99,17.09,16.65,16.84,1331017
2021-11-08,16.84,18.21,16.84,17.77,3764390
2021-11-09,17.58,17.68,17.14,17.33,2829278
2021-11-10,17.28,17.33,16.84,16.84,2100172
2021-11-11,17.09,17.09,16.45,16.45,2383078
2021-11-12,16.55,16.55,15.96,16.06,2457567
2021-11-15,16.06,16.89,15.96,16.7,2149781
2021-11-16,17.04,18.02,16.74,17.97,5231703
2021-11-17,17.87,17.87,17.09,17.19,3085767
2021-11-18,17.04,17.28,16.84,16.94,1482452
2021-11-19,16.89,17.14,16.7,16.79,1149736
2021-11-22,16.94,18.46,16.79,18.46,7010330
2021-11-23,18.46,19.39,17.82,18.51,7971295
2021-11-24,18.75,18.9,18.36,18.36,3173187
2021-11-25,18.46,18.8,18.31,18.36,2410005
2021-11-26,18.61,18.75,17.72,17.87,2873656
2021-11-29,17.43,18.02,17.28,17.63,1946663
2021-11-30,17.92,19.1,17.68,18.61,3735907
2021-12-01,18.61,19.1,18.31,18.51,3545058
2021-12-02,18.9,18.9,17.63,17.87,2922587
2021-12-03,17.92,18.12,17.87,17.92,984539
2021-12-06,17.87,18.26,17.87,18.12,836331
2021-12-07,17.92,18.21,17.72,17.82,1062367
2021-12-08,17.92,18.31,17.63,17.77,1702272
2021-12-09,17.72,18.07,17.68,17.87,1149583
2021-12-10,17.53,17.58,17.09,17.09,3183109
2021-12-13,17.04,17.43,16.7,17.33,1137115
2021-12-14,17.04,17.23,16.79,16.79,1086868
2021-12-15,16.99,17.09,16.84,17.04,539513
2021-12-16,17.77,17.77,17.04,17.23,1340760
2021-12-17,17.19,17.19,16.55,16.7,1984403
2021-12-20,16.7,16.84,16.16,16.65,1258728
2021-12-21,16.6,16.89,16.5,16.74,595148
2021-12-22,17.09,17.09,16.65,16.7,579819
2021-12-23,16.74,17.09,16.45,16.94,1649691
2021-12-24,16.99,17.04,16.65,16.7,656022
2021-12-27,16.79,17.19,16.74,16.94,968439
2021-12-28,17.04,17.04,16.74,16.74,822788
2021-12-29,16.65,16.99,16.65,16.94,462628
2021-12-30,16.99,16.99,16.79,16.84,488260
2022-01-03,16.94,17.23,16.84,16.84,896278
2022-01-04,16.99,17.04,16.84,16.99,597610
2022-01-05,16.99,17.09,16.45,16.45,1278756
2022-01-06,16.45,16.65,16.35,16.55,661448
2022-01-07,16.5,16.74,16.11,16.26,1208702
2022-01-10,16.3,16.65,16.16,16.45,358149
2022-01-11,16.26,16.3,15.47,15.52,1443588
2022-01-12,15.52,15.57,14.98,15.23,1126633
2022-01-13,15.23,15.42,15.08,15.08,466757
2022-01-14,15.47,15.47,14.64,14.69,744876
2022-01-17,14.79,15.57,14.74,15.28,534231
2022-01-18,15.18,15.52,15.13,15.13,556048
2022-01-19,15.08,15.42,14.93,15.03,725740
2022-01-20,15.03,15.23,14.98,15.18,542345
2022-01-21,15.18,15.37,15.08,15.08,713264
2022-01-24,14.88,15.13,14.69,15.13,588217
2022-01-25,14.88,15.13,14.84,15.13,552640
2022-01-26,15.08,15.18,14.93,15.13,494291
2022-02-07,15.32,15.96,15.13,15.91,828213
2022-02-08,15.91,16.06,15.77,15.96,432007
2022-02-09,15.96,16.01,15.72,15.96,435072
2022-02-10,16.01,16.06,15.67,15.77,500395
2022-02-11,15.67,15.81,15.37,15.77,473899
2022-02-14,15.77,15.77,15.18,15.67,663805
2022-02-15,15.62,15.72,15.32,15.42,324750
2022-02-16,15.52,15.67,15.37,15.42,341217
2022-02-17,15.37,15.57,15.23,15.28,384435
2022-02-18,15.18,15.62,15.03,15.62,804825
2022-02-21,15.57,15.67,15.42,15.62,378449
2022-02-22,15.62,15.62,15.28,15.62,923177
2022-02-23,15.57,15.67,15.37,15.67,355483
2022-02-24,15.67,16.06,15.42,15.52,1333826
2022-02-25,15.52,15.91,15.52,15.62,899758
2022-03-01,15.77,17.14,15.72,17.14,5032979
2022-03-02,16.79,16.94,16.35,16.35,3296120
2022-03-03,16.45,16.6,16.26,16.3,1139668
2022-03-04,16.35,16.35,15.77,15.86,1078511
2022-03-07,15.86,15.86,15.03,15.28,1072394
2022-03-08,15.28,15.62,15.18,15.23,776802
2022-03-09,15.37,15.52,15.18,15.37,466386
2022-03-10,15.47,15.57,15.28,15.32,584532
2022-03-11,15.32,15.52,15.28,15.42,334805
2022-03-14,15.57,15.91,15.42,15.77,745325
2022-03-15,15.67,15.81,15.47,15.77,678972
2022-03-16,15.86,16.06,15.62,15.96,526144
2022-03-17,16.26,16.3,15.96,16.21,685429
2022-03-18,16.26,16.26,16.01,16.06,329959
2022-03-21,16.16,16.16,15.96,16.11,302608
2022-03-22,16.16,16.16,15.86,15.96,300607
2022-03-23,16.06,16.06,15.72,15.77,376386
2022-03-24,15.81,15.96,15.67,15.77,428918
2022-03-25,15.77,16.6,15.72,16.4,1641956
2022-03-28,16.84,16.84,16.21,16.55,1485658
2022-03-29,16.6,17.97,16.55,17.48,4090545
2022-03-30,17.43,17.68,17.14,17.58,2516400
2022-03-31,17.58,17.63,16.94,16.94,1546965
2022-04-01,16.74,17.33,16.74,17.04,977592
2022-04-06,16.94,16.94,16.5,16.74,742606
2022-04-07,16.65,16.74,15.96,15.96,1300131
2022-04-08,16.16,16.55,16.01,16.55,773986
2022-04-11,16.65,17.04,16.06,16.84,1346934
2022-04-12,16.65,16.84,16.45,16.84,1028179
2022-04-13,17.04,17.09,16.5,16.5,1131501
2022-04-14,16.65,16.65,16.06,16.21,587237
2022-04-15,16.45,16.6,16.01,16.6,1012670
2022-04-18,16.6,16.6,16.21,16.26,596106
2022-04-19,16.26,16.55,16.26,16.35,366053
2022-04-20,16.26,16.4,16.11,16.35,474023
2022-04-21,16.26,17.33,16.21,17.28,2307111
2022-04-22,17.48,17.63,17.14,17.63,3353144
2022-04-25,17.38,17.43,16.74,16.89,1473991
2022-04-26,17.04,17.19,16.45,16.94,1802602
2022-04-27,16.5,17.04,16.35,17.04,1410147
2022-04-28,17.04,17.92,16.84,17.92,1994956
2022-04-29,18.02,18.12,17.63,17.87,3703434
2022-05-03,17.43,17.68,17.23,17.63,1607586
2022-05-04,17.58,17.58,17.23,17.33,802888
2022-05-05,17.38,17.58,17.23,17.58,1072561
2022-05-06,17.33,17.48,17.23,17.48,1000582
2022-05-09,17.53,17.53,16.94,17.48,1476865
2022-05-10,17.38,17.38,16.74,17.19,1260312
2022-05-11,16.79,17.63,16.79,17.63,1754624
2022-05-12,17.48,17.53,17.09,17.09,1273457
2022-05-13,17.09,17.33,17.04,17.09,555690
2022-05-16,17.09,17.43,17.09,17.23,731201
2022-05-17,17.23,17.33,17.09,17.14,599155
2022-05-18,17.14,17.43,17.04,17.43,951004
2022-05-19,17.33,17.63,17.14,17.63,1704811
2022-05-20,17.63,18.12,17.53,18.12,4401615
2022-05-23,18.36,18.8,18.12,18.41,5160082
2022-05-24,18.46,18.51,18.12,18.46,3917053
2022-05-25,18.46,18.61,18.21,18.61,2421880
2022-05-26,18.61,19.0,18.46,18.65,3830406
2022-05-27,18.75,18.75,18.21,18.46,2541756
2022-05-30,18.46,18.8,18.41,18.7,2951663
2022-05-31,18.9,19.0,18.61,18.8,2358803
2022-06-01,18.85,18.85,18.41,18.46,2502499
2022-06-02,18.56,18.56,18.21,18.46,1566638
2022-06-06,18.46,18.8,17.87,18.75,1763982
2022-06-07,18.61,18.9,18.46,18.61,1358059
2022-06-08,18.61,18.7,18.41,18.56,974952
2022-06-09,18.56,18.7,18.41,18.61,1737391
2022-06-10,18.61,18.61,18.31,18.36,1117269
2022-06-13,18.21,19.05,17.97,19.0,4784366
2022-06-14,18.7,18.85,18.16,18.61,3590931
2022-06-15,18.61,18.75,18.41,18.46,1298350
2022-06-16,18.8,18.95,18.46,18.7,4236132
2022-06-17,18.31,18.31,16.84,16.84,7120181
2022-06-20,16.84,16.89,15.28,15.67,5648877
2022-06-21,15.77,16.06,15.52,16.06,1592501
2022-06-22,16.06,16.06,14.88,14.88,2059883
2022-06-23,14.88,15.42,14.79,15.23,1198082
2022-06-24,15.23,15.81,15.23,15.52,1265277
2022-06-27,16.01,16.99,15.96,16.99,3602005
2022-06-28,16.99,16.99,16.55,16.84,1417437
2022-06-29,16.55,16.74,16.5,16.74,1174512
2022-06-30,16.7,16.94,16.5,16.79,1782315
2022-07-01,16.79,16.84,16.26,16.5,1444262
2022-07-04,16.5,16.65,16.16,16.55,963204
2022-07-05,16.65,16.84,16.26,16.84,1339882
2022-07-06,16.74,16.74,16.5,16.5,852703
2022-07-07,16.65,16.65,16.16,16.65,748547
2022-07-08,16.7,16.7,16.45,16.55,594409
2022-07-11,16.55,16.65,16.3,16.65,1190320
2022-07-12,16.65,16.65,16.11,16.11,447773
2022-07-13,16.3,16.55,16.21,16.21,391182
2022-07-14,16.21,16.4,16.11,16.4,480234
2022-07-15,16.45,16.74,16.3,16.65,821179
2022-07-18,16.7,17.04,16.65,16.74,693249
2022-07-19,16.7,16.89,16.5,16.6,703102
2022-07-20,16.7,16.79,16.45,16.65,476907
2022-07-21,16.55,17.04,16.55,16.99,1407661
2022-07-22,17.14,17.14,16.7,16.7,704748
2022-07-25,16.7,16.84,16.65,16.7,267410
2022-07-26,16.65,17.04,16.4,16.84,786331
2022-07-27,16.6,16.84,16.55,16.65,209129
2022-07-28,16.7,16.74,16.45,16.45,403652
2022-07-29,16.55,16.65,16.35,16.35,456898
2022-08-01,16.4,16.55,16.35,16.45,380910
2022-08-02,16.45,16.45,16.16,16.21,570859
2022-08-03,16.3,16.4,16.11,16.11,415362
2022-08-04,16.16,16.16,15.67,15.91,495311
2022-08-05,15.96,16.16,15.91,16.16,358705
2022-08-08,16.35,16.79,16.16,16.6,1213038
2022-08-09,16.79,16.79,16.55,16.74,551963
2022-08-10,16.55,16.74,16.55,16.65,400313
2022-08-11,16.65,16.7,16.4,16.65,470131
2022-08-12,16.6,16.65,16.45,16.45,433096
2022-08-15,16.94,18.02,16.6,18.02,3381566
2022-08-16,18.02,18.02,17.48,17.87,2977541
2022-08-17,17.87,17.92,17.53,17.87,1763116
2022-08-18,17.87,17.97,17.72,17.92,1283891
2022-08-19,17.97,17.97,17.68,17.82,1250041
2022-08-22,17.53,17.82,17.53,17.82,487116
2022-08-23,17.63,17.63,17.14,17.14,888640
2022-08-24,17.14,17.28,16.99,17.09,695242
2022-08-25,17.14,17.38,17.09,17.23,547368
2022-08-26,17.33,17.38,17.19,17.19,680507
2022-08-29,17.23,17.33,16.79,17.33,983425
2022-08-30,17.68,17.97,17.43,17.87,2072134
2022-08-31,17.92,18.21,17.87,17.92,1970218
2022-09-01,18.07,18.07,17.63,17.77,1362408
2022-09-02,17.77,17.97,17.77,17.92,1257312
2022-09-05,18.07,18.31,17.87,18.12,2573737
2022-09-06,18.16,18.16,17.04,17.28,1274519
2022-09-07,17.87,17.87,17.23,17.58,744462
2022-09-08,17.92,17.92,17.58,17.63,827759
2022-09-12,18.12,18.95,17.92,18.75,5867879
2022-09-13,18.95,19.88,18.8,19.58,7082307
2022-09-14,19.1,19.88,18.8,19.88,5369474
2022-09-15,20.07,20.47,19.29,19.29,5469121
2022-09-16,19.34,19.44,19.0,19.39,2846874
2022-09-19,19.58,19.68,19.1,19.1,2233179
2022-09-20,19.14,19.34,18.9,19.34,2733980
2022-09-21,19.29,19.29,18.95,18.95,1390682
2022-09-22,19.58,20.81,19.58,20.81,12561911
2022-09-23,20.56,22.82,20.27,22.42,13700075
2022-09-26,21.69,21.69,20.22,20.27,10367817
2022-09-27,20.27,20.27,18.51,19.58,6690877
2022-09-28,19.58,19.58,17.63,17.68,6237763
2022-09-29,18.21,18.26,17.77,18.02,3480100
2022-09-30,16.45,17.77,16.3,17.77,3166843
2022-10-03,17.38,17.97,17.23,17.82,2522641
2022-10-04,18.26,18.26,17.72,18.12,2399281
2022-10-05,18.51,18.61,17.92,17.92,2106947
2022-10-06,18.12,18.9,18.02,18.7,4046325
2022-10-07,18.31,19.29,18.26,19.0,3292522
2022-10-11,17.82,18.36,17.14,17.48,3809931
2022-10-12,17.48,17.72,17.09,17.48,1107398
2022-10-13,17.63,17.63,16.4,16.55,2500533
2022-10-14,17.04,17.63,16.99,17.58,1623724
2022-10-17,17.19,17.43,16.84,17.38,1171326
2022-10-18,17.77,17.77,17.09,17.48,1112199
2022-10-19,17.23,17.58,16.99,17.04,1262991
2022-10-20,17.28,18.7,17.04,18.7,6106815
2022-10-21,18.31,20.37,18.26,20.07,9355832
2022-10-24,20.42,21.0,19.58,20.47,8163399
2022-10-25,20.17,20.47,19.54,19.88,4404186
2022-10-26,20.12,21.79,19.98,21.64,10365331
2022-10-27,21.15,21.84,20.86,21.54,6464915
2022-10-28,21.49,21.64,20.07,20.56,6695820
2022-10-31,20.76,21.05,20.22,20.22,3585963
2022-11-01,21.3,22.23,21.3,22.23,5648206
2022-11-02,23.21,24.43,23.06,24.43,6337800
2022-11-03,26.78,26.83,25.9,26.83,7504240
2022-11-04,29.38,29.47,28.4,29.47,9512848
2022-11-07,32.41,32.41,32.41,32.41,3313375
2022-11-08,35.25,35.64,29.67,33.49,27657279
2022-11-09,31.63,32.8,31.14,31.87,8641714
2022-11-10,31.53,34.27,31.29,33.59,8995390
2022-11-11,34.08,34.08,32.41,33.29,5995607
2022-11-14,32.8,33.69,31.73,32.31,4381068
2022-11-15,32.31,35.25,31.24,35.25,7486186
2022-11-16,35.25,36.72,34.42,35.99,7561226
2022-11-17,35.45,39.56,35.45,39.56,7174153
2022-11-18,40.54,43.48,40.54,41.13,9290100
2022-11-21,41.42,45.19,41.32,45.04,6616711
2022-11-22,46.51,48.62,42.65,44.56,10132002
2022-11-23,42.79,46.02,42.11,43.09,15560492
2022-11-24,41.57,42.6,38.88,41.67,16866280
2022-11-25,40.25,40.88,37.7,37.7,12539319
2022-11-28,37.16,41.47,35.89,41.47,13705489
2022-11-29,42.3,45.09,41.62,42.06,20615646
2022-11-30,40.93,41.81,39.51,39.9,10838586
2022-12-01,40.15,41.32,39.12,40.1,8905214
2022-12-02,40.15,40.83,39.66,40.15,4763282
2022-12-05,40.93,44.16,40.64,44.16,9450536
2022-12-06,46.12,47.35,43.18,46.02,20360910
2022-12-07,44.85,45.73,43.48,43.53,9079340
2022-12-08,44.11,45.14,43.58,44.16,7251455
2022-12-09,44.95,45.04,43.14,43.14,6567389
2022-12-12,42.99,42.99,40.93,41.13,5944728
2022-12-13,41.86,41.86,39.07,39.95,7205206
2022-12-14,40.49,41.42,39.71,40.39,4967295
2022-12-15,41.03,44.41,40.2,44.41,11058488
2022-12-16,43.67,44.16,41.81,42.99,13822530
2022-12-19,42.6,43.43,40.83,40.93,5953736
2022-12-20,41.08,42.11,40.2,40.54,4655984
2022-12-21,41.03,41.42,40.2,40.93,2767940
2022-12-22,44.56,44.8,41.57,41.86,7706094
2022-12-23,40.64,42.11,40.05,41.91,4092090
2022-12-26,42.25,43.58,40.93,42.2,4286949
2022-12-27,42.6,42.84,41.37,41.37,3144737
2022-12-28,41.67,41.96,40.44,40.64,3130210
2022-12-29,39.76,40.64,39.76,40.15,1933952
2022-12-30,40.39,43.28,40.39,41.86,6801406
2023-01-03,41.86,41.86,40.69,41.27,2547321
2023-01-04,41.52,42.89,41.13,42.4,4592927
2023-01-05,42.11,43.82,41.67,42.3,7344635
2023-01-06,41.81,41.86,40.64,41.03,5442162
2023-01-09,40.69,41.62,40.69,41.08,2633003
2023-01-10,41.37,41.62,40.74,40.78,1855847
2023-01-11,40.93,41.27,40.49,40.49,1675886
2023-01-12,40.64,40.88,39.37,39.41,3548639
2023-01-13,39.71,40.05,37.85,38.53,3647887
2023-01-16,38.19,38.78,37.6,38.43,2425551
2023-01-17,39.17,39.17,38.14,38.29,1796358
2023-01-30,38.58,40.54,38.58,39.85,3242297
2023-01-31,39.37,39.56,39.07,39.27,2123081
2023-02-01,39.51,42.89,39.41,42.35,8614797
2023-02-02,42.35,43.18,41.81,42.06,6721889
2023-02-03,41.18,41.86,40.74,40.98,4142474
2023-02-06,40.93,42.06,40.93,41.37,2128005
2023-02-07,41.32,41.86,40.98,41.52,2024649
2023-02-08,42.2,42.25,41.13,41.23,2552559
2023-02-09,41.42,43.09,41.32,42.6,8154905
2023-02-10,43.58,46.86,43.18,46.86,14570190
2023-02-13,47.93,48.03,42.69,44.9,18473552
2023-02-14,44.16,44.85,43.18,43.38,5265120
2023-02-15,43.14,44.46,42.74,43.04,3913822
2023-02-16,43.38,43.82,42.94,43.33,2931088
2023-02-17,43.43,44.56,43.38,43.53,5041466
2023-02-20,44.02,47.3,43.58,46.81,13456837
2023-02-21,47.84,51.41,46.91,51.41,13669613
2023-02-22,51.61,56.5,49.94,56.5,26454418
2023-02-23,55.91,57.77,53.86,56.8,19756003
2023-02-24,55.52,55.82,51.9,52.78,14032372
2023-03-01,51.21,53.66,51.12,51.7,6717755
2023-03-02,52.19,55.13,50.33,54.64,9765829
2023-03-03,55.82,56.99,53.96,55.52,12527389
2023-03-06,57.0,62.2,56.5,61.5,15618612
2023-03-07,61.0,61.0,59.0,59.6,6037838
2023-03-08,60.1,62.1,60.1,62.1,5818870
2023-03-09,62.5,63.0,60.6,61.4,4048964
2023-03-10,59.4,60.0,56.0,57.8,6010799
2023-03-13,56.7,57.4,54.5,56.7,3471818
2023-03-14,55.6,58.5,55.6,57.6,2295754
2023-03-15,59.3,59.3,56.5,56.9,2156019
2023-03-16,55.9,56.5,53.1,54.5,2972686
2023-03-17,55.3,58.4,55.3,58.4,2955798
2023-03-20,59.3,61.8,57.9,60.9,5476853
2023-03-21,62.0,62.5,59.6,59.9,7535032
2023-03-22,59.9,60.9,58.6,58.9,4882625
2023-03-23,59.2,61.8,58.0,60.3,6637287
2023-03-24,60.5,60.5,58.7,59.0,4862528
2023-03-27,61.4,64.9,60.4,64.9,17480873
2023-03-28,60.6,60.6,58.5,58.5,5067065
2023-03-29,58.0,58.0,55.2,57.7,2965287
2023-03-30,56.8,58.5,56.2,57.5,1547841
2023-03-31,57.5,58.4,57.5,58.2,1085444
2023-04-06,58.2,59.5,58.2,59.4,1862473
2023-04-07,60.0,60.0,58.9,58.9,1339341
2023-04-10,59.0,59.5,59.0,59.1,1170541
2023-04-11,59.5,60.0,59.5,59.8,1077453
2023-04-12,60.5,63.0,60.4,63.0,2918789
2023-04-13,64.1,66.7,62.2,65.4,5381682
2023-04-14,69.0,71.9,68.5,71.9,8515193
2023-04-17,76.6,79.0,73.0,79.0,28998766
2023-04-18,80.0,85.2,73.5,73.5,75950660
2023-04-19,75.4,76.7,73.8,76.6,27546502
2023-04-20,76.6,76.6,72.2,74.6,16608316
2023-04-21,71.5,71.5,67.9,69.7,2572695
2023-04-24,69.0,73.3,69.0,73.0,1703325
2023-04-25,72.5,74.3,70.0,70.0,1821599
2023-04-26,70.5,71.6,69.0,70.2,1034823
2023-04-27,72.5,74.4,71.9,74.4,1905594
2023-04-28,76.0,76.0,74.4,75.2,1761267
2023-05-02,77.0,77.0,76.3,76.5,1779096
2023-05-03,76.5,78.2,76.2,78.2,1998491
2023-05-04,80.0,80.0,77.4,78.1,1709412
2023-05-05,78.8,78.8,75.0,78.0,1536844
2023-05-08,80.2,82.0,77.2,77.2,20399016
2023-05-09,77.0,77.6,69.5,69.7,12107755
2023-05-10,69.7,73.7,66.7,72.8,18058505
2023-05-11,72.0,74.5,68.4,70.0,13255859
2023-05-12,68.9,70.0,67.0,68.3,9324350
2023-05-15,64.9,64.9,62.3,62.7,2000807
2023-05-16,62.9,63.8,62.1,62.9,1358164
2023-05-17,62.5,65.9,62.3,65.0,1420790
2023-05-18,65.4,65.4,63.8,64.0,961140
2023-05-19,64.6,65.0,64.0,64.4,632232
2023-05-22,66.0,68.1,66.0,68.1,1141593
2023-05-23,69.1,69.1,67.5,67.6,750192
2023-05-24,67.5,68.1,66.7,66.8,706686
2023-05-25,67.0,67.2,65.8,65.8,733353
2023-05-26,65.7,65.7,63.3,63.3,1725051
2023-05-29,64.1,69.6,63.5,69.6,4665161
2023-05-30,70.0,74.3,70.0,71.8,8826970
2023-05-31,70.0,71.7,70.0,70.4,3096181
2023-06-01,70.9,71.6,69.8,70.0,2398680
2023-06-02,71.0,71.0,69.0,69.1,2937917
2023-06-05,70.0,75.0,69.2,73.0,6613178
2023-06-06,72.2,74.3,71.1,71.9,3202773
2023-06-07,73.4,75.6,72.5,73.8,7272621
2023-06-08,73.5,75.5,72.2,73.1,4844921
2023-06-09,74.0,74.7,72.2,72.2,2953511
2023-06-12,73.0,73.0,69.2,69.4,3490824
2023-06-13,70.0,70.5,68.8,69.3,2260011
2023-06-14,69.5,70.2,68.0,68.0,2827487
2023-06-15,68.5,72.0,65.5,70.7,4829520
2023-06-16,70.8,72.0,69.7,69.7,2950831
2023-06-19,69.9,75.5,69.9,74.4,9681976
2023-06-20,73.9,73.9,70.7,71.3,5286376
2023-06-21,71.6,72.0,70.1,70.3,2442022
2023-06-26,70.0,71.5,68.8,70.2,1800702
2023-06-27,69.7,71.0,67.5,67.5,2771842
2023-06-28,69.2,71.6,68.5,69.5,2748348
2023-06-29,70.1,70.4,69.0,69.0,1365888
2023-06-30,69.2,69.2,68.0,68.4,1188334
2023-07-03,68.7,71.9,67.5,70.7,3359655
2023-07-04,72.0,72.1,70.0,70.7,4408930
2023-07-05,70.8,71.4,69.6,69.6,1960819
2023-07-06,69.0,71.2,68.7,68.8,1507117
2023-07-07,68.5,68.6,66.2,67.5,2288661
2023-07-10,68.0,68.3,67.1,67.2,1058884
2023-07-11,67.3,67.8,66.0,66.1,1901546
2023-07-12,66.1,66.2,61.6,62.1,4945402
2023-07-13,63.1,63.2,60.0,60.1,3442119
2023-07-14,60.2,61.7,58.7,60.5,2483084
2023-07-17,60.5,61.0,57.6,59.6,3196128
2023-07-18,60.4,60.4,56.5,56.5,3958304
2023-07-19,56.4,57.8,56.0,57.0,1922908
2023-07-20,58.0,62.7,57.7,62.7,5091905
2023-07-21,62.5,64.6,62.0,62.9,5023235
2023-07-24,63.5,63.5,60.0,60.0,2823336
2023-07-25,60.6,60.7,58.4,59.0,1913852
2023-07-26,59.6,60.5,58.2,58.5,1671212
2023-07-27,58.6,59.8,58.5,58.7,1279530
2023-07-28,59.0,59.0,57.8,57.9,1224555
2023-07-31,58.1,62.8,58.1,61.5,3415069
2023-08-01,63.4,65.3,62.4,62.8,4128172
2023-08-02,63.0,63.0,60.2,60.2,2419820
2023-08-04,60.0,60.9,58.6,60.0,986708
2023-08-07,60.0,60.6,58.6,59.5,929893
2023-08-08,59.1,61.1,59.1,59.1,1002970
2023-08-09,60.6,60.6,58.8,58.9,860400
2023-08-10,58.7,60.4,58.0,58.0,1124630
2023-08-11,57.6,58.2,56.0,56.5,1533010
2023-08-14,57.4,57.4,55.3,55.3,1106880
2023-08-15,55.3,56.4,53.9,54.1,1282109
2023-08-16,54.0,54.0,51.9,53.4,1758516
2023-08-17,52.8,54.8,52.2,54.4,1139995
2023-08-18,54.0,54.8,52.5,52.5,1249568
2023-08-21,53.1,53.9,52.8,53.2,849509
2023-08-22,53.5,53.7,51.9,52.0,1216217
2023-08-23,53.3,57.2,53.3,57.2,4489465
2023-08-24,58.0,62.9,56.7,62.9,8376251
2023-08-25,64.0,65.5,61.3,62.9,9020387
2023-08-28,63.9,69.0,63.0,68.2,10040851
2023-08-29,67.5,67.5,61.4,64.5,6177697
2023-08-30,62.8,65.8,62.7,65.8,3602149
2023-08-31,66.0,68.3,65.3,65.3,3787375
2023-09-01,64.6,66.0,64.2,64.6,2036917
2023-09-04,65.0,65.9,63.1,63.6,2060254
2023-09-05,63.5,64.3,63.0,63.7,1396143
2023-09-06,64.0,64.0,62.9,63.1,1110496
2023-09-07,62.5,64.5,62.5,63.0,1274401
2023-09-08,62.7,68.0,62.7,68.0,5920819
2023-09-11,68.9,71.0,67.5,68.0,8150182
2023-09-12,69.0,70.0,65.0,66.0,4342136
2023-09-13,66.3,66.3,63.7,64.2,2361422
2023-09-14,65.4,65.8,63.5,63.8,2291002
2023-09-15,64.4,64.7,61.0,61.5,4779254
2023-09-18,62.0,64.2,61.3,62.2,2107036
2023-09-19,63.0,63.2,59.8,59.8,2372636
2023-09-20,60.2,60.9,58.7,58.9,1445800
2023-09-21,58.2,58.7,57.2,57.2,1758450
2023-09-22,56.0,60.0,56.0,59.6,1590692
2023-09-25,59.3,61.4,58.9,60.7,1247999
2023-09-26,60.7,60.7,59.0,59.0,941383
2023-09-27,58.7,60.7,58.2,59.0,719603
2023-09-28,59.6,60.4,58.7,58.7,751034
2023-10-02,60.0,60.0,58.4,59.1,728773
2023-10-03,59.5,59.5,58.3,58.3,619319
2023-10-04,57.6,58.0,57.4,57.7,510877
2023-10-05,58.0,58.6,58.0,58.1,510130
2023-10-06,58.6,58.9,58.0,58.3,468103
2023-10-11,64.1,64.1,61.7,63.0,4334130
2023-10-12,61.3,62.4,60.7,61.9,1980415
2023-10-13,61.9,62.4,61.0,61.3,1123694
2023-10-16,62.0,63.1,61.5,61.5,1422827
2023-10-17,62.3,62.3,58.5,58.7,1807550
2023-10-18,58.3,59.1,57.5,57.7,1141327
2023-10-19,57.2,58.5,56.8,58.5,706153
2023-10-20,58.6,58.6,57.1,57.8,771275
2023-10-23,57.5,58.7,57.3,57.4,686209
2023-10-24,57.4,58.3,56.1,58.2,735227
2023-10-25,58.7,58.7,57.7,57.7,620044
2023-10-26,57.7,59.3,56.4,58.2,1015716
2023-10-27,58.2,58.2,57.2,57.2,626322
2023-10-30,57.2,58.0,57.2,57.4,435363
2023-10-31,57.9,57.9,56.2,56.2,649595
2023-11-01,57.0,57.0,54.0,54.9,1236452
2023-11-02,56.3,56.3,55.2,55.4,571301
2023-11-03,55.8,56.8,55.7,56.3,811314
2023-11-06,56.3,57.8,56.3,57.0,695563
2023-11-07,57.4,57.4,56.0,56.1,585982
2023-11-08,56.4,56.8,55.8,56.2,377300
2023-11-09,56.3,56.4,55.0,55.2,643443
2023-11-10,55.3,55.3,53.6,53.7,1166666
2023-11-13,54.0,55.2,53.2,53.3,748722
2023-11-14,53.1,54.8,53.1,53.6,438278
2023-11-15,54.3,54.6,53.8,53.8,637458
2023-11-16,53.9,54.7,53.9,54.4,650793
2023-11-17,54.4,54.7,54.0,54.5,559912
2023-11-20,54.8,56.6,54.7,55.9,1255427
2023-11-21,56.9,56.9,55.1,55.3,735401
2023-11-22,55.3,55.5,54.5,54.5,633301
2023-11-23,54.9,55.5,54.2,54.3,526188
2023-11-24,55.4,59.6,55.0,58.8,4809887
2023-11-27,59.4,61.4,57.0,57.0,3209361
2023-11-28,56.3,57.0,56.1,56.5,973367
2023-11-29,56.5,57.1,56.3,56.4,643789
2023-11-30,56.1,56.9,56.0,56.0,583485
2023-12-01,56.1,56.8,56.1,56.2,516472
2023-12-04,56.1,59.2,55.8,57.8,2163972
2023-12-05,57.8,58.1,56.2,56.5,1258207
2023-12-06,56.9,57.8,56.5,56.6,709180
2023-12-07,56.7,58.9,56.6,57.5,1421755
2023-12-08,58.1,58.1,57.0,57.2,592651
2023-12-11,57.0,57.0,56.0,56.3,592821
2023-12-12,57.2,58.8,56.0,57.0,1466257
2023-12-13,57.2,58.3,56.5,56.5,844340
2023-12-14,58.0,58.0,56.7,56.8,746202
2023-12-15,57.4,57.8,56.8,57.3,818973
2023-12-18,57.3,57.5,56.5,57.0,710653
2023-12-19,57.0,57.3,55.0,55.6,805300
2023-12-20,55.7,56.3,55.6,55.9,424321
2023-12-21,56.4,58.3,56.1,56.5,1087180
2023-12-22,56.2,56.5,55.4,55.9,1124168
2023-12-25,55.9,57.7,55.5,57.2,1150244
2023-12-26,58.3,58.4,56.7,57.0,1874605
2023-12-27,57.0,57.0,55.9,56.2,1421192
2023-12-28,56.3,56.7,55.9,56.1,714854
2023-12-29,56.8,56.8,56.0,56.4,477001
2024-01-02,56.2,57.3,56.0,56.0,445463
2024-01-03,56.4,56.4,55.4,55.5,560157
2024-01-04,55.6,56.2,55.4,55.4,622571
2024-01-05,55.1,57.4,55.1,57.3,1836950
2024-01-08,56.6,57.3,55.9,56.1,1104723
2024-01-09,56.2,56.2,55.2,55.2,796112
2024-01-10,56.4,59.6,55.7,57.0,3220766
2024-01-11,56.0,56.0,54.2,55.6,1387600
2024-01-12,56.5,57.6,55.9,57.5,3018758
2024-01-15,59.0,59.9,57.2,57.2,4299431
2024-01-16,56.9,56.9,55.5,55.6,1480117
2024-01-17,55.3,55.6,54.3,54.3,1130797
2024-01-18,54.4,55.0,53.5,53.8,699182
2024-01-19,54.2,54.5,53.8,54.0,597854
2024-01-22,54.3,54.9,53.8,54.1,649474
2024-01-23,54.5,54.5,54.0,54.1,329361
2024-01-24,54.4,54.8,53.8,53.8,591210
2024-01-25,53.8,54.0,53.2,53.2,695074
2024-01-26,53.2,53.5,52.0,52.1,986046
2024-01-29,53.0,53.2,52.1,52.4,489218
2024-01-30,52.5,52.7,52.0,52.1,394664
2024-01-31,51.9,52.1,51.3,51.3,793439
2024-02-01,51.3,51.9,51.3,51.8,355019
2024-02-02,52.1,52.9,51.9,51.9,448758
2024-02-05,53.4,53.4,52.3,52.8,734021
2024-02-15,53.1,53.2,52.4,53.0,860967
2024-02-16,53.0,54.6,53.0,54.1,1214576
2024-02-19,54.1,54.6,53.6,53.6,579455
2024-02-20,54.0,54.0,52.2,52.7,874545
2024-02-21,52.6,53.1,52.2,52.6,494811
2024-02-22,52.6,52.9,52.3,52.4,578348
2024-02-23,52.4,52.7,51.6,51.6,1169166
2024-02-26,51.8,53.3,51.6,53.1,965543
2024-02-27,53.8,54.2,53.2,53.6,1657774
2024-02-29,54.0,54.2,52.9,54.1,1287662
2024-03-01,54.0,54.3,53.5,53.5,793668
2024-03-04,53.5,53.5,52.7,52.9,896109
2024-03-05,52.9,54.4,52.9,53.2,1050562
2024-03-06,53.2,53.6,52.5,52.5,763910
2024-03-07,52.0,52.3,51.7,51.7,940201
2024-03-08,51.5,51.5,50.5,50.6,1408354
2024-03-11,51.6,53.3,51.6,52.5,1029518
2024-03-12,52.5,52.5,51.5,52.0,740938
2024-03-13,51.9,52.0,50.6,50.9,1078989
2024-03-14,51.3,51.3,50.6,50.8,384231
2024-03-15,50.7,51.5,50.6,50.8,405116
2024-03-18,50.8,51.2,50.5,51.2,364614
2024-03-19,51.2,51.9,51.2,51.9,523436
2024-03-20,51.9,51.9,51.1,51.1,465173
2024-03-21,51.2,51.3,50.9,51.0,677145
2024-03-22,51.6,56.1,51.3,56.1,6110004
2024-03-25,59.7,61.0,56.1,60.1,9988312
2024-03-26,59.2,59.2,57.2,58.4,5646350
2024-03-27,58.2,64.2,58.0,64.2,12202375
2024-03-28,64.6,70.0,64.5,68.3,15240268
2024-03-29,66.8,66.9,64.7,65.1,6573000
2024-04-01,67.7,71.6,67.1,71.6,15478946
2024-04-02,72.0,73.4,69.3,73.0,12342606
2024-04-03,70.0,73.0,69.8,73.0,6527836
2024-04-08,72.4,73.9,70.0,70.0,6654837
2024-04-09,70.1,77.0,68.5,77.0,13897154
2024-04-10,80.0,81.2,75.1,77.2,15091995
2024-04-11,77.0,77.0,73.5,73.6,8992553
2024-04-12,74.0,77.4,73.0,75.9,5911980
2024-04-15,77.7,83.4,77.7,83.4,17964184
2024-04-16,83.4,83.8,75.5,81.4,16201860
2024-04-17,79.1,80.7,78.1,79.3,7608887
2024-04-18,78.7,84.0,77.2,80.6,9229239
2024-04-19,80.0,83.8,77.1,79.4,8550196
2024-04-22,78.9,80.0,73.3,73.3,7509488
2024-04-23,73.3,76.4,72.1,74.3,3783004
2024-04-24,77.1,77.1,74.5,75.9,3482591
2024-04-25,75.5,77.4,74.6,76.5,2979629
2024-04-26,76.9,77.2,75.3,75.4,3241667
2024-04-29,75.0,75.7,73.2,73.8,3472327
2024-04-30,74.3,75.0,73.2,73.2,1940307
2024-05-02,73.1,74.0,72.1,73.0,2148372
2024-05-03,73.3,73.8,70.5,71.4,3089926
2024-05-06,72.0,75.8,71.1,75.6,4869232
2024-05-07,78.8,78.9,74.5,74.5,4742814
2024-05-08,75.1,75.8,73.5,73.7,1793924
2024-05-09,74.7,77.6,74.3,75.8,3186538
2024-05-10,75.4,76.8,74.7,76.8,2308261
2024-05-13,76.8,76.8,73.8,73.8,2846285
2024-05-14,74.3,80.7,74.2,80.0,10730177
2024-05-15,79.7,82.5,77.1,79.4,7712908
2024-05-16,80.0,80.2,77.4,77.4,4859624
2024-05-17,77.7,82.8,77.6,81.5,11566630
2024-05-20,82.2,82.4,77.2,77.6,11125846
2024-05-21,77.2,77.7,73.2,74.0,7135399
2024-05-22,74.1,75.0,73.2,73.4,3596857
2024-05-23,75.7,80.7,75.7,79.7,15869988
2024-05-24,75.5,76.4,74.7,75.5,4620719
2024-05-27,75.6,76.0,74.3,75.3,2289265
2024-05-28,75.7,75.7,74.7,74.7,1489492
2024-05-29,75.0,75.0,73.7,73.7,1647160
2024-05-30,73.5,75.1,73.0,73.5,1061976
2024-05-31,73.5,74.2,73.5,73.5,790589
2024-06-03,73.8,74.0,73.5,73.8,786369
2024-06-04,74.1,74.7,74.1,74.1,736247
2024-06-05,75.0,76.0,74.5,76.0,1192168
2024-06-06,78.0,78.0,75.5,76.3,1516436
2024-06-07,76.0,76.1,72.0,72.6,5386370
2024-06-11,73.2,73.8,68.9,69.0,3880856
2024-06-12,69.0,70.0,66.0,68.0,4119280
2024-06-13,68.0,68.5,66.6,68.0,1779754
2024-06-14,68.0,68.9,67.0,67.5,1742364
2024-06-17,68.5,69.6,67.5,68.8,1422973
2024-06-18,69.1,69.2,67.5,67.6,1630496
2024-06-19,68.0,68.0,67.0,67.0,1373740
2024-06-20,68.3,71.9,68.1,69.8,3967098
2024-06-21,69.8,69.9,67.8,67.8,2689429
2024-06-24,68.8,71.2,68.2,69.2,3264282
2024-06-25,69.9,71.0,68.6,70.2,2440801
2024-06-26,70.1,70.8,69.2,69.9,1574732
2024-06-27,70.0,73.5,69.3,71.8,4140199
2024-06-28,72.0,72.9,71.3,71.6,2178121
2024-07-01,72.3,72.4,69.5,69.5,2586931
2024-07-02,69.6,70.0,68.4,68.4,1625136
2024-07-03,69.0,69.5,68.5,68.6,1065267
2024-07-04,70.0,70.2,68.6,68.6,1084052
2024-07-05,69.0,69.3,67.9,68.6,1362251
2024-07-08,69.9,72.2,68.6,68.6,4484501
2024-07-09,68.9,69.2,67.9,68.0,1414866
2024-07-10,68.0,69.2,68.0,68.8,818790
2024-07-11,69.0,70.2,68.5,68.5,1399448
2024-07-12,68.3,69.5,68.0,68.0,1176825
2024-07-15,68.1,68.1,66.9,67.0,1185894
2024-07-16,67.7,68.3,67.3,67.5,879681
2024-07-17,69.2,70.7,68.3,68.3,3757500
2024-07-18,71.0,74.1,69.3,69.5,8289631
2024-07-19,69.2,69.3,68.0,68.0,1546267
2024-07-22,69.5,69.8,67.5,67.5,1676931
2024-07-23,68.1,72.6,68.1,71.0,6355770
2024-07-26,69.5,71.5,69.1,69.3,2172676
2024-07-29,69.3,69.8,66.9,66.9,2239981
2024-07-30,66.5,66.8,63.1,65.3,3062157
2024-07-31,65.3,66.5,64.6,65.6,885379
2024-08-01,66.0,69.9,65.8,69.0,3438374
2024-08-02,67.7,68.6,66.5,66.6,1673500
2024-08-05,68.8,69.2,60.2,60.3,6954345
2024-08-06,61.1,61.8,55.0,60.8,3447516
2024-08-07,60.8,64.9,60.8,64.5,2402463
2024-08-08,64.0,64.4,63.0,63.2,1027499
2024-08-09,64.5,65.4,63.0,63.0,1601531
2024-08-12,65.0,66.3,64.1,65.3,1691496
2024-08-13,66.1,68.3,65.2,67.5,3375463
2024-08-14,68.1,68.4,65.7,66.2,2419250
2024-08-15,66.8,67.1,66.1,66.9,840439
2024-08-16,67.4,67.4,66.2,66.4,1481709
2024-08-19,67.0,67.0,65.8,66.7,1049551
2024-08-20,66.8,67.0,65.9,66.2,1083810
2024-08-21,66.6,67.2,65.0,65.0,1792686
2024-08-22,60.0,62.2,59.8,60.8,7483318
2024-08-23,60.0,60.0,58.5,59.5,3456801
2024-08-26,60.8,61.4,59.6,60.3,2014141
2024-08-27,60.7,60.9,59.5,60.5,1164266
2024-08-28,60.6,60.9,60.1,60.2,811062
2024-08-29,60.7,60.7,59.4,59.7,862201
2024-08-30,60.0,60.3,59.2,59.2,888120
2024-09-02,59.8,59.8,58.8,58.8,759681
2024-09-03,58.8,59.1,57.0,57.6,1411740
2024-09-04,55.8,56.6,54.6,55.8,1593414
2024-09-05,56.6,56.8,55.3,55.3,756251
2024-09-06,55.4,55.8,55.1,55.3,482508
2024-09-09,54.8,55.2,53.7,55.0,1110161
2024-09-10,56.1,56.1,53.3,53.6,1093000
2024-09-11,53.2,53.9,53.1,53.2,640423
2024-09-12,54.2,54.8,53.8,54.1,689744
2024-09-13,54.2,55.2,54.2,54.8,628968
2024-09-16,56.5,56.8,55.5,55.7,1176307
2024-09-18,57.2,59.3,56.6,56.6,2981489
2024-09-19,57.1,58.4,56.8,57.3,1063462
2024-09-20,57.8,57.9,56.5,56.5,883468
2024-09-23,59.8,61.5,59.0,60.1,7046642
2024-09-24,61.3,63.4,60.7,61.0,8196213
2024-09-25,61.1,61.2,59.8,60.9,2609519
2024-09-26,61.0,61.2,59.9,59.9,1289287
2024-09-27,59.9,60.5,59.6,59.6,941855
2024-09-30,59.6,62.0,58.9,60.0,1868344
2024-10-01,60.4,60.4,59.0,59.3,828191
2024-10-04,59.8,60.0,58.4,58.4,722162
2024-10-07,58.6,59.4,58.6,59.4,546029
2024-10-08,59.8,60.3,58.9,59.6,930231
2024-10-09,60.0,61.2,59.4,60.3,1725746
2024-10-11,59.5,59.5,57.6,58.0,1651296
2024-10-14,60.8,62.9,59.5,59.5,4835485
2024-10-15,59.0,59.3,58.4,58.4,1469166
2024-10-16,58.2,59.0,58.2,58.2,604151
2024-10-17,58.4,58.7,58.2,58.2,504012
2024-10-18,58.3,58.4,57.2,57.2,1033666
2024-10-21,57.3,57.6,56.8,57.5,503757
2024-10-22,58.2,59.3,58.0,58.4,1365396
2024-10-23,58.6,58.9,58.2,58.7,641381
2024-10-24,58.9,59.1,57.4,57.4,838124
2024-10-25,58.0,58.2,56.9,57.9,740021
2024-10-28,58.3,58.3,56.9,56.9,580214
2024-10-29,57.4,57.6,56.2,56.2,492114
2024-10-30,56.5,56.5,55.5,55.5,518121
2024-11-01,55.1,56.0,55.0,55.9,354100
2024-11-04,56.9,57.0,55.9,55.9,437204
2024-11-05,55.9,56.9,55.9,56.1,378489
2024-11-06,56.9,60.1,56.3,59.6,3381335
2024-11-07,64.9,64.9,60.1,60.1,5389752
2024-11-08,60.2,60.3,58.0,58.0,1987101
2024-11-11,58.5,59.3,57.7,59.2,1149104
2024-11-12,58.8,58.8,57.3,57.3,652800
2024-11-13,56.7,58.0,56.2,56.6,666049
2024-11-14,56.6,56.7,55.3,55.3,709153
2024-11-15,55.1,55.9,55.1,55.3,443865
2024-11-18,55.3,55.3,54.6,54.6,430092
2024-11-19,54.8,55.1,54.5,55.0,420311
2024-11-20,54.2,54.2,54.2,54.2,670570
2024-11-21,54.2,54.8,53.8,54.2,467501
2024-11-22,54.5,55.1,54.4,54.6,397003
2024-11-25,54.5,57.7,54.5,56.2,1296686
2024-11-26,58.1,61.8,57.5,59.5,9252992
2024-11-27,60.4,61.2,57.4,57.7,5350221
2024-11-28,57.8,57.8,55.5,55.5,1887900
2024-11-29,55.5,58.3,54.8,57.0,2196196
2024-12-02,57.7,61.6,57.7,59.6,5211040
2024-12-03,60.0,60.6,58.7,59.3,2276013
2024-12-04,59.3,59.4,58.3,58.7,1075230
2024-12-05,58.7,59.5,57.6,57.7,1488500
2024-12-06,57.5,58.7,57.3,58.1,802507
2024-12-09,58.3,58.3,56.6,57.0,1153318
2024-12-10,56.4,57.8,55.6,56.7,1388860
2024-12-11,58.5,61.0,57.5,57.7,7071056
2024-12-12,58.0,59.0,57.4,57.5,1195982
2024-12-13,57.3,57.9,56.7,56.8,784256
2024-12-16,56.8,58.0,56.5,56.8,790057
2024-12-17,57.4,60.3,57.1,59.7,3494379
2024-12-18,60.0,60.8,59.0,59.7,3937951
2024-12-19,58.6,59.7,58.4,59.0,1456323
2024-12-20,59.1,60.2,58.0,58.0,1716636
2024-12-23,58.2,59.9,58.0,59.4,1569672
2024-12-24,59.5,62.8,59.5,61.1,8313064
2024-12-25,61.6,62.5,60.5,60.9,3648953
2024-12-26,61.0,61.6,60.1,60.3,1895000
2024-12-27,60.5,65.6,60.5,63.3,14376893
2024-12-30,65.0,69.6,65.0,69.6,9664040
2024-12-31,74.8,75.4,69.9,69.9,67762439
2025-01-02,70.9,72.0,68.4,69.0,20174005
2025-01-03,69.3,72.7,68.7,68.7,17966574
2025-01-06,68.9,69.2,64.9,65.7,3388197
2025-01-07,66.4,67.2,65.7,66.0,1672093
2025-01-08,66.3,67.4,65.3,65.6,1492604
2025-01-09,66.5,66.8,63.0,63.5,1766424
2025-01-10,63.5,63.5,61.0,62.5,1371191
2025-01-13,63.6,63.8,62.0,63.5,1256580
2025-01-14,63.7,66.1,63.5,66.1,1133269
2025-01-15,66.5,66.8,65.3,66.0,894349
2025-01-16,67.0,67.0,66.1,66.3,823000
2025-01-17,66.0,66.0,64.5,65.9,1153029
2025-01-20,66.4,68.4,65.2,67.5,4641373
2025-01-21,68.2,72.6,68.0,68.2,11289320
2025-01-22,69.5,70.4,68.2,68.6,4520927
2025-02-03,67.0,70.5,66.7,69.0,4493195
2025-02-04,68.5,69.5,68.0,68.2,1846114
2025-02-05,68.2,69.2,68.1,68.9,2425410
2025-02-06,68.4,68.8,67.7,68.0,2155120
2025-02-07,68.2,68.2,66.2,66.2,2525455
2025-02-10,64.03,64.52,61.86,62.05,3319131
2025-02-11,62.35,63.43,62.35,62.45,1372497
2025-02-12,63.14,63.14,61.56,61.56,1406223
2025-02-13,61.76,62.45,61.66,61.86,828984
2025-02-14,61.86,67.68,61.26,67.68,6440423
2025-02-17,69.35,71.52,65.8,65.8,12502494
2025-02-18,67.0,67.7,66.8,67.0,2244915
2025-02-19,68.1,70.0,67.5,67.7,5578080
2025-02-20,69.4,70.9,68.3,68.7,6161300
2025-02-21,67.8,69.0,67.8,68.0,1969269
2025-02-24,68.5,69.7,67.6,67.6,2553182
2025-02-25,67.0,67.0,66.1,66.1,1962703
2025-02-26,65.7,66.6,65.6,65.9,1039700
2025-02-27,65.7,66.3,64.7,64.7,1572648
2025-03-03,65.0,65.6,64.5,64.5,1090516
2025-03-04,64.3,64.5,63.4,64.2,1428309
2025-03-05,64.6,66.6,64.6,66.4,2679103
2025-03-06,66.7,67.1,65.3,66.5,2075018
2025-03-07,65.9,66.4,65.1,65.1,1123756
2025-03-10,66.1,68.9,65.6,66.3,8072193
2025-03-11,65.0,65.4,64.0,65.3,1718062
2025-03-12,65.5,65.8,64.4,64.6,1344921
2025-03-13,64.7,67.6,63.8,67.0,3514729
2025-03-14,67.6,67.9,65.2,65.2,3240845
2025-03-17,65.2,69.0,64.8,67.8,10344717
2025-03-18,68.8,68.8,67.1,67.4,5518155
2025-03-19,67.1,73.0,67.1,71.5,31299624
2025-03-20,71.0,71.0,69.5,70.7,13379791
2025-03-21,71.6,74.5,69.9,70.5,23455451
2025-03-24,70.5,74.9,70.1,71.9,30140027
2025-03-25,72.5,74.4,70.3,73.3,22992491
2025-03-26,73.0,73.0,70.5,70.6,2506753
2025-03-27,70.0,70.0,67.5,67.5,2465225
2025-03-28,67.4,68.9,66.6,68.4,1688970
2025-03-31,65.6,66.6,61.6,62.1,2917398
2025-04-01,63.0,67.5,63.0,67.2,2112139
2025-04-02,66.8,66.8,65.0,65.5,1183979
2025-04-07,59.0,59.0,59.0,59.0,366868
2025-04-08,53.1,55.1,53.1,54.3,3383582
2025-04-09,54.3,55.1,48.9,48.9,2328054
2025-04-10,53.7,53.7,53.7,53.7,777006
2025-04-11,51.5,55.7,51.5,55.5,1232341
2025-04-14,56.0,58.5,56.0,58.5,1363013
2025-04-15,61.6,62.5,60.6,61.1,3799222
2025-04-16,61.1,65.7,61.1,61.5,7801454
2025-04-17,62.3,63.9,59.2,59.2,4889896
2025-04-18,59.6,61.5,59.5,59.6,1880422
2025-04-21,59.4,59.6,57.0,57.5,1645165
2025-04-22,57.5,58.4,56.5,56.8,1647493
2025-04-23,57.8,59.2,57.5,57.8,2046472
2025-04-24,58.3,58.6,57.0,57.7,1373484
2025-04-25,58.5,62.8,58.2,60.2,6399325
2025-04-28,60.2,62.9,59.5,62.5,3975364
2025-04-29,64.0,64.3,62.3,63.7,7772390
2025-04-30,63.5,63.6,61.6,61.6,2785687
2025-05-02,62.5,65.5,61.9,63.9,3972781
2025-05-05,64.6,64.8,61.0,61.7,3559211
2025-05-06,62.3,65.7,62.2,63.5,9865599
2025-05-07,63.6,65.3,62.4,63.3,8986075
2025-05-08,63.8,66.0,63.4,64.2,10160916
2025-05-09,64.2,66.0,63.5,64.3,7839315
2025-05-12,63.5,63.9,63.0,63.8,3341352
2025-05-13,64.1,64.7,63.7,63.7,3701274
2025-05-14,64.3,64.6,63.5,63.5,2651442
2025-05-15,64.0,65.5,63.6,64.1,3908560
2025-05-16,64.2,64.5,63.6,63.7,1666166
2025-05-19,64.2,64.6,62.4,62.7,2123435
2025-05-20,63.6,64.1,60.5,60.6,3293827
2025-05-21,60.9,61.2,60.3,60.3,1472484
2025-05-22,61.2,61.2,59.1,59.5,1784712
2025-05-23,60.4,60.4,58.6,58.6,1729353
2025-05-26,58.6,59.4,58.4,58.7,1077012
2025-05-27,58.6,59.3,58.0,58.4,1402903
2025-05-28,58.7,59.1,57.6,57.7,943935
2025-05-29,58.2,58.2,57.5,57.6,871326
2025-06-02,57.8,60.6,57.4,59.9,5908118
2025-06-03,59.3,59.5,58.5,58.5,1618643
2025-06-04,59.9,60.0,59.1,60.0,1848459
2025-06-05,60.0,60.1,59.2,59.3,1239283
2025-06-06,60.0,62.0,59.8,60.0,3742451
2025-06-09,60.2,62.6,60.0,61.9,3690816
2025-06-10,62.6,62.6,61.4,62.0,1821929
2025-06-11,62.3,62.6,61.1,61.4,1755886
2025-06-12,61.4,61.6,60.3,60.4,1703137
2025-06-13,64.1,64.9,61.3,61.3,10137896
2025-06-16,62.4,64.7,62.4,63.1,12050212
2025-06-17,62.1,63.3,61.9,62.8,3305466
2025-06-18,63.3,63.8,62.4,62.5,2717601
2025-06-19,62.1,68.2,62.0,66.0,20754983
2025-06-20,67.0,67.2,62.7,62.8,17718775
2025-06-23,65.2,66.5,63.0,63.0,18938562
2025-06-24,61.6,61.8,60.1,61.6,7174506
2025-06-25,61.1,61.5,60.5,60.6,2534777
2025-06-26,61.0,61.4,60.5,60.7,1580691
2025-06-27,60.8,61.2,60.5,60.7,1180468
2025-06-30,60.7,60.8,59.6,59.6,1385458
2025-07-01,59.7,60.1,59.5,59.6,831686
2025-07-02,59.6,60.4,59.6,60.3,690700
2025-07-03,60.5,61.1,60.3,60.9,1147375
2025-07-04,60.7,62.0,60.0,60.1,1636104
2025-07-07,64.5,64.5,62.0,62.9,8800599
2025-07-08,62.8,64.2,61.2,63.8,6054328
2025-07-09,64.0,64.2,63.0,63.4,2562827
2025-07-10,63.4,64.1,62.9,63.0,1906996
2025-07-11,63.6,65.5,63.3,64.5,6515975
2025-07-14,65.4,66.6,63.5,64.2,6221125
2025-07-15,64.2,65.6,63.9,65.0,4217249
2025-07-16,64.7,65.1,63.5,63.6,2803842
2025-07-17,63.5,64.2,63.5,63.5,1717324
2025-07-18,63.5,64.7,62.5,64.6,2948437
2025-07-21,64.5,65.8,63.9,64.4,4864643
2025-07-22,64.8,65.2,62.0,62.2,3982695
2025-07-23,62.5,68.4,62.2,68.4,11826236
2025-07-24,70.7,75.1,69.1,69.5,54505062
2025-07-25,70.0,76.4,69.6,76.4,59217929
2025-07-28,78.0,79.3,74.0,78.9,81342010
2025-07-29,83.6,86.7,81.0,86.7,54448310
2025-07-30,89.2,95.3,88.9,95.3,117143241
2025-07-31,97.6,99.2,94.7,95.6,79333479
2025-08-04,98.5,103.5,97.7,102.0,11236864
2025-08-05,103.0,103.5,98.5,102.0,8094156
2025-08-06,103.5,111.5,101.0,111.0,9733329
2025-08-07,112.0,112.0,105.0,105.0,8880154
2025-08-08,104.5,104.5,99.7,101.0,6818071
2025-08-11,102.5,110.5,102.5,109.5,3671482
2025-08-12,109.5,112.0,107.5,110.5,2451299
2025-08-13,111.0,112.0,107.0,109.0,2674736
2025-08-14,111.0,117.0,108.0,113.5,3995708
2025-08-15,113.5,120.0,113.5,119.5,2989903
2025-08-18,123.0,131.0,123.0,131.0,3759343
2025-08-19,134.0,134.0,126.0,126.0,2808787
2025-08-20,123.5,123.5,115.0,123.0,5229864
2025-08-21,128.0,132.0,124.5,128.5,3783650
2025-08-22,135.0,141.0,129.0,133.5,38162245
2025-08-25,137.5,146.5,137.0,146.5,22209947
2025-08-26,158.0,161.0,156.5,161.0,12492407
2025-08-27,170.0,177.0,165.0,177.0,41433604
2025-08-28,179.0,184.0,171.0,173.0,71467694
2025-08-29,170.0,175.0,165.0,170.0,4906613
2025-09-01,173.0,173.0,155.0,159.5,4287295
2025-09-02,162.0,162.0,154.0,158.5,3468770
2025-09-03,162.5,174.0,162.5,174.0,3902709
2025-09-04,177.0,177.5,168.0,171.0,2958111
2025-09-05,173.5,177.0,168.5,177.0,1902242
2025-09-08,182.0,182.0,175.5,180.0,2386400
2025-09-09,175.5,180.0,175.5,180.0,1975502
2025-09-10,182.0,190.0,182.0,188.0,4329648
2025-09-11,191.0,191.0,177.0,178.5,3142589
2025-09-12,184.0,187.0,162.0,165.5,35023504
2025-09-15,163.0,171.0,150.5,151.5,32368902
2025-09-16,155.0,157.5,150.5,154.0,15710643
2025-09-17,152.5,155.0,145.0,153.5,17109955
2025-09-18,155.5,156.5,141.5,144.5,25864729
2025-09-19,145.0,145.0,140.0,140.0,3938516
2025-09-22,140.0,154.0,140.0,153.5,5260226
2025-09-23,151.0,151.0,147.0,148.5,1407210
2025-09-24,148.5,148.5,145.0,147.5,1085355
2025-09-25,150.0,150.0,143.5,143.5,1073719
2025-09-26,147.5,147.5,138.0,140.0,1914199
2025-09-30,142.0,148.0,138.5,148.0,1035562
2025-10-01,148.5,153.5,148.5,150.0,1353850
2025-10-02,150.0,150.0,147.0,148.5,872118
2025-10-03,150.0,156.0,150.0,156.0,2892721
2025-10-07,156.0,156.5,145.5,152.0,15672405
2025-10-08,150.0,150.5,140.0,140.5,13430954
2025-10-09,138.0,143.0,134.5,141.0,10849681
2025-10-13,135.0,154.0,132.5,148.0,23553426
2025-10-14,146.0,146.0,136.0,136.0,15313136
2025-10-15,135.0,135.0,132.0,133.0,1547681
2025-10-16,134.0,140.0,133.5,138.5,1412391
2025-10-17,136.5,136.5,133.0,133.0,1004245
2025-10-20,133.5,133.5,127.5,128.0,1556842
2025-10-21,128.0,128.0,125.5,126.0,1480998
2025-10-22,129.0,129.0,126.5,126.5,597558
2025-10-23,125.0,125.0,117.0,121.0,2174446
2025-10-27,123.0,123.0,115.5,122.5,1409354
2025-10-28,123.5,123.5,119.0,121.5,813991
2025-10-29,122.0,125.5,122.0,125.5,1203315
2025-10-30,123.5,124.0,117.5,120.5,6973029
2025-10-31,120.0,122.0,115.0,117.0,4905426
2025-11-03,117.0,128.5,116.5,128.5,3653540
2025-11-04,133.0,141.0,132.5,140.5,27766100
2025-11-05,135.0,139.0,133.0,138.5,22834883
2025-11-06,140.5,140.5,133.0,137.5,8706352
2025-11-07,137.5,137.5,131.0,131.5,4629167
2025-11-10,132.0,132.5,121.0,122.0,7399838
2025-11-11,123.0,126.5,120.5,120.5,5386508
2025-11-12,121.5,124.5,119.5,123.0,3338569
2025-11-13,122.0,123.0,119.0,120.5,2854246
2025-11-14,118.0,126.0,117.0,119.5,6116520
2025-11-17,118.0,118.5,113.0,113.5,4339687
2025-11-18,113.5,116.5,110.0,110.5,4042589
2025-11-19,110.5,114.0,109.5,113.5,3274332
2025-11-20,114.5,116.0,112.0,115.0,2916142
2025-11-21,113.0,118.0,110.5,111.0,5197675
2025-11-24,114.5,122.0,113.0,122.0,3794461
2025-11-25,125.5,133.0,123.5,130.5,24073316
2025-11-26,140.5,143.5,140.5,143.5,6281915
2025-11-27,150.5,151.5,140.0,141.5,45875783
2025-11-28,141.5,143.5,135.0,140.5,13639284
2025-12-01,142.0,147.0,135.5,145.5,19378733
2025-12-02,142.5,144.5,139.0,139.5,7468592
2025-12-03,137.5,138.5,133.0,135.5,10046581
2025-12-04,135.5,138.5,135.5,138.0,1810214
2025-12-05,137.5,137.5,135.0,135.5,1039360
2025-12-08,136.0,136.0,131.0,131.5,2308926
2025-12-09,135.0,138.5,134.0,138.0,2407764
2025-12-10,139.0,140.0,135.5,135.5,1114778
2025-12-11,137.0,138.5,136.0,136.5,1048783
2025-12-12,138.0,139.5,138.0,138.5,1201350
2025-12-15,138.5,144.0,137.5,144.0,2952121
2025-12-16,144.0,145.0,135.5,140.0,1946800
2025-12-17,141.0,142.5,139.0,140.0,848045
2025-12-18,140.5,142.0,140.0,142.0,1284010
2025-12-19,144.0,145.0,143.0,144.5,2640849
2025-12-22,144.5,148.0,142.0,144.0,7229457
2025-12-23,143.5,158.0,141.5,149.0,23308162
2025-12-24,149.5,152.5,145.0,145.0,12315922
2025-12-26,145.0,146.0,141.0,146.0,4645912
2025-12-29,149.0,153.0,148.0,152.5,14704209
2025-12-30,157.0,162.0,149.5,149.5,17596114
2025-12-31,147.5,147.5,144.5,145.0,4791190
2026-01-02,145.5,151.0,144.5,145.0,4979624
2026-01-05,147.5,148.0,141.5,143.0,4223968
2026-01-06,145.5,149.5,144.0,146.0,4067458
2026-01-07,147.0,147.0,143.0,144.5,2441215
2026-01-08,146.5,158.5,146.5,158.5,20230268
2026-01-09,161.5,166.0,151.0,151.0,36810302
2026-01-12,150.0,162.0,148.0,156.5,20308072
2026-01-13,157.0,157.5,151.5,155.0,8971244
2026-01-14,154.5,160.0,152.5,154.0,9484621
2026-01-15,152.5,155.5,152.0,154.0,1637241
2026-01-16,155.0,155.0,150.0,150.5,1516900
2026-01-19,151.0,151.0,145.0,145.0,2080501
2026-01-20,149.0,151.5,149.0,151.5,1185610
2026-01-21,147.5,155.5,147.5,154.0,1351304
2026-01-22,157.0,157.0,154.0,154.5,1097465
2026-01-23,155.0,155.0,151.5,151.5,612017
2026-01-26,155.0,156.0,153.0,156.0,903449
2026-01-27,156.0,156.0,154.0,155.0,1056978
2026-01-28,156.0,156.0,152.5,155.0,954790
2026-01-29,156.0,166.0,153.5,155.0,21641519
2026-01-30,156.0,156.5,143.5,145.5,10795556
2026-02-02,140.0,147.0,136.0,137.5,6044732
2026-02-03,139.0,142.5,138.0,138.5,3906027
2026-02-04,138.0,142.0,137.5,140.0,1987249
2026-02-05,139.0,140.0,136.0,136.0,2855939
2026-02-06,136.0,138.5,132.5,136.5,3742790
2026-02-09,140.0,140.5,135.0,139.0,2466423
2026-02-10,140.0,140.0,137.0,139.5,1718634
2026-02-11,141.0,149.0,140.5,148.0,7340552
2026-02-23,156.5,162.5,154.0,159.0,16122679
2026-02-24,156.0,164.0,154.5,162.5,9454524
2026-02-25,162.5,163.0,157.0,159.0,5281475
2026-02-26,159.0,161.0,156.0,161.0,3640037
2026-03-02,172.5,174.0,157.0,158.0,19159827
2026-03-03,159.0,160.5,154.5,155.5,5188559
2026-03-04,161.0,164.5,154.5,157.0,15817328
2026-03-05,159.0,162.0,150.5,150.5,8561483
2026-03-06,150.5,150.5,145.0,150.5,1214101
2026-03-09,140.0,140.0,136.0,136.5,1110363
2026-03-10,138.5,139.0,134.0,137.0,853399
2026-03-11,139.0,143.5,139.0,143.5,523271
2026-03-12,142.5,145.0,141.5,144.5,526153
2026-03-13,140.0,143.0,140.0,141.5,345278
2026-03-16,142.0,143.0,141.0,143.0,438372
2026-03-17,145.0,145.0,141.0,142.0,575303
2026-03-18,145.0,146.5,143.0,146.5,676877
2026-03-19,149.5,149.5,147.5,147.5,115307
