date,open,high,low,close,volume
2000-01-04,5.82,5.86,5.71,5.86,3496856
2000-01-05,5.82,5.89,5.78,5.89,4271858
2000-01-06,5.89,6.16,5.89,6.08,8034748
2000-01-07,6.39,6.5,6.35,6.5,18752211
2000-01-10,6.65,6.65,6.5,6.54,12476503
2000-01-11,6.65,6.65,6.31,6.42,10039564
2000-01-12,6.5,6.65,6.46,6.5,5716976
2000-01-13,6.54,6.76,6.54,6.69,11920525
2000-01-14,6.95,7.03,6.8,6.99,23632338
2000-01-17,7.22,7.29,7.1,7.25,8787516
2000-01-18,7.22,7.22,7.03,7.03,7374247
2000-01-19,6.95,7.22,6.95,7.07,8615403
2000-01-20,7.18,7.22,6.99,7.03,7804152
2000-01-21,7.03,7.14,6.99,7.03,4872312
2000-01-24,7.07,7.48,7.07,7.41,14357413
2000-01-25,7.37,7.41,7.25,7.33,6255750
2000-01-26,7.41,7.56,7.29,7.33,7244459
2000-01-27,7.41,7.71,7.41,7.41,12086066
2000-01-28,7.44,7.48,7.25,7.33,6716445
2000-01-31,7.37,7.48,7.25,7.29,5963977
2000-02-01,7.37,7.37,7.18,7.18,6058402
2000-02-02,7.18,7.18,7.18,7.18,0
2000-02-03,7.18,7.18,7.18,7.18,0
2000-02-04,7.18,7.18,7.18,7.18,0
2000-02-07,7.18,7.18,7.18,7.18,0
2000-02-08,7.18,7.18,7.18,7.18,0
2000-02-09,7.25,7.25,7.1,7.14,4435109
2000-02-10,7.18,7.44,7.1,7.41,14044833
2000-02-11,7.41,7.41,7.18,7.22,8634461
2000-02-14,7.22,7.33,6.99,7.07,6187316
2000-02-15,7.07,7.18,6.88,6.91,3587570
2000-02-16,6.99,7.14,6.99,7.07,3741785
2000-02-17,7.18,7.56,7.14,7.56,17550406
2000-02-18,7.75,7.93,7.41,7.44,21591603
2000-02-21,7.75,7.97,7.59,7.59,16948556
2000-02-22,7.63,7.71,7.07,7.1,8738591
2000-02-23,7.1,7.18,6.88,6.99,4483170
2000-02-24,7.07,7.07,6.65,6.76,6440037
2000-02-25,6.65,6.76,6.42,6.46,3676309
2000-02-28,6.46,6.46,6.46,6.46,0
2000-02-29,6.5,6.54,6.35,6.42,5062206
2000-03-01,6.46,6.61,6.46,6.54,6231322
2000-03-02,6.54,6.61,6.35,6.35,4672348
2000-03-03,6.35,6.54,6.35,6.42,3503252
2000-03-06,6.35,6.39,6.16,6.2,2918682
2000-03-07,6.16,6.27,6.05,6.12,2839939
2000-03-08,6.12,6.2,6.05,6.12,3578725
2000-03-09,6.16,6.35,6.12,6.27,4385384
2000-03-10,6.35,6.35,6.05,6.05,4469789
2000-03-13,5.97,5.97,5.63,5.63,5602455
2000-03-14,5.48,5.78,5.4,5.71,3342274
2000-03-15,5.63,5.71,5.59,5.63,3142003
2000-03-16,5.48,5.71,5.4,5.71,5041779
2000-03-17,5.71,5.89,5.67,5.82,6120322
2000-03-20,5.63,5.63,5.63,5.63,2810682
2000-03-21,5.67,6.01,5.67,6.01,6325537
2000-03-22,6.35,6.42,6.12,6.42,10241588
2000-03-23,6.73,6.84,6.61,6.84,14448692
2000-03-24,6.73,6.73,6.61,6.61,5774947
2000-03-27,6.39,6.8,6.27,6.5,10736527
2000-03-28,6.54,6.61,6.42,6.42,7022905
2000-03-29,6.42,6.54,6.31,6.35,5420758
2000-03-30,6.42,6.46,6.31,6.35,6009046
2000-03-31,6.39,6.46,6.23,6.31,4366724
2000-04-03,6.31,6.31,6.31,6.31,0
2000-04-04,6.31,6.31,6.31,6.31,0
2000-04-05,6.23,6.5,6.23,6.5,5176489
2000-04-06,6.5,6.54,6.35,6.5,3460206
2000-04-07,6.5,6.54,6.35,6.46,3045124
2000-04-10,6.42,6.65,6.35,6.54,8283992
2000-04-11,6.61,6.73,6.5,6.57,7365515
2000-04-12,6.73,6.76,6.65,6.69,7022127
2000-04-13,6.73,6.91,6.65,6.69,11938390
2000-04-14,6.69,6.76,6.5,6.5,6106113
2000-04-17,6.2,6.31,6.16,6.31,4203107
2000-04-18,6.42,6.54,6.35,6.46,4650278
2000-04-19,6.54,6.61,6.42,6.42,5064544
2000-04-20,6.42,6.65,6.42,6.65,6635014
2000-04-21,6.8,6.99,6.8,6.95,15918791
2000-04-24,7.14,7.18,6.88,6.88,15902756
2000-04-25,6.88,6.95,6.73,6.73,9185769
2000-04-26,6.8,6.91,6.73,6.73,11002956
2000-04-27,6.91,6.91,6.65,6.65,4599849
2000-04-28,6.73,6.73,6.42,6.73,5032237
2000-05-01,6.73,6.73,6.73,6.73,0
2000-05-02,6.84,6.91,6.73,6.76,4395587
2000-05-03,6.76,6.84,6.61,6.69,4056233
2000-05-04,6.76,7.03,6.73,6.91,11645769
2000-05-05,6.99,7.37,6.95,7.37,18575516
2000-05-08,7.37,7.44,7.22,7.25,8216661
2000-05-09,7.25,7.25,7.25,7.25,0
2000-05-10,7.9,8.05,7.71,7.86,27039190
2000-05-11,7.78,7.93,7.56,7.86,13571821
2000-05-12,8.05,8.16,7.78,7.82,18183719
2000-05-15,7.75,7.86,7.56,7.59,10401677
2000-05-16,7.67,7.67,7.41,7.52,9696465
2000-05-17,7.78,8.01,7.67,7.82,20973637
2000-05-18,7.56,7.82,7.48,7.82,12219830
2000-05-19,7.86,8.2,7.86,8.12,27003175
2000-05-22,7.56,7.67,7.25,7.25,9675270
2000-05-23,7.25,7.33,6.99,7.03,5548692
2000-05-24,6.8,7.18,6.73,7.07,8318712
2000-05-25,7.29,7.29,6.91,6.99,6077409
2000-05-26,6.99,7.25,6.91,7.1,5582178
2000-05-29,7.22,7.22,6.99,6.99,2608509
2000-05-30,6.99,6.99,6.99,6.99,0
2000-05-31,7.18,7.22,7.07,7.1,3572322
2000-06-01,7.14,7.18,6.99,7.03,2045594
2000-06-02,7.1,7.29,7.03,7.22,8111550
2000-06-05,7.25,7.33,7.1,7.18,7678007
2000-06-06,7.18,7.18,7.18,7.18,0
2000-06-07,7.1,7.1,6.69,6.8,17146145
2000-06-08,6.73,6.95,6.5,6.76,15271112
2000-06-09,6.76,6.8,6.61,6.65,4441757
2000-06-12,6.65,6.69,6.23,6.35,6344757
2000-06-13,6.31,6.42,6.23,6.27,4537561
2000-06-14,6.35,6.35,6.27,6.27,2431467
2000-06-15,6.42,6.42,6.27,6.31,2143947
2000-06-16,6.39,6.46,6.35,6.42,1873111
2000-06-19,6.31,6.39,6.27,6.31,1196601
2000-06-20,6.35,6.42,6.31,6.35,1489330
2000-06-21,6.35,6.39,6.23,6.23,1492845
2000-06-22,6.23,6.31,6.23,6.31,1480237
2000-06-23,6.31,6.35,6.23,6.23,1321297
2000-06-26,6.23,6.27,6.08,6.08,1915006
2000-06-27,6.12,6.2,6.05,6.12,2012131
2000-06-28,6.08,6.2,6.05,6.12,1904076
2000-06-29,6.12,6.16,6.05,6.05,2792913
2000-06-30,6.08,6.39,6.05,6.39,2757989
2000-07-03,6.46,6.46,6.31,6.31,4350760
2000-07-04,6.31,6.35,5.97,6.01,2189384
2000-07-05,6.08,6.42,5.86,6.16,4311571
2000-07-06,6.16,6.16,6.05,6.08,4356693
2000-07-07,6.08,6.16,6.05,6.05,1782252
2000-07-10,6.05,6.27,6.05,6.05,3270500
2000-07-11,6.08,6.16,5.97,6.08,2286946
2000-07-12,6.05,6.2,6.05,6.12,3040160
2000-07-13,6.2,6.31,6.16,6.16,2622003
2000-07-14,6.27,6.57,6.27,6.57,7756537
2000-07-17,6.54,6.61,6.42,6.5,3242166
2000-07-18,6.42,6.46,6.16,6.16,3376153
2000-07-19,6.42,6.46,6.16,6.16,3376153
2000-07-20,6.2,6.39,6.2,6.23,1590648
2000-07-21,6.31,6.31,6.12,6.12,1785942
2000-07-24,6.23,6.23,6.05,6.16,1442847
2000-07-25,6.08,6.27,6.08,6.16,2687998
2000-07-26,6.16,6.23,6.12,6.16,1470319
2000-07-27,6.12,6.16,6.05,6.08,1222070
2000-07-28,6.08,6.27,6.08,6.27,1957379
2000-07-31,6.39,6.46,6.31,6.31,4232381
2000-08-01,6.89,6.89,6.71,6.71,3779180
2000-08-02,6.76,6.8,6.58,6.58,2430236
2000-08-03,6.58,6.71,6.58,6.67,1132790
2000-08-04,6.67,6.76,6.67,6.67,706117
2000-08-07,6.63,6.71,6.54,6.58,635074
2000-08-08,6.58,6.67,6.54,6.58,822137
2000-08-09,6.58,6.76,6.58,6.76,1737407
2000-08-10,6.71,6.71,6.58,6.63,975109
2000-08-11,6.54,6.67,6.54,6.58,646986
2000-08-14,6.58,6.63,6.54,6.54,518849
2000-08-15,6.58,6.63,6.54,6.54,508739
2000-08-16,6.63,6.71,6.58,6.63,1054553
2000-08-17,6.67,6.71,6.54,6.63,1091057
2000-08-18,6.67,6.71,6.54,6.63,2073543
2000-08-21,6.5,6.5,6.37,6.41,2305156
2000-08-22,6.41,6.45,6.32,6.37,945368
2000-08-23,6.37,6.37,6.37,6.37,0
2000-08-24,6.37,6.41,6.3,6.32,1796446
2000-08-25,6.32,6.32,6.1,6.15,2185992
2000-08-28,6.1,6.1,5.93,5.93,1133691
2000-08-29,5.89,5.93,5.71,5.71,1408277
2000-08-30,5.67,5.71,5.32,5.32,4008096
2000-08-31,5.06,5.32,4.95,5.06,3146298
2000-09-01,5.23,5.23,4.93,4.95,2274222
2000-09-04,5.36,5.52,5.36,5.47,1708512
2000-09-05,5.47,5.47,5.17,5.45,4361266
2000-09-06,5.28,5.32,5.17,5.17,1142414
2000-09-07,5.06,5.21,5.06,5.06,1489981
2000-09-08,5.1,5.19,5.06,5.19,1579164
2000-09-11,5.19,5.21,5.1,5.15,974722
2000-09-12,5.15,5.15,5.15,5.15,0
2000-09-13,5.19,5.34,5.01,5.23,1401372
2000-09-14,5.23,5.23,5.15,5.15,910570
2000-09-15,5.32,5.47,5.25,5.28,4570106
2000-09-18,5.49,5.49,5.23,5.23,2751337
2000-09-19,5.1,5.28,5.01,5.04,2841619
2000-09-20,5.15,5.28,5.06,5.28,1741788
2000-09-21,5.25,5.49,5.15,5.41,3549180
2000-09-22,5.28,5.32,5.15,5.17,2001656
2000-09-25,5.19,5.52,5.17,5.52,5527015
2000-09-26,5.56,5.71,5.52,5.56,6725443
2000-09-27,5.54,5.54,5.45,5.45,2284573
2000-09-28,5.45,5.52,5.32,5.32,1959573
2000-09-29,5.32,5.52,5.32,5.47,5431960
2000-10-02,5.54,5.58,5.45,5.49,2621717
2000-10-03,5.49,5.84,5.49,5.76,5684893
2000-10-04,5.56,6.15,5.56,6.0,10322374
2000-10-05,6.15,6.15,5.82,6.0,7108096
2000-10-06,6.0,6.21,5.89,6.21,6085970
2000-10-09,6.02,6.06,5.89,5.95,1986642
2000-10-10,5.95,5.95,5.95,5.95,0
2000-10-11,5.8,6.15,5.76,6.06,2648937
2000-10-12,5.95,6.19,5.8,6.02,2444747
2000-10-13,5.62,5.82,5.6,5.78,3427889
2000-10-16,5.78,5.78,5.78,5.78,0
2000-10-17,5.21,5.54,5.21,5.49,2172170
2000-10-18,5.52,5.62,5.12,5.12,3024930
2000-10-19,5.01,5.1,4.77,4.77,3857708
2000-10-20,5.1,5.1,4.99,5.08,5120680
2000-10-23,5.28,5.49,5.12,5.28,4924919
2000-10-24,5.21,5.49,5.15,5.47,3056616
2000-10-25,5.49,5.6,5.43,5.6,2765340
2000-10-26,5.54,5.65,5.47,5.49,2272044
2000-10-27,5.49,5.49,5.49,5.49,0
2000-10-30,5.15,5.3,5.15,5.3,2944278
2000-10-31,5.23,5.25,5.12,5.12,2229076
2000-11-01,5.23,5.23,4.97,5.12,1624103
2000-11-02,5.01,5.47,5.01,5.47,3377247
2000-11-03,5.76,5.84,5.49,5.84,7020600
2000-11-06,5.58,5.65,5.45,5.45,1111868
2000-11-07,5.45,5.62,5.39,5.58,1444492
2000-11-08,5.56,5.8,5.52,5.78,2136118
2000-11-09,5.58,5.78,5.58,5.78,1941618
2000-11-10,5.78,5.89,5.78,5.82,1786035
2000-11-13,5.43,5.6,5.43,5.43,3456396
2000-11-14,5.28,5.58,5.28,5.54,2501205
2000-11-15,5.76,5.91,5.76,5.8,4812263
2000-11-16,5.41,5.62,5.41,5.49,3178196
2000-11-17,5.23,5.41,5.23,5.32,2801678
2000-11-20,4.8,4.99,4.8,4.86,3807189
2000-11-21,4.71,5.19,4.71,5.19,2813574
2000-11-22,5.19,5.54,5.19,5.36,5452610
2000-11-23,5.23,5.43,5.23,5.41,2842691
2000-11-24,5.49,5.62,5.45,5.6,2738467
2000-11-27,5.67,5.71,5.52,5.62,3190747
2000-11-28,5.58,5.69,5.54,5.67,3305670
2000-11-29,5.58,5.84,5.58,5.71,5386002
2000-11-30,5.8,5.86,5.67,5.8,3971438
2000-12-01,5.62,6.15,5.62,6.0,5880037
2000-12-04,5.84,5.97,5.82,5.89,3701669
2000-12-05,5.97,6.24,5.89,6.24,7708760
2000-12-06,6.5,6.5,6.19,6.24,9501174
2000-12-07,6.24,6.34,6.15,6.32,4502527
2000-12-08,6.39,6.39,6.19,6.28,2187940
2000-12-11,6.19,6.32,6.19,6.26,2922728
2000-12-12,6.26,6.28,6.19,6.26,2496990
2000-12-13,6.19,6.24,6.1,6.13,2057303
2000-12-14,6.06,6.37,6.04,6.3,7974032
2000-12-15,6.3,6.3,6.13,6.15,2299940
2000-12-18,5.8,5.89,5.76,5.78,3151922
2000-12-19,5.67,6.1,5.67,6.1,4266286
2000-12-20,6.02,6.32,5.91,6.32,6323395
2000-12-21,6.13,6.24,6.1,6.1,2156582
2000-12-22,6.1,6.19,6.0,6.1,1507752
2000-12-25,6.1,6.1,6.1,6.1,0
2000-12-26,6.1,6.17,5.93,5.93,1000855
2000-12-27,5.78,5.89,5.73,5.73,1578066
2000-12-28,5.76,5.95,5.58,5.93,3117110
2000-12-29,5.93,5.97,5.84,5.95,1775436
2001-01-01,5.95,5.95,5.95,5.95,0
2001-01-02,6.08,6.32,6.08,6.24,3426796
2001-01-03,6.24,6.45,6.13,6.45,5753800
2001-01-04,6.63,6.71,6.43,6.58,7346852
2001-01-05,6.54,6.58,6.34,6.39,3470793
2001-01-08,6.39,6.71,6.3,6.3,4666690
2001-01-09,6.26,6.34,6.15,6.34,4875971
2001-01-10,6.3,6.41,6.19,6.24,2903093
2001-01-11,6.32,6.37,6.1,6.15,3630371
2001-01-12,6.15,6.19,5.97,6.08,2058681
2001-01-15,6.0,6.15,5.89,6.1,2074275
2001-01-16,6.15,6.32,6.1,6.26,5951857
2001-01-17,6.15,6.24,5.91,6.1,10661314
2001-01-18,6.06,6.15,5.93,6.04,4266677
2001-01-19,6.04,6.04,6.04,6.04,0
2001-01-22,6.04,6.04,6.04,6.04,0
2001-01-23,6.04,6.04,6.04,6.04,0
2001-01-24,6.04,6.04,6.04,6.04,0
2001-01-25,6.04,6.04,6.04,6.04,0
2001-01-26,6.04,6.04,6.04,6.04,0
2001-01-29,6.06,6.26,5.97,6.04,3006670
2001-01-30,6.04,6.15,5.97,6.04,3206460
2001-01-31,6.04,6.1,5.97,5.97,7344084
2001-02-01,5.93,6.08,5.84,5.89,6204253
2001-02-02,5.89,6.13,5.89,6.08,12723776
2001-02-05,6.08,6.41,6.02,6.3,18515484
2001-02-06,6.34,6.45,6.04,6.04,8693646
2001-02-07,5.97,6.1,5.97,6.02,3610191
2001-02-08,6.02,6.08,5.97,6.0,2673168
2001-02-09,6.0,6.08,5.95,5.97,3022959
2001-02-12,5.97,6.1,5.97,6.0,2912300
2001-02-13,6.06,6.08,5.97,6.0,3828607
2001-02-14,6.08,6.15,5.97,6.0,4146269
2001-02-15,6.06,6.08,6.0,6.04,2570607
2001-02-16,6.08,6.21,6.04,6.1,8218545
2001-02-19,5.95,6.08,5.93,5.95,2668983
2001-02-20,6.02,6.15,5.97,6.08,5052700
2001-02-21,6.15,6.32,6.1,6.13,6961534
2001-02-22,6.13,6.19,6.02,6.04,2285183
2001-02-23,6.15,6.15,6.0,6.0,1357647
2001-02-26,6.0,6.15,6.0,6.02,3523320
2001-02-27,6.08,6.13,5.97,6.02,1624025
2001-02-28,6.02,6.02,6.02,6.02,0
2001-03-01,6.06,6.06,5.76,5.8,2331906
2001-03-02,5.8,5.89,5.67,5.71,2298005
2001-03-05,5.62,5.71,5.58,5.67,3615782
2001-03-06,5.8,5.8,5.6,5.67,4122903
2001-03-07,5.71,5.73,5.65,5.69,2062842
2001-03-08,5.69,5.73,5.67,5.69,1727021
2001-03-09,5.67,5.73,5.62,5.73,1934666
2001-03-12,5.67,5.69,5.49,5.67,3017961
2001-03-13,5.45,5.58,5.45,5.49,2235419
2001-03-14,5.49,5.49,5.49,5.49,0
2001-03-15,5.36,5.43,5.32,5.36,4405386
2001-03-16,5.36,5.47,5.36,5.41,3344210
2001-03-19,5.41,5.41,5.23,5.23,3774264
2001-03-20,5.23,5.32,5.08,5.1,3496965
2001-03-21,5.01,5.08,4.88,4.88,7762457
2001-03-22,4.88,5.1,4.88,5.01,3773912
2001-03-23,5.08,5.15,5.01,5.1,3006404
2001-03-26,5.1,5.21,5.08,5.17,1914920
2001-03-27,5.25,5.28,5.17,5.21,1560304
2001-03-28,5.19,5.34,5.19,5.21,4353846
2001-03-29,5.23,5.23,5.1,5.21,1593920
2001-03-30,5.23,5.23,5.06,5.06,1253035
2001-04-02,5.06,5.15,5.01,5.04,984959
2001-04-03,5.04,5.04,4.88,4.88,1886280
2001-04-04,4.77,4.88,4.77,4.84,1292588
2001-04-05,4.84,4.84,4.84,4.84,0
2001-04-06,4.95,4.95,4.88,4.93,1039430
2001-04-09,4.97,4.97,4.8,4.82,729995
2001-04-10,4.95,4.95,4.8,4.8,1035290
2001-04-11,4.88,4.97,4.8,4.93,1379268
2001-04-12,4.93,4.95,4.84,4.86,963095
2001-04-13,4.84,4.95,4.84,4.86,1035415
2001-04-16,4.88,4.99,4.88,4.88,1285981
2001-04-17,4.93,4.95,4.84,4.86,758500
2001-04-18,4.88,4.93,4.84,4.84,683462
2001-04-19,4.91,4.93,4.84,4.88,1000391
2001-04-20,4.88,4.88,4.82,4.84,745469
2001-04-23,4.84,4.84,4.8,4.8,966521
2001-04-24,4.8,4.93,4.8,4.91,3466320
2001-04-25,4.88,4.88,4.8,4.82,2667356
2001-04-26,4.88,4.88,4.8,4.82,2667356
2001-04-27,4.8,4.82,4.49,4.49,3993713
2001-04-30,4.49,4.53,4.36,4.4,1788660
2001-05-01,4.4,4.4,4.4,4.4,0
2001-05-02,4.38,4.43,4.1,4.1,3735697
2001-05-03,4.01,4.12,4.01,4.12,2072752
2001-05-04,4.14,4.16,4.01,4.03,2284053
2001-05-07,4.06,4.06,3.97,4.03,1454298
2001-05-08,3.99,4.03,3.82,3.88,2441064
2001-05-09,3.9,4.01,3.88,3.92,3335710
2001-05-10,3.92,3.92,3.71,3.79,2757431
2001-05-11,3.75,3.92,3.71,3.9,2401541
2001-05-14,3.88,3.88,3.82,3.86,885752
2001-05-15,3.88,3.99,3.88,3.99,1165190
2001-05-16,4.01,4.25,3.99,4.14,3573923
2001-05-17,4.25,4.29,4.12,4.14,2335680
2001-05-18,4.14,4.14,3.97,4.01,1426723
2001-05-21,3.97,3.97,3.77,3.92,2061131
2001-05-22,3.97,3.97,3.84,3.88,755681
2001-05-23,3.92,4.12,3.88,4.1,2406866
2001-05-24,4.1,4.12,3.99,4.01,2272872
2001-05-25,3.99,4.03,3.92,3.95,1079637
2001-05-28,3.92,4.06,3.88,3.97,2076247
2001-05-29,3.97,4.06,3.92,4.01,2925899
2001-05-30,4.06,4.06,3.99,3.99,1918661
2001-05-31,3.99,4.12,3.97,4.08,3252655
2001-06-01,4.08,4.08,3.97,3.97,1646544
2001-06-04,3.92,4.01,3.88,3.95,1784673
2001-06-05,3.92,4.06,3.92,4.01,2155905
2001-06-06,4.03,4.14,4.01,4.14,2996773
2001-06-07,4.08,4.23,4.06,4.16,3091349
2001-06-08,4.19,4.21,4.1,4.1,2746933
2001-06-11,4.1,4.19,4.1,4.14,2714943
2001-06-12,4.14,4.19,4.06,4.08,2029736
2001-06-13,4.06,4.14,4.01,4.01,1968762
2001-06-14,4.01,4.06,3.97,3.97,945149
2001-06-15,4.01,4.01,3.97,4.01,480754
2001-06-18,4.03,4.06,3.97,4.01,471220
2001-06-19,4.01,4.03,3.97,3.99,609494
2001-06-20,4.01,4.01,3.95,3.95,548214
2001-06-21,4.01,4.01,3.92,3.92,570302
2001-06-22,3.95,3.95,3.88,3.9,1100920
2001-06-25,3.9,3.9,3.9,3.9,0
2001-06-26,3.9,3.9,3.9,3.9,0
2001-06-27,3.84,3.92,3.84,3.92,890858
2001-06-28,3.92,3.92,3.79,3.79,702770
2001-06-29,3.88,3.88,3.77,3.82,1285850
2001-07-02,3.84,3.84,3.75,3.82,736112
2001-07-03,3.82,3.82,3.73,3.75,414298
2001-07-04,3.77,3.77,3.62,3.62,953542828
2001-07-05,3.6,3.66,3.51,3.53,1186443
2001-07-06,3.49,3.66,3.49,3.55,908699
2001-07-09,3.55,3.58,3.47,3.53,794422
2001-07-10,3.49,3.53,3.49,3.51,445957
2001-07-11,3.51,3.53,3.44,3.49,2070082
2001-07-12,3.42,3.49,3.4,3.49,1379082
2001-07-13,3.49,3.6,3.36,3.4,3005922
2001-07-16,3.36,3.51,3.27,3.27,1575766
2001-07-17,3.18,3.27,3.12,3.14,1430052
2001-07-18,3.23,3.23,2.92,2.92,2545792
2001-07-19,2.83,2.99,2.75,2.86,2243049
2001-07-20,2.83,3.05,2.79,3.05,4484650
2001-07-23,3.14,3.25,3.14,3.16,5909027
2001-07-24,3.14,3.25,3.05,3.25,4179848
2001-07-25,3.23,3.25,3.1,3.1,2366847
2001-07-26,3.14,3.29,3.05,3.29,3486938
2001-07-27,3.44,3.49,3.27,3.27,5004078
2001-07-30,3.27,3.27,3.27,3.27,0
2001-07-31,3.25,3.29,3.18,3.23,2896812
2001-08-01,3.27,3.27,3.1,3.14,2001754
2001-08-02,3.14,3.23,3.1,3.2,1241383
2001-08-03,3.2,3.31,3.2,3.27,2395842
2001-08-06,3.27,3.44,3.23,3.44,3648115
2001-08-07,3.31,3.4,3.27,3.36,2075953
2001-08-08,3.44,3.51,3.4,3.47,4041581
2001-08-09,3.44,3.53,3.34,3.34,2267633
2001-08-10,3.38,3.44,3.27,3.34,2046556
2001-08-13,3.53,3.55,3.49,3.55,4100224
2001-08-14,3.71,3.71,3.55,3.71,6954252
2001-08-15,3.75,3.95,3.75,3.95,6917502
2001-08-16,4.06,4.21,4.01,4.21,8912893
2001-08-17,4.32,4.45,4.14,4.34,26035317
2001-08-20,4.14,4.45,4.14,4.21,14774291
2001-08-21,4.21,4.25,3.92,4.14,9167593
2001-08-22,4.1,4.19,4.01,4.03,5094983
2001-08-23,4.1,4.12,4.01,4.06,6298661
2001-08-24,4.06,4.23,4.03,4.1,8111944
2001-08-27,4.27,4.27,4.03,4.06,5057179
2001-08-28,4.01,4.06,3.84,3.97,4229073
2001-08-29,3.92,4.12,3.88,4.03,4626645
2001-08-30,4.06,4.21,4.01,4.12,4958254
2001-08-31,4.1,4.14,4.01,4.01,2667317
2001-09-03,4.01,4.03,3.79,3.97,2957816
2001-09-04,3.88,3.92,3.71,3.71,2628072
2001-09-05,3.62,3.77,3.62,3.68,2647453
2001-09-06,3.71,3.86,3.71,3.84,2880665
2001-09-07,3.84,3.84,3.71,3.71,1196304
2001-09-10,3.66,3.73,3.66,3.68,1007457
2001-09-11,3.66,3.79,3.62,3.68,2079135
2001-09-12,3.68,3.68,3.68,3.68,0
2001-09-13,3.55,3.7,3.55,3.67,3712662
2001-09-14,3.65,3.65,3.43,3.43,1987029
2001-09-17,3.43,3.43,3.43,3.43,0
2001-09-18,3.43,3.43,3.43,3.43,0
2001-09-19,3.43,3.43,3.43,3.43,0
2001-09-20,3.22,3.46,3.22,3.31,3168060
2001-09-21,3.27,3.31,3.22,3.22,1156377
2001-09-24,3.22,3.22,3.22,3.22,0
2001-09-25,3.12,3.19,2.88,2.93,1864016
2001-09-26,2.93,3.05,2.83,3.05,2803330
2001-09-27,3.03,3.12,2.98,3.07,1278367
2001-09-28,3.07,3.07,3.07,3.07,0
2001-10-01,3.07,3.07,3.07,3.07,0
2001-10-02,3.27,3.31,3.1,3.1,817863
2001-10-03,3.1,3.17,3.07,3.07,989836
2001-10-04,3.22,3.22,3.15,3.19,954644
2001-10-05,3.19,3.31,3.12,3.19,1449911
2001-10-08,3.12,3.15,3.05,3.07,937125
2001-10-09,2.88,3.19,2.88,3.07,754545097
2001-10-10,3.07,3.07,3.07,3.07,0
2001-10-11,3.17,3.27,3.17,3.27,1387030434
2001-10-12,3.36,3.46,3.24,3.41,1999983
2001-10-15,3.36,3.36,3.27,3.27,3859012
2001-10-16,3.27,3.36,3.27,3.34,788225
2001-10-17,3.34,3.36,3.22,3.24,688106
2001-10-18,3.22,3.36,3.15,3.36,3569019
2001-10-19,3.27,3.36,3.22,3.22,1666290
2001-10-22,3.17,3.31,3.17,3.27,912920
2001-10-23,3.31,3.34,3.22,3.22,1092000
2001-10-24,3.24,3.29,3.22,3.24,801978
2001-10-25,3.24,3.29,3.22,3.29,611647
2001-10-26,3.22,3.31,3.22,3.27,880806
2001-10-29,3.27,3.27,3.17,3.17,890400406
2001-10-30,3.17,3.17,3.1,3.12,648069
2001-10-31,3.07,3.15,3.07,3.07,444004
2001-11-01,3.17,3.27,3.12,3.27,1117899
2001-11-02,3.36,3.36,3.22,3.27,1849919
2001-11-05,3.27,3.27,3.22,3.24,989705
2001-11-06,3.31,3.46,3.27,3.39,2711810
2001-11-07,3.43,3.48,3.39,3.39,1810300
2001-11-08,3.46,3.46,3.29,3.36,1250690
2001-11-09,3.36,3.36,3.36,3.36,0
2001-11-12,3.51,3.6,3.43,3.6,3340463
2001-11-13,3.6,3.6,3.41,3.41,2566907
2001-11-14,3.48,3.48,3.41,3.43,1748424
2001-11-15,3.43,3.48,3.39,3.43,1703226
2001-11-16,3.41,3.63,3.41,3.55,10469529
2001-11-19,3.6,3.72,3.55,3.65,5410323
2001-11-20,3.65,3.77,3.6,3.6,3980422
2001-11-21,3.6,3.63,3.46,3.53,2875977
2001-11-22,3.6,3.65,3.48,3.51,1586278
2001-11-23,3.53,3.55,3.43,3.46,1746755
2001-11-26,3.51,3.53,3.46,3.48,1358576
2001-11-27,3.51,3.55,3.46,3.48,2544433
2001-11-28,3.51,3.53,3.36,3.39,1692714
2001-11-29,3.36,3.48,3.31,3.43,1852083
2001-11-30,3.46,3.48,3.31,3.31,1417992
2001-12-03,3.43,3.53,3.36,3.53,2529270
2001-12-04,3.43,3.6,3.41,3.51,3384021
2001-12-05,3.6,3.6,3.51,3.51,2410314
2001-12-06,3.6,3.72,3.53,3.72,4646219
2001-12-07,3.75,3.84,3.63,3.75,5573594
2001-12-10,3.75,3.94,3.75,3.89,6086087
2001-12-11,3.91,3.94,3.65,3.7,3348267
2001-12-12,3.7,3.84,3.7,3.84,2898102
2001-12-13,3.87,4.11,3.77,3.94,10575292
2001-12-14,3.89,4.03,3.87,3.94,3349535
2001-12-17,3.99,4.2,3.96,4.2,6558217
2001-12-18,4.25,4.25,3.91,3.91,6308425
2001-12-19,3.91,3.99,3.65,3.65,2389500
2001-12-20,3.65,3.72,3.6,3.67,1553254
2001-12-21,3.67,3.67,3.51,3.6,1362842
2001-12-24,3.58,3.67,3.58,3.6,770535
2001-12-25,3.6,3.72,3.6,3.72,1341888
2001-12-26,3.77,3.82,3.67,3.75,1907946
2001-12-27,3.79,3.79,3.6,3.6,1598919
2001-12-28,3.65,3.65,3.55,3.63,1512805
2001-12-31,3.67,3.75,3.65,3.72,1389960
2002-01-01,3.72,3.72,3.72,3.72,0
2002-01-02,3.75,3.94,3.65,3.84,4710973
2002-01-03,3.84,3.84,3.84,3.84,0
2002-01-04,3.77,3.84,3.7,3.72,1617672
2002-01-07,3.75,3.87,3.75,3.87,3056880
2002-01-08,3.87,3.87,3.75,3.75,2472471
2002-01-09,3.79,3.91,3.77,3.84,3688618
2002-01-10,3.87,4.11,3.84,4.11,10160716
2002-01-11,4.25,4.35,3.99,4.08,10412946
2002-01-14,4.08,4.13,3.84,3.84,2297888
2002-01-15,3.84,3.91,3.7,3.79,2428457
2002-01-16,3.79,3.91,3.75,3.75,2117269
2002-01-17,3.72,3.84,3.65,3.75,1600372
2002-01-18,3.84,3.89,3.75,3.75,2431137
2002-01-21,3.82,3.87,3.75,3.79,1545889
2002-01-22,3.84,3.89,3.79,3.79,1394052
2002-01-23,3.75,3.94,3.75,3.77,3765133
2002-01-24,3.84,3.87,3.77,3.79,1784287
2002-01-25,3.94,4.06,3.94,4.06,6295252
2002-01-28,4.11,4.23,3.99,4.08,7777459
2002-01-29,4.13,4.15,3.91,3.91,2084229
2002-01-30,3.84,4.13,3.84,3.96,3584516
2002-01-31,3.96,3.96,3.96,3.96,0
2002-02-01,4.35,4.49,4.23,4.3,13305960
2002-02-04,4.32,4.39,4.18,4.23,5421463
2002-02-05,4.18,4.23,4.08,4.11,4130863
2002-02-06,4.2,4.32,4.15,4.25,3094940
2002-02-07,4.25,4.25,4.25,4.25,0
2002-02-08,4.25,4.25,4.25,4.25,0
2002-02-11,4.25,4.25,4.25,4.25,0
2002-02-12,4.25,4.25,4.25,4.25,0
2002-02-13,4.25,4.25,4.25,4.25,0
2002-02-14,4.25,4.25,4.25,4.25,0
2002-02-15,4.25,4.25,4.25,4.25,0
2002-02-18,4.32,4.44,4.27,4.35,3372524
2002-02-19,4.35,4.59,4.32,4.42,6941861
2002-02-20,4.47,4.47,4.13,4.13,2737732
2002-02-21,4.2,4.27,4.08,4.18,3053842
2002-02-22,4.08,4.47,4.08,4.42,5624989
2002-02-25,4.47,4.47,4.25,4.39,2297458
2002-02-26,4.42,4.44,4.27,4.32,2515091
2002-02-27,4.27,4.44,4.27,4.39,3439192
2002-02-28,4.39,4.39,4.39,4.39,0
2002-03-01,4.44,4.56,4.39,4.49,5292718
2002-03-04,4.56,4.73,4.54,4.56,4717704
2002-03-05,4.61,4.75,4.56,4.56,4858459
2002-03-06,4.59,4.71,4.56,4.61,3856365
2002-03-07,4.73,4.73,4.49,4.49,2002557
2002-03-08,4.56,4.63,4.51,4.54,2602476
2002-03-11,4.56,4.71,4.56,4.56,2454153
2002-03-12,4.59,4.61,4.42,4.47,2153354
2002-03-13,4.37,4.56,4.37,4.44,2988418
2002-03-14,4.63,4.63,4.37,4.39,2400050
2002-03-15,4.47,4.47,4.35,4.35,2045418
2002-03-18,4.25,4.35,4.25,4.32,1045702
2002-03-19,4.32,4.37,4.25,4.25,1236629
2002-03-20,4.25,4.32,4.25,4.27,1500402
2002-03-21,4.27,4.37,4.25,4.32,1506728
2002-03-22,4.37,4.37,4.3,4.35,2271268
2002-03-25,4.37,4.51,4.35,4.47,5047779
2002-03-26,4.42,4.47,4.37,4.39,1303630
2002-03-27,4.42,4.66,4.39,4.42,6067188
2002-03-28,4.47,4.49,4.3,4.42,3673220
2002-03-29,4.44,4.44,4.32,4.32,2118862
2002-04-01,4.32,4.37,4.27,4.32,1011821
2002-04-02,4.32,4.42,4.27,4.3,1412477
2002-04-03,4.25,4.37,4.25,4.32,2273137
2002-04-04,4.32,4.42,4.27,4.35,4490029
2002-04-05,4.35,4.35,4.35,4.35,0
2002-04-08,4.35,4.47,4.35,4.42,2965183
2002-04-09,4.39,4.56,4.35,4.35,9190823
2002-04-10,4.3,4.32,4.2,4.23,2645329
2002-04-11,4.27,4.37,4.23,4.23,2587242
2002-04-12,4.23,4.27,4.15,4.27,1203430
2002-04-15,4.27,4.32,4.23,4.25,1282805
2002-04-16,4.27,4.32,4.25,4.3,1803220
2002-04-17,4.32,4.35,4.25,4.27,2805145
2002-04-18,4.32,4.37,4.3,4.3,2385036
2002-04-19,4.32,4.54,4.32,4.54,11475542
2002-04-22,4.61,4.66,4.47,4.56,6406843
2002-04-23,4.59,4.59,4.42,4.42,2883397
2002-04-24,4.44,4.59,4.44,4.56,5756213
2002-04-25,4.56,4.87,4.56,4.73,20043392
2002-04-26,4.8,4.8,4.56,4.61,4810256
2002-04-29,4.54,4.61,4.51,4.56,2831441
2002-04-30,4.61,4.8,4.54,4.63,11419376
2002-05-01,4.63,4.63,4.63,4.63,0
2002-05-02,4.71,4.71,4.37,4.54,3629619
2002-05-03,4.54,4.54,4.32,4.47,5233121
2002-05-06,4.44,4.59,4.23,4.25,10020303
2002-05-07,4.18,4.27,4.08,4.08,5170138
2002-05-08,4.15,4.35,4.11,4.35,7816975
2002-05-09,4.49,4.63,4.37,4.63,10090365
2002-05-10,4.59,4.68,4.42,4.44,5478429
2002-05-13,4.44,4.54,4.42,4.42,3553680
2002-05-14,4.47,4.49,4.32,4.37,3049420
2002-05-15,4.37,4.44,4.35,4.39,2750895
2002-05-16,4.37,4.47,4.35,4.35,1441914
2002-05-17,4.37,4.51,4.35,4.37,3572989
2002-05-20,4.37,4.44,4.13,4.13,4083997
2002-05-21,4.13,4.13,3.94,3.96,2618521
2002-05-22,3.99,4.23,3.99,4.23,3278364
2002-05-23,4.37,4.51,4.32,4.47,4975746
2002-05-24,4.47,4.51,4.35,4.42,5037983
2002-05-27,4.18,4.42,4.18,4.32,1997843
2002-05-28,4.37,4.47,4.32,4.32,2411196
2002-05-29,4.32,4.35,4.23,4.3,1255016
2002-05-30,4.32,4.39,4.3,4.37,2405305
2002-05-31,4.37,4.47,4.15,4.15,5200147
2002-06-03,4.15,4.2,4.08,4.13,3497309
2002-06-04,4.13,4.23,4.13,4.15,3252249
2002-06-05,4.2,4.37,4.18,4.23,12981617
2002-06-06,4.25,4.32,4.23,4.23,5202498
2002-06-07,4.23,4.23,4.15,4.15,2726001
2002-06-10,4.18,4.23,4.13,4.18,2525576
2002-06-11,4.23,4.23,4.08,4.11,3223132
2002-06-12,4.08,4.15,4.06,4.08,3030464
2002-06-13,4.13,4.2,4.13,4.13,2375557
2002-06-14,4.13,4.23,4.08,4.13,5338732
2002-06-17,4.13,4.23,4.11,4.13,5380464
2002-06-18,4.18,4.2,4.13,4.18,2072793
2002-06-19,4.18,4.2,4.06,4.06,2010912
2002-06-20,4.03,4.11,4.01,4.08,1258869
2002-06-21,4.08,4.15,4.03,4.11,2144044
2002-06-24,4.11,4.13,4.06,4.08,1046318
2002-06-25,4.11,4.13,4.01,4.06,1564078
2002-06-26,4.01,4.08,3.91,3.91,2883105
2002-06-27,3.94,4.01,3.91,3.94,1344332
2002-06-28,3.99,4.01,3.94,3.99,712562
2002-07-01,3.99,3.99,3.72,3.72,1535708
2002-07-02,3.7,3.79,3.63,3.72,1262126
2002-07-03,3.72,3.94,3.65,3.94,2887708
2002-07-04,3.96,4.01,3.89,3.96,1753241
2002-07-05,3.96,4.01,3.94,4.01,1062678
2002-07-08,4.06,4.08,4.01,4.08,1506937
2002-07-09,4.06,4.06,3.96,3.96,468641
2002-07-10,3.96,3.96,3.89,3.91,559271
2002-07-11,3.89,3.96,3.87,3.91,866284
2002-07-12,3.99,3.99,3.91,3.96,601625
2002-07-15,3.94,3.99,3.89,3.89,1241693
2002-07-16,3.91,3.96,3.84,3.87,1076317
2002-07-17,3.87,3.91,3.82,3.82,722579
2002-07-18,3.84,3.87,3.82,3.87,539619832
2002-07-19,3.84,4.01,3.82,3.94,1667409
2002-07-22,3.89,3.91,3.79,3.79,886079
2002-07-23,3.75,3.87,3.75,3.87,707629
2002-07-24,3.84,3.87,3.75,3.82,893057
2002-07-25,3.84,3.91,3.79,3.79,986680
2002-07-26,3.77,3.82,3.65,3.7,1022722
2002-07-29,3.72,3.75,3.67,3.7,976372
2002-07-30,3.77,3.87,3.72,3.87,2294572
2002-07-31,3.87,3.99,3.79,3.87,4029541
2002-08-01,3.87,3.89,3.79,3.84,891521
2002-08-02,3.79,3.84,3.77,3.79,630551
2002-08-05,3.7,3.7,3.53,3.53,1820327
2002-08-06,3.34,3.43,3.29,3.29,2569558
2002-08-07,3.34,3.36,3.31,3.31,3039936
2002-08-08,3.34,3.36,3.29,3.31,2065929
2002-08-09,3.36,3.41,3.31,3.39,3368254
2002-08-12,3.39,3.41,3.31,3.31,1549011
2002-08-13,3.34,3.36,3.31,3.34,520395
2002-08-14,3.31,3.39,3.31,3.36,935240
2002-08-15,3.39,3.48,3.39,3.41,1827417
2002-08-16,3.46,3.48,3.41,3.43,1253833
2002-08-19,3.41,3.46,3.39,3.41,567710
2002-08-20,3.46,3.51,3.43,3.43,1109790
2002-08-21,3.46,3.48,3.39,3.41,646784
2002-08-22,3.46,3.51,3.46,3.48,1065741
2002-08-23,3.48,3.48,3.48,3.48,0
2002-08-26,3.51,3.55,3.48,3.55,879815
2002-08-27,3.53,3.65,3.48,3.63,1273901
2002-08-28,3.58,3.6,3.51,3.55,1149987
2002-08-29,3.51,3.6,3.51,3.55,1146092
2002-08-30,3.55,3.58,3.51,3.53,518817
2002-09-02,3.53,3.53,3.41,3.43,690011
2002-09-03,3.43,3.58,3.43,3.53,2099183
2002-09-04,3.43,3.51,3.31,3.41,3779903
2002-09-05,3.41,3.43,3.34,3.36,2322513
2002-09-06,3.36,3.36,3.36,3.36,0
2002-09-09,3.36,3.39,3.34,3.36,1005755
2002-09-10,3.39,3.46,3.36,3.43,1194937
2002-09-11,3.41,3.48,3.41,3.41,559855
2002-09-12,3.43,3.53,3.41,3.48,1429842
2002-09-13,3.43,3.46,3.39,3.41,918007
2002-09-16,3.41,3.41,3.31,3.31,1030666
2002-09-17,3.36,3.48,3.31,3.46,993631
2002-09-18,3.41,3.41,3.31,3.36,844002
2002-09-19,3.36,3.41,3.34,3.36,337167
2002-09-20,3.34,3.34,3.27,3.31,2215194
2002-09-23,3.31,3.34,3.27,3.27,1293064
2002-09-24,3.31,3.41,3.22,3.29,2484255
2002-09-25,3.27,3.31,3.19,3.19,1608756
2002-09-26,3.22,3.29,3.22,3.29,784679
2002-09-27,3.29,3.34,3.27,3.27,642715
2002-09-30,3.24,3.24,3.17,3.19,1020830
2002-10-01,3.15,3.27,3.15,3.24,506431
2002-10-02,3.27,3.31,3.24,3.27,889974
2002-10-03,3.27,3.27,3.17,3.17,537273571
2002-10-04,3.17,3.22,3.15,3.17,674803
2002-10-07,3.17,3.17,3.1,3.1,712976
2002-10-08,3.07,3.17,3.07,3.17,631370071
2002-10-09,3.19,3.24,3.19,3.22,649021
2002-10-10,3.22,3.22,3.22,3.22,0
2002-10-11,3.27,3.27,3.12,3.12,899270
2002-10-14,3.12,3.24,3.12,3.19,492684
2002-10-15,3.24,3.41,3.24,3.41,1473309
2002-10-16,3.46,3.46,3.34,3.36,991028
2002-10-17,3.36,3.58,3.36,3.58,4604842
2002-10-18,3.67,3.82,3.67,3.82,3807943
2002-10-21,3.91,4.08,3.89,4.08,6270207
2002-10-22,4.23,4.23,3.82,3.84,4540245
2002-10-23,3.79,4.08,3.7,4.06,3591006
2002-10-24,4.03,4.03,3.79,3.82,4097265
2002-10-25,3.79,3.99,3.7,3.82,2769998
2002-10-28,3.96,3.99,3.87,3.89,1590869
2002-10-29,3.89,3.89,3.75,3.79,798498
2002-10-30,3.84,3.99,3.82,3.99,3394214
2002-10-31,4.08,4.25,4.08,4.25,6488824
2002-11-01,4.27,4.27,4.03,4.03,2820975
2002-11-04,4.11,4.15,4.01,4.01,1424141
2002-11-05,4.08,4.08,3.91,3.91,921538
2002-11-06,3.91,4.08,3.91,4.06,1667218
2002-11-07,4.08,4.11,3.99,4.03,2447004
2002-11-08,4.01,4.18,3.99,4.06,2965329
2002-11-11,4.08,4.27,4.08,4.13,4341050
2002-11-12,4.13,4.15,4.06,4.06,1248119
2002-11-13,4.06,4.18,4.06,4.13,3142785
2002-11-14,4.11,4.23,4.11,4.11,2364342
2002-11-15,4.13,4.23,4.06,4.15,4352999
2002-11-18,4.18,4.23,4.11,4.11,1544576
2002-11-19,4.11,4.15,4.06,4.11,2190376
2002-11-20,4.15,4.15,4.06,4.08,960582
2002-11-21,4.11,4.15,4.06,4.06,1549154
2002-11-22,4.13,4.15,4.06,4.06,1363953
2002-11-25,4.11,4.13,4.06,4.08,1189145
2002-11-26,4.08,4.13,4.06,4.06,735376
2002-11-27,4.06,4.13,4.06,4.13,1220312
2002-11-28,4.15,4.2,4.08,4.08,1773704
2002-11-29,4.13,4.13,4.06,4.06,611306
2002-12-02,4.06,4.06,4.06,4.06,0
2002-12-03,4.08,4.11,4.06,4.08,672938
2002-12-04,4.11,4.13,4.08,4.08,761976
2002-12-05,4.13,4.35,4.13,4.35,8380652
2002-12-06,4.39,4.42,4.27,4.27,6282564
2002-12-09,4.42,4.56,4.37,4.56,10140985
2002-12-10,4.56,4.8,4.56,4.75,11109716
2002-12-11,4.8,4.85,4.44,4.44,9933893
2002-12-12,4.51,4.73,4.44,4.73,6717974
2002-12-13,4.78,4.92,4.56,4.56,6656259
2002-12-16,4.51,4.56,4.32,4.44,1734324
2002-12-17,4.49,4.56,4.39,4.44,3447867
2002-12-18,4.47,4.56,4.35,4.39,3881913
2002-12-19,4.44,4.68,4.39,4.68,20961443
2002-12-20,4.8,5.0,4.8,5.0,42547022
2002-12-23,5.28,5.33,5.19,5.33,12470096
2002-12-24,5.67,5.69,5.43,5.64,53806693
2002-12-25,5.72,5.84,5.43,5.69,34121510
2002-12-26,5.64,5.72,5.38,5.67,12590453
2002-12-27,5.67,6.05,5.67,6.05,22925614
2002-12-30,6.17,6.24,6.0,6.05,37035432
2002-12-31,6.05,6.32,6.0,6.15,40109439
2003-01-01,6.15,6.15,6.15,6.15,0
2003-01-02,6.15,6.56,6.08,6.56,22639442
2003-01-03,7.01,7.01,7.01,7.01,7612926
2003-01-06,7.49,7.49,7.4,7.49,27417022
2003-01-07,7.78,7.97,7.59,7.97,39076886
2003-01-08,8.12,8.5,8.12,8.5,31592952
2003-01-09,8.69,8.98,8.07,8.31,31425738
2003-01-10,8.36,8.5,7.78,8.45,22483550
2003-01-13,8.45,9.03,8.26,9.03,21682630
2003-01-14,9.13,9.65,9.13,9.65,21275906
2003-01-15,9.94,10.33,9.94,10.33,23674751
2003-01-16,10.33,10.37,9.7,9.8,23151073
2003-01-17,9.56,9.75,9.37,9.41,14416484
2003-01-20,9.22,10.04,9.22,10.04,23666020
2003-01-21,10.04,10.47,9.8,9.99,38845713
2003-01-22,10.09,10.66,9.89,10.66,36623970
2003-01-23,10.81,11.0,10.23,10.28,26218955
2003-01-24,10.28,10.57,9.85,9.89,22130968
2003-01-27,9.7,9.89,9.22,9.22,7404371
2003-01-28,8.79,9.41,8.74,8.93,26928450
2003-01-29,8.93,8.93,8.93,8.93,0
2003-01-30,8.93,8.93,8.93,8.93,0
2003-01-31,8.93,8.93,8.93,8.93,0
2003-02-03,8.93,8.93,8.93,8.93,0
2003-02-04,8.93,8.93,8.93,8.93,0
2003-02-05,8.93,8.93,8.93,8.93,0
2003-02-06,8.93,9.56,8.84,9.56,28715266
2003-02-07,9.85,9.99,9.13,9.56,29649683
2003-02-10,9.56,9.7,8.93,8.93,18102003
2003-02-11,8.93,9.13,8.31,8.31,19258918
2003-02-12,8.21,8.84,8.21,8.65,22435397
2003-02-13,8.65,8.74,8.07,8.07,17461186
2003-02-14,8.07,8.26,7.78,7.88,17668568
2003-02-17,8.17,8.41,8.12,8.41,16115962
2003-02-18,8.55,8.65,8.21,8.31,29440920
2003-02-19,8.5,8.5,8.02,8.07,18078385
2003-02-20,8.07,8.21,7.54,7.54,21440585
2003-02-21,7.49,7.78,7.35,7.68,21217728
2003-02-24,7.83,8.21,7.68,8.21,20213514
2003-02-25,8.31,8.69,8.21,8.36,59403389
2003-02-26,8.5,8.93,8.21,8.93,51034612
2003-02-27,8.79,8.93,8.65,8.79,24732148
2003-02-28,8.79,8.79,8.79,8.79,0
2003-03-03,8.93,9.13,8.69,8.93,23383038
2003-03-04,8.74,9.46,8.74,9.37,34676240
2003-03-05,9.32,9.32,9.03,9.08,15923164
2003-03-06,9.08,9.17,8.79,8.84,16722098
2003-03-07,8.74,8.98,8.31,8.31,26131189
2003-03-10,8.07,8.17,7.73,7.73,9734940
2003-03-11,7.2,7.49,7.2,7.2,18879856
2003-03-12,7.2,7.68,7.06,7.64,28253615
2003-03-13,7.64,8.07,7.44,7.88,26552234
2003-03-14,8.36,8.41,8.12,8.41,27239411
2003-03-17,8.41,8.45,8.12,8.31,13521366
2003-03-18,8.89,8.89,8.89,8.89,10651664
2003-03-19,8.79,9.13,8.5,8.98,32046288
2003-03-20,9.13,9.56,8.89,9.56,44842407
2003-03-21,9.51,9.65,9.17,9.17,19399392
2003-03-24,9.17,9.27,8.98,9.17,17869661
2003-03-25,9.08,9.51,9.03,9.27,37155911
2003-03-26,9.32,9.32,8.98,9.08,15598922
2003-03-27,8.98,9.32,8.98,9.32,12486214
2003-03-28,9.27,9.27,9.03,9.03,8573134
2003-03-31,8.89,8.89,8.41,8.41,11009339
2003-04-01,7.92,8.5,7.92,8.5,10425828
2003-04-02,8.5,8.69,8.45,8.55,14902375
2003-04-03,8.89,9.13,8.79,8.93,24022214
2003-04-04,8.93,9.56,8.84,9.56,39210565
2003-04-07,9.75,10.18,9.65,10.09,45962884
2003-04-08,9.94,10.09,9.7,9.7,23958175
2003-04-09,9.61,9.99,9.51,9.99,21518427978
2003-04-10,9.99,10.09,9.65,9.7,22722380
2003-04-11,9.85,9.99,9.51,9.61,17806603545
2003-04-14,9.61,9.7,8.93,8.93,22012074
2003-04-15,8.84,9.13,8.45,8.93,23987467
2003-04-16,8.93,9.08,8.79,8.93,9088800
2003-04-17,8.98,9.22,8.93,9.03,9302510
2003-04-18,9.22,9.22,8.65,8.93,17324481
2003-04-21,8.93,8.93,8.55,8.55,11526891
2003-04-22,8.45,8.69,8.36,8.45,12238643
2003-04-23,8.55,8.65,8.45,8.45,10324985
2003-04-24,8.41,8.45,7.88,7.88,11713132
2003-04-25,7.35,7.49,7.35,7.35,17775889
2003-04-28,6.87,7.59,6.84,7.44,25251002
2003-04-29,7.59,7.83,7.54,7.54,24707100
2003-04-30,7.68,7.68,7.04,7.04,17804554
2003-05-01,7.04,7.04,7.04,7.04,0
2003-05-02,6.96,7.2,6.84,7.2,17188158
2003-05-05,7.2,7.68,7.13,7.68,19964721
2003-05-06,7.73,8.07,7.64,8.02,31103330
2003-05-07,8.12,8.55,7.97,8.55,39031309
2003-05-08,8.5,8.6,8.31,8.41,23802053
2003-05-09,8.41,8.89,8.36,8.74,39231130
2003-05-12,8.69,8.74,8.45,8.45,12742231
2003-05-13,8.5,8.74,8.45,8.45,27664549
2003-05-14,8.26,8.65,8.26,8.55,21477668
2003-05-15,8.41,8.55,8.17,8.26,9600353
2003-05-16,8.31,8.45,8.07,8.17,11909454
2003-05-19,7.97,8.17,7.92,8.07,6601385
2003-05-20,7.92,8.5,7.92,8.45,20772266
2003-05-21,8.5,8.55,8.36,8.45,20258654
2003-05-22,8.45,8.84,8.36,8.79,26432346
2003-05-23,8.79,9.03,8.74,8.93,26402472
2003-05-26,9.03,9.46,9.03,9.27,24354730
2003-05-27,9.27,9.27,8.93,9.03,12144096
2003-05-28,9.17,9.22,8.93,9.03,14934222
2003-05-29,9.03,9.17,8.93,9.13,12484793
2003-05-30,9.03,9.22,8.93,9.08,12643646
2003-06-02,9.17,9.37,9.03,9.22,18034890
2003-06-03,9.22,9.56,9.17,9.17,26214311
2003-06-04,9.17,9.17,9.17,9.17,0
2003-06-05,9.41,9.51,8.93,9.03,27497063
2003-06-06,9.03,9.17,8.93,8.98,13796213
2003-06-09,8.98,9.61,8.98,9.61,42403229162
2003-06-10,9.61,9.94,9.51,9.65,40588232148
2003-06-11,9.85,10.23,9.7,9.89,39029123
2003-06-12,9.99,10.23,9.89,10.13,27908918
2003-06-13,10.13,10.23,10.04,10.04,13898327
2003-06-16,10.09,10.71,10.09,10.71,37570392
2003-06-17,10.81,10.95,10.57,10.81,41548202
2003-06-18,10.9,11.38,10.76,10.95,33605267
2003-06-19,11.05,11.33,10.85,11.05,32036116
2003-06-20,11.05,11.09,10.47,10.47,14765482
2003-06-23,10.47,11.0,10.47,10.47,22784796
2003-06-24,10.47,10.66,10.47,10.61,11467525
2003-06-25,10.81,11.0,10.66,10.76,22343792
2003-06-26,10.81,11.24,10.81,11.05,31189777
2003-06-27,11.29,11.29,10.81,10.9,17819615
2003-06-30,11.0,11.19,10.95,11.05,18911864
2003-07-01,11.14,11.67,11.0,11.58,33268631
2003-07-02,11.72,12.1,11.48,11.82,40461030
2003-07-03,12.01,12.01,11.33,11.48,20972285
2003-07-04,11.53,11.67,11.43,11.62,14738550
2003-07-07,11.67,12.06,11.67,11.91,22581309
2003-07-08,11.91,12.3,11.53,11.67,24676653080
2003-07-09,11.62,11.86,11.43,11.43,18766029
2003-07-10,11.67,12.15,11.62,11.82,30164325
2003-07-11,12.1,12.1,11.77,11.96,18429244
2003-07-14,12.06,12.44,12.01,12.3,27594518
2003-07-15,12.54,13.11,12.49,12.97,36664990
2003-07-16,13.02,13.4,13.02,13.16,29932980
2003-07-17,13.21,13.35,12.87,13.06,16702324
2003-07-18,13.11,13.3,12.68,12.97,14992670
2003-07-21,13.21,13.21,12.78,12.97,19378927
2003-07-22,12.97,13.45,12.87,13.35,25869041
2003-07-23,13.45,13.5,13.11,13.11,10783025001
2003-07-24,13.21,13.26,13.02,13.26,11536717
2003-07-25,13.35,13.35,13.06,13.06,11113557
2003-07-28,13.21,13.45,13.11,13.21,13668104440
2003-07-29,13.3,13.3,12.63,12.78,16683438
2003-07-30,12.87,12.92,12.68,12.78,10145926
2003-07-31,12.82,12.82,11.91,12.34,27178904
2003-08-01,12.2,12.25,11.96,12.2,16708029
2003-08-04,12.3,12.39,12.15,12.2,9181804
2003-08-05,12.25,12.39,11.72,11.72,11071496
2003-08-06,11.72,11.96,11.62,11.72,12356618
2003-08-07,11.86,12.15,11.62,11.91,18489788
2003-08-08,12.06,12.34,12.01,12.25,23292379
2003-08-11,12.34,12.44,12.15,12.3,10674408
2003-08-12,12.39,12.58,12.39,12.54,14281152
2003-08-13,12.68,13.16,12.54,12.87,29730625
2003-08-14,13.06,13.26,12.78,12.82,24102828
2003-08-15,12.97,13.26,12.87,12.97,21152356
2003-08-18,13.16,13.64,12.97,13.5,39578099
2003-08-19,13.78,14.26,13.54,13.98,44933625
2003-08-20,13.98,13.98,13.59,13.59,12769262
2003-08-21,13.69,13.93,13.45,13.64,21062159
2003-08-22,13.64,13.74,13.35,13.5,13989366
2003-08-25,13.54,13.98,13.54,13.74,22658577
2003-08-26,13.74,14.02,13.64,13.83,22167472
2003-08-27,14.02,14.02,13.69,13.69,11889775
2003-08-28,14.02,14.12,13.78,13.88,23918257
2003-08-29,13.98,14.02,13.69,14.02,14588400
2003-09-01,14.22,14.94,14.07,14.89,35427284
2003-09-02,14.79,14.84,14.55,14.65,13647999
2003-09-03,14.79,14.99,14.65,14.65,11474441
2003-09-04,14.65,14.65,14.22,14.26,12236989
2003-09-05,14.46,14.66,14.37,14.41,15934916
2003-09-08,14.41,14.61,14.32,14.56,8592031
2003-09-09,14.61,14.95,14.56,14.61,18702570
2003-09-10,14.61,14.9,14.32,14.41,16005636
2003-09-11,14.41,14.41,14.41,14.41,0
2003-09-12,14.51,14.61,14.22,14.32,11096570
2003-09-15,14.32,14.37,14.02,14.07,8211270
2003-09-16,14.07,14.37,14.07,14.22,11620829
2003-09-17,14.41,14.76,14.32,14.46,16499729
2003-09-18,14.46,14.76,14.41,14.66,18733983
2003-09-19,14.86,14.86,14.46,14.46,15929810
2003-09-22,14.51,14.81,14.41,14.41,17259745
2003-09-23,14.51,14.61,14.07,14.27,17085102
2003-09-24,14.27,14.37,14.02,14.12,12534286
2003-09-25,13.92,14.32,13.78,14.27,9766480
2003-09-26,14.37,14.46,14.07,14.07,8629180
2003-09-29,14.12,14.46,14.12,14.22,11013333
2003-09-30,14.37,14.37,14.17,14.27,6565828
2003-10-01,14.27,14.32,14.02,14.12,3347281
2003-10-02,14.27,14.41,14.17,14.41,7610822
2003-10-03,14.46,15.3,14.37,15.3,47284882
2003-10-06,15.44,15.93,15.39,15.64,46343161
2003-10-07,15.69,15.74,15.39,15.59,18400157
2003-10-08,15.64,16.38,15.54,15.74,40596717
2003-10-09,16.03,16.33,15.98,16.13,25933371
2003-10-10,16.13,16.13,16.13,16.13,0
2003-10-13,16.42,17.11,16.08,17.06,39939737
2003-10-14,17.16,17.16,16.67,17.06,19351307
2003-10-15,17.06,17.4,16.18,16.38,31410649
2003-10-16,16.38,17.16,15.98,17.16,37084663
2003-10-17,17.16,17.16,16.52,16.72,24100731
2003-10-20,16.67,16.87,16.47,16.52,18746352
2003-10-21,16.57,16.72,16.03,16.03,25797280
2003-10-22,16.08,16.38,15.89,16.08,17853082
2003-10-23,16.08,16.38,16.03,16.33,15774666
2003-10-24,16.57,16.57,16.03,16.08,11632066
2003-10-27,16.18,16.38,16.08,16.18,5783506
2003-10-28,16.42,16.72,16.33,16.52,19175360
2003-10-29,16.72,16.72,16.42,16.47,11602008
2003-10-30,16.52,16.77,16.33,16.57,13122438
2003-10-31,16.67,16.96,16.57,16.67,22840903
2003-11-03,16.77,17.16,16.57,16.96,17766170
2003-11-04,17.11,17.31,16.96,16.96,18273058
2003-11-05,17.06,17.26,16.72,16.72,11520263
2003-11-06,16.62,16.62,15.84,15.84,31416427
2003-11-07,15.93,16.08,15.74,15.98,13736145
2003-11-10,16.03,16.33,15.93,16.28,7966683
2003-11-11,16.18,16.38,16.08,16.13,7768510
2003-11-12,16.13,16.42,16.08,16.08,13934715
2003-11-13,16.23,16.23,15.74,15.74,9069297
2003-11-14,15.74,15.84,15.05,15.39,16362527671
2003-11-17,15.39,15.54,15.2,15.25,7157696
2003-11-18,15.25,15.54,15.15,15.44,8869813
2003-11-19,15.44,15.84,15.44,15.59,16485188
2003-11-20,15.69,16.28,15.69,15.89,17308444
2003-11-21,15.79,16.03,15.59,15.69,7585117
2003-11-24,15.79,15.79,15.44,15.44,5944450
2003-11-25,15.54,15.69,15.3,15.35,11373870
2003-11-26,15.39,15.84,15.39,15.84,13273685
2003-11-27,15.84,15.98,15.49,15.49,10289597
2003-11-28,15.64,15.74,15.49,15.49,5776851
2003-12-01,15.49,15.74,15.39,15.74,5516817
2003-12-02,15.89,15.93,15.44,15.59,8876997
2003-12-03,15.59,15.59,14.95,15.15,16919165
2003-12-04,15.15,15.35,15.0,15.15,10793256
2003-12-05,15.3,15.35,15.1,15.2,5846506
2003-12-08,15.2,15.49,15.1,15.44,9418802
2003-12-09,15.59,15.69,15.39,15.64,7516644
2003-12-10,15.59,15.84,15.49,15.69,11132268
2003-12-11,15.69,16.23,15.64,16.18,23096329
2003-12-12,16.47,16.96,16.33,16.72,39935802
2003-12-15,16.96,16.96,16.57,16.87,15028859
2003-12-16,16.77,16.87,16.62,16.67,10676726
2003-12-17,16.72,16.82,15.93,16.08,11722722
2003-12-18,16.23,16.52,16.18,16.33,8963300
2003-12-19,16.57,16.77,16.38,16.52,7442064
2003-12-22,16.62,16.67,16.47,16.52,5571888
2003-12-23,16.57,16.87,16.42,16.67,14238366
2003-12-24,16.67,16.77,16.57,16.62,6884705
2003-12-25,16.62,16.67,16.23,16.28,8091121
2003-12-26,16.28,16.38,16.18,16.38,4285272
2003-12-29,16.38,16.38,16.08,16.13,4911004
2003-12-30,16.33,16.33,16.18,16.28,8509846
2003-12-31,16.28,16.52,16.28,16.52,9164007
2004-01-01,16.52,16.52,16.52,16.52,0
2004-01-02,16.52,17.45,16.52,17.31,31346118
2004-01-05,17.4,18.29,17.4,18.04,36154438
2004-01-06,18.29,18.83,18.09,18.73,36307700
2004-01-07,18.88,19.02,18.58,18.83,30024399
2004-01-08,19.02,19.02,18.68,18.83,10533402
2004-01-09,18.92,19.12,18.73,18.92,15825820
2004-01-12,18.88,18.97,18.39,18.39,14923570
2004-01-13,18.48,18.53,17.9,18.04,13303905
2004-01-14,18.04,18.53,18.04,18.29,11043448
2004-01-15,18.29,18.48,18.24,18.48,7026123
2004-01-16,18.58,18.88,18.53,18.53,11458775
2004-01-19,18.53,18.53,18.53,18.53,0
2004-01-20,18.53,18.53,18.53,18.53,0
2004-01-21,18.53,18.53,18.53,18.53,0
2004-01-22,18.53,18.53,18.53,18.53,0
2004-01-23,18.53,18.53,18.53,18.53,0
2004-01-26,18.53,18.53,18.53,18.53,0
2004-01-27,18.78,19.37,18.73,18.88,22265536
2004-01-28,18.78,18.88,18.43,18.48,9087732
2004-01-29,18.39,18.58,18.04,18.09,9689724
2004-01-30,18.24,18.34,17.94,18.09,10238595
2004-02-02,18.24,18.48,17.94,17.94,9339835
2004-02-03,17.9,17.9,17.4,17.7,14383868
2004-02-04,17.75,18.43,17.75,18.09,14237986
2004-02-05,18.29,18.39,18.04,18.34,8042090
2004-02-06,18.34,18.53,18.29,18.29,9884373
2004-02-09,18.53,18.53,18.14,18.29,10863601
2004-02-10,18.24,18.24,17.8,18.14,11931330
2004-02-11,18.24,18.34,17.94,18.04,7934212
2004-02-12,18.04,18.24,17.65,17.7,9175441199
2004-02-13,17.85,17.94,17.7,17.94,6313916
2004-02-16,17.99,18.34,17.94,18.19,8888301
2004-02-17,18.14,18.58,18.14,18.39,13161130
2004-02-18,18.88,18.92,18.24,18.39,16958290
2004-02-19,18.39,19.02,18.24,18.97,23714839
2004-02-20,19.12,19.51,18.68,18.68,27268524
2004-02-23,18.78,18.88,18.53,18.53,11885380
2004-02-24,18.78,18.78,18.39,18.39,9765821
2004-02-25,18.58,18.68,18.34,18.58,8020394
2004-02-26,18.83,19.02,18.68,18.68,20561587
2004-02-27,18.88,19.95,18.78,19.86,49561398
2004-03-01,20.05,20.84,20.05,20.84,49175559
2004-03-02,20.89,20.89,20.25,20.59,20437428
2004-03-03,20.59,21.23,20.4,20.49,38026977
2004-03-04,20.49,20.69,20.2,20.3,21108929
2004-03-05,20.49,20.69,20.15,20.2,24759474
2004-03-08,20.35,20.44,19.95,19.95,9850745
2004-03-09,20.05,20.54,20.05,20.3,14011853
2004-03-10,20.35,20.93,20.3,20.3,26722186
2004-03-11,20.1,20.49,19.95,20.0,14392171
2004-03-12,19.66,19.91,19.51,19.61,15824788
2004-03-15,20.0,20.69,19.71,19.81,27562504
2004-03-16,19.91,20.2,19.81,20.0,15564943
2004-03-17,20.3,20.54,20.15,20.2,15946615
2004-03-18,20.3,21.08,20.2,21.08,36098563
2004-03-19,21.18,21.96,20.98,21.82,46698502
2004-03-22,20.3,20.3,20.3,20.3,594488950
2004-03-23,18.92,19.81,18.92,18.92,47918810
2004-03-24,19.42,19.42,17.65,18.39,35541165
2004-03-25,18.53,18.97,18.19,18.19,36239704957
2004-03-26,18.43,18.58,18.14,18.19,19045661
2004-03-29,19.12,19.37,18.68,19.37,26064186
2004-03-30,19.27,19.32,19.02,19.02,12930506
2004-03-31,19.12,19.37,18.97,19.12,16901685
2004-04-01,19.02,19.02,18.39,18.58,21294544
2004-04-02,18.63,18.83,18.43,18.58,13967490
2004-04-05,18.83,18.83,18.19,18.63,14427147
2004-04-06,18.63,19.51,18.43,18.92,32292218
2004-04-07,18.97,19.32,18.97,18.97,17433917
2004-04-08,18.97,19.02,18.73,18.73,10478951
2004-04-09,18.58,18.58,17.85,18.04,28952359
2004-04-12,18.14,18.63,18.09,18.39,17667278
2004-04-13,18.48,18.73,18.24,18.39,15202627
2004-04-14,18.39,18.58,18.14,18.19,12294871
2004-04-15,18.53,18.53,17.4,17.5,31800743
2004-04-16,17.5,17.8,17.45,17.5,16381323
2004-04-19,17.55,17.8,16.87,16.91,22817373
2004-04-20,17.06,17.4,16.96,17.31,14949392
2004-04-21,17.06,17.26,17.01,17.11,11627442
2004-04-22,17.21,17.36,16.67,16.77,13195049
2004-04-23,16.77,17.01,16.72,16.87,10038908
2004-04-26,16.87,16.96,16.67,16.72,7976195
2004-04-27,16.67,16.67,15.59,15.74,27255751
2004-04-28,15.69,15.93,15.0,15.2,24683463
2004-04-29,15.05,15.05,14.17,14.46,34436870491
2004-04-30,14.22,14.37,13.48,13.63,33112999
2004-05-03,13.68,14.32,13.68,13.83,34484836
2004-05-04,14.32,14.76,14.12,14.76,29441329
2004-05-05,14.81,15.2,14.22,14.22,40240132
2004-05-06,14.71,14.9,14.27,14.37,25604460
2004-05-07,14.37,14.95,14.37,14.95,17929241
2004-05-10,14.76,15.2,14.71,15.05,26810410180
2004-05-11,15.2,15.39,14.81,14.95,20490465
2004-05-12,15.2,15.2,14.81,14.95,17023046
2004-05-13,14.86,14.86,13.92,14.02,21335207
2004-05-14,14.02,14.02,13.04,13.04,23004516
2004-05-17,12.36,12.5,12.16,12.16,16003715
2004-05-18,12.16,12.6,12.01,12.31,16513865
2004-05-19,12.85,13.14,12.7,13.14,12494679
2004-05-20,13.09,13.97,12.99,13.43,39815422
2004-05-21,13.63,14.02,13.29,13.97,20366763
2004-05-24,13.87,14.32,13.73,13.97,16631307
2004-05-25,13.73,13.97,13.53,13.53,16254498
2004-05-26,13.78,13.83,13.58,13.68,11675533
2004-05-27,13.83,14.17,13.83,14.02,19307432
2004-05-28,14.37,14.41,14.22,14.37,17899897
2004-05-31,14.27,14.27,13.97,13.97,6810142
2004-06-01,14.02,14.12,13.48,13.92,7780923
2004-06-02,13.53,13.83,13.53,13.63,5050230
2004-06-03,13.78,14.22,13.48,13.48,13733461
2004-06-04,13.38,13.68,12.85,13.48,9828078
2004-06-07,13.73,14.17,13.63,14.17,13990822
2004-06-08,14.32,14.32,13.87,14.07,11133983
2004-06-09,14.07,14.51,14.07,14.32,21863417
2004-06-10,14.22,14.41,14.07,14.17,7589253
2004-06-11,14.17,14.27,13.92,14.02,8326936
2004-06-14,14.27,14.27,13.63,13.73,9253595
2004-06-15,13.83,13.92,13.38,13.78,6093902
2004-06-16,13.97,14.02,13.29,13.34,6700037
2004-06-17,13.34,13.78,13.24,13.73,8769496700
2004-06-18,13.63,13.68,13.48,13.63,3001682
2004-06-21,13.73,13.92,13.53,13.58,3515418
2004-06-22,13.58,13.58,13.58,13.58,0
2004-06-23,13.78,14.37,13.73,14.27,13548872740
2004-06-24,14.41,14.95,14.41,14.9,29240702
2004-06-25,14.95,15.3,14.95,15.1,29758533
2004-06-28,15.15,15.25,14.9,15.2,20821316
2004-06-29,15.2,15.39,15.05,15.2,14140773617
2004-06-30,15.35,15.35,15.1,15.2,19382854
2004-07-01,15.35,15.84,15.25,15.59,20951227
2004-07-02,15.39,15.54,15.3,15.54,13743946
2004-07-05,15.44,15.44,15.0,15.35,8951604
2004-07-06,15.35,15.54,15.1,15.54,9126023
2004-07-07,15.2,15.44,15.15,15.2,6610573
2004-07-08,15.39,15.64,15.35,15.44,13615312
2004-07-09,15.44,15.49,15.25,15.39,6626199
2004-07-12,15.54,15.79,15.49,15.69,13488426
2004-07-13,15.79,15.93,15.59,15.64,13236924
2004-07-14,15.74,15.74,15.1,15.1,8657931
2004-07-15,15.1,15.1,14.07,14.17,20172711
2004-07-16,13.92,14.32,13.83,14.02,9774316
2004-07-19,13.97,14.12,13.73,13.78,7348689
2004-07-20,13.73,14.12,13.58,13.73,16312695825
2004-07-21,13.97,14.02,13.73,13.97,10370176
2004-07-22,13.73,14.02,13.58,13.87,4602229711
2004-07-23,13.87,14.02,13.83,13.87,5163995
2004-07-26,13.83,13.97,13.78,13.92,4780325
2004-07-27,13.83,13.83,12.99,13.34,24823862
2004-07-28,13.34,13.53,13.24,13.38,9915080
2004-07-29,13.34,13.48,13.24,13.34,5297858
2004-07-30,13.48,13.87,13.43,13.87,8932094
2004-08-02,13.87,13.87,13.53,13.63,5383627
2004-08-03,13.63,13.92,13.63,13.87,6430712
2004-08-04,14.02,14.37,13.92,14.37,17818448
2004-08-05,14.56,14.56,14.02,14.51,10650175
2004-08-06,14.46,14.56,14.27,14.37,8615194
2004-08-09,14.22,14.86,14.22,14.81,21531231
2004-08-10,15.1,15.27,14.82,14.82,23513134
2004-08-11,14.93,14.99,14.54,14.54,8157850
2004-08-12,14.54,14.71,14.43,14.54,5196063
2004-08-13,14.49,15.1,14.49,14.77,12561439
2004-08-16,14.82,15.04,14.82,14.99,7460654
2004-08-17,15.1,15.16,14.88,14.88,3954581
2004-08-18,15.04,15.1,14.6,14.88,5701538
2004-08-19,15.04,15.55,14.93,15.49,18212746
2004-08-20,15.43,15.71,15.27,15.38,12636368
2004-08-23,15.6,15.99,15.55,15.77,14869670
2004-08-24,15.77,15.77,15.77,15.77,0
2004-08-25,15.77,15.77,15.77,15.77,0
2004-08-26,16.1,16.33,16.05,16.21,21384776
2004-08-27,16.21,16.49,16.1,16.21,14130174
2004-08-30,16.33,16.72,16.21,16.6,19497049
2004-08-31,16.66,17.22,16.6,16.6,36703424
2004-09-01,16.83,17.22,16.72,17.22,25435557
2004-09-02,17.38,17.5,17.11,17.38,26378254303
2004-09-03,17.38,17.55,16.66,16.83,21992310
2004-09-06,16.72,16.99,16.55,16.88,13092848
2004-09-07,16.99,17.11,16.72,17.11,12769041
2004-09-08,17.22,17.94,17.22,17.66,46281446
2004-09-09,17.83,17.94,17.38,17.66,19198255
2004-09-10,17.61,17.77,17.05,17.16,22122512
2004-09-13,17.44,17.5,17.16,17.44,19352864
2004-09-14,17.61,17.72,17.16,17.16,20134997
2004-09-15,17.11,17.27,16.66,16.72,14737970159
2004-09-16,16.6,16.99,16.6,16.88,8512355
2004-09-17,16.99,17.38,16.83,17.16,18568533
2004-09-20,17.38,18.0,17.27,17.89,42867737
2004-09-21,17.94,18.05,17.61,17.83,20618503
2004-09-22,17.83,18.0,17.72,17.77,17491813
2004-09-23,17.55,17.77,17.38,17.44,12718842
2004-09-24,17.5,17.94,17.33,17.72,24519259
2004-09-27,17.72,17.83,17.5,17.83,10587726
2004-09-28,17.83,17.83,17.83,17.83,0
2004-09-29,17.83,17.89,16.88,16.99,16512698
2004-09-30,17.16,17.27,16.99,16.99,10068436
2004-10-01,17.16,18.16,17.16,18.16,46891541
2004-10-04,18.67,19.11,18.44,18.78,70150409
2004-10-05,18.83,19.22,18.67,19.22,33807324
2004-10-06,19.33,19.84,18.72,19.11,65751406
2004-10-07,19.28,19.67,18.94,19.61,29215866
2004-10-08,19.56,19.72,19.39,19.56,34188742
2004-10-11,19.56,19.78,19.39,19.78,19000431
2004-10-12,19.78,20.17,19.22,19.33,29617861
2004-10-13,19.5,19.56,18.94,19.0,17418721
2004-10-14,18.55,18.67,17.72,17.72,34206364
2004-10-15,17.72,18.05,17.55,17.66,27242246
2004-10-18,17.72,17.83,17.33,17.38,11293076
2004-10-19,17.5,17.55,16.49,16.94,26963757
2004-10-20,16.72,17.05,16.6,16.77,11796333
2004-10-21,16.77,17.11,16.72,16.72,14701657863
2004-10-22,16.83,16.94,15.94,16.27,15154943
2004-10-25,16.27,16.27,16.27,16.27,0
2004-10-26,15.99,16.55,15.99,16.49,12529869
2004-10-27,16.72,16.99,16.49,16.77,18283916
2004-10-28,17.16,17.16,16.6,16.88,15779541
2004-10-29,16.44,16.66,15.71,16.1,17480699
2004-11-01,16.38,16.77,16.1,16.27,15457141
2004-11-02,16.55,16.77,16.21,16.77,8335865
2004-11-03,16.72,16.99,16.55,16.77,11681019
2004-11-04,16.83,17.05,16.55,16.66,14057748
2004-11-05,16.99,17.38,16.83,17.22,25101868
2004-11-08,17.44,17.44,17.16,17.38,15039020
2004-11-09,17.44,17.5,17.05,17.16,6827379
2004-11-10,16.99,16.99,16.33,16.77,21342845
2004-11-11,16.72,16.88,16.6,16.6,6397000
2004-11-12,16.72,16.77,16.38,16.49,12550425
2004-11-15,16.55,16.66,16.16,16.21,7878337
2004-11-16,16.16,16.27,15.99,16.27,11878707
2004-11-17,16.21,16.66,16.1,16.6,14183303
2004-11-18,16.66,16.99,16.6,16.72,20229524
2004-11-19,16.72,16.83,16.44,16.49,6568026
2004-11-22,16.27,16.49,16.16,16.16,8066879
2004-11-23,16.27,16.38,16.16,16.16,6184733
2004-11-24,16.27,16.6,16.27,16.44,11429479
2004-11-25,16.66,16.72,16.33,16.38,8050927
2004-11-26,16.55,16.6,16.05,16.05,9704798
2004-11-29,16.1,16.21,15.99,16.05,10934298
2004-11-30,15.99,16.16,15.94,16.16,10096767
2004-12-01,16.16,16.44,15.99,16.21,8226495
2004-12-02,16.44,16.44,16.1,16.33,10725060
2004-12-03,16.33,16.38,16.16,16.38,5446593
2004-12-06,16.33,16.49,16.27,16.44,7388609
2004-12-07,16.44,16.66,16.38,16.6,9308754
2004-12-08,16.6,16.66,16.49,16.6,11882578
2004-12-09,16.6,16.66,16.49,16.6,7652246
2004-12-10,16.6,16.72,16.55,16.72,10646240
2004-12-13,16.72,16.99,16.44,16.72,9345176
2004-12-14,16.72,16.72,16.49,16.55,2987924
2004-12-15,16.55,16.88,16.49,16.77,7340973
2004-12-16,16.77,16.88,16.6,16.77,7374867
2004-12-17,16.77,16.83,16.66,16.83,2890642
2004-12-20,16.44,16.66,16.44,16.49,3561548
2004-12-21,16.6,16.94,16.55,16.83,7969048
2004-12-22,16.94,16.99,16.83,16.88,8724200
2004-12-23,16.88,16.94,16.66,16.72,4759763
2004-12-24,16.72,16.88,16.72,16.83,2552181
2004-12-27,16.83,16.88,16.6,16.66,2278534
2004-12-28,16.66,16.77,16.66,16.66,2343590
2004-12-29,16.88,17.44,16.83,17.33,28423999
2004-12-30,17.44,17.5,16.94,17.11,16894460965
2004-12-31,16.99,17.11,16.6,17.05,16280434
2005-01-03,17.16,17.33,17.05,17.05,11521734
2005-01-04,17.05,17.22,16.94,16.94,6041973
2005-01-05,16.88,16.99,16.77,16.88,4814822
2005-01-06,16.94,16.94,16.77,16.83,4542913
2005-01-07,16.83,16.83,16.44,16.49,10097351
2005-01-10,16.49,16.6,16.33,16.55,5611959
2005-01-11,16.55,16.66,16.55,16.55,4039738
2005-01-12,16.55,16.66,16.21,16.27,5952510
2005-01-13,16.27,16.49,16.21,16.27,4616894
2005-01-14,16.21,16.44,16.16,16.44,4025461
2005-01-17,16.6,16.72,16.38,16.49,4755432
2005-01-18,16.44,16.55,16.27,16.27,4679931
2005-01-19,16.27,16.38,15.99,16.05,8850481
2005-01-20,15.88,16.05,15.77,15.82,7806527
2005-01-21,15.71,15.88,15.32,15.6,10952774
2005-01-24,15.6,15.6,15.32,15.32,6053926411
2005-01-25,15.32,15.6,15.27,15.55,6555755027
2005-01-26,15.66,15.71,15.49,15.66,3673472
2005-01-27,15.66,15.71,15.6,15.66,2267561
2005-01-28,15.77,16.05,15.66,15.88,5827586
2005-01-31,16.05,16.38,15.88,16.16,7264143
2005-02-01,16.38,16.38,16.16,16.16,5580241
2005-02-02,16.16,16.33,15.94,16.05,8411286
2005-02-03,16.05,16.21,16.05,16.1,2880552
2005-02-04,16.1,16.1,16.1,16.1,0
2005-02-07,16.1,16.1,16.1,16.1,0
2005-02-08,16.1,16.1,16.1,16.1,0
2005-02-09,16.1,16.1,16.1,16.1,0
2005-02-10,16.1,16.1,16.1,16.1,0
2005-02-11,16.1,16.1,16.1,16.1,0
2005-02-14,16.38,16.44,16.27,16.38,6601645
2005-02-15,16.44,16.55,16.38,16.44,6989451
2005-02-16,16.55,16.77,16.49,16.6,8521693
2005-02-17,16.6,16.66,16.27,16.27,4611014
2005-02-18,16.27,16.44,16.27,16.38,3306363
2005-02-21,16.38,16.88,16.38,16.55,11319407
2005-02-22,16.66,16.66,16.44,16.44,6284566
2005-02-23,16.44,16.77,16.38,16.6,7692976
2005-02-24,16.66,16.83,16.6,16.66,10476852
2005-02-25,16.83,17.33,16.72,17.05,36836387
2005-02-28,17.05,17.05,17.05,17.05,0
2005-03-01,17.27,18.22,17.27,18.11,59408201
2005-03-02,18.22,18.39,17.8,17.83,32197882
2005-03-03,17.86,18.16,17.66,17.97,16770153
2005-03-04,18.0,18.14,17.83,17.83,11678285
2005-03-07,18.05,18.61,18.05,18.5,27414677
2005-03-08,18.55,18.58,17.86,18.16,17826138
2005-03-09,18.05,18.39,17.89,18.28,7212986
2005-03-10,18.28,18.28,17.83,17.94,8346087
2005-03-11,18.11,18.11,17.72,17.72,9431637
2005-03-14,17.72,17.89,17.55,17.61,9973796
2005-03-15,17.61,17.66,17.05,17.36,11719538
2005-03-16,17.16,17.38,17.11,17.27,7594412600
2005-03-17,17.27,17.5,17.16,17.5,6143225
2005-03-18,17.5,17.55,17.27,17.55,4167060
2005-03-21,17.55,17.63,17.36,17.44,4415461
2005-03-22,17.63,17.63,17.27,17.27,5625769
2005-03-23,17.5,17.55,17.16,17.44,5405774
2005-03-24,17.44,17.72,17.44,17.5,5455175
2005-03-25,17.5,17.72,17.38,17.72,4366257
2005-03-28,17.83,17.89,17.47,17.5,3896926
2005-03-29,17.5,17.58,17.27,17.3,4345240
2005-03-30,17.16,17.3,16.83,16.88,9583247
2005-03-31,17.16,17.16,16.91,16.99,4538030
2005-04-01,16.99,17.24,16.97,17.22,3166801
2005-04-04,17.44,17.61,17.33,17.41,8838123
2005-04-05,17.41,17.41,17.41,17.41,0
2005-04-06,17.38,17.38,17.08,17.24,6544292
2005-04-07,17.24,17.41,17.16,17.19,4601844
2005-04-08,17.22,17.91,17.22,17.75,17233597
2005-04-11,17.83,18.08,17.63,17.63,9412578
2005-04-12,17.72,17.8,17.63,17.66,3856693
2005-04-13,17.77,17.97,17.72,17.75,5077409
2005-04-14,17.72,17.94,17.69,17.77,4946936
2005-04-15,17.77,17.8,16.99,17.8,12557096
2005-04-18,17.38,17.44,17.11,17.16,6548786757
2005-04-19,17.5,17.66,17.27,17.5,3801132
2005-04-20,17.72,17.77,17.24,17.27,3190257
2005-04-21,17.05,17.41,17.05,17.27,5834387
2005-04-22,17.41,17.75,17.3,17.55,7887933
2005-04-25,17.72,17.89,17.55,17.66,7402714
2005-04-26,17.83,17.86,17.61,17.66,3264058
2005-04-27,17.66,17.69,17.3,17.44,3202514
2005-04-28,17.36,17.41,17.05,17.41,5316233
2005-04-29,17.19,17.3,17.05,17.11,3737150300
2005-05-02,17.11,17.11,17.11,17.11,0
2005-05-03,17.27,17.44,17.19,17.24,2719851
2005-05-04,17.24,17.27,17.02,17.16,2903825
2005-05-05,17.27,17.83,17.22,17.69,7948791
2005-05-06,17.77,17.89,17.63,17.72,6677321
2005-05-09,17.83,17.89,17.66,17.77,6330520
2005-05-10,17.77,17.77,17.61,17.61,3220421
2005-05-11,17.44,17.55,17.44,17.47,2269091
2005-05-12,17.47,17.5,17.36,17.47,2773017
2005-05-13,17.38,17.58,17.05,17.41,9238585
2005-05-16,17.05,17.05,16.21,16.21,23758498
2005-05-17,16.1,16.21,15.96,16.02,12258599
2005-05-18,16.05,16.13,15.91,16.02,5299419
2005-05-19,16.13,16.21,15.99,16.13,7960181
2005-05-20,16.07,16.44,16.02,16.05,7592638
2005-05-23,16.19,16.19,15.99,16.1,2941453
2005-05-24,16.19,16.33,16.1,16.16,4115942
2005-05-25,16.16,16.27,15.99,16.02,4566682
2005-05-26,16.02,16.07,15.63,15.77,7941295
2005-05-27,15.77,15.82,15.71,15.74,4104774
2005-05-30,15.8,15.8,15.35,15.49,9379305
2005-05-31,15.32,15.57,15.32,15.41,5062118
2005-06-01,15.41,15.68,15.38,15.66,5165672
2005-06-02,15.88,16.13,15.71,16.1,10068396
2005-06-03,16.16,16.3,15.99,16.21,6857874
2005-06-06,15.82,15.94,15.55,15.88,11296300
2005-06-07,15.88,15.94,15.74,15.82,3260615
2005-06-08,15.77,16.05,15.77,15.94,6172760
2005-06-09,15.94,15.99,15.77,15.8,4628038
2005-06-10,15.82,15.91,15.63,15.66,5833377
2005-06-13,15.63,15.77,15.6,15.74,3288799
2005-06-14,15.77,16.1,15.77,15.94,7118756
2005-06-15,15.94,16.05,15.94,16.02,5285049
2005-06-16,16.27,16.27,15.82,15.99,4872206
2005-06-17,16.05,16.1,15.96,16.05,4226552
2005-06-20,16.16,16.24,16.1,16.19,4431283
2005-06-21,16.19,16.46,16.13,16.24,6538108
2005-06-22,16.38,16.46,16.19,16.38,6588032
2005-06-23,16.6,16.69,16.44,16.44,9207722
2005-06-24,16.44,16.44,16.27,16.33,4629332
2005-06-27,16.16,16.24,16.07,16.16,4453598
2005-06-28,16.16,16.21,16.02,16.07,3961446
2005-06-29,16.16,16.33,15.82,15.82,7467884
2005-06-30,15.88,15.91,15.71,15.74,3808907
2005-07-01,15.74,15.91,15.68,15.88,2229584
2005-07-04,15.88,15.88,15.63,15.71,2740377
2005-07-05,15.71,15.74,15.55,15.6,5841097
2005-07-06,15.6,15.6,15.32,15.38,9253997
2005-07-07,15.38,15.38,14.93,14.99,9621948
2005-07-08,14.99,14.99,14.77,14.82,8480740
2005-07-11,14.88,14.96,14.77,14.93,5703801
2005-07-12,15.18,15.41,15.07,15.38,8032763
2005-07-13,15.49,15.52,15.24,15.41,3854409
2005-07-14,15.52,15.52,15.32,15.38,4932813
2005-07-15,15.43,15.57,15.43,15.49,3262926
2005-07-18,15.49,15.49,15.49,15.49,0
2005-07-19,15.49,15.57,15.38,15.41,3230032
2005-07-20,15.41,15.57,15.27,15.55,6763744
2005-07-21,15.43,15.66,15.43,15.6,4208955413
2005-07-22,15.6,15.6,15.46,15.52,2295206908
2005-07-25,15.52,15.66,15.46,15.6,3446758701
2005-07-26,15.71,15.71,15.46,15.66,4075612
2005-07-27,15.71,15.74,15.43,15.43,5540737
2005-07-28,15.43,15.55,15.1,15.18,6817047
2005-07-29,15.16,15.16,14.54,14.54,15454191
2005-08-01,14.51,14.71,14.43,14.65,7582294
2005-08-02,14.77,15.1,14.65,15.04,6386642
2005-08-03,15.1,15.18,14.99,15.02,5875838
2005-08-04,15.27,15.6,15.07,15.43,10869486327
2005-08-05,15.43,15.43,15.43,15.43,0
2005-08-08,15.41,15.57,15.29,15.38,4505650
2005-08-09,15.49,15.66,15.41,15.41,5949878
2005-08-10,15.6,15.6,15.29,15.41,4575918492
2005-08-11,15.52,15.52,15.32,15.32,2372007
2005-08-12,15.38,15.6,15.38,15.38,5091052
2005-08-15,15.55,15.55,15.16,15.16,4034137
2005-08-16,15.21,15.27,15.02,15.04,3427113
2005-08-17,15.04,15.16,14.85,14.88,5475204
2005-08-18,14.88,15.02,14.88,14.88,3304330
2005-08-19,14.96,15.07,14.88,14.93,4655181
2005-08-22,14.99,15.18,14.96,15.04,5272202
2005-08-23,15.1,15.29,15.1,15.21,7672577
2005-08-24,15.24,15.32,15.16,15.27,15731767
2005-08-25,15.36,15.36,14.71,14.74,14590063
2005-08-26,14.74,14.8,14.43,14.61,7119380
2005-08-29,14.61,14.68,14.27,14.3,4817904
2005-08-30,14.3,14.46,14.27,14.39,4922464
2005-08-31,14.27,14.33,13.99,14.02,4694241
2005-09-01,14.02,14.02,14.02,14.02,0
2005-09-02,14.08,14.58,14.08,14.46,5872030
2005-09-05,14.46,14.46,14.3,14.46,1717814
2005-09-06,14.52,14.55,14.39,14.49,1740944
2005-09-07,14.55,14.58,14.39,14.43,1617672
2005-09-08,14.43,14.71,14.39,14.43,5661540
2005-09-09,14.61,14.61,14.39,14.43,2794142
2005-09-12,14.49,14.52,14.33,14.36,3361998
2005-09-13,14.46,14.46,14.33,14.36,1859340
2005-09-14,14.36,14.55,14.3,14.3,3922851
2005-09-15,14.3,14.33,13.96,14.02,5009328
2005-09-16,14.02,14.08,13.86,13.89,3588402
2005-09-19,13.92,13.99,13.8,13.86,3275927
2005-09-20,13.83,13.92,13.67,13.86,4748347
2005-09-21,13.86,14.08,13.86,13.92,4139312
2005-09-22,13.8,13.89,13.42,13.49,7705655
2005-09-23,13.36,13.42,13.02,13.08,8080475
2005-09-26,13.14,13.27,12.55,12.77,6833617
2005-09-27,12.77,12.83,12.61,12.77,3601370
2005-09-28,12.77,12.83,12.58,12.61,2306603
2005-09-29,12.71,12.87,12.68,12.74,5656316
2005-09-30,12.87,13.31,12.87,13.25,7856058
2005-10-03,13.25,13.31,13.0,13.09,3907430
2005-10-04,13.12,13.22,12.9,12.9,5699254
2005-10-05,12.96,13.06,12.87,13.03,4285175
2005-10-06,13.0,13.12,12.96,13.09,4483622
2005-10-07,13.09,13.09,13.03,13.03,3060259
2005-10-10,12.92,12.92,12.92,12.92,0
2005-10-11,13.09,13.09,12.74,12.74,7439436
2005-10-12,12.74,12.96,12.74,12.77,7829367
2005-10-13,12.77,12.81,12.46,12.55,8498400
2005-10-14,12.55,12.81,12.55,12.62,6001567
2005-10-17,12.74,12.77,12.36,12.36,5436399
2005-10-18,12.49,12.55,12.36,12.4,3243619
2005-10-19,12.36,12.36,12.11,12.14,3845923
2005-10-20,12.14,12.33,11.83,12.14,5184569
2005-10-21,12.05,12.21,11.92,12.14,2525845
2005-10-24,12.3,12.49,12.18,12.43,5226347
2005-10-25,12.62,12.68,12.46,12.52,3955591
2005-10-26,12.59,12.59,12.3,12.3,4851503
2005-10-27,12.24,12.36,12.02,12.11,3595834
2005-10-28,11.99,12.08,11.54,11.58,10626191
2005-10-31,11.73,12.14,11.73,12.05,7692427
2005-11-01,12.11,12.27,12.08,12.08,6256298
2005-11-02,12.14,12.52,12.11,12.52,6317225
2005-11-03,12.52,12.62,12.24,12.27,4960591
2005-11-04,12.36,12.43,12.21,12.36,3377658
2005-11-07,12.36,12.46,12.27,12.3,2619266
2005-11-08,12.33,12.33,11.89,11.92,5589006
2005-11-09,11.92,12.24,11.92,12.24,4261965
2005-11-10,12.3,12.74,12.3,12.59,10001258
2005-11-11,12.71,12.87,12.62,12.87,7339632
2005-11-14,12.93,13.12,12.84,12.9,5706798
2005-11-15,12.9,13.0,12.62,12.65,4120383
2005-11-16,12.62,12.81,12.59,12.62,4973937
2005-11-17,12.62,12.71,12.43,12.46,3519240
2005-11-18,12.49,12.65,12.49,12.59,5940060
2005-11-21,12.62,12.74,12.59,12.59,4029864
2005-11-22,12.59,12.74,12.59,12.59,3916714
2005-11-23,12.62,12.81,12.62,12.71,4309546
2005-11-24,12.74,12.77,12.62,12.65,5070259
2005-11-25,12.65,12.87,12.62,12.74,4500450
2005-11-28,12.74,12.87,12.71,12.81,6284731
2005-11-29,12.81,12.87,12.81,12.81,4732551
2005-11-30,12.87,13.34,12.87,13.28,16205914
2005-12-01,13.25,13.34,13.03,13.06,8313299
2005-12-02,13.12,13.72,13.12,13.37,13768267
2005-12-05,13.47,13.82,13.44,13.44,13423596
2005-12-06,13.44,13.44,13.15,13.22,6327089
2005-12-07,13.25,13.28,13.15,13.25,5754378
2005-12-08,13.25,13.31,13.06,13.12,5002369
2005-12-09,13.0,13.06,12.81,12.93,5607574
2005-12-12,12.9,12.9,12.68,12.84,3491388
2005-12-13,12.81,12.96,12.74,12.81,4490585
2005-12-14,12.81,12.93,12.71,12.71,3736255
2005-12-15,12.74,12.77,12.65,12.68,3343423
2005-12-16,12.68,12.87,12.68,12.84,3774552
2005-12-19,12.93,13.72,12.87,13.66,16733945
2005-12-20,13.69,13.94,13.37,13.37,14190111
2005-12-21,13.5,13.66,13.44,13.47,6956665
2005-12-22,13.46,13.46,13.08,13.17,6594041927
2005-12-23,13.28,13.56,13.12,13.41,7903059
2005-12-26,13.3,13.36,13.14,13.14,6215618252
2005-12-27,13.25,13.34,13.15,13.22,4585167
2005-12-28,13.25,13.28,13.12,13.22,4853244
2005-12-29,13.31,13.47,13.22,13.34,7994159
2005-12-30,13.41,13.5,13.28,13.47,9542857
2006-01-02,12.81,12.96,12.65,12.68,13003492
2006-01-03,12.68,12.9,12.68,12.84,5436399
2006-01-04,12.9,12.93,12.68,12.71,6620698
2006-01-05,12.65,12.9,12.65,12.77,6168100
2006-01-06,12.77,12.84,12.68,12.68,6523215
2006-01-09,12.68,12.9,12.68,12.74,6928232
2006-01-10,12.77,12.87,12.74,12.77,4031604
2006-01-11,12.77,12.87,12.77,12.84,5235631
2006-01-12,12.93,13.15,12.87,12.93,10883244
2006-01-13,13.03,13.03,12.81,12.81,5217063
2006-01-16,12.81,12.9,12.77,12.81,3774552
2006-01-17,12.87,12.87,12.74,12.74,3208224
2006-01-18,12.68,12.68,12.4,12.4,8646945
2006-01-19,12.4,12.55,12.33,12.52,3021382
2006-01-20,12.52,12.55,12.4,12.43,2524104
2006-01-23,12.24,12.27,12.11,12.18,4376855
2006-01-24,12.18,12.3,12.18,12.21,3641093
2006-01-25,12.21,12.27,12.21,12.27,3493709
2006-02-03,12.27,12.68,12.27,12.43,4596191
2006-02-06,12.49,13.03,12.49,13.0,10487510
2006-02-07,13.0,13.06,12.84,12.96,8347534
2006-02-08,13.12,13.37,12.93,12.93,11028307
2006-02-09,13.12,13.12,12.87,12.87,7545623
2006-02-10,12.87,13.06,12.87,13.0,4337398
2006-02-13,13.0,13.12,13.0,13.09,6978134
2006-02-14,13.12,13.18,12.93,13.06,6797095
2006-02-15,13.0,13.0,12.74,12.74,7253175
2006-02-16,12.81,12.9,12.71,12.81,7116235
2006-02-17,12.93,13.09,12.87,12.87,7197470
2006-02-20,13.0,13.06,12.9,13.03,6560932
2006-02-21,13.06,13.09,12.9,12.93,3659662
2006-02-22,12.87,12.87,12.62,12.71,4545709
2006-02-23,12.68,12.71,12.62,12.62,3729872
2006-02-24,12.62,12.71,12.49,12.71,3777453
2006-02-27,12.62,12.71,12.55,12.59,2638995
2006-03-01,12.59,12.65,12.49,12.62,4353065
2006-03-02,12.65,12.68,12.59,12.59,2672649
2006-03-03,12.59,12.59,12.33,12.36,6054950
2006-03-06,12.36,12.46,12.3,12.36,2398189
2006-03-07,12.3,12.52,12.3,12.33,2913455
2006-03-08,12.33,12.46,12.3,12.33,2124890
2006-03-09,12.43,12.62,12.43,12.43,2774194
2006-03-10,12.43,12.55,12.4,12.46,1730317
2006-03-13,12.52,12.55,12.46,12.46,1224335
2006-03-14,12.49,12.49,12.3,12.33,2563562
2006-03-15,12.4,12.43,12.27,12.3,3223891
2006-03-16,12.3,12.36,12.27,12.3,2887924
2006-03-17,12.3,12.33,12.21,12.3,4082086
2006-03-20,12.3,12.33,12.27,12.27,1588155
2006-03-21,12.27,12.3,12.21,12.21,3180372
2006-03-22,12.21,12.27,12.18,12.18,1952554
2006-03-23,12.18,12.24,12.02,12.02,3742058
2006-03-24,12.02,12.21,12.02,12.05,3310349
2006-03-27,12.18,12.4,12.18,12.33,4700637
2006-03-28,12.36,12.36,12.24,12.27,2009419
2006-03-29,12.24,12.43,12.24,12.3,2045975
2006-03-30,12.43,12.49,12.33,12.49,5213001
2006-03-31,12.52,12.55,12.43,12.49,3350966
2006-04-03,12.49,12.81,12.46,12.65,7651809
2006-04-04,12.71,12.77,12.62,12.62,4837577
2006-04-06,12.68,12.74,12.65,12.71,3141495
2006-04-07,12.71,12.77,12.65,12.77,3817491
2006-04-10,12.77,13.0,12.71,12.87,8892972
2006-04-11,12.87,13.0,12.77,12.87,3323694
2006-04-12,12.84,13.06,12.81,12.96,5973714
2006-04-13,13.06,13.18,13.0,13.03,6306200
2006-04-14,13.03,13.18,13.03,13.18,7908862
2006-04-17,13.25,13.56,13.25,13.5,13291298
2006-04-18,13.5,13.5,13.06,13.18,6871948
2006-04-19,13.25,13.31,13.0,13.03,4860207
2006-04-20,13.0,13.15,13.0,13.15,4084988
2006-04-21,13.22,13.25,12.93,12.93,5663859
2006-04-24,12.93,13.18,12.87,13.12,5557092
2006-04-25,13.18,13.5,13.12,13.31,10261792
2006-04-26,13.34,13.44,13.12,13.25,5857083
2006-04-27,13.31,13.5,13.25,13.25,10860033
2006-04-28,13.31,13.41,13.0,13.18,6112395
2006-05-02,13.06,13.44,13.06,13.31,9270138
2006-05-03,13.18,13.28,13.0,13.0,12169087
2006-05-04,13.0,13.03,12.87,13.03,9075752
2006-05-05,13.03,13.85,13.03,13.5,34994538
2006-05-08,13.78,13.88,13.63,13.69,23218864
2006-05-09,13.88,13.97,13.44,13.75,19079331
2006-05-10,13.75,14.13,13.59,13.72,22313667
2006-05-11,13.75,13.82,13.47,13.5,7330929
2006-05-12,13.47,13.85,13.44,13.53,10489251
2006-05-15,13.56,13.63,13.44,13.47,7357620
2006-05-16,13.47,13.69,13.06,13.06,9233582
2006-05-17,13.0,13.12,12.87,12.87,7098827
2006-05-18,12.7,12.7,12.52,12.58,10594684992
2006-05-19,12.64,12.83,12.52,12.61,6620946565
2006-05-22,12.77,12.87,12.62,12.62,3854047
2006-05-23,12.62,12.71,12.59,12.59,4516697
2006-05-24,12.65,12.74,12.62,12.68,2784058
2006-05-25,12.68,12.9,12.68,12.68,5610475
2006-05-26,12.9,12.9,12.71,12.71,3193137
2006-05-29,12.77,12.77,12.58,12.61,2391027
2006-05-30,12.87,12.87,12.68,12.71,2372078
2006-06-01,12.65,12.74,12.62,12.62,2372658
2006-06-02,12.71,12.87,12.65,12.74,4948406
2006-06-05,12.77,12.84,12.36,12.43,5655735
2006-06-06,12.4,12.55,12.3,12.43,5316287
2006-06-07,12.49,12.52,12.36,12.4,2198582
2006-06-08,12.36,12.4,11.8,11.89,9696044
2006-06-09,11.95,12.14,11.89,12.08,4780132
2006-06-12,11.99,12.08,11.86,11.99,2712687
2006-06-13,11.92,12.08,11.8,11.92,3169927
2006-06-14,11.99,12.65,11.99,12.4,6859182
2006-06-15,12.43,12.52,12.24,12.24,3306287
2006-06-16,12.43,12.52,12.4,12.46,2929122
2006-06-19,12.49,12.77,12.46,12.55,6192470
2006-06-20,12.62,12.71,12.3,12.3,6591685
2006-06-21,12.49,12.49,12.05,12.05,4982641
2006-06-22,12.18,12.36,12.14,12.18,2766651
2006-06-23,12.18,12.4,12.08,12.36,2510759
2006-06-26,12.33,12.49,12.3,12.43,2482906
2006-06-27,12.43,12.59,12.36,12.55,2991209
2006-06-28,12.49,12.77,12.46,12.71,5333114
2006-06-29,12.87,12.9,12.74,12.77,4369312
2006-06-30,12.93,12.93,12.74,12.81,5128865
2006-07-03,12.87,12.96,12.81,12.93,4654217
2006-07-04,13.03,13.15,12.93,12.93,5344719
2006-07-05,12.93,12.93,12.65,12.68,2864714
2006-07-06,12.65,12.68,12.59,12.65,2553117
2006-07-07,12.65,12.74,12.62,12.62,1570747
2006-07-10,12.55,12.71,12.52,12.55,2172471
2006-07-11,12.62,12.68,12.55,12.55,1325300
2006-07-12,12.59,12.71,12.55,12.59,1692020
2006-07-13,12.55,12.71,12.49,12.55,2228175
2006-07-14,12.49,12.49,12.24,12.27,6191310
2006-07-17,12.18,12.21,11.95,11.99,5653414
2006-07-18,11.99,12.14,11.99,12.02,6576018
2006-07-19,12.08,12.33,12.08,12.11,3548253
2006-07-20,12.43,12.43,12.24,12.27,3204162
2006-07-21,12.27,12.36,12.27,12.3,4360608
2006-07-24,12.18,12.43,12.18,12.3,1671711
2006-07-25,12.43,12.49,12.36,12.49,1932245
2006-07-26,12.39,12.49,12.24,12.42,2624398352
2006-07-27,12.49,12.52,12.36,12.49,4162072050
2006-07-28,12.59,12.62,12.49,12.55,2396449
2006-07-31,12.55,12.55,12.43,12.43,2413276
2006-08-01,12.43,12.52,12.43,12.49,1094359
2006-08-02,12.55,12.62,12.43,12.49,2203804
2006-08-03,12.62,12.74,12.52,12.62,5506610
2006-08-04,12.77,12.87,12.68,12.68,7712736
2006-08-07,12.68,12.68,12.49,12.52,4006653
2006-08-08,12.52,12.65,12.52,12.62,2230496
2006-08-09,12.65,12.74,12.59,12.65,2080210
2006-08-10,12.65,12.71,12.52,12.55,2966838
2006-08-11,12.55,12.62,12.52,12.52,2495092
2006-08-14,12.59,12.71,12.55,12.65,3197779
2006-08-15,12.68,12.71,12.62,12.65,2160285
2006-08-16,12.61,12.64,12.58,12.61,6867184896
2006-08-17,12.71,12.74,12.62,12.65,4926936
2006-08-18,12.68,12.71,12.65,12.71,4199298
2006-08-21,12.71,12.71,12.46,12.46,8123
2006-08-22,12.49,12.55,12.46,12.49,6382
2006-08-23,12.49,12.52,12.3,12.4,13201358
2006-08-24,12.47,12.5,12.32,12.4,6383374
2006-08-25,12.43,12.5,12.4,12.4,3165865
2006-08-28,12.4,12.4,12.14,12.18,3295842
2006-08-29,12.22,12.25,12.11,12.11,3021382
2006-08-30,12.11,12.32,12.07,12.22,7615833
2006-08-31,12.22,12.25,11.96,11.96,7222421
2006-09-01,11.93,11.93,11.6,11.64,8778662
2006-09-04,11.64,11.71,11.6,11.67,4505672
2006-09-05,11.71,11.75,11.67,11.71,2008839
2006-09-06,11.71,11.75,11.64,11.67,2456795
2006-09-07,11.64,11.71,11.6,11.67,1522586
2006-09-08,11.58,11.65,11.54,11.58,1452864
2006-09-11,11.71,11.85,11.67,11.75,3407251
2006-09-12,11.75,11.78,11.67,11.75,2138816
2006-09-13,11.69,11.76,11.62,11.72,3490618941
2006-09-14,11.85,11.89,11.64,11.64,3409572
2006-09-15,11.64,11.75,11.6,11.71,2480005
2006-09-18,11.85,12.07,11.78,12.0,4499289
2006-09-19,12.0,12.14,11.93,12.03,2919838
2006-09-20,12.07,12.07,11.89,12.03,2918677
2006-09-21,12.03,12.11,11.89,11.96,3346324
2006-09-22,11.96,12.07,11.93,12.0,2297225
2006-09-25,12.0,12.25,12.0,12.25,3433362
2006-09-26,12.29,12.36,12.18,12.25,3337621
2006-09-27,12.36,12.47,12.29,12.43,4303163
2006-09-28,12.5,12.5,12.14,12.29,3909751
2006-09-29,12.32,12.36,12.22,12.29,1071729
2006-10-02,12.36,12.47,12.36,12.43,1996073
2006-10-03,12.4,12.43,12.29,12.32,1920060
2006-10-04,12.4,12.43,12.14,12.14,2666847
2006-10-05,12.29,12.4,12.18,12.36,2257768
2006-10-09,12.26,12.26,12.26,12.26,0
2006-10-11,12.36,12.58,12.36,12.54,2768391
2006-10-12,12.58,12.65,12.54,12.54,2956394
2006-10-13,12.58,12.69,12.58,12.65,3142075
2006-10-16,12.94,13.15,12.87,12.9,8179260
2006-10-17,12.9,12.9,12.5,12.54,3652698
2006-10-18,12.5,12.61,12.36,12.61,2574006
2006-10-19,12.65,12.72,12.47,12.47,2063383
2006-10-20,12.47,12.58,12.43,12.43,3375337
2006-10-23,12.47,12.69,12.43,12.69,3065481
2006-10-24,12.79,12.87,12.61,12.65,2380201
2006-10-25,12.69,12.76,12.65,12.65,2866454
2006-10-26,12.55,12.66,12.37,12.41,2872391371
2006-10-27,12.5,12.58,12.29,12.32,4545129
2006-10-30,12.29,12.4,12.14,12.14,4134309
2006-10-31,12.22,12.29,12.14,12.25,1900331
2006-11-01,12.22,12.22,12.03,12.07,3534907
2006-11-02,12.07,12.18,12.0,12.14,2312892
2006-11-03,12.07,12.29,12.07,12.18,5892479
2006-11-06,12.03,12.22,11.96,12.11,4165063
2006-11-07,11.93,12.0,11.78,11.82,13682969
2006-11-08,11.75,11.78,11.53,11.64,10880923
2006-11-09,11.64,11.85,11.6,11.75,6123420
2006-11-10,11.75,11.75,11.64,11.71,3082309
2006-11-13,11.71,11.71,11.6,11.67,3258706
2006-11-14,11.67,11.78,11.64,11.67,5904664
2006-11-15,11.67,11.82,11.64,11.78,4803922
2006-11-16,11.85,11.93,11.71,11.85,6367127
2006-11-17,11.93,11.96,11.85,11.96,5062135
2006-11-20,11.93,11.96,11.85,11.93,2903010
2006-11-21,11.93,11.93,11.82,11.89,2728934
2006-11-22,11.89,11.93,11.82,11.85,3396226
2006-11-23,11.85,12.0,11.78,12.0,3772811
2006-11-24,12.0,12.14,11.96,12.11,3908590
2006-11-27,12.11,12.76,12.11,12.65,14914268
2006-11-28,12.61,12.87,12.5,12.69,9018307
2006-11-29,12.72,12.83,12.54,12.58,6196532
2006-11-30,12.65,12.87,12.61,12.65,7928590
2006-12-01,12.65,12.9,12.65,12.83,8137482
2006-12-04,12.87,12.94,12.79,12.94,4775490
2006-12-05,13.01,13.08,12.69,12.72,6766341
2006-12-06,12.72,12.9,12.72,12.9,3254064
2006-12-07,12.9,12.97,12.76,12.87,3898146
2006-12-08,12.87,12.94,12.76,12.94,4324633
2006-12-11,12.87,12.9,12.72,12.76,2326238
2006-12-12,12.65,12.72,12.29,12.61,5251879
2006-12-13,12.58,12.61,12.36,12.61,2692378
2006-12-14,12.61,12.79,12.54,12.76,3802404
2006-12-15,12.87,12.87,12.76,12.87,4031604
2006-12-18,12.87,12.94,12.72,12.9,4085568
2006-12-19,12.9,13.01,12.72,13.01,5405066
2006-12-20,13.08,13.08,12.94,13.05,4463894
2006-12-21,13.05,13.08,12.87,12.97,4391942
2006-12-22,12.97,13.01,12.83,12.9,2576327
2006-12-25,12.9,13.01,12.79,13.01,2074988
2006-12-26,13.01,13.05,12.9,12.9,2097618
2006-12-27,12.94,13.01,12.9,12.9,3026604
2006-12-28,12.94,12.97,12.87,12.87,1423363
2006-12-29,12.94,13.59,12.87,13.59,4143013
2007-01-02,13.52,13.73,13.19,13.19,9080394
2007-01-03,13.19,13.34,13.19,13.19,4156359
2007-01-04,13.19,13.3,12.97,13.01,3196039
2007-01-05,13.01,13.08,12.76,12.83,3673588
2007-01-08,12.83,12.83,12.65,12.69,2974962
2007-01-09,12.69,12.79,12.69,12.72,2390066
2007-01-10,12.72,12.72,12.43,12.5,3338201
2007-01-11,12.5,12.72,12.43,12.47,2688316
2007-01-12,12.58,12.72,12.54,12.69,1893949
2007-01-15,12.76,12.79,12.65,12.69,1576550
2007-01-16,12.69,12.72,12.54,12.61,2821194
2007-01-17,12.76,13.05,12.76,13.01,9253890
2007-01-18,13.01,13.01,12.79,12.83,4203940
2007-01-19,12.83,12.97,12.83,12.83,2188718
2007-01-22,12.87,12.97,12.79,12.79,2413276
2007-01-23,12.79,12.97,12.79,12.79,2199742
2007-01-24,12.83,12.94,12.76,12.87,3677649
2007-01-25,12.87,12.9,12.76,12.76,1327040
2007-01-26,12.72,12.87,12.65,12.69,2269373
2007-01-29,12.65,12.72,12.54,12.61,2165507
2007-01-30,12.65,12.76,12.61,12.61,1877701
2007-01-31,12.5,12.61,12.47,12.5,2880380
2007-02-01,12.5,12.61,12.43,12.43,2059321
2007-02-02,12.43,12.61,12.43,12.47,2640155
2007-02-05,12.61,13.34,12.54,13.34,23443422
2007-02-06,14.24,14.24,14.24,14.24,39447408
2007-02-07,15.18,15.21,14.93,15.07,117307631
2007-02-08,15.14,15.43,15.11,15.32,36105145
2007-02-09,15.4,15.9,15.14,15.68,37334703
2007-02-12,15.68,15.68,15.11,15.21,13703858
2007-02-13,15.21,15.61,15.21,15.32,16685784
2007-02-14,15.47,15.79,15.36,15.76,11208766
2007-02-26,16.12,16.52,15.76,15.94,15830489
2007-02-27,15.94,16.44,15.94,16.26,11822675
2007-03-01,15.54,15.94,15.54,15.83,11401991
2007-03-02,15.7,15.99,15.63,15.78,6502799306
2007-03-05,15.14,15.18,14.46,14.93,12656500
2007-03-06,14.93,14.93,14.67,14.85,7977332
2007-03-07,14.85,15.87,14.85,15.87,15181185
2007-03-08,16.01,16.77,15.97,16.62,26904057
2007-03-09,16.77,16.88,16.48,16.7,10655784
2007-03-12,16.7,16.77,16.34,16.48,7525894
2007-03-13,16.62,17.09,16.62,16.73,18390570
2007-03-14,16.48,16.7,16.34,16.48,10470103
2007-03-15,16.62,16.77,16.52,16.62,4466795
2007-03-16,16.62,16.77,16.41,16.7,4979739
2007-03-19,16.55,16.62,16.05,16.19,7967467
2007-03-20,16.26,16.55,16.12,16.37,8775181
2007-03-21,16.55,16.55,16.3,16.3,4712823
2007-03-22,16.52,16.88,16.44,16.7,10721933
2007-03-23,16.81,16.81,16.55,16.59,4242817
2007-03-26,16.62,17.13,16.62,16.95,9882886
2007-03-27,17.06,17.24,16.77,16.84,14443102
2007-03-28,16.84,17.02,16.73,16.88,3384621
2007-03-29,16.77,16.77,16.44,16.52,6134445
2007-03-30,16.62,16.84,16.41,16.48,3698539
2007-04-02,16.48,16.66,16.26,16.37,4861368
2007-04-03,16.62,17.2,16.44,17.02,13501350
2007-04-04,17.24,18.0,17.17,17.93,20568263
2007-04-09,18.07,18.29,17.49,17.93,8617352
2007-04-10,18.07,18.76,18.0,18.58,18271038
2007-04-11,18.79,18.79,18.29,18.5,6767502
2007-04-12,18.43,18.58,18.18,18.29,4791737
2007-04-13,18.29,18.4,17.93,17.96,4984381
2007-04-16,18.4,18.5,18.07,18.21,2877479
2007-04-17,18.4,18.43,17.64,17.64,4937961
2007-04-18,17.64,17.85,17.27,17.35,5066197
2007-04-19,17.35,17.64,16.88,17.27,7337311
2007-04-20,17.13,17.2,17.06,17.09,5011073
2007-04-23,17.35,17.64,17.24,17.42,4702378
2007-04-24,17.42,17.53,17.02,17.17,4277052
2007-04-25,17.13,17.13,16.59,16.66,8884849
2007-04-26,16.7,16.81,16.26,16.62,6614315
2007-04-27,16.59,16.59,16.23,16.3,7339052
2007-04-30,16.3,16.3,15.72,15.83,6596327
2007-05-02,15.76,15.76,15.47,15.54,5791515
2007-05-03,15.54,15.68,14.82,15.18,10154445
2007-05-04,15.21,15.76,15.21,15.5,7775403
2007-05-07,15.72,16.55,15.61,16.48,7660513
2007-05-08,16.48,16.55,16.26,16.34,2960455
2007-05-09,16.34,16.34,16.08,16.12,2650020
2007-05-10,16.12,16.23,15.76,15.87,4792317
2007-05-11,15.76,16.12,15.54,15.87,4114581
2007-05-14,15.65,15.87,15.18,15.4,7766699
2007-05-15,15.25,15.4,15.18,15.36,5327312
2007-05-16,15.36,15.36,15.25,15.25,4522499
2007-05-17,15.29,16.12,15.29,16.05,6652612
2007-05-18,16.05,16.19,15.68,16.19,6056691
2007-05-21,16.34,16.77,16.34,16.77,14254519
2007-05-22,16.99,17.42,16.99,17.42,15376731
2007-05-23,17.71,17.71,17.2,17.42,9773798
2007-05-24,16.99,17.27,16.7,16.99,4773749
2007-05-25,16.73,16.99,16.59,16.81,3296423
2007-05-28,16.81,16.84,16.62,16.84,4798700
2007-05-29,16.84,16.91,16.59,16.77,2054679
2007-05-30,16.77,16.84,16.37,16.77,4511474
2007-05-31,16.91,16.91,16.52,16.59,2817133
2007-06-01,16.59,16.95,16.41,16.88,6421671
2007-06-04,16.91,17.27,16.91,17.24,7743489
2007-06-05,17.24,17.24,16.91,16.99,4169125
2007-06-06,16.99,17.46,16.99,17.2,7825305
2007-06-07,17.2,17.31,16.99,17.24,2174792
2007-06-08,16.99,17.06,16.7,16.91,3464696
2007-06-11,17.2,17.42,17.09,17.27,7151630
2007-06-12,17.35,17.38,16.88,16.95,6014332
2007-06-13,16.84,16.84,16.59,16.7,6195372
2007-06-14,16.77,16.91,16.34,16.48,5146272
2007-06-15,16.48,16.55,16.37,16.55,3281916
2007-06-20,16.66,17.2,16.62,17.09,7893195
2007-06-21,17.27,17.42,16.88,17.35,8566289
2007-06-22,17.46,17.56,17.35,17.46,9802230
2007-06-25,17.27,17.42,16.88,17.27,6150112
2007-06-26,17.06,17.13,16.62,16.66,9007863
2007-06-27,16.66,16.91,16.66,16.77,4749959
2007-06-28,17.06,17.93,17.06,17.93,22981540
2007-06-29,18.14,18.72,17.85,18.43,25433693
2007-07-02,18.43,18.5,17.57,18.0,6755471493
2007-07-03,18.25,18.43,17.74,18.14,10543215
2007-07-04,18.58,18.58,17.93,18.11,7921047
2007-07-05,18.36,18.36,17.82,17.85,8290669
2007-07-06,17.85,18.29,17.67,18.14,8780403
2007-07-09,18.58,19.41,18.58,19.41,27816796
2007-07-10,19.7,20.24,19.7,19.73,20311211
2007-07-11,20.02,20.02,19.7,19.8,11900429
2007-07-12,19.8,19.88,19.73,19.88,7999381
2007-07-13,20.02,20.56,19.8,19.95,12756304
2007-07-16,20.09,20.09,19.44,19.59,4761564
2007-07-17,19.52,19.59,19.15,19.44,5897121
2007-07-18,19.88,19.95,19.41,19.52,11773934
2007-07-19,19.41,19.52,18.68,19.08,8211754
2007-07-20,19.08,19.3,18.87,19.08,5045888
2007-07-23,18.79,19.0,18.57,18.93,6470045127
2007-07-24,19.08,19.19,18.72,19.01,6512770
2007-07-25,18.94,18.94,18.5,18.72,7768440
2007-07-26,18.94,18.97,18.21,18.21,5087086
2007-07-27,18.0,18.0,16.95,16.95,15116197
2007-07-30,16.62,17.49,16.01,17.35,15170741
2007-07-31,17.35,17.96,17.24,17.53,14392040
2007-08-01,17.78,18.58,17.49,17.78,20845625
2007-08-02,18.58,18.58,17.78,18.07,8362620
2007-08-03,18.76,19.33,18.32,18.87,26394014
2007-08-06,18.5,18.72,18.11,18.29,6820305
2007-08-07,18.5,18.61,17.78,18.07,9644401
2007-08-08,18.07,18.29,17.89,18.03,7658192
2007-08-09,18.07,18.58,18.0,18.21,9405917
2007-08-10,17.67,18.0,17.6,17.85,6172161
2007-08-13,17.85,18.36,17.64,17.71,3664304
2007-08-14,17.71,17.78,17.17,17.35,4152297
2007-08-15,16.99,17.2,16.15,16.41,12538128
2007-08-16,16.08,16.41,15.29,15.5,9973986
2007-08-17,15.61,15.79,14.6,14.75,9483671
2007-08-20,15.68,15.68,15.18,15.36,7274644
2007-08-21,15.4,15.4,14.6,14.78,9342089
2007-08-22,14.82,15.03,14.67,14.78,5204298
2007-08-23,14.96,15.43,14.96,15.4,8837848
2007-08-24,15.47,15.76,15.18,15.76,4715144
2007-08-27,15.97,16.26,15.83,15.87,4932159
2007-08-28,15.9,16.15,15.68,15.72,3395646
2007-08-29,15.36,15.72,15.25,15.72,4104716
2007-08-30,15.9,16.81,15.9,16.81,8485054
2007-08-31,16.88,16.91,16.48,16.84,7889713
2007-09-03,16.91,16.91,16.48,16.52,3540129
2007-09-04,16.66,17.64,16.52,17.35,9127395
2007-09-05,17.64,18.03,17.2,17.53,9716933
2007-09-06,17.53,18.29,17.35,18.25,10721353
2007-09-07,18.36,18.87,18.21,18.58,15589684
2007-09-10,17.96,18.14,17.46,17.53,12899733589
2007-09-11,17.71,18.07,17.49,18.0,6100790
2007-09-12,18.07,18.18,17.67,17.85,2972061
2007-09-13,17.96,17.96,17.27,17.35,6736749
2007-09-14,17.42,17.49,17.06,17.24,5428856
2007-09-17,17.17,17.74,16.99,17.13,6569635
2007-09-18,16.99,16.99,16.99,16.99,0
2007-09-19,17.64,18.07,17.38,17.78,7683143
2007-09-20,18.0,18.5,17.85,18.07,6148951
2007-09-21,18.07,18.94,17.93,18.4,11276076
2007-09-26,18.79,19.5,18.5,19.5,19726561239
2007-09-27,19.88,19.95,18.94,19.12,12686673
2007-09-28,19.36,19.91,18.81,19.36,18116423
2007-10-01,19.66,20.65,19.62,20.54,27668259
2007-10-02,21.39,21.94,21.13,21.94,31472184
2007-10-03,22.05,22.9,21.2,21.54,49877010
2007-10-04,21.54,21.76,20.36,20.58,16037159
2007-10-05,20.58,21.46,20.36,20.87,25804289
2007-10-08,21.32,21.87,21.09,21.68,15173102
2007-10-09,21.94,21.94,20.5,21.02,13151403
2007-10-11,21.24,21.57,20.8,21.17,18433033
2007-10-12,21.17,22.27,21.09,21.28,23222479
2007-10-15,21.46,21.87,20.91,21.2,10057835
2007-10-16,21.09,22.68,20.5,21.24,12214237
2007-10-17,21.24,21.65,20.65,20.8,6915337
2007-10-18,20.87,21.09,20.36,20.8,8657268
2007-10-19,20.8,21.09,20.54,20.58,3934598
2007-10-22,19.55,19.84,19.14,19.25,10263344
2007-10-23,19.62,19.69,18.96,19.21,12191787
2007-10-24,19.47,19.99,19.29,19.36,7619363
2007-10-25,19.62,19.69,19.25,19.47,5188949
2007-10-26,19.77,19.91,19.47,19.69,4217245
2007-10-29,20.02,20.95,20.02,20.95,13069660
2007-10-30,21.02,21.09,20.14,20.25,6631540
2007-10-31,20.5,20.73,18.84,19.51,15220881
2007-11-01,19.47,19.51,18.44,18.84,8098883
2007-11-02,18.29,18.51,18.07,18.33,13713817
2007-11-05,18.33,18.99,18.33,18.96,9348053
2007-11-06,19.18,19.62,18.77,19.25,7708014
2007-11-07,19.55,20.36,19.55,19.73,14002220
2007-11-08,19.47,19.66,18.59,18.59,9116065
2007-11-09,18.88,19.03,18.07,18.81,7506535
2007-11-12,18.29,18.66,18.18,18.44,4920694
2007-11-13,18.81,19.21,18.59,19.03,5684012
2007-11-14,19.62,20.36,19.55,20.02,11845818
2007-11-15,19.77,20.28,19.69,19.73,7399463
2007-11-16,19.36,19.62,19.18,19.36,4941418
2007-11-19,19.55,20.02,19.43,19.69,5315593
2007-11-20,19.18,19.4,18.59,18.96,8260066
2007-11-21,18.73,19.4,18.22,18.33,7732767
2007-11-22,18.14,18.77,18.0,18.59,6542313
2007-11-23,18.73,18.88,17.7,18.14,7308509
2007-11-26,18.29,18.7,17.89,18.7,5120447
2007-11-27,18.29,18.73,17.89,18.18,4195370
2007-11-28,18.44,18.59,17.85,17.85,3967411
2007-11-29,18.44,18.77,18.25,18.37,7417308
2007-11-30,18.37,18.88,18.37,18.51,8188685
2007-12-03,18.66,18.96,18.55,18.55,3955897
2007-12-04,18.55,18.66,18.44,18.44,2219723
2007-12-05,18.55,18.84,18.44,18.73,3225967
2007-12-06,18.96,19.14,18.73,18.92,3458532
2007-12-07,18.96,19.1,18.73,18.99,2398752
2007-12-10,18.99,19.43,18.7,18.73,5270117
2007-12-11,19.03,19.03,18.62,18.81,2037817
2007-12-12,18.59,18.66,18.0,18.29,4939115
2007-12-13,18.44,18.55,17.33,17.48,5682861
2007-12-14,17.48,17.48,16.74,16.89,17789451
2007-12-17,16.82,16.89,15.82,16.3,5140594
2007-12-18,15.64,16.3,15.27,15.89,4741090
2007-12-19,15.97,17.0,15.93,16.82,4282294
2007-12-20,16.45,16.74,16.08,16.12,2190365
2007-12-21,16.19,16.78,16.0,16.0,3331888
2007-12-24,16.6,16.63,16.23,16.3,1311916
2007-12-25,16.45,16.82,16.08,16.6,4110173
2007-12-26,16.67,17.33,16.63,17.15,4816501
2007-12-27,17.26,18.29,17.19,18.07,6012711
2007-12-28,18.0,18.55,17.7,18.29,4626535
2007-12-31,18.37,18.99,18.29,18.51,4439447
2008-01-02,18.44,18.7,17.78,17.78,5506135
2008-01-03,17.33,17.55,17.11,17.19,7731040
2008-01-04,16.96,17.44,16.96,17.37,8876017
2008-01-07,16.82,16.89,16.37,16.37,7620514
2008-01-08,16.45,17.11,16.45,17.07,14533549
2008-01-09,16.67,17.66,16.45,17.63,8683748
2008-01-10,18.07,18.51,17.78,18.37,12380026
2008-01-11,18.44,18.44,17.55,17.66,8656692
2008-01-14,18.44,18.44,17.41,17.55,12424927
2008-01-15,17.7,18.77,17.41,18.29,16357799
2008-01-16,18.0,18.0,17.04,17.11,12479614
2008-01-17,17.26,17.3,16.3,16.78,8787942
2008-01-18,16.3,16.96,16.23,16.85,3310589
2008-01-21,16.96,17.3,16.6,16.82,6853742
2008-01-22,15.71,16.23,15.67,15.67,6223976
2008-01-23,15.71,16.08,15.08,15.49,4790021
2008-01-24,15.93,16.08,15.12,15.49,3859763
2008-01-25,15.49,15.49,15.08,15.41,6872739
2008-01-28,15.12,15.3,14.97,15.01,3068814
2008-01-29,15.01,15.19,14.79,15.16,4293807
2008-01-30,15.3,15.64,15.16,15.41,6472083
2008-01-31,15.41,15.86,14.9,15.01,7445515
2008-02-01,15.08,15.3,14.68,14.75,20377594
2008-02-12,14.75,14.97,14.49,14.53,7235401
2008-02-13,14.6,14.75,14.05,14.09,9741801
2008-02-14,14.27,14.64,14.27,14.6,13025910
2008-02-15,14.49,14.97,14.38,14.75,6555553
2008-02-18,15.01,15.49,14.71,15.27,12460617
2008-02-19,15.45,15.78,15.34,15.34,9986454
2008-02-20,15.3,15.3,14.82,14.82,7302177
2008-02-21,14.9,15.05,14.82,15.01,5185495
2008-02-22,14.9,14.9,14.57,14.75,10712930
2008-02-25,14.9,15.23,14.82,15.12,17807872
2008-02-26,15.19,15.3,14.82,14.86,11619586
2008-02-27,14.94,15.08,14.82,15.05,13908964
2008-02-29,15.12,15.6,15.12,15.41,15038398
2008-03-03,15.12,15.38,15.08,15.19,12715057
2008-03-04,15.34,15.71,15.34,15.64,14962412
2008-03-05,15.78,16.37,15.71,16.37,26356342
2008-03-06,16.6,16.63,15.93,16.0,12712178
2008-03-07,15.86,16.34,15.64,15.67,12293678
2008-03-10,15.86,15.86,15.23,15.23,9427494
2008-03-11,14.79,15.34,14.79,15.3,5919455
2008-03-12,15.67,15.67,15.3,15.3,6495110
2008-03-13,15.3,15.34,14.97,15.05,3622018
2008-03-14,15.16,15.23,14.94,14.97,3502857
2008-03-17,15.27,15.71,15.08,15.56,11662760
2008-03-18,15.67,16.15,15.6,16.0,12448529
2008-03-19,16.23,16.67,16.04,16.48,24676006
2008-03-20,16.48,17.33,16.45,17.33,22167880
2008-03-21,17.48,17.52,16.89,16.96,18025470
2008-03-24,18.14,18.14,17.41,17.7,20223894
2008-03-25,17.7,17.81,17.41,17.44,9809728
2008-03-26,17.44,17.55,16.96,17.48,13240629
2008-03-27,17.41,17.55,17.11,17.33,10600102
2008-03-28,17.41,18.14,17.33,17.92,11426166
2008-03-31,17.78,17.85,17.55,17.66,5793387
2008-04-01,17.66,17.81,16.96,17.0,6845107
2008-04-02,17.41,17.41,17.0,17.11,4162557
2008-04-03,17.19,17.26,17.0,17.19,2752204
2008-04-07,17.33,17.81,17.3,17.63,8637696
2008-04-08,17.55,17.66,17.37,17.48,6204404
2008-04-09,17.55,18.55,17.48,18.37,21346421
2008-04-10,18.51,18.51,18.18,18.22,11727234
2008-04-11,18.37,18.73,18.22,18.44,9140818
2008-04-14,18.44,18.77,18.37,18.59,12678790
2008-04-15,18.81,18.81,18.03,18.37,5922909
2008-04-16,18.29,18.44,18.11,18.44,7433426
2008-04-17,18.44,18.51,17.89,17.92,8394194
2008-04-18,18.0,18.37,17.85,17.96,8125939
2008-04-21,18.07,18.22,17.85,17.85,5511892
2008-04-22,17.85,17.89,17.33,17.48,10068773
2008-04-23,17.44,17.7,17.37,17.41,8780458
2008-04-24,17.48,17.63,17.26,17.26,7629149
2008-04-25,17.48,17.59,17.22,17.3,7458180
2008-04-28,17.48,17.55,17.33,17.52,4126291
2008-04-29,17.52,17.52,16.96,16.96,5348406
2008-04-30,17.0,17.44,16.82,17.44,4741090
2008-05-02,17.55,17.55,16.82,17.04,7874953
2008-05-05,17.04,17.3,16.96,17.11,6527346
2008-05-06,17.26,17.41,16.93,17.04,7036225
2008-05-07,17.11,17.55,17.07,17.41,6843956
2008-05-08,17.3,17.37,17.15,17.3,2767746
2008-05-09,17.55,17.55,17.33,17.33,3687642
2008-05-12,17.48,17.48,17.26,17.33,3000311
2008-05-13,17.48,17.55,17.37,17.52,3908694
2008-05-14,17.52,17.55,17.33,17.41,2782138
2008-05-15,17.63,18.14,17.55,18.03,11878055
2008-05-16,18.25,18.37,17.85,17.85,8427006
2008-05-19,18.07,18.14,17.81,18.11,6052431
2008-05-20,18.14,18.55,17.85,17.92,16865526
2008-05-21,17.92,18.14,17.78,18.0,5555066
2008-05-22,17.89,18.59,17.66,18.48,18640844
2008-05-23,18.51,18.84,18.0,18.0,12875664
2008-05-26,18.18,18.37,18.0,18.11,9007842
2008-05-27,18.29,18.37,18.0,18.0,6715585
2008-05-28,18.07,18.14,17.44,17.44,4331224
2008-05-29,17.63,17.74,16.82,16.96,9765979
2008-05-30,17.26,17.26,16.74,17.15,5376037
2008-06-02,17.3,17.55,17.15,17.55,3239208
2008-06-03,17.41,17.52,17.15,17.26,1604924
2008-06-04,17.26,17.48,17.26,17.33,1579596
2008-06-05,17.41,17.48,16.89,17.41,3527610
2008-06-06,17.48,17.52,17.33,17.37,2583537
2008-06-09,16.89,17.15,16.89,17.04,2171944
2008-06-10,17.33,17.33,16.85,16.85,3902362
2008-06-11,16.85,16.93,16.37,16.41,4026127
2008-06-12,16.37,16.45,16.0,16.3,5794538
2008-06-13,16.3,16.45,15.97,15.97,2373999
2008-06-16,16.26,16.41,16.12,16.3,1453527
2008-06-17,16.3,16.45,15.82,16.45,2640527
2008-06-18,16.6,16.67,16.3,16.52,1980251
2008-06-19,16.23,16.45,16.08,16.15,2011336
2008-06-20,16.15,16.37,15.49,15.49,4303593
2008-06-23,15.12,15.41,15.05,15.3,3992739
2008-06-24,15.19,15.49,15.08,15.12,3745784
2008-06-25,15.19,15.41,14.94,15.27,4486651
2008-06-26,15.34,15.56,15.27,15.38,2566843
2008-06-27,14.9,15.01,14.71,14.75,3290441
2008-06-30,14.9,14.97,14.71,14.75,2440199
2008-07-01,14.9,14.97,14.01,14.42,5524556
2008-07-02,14.46,14.6,14.38,14.42,1809282
2008-07-03,14.09,14.57,13.94,14.53,4796353
2008-07-04,14.6,14.6,14.35,14.35,2125892
2008-07-07,14.23,14.53,14.2,14.46,1401718
2008-07-08,14.53,14.53,13.64,13.94,4286899
2008-07-09,14.01,14.31,13.28,13.64,4295534
2008-07-10,13.31,13.61,12.83,13.28,7878407
2008-07-11,13.35,14.2,13.31,14.2,4988622
2008-07-14,14.23,14.35,13.87,13.94,3328434
2008-07-15,13.94,13.98,13.2,13.28,4199399
2008-07-16,13.35,13.5,13.13,13.2,4285747
2008-07-17,13.79,13.87,13.57,13.87,3008946
2008-07-18,14.09,14.09,13.31,13.35,4069877
2008-07-21,13.76,14.01,13.64,14.01,2444229
2008-07-22,13.87,13.94,13.42,13.57,5092815
2008-07-23,13.87,14.49,13.87,14.49,6696013
2008-07-24,14.9,15.16,14.68,14.79,12294253
2008-07-25,14.42,14.82,14.42,14.75,4363461
2008-07-28,14.75,14.75,14.75,14.75,0
2008-07-29,14.46,14.46,13.9,13.9,5770360
2008-07-30,14.42,14.46,14.23,14.27,3854582
2008-07-31,14.27,14.46,13.98,14.12,3502282
2008-08-01,14.01,14.16,13.79,13.83,3544304
2008-08-04,13.72,14.01,13.64,13.79,1892176
2008-08-05,14.31,14.31,13.46,13.53,5033523
2008-08-06,14.16,14.16,13.61,13.83,4839527
2008-08-07,13.87,13.98,13.68,13.79,2309468
2008-08-08,13.72,14.09,13.64,13.94,2735510
2008-08-11,14.16,14.16,13.76,13.83,4830317
2008-08-12,13.83,13.94,13.42,13.5,6410488
2008-08-13,13.5,13.72,13.42,13.61,7536469
2008-08-14,13.72,13.79,13.57,13.64,7124300
2008-08-15,13.79,13.94,13.53,13.53,5579819
2008-08-18,13.57,13.64,13.13,13.13,4897093
2008-08-19,12.98,13.2,12.91,13.09,3800471
2008-08-20,12.98,13.2,12.83,13.09,5205068
2008-08-21,12.94,13.05,12.61,12.65,12854941
2008-08-22,12.65,12.83,12.35,12.54,7215829
2008-08-25,12.61,13.09,12.61,13.02,5919455
2008-08-26,12.98,13.2,12.76,13.17,4380155
2008-08-27,13.24,13.31,13.13,13.17,6293630
2008-08-28,13.17,13.35,13.09,13.28,9672723
2008-08-29,13.31,13.4,13.23,13.23,10533099
2008-09-01,13.23,13.23,12.8,12.84,4450937
2008-09-02,12.84,13.01,12.63,12.63,3649716
2008-09-03,12.71,12.8,11.98,12.03,5558830
2008-09-04,11.81,12.03,11.42,11.47,6299345
2008-09-05,11.0,11.38,11.0,11.12,3518883
2008-09-08,11.6,11.9,11.42,11.9,4374007
2008-09-09,11.9,11.9,11.12,11.34,2998691
2008-09-10,11.17,11.68,11.17,11.51,3377583
2008-09-11,11.6,11.64,11.04,11.17,3301700
2008-09-12,11.25,11.38,10.82,11.25,2602005
2008-09-15,11.0,11.0,10.48,10.57,5854512
2008-09-16,9.96,10.14,9.84,9.84,5932489
2008-09-17,10.22,10.52,9.79,10.05,7593544
2008-09-18,9.41,9.58,9.36,9.45,7381595
2008-09-19,10.01,10.09,9.84,10.09,8598341
2008-09-22,10.27,10.57,9.92,10.39,10715218
2008-09-23,10.05,10.31,9.79,10.22,8289052
2008-09-24,10.05,10.39,9.96,10.22,6910073
2008-09-25,10.22,10.22,9.96,9.96,3629829
2008-09-26,10.05,10.09,9.49,9.49,4725686
2008-09-29,9.49,9.49,9.49,9.49,0
2008-09-30,8.85,9.36,8.85,9.36,5651983
2008-10-01,9.36,9.45,9.02,9.23,6902746
2008-10-02,9.15,9.45,9.11,9.23,3298560
2008-10-03,9.11,9.53,9.06,9.45,4381857
2008-10-06,9.28,9.28,8.89,8.93,3683732
2008-10-07,8.76,9.28,8.68,9.02,2540252
2008-10-08,8.76,8.85,8.42,8.42,4366157
2008-10-09,8.25,8.59,7.84,7.84,7645877
2008-10-13,7.58,7.65,7.58,7.6,9624072
2008-10-14,8.07,8.13,7.94,7.99,9841254
2008-10-15,7.9,7.95,7.71,7.71,4711032
2008-10-16,7.45,7.59,7.45,7.45,10437329
2008-10-17,7.45,7.48,7.19,7.19,7723330
2008-10-20,7.04,7.06,6.94,7.0,5953946
2008-10-21,7.13,7.31,7.02,7.22,8503618
2008-10-22,7.1,7.21,6.97,7.0,4937112
2008-10-23,6.76,6.79,6.76,6.78,6644220
2008-10-24,6.55,6.65,6.55,6.55,3872132
2008-10-27,6.1,6.48,6.09,6.11,8413605
2008-10-28,5.84,6.49,5.72,6.4,11406016
2008-10-29,6.85,6.85,6.79,6.85,13482074
2008-10-30,7.13,7.32,7.1,7.32,9967377
2008-10-31,7.83,7.83,7.65,7.83,10765982
2008-11-03,8.37,8.37,8.25,8.37,14622937
2008-11-04,8.93,8.93,8.93,8.93,23842474
2008-11-05,9.19,9.28,8.42,8.59,39413165
2008-11-06,7.99,9.02,7.99,8.8,29488700
2008-11-07,8.33,9.41,8.33,9.41,27169294
2008-11-10,9.41,10.01,9.15,9.66,30857213
2008-11-11,9.36,9.62,9.11,9.11,19700826
2008-11-12,9.36,9.41,9.02,9.28,12296204
2008-11-13,8.68,9.45,8.68,9.32,13599300
2008-11-14,9.79,9.79,9.32,9.41,16412732
2008-11-17,9.36,9.88,9.36,9.62,12067508
2008-11-18,9.45,9.58,9.02,9.11,11209767
2008-11-19,9.19,9.32,8.76,8.89,7088006067
2008-11-20,8.57,9.11,8.57,8.76,8269689299
2008-11-21,8.98,9.19,8.63,9.15,9213779889
2008-11-24,9.11,9.53,9.02,9.32,9704141
2008-11-25,9.58,9.71,9.28,9.28,11478236
2008-11-26,9.28,9.66,9.19,9.45,9048930
2008-11-27,9.49,10.05,9.28,10.05,19074921
2008-11-28,10.05,10.44,9.88,10.05,18377319
2008-12-01,10.05,10.69,10.01,10.39,20112164
2008-12-02,9.96,10.22,9.71,9.75,17280416
2008-12-03,9.92,10.14,9.45,9.62,14818140
2008-12-04,9.62,9.75,8.98,8.98,19367987
2008-12-05,8.35,8.68,8.35,8.35,24599735
2008-12-08,8.35,8.93,8.29,8.93,22316961
2008-12-09,9.02,9.32,9.02,9.15,18801218
2008-12-10,9.15,9.75,9.11,9.75,23802177
2008-12-11,9.75,10.01,9.36,9.36,17598078
2008-12-12,9.32,9.71,8.85,9.36,19749495
2008-12-15,10.01,10.01,9.45,9.53,22330568
2008-12-16,9.45,9.62,9.28,9.28,10554555
2008-12-17,9.45,9.53,9.19,9.28,14165545
2008-12-18,9.41,9.66,9.19,9.49,8204796
2008-12-19,9.41,9.41,9.41,9.41,11382466919
2008-12-22,9.58,9.62,9.02,9.02,8392148
2008-12-23,8.98,9.02,8.55,8.63,8971477
2008-12-24,8.5,8.93,8.46,8.85,6831050
2008-12-25,8.85,8.93,8.72,8.72,3734495
2008-12-26,8.72,8.85,8.63,8.76,3172960
2008-12-29,8.76,8.76,8.57,8.59,3410030
2008-12-30,8.63,8.93,8.63,8.85,4794766
2008-12-31,8.85,8.93,8.63,8.68,4454077
2009-01-02,8.68,8.68,8.68,8.68,0
2009-01-05,8.76,8.93,8.76,8.76,5752986
2009-01-06,8.89,9.36,8.76,9.32,19649539
2009-01-07,9.45,9.58,9.19,9.19,12811162
2009-01-08,8.93,8.93,8.59,8.59,11734145
2009-01-09,8.59,8.85,8.59,8.72,5343217
2009-01-12,8.68,8.76,8.59,8.59,5450500
2009-01-13,8.59,8.68,8.5,8.68,3957435
2009-01-14,8.72,8.76,8.63,8.63,3890448
2009-01-15,8.35,8.35,8.12,8.32,9358742
2009-01-16,8.59,8.59,8.23,8.3,5061665
2009-01-19,8.26,8.29,8.14,8.16,3448233311
2009-01-20,8.13,8.13,7.73,7.73,6363191
2009-01-21,7.39,7.81,7.39,7.7,4058438
2009-02-02,7.73,7.77,7.52,7.69,3469689
2009-02-03,7.77,8.1,7.73,7.99,4689053
2009-02-04,8.07,8.2,8.01,8.08,5010902
2009-02-05,8.12,8.42,8.12,8.16,5119231
2009-02-06,8.33,8.38,8.2,8.2,5654600
2009-02-09,8.33,8.38,8.07,8.07,3495333
2009-02-10,8.18,8.3,8.16,8.19,3590056
2009-02-11,8.19,8.19,8.04,8.13,2794591
2009-02-12,8.13,8.14,7.82,7.83,4376623
2009-02-13,7.99,8.07,7.9,8.01,4133274
2009-02-16,8.01,8.07,7.93,7.95,2232010
2009-02-17,7.9,7.95,7.83,7.85,2181770
2009-02-18,7.73,7.85,7.71,7.82,3090274
2009-02-19,7.83,7.96,7.77,7.9,3061491
2009-02-20,7.9,7.99,7.79,7.79,2295333
2009-02-23,7.73,7.83,7.69,7.76,2185956
2009-02-24,7.73,7.77,7.69,7.69,2240906
2009-02-25,7.71,7.81,7.71,7.71,2818665
2009-02-26,7.73,7.79,7.71,7.73,1973484
2009-02-27,7.73,7.79,7.71,7.71,2188050
2009-03-02,7.65,7.71,7.37,7.65,4149497
2009-03-03,7.43,7.59,7.39,7.59,3461316
2009-03-04,7.59,7.71,7.47,7.68,3530919
2009-03-05,7.73,8.04,7.7,7.9,8527168
2009-03-06,7.86,7.99,7.77,7.78,4737199
2009-03-09,7.82,8.16,7.79,8.01,8854250
2009-03-10,8.2,8.33,8.17,8.28,11694372
2009-03-11,8.42,8.5,8.12,8.12,10513212
2009-03-12,8.13,8.3,8.13,8.16,4529960
2009-03-13,8.35,8.36,8.22,8.25,9193893
2009-03-16,8.33,8.54,8.29,8.51,9688441
2009-03-17,8.55,8.8,8.55,8.68,9710421
2009-03-18,8.76,8.76,8.5,8.54,6925249
2009-03-19,8.59,9.02,8.56,8.72,16062099
2009-03-20,8.76,8.89,8.59,8.68,6833143
2009-03-23,8.68,8.93,8.68,8.85,5478760
2009-03-24,9.23,9.45,9.11,9.45,18686085
2009-03-25,9.36,9.84,9.28,9.58,24719054
2009-03-26,9.62,9.84,9.41,9.53,16819361
2009-03-27,9.53,9.79,9.32,9.75,19038811
2009-03-30,9.62,9.62,9.11,9.11,7417705
2009-03-31,9.11,9.41,9.11,9.15,9275533
2009-04-02,9.71,10.05,9.58,9.96,24541122
2009-04-03,10.14,10.44,10.05,10.22,24906407
2009-04-06,10.31,10.61,9.96,10.57,18935191
2009-04-07,10.57,11.0,10.44,10.74,31740597
2009-04-08,10.65,10.91,10.01,10.05,24318182
2009-04-09,10.31,10.44,10.05,10.35,19998601
2009-04-10,10.52,10.52,10.14,10.35,10764412
2009-04-13,10.35,10.69,10.14,10.48,14256081
2009-04-14,10.39,10.61,10.27,10.57,9307456
2009-04-15,10.57,10.78,10.39,10.48,9670125
2009-04-16,10.74,11.21,10.61,11.21,35320710
2009-04-17,11.6,11.68,10.44,10.61,41822061
2009-04-20,10.69,10.91,10.18,10.39,14653814
2009-04-21,10.18,10.65,10.18,10.65,12458437
2009-04-22,10.65,10.78,10.44,10.48,7290012
2009-04-23,10.48,10.91,10.35,10.69,11537896
2009-04-24,10.74,10.91,10.48,10.61,8753771
2009-04-27,10.78,10.78,9.88,9.88,15945920
2009-04-28,9.88,9.88,9.19,9.19,18305623
2009-04-29,9.11,9.49,9.06,9.41,8426688
2009-04-30,9.96,10.05,9.75,10.05,9110160
2009-05-04,10.31,10.74,10.27,10.57,15203312
2009-05-05,10.74,10.95,10.09,10.18,14967813
2009-05-06,10.31,10.69,10.22,10.57,14286435
2009-05-07,10.74,11.04,10.57,10.78,20917572
2009-05-08,10.82,11.0,10.61,10.74,17827821
2009-05-11,10.74,11.17,10.65,11.12,25695068
2009-05-12,10.91,11.04,10.48,10.65,24631658
2009-05-13,10.82,10.82,10.61,10.74,8995027
2009-05-14,10.52,10.65,10.31,10.31,6960836
2009-05-15,10.39,10.61,10.31,10.39,15155165
2009-05-18,10.39,11.08,10.39,11.08,25075443
2009-05-19,11.51,11.51,10.78,10.82,26525596
2009-05-20,10.91,11.04,10.65,10.78,8928564
2009-05-21,10.78,10.91,10.69,10.74,7779850
2009-05-22,10.39,10.74,10.39,10.61,13831659
2009-05-25,11.34,11.34,11.34,11.34,16292365
2009-05-26,12.07,12.11,11.51,11.73,47912597
2009-05-27,12.28,12.54,12.11,12.54,32152459
2009-06-01,12.89,13.14,12.33,12.46,33246223
2009-06-02,12.8,13.06,12.2,12.28,25082247
2009-06-03,12.5,12.63,12.15,12.33,17100913
2009-06-04,12.33,12.5,11.73,11.81,10630962
2009-06-05,11.81,11.9,11.6,11.77,6335454
2009-06-08,12.03,12.15,11.34,11.42,6712777
2009-06-09,11.34,11.6,10.65,10.78,15803574
2009-06-10,10.82,11.0,10.65,10.74,7465851
2009-06-11,10.74,10.95,10.48,10.91,5801133
2009-06-12,10.91,11.04,10.61,10.65,5341124
2009-06-15,10.48,10.57,9.96,10.01,6385171
2009-06-16,10.01,10.22,9.88,10.18,4917749
2009-06-17,10.22,10.35,10.05,10.05,4139554
2009-06-18,10.05,10.18,9.62,9.71,6695507
2009-06-19,9.71,9.88,9.58,9.88,5907369
2009-06-22,9.96,9.96,9.58,9.71,6136065
2009-06-23,9.53,9.71,9.41,9.53,7408285
2009-06-24,9.71,10.05,9.49,9.92,13966156
2009-06-25,9.92,10.14,9.79,10.01,12010988
2009-06-26,10.14,10.18,9.96,10.09,8564325
2009-06-29,10.18,10.22,9.92,10.05,4557173
2009-06-30,10.18,10.22,10.05,10.09,4943392
2009-07-01,10.22,10.27,10.05,10.27,5732053
2009-07-02,10.31,10.52,10.18,10.44,7223549
2009-07-03,10.22,10.31,10.14,10.22,5659310
2009-07-06,10.22,10.69,10.18,10.52,10350979
2009-07-07,10.52,10.52,10.22,10.35,7765720
2009-07-08,10.22,10.27,10.05,10.14,7748450
2009-07-09,10.14,10.44,10.14,10.31,12028258
2009-07-10,10.52,10.57,10.31,10.39,8156649
2009-07-13,10.48,10.52,9.88,9.96,8574791
2009-07-14,10.18,10.35,10.09,10.31,6169035
2009-07-15,10.48,10.82,10.39,10.69,10750805
2009-07-16,11.0,11.0,10.61,10.69,8646488
2009-07-17,10.82,10.87,10.61,10.74,4655559
2009-07-20,10.87,10.91,10.69,10.82,3923941
2009-07-21,10.95,10.95,10.74,10.82,5806366
2009-07-22,10.87,11.17,10.82,11.0,9505799
2009-07-23,11.0,11.04,10.82,10.87,5274138
2009-07-24,11.04,11.42,10.91,11.12,14578454
2009-07-27,11.25,11.3,11.04,11.08,6545834
2009-07-28,11.08,11.34,11.08,11.21,11695419
2009-07-29,11.21,11.34,11.08,11.12,15343042
2009-07-30,11.08,11.08,10.74,10.78,8761097
2009-07-31,10.87,10.95,10.74,10.87,9441952
2009-08-03,10.87,11.3,10.78,11.3,15361358
2009-08-04,11.42,11.77,11.34,11.6,30368421
2009-08-05,11.85,11.94,11.0,11.08,20475357
2009-08-06,11.25,11.25,10.95,11.08,7039859
2009-08-07,11.08,11.08,11.08,11.08,0
2009-08-10,11.08,11.21,10.95,11.17,4501176
2009-08-11,11.21,11.21,10.91,11.0,3661229
2009-08-12,10.91,11.08,10.82,10.87,3877365
2009-08-13,11.0,11.12,10.91,11.04,4102398
2009-08-14,11.04,11.51,11.04,11.25,6744700
2009-08-17,11.25,11.47,11.12,11.25,7702920
2009-08-18,11.12,11.3,11.0,11.0,5145921
2009-08-19,11.12,11.21,11.0,11.0,3580636
2009-08-20,11.12,11.12,10.69,10.87,4821979
2009-08-21,10.91,10.95,10.39,10.48,5642563
2009-08-24,10.61,10.65,10.44,10.52,6589270
2009-08-25,10.61,10.7,10.52,10.61,3291757
2009-08-26,10.61,10.7,10.39,10.44,4881115
2009-08-27,10.44,10.57,10.35,10.44,2479546
2009-08-28,10.52,10.65,10.44,10.65,2771041
2009-08-31,10.61,10.65,10.52,10.65,1916964
2009-09-01,10.39,10.57,10.17,10.57,8267072
2009-09-02,10.44,10.48,10.35,10.48,4151591
2009-09-03,10.48,11.04,10.44,11.0,9567552
2009-09-04,11.09,11.13,10.87,11.09,5233841
2009-09-07,11.18,11.18,11.0,11.04,3722459
2009-09-08,11.04,11.57,11.04,11.52,13954119
2009-09-09,11.65,11.65,11.31,11.31,5339031
2009-09-10,11.65,11.65,11.26,11.31,6061752
2009-09-11,11.31,11.61,11.31,11.44,6411338
2009-09-14,11.52,11.61,11.09,11.26,5030265
2009-09-15,11.13,11.39,11.13,11.31,2267073
2009-09-16,11.44,11.44,11.22,11.31,4327430
2009-09-17,11.44,11.52,11.35,11.39,6275795
2009-09-18,11.39,11.48,11.22,11.44,3578542
2009-09-21,11.44,11.48,11.26,11.35,2405233
2009-09-22,11.44,11.44,11.18,11.18,2865241
2009-09-23,11.26,11.26,10.74,10.91,5545747
2009-09-24,10.83,10.96,10.65,10.7,4070474
2009-09-25,10.52,10.83,10.52,10.65,2908154
2009-09-28,10.61,11.0,10.61,10.83,3283383
2009-09-29,11.0,11.04,10.91,10.96,2576885
2009-09-30,10.96,11.04,10.87,11.0,2107980
2009-10-01,11.0,11.09,10.87,10.91,2648582
2009-10-02,10.65,10.78,10.61,10.61,3952201
2009-10-05,10.57,10.7,10.52,10.57,2268120
2009-10-06,10.61,10.74,10.61,10.7,2954731
2009-10-07,10.83,11.0,10.7,10.87,7964586
2009-10-08,10.91,11.0,10.7,10.7,6258525
2009-10-09,10.83,10.91,10.7,10.74,4199737
2009-10-12,10.83,10.87,10.74,10.78,3492193
2009-10-13,10.61,10.74,10.39,10.74,9550282
2009-10-14,10.74,10.74,10.61,10.7,7571564
2009-10-15,10.74,10.78,10.57,10.57,7419275
2009-10-16,10.7,10.78,10.61,10.78,3762755
2009-10-19,10.78,11.04,10.74,10.96,6251721
2009-10-20,11.04,11.04,10.78,10.87,2860531
2009-10-21,10.96,10.96,10.7,10.7,3547666
2009-10-22,10.61,10.74,10.52,10.52,4682773
2009-10-23,10.57,10.65,10.57,10.61,2369123
2009-10-26,10.65,10.7,10.61,10.61,2870998
2009-10-27,10.61,10.61,10.52,10.52,2518796
2009-10-28,10.52,10.65,10.48,10.48,2900304
2009-10-29,10.44,10.44,10.04,10.17,7827997
2009-10-30,10.35,10.35,10.17,10.17,2050414
2009-11-02,10.0,10.09,9.74,9.78,6396684
2009-11-03,9.78,9.87,9.65,9.65,4103968
2009-11-04,9.7,9.91,9.65,9.91,2501526
2009-11-05,9.91,9.96,9.74,9.74,2193283
2009-11-06,9.87,9.91,9.83,9.83,2058787
2009-11-09,9.96,10.04,9.91,9.96,1755778
2009-11-10,10.09,10.17,10.0,10.17,2024247
2009-11-11,10.17,10.35,10.09,10.31,2915481
2009-11-12,10.31,10.52,10.31,10.31,2945311
2009-11-13,10.26,10.44,10.22,10.22,2133623
2009-11-16,10.26,10.48,10.26,10.48,4118098
2009-11-17,10.61,10.61,10.26,10.31,2535542
2009-11-18,10.31,10.39,10.22,10.31,2884081
2009-11-19,10.35,10.52,10.31,10.31,2967814
2009-11-20,10.35,10.39,10.17,10.22,2121063
2009-11-23,10.22,10.31,10.17,10.22,1417705
2009-11-24,10.22,10.31,10.13,10.17,2015350
2009-11-25,10.17,10.26,10.13,10.13,1855734
2009-11-26,10.13,10.26,10.13,10.13,1826428
2009-11-27,10.0,10.04,9.74,9.74,3481726
2009-11-30,9.83,9.96,9.78,9.87,2151940
2009-12-01,9.87,9.91,9.74,9.91,2647535
2009-12-02,9.91,10.09,9.83,10.04,3360836
2009-12-03,10.04,10.09,9.87,9.87,2212123
2009-12-04,9.87,9.96,9.78,9.78,1725424
2009-12-07,9.78,10.04,9.78,10.04,2306323
2009-12-08,10.04,10.09,9.96,10.04,1838464
2009-12-09,10.0,10.26,9.96,10.22,3800435
2009-12-10,10.22,10.26,9.91,9.91,3528826
2009-12-11,10.09,10.17,10.04,10.17,3061491
2009-12-14,10.26,10.35,10.22,10.22,3579589
2009-12-15,10.22,10.31,10.09,10.13,1382119
2009-12-16,10.17,10.17,10.0,10.09,1882424
2009-12-17,10.09,10.22,10.04,10.04,1797644
2009-12-18,10.04,10.13,10.0,10.09,2035760
2009-12-21,10.13,10.22,10.09,10.22,2358656
2009-12-22,10.22,10.26,10.13,10.22,2007500
2009-12-23,10.22,10.22,10.13,10.17,1664195
2009-12-24,10.17,10.35,10.17,10.22,3917138
2009-12-25,10.26,10.31,10.13,10.17,2690448
2009-12-28,10.17,10.35,10.17,10.31,4585956
2009-12-29,10.39,10.48,10.31,10.48,6282598
2009-12-30,10.52,10.52,10.39,10.48,4486000
2009-12-31,10.48,10.7,10.48,10.57,7789270
2010-01-04,10.57,10.74,10.44,10.65,6759877
2010-01-05,10.74,11.04,10.7,10.87,12289400
2010-01-06,10.96,10.96,10.74,10.91,7896030
2010-01-07,10.96,11.13,10.87,10.91,10819361
2010-01-08,10.91,11.26,10.91,11.09,13087481
2010-01-11,11.04,11.44,11.04,11.44,14536587
2010-01-12,11.48,11.48,11.18,11.31,7259658
2010-01-13,11.18,11.22,10.83,10.87,11674486
2010-01-14,10.87,11.04,10.87,11.0,4019188
2010-01-15,11.09,11.22,11.09,11.18,7503531
2010-01-18,11.0,11.13,10.96,11.09,3293327
2010-01-19,11.18,11.22,10.87,10.87,4043261
2010-01-20,11.09,11.09,10.91,10.96,4113911
2010-01-21,10.96,11.09,10.87,10.91,3438290
2010-01-22,10.74,10.83,10.57,10.61,7563191
2010-01-25,10.52,10.57,10.31,10.31,6369471
2010-01-26,10.31,10.39,9.83,9.83,7709200
2010-01-27,9.83,9.96,9.74,9.78,4330570
2010-01-28,9.83,10.0,9.83,9.91,3292803
2010-01-29,9.83,10.0,9.74,10.0,3201220
2010-02-01,9.96,10.0,9.74,9.74,2514086
2010-02-02,9.83,9.87,9.39,9.44,5841953
2010-02-03,9.57,9.57,9.35,9.39,3262973
2010-02-04,9.48,9.57,9.39,9.52,1675708
2010-02-05,9.39,9.39,9.0,9.17,3885738
2010-02-08,8.96,8.96,8.7,8.83,6012559
2010-02-09,8.7,9.09,8.7,8.87,4086174
2010-02-10,9.04,9.26,9.0,9.26,3223723
2010-02-22,9.48,9.48,9.35,9.48,2564849
2010-02-23,9.44,9.91,9.44,9.91,7416135
2010-02-24,9.91,10.26,9.78,10.0,7610814
2010-02-25,10.04,10.09,9.74,9.78,4830352
2010-02-26,9.78,9.91,9.78,9.83,2082337
2010-03-01,10.0,10.17,9.83,10.0,2855821
2010-03-02,10.09,10.13,10.0,10.04,1495682
2010-03-03,10.04,10.22,10.04,10.17,2314173
2010-03-04,10.17,10.87,10.17,10.57,12266897
2010-03-05,10.83,10.87,10.61,10.7,7522371
2010-03-08,10.87,10.87,10.7,10.87,6725337
2010-03-09,10.87,10.91,10.7,10.74,1955167
2010-03-10,10.74,10.78,10.52,10.52,2246140
2010-03-11,10.52,10.7,10.52,10.52,1891844
2010-03-12,10.57,10.61,10.44,10.52,1349672
2010-03-15,10.52,10.57,10.44,10.44,1875621
2010-03-16,10.52,10.57,10.48,10.57,1512952
2010-03-17,10.65,10.78,10.52,10.74,3235760
2010-03-18,10.74,10.96,10.7,10.74,4694809
2010-03-19,10.87,10.87,10.74,10.83,3802005
2010-03-22,10.83,10.83,10.61,10.7,2107980
2010-03-23,10.78,10.78,10.48,10.57,1943654
2010-03-24,10.7,10.74,10.57,10.61,1525512
2010-03-25,10.61,10.65,10.44,10.57,1809158
2010-03-26,10.44,10.65,10.39,10.52,3170867
2010-03-29,10.52,10.61,10.44,10.52,3845442
2010-03-30,10.44,10.61,10.44,10.61,6106235
2010-03-31,10.44,10.52,10.31,10.35,6376274
2010-04-01,10.17,10.31,10.17,10.26,7117835
2010-04-02,10.31,10.52,10.31,10.52,5364674
2010-04-06,10.04,10.52,10.04,10.52,10279806
2010-04-07,10.52,10.52,10.35,10.44,2541299
2010-04-08,10.35,10.52,10.35,10.44,2713998
2010-04-09,10.44,10.57,10.35,10.52,2563279
2010-04-12,10.52,10.61,10.44,10.52,3797818
2010-04-13,10.52,10.57,10.35,10.39,2951068
2010-04-14,10.44,10.48,10.35,10.39,1688791
2010-04-15,10.48,11.09,10.44,11.0,13690360
2010-04-16,11.13,11.13,10.87,10.96,8380635
2010-04-19,10.87,10.91,10.61,10.61,6788660
2010-04-20,10.74,10.83,10.61,10.65,3524116
2010-04-21,10.65,10.78,10.65,10.7,2213693
2010-04-22,10.7,10.7,10.52,10.7,1878237
2010-04-23,10.78,10.83,10.7,10.74,3059397
2010-04-26,10.87,11.0,10.78,10.96,5929349
2010-04-27,11.0,11.0,10.83,10.83,2261316
2010-04-28,10.52,10.74,10.52,10.65,3699955
2010-04-29,10.65,10.78,10.65,10.74,1737984
2010-04-30,11.0,11.48,10.96,11.22,24826337
2010-05-03,11.26,11.26,11.04,11.09,5530570
2010-05-04,11.22,11.22,10.91,10.91,4102398
2010-05-05,10.61,10.7,10.22,10.26,12548450
2010-05-06,10.13,10.44,9.96,10.0,7122545
2010-05-07,9.83,10.52,9.78,10.44,12105188
2010-05-10,10.57,10.91,10.48,10.87,7741124
2010-05-11,11.04,11.13,10.61,10.61,5936676
2010-05-12,10.78,11.35,10.78,11.09,12046574
2010-05-13,11.35,11.35,11.13,11.13,9130046
2010-05-14,11.13,11.61,11.13,11.52,14885126
2010-05-17,11.48,11.48,11.22,11.26,5747753
2010-05-18,11.35,11.44,11.22,11.31,4436283
2010-05-19,11.31,11.74,11.26,11.65,11730482
2010-05-20,11.65,11.65,11.22,11.22,6096815
2010-05-21,10.78,10.91,10.61,10.83,6370518
2010-05-24,10.91,11.13,10.87,10.96,3117487
2010-05-25,10.96,10.96,10.52,10.78,4637766
2010-05-26,10.87,11.04,10.7,11.0,5613780
2010-05-27,10.91,11.09,10.83,11.0,5196684
2010-05-28,11.13,11.65,11.13,11.39,9501612
2010-05-31,11.39,11.48,11.26,11.39,4381857
2010-06-01,11.31,11.31,10.91,11.04,8426688
2010-06-02,10.87,11.04,10.83,10.87,3560226
2010-06-03,11.52,11.52,11.18,11.18,6801743
2010-06-04,11.18,11.35,11.13,11.18,2571652
2010-06-07,10.83,10.96,10.78,10.91,2467509
2010-06-08,10.87,11.09,10.87,11.04,1836371
2010-06-09,11.09,11.13,10.87,10.87,2305799
2010-06-10,11.04,11.04,10.83,10.91,2713998
2010-06-11,11.04,11.44,11.0,11.31,8434538
2010-06-14,11.39,11.52,11.35,11.35,3713562
2010-06-15,11.44,11.87,11.31,11.7,13019972
2010-06-17,11.83,11.83,11.61,11.65,6347491
2010-06-18,11.74,11.78,11.57,11.65,5351591
2010-06-21,12.13,12.44,12.09,12.44,22838200
2010-06-22,13.04,13.31,12.7,13.31,52124371
2010-06-23,13.48,13.91,13.39,13.52,65122364
2010-06-24,13.52,13.78,13.39,13.7,20057738
2010-06-25,13.48,14.0,13.44,13.7,29043345
2010-06-28,13.87,14.65,13.87,14.65,24060180
2010-06-29,14.91,15.05,14.0,14.0,47018223
2010-06-30,13.74,14.39,13.65,14.31,40685908
2010-07-01,14.48,14.61,14.22,14.61,12037678
2010-07-02,15.35,15.39,14.91,15.0,26682072
2010-07-05,15.0,15.13,14.78,14.96,16989967
2010-07-06,15.13,15.96,15.13,15.57,44592580
2010-07-07,15.65,16.44,15.48,16.44,42380980
2010-07-08,16.57,17.13,16.44,16.61,41262096
2010-07-09,16.78,16.91,16.18,16.26,22490707
2010-07-12,16.09,16.13,15.61,15.61,26428779
2010-07-13,15.57,15.96,15.52,15.65,16628868
2010-07-14,15.91,16.74,15.87,16.74,32589441
2010-07-15,16.74,17.13,16.61,16.87,26196420
2010-07-16,16.96,17.26,16.74,17.13,20610376
2010-07-19,17.05,17.18,16.74,16.78,13944176
2010-07-20,16.78,16.87,15.96,16.13,26439769
2010-07-21,16.39,17.05,16.18,17.05,35577143
2010-07-22,17.22,17.96,17.22,17.83,33692102
2010-07-23,17.96,18.35,17.57,18.13,36828429
2010-07-26,18.18,18.35,18.05,18.35,21356124
2010-07-27,18.35,18.52,18.09,18.18,17670298
2010-07-28,18.18,18.39,17.7,18.39,24712251
2010-07-29,18.44,18.92,17.96,18.7,20265501
2010-07-30,18.44,18.61,18.05,18.05,12299867
2010-08-02,18.22,18.7,17.96,18.7,18577232
2010-08-03,18.7,18.78,18.18,18.26,12254861
2010-08-04,18.26,19.48,18.18,19.39,26143040
2010-08-05,19.65,20.26,19.57,20.0,27671692
2010-08-06,20.0,20.22,19.74,19.96,10500652
2010-08-09,19.96,20.09,19.57,19.96,9318969
2010-08-10,20.05,21.31,20.05,20.83,20810812
2010-08-11,20.83,21.61,19.83,19.83,41986387
2010-08-12,19.65,20.05,18.7,19.13,41747748
2010-08-13,19.22,19.44,18.96,19.31,18102047
2010-08-16,19.31,20.18,19.31,19.78,17219709
2010-08-17,20.44,21.05,19.09,19.26,37582027
2010-08-18,19.31,19.35,18.13,18.13,42811158
2010-08-19,18.13,18.39,17.74,17.83,19786652
2010-08-20,17.91,18.87,17.91,18.83,30318705
2010-08-23,18.83,18.92,18.26,18.57,19701349
2010-08-24,18.57,18.74,17.83,17.83,21510507
2010-08-25,17.39,17.48,16.61,16.78,40595372
2010-08-26,16.78,17.35,16.74,16.83,22153158
2010-08-27,16.83,17.31,16.83,17.0,17748275
2010-08-30,17.0,17.52,16.48,17.31,32739114
2010-08-31,17.74,17.74,16.35,16.52,54364232
2010-09-01,16.91,17.05,16.44,16.87,31817004
2010-09-02,17.18,17.78,17.13,17.44,36921059
2010-09-03,18.18,18.18,17.52,17.7,28195548
2010-09-06,17.83,17.91,17.35,17.39,22601130
2010-09-07,17.35,17.7,17.05,17.39,23049103
2010-09-08,17.39,17.65,16.57,16.7,29759263
2010-09-09,16.52,16.52,15.57,15.87,69328905
2010-09-10,16.35,16.61,16.05,16.48,38599907
2010-09-13,16.61,17.26,16.61,16.96,34289223
2010-09-14,17.26,17.65,17.09,17.48,38361268
2010-09-15,17.48,17.61,17.31,17.48,18380459
2010-09-16,17.48,17.48,17.05,17.05,20373307
2010-09-17,17.31,18.22,17.18,18.22,46929780
2010-09-20,18.26,18.7,18.13,18.35,41637848
2010-09-21,18.7,18.7,17.65,17.87,34822498
2010-09-23,17.78,17.78,17.31,17.48,20888265
2010-09-24,17.48,17.83,17.35,17.7,15321585
2010-09-27,17.91,18.09,17.39,17.7,19145571
2010-09-28,17.7,17.7,17.39,17.39,10987351
2010-09-29,17.57,17.87,17.44,17.78,18034537
2010-09-30,17.87,17.91,17.31,17.44,18227647
2010-10-01,17.48,17.61,17.31,17.39,6993283
2010-10-04,17.39,17.74,17.35,17.35,11178367
2010-10-05,17.91,18.52,17.91,18.52,50797202
2010-10-06,19.0,19.44,18.96,19.13,62015866
2010-10-07,19.13,19.26,18.7,18.7,27583249
2010-10-08,18.7,19.0,18.61,18.74,17626338
2010-10-11,18.96,19.44,18.74,18.96,34410113
2010-10-12,18.96,19.13,18.44,18.48,20839596
2010-10-13,18.48,18.61,17.44,17.83,34602176
2010-10-14,17.96,18.22,17.87,17.96,16908327
2010-10-15,17.96,18.26,17.65,18.05,15526731
2010-10-18,17.83,17.91,17.48,17.52,14183338
2010-10-19,17.52,17.74,17.52,17.57,9644481
2010-10-20,17.57,17.87,17.52,17.74,11127080
2010-10-21,17.74,18.31,17.52,18.13,18359003
2010-10-22,18.22,18.65,18.05,18.39,22502744
2010-10-25,18.61,19.31,18.57,19.13,43932658
2010-10-26,19.31,19.48,18.87,18.87,30794413
2010-10-27,18.96,19.83,18.78,19.83,76414817
2010-10-28,19.83,20.22,19.65,19.83,51386997
2010-10-29,20.44,20.7,20.18,20.26,73314076
2010-11-01,20.57,21.0,20.26,21.0,59208191
2010-11-02,21.0,21.52,20.48,20.48,58398073
2010-11-03,20.83,21.0,20.35,20.57,43739549
2010-11-04,20.7,21.0,20.57,20.74,30840990
2010-11-05,21.0,21.05,19.87,20.09,48698641
2010-11-08,20.0,20.35,19.83,20.09,21800433
2010-11-09,20.09,20.35,19.96,20.13,12729523
2010-11-10,20.18,20.31,19.35,19.61,27938592
2010-11-11,19.61,19.87,19.39,19.78,13905972
2010-11-12,19.7,19.96,19.48,19.52,10988921
2010-11-15,19.52,19.74,19.39,19.52,8381682
2010-11-16,19.61,19.65,18.83,19.18,21043695
2010-11-17,18.96,19.31,18.92,19.0,10860181
2010-11-18,19.13,20.18,19.13,20.18,29266284
2010-11-19,20.52,20.78,20.18,20.26,35611159
2010-11-22,20.48,20.96,20.22,20.7,37152372
2010-11-23,20.96,21.48,20.92,21.05,43152894
2010-11-24,20.96,21.22,20.7,20.74,31953593
2010-11-25,20.96,21.05,20.65,20.83,14216832
2010-11-26,20.65,20.65,20.13,20.18,20618750
2010-11-29,20.52,20.78,20.18,20.48,17532139
2010-11-30,20.65,21.09,20.44,21.0,25597728
2010-12-01,21.13,21.39,20.87,21.09,19875095
2010-12-02,21.31,21.92,21.18,21.52,38505184
2010-12-03,21.7,21.96,21.31,21.39,22023895
2010-12-06,21.39,21.57,21.09,21.48,12410813
2010-12-07,21.48,21.57,21.09,21.13,12442213
2010-12-08,21.13,21.35,20.78,20.78,18116700
2010-12-09,21.05,21.09,20.74,21.0,11100391
2010-12-10,21.05,21.39,20.74,21.22,18132923
2010-12-13,21.31,21.39,21.13,21.13,10924028
2010-12-14,21.22,21.35,20.87,20.96,9402702
2010-12-15,21.05,21.13,20.87,21.05,6237591
2010-12-16,21.13,21.52,20.96,21.35,15097599
2010-12-17,21.44,21.52,21.18,21.18,8414652
2010-12-20,21.18,21.18,20.61,20.83,17729435
2010-12-21,20.96,21.39,20.87,21.31,17698558
2010-12-22,21.39,22.05,21.22,21.74,33617788
2010-12-23,22.0,22.39,21.78,21.87,34155774
2010-12-24,21.87,22.0,21.61,21.74,10927168
2010-12-27,21.74,22.52,21.74,22.44,24772434
2010-12-28,22.52,22.79,22.26,22.44,19984471
2010-12-29,22.74,24.0,22.74,24.0,42993801
2010-12-30,24.22,25.48,24.09,24.92,55139286
2010-12-31,25.13,25.61,24.52,24.57,25043520
2011-01-03,25.05,26.26,24.7,26.13,41793278
2011-01-04,26.44,26.92,26.13,26.18,34783248
2011-01-05,26.18,26.18,24.79,25.13,32875181
2011-01-06,25.13,25.83,25.05,25.83,19385780
2011-01-07,25.65,25.74,24.92,25.05,15422588
2011-01-10,25.22,26.09,25.13,25.92,18944611
2011-01-11,25.92,26.48,25.74,26.35,22526294
2011-01-12,26.52,26.61,25.96,26.22,15917137
2011-01-13,26.35,26.74,25.96,26.61,21435147
2011-01-14,26.57,26.74,25.74,26.0,21555514
2011-01-17,25.74,25.83,24.74,24.87,22440468
2011-01-18,24.52,25.26,24.48,24.96,10741908
2011-01-19,25.09,25.18,24.79,25.18,8573745
2011-01-20,25.22,25.31,25.0,25.26,6157522
2011-01-21,25.13,25.13,24.83,25.0,10135367
2011-01-24,25.13,25.26,24.87,24.87,4432620
2011-01-25,25.0,25.39,24.87,25.09,9038463
2011-01-26,25.31,25.35,25.05,25.09,7246052
2011-01-27,25.31,25.87,25.18,25.65,12499257
2011-01-28,25.65,25.96,25.44,25.48,10386566
2011-02-08,25.65,25.65,24.7,24.74,9264543
2011-02-09,24.65,24.96,24.65,24.7,8110073
2011-02-10,24.7,24.96,23.61,23.61,16500128
2011-02-11,23.48,23.48,22.65,22.7,17910507
2011-02-14,23.05,24.26,22.83,24.05,14322021
2011-02-15,24.0,24.18,23.35,23.74,9584822
2011-02-16,23.74,24.26,23.57,23.65,6225555
2011-02-17,23.65,23.96,22.44,22.83,17391362
2011-02-18,22.96,23.39,22.87,22.96,14816570
2011-02-21,23.0,23.52,23.0,23.0,9477539
2011-02-22,22.52,22.52,21.74,21.92,21327341
2011-02-23,21.48,22.18,21.48,21.52,10788485
2011-02-24,21.52,22.05,21.52,21.57,8138333
2011-02-25,21.92,22.0,21.09,21.83,10475532
2011-03-01,22.09,23.09,21.83,22.79,12653116
2011-03-02,22.18,22.83,22.13,22.26,10794241
2011-03-03,22.44,22.79,22.09,22.44,6843610
2011-03-04,22.7,23.22,22.61,22.65,7880330
2011-03-07,22.48,22.48,21.74,21.78,9094460
2011-03-08,21.52,22.09,21.48,21.61,8841690
2011-03-09,21.96,22.57,21.83,21.83,11306060
2011-03-10,21.87,22.31,21.74,21.74,6655210
2011-03-11,21.74,22.31,21.57,22.26,12983862
2011-03-14,21.92,21.92,20.74,21.09,13958829
2011-03-15,21.13,21.39,19.65,19.78,28392844
2011-03-16,20.18,20.26,19.57,19.7,16466112
2011-03-17,19.18,20.18,19.05,20.0,12402963
2011-03-18,20.18,20.83,20.0,20.18,15372348
2011-03-21,20.26,20.61,19.92,20.52,7494634
2011-03-22,20.61,21.22,20.61,21.0,9798341
2011-03-23,21.13,21.44,20.92,20.92,7619187
2011-03-24,21.18,21.31,21.0,21.05,6323418
2011-03-25,21.18,21.22,20.96,21.05,5022938
2011-03-28,20.87,20.96,20.48,20.48,4891059
2011-03-29,20.18,20.48,20.0,20.18,9814564
2011-03-30,20.35,20.44,20.22,20.31,6203051
2011-03-31,20.31,20.39,19.92,20.0,6445877
2011-04-01,20.0,20.13,19.78,20.13,4723592
2011-04-06,20.18,20.26,19.78,19.87,9770604
2011-04-07,19.87,21.13,19.83,21.0,27844392
2011-04-08,20.96,21.05,20.65,20.96,20295331
2011-04-11,20.61,20.83,20.22,20.44,8865764
2011-04-12,20.48,20.87,20.39,20.57,9629305
2011-04-13,20.78,21.65,20.78,21.65,32033140
2011-04-14,21.65,22.0,21.52,21.52,21408981
2011-04-15,21.61,21.65,20.7,20.78,14649104
2011-04-18,20.87,20.96,20.61,20.7,6251198
2011-04-19,20.44,20.7,20.44,20.61,3729262
2011-04-20,21.05,21.31,20.87,21.18,6720103
2011-04-21,21.26,21.48,21.0,21.26,7978193
2011-04-22,21.31,22.0,21.18,21.31,14787263
2011-04-25,21.65,22.7,21.52,22.57,41380369
2011-04-26,22.57,22.87,22.26,22.61,24760398
2011-04-27,22.87,23.18,22.48,22.48,24210376
2011-04-28,22.61,22.74,21.83,21.83,14713997
2011-04-29,21.83,22.13,21.09,21.09,20917572
2011-05-03,21.65,21.65,21.18,21.26,9389096
2011-05-04,21.39,22.44,21.39,22.18,19137197
2011-05-05,22.18,22.74,22.05,22.44,18876578
2011-05-06,22.87,23.48,22.44,22.44,30982813
2011-05-09,22.96,23.35,22.79,23.09,19782465
2011-05-10,23.09,23.09,22.83,22.96,8373308
2011-05-11,23.13,23.31,22.39,22.48,11163714
2011-05-12,22.79,22.96,22.48,22.52,9213779
2011-05-13,22.7,22.83,21.78,22.05,16783774
2011-05-16,22.18,22.35,21.92,21.96,6074835
2011-05-17,21.96,22.26,21.78,22.05,6564150
2011-05-18,22.05,22.18,21.96,22.09,4535716
2011-05-19,22.09,22.09,21.57,21.65,10584385
2011-05-20,21.83,21.87,20.96,21.48,7974006
2011-05-23,21.31,21.39,21.05,21.13,5876492
2011-05-24,21.05,21.35,20.78,21.0,7385781
2011-05-25,21.0,21.09,20.26,20.31,12907979
2011-05-26,20.44,21.09,20.18,21.05,16117573
2011-05-27,21.05,21.26,20.7,21.13,7060269
2011-05-30,20.87,21.39,20.87,21.22,5426427
2011-05-31,21.35,21.7,21.35,21.7,6786566
2011-06-01,21.7,22.0,21.44,21.44,7316178
2011-06-02,21.22,21.31,20.7,20.87,18365806
2011-06-03,20.96,21.05,20.44,20.61,17339552
2011-06-07,20.48,20.65,20.35,20.57,5505973
2011-06-08,20.57,20.7,20.44,20.44,7890797
2011-06-09,20.44,20.52,20.26,20.31,7793980
2011-06-10,20.39,20.48,19.96,20.0,12400870
2011-06-13,19.87,20.13,19.57,19.78,9332052
2011-06-14,19.87,19.92,19.48,19.52,11577146
2011-06-15,19.57,19.65,18.92,19.22,18018314
2011-06-16,19.05,19.05,18.26,18.26,25715478
2011-06-17,18.26,18.52,18.22,18.44,12625903
2011-06-20,18.52,18.78,18.35,18.35,11106671
2011-06-21,18.52,18.65,18.44,18.52,4268817
2011-06-22,18.78,18.87,18.52,18.61,4523156
2011-06-23,18.78,18.78,18.31,18.39,5386131
2011-06-24,18.61,18.87,18.57,18.57,6417618
2011-06-27,18.57,18.83,18.48,18.7,3395900
2011-06-28,18.87,19.05,18.7,18.7,4540426
2011-06-29,18.96,18.96,18.7,18.78,3883122
2011-06-30,18.83,19.0,18.61,18.96,5654600
2011-07-01,19.09,19.09,18.92,18.92,3590056
2011-07-04,19.05,19.05,18.61,18.61,7749497
2011-07-05,18.52,18.65,18.35,18.39,6255908
2011-07-06,18.39,18.44,17.87,18.09,17252156
2011-07-07,18.09,18.61,17.83,18.31,13736413
2011-07-08,18.31,18.61,18.05,18.05,11363626
2011-07-11,18.05,18.26,18.05,18.13,5050675
2011-07-12,18.0,18.09,17.57,17.61,7641167
2011-07-13,17.61,17.65,16.74,16.87,13027822
2011-07-14,16.96,17.0,15.87,15.96,19097424
2011-07-15,16.09,17.05,16.09,17.05,12290970
2011-07-18,17.31,17.52,17.09,17.18,14090709
2011-07-19,17.31,17.31,16.61,16.87,8935890
2011-07-20,17.05,17.13,16.78,17.0,10001394
2011-07-21,17.0,17.05,16.52,16.65,8824944
2011-07-22,16.7,16.74,16.44,16.57,10244743
2011-07-25,16.52,16.65,16.31,16.35,4924552
2011-07-26,16.35,16.52,16.35,16.35,5346881
2011-07-27,16.39,16.44,16.18,16.39,5488180
2011-07-28,16.26,16.35,16.09,16.18,3962668
2011-07-29,16.09,16.26,15.96,16.0,6575664
2011-08-01,16.18,16.26,15.83,15.83,11388223
2011-08-02,15.74,15.96,15.65,15.96,6992236
2011-08-03,15.74,15.87,15.65,15.7,6423897
2011-08-04,15.7,16.05,15.57,15.57,9488005
2011-08-05,14.61,14.87,14.48,14.48,15154642
2011-08-08,14.22,14.39,13.48,13.48,18848318
2011-08-09,12.57,13.91,12.57,13.65,20614563
2011-08-10,14.39,14.57,13.91,14.57,15748624
2011-08-11,14.09,14.48,13.91,14.22,10096117
2011-08-12,14.7,14.83,14.35,14.35,8209506
2011-08-15,14.78,14.78,14.52,14.65,4935542
2011-08-16,14.78,14.96,14.52,14.61,5942432
2011-08-17,14.78,14.87,14.61,14.61,5608547
2011-08-18,14.74,14.78,14.26,14.26,7931093
2011-08-19,13.96,14.09,13.78,13.78,5863409
2011-08-22,13.83,14.13,13.65,13.78,4777496
2011-08-23,14.18,14.61,14.04,14.61,7559004
2011-08-24,14.7,14.74,14.39,14.61,6577234
2011-08-25,14.87,14.87,14.44,14.44,4918272
2011-08-26,14.52,14.61,14.26,14.31,3696292
2011-08-29,14.39,14.52,14.35,14.48,2140427
2011-08-30,14.0,14.0,13.48,13.52,21566503
2011-08-31,13.35,13.52,12.91,13.52,17954467
2011-09-01,13.57,14.18,13.57,13.96,13887656
2011-09-02,14.26,14.35,14.09,14.35,9214826
2011-09-05,14.18,14.18,13.96,13.96,5232794
2011-09-06,13.57,13.83,13.22,13.22,9422589
2011-09-07,13.57,13.83,13.35,13.74,4301787
2011-09-08,13.91,14.09,13.87,14.0,5445267
2011-09-09,14.0,14.44,13.91,14.31,6983863
2011-09-13,14.31,14.44,14.13,14.13,6360574
2011-09-14,14.35,14.39,14.0,14.0,7774617
2011-09-15,14.44,14.91,14.26,14.74,8690448
2011-09-16,15.05,15.13,14.35,14.65,9194416
2011-09-19,14.52,14.57,14.31,14.35,4103968
2011-09-20,14.35,14.48,13.83,14.09,10433666
2011-09-21,14.13,14.35,14.09,14.26,11750892
2011-09-22,13.88,14.14,13.62,13.67,9332909
2011-09-23,13.05,13.26,12.74,12.74,11327754
2011-09-26,11.91,11.91,11.86,11.86,7104467
2011-09-27,12.06,12.32,11.96,12.01,9846250
2011-09-28,12.06,12.43,11.91,11.91,10224476
2011-09-29,11.91,12.27,11.7,12.17,4782777
2011-09-30,12.43,12.69,12.22,12.37,7894698
2011-10-03,12.22,12.22,11.75,11.75,5288981
2011-10-04,11.44,11.7,11.39,11.55,5564920
2011-10-05,11.7,11.7,11.55,11.6,2210363
2011-10-06,11.81,11.96,11.81,11.86,2725607
2011-10-07,12.12,12.12,12.06,12.06,1911588
2011-10-11,12.27,12.48,12.22,12.43,3988264
2011-10-12,12.37,12.37,12.22,12.37,3284145
2011-10-13,12.43,13.2,12.37,13.2,18931766
2011-10-14,13.26,13.62,12.94,12.94,17682430
2011-10-17,13.15,13.36,13.1,13.31,5395550
2011-10-18,13.05,13.1,12.84,12.94,3820797
2011-10-19,13.1,13.15,12.89,13.0,2274590
2011-10-20,12.94,13.05,12.53,12.53,2736549
2011-10-21,12.48,12.63,12.37,12.53,2526741
2011-10-24,12.94,12.94,12.79,12.89,2596201
2011-10-25,12.89,13.0,12.74,12.84,2180866
2011-10-26,12.79,13.05,12.74,13.05,2986321
2011-10-27,13.05,13.46,12.89,13.36,6324227
2011-10-28,13.67,13.88,13.2,13.2,6861831
2011-10-31,13.2,13.36,12.94,12.94,4420726
2011-11-01,12.94,13.1,12.79,12.94,2825991
2011-11-02,12.74,12.84,12.63,12.79,3098124
2011-11-03,12.79,12.94,12.63,12.63,4381238
2011-11-04,12.84,13.1,12.84,12.94,3265590
2011-11-07,13.05,13.51,12.84,13.31,6553541
2011-11-08,13.46,13.46,13.05,13.05,3986836
2011-11-09,13.1,13.15,12.89,12.89,3558180
2011-11-10,12.74,12.79,12.27,12.43,7005985
2011-11-11,12.53,12.63,12.43,12.48,2698489
2011-11-14,12.74,12.84,12.63,12.63,2119493
2011-11-15,12.84,12.84,12.53,12.58,1520516
2011-11-16,12.69,12.79,12.22,12.27,3663322
2011-11-17,12.01,12.22,11.96,12.12,2227014
2011-11-18,11.96,12.17,11.91,11.91,2570986
2011-11-21,11.91,11.91,11.44,11.49,3237520
2011-11-22,11.18,11.6,11.18,11.49,5199063
2011-11-23,11.49,11.55,10.98,10.98,4401696
2011-11-24,10.87,11.39,10.77,11.18,3321253
2011-11-25,11.39,11.86,11.29,11.6,5034452
2011-11-28,11.7,11.96,11.65,11.7,2959203
2011-11-29,11.86,11.96,11.7,11.91,3270348
2011-11-30,11.91,11.91,11.6,11.91,3614795
2011-12-01,12.27,12.48,12.17,12.43,5504974
2011-12-02,12.43,12.48,12.01,12.12,3553898
2011-12-05,12.12,12.12,11.91,12.01,2055266
2011-12-06,11.91,11.96,11.75,11.75,1855924
2011-12-07,11.81,11.91,11.75,11.75,2188954
2011-12-08,11.75,11.75,11.44,11.49,2636640
2011-12-09,11.39,11.39,11.08,11.08,4474011
2011-12-12,11.39,11.39,11.18,11.24,1120405
2011-12-13,11.18,11.18,10.98,11.03,1811679
2011-12-14,10.98,11.39,10.98,11.39,1477222
2011-12-15,11.39,11.39,11.03,11.03,1753161
2011-12-16,11.08,11.18,11.03,11.08,1474368
2011-12-19,11.08,11.08,10.46,10.51,2806010
2011-12-20,10.51,10.72,10.51,10.51,1776473
2011-12-21,11.18,11.24,10.98,11.24,2785552
2011-12-22,11.29,11.29,10.98,11.08,1927764
2011-12-23,11.18,11.49,11.08,11.49,6337072
2011-12-26,11.49,11.49,11.29,11.29,2471077
2011-12-27,11.29,11.7,11.18,11.7,6906076
2011-12-28,11.81,12.48,11.65,12.48,14474882
2011-12-29,12.53,12.58,12.27,12.53,15706614
2011-12-30,12.63,12.79,12.53,12.53,9376678
2012-01-02,12.53,12.63,12.12,12.22,8909961
2012-01-03,12.32,13.05,12.32,13.05,39849814
2012-01-04,13.05,13.26,12.79,13.15,32629738
2012-01-05,13.31,14.03,13.31,13.98,47381986
2012-01-06,13.82,13.88,13.46,13.46,11043728
2012-01-09,13.46,13.88,13.36,13.77,10510405
2012-01-10,13.98,14.29,13.88,13.88,9743962
2012-01-11,13.88,14.08,13.62,13.77,7603535
2012-01-12,13.57,13.77,13.26,13.41,9978510
2012-01-13,13.62,13.72,13.1,13.2,8215357
2012-01-16,13.46,13.46,12.79,13.0,7068309
2012-01-17,13.0,13.2,12.94,13.15,5559686
2012-01-18,13.1,13.1,12.43,12.69,10203543
2012-01-30,13.0,13.31,12.94,13.1,5846567
2012-01-31,13.1,13.57,13.05,13.46,9118818
2012-02-01,13.62,14.39,13.51,14.39,20718706
2012-02-02,14.86,15.38,14.86,15.38,25432498
2012-02-03,15.9,16.41,15.9,16.41,36540454
2012-02-06,16.15,16.67,15.9,16.05,15029138
2012-02-07,16.05,16.57,16.0,16.57,11292548
2012-02-08,16.67,17.09,16.47,16.98,17639136
2012-02-09,16.98,17.14,16.67,16.78,9019385
2012-02-10,17.03,17.09,16.57,16.83,6833286
2012-02-13,17.19,17.97,17.19,17.97,19429407
2012-02-14,18.07,18.12,17.09,17.45,20751057
2012-02-15,17.71,17.97,17.6,17.92,8193473
2012-02-16,17.81,17.81,16.78,17.14,7496014
2012-02-17,17.6,17.6,16.78,16.88,8443720
2012-02-20,16.98,17.35,16.78,17.29,8190618
2012-02-21,17.35,17.71,17.19,17.29,7472702
2012-02-22,17.19,17.5,16.98,17.45,5106291
2012-02-23,17.55,17.76,17.19,17.19,5125321
2012-02-24,17.19,17.4,16.93,17.03,3732307
2012-02-29,17.19,17.97,17.14,17.71,13699399
2012-03-01,18.02,18.8,17.97,18.54,14677078
2012-03-02,18.69,18.85,18.17,18.23,6113942
2012-03-05,18.17,18.17,17.6,17.6,5831343
2012-03-06,17.4,17.6,16.93,17.24,4943582
2012-03-07,16.83,17.4,16.83,16.93,5897949
2012-03-08,16.98,17.71,16.98,17.6,7051658
2012-03-09,17.71,17.71,17.24,17.29,4293699
2012-03-12,17.29,17.4,17.03,17.03,2269357
2012-03-13,17.29,17.45,17.14,17.24,3879791
2012-03-14,17.5,17.86,17.45,17.81,8231057
2012-03-15,17.92,18.02,17.6,17.66,4569638
2012-03-16,18.02,18.43,17.76,17.76,12820202
2012-03-19,18.07,18.23,17.71,17.76,5542083
2012-03-20,17.81,17.92,17.24,17.29,4490186
2012-03-21,17.14,17.45,17.14,17.29,2556238
2012-03-22,17.4,17.5,17.09,17.19,3117630
2012-03-23,17.19,17.19,16.93,17.14,2315505
2012-03-26,17.29,17.29,16.78,17.03,3257026
2012-03-27,17.19,17.19,16.88,16.93,1945842
2012-03-28,16.93,17.24,16.93,17.03,2177060
2012-03-29,17.03,17.09,15.84,16.21,6117273
2012-03-30,15.84,16.36,15.74,16.31,4481147
2012-04-02,16.15,16.47,16.1,16.41,2796019
2012-04-03,16.41,16.52,15.53,15.79,4164769
2012-04-05,15.33,16.21,15.02,16.21,6588747
2012-04-06,16.26,16.52,16.21,16.36,2895452
2012-04-09,16.05,16.72,15.95,16.62,3151884
2012-04-10,16.72,16.78,15.9,16.05,2447765
2012-04-11,15.74,16.05,15.53,15.74,2916861
2012-04-12,15.74,15.79,14.91,15.12,6313284
2012-04-13,15.22,15.43,14.86,14.86,7175354
2012-04-16,14.7,15.02,14.34,14.39,6757640
2012-04-17,14.39,14.45,13.41,13.46,17130553
2012-04-18,13.67,13.77,13.15,13.26,11851086
2012-04-19,13.31,13.77,13.2,13.62,9997064
2012-04-20,13.67,13.67,13.26,13.26,4535859
2012-04-23,13.36,13.51,13.26,13.31,3004400
2012-04-24,13.31,13.57,13.31,13.36,4241366
2012-04-25,13.41,13.62,13.26,13.36,5185266
2012-04-26,13.36,13.57,13.31,13.36,3658089
2012-04-27,13.57,13.57,12.89,12.94,4252308
2012-04-30,12.94,13.05,12.63,12.84,4232802
2012-05-02,12.74,13.2,12.74,13.0,6345636
2012-05-03,13.0,13.1,12.94,13.0,3576735
2012-05-04,13.0,13.88,13.0,13.88,9564126
2012-05-07,13.93,14.19,13.62,13.62,14837408
2012-05-08,13.77,14.08,13.72,13.88,7259087
2012-05-09,13.98,14.34,13.77,13.93,11308724
2012-05-10,14.29,14.29,13.93,14.14,6564959
2012-05-11,14.14,14.19,13.51,13.51,6908455
2012-05-14,13.57,13.57,13.05,13.15,8434681
2012-05-15,12.94,12.94,12.63,12.74,9702571
2012-05-16,12.74,12.94,12.17,12.27,11350591
2012-05-17,12.43,12.58,12.32,12.53,6231930
2012-05-18,12.22,12.22,11.81,11.91,7878046
2012-05-21,11.96,12.27,11.91,12.01,4191412
2012-05-22,12.12,12.43,12.12,12.32,3350750
2012-05-23,12.17,12.27,11.91,12.22,3127621
2012-05-24,12.43,12.53,11.91,11.96,3871228
2012-05-25,12.06,12.37,11.96,12.06,5239502
2012-05-28,12.17,12.27,12.06,12.22,2371168
2012-05-29,12.32,13.05,12.22,13.0,9507987
2012-05-30,12.94,12.94,12.63,12.63,4608650
2012-05-31,12.32,12.89,12.32,12.79,5460729
2012-06-01,12.63,13.0,12.43,12.43,7426078
2012-06-04,12.12,12.22,11.65,11.86,6063512
2012-06-05,12.17,12.32,11.96,12.12,4001109
2012-06-06,12.32,12.32,12.06,12.22,2765094
2012-06-07,12.37,12.43,12.32,12.37,3639059
2012-06-08,12.37,12.58,12.37,12.37,3071957
2012-06-11,12.53,12.69,12.43,12.43,2093327
2012-06-12,12.37,12.53,12.32,12.53,1662767
2012-06-13,12.63,12.63,12.43,12.48,1306902
2012-06-14,12.53,12.63,12.53,12.53,1753161
2012-06-15,12.53,12.74,12.53,12.69,2445386
2012-06-18,13.1,13.57,13.05,13.2,10535145
2012-06-19,13.1,13.36,13.05,13.1,4971652
2012-06-20,13.36,13.36,13.2,13.36,3208024
2012-06-21,13.36,13.62,13.36,13.36,5847519
2012-06-22,13.36,13.51,13.26,13.46,3626689
2012-06-25,13.51,13.77,13.26,13.62,4877928
2012-06-26,13.46,13.57,13.15,13.2,3113824
2012-06-27,13.2,13.88,13.15,13.72,8425642
2012-06-28,13.82,13.93,13.46,13.46,4835110
2012-06-29,13.51,13.88,13.51,13.82,4683819
2012-07-02,13.88,13.93,13.67,13.77,4213772
2012-07-03,13.77,13.93,13.72,13.77,3168536
2012-07-04,13.93,14.08,13.82,14.03,3605280
2012-07-05,14.03,14.45,13.93,14.03,5893667
2012-07-06,14.03,14.14,13.67,13.93,3081472
2012-07-09,13.62,13.88,13.62,13.72,1961067
2012-07-10,13.88,13.93,13.62,13.62,2563374
2012-07-11,13.62,13.77,13.51,13.57,2464892
2012-07-12,13.57,13.67,13.41,13.41,2190381
2012-07-13,13.41,13.57,13.36,13.36,1579034
2012-07-16,13.46,13.82,13.46,13.67,3942115
2012-07-17,13.77,13.88,13.72,13.88,2861197
2012-07-18,13.88,13.88,13.41,13.46,3169487
2012-07-19,13.62,13.67,13.36,13.41,2703722
2012-07-20,13.36,13.41,13.26,13.41,2557189
2012-07-23,13.26,13.26,12.53,12.63,6430796
2012-07-24,12.53,12.74,12.22,12.37,4645759
2012-07-25,12.12,12.53,12.01,12.22,3494429
2012-07-26,12.43,12.48,12.27,12.32,2882606
2012-07-27,12.58,12.63,12.43,12.63,3935930
2012-07-30,12.63,12.74,12.48,12.53,2457280
2012-07-31,12.53,12.94,12.53,12.74,3352653
2012-08-01,12.74,13.1,12.69,13.05,4457835
2012-08-02,13.05,13.05,13.05,13.05,0
2012-08-03,12.94,13.0,12.79,13.0,2429211
2012-08-06,13.26,13.57,13.26,13.46,4523014
2012-08-07,13.57,13.57,13.36,13.46,2900209
2012-08-08,13.57,13.62,13.41,13.46,2794591
2012-08-09,13.46,13.67,13.46,13.67,5064900
2012-08-10,13.67,13.77,13.57,13.62,2571937
2012-08-13,13.67,13.72,13.51,13.62,2542916
2012-08-14,13.62,13.77,13.41,13.46,3557229
2012-08-15,13.46,13.46,13.2,13.36,2736073
2012-08-16,13.2,13.41,13.15,13.26,2586210
2012-08-17,13.15,13.51,13.15,13.26,5308487
2012-08-20,13.26,13.41,13.05,13.05,2442056
2012-08-21,13.1,13.26,13.05,13.05,1929667
2012-08-22,13.05,13.1,12.89,12.94,2712761
2012-08-23,12.89,13.0,12.79,12.94,1202235
2012-08-24,12.94,13.31,12.84,13.26,3035324
2012-08-27,13.26,13.26,13.05,13.1,1377314
2012-08-28,13.1,13.1,12.69,12.74,2626649
2012-08-29,12.74,12.84,12.69,12.79,1418229
2012-08-30,12.79,12.84,12.58,12.69,2566704
2012-08-31,12.58,12.69,12.37,12.37,4493517
2012-09-03,12.37,12.63,12.32,12.63,4060579
2012-09-04,12.63,12.63,12.43,12.48,2665661
2012-09-05,12.43,12.48,12.22,12.22,4630535
2012-09-06,12.22,12.43,12.12,12.17,2601910
2012-09-07,12.32,12.37,12.22,12.22,2599531
2012-09-10,12.32,12.48,12.27,12.43,2494865
2012-09-11,12.53,12.53,12.37,12.37,1606628
2012-09-12,12.48,12.53,12.32,12.37,2524838
2012-09-13,12.43,12.48,12.32,12.32,2206081
2012-09-14,12.43,12.69,12.32,12.43,6044482
2012-09-17,12.53,12.94,12.53,12.94,6799031
2012-09-18,13.05,13.05,12.74,12.79,3813661
2012-09-19,12.89,13.0,12.74,12.84,4785155
2012-09-20,12.94,13.2,12.89,12.94,8233912
2012-09-21,13.05,13.05,12.79,12.94,3791301
2012-09-24,12.94,12.94,12.74,12.74,2128533
2012-09-25,12.74,12.84,12.58,12.58,2439202
2012-09-26,12.53,12.58,12.32,12.53,3919279
2012-09-27,12.48,12.63,12.43,12.58,2214169
2012-09-28,12.63,12.69,12.48,12.63,1573801
2012-10-01,12.63,12.63,12.37,12.43,1587122
2012-10-02,12.43,12.69,12.43,12.53,1720810
2012-10-03,12.53,12.58,12.43,12.43,1946794
2012-10-04,12.43,12.74,12.43,12.69,3092891
2012-10-05,12.63,12.74,12.43,12.53,1981524
2012-10-08,12.63,12.69,12.43,12.43,2384490
2012-10-09,12.43,12.58,12.32,12.32,1958688
2012-10-11,12.22,12.37,12.22,12.27,2050984
2012-10-12,12.32,12.37,12.27,12.27,1329262
2012-10-15,12.27,12.37,12.27,12.27,780715
2012-10-16,12.32,12.37,12.27,12.32,1424414
2012-10-17,12.43,12.53,12.32,12.32,1961542
2012-10-18,12.48,12.63,12.43,12.63,2897830
2012-10-19,12.63,12.63,12.53,12.53,1823573
2012-10-22,12.32,12.53,12.32,12.53,1338302
2012-10-23,12.58,12.58,12.37,12.37,1053324
2012-10-24,12.32,12.48,12.32,12.32,1272647
2012-10-25,12.43,12.53,12.22,12.27,3036751
2012-10-26,12.22,12.27,11.44,11.49,8571699
2012-10-29,11.49,11.7,11.39,11.55,2717519
2012-10-30,11.6,11.75,11.29,11.7,4993537
2012-10-31,11.7,12.22,11.65,11.81,8204891
2012-11-01,11.81,12.06,11.55,12.01,4126233
2012-11-02,12.01,12.32,11.81,11.96,4939776
2012-11-05,11.86,12.12,11.86,11.96,3538674
2012-11-06,12.01,12.01,11.81,11.96,1972009
2012-11-07,12.01,12.06,11.91,11.96,2113784
2012-11-08,11.86,12.06,11.81,11.96,2454426
2012-11-09,11.91,12.17,11.86,12.06,1858303
2012-11-12,12.12,12.27,12.12,12.12,1430123
2012-11-13,12.12,12.17,11.91,11.91,2077627
2012-11-14,11.91,12.01,11.86,11.86,1283590
2012-11-15,11.81,11.96,11.75,11.91,1219363
2012-11-16,11.91,12.01,11.81,11.81,1217935
2012-11-19,11.81,11.96,11.81,11.81,1157039
2012-11-20,11.91,11.96,11.86,11.86,1117551
2012-11-21,12.01,12.01,11.6,11.6,2284581
2012-11-22,11.6,11.75,11.6,11.65,1108511
2012-11-23,11.7,12.01,11.7,11.96,2247472
2012-11-26,12.06,12.32,12.01,12.32,5111524
2012-11-27,12.37,12.37,12.17,12.27,3366926
2012-11-28,12.17,12.22,12.06,12.12,1928715
2012-11-29,12.22,12.58,12.17,12.32,6880386
2012-11-30,12.32,12.69,12.27,12.69,8674938
2012-12-03,12.89,13.2,12.69,12.84,8111167
2012-12-04,12.79,12.94,12.74,12.94,3625737
2012-12-05,12.94,13.26,12.79,13.15,7632080
2012-12-06,13.2,13.2,12.94,12.94,3201839
2012-12-07,13.05,13.2,12.94,12.94,3257026
2012-12-10,13.0,13.05,12.79,12.84,2100463
2012-12-11,12.84,13.1,12.69,13.1,5078697
2012-12-12,13.2,13.2,13.05,13.2,4679537
2012-12-13,13.26,13.62,13.15,13.57,11083216
2012-12-14,13.57,13.57,13.26,13.31,5787098
2012-12-17,13.51,13.57,13.26,13.41,6289972
2012-12-18,13.46,13.51,13.36,13.51,4468302
2012-12-19,13.57,13.77,13.46,13.51,4532053
2012-12-20,13.57,13.93,13.51,13.72,11354397
2012-12-21,13.88,13.88,13.41,13.46,5106766
2012-12-24,13.72,13.77,13.51,13.51,2480592
2012-12-25,13.51,13.67,13.46,13.62,2160408
2012-12-26,13.67,13.93,13.57,13.82,4123854
2012-12-27,13.82,13.88,13.72,13.77,2382111
2012-12-28,13.98,14.39,13.88,14.39,10278712
2013-01-02,14.5,15.02,14.34,14.65,8760098
2013-01-03,14.86,14.91,14.55,14.76,7040715
2013-01-04,14.7,15.12,14.6,15.12,5316575
2013-01-07,15.17,15.33,14.91,15.33,5199539
2013-01-08,15.12,15.38,14.91,15.22,6452205
2013-01-09,15.22,15.69,15.17,15.64,8699677
2013-01-10,15.79,16.15,15.74,16.0,8177297
2013-01-11,16.05,16.1,15.74,15.95,4628156
2013-01-14,15.74,15.84,15.38,15.38,6862783
2013-01-15,15.33,15.64,15.07,15.12,6002140
2013-01-16,15.17,15.33,15.07,15.22,4897910
2013-01-17,15.27,15.48,14.24,14.34,10533717
2013-01-18,14.6,14.96,14.6,14.96,4458787
2013-01-21,15.02,15.17,14.81,15.12,2250326
2013-01-22,15.12,15.17,14.76,14.91,2751298
2013-01-23,14.91,15.02,14.81,14.81,1249335
2013-01-24,14.7,14.96,14.7,14.7,2859294
2013-01-25,14.86,14.86,14.39,14.45,3229433
2013-01-28,14.45,14.5,14.29,14.34,4029654
2013-01-29,14.5,14.65,14.45,14.5,2885461
2013-01-30,14.6,14.76,14.6,14.7,2719422
2013-01-31,14.7,14.86,14.6,14.76,1804543
2013-02-01,14.7,14.76,14.5,14.5,2496292
2013-02-04,14.5,14.65,14.45,14.5,2021012
2013-02-05,14.39,14.45,14.29,14.34,3352653
2013-02-06,14.5,14.7,14.39,14.39,4895531
2013-02-18,14.55,14.6,14.39,14.39,2197042
2013-02-19,14.5,14.55,14.14,14.14,4600086
2013-02-20,14.39,15.12,14.39,15.12,9125479
2013-02-21,15.12,15.27,14.81,14.96,11013280
2013-02-22,14.96,14.96,14.65,14.81,3507750
2013-02-25,15.43,15.43,15.12,15.12,2751773
2013-02-26,14.91,14.96,14.76,14.76,2357371
2013-02-27,14.86,14.96,14.5,14.55,3958291
2013-03-01,14.6,15.02,14.6,14.91,3285096
2013-03-04,15.02,15.07,14.65,14.65,3063869
2013-03-05,14.7,14.81,14.65,14.7,1728422
2013-03-06,14.91,14.96,14.7,14.91,2387344
2013-03-07,14.76,15.02,14.76,14.86,2090948
2013-03-08,14.96,15.64,14.91,15.38,9882883
2013-03-11,15.53,15.84,15.43,15.64,9713989
2013-03-12,15.64,15.74,15.07,15.17,5939340
2013-03-13,15.22,15.33,15.07,15.33,2689449
2013-03-14,15.33,15.33,14.96,15.07,2690401
2013-03-15,15.12,15.17,14.7,14.7,3795582
2013-03-18,14.7,14.7,14.5,14.6,3286048
2013-03-19,14.6,14.7,14.55,14.6,1749355
2013-03-20,14.6,14.6,14.24,14.39,5205724
2013-03-21,14.39,14.6,14.39,14.39,2114736
2013-03-22,14.34,14.45,14.29,14.29,2062403
2013-03-25,14.45,14.65,14.39,14.6,2070966
2013-03-26,14.6,14.65,14.45,14.5,1283114
2013-03-27,14.5,14.55,14.29,14.39,2288387
2013-03-28,14.39,14.39,14.14,14.14,2418744
2013-03-29,14.14,14.34,14.14,14.34,2184672
2013-04-01,14.34,14.5,14.29,14.5,1487213
2013-04-02,14.5,14.65,14.5,14.55,2032430
2013-04-03,14.55,14.65,14.5,14.6,1358283
2013-04-08,13.98,14.34,13.77,13.77,3954961
2013-04-09,13.77,13.93,13.57,13.72,2680886
2013-04-10,13.72,13.77,13.67,13.67,1344962
2013-04-11,13.77,14.03,13.67,13.93,2349759
2013-04-12,14.08,14.19,13.93,13.93,3325535
2013-04-15,13.88,13.93,13.46,13.57,2973951
2013-04-16,13.41,13.82,13.41,13.72,4310826
2013-04-17,13.77,13.77,13.57,13.62,2573841
2013-04-18,13.46,13.46,13.0,13.46,4558695
2013-04-19,13.46,13.93,13.46,13.88,3619553
2013-04-22,13.88,13.98,13.67,13.67,2592395
2013-04-23,13.67,13.77,13.57,13.57,1574752
2013-04-24,13.67,13.77,13.62,13.77,2194187
2013-04-25,13.77,13.77,13.57,13.77,1718907
2013-04-26,13.77,13.98,13.77,13.82,2203702
2013-04-29,13.82,13.88,13.57,13.62,1865440
2013-04-30,13.77,13.88,13.62,13.72,2414938
2013-05-02,13.67,13.72,13.36,13.46,4278475
2013-05-03,13.46,13.57,13.36,13.41,1726519
2013-05-06,13.51,13.57,13.26,13.31,2705149
2013-05-07,13.31,13.57,13.31,13.41,1680370
2013-05-08,13.41,13.77,13.41,13.72,2926852
2013-05-09,13.77,13.77,13.62,13.72,1702731
2013-05-10,13.72,13.77,13.57,13.72,2231772
2013-05-13,13.72,13.72,13.41,13.41,1617571
2013-05-14,13.51,13.57,13.41,13.57,1146096
2013-05-15,13.57,13.67,13.41,13.57,1612813
2013-05-16,13.57,13.57,13.36,13.46,2998215
2013-05-17,13.36,13.46,13.36,13.36,1646116
2013-05-20,13.36,13.41,13.31,13.41,1168457
2013-05-21,13.46,13.51,13.36,13.51,1488641
2013-05-22,13.51,13.93,13.41,13.88,7009315
2013-05-23,13.82,13.88,13.46,13.46,3048169
2013-05-24,13.46,13.77,13.41,13.46,2689449
2013-05-27,13.46,13.57,13.36,13.41,2623795
2013-05-28,13.41,13.46,13.26,13.31,2042421
2013-05-29,13.31,13.41,13.31,13.36,1751734
2013-05-30,13.36,13.36,13.05,13.1,4187606
2013-05-31,13.26,13.26,13.15,13.26,2160884
2013-06-03,13.15,13.2,13.05,13.15,2764143
2013-06-04,13.15,13.15,12.84,12.84,3092891
2013-06-05,12.84,12.89,12.74,12.74,1910636
2013-06-06,12.74,12.74,12.48,12.48,2862625
2013-06-07,12.48,12.84,12.48,12.69,3030566
2013-06-10,12.69,12.89,12.69,12.74,1548586
2013-06-11,12.84,12.89,12.63,12.63,2093803
2013-06-13,12.89,13.0,12.69,12.74,4352693
2013-06-14,12.84,12.84,12.48,12.48,3075288
2013-06-17,12.48,12.69,12.48,12.63,1104230
2013-06-18,12.74,12.89,12.53,12.84,1830709
2013-06-19,12.94,13.15,12.89,13.15,5345120
2013-06-20,13.05,13.1,12.89,13.0,2484398
2013-06-21,12.84,12.94,12.69,12.84,2832652
2013-06-24,12.84,12.89,12.74,12.74,1452959
2013-06-25,12.74,12.79,12.58,12.58,1709867
2013-06-26,12.74,12.84,12.69,12.84,1967251
2013-06-27,12.84,12.89,12.74,12.74,1877333
2013-06-28,12.79,12.89,12.74,12.89,2091899
2013-07-01,12.94,12.94,12.79,12.84,1709392
2013-07-02,12.89,12.94,12.74,12.74,1664195
2013-07-03,12.79,12.84,12.63,12.69,1299765
2013-07-04,12.74,12.74,12.58,12.63,1448201
2013-07-05,12.74,12.94,12.69,12.69,2329302
2013-07-08,12.69,12.79,12.48,12.48,2017682
2013-07-09,12.53,12.69,12.53,12.63,743131
2013-07-10,12.63,12.74,12.53,12.53,1014787
2013-07-11,12.74,13.05,12.63,13.05,5106291
2013-07-12,13.05,13.05,12.89,13.05,1727946
2013-07-15,13.0,13.15,13.0,13.1,1342583
2013-07-16,13.1,13.36,13.05,13.36,3982555
2013-07-17,13.41,13.62,13.31,13.41,6819489
2013-07-18,13.51,13.51,13.2,13.31,3244181
2013-07-19,13.36,13.46,13.15,13.15,2343575
2013-07-22,13.2,13.36,13.2,13.2,909170
2013-07-23,13.31,13.41,13.2,13.31,1951076
2013-07-24,13.2,13.41,13.2,13.31,1534789
2013-07-25,13.31,13.31,13.15,13.15,1218411
2013-07-26,13.26,13.31,13.1,13.15,1087578
2013-07-29,13.15,13.15,12.84,12.89,2072869
2013-07-30,12.89,13.05,12.89,12.89,1260278
2013-07-31,13.05,13.36,13.05,13.2,3431153
2013-08-01,13.36,13.36,13.15,13.26,1693692
2013-08-02,13.36,13.41,13.31,13.31,2536732
2013-08-05,13.36,13.67,13.31,13.57,4523014
2013-08-06,13.57,13.57,13.26,13.26,2447289
2013-08-07,13.26,13.46,13.1,13.26,2201323
2013-08-08,13.26,13.36,13.26,13.26,1186060
2013-08-09,13.31,13.46,13.2,13.36,2269832
2013-08-12,13.31,13.46,13.26,13.26,1158466
2013-08-13,13.26,13.31,13.2,13.2,1322602
2013-08-14,13.2,13.41,13.2,13.26,1811679
2013-08-15,13.26,13.46,13.15,13.26,2571462
2013-08-16,13.15,13.51,13.15,13.36,2444911
2013-08-19,13.36,14.19,13.36,13.88,11154103
2013-08-20,13.98,14.24,13.93,13.93,9273915
2013-08-22,13.93,14.19,13.72,13.98,5752368
2013-08-23,14.08,14.19,13.98,14.14,3664274
2013-08-26,14.24,14.29,13.88,13.88,4676683
2013-08-27,13.88,13.93,13.46,13.51,4881258
2013-08-28,13.46,13.62,13.36,13.46,3360741
2013-08-29,13.46,13.67,13.46,13.57,3605280
2013-08-30,13.62,13.62,13.41,13.57,4127184
2013-09-02,13.57,13.62,13.46,13.51,3024382
2013-09-03,13.51,13.62,13.46,13.57,1978194
2013-09-04,13.57,13.67,13.41,13.46,2560995
2013-09-05,13.57,14.08,13.57,13.98,10021328
2013-09-06,14.03,14.24,13.88,14.19,10010861
2013-09-09,14.19,14.45,13.98,14.29,9809616
2013-09-10,14.5,15.07,14.34,14.5,18278552
2013-09-11,14.6,14.65,14.39,14.65,6305196
2013-09-12,14.65,14.86,14.39,14.45,4750901
2013-09-13,14.55,14.6,14.14,14.14,5722395
2013-09-16,14.29,14.45,14.08,14.14,4836537
2013-09-17,14.14,14.29,14.08,14.14,2319787
2013-09-18,14.19,14.39,14.19,14.19,3970661
2013-09-23,14.24,14.39,14.14,14.19,3846488
2013-09-24,14.29,14.34,14.14,14.19,2778416
2013-09-25,14.34,14.5,14.29,14.34,5332275
2013-09-26,14.5,14.5,14.14,14.14,1995797
2013-09-27,14.14,14.34,14.14,14.24,2665661
2013-09-30,14.19,14.19,13.98,14.03,2877373
2013-10-01,14.08,14.29,14.03,14.19,2741782
2013-10-02,14.19,14.24,14.08,14.19,2120921
2013-10-03,14.24,14.45,14.24,14.34,3360265
2013-10-04,14.34,14.5,14.24,14.29,3278911
2013-10-07,14.34,14.55,14.24,14.39,4462117
2013-10-08,14.39,14.45,14.24,14.34,2914006
2013-10-09,14.24,14.29,14.03,14.03,3298893
2013-10-11,14.14,14.14,13.72,13.72,4432144
2013-10-14,13.72,13.72,13.36,13.41,4470205
2013-10-15,13.46,13.67,13.46,13.62,1957260
2013-10-16,13.62,13.62,13.51,13.57,1413947
2013-10-17,13.67,13.72,13.57,13.57,1078063
2013-10-18,13.57,13.67,13.46,13.57,3033897
2013-10-21,13.46,13.57,13.36,13.41,2590968
2013-10-22,13.46,13.57,13.46,13.46,1422035
2013-10-23,13.51,13.62,13.46,13.51,1030963
2013-10-24,13.51,13.57,13.36,13.41,1693692
2013-10-25,13.41,13.46,13.36,13.41,1562383
2013-10-28,13.51,13.72,13.46,13.62,2276017
2013-10-29,13.62,13.67,13.41,13.57,1480077
2013-10-30,13.57,13.62,13.46,13.57,1138960
2013-10-31,13.51,13.51,13.41,13.51,1498156
2013-11-01,13.57,13.57,13.36,13.46,1053324
2013-11-04,13.46,13.57,13.46,13.51,1226023
2013-11-05,13.62,13.72,13.31,13.36,3146175
2013-11-06,13.51,13.57,13.31,13.31,2995836
2013-11-07,13.36,13.41,13.05,13.2,2383538
2013-11-08,13.2,13.2,12.79,12.84,3997779
2013-11-11,12.94,12.94,12.74,12.79,1349244
2013-11-12,12.84,12.89,12.74,12.79,1439638
2013-11-13,12.79,12.84,12.69,12.69,909645
2013-11-14,12.79,12.84,12.74,12.79,866352
2013-11-15,12.89,13.1,12.79,12.94,1138484
2013-11-18,13.0,13.0,12.79,12.84,895373
2013-11-19,12.94,12.94,12.79,12.84,1179399
2013-11-20,12.89,12.94,12.84,12.84,795940
2013-11-21,12.89,12.94,12.79,12.79,2119493
2013-11-22,12.89,13.1,12.89,12.94,2113784
2013-11-25,13.15,13.46,13.1,13.36,3233714
2013-11-26,13.46,13.51,13.2,13.41,3165205
2013-11-27,13.46,13.46,13.31,13.41,3430677
2013-11-28,13.46,13.62,13.41,13.41,2224635
2013-11-29,13.46,13.57,13.41,13.46,1358283
2013-12-02,13.51,13.62,13.36,13.46,1550965
2013-12-03,13.36,13.46,13.2,13.26,1702731
2013-12-04,13.2,13.36,13.15,13.36,1177020
2013-12-05,13.36,13.36,13.26,13.26,737897
2013-12-06,13.26,13.46,13.15,13.15,1280259
2013-12-09,13.36,13.41,13.2,13.26,1440589
2013-12-10,13.26,13.41,13.26,13.31,1027633
2013-12-11,13.36,13.41,13.2,13.26,1196051
2013-12-12,13.26,13.31,13.15,13.2,897276
2013-12-13,13.15,13.31,13.15,13.26,976727
2013-12-16,13.26,13.46,13.2,13.46,1998176
2013-12-17,13.51,13.57,13.41,13.41,2025294
2013-12-18,13.46,13.51,13.36,13.46,1213178
2013-12-19,13.57,13.57,13.41,13.51,1220790
2013-12-20,13.57,13.57,13.41,13.57,1146572
2013-12-23,13.57,13.98,13.57,13.72,5551123
2013-12-24,13.88,14.03,13.82,13.98,5782340
2013-12-25,14.08,14.39,14.03,14.34,8091185
2013-12-26,14.39,14.45,14.29,14.34,4698568
2013-12-27,14.34,14.45,14.34,14.39,3754192
2013-12-30,14.45,14.55,14.45,14.55,4743765
2013-12-31,14.55,14.6,14.34,14.45,3807001
2014-01-02,14.5,14.5,14.29,14.34,1894461
2014-01-03,14.24,14.34,14.08,14.08,2216072
2014-01-06,14.14,14.34,14.14,14.29,3278435
2014-01-07,14.29,14.39,14.24,14.24,1962970
2014-01-08,14.19,14.29,14.14,14.14,2320738
2014-01-09,14.08,14.29,14.08,14.14,2815525
2014-01-10,14.14,14.45,14.14,14.29,2447289
2014-01-13,14.29,14.34,14.14,14.29,1902073
2014-01-14,14.29,14.29,14.03,14.03,2053839
2014-01-15,14.08,14.19,13.98,13.98,1998176
2014-01-16,13.98,14.08,13.77,13.77,2668040
2014-01-17,13.77,13.93,13.72,13.88,2278872
2014-01-20,13.88,14.03,13.82,13.98,1737937
2014-01-21,13.98,14.03,13.93,13.98,1109939
2014-01-22,13.98,14.08,13.98,14.08,1166554
2014-01-23,14.08,14.14,13.88,13.93,1640407
2014-01-24,13.88,13.93,13.77,13.88,1554295
2014-01-27,13.77,13.77,13.57,13.62,2676604
2014-02-05,13.46,13.46,13.1,13.2,4158109
2014-02-06,13.15,13.36,13.15,13.2,1909685
2014-02-07,13.36,13.51,13.31,13.36,2132339
2014-02-10,13.41,13.51,13.2,13.2,1489592
2014-02-11,13.2,13.31,13.2,13.26,671291
2014-02-12,13.31,13.36,13.26,13.31,1051421
2014-02-13,13.26,13.31,13.1,13.15,1366847
2014-02-14,13.26,13.36,13.15,13.2,1219363
2014-02-17,13.2,13.41,13.2,13.26,1218887
2014-02-18,13.2,13.36,13.15,13.36,1550489
2014-02-19,13.41,13.51,13.31,13.46,1540498
2014-02-20,13.46,13.46,13.31,13.36,1033818
2014-02-21,13.36,13.46,13.31,13.41,1595210
2014-02-24,13.36,13.41,13.2,13.26,1246005
2014-02-25,13.26,13.36,13.26,13.26,801649
2014-02-26,13.26,13.46,13.26,13.26,1754113
2014-02-27,13.41,13.46,13.31,13.46,2035284
2014-03-03,13.46,13.46,13.26,13.26,1255996
2014-03-04,13.2,13.31,13.1,13.1,1458668
2014-03-05,13.26,13.31,13.1,13.15,917257
2014-03-06,13.15,13.26,13.1,13.26,1235063
2014-03-07,13.15,13.26,13.1,13.2,1448677
2014-03-10,13.2,13.26,13.15,13.2,708876
2014-03-11,13.2,13.26,13.1,13.1,1179875
2014-03-12,13.1,13.15,12.94,13.05,1565713
2014-03-13,13.05,13.1,12.94,13.0,1442968
2014-03-14,13.0,13.15,12.94,12.94,1489116
2014-03-17,12.94,13.1,12.94,13.0,1849740
2014-03-18,13.05,13.1,12.94,12.94,921063
2014-03-19,13.0,13.05,12.84,12.89,1112317
2014-03-20,12.84,12.89,12.74,12.79,1589025
2014-03-21,12.84,12.94,12.74,12.84,1569043
2014-03-24,12.74,12.94,12.74,12.84,910121
2014-03-25,12.84,12.94,12.79,12.84,1090433
2014-03-26,12.84,13.0,12.84,13.0,1223644
2014-03-27,13.05,13.26,13.0,13.26,2589065
2014-03-28,13.26,13.31,13.15,13.26,1129445
2014-03-31,13.26,13.31,13.1,13.26,887761
2014-04-01,13.26,13.26,13.1,13.2,619910
2014-04-02,13.2,13.36,13.15,13.36,2472504
2014-04-03,13.36,13.41,13.26,13.36,1528604
2014-04-07,13.26,13.41,13.15,13.41,1652777
2014-04-08,13.36,13.41,13.2,13.36,952939
2014-04-09,13.36,13.36,13.2,13.36,1231732
2014-04-10,13.36,13.41,13.2,13.41,1533837
2014-04-11,13.31,13.41,13.26,13.26,1398247
2014-04-14,13.26,13.31,13.15,13.2,726003
2014-04-15,13.2,13.36,13.15,13.15,749791
2014-04-16,13.15,13.36,13.15,13.31,1341632
2014-04-17,13.31,13.36,13.2,13.2,685564
2014-04-18,13.26,13.31,13.2,13.26,419141
2014-04-21,13.26,13.31,13.15,13.26,712682
2014-04-22,13.26,13.36,13.26,13.31,1017642
2014-04-23,13.36,13.41,13.26,13.26,1135154
2014-04-24,13.31,13.31,13.2,13.26,704119
2014-04-25,13.26,13.26,12.94,13.0,1700828
2014-04-28,12.79,13.2,12.79,13.05,1512428
2014-04-29,13.05,13.15,13.0,13.0,943424
2014-04-30,13.05,13.05,12.79,12.79,1526225
2014-05-02,12.79,13.05,12.79,12.84,1624231
2014-05-05,12.89,13.0,12.79,12.84,1483407
2014-05-06,12.79,12.89,12.79,12.84,810212
2014-05-07,12.94,12.94,12.79,12.84,1393489
2014-05-08,12.84,12.89,12.79,12.89,954366
2014-05-09,12.84,12.89,12.79,12.79,850652
2014-05-12,12.84,12.84,12.69,12.74,1270269
2014-05-13,12.79,12.84,12.79,12.84,1314514
2014-05-14,12.84,12.84,12.74,12.84,814494
2014-05-15,12.74,12.84,12.69,12.84,845894
2014-05-16,12.74,12.84,12.74,12.84,567577
2014-05-19,12.79,12.84,12.74,12.79,484319
2014-05-20,12.79,12.84,12.69,12.79,766443
2014-05-21,12.69,12.79,12.63,12.69,977203
2014-05-22,12.69,13.15,12.63,13.0,1998176
2014-05-23,13.0,13.15,12.94,13.1,2067636
2014-05-26,13.15,13.15,13.0,13.05,1020497
2014-05-27,13.05,13.1,13.0,13.05,1034769
2014-05-28,13.05,13.26,13.0,13.2,2363556
2014-05-29,13.15,13.2,13.05,13.1,780715
2014-05-30,13.15,13.15,13.0,13.15,1401577
2014-06-03,13.1,13.15,12.89,12.94,1261229
2014-06-04,12.94,13.0,12.79,12.84,1699876
2014-06-05,12.89,12.89,12.63,12.69,1976291
2014-06-06,12.63,12.79,12.63,12.74,1225547
2014-06-09,12.74,12.74,12.63,12.69,1214129
2014-06-10,12.69,12.79,12.69,12.74,1452483
2014-06-11,12.74,12.79,12.63,12.69,1537644
2014-06-12,12.69,12.79,12.63,12.74,1527653
2014-06-13,12.69,12.74,12.63,12.69,847797
2014-06-16,12.69,12.79,12.63,12.74,1495301
2014-06-17,12.79,12.84,12.69,12.69,1651349
2014-06-18,12.69,12.79,12.58,12.69,2968718
2014-06-19,12.79,12.84,12.63,12.63,1797406
2014-06-20,12.63,12.74,12.58,12.69,855885
2014-06-23,12.63,12.69,12.48,12.48,1582365
2014-06-24,12.48,12.63,12.48,12.53,1028584
2014-06-25,12.48,12.63,12.48,12.48,1156563
2014-06-26,12.48,12.53,12.43,12.53,1289775
2014-06-27,12.53,12.58,12.43,12.48,933433
2014-06-30,12.48,12.53,12.37,12.43,1795503
2014-07-01,12.53,12.74,12.53,12.69,2571937
2014-07-02,12.74,12.79,12.48,12.58,2273163
2014-07-03,12.53,12.63,12.48,12.53,1134202
2014-07-04,12.48,12.63,12.48,12.58,1139911
2014-07-07,12.58,12.63,12.43,12.58,2652816
2014-07-08,12.53,12.58,12.43,12.53,843039
2014-07-09,12.43,12.58,12.43,12.48,758355
2014-07-10,12.58,12.79,12.48,12.69,3149505
2014-07-11,12.74,12.79,12.58,12.58,1704158
2014-07-14,12.63,12.74,12.58,12.74,2221781
2014-07-15,12.79,12.79,12.63,12.79,1796455
2014-07-16,12.74,12.79,12.63,12.74,1152281
2014-07-17,12.74,12.79,12.69,12.74,1123260
2014-07-18,12.69,12.74,12.63,12.69,723625
2014-07-21,12.79,12.89,12.74,12.74,1745549
2014-07-22,12.79,12.84,12.69,12.84,1557625
2014-07-23,12.84,12.84,12.84,12.84,0
2014-07-24,12.84,12.89,12.74,12.79,1279308
2014-07-25,12.79,12.79,12.69,12.74,967212
2014-07-28,12.74,12.94,12.69,12.89,2273638
2014-07-29,12.94,13.0,12.79,12.89,2003885
2014-07-30,12.89,13.1,12.89,13.1,2923521
2014-07-31,13.1,13.15,12.94,12.94,2159933
2014-08-01,12.89,13.05,12.84,13.05,1191293
2014-08-04,13.05,13.05,12.89,13.0,1035245
2014-08-05,13.0,13.05,12.69,12.69,2206081
2014-08-06,12.69,12.79,12.63,12.79,1301193
2014-08-07,12.74,12.79,12.63,12.74,934385
2014-08-08,12.74,12.74,12.53,12.53,1190817
2014-08-11,12.63,12.74,12.63,12.69,630376
2014-08-12,12.74,12.79,12.69,12.79,1174642
2014-08-13,12.89,13.1,12.84,13.1,2955397
2014-08-14,13.15,13.15,12.94,13.0,1680846
2014-08-15,13.1,13.15,13.0,13.0,4879831
2014-08-18,13.1,13.36,13.05,13.05,3535820
2014-08-19,13.15,13.2,13.05,13.05,2813146
2014-08-20,13.2,13.93,13.15,13.62,20979896
2014-08-21,13.72,13.88,13.62,13.62,11108907
2014-08-22,13.72,14.08,13.72,14.08,17602503
2014-08-25,14.14,14.55,14.03,14.29,16058198
2014-08-26,14.34,14.34,14.03,14.08,6837568
2014-08-27,14.08,14.19,13.98,14.03,5527335
2014-08-28,14.08,14.19,13.98,14.03,3354081
2014-08-29,14.08,14.19,13.93,13.93,3374062
2014-09-01,14.08,14.14,13.93,14.03,2937318
2014-09-02,14.08,14.14,13.82,13.88,3399277
2014-09-03,13.98,14.14,13.88,14.03,2876897
2014-09-04,14.08,14.19,14.03,14.03,2439677
2014-09-05,14.14,14.45,14.03,14.19,5121991
2014-09-09,14.34,14.65,14.24,14.6,11232127
2014-09-10,14.6,14.91,14.5,14.55,8394718
2014-09-11,14.7,14.86,14.55,14.76,6814255
2014-09-12,14.76,14.76,14.29,14.34,6208142
2014-09-15,14.29,14.55,14.29,14.39,3882646
2014-09-16,14.5,14.5,14.24,14.29,2444911
2014-09-17,14.29,14.45,14.24,14.34,2390199
2014-09-18,14.45,14.6,14.39,14.39,3065772
2014-09-19,14.5,14.55,14.29,14.29,3356935
2014-09-22,14.34,14.34,13.77,13.93,8072631
2014-09-23,13.88,13.93,13.57,13.57,5533044
2014-09-24,13.57,13.72,13.57,13.62,3364547
2014-09-25,13.67,13.72,13.46,13.51,3101454
2014-09-26,13.46,13.77,13.36,13.67,2819806
2014-09-29,13.67,13.67,13.46,13.51,2694207
2014-09-30,13.46,13.72,13.46,13.72,2338817
2014-10-01,13.72,13.72,13.51,13.62,1511477
2014-10-02,13.62,13.77,13.51,13.67,2869285
2014-10-03,13.67,13.77,13.51,13.67,1905403
2014-10-06,13.67,13.88,13.57,13.72,2279823
2014-10-07,13.67,13.72,13.57,13.72,2344050
2014-10-08,13.67,13.77,13.57,13.57,1976291
2014-10-09,13.62,13.77,13.46,13.72,2325020
2014-10-13,13.46,13.57,13.26,13.26,4269911
2014-10-14,13.26,13.88,13.26,13.88,5173372
2014-10-15,13.88,14.08,13.72,13.98,6903222
2014-10-16,13.88,14.03,13.57,13.88,4266105
2014-10-17,14.03,14.14,13.82,13.88,3693295
2014-10-20,14.14,14.45,14.08,14.19,5816119
2014-10-21,14.19,14.45,14.08,14.08,3520595
2014-10-22,14.29,14.34,14.14,14.14,2017206
2014-10-23,14.24,14.7,14.19,14.39,9358600
2014-10-24,14.39,14.5,14.03,14.03,3304602
2014-10-27,14.03,14.14,13.72,13.72,2951115
2014-10-28,13.93,14.08,13.88,13.93,2910200
2014-10-29,14.03,14.08,13.93,14.03,2607143
2014-10-30,14.14,14.34,14.03,14.14,2941600
2014-10-31,14.29,14.55,14.24,14.39,5376520
2014-11-03,14.5,14.55,14.34,14.34,3258454
2014-11-04,14.39,14.55,14.34,14.39,3501089
2014-11-05,14.5,15.02,14.45,14.81,18918920
2014-11-06,14.86,14.86,14.6,14.65,4631486
2014-11-07,14.7,14.76,14.39,14.7,4922649
2014-11-10,14.76,15.17,14.7,14.7,9437099
2014-11-11,14.81,14.81,14.6,14.65,2811243
2014-11-12,14.6,14.7,14.29,14.39,4941203
2014-11-13,14.39,14.55,14.34,14.5,2063830
2014-11-14,14.76,15.02,14.7,14.7,13316415
2014-11-17,14.81,14.81,14.39,14.39,5972643
2014-11-18,14.39,14.45,13.46,13.77,13835465
2014-11-19,13.82,13.98,13.62,13.72,7792886
2014-11-20,13.77,14.03,13.72,13.98,4003488
2014-11-21,13.98,13.98,13.72,13.88,2687546
2014-11-24,13.98,14.03,13.82,13.98,3206596
2014-11-25,13.93,13.98,13.67,13.67,2833128
2014-11-26,13.77,13.82,13.62,13.72,2543868
2014-11-27,13.77,13.77,13.51,13.57,3605756
2014-11-28,13.82,14.19,13.82,13.98,8084524
2014-12-01,13.82,14.24,13.77,13.93,7327596
2014-12-02,13.98,14.03,13.72,13.88,3960194
2014-12-03,14.03,14.29,13.93,14.14,5653886
2014-12-04,14.24,14.55,14.14,14.39,10138364
2014-12-05,14.5,14.81,14.5,14.5,8248660
2014-12-08,14.7,14.96,14.7,14.76,11113664
2014-12-09,14.81,14.96,14.5,14.55,7056891
2014-12-10,14.55,14.55,14.24,14.24,6150576
2014-12-11,14.29,14.45,14.29,14.29,3059588
2014-12-12,14.45,14.55,14.34,14.39,3193751
2014-12-15,14.55,14.91,14.55,14.81,15025332
2014-12-16,15.02,15.22,14.7,14.7,16335564
2014-12-17,14.7,14.86,14.39,14.5,10980928
2014-12-18,14.81,15.27,14.65,15.17,24133208
2014-12-19,15.43,16.21,15.22,16.15,43129201
2014-12-22,16.15,16.72,16.0,16.15,29334651
2014-12-23,16.47,16.78,16.31,16.52,26737022
2014-12-24,16.72,16.93,16.41,16.57,17057762
2014-12-25,16.72,16.78,16.41,16.52,12638463
2014-12-26,16.47,16.57,16.21,16.36,13350670
2014-12-29,16.57,16.88,16.47,16.78,17442649
2014-12-30,16.98,17.71,16.93,17.35,26067633
2014-12-31,17.35,17.5,17.19,17.45,13480075
2015-01-05,17.55,17.86,17.35,17.45,14201798
2015-01-06,17.45,17.55,17.14,17.24,11868689
2015-01-07,17.4,18.12,17.35,17.76,33467069
2015-01-08,17.92,17.97,17.35,17.4,19980808
2015-01-09,17.6,17.92,17.55,17.76,19649206
2015-01-12,17.81,17.86,17.6,17.6,8615468
2015-01-13,17.86,18.07,17.66,17.66,15993495
2015-01-14,17.92,17.92,17.45,17.92,12332076
2015-01-15,17.92,17.92,17.24,17.45,11423857
2015-01-16,17.5,17.76,17.03,17.5,15012962
2015-01-19,17.55,17.55,17.09,17.09,5798516
2015-01-20,17.35,17.55,17.29,17.4,6504538
2015-01-21,17.6,17.76,17.45,17.5,6020694
2015-01-22,17.55,17.6,17.24,17.6,6617768
2015-01-23,17.6,17.66,17.35,17.4,8549338
2015-01-26,17.6,18.07,17.55,17.97,18239065
2015-01-27,18.23,18.38,17.97,18.12,12065177
2015-01-28,17.86,18.02,17.81,17.92,4467826
2015-01-29,18.12,18.23,17.4,17.5,13311658
2015-01-30,17.55,17.6,17.24,17.5,4985924
2015-02-02,17.29,17.29,16.72,16.78,9406651
2015-02-03,16.78,16.93,16.52,16.88,5496887
2015-02-04,16.72,16.83,16.41,16.62,9774410
2015-02-05,16.78,17.03,16.72,16.93,7871386
2015-02-06,16.88,16.88,16.62,16.88,3725646
2015-02-09,16.88,16.93,16.67,16.83,4200927
2015-02-10,16.72,16.98,16.67,16.67,3162827
2015-02-11,16.88,16.93,16.57,16.57,4235181
2015-02-12,16.72,16.88,16.57,16.88,3513935
2015-02-13,16.88,16.98,16.72,16.83,4014906
2015-02-24,16.98,17.09,16.67,16.78,5415532
2015-02-25,16.88,17.55,16.78,17.5,11603217
2015-02-26,17.4,17.66,17.29,17.6,8040279
2015-03-02,17.86,18.28,17.86,18.12,15254170
2015-03-03,18.28,18.33,17.97,18.02,5823731
2015-03-04,18.02,18.17,17.71,17.71,6189588
2015-03-05,17.81,17.97,17.5,17.55,5432184
2015-03-06,17.55,17.81,17.55,17.81,4318914
2015-03-09,17.81,17.92,17.6,17.71,3413550
2015-03-10,17.76,17.92,17.66,17.81,4319390
2015-03-11,17.81,18.64,17.81,18.33,19853305
2015-03-12,18.33,18.95,18.33,18.9,17828963
2015-03-13,19.05,19.16,18.8,18.8,12793084
2015-03-16,19.0,19.21,18.85,18.9,9421399
2015-03-17,19.16,19.36,18.95,18.95,12756450
2015-03-18,19.16,19.93,19.05,19.73,22882921
2015-03-19,19.78,19.83,19.31,19.42,14540536
2015-03-20,19.62,19.68,19.26,19.26,8877610
2015-03-23,19.26,19.62,19.11,19.21,8881892
2015-03-24,19.31,19.73,19.11,19.68,10119809
2015-03-25,19.68,19.68,19.16,19.16,8934701
2015-03-26,18.54,18.64,17.92,17.92,23208338
2015-03-27,17.92,18.02,17.5,17.81,11951947
2015-03-30,18.12,18.23,17.92,18.07,7233872
2015-03-31,18.33,18.74,18.23,18.64,11431945
2015-04-01,18.64,18.74,18.33,18.43,6381793
2015-04-02,18.23,18.54,18.23,18.38,4434047
2015-04-07,18.33,19.0,18.28,18.8,11106052
2015-04-08,18.85,19.0,18.59,18.85,8881892
2015-04-09,18.95,19.16,18.64,18.69,7610196
2015-04-10,18.8,18.85,18.43,18.43,5831819
2015-04-13,18.64,18.95,18.59,18.9,7826189
2015-04-14,18.9,19.05,18.8,18.95,7274787
2015-04-15,18.95,19.11,18.23,18.38,10788723
2015-04-16,18.28,18.43,18.12,18.33,7786701
2015-04-17,18.64,18.64,18.02,18.07,8143043
2015-04-20,17.92,18.17,16.93,17.09,17169565
2015-04-21,17.4,17.45,17.03,17.24,6485032
2015-04-22,17.29,17.66,17.09,17.6,6256193
2015-04-23,17.71,17.76,17.09,17.5,7981761
2015-04-24,17.4,17.5,16.47,16.57,18489788
2015-04-27,16.67,16.72,15.84,16.15,17663875
2015-04-28,16.15,16.62,16.15,16.47,10952383
2015-04-29,16.57,16.72,16.47,16.47,7255281
2015-04-30,16.47,16.62,16.15,16.62,8074534
2015-05-04,16.62,16.62,16.31,16.31,5601553
2015-05-05,16.31,16.52,16.31,16.47,4900288
2015-05-06,16.15,16.15,15.43,15.53,16447367
2015-05-07,15.43,15.43,15.12,15.17,11372476
2015-05-08,15.53,15.59,15.38,15.48,8841928
2015-05-11,15.69,15.74,14.96,15.22,7469372
2015-05-12,15.12,15.33,15.02,15.27,5555880
2015-05-13,15.27,15.53,15.07,15.33,6108233
2015-05-14,15.48,15.64,15.27,15.38,5673868
2015-05-15,15.43,15.48,15.02,15.02,5702889
2015-05-18,14.34,14.34,13.98,13.98,19231968
2015-05-19,13.62,13.93,13.36,13.77,16492564
2015-05-20,13.88,14.14,13.57,13.57,10273003
2015-05-21,13.46,13.46,12.69,12.84,28426908
2015-05-22,12.79,13.05,12.69,12.89,15206119
2015-05-25,12.94,13.31,12.89,13.1,13031437
2015-05-26,13.2,13.26,12.94,12.94,8612614
2015-05-27,13.0,13.05,12.74,12.84,12244061
2015-05-28,13.0,13.0,12.79,12.84,6240969
2015-05-29,12.84,13.05,12.84,12.89,6802837
2015-06-01,12.84,12.94,12.63,12.69,5734765
2015-06-02,12.63,12.69,12.43,12.53,7622565
2015-06-03,12.53,12.58,12.27,12.32,9111206
2015-06-04,12.32,12.53,11.91,11.91,11228321
2015-06-05,11.96,12.06,11.65,11.7,10351027
2015-06-08,11.65,11.65,11.18,11.49,10377194
2015-06-09,11.39,11.39,10.56,10.56,14153270
2015-06-10,10.56,11.6,10.56,11.6,16792290
2015-06-11,11.7,11.7,11.13,11.39,15971611
2015-06-12,11.34,11.49,10.98,11.03,8372833
2015-06-15,11.03,11.08,10.72,10.72,7180588
2015-06-16,10.77,10.87,10.67,10.82,4719025
2015-06-17,10.82,11.03,10.77,10.82,6012606
2015-06-18,10.82,11.49,10.82,11.29,13891605
2015-06-22,11.39,11.44,11.13,11.24,4454505
2015-06-23,11.24,11.34,11.03,11.08,7365181
2015-06-24,11.18,11.18,10.93,11.18,3848867
2015-06-25,11.18,11.49,11.18,11.29,6027830
2015-06-26,11.34,11.44,11.18,11.24,4161915
2015-06-29,11.08,11.13,10.93,10.98,3651904
2015-06-30,11.03,11.29,11.03,11.18,4494468
2015-07-01,11.24,11.6,11.08,11.55,6852792
2015-07-02,11.6,11.7,11.39,11.39,6312808
2015-07-03,11.49,11.49,11.24,11.39,4250881
2015-07-06,11.39,12.12,11.34,11.96,12516669
2015-07-07,12.37,12.74,12.32,12.43,25334493
2015-07-08,12.48,12.53,11.75,11.91,14576694
2015-07-09,11.7,12.01,11.34,11.65,11478569
2015-07-10,11.65,11.65,11.65,11.65,0
2015-07-13,12.12,12.17,11.7,11.7,8520793
2015-07-14,11.81,11.96,11.75,11.81,4530626
2015-07-15,11.96,12.84,11.96,12.48,16785154
2015-07-16,12.63,12.74,12.37,12.48,13261703
2015-07-17,12.48,12.63,12.22,12.27,6693889
2015-07-20,12.27,12.37,11.7,11.91,8100700
2015-07-21,11.96,12.22,11.91,12.12,4768980
2015-07-22,12.12,12.17,11.91,12.01,2960155
2015-07-23,11.96,12.12,11.81,11.96,4974030
2015-07-24,12.01,12.17,11.91,11.96,2358799
2015-07-27,11.86,11.96,11.44,11.44,5881298
2015-07-28,11.39,11.44,10.93,11.13,10866747
2015-07-29,11.13,11.29,11.08,11.29,4296078
2015-07-30,11.29,11.49,11.24,11.29,2889267
2015-07-31,11.29,11.39,11.13,11.24,3040557
2015-08-03,11.44,11.7,11.34,11.6,7754350
2015-08-04,11.7,11.81,11.29,11.29,6632992
2015-08-05,11.34,11.65,11.34,11.49,5188597
2015-08-06,11.6,11.65,11.29,11.29,3881694
2015-08-07,11.24,11.44,11.24,11.29,2188954
2015-08-10,11.44,11.81,11.39,11.65,5625816
2015-08-11,11.7,11.75,11.44,11.55,3406890
2015-08-12,11.44,11.55,11.29,11.34,3061491
2015-08-13,11.34,11.39,11.13,11.24,2882606
2015-08-14,11.24,11.39,11.13,11.18,2675177
2015-08-17,11.24,11.34,11.18,11.18,1762200
2015-08-18,11.24,11.34,11.08,11.08,2535780
2015-08-19,11.08,11.18,10.46,10.61,10999958
2015-08-20,10.61,10.87,10.56,10.77,5126272
2015-08-21,10.61,10.67,10.51,10.56,4601038
2015-08-24,10.36,10.41,9.51,9.53,14164213
2015-08-25,8.8,10.1,8.8,9.96,9945683
2015-08-26,9.73,10.15,9.58,10.02,4327002
2015-08-27,10.23,10.46,10.2,10.3,5646274
2015-08-28,10.46,11.29,10.41,11.29,8622129
2015-08-31,11.18,11.18,10.67,10.82,10181658
2015-09-01,10.67,10.82,10.56,10.61,3541529
2015-09-02,10.51,10.56,10.36,10.41,8257224
2015-09-03,10.51,10.51,10.36,10.46,3620028
2015-09-04,10.46,10.51,10.2,10.2,4773737
2015-09-07,10.15,10.28,10.06,10.25,1866391
2015-09-08,10.25,10.51,10.21,10.27,3061015
2015-09-09,10.51,10.72,10.41,10.61,6114418
2015-09-10,10.61,10.98,10.46,10.93,7357569
2015-09-11,10.93,10.93,10.72,10.72,3992545
2015-09-14,10.77,10.87,10.67,10.72,2913055
2015-09-15,10.72,10.82,10.61,10.67,1974388
2015-09-16,10.77,10.82,10.61,10.61,2121396
2015-09-17,10.72,10.87,10.67,10.72,4047733
2015-09-18,10.77,10.77,10.56,10.56,3368353
2015-09-21,10.56,10.61,10.36,10.46,3277960
2015-09-22,10.51,10.51,10.36,10.41,2506759
2015-09-23,10.36,10.36,10.25,10.27,3477302
2015-09-24,10.36,10.36,10.1,10.11,3563889
2015-09-25,10.11,10.14,9.85,9.93,4523965
2015-09-29,9.93,9.93,9.93,9.93,0
2015-09-30,9.85,9.94,9.68,9.85,3711849
2015-10-01,9.94,10.21,9.89,10.18,4850810
2015-10-02,10.18,10.18,10.08,10.11,2040994
2015-10-05,10.18,10.22,10.11,10.13,1662767
2015-10-06,10.23,10.31,10.18,10.24,3585774
2015-10-07,10.24,10.33,10.11,10.33,2776513
2015-10-08,10.41,10.51,10.21,10.24,3234190
2015-10-12,10.28,10.46,10.27,10.36,3104309
2015-10-13,10.41,10.46,10.35,10.46,3171866
2015-10-14,10.41,10.61,10.36,10.46,3681877
2015-10-15,10.56,10.56,10.46,10.51,2809816
2015-10-16,10.56,10.61,10.46,10.46,2235102
2015-10-19,10.46,10.56,10.36,10.41,2637592
2015-10-20,10.46,10.46,10.36,10.46,2647107
2015-10-21,10.46,10.51,10.32,10.35,2693255
2015-10-22,10.3,10.51,10.3,10.35,3365499
2015-10-23,10.46,10.67,10.36,10.41,4893628
2015-10-26,10.51,10.61,10.46,10.51,2438250
2015-10-27,10.46,10.56,10.41,10.51,1873052
2015-10-28,10.51,10.56,10.36,10.41,2902112
2015-10-29,10.41,10.46,10.3,10.3,2212266
2015-10-30,10.36,10.41,10.15,10.24,2544819
2015-11-02,10.19,10.28,10.19,10.28,1660864
2015-11-03,10.36,10.41,10.25,10.36,4028703
2015-11-04,10.41,10.51,10.36,10.46,3081472
2015-11-05,10.46,10.51,10.36,10.41,2005312
2015-11-06,10.41,10.41,10.2,10.2,3581968
2015-11-09,10.2,10.23,10.03,10.03,3445902
2015-11-10,9.94,9.94,9.8,9.84,3000594
2015-11-11,9.84,9.86,9.58,9.59,5053958
2015-11-12,9.59,9.68,9.53,9.57,2471077
2015-11-13,9.38,9.57,9.37,9.37,4385520
2015-11-16,8.7,9.32,8.52,9.12,10302976
2015-11-17,9.13,9.52,9.13,9.44,4869840
2015-11-18,9.56,9.62,9.3,9.33,2991554
2015-11-19,9.36,9.46,9.28,9.28,3474923
2015-11-20,9.29,9.32,9.02,9.03,4484477
2015-11-23,9.08,9.11,8.91,8.95,3022479
2015-11-24,9.06,9.08,8.96,9.03,2461562
2015-11-25,9.06,9.11,8.84,8.84,2931133
2015-11-26,8.84,9.21,8.84,9.13,4328429
2015-11-27,8.96,9.08,8.76,8.76,11287315
2015-11-30,8.73,8.73,8.09,8.39,62185140
2015-12-01,8.43,8.6,8.4,8.41,9272488
2015-12-02,8.49,8.6,8.43,8.43,5132933
2015-12-03,8.43,8.43,8.29,8.35,6579708
2015-12-04,8.28,8.35,8.26,8.29,4828925
2015-12-07,8.35,8.42,8.28,8.32,5263290
2015-12-08,8.31,8.32,8.08,8.09,8085476
2015-12-09,8.08,8.36,8.08,8.31,8107361
2015-12-10,8.36,8.4,8.17,8.17,4144787
2015-12-11,8.21,8.28,8.12,8.12,4112912
2015-12-14,7.97,7.98,7.79,7.79,7794313
2015-12-15,7.87,7.93,7.8,7.83,5015421
2015-12-16,7.96,8.34,7.89,8.15,6468381
2015-12-17,8.34,8.65,8.29,8.53,8195851
2015-12-18,8.57,8.6,8.4,8.4,5092018
2015-12-21,8.38,8.68,8.34,8.65,5463584
2015-12-22,8.66,8.75,8.49,8.52,3653331
2015-12-23,8.58,8.6,8.46,8.46,2880227
2015-12-24,8.5,8.77,8.47,8.58,8364269
2015-12-25,8.65,9.09,8.58,8.99,10587954
2015-12-28,9.03,9.42,9.03,9.08,8968479
2015-12-29,9.2,9.2,8.85,8.85,6138206
2015-12-30,8.99,9.13,8.93,8.98,5225706
2015-12-31,9.05,9.07,8.99,9.0,3594338
2016-01-04,9.12,9.15,8.62,8.62,5466438
2016-01-05,8.61,8.71,8.49,8.54,3234666
2016-01-06,8.69,8.74,8.43,8.49,3510604
2016-01-07,8.5,8.57,8.18,8.21,5128176
2016-01-08,8.21,8.4,8.18,8.27,3041985
2016-01-11,8.28,8.28,7.97,8.09,3162351
2016-01-12,8.17,8.2,7.97,7.98,2840740
2016-01-13,8.04,8.2,7.98,7.99,4249930
2016-01-14,7.94,7.99,7.85,7.94,2836458
2016-01-15,8.08,8.08,7.88,7.88,2108075
2016-01-18,7.77,8.25,7.77,8.22,3917852
2016-01-19,8.31,8.32,8.13,8.17,2080006
2016-01-20,8.17,8.17,7.92,7.97,2474407
2016-01-21,8.0,8.08,7.94,7.96,1610434
2016-01-22,8.1,8.12,7.98,8.0,1186535
2016-01-25,8.14,8.14,8.05,8.07,1267890
2016-01-26,8.06,8.11,8.06,8.08,907267
2016-01-27,8.11,8.13,8.05,8.05,1319747
2016-01-28,8.05,8.21,8.05,8.18,1856400
2016-01-29,8.28,8.28,8.11,8.16,2246044
2016-02-01,8.54,8.55,8.37,8.4,2217023
2016-02-02,8.38,8.44,8.33,8.39,1434404
2016-02-03,8.34,8.37,8.28,8.28,1904927
2016-02-15,8.13,8.35,8.13,8.25,1579510
2016-02-16,8.28,8.44,8.27,8.44,1768385
2016-02-17,8.44,8.47,8.35,8.35,1048566
2016-02-18,8.39,8.46,8.35,8.36,1186060
2016-02-19,8.36,8.73,8.36,8.67,9534154
2016-02-22,8.73,8.85,8.6,8.71,5934582
2016-02-23,8.78,8.89,8.7,8.81,4585813
2016-02-24,8.81,9.1,8.79,9.0,7464614
2016-02-25,9.06,9.08,8.92,8.93,3019624
2016-02-26,8.94,9.11,8.85,9.11,6594932
2016-03-01,9.17,9.22,9.06,9.07,3269872
2016-03-02,9.19,9.38,9.13,9.25,9105973
2016-03-03,9.32,9.37,9.22,9.25,4521111
2016-03-04,9.31,9.39,9.28,9.35,4002536
2016-03-07,9.36,9.65,9.36,9.52,5367481
2016-03-08,9.57,10.3,9.57,9.77,13623754
2016-03-09,9.77,9.77,9.42,9.45,5761883
2016-03-10,9.46,9.55,9.38,9.42,3025809
2016-03-11,9.37,9.41,9.17,9.32,6613486
2016-03-14,9.4,9.42,9.3,9.34,3438290
2016-03-15,9.39,9.4,8.97,8.97,5717637
2016-03-16,8.99,9.17,8.99,9.14,3469689
2016-03-17,9.23,9.29,9.11,9.15,2444435
2016-03-18,9.16,9.2,9.05,9.09,2805534
2016-03-21,9.09,9.09,8.97,8.98,2372596
2016-03-22,8.98,9.06,8.82,8.91,1844506
2016-03-23,8.92,8.99,8.83,8.86,1298814
2016-03-24,8.86,8.9,8.75,8.85,1579510
2016-03-25,8.87,8.99,8.86,8.93,1398723
2016-03-28,8.91,9.04,8.8,8.99,4454505
2016-03-29,9.01,9.03,8.85,8.85,1627561
2016-03-30,8.87,8.91,8.84,8.84,1315465
2016-03-31,8.86,8.96,8.78,8.87,2138048
2016-04-01,8.87,8.87,8.73,8.77,1921579
2016-04-06,8.77,8.77,8.49,8.57,2064306
2016-04-07,8.54,8.67,8.53,8.6,1159893
2016-04-08,8.54,8.87,8.54,8.83,2223208
2016-04-11,8.91,8.91,8.77,8.91,1622804
2016-04-12,8.96,9.13,8.9,9.03,4488759
2016-04-13,9.11,9.12,9.01,9.03,2151369
2016-04-14,9.06,9.26,9.06,9.14,4673828
2016-04-15,9.19,9.19,9.06,9.07,1956309
2016-04-18,9.06,9.07,8.9,8.91,2248423
2016-04-19,9.01,9.01,8.78,8.78,1791697
2016-04-20,8.8,8.87,8.55,8.6,2400665
2016-04-21,8.63,8.71,8.55,8.58,1854497
2016-04-22,8.58,8.64,8.55,8.6,1375886
2016-04-25,8.6,8.65,8.54,8.58,1269317
2016-04-26,8.71,8.95,8.65,8.92,4813701
2016-04-27,9.06,9.24,8.99,9.21,9232048
2016-04-28,9.15,9.23,9.01,9.01,3964000
2016-04-29,8.99,8.99,8.81,8.83,2718470
2016-05-03,8.98,8.98,8.7,8.7,2296950
2016-05-04,8.7,8.71,8.49,8.49,3374062
2016-05-05,8.49,8.54,8.39,8.41,2870712
2016-05-06,8.4,8.65,8.39,8.57,2830273
2016-05-09,8.6,8.7,8.36,8.39,2436347
2016-05-10,8.39,8.47,8.29,8.34,2053363
2016-05-11,8.37,8.41,8.28,8.28,1869721
2016-05-12,8.28,8.31,8.17,8.18,2659952
2016-05-13,8.18,8.22,7.97,8.07,3750386
2016-05-16,8.05,8.26,7.94,8.17,2186099
2016-05-17,8.08,8.22,8.05,8.1,2784125
2016-05-18,8.12,8.12,7.98,8.0,3288902
2016-05-19,8.0,8.04,7.89,7.92,4101018
2016-05-20,7.92,7.98,7.88,7.92,2751773
2016-05-23,7.92,8.0,7.88,7.94,3806049
2016-05-24,8.16,8.16,7.96,8.03,3017245
2016-05-25,8.09,8.12,7.99,8.12,3270348
2016-05-26,8.16,8.17,7.99,7.99,2304087
2016-05-27,8.0,8.06,7.97,8.02,1418229
2016-05-30,8.02,8.11,8.02,8.05,1774094
2016-05-31,8.05,8.23,8.0,8.07,2757482
2016-06-01,8.06,8.2,8.06,8.18,3803195
2016-06-02,8.19,8.2,8.09,8.17,2432065
2016-06-03,8.16,8.17,8.07,8.08,2655195
2016-06-06,8.08,8.1,8.02,8.04,1189390
2016-06-07,8.07,8.08,7.95,8.04,1719382
2016-06-08,8.04,8.11,8.02,8.08,2758434
2016-06-13,7.97,8.07,7.91,7.94,1421083
2016-06-14,7.94,7.99,7.89,7.91,1831661
2016-06-15,7.91,7.96,7.87,7.91,1957736
2016-06-16,7.91,7.91,7.83,7.89,2308844
2016-06-17,7.94,7.94,7.86,7.86,1402053
2016-06-20,7.93,7.93,7.88,7.92,1152757
2016-06-21,7.95,7.95,7.91,7.92,686991
2016-06-22,7.92,8.17,7.91,8.17,3797961
2016-06-23,8.17,8.18,8.05,8.17,2039091
2016-06-24,8.1,8.16,7.89,8.03,2933036
2016-06-27,7.93,8.02,7.91,7.99,870158
2016-06-28,7.96,8.0,7.91,7.98,7612
2016-06-29,7.99,8.11,7.98,8.0,2014827
2016-06-30,8.1,8.23,8.03,8.13,3640486
2016-07-01,8.15,8.21,8.02,8.04,2657098
2016-07-04,8.09,8.13,8.03,8.13,2631883
2016-07-05,8.08,8.12,8.03,8.05,2241287
2016-07-06,8.03,8.03,7.94,7.94,1692264
2016-07-07,7.97,7.99,7.92,7.93,1732228
2016-07-08,7.93,7.93,7.93,7.93,0
2016-07-11,7.97,8.05,7.94,7.95,1899694
2016-07-12,7.97,7.98,7.92,7.94,1882567
2016-07-13,7.94,7.97,7.9,7.92,1525750
2016-07-14,7.92,8.0,7.9,7.98,2785076
2016-07-15,8.03,8.09,7.94,7.95,3731355
2016-07-18,7.95,7.97,7.93,7.94,2842643
2016-07-19,7.94,7.96,7.91,7.94,2663283
2016-07-20,7.94,7.94,7.89,7.89,2708004
2016-07-21,7.91,7.98,7.9,7.97,4145739
2016-07-22,7.97,7.97,7.9,7.9,3122387
2016-07-25,7.9,7.94,7.85,7.86,3330293
2016-07-26,7.86,7.87,7.78,7.81,3240851
2016-07-27,7.82,7.83,7.77,7.78,3085754
2016-07-28,7.78,7.79,7.62,7.65,5605359
2016-07-29,7.66,7.68,7.55,7.57,4041073
2016-08-01,7.6,7.76,7.59,7.75,3719461
2016-08-02,7.75,7.77,7.64,7.66,2431589
2016-08-03,7.6,7.63,7.59,7.61,1921103
2016-08-04,7.61,7.63,7.58,7.59,1173690
2016-08-05,7.6,7.66,7.59,7.64,1051421
2016-08-08,7.65,7.69,7.59,7.61,1364468
2016-08-09,7.61,7.64,7.58,7.61,1189866
2016-08-10,7.61,7.65,7.59,7.64,1190817
2016-08-11,7.65,7.65,7.59,7.65,1660864
2016-08-12,7.66,7.69,7.64,7.64,1660864
2016-08-15,7.64,7.64,7.59,7.6,1275026
2016-08-16,7.56,7.62,7.56,7.59,1696546
2016-08-17,7.57,7.59,7.4,7.48,3292708
2016-08-18,7.46,7.46,7.35,7.36,4054870
2016-08-19,7.36,7.38,7.25,7.28,4192363
2016-08-22,7.25,7.32,7.24,7.31,2307417
2016-08-23,7.34,7.53,7.34,7.49,3039130
2016-08-24,7.51,7.53,7.42,7.46,1268366
2016-08-25,7.44,7.46,7.38,7.45,1016690
2016-08-26,7.46,7.48,7.41,7.47,973397
2016-08-29,7.48,7.53,7.46,7.48,1183681
2016-08-30,7.46,7.47,7.36,7.37,1159893
2016-08-31,7.34,7.64,7.34,7.56,4459262
2016-09-01,7.62,8.2,7.6,8.15,18235734
2016-09-02,8.24,8.47,7.81,7.84,18411288
2016-09-05,7.97,8.03,7.64,7.66,9417593
2016-09-06,7.64,7.67,7.56,7.57,5840858
2016-09-07,7.74,7.81,7.55,7.56,8143043
2016-09-08,7.56,7.66,7.4,7.44,10616975
2016-09-09,7.46,7.51,7.4,7.41,6071600
2016-09-12,7.41,7.41,7.31,7.32,3580541
2016-09-13,7.33,7.39,7.25,7.3,4395511
2016-09-14,7.41,7.5,7.33,7.35,4428814
2016-09-19,7.38,7.41,7.34,7.34,2318359
2016-09-20,7.36,7.44,7.36,7.39,2208936
2016-09-21,7.4,7.41,7.37,7.39,1655631
2016-09-22,7.4,7.41,7.34,7.4,2167545
2016-09-23,7.44,7.48,7.41,7.46,2504380
2016-09-26,7.46,7.48,7.38,7.4,1475319
2016-09-27,7.4,7.4,7.4,7.4,0
2016-09-28,7.4,7.4,7.4,7.4,0
2016-09-29,7.4,7.44,7.34,7.34,1928715
2016-09-30,7.35,7.42,7.34,7.37,2283153
2016-10-03,7.42,7.44,7.35,7.35,2091424
2016-10-04,7.35,7.4,7.32,7.35,1952503
2016-10-05,7.35,7.36,7.3,7.32,1166078
2016-10-06,7.32,7.37,7.31,7.33,987194
2016-10-07,7.33,7.35,7.31,7.33,1475795
2016-10-11,7.3,7.31,7.24,7.25,5035879
2016-10-12,7.24,7.25,7.15,7.19,2787455
2016-10-13,7.15,7.22,7.15,7.15,2512944
2016-10-14,7.1,7.18,7.05,7.06,2874994
2016-10-17,7.07,7.07,6.91,6.92,4292748
2016-10-18,6.92,7.03,6.92,7.0,2137096
2016-10-19,7.07,7.07,7.0,7.01,1441541
2016-10-20,7.03,7.39,7.01,7.35,5276611
2016-10-21,7.4,7.41,7.28,7.28,2913055
2016-10-24,7.32,7.35,7.29,7.34,1344487
2016-10-25,7.34,7.34,7.26,7.26,1162748
2016-10-26,7.26,7.28,7.23,7.26,1492447
2016-10-27,7.26,7.3,7.24,7.24,856836
2016-10-28,7.25,7.25,7.21,7.22,891567
2016-10-31,7.19,7.35,7.11,7.26,2031478
2016-11-01,7.26,7.3,7.21,7.25,1231732
2016-11-02,7.25,7.25,7.18,7.19,982912
2016-11-03,7.09,7.12,7.0,7.01,3332672
2016-11-04,6.94,7.07,6.94,7.04,2171827
2016-11-07,7.06,7.21,7.06,7.09,2781270
2016-11-08,6.39,6.39,6.39,6.39,4221384
2016-11-09,5.93,6.15,5.76,5.76,37768856
2016-11-10,6.03,6.04,5.87,5.91,8766759
2016-11-11,5.91,6.02,5.79,5.86,6379890
2016-11-14,5.84,6.33,5.83,6.28,12651308
2016-11-15,6.28,6.28,6.11,6.13,4538238
2016-11-16,6.34,6.56,6.24,6.24,8830510
2016-11-17,6.32,6.37,6.24,6.27,3486341
2016-11-18,6.33,6.46,6.32,6.33,5314196
2016-11-21,6.34,6.37,6.23,6.25,3896443
2016-11-22,6.28,6.3,6.15,6.15,4994012
2016-11-23,6.16,6.17,5.9,5.96,8221542
2016-11-24,5.96,6.05,5.9,5.9,5438844
2016-11-25,5.92,6.04,5.92,5.99,2892597
2016-11-28,6.01,6.01,5.91,5.94,4151924
2016-11-29,5.94,6.0,5.93,5.95,2432541
2016-11-30,5.96,6.0,5.86,5.95,4748998
2016-12-01,5.95,5.95,5.85,5.88,3170439
2016-12-02,5.9,5.9,5.8,5.8,5377472
2016-12-05,5.8,5.84,5.54,5.59,8783886
2016-12-06,5.55,5.58,5.23,5.27,15855050
2016-12-07,5.27,5.36,5.17,5.31,10620781
2016-12-08,5.34,5.38,5.26,5.29,5493556
2016-12-09,5.29,5.31,5.19,5.2,4928358
2016-12-12,5.23,5.26,5.2,5.2,4424056
2016-12-13,5.19,5.2,4.84,4.89,20790545
2016-12-14,4.82,4.87,4.56,4.59,24135587
2016-12-15,4.59,5.04,4.59,5.04,22485189
2016-12-16,5.11,5.41,5.09,5.13,33838159
2016-12-19,5.24,5.29,5.08,5.14,12596596
2016-12-20,5.12,5.13,4.86,4.88,11148870
2016-12-21,4.89,4.97,4.86,4.86,5167663
2016-12-22,4.92,4.93,4.79,4.83,4304642
2016-12-23,4.87,5.18,4.86,4.95,9954246
2016-12-26,5.05,5.14,4.97,4.98,4955476
2016-12-27,5.03,5.08,4.93,4.95,4395511
2016-12-28,4.95,4.99,4.77,4.84,6679616
2016-12-29,4.86,4.9,4.8,4.83,4148118
2016-12-30,4.85,5.05,4.83,4.99,8105458
2017-01-03,5.12,5.21,5.04,5.11,10965228
2017-01-04,5.13,5.16,5.03,5.06,5260911
2017-01-05,5.06,5.16,5.06,5.14,5839431
2017-01-06,5.16,5.25,5.15,5.19,8511754
2017-01-09,5.23,5.27,5.15,5.16,5224754
2017-01-10,5.18,5.24,5.17,5.19,3969233
2017-01-11,5.2,5.57,5.2,5.36,18633942
2017-01-12,5.44,5.58,5.44,5.56,12709350
2017-01-13,5.66,5.77,5.59,5.72,15056256
2017-01-16,5.8,5.8,5.5,5.5,11037067
2017-01-17,5.5,5.64,5.49,5.54,6477420
2017-01-18,5.54,5.64,5.51,5.62,4571541
2017-01-19,5.72,5.88,5.65,5.78,11395788
2017-01-20,5.8,5.85,5.73,5.75,5483565
2017-01-23,5.94,5.94,5.77,5.78,5510208
2017-01-24,5.78,5.89,5.66,5.79,8437536
2017-02-02,5.8,5.99,5.75,5.94,8795304
2017-02-03,6.0,6.53,6.0,6.5,22892436
2017-02-06,6.51,6.91,6.51,6.58,23254962
2017-02-07,6.58,6.68,6.31,6.35,13083771
2017-02-08,6.31,6.31,6.12,6.12,15676642
2017-02-09,6.12,6.31,5.93,6.02,13271694
2017-02-10,6.02,6.17,6.02,6.04,8919477
2017-02-13,6.17,6.19,6.02,6.03,7672995
2017-02-14,6.04,6.06,5.83,5.88,9695435
2017-02-15,5.92,6.34,5.92,6.23,18942708
2017-02-16,6.32,6.39,6.09,6.14,9359075
2017-02-17,6.21,6.21,6.1,6.2,5179557
2017-02-20,6.47,6.83,6.47,6.83,39005823
2017-02-21,7.04,7.44,7.04,7.24,56752004
2017-02-22,7.46,7.47,7.16,7.17,23651267
2017-02-23,7.17,7.25,6.95,7.0,12780714
2017-02-24,7.06,7.3,7.0,7.19,15016768
2017-03-01,7.25,7.79,7.23,7.62,39432576
2017-03-02,7.82,8.21,7.57,7.68,45564597
2017-03-03,7.68,7.68,7.46,7.59,12496212
2017-03-06,7.66,7.77,7.63,7.66,9182570
2017-03-07,7.66,7.74,7.56,7.61,7838559
2017-03-08,7.74,7.99,7.66,7.74,14600481
2017-03-09,7.87,7.87,7.64,7.64,6459341
2017-03-10,7.68,7.71,7.28,7.45,11778296
2017-03-13,7.56,7.64,7.46,7.47,6450778
2017-03-14,7.47,7.56,7.35,7.38,6785710
2017-03-15,7.46,7.53,7.35,7.41,5458350
2017-03-16,7.59,7.59,7.44,7.45,4749949
2017-03-17,7.46,7.55,7.32,7.32,9534629
2017-03-20,7.32,7.33,6.83,7.3,13605675
2017-03-21,7.32,7.51,7.21,7.24,7760059
2017-03-22,7.21,7.21,7.05,7.12,6473614
2017-03-23,7.12,7.19,7.04,7.05,6332790
2017-03-24,7.07,7.23,7.05,7.15,7177733
2017-03-27,7.11,7.11,6.87,6.87,10025610
2017-03-28,6.87,7.01,6.73,6.8,7456051
2017-03-29,6.83,7.15,6.83,7.12,8862386
2017-03-30,7.28,7.3,7.13,7.16,9336239
2017-03-31,7.2,7.28,7.19,7.24,7694404
2017-04-05,7.38,7.38,7.25,7.32,10214961
2017-04-06,7.35,7.46,7.3,7.3,7904213
2017-04-07,7.35,7.42,7.28,7.42,9398087
2017-04-10,7.53,7.59,7.32,7.34,9604090
2017-04-11,7.34,7.35,7.04,7.1,10115052
2017-04-12,7.04,7.2,6.94,7.2,7372317
2017-04-13,7.2,7.2,7.04,7.05,3258929
2017-04-14,6.99,7.02,6.83,6.83,6802362
2017-04-17,6.73,6.78,6.38,6.47,9752050
2017-04-18,6.47,6.71,6.46,6.52,4568686
2017-04-19,6.51,6.51,6.33,6.37,6658207
2017-04-20,6.37,6.37,6.37,6.37,0
2017-04-21,6.37,6.37,6.37,6.37,0
2017-04-24,6.37,6.37,6.37,6.37,0
2017-04-25,6.37,6.37,6.37,6.37,0
2017-04-26,6.37,6.37,6.37,6.37,0
2017-04-27,6.37,6.37,6.37,6.37,0
2017-04-28,6.37,6.37,6.37,6.37,0
2017-05-02,6.37,6.37,6.37,6.37,0
2017-05-03,6.37,6.37,6.37,6.37,0
2017-05-04,6.75,6.75,6.41,6.44,6673789
2017-05-05,6.48,6.48,6.15,6.19,5577272
2017-05-08,6.19,6.24,5.76,5.76,10129295
2017-05-09,5.66,5.66,5.35,5.35,11137236
2017-05-10,5.32,5.66,5.3,5.49,7404801
2017-05-11,5.56,5.76,5.54,5.66,7064748
2017-05-12,5.71,5.76,5.49,5.52,3889226
2017-05-15,5.56,5.69,5.52,5.54,2892484
2017-05-16,5.59,5.61,5.52,5.54,1807166
2017-05-17,5.54,5.56,5.52,5.56,2692932
2017-05-18,5.49,5.56,5.47,5.54,1771532
2017-05-19,5.66,5.73,5.61,5.66,5506003
2017-05-22,5.69,5.73,5.59,5.59,2402767
2017-05-23,5.71,5.71,5.56,5.61,2556504
2017-05-24,5.61,5.64,5.56,5.56,1835673
2017-05-25,5.61,6.12,5.56,6.1,17739757
2017-05-26,6.1,6.41,5.95,6.19,23016684
2017-05-31,6.17,6.53,6.15,6.27,10623084
2017-06-01,6.29,6.39,6.27,6.34,4752593
2017-06-02,6.39,6.41,6.22,6.22,4772955
2017-06-05,6.24,6.29,6.15,6.22,4288329
2017-06-06,6.39,6.48,6.24,6.24,4817753
2017-06-07,6.22,6.29,6.15,6.17,2991242
2017-06-08,6.19,6.29,6.17,6.17,3732435
2017-06-09,6.22,6.24,6.1,6.17,2331499
2017-06-12,6.19,6.24,6.07,6.1,3002441
2017-06-13,6.31,6.44,6.19,6.19,8744649
2017-06-14,6.19,6.19,5.88,5.98,7938297
2017-06-15,6.02,6.1,5.95,6.02,2830379
2017-06-16,6.02,6.05,5.93,5.93,3006514
2017-06-19,5.9,5.98,5.83,5.88,4670125
2017-06-20,5.9,6.1,5.9,6.05,6365298
2017-06-21,6.05,6.1,5.98,6.07,4000201
2017-06-22,6.12,6.17,6.05,6.05,6591321
2017-06-23,6.1,6.1,6.0,6.0,2881285
2017-06-26,6.05,6.1,6.0,6.02,3397473
2017-06-27,6.02,6.1,5.98,6.0,2248013
2017-06-28,6.0,6.0,5.93,5.93,3218283
2017-06-29,5.95,6.17,5.95,6.07,6953773
2017-06-30,6.1,6.15,6.02,6.07,3126652
2017-07-03,6.12,6.39,6.12,6.36,15768673
2017-07-04,6.41,6.82,6.41,6.58,36553634
2017-07-05,6.7,6.73,6.44,6.46,12435342
2017-07-06,6.56,6.56,6.46,6.48,5366521
2017-07-07,6.46,6.48,6.36,6.39,5354303
2017-07-10,6.46,6.65,6.46,6.61,8770102
2017-07-11,6.56,6.63,6.46,6.53,5380774
2017-07-12,6.53,6.61,6.48,6.53,4584603
2017-07-13,6.61,6.73,6.56,6.73,10383826
2017-07-14,6.7,6.75,6.63,6.65,5935651
2017-07-17,6.61,6.65,6.44,6.46,8547134
2017-07-18,6.48,6.58,6.46,6.56,4712886
2017-07-19,6.53,6.63,6.48,6.48,6501727
2017-07-20,6.51,6.53,6.44,6.44,2958662
2017-07-21,6.46,6.53,6.39,6.48,2824270
2017-07-24,6.48,6.51,6.44,6.51,2549377
2017-07-25,6.51,6.51,6.41,6.46,2230705
2017-07-26,6.46,6.51,6.39,6.39,4024636
2017-07-27,6.34,6.46,6.34,6.41,4485845
2017-07-28,6.39,6.41,6.36,6.41,3968639
2017-07-31,6.44,6.53,6.36,6.51,4756665
2017-08-01,6.53,6.61,6.46,6.46,7332514
2017-08-02,6.51,6.65,6.48,6.58,7652204
2017-08-03,6.58,6.63,6.51,6.58,4955199
2017-08-04,6.63,6.68,6.58,6.63,4334145
2017-08-07,6.63,6.68,6.56,6.65,4503153
2017-08-08,6.68,6.97,6.68,6.87,16498667
2017-08-09,6.87,6.97,6.82,6.92,10780893
2017-08-10,6.92,6.92,6.63,6.63,10450004
2017-08-11,6.56,6.75,6.53,6.73,8404597
2017-08-14,6.92,7.21,6.87,6.87,36580105
2017-08-15,7.04,7.19,7.04,7.19,25067181
2017-08-16,7.21,7.69,7.21,7.57,37339624
2017-08-17,7.72,7.82,7.62,7.65,30762556
2017-08-18,7.55,7.86,7.48,7.86,22632852
2017-08-21,7.86,8.2,7.84,8.13,28819822
2017-08-22,8.13,8.18,7.98,8.06,14280791
2017-08-23,8.06,8.27,8.06,8.18,20179963
2017-08-24,8.18,8.23,8.11,8.23,8316474
2017-08-25,8.23,8.49,8.18,8.18,13906877
2017-08-28,8.23,8.23,7.89,7.89,21109437
2017-08-29,7.94,8.08,7.86,8.01,8914481
2017-08-30,8.08,8.3,8.08,8.23,16002557
2017-08-31,8.23,8.23,8.08,8.11,10756622
2017-09-01,8.11,8.15,7.94,7.96,7539933
2017-09-04,7.94,7.94,7.74,7.84,8585958
2017-09-05,7.84,7.94,7.79,7.84,6037591
2017-09-06,7.79,7.82,7.6,7.67,9364043
2017-09-07,7.69,7.74,7.6,7.69,5600988
2017-09-08,7.69,7.74,7.6,7.72,5106034
2017-09-11,7.79,7.79,7.52,7.55,6263679
2017-09-12,7.69,7.72,7.36,7.4,11157291
2017-09-13,7.4,7.4,7.21,7.21,10543596
2017-09-14,7.23,7.26,7.06,7.14,11392111
2017-09-15,7.11,7.21,7.02,7.11,9951758
2017-09-18,7.06,7.19,7.06,7.11,7375761
2017-09-19,7.19,7.43,7.19,7.33,11894213
2017-09-20,7.45,7.45,7.09,7.16,9418342
2017-09-21,7.16,7.28,7.14,7.16,5984191
2017-09-22,7.16,7.19,6.9,6.92,11259313
2017-09-25,6.82,6.85,6.27,6.31,27376904
2017-09-26,6.31,6.48,6.31,6.36,10944998
2017-09-27,6.39,6.46,6.36,6.44,5413973
2017-09-28,6.48,6.53,6.29,6.36,10918092
2017-09-29,6.26,6.33,6.16,6.21,23824026
2017-10-02,6.31,6.33,6.23,6.23,7131592
2017-10-03,6.28,6.36,6.23,6.23,6442309
2017-10-05,6.26,6.31,6.23,6.26,5713092
2017-10-06,6.28,6.4,6.28,6.33,20333027
2017-10-11,6.33,6.36,6.16,6.18,7279389
2017-10-12,6.21,6.21,6.06,6.06,8445478
2017-10-13,6.08,6.21,6.08,6.16,5086003
2017-10-16,6.21,6.21,6.11,6.11,4527714
2017-10-17,6.13,6.16,6.06,6.06,4955183
2017-10-18,6.06,6.18,6.04,6.04,8315236
2017-10-19,6.08,6.11,6.04,6.04,4149230
2017-10-20,6.04,6.11,6.01,6.06,6068277
2017-10-23,6.13,6.16,6.06,6.13,6302567
2017-10-24,6.13,6.23,6.08,6.18,11829606
2017-10-25,6.23,6.28,6.13,6.13,10535289
2017-10-26,6.13,6.16,6.08,6.08,4072665
2017-10-27,6.11,6.13,6.06,6.08,5017584
2017-10-30,6.16,6.21,6.08,6.08,17589201
2017-10-31,6.13,6.13,6.06,6.08,4960840
2017-11-01,6.06,6.11,6.04,6.04,4846776
2017-11-02,6.04,6.08,5.99,6.04,11204492
2017-11-03,6.01,6.06,5.96,6.01,6843436
2017-11-06,6.01,6.01,5.94,5.99,6838948
2017-11-07,5.96,5.99,5.94,5.94,3546495
2017-11-08,5.94,6.01,5.94,5.96,4246712
2017-11-09,6.01,6.08,6.01,6.01,6704374
2017-11-10,6.11,6.13,6.01,6.01,12779018
2017-11-13,6.06,6.08,5.96,5.99,6645146
2017-11-14,6.04,6.06,5.96,5.96,5104051
2017-11-15,5.99,5.99,5.94,5.94,4694551
2017-11-16,5.96,5.96,5.91,5.94,4404661
2017-11-17,5.96,5.96,5.91,5.94,4800553
2017-11-20,5.94,5.94,5.89,5.91,4006681
2017-11-21,5.94,5.99,5.94,5.94,6036647
2017-11-22,5.99,6.04,5.96,5.99,6392700
2017-11-23,5.99,6.01,5.96,5.99,4386826
2017-11-24,5.99,6.04,5.96,5.99,4660793
2017-11-27,6.01,6.04,5.99,5.99,3707438
2017-11-28,6.04,6.28,6.04,6.18,20222818
2017-11-29,6.16,6.16,6.06,6.06,6326503
2017-11-30,6.01,6.01,5.91,5.91,28513359
2017-12-01,5.94,5.99,5.89,5.91,14298902
2017-12-04,5.91,5.94,5.76,5.89,17776745
2017-12-05,5.91,5.94,5.81,5.81,6837637
2017-12-06,5.84,5.86,5.54,5.62,11632441
2017-12-07,5.62,5.67,5.57,5.57,5668355
2017-12-08,5.59,5.62,5.49,5.52,6651061
2017-12-11,5.57,5.69,5.52,5.67,4989611
2017-12-12,5.57,5.62,5.52,5.54,3233577
2017-12-13,5.59,5.67,5.59,5.64,3473073
2017-12-14,5.69,5.74,5.62,5.62,5830876
2017-12-15,5.64,5.64,5.57,5.62,2618058
2017-12-18,5.62,5.64,5.54,5.54,2537609
2017-12-19,5.57,5.59,5.54,5.59,1726791
2017-12-20,5.59,5.59,5.54,5.54,2245136
2017-12-21,5.57,5.64,5.54,5.57,7698854
2017-12-22,5.57,5.62,5.57,5.57,2130302
2017-12-25,5.59,5.62,5.54,5.54,3085231
2017-12-26,5.57,5.64,5.49,5.52,5836354
2017-12-27,5.52,5.54,5.49,5.52,3285107
2017-12-28,5.54,5.74,5.54,5.67,17036138
2017-12-29,5.67,5.69,5.62,5.67,3143418
2018-01-02,5.71,6.18,5.69,6.11,56317862
2018-01-03,6.11,6.18,5.96,5.99,27147014
2018-01-04,5.99,6.04,5.94,5.99,10333549
2018-01-05,6.06,6.16,6.06,6.06,15735492
2018-01-08,6.08,6.11,6.01,6.08,11489186
2018-01-09,6.06,6.11,5.96,6.01,6235879
2018-01-10,6.01,6.01,5.91,5.91,7607580
2018-01-11,5.91,6.06,5.86,5.86,8109139
2018-01-12,5.91,5.96,5.89,5.91,3538566
2018-01-15,5.96,6.01,5.89,5.91,4804926
2018-01-16,5.94,5.94,5.86,5.89,3657591
2018-01-17,5.89,5.94,5.81,5.86,6683809
2018-01-18,5.91,5.94,5.84,5.86,5586301
2018-01-19,5.86,5.89,5.79,5.81,5864761
2018-01-22,5.84,5.86,5.79,5.79,7236224
2018-01-23,5.79,5.81,5.69,5.71,5550515
2018-01-24,5.74,5.91,5.71,5.86,10339194
2018-01-25,5.86,5.86,5.76,5.76,6269087
2018-01-26,5.76,5.81,5.76,5.76,2659323
2018-01-29,5.81,5.81,5.71,5.76,3130395
2018-01-30,5.76,5.79,5.69,5.71,3968769
2018-01-31,5.71,5.71,5.67,5.71,3172067
2018-02-01,5.71,5.81,5.71,5.74,3432264
2018-02-02,5.74,5.74,5.67,5.69,2412709
2018-02-05,5.62,5.62,5.54,5.62,4082727
2018-02-06,5.52,5.52,5.1,5.22,16615240
2018-02-07,5.37,5.37,5.2,5.2,9753531
2018-02-08,5.2,5.2,5.0,5.03,13427174
2018-02-09,4.68,4.85,4.66,4.83,20255434
2018-02-12,4.88,4.9,4.8,4.84,7487905
2018-02-21,4.93,5.05,4.91,5.0,5782226
2018-02-22,4.98,5.07,4.98,5.0,4149691
2018-02-23,5.05,5.05,4.98,5.0,5536538
2018-02-26,5.03,5.05,4.98,5.0,6175053
2018-02-27,5.1,5.22,5.1,5.12,13472473
2018-03-01,5.12,5.62,5.1,5.57,20557047
2018-03-02,5.52,5.59,5.44,5.44,11217039
2018-03-05,5.47,5.49,5.35,5.37,6830976
2018-03-06,5.42,5.42,5.25,5.27,4929778
2018-03-07,5.27,5.35,5.22,5.22,2622953
2018-03-08,5.25,5.32,5.25,5.25,2000586
2018-03-09,5.3,5.44,5.3,5.37,5063913
2018-03-12,5.42,5.62,5.37,5.52,9854393
2018-03-13,5.52,5.52,5.44,5.44,2591180
2018-03-14,5.44,5.49,5.37,5.39,2744060
2018-03-15,5.39,5.42,5.35,5.35,2269241
2018-03-16,5.39,5.39,5.32,5.32,2943867
2018-03-19,5.35,5.49,5.35,5.39,4757510
2018-03-20,5.39,5.42,5.37,5.37,2288075
2018-03-21,5.37,5.42,5.32,5.32,2527270
2018-03-22,5.35,5.39,5.27,5.27,3021340
2018-03-23,5.05,5.17,5.05,5.12,3973211
2018-03-26,5.15,5.17,5.1,5.1,2369754
2018-03-27,5.22,5.25,5.15,5.15,2415564
2018-03-28,5.2,5.2,5.12,5.12,2004412
2018-03-29,5.12,5.17,5.1,5.12,1753865
2018-03-30,5.15,5.2,5.12,5.15,5322367
2018-04-02,5.2,5.22,5.12,5.12,2552077
2018-04-03,5.1,5.15,5.1,5.12,1894622
2018-04-09,5.12,5.15,5.07,5.1,2673965
2018-04-10,5.1,5.12,5.07,5.1,1487646
2018-04-11,5.12,5.17,5.07,5.1,3366125
2018-04-12,5.12,5.15,5.1,5.1,2073286
2018-04-13,5.12,5.25,5.12,5.22,5441921
2018-04-16,5.25,5.27,5.15,5.2,2370385
2018-04-17,5.2,5.2,5.1,5.1,1875499
2018-04-18,5.12,5.15,5.07,5.1,1958051
2018-04-19,5.12,5.2,5.1,5.15,2454100
2018-04-20,5.15,5.15,5.1,5.1,1806511
2018-04-23,5.1,5.12,5.03,5.03,2916420
2018-04-24,5.05,5.07,4.98,4.98,3025495
2018-04-25,4.95,5.0,4.93,4.95,2307289
2018-04-26,4.98,5.1,4.95,4.95,3850176
2018-04-27,5.0,5.0,4.92,4.95,4935821
2018-04-30,5.0,5.15,5.0,5.07,7139857
2018-05-02,5.1,5.15,5.07,5.07,5154819
2018-05-03,5.07,5.15,5.07,5.12,2465964
2018-05-04,5.12,5.12,5.1,5.1,2335312
2018-05-07,5.12,5.25,5.12,5.12,8033638
2018-05-08,5.12,5.17,5.1,5.12,2887532
2018-05-09,5.15,5.17,5.1,5.1,4197619
2018-05-10,5.15,5.15,5.1,5.1,1997458
2018-05-11,5.12,5.12,5.07,5.07,2808255
2018-05-14,4.93,4.93,4.67,4.73,17894369
2018-05-15,4.74,4.78,4.73,4.74,4280777
2018-05-16,4.74,4.74,4.66,4.68,6798496
2018-05-17,4.68,4.69,4.57,4.58,7299156
2018-05-18,4.57,4.57,4.5,4.52,6610734
2018-05-21,4.53,4.56,4.52,4.53,6800095
2018-05-22,4.58,4.68,4.57,4.64,6615303
2018-05-23,4.63,4.68,4.63,4.64,3902725
2018-05-24,4.62,4.65,4.59,4.62,3318757
2018-05-25,4.61,4.64,4.59,4.62,1628553
2018-05-28,4.62,4.84,4.62,4.8,9471876
2018-05-29,4.78,4.8,4.66,4.67,6308980
2018-05-30,4.68,4.68,4.59,4.64,4860368
2018-05-31,4.65,4.68,4.65,4.68,6621828
2018-06-01,4.66,4.7,4.64,4.68,4227749
2018-06-04,4.67,4.67,4.62,4.64,7530209
2018-06-05,4.65,4.66,4.62,4.64,4146936
2018-06-06,4.66,4.68,4.64,4.66,7075717
2018-06-07,4.66,4.77,4.64,4.76,6497705
2018-06-08,4.76,4.77,4.71,4.73,5663141
2018-06-11,4.73,4.73,4.69,4.73,2365281
2018-06-12,4.73,4.88,4.72,4.87,9774804
2018-06-13,4.87,4.93,4.82,4.82,7121104
2018-06-14,4.88,4.91,4.85,4.87,4479654
2018-06-15,4.9,4.9,4.81,4.81,4223646
2018-06-19,4.77,4.82,4.77,4.82,2456197
2018-06-20,4.83,4.9,4.77,4.77,3289998
2018-06-21,4.77,4.81,4.71,4.71,2583823
2018-06-22,4.71,4.71,4.66,4.67,3234784
2018-06-25,4.67,4.69,4.6,4.6,2790858
2018-06-26,4.57,4.57,4.46,4.54,5627402
2018-06-27,4.54,4.54,4.42,4.42,7115489
2018-06-28,4.36,4.37,4.31,4.34,5485893
2018-06-29,4.35,4.48,4.35,4.43,3677431
2018-07-02,4.46,4.51,4.46,4.48,2812685
2018-07-03,4.48,4.49,4.37,4.38,3323199
2018-07-04,4.37,4.42,4.37,4.38,1702899
2018-07-05,4.46,4.46,4.33,4.33,1728392
2018-07-06,4.34,4.36,4.26,4.3,3038438
2018-07-09,4.37,4.37,4.29,4.33,3354458
2018-07-10,4.34,4.4,4.34,4.4,1782405
2018-07-11,4.37,4.43,4.37,4.42,1713939
2018-07-12,4.42,4.45,4.39,4.4,1591883
2018-07-13,4.43,4.45,4.41,4.42,2097229
2018-07-16,4.43,4.44,4.41,4.42,1133121
2018-07-17,4.42,4.45,4.41,4.44,1892245
2018-07-18,4.44,4.48,4.44,4.46,2314637
2018-07-19,4.48,4.5,4.46,4.48,2135788
2018-07-20,4.48,4.56,4.48,4.5,2994165
2018-07-23,4.51,4.52,4.47,4.49,3364128
2018-07-24,4.49,4.62,4.49,4.62,3788781
2018-07-25,4.61,4.61,4.54,4.55,1766790
2018-07-26,4.56,4.6,4.55,4.57,1342455
2018-07-27,4.57,4.57,4.52,4.53,1775260
2018-07-30,4.52,4.56,4.49,4.5,1564130
2018-07-31,4.51,4.54,4.49,4.52,1658493
2018-08-01,4.55,4.6,4.52,4.57,2243837
2018-08-02,4.57,4.57,4.5,4.5,2211021
2018-08-03,4.53,4.54,4.5,4.53,881766
2018-08-06,4.56,4.61,4.54,4.57,3234777
2018-08-07,4.61,4.61,4.58,4.58,2292018
2018-08-08,4.59,4.62,4.58,4.59,2151947
2018-08-09,4.59,4.61,4.57,4.57,1354748
2018-08-10,4.59,4.59,4.47,4.47,3262389
2018-08-13,4.35,4.35,4.23,4.25,8583922
2018-08-14,4.2,4.28,4.2,4.25,3416665
2018-08-15,4.25,4.28,4.19,4.19,3429770
2018-08-16,4.14,4.2,4.11,4.14,3759594
2018-08-17,4.17,4.17,4.12,4.12,2126051
2018-08-20,4.13,4.24,4.13,4.22,3401961
2018-08-21,4.27,4.29,4.25,4.28,2170537
2018-08-22,4.35,4.35,4.3,4.33,2080333
2018-08-23,4.32,4.48,4.27,4.41,3581894
2018-08-24,4.38,4.38,4.34,4.36,999515
2018-08-27,4.36,4.37,4.35,4.35,784675
2018-08-28,4.36,4.38,4.35,4.37,1127054
2018-08-29,4.37,4.42,4.37,4.39,1667644
2018-08-30,4.41,4.41,4.36,4.36,807100
2018-08-31,4.36,4.42,4.33,4.36,1229808
2018-09-03,4.36,4.36,4.31,4.32,918663
2018-09-04,4.32,4.33,4.25,4.28,1256277
2018-09-05,4.28,4.28,4.25,4.26,828423
2018-09-06,4.26,4.26,4.22,4.22,1050010
2018-09-07,4.21,4.26,4.21,4.24,2079507
2018-09-10,4.24,4.24,4.16,4.16,2240502
2018-09-11,4.16,4.28,4.16,4.28,2672762
2018-09-12,4.28,4.28,4.2,4.21,959501
2018-09-13,4.21,4.27,4.21,4.23,1163070
2018-09-14,4.23,4.36,4.23,4.35,2127212
2018-09-17,4.34,4.34,4.29,4.31,693090
2018-09-18,4.31,4.33,4.29,4.32,1529645
2018-09-19,4.32,4.36,4.31,4.32,1968070
2018-09-20,4.32,4.33,4.28,4.28,877838
2018-09-21,4.3,4.32,4.28,4.3,1472288
2018-09-25,4.29,4.29,4.26,4.26,2178266
2018-09-26,4.26,4.3,4.25,4.26,1556994
2018-09-27,4.27,4.36,4.27,4.35,5125548
2018-09-28,4.37,4.38,4.3,4.3,2308573
2018-10-01,4.3,4.33,4.29,4.29,1302472
2018-10-02,4.29,4.3,4.24,4.25,1205809
2018-10-03,4.25,4.27,4.23,4.23,1147809
2018-10-04,4.23,4.24,4.19,4.19,1740539
2018-10-05,4.19,4.19,4.11,4.16,1967056
2018-10-08,4.14,4.15,4.11,4.14,1589526
2018-10-09,4.13,4.17,4.13,4.13,2013204
2018-10-11,3.99,3.99,3.72,3.73,5535797
2018-10-12,3.55,3.73,3.55,3.66,6284969
2018-10-15,3.66,3.74,3.65,3.72,2365329
2018-10-16,3.74,3.78,3.68,3.68,2357613
2018-10-17,3.72,3.76,3.7,3.75,2041845
2018-10-18,3.75,4.12,3.75,4.12,7889342
2018-10-19,4.12,4.41,3.99,4.3,8516226
2018-10-22,4.3,4.43,4.27,4.38,6532348
2018-10-23,4.35,4.38,4.26,4.27,3545157
2018-10-24,4.27,4.3,4.12,4.28,2520586
2018-10-25,4.14,4.19,4.09,4.13,3383355
2018-10-26,4.25,4.25,4.07,4.11,2234186
2018-10-29,4.12,4.12,3.94,3.99,2831195
2018-10-30,4.02,4.09,3.97,4.09,3655506
2018-10-31,4.09,4.3,4.09,4.21,4046860
2018-11-01,4.23,4.23,4.14,4.21,2676459
2018-11-02,4.21,4.22,4.16,4.16,2781307
2018-11-05,4.18,4.19,4.14,4.17,2230411
2018-11-06,4.17,4.17,4.08,4.13,2577428
2018-11-07,4.13,4.14,4.09,4.12,1739898
2018-11-08,4.15,4.19,4.12,4.17,3784598
2018-11-09,4.19,4.19,4.09,4.09,2640920
2018-11-12,4.09,4.15,4.08,4.09,1260283
2018-11-13,4.04,4.11,4.02,4.07,1587965
2018-11-14,4.11,4.11,4.04,4.09,2425754
2018-11-15,4.09,4.1,4.06,4.07,1062292
2018-11-16,4.09,4.15,4.09,4.14,2414310
2018-11-19,4.14,4.17,4.13,4.16,1507453
2018-11-20,4.16,4.18,4.12,4.13,846223
2018-11-21,4.14,4.23,4.13,4.22,2114684
2018-11-22,4.22,4.29,4.14,4.18,1868072
2018-11-23,4.18,4.21,4.13,4.16,1601196
2018-11-26,4.29,4.32,4.24,4.25,3854495
2018-11-27,4.29,4.48,4.24,4.43,5140318
2018-11-28,4.46,4.53,4.43,4.53,5233894
2018-11-29,4.52,4.52,4.39,4.4,4444269
2018-11-30,4.4,4.45,4.37,4.45,2960427
2018-12-03,4.5,4.52,4.32,4.43,7038216
2018-12-04,4.43,4.5,4.42,4.46,5190352
2018-12-05,4.41,4.45,4.39,4.43,1807645
2018-12-06,4.43,4.47,4.3,4.35,3535886
2018-12-07,4.37,4.41,4.35,4.38,1443898
2018-12-10,4.36,4.39,4.24,4.28,2227062
2018-12-11,4.34,4.44,4.34,4.4,2925977
2018-12-12,4.43,4.43,4.38,4.4,2622325
2018-12-13,4.41,4.49,4.39,4.43,4274798
2018-12-14,4.41,4.43,4.4,4.43,1564441
2018-12-17,4.43,4.66,4.43,4.64,8511983
2018-12-18,4.62,4.62,4.51,4.54,5951116
2018-12-19,4.57,4.59,4.53,4.58,3206475
2018-12-20,4.58,4.61,4.44,4.49,3064757
2018-12-21,4.52,4.53,4.43,4.49,3103961
2018-12-24,4.42,4.47,4.39,4.42,1225254
2018-12-25,4.42,4.42,4.26,4.3,2772693
2018-12-26,4.33,4.33,4.26,4.27,1658311
2018-12-27,4.31,4.36,4.3,4.31,4015076
2018-12-28,4.31,4.36,4.31,4.34,1353409
2019-01-02,4.34,4.43,4.32,4.34,1541851
2019-01-03,4.34,4.37,4.29,4.34,1397951
2019-01-04,4.32,4.32,4.2,4.24,2274625
2019-01-07,4.28,4.31,4.26,4.29,1045729
2019-01-08,4.3,4.34,4.3,4.34,1298658
2019-01-09,4.37,4.38,4.35,4.37,1529969
2019-01-10,4.37,4.38,4.35,4.37,1228260
2019-01-11,4.35,4.4,4.35,4.37,1654189
2019-01-14,4.37,4.37,4.27,4.28,1476002
2019-01-15,4.25,4.31,4.25,4.31,1388409
2019-01-16,4.31,4.34,4.3,4.31,1301964
2019-01-17,4.34,4.34,4.3,4.31,799435
2019-01-18,4.32,4.36,4.32,4.34,1088780
2019-01-21,4.36,4.39,4.35,4.37,1628473
2019-01-22,4.37,4.38,4.36,4.38,894178
2019-01-23,4.37,4.38,4.35,4.38,854959
2019-01-24,4.38,4.41,4.38,4.41,1244488
2019-01-25,4.41,4.42,4.39,4.41,1230674
2019-01-28,4.42,4.45,4.41,4.43,1341575
2019-01-29,4.42,4.42,4.38,4.42,1185352
2019-01-30,4.42,4.42,4.38,4.4,1528944
2019-02-11,4.4,4.44,4.29,4.34,1509744
2019-02-12,4.34,4.37,4.33,4.37,815192
2019-02-13,4.37,4.38,4.34,4.35,870374
2019-02-14,4.36,4.36,4.34,4.35,976927
2019-02-15,4.36,4.37,4.34,4.35,1018635
2019-02-18,4.35,4.37,4.35,4.37,1319581
2019-02-19,4.37,4.38,4.35,4.37,841603
2019-02-20,4.37,4.37,4.35,4.36,878521
2019-02-21,4.36,4.41,4.36,4.41,1983052
2019-02-22,4.41,4.45,4.39,4.41,5003268
2019-02-25,4.43,4.49,4.41,4.49,4410042
2019-02-26,4.49,4.56,4.49,4.53,3780256
2019-02-27,4.54,4.56,4.52,4.55,3951325
2019-03-04,4.55,4.58,4.53,4.55,2086463
2019-03-05,4.53,4.55,4.51,4.51,2058340
2019-03-06,4.5,4.51,4.46,4.48,1268584
2019-03-07,4.41,4.48,4.41,4.43,1117234
2019-03-08,4.43,4.43,4.41,4.41,756633
2019-03-11,4.41,4.42,4.39,4.42,824431
2019-03-12,4.42,4.44,4.41,4.42,2084884
2019-03-13,4.42,4.43,4.38,4.39,873613
2019-03-14,4.39,4.41,4.37,4.37,1613671
2019-03-15,4.37,4.39,4.34,4.34,2129562
2019-03-18,4.34,4.35,4.32,4.35,1910251
2019-03-19,4.35,4.38,4.34,4.35,1573641
2019-03-20,4.35,4.37,4.32,4.35,1966133
2019-03-21,4.34,4.35,4.34,4.35,1313431
2019-03-22,4.38,4.38,4.35,4.36,1526157
2019-03-25,4.34,4.34,4.26,4.27,2097049
2019-03-26,4.27,4.29,4.25,4.25,1866604
2019-03-27,4.24,4.25,4.22,4.23,1600435
2019-03-28,4.23,4.24,4.21,4.24,1169479
2019-03-29,4.24,4.28,4.23,4.26,1861342
2019-04-01,4.26,4.28,4.24,4.24,1494019
2019-04-02,4.24,4.25,4.22,4.24,1966885
2019-04-03,4.24,4.26,4.24,4.26,2500172
2019-04-08,4.27,4.32,4.26,4.29,1577742
2019-04-09,4.29,4.29,4.27,4.28,1660331
2019-04-10,4.28,4.3,4.27,4.28,1119327
2019-04-11,4.28,4.36,4.28,4.31,1842948
2019-04-12,4.32,4.32,4.29,4.3,1813367
2019-04-15,4.31,4.39,4.3,4.35,3043847
2019-04-16,4.34,4.36,4.34,4.35,1728249
2019-04-17,4.35,4.4,4.33,4.38,3279010
2019-04-18,4.38,4.39,4.34,4.34,1697709
2019-04-19,4.34,4.39,4.34,4.38,2107945
2019-04-22,4.41,4.48,4.39,4.4,3564812
2019-04-23,4.41,4.41,4.34,4.38,1003609
2019-04-24,4.38,4.39,4.34,4.34,1257259
2019-04-25,4.34,4.37,4.34,4.36,1341591
2019-04-26,4.36,4.36,4.33,4.33,859351
2019-04-29,4.33,4.34,4.29,4.3,1251537
2019-04-30,4.3,4.37,4.3,4.32,1150336
2019-05-02,4.35,4.39,4.35,4.37,1183312
2019-05-03,4.41,4.43,4.38,4.38,1583733
2019-05-06,4.36,4.36,4.3,4.31,1650128
2019-05-07,4.32,4.33,4.28,4.29,2293500
2019-05-08,4.26,4.26,4.24,4.26,1270295
2019-05-09,4.26,4.27,4.2,4.2,1383943
2019-05-10,4.2,4.24,4.18,4.18,1107455
2019-05-13,4.19,4.22,4.12,4.14,1182598
2019-05-14,4.14,4.14,4.06,4.09,1289382
2019-05-15,4.1,4.13,4.07,4.09,1527236
2019-05-16,4.09,4.1,4.0,4.0,3293710
2019-05-17,4.03,4.06,3.89,3.92,5144556
2019-05-20,3.94,3.94,3.91,3.93,1140791
2019-05-21,3.94,4.04,3.94,4.04,2515770
2019-05-22,4.04,4.07,4.03,4.04,817437
2019-05-23,4.04,4.04,3.96,3.97,911732
2019-05-24,3.99,4.0,3.95,3.96,949818
2019-05-27,3.95,3.98,3.94,3.95,907336
2019-05-28,3.95,3.97,3.94,3.97,955922
2019-05-29,3.97,3.97,3.94,3.95,673380
2019-05-30,3.95,3.95,3.93,3.95,1303099
2019-05-31,3.99,4.02,3.95,4.01,1356430
2019-06-03,3.99,3.99,3.94,3.96,877311
2019-06-04,3.96,3.97,3.94,3.94,710453
2019-06-05,3.97,3.97,3.94,3.94,860889
2019-06-06,3.94,3.94,3.92,3.93,1004370
2019-06-10,3.93,3.94,3.92,3.93,776162
2019-06-11,3.93,3.96,3.93,3.94,1277274
2019-06-12,3.94,3.96,3.92,3.94,815343
2019-06-13,3.94,3.96,3.93,3.93,866829
2019-06-14,3.94,4.02,3.93,3.99,2767384
2019-06-17,3.99,4.0,3.96,3.98,1569550
2019-06-18,3.98,4.03,3.97,4.0,1815427
2019-06-19,4.0,4.05,4.0,4.03,1987431
2019-06-20,4.03,4.09,4.03,4.06,1582493
2019-06-21,4.09,4.09,4.02,4.02,1458871
2019-06-24,4.05,4.05,4.02,4.04,1204516
2019-06-25,4.03,4.03,4.01,4.02,437547
2019-06-26,4.01,4.02,3.99,4.02,704614
2019-06-27,4.02,4.04,4.01,4.01,1588109
2019-06-28,4.0,4.03,3.98,4.02,1094117
2019-07-01,4.04,4.08,4.02,4.02,2357947
2019-07-02,4.04,4.06,4.03,4.04,2126320
2019-07-03,4.05,4.06,4.02,4.03,964518
2019-07-04,4.05,4.21,4.04,4.21,7902111
2019-07-05,4.29,4.29,4.19,4.19,5705102
2019-07-08,4.2,4.21,4.12,4.16,2347558
2019-07-09,4.16,4.16,4.12,4.14,844691
2019-07-10,4.14,4.16,4.13,4.16,1500227
2019-07-11,4.29,4.32,4.24,4.3,4675114
2019-07-12,4.3,4.31,4.26,4.29,2281777
2019-07-15,4.29,4.31,4.24,4.28,2002902
2019-07-16,4.28,4.4,4.28,4.38,6454036
2019-07-17,4.37,4.45,4.32,4.43,6183212
2019-07-18,4.44,4.49,4.38,4.44,7826667
2019-07-19,4.44,4.49,4.44,4.48,9060272
2019-07-22,4.49,4.53,4.47,4.51,9586523
2019-07-23,4.52,4.54,4.42,4.42,5574021
2019-07-24,4.42,4.42,4.35,4.38,3689494
2019-07-25,4.37,4.42,4.32,4.42,2989379
2019-07-26,4.41,4.41,4.36,4.4,2264247
2019-07-29,4.4,4.41,4.36,4.37,1657370
2019-07-30,4.36,4.41,4.31,4.37,2164349
2019-07-31,4.34,4.35,4.3,4.3,2242622
2019-08-01,4.27,4.29,4.24,4.28,1715971
2019-08-02,4.22,4.24,4.16,4.18,2263284
2019-08-05,4.14,4.15,4.1,4.11,1885319
2019-08-06,4.04,4.12,4.0,4.12,1367988
2019-08-07,4.11,4.2,4.11,4.12,1249704
2019-08-08,4.11,4.17,4.11,4.16,812060
2019-08-12,4.14,4.19,4.14,4.15,857992
2019-08-13,4.08,4.13,4.03,4.03,2957638
2019-08-14,4.04,4.06,3.97,3.97,3734353
2019-08-15,3.94,3.94,3.85,3.89,3144340
2019-08-16,3.89,3.99,3.89,3.99,1465181
2019-08-19,3.99,3.99,3.92,3.96,1565285
2019-08-20,3.97,3.97,3.92,3.93,2503933
2019-08-21,3.91,3.97,3.89,3.94,2069964
2019-08-22,3.94,3.96,3.93,3.94,837051
2019-08-23,3.92,3.96,3.92,3.93,842443
2019-08-26,3.89,3.9,3.88,3.88,929447
2019-08-27,3.89,3.93,3.87,3.87,980960
2019-08-28,3.87,3.91,3.87,3.89,393024
2019-08-29,3.88,3.93,3.88,3.9,785113
2019-08-30,3.94,3.95,3.9,3.92,1222149
2019-09-02,3.92,3.96,3.92,3.96,809521
2019-09-03,3.97,3.98,3.95,3.96,682837
2019-09-04,3.96,3.98,3.93,3.97,1266759
2019-09-05,3.97,3.98,3.94,3.96,1049695
2019-09-06,3.97,3.97,3.94,3.96,1034285
2019-09-10,3.95,3.97,3.94,3.95,881932
2019-09-11,3.94,3.95,3.92,3.92,1262278
2019-09-12,3.93,3.96,3.92,3.95,700229
2019-09-16,3.94,3.95,3.93,3.93,721925
2019-09-17,3.93,3.93,3.88,3.88,1726890
2019-09-18,3.89,3.97,3.89,3.94,1348097
2019-09-19,3.94,3.94,3.9,3.91,666227
2019-09-20,3.9,3.92,3.89,3.89,1060137
2019-09-23,3.9,3.93,3.89,3.91,911327
2019-09-24,3.92,3.92,3.89,3.89,1260481
2019-09-25,3.88,3.9,3.88,3.88,1018192
2019-09-26,3.88,3.91,3.87,3.88,1595370
2019-09-27,3.86,3.87,3.84,3.84,1916085
2019-10-01,3.84,3.91,3.84,3.85,1238796
2019-10-02,3.85,3.85,3.83,3.83,1043702
2019-10-03,3.81,3.81,3.75,3.77,1537956
2019-10-04,3.77,3.81,3.77,3.78,695342
2019-10-07,3.78,3.79,3.77,3.77,631212
2019-10-08,3.76,3.77,3.72,3.72,1707098
2019-10-09,3.72,3.74,3.69,3.69,2224871
2019-10-14,3.69,3.77,3.69,3.74,2679135
2019-10-15,3.74,3.74,3.7,3.71,1234738
2019-10-16,3.71,3.78,3.71,3.75,1152708
2019-10-17,3.74,3.79,3.74,3.76,1088687
2019-10-18,3.75,3.78,3.75,3.76,901573
2019-10-21,3.76,3.8,3.75,3.78,912330
2019-10-22,3.79,3.83,3.79,3.82,1461002
2019-10-23,3.82,3.86,3.8,3.8,1037451
2019-10-24,3.83,3.83,3.8,3.81,889350
2019-10-25,3.79,3.81,3.78,3.79,1088077
2019-10-28,3.79,3.8,3.78,3.79,821661
2019-10-29,3.79,3.79,3.76,3.76,1017693
2019-10-30,3.77,3.78,3.73,3.74,797157
2019-10-31,3.75,3.79,3.72,3.73,1225555
2019-11-01,3.73,3.76,3.72,3.74,725847
2019-11-04,3.75,3.76,3.73,3.74,761836
2019-11-05,3.72,3.74,3.72,3.73,760986
2019-11-06,3.73,3.75,3.73,3.73,866851
2019-11-07,3.72,3.74,3.72,3.73,530556
2019-11-08,3.73,3.73,3.71,3.71,655117
2019-11-11,3.71,3.71,3.7,3.7,1380492
2019-11-12,3.7,3.7,3.67,3.69,1523668
2019-11-13,3.69,3.69,3.67,3.67,745456
2019-11-14,3.67,3.69,3.59,3.61,2330382
2019-11-15,3.61,3.61,3.55,3.56,2588710
2019-11-18,3.55,3.55,3.42,3.48,5090081
2019-11-19,3.48,3.48,3.45,3.46,1348592
2019-11-20,3.45,3.5,3.43,3.46,1615732
2019-11-21,3.47,3.47,3.44,3.46,713885
2019-11-22,3.45,3.47,3.45,3.47,755569
2019-11-25,3.47,3.49,3.47,3.48,782447
2019-11-26,3.48,3.49,3.46,3.47,1367756
2019-11-27,3.47,3.5,3.47,3.5,966341
2019-11-28,3.4,3.5,3.4,3.49,1616461
2019-11-29,3.49,3.63,3.49,3.59,3474133
2019-12-02,3.6,3.72,3.6,3.7,3887627
2019-12-03,3.65,3.71,3.65,3.7,1573608
2019-12-04,3.7,3.7,3.63,3.69,1196753
2019-12-05,3.7,3.72,3.65,3.65,992589
2019-12-06,3.65,3.66,3.59,3.59,1595373
2019-12-09,3.6,3.64,3.57,3.58,1217056
2019-12-10,3.59,3.62,3.58,3.6,652929
2019-12-11,3.6,3.62,3.58,3.59,649029
2019-12-12,3.6,3.61,3.58,3.58,859977
2019-12-13,3.6,3.61,3.57,3.58,1021485
2019-12-16,3.6,3.61,3.57,3.58,8172
2019-12-17,3.58,3.61,3.58,3.6,799074
2019-12-18,3.6,3.64,3.6,3.63,1234237
2019-12-19,3.63,3.63,3.6,3.6,854675
2019-12-20,3.6,3.64,3.56,3.56,2401764
2019-12-23,3.58,3.58,3.57,3.57,969827
2019-12-24,3.57,3.59,3.56,3.56,666848
2019-12-25,3.56,3.59,3.55,3.57,733461
2019-12-26,3.57,3.58,3.56,3.56,689157
2019-12-27,3.57,3.57,3.55,3.55,985644
2019-12-30,3.55,3.57,3.54,3.55,534884
2019-12-31,3.55,3.6,3.53,3.55,1128082
2020-01-02,3.58,3.59,3.57,3.59,1124232
2020-01-03,3.63,3.63,3.58,3.61,1665314
2020-01-06,3.62,3.63,3.58,3.58,1375475
2020-01-07,3.59,3.6,3.58,3.59,959325
2020-01-08,3.59,3.59,3.55,3.55,768919
2020-01-09,3.55,3.59,3.55,3.56,475054
2020-01-10,3.56,3.57,3.54,3.56,1101494
2020-01-13,3.56,3.59,3.56,3.56,533639
2020-01-14,3.56,3.59,3.55,3.56,857724
2020-01-15,3.56,3.57,3.55,3.57,869982
2020-01-16,3.59,3.6,3.58,3.58,1189559
2020-01-17,3.58,3.59,3.57,3.57,562868
2020-01-20,3.56,3.57,3.51,3.54,2774357
2020-01-30,3.36,3.42,3.26,3.29,5027820
2020-01-31,3.2,3.39,3.2,3.34,2508631
2020-02-03,3.21,3.21,3.1,3.18,2034635
2020-02-04,3.6,3.61,3.2,3.2,2139876
2020-02-05,3.2,3.23,3.19,3.21,1257259
2020-02-06,3.23,3.3,3.23,3.29,1735258
2020-02-07,3.3,3.3,3.24,3.24,1728055
2020-02-10,3.24,3.24,3.15,3.19,1188604
2020-02-11,3.19,3.22,3.19,3.19,1079523
2020-02-12,3.19,3.24,3.19,3.22,806624
2020-02-13,3.22,3.28,3.22,3.25,1380953
2020-02-14,3.25,3.25,3.23,3.24,811295
2020-02-17,3.24,3.26,3.22,3.25,1362264
2020-02-18,3.25,3.45,3.25,3.44,3881303
2020-02-19,3.48,3.56,3.46,3.55,3873204
2020-02-20,3.57,3.6,3.5,3.52,1931316
2020-02-21,3.5,3.52,3.49,3.49,1224514
2020-02-24,3.48,3.48,3.42,3.42,2052786
2020-02-25,3.4,3.42,3.36,3.4,808849
2020-02-26,3.4,3.4,3.36,3.37,1364439
2020-02-27,3.38,3.42,3.33,3.41,2993158
2020-03-02,3.34,3.37,3.31,3.34,2062304
2020-03-03,3.35,3.39,3.34,3.34,747880
2020-03-04,3.31,3.38,3.28,3.38,1663613
2020-03-05,3.39,3.42,3.37,3.4,1129219
2020-03-06,3.36,3.4,3.34,3.36,1072578
2020-03-09,3.32,3.33,3.24,3.24,2252217
2020-03-10,3.19,3.27,3.18,3.27,2680712
2020-03-11,3.29,3.3,3.23,3.23,1317269
2020-03-12,3.2,3.21,3.02,3.05,4632502
2020-03-13,2.83,2.83,2.75,2.8,5983393
2020-03-16,2.71,2.79,2.56,2.56,4091953
2020-03-17,2.47,2.51,2.44,2.44,4069582
2020-03-18,2.41,2.56,2.41,2.44,4002828
2020-03-19,2.42,2.44,2.33,2.33,6327056
2020-03-20,2.4,2.51,2.4,2.47,2881612
2020-03-23,2.44,2.44,2.36,2.41,1913279
2020-03-24,2.43,2.52,2.43,2.45,2400860
2020-03-25,2.51,2.57,2.5,2.54,2822987
2020-03-26,2.61,2.61,2.52,2.59,2177656
2020-03-27,2.62,2.66,2.55,2.55,2083213
2020-03-30,2.49,2.51,2.44,2.51,1524623
2020-03-31,2.51,2.55,2.49,2.5,1894391
2020-04-01,2.49,2.52,2.46,2.49,1263719
2020-04-06,2.49,2.49,2.46,2.48,1007951
2020-04-07,2.5,2.55,2.5,2.53,1504825
2020-04-08,2.54,2.59,2.53,2.58,2932365
2020-04-09,2.6,2.71,2.6,2.69,4523995
2020-04-10,2.74,2.74,2.66,2.71,2490741
2020-04-13,2.71,2.71,2.63,2.64,3005797
2020-04-14,2.64,2.69,2.64,2.67,2397004
2020-04-15,2.69,2.75,2.67,2.69,8742574
2020-04-16,2.67,2.69,2.65,2.67,2445717
2020-04-17,2.7,2.73,2.66,2.67,3201904
2020-04-20,2.7,2.7,2.66,2.69,1770340
2020-04-21,2.69,2.71,2.65,2.66,4573069
2020-04-22,2.64,2.67,2.61,2.66,1411620
2020-04-23,2.66,2.69,2.64,2.66,1930567
2020-04-24,2.69,2.69,2.65,2.68,1062080
2020-04-27,2.69,2.8,2.69,2.8,5682988
2020-04-28,2.81,3.08,2.81,3.08,10874675
2020-04-29,3.11,3.36,3.11,3.35,17084603
2020-04-30,3.35,3.38,3.2,3.34,10184365
2020-05-04,3.23,3.28,3.19,3.24,5292738
2020-05-05,3.24,3.27,3.15,3.17,4522443
2020-05-06,3.19,3.19,3.11,3.13,2667843
2020-05-07,3.11,3.18,3.11,3.14,1812801
2020-05-08,3.15,3.19,3.12,3.14,1918154
2020-05-11,3.14,3.19,3.14,3.18,2249139
2020-05-12,3.12,3.18,3.09,3.11,2857954
2020-05-13,3.09,3.25,3.08,3.25,1644070
2020-05-14,3.2,3.21,3.15,3.15,1851433
2020-05-15,3.11,3.17,3.1,3.11,1742479
2020-05-18,3.11,3.15,3.11,3.13,1011801
2020-05-19,3.17,3.21,3.15,3.18,2180953
2020-05-20,3.2,3.2,3.15,3.15,1439793
2020-05-21,3.23,3.39,3.22,3.36,8398669
2020-05-22,3.3,3.36,3.28,3.29,4785667
2020-05-25,3.21,3.29,3.18,3.22,1816689
2020-05-26,3.26,3.26,3.23,3.26,1405181
2020-05-27,3.26,3.28,3.22,3.25,2017503
2020-05-28,3.25,3.29,3.21,3.22,2271306
2020-05-29,3.22,3.31,3.19,3.2,2362514
2020-06-01,3.22,3.26,3.22,3.25,1531252
2020-06-02,3.24,3.25,3.21,3.24,1567332
2020-06-03,3.24,3.28,3.24,3.26,1801516
2020-06-04,3.27,3.31,3.25,3.28,2838397
2020-06-05,3.27,3.39,3.27,3.37,6307194
2020-06-08,3.42,3.43,3.35,3.37,3559328
2020-06-09,3.37,3.41,3.35,3.39,3021230
2020-06-10,3.38,3.39,3.35,3.37,2726668
2020-06-11,3.37,3.37,3.22,3.22,3550955
2020-06-12,3.13,3.18,3.11,3.16,2565767
2020-06-15,3.18,3.18,3.11,3.16,2047194
2020-06-16,3.23,3.27,3.2,3.25,2397474
2020-06-17,3.26,3.27,3.23,3.23,906601
2020-06-18,3.25,3.25,3.17,3.2,1608677
2020-06-19,3.19,3.25,3.18,3.25,1807807
2020-06-22,3.25,3.3,3.23,3.25,2254180
2020-06-23,3.26,3.28,3.22,3.25,1357583
2020-06-24,3.25,3.25,3.22,3.22,1061345
2020-06-29,3.21,3.21,3.16,3.19,1359902
2020-06-30,3.19,3.24,3.17,3.2,1034743
2020-07-01,3.21,3.23,3.18,3.18,1221393
2020-07-02,3.18,3.19,3.16,3.18,2464650
2020-07-03,3.2,3.25,3.18,3.21,2557525
2020-07-06,3.23,3.25,3.21,3.23,2522507
2020-07-07,3.25,3.26,3.2,3.22,1952256
2020-07-08,3.25,3.3,3.22,3.28,2931660
2020-07-09,3.28,3.31,3.24,3.24,2792286
2020-07-10,3.23,3.23,3.13,3.15,2889360
2020-07-13,3.2,3.2,3.15,3.15,1515823
2020-07-14,3.14,3.15,3.12,3.12,1438764
2020-07-15,3.12,3.15,3.12,3.13,2413909
2020-07-16,3.13,3.18,3.13,3.16,1340068
2020-07-17,3.2,3.2,3.09,3.11,2110749
2020-07-20,3.11,3.11,3.08,3.09,755114
2020-07-21,3.11,3.16,3.1,3.12,1467538
2020-07-22,3.12,3.17,3.12,3.15,818569
2020-07-23,3.15,3.16,3.12,3.14,646625
2020-07-24,3.14,3.14,3.08,3.08,1622038
2020-07-27,3.08,3.11,3.0,3.01,2620089
2020-07-28,3.01,3.02,2.99,2.99,2116898
2020-07-29,2.99,3.11,2.99,3.07,1728850
2020-07-30,3.08,3.08,3.05,3.07,1704642
2020-07-31,3.08,3.13,3.07,3.11,1513068
2020-08-03,3.1,3.17,3.08,3.1,1999641
2020-08-04,3.11,3.12,3.08,3.08,1274372
2020-08-05,3.08,3.09,3.07,3.08,1055440
2020-08-06,3.08,3.24,3.08,3.14,4874552
2020-08-07,3.15,3.21,3.15,3.18,2546687
2020-08-10,3.18,3.5,3.18,3.5,17196759
2020-08-11,3.74,3.85,3.65,3.85,30066275
2020-08-12,3.82,3.82,3.58,3.79,22736529
2020-08-13,3.77,4.06,3.71,3.89,15396736
2020-08-14,3.94,4.27,3.89,4.23,30176892
2020-08-17,4.17,4.34,4.03,4.25,22705724
2020-08-18,4.24,4.25,4.07,4.15,13527789
2020-08-19,4.19,4.26,4.04,4.06,11621420
2020-08-20,4.06,4.11,3.7,3.78,18156254
2020-08-21,3.87,3.97,3.85,3.86,12088557
2020-08-24,3.89,3.98,3.79,3.92,7957247
2020-08-25,4.0,4.31,3.95,4.31,25042039
2020-08-26,4.4,4.73,4.38,4.73,57926355
2020-08-27,4.77,4.77,4.49,4.61,35696669
2020-08-28,4.61,4.66,4.48,4.54,14392406
2020-08-31,4.73,4.98,4.73,4.98,27551817
2020-09-01,5.03,5.39,5.03,5.22,55159589
2020-09-02,5.2,5.44,5.03,5.42,34960862
2020-09-03,5.37,5.57,5.3,5.44,30875172
2020-09-04,5.22,5.67,5.22,5.67,31938203
2020-09-07,5.71,6.06,5.69,5.89,44018134
2020-09-08,5.86,5.86,5.49,5.54,41568120
2020-09-09,5.39,5.59,5.25,5.57,19865339
2020-09-10,5.64,5.64,5.35,5.39,21500239
2020-09-11,5.47,5.49,5.0,5.03,41200456
2020-09-14,5.1,5.2,4.88,4.98,25275774
2020-09-15,5.07,5.07,4.95,5.03,9747740
2020-09-16,5.03,5.03,4.82,4.83,20014577
2020-09-17,4.83,5.03,4.83,4.88,10147871
2020-09-18,4.89,4.92,4.86,4.87,7133350
2020-09-21,4.88,4.92,4.85,4.87,8506581
2020-09-22,4.93,4.95,4.83,4.91,14181673
2020-09-23,4.92,4.92,4.65,4.65,16473350
2020-09-24,4.61,4.63,4.44,4.44,13311072
2020-09-25,4.48,4.8,4.48,4.8,21580895
2020-09-28,4.73,4.79,4.58,4.66,12090322
2020-09-29,4.66,4.84,4.66,4.73,9270087
2020-09-30,4.71,4.84,4.68,4.78,6930755
2020-10-05,4.82,5.0,4.81,5.0,19513068
2020-10-06,5.0,5.0,4.91,5.0,13208153
2020-10-07,5.0,5.17,4.98,5.03,13308919
2020-10-08,5.05,5.07,4.92,4.95,9211502
2020-10-12,5.0,5.0,4.85,4.93,7526012
2020-10-13,4.9,5.12,4.88,5.05,19625308
2020-10-14,4.98,5.05,4.95,5.03,7614666
2020-10-15,5.05,5.22,5.0,5.12,17931236
2020-10-16,5.22,5.25,5.07,5.12,20079621
2020-10-19,5.22,5.3,5.12,5.15,9635332
2020-10-20,5.12,5.27,5.03,5.22,12168817
2020-10-21,5.25,5.27,5.15,5.2,8004859
2020-10-22,5.2,5.22,5.07,5.15,7457945
2020-10-23,5.17,5.47,5.12,5.42,33704435
2020-10-26,5.49,5.96,5.47,5.96,111448074
2020-10-27,5.86,5.91,5.62,5.91,73431724
2020-10-28,5.89,5.91,5.57,5.64,43585444
2020-10-29,5.44,5.74,5.37,5.71,42336844
2020-10-30,5.76,5.91,5.57,5.67,50802049
2020-11-02,5.76,5.84,5.62,5.71,32649460
2020-11-03,5.76,5.89,5.67,5.79,29598648
2020-11-04,5.89,6.21,5.71,6.16,65370663
2020-11-05,6.11,6.21,5.94,6.04,58569874
2020-11-06,6.08,6.5,6.01,6.36,69814188
2020-11-09,6.4,6.97,6.33,6.95,115242794
2020-11-10,6.97,7.14,6.38,6.7,117641587
2020-11-11,6.68,6.77,6.13,6.68,113487220
2020-11-12,6.45,6.48,6.01,6.08,90073859
2020-11-13,6.11,6.31,6.01,6.16,61242795
2020-11-16,6.26,6.31,6.11,6.16,42798822
2020-11-17,6.13,6.21,5.96,6.16,53054801
2020-11-18,6.16,6.53,6.16,6.4,84172489
2020-11-19,6.4,6.4,6.21,6.28,44310422
2020-11-20,6.26,6.33,6.18,6.31,35184206
2020-11-23,6.4,6.45,6.31,6.4,58800926
2020-11-24,6.48,6.58,6.4,6.43,61240484
2020-11-25,6.53,6.75,6.48,6.7,100629575
2020-11-26,6.77,6.87,6.53,6.68,92520585
2020-11-27,6.68,6.75,6.6,6.7,41658054
2020-11-30,6.72,6.75,6.53,6.53,58150376
2020-12-01,6.55,6.58,6.21,6.43,66035967
2020-12-02,6.45,6.53,6.23,6.36,44559699
2020-12-03,6.36,6.48,6.26,6.28,35181630
2020-12-04,6.33,6.33,6.23,6.33,28186933
2020-12-07,6.38,6.43,6.26,6.33,34830674
2020-12-08,6.48,6.92,6.45,6.92,137110759
2020-12-09,6.92,7.34,6.8,7.09,132944746
2020-12-10,7.12,7.32,6.97,7.07,89908807
2020-12-11,7.05,7.07,6.65,6.75,100840080
2020-12-14,6.82,7.41,6.8,7.41,126090444
2020-12-15,7.56,8.13,7.46,7.66,235960374
2020-12-16,7.71,7.98,7.46,7.81,126296839
2020-12-17,7.78,7.91,7.61,7.73,79656104
2020-12-18,7.88,8.5,7.83,8.5,206184764
2020-12-21,8.7,9.34,8.62,9.34,223860272
2020-12-22,9.46,9.85,8.77,9.14,291338952
2020-12-23,9.29,10.05,8.62,10.05,224735986
2020-12-24,10.03,10.59,9.71,10.35,218505961
2020-12-25,11.38,11.38,11.01,11.38,180271134
2020-12-28,11.97,12.51,11.97,12.51,83373849
2020-12-29,13.75,13.75,12.51,13.75,315948134
2020-12-30,13.45,13.82,12.64,13.55,111344909
2020-12-31,13.55,14.41,13.43,14.41,100572575
2021-01-04,15.12,15.84,15.12,15.84,101797876
2021-01-05,15.57,15.77,14.78,15.77,49083574
2021-01-06,15.77,15.77,14.19,14.19,64854154
2021-01-07,14.09,14.09,12.78,12.78,49386957
2021-01-08,12.64,13.5,12.64,13.45,79656301
2021-01-11,13.79,14.07,13.79,14.07,47929483
2021-01-12,12.86,13.2,12.66,12.66,62947117
2021-01-13,12.49,12.66,11.82,11.82,56435546
2021-01-14,12.19,13.01,12.19,12.76,47631713
2021-01-15,12.37,12.37,11.5,11.5,28655323
2021-01-18,11.33,11.73,10.49,11.73,61674690
2021-01-19,12.88,12.88,10.69,10.76,388776807
2021-01-20,10.79,11.04,9.85,9.95,311697274
2021-01-21,10.27,10.94,10.05,10.27,274121319
2021-01-22,10.3,11.23,10.0,11.13,199072294
2021-01-25,11.31,11.82,11.13,11.33,198041361
2021-01-26,11.38,11.58,10.59,10.64,149113071
2021-01-27,10.74,10.91,10.17,10.25,130245792
2021-01-28,9.93,10.54,9.68,10.2,139035744
2021-01-29,10.37,10.4,9.58,9.73,123426593
2021-02-01,9.71,9.83,9.24,9.39,164370366
2021-02-02,9.51,10.32,9.41,10.32,212925760
2021-02-03,10.47,11.04,10.37,10.64,346422247
2021-02-04,10.57,10.94,10.52,10.81,153968591
2021-02-05,10.89,10.94,10.54,10.59,115428171
2021-02-17,10.89,11.65,10.69,11.65,218917931
2021-02-18,11.92,12.78,11.87,12.59,356076341
2021-02-19,12.56,12.78,12.17,12.61,189142215
2021-02-22,13.87,13.87,13.45,13.87,211393027
2021-02-23,13.87,14.8,13.72,13.92,393548562
2021-02-24,14.24,14.53,13.75,13.75,240967781
2021-02-25,14.26,14.53,13.87,14.04,203988400
2021-02-26,13.77,14.36,13.55,14.29,205854924
2021-03-02,14.56,14.9,12.86,13.35,378216776
2021-03-03,13.62,13.65,12.93,13.6,199923713
2021-03-04,13.3,13.45,13.08,13.11,99542253
2021-03-05,12.76,13.3,12.71,12.83,115369295
2021-03-08,13.08,13.57,13.06,13.2,151216131
2021-03-09,13.25,13.67,13.01,13.6,124454425
2021-03-10,13.67,14.12,13.47,13.79,185724115
2021-03-11,14.16,14.46,13.82,13.84,192777014
2021-03-12,14.29,14.76,14.02,14.36,290373219
2021-03-15,14.63,15.42,14.58,15.42,277065190
2021-03-16,15.32,15.32,14.73,14.8,240628776
2021-03-17,14.93,15.59,14.83,15.42,232613095
2021-03-18,15.59,15.77,15.42,15.72,185999921
2021-03-19,15.47,16.6,15.4,16.06,362635133
2021-03-22,17.64,17.66,17.02,17.66,258785782
2021-03-23,17.98,17.98,15.94,16.5,112315529
2021-03-24,15.96,16.75,15.96,16.65,54755449
2021-03-25,16.6,16.6,15.99,16.01,46246337
2021-03-26,16.16,16.85,16.13,16.75,48962975
2021-03-29,17.1,17.54,17.1,17.37,62469021
2021-03-30,17.49,17.49,16.75,17.44,47923775
2021-03-31,17.64,18.72,17.64,18.57,83936651
2021-04-01,19.29,19.81,19.14,19.78,79346387
2021-04-07,21.78,23.43,21.65,22.84,90775217
2021-04-08,22.66,23.45,22.32,22.76,274929664
2021-04-09,21.18,21.18,20.5,21.06,68374976
2021-04-12,22.12,22.76,22.12,22.71,48878692
2021-04-13,22.71,23.4,22.07,22.07,49282054
2021-04-14,22.22,22.86,20.13,22.42,61877429
2021-04-15,22.47,23.4,22.47,23.01,45077778
2021-04-16,23.25,24.93,23.2,24.93,55074432
2021-04-19,25.91,27.39,25.91,27.1,66260983
2021-04-20,27.34,28.08,26.55,28.08,44871019
2021-04-21,28.97,30.89,28.97,30.89,51422608
2021-04-22,32.02,33.65,28.57,29.36,76436130
2021-04-23,30.55,31.04,27.0,29.76,419743743
2021-04-26,31.04,32.71,30.79,32.71,188977437
2021-04-27,34.19,35.96,33.35,35.47,401695360
2021-04-28,36.21,38.08,35.28,36.95,414872476
2021-04-29,37.89,39.41,35.62,39.32,342366402
2021-05-03,42.42,43.21,41.29,43.21,317083377
2021-05-04,42.86,45.52,38.92,39.41,796795257
2021-05-05,40.25,43.06,37.2,42.86,511912199
2021-05-06,44.29,44.98,40.45,41.53,477856169
2021-05-07,43.55,45.08,41.24,45.08,480562588
2021-05-10,45.13,49.51,44.44,49.51,444674139
2021-05-11,48.28,51.98,44.98,48.08,543134512
2021-05-12,46.8,48.43,43.31,43.31,363205689
2021-05-13,39.02,43.6,39.02,39.02,573282780
2021-05-14,40.65,41.29,35.13,36.46,647019476
2021-05-17,34.44,36.61,32.81,32.81,569306244
2021-05-18,34.73,36.06,33.8,36.06,276471451
2021-05-19,37.89,39.66,37.44,39.66,375370052
2021-05-20,39.91,43.01,38.97,41.14,718517544
2021-05-21,42.86,45.23,42.81,45.23,525225032
2021-05-24,45.33,48.92,44.0,45.87,635350474
2021-05-25,47.74,48.38,41.38,44.83,591435701
2021-05-26,45.72,48.97,42.91,48.68,718481894
2021-05-27,49.27,51.98,48.92,50.75,755815096
2021-05-28,51.98,55.18,50.75,53.21,488118192
2021-05-31,54.44,56.66,50.25,50.5,490544813
2021-06-01,51.98,55.43,49.76,55.43,405495096
2021-06-02,56.16,58.38,54.69,54.69,498216700
2021-06-03,55.92,57.89,54.69,55.43,470731546
2021-06-04,56.16,58.87,55.67,56.9,403992406
2021-06-07,57.89,58.14,51.24,52.72,525632664
2021-06-08,53.21,56.41,52.96,56.41,266484907
2021-06-09,57.15,57.64,54.69,55.67,328194580
2021-06-10,56.16,56.66,51.73,54.44,327729993
2021-06-11,55.18,58.63,54.69,57.15,439520469
2021-06-15,58.38,62.82,57.64,62.82,444898631
2021-06-16,63.55,68.97,63.06,64.05,672393293
2021-06-17,64.05,69.22,61.09,69.22,441852201
2021-06-18,68.23,74.39,67.74,73.65,747174271
2021-06-21,73.9,80.06,73.16,78.09,649887013
2021-06-22,79.81,80.31,74.89,76.12,105767839
2021-06-23,71.93,73.9,68.73,68.73,133824642
2021-06-24,65.53,73.41,65.53,73.41,80779734
2021-06-25,75.38,75.38,71.93,74.39,77241323
2021-06-28,77.1,81.78,77.1,81.78,91666377
2021-06-29,84.25,85.23,78.83,81.78,102960870
2021-06-30,82.03,89.91,82.03,89.91,89284240
2021-07-01,92.62,98.78,90.16,96.56,112985696
2021-07-02,97.06,97.06,91.64,94.1,88661324
2021-07-05,97.55,97.55,88.68,97.06,86979985
2021-07-06,99.03,106.66,96.56,106.66,421562938
2021-07-07,109.37,115.53,96.32,103.46,608204097
2021-07-08,106.42,111.84,95.58,106.66,669126896
2021-07-09,101.98,107.89,96.32,96.32,577730768
2021-07-12,101.74,104.45,92.13,96.32,529975507
2021-07-13,99.52,100.5,86.71,86.71,543978363
2021-07-14,87.2,89.17,78.33,80.31,756558111
2021-07-15,83.75,88.19,81.78,88.19,425733709
2021-07-16,90.16,96.32,89.67,92.62,649028637
2021-07-19,95.09,96.81,91.88,92.62,412886329
2021-07-20,91.14,91.39,83.75,84.0,478897729
2021-07-21,86.96,88.68,75.62,75.62,480608135
2021-07-22,75.62,76.36,68.23,69.22,457172732
2021-07-23,69.96,73.65,66.26,71.68,436556301
2021-07-26,71.68,72.42,66.02,67.0,255498229
2021-07-27,64.29,66.02,60.35,60.35,332744840
2021-07-28,60.6,61.58,54.44,58.14,484201545
2021-07-29,59.61,63.8,59.12,63.8,54288059
2021-07-30,66.51,66.51,57.64,57.64,52108867
2021-08-02,56.41,61.58,54.19,59.12,38158594
2021-08-03,59.37,63.06,59.37,62.08,32671042
2021-08-04,62.57,64.54,62.57,63.55,23482798
2021-08-05,63.55,63.55,61.83,61.83,22267674
2021-08-06,62.08,66.51,62.08,64.54,25682576
2021-08-09,64.79,66.76,64.79,65.28,19107099
2021-08-10,66.02,66.02,62.08,64.05,28983418
2021-08-11,62.32,62.57,57.64,61.58,33350409
2021-08-12,61.34,65.77,59.61,65.77,314757286
2021-08-13,65.53,68.97,64.54,65.53,456816160
2021-08-16,66.51,67.25,61.58,62.08,301986018
2021-08-17,62.08,62.08,62.08,62.08,0
2021-08-18,60.84,67.25,59.61,67.25,325038288
2021-08-19,66.51,67.74,62.08,62.32,347972902
2021-08-20,63.8,64.79,62.08,64.29,186312063
2021-08-23,66.26,70.45,66.26,68.73,276593345
2021-08-24,70.7,70.94,66.02,66.26,227857033
2021-08-25,66.76,68.73,65.28,68.23,130581450
2021-08-26,68.23,69.96,66.02,68.97,149774451
2021-08-27,67.5,69.47,66.51,67.5,134770170
2021-08-30,68.23,68.97,67.0,67.0,69159343
2021-08-31,67.25,67.99,64.29,65.77,121160450
2021-09-01,66.02,66.26,61.58,61.58,157523256
2021-09-02,60.6,62.82,59.61,62.08,123935259
2021-09-03,62.57,63.06,58.38,59.37,138300629
2021-09-06,59.12,59.37,55.67,55.67,153855582
2021-09-07,57.64,60.84,57.15,59.37,213431201
2021-09-08,59.37,60.35,57.89,60.11,128711395
2021-09-09,59.86,60.6,58.63,59.86,79939631
2021-09-10,59.37,62.32,58.87,61.83,118471981
2021-09-13,62.57,63.31,61.34,61.34,86681221
2021-09-14,62.08,62.32,57.64,57.89,95473958
2021-09-15,58.38,60.6,56.41,59.86,105026802
2021-09-16,59.86,59.86,58.14,58.14,58338677
2021-09-17,58.38,61.09,58.14,60.6,113084609
2021-09-22,59.12,60.35,58.63,58.87,68618624
2021-09-23,60.11,60.84,59.37,59.86,52503114
2021-09-24,60.84,63.06,60.6,62.32,92927699
2021-09-27,63.55,64.05,61.34,61.34,82800338
2021-09-28,59.37,59.86,58.63,58.63,72094019
2021-09-29,56.9,59.12,56.9,57.4,70833629
2021-09-30,58.14,59.12,57.4,58.87,48040396
2021-10-01,57.15,57.4,53.21,53.21,162350771
2021-10-04,53.21,53.21,47.89,47.89,202527764
2021-10-05,44.98,49.76,44.69,48.38,202860492
2021-10-06,49.07,49.12,45.52,45.57,134362378
2021-10-07,47.35,49.76,47.0,48.53,142043265
2021-10-08,49.02,49.17,46.8,47.69,100120804
2021-10-12,46.21,46.61,42.96,43.06,144949619
2021-10-13,44.73,46.06,43.55,43.6,140009596
2021-10-14,44.93,46.66,43.01,45.52,153080371
2021-10-15,45.87,46.31,45.08,45.47,86072248
2021-10-18,44.54,44.54,41.19,43.85,174696764
2021-10-19,43.75,44.64,43.36,43.36,82328270
2021-10-20,44.09,44.93,43.4,43.5,67330571
2021-10-21,43.95,44.78,43.7,44.0,52387317
2021-10-22,44.14,44.34,41.68,41.93,107741045
2021-10-25,41.38,44.98,41.19,44.09,118471483
2021-10-26,44.59,45.13,43.6,44.54,75213903
2021-10-27,44.0,44.49,43.65,44.0,46729872
2021-10-28,44.04,46.06,44.04,44.64,85587657
2021-10-29,45.33,48.43,45.08,47.54,148712773
2021-11-01,48.53,49.76,47.79,48.28,105702058
2021-11-02,48.97,50.99,48.58,50.01,117261253
2021-11-03,50.75,54.44,50.5,53.45,168576341
2021-11-04,55.18,55.67,51.98,52.22,129756059
2021-11-05,52.72,53.45,50.99,52.96,87996210
2021-11-08,55.43,58.14,52.72,58.14,196783089
2021-11-09,57.4,59.37,56.66,57.15,203616161
2021-11-10,56.9,59.37,56.66,56.66,144428323
2021-11-11,56.66,57.89,50.99,52.22,180388575
2021-11-12,53.21,53.95,51.73,52.47,112061097
2021-11-15,53.95,54.19,51.73,51.73,67224637
2021-11-16,51.98,54.19,51.48,54.19,88977037
2021-11-17,54.19,54.44,52.22,52.96,76302543
2021-11-18,52.96,54.93,52.72,53.95,60979225
2021-11-19,54.19,55.18,52.72,52.96,65733382
2021-11-22,53.7,55.67,53.21,54.44,83950769
2021-11-23,54.69,55.92,54.19,54.69,66586205
2021-11-24,54.93,55.43,54.19,54.69,40157975
2021-11-25,54.93,57.15,54.69,56.41,83139709
2021-11-26,56.41,57.15,53.21,53.45,108132023
2021-11-29,53.45,55.43,53.45,54.19,88870797
2021-11-30,55.92,56.9,55.43,56.9,84237095
2021-12-01,57.15,57.64,56.16,56.66,60295423
2021-12-02,56.66,61.83,56.41,60.11,200289522
2021-12-03,61.34,62.08,59.37,59.61,123753373
2021-12-06,60.35,63.06,60.35,61.83,124112783
2021-12-07,62.32,63.55,61.09,62.32,138613578
2021-12-08,63.8,64.79,61.58,62.57,133124652
2021-12-09,63.55,63.8,61.83,63.31,69595267
2021-12-10,62.32,62.57,60.84,61.09,72550917
2021-12-13,62.08,64.05,61.83,62.82,89064425
2021-12-14,62.82,63.31,59.12,59.12,116284079
2021-12-15,59.37,60.6,58.63,60.35,63467246
2021-12-16,61.09,61.58,60.11,60.11,47742874
2021-12-17,60.6,62.08,60.35,60.84,51301945
2021-12-20,60.84,61.34,59.37,60.11,44773888
2021-12-21,60.35,62.08,59.61,61.83,55944394
2021-12-22,62.08,62.08,61.09,61.09,29518895
2021-12-23,61.83,62.32,60.35,60.35,35046873
2021-12-24,60.84,61.34,60.11,60.35,25615749
2021-12-27,60.84,61.09,60.11,60.35,21385845
2021-12-28,61.09,62.57,60.84,61.58,56101338
2021-12-29,62.08,62.57,61.09,61.34,39054170
2021-12-30,61.34,61.58,59.12,59.61,82102651
2022-01-03,59.12,59.37,55.67,56.41,106421791
2022-01-04,56.66,57.15,55.92,56.9,36712529
2022-01-05,56.66,57.64,55.92,56.66,35269388
2022-01-06,55.92,57.64,55.92,56.41,35819509
2022-01-07,56.9,57.15,54.69,55.92,37415863
2022-01-10,54.93,56.41,53.7,54.93,46760778
2022-01-11,55.18,56.66,54.44,55.18,41055195
2022-01-12,55.92,56.16,52.96,53.21,53873063
2022-01-13,53.45,53.95,51.73,51.73,47617507
2022-01-14,51.73,52.96,50.75,52.96,56104364
2022-01-17,52.22,52.47,51.48,51.98,30071674
2022-01-18,51.48,53.21,51.24,52.47,31650942
2022-01-19,51.73,52.96,50.75,51.24,51452970
2022-01-20,51.24,51.98,50.99,51.24,28166607
2022-01-21,50.75,50.99,48.77,48.77,65061281
2022-01-24,47.79,49.76,47.54,49.22,48649992
2022-01-25,48.77,48.82,46.85,46.85,48102213
2022-01-26,47.35,49.22,47.35,48.58,50876033
2022-02-07,49.51,53.21,49.27,53.21,59401731
2022-02-08,53.7,57.4,53.45,55.43,155360572
2022-02-09,56.16,56.9,54.69,55.18,62083873
2022-02-10,55.92,56.41,54.93,56.16,41906069
2022-02-11,56.16,56.66,55.18,55.18,55437642
2022-02-14,54.93,56.9,54.44,54.44,71000689
2022-02-15,55.18,55.43,54.44,54.69,31462416
2022-02-16,55.92,55.92,55.18,55.43,30043216
2022-02-17,55.67,56.41,54.93,55.18,39620648
2022-02-18,55.18,58.14,54.69,57.4,103625969
2022-02-21,57.89,59.61,57.64,58.87,101657063
2022-02-22,57.89,58.14,54.19,55.92,104704406
2022-02-23,56.41,57.64,56.16,57.15,58720824
2022-02-24,55.92,57.64,54.44,55.43,74456915
2022-02-25,57.64,57.64,56.16,56.9,67136346
2022-03-01,58.38,59.61,57.4,59.37,98629176
2022-03-02,59.12,60.35,58.63,59.37,75496594
2022-03-03,60.6,62.08,60.11,61.58,105988682
2022-03-04,62.08,67.74,60.84,65.53,294474511
2022-03-07,65.77,66.76,61.58,61.83,220566269
2022-03-08,59.86,62.32,56.41,58.14,197229702
2022-03-09,60.35,62.08,58.63,61.83,147265673
2022-03-10,63.31,63.8,61.09,61.09,141408430
2022-03-11,60.84,62.57,60.6,61.83,89521419
2022-03-14,63.06,65.53,62.82,65.28,193832581
2022-03-15,66.02,67.25,64.05,64.05,301552028
2022-03-16,67.0,67.5,60.35,62.57,295342152
2022-03-17,64.05,66.02,62.32,65.53,172891413
2022-03-18,65.28,65.28,63.31,64.05,115397202
2022-03-21,64.29,65.03,63.31,64.79,73323129
2022-03-22,64.54,65.28,63.8,63.8,39647649
2022-03-23,64.54,65.03,63.55,64.29,44066469
2022-03-24,63.55,64.29,63.06,63.06,44365950
2022-03-25,63.06,63.06,60.11,60.11,102665527
2022-03-28,57.89,60.6,57.89,60.35,54256707
2022-03-29,60.84,62.08,60.6,60.84,40873245
2022-03-30,61.58,62.08,60.6,61.09,40611830
2022-03-31,61.09,61.83,60.6,61.34,34446628
2022-04-01,60.84,62.57,60.35,62.32,51320933
2022-04-06,61.09,61.34,60.6,60.84,35461871
2022-04-07,59.86,60.6,58.63,58.63,54867669
2022-04-08,59.37,61.34,59.37,61.09,49882511
2022-04-11,60.84,61.58,59.86,59.86,45068350
2022-04-12,60.11,60.35,58.87,59.12,56193158
2022-04-13,60.11,61.34,59.86,61.34,48598892
2022-04-14,62.08,62.08,60.11,60.11,42352670
2022-04-15,59.86,61.34,59.61,61.09,33073967
2022-04-18,61.09,61.34,59.61,59.61,33760338
2022-04-19,60.35,61.34,60.35,60.6,32363704
2022-04-20,61.34,61.58,60.6,60.84,36599295
2022-04-21,61.58,62.57,61.34,61.58,48074068
2022-04-22,61.09,62.82,60.84,62.32,55817910
2022-04-25,61.09,61.58,59.37,59.86,63325313
2022-04-26,60.6,60.84,59.61,59.61,31303889
2022-04-27,58.14,60.11,57.64,59.61,46755936
2022-04-28,60.11,60.35,59.12,59.37,25710381
2022-04-29,60.35,62.32,60.11,62.08,86272601
2022-05-03,62.32,62.57,61.34,62.32,35775605
2022-05-04,63.06,64.54,62.82,64.05,76923242
2022-05-05,65.03,65.53,63.55,64.05,71131655
2022-05-06,62.57,64.54,62.32,64.29,56803143
2022-05-09,64.05,64.29,62.08,62.08,71822391
2022-05-10,60.6,63.06,60.35,62.82,56033041
2022-05-11,62.08,62.57,61.09,61.09,39312207
2022-05-12,61.34,62.08,59.37,59.61,51668242
2022-05-13,60.84,61.34,60.35,60.84,27554368
2022-05-16,60.11,60.35,58.38,58.63,72626237
2022-05-17,58.38,58.87,57.15,57.4,61062276
2022-05-18,58.14,58.38,57.64,57.89,30668496
2022-05-19,56.41,56.9,55.18,56.66,56020186
2022-05-20,57.4,58.63,57.15,57.89,37272730
2022-05-23,58.87,63.06,58.63,62.57,134198878
2022-05-24,63.06,63.31,61.58,61.58,71433394
2022-05-25,62.57,63.06,61.58,62.57,46767349
2022-05-26,63.06,63.31,61.58,61.83,41993806
2022-05-27,62.82,63.06,62.08,63.06,43955787
2022-05-30,63.31,63.31,62.32,62.57,50479147
2022-05-31,62.82,63.06,60.84,61.34,49997902
2022-06-01,61.58,62.57,61.09,62.08,32023701
2022-06-02,61.58,62.57,61.58,62.32,16548005
2022-06-06,62.82,63.55,62.08,62.32,41449587
2022-06-07,62.32,63.06,62.08,62.57,22717623
2022-06-08,63.31,64.29,63.06,64.05,75641886
2022-06-09,62.08,63.06,61.58,62.32,75302396
2022-06-10,61.58,62.57,61.34,62.08,45127047
2022-06-13,60.6,60.84,59.12,59.37,62339084
2022-06-14,58.63,61.09,58.63,60.84,47609958
2022-06-15,60.84,61.58,59.86,60.11,34238892
2022-06-16,60.84,61.34,57.64,57.64,84129128
2022-06-17,56.9,59.12,56.9,58.87,77077035
2022-06-20,58.87,59.12,53.21,54.93,123500063
2022-06-21,55.43,55.92,52.96,53.95,94838818
2022-06-22,54.19,54.44,49.51,49.76,114956836
2022-06-23,49.76,50.5,47.1,47.39,129917079
2022-06-24,48.68,50.25,47.94,48.43,148676207
2022-06-27,53.13,53.25,52.57,53.25,100662166
2022-06-28,54.06,57.34,53.5,56.72,155103384
2022-06-29,55.23,55.79,52.88,52.88,138343762
2022-06-30,52.39,52.45,49.85,50.9,102270940
2022-07-01,51.21,51.83,48.12,48.12,93318003
2022-07-04,48.55,49.6,46.76,48.37,74204200
2022-07-05,49.6,52.45,47.87,50.78,106093151
2022-07-06,50.16,51.34,49.67,49.67,59532175
2022-07-07,50.04,51.65,49.36,51.46,64725553
2022-07-08,52.7,54.06,52.7,53.5,93108612
2022-07-11,54.55,54.86,53.5,54.55,58965838
2022-07-12,52.64,53.13,50.22,50.78,74554416
2022-07-13,52.88,53.13,51.89,51.89,50317260
2022-07-14,52.02,54.24,51.96,54.12,59999084
2022-07-15,53.81,53.93,52.88,53.19,49548164
2022-07-18,53.44,54.0,52.82,52.94,29919106
2022-07-19,53.19,54.74,53.13,54.31,64887578
2022-07-20,54.92,55.11,53.32,53.56,51417165
2022-07-21,54.0,54.92,53.87,54.61,49002350
2022-07-22,54.86,55.73,54.43,55.36,53472869
2022-07-25,54.92,54.92,53.32,53.75,39919987
2022-07-26,53.56,54.31,52.82,53.63,25728302
2022-07-27,53.81,54.74,53.81,54.55,32760787
2022-07-28,54.86,54.92,53.19,53.5,36548558
2022-07-29,54.37,55.91,54.31,55.42,80302998
2022-08-01,55.36,55.85,54.74,55.67,29790470
2022-08-02,54.86,54.92,53.81,54.12,43631110
2022-08-03,54.49,54.74,53.56,53.81,28285443
2022-08-04,53.56,54.18,52.94,54.12,31200151
2022-08-05,55.05,55.98,54.86,55.98,62646108
2022-08-08,55.23,56.41,54.43,56.35,49590712
2022-08-09,55.98,57.83,55.67,57.71,56557228
2022-08-10,56.84,57.77,56.35,56.35,50121896
2022-08-11,57.21,57.65,56.1,56.28,34261978
2022-08-12,56.66,56.78,56.1,56.35,27897905
2022-08-15,56.04,56.04,54.0,54.12,78897022
2022-08-16,53.87,54.24,53.01,53.19,45667564
2022-08-17,53.44,54.06,53.38,53.44,31528080
2022-08-18,53.19,53.81,52.94,53.5,17269560
2022-08-19,53.63,53.87,53.25,53.44,18828600
2022-08-22,52.82,52.82,51.4,52.02,28081000
2022-08-23,51.21,52.08,51.15,51.34,22737404
2022-08-24,51.46,51.71,50.41,50.78,25169991
2022-08-25,51.03,51.89,50.84,51.58,19550831
2022-08-26,52.02,52.2,51.58,51.58,18726757
2022-08-29,48.92,49.42,48.31,49.23,44593821
2022-08-30,49.11,49.42,48.49,48.8,29305348
2022-08-31,48.24,48.99,47.38,48.8,54117289
2022-09-01,48.12,48.37,47.5,47.5,29552626
2022-09-02,47.32,47.32,43.67,43.98,105941497
2022-09-05,42.74,44.72,42.74,43.79,58013600
2022-09-06,44.29,44.59,43.48,43.67,34134631
2022-09-07,42.99,43.48,42.18,43.05,52686291
2022-09-08,43.36,43.48,41.75,41.94,65662821
2022-09-12,42.49,44.72,42.12,43.91,66783099
2022-09-13,44.78,44.84,43.79,43.98,32858885
2022-09-14,42.37,44.41,42.37,44.41,42400067
2022-09-15,44.53,45.96,44.16,44.9,55872064
2022-09-16,44.1,45.46,43.91,45.46,49433667
2022-09-19,44.53,44.53,41.81,42.06,77064817
2022-09-20,42.8,43.42,42.37,42.37,47433031
2022-09-21,42.37,43.42,41.32,42.62,73113350
2022-09-22,42.06,42.37,40.82,41.13,59689756
2022-09-23,41.01,42.55,41.01,41.69,48647445
2022-09-26,40.88,41.19,38.04,38.1,92923484
2022-09-27,38.97,39.71,38.53,39.46,61517282
2022-09-28,39.09,39.15,37.23,37.3,65090232
2022-09-29,38.22,38.66,37.05,37.05,63870068
2022-09-30,36.0,38.16,35.81,38.04,65846167
2022-10-03,37.73,40.02,37.48,39.28,74833108
2022-10-04,40.51,40.64,39.03,39.46,57934226
2022-10-05,39.77,40.95,39.65,40.02,61840588
2022-10-06,40.14,40.39,38.78,40.2,51495347
2022-10-07,39.71,40.76,39.71,40.27,30678690
2022-10-11,39.28,40.14,39.03,39.4,41061359
2022-10-12,39.52,39.77,37.61,38.1,52825684
2022-10-13,38.29,38.53,36.55,36.68,42375966
2022-10-14,37.85,39.58,37.23,38.84,65316411
2022-10-17,38.1,38.1,35.01,37.11,104729589
2022-10-18,37.61,38.72,37.54,38.29,49951494
2022-10-19,38.47,39.52,38.29,38.97,45464738
2022-10-20,38.1,38.22,36.31,38.22,61903362
2022-10-21,37.73,38.53,37.48,37.73,28028713
2022-10-24,38.97,39.46,38.35,38.41,42156410
2022-10-25,38.41,38.66,37.85,38.04,34671032
2022-10-26,38.04,38.35,36.99,38.29,39560648
2022-10-27,38.35,39.09,37.73,39.09,39959516
2022-10-28,38.41,38.84,37.36,37.48,46113525
2022-10-31,37.23,37.79,36.86,37.23,35863039
2022-11-01,37.48,37.61,36.37,36.55,39795029
2022-11-02,37.48,37.98,36.8,36.99,52273581
2022-11-03,35.94,37.3,35.75,37.23,34704917
2022-11-04,36.68,38.22,36.62,37.85,50156654
2022-11-07,38.66,38.97,38.1,38.53,45087638
2022-11-08,39.03,40.45,38.72,39.21,72505276
2022-11-09,39.65,40.02,38.97,39.89,47917617
2022-11-10,39.15,40.27,39.09,39.77,37856711
2022-11-11,41.44,41.75,39.77,40.33,65542760
2022-11-14,40.57,41.19,40.14,40.95,42918182
2022-11-15,41.32,41.32,40.08,40.39,40955187
2022-11-16,40.45,40.7,39.77,39.96,37384878
2022-11-17,40.02,40.39,39.71,40.08,20450845
2022-11-18,40.08,40.14,38.9,38.97,31197176
2022-11-21,38.72,38.97,37.91,37.98,25409189
2022-11-22,37.79,38.66,37.79,38.16,19212480
2022-11-23,38.53,39.03,38.35,38.66,24133365
2022-11-24,39.03,39.96,38.41,39.96,41657565
2022-11-25,40.08,40.82,39.77,40.14,48487880
2022-11-28,39.77,40.27,39.15,39.28,34211256
2022-11-29,39.15,40.64,38.9,40.27,39096000
2022-11-30,39.89,41.01,39.83,40.88,40157264
2022-12-01,41.56,42.06,40.39,40.45,60250917
2022-12-02,40.2,40.64,39.96,40.08,22431725
2022-12-05,39.65,40.27,39.4,39.46,38800681
2022-12-06,39.46,39.71,38.04,38.16,43569380
2022-12-07,38.04,38.53,37.54,37.67,33677795
2022-12-08,37.67,37.98,37.36,37.73,19117868
2022-12-09,37.91,38.84,37.85,38.84,29786043
2022-12-12,38.47,38.9,38.16,38.22,17765874
2022-12-13,38.9,39.52,38.41,39.09,39484179
2022-12-14,38.72,38.9,38.16,38.35,31139447
2022-12-15,38.47,39.09,38.41,38.84,27909293
2022-12-16,38.41,41.69,38.41,40.39,168587185
2022-12-19,40.82,41.44,39.77,39.77,104189425
2022-12-20,40.14,40.95,39.52,39.52,92265511
2022-12-21,40.02,41.13,39.89,40.64,90991395
2022-12-22,41.5,42.49,41.19,42.06,150613413
2022-12-23,41.56,41.94,41.13,41.63,57108877
2022-12-26,41.44,41.75,40.2,40.2,51574397
2022-12-27,40.51,40.95,40.2,40.27,30902567
2022-12-28,40.08,40.51,39.4,39.52,28883703
2022-12-29,39.4,40.14,39.34,40.08,24114124
2022-12-30,40.64,40.95,40.39,40.51,32312709
2023-01-03,40.76,40.88,39.89,39.96,34563366
2023-01-04,40.08,40.33,39.28,39.28,28737697
2023-01-05,39.71,40.14,39.34,39.4,23111038
2023-01-06,39.58,39.58,39.09,39.34,17246911
2023-01-09,39.46,39.65,38.72,39.15,31335819
2023-01-10,39.28,39.52,38.84,38.9,22208836
2023-01-11,39.28,39.77,39.09,39.09,22281162
2023-01-12,39.09,39.34,38.35,38.35,25198114
2023-01-13,38.53,38.66,38.16,38.29,19670869
2023-01-16,38.41,38.41,37.54,37.79,26538664
2023-01-17,38.1,38.53,38.04,38.35,17187307
2023-01-30,38.53,38.72,37.85,37.91,35407205
2023-01-31,38.04,38.78,38.04,38.66,26720627
2023-02-01,38.78,39.03,38.47,38.6,18453575
2023-02-02,38.97,39.52,38.84,39.28,30276053
2023-02-03,39.83,40.14,39.28,39.34,43392572
2023-02-06,39.15,39.21,38.16,38.16,27983337
2023-02-07,38.04,38.47,38.04,38.16,11931444
2023-02-08,38.47,38.47,38.16,38.22,10324818
2023-02-09,38.22,38.47,38.16,38.16,10057312
2023-02-10,38.16,38.22,37.42,37.48,27813718
2023-02-13,37.23,37.3,36.31,36.49,27210274
2023-02-14,36.86,37.67,36.74,37.54,21280180
2023-02-15,37.42,37.67,36.93,37.11,16284825
2023-02-16,37.3,37.42,36.99,37.3,10584442
2023-02-17,37.11,37.11,36.86,36.99,10708871
2023-02-20,36.99,37.48,36.93,37.42,9937875
2023-02-21,37.54,38.9,37.42,38.84,43916997
2023-02-22,38.84,39.21,38.6,38.72,43570643
2023-02-23,39.15,39.89,39.09,39.77,45918976
2023-02-24,40.08,40.33,39.4,39.96,47501942
2023-03-01,39.77,39.89,39.09,39.46,24864522
2023-03-02,39.89,40.82,39.89,40.57,48008495
2023-03-03,41.07,41.63,40.39,41.5,76229363
2023-03-06,42.06,42.12,41.19,41.75,56207938
2023-03-07,41.75,41.94,41.25,41.69,32731987
2023-03-08,41.38,41.5,40.82,41.01,37688705
2023-03-09,41.07,41.63,40.88,41.44,34401538
2023-03-10,41.19,44.59,40.7,42.49,242850750
2023-03-13,42.55,43.23,42.12,42.74,88660853
2023-03-14,42.0,42.55,41.32,41.75,85550002
2023-03-15,42.43,42.62,41.13,41.13,81936292
2023-03-16,40.95,41.25,39.83,40.02,58764719
2023-03-17,40.39,40.57,40.2,40.45,29939168
2023-03-20,40.76,41.13,40.51,40.7,22845157
2023-03-21,41.01,41.01,40.27,40.27,19192237
2023-03-22,40.51,40.76,40.2,40.39,12631884
2023-03-23,40.14,40.2,39.58,39.65,27869343
2023-03-24,39.77,39.89,39.52,39.71,17118395
2023-03-27,39.65,39.96,39.4,39.71,16935477
2023-03-28,39.65,40.27,39.58,39.58,18069116
2023-03-29,39.77,39.96,39.28,39.28,17009058
2023-03-30,39.46,39.52,39.15,39.15,16145567
2023-03-31,39.52,40.02,39.34,39.77,21070169
2023-04-06,40.02,40.2,39.46,39.58,21832694
2023-04-07,39.77,40.82,39.65,40.57,36886759
2023-04-10,41.07,41.25,40.45,40.64,29919563
2023-04-11,40.82,41.01,40.51,40.57,14808817
2023-04-12,40.95,41.19,40.7,41.07,23307926
2023-04-13,41.13,41.25,40.7,41.01,17601067
2023-04-14,41.19,41.56,40.88,41.32,26989882
2023-04-17,41.87,42.06,41.63,41.87,28927618
2023-04-18,42.31,42.31,41.01,41.07,28314112
2023-04-19,41.13,41.25,40.57,40.82,16330203
2023-04-20,41.07,41.69,41.07,41.07,21263821
2023-04-21,41.19,41.25,40.08,40.14,27647900
2023-04-24,40.08,40.33,39.71,40.02,13293732
2023-04-25,40.08,40.39,39.4,39.4,21295432
2023-04-26,39.34,39.34,38.47,38.6,29645930
2023-04-27,38.35,38.47,38.04,38.16,26588018
2023-04-28,38.9,39.21,38.72,39.03,17216626
2023-05-02,38.78,38.84,37.91,38.29,28796024
2023-05-03,38.16,38.16,37.48,37.54,29029052
2023-05-04,37.3,37.91,37.3,37.61,17432324
2023-05-05,37.61,37.98,37.54,37.85,16060461
2023-05-08,37.85,37.91,37.42,37.42,19521129
2023-05-09,37.48,37.73,37.23,37.3,14848421
2023-05-10,37.17,38.1,37.11,38.1,20205750
2023-05-11,37.85,37.91,37.17,37.17,19007158
2023-05-12,37.11,37.48,37.11,37.23,8759005
2023-05-15,37.36,37.85,36.62,37.85,21697528
2023-05-16,37.91,38.04,37.61,37.67,13759895
2023-05-17,37.91,38.16,37.79,37.85,14271922
2023-05-18,38.04,38.16,37.73,37.91,11748225
2023-05-19,37.98,38.1,37.73,37.91,8611586
2023-05-22,37.98,38.66,37.79,38.41,15044999
2023-05-23,38.47,38.47,38.1,38.16,9943548
2023-05-24,38.16,38.53,38.16,38.29,8186271
2023-05-25,38.1,38.16,37.79,37.79,11393458
2023-05-26,37.85,38.16,37.61,37.91,12236605
2023-05-29,38.04,38.53,38.04,38.35,16748951
2023-05-30,38.47,38.53,37.91,37.91,13628595
2023-05-31,38.04,38.29,37.61,37.61,20141557
2023-06-01,37.61,37.98,37.3,37.98,17726580
2023-06-02,38.16,38.29,37.85,38.04,17356208
2023-06-05,38.1,38.1,37.61,37.67,19266014
2023-06-06,37.73,38.22,37.73,38.16,16000932
2023-06-07,38.29,38.29,37.98,38.16,12325347
2023-06-08,38.22,39.09,38.16,38.72,39037803
2023-06-09,38.97,39.03,38.41,38.9,20803051
2023-06-12,38.84,38.97,38.41,38.97,14682970
2023-06-13,39.15,39.15,38.78,39.09,18751448
2023-06-14,39.09,39.96,39.03,39.77,31899388
2023-06-15,40.02,40.14,39.46,39.65,26754298
2023-06-16,39.65,40.14,39.58,40.08,30411263
2023-06-19,40.08,40.14,39.28,39.28,23782266
2023-06-20,39.21,39.46,39.03,39.09,16518193
2023-06-21,38.97,39.15,37.85,38.04,47222066
2023-06-26,38.16,38.41,37.79,37.79,23453980
2023-06-27,37.85,38.29,37.79,37.79,20945324
2023-06-28,37.98,38.04,37.23,37.54,32797257
2023-06-29,37.48,37.54,36.99,37.17,38733096
2023-06-30,37.54,39.03,37.48,38.97,115890291
2023-07-03,39.96,42.86,39.89,42.86,276680809
2023-07-04,47.12,47.12,46.25,47.12,165504481
2023-07-05,47.47,47.56,44.17,44.95,205152257
2023-07-06,44.86,45.12,44.17,44.34,68586497
2023-07-07,43.99,44.69,43.65,43.99,41057145
2023-07-10,43.73,43.82,42.43,42.47,64567483
2023-07-11,42.86,43.38,41.91,42.08,47666660
2023-07-12,41.99,41.99,40.12,40.21,74145845
2023-07-13,40.04,40.12,38.25,38.25,86809611
2023-07-14,38.78,39.56,38.78,38.78,42979352
2023-07-17,39.25,39.56,38.86,39.17,28169017
2023-07-18,39.78,41.21,39.34,40.25,54631148
2023-07-19,40.82,41.3,40.34,40.69,46665198
2023-07-20,40.86,42.08,40.86,42.08,43289328
2023-07-21,41.47,42.21,40.99,41.17,39361735
2023-07-24,40.82,40.82,39.73,39.78,26471666
2023-07-25,39.91,40.39,39.65,39.65,17680332
2023-07-26,39.82,40.99,39.73,40.78,28590255
2023-07-27,41.25,41.52,40.65,40.78,26226182
2023-07-28,41.38,41.86,41.12,41.52,39797196
2023-07-31,42.17,42.25,40.43,40.43,35607739
2023-08-01,40.73,40.99,40.56,40.69,11621350
2023-08-02,40.73,40.91,40.17,40.39,15884662
2023-08-04,40.6,41.25,40.56,40.99,24739499
2023-08-07,40.73,40.73,39.25,40.34,26037638
2023-08-08,40.52,40.78,40.21,40.34,14095403
2023-08-09,40.39,40.65,39.86,39.99,12440453
2023-08-10,39.95,39.99,39.34,39.56,18999020
2023-08-11,39.56,39.91,38.86,39.39,14550129
2023-08-14,39.04,39.25,38.21,38.3,26779238
2023-08-15,38.34,38.52,37.82,37.91,17086753
2023-08-16,37.56,37.6,36.52,36.56,27899913
2023-08-17,36.34,37.26,35.73,36.99,22458840
2023-08-18,37.04,39.73,37.04,38.17,48454723
2023-08-21,38.34,38.52,37.43,37.47,15070819
2023-08-22,37.65,37.86,37.3,37.65,10571934
2023-08-23,37.86,38.34,37.26,37.34,14569431
2023-08-24,37.3,37.34,36.39,36.47,24158929
2023-08-25,36.39,36.82,36.3,36.56,10439746
2023-08-28,36.56,36.78,35.95,36.52,10350925
2023-08-29,36.6,37.12,36.56,36.95,9255619
2023-08-30,37.21,37.21,36.6,36.73,12516850
2023-08-31,36.95,37.3,36.73,36.73,12831921
2023-09-01,36.86,36.99,36.6,36.6,9270812
2023-09-04,36.69,37.56,36.6,37.3,16239481
2023-09-05,37.56,37.78,37.17,37.65,13536604
2023-09-06,37.69,37.73,37.04,37.04,10968996
2023-09-07,37.04,37.21,36.91,36.95,6530199
2023-09-08,36.99,37.43,36.99,37.08,10665446
2023-09-11,37.34,37.47,36.86,36.95,13936643
2023-09-12,37.12,37.52,37.08,37.47,10945347
2023-09-13,37.65,37.65,37.3,37.65,10876703
2023-09-14,37.82,38.78,37.82,38.78,29217038
2023-09-15,39.12,41.25,39.08,40.39,127643880
2023-09-18,40.12,40.34,39.17,39.56,35001560
2023-09-19,39.95,40.17,39.25,39.86,18787094
2023-09-20,40.12,41.12,40.08,40.25,31837591
2023-09-21,39.99,40.21,39.34,39.65,19401098
2023-09-22,39.47,40.12,39.43,39.82,13951508
2023-09-25,39.78,39.95,39.43,39.95,8972964
2023-09-26,39.91,40.17,39.56,39.95,9440628
2023-09-27,40.08,40.69,39.73,39.91,14461570
2023-09-28,40.21,40.25,39.39,39.52,9959229
2023-10-02,39.56,39.56,38.43,38.65,16352045
2023-10-03,38.43,38.86,38.34,38.34,9273914
2023-10-04,38.3,38.78,37.82,38.73,13399743
2023-10-05,39.08,39.73,39.04,39.04,11577012
2023-10-06,39.52,39.52,38.91,39.12,7117266
2023-10-11,39.08,39.08,36.95,36.99,28896664
2023-10-12,36.99,37.47,36.86,37.47,8504714
2023-10-13,37.34,37.47,36.95,36.99,9204888
2023-10-16,36.82,36.86,36.26,36.86,10575906
2023-10-17,37.04,37.08,36.65,36.73,6486501
2023-10-18,36.69,37.26,36.43,36.78,21128322
2023-10-19,36.56,37.56,36.52,37.12,9259700
2023-10-20,36.82,36.99,36.26,36.82,10416690
2023-10-23,36.69,37.04,36.47,36.47,5592349
2023-10-24,36.56,36.86,36.26,36.69,4876455
2023-10-25,36.95,36.95,36.56,36.78,5411126
2023-10-26,36.6,36.99,36.43,36.91,7635575
2023-10-27,36.95,37.39,36.82,37.39,6720344
2023-10-30,37.6,37.73,36.99,37.6,9105279
2023-10-31,37.69,37.73,36.56,36.6,8645056
2023-11-01,36.86,37.04,36.43,36.6,4510512
2023-11-02,36.65,37.12,36.65,37.08,6154791
2023-11-03,37.26,37.65,37.26,37.6,8501629
2023-11-06,36.99,36.99,36.26,36.78,11921659
2023-11-07,36.6,36.95,36.52,36.73,6552763
2023-11-08,36.78,36.95,36.39,36.43,10394943
2023-11-09,36.43,36.65,36.26,36.39,8745870
2023-11-10,36.43,36.47,35.82,35.91,11552457
2023-11-13,35.99,36.65,35.91,36.04,9464358
2023-11-14,36.47,37.65,36.08,36.08,39996709
2023-11-15,36.39,36.6,35.91,36.6,16074320
2023-11-16,36.73,36.78,36.34,36.65,11251917
2023-11-17,36.73,36.73,36.34,36.34,10935221
2023-11-20,36.34,36.56,36.17,36.52,6686332
2023-11-21,36.65,36.69,36.39,36.43,9265979
2023-11-22,36.43,36.52,36.12,36.12,8593348
2023-11-23,36.21,36.39,36.08,36.12,7385206
2023-11-24,36.17,36.3,35.91,36.3,8958230
2023-11-27,36.43,36.69,36.26,36.52,9940998
2023-11-28,36.69,37.17,36.65,37.08,18403813
2023-11-29,37.21,37.3,36.69,36.99,10661014
2023-11-30,36.99,37.17,36.52,36.52,20976395
2023-12-01,36.6,37.69,36.6,37.65,33638916
2023-12-04,38.3,39.56,38.17,39.25,60101746
2023-12-05,39.17,39.69,38.39,38.99,38469540
2023-12-06,39.17,39.17,38.39,38.82,19005087
2023-12-07,38.86,38.91,37.95,37.99,15139116
2023-12-08,38.04,38.52,37.86,38.25,13112086
2023-12-11,38.65,38.99,38.12,38.25,16677615
2023-12-12,38.43,39.39,38.25,38.25,33756340
2023-12-13,38.34,38.52,37.56,37.56,21430949
2023-12-14,37.78,37.78,37.12,37.17,19658092
2023-12-15,37.52,38.73,37.52,38.47,48807760
2023-12-18,39.99,42.3,39.52,41.6,234009631
2023-12-19,42.12,43.91,41.78,42.86,274553406
2023-12-20,43.21,43.91,41.91,43.82,165093087
2023-12-21,43.73,48.17,43.25,48.17,331848171
2023-12-22,48.86,50.77,48.17,49.99,365390740
2023-12-25,46.95,47.99,45.04,45.04,257699362
2023-12-26,44.86,46.51,44.78,45.21,168621328
2023-12-27,46.43,46.95,45.73,45.73,108001216
2023-12-28,46.17,46.34,44.69,45.12,67059515
2023-12-29,45.47,45.47,44.51,44.6,40524675
2024-01-02,47.12,47.99,45.38,46.08,165713343
2024-01-03,47.64,47.91,46.17,46.95,125148434
2024-01-04,47.82,51.47,47.3,49.82,292040120
2024-01-05,50.6,51.21,49.38,50.43,207547165
2024-01-08,50.25,50.86,48.86,49.12,110488475
2024-01-09,46.51,46.78,44.25,44.95,179640857
2024-01-10,44.17,44.51,41.91,42.43,198516891
2024-01-11,42.82,43.43,42.69,42.86,58709721
2024-01-12,43.99,45.21,43.82,45.04,100912953
2024-01-15,45.65,46.34,45.04,45.38,67489583
2024-01-16,45.91,46.25,43.91,44.43,72494694
2024-01-17,44.51,45.12,42.82,43.25,70112506
2024-01-18,43.73,44.78,43.21,44.6,57293584
2024-01-19,44.78,44.78,43.47,44.25,42410599
2024-01-22,43.17,43.3,42.43,43.3,50904208
2024-01-23,43.82,44.43,42.99,42.99,41092788
2024-01-24,43.25,44.08,42.86,43.3,26088507
2024-01-25,43.47,43.47,42.73,42.82,23472307
2024-01-26,42.86,43.25,42.34,42.52,22577127
2024-01-29,42.43,42.78,42.25,42.43,19135125
2024-01-30,42.65,42.73,42.04,42.17,19023378
2024-01-31,42.25,42.78,41.47,41.6,24738523
2024-02-01,41.73,42.91,41.73,42.73,31981493
2024-02-02,41.91,42.38,41.43,41.52,33619877
2024-02-05,41.56,41.65,41.12,41.12,23275388
2024-02-15,40.86,41.34,39.6,40.56,40124309
2024-02-16,41.3,41.69,40.73,40.78,21670323
2024-02-19,40.95,41.25,40.3,40.78,16152533
2024-02-20,41.12,42.3,40.95,41.86,33312606
2024-02-21,42.43,42.91,41.99,42.04,70973290
2024-02-22,42.56,43.82,41.99,43.43,69963644
2024-02-23,43.65,43.82,42.47,42.69,39418678
2024-02-26,42.78,42.95,42.25,42.34,24691803
2024-02-27,42.38,43.04,42.21,42.21,30045182
2024-02-29,42.6,43.47,42.47,43.34,43285992
2024-03-01,43.04,43.25,42.34,42.73,28690642
2024-03-04,42.43,42.91,41.73,42.52,43724711
2024-03-05,42.6,43.08,42.21,42.25,28449835
2024-03-06,42.17,42.6,41.73,41.73,23243605
2024-03-07,41.86,42.38,41.73,41.73,22736232
2024-03-08,41.86,42.69,41.21,41.34,52885117
2024-03-11,41.86,42.43,41.86,42.25,24084660
2024-03-12,42.52,42.73,42.08,42.56,25354873
2024-03-13,42.86,43.04,42.21,42.34,28857812
2024-03-14,42.52,42.52,41.38,41.52,28496148
2024-03-15,41.04,41.04,39.3,40.43,60943317
2024-03-18,39.73,39.73,39.12,39.25,33999852
2024-03-19,39.3,39.86,39.25,39.39,20239589
2024-03-20,39.52,39.78,38.99,39.08,28889948
2024-03-21,39.91,40.47,39.52,39.52,26737300
2024-03-22,39.82,39.86,39.12,39.25,17059276
2024-03-25,39.3,39.82,39.3,39.65,12746315
2024-03-26,39.52,39.52,38.3,38.39,37215469
2024-03-27,38.43,38.82,38.34,38.39,13060433
2024-03-28,38.56,38.73,38.25,38.34,15879193
2024-03-29,38.43,38.82,38.43,38.6,7517000
2024-04-01,38.86,38.91,38.47,38.52,11354631
2024-04-02,38.52,38.65,38.25,38.65,11431992
2024-04-03,38.43,38.52,38.08,38.08,16402684
2024-04-08,38.12,39.47,37.91,39.21,21769535
2024-04-09,39.21,39.65,38.95,39.08,21643455
2024-04-10,39.34,39.39,38.6,38.6,18258128
2024-04-11,38.95,39.39,38.86,39.12,15371121
2024-04-12,39.39,39.47,38.99,39.3,14823894
2024-04-15,39.12,39.69,38.47,39.3,21911628
2024-04-16,39.17,39.25,37.86,38.08,27892467
2024-04-17,37.91,38.52,37.91,38.21,12541419
2024-04-18,38.21,38.43,37.91,38.08,13720661
2024-04-19,37.95,40.21,37.95,39.25,59231724
2024-04-22,40.34,41.12,39.6,39.65,64331989
2024-04-23,39.65,40.04,39.34,39.86,14742628
2024-04-24,40.3,40.86,39.82,40.6,34483908
2024-04-25,40.43,40.95,40.12,40.95,20718319
2024-04-26,40.95,45.04,40.91,45.04,221119944
2024-04-29,47.82,48.25,45.73,45.99,194973059
2024-04-30,46.08,46.08,44.6,45.38,79952434
2024-05-02,46.17,46.78,43.91,44.6,83775891
2024-05-03,44.6,44.95,43.34,43.82,56657148
2024-05-06,43.47,44.6,43.08,43.99,31920198
2024-05-07,44.34,45.99,43.99,45.65,83410158
2024-05-08,46.25,47.04,45.21,45.38,83551816
2024-05-09,46.08,48.86,45.82,47.91,192665725
2024-05-10,49.04,52.69,48.78,52.69,391707464
2024-05-13,57.03,57.9,55.82,57.9,277582943
2024-05-14,59.21,63.64,58.43,61.99,484290045
2024-05-15,61.38,62.69,60.16,62.08,236099017
2024-05-16,62.6,66.42,61.82,64.42,308297765
2024-05-17,64.42,64.42,61.38,61.73,46928263
2024-05-20,62.6,63.03,61.29,63.03,32709539
2024-05-21,62.69,62.69,61.21,62.08,24151876
2024-05-22,62.16,63.21,61.38,62.6,25231963
2024-05-23,62.95,62.95,61.9,61.99,17970870
2024-05-24,62.6,64.34,62.6,63.9,32767601
2024-05-27,65.99,69.47,64.6,68.08,60215201
2024-05-28,68.68,70.34,68.25,69.12,50740050
2024-05-29,69.38,70.77,66.08,67.12,43260407
2024-05-30,66.69,68.77,65.29,68.08,32140567
2024-05-31,69.82,70.77,61.29,62.16,315275587
2024-06-03,64.77,65.99,61.21,65.99,177490647
2024-06-04,65.03,66.6,63.64,65.82,95151737
2024-06-05,67.21,71.55,67.21,69.9,256494050
2024-06-06,71.29,73.47,69.99,72.77,319771869
2024-06-07,71.9,74.25,70.42,72.08,229557394
2024-06-11,73.47,74.77,64.95,64.95,328277613
2024-06-12,64.6,65.73,59.64,61.64,243080570
2024-06-13,64.34,65.03,62.08,62.95,149974161
2024-06-14,63.64,66.51,63.03,65.56,158325725
2024-06-17,65.9,65.9,63.47,64.08,106053864
2024-06-18,64.6,65.03,63.73,64.42,52297598
2024-06-19,64.77,67.38,64.42,65.21,105686812
2024-06-20,65.9,66.95,65.9,66.69,60990483
2024-06-21,68.6,69.55,65.73,65.99,159140360
2024-06-24,65.99,66.42,64.16,64.51,57093258
2024-06-25,65.21,66.51,64.6,66.51,71740931
2024-06-26,66.51,66.86,64.95,65.21,55802049
2024-06-27,65.64,66.34,64.95,65.38,41313493
2024-06-28,65.82,66.08,64.51,64.86,38679369
2024-07-01,65.9,66.34,63.21,64.08,65543070
2024-07-02,64.25,64.77,63.56,64.42,41272173
2024-07-03,65.29,67.03,64.77,65.03,65838600
2024-07-04,65.56,65.64,64.16,64.16,42704570
2024-07-05,64.6,64.69,62.77,62.86,44474108
2024-07-08,59.9,60.16,57.38,58.69,99990102
2024-07-09,60.48,60.57,57.79,58.42,65515022
2024-07-10,59.13,59.76,58.24,58.33,41562585
2024-07-11,59.13,59.4,58.33,58.33,26829964
2024-07-12,57.7,58.06,56.63,57.34,36804821
2024-07-15,56.89,58.15,56.09,56.54,48881077
2024-07-16,57.25,57.7,55.91,55.91,31114783
2024-07-17,56.09,56.45,55.1,55.46,40759843
2024-07-18,55.91,56.0,55.19,55.37,23150061
2024-07-19,55.37,55.37,53.67,53.94,41875849
2024-07-22,53.04,53.4,51.34,52.5,54215561
2024-07-23,53.49,55.37,52.86,54.48,49018239
2024-07-26,52.5,54.21,52.33,54.03,26381750
2024-07-29,54.21,55.01,53.22,53.76,25373189
2024-07-30,55.37,55.91,53.85,55.82,40604876
2024-07-31,55.37,57.16,55.1,56.8,36224107
2024-08-01,57.61,58.42,56.8,57.88,35042073
2024-08-02,56.89,59.49,56.54,57.43,67447320
2024-08-05,56.54,56.63,53.4,53.76,59082169
2024-08-06,55.19,58.42,54.48,54.74,76390077
2024-08-07,55.37,57.61,54.48,56.98,48837910
2024-08-08,56.45,56.63,54.74,54.83,38792708
2024-08-09,56.27,56.63,53.13,54.48,62322381
2024-08-12,53.76,57.34,53.49,56.89,71940075
2024-08-13,56.89,57.16,54.83,55.37,66427207
2024-08-14,55.64,56.45,54.83,55.19,39691142
2024-08-15,55.64,57.7,55.28,57.16,59173552
2024-08-16,57.43,58.15,56.89,57.16,40269339
2024-08-19,57.79,57.79,56.89,57.07,16510466
2024-08-20,57.88,58.33,56.98,57.07,30312460
2024-08-21,57.34,57.97,56.27,57.07,31057761
2024-08-22,57.07,57.52,56.89,57.07,13404564
2024-08-23,57.52,57.61,56.8,56.98,19525214
2024-08-26,57.16,59.04,56.89,57.52,41149316
2024-08-27,57.52,57.88,55.91,56.18,34877435
2024-08-28,56.45,56.54,55.82,56.09,11074742
2024-08-29,55.82,56.45,55.73,56.36,9973926
2024-08-30,56.8,57.79,56.63,57.79,31474365
2024-09-02,57.88,57.88,55.82,55.82,28898520
2024-09-03,56.0,56.54,55.37,55.37,13968396
2024-09-04,53.4,55.01,52.5,54.39,30155943
2024-09-05,54.74,56.09,54.57,55.1,22678495
2024-09-06,54.74,55.82,54.48,55.64,17018937
2024-09-09,54.65,54.74,53.94,54.3,19836211
2024-09-10,54.65,55.28,53.49,53.58,20778541
2024-09-11,54.21,55.37,53.76,54.92,20634621
2024-09-12,55.91,56.27,55.28,55.55,22339110
2024-09-13,56.18,56.18,55.37,55.91,19800404
2024-09-16,55.46,55.55,55.01,55.28,13366152
2024-09-18,55.46,56.63,55.46,56.09,23282666
2024-09-19,56.45,56.8,56.0,56.8,15963859
2024-09-20,57.52,57.61,56.27,56.98,27791405
2024-09-23,57.07,57.97,56.89,57.79,31284416
2024-09-24,58.33,61.82,58.24,60.57,154948783
2024-09-25,61.73,63.08,60.57,63.08,143623188
2024-09-26,63.35,67.11,62.99,63.52,207781817
2024-09-27,64.78,65.76,63.88,65.32,98367390
2024-09-30,65.32,65.32,61.11,61.82,95685815
2024-10-01,62.81,64.24,62.45,63.17,59952733
2024-10-04,57.25,58.78,57.16,57.43,97058191
2024-10-07,57.43,57.7,56.27,57.43,45390778
2024-10-08,57.52,57.88,56.89,56.89,25707494
2024-10-09,57.16,57.16,55.37,56.0,37175950
2024-10-11,56.18,57.16,56.0,56.27,22396320
2024-10-14,56.45,57.25,56.27,56.72,15011773
2024-10-15,57.07,57.25,56.54,56.54,13893212
2024-10-16,56.54,57.7,56.0,57.07,20728785
2024-10-17,57.16,59.04,57.07,58.69,40449159
2024-10-18,59.58,59.58,58.51,59.04,32124876
2024-10-21,59.49,61.37,59.13,61.28,48571468
2024-10-22,61.82,62.09,60.57,60.75,46409361
2024-10-23,61.2,61.82,60.66,61.37,26464020
2024-10-24,61.2,61.2,59.76,60.3,23762687
2024-10-25,60.39,61.37,60.39,60.75,19074611
2024-10-28,61.91,62.54,60.48,61.02,28474407
2024-10-29,60.39,60.48,59.13,59.31,21156642
2024-10-30,59.67,60.66,59.49,59.49,15926511
2024-11-01,60.03,63.17,59.76,62.72,85890294
2024-11-04,62.99,63.35,60.93,61.02,62348958
2024-11-05,61.37,64.42,61.37,63.35,84699634
2024-11-06,63.61,63.7,62.45,63.44,37767995
2024-11-07,62.27,62.99,61.37,62.45,37465012
2024-11-08,63.35,65.41,62.99,64.06,82728907
2024-11-11,64.87,64.96,62.99,64.33,54393988
2024-11-12,64.69,66.21,64.06,64.6,116420189
2024-11-13,65.5,65.5,63.7,63.88,48545412
2024-11-14,64.06,64.69,63.26,63.44,42678848
2024-11-15,64.15,65.68,64.06,64.69,67700888
2024-11-18,64.78,65.59,64.24,64.6,43830545
2024-11-19,65.23,66.93,64.87,66.93,91120844
2024-11-20,69.08,69.08,69.08,69.08,191128986
2024-11-21,69.8,71.5,69.35,71.05,129154017
2024-11-22,69.26,70.6,68.72,69.44,83968776
2024-11-25,69.26,70.07,67.47,68.54,98397785
2024-11-26,68.09,69.08,68.0,68.27,39890546
2024-11-27,68.27,68.63,63.17,64.24,99495490
2024-11-28,64.24,65.85,64.24,64.96,41055770
2024-11-29,66.12,66.84,64.96,65.59,60502101
2024-12-02,66.66,67.65,66.39,66.57,42498036
2024-12-03,67.38,68.27,67.02,67.83,37954909
2024-12-04,67.56,68.09,67.02,68.0,33952243
2024-12-05,67.92,67.92,66.93,66.93,25311086
2024-12-06,67.47,68.27,67.47,67.74,27907523
2024-12-09,70.33,74.37,69.89,74.37,216405776
2024-12-10,73.92,74.37,71.86,72.13,113851603
2024-12-11,71.68,72.93,70.6,70.96,66731336
2024-12-12,71.68,72.13,70.07,70.42,58997146
2024-12-13,70.69,73.29,70.42,72.04,99546210
2024-12-16,72.84,73.02,69.62,70.69,97761331
2024-12-17,70.78,71.86,70.33,70.51,52001172
2024-12-18,70.51,71.14,69.53,70.69,46311565
2024-12-19,69.98,71.23,69.71,70.07,67770558
2024-12-20,70.78,72.04,70.16,71.41,129298764
2024-12-23,71.23,71.23,69.35,70.69,99541864
2024-12-24,70.78,71.77,70.24,70.6,84491508
2024-12-25,71.14,71.14,69.35,69.35,60393280
2024-12-26,69.62,70.07,68.72,68.72,45416514
2024-12-27,68.99,69.35,67.65,67.83,39561555
2024-12-30,68.0,68.63,67.02,67.38,26369641
2024-12-31,67.29,68.36,67.2,67.83,21209921
2025-01-02,68.27,69.71,68.27,68.63,36867398
2025-01-03,69.62,70.33,68.72,69.35,44743545
2025-01-06,69.35,69.44,68.27,68.54,40928607
2025-01-07,68.54,70.78,67.92,70.78,45199448
2025-01-08,70.07,70.24,69.35,69.53,34598124
2025-01-09,69.35,69.44,65.05,65.05,83200574
2025-01-10,64.06,65.05,63.26,64.69,47728756
2025-01-13,64.06,64.42,62.27,62.63,42710720
2025-01-14,62.81,64.51,62.72,64.51,24043844
2025-01-15,64.51,64.78,63.35,63.52,20294694
2025-01-16,63.44,63.79,62.36,62.54,35407134
2025-01-17,62.27,62.45,61.46,61.64,33293960
2025-01-20,61.28,61.28,60.03,60.12,31323686
2025-01-21,60.48,61.55,60.03,60.03,28318628
2025-01-22,60.48,60.75,59.58,60.75,21327317
2025-02-03,59.58,61.2,59.22,59.22,28964296
2025-02-04,59.85,59.94,57.52,57.79,32798192
2025-02-05,58.6,60.66,58.6,60.66,33198581
2025-02-06,60.48,60.48,59.76,60.03,14100655
2025-02-07,60.66,60.93,60.03,60.39,12988018
2025-02-10,60.39,60.93,60.12,60.75,17787685
2025-02-11,61.11,61.73,60.57,60.75,18674249
2025-02-12,61.64,62.36,61.2,61.28,24340041
2025-02-13,61.2,62.9,60.48,62.81,26189942
2025-02-14,62.81,63.17,62.0,62.99,19322184
2025-02-17,62.99,64.06,62.54,63.79,17565542
2025-02-18,63.88,64.15,63.44,64.06,15346009
2025-02-19,64.33,64.33,63.52,64.24,11446735
2025-02-20,64.24,65.23,63.97,64.15,18283079
2025-02-21,64.33,64.6,63.97,63.97,12608166
2025-02-24,63.35,65.14,63.17,64.87,25482982
2025-02-25,65.59,65.85,65.05,65.41,26656466
2025-02-26,66.66,67.2,65.94,66.39,34508090
2025-02-27,66.57,66.93,64.78,65.32,26524363
2025-03-03,63.88,65.41,63.79,65.05,15788142
2025-03-04,64.51,65.23,63.88,65.05,14520531
2025-03-05,65.5,65.76,64.69,65.59,14301527
2025-03-06,65.59,66.66,65.5,65.94,16417388
2025-03-07,66.21,67.65,66.03,67.02,32398911
2025-03-10,67.47,67.47,66.12,66.3,18882217
2025-03-11,65.32,66.39,64.6,66.03,28282627
2025-03-12,65.68,66.84,64.69,65.32,24715099
2025-03-13,67.56,68.09,66.48,66.66,59944109
2025-03-14,66.3,67.92,66.3,66.48,47993198
2025-03-17,67.02,68.27,66.3,68.0,45723406
2025-03-18,68.36,69.89,67.65,69.35,47423576
2025-03-19,69.35,69.71,68.81,69.08,27455813
2025-03-20,69.62,69.98,69.35,69.89,25443710
2025-03-21,70.16,70.24,68.72,68.81,24109530
2025-03-24,69.17,69.71,68.9,69.17,20114598
2025-03-25,69.71,69.98,69.35,69.8,20112232
2025-03-26,69.98,70.07,69.08,69.35,16354629
2025-03-27,69.35,69.8,68.18,68.63,19923780
2025-03-28,68.81,68.81,67.2,67.38,18868471
2025-03-31,66.3,67.2,65.41,66.66,26968033
2025-04-01,67.11,69.35,66.93,68.99,23600690
2025-04-02,68.99,69.35,68.45,69.35,15364183
2025-04-07,62.45,62.45,62.45,62.45,4684868
2025-04-08,56.89,57.61,56.27,56.27,65498372
2025-04-09,53.67,55.46,50.71,50.71,53042839
2025-04-10,55.73,55.73,55.73,55.73,11014910
2025-04-11,55.55,61.28,54.21,61.28,68550510
2025-04-14,65.41,67.38,63.61,65.94,125702991
2025-04-15,66.57,67.56,65.59,65.59,78664007
2025-04-16,65.14,65.85,64.06,64.96,31480903
2025-04-17,64.06,64.33,62.63,63.61,37106412
2025-04-18,63.88,66.66,63.79,64.6,60033451
2025-04-21,61.82,63.97,61.46,62.63,30823993
2025-04-22,62.09,62.99,61.82,62.27,26075538
2025-04-23,63.52,64.06,62.99,63.97,25088239
2025-04-24,63.79,64.42,63.52,63.52,17838354
2025-04-25,64.42,64.51,62.36,62.54,25097877
2025-04-28,62.9,62.9,62.18,62.63,13796410
2025-04-29,62.72,62.81,61.73,61.91,23525801
2025-04-30,62.09,62.18,60.75,60.93,26715040
2025-05-02,61.64,63.61,61.55,63.52,33033850
2025-05-05,63.61,63.79,62.72,63.08,19521588
2025-05-06,63.17,63.97,62.72,63.79,16637357
2025-05-07,63.7,63.88,63.17,63.61,9824380
2025-05-08,62.99,63.52,62.9,63.17,12094475
2025-05-09,63.79,64.6,63.7,64.33,20870809
2025-05-12,65.23,65.85,64.69,64.96,18114519
2025-05-13,70.87,71.41,68.0,69.89,128331871
2025-05-14,70.33,72.04,68.99,71.14,111315554
2025-05-15,72.57,73.2,70.69,71.23,104205508
2025-05-16,71.77,76.7,71.68,75.26,234592454
2025-05-19,75.44,76.07,73.47,74.63,113688015
2025-05-20,73.92,75.53,73.56,74.81,62241030
2025-05-21,74.99,75.44,73.92,74.63,57927415
2025-05-22,74.01,78.67,72.84,77.86,177269156
2025-05-23,78.04,78.67,73.47,74.99,156331841
2025-05-26,74.81,75.53,73.47,74.37,55143919
2025-05-27,73.74,74.63,71.95,73.47,59806965
2025-05-28,74.19,74.72,71.59,72.84,69320221
2025-05-29,72.31,72.57,70.87,71.32,84138084
2025-06-02,71.59,72.4,70.87,70.87,62767219
2025-06-03,71.32,71.68,69.98,71.68,69964856
2025-06-04,71.59,71.77,70.33,70.33,59854104
2025-06-05,70.42,70.87,66.57,66.57,104024907
2025-06-06,66.48,67.47,65.68,65.85,62183572
2025-06-09,65.5,65.85,63.61,63.97,83125534
2025-06-10,64.15,65.23,64.06,64.69,46121525
2025-06-11,64.87,65.59,64.24,64.78,59869328
2025-06-12,64.78,65.14,64.51,64.51,41946467
2025-06-13,64.51,66.93,64.42,66.39,59722853
2025-06-16,66.21,66.57,65.59,65.94,28911801
2025-06-17,65.76,68.27,64.78,68.27,64062051
2025-06-18,67.74,68.54,67.38,67.38,36404888
2025-06-19,67.83,68.18,66.3,66.39,26525027
2025-06-20,66.39,67.02,65.32,65.41,47084047
2025-06-23,64.6,65.32,64.33,64.42,49627149
2025-06-24,65.14,66.48,65.14,65.5,47636059
2025-06-25,65.76,66.03,65.05,65.05,48015939
2025-06-26,65.32,65.85,64.6,64.6,38704428
2025-06-27,64.96,65.32,64.51,65.05,25866809
2025-06-30,65.05,65.05,63.61,63.7,36532839
2025-07-01,64.06,65.68,63.88,65.14,27130481
2025-07-02,65.14,65.68,64.69,65.5,17236495
2025-07-03,65.68,66.39,65.59,66.21,22896003
2025-07-04,66.57,66.93,65.59,65.76,21927182
2025-07-07,65.76,65.76,64.24,65.32,29536920
2025-07-08,65.32,65.32,64.51,64.6,36826079
2025-07-09,64.6,65.0,64.1,64.6,47016643
2025-07-10,64.4,64.5,62.7,62.7,32977721
2025-07-11,62.6,63.1,62.4,62.5,21639347
2025-07-14,62.8,63.3,61.9,62.6,26758599
2025-07-15,62.8,63.3,62.3,62.4,14123428
2025-07-16,62.5,63.9,62.2,63.7,25735546
2025-07-17,63.9,64.2,63.3,63.4,17079979
2025-07-18,63.6,63.9,62.9,62.9,13488859
2025-07-21,62.7,62.9,62.2,62.2,14509064
2025-07-22,62.5,63.0,61.2,61.2,21356220
2025-07-23,61.8,62.9,61.7,62.4,16365112
2025-07-24,63.0,64.1,63.0,63.1,22653528
2025-07-25,63.2,63.9,63.1,63.1,12606827
2025-07-28,63.2,63.2,62.3,62.3,14736377
2025-07-29,62.3,62.7,61.5,61.5,14562347
2025-07-30,62.0,62.1,61.3,61.6,8332797
2025-07-31,61.6,61.7,60.8,60.8,14202579
2025-08-04,60.7,60.9,60.2,60.6,9835657
2025-08-05,60.9,61.1,60.5,60.7,11546416
2025-08-06,60.9,61.4,60.6,60.6,8776661
2025-08-07,60.6,61.0,60.5,60.5,8839821
2025-08-08,60.6,61.5,60.6,61.0,10351056
2025-08-11,61.0,61.0,60.3,60.4,12101562
2025-08-12,60.5,62.2,60.5,61.6,24548627
2025-08-13,62.0,62.4,61.0,61.6,19397642
2025-08-14,61.6,62.0,61.4,61.6,9272684
2025-08-15,61.7,61.9,61.0,61.2,9473780
2025-08-18,61.6,62.0,60.9,61.0,13160283
2025-08-19,60.9,60.9,60.2,60.3,11827279
2025-08-20,60.3,60.8,59.2,60.4,19728618
2025-08-21,60.5,61.1,60.3,60.6,6871303
2025-08-22,60.5,60.5,59.6,59.6,13719368
2025-08-25,59.7,59.8,58.9,59.2,16579611
2025-08-26,59.2,59.6,58.6,59.0,19911924
2025-08-27,58.9,59.3,58.5,58.6,12804201
2025-08-28,58.6,60.0,58.6,58.8,18253300
2025-08-29,58.7,58.9,57.7,57.7,23733327
2025-09-01,58.7,59.0,57.1,57.2,16762671
2025-09-02,57.2,57.6,56.7,56.9,10998491
2025-09-03,56.9,57.6,56.9,57.4,7549581
2025-09-04,57.7,58.3,57.6,58.0,12901373
2025-09-05,58.4,58.4,57.5,57.9,8586389
2025-09-08,57.8,58.2,57.4,57.7,11075142
2025-09-09,57.8,58.0,57.1,57.1,12742317
2025-09-10,57.0,57.4,56.6,56.8,13313034
2025-09-11,56.9,57.1,55.5,55.5,21142343
2025-09-12,55.5,56.5,55.5,56.5,11709964
2025-09-15,56.8,56.9,55.9,56.0,7486909
2025-09-16,56.1,56.3,55.8,56.0,7674152
2025-09-17,56.3,57.5,56.0,56.1,13492322
2025-09-18,56.2,56.5,56.0,56.1,7365280
2025-09-19,56.5,57.7,56.0,57.1,18404339
2025-09-22,56.6,56.6,55.7,55.9,18476333
2025-09-23,55.8,55.8,55.2,55.2,15453605
2025-09-24,55.2,55.7,55.0,55.0,13020743
2025-09-25,55.1,56.0,55.0,55.0,9824946
2025-09-26,55.0,55.0,53.0,53.3,19912035
2025-09-30,53.7,53.7,53.0,53.0,18985117
2025-10-01,53.2,53.4,52.3,52.3,16643881
2025-10-02,52.0,52.4,51.3,51.5,16450643
2025-10-03,51.6,52.7,51.6,52.0,15285040
2025-10-07,52.2,52.4,51.8,51.8,10074207
2025-10-08,51.9,52.0,51.5,51.7,7733624
2025-10-09,51.8,51.9,51.3,51.3,9874954
2025-10-13,50.1,51.9,50.1,51.6,16402107
2025-10-14,52.0,56.7,51.9,56.7,90807029
2025-10-15,55.7,55.7,53.1,53.2,75755113
2025-10-16,53.3,53.9,53.1,53.3,18335774
2025-10-17,53.9,56.6,53.9,54.1,58817539
2025-10-20,55.4,55.7,53.8,54.0,19156856
2025-10-21,54.5,54.5,53.8,53.8,12247010
2025-10-22,54.1,55.2,53.8,53.9,21912843
2025-10-23,53.8,54.6,53.7,54.0,10364153
2025-10-27,54.6,54.8,54.0,54.3,13886450
2025-10-28,54.8,55.4,54.7,55.1,16953837
2025-10-29,55.4,56.7,55.0,56.5,27066639
2025-10-30,57.0,61.3,57.0,60.0,118373625
2025-10-31,59.4,59.9,57.5,57.5,48517515
2025-11-03,58.3,58.8,56.5,56.5,25984937
2025-11-04,56.5,57.0,55.1,55.2,16007657
2025-11-05,54.4,54.9,54.1,54.5,16465827
2025-11-06,54.8,55.5,54.5,55.0,12374340
2025-11-07,54.6,55.5,54.3,54.3,10677404
2025-11-10,54.0,54.0,52.8,53.0,13718267
2025-11-11,53.0,53.2,52.7,52.7,9467480
2025-11-12,53.9,54.9,53.6,54.1,18141275
2025-11-13,54.1,54.6,53.9,54.2,12246062
2025-11-14,53.8,55.4,53.6,53.7,16599969
2025-11-17,53.6,53.6,52.9,53.1,11954498
2025-11-18,52.9,53.9,51.6,51.6,25940477
2025-11-19,51.9,53.3,51.3,51.5,23886323
2025-11-20,51.9,52.7,51.6,51.6,17271056
2025-11-21,51.1,52.1,50.8,51.0,26665179
2025-11-24,51.3,52.5,50.8,52.3,26748192
2025-11-25,52.4,52.5,51.3,51.3,16075894
2025-11-26,51.9,53.3,51.7,52.5,25850186
2025-11-27,52.5,52.8,51.6,52.1,16566066
2025-11-28,52.2,52.4,51.6,52.0,9518806
2025-12-01,51.8,52.7,51.8,52.4,9520123
2025-12-02,52.2,52.8,52.0,52.0,12430038
2025-12-03,52.2,52.4,51.8,51.9,7272730
2025-12-04,52.3,53.4,52.3,52.5,18715560
2025-12-05,52.5,52.9,51.6,51.7,13970748
2025-12-08,51.7,51.7,50.7,51.2,14744310
2025-12-09,50.9,50.9,50.3,50.4,20034528
2025-12-10,50.4,50.8,50.2,50.6,12382588
2025-12-11,50.4,50.8,50.3,50.7,11751280
2025-12-12,50.9,51.3,50.8,50.8,10235764
2025-12-15,51.2,51.6,50.9,51.3,13064474
2025-12-16,51.5,51.8,50.9,51.5,11462070
2025-12-17,51.5,52.0,51.3,51.6,16579984
2025-12-18,51.4,51.4,50.6,50.7,12427604
2025-12-19,50.8,52.3,50.8,52.3,48310597
2025-12-22,52.3,52.7,52.0,52.7,10814339
2025-12-23,52.7,53.1,52.7,52.8,7260764
2025-12-24,53.5,56.3,53.5,55.3,45167074
2025-12-26,55.4,56.2,55.2,56.1,24158141
2025-12-29,56.4,56.9,56.0,56.6,15708702
2025-12-30,56.2,56.3,55.4,56.3,13146517
2025-12-31,56.3,56.4,55.5,55.7,11054881
2026-01-02,56.7,56.9,55.7,56.0,12905268
2026-01-05,56.4,56.4,54.7,54.9,13220179
2026-01-06,55.0,55.7,54.9,55.5,15086111
2026-01-07,55.5,57.7,55.5,57.6,32449336
2026-01-08,58.0,58.7,56.2,56.3,21679102
2026-01-09,56.6,57.2,55.8,56.2,12962920
2026-01-12,56.2,56.2,55.2,56.1,10737162
2026-01-13,56.5,57.1,55.1,55.4,13653633
2026-01-14,55.5,55.8,55.1,55.4,8136420
2026-01-15,55.8,56.0,55.0,55.5,9173402
2026-01-16,55.6,55.7,53.9,54.5,22815015
2026-01-19,54.0,54.4,53.4,54.0,19429192
2026-01-20,54.5,55.8,54.4,55.1,17281004
2026-01-21,55.2,56.2,54.9,55.2,17886731
2026-01-22,55.8,56.4,55.3,55.5,12534942
2026-01-23,55.5,55.5,53.9,54.3,17616183
2026-01-26,54.0,54.3,53.3,54.3,10288267
2026-01-27,54.3,54.6,53.5,53.9,10133920
2026-01-28,54.2,55.2,54.2,54.8,15325084
2026-01-29,54.8,54.8,54.2,54.7,9680235
2026-01-30,54.9,54.9,53.3,53.4,11920424
2026-02-02,52.7,53.0,52.1,52.3,10595504
2026-02-03,52.7,53.0,52.3,52.4,6947391
2026-02-04,52.2,53.3,52.1,52.8,6959801
2026-02-05,53.3,53.7,52.8,52.8,6983795
2026-02-06,52.4,52.4,51.7,52.2,9637351
2026-02-09,52.4,52.6,52.0,52.2,5818118
2026-02-10,52.9,53.1,52.5,52.8,7866120
2026-02-11,52.6,53.3,52.5,53.3,8086743
2026-02-23,54.2,56.0,54.1,55.5,34328041
2026-02-24,55.7,56.1,55.5,55.9,13746909
2026-02-25,56.3,56.4,55.7,56.3,14889461
2026-02-26,56.4,57.7,56.3,57.4,32906215
2026-03-02,61.9,62.9,58.7,60.0,79359605
2026-03-03,61.1,66.0,61.0,66.0,174595665
2026-03-04,68.9,69.9,63.1,63.6,286411698
2026-03-05,64.2,67.0,59.3,60.0,140067834
2026-03-06,61.9,63.0,59.8,60.7,62195425
2026-03-09,61.5,65.0,59.1,61.6,165716908
2026-03-10,60.0,60.9,59.3,60.0,52026915
2026-03-11,60.5,61.5,60.3,60.9,29594447
2026-03-12,61.8,62.9,61.1,62.1,38039830
2026-03-13,62.2,62.6,59.1,59.2,44881180
2026-03-16,59.9,61.2,59.2,59.3,30197416
2026-03-17,59.9,59.9,58.2,58.5,28641965
2026-03-18,58.1,58.8,57.2,58.3,30637539
