date,open,high,low,close,volume
2001-07-23,26.36,26.36,26.36,26.36,463095
2001-07-24,27.88,28.14,27.34,28.05,238341541
2001-07-25,28.05,30.01,28.05,30.01,94092605
2001-07-26,31.07,32.05,30.8,32.05,64114300
2001-07-27,32.85,33.38,31.78,31.96,60369077
2001-07-30,31.96,31.96,31.96,31.96,0
2001-07-31,31.96,34.18,31.78,34.18,77956786
2001-08-01,34.44,34.53,32.4,32.76,61392002
2001-08-02,32.67,33.91,32.67,33.73,61392002
2001-08-03,34.09,34.89,33.73,34.36,52895123
2001-08-06,34.0,35.42,33.73,35.42,48605439
2001-08-07,35.15,35.51,34.36,34.8,38953644
2001-08-08,34.8,35.42,34.36,35.42,35422904
2001-08-09,35.24,35.95,34.8,34.89,32073649
2001-08-10,34.89,34.98,34.27,34.53,24187224
2001-08-13,34.8,35.07,34.0,34.27,23774757
2001-08-14,34.44,34.8,33.29,34.8,27965449
2001-08-15,34.53,35.24,34.44,34.89,18742625
2001-08-16,34.62,34.89,33.82,33.82,26464060
2001-08-17,33.91,34.09,33.11,34.09,31694177
2001-08-20,33.73,36.31,33.73,35.68,70796311
2001-08-21,35.95,36.57,35.33,36.22,44513739
2001-08-22,35.86,36.22,34.8,34.8,43045344
2001-08-23,35.07,35.42,34.09,34.62,41609948
2001-08-24,34.36,34.36,33.55,33.73,35785877
2001-08-27,34.18,34.36,33.73,34.27,22405355
2001-08-28,34.53,34.53,33.29,33.47,24649193
2001-08-29,33.29,34.71,33.02,34.0,77016358
2001-08-30,34.84,34.84,34.84,34.84,6212299
2001-08-31,35.96,36.59,35.59,35.96,46870035
2001-09-03,36.22,36.34,35.1,35.34,14385935
2001-09-04,35.96,36.34,35.71,36.34,19445003
2001-09-05,36.46,36.46,34.97,34.97,14478530
2001-09-06,34.84,34.84,33.35,33.72,14284920
2001-09-07,32.73,34.59,32.73,34.59,8535596
2001-09-10,34.22,34.84,33.72,34.72,7862178
2001-09-11,34.72,34.72,32.36,32.36,23317168
2001-09-12,32.36,32.36,32.36,32.36,0
2001-09-13,30.12,30.12,30.12,30.12,1346838
2001-09-14,28.12,29.24,28.12,28.12,32500935
2001-09-17,28.12,28.12,28.12,28.12,0
2001-09-18,28.12,28.12,28.12,28.12,0
2001-09-19,27.25,29.24,27.25,29.24,20640323
2001-09-20,28.25,28.87,28.25,28.25,11818520
2001-09-21,27.38,27.63,27.38,27.38,12534029
2001-09-24,27.75,29.24,27.63,29.0,19083039
2001-09-25,30.49,30.99,29.62,29.62,34066637
2001-09-26,30.61,31.61,29.87,31.61,26524331
2001-09-27,31.11,32.23,30.49,32.11,16069484
2001-09-28,32.36,32.6,30.86,31.36,20463550
2001-10-01,31.36,31.36,31.36,31.36,0
2001-10-02,31.36,31.36,29.24,29.49,13493653
2001-10-03,28.37,29.49,28.37,28.87,8990156
2001-10-04,30.86,30.86,29.62,29.74,17492086
2001-10-05,29.87,30.24,29.0,29.87,10177060
2001-10-08,29.24,29.74,29.24,29.62,7845341
2001-10-09,29.87,30.61,29.87,30.49,7550722
2001-10-10,30.49,30.49,30.49,30.49,0
2001-10-11,31.24,32.36,31.11,31.86,26566419
2001-10-12,32.36,32.48,31.11,31.61,24680844
2001-10-15,31.11,32.48,30.86,32.11,19714371
2001-10-16,31.98,32.23,31.61,32.11,7045655
2001-10-17,32.11,32.11,30.74,31.11,32930241
2001-10-18,30.74,31.98,30.61,31.73,12988589
2001-10-19,31.73,32.6,31.24,31.98,20766591
2001-10-22,32.48,33.98,32.36,33.98,28494086
2001-10-23,34.35,34.35,33.23,33.98,20581399
2001-10-24,33.98,34.97,33.72,34.72,23275079
2001-10-25,34.84,35.96,34.47,35.96,29159087
2001-10-26,36.71,38.46,36.71,38.46,61053947
2001-10-29,38.33,38.46,37.46,37.95,18089746
2001-10-30,37.08,37.46,36.09,36.22,21599946
2001-10-31,35.96,37.46,35.96,36.96,18603229
2001-11-01,38.33,39.45,38.08,39.33,32888152
2001-11-02,40.07,41.07,39.33,40.82,46482820
2001-11-05,41.19,42.93,40.82,41.31,35447148
2001-11-06,41.81,41.94,40.45,40.69,23232991
2001-11-07,41.19,41.69,39.95,41.07,20951779
2001-11-08,40.94,40.94,39.95,40.07,13089601
2001-11-09,39.82,41.69,39.2,40.57,28283641
2001-11-12,40.69,41.69,40.69,41.19,19133546
2001-11-13,41.07,41.69,40.69,41.07,17441579
2001-11-14,41.94,42.93,41.81,42.43,33317455
2001-11-15,42.56,44.8,42.56,44.43,32736630
2001-11-16,44.3,44.3,43.06,43.43,21743049
2001-11-19,44.05,45.42,43.81,44.8,24790275
2001-11-20,45.42,45.92,43.55,43.81,21515770
2001-11-21,43.18,45.55,43.18,45.42,20606653
2001-11-22,45.42,48.53,44.55,47.41,40986027
2001-11-23,47.66,50.28,47.66,49.28,31154093
2001-11-26,50.53,52.64,50.03,52.02,40363113
2001-11-27,52.39,52.39,50.4,52.14,32004286
2001-11-28,52.02,52.02,50.03,50.4,16843919
2001-11-29,49.65,51.27,49.16,51.27,17643605
2001-11-30,51.27,51.27,50.03,50.4,15623343
2001-12-03,51.27,53.89,51.27,53.89,27736488
2001-12-04,53.51,54.88,52.89,54.13,18594810
2001-12-05,55.88,57.87,55.63,57.87,42736921
2001-12-06,61.85,61.85,60.6,61.85,24756605
2001-12-07,63.34,65.96,62.35,64.34,40464128
2001-12-10,63.47,64.34,61.1,61.23,27113575
2001-12-11,61.23,65.46,60.85,65.33,29352695
2001-12-12,65.33,68.44,65.33,66.83,33233278
2001-12-13,68.2,68.2,62.22,64.71,42837932
2001-12-14,62.72,64.46,62.47,63.47,32492516
2001-12-17,62.84,64.71,62.22,63.96,18392784
2001-12-18,65.21,65.33,62.35,62.6,23973754
2001-12-19,62.84,64.59,62.6,62.6,18948355
2001-12-20,62.84,64.46,62.35,63.34,18864178
2001-12-21,62.35,62.72,59.24,59.48,43275654
2001-12-24,60.36,60.98,59.36,60.36,18897848
2001-12-25,61.48,64.46,61.23,64.46,24916540
2001-12-26,66.58,67.82,65.33,65.33,35775439
2001-12-27,65.71,69.69,64.71,65.96,40506216
2001-12-28,67.2,68.94,66.08,68.94,35118856
2001-12-31,70.81,73.17,69.44,73.17,37921967
2002-01-01,73.17,73.17,73.17,73.17,0
2002-01-02,73.05,74.54,71.06,74.29,37004432
2002-01-03,73.42,73.92,70.31,70.93,27290347
2002-01-04,71.8,73.17,71.56,71.8,22786850
2002-01-07,72.18,73.42,71.06,72.55,21330578
2002-01-08,73.05,75.91,73.05,75.29,30808967
2002-01-09,75.79,75.91,73.55,74.17,22626912
2002-01-10,73.05,75.29,72.43,75.29,26019267
2002-01-11,75.16,75.16,70.19,71.43,32004286
2002-01-14,69.69,73.8,69.69,73.3,27719653
2002-01-15,73.3,76.78,73.3,76.54,41937235
2002-01-16,80.89,81.89,78.65,81.39,44555154
2002-01-17,79.64,80.64,77.78,80.64,31061500
2002-01-18,80.89,86.24,79.77,84.87,34866323
2002-01-21,85.25,89.85,85.25,88.36,30135546
2002-01-22,88.36,93.46,87.11,93.33,35329299
2002-01-23,92.09,94.08,86.86,87.11,45775727
2002-01-24,87.11,88.98,84.62,87.98,35649174
2002-01-25,91.84,92.96,88.36,88.48,46735351
2002-01-28,87.49,88.85,85.99,86.11,24899705
2002-01-29,85.49,87.49,85.25,86.49,22130264
2002-01-30,85.25,86.37,84.62,84.87,21372667
2002-01-31,84.87,84.99,80.02,81.51,60220588
2002-02-01,82.63,82.75,80.89,80.89,31036247
2002-02-04,80.89,84.0,80.89,82.01,25564707
2002-02-05,82.01,84.87,82.01,84.87,29487379
2002-02-06,87.11,88.85,86.61,88.36,37703106
2002-02-07,88.36,88.36,88.36,88.36,0
2002-02-08,88.36,88.36,88.36,88.36,0
2002-02-11,88.36,88.36,88.36,88.36,0
2002-02-12,88.36,88.36,88.36,88.36,0
2002-02-13,88.36,88.36,88.36,88.36,0
2002-02-14,88.36,88.36,88.36,88.36,0
2002-02-15,88.36,88.36,88.36,88.36,0
2002-02-18,90.47,90.47,85.99,85.99,26103444
2002-02-19,86.49,87.86,85.25,85.25,22652166
2002-02-20,85.25,86.86,85.25,85.25,30590106
2002-02-21,86.24,86.37,81.63,81.76,38940514
2002-02-22,79.02,81.51,78.4,81.26,27315601
2002-02-25,81.89,81.89,78.52,78.65,19318738
2002-02-26,80.89,82.75,80.27,80.76,31953782
2002-02-27,81.02,84.99,81.02,84.75,35447148
2002-02-28,84.75,84.75,84.75,84.75,0
2002-03-01,84.38,86.11,82.88,84.5,27812246
2002-03-04,88.11,88.98,86.61,88.61,51878596
2002-03-05,89.85,92.09,89.23,90.22,46508071
2002-03-06,88.23,90.22,88.23,90.22,29007569
2002-03-07,90.6,91.59,87.73,88.36,30716371
2002-03-08,88.98,89.6,87.11,87.11,17744616
2002-03-11,87.86,90.85,87.86,90.6,27113575
2002-03-12,90.85,91.09,89.1,90.22,13931375
2002-03-13,89.97,93.83,89.6,91.09,41171218
2002-03-14,90.6,92.59,90.47,92.59,23931665
2002-03-15,93.71,94.83,90.85,90.97,39967480
2002-03-18,91.72,91.97,90.35,90.6,17677274
2002-03-19,88.98,88.98,87.24,87.49,30413333
2002-03-20,86.99,88.98,85.62,88.61,30329153
2002-03-21,88.61,90.1,87.73,87.73,22172353
2002-03-22,89.23,89.85,88.36,89.1,22997292
2002-03-25,89.48,89.6,88.36,88.48,16296763
2002-03-26,89.35,94.58,89.35,94.58,73301773
2002-03-27,96.45,96.69,91.59,91.59,45295917
2002-03-28,92.21,96.32,91.84,96.07,37492661
2002-03-29,95.57,95.57,92.96,94.45,25522619
2002-04-01,94.33,95.2,93.21,94.21,11380798
2002-04-02,95.08,97.44,95.08,95.7,29579975
2002-04-03,96.07,96.57,92.09,92.71,37947221
2002-04-04,92.71,92.71,88.36,88.73,43713379
2002-04-05,88.73,88.73,88.73,88.73,0
2002-04-08,88.73,89.6,87.11,87.24,20034244
2002-04-09,88.73,89.1,87.11,87.98,17643605
2002-04-10,87.49,89.1,87.49,88.36,12761309
2002-04-11,89.23,90.22,88.98,89.1,18131834
2002-04-12,88.73,91.34,87.73,90.97,20253108
2002-04-15,90.97,91.97,88.36,88.36,28797123
2002-04-16,88.98,90.22,88.61,88.98,13695679
2002-04-17,90.85,91.34,89.73,90.47,29116999
2002-04-18,90.35,90.35,87.49,87.98,29184341
2002-04-19,87.98,88.85,85.87,86.99,32181059
2002-04-22,85.87,86.11,81.14,81.89,56491524
2002-04-23,81.26,83.63,79.77,82.14,32829226
2002-04-24,81.89,83.13,81.02,82.38,19537599
2002-04-25,81.26,82.14,80.14,80.14,20084751
2002-04-26,79.02,79.52,77.78,79.02,26010848
2002-04-29,78.4,79.9,77.53,78.52,18081327
2002-04-30,79.77,81.39,78.78,81.26,31751756
2002-05-01,81.26,81.26,81.26,81.26,0
2002-05-02,82.01,82.38,75.79,76.28,33309039
2002-05-03,75.91,78.4,75.91,78.03,45312751
2002-05-06,76.54,76.91,72.68,72.68,35312464
2002-05-07,72.68,75.54,72.55,74.79,35413475
2002-05-08,75.91,75.91,69.56,70.31,52324737
2002-05-09,72.8,72.8,67.82,69.81,63141548
2002-05-10,69.81,73.42,68.57,73.3,50270808
2002-05-13,72.18,72.43,69.69,70.19,25556291
2002-05-14,70.68,71.18,67.82,68.07,40329444
2002-05-15,68.44,70.31,68.44,69.44,49799414
2002-05-16,68.44,68.44,64.59,66.45,70380814
2002-05-17,65.96,67.82,65.71,65.96,47745482
2002-05-20,64.84,66.33,63.09,65.21,36120569
2002-05-21,65.21,66.33,64.84,65.08,28426744
2002-05-22,65.96,66.7,65.46,66.2,30522764
2002-05-23,66.2,66.2,63.72,64.84,21541023
2002-05-24,65.46,67.95,65.21,67.82,45127560
2002-05-27,66.95,67.57,66.2,66.7,16322017
2002-05-28,66.83,67.7,65.33,65.83,20202601
2002-05-29,65.46,65.58,64.71,64.96,9074333
2002-05-30,65.71,65.83,62.1,62.35,42299196
2002-05-31,61.6,62.22,60.85,60.98,20463550
2002-06-03,59.73,62.47,59.73,60.36,28595097
2002-06-04,59.86,62.47,59.86,62.47,30101876
2002-06-05,63.09,63.34,61.85,62.47,19335573
2002-06-06,62.47,62.84,61.48,61.48,11650166
2002-06-07,60.36,60.98,57.25,57.37,39159375
2002-06-10,57.87,58.99,57.0,57.99,25084897
2002-06-11,58.24,58.74,54.01,54.01,32273655
2002-06-12,52.89,53.51,51.27,52.14,34226575
2002-06-13,52.89,55.75,52.39,55.63,52324737
2002-06-14,54.88,55.63,54.13,55.63,19722787
2002-06-17,56.25,56.87,55.5,55.5,20749753
2002-06-18,56.87,57.12,55.75,56.0,23594955
2002-06-19,55.63,55.88,53.51,54.38,20783426
2002-06-20,53.89,55.75,53.01,55.75,19259812
2002-06-21,54.76,59.36,54.51,57.74,52711955
2002-06-24,57.74,58.61,57.0,58.37,34184483
2002-06-25,58.74,58.99,57.0,57.74,28704528
2002-06-26,55.88,56.25,53.76,53.76,33569989
2002-06-27,53.76,54.76,53.01,53.01,20236270
2002-06-28,54.51,54.51,53.14,53.26,22963623
2002-07-01,53.01,53.01,49.65,49.65,19714371
2002-07-02,47.54,49.65,47.54,48.41,17138538
2002-07-03,47.66,50.9,45.55,50.28,32374669
2002-07-04,50.53,52.02,49.41,51.27,30733206
2002-07-05,50.77,51.27,48.53,50.4,35657590
2002-07-08,51.27,53.89,51.15,53.89,41768878
2002-07-09,54.26,56.37,53.51,56.25,53528475
2002-07-10,55.01,56.13,54.13,54.51,22433305
2002-07-11,53.01,53.01,50.77,50.77,48376814
2002-07-12,50.9,53.01,50.9,52.39,53520059
2002-07-15,52.39,53.76,51.02,52.39,39218301
2002-07-16,53.01,53.64,51.27,51.27,27635473
2002-07-17,50.77,51.02,47.91,48.53,41979323
2002-07-18,48.91,49.65,47.66,48.04,29680989
2002-07-19,46.79,47.54,46.05,46.92,24950212
2002-07-22,45.67,47.79,45.55,46.92,34740058
2002-07-23,47.17,48.16,46.92,48.16,30733206
2002-07-24,47.04,47.29,45.55,45.67,29159087
2002-07-25,47.54,48.04,46.05,46.05,40775585
2002-07-26,43.55,44.3,42.93,43.31,33772015
2002-07-29,43.81,46.29,43.55,46.29,53511641
2002-07-30,48.41,49.53,48.41,49.53,63806550
2002-07-31,49.53,50.53,49.03,49.78,43065212
2002-08-01,49.53,50.15,48.78,49.65,24217868
2002-08-02,48.78,52.02,48.66,52.02,36027973
2002-08-05,49.53,50.28,48.41,48.41,28973896
2002-08-06,46.05,49.03,46.05,48.16,38443866
2002-08-07,50.28,51.27,50.03,50.65,38494373
2002-08-08,51.02,53.89,50.4,52.14,67367258
2002-08-09,54.13,54.51,53.14,54.13,50775872
2002-08-12,54.01,54.38,52.89,53.01,21995580
2002-08-13,52.89,53.14,52.39,52.77,18830506
2002-08-14,52.77,56.37,52.64,56.37,58132987
2002-08-15,57.62,57.99,56.37,56.37,70439737
2002-08-16,56.5,57.74,55.63,56.62,39942226
2002-08-19,56.62,56.62,52.77,52.77,46937377
2002-08-20,52.77,53.14,51.65,52.27,37038101
2002-08-21,52.39,53.14,52.27,53.01,29655736
2002-08-22,54.13,56.0,53.51,54.76,43957494
2002-08-23,55.75,56.37,54.76,54.76,38039813
2002-08-26,54.38,55.75,53.89,54.88,26776864
2002-08-27,55.13,56.25,53.26,54.38,35304045
2002-08-28,54.13,54.13,52.27,54.01,53107588
2002-08-29,55.07,55.07,52.44,53.67,59572768
2002-08-30,53.49,53.49,51.91,52.44,14267227
2002-09-02,52.09,52.09,50.33,51.91,11913694
2002-09-03,52.62,53.84,52.09,52.96,20859701
2002-09-04,52.26,54.37,52.26,53.14,21190398
2002-09-05,54.02,55.42,53.84,54.02,32038989
2002-09-06,54.02,54.02,54.02,54.02,0
2002-09-09,55.42,57.7,54.54,57.7,37403158
2002-09-10,58.22,61.03,57.0,60.5,44218962
2002-09-11,60.15,61.03,59.28,60.5,23939051
2002-09-12,59.98,62.61,59.98,62.26,42797391
2002-09-13,61.38,62.09,59.28,59.98,32773396
2002-09-16,59.98,59.98,57.0,57.35,21211872
2002-09-17,57.87,61.03,57.87,61.03,35676661
2002-09-18,58.75,59.81,58.58,58.58,18875518
2002-09-19,59.81,61.38,59.45,59.98,28903808
2002-09-20,58.22,59.63,57.35,59.63,17703044
2002-09-23,59.98,59.98,58.05,58.22,14967275
2002-09-24,58.22,59.63,55.24,55.95,37111114
2002-09-25,54.19,55.07,52.09,52.09,31360417
2002-09-26,52.96,53.67,51.74,52.26,44824524
2002-09-27,53.49,53.84,52.26,52.44,24278340
2002-09-30,51.39,52.96,49.98,52.96,15332330
2002-10-01,51.74,52.96,51.56,52.62,14116911
2002-10-02,53.84,54.89,53.14,53.14,33220053
2002-10-03,52.26,53.14,51.74,51.74,13421157
2002-10-04,51.21,52.09,49.11,49.63,25498054
2002-10-07,47.88,48.4,46.3,46.3,25326262
2002-10-08,46.3,47.88,45.6,47.35,31411953
2002-10-09,47.18,47.88,45.25,45.25,25021334
2002-10-10,45.25,45.25,45.25,45.25,0
2002-10-11,46.12,46.12,42.44,42.97,30157880
2002-10-14,43.49,43.84,42.09,42.62,19622806
2002-10-15,44.02,45.6,44.02,45.6,11419795
2002-10-16,48.75,48.75,48.75,48.75,7790712
2002-10-17,52.09,52.09,50.86,52.09,78547065
2002-10-18,54.19,55.24,51.56,55.07,81514752
2002-10-21,54.19,56.82,54.02,56.65,56845586
2002-10-22,57.35,57.7,54.72,55.07,47680545
2002-10-23,54.54,58.75,54.54,58.75,72676113
2002-10-24,60.86,61.91,59.1,60.68,91521568
2002-10-25,58.93,59.81,57.7,58.75,46881718
2002-10-28,59.63,60.15,57.0,57.0,43037898
2002-10-29,56.12,57.0,55.59,56.47,37158356
2002-10-30,56.65,57.7,55.59,56.12,40950639
2002-10-31,57.17,58.58,56.82,57.0,47577471
2002-11-01,57.17,57.53,55.77,55.95,32515709
2002-11-04,57.7,57.7,53.14,54.19,49492939
2002-11-05,54.54,55.07,53.67,55.07,48045602
2002-11-06,55.59,58.58,54.54,58.4,65783007
2002-11-07,58.75,59.28,56.82,56.82,42312083
2002-11-08,56.3,58.22,56.3,56.65,37553476
2002-11-11,56.3,56.3,53.67,53.67,36561384
2002-11-12,52.62,54.54,52.62,54.19,29346168
2002-11-13,54.19,54.37,51.74,52.44,43690705
2002-11-14,53.31,54.02,52.26,52.26,33061145
2002-11-15,53.67,53.67,52.44,52.62,41431654
2002-11-18,52.62,53.14,51.03,52.26,24617626
2002-11-19,52.26,52.96,51.56,51.91,23019971
2002-11-20,51.91,52.26,50.33,50.33,25064283
2002-11-21,51.21,51.56,49.81,49.98,32283791
2002-11-22,51.91,53.31,51.74,52.79,55222163
2002-11-25,52.62,52.62,51.03,51.74,22581904
2002-11-26,51.74,52.26,49.98,49.98,28336898
2002-11-27,49.11,49.28,48.4,48.93,22053647
2002-11-28,49.63,50.16,48.93,49.98,34456945
2002-11-29,50.68,51.39,50.51,51.21,34834887
2002-12-02,51.21,51.74,50.51,51.74,15839113
2002-12-03,51.74,53.49,51.74,52.44,42470989
2002-12-04,52.09,52.62,51.21,51.21,16066737
2002-12-05,51.39,52.44,51.39,51.91,20288497
2002-12-06,52.44,53.49,52.09,52.79,34633032
2002-12-09,54.19,54.54,52.62,52.62,33318832
2002-12-10,51.91,52.09,50.68,51.39,21753013
2002-12-11,51.39,52.09,50.68,51.03,20790986
2002-12-12,51.21,51.39,48.75,49.28,24518845
2002-12-13,49.11,49.98,48.75,49.11,30849339
2002-12-16,48.75,49.63,48.75,49.46,12300222
2002-12-17,50.51,50.86,49.63,49.63,24359940
2002-12-18,50.33,50.86,49.98,50.51,23621239
2002-12-19,50.51,53.14,50.51,51.91,47362732
2002-12-20,52.62,54.19,51.39,53.84,58967204
2002-12-23,54.19,54.37,52.62,52.62,25901763
2002-12-24,52.79,53.84,51.91,51.91,21156040
2002-12-25,51.74,52.09,51.03,51.03,13597244
2002-12-26,51.74,52.96,51.39,52.96,16599288
2002-12-27,52.62,52.62,51.03,51.39,20722268
2002-12-30,50.86,50.86,49.81,49.98,12600856
2002-12-31,49.81,50.51,49.81,49.98,12819890
2003-01-01,49.98,49.98,49.98,49.98,0
2003-01-02,50.16,51.03,49.98,50.33,11707544
2003-01-03,51.56,52.09,50.68,51.74,27383458
2003-01-06,52.09,52.26,51.21,51.56,23303426
2003-01-07,52.09,53.14,51.21,51.21,31506438
2003-01-08,51.21,51.74,50.33,51.21,23947641
2003-01-09,51.21,52.26,51.03,51.03,25399275
2003-01-10,52.26,52.79,51.39,51.39,31145678
2003-01-13,51.74,54.54,51.74,54.19,62570518
2003-01-14,54.37,54.37,52.79,52.96,31407659
2003-01-15,53.14,53.67,52.09,52.09,20778101
2003-01-16,51.74,52.09,50.68,50.86,25059988
2003-01-17,50.86,51.21,50.16,50.16,18617832
2003-01-20,49.98,50.51,49.63,50.51,11235119
2003-01-21,50.86,51.56,50.16,50.68,19670049
2003-01-22,50.86,51.21,49.28,49.63,17303631
2003-01-23,49.81,50.68,49.81,49.81,15585722
2003-01-24,50.86,51.03,49.81,49.81,19558385
2003-01-27,49.63,49.81,48.93,49.63,16277181
2003-01-28,49.63,49.98,49.28,49.28,13330968
2003-01-29,49.28,49.28,49.28,49.28,0
2003-01-30,49.28,49.28,49.28,49.28,0
2003-01-31,49.28,49.28,49.28,49.28,0
2003-02-03,49.28,49.28,49.28,49.28,0
2003-02-04,49.28,49.28,49.28,49.28,0
2003-02-05,49.28,49.28,49.28,49.28,0
2003-02-06,49.28,49.46,45.95,45.95,19090255
2003-02-07,45.95,46.12,44.2,45.77,20279908
2003-02-10,45.42,46.12,45.07,45.77,9195104
2003-02-11,46.48,46.48,45.6,45.77,11389732
2003-02-12,45.25,45.77,44.9,44.9,8563771
2003-02-13,44.72,45.42,44.72,44.9,12630919
2003-02-14,45.42,46.3,45.07,45.77,18746674
2003-02-17,47.35,47.35,46.3,47.0,14576452
2003-02-18,46.83,46.83,45.25,45.25,12858542
2003-02-19,45.95,45.95,44.72,44.9,12184264
2003-02-20,44.9,45.95,44.9,45.6,10814233
2003-02-21,45.95,46.12,45.42,45.42,5621853
2003-02-24,45.6,46.12,45.25,45.77,8422045
2003-02-25,45.42,45.42,44.72,44.72,7700523
2003-02-26,45.07,45.42,44.72,45.07,7077782
2003-02-27,44.9,45.07,44.55,44.9,4977638
2003-02-28,44.9,44.9,44.9,44.9,0
2003-03-03,45.95,47.88,45.6,47.7,27950368
2003-03-04,47.0,47.53,46.65,47.35,14692410
2003-03-05,46.83,47.0,45.95,46.12,8087053
2003-03-06,46.48,46.65,45.77,45.77,7331173
2003-03-07,45.42,47.0,45.07,45.77,7975388
2003-03-10,45.95,46.83,45.77,46.65,7949620
2003-03-11,45.95,47.18,45.95,46.65,6171584
2003-03-12,47.35,48.05,47.0,47.88,12901490
2003-03-13,47.7,48.05,46.3,46.83,13550001
2003-03-14,48.05,48.05,46.83,46.83,18441745
2003-03-17,46.48,47.18,46.3,46.3,5604674
2003-03-18,47.7,48.75,47.53,47.88,24351350
2003-03-19,47.18,47.88,47.0,47.18,9212283
2003-03-20,47.88,48.58,47.53,48.23,25691319
2003-03-21,48.05,48.4,47.53,48.05,7825072
2003-03-24,48.23,48.58,47.88,48.05,9212283
2003-03-25,47.35,47.7,47.18,47.35,7511552
2003-03-26,47.35,47.7,46.83,46.83,8018335
2003-03-27,46.83,47.53,46.65,47.35,6059920
2003-03-28,47.35,47.53,47.0,47.53,5939668
2003-03-31,47.35,47.35,45.95,45.95,7387005
2003-04-01,45.77,46.3,45.6,46.12,6618240
2003-04-02,46.3,46.3,45.42,46.12,5458653
2003-04-03,47.35,47.53,46.83,46.83,14271522
2003-04-04,46.65,47.35,46.48,47.18,8967481
2003-04-07,47.35,49.81,47.18,49.63,33361779
2003-04-08,49.46,49.81,48.93,49.46,15276498
2003-04-09,49.28,50.51,48.93,50.16,16887038
2003-04-10,50.16,50.33,49.11,49.11,11570111
2003-04-11,49.11,49.98,48.75,49.46,14335945
2003-04-14,49.63,49.81,48.75,48.75,6717019
2003-04-15,48.93,49.46,48.75,48.93,5617558
2003-04-16,49.46,50.86,49.46,50.16,20593426
2003-04-17,50.16,50.51,49.63,50.51,10943075
2003-04-18,51.56,52.26,51.39,51.56,25197420
2003-04-21,51.56,52.44,51.21,52.44,16831206
2003-04-22,52.26,52.26,51.21,51.21,15701682
2003-04-23,52.26,53.31,51.91,52.09,20709383
2003-04-24,51.74,51.74,50.68,50.68,17488305
2003-04-25,49.98,50.68,48.4,48.75,18566293
2003-04-28,47.18,47.88,45.6,47.53,14430429
2003-04-29,48.23,49.98,48.05,49.98,23642712
2003-04-30,51.74,51.74,49.81,49.98,19932030
2003-05-01,49.98,49.98,49.98,49.98,0
2003-05-02,49.98,50.51,49.63,50.51,9547275
2003-05-05,50.33,50.68,49.81,50.16,7103550
2003-05-06,50.16,50.86,50.16,50.68,7971093
2003-05-07,51.21,51.21,50.51,50.86,7932441
2003-05-08,50.86,50.86,49.46,50.16,9542980
2003-05-09,50.16,50.68,50.16,50.51,4853091
2003-05-12,50.51,51.21,50.33,50.51,8611013
2003-05-13,51.21,51.56,51.03,51.21,10917306
2003-05-14,51.21,51.21,50.86,50.86,4578223
2003-05-15,50.68,50.86,50.33,50.51,4530981
2003-05-16,50.86,51.21,50.51,50.51,6884516
2003-05-19,50.16,50.33,49.98,50.33,3075055
2003-05-20,49.63,50.68,49.63,50.51,3865293
2003-05-21,50.16,50.51,50.16,50.16,4333423
2003-05-22,50.16,51.03,49.98,50.86,7683344
2003-05-23,51.21,52.26,51.03,51.74,21967752
2003-05-26,52.09,52.62,51.91,52.09,15027402
2003-05-27,52.26,52.26,51.56,51.74,9903740
2003-05-28,52.62,53.49,51.91,52.09,25051397
2003-05-29,52.09,52.44,51.56,52.09,15216372
2003-05-30,52.09,54.19,51.91,54.02,47474398
2003-06-02,54.72,57.7,54.72,57.7,64842451
2003-06-03,57.7,59.28,57.53,59.28,49767804
2003-06-04,59.28,59.28,59.28,59.28,0
2003-06-05,59.28,59.28,57.35,58.22,38236344
2003-06-06,57.87,57.87,56.65,57.35,20666436
2003-06-09,57.0,57.0,53.49,55.77,67329123
2003-06-10,54.72,56.47,54.19,55.77,33683888
2003-06-11,56.12,58.93,56.12,57.53,59697315
2003-06-12,58.93,58.93,57.7,57.87,28195170
2003-06-13,56.65,60.15,55.95,58.93,52752670
2003-06-16,59.98,60.86,58.93,58.93,38622874
2003-06-17,59.63,60.15,58.93,59.1,34697453
2003-06-18,59.45,61.03,59.45,59.63,33318832
2003-06-19,59.98,62.09,59.81,61.73,32047579
2003-06-20,61.21,61.38,58.93,59.28,32872175
2003-06-23,59.28,59.81,58.4,59.28,17849067
2003-06-24,58.93,59.98,58.93,59.28,13434041
2003-06-25,59.81,61.03,59.45,59.98,24527437
2003-06-26,60.5,61.21,60.33,60.5,23470923
2003-06-27,61.38,62.09,59.98,60.15,34340987
2003-06-30,60.15,60.86,59.45,60.86,13184945
2003-07-01,60.68,62.78,60.5,62.78,26618989
2003-07-02,62.96,63.49,61.73,61.73,26683412
2003-07-03,62.78,63.66,62.09,62.26,28311130
2003-07-04,62.61,63.66,62.26,63.31,13588654
2003-07-07,64.72,67.69,63.84,67.69,41569087
2003-07-08,69.1,69.45,67.52,68.22,33353189
2003-07-09,67.69,69.1,65.94,66.47,23243300
2003-07-10,66.47,67.34,66.12,66.47,20808165
2003-07-11,66.12,68.22,66.12,66.47,25850224
2003-07-14,67.17,68.57,67.0,67.87,23264773
2003-07-15,68.22,68.75,67.34,67.52,20370097
2003-07-16,67.87,68.4,67.34,67.69,15658734
2003-07-17,67.17,67.52,64.89,65.06,21061556
2003-07-18,65.77,65.77,64.54,65.06,17028766
2003-07-21,65.42,65.94,64.54,64.54,13962298
2003-07-22,64.54,65.24,64.01,64.54,12660982
2003-07-23,64.89,68.22,64.89,67.0,31506438
2003-07-24,67.87,71.56,67.87,71.56,44974840
2003-07-25,71.56,75.24,71.56,73.13,50313240
2003-07-28,75.06,76.11,72.25,72.43,35290131
2003-07-29,72.43,73.31,71.56,72.61,20430223
2003-07-30,72.43,73.13,71.73,71.91,18338672
2003-07-31,72.25,72.78,71.73,72.08,12330285
2003-08-01,73.31,74.19,72.78,73.66,21078735
2003-08-04,74.19,75.94,74.19,74.89,19515438
2003-08-05,74.89,75.24,71.03,71.03,29672572
2003-08-06,69.45,70.68,69.45,70.15,20580541
2003-08-07,70.15,71.03,67.17,68.75,25274725
2003-08-08,68.92,69.97,67.17,67.69,18115343
2003-08-11,67.69,68.05,66.47,67.17,10857180
2003-08-12,68.22,69.45,67.87,69.1,12854248
2003-08-13,52.22,54.43,51.96,53.78,26683412
2003-08-14,53.78,53.78,52.74,53.39,22165312
2003-08-15,54.43,55.47,54.04,54.04,26868085
2003-08-18,55.47,55.47,53.26,54.17,51794937
2003-08-19,75.8,75.8,75.8,75.8,10019953
2003-08-20,76.28,77.49,75.8,76.04,33865652
2003-08-21,76.04,77.97,75.31,77.25,16130428
2003-08-22,77.97,81.83,77.97,80.62,28445638
2003-08-25,82.07,83.04,79.9,83.04,13707918
2003-08-26,82.56,82.56,80.62,80.62,14539772
2003-08-27,81.59,82.56,80.38,80.38,14565693
2003-08-28,81.11,81.59,78.69,78.93,12529654
2003-08-29,80.14,82.07,79.66,82.07,12553219
2003-09-01,83.28,84.0,81.59,83.04,14146231
2003-09-02,83.28,85.45,82.56,85.45,16493333
2003-09-03,86.42,87.38,84.49,84.49,18331423
2003-09-04,84.49,85.45,83.28,84.49,13323803
2003-09-05,85.45,87.14,84.73,84.73,13606586
2003-09-08,84.97,89.07,84.97,88.83,20954238
2003-09-09,90.52,94.87,90.04,92.45,33005519
2003-09-10,92.21,93.66,90.76,92.45,15187816
2003-09-11,92.45,92.45,92.45,92.45,0
2003-09-12,92.21,93.42,91.0,91.25,10660928
2003-09-15,91.25,91.73,90.52,90.76,7609225
2003-09-16,90.04,92.69,90.04,92.69,10538388
2003-09-17,94.62,94.62,92.94,92.94,12091339
2003-09-18,92.94,93.42,91.73,92.94,7599799
2003-09-19,94.14,95.83,93.66,95.11,16926933
2003-09-22,94.14,94.87,91.97,91.97,8530627
2003-09-23,91.49,92.45,90.76,91.25,12468384
2003-09-24,91.49,92.21,89.31,91.0,13832814
2003-09-25,89.31,90.28,89.31,89.8,7649287
2003-09-26,89.8,90.76,89.8,89.8,7050728
2003-09-29,90.28,91.49,89.56,91.0,7309947
2003-09-30,91.97,91.97,89.56,89.56,7274598
2003-10-01,89.56,90.04,88.11,89.56,7093145
2003-10-02,90.76,92.21,90.28,92.21,10592589
2003-10-03,92.69,92.69,91.49,91.97,8132375
2003-10-06,92.94,93.18,91.73,92.45,10488902
2003-10-07,92.69,94.62,92.21,93.18,13451056
2003-10-08,93.18,93.66,91.25,91.73,10295665
2003-10-09,91.73,91.97,90.52,91.73,8679088
2003-10-10,91.73,91.73,91.73,91.73,0
2003-10-13,92.21,92.45,90.52,90.52,8631958
2003-10-14,91.49,91.49,87.87,88.35,15131261
2003-10-15,88.83,89.31,85.69,86.42,15828793
2003-10-16,85.69,88.11,85.21,87.38,12918480
2003-10-17,87.62,88.83,87.14,88.59,11617678
2003-10-20,88.59,89.8,87.62,89.8,7430130
2003-10-21,90.28,91.0,88.83,89.8,10201405
2003-10-22,89.8,90.76,89.07,90.28,9225804
2003-10-23,89.56,90.76,89.31,90.76,10724554
2003-10-24,90.76,92.45,89.56,89.56,9583994
2003-10-27,89.56,90.28,88.35,88.35,5021759
2003-10-28,88.83,89.56,87.87,88.11,9713605
2003-10-29,89.8,89.8,88.59,88.59,7590373
2003-10-30,89.07,89.8,86.9,87.62,8997220
2003-10-31,87.62,87.62,83.76,84.49,18856929
2003-11-03,84.25,84.25,82.07,82.31,11957018
2003-11-04,83.04,84.25,80.14,80.38,16703064
2003-11-05,80.38,82.56,79.9,82.07,15824080
2003-11-06,82.07,82.56,80.62,81.35,11834479
2003-11-07,82.07,82.31,80.38,81.83,11462148
2003-11-10,81.59,82.07,80.87,81.59,8186574
2003-11-11,81.11,81.11,80.14,80.87,8648454
2003-11-12,80.87,80.87,78.93,80.38,9390760
2003-11-13,81.35,81.59,80.38,80.38,5872465
2003-11-14,80.62,83.04,80.38,82.56,13922362
2003-11-17,82.07,82.07,80.87,80.87,5231488
2003-11-18,80.62,82.07,80.38,81.11,6164674
2003-11-19,80.87,81.59,80.38,80.87,5926665
2003-11-20,80.87,82.07,80.14,80.38,7906147
2003-11-21,79.66,79.9,78.69,79.9,6336701
2003-11-24,79.9,80.14,78.69,78.69,4420844
2003-11-25,79.66,79.9,78.21,78.45,7276955
2003-11-26,78.45,79.66,78.45,78.93,3652616
2003-11-27,78.93,79.42,77.49,77.49,4592871
2003-11-28,77.73,78.21,72.66,72.9,17796492
2003-12-01,72.18,72.66,70.49,71.93,12468384
2003-12-02,72.42,76.76,72.42,75.8,18036858
2003-12-03,76.28,76.52,74.11,74.35,11184076
2003-12-04,75.31,78.69,74.59,78.45,18357346
2003-12-05,78.69,80.87,77.73,80.62,15428183
2003-12-08,79.42,79.66,78.45,78.45,5815908
2003-12-09,79.42,79.42,77.73,78.45,4809670
2003-12-10,77.25,78.21,76.28,77.25,5969082
2003-12-11,77.25,77.73,75.8,76.28,7420703
2003-12-12,77.25,77.49,76.28,76.28,5865395
2003-12-15,77.49,79.9,77.0,79.9,7844877
2003-12-16,77.73,78.69,77.49,77.97,5420011
2003-12-17,77.97,78.45,74.35,75.56,10550172
2003-12-18,74.83,76.04,74.59,75.31,6211805
2003-12-19,75.8,76.28,74.83,74.83,3881199
2003-12-22,74.83,76.04,74.35,75.8,4081504
2003-12-23,75.8,76.28,75.56,76.04,3023423
2003-12-24,76.04,77.25,76.04,76.04,3970748
2003-12-25,76.04,76.28,75.31,75.56,2281117
2003-12-26,75.56,76.04,75.56,75.8,2071386
2003-12-29,75.8,76.04,75.07,75.31,1776820
2003-12-30,76.04,77.25,76.04,77.25,7719981
2003-12-31,77.49,78.45,77.0,77.0,4703627
2004-01-01,77.0,77.0,77.0,77.0,0
2004-01-02,77.73,78.93,77.49,78.93,6909337
2004-01-05,79.66,79.9,78.69,79.42,6716101
2004-01-06,80.14,80.38,77.49,77.97,8648454
2004-01-07,78.21,79.66,76.76,78.93,10298023
2004-01-08,79.42,81.11,78.93,79.42,11504564
2004-01-09,80.14,80.62,79.66,79.66,10778755
2004-01-12,79.66,80.38,79.18,79.66,5078314
2004-01-13,80.14,82.56,80.14,81.59,15576644
2004-01-14,81.83,84.49,81.35,83.76,17735223
2004-01-15,84.49,84.73,83.28,83.52,11224138
2004-01-16,84.25,84.97,84.25,84.49,12847786
2004-01-19,84.49,84.49,84.49,84.49,0
2004-01-20,84.49,84.49,84.49,84.49,0
2004-01-21,84.49,84.49,84.49,84.49,0
2004-01-22,84.49,84.49,84.49,84.49,0
2004-01-23,84.49,84.49,84.49,84.49,0
2004-01-26,84.49,84.49,84.49,84.49,0
2004-01-27,85.45,85.45,83.52,83.52,9237585
2004-01-28,83.52,83.52,81.35,83.52,11273625
2004-01-29,82.56,87.87,82.56,87.62,35555281
2004-01-30,89.07,90.76,87.62,89.8,26355399
2004-02-02,89.8,90.04,88.35,88.35,12331706
2004-02-03,88.35,89.8,87.87,88.83,10415850
2004-02-04,89.07,91.0,88.59,90.04,13198907
2004-02-05,89.31,90.28,89.07,89.31,5754638
2004-02-06,89.31,90.28,87.62,88.11,8844046
2004-02-09,88.35,89.31,87.62,88.11,7079006
2004-02-10,88.11,88.59,86.66,86.66,5735786
2004-02-11,86.66,87.38,85.45,86.18,7583304
2004-02-12,86.42,89.31,86.42,88.83,22156068
2004-02-13,89.31,89.8,88.35,88.83,5384664
2004-02-16,88.83,88.83,87.14,87.87,4484470
2004-02-17,87.87,88.83,87.87,87.87,5674516
2004-02-18,88.83,90.52,88.83,89.8,12140827
2004-02-19,90.52,92.69,90.52,91.73,19043095
2004-02-20,91.73,92.45,90.76,90.76,7307590
2004-02-23,91.49,92.21,90.28,91.25,7003597
2004-02-24,91.25,91.73,90.52,90.52,4592871
2004-02-25,90.52,91.25,90.04,90.04,4731906
2004-02-26,91.25,91.25,90.04,90.04,5507203
2004-02-27,90.52,92.45,90.52,91.25,7253390
2004-03-01,91.73,94.14,91.73,92.94,11601183
2004-03-02,94.38,95.59,93.42,94.14,27095349
2004-03-03,94.14,94.14,92.45,92.45,12098410
2004-03-04,92.45,94.87,92.45,93.9,6833928
2004-03-05,94.14,94.87,91.73,92.21,7248677
2004-03-08,92.94,93.42,90.76,90.76,6909337
2004-03-09,90.04,90.76,88.83,89.07,10484188
2004-03-10,89.07,89.07,86.42,86.66,12277505
2004-03-11,85.94,87.62,85.94,87.14,6678396
2004-03-12,85.94,86.9,85.69,85.94,6998884
2004-03-15,86.18,86.42,82.8,82.8,12065418
2004-03-16,82.8,83.52,82.07,82.56,9598133
2004-03-17,83.52,83.76,81.83,81.83,6218874
2004-03-18,81.83,84.73,81.83,84.73,10175483
2004-03-19,84.73,85.45,83.76,85.21,8047539
2004-03-22,79.42,79.42,79.42,79.42,1567090
2004-03-23,73.87,79.18,73.87,76.28,19620444
2004-03-24,77.25,78.21,75.56,76.52,8973655
2004-03-25,77.25,77.97,76.04,76.04,8031043
2004-03-26,77.49,78.93,76.76,77.97,12975037
2004-03-29,82.07,83.28,80.87,83.28,9965752
2004-03-30,83.28,84.25,82.56,84.0,7755330
2004-03-31,84.49,84.73,81.35,81.83,6463952
2004-04-01,81.83,83.28,81.59,82.56,5860682
2004-04-02,83.04,83.52,80.87,81.11,8342106
2004-04-05,82.07,82.31,79.66,81.11,7983914
2004-04-06,82.07,82.31,80.87,81.59,9492090
2004-04-07,82.07,82.56,80.87,82.31,4640001
2004-04-08,82.31,84.0,82.07,82.8,8269052
2004-04-09,82.8,82.8,81.59,81.59,4465618
2004-04-12,82.56,83.76,81.83,82.31,8408087
2004-04-13,82.8,84.0,82.07,83.28,9857353
2004-04-14,82.8,83.76,82.31,83.52,8865254
2004-04-15,84.0,85.94,83.52,83.52,19410713
2004-04-16,83.52,84.49,83.04,84.0,6899911
2004-04-19,84.49,85.69,83.04,83.52,8695585
2004-04-20,84.0,84.0,81.35,81.83,8768637
2004-04-21,81.83,82.56,81.35,81.35,4095643
2004-04-22,82.56,84.0,81.59,82.07,10470049
2004-04-23,83.28,83.28,81.11,82.31,8285549
2004-04-26,82.31,83.04,81.59,82.31,4965202
2004-04-27,81.59,81.59,77.0,77.73,13045733
2004-04-28,77.25,78.21,75.31,76.76,8049895
2004-04-29,74.83,78.93,74.83,77.97,10224971
2004-04-30,76.76,77.25,72.9,76.52,12671046
2004-05-03,76.52,76.52,74.11,74.83,7123781
2004-05-04,75.56,77.25,75.07,77.25,6511083
2004-05-05,76.76,77.0,71.93,71.93,10908364
2004-05-06,73.62,74.11,70.73,70.97,7491400
2004-05-07,70.97,71.93,69.76,70.0,11113382
2004-05-10,68.8,68.8,67.11,67.11,8111165
2004-05-11,67.59,68.07,66.62,67.83,8264339
2004-05-12,69.04,71.21,68.56,70.73,7889652
2004-05-13,70.25,71.21,69.52,70.25,4225252
2004-05-14,70.73,70.73,68.31,69.52,4083860
2004-05-17,67.59,69.52,67.59,68.8,6664257
2004-05-18,69.76,70.97,69.04,69.76,7107285
2004-05-19,71.45,74.59,70.97,74.59,10630292
2004-05-20,74.35,76.04,73.14,74.35,9690039
2004-05-21,74.59,77.0,74.11,76.28,9727744
2004-05-24,75.8,77.25,75.56,76.28,3812860
2004-05-25,75.8,77.73,75.8,76.52,3046988
2004-05-26,78.45,78.69,76.28,76.28,6598276
2004-05-27,76.28,76.76,75.07,75.31,2351813
2004-05-28,76.04,77.25,75.31,77.25,3650260
2004-05-31,76.76,76.76,74.83,74.83,2573326
2004-06-01,75.07,75.8,74.35,75.56,3200162
2004-06-02,74.59,75.31,73.87,73.87,2149151
2004-06-03,73.62,74.59,69.76,70.0,8365670
2004-06-04,70.49,70.97,69.52,70.49,6864562
2004-06-07,71.45,72.42,70.97,72.42,4048513
2004-06-08,72.42,72.42,69.28,70.0,12272792
2004-06-09,68.8,70.0,68.8,69.52,3782225
2004-06-10,68.8,69.04,67.35,67.59,7324085
2004-06-11,66.62,67.11,63.49,63.73,9093837
2004-06-14,63.73,64.93,63.0,63.73,5271550
2004-06-15,63.0,64.45,63.0,63.97,5620316
2004-06-16,64.69,64.69,59.62,60.35,10335727
2004-06-17,60.35,64.45,60.35,64.45,12004148
2004-06-18,63.49,63.49,61.31,61.56,5149010
2004-06-21,63.0,63.0,59.87,60.35,6793867
2004-06-22,60.35,60.35,60.35,60.35,0
2004-06-23,60.59,62.76,60.59,62.52,6027995
2004-06-24,63.24,63.73,62.04,63.73,5285690
2004-06-25,63.24,64.69,63.24,64.21,4293591
2004-06-28,64.21,64.21,62.76,63.49,2660517
2004-06-29,63.49,63.73,63.0,63.73,2575684
2004-06-30,64.69,65.42,63.24,64.69,5481281
2004-07-01,65.18,65.42,64.45,64.69,3183667
2004-07-02,63.97,63.97,63.24,63.73,2233986
2004-07-05,62.76,63.24,61.56,62.52,2066673
2004-07-06,62.52,63.49,62.52,63.49,1684915
2004-07-07,62.52,64.45,62.52,63.49,3004570
2004-07-08,63.49,64.21,62.76,63.0,2578039
2004-07-09,62.76,63.73,61.8,63.24,3431103
2004-07-12,63.49,63.97,62.52,63.24,2891458
2004-07-13,62.52,62.52,60.11,60.35,5302185
2004-07-14,60.35,60.83,59.38,59.62,4397279
2004-07-15,58.66,59.62,58.42,58.42,4121565
2004-07-16,57.93,58.9,54.8,55.04,4981697
2004-07-19,53.59,55.04,51.9,52.14,7613938
2004-07-20,52.14,53.59,51.41,52.14,7703486
2004-07-21,54.07,55.76,53.35,55.76,9918623
2004-07-22,54.56,58.66,54.31,57.93,11396165
2004-07-23,57.69,59.38,57.69,57.93,8306757
2004-07-26,56.73,57.45,55.76,56.97,4029660
2004-07-27,55.76,57.21,55.04,56.49,5818264
2004-07-28,56.97,57.69,55.28,55.76,10300379
2004-07-29,56.5,57.68,56.21,57.09,12662194
2004-07-30,58.27,58.86,57.39,57.68,5182138
2004-08-02,57.68,57.68,56.5,57.09,4114283
2004-08-03,57.09,57.68,56.5,57.09,4212283
2004-08-04,56.8,56.8,55.03,55.92,5837720
2004-08-05,55.92,59.74,55.32,59.74,9032838
2004-08-06,58.86,63.86,58.56,60.62,13500257
2004-08-09,59.74,61.8,59.45,61.8,5351102
2004-08-10,62.1,63.27,60.03,60.33,7057643
2004-08-11,60.92,61.21,59.45,60.03,6638611
2004-08-12,60.03,60.62,58.86,60.33,2740602
2004-08-13,60.03,61.21,59.74,60.33,2617258
2004-08-16,60.33,60.33,59.74,60.03,1652472
2004-08-17,60.33,61.21,60.03,60.03,2754119
2004-08-18,60.33,62.1,58.86,62.1,6930920
2004-08-19,63.27,66.21,62.68,66.21,13349878
2004-08-20,66.8,68.28,66.21,67.39,11111100
2004-08-23,67.98,68.28,66.8,67.39,5079069
2004-08-24,67.39,67.39,67.39,67.39,0
2004-08-25,67.39,67.39,67.39,67.39,0
2004-08-26,67.68,69.45,67.68,68.57,11754855
2004-08-27,68.57,71.22,67.98,70.04,10345691
2004-08-30,70.04,70.33,68.57,69.16,6153683
2004-08-31,69.16,72.39,68.57,70.63,11082375
2004-09-01,72.1,72.69,70.92,72.1,6957954
2004-09-02,72.1,73.28,71.51,73.28,5462619
2004-09-03,73.28,73.28,68.57,68.86,8056223
2004-09-06,67.98,68.57,66.51,67.68,5273379
2004-09-07,68.28,71.22,68.28,71.22,6876852
2004-09-08,71.22,71.51,70.04,70.33,3712147
2004-09-09,70.33,70.63,69.75,70.33,2357052
2004-09-10,71.22,71.51,70.04,70.63,2395914
2004-09-13,72.1,72.1,70.63,71.81,4519798
2004-09-14,72.1,72.39,71.22,71.81,3157944
2004-09-15,71.81,72.98,71.22,71.81,3524597
2004-09-16,71.81,73.28,71.51,72.98,5229448
2004-09-17,72.98,73.28,70.92,70.92,5607928
2004-09-20,71.22,71.51,68.86,70.33,5212551
2004-09-21,70.33,70.92,68.86,70.33,5903616
2004-09-22,70.04,70.63,68.86,69.16,2840290
2004-09-23,68.28,69.75,68.28,68.57,2782843
2004-09-24,67.68,68.28,65.33,65.33,6647059
2004-09-27,64.15,64.74,62.39,62.68,4791830
2004-09-28,62.68,62.68,62.68,62.68,0
2004-09-29,62.39,65.33,62.1,64.15,7454710
2004-09-30,65.63,67.39,65.04,67.1,8904425
2004-10-01,67.39,67.68,65.63,67.1,6816023
2004-10-04,68.28,70.33,68.28,70.33,7726742
2004-10-05,70.33,70.33,68.28,68.57,6603129
2004-10-06,68.86,70.33,68.57,69.75,4923623
2004-10-07,70.63,70.92,69.45,69.75,4590762
2004-10-08,69.16,69.45,68.57,68.57,2934912
2004-10-11,68.57,68.57,67.68,68.28,2990669
2004-10-12,68.28,68.28,65.92,66.21,3387735
2004-10-13,66.21,67.1,65.63,65.92,3526286
2004-10-14,65.33,65.63,64.45,64.74,3882802
2004-10-15,64.74,65.92,64.45,64.74,4751279
2004-10-18,65.33,65.92,64.15,64.74,2811568
2004-10-19,65.92,66.51,64.74,65.63,4555280
2004-10-20,65.63,66.21,64.45,64.45,2546293
2004-10-21,64.15,65.04,63.57,64.15,3139358
2004-10-22,64.74,65.63,64.45,64.74,3046427
2004-10-25,64.74,64.74,64.74,64.74,0
2004-10-26,64.45,65.92,63.86,65.04,5482894
2004-10-27,64.74,64.74,61.8,63.27,6625095
2004-10-28,64.74,64.74,63.86,63.86,4085559
2004-10-29,64.15,66.21,64.15,65.92,4573866
2004-11-01,66.21,66.21,65.04,65.04,2493914
2004-11-02,65.92,66.21,65.04,66.21,2863946
2004-11-03,66.21,68.86,65.92,68.86,7708156
2004-11-04,68.86,69.16,67.98,68.86,5019932
2004-11-05,69.75,71.22,68.28,68.57,10291622
2004-11-08,68.57,68.57,65.63,67.39,4239316
2004-11-09,67.98,68.86,66.51,68.86,4183559
2004-11-10,69.75,69.75,67.68,67.68,2845359
2004-11-11,67.39,67.98,67.1,67.39,1843400
2004-11-12,67.68,68.86,67.39,68.57,3553321
2004-11-15,69.16,69.75,68.86,69.16,3876042
2004-11-16,69.16,69.75,68.86,69.45,3293115
2004-11-17,69.45,72.1,69.16,71.81,10416656
2004-11-18,72.69,72.69,70.33,71.22,7966672
2004-11-19,71.22,71.81,70.63,70.63,3088669
2004-11-22,70.04,70.33,67.68,67.68,5952615
2004-11-23,67.98,68.57,67.1,67.98,4467418
2004-11-24,67.98,67.98,65.04,66.21,8956803
2004-11-25,65.92,65.92,64.45,64.45,6256752
2004-11-26,63.86,65.33,63.27,63.57,6587922
2004-11-29,63.27,63.86,62.1,62.39,4259592
2004-11-30,61.5,61.8,60.33,60.92,7689571
2004-12-01,60.03,62.1,59.74,61.5,5991477
2004-12-02,62.68,62.68,60.62,61.5,5339275
2004-12-03,61.5,62.1,60.62,61.5,3365770
2004-12-06,61.5,62.39,60.92,62.39,3517839
2004-12-07,62.1,62.98,61.21,61.5,5428826
2004-12-08,61.21,61.8,60.62,61.5,2916325
2004-12-09,61.5,62.98,61.5,62.39,5052036
2004-12-10,62.39,62.68,61.5,61.5,2772706
2004-12-13,61.5,63.27,60.33,61.5,6184097
2004-12-14,61.8,62.1,61.21,61.8,3578665
2004-12-15,62.1,62.68,61.5,62.1,6658888
2004-12-16,62.39,63.57,62.1,63.27,5295344
2004-12-17,63.57,64.15,62.98,62.98,3700320
2004-12-20,62.1,63.86,61.8,63.86,3090358
2004-12-21,63.57,63.86,63.27,63.27,1938020
2004-12-22,63.27,64.15,62.39,62.39,2847050
2004-12-23,62.39,62.98,61.21,62.1,3065014
2004-12-24,62.1,62.68,61.8,62.39,1659230
2004-12-27,62.39,62.39,61.21,61.21,1290887
2004-12-28,61.21,62.1,61.21,62.1,1878883
2004-12-29,62.68,63.27,62.39,62.39,3134289
2004-12-30,62.68,63.86,62.39,63.57,4705659
2004-12-31,63.57,64.15,62.98,63.57,2221881
2005-01-03,64.15,64.15,63.27,63.27,1865367
2005-01-04,62.68,62.98,61.8,61.8,2569948
2005-01-05,61.21,61.5,59.74,60.03,5580894
2005-01-06,59.74,60.03,58.27,58.56,5601170
2005-01-07,58.56,59.15,56.21,58.86,6826161
2005-01-10,58.56,58.56,56.8,57.68,6461198
2005-01-11,57.39,58.86,57.09,58.56,4470798
2005-01-12,57.68,58.27,56.5,56.5,4023042
2005-01-13,56.8,57.39,55.62,55.92,4954036
2005-01-14,55.62,55.62,53.85,54.15,9100424
2005-01-17,54.74,55.32,53.85,55.03,7069471
2005-01-18,54.74,54.74,52.68,52.97,8500599
2005-01-19,52.97,53.85,51.21,51.5,11055342
2005-01-20,50.91,53.27,50.91,52.38,21220242
2005-01-21,52.97,53.85,52.68,52.97,13848323
2005-01-24,53.27,53.27,51.5,51.79,6981609
2005-01-25,51.5,52.97,51.5,52.38,5395033
2005-01-26,52.97,53.56,52.38,52.38,7758846
2005-01-27,52.68,52.68,50.32,50.91,10246002
2005-01-28,50.91,52.68,50.62,51.5,15250729
2005-01-31,51.79,55.03,51.79,55.03,22191788
2005-02-01,55.62,56.21,54.44,55.03,20437936
2005-02-02,55.32,56.8,55.03,56.21,14483630
2005-02-03,56.8,56.8,55.92,56.5,11553787
2005-02-04,56.5,56.5,56.5,56.5,0
2005-02-07,56.5,56.5,56.5,56.5,0
2005-02-08,56.5,56.5,56.5,56.5,0
2005-02-09,56.5,56.5,56.5,56.5,0
2005-02-10,56.5,56.5,56.5,56.5,0
2005-02-11,56.5,56.5,56.5,56.5,0
2005-02-14,57.97,59.15,57.09,57.39,15512624
2005-02-15,57.68,59.45,56.8,59.45,14338321
2005-02-16,60.03,62.98,58.56,62.1,19015256
2005-02-17,61.8,62.68,60.92,60.92,8585082
2005-02-18,60.92,62.98,60.62,62.68,9615765
2005-02-21,63.57,64.45,62.68,62.68,9957072
2005-02-22,62.68,62.98,60.92,60.92,4829003
2005-02-23,59.74,63.86,59.74,63.27,11035066
2005-02-24,63.27,67.68,62.98,67.68,28647919
2005-02-25,69.16,70.33,67.39,68.57,25518697
2005-02-28,68.57,68.57,68.57,68.57,0
2005-03-01,68.57,71.66,67.83,71.22,20385558
2005-03-02,71.22,71.51,69.75,69.75,10409897
2005-03-03,70.04,70.92,68.13,69.01,12227955
2005-03-04,68.57,69.6,67.68,67.68,7422606
2005-03-07,67.98,68.42,66.51,66.51,9397801
2005-03-08,67.24,68.86,66.66,67.39,10193623
2005-03-09,67.39,68.72,67.1,68.57,8514117
2005-03-10,68.57,68.86,66.8,67.39,6902196
2005-03-11,67.98,69.45,67.68,68.42,10871171
2005-03-14,67.24,68.86,67.24,67.68,8438082
2005-03-15,67.68,68.28,64.74,65.48,12070818
2005-03-16,65.48,66.21,65.19,65.77,7476674
2005-03-17,65.04,65.63,64.89,65.19,3877733
2005-03-18,65.19,65.92,64.45,65.63,5177069
2005-03-21,65.92,69.75,65.77,69.16,15916448
2005-03-22,69.16,69.16,66.21,66.36,10001003
2005-03-23,65.63,67.24,65.33,66.95,5342655
2005-03-24,67.24,68.13,66.66,66.8,6584542
2005-03-25,67.1,67.83,66.21,67.68,4264661
2005-03-28,68.28,68.28,67.24,67.24,3609079
2005-03-29,67.24,67.39,64.74,65.19,7383745
2005-03-30,64.74,65.77,63.71,64.59,6114821
2005-03-31,65.92,66.51,65.48,65.92,7082988
2005-04-01,66.36,67.68,65.92,67.68,7892328
2005-04-04,67.1,68.28,66.51,67.1,7054264
2005-04-05,67.1,67.1,67.1,67.1,0
2005-04-06,67.1,68.42,66.8,66.8,4996276
2005-04-07,67.1,67.54,66.21,66.51,4545142
2005-04-08,67.24,69.3,66.95,68.57,9803315
2005-04-11,68.57,70.04,67.98,68.57,6912334
2005-04-12,68.57,70.19,67.98,69.75,7676053
2005-04-13,69.89,70.19,69.16,70.04,6787301
2005-04-14,68.86,74.6,68.86,74.16,29381223
2005-04-15,73.57,74.46,72.69,74.16,19454564
2005-04-18,72.69,73.28,70.04,71.22,12893675
2005-04-19,72.1,73.13,71.22,72.1,14786076
2005-04-20,72.39,72.69,69.89,70.19,11185444
2005-04-21,69.01,71.37,68.86,70.77,8978769
2005-04-22,71.51,72.98,71.07,71.22,15075006
2005-04-25,71.22,71.66,70.63,71.51,4367729
2005-04-26,71.51,71.66,68.57,69.6,7159022
2005-04-27,69.6,70.48,69.01,69.89,7174229
2005-04-28,69.16,69.89,67.68,69.3,7794328
2005-04-29,69.3,70.19,68.72,69.6,4976001
2005-05-02,69.6,69.6,69.6,69.6,0
2005-05-03,71.07,72.98,71.07,72.1,15647795
2005-05-04,72.54,73.28,71.37,73.13,10786688
2005-05-05,74.16,77.1,74.16,76.51,28495850
2005-05-06,80.04,81.08,76.51,80.04,28656366
2005-05-09,80.04,80.19,78.28,79.6,13834806
2005-05-10,80.04,80.04,77.99,78.57,8520875
2005-05-11,77.4,80.34,77.4,78.87,15426451
2005-05-12,78.28,79.16,77.55,79.16,9652937
2005-05-13,79.16,80.93,78.57,79.16,11942405
2005-05-16,79.46,80.19,78.57,79.46,9210250
2005-05-17,80.04,80.93,78.87,79.31,9215319
2005-05-18,78.57,79.02,77.69,78.57,11481132
2005-05-19,79.9,80.34,79.46,80.34,10612655
2005-05-20,80.34,81.22,79.9,80.19,13027157
2005-05-23,80.04,80.19,76.95,76.95,13468154
2005-05-24,76.51,77.1,75.34,75.48,15201729
2005-05-25,75.93,76.81,74.46,75.48,16088792
2005-05-26,75.63,76.22,74.46,75.19,11834268
2005-05-27,75.63,78.57,75.63,77.99,16098929
2005-05-30,78.57,79.16,77.84,79.02,7272228
2005-05-31,78.72,79.75,77.99,79.75,10457208
2005-06-01,79.6,80.04,78.57,78.87,7529054
2005-06-02,79.75,79.9,78.72,79.46,7576365
2005-06-03,79.46,80.34,78.87,79.46,9642800
2005-06-06,79.31,79.46,78.57,79.46,3392804
2005-06-07,79.46,79.46,78.57,78.72,3732423
2005-06-08,78.72,82.25,78.72,82.25,15125695
2005-06-09,82.25,83.28,80.93,80.93,10095623
2005-06-10,82.4,85.05,81.96,84.9,15215246
2005-06-13,84.9,85.05,83.58,85.05,6336165
2005-06-14,85.05,87.11,82.11,82.11,17301956
2005-06-15,83.58,84.61,82.84,84.61,13643877
2005-06-16,84.61,84.9,83.58,84.75,8037637
2005-06-17,85.34,86.08,83.43,83.87,11124617
2005-06-20,83.13,83.87,82.69,82.69,5597790
2005-06-21,82.69,83.13,81.66,82.11,5454170
2005-06-22,82.69,83.87,82.4,83.73,8127188
2005-06-23,84.17,84.17,82.99,83.13,6511888
2005-06-24,82.55,82.84,81.81,81.81,8581702
2005-06-27,81.08,81.52,80.34,80.93,10012832
2005-06-28,80.93,81.81,80.93,81.52,6489922
2005-06-29,82.4,82.69,80.64,80.93,10215589
2005-06-30,81.08,81.52,80.64,80.78,3631045
2005-07-01,80.93,83.73,80.93,83.28,7431054
2005-07-04,83.73,84.46,83.28,83.87,7975119
2005-07-05,83.87,85.49,83.87,85.2,10739378
2005-07-06,85.34,85.78,84.02,84.17,5834340
2005-07-07,83.87,84.9,83.87,84.46,5226069
2005-07-08,84.75,86.37,84.75,85.49,10093934
2005-07-11,86.67,88.73,86.67,87.84,15490658
2005-07-12,87.99,88.73,87.7,88.29,14061218
2005-07-13,89.17,92.11,89.17,90.05,17820678
2005-07-14,91.23,92.11,90.49,91.82,10686999
2005-07-15,91.82,91.96,90.05,90.05,11013100
2005-07-18,90.05,90.05,90.05,90.05,0
2005-07-19,89.76,93.29,88.87,92.4,12352988
2005-07-20,92.7,93.14,90.64,90.64,12260058
2005-07-21,91.23,95.49,91.23,93.0,19388667
2005-07-22,92.7,93.88,89.76,89.91,12305678
2005-07-25,91.08,96.09,91.08,96.09,21277689
2005-07-26,97.85,99.18,92.85,93.0,30957662
2005-07-27,93.0,94.32,91.96,91.96,14955041
2005-07-28,93.0,98.0,93.0,97.56,24023362
2005-07-29,98.88,102.27,98.14,99.03,29933737
2005-08-01,99.76,101.09,99.18,99.47,13493498
2005-08-02,100.94,101.23,94.61,96.09,19059187
2005-08-03,98.14,102.71,97.41,102.71,19076083
2005-08-04,109.77,109.77,108.3,109.77,26086417
2005-08-05,109.77,109.77,109.77,109.77,0
2005-08-08,108.89,110.36,105.06,109.77,25422388
2005-08-09,109.47,109.47,103.59,108.74,27426305
2005-08-10,107.86,108.53,101.89,101.89,25912999
2005-08-11,101.89,104.21,96.58,101.89,20150055
2005-08-12,101.89,102.55,96.58,96.58,14648238
2005-08-15,96.58,96.91,90.93,92.26,16247117
2005-08-16,92.26,94.59,92.1,94.59,10915661
2005-08-17,93.59,98.57,93.59,97.74,14061749
2005-08-18,97.74,98.24,95.42,95.42,11268949
2005-08-19,95.58,95.58,92.59,93.92,10830480
2005-08-22,95.91,97.41,95.58,95.91,8544572
2005-08-23,96.58,99.73,95.91,98.24,11788410
2005-08-24,97.57,99.4,97.57,98.24,9387998
2005-08-25,98.24,101.56,97.08,99.73,14818599
2005-08-26,101.56,102.55,97.9,97.9,12658368
2005-08-29,97.9,99.23,96.91,97.24,7625741
2005-08-30,98.9,98.9,93.59,94.59,10865390
2005-08-31,95.42,97.24,91.6,91.93,16713514
2005-09-01,91.93,91.93,91.93,91.93,0
2005-09-02,94.25,96.24,93.59,96.08,14486255
2005-09-05,97.57,97.57,93.92,94.09,10087595
2005-09-06,95.25,98.24,93.59,98.24,14354994
2005-09-07,98.24,101.72,96.91,100.89,21554834
2005-09-08,101.56,102.55,100.23,102.39,13856479
2005-09-09,102.55,103.71,101.89,103.05,11874987
2005-09-12,104.54,105.37,103.38,104.21,12913909
2005-09-13,104.21,104.54,102.72,102.88,9632368
2005-09-14,102.72,104.04,101.56,102.05,10393406
2005-09-15,101.89,102.39,100.56,100.89,8378401
2005-09-16,100.89,101.39,99.23,99.73,8002768
2005-09-19,100.23,102.88,100.23,102.05,8948132
2005-09-20,102.05,107.86,102.05,106.04,19753477
2005-09-21,106.2,108.19,105.54,105.54,16621352
2005-09-22,105.54,106.87,104.87,105.21,9160385
2005-09-23,104.87,105.21,99.56,101.22,17274867
2005-09-26,102.22,102.55,98.9,99.56,10260748
2005-09-27,99.56,101.89,97.41,101.89,10908678
2005-09-28,101.89,104.04,101.22,101.56,14470895
2005-09-29,100.89,102.05,99.9,101.06,12562851
2005-09-30,101.89,104.87,101.89,103.88,16914603
2005-10-03,104.54,107.86,104.21,106.87,17004022
2005-10-04,107.53,107.86,105.04,106.53,14848415
2005-10-05,106.7,111.51,106.2,108.86,24982632
2005-10-06,107.2,108.19,106.53,107.2,10385783
2005-10-07,107.03,107.53,105.21,105.87,9603660
2005-10-10,91.66,91.66,91.66,91.66,0
2005-10-11,106.37,107.03,105.04,105.21,8244483
2005-10-12,104.54,106.04,103.71,104.21,7822422
2005-10-13,103.88,105.04,100.06,102.22,13567927
2005-10-14,103.55,103.88,101.22,101.22,6563395
2005-10-17,101.89,102.22,94.25,94.25,17203130
2005-10-18,95.25,95.91,92.93,95.58,16264821
2005-10-19,93.59,93.92,91.77,93.92,11355091
2005-10-20,94.59,96.91,93.26,95.91,12415011
2005-10-21,93.59,96.91,93.26,95.25,11697270
2005-10-24,96.25,96.41,93.59,93.59,5480822
2005-10-25,95.75,96.58,93.92,93.92,6972340
2005-10-26,93.59,94.59,87.95,92.1,15023677
2005-10-27,91.27,93.59,89.28,91.77,9651350
2005-10-28,90.11,91.77,89.11,89.94,8672504
2005-10-31,92.26,96.08,91.6,96.08,11006951
2005-11-01,97.9,99.23,96.91,96.91,16372124
2005-11-02,99.23,103.05,98.4,103.05,19466041
2005-11-03,105.87,106.53,101.06,101.06,19615074
2005-11-04,104.54,105.87,102.55,104.54,14593271
2005-11-07,104.54,105.21,102.55,105.21,9586968
2005-11-08,105.54,105.54,102.22,102.39,9439128
2005-11-09,102.22,105.87,101.56,105.37,12376858
2005-11-10,106.2,107.2,104.87,105.37,12965835
2005-11-11,107.2,108.69,105.54,105.87,11700847
2005-11-14,105.87,108.19,105.87,106.37,9100526
2005-11-15,106.37,106.37,103.71,104.38,7476667
2005-11-16,104.38,106.53,104.38,105.21,8307672
2005-11-17,105.21,105.21,101.06,103.21,17399853
2005-11-18,104.54,108.86,104.54,107.2,22971288
2005-11-21,107.86,111.18,107.03,109.85,18345316
2005-11-22,109.52,109.52,106.53,106.53,9690695
2005-11-23,107.53,108.86,107.03,108.86,9098141
2005-11-24,108.86,109.02,106.7,108.03,7588739
2005-11-25,109.02,113.34,108.53,112.18,17869604
2005-11-28,115.16,118.15,113.34,117.82,20210012
2005-11-29,116.16,117.15,115.16,115.16,9437936
2005-11-30,115.83,118.65,115.49,116.32,13384319
2005-12-01,115.83,117.15,114.66,115.99,9269827
2005-12-02,118.81,120.64,117.49,119.48,14842454
2005-12-05,121.14,125.62,120.14,124.79,15857068
2005-12-06,121.47,123.79,121.47,123.79,8566393
2005-12-07,122.8,123.79,115.16,115.16,19783182
2005-12-08,114.5,115.0,111.68,114.17,12592658
2005-12-09,114.17,116.82,114.17,115.83,12676116
2005-12-12,112.84,113.84,108.19,112.51,11693693
2005-12-13,112.51,115.99,111.51,113.01,10931838
2005-12-14,114.83,115.49,112.67,115.16,9740770
2005-12-15,116.49,116.49,114.66,114.66,5529705
2005-12-16,116.16,122.13,116.16,117.98,17823106
2005-12-19,118.81,120.31,117.32,119.15,10357169
2005-12-20,118.81,118.81,117.49,117.82,5399748
2005-12-21,117.98,118.15,115.83,117.82,8438821
2005-12-22,102.58,103.73,101.43,101.43,10822323
2005-12-23,118.15,120.31,116.16,120.31,11940491
2005-12-26,106.03,109.05,106.03,107.75,20094076
2005-12-27,124.79,126.45,122.13,123.79,14359588
2005-12-28,122.13,125.45,121.14,125.45,9733616
2005-12-29,125.45,133.75,124.95,130.93,25277120
2005-12-30,130.93,133.91,128.44,128.44,19505386
2006-01-02,126.11,132.42,126.11,132.25,16450813
2006-01-03,132.25,137.56,131.42,132.75,19948907
2006-01-04,134.41,134.74,128.11,128.77,20680955
2006-01-05,130.1,134.08,128.6,130.43,18491964
2006-01-06,131.42,133.75,122.8,122.8,33435760
2006-01-09,123.46,124.46,119.48,121.14,19402851
2006-01-10,121.14,122.13,117.98,118.48,13417702
2006-01-11,118.15,120.31,117.15,119.97,17780184
2006-01-12,120.31,120.97,115.66,116.16,15235900
2006-01-13,116.82,118.32,115.16,115.16,10451357
2006-01-16,115.33,117.49,114.33,115.16,13579850
2006-01-17,116.82,119.81,116.16,116.32,20952790
2006-01-18,114.5,114.83,108.36,111.35,25206777
2006-01-19,110.85,111.68,106.87,108.03,20028788
2006-01-20,109.19,110.52,107.86,107.86,12539006
2006-01-23,105.87,109.35,105.54,108.53,11446895
2006-01-24,109.52,111.01,109.02,109.19,8735694
2006-01-25,109.19,109.19,105.54,106.04,13117252
2006-02-03,109.85,111.01,108.69,109.19,13492815
2006-02-06,106.2,111.18,104.71,111.18,10326170
2006-02-07,110.85,113.5,109.85,111.51,11663887
2006-02-08,112.84,113.34,111.18,111.18,8870420
2006-02-09,113.17,113.5,110.02,110.02,7830768
2006-02-10,110.68,110.85,105.7,106.37,10619466
2006-02-13,106.2,108.86,104.21,108.86,9654927
2006-02-14,108.53,111.18,108.03,110.35,8362516
2006-02-15,109.52,115.83,108.69,114.17,26501572
2006-02-16,115.83,116.66,114.5,114.5,12140791
2006-02-17,115.16,115.49,112.51,112.84,8553278
2006-02-20,112.18,113.5,111.35,112.84,5601241
2006-02-21,113.34,114.33,111.84,111.84,7301404
2006-02-22,113.01,113.34,108.53,108.86,10733923
2006-02-23,109.19,109.35,105.87,105.87,11682963
2006-02-24,105.7,108.86,105.7,108.86,6842384
2006-02-27,107.86,112.18,107.36,111.35,8364901
2006-03-01,111.18,116.66,110.18,115.99,18911640
2006-03-02,117.82,118.15,113.17,113.17,11629311
2006-03-03,113.84,116.66,112.84,113.34,11344361
2006-03-06,113.84,117.49,113.84,116.32,13483276
2006-03-07,115.49,115.66,113.5,113.5,8536587
2006-03-08,113.34,114.5,110.18,111.18,12163444
2006-03-09,112.18,113.34,111.51,111.84,7089182
2006-03-10,111.84,112.51,109.69,110.68,9809921
2006-03-13,112.18,113.84,110.68,113.84,7874882
2006-03-14,113.17,113.84,110.35,111.35,7173833
2006-03-15,112.84,117.15,112.51,117.15,17354547
2006-03-16,117.49,123.63,116.82,118.81,29894746
2006-03-17,120.14,122.63,119.81,122.3,15916681
2006-03-20,123.79,126.11,122.46,122.46,17526233
2006-03-21,123.13,124.12,116.16,117.49,14304744
2006-03-22,116.16,118.65,115.49,117.65,9384284
2006-03-23,118.81,120.47,117.65,118.15,12385204
2006-03-24,119.81,121.14,117.49,118.48,12735729
2006-03-27,120.47,120.47,118.81,119.48,6966379
2006-03-28,120.14,121.14,118.81,119.64,8264751
2006-03-29,120.47,124.79,120.47,123.96,15737842
2006-03-30,125.12,125.78,122.13,122.46,15108328
2006-03-31,124.46,125.78,123.46,124.62,14054369
2006-04-03,125.45,125.78,124.46,124.62,7402747
2006-04-04,125.45,128.44,124.79,124.79,14187903
2006-04-06,126.45,126.78,124.95,126.11,11903531
2006-04-07,126.11,126.45,123.96,124.46,7817653
2006-04-10,124.46,126.11,123.29,123.79,5619124
2006-04-11,124.79,125.29,123.13,125.12,6361903
2006-04-12,125.12,126.78,124.79,126.78,6744619
2006-04-13,127.77,127.77,123.46,123.46,7544626
2006-04-14,123.79,125.78,123.46,125.45,5933881
2006-04-17,125.29,125.29,121.14,121.14,7213177
2006-04-18,120.14,122.8,119.81,121.63,5130298
2006-04-19,122.96,123.79,119.48,121.47,9647774
2006-04-20,122.8,123.79,121.14,122.8,11166714
2006-04-21,123.79,131.09,123.13,128.94,24480690
2006-04-24,128.77,131.42,128.6,129.43,16181363
2006-04-25,131.42,132.09,127.77,128.11,14031716
2006-04-26,126.11,127.44,121.47,122.13,25070859
2006-04-27,123.13,124.29,121.8,121.97,11892801
2006-04-28,123.13,123.79,121.97,123.63,6097221
2006-05-02,124.79,125.45,122.3,122.8,8130026
2006-05-03,123.63,126.94,123.46,124.95,9451051
2006-05-04,125.62,128.11,125.62,125.78,10026913
2006-05-05,127.77,129.1,126.28,126.78,19704493
2006-05-08,129.1,135.57,127.61,135.57,30098622
2006-05-09,136.57,138.23,133.75,133.75,24367425
2006-05-10,135.74,136.73,132.42,133.91,14384626
2006-05-11,132.75,138.73,132.75,137.56,11367014
2006-05-12,132.92,135.41,132.75,132.75,10584891
2006-05-15,131.42,131.42,129.43,129.43,8770270
2006-05-16,131.09,132.59,129.6,129.6,7104681
2006-05-17,131.09,131.09,128.27,129.1,7101105
2006-05-18,110.05,111.49,108.76,108.76,14565176
2006-05-19,108.33,109.48,107.18,107.32,13752710
2006-05-22,124.46,124.79,119.48,119.48,9855227
2006-05-23,117.82,118.32,114.5,114.83,11914261
2006-05-24,116.99,120.97,115.49,119.48,11488624
2006-05-25,120.47,121.14,116.49,117.82,9719309
2006-05-26,119.48,121.14,115.49,116.16,8418553
2006-05-29,102.01,102.58,99.85,101.43,5184635
2006-05-30,117.82,118.48,115.33,117.15,4488861
2006-06-01,121.47,125.45,120.14,122.96,12497277
2006-06-02,124.79,126.45,123.46,124.29,11712769
2006-06-05,126.11,126.45,118.15,119.15,11910685
2006-06-06,121.14,124.29,119.48,124.29,7682928
2006-06-07,120.8,122.46,115.83,116.49,12554505
2006-06-08,115.16,115.33,108.36,108.53,16527118
2006-06-09,109.52,111.84,104.87,110.52,14347666
2006-06-12,109.02,110.85,107.36,108.86,6403632
2006-06-13,105.54,105.54,101.56,102.22,13619194
2006-06-14,99.9,101.56,98.57,100.39,20868140
2006-06-15,101.22,103.55,99.73,100.23,13669269
2006-06-16,102.88,105.37,101.39,102.22,16906257
2006-06-19,101.72,103.22,99.07,99.4,7969070
2006-06-20,99.56,100.56,92.93,94.92,14117559
2006-06-21,95.75,97.24,91.6,92.93,13590580
2006-06-22,96.91,99.4,95.58,99.4,9113641
2006-06-23,99.56,102.88,98.57,101.39,10075795
2006-06-26,99.9,102.55,99.9,101.56,7418246
2006-06-27,100.89,101.39,99.07,99.56,13100561
2006-06-28,97.9,98.4,95.08,97.24,10113948
2006-06-29,99.23,100.23,98.24,98.24,11288324
2006-06-30,101.22,101.22,99.56,99.56,10190252
2006-07-03,99.9,101.39,98.9,99.07,5869499
2006-07-04,99.9,103.55,99.56,101.72,9405745
2006-07-05,101.56,102.05,99.9,99.9,4623587
2006-07-06,99.56,100.73,98.57,100.23,6462053
2006-07-07,100.23,102.72,99.73,102.05,9143447
2006-07-10,101.22,103.21,100.89,103.05,6559818
2006-07-11,102.72,103.21,100.56,100.56,6778002
2006-07-12,101.22,102.88,99.9,99.9,6917496
2006-07-13,99.4,100.73,99.07,99.4,4769043
2006-07-14,96.91,97.74,95.58,95.58,8424514
2006-07-17,94.92,95.58,90.94,92.1,8046567
2006-07-18,92.59,94.42,92.59,93.42,3539822
2006-07-19,94.59,94.92,92.26,92.26,4418518
2006-07-20,95.58,96.25,94.75,95.91,5802733
2006-07-21,94.59,94.92,93.92,94.92,4445940
2006-07-24,94.09,94.92,92.93,94.92,2465595
2006-07-25,96.58,98.24,96.58,96.91,5825386
2006-07-26,83.9,84.62,82.47,82.47,5457293
2006-07-27,82.47,86.49,82.47,85.92,9358507
2006-07-28,98.9,101.89,98.4,99.56,8593815
2006-07-31,101.56,101.72,98.9,99.07,7111835
2006-08-01,98.57,99.73,96.58,97.9,11045103
2006-08-02,98.31,100.38,97.56,99.44,10944953
2006-08-03,99.25,100.76,97.94,97.94,8900768
2006-08-04,97.94,102.83,97.94,100.95,11479303
2006-08-07,100.95,104.15,100.2,103.59,9608537
2006-08-08,106.22,106.22,104.34,105.47,6346078
2006-08-09,105.47,107.35,104.9,107.35,7540507
2006-08-10,106.98,108.86,106.98,107.35,6892351
2006-08-11,107.73,108.29,106.22,107.16,4834075
2006-08-14,107.73,109.05,107.35,107.54,4103544
2006-08-15,107.73,108.67,106.98,108.67,4474229
2006-08-16,110.55,111.87,109.99,110.74,8682909
2006-08-17,112.06,116.02,111.68,113.0,15294537
2006-08-18,115.26,116.02,113.38,113.38,6503240
2006-08-21,113.38,113.76,106.6,106.79,7587
2006-08-22,107.35,111.5,107.35,110.37,5419
2006-08-23,109.99,111.31,107.35,111.12,6074026
2006-08-24,110.55,113.76,110.37,111.31,5619883
2006-08-25,112.44,113.0,109.24,109.24,4461222
2006-08-28,109.24,109.24,107.54,109.24,3796808
2006-08-29,110.93,110.93,109.24,109.24,3087955
2006-08-30,110.74,113.19,110.37,112.81,5945045
2006-08-31,114.89,115.64,113.0,113.0,9009155
2006-09-01,114.13,119.78,114.13,119.03,14703826
2006-09-04,115.16,119.1,114.98,117.31,14119998
2006-09-05,123.55,123.74,120.54,121.1,6295136
2006-09-06,120.54,123.36,119.78,121.1,7049512
2006-09-07,120.35,124.3,120.35,124.3,11130296
2006-09-08,118.74,120.18,117.49,120.18,10925444
2006-09-11,126.38,127.69,122.8,123.17,9439453
2006-09-12,123.17,123.74,120.54,120.91,6367756
2006-09-13,123.55,123.55,118.28,119.41,7153564
2006-09-14,120.54,120.54,115.83,116.77,6641976
2006-09-15,116.58,119.78,116.58,119.78,6037174
2006-09-18,122.04,124.68,121.29,123.55,10479972
2006-09-19,122.8,123.17,120.91,120.91,6559601
2006-09-20,120.91,122.42,119.78,122.04,7542675
2006-09-21,123.55,124.3,119.97,119.97,7091783
2006-09-22,119.97,121.48,119.78,120.16,5404192
2006-09-25,119.78,120.54,117.33,118.65,4629223
2006-09-26,119.59,119.97,117.52,117.52,5282799
2006-09-27,119.41,120.35,118.46,119.78,6031755
2006-09-28,120.35,120.35,116.77,117.33,5765122
2006-09-29,117.71,119.22,117.71,118.28,3207181
2006-10-02,118.65,120.16,117.71,120.16,5515831
2006-10-03,119.78,120.54,119.03,119.97,4428706
2006-10-04,120.54,122.61,120.54,121.67,8773955
2006-10-05,124.3,126.75,123.36,125.62,14320135
2006-10-09,119.64,119.64,119.64,119.64,0
2006-10-11,126.94,130.33,126.38,129.2,13608030
2006-10-12,129.2,129.58,126.0,126.0,10472384
2006-10-13,128.45,128.45,124.87,125.25,8032585
2006-10-16,126.94,127.51,125.43,126.94,6930286
2006-10-17,124.3,126.19,120.91,120.91,7048428
2006-10-18,119.41,119.78,116.02,117.15,8809723
2006-10-19,116.77,118.84,115.64,116.58,5222102
2006-10-20,118.28,118.46,117.33,117.52,3307981
2006-10-23,119.03,120.16,117.52,120.16,4081867
2006-10-24,120.54,124.3,120.54,122.99,9772202
2006-10-25,123.93,125.06,122.42,122.42,4821068
2006-10-26,118.38,118.92,118.03,118.03,6538195
2006-10-27,124.3,124.68,122.8,123.74,2279385
2006-10-30,122.42,123.17,121.85,122.8,3280884
2006-10-31,124.3,124.3,121.29,122.23,3893273
2006-11-01,122.42,123.93,122.42,122.99,3466227
2006-11-02,122.23,123.74,121.48,122.99,3180084
2006-11-03,122.99,124.68,122.99,123.55,6798054
2006-11-06,120.54,121.67,119.78,119.97,5402025
2006-11-07,120.91,121.48,120.54,120.54,3685169
2006-11-08,120.54,122.23,119.78,120.54,6256117
2006-11-09,121.85,122.04,118.65,118.65,5033508
2006-11-10,119.41,119.59,117.9,118.65,3497659
2006-11-13,119.59,119.59,116.2,116.39,4214099
2006-11-14,116.39,117.15,115.83,116.77,4838410
2006-11-15,118.28,119.59,118.28,119.41,5046514
2006-11-16,121.29,123.36,120.91,121.48,6560685
2006-11-17,123.36,123.36,121.67,121.67,4573945
2006-11-20,123.55,124.12,122.42,123.36,5720683
2006-11-21,123.36,125.62,122.61,124.68,6271291
2006-11-22,125.06,125.06,123.17,123.17,2349837
2006-11-23,123.55,123.93,121.67,122.04,3324239
2006-11-24,122.42,122.61,120.54,122.04,2747619
2006-11-27,125.43,127.69,123.93,125.62,8242857
2006-11-28,125.06,125.06,123.17,124.12,3400110
2006-11-29,125.43,125.43,122.42,123.17,4764707
2006-11-30,124.12,124.68,122.8,124.68,2925374
2006-12-01,124.68,127.32,124.68,125.43,7033254
2006-12-04,126.0,127.51,123.93,127.13,4750617
2006-12-05,128.07,132.03,127.51,130.71,13161474
2006-12-06,131.84,132.97,129.95,132.03,7872172
2006-12-07,131.46,131.46,127.69,128.26,5282799
2006-12-08,128.07,128.07,125.43,126.56,3032677
2006-12-11,126.19,126.56,124.68,126.19,2308650
2006-12-12,125.81,125.81,120.54,122.8,4885017
2006-12-13,122.23,123.36,118.09,122.8,5850748
2006-12-14,123.36,126.0,121.48,124.87,5953716
2006-12-15,126.19,126.56,125.25,126.38,3882434
2006-12-18,125.81,128.82,125.81,126.56,4646565
2006-12-19,126.56,128.45,124.68,124.68,3634227
2006-12-20,125.62,126.75,125.25,126.56,3451052
2006-12-21,126.19,126.56,124.49,124.87,2257708
2006-12-22,124.49,126.0,124.49,125.81,1631229
2006-12-25,125.81,125.81,124.68,124.68,1546687
2006-12-26,125.43,127.32,125.43,126.56,3096626
2006-12-27,126.94,129.2,126.0,126.38,3831492
2006-12-28,128.07,128.45,126.94,128.07,2931877
2006-12-29,128.07,128.45,126.56,126.94,3354588
2007-01-02,127.32,135.79,127.32,135.79,12744183
2007-01-03,136.73,142.95,136.55,140.88,18152712
2007-01-04,141.25,144.64,140.88,142.76,9593363
2007-01-05,143.51,144.27,140.12,140.5,6591034
2007-01-08,139.37,139.37,135.23,135.23,7234855
2007-01-09,135.6,137.11,134.85,135.04,5153818
2007-01-10,133.34,135.98,131.84,135.98,6104375
2007-01-11,137.11,140.12,131.46,133.72,12409266
2007-01-12,134.85,136.73,133.34,133.72,7382261
2007-01-15,135.04,138.43,133.34,137.49,5455134
2007-01-16,138.24,141.63,138.24,138.24,7872172
2007-01-17,137.49,140.31,136.36,139.75,4478564
2007-01-18,140.88,143.89,139.56,143.7,8454212
2007-01-19,142.76,145.4,142.38,142.57,5616632
2007-01-22,143.33,143.7,142.2,143.14,4696423
2007-01-23,142.76,143.51,140.12,140.31,5894103
2007-01-24,142.76,144.08,142.01,142.01,5681664
2007-01-25,142.76,143.33,139.75,141.25,3665659
2007-01-26,139.37,141.44,138.81,139.37,4914282
2007-01-29,139.37,139.37,135.42,136.36,6410027
2007-01-30,138.24,139.37,136.36,138.62,7529668
2007-01-31,138.62,138.62,133.34,135.23,6256117
2007-02-01,136.36,136.73,132.78,135.23,2938380
2007-02-02,136.36,138.43,135.6,135.79,4926204
2007-02-05,135.79,135.79,134.29,135.23,3305813
2007-02-06,136.36,136.55,134.85,136.36,3701427
2007-02-07,138.24,141.25,137.49,140.12,7494984
2007-02-08,140.5,141.25,138.62,140.12,3485736
2007-02-09,140.12,140.5,137.11,137.11,4315983
2007-02-12,135.98,136.55,132.59,133.91,5985149
2007-02-13,133.91,135.23,132.78,133.16,3109632
2007-02-14,134.1,136.92,133.72,136.73,5982981
2007-02-26,138.99,140.12,138.24,138.24,6195420
2007-02-27,132.2,133.63,131.3,132.73,4596652
2007-03-01,137.49,138.43,134.1,135.6,9612873
2007-03-02,134.85,135.42,132.78,133.53,5315315
2007-03-05,130.33,130.33,122.61,122.99,8647142
2007-03-06,123.93,126.0,122.8,125.25,5692503
2007-03-07,127.69,127.69,125.06,125.06,4822152
2007-03-08,125.25,129.39,125.25,129.2,5997071
2007-03-09,130.33,130.71,127.69,128.07,3199594
2007-03-12,128.82,129.2,127.32,127.32,2631644
2007-03-13,127.32,133.72,127.32,133.72,7901437
2007-03-14,130.33,132.59,130.33,131.46,5482231
2007-03-15,133.72,137.11,133.53,135.6,6212762
2007-03-16,136.92,137.86,133.72,133.72,4226022
2007-03-19,134.85,135.23,132.97,133.34,1505500
2007-03-20,134.47,135.6,132.78,133.16,2816987
2007-03-21,134.47,136.92,133.34,136.36,3205013
2007-03-22,140.5,142.38,139.37,140.5,11241935
2007-03-23,140.5,141.63,138.62,141.44,5016166
2007-03-26,141.44,141.63,139.75,140.69,3609298
2007-03-27,141.25,143.89,141.25,141.25,6997486
2007-03-28,141.25,142.38,137.86,137.86,4591287
2007-03-29,136.17,142.01,136.17,141.25,4823236
2007-03-30,142.38,143.89,140.69,143.14,4860088
2007-04-02,144.83,145.02,141.63,141.63,3326407
2007-04-03,141.63,145.4,141.44,145.4,6141226
2007-04-04,145.77,146.72,144.27,145.02,4895856
2007-04-09,145.02,146.15,143.89,145.96,3171413
2007-04-10,146.9,147.66,145.4,147.66,2754122
2007-04-11,148.79,148.79,146.53,148.22,4568526
2007-04-12,147.28,150.67,146.9,149.73,5415031
2007-04-13,149.92,150.29,146.53,146.53,2753038
2007-04-16,148.79,151.42,146.34,146.9,5411779
2007-04-17,146.9,148.03,142.38,144.64,4880682
2007-04-18,144.64,148.22,143.89,147.66,3273297
2007-04-19,146.9,147.66,143.89,143.89,4466642
2007-04-20,145.02,146.53,144.64,146.15,1799229
2007-04-23,148.6,151.42,147.28,150.67,6114129
2007-04-24,150.67,154.81,149.92,154.06,6539008
2007-04-25,153.68,155.76,153.12,154.25,4507829
2007-04-26,156.32,156.32,152.93,152.93,3246200
2007-04-27,153.31,155.19,152.74,152.93,3358923
2007-04-30,152.93,157.45,152.93,157.45,7739940
2007-05-02,157.83,162.72,155.94,162.35,7258700
2007-05-03,163.48,163.85,158.77,162.54,6161820
2007-05-04,166.87,173.84,166.87,173.65,11800129
2007-05-07,176.28,180.8,175.15,177.04,7313977
2007-05-08,173.46,178.73,173.46,178.17,3909531
2007-05-09,178.17,178.54,170.63,171.76,7186080
2007-05-10,173.27,177.79,173.27,177.04,5439960
2007-05-11,176.28,178.92,174.59,177.79,3525840
2007-05-14,179.11,188.34,177.6,188.15,9926112
2007-05-15,186.46,187.02,179.67,180.99,6816479
2007-05-16,180.99,182.31,175.91,177.23,7875424
2007-05-17,178.36,181.56,175.53,175.53,6251781
2007-05-18,178.17,178.92,176.66,177.6,6726518
2007-05-21,178.92,181.94,178.92,178.92,6236607
2007-05-22,181.75,186.46,180.05,185.7,7281461
2007-05-23,187.77,189.85,182.69,183.07,6850080
2007-05-24,187.21,195.87,186.08,195.12,14584600
2007-05-25,193.24,199.64,191.35,198.51,8065102
2007-05-28,199.64,200.39,192.11,192.86,6209510
2007-05-29,194.74,198.89,192.11,195.12,7066854
2007-05-30,195.12,197.76,193.99,195.5,4720268
2007-05-31,197.76,200.39,195.5,197.0,6988815
2007-06-01,198.13,201.9,197.76,200.02,8449877
2007-06-04,201.52,203.41,200.02,201.52,5844245
2007-06-05,200.77,200.77,195.12,195.87,9629131
2007-06-06,197.76,200.02,191.73,195.12,7694417
2007-06-07,195.12,198.13,192.86,197.76,8565851
2007-06-08,193.99,196.63,193.99,195.12,5472476
2007-06-11,197.0,197.76,195.12,196.25,5854000
2007-06-12,195.87,196.25,188.72,190.22,9021078
2007-06-13,189.09,192.11,183.25,184.57,9099117
2007-06-14,187.59,192.86,187.59,190.6,10933031
2007-06-15,192.11,198.89,191.73,197.76,11426193
2007-06-20,197.76,197.76,187.77,193.24,17431936
2007-06-21,190.98,190.98,185.33,186.64,17486129
2007-06-22,184.95,190.6,183.82,190.22,7622881
2007-06-25,180.45,185.83,180.45,183.67,10488426
2007-06-26,194.74,195.12,190.98,191.73,4474229
2007-06-27,191.73,192.86,187.96,190.22,4170744
2007-06-28,192.86,193.61,189.85,190.6,4017918
2007-06-29,192.86,195.87,190.6,192.86,8151811
2007-07-02,193.99,194.37,192.11,193.24,2928625
2007-07-03,195.5,199.64,194.74,194.74,6145562
2007-07-04,196.63,208.3,196.63,206.8,12895925
2007-07-05,209.06,220.36,209.06,216.97,11644052
2007-07-06,218.85,224.12,213.58,222.99,10883173
2007-07-09,225.25,234.29,223.37,234.29,7996818
2007-07-10,223.85,224.57,217.4,220.98,6543885
2007-07-11,229.77,231.28,224.88,225.25,7476558
2007-07-12,226.01,229.02,216.97,216.97,11852155
2007-07-13,220.73,224.5,218.47,221.86,8216844
2007-07-16,221.49,221.49,212.82,213.2,6604040
2007-07-17,213.58,220.36,209.43,220.36,6026336
2007-07-18,220.36,225.63,216.59,216.59,5929871
2007-07-19,218.85,225.63,218.85,225.63,5785716
2007-07-20,227.14,231.66,227.14,230.9,4599958
2007-07-23,230.53,235.8,227.89,233.16,5534257
2007-07-24,234.29,236.55,227.89,236.55,10840901
2007-07-25,240.81,246.88,236.76,242.43,10269958
2007-07-26,246.88,250.92,235.55,235.95,7671759
2007-07-27,228.67,233.12,226.24,226.24,8240534
2007-07-30,223.0,231.5,222.59,224.62,7909179
2007-07-31,230.69,240.0,227.45,240.0,10359765
2007-08-01,242.02,248.9,230.28,230.28,11876155
2007-08-02,245.66,245.66,230.69,238.78,10256539
2007-08-03,248.9,250.12,240.0,242.83,14316419
2007-08-06,233.12,236.35,231.9,232.71,5809561
2007-08-07,236.35,237.16,221.38,222.59,11490090
2007-08-08,225.02,237.97,225.02,234.74,9252149
2007-08-09,234.74,235.14,226.64,231.9,11073057
2007-08-10,218.55,225.43,218.55,221.79,8481051
2007-08-13,222.59,225.02,214.5,214.5,6942983
2007-08-14,214.5,214.5,204.38,207.22,7486984
2007-08-15,202.76,204.79,193.05,196.69,13636159
2007-08-16,193.05,201.14,192.24,197.5,15654228
2007-08-17,202.36,205.6,199.53,201.95,15634616
2007-08-20,215.31,215.31,205.19,205.19,14048031
2007-08-21,205.19,206.81,195.48,197.3,8567761
2007-08-22,198.31,204.38,198.31,204.38,7362081
2007-08-23,212.48,218.14,211.26,214.5,8865052
2007-08-24,216.52,218.14,212.48,212.88,7852404
2007-08-27,220.98,220.98,213.29,214.5,8100147
2007-08-28,214.1,219.36,214.1,218.55,5882852
2007-08-29,213.29,217.74,213.29,217.74,5882852
2007-08-30,221.38,228.26,218.14,226.24,8256018
2007-08-31,228.67,230.69,225.02,226.64,9831248
2007-09-03,227.86,231.5,225.02,225.02,5625819
2007-09-04,227.45,232.31,226.64,228.26,8124921
2007-09-05,232.31,237.97,231.5,233.12,10766475
2007-09-06,234.33,242.83,231.09,242.83,9511247
2007-09-07,243.24,244.45,237.57,238.78,7296016
2007-09-10,239.59,247.28,238.78,242.83,11280541
2007-09-11,250.52,252.54,241.62,242.83,13110739
2007-09-12,246.47,246.47,238.78,238.78,7772920
2007-09-13,242.02,242.02,236.76,239.19,6426853
2007-09-14,240.81,244.04,240.81,241.21,7421952
2007-09-17,242.43,242.83,229.47,230.69,7727501
2007-09-18,230.69,230.69,230.69,230.69,0
2007-09-19,237.57,237.57,224.62,226.64,11901962
2007-09-20,230.69,234.33,222.59,223.81,9699118
2007-09-21,225.43,232.71,225.02,231.9,6532143
2007-09-26,231.5,235.55,228.67,234.74,6455756
2007-09-27,238.78,241.62,236.76,237.97,6773692
2007-09-28,240.0,240.81,237.57,237.97,5032269
2007-10-01,242.83,245.66,238.78,239.19,4839236
2007-10-02,242.83,248.9,241.62,246.88,11861704
2007-10-03,249.71,252.95,248.09,250.92,12623512
2007-10-04,248.9,250.52,244.45,244.45,7898856
2007-10-05,246.07,248.9,235.14,235.14,12427382
2007-10-08,237.57,240.4,236.76,238.78,6522853
2007-10-09,240.81,240.81,232.71,240.4,6078981
2007-10-11,240.4,245.66,239.59,242.43,9451376
2007-10-12,238.78,240.0,230.69,230.69,8451115
2007-10-15,232.71,233.93,227.86,232.31,4243622
2007-10-16,238.38,244.85,235.14,244.04,12732932
2007-10-17,244.85,250.92,244.04,247.69,13099384
2007-10-18,250.92,252.14,247.69,247.69,6822208
2007-10-19,248.9,251.33,244.45,245.66,7001822
2007-10-22,235.14,240.0,235.14,238.78,7253693
2007-10-23,242.83,252.95,242.02,250.92,13325449
2007-10-24,254.97,265.09,247.69,247.69,18415525
2007-10-25,254.16,259.02,250.12,259.02,11276412
2007-10-26,262.66,262.66,254.16,258.21,9322343
2007-10-29,261.85,262.66,258.21,258.21,6180143
2007-10-30,262.26,265.49,259.02,259.02,7655243
2007-10-31,263.47,263.47,252.14,256.19,10104797
2007-11-01,259.02,261.85,255.38,257.8,8254986
2007-11-02,240.0,240.0,240.0,240.0,2894458
2007-11-05,223.4,223.4,223.4,223.4,3638717
2007-11-06,208.02,216.93,208.02,211.26,48500754
2007-11-07,211.67,214.5,204.79,210.86,24729862
2007-11-08,206.41,208.83,202.76,205.19,17838491
2007-11-09,206.41,209.24,200.74,202.36,18994623
2007-11-12,197.91,203.57,197.5,202.76,13735256
2007-11-13,202.76,206.81,202.36,202.76,9282085
2007-11-14,210.45,214.5,207.62,213.29,12560544
2007-11-15,211.67,212.07,205.6,205.6,10126474
2007-11-16,200.34,203.57,200.34,202.36,9572150
2007-11-19,203.57,205.6,200.74,200.74,4561558
2007-11-20,197.5,202.36,192.65,202.36,12040285
2007-11-21,200.34,200.34,192.24,192.24,14349451
2007-11-22,190.22,191.43,182.12,182.53,21968565
2007-11-23,183.34,185.36,176.46,176.86,14525968
2007-11-26,180.91,185.36,176.86,182.93,16762876
2007-11-27,170.79,180.1,170.79,178.68,13289320
2007-11-28,179.29,182.93,174.43,174.43,8990988
2007-11-29,172.0,173.42,163.1,163.91,38139957
2007-11-30,165.53,171.8,164.72,169.98,20623530
2007-12-03,172.81,175.44,171.2,172.41,10470217
2007-12-04,172.41,174.84,171.8,174.03,7440532
2007-12-05,172.0,179.49,172.0,178.08,10801572
2007-12-06,180.91,180.91,172.0,173.02,9930345
2007-12-07,174.64,176.05,172.0,173.42,8024792
2007-12-10,172.81,173.42,170.79,171.8,6090336
2007-12-11,170.18,171.2,164.32,166.74,11246477
2007-12-12,162.29,165.12,158.65,159.86,13069448
2007-12-13,157.84,162.7,155.82,155.82,16849586
2007-12-14,159.05,159.46,145.7,149.95,22585857
2007-12-17,150.55,153.19,149.75,149.75,12642093
2007-12-18,150.55,157.03,144.89,153.79,15871003
2007-12-19,157.84,164.52,156.63,163.1,13912805
2007-12-20,163.91,164.32,157.03,158.24,8766987
2007-12-21,161.48,165.12,158.65,163.51,7802856
2007-12-24,170.79,174.03,169.98,173.22,8680277
2007-12-25,172.81,173.62,170.39,171.2,5015753
2007-12-26,159.26,159.26,159.26,159.26,2486715
2007-12-27,159.26,165.12,159.26,162.09,14871775
2007-12-28,162.09,166.74,157.03,162.9,15677970
2007-12-31,163.71,170.39,161.68,170.39,12163124
2008-01-02,170.39,173.62,165.93,165.93,13483385
2008-01-03,158.45,160.67,156.63,157.84,15271260
2008-01-04,155.61,157.44,147.11,148.53,21960307
2008-01-07,139.22,140.03,138.21,138.21,15401325
2008-01-08,132.75,135.58,129.71,130.93,25242895
2008-01-09,129.51,137.0,129.51,136.59,17927266
2008-01-10,138.82,144.69,138.41,138.82,17810620
2008-01-11,142.87,143.88,140.03,140.84,9960280
2008-01-14,144.08,144.89,133.96,135.38,14884162
2008-01-15,135.78,141.85,134.37,136.39,12834093
2008-01-16,132.34,135.18,129.91,129.91,15201066
2008-01-17,134.37,135.18,130.32,131.13,13212933
2008-01-18,129.51,131.94,126.27,131.94,14937840
2008-01-21,131.53,136.59,131.13,133.15,13169578
2008-01-22,123.84,126.88,123.84,123.84,12455253
2008-01-23,126.27,127.49,118.58,118.99,16780425
2008-01-24,122.22,124.65,117.98,119.8,14569323
2008-01-25,126.27,128.09,126.27,128.09,4855752
2008-01-28,136.59,137.0,132.54,135.18,24143538
2008-01-29,137.4,137.4,133.15,135.99,9201569
2008-01-30,134.37,137.6,132.95,136.39,9760022
2008-01-31,126.88,126.88,126.88,126.88,3369297
2008-02-01,118.18,122.43,118.18,119.8,28705097
2008-02-12,117.37,117.37,111.5,111.5,21274886
2008-02-13,115.34,117.57,113.73,115.34,12114608
2008-02-14,123.24,123.24,123.24,123.24,4226074
2008-02-15,126.47,131.74,125.87,131.74,20397465
2008-02-18,134.37,136.79,133.96,135.99,16937328
2008-02-19,137.2,137.4,133.15,135.18,8774213
2008-02-20,134.16,136.39,133.15,133.15,9378085
2008-02-21,134.77,139.63,134.77,139.63,11979381
2008-02-22,138.01,139.43,137.0,139.43,7388919
2008-02-25,141.65,143.47,138.01,138.01,10076926
2008-02-26,140.84,141.04,138.82,139.63,9282085
2008-02-27,141.65,145.9,141.25,144.08,14708678
2008-02-29,142.06,145.09,142.06,144.08,7034854
2008-03-03,139.22,140.44,134.37,137.4,8392277
2008-03-04,139.63,144.89,138.62,144.89,8234341
2008-03-05,146.51,148.94,141.65,142.87,12508931
2008-03-06,144.89,152.38,144.48,152.17,13588675
2008-03-07,150.55,156.22,149.75,152.98,14525968
2008-03-10,151.77,154.6,148.94,148.94,12269447
2008-03-11,145.7,153.59,145.7,153.39,10954347
2008-03-12,159.86,159.86,153.79,153.79,11454993
2008-03-13,154.2,157.44,148.94,149.14,10442346
2008-03-14,151.36,152.17,149.14,149.34,7481823
2008-03-17,145.7,145.9,140.84,141.65,11278477
2008-03-18,142.46,144.89,141.65,144.89,7721307
2008-03-19,148.13,152.58,147.92,151.36,9423505
2008-03-20,152.98,153.79,147.72,153.39,12079511
2008-03-21,156.22,160.67,155.21,160.67,15779132
2008-03-24,171.8,171.8,163.1,164.72,15227905
2008-03-25,166.34,169.17,165.73,165.93,10309184
2008-03-26,165.93,167.55,159.86,159.86,11586090
2008-03-27,160.27,163.71,159.46,162.7,8410857
2008-03-28,161.89,165.12,161.08,163.51,10540410
2008-03-31,163.51,164.52,161.28,161.89,7266080
2008-04-01,163.91,167.15,161.89,161.89,8096018
2008-04-02,165.93,169.17,163.91,168.77,13937579
2008-04-03,167.96,169.17,166.14,167.15,7217564
2008-04-07,163.91,164.92,160.47,162.9,13313062
2008-04-08,159.86,164.92,159.66,164.92,10189442
2008-04-09,165.53,165.93,162.29,164.32,5764142
2008-04-10,164.72,167.15,164.32,166.74,4434590
2008-04-11,169.17,171.4,167.96,167.96,11452929
2008-04-14,168.36,171.2,167.96,168.36,6777821
2008-04-15,172.0,179.9,171.6,175.44,16330359
2008-04-16,177.27,178.89,169.98,170.18,17091135
2008-04-17,172.0,173.62,158.45,159.86,33692979
2008-04-18,150.96,154.6,149.75,150.55,29611421
2008-04-21,152.58,156.63,152.58,156.63,15450873
2008-04-22,157.44,159.86,155.21,158.24,10762346
2008-04-23,159.86,163.51,158.24,160.67,11921575
2008-04-24,161.89,163.1,157.84,157.84,9569053
2008-04-25,159.86,160.27,158.24,158.24,5940658
2008-04-28,158.24,161.28,156.22,161.08,9732151
2008-04-29,161.08,164.11,160.67,161.89,11560284
2008-04-30,162.7,163.91,159.46,159.86,7395113
2008-05-02,166.74,169.17,166.34,168.97,17187135
2008-05-05,169.37,169.78,165.53,166.74,9393569
2008-05-06,166.74,167.76,164.72,166.74,5940658
2008-05-07,168.16,171.4,168.16,168.56,11716155
2008-05-08,167.15,170.39,167.15,167.76,7664533
2008-05-09,167.96,168.97,162.29,162.29,8587374
2008-05-12,162.7,163.51,159.26,161.08,7254726
2008-05-13,161.89,167.76,161.89,165.93,8685439
2008-05-14,167.55,168.77,164.72,164.72,7426081
2008-05-15,165.73,167.35,164.72,167.15,7299113
2008-05-16,169.17,171.2,167.96,168.77,11004928
2008-05-19,169.58,169.98,167.76,169.17,4529558
2008-05-20,169.98,172.41,165.93,165.93,11980414
2008-05-21,165.12,167.35,164.72,165.12,6234852
2008-05-22,161.89,163.71,161.48,162.9,7177306
2008-05-23,160.27,161.68,153.79,153.79,14525968
2008-05-26,150.96,153.39,147.32,149.14,11304283
2008-05-27,150.96,155.01,150.55,155.01,6222465
2008-05-28,154.2,154.6,151.77,151.97,5742464
2008-05-29,154.6,155.21,152.38,153.79,4091880
2008-05-30,154.6,155.41,148.13,153.79,9859119
2008-06-02,151.97,152.38,146.51,148.94,11779123
2008-06-03,145.7,147.32,144.89,146.1,7753307
2008-06-04,146.1,148.73,145.7,147.72,7397178
2008-06-05,147.72,149.75,145.7,149.75,6827370
2008-06-06,150.96,153.39,150.76,150.96,7691372
2008-06-09,146.91,150.15,146.1,149.75,5022979
2008-06-10,148.53,150.76,145.7,145.7,7353823
2008-06-11,145.7,146.91,142.06,142.66,8225050
2008-06-12,139.63,140.03,132.75,133.15,16223004
2008-06-13,136.79,136.79,131.94,131.94,7504533
2008-06-16,133.56,135.18,126.68,129.91,8199244
2008-06-17,131.53,137.2,127.89,137.2,7407500
2008-06-18,136.39,140.03,135.58,138.01,7895759
2008-06-19,134.77,136.39,133.96,133.96,6637434
2008-06-20,135.58,139.22,134.77,134.97,7883372
2008-06-23,131.53,135.99,129.71,135.78,7097822
2008-06-24,135.99,137.2,129.1,129.1,7341435
2008-06-25,129.91,134.77,127.89,134.77,8592535
2008-06-26,135.58,141.65,135.58,139.83,13033319
2008-06-27,135.78,141.04,134.77,140.23,16591521
2008-06-30,141.65,143.27,136.79,141.65,9408021
2008-07-01,141.04,141.65,136.79,136.79,7250597
2008-07-02,134.77,138.82,130.32,130.32,12948674
2008-07-03,126.68,135.78,126.27,133.76,10722088
2008-07-04,134.97,134.97,129.51,130.72,9181956
2008-07-07,127.89,130.32,126.27,128.9,9548408
2008-07-08,126.88,127.28,120.0,120.2,13295513
2008-07-09,121.42,126.47,121.42,123.03,9664021
2008-07-10,123.03,124.25,121.42,122.02,7833824
2008-07-11,121.82,125.26,121.62,124.25,6050078
2008-07-14,122.63,127.49,122.22,124.25,10206990
2008-07-15,122.22,123.24,116.56,116.56,15496293
2008-07-16,118.74,122.02,115.89,117.64,20743323
2008-07-17,125.08,125.73,122.02,125.73,11869972
2008-07-18,130.76,134.48,129.67,132.95,21738790
2008-07-21,136.88,142.13,136.45,141.48,14398499
2008-07-22,139.95,143.44,138.2,142.13,10179518
2008-07-23,144.32,145.19,139.73,142.57,11721776
2008-07-24,142.57,145.63,140.16,143.01,10013947
2008-07-25,140.38,141.91,138.2,141.91,8280568
2008-07-28,142.2,142.2,142.2,142.2,0
2008-07-29,138.2,139.95,137.76,139.95,7767504
2008-07-30,141.7,141.7,138.2,139.29,12207245
2008-07-31,140.38,143.01,138.2,139.95,12536342
2008-08-01,138.42,142.13,136.01,142.13,7788966
2008-08-04,142.13,143.01,139.95,141.04,4345714
2008-08-05,143.01,143.66,140.38,143.01,10424808
2008-08-06,147.38,151.75,146.51,151.75,13014657
2008-08-07,151.84,153.81,150.3,152.5,12896816
2008-08-08,152.19,160.72,151.1,157.44,15647432
2008-08-11,160.94,162.91,158.97,161.81,15337754
2008-08-12,162.91,166.19,160.06,164.0,15038296
2008-08-13,163.12,163.34,158.31,161.16,12075402
2008-08-14,159.63,160.94,157.88,159.63,6651436
2008-08-15,160.5,162.69,155.69,155.69,8956136
2008-08-18,156.56,159.19,153.94,153.94,8055719
2008-08-19,150.88,155.69,150.88,154.81,7898325
2008-08-20,154.82,158.31,151.1,158.09,7401613
2008-08-21,157.44,158.53,154.81,154.81,5249197
2008-08-22,155.91,157.88,153.5,156.56,7793055
2008-08-25,159.63,159.84,157.44,159.63,6533901
2008-08-26,157.0,159.63,157.0,158.09,4613488
2008-08-27,158.75,165.31,158.75,165.31,14649921
2008-08-28,164.44,165.31,161.37,162.25,9225955
2008-08-29,163.78,165.31,159.63,160.28,7833936
2008-09-01,158.75,159.41,151.75,153.94,10113085
2008-09-02,154.82,156.78,150.0,153.28,11451958
2008-09-03,148.69,150.44,146.29,148.69,15005591
2008-09-04,148.69,150.88,147.38,148.69,8771147
2008-09-05,146.07,155.25,143.01,149.13,27262917
2008-09-08,156.56,159.19,153.94,158.31,14095975
2008-09-09,154.81,155.69,148.69,150.88,13233373
2008-09-10,150.88,153.5,150.44,153.07,13190448
2008-09-11,150.88,152.19,146.72,146.72,12943114
2008-09-12,148.69,150.0,140.82,146.07,14284031
2008-09-15,142.13,146.07,140.6,140.6,8424675
2008-09-16,137.32,140.82,135.57,137.98,13562470
2008-09-17,143.44,146.94,139.95,141.26,8150769
2008-09-18,135.79,142.35,134.7,142.35,12932894
2008-09-19,149.57,152.19,148.04,152.19,16211598
2008-09-22,155.69,155.69,150.88,152.19,8845756
2008-09-23,152.19,153.5,151.97,153.28,9316916
2008-09-24,153.28,154.82,152.19,152.19,9554029
2008-09-25,150.44,153.5,150.22,153.28,5660057
2008-09-26,153.94,153.94,147.82,147.82,9876994
2008-09-29,148.11,148.11,148.11,148.11,0
2008-09-30,137.54,142.57,137.54,142.13,8454314
2008-10-01,146.07,146.07,141.26,142.13,3919523
2008-10-02,132.51,142.79,132.29,135.57,11292519
2008-10-03,144.98,144.98,126.39,139.73,9649079
2008-10-06,130.11,134.7,130.11,130.11,7827804
2008-10-07,139.07,139.07,124.86,130.76,6275325
2008-10-08,121.8,128.79,121.8,122.02,7088869
2008-10-09,130.54,130.54,120.7,123.33,7099089
2008-10-13,119.17,123.33,119.17,120.92,8036300
2008-10-14,129.23,129.23,129.23,129.23,4678899
2008-10-15,138.2,138.2,127.7,133.82,7710269
2008-10-16,143.01,143.01,129.23,129.23,7941250
2008-10-17,138.2,138.2,129.01,129.23,5573184
2008-10-20,138.2,138.2,125.3,133.17,6340736
2008-10-21,142.35,142.35,134.04,134.48,8587180
2008-10-22,143.88,143.88,132.07,133.39,4770882
2008-10-23,128.79,131.2,128.79,131.2,6669833
2008-10-24,140.38,140.38,126.61,126.61,5310519
2008-10-27,135.35,135.35,117.86,117.86,7183919
2008-10-28,125.95,125.95,109.77,120.27,11495905
2008-10-29,128.58,128.58,120.27,121.58,13964132
2008-10-30,113.27,129.67,113.27,129.01,12889968
2008-10-31,120.05,132.51,120.05,129.45,11721776
2008-11-03,120.48,130.32,120.48,129.45,9497817
2008-11-04,138.42,138.42,125.51,126.39,6125085
2008-11-05,135.14,135.14,121.14,122.45,11862818
2008-11-06,113.92,116.33,113.92,113.92,8333714
2008-11-07,121.8,121.8,106.05,108.9,16092019
2008-11-10,101.46,111.96,101.46,109.55,7403657
2008-11-11,101.9,108.46,101.9,103.65,8739464
2008-11-12,96.43,106.05,96.43,104.08,7936140
2008-11-13,111.3,111.3,96.87,96.87,9722666
2008-11-14,90.09,99.93,90.09,96.65,7164500
2008-11-17,103.21,103.21,90.09,95.56,5784746
2008-11-18,102.12,102.12,89.0,89.0,7642815120
2008-11-19,82.87,89.65,82.87,88.78,9511104240
2008-11-20,82.66,85.72,82.66,82.66,7369930440
2008-11-21,88.34,88.34,78.72,87.9,9632727000
2008-11-24,81.78,86.15,81.78,83.75,7998485
2008-11-25,89.43,89.43,85.94,89.43,8268303
2008-11-26,95.56,95.56,89.22,92.06,8895836
2008-11-27,98.4,98.4,94.03,97.31,8630105760
2008-11-28,97.31,98.4,96.21,97.09,4403970
2008-12-01,103.87,103.87,96.21,98.18,8887659
2008-12-02,104.96,104.96,91.4,91.4,10300119
2008-12-03,97.74,97.74,85.06,85.06,13968220
2008-12-04,90.96,90.96,85.28,85.28,8683251840
2008-12-05,91.18,91.18,79.38,79.38,6877307
2008-12-08,79.38,84.84,77.41,83.97,21424002
2008-12-09,78.28,87.47,78.28,84.4,15977551320
2008-12-10,90.31,90.31,78.5,90.31,13215999240
2008-12-11,96.43,96.43,90.31,91.84,16288251480
2008-12-12,98.18,98.18,87.47,91.62,14291185320
2008-12-15,97.96,97.96,95.34,97.96,9101266
2008-12-16,104.74,104.74,95.12,99.06,9952625
2008-12-17,92.28,105.83,92.28,100.15,20551180
2008-12-18,93.15,103.65,93.15,103.65,8100689
2008-12-19,110.86,110.86,102.77,102.77,5930898120
2008-12-22,109.77,109.77,101.68,103.65,11295586
2008-12-23,103.65,103.65,96.43,96.43,6434763
2008-12-24,102.99,102.99,92.06,96.43,6224223600
2008-12-25,89.87,96.43,89.87,94.03,2987422920
2008-12-26,100.59,100.59,93.15,95.56,4614510600
2008-12-29,89.0,94.03,89.0,93.59,3909303000
2008-12-30,87.25,99.06,87.25,97.09,7081715160
2008-12-31,103.87,103.87,95.56,96.43,4066697160
2009-01-02,96.43,96.43,96.43,96.43,0
2009-01-05,96.43,102.99,89.87,102.99,11260836720
2009-01-06,102.77,105.83,102.55,105.83,9183029
2009-01-07,113.05,113.05,109.33,112.61,12996260
2009-01-08,104.96,110.86,104.96,106.27,13176139
2009-01-09,98.84,110.64,98.84,108.46,9799319
2009-01-12,115.02,115.02,107.58,109.77,6566607
2009-01-13,117.42,117.42,108.02,115.46,9333269
2009-01-14,123.33,123.33,108.46,108.46,13004436
2009-01-15,115.89,115.89,101.9,102.77,9882104
2009-01-16,109.77,109.77,103.65,105.18,6388772
2009-01-19,103.87,109.33,103.87,109.33,8110909440
2009-01-20,116.99,116.99,105.4,106.71,7019370
2009-01-21,114.14,114.14,104.3,104.96,7252395
2009-02-02,112.18,112.18,105.62,110.21,12135702
2009-02-03,117.86,117.86,108.68,109.33,11702358
2009-02-04,101.68,111.96,101.68,107.58,7786922
2009-02-05,115.02,115.02,107.58,107.58,7330070
2009-02-06,115.02,115.02,108.9,111.74,11325225
2009-02-09,104.08,119.39,104.08,119.39,17824377
2009-02-10,127.7,127.7,117.86,120.27,8073093
2009-02-11,128.58,128.58,117.2,123.76,8762970
2009-02-12,115.24,123.76,115.24,119.17,9944449
2009-02-13,110.86,127.48,110.86,127.26,12657965
2009-02-16,127.26,128.14,125.08,126.83,9209602
2009-02-17,118.08,135.57,118.08,120.7,10210179
2009-02-18,112.39,123.55,112.39,123.55,8770125
2009-02-19,132.07,132.07,120.48,125.95,9295453
2009-02-20,134.7,134.7,122.89,122.89,6644282
2009-02-23,122.89,131.42,121.8,127.48,6834381
2009-02-24,118.74,129.01,118.74,127.7,9394591
2009-02-25,136.45,136.45,127.26,127.26,8095578
2009-02-26,118.52,130.32,118.52,127.7,4581805
2009-02-27,118.95,132.95,118.95,132.95,10666009
2009-03-02,142.13,142.13,126.61,127.26,10043587
2009-03-03,118.52,129.01,118.52,128.79,9461024
2009-03-04,119.83,133.39,119.83,131.42,15820157
2009-03-05,140.6,140.6,129.45,130.32,15776209
2009-03-06,121.36,132.73,121.36,130.32,9366996
2009-03-09,139.29,139.29,126.83,127.7,8229466
2009-03-10,136.45,136.45,125.95,128.14,6827227
2009-03-11,137.1,137.1,129.23,130.76,8136460
2009-03-12,139.73,139.73,131.42,132.51,7841090
2009-03-13,141.7,141.7,123.33,133.82,15299938
2009-03-16,143.01,143.01,132.73,133.6,5811319
2009-03-17,142.79,142.79,132.51,135.79,7742975
2009-03-18,126.39,137.1,126.39,134.04,8380728
2009-03-19,124.86,136.67,124.86,134.7,9326115
2009-03-20,144.1,144.1,131.64,131.64,6083182
2009-03-23,140.82,140.82,131.86,134.7,6546166
2009-03-24,134.7,142.57,134.7,140.38,18989503
2009-03-25,130.76,149.57,130.76,148.47,14210444
2009-03-26,158.75,158.75,145.41,145.85,8886637
2009-03-27,145.85,148.47,141.26,141.7,12603797
2009-03-30,141.7,141.7,137.1,137.1,8003595
2009-03-31,137.1,141.04,137.1,139.51,8220267
2009-04-02,128.36,141.04,128.36,139.51,8604554
2009-04-03,129.89,141.04,129.89,140.16,11649211
2009-04-06,130.54,141.26,130.54,132.73,15139478
2009-04-07,141.91,141.91,130.11,133.17,12795940
2009-04-08,123.98,132.73,123.98,128.36,18271009
2009-04-09,119.39,137.32,119.39,137.32,16713420
2009-04-10,127.92,139.95,127.92,135.14,13292652
2009-04-13,125.73,137.32,125.73,136.45,8797720
2009-04-14,145.85,145.85,135.57,141.48,19797936
2009-04-15,131.64,143.01,131.64,138.63,12917563
2009-04-16,148.26,148.26,129.01,141.26,13756658
2009-04-17,131.42,144.32,131.42,136.01,16608150
2009-04-20,126.61,140.82,126.61,139.73,9925030
2009-04-21,139.73,140.16,130.11,139.07,13348864
2009-04-22,148.69,148.69,136.88,136.88,9717556
2009-04-23,127.48,137.32,127.48,136.01,8499284
2009-04-24,126.61,141.48,126.61,137.76,14506835
2009-04-27,137.76,141.91,137.76,139.07,18373213
2009-04-28,129.45,145.63,129.45,143.44,19944088
2009-04-29,133.6,145.19,133.6,140.82,11428451
2009-04-30,130.98,150.66,130.98,150.66,8162011
2009-05-04,140.16,161.16,140.16,161.16,4222047
2009-05-05,150.0,172.31,150.0,172.31,37313658
2009-05-06,172.31,177.12,169.68,177.12,26258251
2009-05-07,164.87,175.81,164.87,174.28,13192492
2009-05-08,186.3,186.3,169.9,174.93,14492527
2009-05-11,187.18,187.18,162.69,175.15,12963555
2009-05-12,162.91,172.09,162.91,166.4,17671071
2009-05-13,166.4,168.37,164.65,166.62,12810249
2009-05-14,155.03,169.25,155.03,166.62,10750838
2009-05-15,155.03,170.56,155.03,167.5,9188139
2009-05-18,167.5,173.62,167.5,171.65,10072204
2009-05-19,171.65,178.21,171.65,173.62,15556470
2009-05-20,173.62,179.31,172.75,176.24,14064292
2009-05-21,176.24,178.43,174.93,176.24,10591400
2009-05-22,176.24,186.3,175.81,182.15,17905118
2009-05-25,169.47,185.43,169.47,175.37,18910806
2009-05-26,175.37,178.21,170.56,172.75,13973330
2009-05-27,172.75,181.27,172.75,174.93,16489593
2009-06-01,174.93,187.18,174.93,177.99,11630815
2009-06-02,177.99,181.93,175.81,177.99,12022256
2009-06-03,190.24,190.24,178.21,178.43,9452847
2009-06-04,190.89,190.89,174.06,175.37,12561893
2009-06-05,187.61,187.61,177.12,177.99,9445693
2009-06-08,165.75,181.49,165.75,173.62,10259237
2009-06-09,185.65,185.65,164.44,167.06,13191470
2009-06-10,167.06,178.65,167.06,170.12,7811451
2009-06-11,169.68,172.31,167.5,170.12,9300564
2009-06-12,169.68,171.43,165.75,166.19,7825760
2009-06-15,161.81,162.69,155.47,161.16,14427116
2009-06-16,155.25,158.53,153.07,153.5,14820602
2009-06-17,155.69,158.31,154.38,154.38,8928541
2009-06-18,158.31,161.37,156.78,160.94,13769944
2009-06-19,161.81,166.19,159.63,165.75,8616819
2009-06-22,166.19,167.5,163.12,166.62,7576382
2009-06-23,165.31,165.31,164.0,164.0,4848557
2009-06-24,164.87,173.18,164.87,169.03,9524390
2009-06-25,171.43,173.18,170.12,171.21,6214003
2009-06-26,172.09,172.31,169.25,170.56,5684586
2009-06-29,171.43,171.43,166.4,166.4,6697428
2009-06-30,170.12,171.87,168.81,171.43,7477244
2009-07-01,172.53,175.37,170.78,174.49,7539589
2009-07-02,177.12,179.74,176.24,177.34,9932184
2009-07-03,177.12,180.18,177.12,178.43,6923298
2009-07-06,180.62,182.37,178.21,181.49,6053542
2009-07-07,183.68,193.3,183.46,190.68,16623480
2009-07-08,190.68,195.71,188.49,194.61,12229730
2009-07-09,194.61,195.92,190.68,190.68,9777856
2009-07-10,190.68,191.99,185.43,186.08,8274435
2009-07-13,187.61,188.93,183.68,188.05,7083759
2009-07-14,189.8,194.61,187.18,192.86,9195293
2009-07-15,194.61,198.55,192.86,195.05,10130460
2009-07-16,196.8,199.42,194.61,195.71,12865439
2009-07-17,199.73,204.48,199.05,201.54,13119240
2009-07-20,205.84,206.29,200.41,200.41,10068420
2009-07-21,201.76,205.38,198.15,204.48,8561880
2009-07-22,205.38,207.19,203.35,204.48,7425600
2009-07-23,205.84,205.84,202.67,202.67,4704240
2009-07-24,204.48,205.61,198.15,199.28,8029440
2009-07-27,199.95,205.38,199.95,203.57,6258720
2009-07-28,205.84,210.81,204.93,209.45,9569640
2009-07-29,212.62,216.01,211.72,216.01,13571100
2009-07-30,215.79,219.41,210.13,218.95,17189040
2009-07-31,218.5,218.73,212.17,213.3,8487420
2009-08-03,214.43,215.56,210.36,214.88,7205280
2009-08-04,218.05,219.18,202.9,204.93,12488880
2009-08-05,213.98,219.18,209.45,214.43,19757400
2009-08-06,215.79,218.05,211.26,213.98,11641260
2009-08-07,213.98,213.98,213.98,213.98,0
2009-08-10,216.24,225.29,213.98,223.93,12974400
2009-08-11,225.06,227.1,222.12,226.19,8749560
2009-08-12,226.19,227.1,220.76,225.74,7311360
2009-08-13,225.29,225.97,223.03,225.74,5932320
2009-08-14,226.19,230.26,218.73,218.73,6203640
2009-08-17,220.76,221.44,217.15,217.6,5266260
2009-08-18,214.43,216.69,210.36,213.98,7258320
2009-08-19,216.69,216.69,213.07,213.53,5506980
2009-08-20,213.98,216.47,209.91,215.79,6482100
2009-08-21,218.05,219.18,208.1,208.55,7854000
2009-08-24,210.81,212.62,206.74,208.78,10062300
2009-08-25,209.68,213.53,209.0,211.72,7194060
2009-08-26,213.07,213.07,204.25,206.74,9115740
2009-08-27,205.38,210.59,204.03,209.23,6045540
2009-08-28,210.36,214.88,208.32,214.43,7510260
2009-08-31,215.56,218.05,214.88,216.24,6107760
2009-09-01,216.69,231.17,216.69,231.17,14920560
2009-09-02,229.81,232.07,228.0,228.0,8948460
2009-09-03,230.26,234.34,228.91,233.88,11766720
2009-09-04,237.5,240.67,235.24,239.31,10905840
2009-09-07,237.05,237.96,232.07,234.34,10002120
2009-09-08,233.43,235.24,228.91,229.81,11968680
2009-09-09,228.46,232.07,223.93,223.93,13390560
2009-09-10,231.62,232.07,224.38,226.19,8231400
2009-09-11,220.76,224.61,220.76,222.57,5694660
2009-09-14,223.93,227.55,223.03,227.1,6229140
2009-09-15,227.55,228.91,226.19,228.91,4561440
2009-09-16,229.81,231.62,227.55,230.72,5918040
2009-09-17,233.43,233.88,230.72,231.62,6019020
2009-09-18,232.53,233.43,230.26,232.98,4866420
2009-09-21,230.72,232.07,226.19,227.55,3468000
2009-09-22,230.26,230.26,226.65,226.65,2973300
2009-09-23,228.91,231.62,227.55,229.36,5497800
2009-09-24,228.0,230.26,227.55,229.36,2843760
2009-09-25,228.46,231.17,227.1,230.26,4394160
2009-09-28,231.62,233.88,229.36,229.81,3703620
2009-09-29,231.17,234.34,231.17,234.34,5191800
2009-09-30,235.24,242.48,234.79,242.48,10939500
2009-10-01,244.29,244.29,238.41,242.48,5866020
2009-10-02,237.05,239.76,235.24,237.05,4093260
2009-10-05,237.05,238.86,235.24,238.86,2952900
2009-10-06,239.76,240.67,236.6,239.76,5671200
2009-10-07,238.86,238.86,229.36,232.07,11960520
2009-10-08,230.72,232.07,221.9,221.9,13772040
2009-10-09,221.67,228.0,221.22,228.0,10609020
2009-10-12,229.36,229.81,223.93,227.1,3346620
2009-10-13,225.51,229.81,223.93,227.1,4614480
2009-10-14,228.91,230.72,227.55,229.81,5773200
2009-10-15,232.53,232.53,229.81,231.62,6011880
2009-10-16,232.07,238.86,231.17,238.41,9153480
2009-10-19,239.76,239.76,233.43,234.34,5104080
2009-10-20,235.24,237.05,234.79,235.24,3867840
2009-10-21,234.34,234.34,227.55,233.43,13626180
2009-10-22,226.19,229.36,223.03,223.25,12610260
2009-10-23,221.67,222.57,215.11,215.11,15013380
2009-10-26,215.34,218.5,209.0,211.26,10486620
2009-10-27,211.26,214.88,211.26,212.85,9301380
2009-10-28,212.62,217.15,211.49,212.62,8902560
2009-10-29,210.36,213.98,209.0,213.3,10284660
2009-10-30,214.66,215.56,210.36,210.36,6903360
2009-11-02,210.36,220.76,210.36,220.09,10816080
2009-11-03,220.31,222.12,219.41,219.41,7621440
2009-11-04,221.67,222.57,220.54,221.44,3353760
2009-11-05,221.44,221.44,215.56,217.15,5137740
2009-11-06,217.6,219.18,215.34,216.01,3883140
2009-11-09,218.96,219.41,216.92,219.41,2645880
2009-11-10,222.57,227.55,221.67,227.55,9984780
2009-11-11,228.46,234.34,226.19,232.98,9248340
2009-11-12,232.98,232.98,229.36,230.26,5898660
2009-11-13,228.46,232.07,227.55,229.81,5196900
2009-11-16,231.62,235.24,230.26,235.24,6209760
2009-11-17,236.15,237.5,228.46,228.46,6505560
2009-11-18,228.91,232.53,228.91,230.26,4339080
2009-11-19,230.26,237.96,230.26,235.24,9232020
2009-11-20,234.79,246.1,231.17,239.31,17592960
2009-11-23,239.31,240.67,235.69,237.5,8661840
2009-11-24,238.41,238.86,232.07,232.98,7359300
2009-11-25,230.72,235.24,230.26,231.17,6168960
2009-11-26,231.62,235.69,231.62,233.88,4195260
2009-11-27,229.36,232.07,228.0,228.0,6027180
2009-11-30,230.72,232.07,229.36,229.36,3469020
2009-12-01,228.46,231.62,227.1,230.72,3949440
2009-12-02,232.98,235.24,230.26,230.72,4902120
2009-12-03,231.17,232.98,228.46,228.91,3410880
2009-12-04,232.98,232.98,227.55,227.55,4429860
2009-12-07,231.17,239.76,230.72,239.31,10603920
2009-12-08,238.86,240.67,236.15,240.22,6709560
2009-12-09,237.5,240.22,237.5,238.86,4958220
2009-12-10,238.86,240.67,231.62,234.34,6055740
2009-12-11,236.15,236.15,232.07,235.24,4029000
2009-12-14,235.24,237.96,234.79,237.5,2797860
2009-12-15,239.76,241.57,236.6,236.6,3995340
2009-12-16,237.96,238.86,235.69,237.5,3396600
2009-12-17,238.86,240.22,237.05,238.86,4994940
2009-12-18,238.86,239.76,237.05,239.31,3995340
2009-12-21,240.67,240.67,237.05,238.86,4086120
2009-12-22,239.76,244.29,239.31,242.48,6451500
2009-12-23,242.48,244.74,241.12,244.29,3542460
2009-12-24,246.1,247.46,243.38,246.55,3947400
2009-12-25,248.36,248.36,245.65,246.55,2035920
2009-12-28,245.65,247.0,244.74,246.55,2445960
2009-12-29,245.65,246.55,244.29,245.19,2250120
2009-12-30,245.19,251.53,244.74,251.07,7350120
2009-12-31,251.07,252.43,250.17,252.43,3039600
2010-01-04,252.43,256.5,251.98,256.5,4473720
2010-01-05,257.86,259.67,253.34,256.96,5757900
2010-01-06,256.96,260.12,254.24,260.12,5451900
2010-01-07,260.12,260.12,253.34,253.79,4554300
2010-01-08,253.34,253.34,246.55,248.81,7581660
2010-01-11,248.81,252.88,247.0,252.43,3232380
2010-01-12,251.98,252.88,251.07,252.43,2768280
2010-01-13,251.07,251.07,245.65,247.46,5869080
2010-01-14,248.81,261.48,247.91,259.22,7071660
2010-01-15,260.57,266.91,259.22,264.19,7899900
2010-01-18,263.29,266.91,261.93,265.1,3129360
2010-01-19,266.0,266.0,257.41,257.86,3589380
2010-01-20,260.12,262.84,258.76,260.57,4033080
2010-01-21,255.15,255.6,247.91,248.81,7060440
2010-01-22,240.67,243.38,232.07,236.6,12157380
2010-01-25,234.34,239.76,234.34,237.96,4003500
2010-01-26,237.96,238.86,230.72,233.43,6191400
2010-01-27,237.05,241.12,234.79,236.15,5194860
2010-01-28,238.41,239.31,234.34,236.6,5024520
2010-01-29,231.17,235.24,226.19,235.24,7769340
2010-02-01,237.5,237.5,228.46,228.46,3831120
2010-02-02,232.98,232.98,223.93,225.29,7111440
2010-02-03,228.91,231.17,226.19,230.26,5626320
2010-02-04,230.72,232.98,229.36,232.98,3196680
2010-02-05,228.46,231.17,226.19,231.17,6535140
2010-02-08,232.07,232.07,228.46,228.91,2867220
2010-02-09,228.91,236.15,228.91,231.62,4499220
2010-02-10,237.5,237.5,232.98,234.34,3344580
2010-02-22,239.76,242.03,238.86,239.31,5473320
2010-02-23,240.22,241.57,236.6,241.57,4087140
2010-02-24,239.76,240.22,237.5,238.86,3353760
2010-02-25,236.6,236.6,228.0,229.36,9456420
2010-02-26,229.36,229.36,224.38,228.46,9937860
2010-03-01,228.46,237.05,225.29,234.34,7923360
2010-03-02,236.6,236.6,232.98,233.43,3777060
2010-03-03,236.15,237.5,233.88,237.5,4537980
2010-03-04,237.96,237.96,232.53,232.53,2937600
2010-03-05,233.88,235.69,229.81,230.26,6063900
2010-03-08,233.43,238.86,232.98,238.86,7593900
2010-03-09,238.86,242.03,237.5,240.67,4328880
2010-03-10,242.03,243.38,240.67,243.38,4581840
2010-03-11,245.65,247.0,242.93,247.0,5335620
2010-03-12,247.0,247.0,242.48,243.38,3330300
2010-03-15,242.48,243.84,238.86,239.76,3939240
2010-03-16,242.03,242.48,240.22,240.67,3311940
2010-03-17,243.38,247.91,242.93,247.46,5627340
2010-03-18,247.0,247.46,244.29,244.74,5307060
2010-03-19,246.1,247.0,243.38,243.84,4196280
2010-03-22,243.38,243.84,238.86,239.76,3078360
2010-03-23,240.67,242.03,233.43,234.79,9111660
2010-03-24,236.6,237.5,235.24,235.24,3226260
2010-03-25,236.6,243.38,235.24,242.03,5136720
2010-03-26,241.12,253.34,241.12,253.34,12110460
2010-03-29,253.34,254.24,249.72,252.43,5936400
2010-03-30,251.53,251.53,247.46,248.81,3957600
2010-03-31,248.81,252.43,247.91,249.26,5877240
2010-04-01,251.07,256.5,251.07,256.05,6416820
2010-04-02,257.86,257.86,252.43,253.34,2535720
2010-04-06,257.41,260.12,255.6,257.86,3971880
2010-04-07,257.41,260.12,255.6,256.5,3256860
2010-04-08,251.98,255.15,247.91,248.81,5008200
2010-04-09,249.72,251.98,247.46,251.98,3070200
2010-04-12,253.79,254.24,247.0,248.81,3139560
2010-04-13,248.81,248.81,244.29,246.1,3835200
2010-04-14,248.81,251.07,247.0,249.26,3118140
2010-04-15,252.88,252.88,249.26,250.62,2958000
2010-04-16,250.17,250.17,246.55,247.0,1874760
2010-04-19,244.29,246.55,239.76,240.22,4602240
2010-04-20,242.03,242.93,237.5,237.5,8552700
2010-04-21,240.22,248.81,239.31,248.81,7845840
2010-04-22,248.36,254.69,247.46,253.34,8928060
2010-04-23,255.6,258.31,252.43,254.69,5958840
2010-04-26,257.86,261.93,257.86,261.93,6658560
2010-04-27,261.93,261.93,259.22,260.57,4508400
2010-04-28,254.69,257.86,254.69,257.41,3180360
2010-04-29,254.69,256.96,248.36,248.81,6692220
2010-04-30,246.55,247.0,239.76,241.57,11397480
2010-05-03,241.57,246.55,241.57,243.38,5283600
2010-05-04,244.74,245.65,240.22,244.29,3649560
2010-05-05,239.76,243.38,236.15,242.03,7049220
2010-05-06,241.12,241.57,235.24,237.05,4947000
2010-05-07,230.72,241.12,230.72,239.31,5917020
2010-05-10,240.67,241.12,237.96,241.12,3116100
2010-05-11,242.48,243.38,237.05,237.05,3463920
2010-05-12,237.96,239.76,236.15,236.15,2187900
2010-05-13,237.96,241.12,234.79,238.41,4347240
2010-05-14,237.96,241.57,237.05,237.5,3016140
2010-05-17,236.15,238.86,234.34,235.24,3037560
2010-05-18,234.34,236.15,233.43,233.43,3428220
2010-05-19,232.07,233.88,227.1,232.98,6257700
2010-05-20,231.62,233.88,227.55,227.55,4249320
2010-05-21,223.03,226.65,222.57,223.03,8536380
2010-05-24,224.38,226.65,224.38,225.74,3645480
2010-05-25,223.93,225.06,218.5,222.35,4968420
2010-05-26,223.93,228.91,222.57,228.46,4842960
2010-05-27,226.65,231.62,226.19,231.17,4007580
2010-05-28,233.43,235.69,232.53,232.53,4363560
2010-05-31,234.79,236.6,231.62,236.6,2490840
2010-06-01,234.79,235.69,232.53,233.43,2370480
2010-06-02,230.72,234.79,230.72,233.43,3397620
2010-06-03,238.86,242.03,238.86,242.03,5715060
2010-06-04,241.12,242.48,237.5,238.41,3738300
2010-06-07,232.07,236.6,226.19,235.24,5101020
2010-06-08,234.34,234.34,231.17,232.98,2201160
2010-06-09,232.07,235.24,231.62,233.43,4513500
2010-06-10,232.98,232.98,229.36,232.98,2990640
2010-06-11,235.24,238.86,234.34,235.69,4818480
2010-06-14,236.15,237.5,230.72,233.88,6008820
2010-06-15,231.17,234.34,229.81,233.43,10201020
2010-06-17,231.17,232.53,226.65,226.65,11479080
2010-06-18,226.19,228.46,223.93,224.38,11977860
2010-06-21,226.19,230.26,226.19,229.36,6656520
2010-06-22,227.55,229.36,225.51,229.36,4472700
2010-06-23,226.19,229.36,226.19,228.91,4238100
2010-06-24,226.65,228.46,225.51,225.74,5302980
2010-06-25,221.67,222.57,217.82,218.05,9354420
2010-06-28,217.6,218.05,208.78,210.36,11980920
2010-06-29,210.36,212.62,209.0,209.0,13275300
2010-06-30,204.93,209.91,204.7,204.7,10292820
2010-07-01,204.7,205.38,199.95,199.95,5321340
2010-07-02,195.88,197.69,191.81,192.49,17362440
2010-07-05,194.07,199.5,194.07,199.05,7123680
2010-07-06,198.15,205.61,197.24,204.93,10524360
2010-07-07,206.29,208.1,202.44,202.67,9479880
2010-07-08,206.74,209.45,204.93,205.38,8432340
2010-07-09,205.38,213.98,204.93,213.3,10722240
2010-07-12,214.43,215.79,210.36,211.72,7627560
2010-07-13,214.88,214.88,207.65,209.23,7686720
2010-07-14,212.17,217.15,212.17,214.88,8422140
2010-07-15,212.62,213.98,209.0,209.45,8031480
2010-07-16,211.26,212.4,209.91,212.17,8648580
2010-07-19,210.36,212.17,208.55,209.91,5231580
2010-07-20,212.62,213.07,211.49,211.72,5297880
2010-07-21,213.53,213.98,207.65,209.0,6089400
2010-07-22,209.0,210.81,204.48,204.93,6315840
2010-07-23,208.1,213.53,207.19,212.62,5981280
2010-07-26,214.88,217.37,213.98,217.15,7296060
2010-07-27,218.28,220.76,213.98,218.5,14807340
2010-07-28,224.08,226.52,215.32,215.32,20485000
2010-07-29,207.52,211.42,207.03,208.01,13756000
2010-07-30,209.47,212.88,208.98,211.18,8073000
2010-08-02,204.6,210.44,201.19,209.71,18290000
2010-08-03,211.91,218.0,211.91,213.37,12152000
2010-08-04,216.78,216.78,212.15,213.61,9547000
2010-08-05,215.32,216.29,213.12,213.37,6881000
2010-08-06,214.34,217.75,213.85,216.53,8662000
2010-08-09,217.26,227.49,217.26,225.55,11686000
2010-08-10,226.03,226.03,220.19,220.67,9273000
2010-08-11,220.67,224.82,220.19,221.65,8329000
2010-08-12,224.08,224.08,220.43,223.6,6118000
2010-08-13,223.6,226.03,222.87,224.08,7057000
2010-08-16,223.6,225.79,221.16,224.08,4735000
2010-08-17,224.82,226.52,222.14,222.14,5378000
2010-08-18,224.08,225.55,221.65,222.62,9330000
2010-08-19,222.62,224.82,222.14,223.11,4850000
2010-08-20,222.62,224.82,220.67,220.67,4193000
2010-08-23,219.21,221.65,217.26,218.24,5737000
2010-08-24,220.67,222.14,217.75,217.75,4394000
2010-08-25,217.26,217.26,209.96,209.96,10350000
2010-08-26,210.93,216.05,210.93,213.37,4654000
2010-08-27,214.83,216.29,210.93,212.64,4907000
2010-08-30,211.91,212.64,208.5,212.15,6796000
2010-08-31,209.71,215.07,208.5,212.64,6175000
2010-09-01,212.64,214.59,210.93,213.12,6681000
2010-09-02,216.78,217.02,215.07,216.78,5883000
2010-09-03,220.19,231.88,220.19,231.39,20499000
2010-09-06,234.07,235.78,231.39,232.37,10131000
2010-09-07,234.07,235.29,229.93,229.93,7445000
2010-09-08,230.42,233.58,227.49,227.49,6694000
2010-09-09,228.96,231.15,224.82,224.82,6864000
2010-09-10,227.01,231.88,224.08,231.39,8185000
2010-09-13,233.58,235.29,229.93,233.83,9083000
2010-09-14,236.02,242.84,236.02,236.26,14883000
2010-09-15,239.67,240.65,232.12,232.85,13665000
2010-09-16,232.85,233.58,229.2,231.39,8142000
2010-09-17,233.83,237.97,231.39,233.1,12103000
2010-09-20,231.88,232.61,230.42,230.66,6039000
2010-09-21,231.64,235.29,229.93,229.93,8613000
2010-09-23,229.93,229.93,226.03,226.52,10906000
2010-09-24,224.08,225.79,216.78,217.26,16983000
2010-09-27,219.21,221.65,217.51,220.19,8366000
2010-09-28,221.16,225.55,221.16,221.41,8039000
2010-09-29,223.11,223.35,218.24,218.73,8730000
2010-09-30,219.7,220.19,213.37,213.85,9330000
2010-10-01,212.88,218.73,209.71,218.73,13519000
2010-10-04,218.73,218.73,206.06,208.5,14210000
2010-10-05,206.06,207.03,200.7,202.41,14606000
2010-10-06,206.55,206.55,200.95,200.95,11775000
2010-10-07,200.95,204.11,200.7,201.92,9262000
2010-10-08,201.92,202.65,195.59,199.73,19491000
2010-10-11,199.73,201.92,199.0,199.73,6431000
2010-10-12,199.73,201.19,195.34,195.34,9605000
2010-10-13,195.34,198.27,195.34,197.29,9171000
2010-10-14,199.24,200.7,196.8,196.8,8909000
2010-10-15,195.34,196.32,189.98,189.98,13179000
2010-10-18,189.98,191.2,183.16,183.16,13515000
2010-10-19,183.16,189.01,181.22,185.36,10475000
2010-10-20,185.11,191.93,184.38,191.2,11696000
2010-10-21,191.93,192.42,188.04,188.52,9394000
2010-10-22,191.2,191.2,186.33,188.52,7115000
2010-10-25,189.98,193.15,189.5,192.42,6555000
2010-10-26,192.91,193.15,189.98,191.45,4251000
2010-10-27,190.47,190.96,186.33,186.57,8070000
2010-10-28,187.55,190.96,187.55,190.47,8551000
2010-10-29,189.74,190.47,187.31,187.55,7773000
2010-11-01,185.11,194.37,185.11,191.69,14480000
2010-11-02,189.01,190.47,185.11,188.77,15110000
2010-11-03,189.98,193.39,187.55,191.45,12761000
2010-11-04,193.39,198.75,192.91,195.83,12531000
2010-11-05,198.75,198.75,192.91,192.91,14783000
2010-11-08,190.47,191.45,187.55,187.55,10535000
2010-11-09,187.55,190.47,186.09,186.33,5944000
2010-11-10,187.31,187.55,185.36,185.6,6441000
2010-11-11,185.6,188.52,185.6,186.09,6418000
2010-11-12,185.6,185.84,183.41,184.14,6472000
2010-11-15,184.14,187.06,184.14,185.11,4345000
2010-11-16,186.09,191.45,186.09,187.55,8713000
2010-11-17,186.57,188.52,185.6,186.57,5527000
2010-11-18,187.55,188.52,185.11,185.36,5974000
2010-11-19,186.09,189.01,185.6,186.33,8332000
2010-11-22,187.06,192.91,185.84,192.91,11640000
2010-11-23,193.88,199.73,193.88,194.37,24076000
2010-11-24,194.37,197.29,194.37,194.86,11953000
2010-11-25,196.32,196.8,192.42,193.39,9656000
2010-11-26,195.83,197.78,193.88,193.88,9955000
2010-11-29,195.34,196.56,192.42,192.42,7542000
2010-11-30,192.91,195.59,190.23,190.23,9676000
2010-12-01,190.72,192.66,189.98,190.72,6326000
2010-12-02,192.42,195.83,191.93,192.42,10327000
2010-12-03,195.83,205.82,195.83,205.82,32478000
2010-12-06,209.47,211.18,206.06,206.3,20834000
2010-12-07,204.11,205.57,202.16,204.36,9521000
2010-12-08,204.6,210.69,204.6,206.55,12823000
2010-12-09,209.47,210.2,207.28,207.52,9378000
2010-12-10,207.52,208.98,202.65,203.62,9511000
2010-12-13,205.09,209.23,203.87,208.5,8236000
2010-12-14,209.96,212.64,208.01,209.96,13701000
2010-12-15,210.93,211.66,206.06,208.01,7851000
2010-12-16,208.5,208.5,205.09,205.33,5917000
2010-12-17,207.52,212.39,206.79,210.44,11390000
2010-12-20,212.88,212.88,208.5,209.47,6283000
2010-12-21,211.91,211.91,209.71,211.42,4542000
2010-12-22,211.42,212.39,208.5,208.74,8850000
2010-12-23,209.47,210.93,207.52,210.2,5094000
2010-12-24,211.18,211.91,206.3,206.3,6628000
2010-12-27,206.06,206.55,200.7,201.19,8338000
2010-12-28,201.43,203.87,200.21,201.68,6069000
2010-12-29,202.16,203.38,199.73,199.73,6224000
2010-12-30,200.7,201.68,198.27,198.51,5644000
2010-12-31,199.73,205.33,199.24,203.38,6645000
2011-01-03,205.33,205.82,201.68,202.16,4683000
2011-01-04,205.09,206.3,203.62,203.62,6853000
2011-01-05,205.33,206.55,203.62,204.6,8747000
2011-01-06,205.09,205.33,198.51,200.21,7931000
2011-01-07,199.24,199.24,187.55,189.98,21146000
2011-01-10,187.55,187.79,184.14,187.55,6816000
2011-01-11,189.98,195.34,189.5,193.88,8594000
2011-01-12,198.75,202.65,197.78,202.16,12198000
2011-01-13,202.16,203.38,199.97,200.21,5819000
2011-01-14,200.21,200.46,196.56,197.54,5549000
2011-01-17,197.29,197.29,193.64,193.64,6723000
2011-01-18,192.66,197.29,192.42,194.86,3866000
2011-01-19,197.05,197.78,194.13,195.59,4709000
2011-01-20,193.88,196.56,193.64,193.88,3002000
2011-01-21,190.47,193.39,189.98,192.66,3627000
2011-01-24,192.91,196.07,191.93,191.93,3226000
2011-01-25,194.86,195.83,192.91,192.91,3492000
2011-01-26,194.86,196.07,193.88,195.34,2950000
2011-01-27,196.32,200.46,195.83,197.78,7551000
2011-01-28,196.8,196.8,192.91,192.91,9783000
2011-02-08,185.11,185.11,179.51,179.51,20341000
2011-02-09,175.86,176.1,168.06,168.31,23307000
2011-02-10,168.55,173.91,168.55,172.2,11903000
2011-02-11,172.45,172.45,165.63,168.06,10932000
2011-02-14,170.5,171.72,169.52,169.52,5979000
2011-02-15,170.5,173.67,168.79,171.23,6696000
2011-02-16,171.23,172.2,169.28,169.52,4949000
2011-02-17,170.5,170.99,165.14,165.14,7439000
2011-02-18,166.6,168.06,166.11,167.09,4519000
2011-02-21,167.58,168.06,165.14,165.14,4845000
2011-02-22,162.22,162.95,158.56,161.49,8531000
2011-02-23,161.49,166.6,161.49,162.71,8717000
2011-02-24,163.68,166.36,162.71,162.71,4803000
2011-02-25,164.17,165.38,159.78,162.71,9043000
2011-03-01,162.71,165.14,159.78,159.78,8099000
2011-03-02,161.73,170.5,161.73,168.31,14048000
2011-03-03,167.58,167.58,164.17,165.87,8817000
2011-03-04,167.58,167.58,163.19,163.44,5485000
2011-03-07,161.24,162.71,160.03,161.73,5139000
2011-03-08,161.73,167.58,161.73,166.11,6311000
2011-03-09,169.52,170.26,167.09,167.09,6942000
2011-03-10,167.82,169.52,166.12,169.52,6148000
2011-03-11,168.55,169.04,166.6,168.06,4755000
2011-03-14,166.11,166.11,161.73,163.68,5175000
2011-03-15,163.68,166.11,152.23,155.15,11527000
2011-03-16,158.81,160.03,156.37,160.03,6099000
2011-03-17,160.27,170.5,158.32,167.58,14017000
2011-03-18,170.5,170.5,166.11,168.79,8207000
2011-03-21,168.79,168.79,166.11,166.11,3674000
2011-03-22,167.58,172.93,167.58,169.52,7441000
2011-03-23,170.5,171.47,169.04,169.52,5213000
2011-03-24,170.5,171.23,166.85,166.85,5383000
2011-03-25,168.55,169.52,167.09,167.09,4042000
2011-03-28,166.11,168.06,165.87,165.87,2466000
2011-03-29,165.87,169.04,165.87,166.11,4663000
2011-03-30,166.11,166.85,163.44,163.44,5304000
2011-03-31,163.44,164.65,161.73,164.65,5177000
2011-04-01,165.38,167.09,164.17,167.09,3759000
2011-04-06,169.04,171.96,168.06,170.26,13675000
2011-04-07,171.47,171.47,168.79,170.99,5727000
2011-04-08,170.99,171.47,169.28,170.5,4402000
2011-04-11,170.5,172.45,168.55,172.45,3932000
2011-04-12,170.99,171.47,168.55,168.55,3186000
2011-04-13,168.06,169.52,166.36,169.28,2925000
2011-04-14,168.55,168.55,164.17,165.14,6957000
2011-04-15,164.17,166.85,163.68,163.68,4190000
2011-04-18,163.68,164.41,155.64,155.89,9125000
2011-04-19,153.45,153.94,150.04,150.53,10853000
2011-04-20,151.01,151.99,147.85,150.04,7843000
2011-04-21,152.96,154.18,151.5,153.21,5377000
2011-04-22,152.48,153.94,151.5,151.5,3480000
2011-04-25,151.99,152.96,148.82,148.82,2958000
2011-04-26,147.85,152.72,146.63,152.48,5446000
2011-04-27,154.91,160.27,154.91,156.13,11045000
2011-04-28,156.37,157.59,152.96,153.21,6056000
2011-04-29,152.96,156.37,151.5,154.18,5738000
2011-05-03,157.1,164.9,156.37,164.41,16655000
2011-05-04,167.09,169.04,165.63,167.58,11869000
2011-05-05,169.04,169.77,165.87,169.28,9219000
2011-05-06,169.28,169.28,166.36,169.28,7244000
2011-05-09,169.77,176.59,169.52,175.37,16713000
2011-05-10,174.4,174.4,171.72,171.72,6541000
2011-05-11,172.45,174.64,170.5,170.5,6371000
2011-05-12,169.52,172.45,169.28,171.72,4597000
2011-05-13,171.47,176.34,170.01,171.72,8588000
2011-05-16,172.93,173.91,168.31,168.31,5387000
2011-05-17,166.6,167.82,162.95,162.95,11825000
2011-05-18,163.68,165.63,163.68,165.63,4082000
2011-05-19,165.63,166.6,160.03,160.76,6583000
2011-05-20,160.27,160.76,154.91,154.91,8599000
2011-05-23,152.23,153.21,151.01,151.01,9343000
2011-05-24,152.96,157.35,152.96,152.96,7568000
2011-05-25,152.48,154.67,151.01,151.01,4869000
2011-05-26,152.96,153.21,148.82,149.8,7317000
2011-05-27,149.8,152.72,149.8,150.77,8517000
2011-05-30,153.21,155.4,151.99,154.42,6163000
2011-05-31,155.89,156.86,154.91,155.89,7316000
2011-06-01,156.86,161.24,156.86,160.76,8644000
2011-06-02,159.29,160.27,155.89,156.13,7074000
2011-06-03,157.1,157.83,155.4,155.64,3474000
2011-06-07,153.69,155.4,151.01,152.72,7157000
2011-06-08,153.21,154.91,151.99,153.94,6681000
2011-06-09,152.96,154.18,151.01,152.23,4867000
2011-06-10,152.48,152.48,149.07,149.07,10147000
2011-06-13,148.09,148.82,146.87,147.12,7611000
2011-06-14,147.6,148.58,147.36,148.09,5334000
2011-06-15,149.07,151.5,147.85,148.09,8962000
2011-06-16,146.63,146.63,144.92,144.92,8840000
2011-06-17,146.14,147.12,145.17,146.87,6249000
2011-06-20,148.58,148.58,143.71,143.71,5197000
2011-06-21,146.87,151.99,146.14,151.99,12779000
2011-06-22,155.4,156.86,153.45,156.37,12835000
2011-06-23,155.89,156.13,153.69,154.91,7518000
2011-06-24,155.4,155.4,151.5,151.5,9178000
2011-06-27,148.58,151.74,148.09,151.5,5842000
2011-06-28,151.99,152.96,150.53,150.53,4312000
2011-06-29,151.99,154.91,151.74,154.42,7352000
2011-06-30,154.67,155.4,151.5,151.99,6422000
2011-07-01,153.45,154.18,152.48,152.72,5073000
2011-07-04,153.45,153.94,149.55,152.96,6528000
2011-07-05,151.5,152.72,150.53,150.53,4247000
2011-07-06,150.53,151.74,150.28,150.53,5337000
2011-07-07,151.01,151.26,148.33,148.33,13152000
2011-07-08,151.72,153.55,149.9,150.42,15273000
2011-07-11,150.42,150.42,143.38,143.38,9955000
2011-07-12,139.21,139.99,136.08,136.6,14323000
2011-07-13,137.12,138.69,127.22,128.78,24311000
2011-07-14,134.52,135.04,132.17,134.52,16285000
2011-07-15,136.34,139.99,133.47,137.12,11987000
2011-07-18,136.08,136.08,130.87,130.87,9268000
2011-07-19,131.91,135.82,131.91,135.3,8394000
2011-07-20,138.43,143.12,137.39,141.82,16383000
2011-07-21,141.82,142.34,139.99,141.3,6328000
2011-07-22,146.51,148.6,143.38,144.42,16246000
2011-07-25,144.42,144.68,140.77,141.03,8079000
2011-07-26,143.38,146.51,142.6,146.51,11211000
2011-07-27,146.77,148.07,143.9,144.42,10495000
2011-07-28,139.73,142.08,138.69,138.69,15781000
2011-07-29,137.12,138.95,132.95,134.78,12267000
2011-08-01,136.08,137.12,132.69,132.95,11313000
2011-08-02,130.87,136.08,129.83,134.78,14410000
2011-08-03,131.65,133.21,130.35,131.13,13505000
2011-08-04,131.39,132.69,123.83,123.83,15531000
2011-08-05,115.23,120.96,115.23,116.79,25219000
2011-08-08,121.48,122.53,117.31,120.44,17407000
2011-08-09,115.23,128.78,115.23,128.78,23417000
2011-08-10,132.95,136.08,131.91,133.47,21384000
2011-08-11,131.65,137.91,131.65,137.65,19309000
2011-08-12,140.25,141.56,133.74,134.0,16051000
2011-08-15,138.17,139.47,136.08,138.95,8661000
2011-08-16,140.25,140.77,136.86,136.86,8406000
2011-08-17,136.86,138.17,133.21,133.47,10503000
2011-08-18,131.91,136.08,131.91,132.43,10752000
2011-08-19,130.35,134.0,128.26,131.39,12974000
2011-08-22,135.56,140.51,132.95,140.25,18708000
2011-08-23,140.77,142.34,137.65,141.82,16287000
2011-08-24,143.12,147.55,143.12,145.99,27358000
2011-08-25,148.6,151.98,146.51,146.51,23090000
2011-08-26,148.59,152.51,147.03,152.51,18647000
2011-08-29,152.51,152.51,149.9,150.68,11870000
2011-08-30,151.72,155.37,150.42,151.2,16937000
2011-08-31,152.77,153.29,149.38,151.98,12071000
2011-09-01,153.55,156.68,151.2,151.2,14672000
2011-09-02,151.2,154.33,150.16,153.03,12917000
2011-09-05,149.9,151.72,148.59,148.59,12593000
2011-09-06,145.99,146.51,142.6,142.86,19095000
2011-09-07,145.99,148.07,145.21,147.29,15492000
2011-09-08,148.6,148.86,146.51,147.81,11070000
2011-09-09,147.55,150.68,146.77,147.29,11854000
2011-09-13,147.03,149.38,146.51,147.81,8302000
2011-09-14,149.9,151.72,139.73,145.73,17942000
2011-09-15,151.2,155.11,149.64,154.59,19912000
2011-09-16,159.02,162.67,157.46,162.15,25158000
2011-09-19,161.11,163.98,160.07,161.37,10686000
2011-09-20,163.19,171.28,163.19,170.23,23738000
2011-09-21,175.19,177.79,172.58,176.75,32642000
2011-09-22,175.71,181.44,172.58,181.44,22362000
2011-09-23,176.49,176.75,168.93,168.93,25583000
2011-09-26,159.54,159.54,159.54,159.54,37780000
2011-09-27,169.97,170.49,166.84,170.49,15601000
2011-09-28,175.19,175.19,168.15,173.62,15246000
2011-09-29,171.54,174.93,170.23,171.28,9994000
2011-09-30,172.58,175.97,172.32,175.97,10018000
2011-10-03,173.1,173.88,166.84,169.45,11813000
2011-10-04,163.19,170.49,162.41,170.49,12469000
2011-10-05,171.54,173.62,168.15,171.28,8725000
2011-10-06,175.71,175.71,172.06,172.06,9089000
2011-10-07,162.67,162.67,161.89,161.89,31041000
2011-10-11,164.24,166.84,163.45,166.84,12893000
2011-10-12,166.84,173.1,165.54,171.54,13089000
2011-10-13,173.1,175.97,171.01,175.19,16885000
2011-10-14,177.01,179.36,175.19,175.45,14359000
2011-10-17,178.31,178.57,173.62,175.19,8574000
2011-10-18,172.06,178.57,172.06,176.75,12517000
2011-10-19,178.31,178.31,169.97,171.01,12296000
2011-10-20,171.01,173.62,168.93,170.23,9530000
2011-10-21,171.01,173.1,166.84,173.1,8852000
2011-10-24,177.27,179.88,175.71,179.36,16472000
2011-10-25,178.84,179.88,176.75,176.75,13182000
2011-10-26,174.14,177.01,173.88,176.23,8497000
2011-10-27,174.66,175.71,169.97,170.49,15423000
2011-10-28,173.1,173.88,167.89,168.93,15284000
2011-10-31,166.84,167.89,164.24,165.8,16681000
2011-11-01,165.8,169.97,165.8,166.58,11985000
2011-11-02,164.24,169.97,163.72,169.97,9925000
2011-11-03,169.19,169.71,162.15,162.15,13078000
2011-11-04,166.84,167.89,165.02,167.36,9913000
2011-11-07,167.36,168.41,165.54,165.54,4643000
2011-11-08,167.36,167.89,164.76,165.28,5118000
2011-11-09,167.36,169.45,165.8,165.8,6665000
2011-11-10,162.15,164.24,160.07,161.37,9961000
2011-11-11,162.67,165.28,160.07,162.93,10109000
2011-11-14,165.28,168.41,165.02,167.36,7300000
2011-11-15,166.84,168.41,163.98,164.24,6199000
2011-11-16,164.5,165.54,159.54,159.54,11517000
2011-11-17,156.94,160.85,155.37,160.85,11385000
2011-11-18,159.8,162.67,158.24,160.59,7458000
2011-11-21,160.59,162.67,156.94,156.94,9345000
2011-11-22,157.98,159.02,150.68,150.68,15431000
2011-11-23,148.86,152.24,148.07,148.07,10421000
2011-11-24,148.07,148.07,139.73,142.6,17250000
2011-11-25,147.03,150.16,141.56,142.6,12793000
2011-11-28,143.64,148.07,142.86,146.51,8627000
2011-11-29,147.55,148.59,145.47,147.29,7686000
2011-11-30,147.55,149.64,144.95,145.73,9506000
2011-12-01,151.72,152.24,149.38,149.9,9581000
2011-12-02,149.9,151.46,148.86,150.68,4254000
2011-12-05,150.16,150.68,146.25,146.25,5000000
2011-12-06,143.9,145.21,136.08,136.6,12792000
2011-12-07,135.04,138.95,131.91,137.39,15561000
2011-12-08,136.08,136.6,132.43,134.0,9243000
2011-12-09,130.35,136.34,129.3,135.56,10329000
2011-12-12,138.17,139.21,135.56,136.08,5725000
2011-12-13,135.56,140.25,135.56,140.25,9172000
2011-12-14,140.77,141.3,138.43,139.47,7036000
2011-12-15,138.17,138.69,133.74,133.74,10287000
2011-12-16,133.74,135.56,132.95,132.95,6472000
2011-12-19,131.39,131.91,126.7,126.96,8385000
2011-12-20,126.96,132.69,126.96,130.87,8076000
2011-12-21,139.73,139.99,138.17,139.99,10068000
2011-12-22,139.99,140.51,138.69,139.73,6939000
2011-12-23,143.38,149.12,142.6,146.77,13789000
2011-12-26,147.29,147.55,144.95,146.51,6778000
2011-12-27,145.99,146.77,144.42,145.47,5602000
2011-12-28,145.99,147.03,142.6,143.64,8480000
2011-12-29,142.86,144.68,141.56,144.68,5451000
2011-12-30,146.51,147.03,143.9,144.68,5381000
2012-01-02,145.73,145.99,132.43,132.43,10596000
2012-01-03,145.47,146.51,135.82,135.82,16202000
2012-01-04,147.03,148.86,136.08,136.08,15873000
2012-01-05,147.81,147.81,145.47,147.03,13977000
2012-01-06,146.77,146.77,144.68,145.21,10342000
2012-01-09,143.38,143.9,138.95,139.21,11573000
2012-01-10,139.99,141.56,139.99,140.77,9138000
2012-01-11,141.82,144.42,141.03,143.12,7532000
2012-01-12,143.12,143.9,139.21,141.82,9214000
2012-01-13,143.12,143.12,140.25,141.82,12606000
2012-01-16,141.82,141.82,135.3,135.56,11933000
2012-01-17,135.56,138.69,133.74,137.12,12253000
2012-01-18,137.12,138.95,136.08,137.12,9011000
2012-01-30,140.25,145.73,138.69,145.73,17233000
2012-01-31,146.51,149.64,144.42,147.29,17012000
2012-02-01,147.03,151.72,144.68,150.16,12874000
2012-02-02,151.2,151.2,147.55,149.38,16478000
2012-02-03,149.12,155.89,149.12,152.51,18129000
2012-02-06,150.68,151.72,148.07,148.59,15976000
2012-02-07,147.03,150.68,146.25,148.59,10149000
2012-02-08,150.16,153.03,150.16,151.72,13012000
2012-02-09,151.72,155.37,150.94,152.51,14241000
2012-02-10,152.77,154.07,150.68,151.98,10118000
2012-02-13,152.24,162.41,151.72,162.41,27414000
2012-02-14,164.76,169.19,163.72,164.76,25707000
2012-02-15,167.36,168.41,165.02,165.54,11977000
2012-02-16,165.54,166.06,155.89,157.98,13059000
2012-02-17,160.59,163.19,156.94,157.98,15374000
2012-02-20,159.8,162.15,157.98,160.59,7495000
2012-02-21,160.59,162.15,158.5,159.54,5680000
2012-02-22,158.5,164.5,158.5,163.19,12599000
2012-02-23,161.63,163.19,158.5,158.5,10805000
2012-02-24,158.5,159.54,156.42,157.46,6862000
2012-02-29,161.63,162.15,156.42,156.94,14707000
2012-03-01,157.46,159.8,156.94,158.24,8453000
2012-03-02,160.07,165.02,159.8,164.24,19523000
2012-03-05,165.28,166.58,160.59,160.59,11543000
2012-03-06,161.63,163.72,159.54,163.72,12704000
2012-03-07,162.67,167.89,161.63,165.54,18935000
2012-03-08,166.32,167.36,162.67,162.67,12788000
2012-03-09,162.67,164.24,161.63,161.63,11079000
2012-03-12,161.63,162.93,157.98,157.98,8555000
2012-03-13,159.02,160.33,157.98,158.24,7582000
2012-03-14,159.54,162.15,159.28,159.54,9772000
2012-03-15,161.63,164.76,161.63,163.45,16734000
2012-03-16,163.19,163.45,160.59,161.11,9426000
2012-03-19,161.63,162.15,159.02,160.07,6631000
2012-03-20,161.63,162.67,157.98,158.5,8234000
2012-03-21,158.76,159.8,156.16,157.72,8054000
2012-03-22,156.94,158.24,155.89,156.42,9373000
2012-03-23,156.42,156.94,153.29,154.33,11910000
2012-03-26,154.33,156.42,153.81,154.33,7129000
2012-03-27,155.89,155.89,153.81,153.81,5087000
2012-03-28,154.07,155.11,149.38,149.38,16865000
2012-03-29,147.81,147.81,139.73,142.86,24306000
2012-03-30,144.16,147.29,143.38,147.29,12545000
2012-04-02,147.29,147.29,143.64,144.16,6181000
2012-04-03,144.95,146.51,141.3,144.42,9414000
2012-04-05,141.3,143.9,140.25,143.12,5914000
2012-04-06,144.42,145.47,143.9,145.47,5692000
2012-04-09,142.6,144.68,142.08,142.34,3546000
2012-04-10,143.9,145.21,142.34,143.64,3985000
2012-04-11,142.08,144.42,142.08,144.42,2783000
2012-04-12,144.42,146.25,142.86,144.95,6874000
2012-04-13,145.99,147.03,144.95,145.73,7282000
2012-04-16,144.95,149.9,144.42,147.03,8797000
2012-04-17,148.59,149.12,142.86,142.86,9857000
2012-04-18,145.99,146.51,143.9,144.68,6917000
2012-04-19,144.95,144.95,142.6,144.16,5519000
2012-04-20,144.16,144.16,135.56,135.56,18277000
2012-04-23,135.56,137.39,133.47,135.82,8278000
2012-04-24,135.56,136.6,134.0,134.52,7208000
2012-04-25,135.56,137.39,135.04,137.12,7584000
2012-04-26,138.17,138.17,134.0,134.0,7557000
2012-04-27,134.52,135.82,124.87,125.39,18681000
2012-04-30,122.53,131.91,122.53,131.91,11718000
2012-05-02,133.21,140.25,129.83,139.21,20470000
2012-05-03,138.17,139.21,136.6,138.43,9581000
2012-05-04,137.91,141.56,137.39,141.3,10502000
2012-05-07,139.21,142.6,138.69,142.6,8885000
2012-05-08,143.9,143.9,138.17,138.17,8703000
2012-05-09,136.6,140.25,135.82,138.17,5789000
2012-05-10,138.17,139.73,136.6,137.65,4252000
2012-05-11,138.43,139.21,137.12,137.12,5169000
2012-05-14,137.39,138.17,136.34,137.65,3544000
2012-05-15,135.82,140.25,135.82,140.25,6998000
2012-05-16,140.25,140.25,136.6,136.6,5931000
2012-05-17,139.21,143.9,137.91,142.08,9865000
2012-05-18,139.73,140.25,136.08,136.6,7114000
2012-05-21,137.65,139.73,136.6,136.6,3851000
2012-05-22,138.69,138.95,136.6,136.86,5561000
2012-05-23,135.56,135.56,131.39,131.91,7652000
2012-05-24,132.95,134.52,132.69,133.74,4533000
2012-05-25,133.74,135.04,132.69,132.69,4538000
2012-05-28,133.21,135.04,129.83,135.04,6343000
2012-05-29,136.6,142.34,136.08,142.08,12274000
2012-05-30,141.82,141.82,139.21,139.21,8598000
2012-05-31,136.6,141.3,136.08,137.65,11705000
2012-06-01,137.12,139.47,133.47,134.26,7941000
2012-06-04,128.0,129.83,125.65,127.74,10192000
2012-06-05,132.17,132.69,130.87,132.43,7086000
2012-06-06,132.95,135.04,131.65,134.26,5552000
2012-06-07,137.65,138.17,135.82,135.82,7412000
2012-06-08,136.08,136.6,131.91,132.43,7077000
2012-06-11,135.56,136.6,133.47,134.52,3711000
2012-06-12,131.39,133.21,131.39,132.95,3132000
2012-06-13,135.04,135.3,133.47,134.52,3492000
2012-06-14,135.56,138.17,134.26,136.08,7635000
2012-06-15,137.12,140.25,136.6,138.17,9881000
2012-06-18,141.82,145.21,141.3,144.16,12323000
2012-06-19,144.16,144.68,141.56,143.12,6582000
2012-06-20,144.68,144.95,143.12,143.9,7187000
2012-06-21,143.38,143.9,141.03,141.3,4944000
2012-06-22,140.25,142.86,139.21,142.86,6090000
2012-06-25,144.95,150.16,144.95,146.25,19018000
2012-06-26,146.25,147.29,142.34,143.12,14172000
2012-06-27,143.9,143.9,141.3,141.82,8048000
2012-06-28,144.42,144.42,140.77,141.82,8759000
2012-06-29,142.34,142.6,141.03,142.34,6506000
2012-07-02,142.86,143.38,140.25,140.25,6282000
2012-07-03,141.3,142.6,141.03,142.6,5525000
2012-07-04,142.86,143.9,142.08,143.12,8376000
2012-07-05,143.12,143.9,142.6,142.86,4092000
2012-07-06,143.38,144.68,141.82,142.34,5573000
2012-07-09,142.34,143.9,142.34,143.38,3554000
2012-07-10,143.9,143.9,137.65,138.17,7602000
2012-07-11,136.08,138.43,136.08,137.91,3032000
2012-07-12,138.17,138.17,132.69,133.47,6632000
2012-07-13,133.47,133.47,129.3,129.3,10841000
2012-07-16,132.55,132.82,130.93,131.74,9097000
2012-07-17,132.55,135.53,132.01,135.53,7708000
2012-07-18,136.07,136.07,132.55,133.09,6525000
2012-07-19,135.25,135.25,133.9,134.17,4336000
2012-07-20,134.98,135.53,134.44,135.25,3603000
2012-07-23,133.09,133.09,131.47,131.74,4767000
2012-07-24,131.47,132.28,129.84,131.74,6101000
2012-07-25,129.84,131.47,129.84,130.39,6880000
2012-07-26,131.47,132.01,127.41,127.95,7374000
2012-07-27,130.39,130.93,129.03,129.84,9297000
2012-07-30,132.01,134.17,132.01,133.63,11363000
2012-07-31,133.63,137.96,131.74,137.96,21326000
2012-08-01,145.53,147.43,143.91,147.43,26785000
2012-08-02,147.43,147.43,147.43,147.43,0
2012-08-03,150.94,151.76,148.78,150.94,22962000
2012-08-06,153.11,153.38,148.78,148.78,11295000
2012-08-07,150.4,152.3,149.32,152.03,12396000
2012-08-08,153.65,156.08,152.57,152.57,17574000
2012-08-09,153.65,153.92,150.94,152.57,13200000
2012-08-10,153.65,156.35,152.84,153.65,13813000
2012-08-13,155.81,160.14,154.46,158.79,19765000
2012-08-14,160.14,160.14,156.35,157.44,11781000
2012-08-15,156.9,157.98,153.65,153.92,14278000
2012-08-16,154.73,158.25,153.65,157.98,11713000
2012-08-17,157.44,160.95,157.17,159.33,11639000
2012-08-20,160.14,162.04,159.6,161.22,10003000
2012-08-21,163.93,165.55,161.49,162.31,16527000
2012-08-22,164.47,164.74,161.49,163.66,10160000
2012-08-23,164.47,168.8,162.58,168.8,21885000
2012-08-24,167.72,173.13,167.17,172.04,24626000
2012-08-27,172.04,172.59,169.34,172.59,10248000
2012-08-28,172.31,172.31,169.34,170.42,10274000
2012-08-29,171.5,173.67,168.53,173.13,14630000
2012-08-30,173.13,174.21,171.23,171.23,10775000
2012-08-31,172.04,173.13,170.69,173.13,7547000
2012-09-03,173.13,174.21,172.04,173.13,6244000
2012-09-04,173.13,176.91,173.13,175.83,9412000
2012-09-05,175.02,176.37,173.4,173.67,8343000
2012-09-06,173.67,174.75,169.88,169.88,10559000
2012-09-07,173.13,175.02,170.42,174.21,16504000
2012-09-10,175.29,182.32,175.02,182.32,20005000
2012-09-11,182.86,183.95,181.24,183.41,10049000
2012-09-12,183.95,184.22,180.43,182.05,10102000
2012-09-13,180.7,182.86,180.16,180.97,7488000
2012-09-14,183.95,186.38,182.32,183.41,11760000
2012-09-17,183.41,183.41,177.72,179.35,11657000
2012-09-18,178.54,182.32,177.45,179.08,10608000
2012-09-19,178.0,178.27,175.02,176.64,13736000
2012-09-20,176.37,178.0,175.83,175.83,11042000
2012-09-21,175.83,175.83,171.5,173.94,13073000
2012-09-24,173.94,179.35,173.67,178.54,12987000
2012-09-25,180.97,181.24,176.37,176.37,7844000
2012-09-26,177.72,178.54,174.21,174.21,9349000
2012-09-27,174.75,175.83,173.67,175.83,6734000
2012-09-28,174.21,174.21,163.93,167.45,30406000
2012-10-01,166.36,169.07,165.28,169.07,11248000
2012-10-02,169.34,174.21,168.53,174.21,11063000
2012-10-03,173.67,174.75,171.77,173.94,6193000
2012-10-04,173.13,173.94,169.34,172.31,7258000
2012-10-05,176.37,178.81,175.56,175.83,15599000
2012-10-08,178.54,178.54,176.37,176.91,9280000
2012-10-09,177.45,178.54,172.04,175.29,10484000
2012-10-11,173.13,177.45,173.13,176.1,17480000
2012-10-12,175.83,175.83,172.04,173.13,9180000
2012-10-15,172.04,172.86,170.15,170.42,5977000
2012-10-16,172.04,173.67,171.5,171.77,9903000
2012-10-17,173.13,173.67,171.5,171.5,6422000
2012-10-18,173.67,173.94,172.31,173.13,5403000
2012-10-19,173.13,175.02,172.04,175.02,4476000
2012-10-22,173.13,176.37,172.31,176.37,5534000
2012-10-23,176.91,177.18,174.48,174.48,3767000
2012-10-24,173.4,177.18,173.13,176.64,5700000
2012-10-25,176.64,176.64,173.13,173.67,6031000
2012-10-26,175.83,175.83,172.31,172.31,7021000
2012-10-29,173.67,179.35,173.4,178.27,16712000
2012-10-30,178.54,178.81,175.29,175.83,13314000
2012-10-31,175.83,175.83,173.13,175.56,8665000
2012-11-01,175.02,177.18,173.13,176.64,6188000
2012-11-02,177.45,177.72,173.94,175.83,5797000
2012-11-05,175.29,175.83,171.23,172.04,6819000
2012-11-06,173.13,173.13,165.55,167.72,13839000
2012-11-07,167.72,170.69,165.01,170.42,10004000
2012-11-08,169.34,172.59,168.26,171.5,10393000
2012-11-09,171.5,176.37,170.96,175.83,10157000
2012-11-12,177.45,177.45,173.67,174.21,4651000
2012-11-13,175.29,177.18,173.13,173.13,7471000
2012-11-14,173.4,173.4,168.26,172.04,8827000
2012-11-15,171.5,172.86,169.61,172.04,6274000
2012-11-16,171.23,173.4,170.42,170.42,5718000
2012-11-19,170.42,172.31,168.26,168.8,4647000
2012-11-20,169.88,170.42,165.82,166.63,6555000
2012-11-21,165.01,168.26,163.93,167.99,5960000
2012-11-22,169.88,170.42,168.26,169.34,3517000
2012-11-23,170.96,173.67,170.42,173.13,6770000
2012-11-26,174.21,176.37,174.21,175.83,7733000
2012-11-27,176.64,177.18,175.02,175.56,4816000
2012-11-28,174.21,175.56,173.4,175.29,3788000
2012-11-29,176.91,178.27,175.83,177.18,8199000
2012-11-30,178.54,180.97,177.72,178.81,13965000
2012-12-03,180.7,182.86,180.16,181.24,10802000
2012-12-04,181.24,181.24,178.0,179.62,8497000
2012-12-05,178.0,179.08,176.64,178.54,7404000
2012-12-06,179.62,179.89,174.48,175.02,12452000
2012-12-07,174.75,176.37,172.59,175.02,11081000
2012-12-10,174.75,174.75,171.23,172.04,9052000
2012-12-11,172.31,174.48,172.31,174.21,7240000
2012-12-12,176.37,184.49,176.1,184.22,21100000
2012-12-13,185.3,189.9,183.14,183.68,23230000
2012-12-14,182.86,185.3,181.51,183.68,10956000
2012-12-17,185.57,185.57,181.78,182.86,8716000
2012-12-18,183.95,184.22,179.62,181.51,7202000
2012-12-19,180.16,180.43,176.37,176.91,13502000
2012-12-20,175.56,178.27,174.48,174.75,9180000
2012-12-21,175.29,176.64,173.13,173.67,6691000
2012-12-24,171.23,173.4,170.42,171.77,4295000
2012-12-25,173.13,174.75,172.31,174.21,4040000
2012-12-26,175.29,175.56,173.94,173.94,4038000
2012-12-27,174.21,176.1,173.67,175.29,5380000
2012-12-28,175.56,176.1,172.59,175.02,8646000
2013-01-02,175.56,175.83,174.21,175.83,7899000
2013-01-03,176.91,178.0,176.1,176.37,10614000
2013-01-04,166.63,169.88,164.74,165.28,24953000
2013-01-07,163.12,163.66,159.6,163.12,15684000
2013-01-08,162.31,163.93,161.76,163.66,10876000
2013-01-09,164.2,168.8,163.66,168.8,11564000
2013-01-10,171.5,171.5,167.72,169.88,12989000
2013-01-11,170.69,170.69,167.72,169.07,4408000
2013-01-14,168.8,168.8,165.82,168.8,4922000
2013-01-15,169.88,169.88,168.26,168.53,4592000
2013-01-16,169.88,169.88,162.85,167.45,10406000
2013-01-17,165.55,167.99,165.55,166.09,6855000
2013-01-18,166.9,167.72,164.47,167.17,5456000
2013-01-21,168.8,172.31,167.72,171.23,7654000
2013-01-22,172.59,173.13,170.69,172.31,6246000
2013-01-23,172.31,172.31,170.96,171.77,6051000
2013-01-24,170.96,172.86,169.61,172.59,5227000
2013-01-25,173.13,175.29,171.77,174.21,6957000
2013-01-28,175.83,176.37,174.48,175.83,6456000
2013-01-29,177.45,177.45,175.02,175.83,5494000
2013-01-30,176.37,176.91,175.02,175.83,7943000
2013-01-31,175.83,175.83,172.04,174.75,9457000
2013-02-01,174.48,175.83,173.94,175.56,6203000
2013-02-04,175.56,176.37,173.4,175.83,7545000
2013-02-05,175.56,176.64,174.75,176.37,9665000
2013-02-06,176.91,177.18,175.29,175.83,6058000
2013-02-18,177.45,178.0,175.29,175.83,5878000
2013-02-19,175.83,176.37,174.21,175.29,4416000
2013-02-20,176.91,177.45,175.83,176.37,5678000
2013-02-21,176.37,176.91,175.83,176.37,4398000
2013-02-22,176.37,176.91,175.56,176.91,3928000
2013-02-25,177.45,183.68,176.1,182.05,12155000
2013-02-26,181.51,182.05,178.54,178.54,6866000
2013-02-27,179.62,181.51,179.35,180.43,6696000
2013-03-01,182.86,183.95,182.05,183.13,8501000
2013-03-04,184.22,185.3,183.41,184.76,11957000
2013-03-05,186.11,190.44,185.03,188.0,16143000
2013-03-06,189.63,190.98,187.19,187.19,9676000
2013-03-07,187.19,188.55,186.11,187.19,5970000
2013-03-08,187.46,191.25,187.46,188.27,6786000
2013-03-11,190.44,190.44,188.82,189.36,9062000
2013-03-12,189.36,194.77,188.82,192.06,13112000
2013-03-13,193.68,194.5,190.44,190.71,5903000
2013-03-14,190.71,191.52,185.57,185.57,7212000
2013-03-15,188.27,188.27,184.76,184.76,6163000
2013-03-18,184.49,184.76,183.13,183.13,6392000
2013-03-19,185.84,186.38,183.41,183.95,7260000
2013-03-20,183.95,187.73,182.86,183.41,7925000
2013-03-21,185.03,185.03,179.62,179.62,10937000
2013-03-22,180.7,182.32,180.16,180.16,6201000
2013-03-25,181.51,183.41,179.62,183.13,5198000
2013-03-26,183.95,185.03,182.86,183.95,5158000
2013-03-27,184.76,185.84,184.49,185.3,5664000
2013-03-28,186.65,186.65,183.41,183.95,5660000
2013-03-29,186.38,186.38,184.22,185.03,3555000
2013-04-01,185.03,186.11,184.22,184.49,3338000
2013-04-02,185.3,189.9,184.76,188.27,8420000
2013-04-03,189.36,193.96,188.82,192.6,12078000
2013-04-08,189.9,190.44,187.19,189.36,10124000
2013-04-09,189.9,191.25,188.82,189.09,6903000
2013-04-10,190.98,191.25,188.82,190.71,7309000
2013-04-11,191.52,191.79,189.09,189.9,5133000
2013-04-12,189.9,189.9,186.92,186.92,4285000
2013-04-15,186.65,188.82,182.32,182.59,6059000
2013-04-16,181.78,185.03,181.51,184.22,4887000
2013-04-17,184.49,188.27,183.14,187.73,4595000
2013-04-18,187.19,189.36,185.84,187.19,3336000
2013-04-19,188.82,193.68,188.82,193.68,14659000
2013-04-22,195.31,198.55,195.31,196.39,13071000
2013-04-23,197.47,197.47,193.68,197.47,5330000
2013-04-24,199.1,199.1,196.39,197.47,6322000
2013-04-25,196.93,196.93,195.04,195.85,4791000
2013-04-26,195.31,195.85,192.06,192.06,6500000
2013-04-29,193.14,195.58,192.33,195.58,4349000
2013-04-30,196.39,197.74,194.77,194.77,5423000
2013-05-02,195.85,198.01,191.52,198.01,7608000
2013-05-03,198.82,199.1,196.66,198.28,5917000
2013-05-06,199.64,202.07,199.64,201.53,7906000
2013-05-07,203.15,205.59,199.37,200.72,14252000
2013-05-08,202.07,205.32,202.07,203.42,10314000
2013-05-09,205.59,205.59,202.34,202.88,5609000
2013-05-10,202.88,202.88,198.82,199.64,6830000
2013-05-13,198.28,200.18,198.28,199.64,3754000
2013-05-14,200.45,201.26,198.55,198.55,2868000
2013-05-15,198.55,200.45,198.01,198.82,4185000
2013-05-16,200.18,204.51,200.18,202.34,7909000
2013-05-17,203.96,206.67,203.96,205.05,9423000
2013-05-20,205.59,207.48,204.78,204.78,4775000
2013-05-21,205.59,206.94,203.42,204.23,4778000
2013-05-22,206.94,208.29,205.59,206.67,7835000
2013-05-23,203.96,205.05,200.18,200.18,10652000
2013-05-24,200.18,201.26,194.23,196.39,9839000
2013-05-27,196.12,196.12,193.68,194.77,5089000
2013-05-28,194.77,197.47,194.77,196.39,4459000
2013-05-29,197.74,197.74,196.12,196.93,4188000
2013-05-30,196.93,197.2,194.23,195.58,4781000
2013-05-31,198.01,201.26,196.39,201.26,9805000
2013-06-03,199.1,199.91,197.47,199.1,4472000
2013-06-04,200.45,201.8,199.64,199.64,4964000
2013-06-05,200.72,201.8,197.2,197.2,4757000
2013-06-06,197.2,199.37,196.66,198.28,4591000
2013-06-07,201.26,201.53,198.28,200.18,7080000
2013-06-10,202.88,203.96,201.26,203.42,6216000
2013-06-11,202.07,202.07,198.01,198.28,8348000
2013-06-13,196.12,197.2,194.77,195.31,5936000
2013-06-14,196.93,197.2,189.9,190.44,6777000
2013-06-17,190.98,192.87,189.36,191.52,6028000
2013-06-18,191.52,192.87,189.9,192.33,4694000
2013-06-19,193.41,193.68,190.17,190.17,5578000
2013-06-20,187.19,188.27,184.76,185.3,8083000
2013-06-21,180.16,182.05,173.4,178.54,16306000
2013-06-24,175.83,175.83,166.9,167.17,13220000
2013-06-25,167.17,173.13,163.39,169.88,15348000
2013-06-26,174.75,179.08,173.67,177.45,13416000
2013-06-27,178.54,179.62,175.29,177.45,11882000
2013-06-28,178.0,188.55,178.0,188.55,13758000
2013-07-01,185.03,187.46,183.68,186.65,8110000
2013-07-02,188.27,188.27,183.14,184.76,5872000
2013-07-03,188.55,188.82,181.51,181.51,8213000
2013-07-04,181.51,183.68,178.54,178.54,5709000
2013-07-05,181.78,187.73,180.7,186.92,9011000
2013-07-08,188.82,189.36,185.84,188.82,9452000
2013-07-09,190.44,191.79,189.36,191.25,5136000
2013-07-10,192.06,192.06,188.82,190.17,5279000
2013-07-11,191.79,192.6,189.36,189.36,7091000
2013-07-12,189.9,194.77,189.09,194.77,10846000
2013-07-15,194.77,195.31,192.87,193.68,7165000
2013-07-16,195.35,197.01,193.96,193.96,7279000
2013-07-17,190.91,192.57,188.69,188.69,7593000
2013-07-18,187.03,187.3,182.03,183.7,7742000
2013-07-19,179.26,182.31,174.82,178.98,11123000
2013-07-22,182.59,184.81,180.09,183.42,5415000
2013-07-23,185.36,193.41,185.36,190.63,8789000
2013-07-24,193.13,193.13,190.91,192.3,5539000
2013-07-25,192.3,197.57,190.63,197.01,8415000
2013-07-26,198.68,201.73,196.74,198.68,7524000
2013-07-29,200.62,202.01,198.96,200.34,6120000
2013-07-30,200.34,200.34,195.35,197.29,5946000
2013-07-31,198.12,200.34,196.46,199.79,6499000
2013-08-01,201.73,203.12,197.29,200.9,6824000
2013-08-02,203.12,203.12,199.79,201.45,6256000
2013-08-05,202.56,202.56,198.12,198.96,4965000
2013-08-06,197.01,197.01,193.13,194.79,5465000
2013-08-07,195.35,198.4,193.68,194.24,5974000
2013-08-08,198.12,198.68,195.9,196.46,5014000
2013-08-09,196.18,196.18,193.41,194.79,3974000
2013-08-12,197.01,197.01,194.79,195.63,2631000
2013-08-13,198.68,203.12,197.57,203.12,10176000
2013-08-14,203.12,203.12,200.34,201.45,5124000
2013-08-15,199.79,203.12,198.68,199.79,5612000
2013-08-16,199.79,202.01,199.23,199.79,3843000
2013-08-19,202.56,210.33,202.01,208.11,11064000
2013-08-20,208.11,212.0,204.51,205.34,8948000
2013-08-22,206.73,206.73,203.67,204.23,6374000
2013-08-23,207.0,207.56,203.67,203.67,4123000
2013-08-26,208.11,208.95,203.95,203.95,5709000
2013-08-27,205.62,208.39,203.95,203.95,7217000
2013-08-28,203.12,207.0,203.12,203.12,7159000
2013-08-29,204.23,204.51,199.23,201.73,10285000
2013-08-30,202.56,203.67,199.79,203.67,6695000
2013-09-02,203.12,203.12,198.68,198.68,5924000
2013-09-03,200.9,202.29,200.07,201.73,6067000
2013-09-04,201.18,203.12,200.9,202.56,4016000
2013-09-05,201.73,203.95,200.9,203.95,4963000
2013-09-06,203.12,206.45,202.84,205.06,7127000
2013-09-09,206.45,206.45,203.12,205.34,5659000
2013-09-10,206.45,206.73,202.56,204.78,5597000
2013-09-11,204.78,205.34,202.29,205.34,5083000
2013-09-12,206.45,208.11,204.78,207.56,6276000
2013-09-13,207.84,208.39,205.62,205.62,4304000
2013-09-16,204.78,205.34,202.84,205.34,4466000
2013-09-17,205.34,206.73,204.23,206.45,4503000
2013-09-18,206.45,206.45,205.34,205.34,3842000
2013-09-23,206.45,207.28,204.51,205.89,4378000
2013-09-24,207.56,207.56,204.51,205.06,4463000
2013-09-25,203.67,206.17,202.84,206.17,3696000
2013-09-26,203.67,206.45,203.67,206.45,5994000
2013-09-27,206.45,207.28,205.62,205.62,6506000
2013-09-30,204.51,204.78,200.34,202.84,5571000
2013-10-01,202.84,204.51,202.56,202.84,4476000
2013-10-02,204.78,206.17,204.23,204.23,5248000
2013-10-03,205.62,209.78,205.06,208.67,13404000
2013-10-04,209.22,210.61,208.95,210.61,8802000
2013-10-07,210.89,212.0,207.0,207.0,6433000
2013-10-08,207.84,211.44,207.56,210.06,7698000
2013-10-09,211.44,212.0,208.95,212.0,8347000
2013-10-11,214.5,215.05,212.83,213.39,8483000
2013-10-14,214.77,214.77,210.89,213.39,6041000
2013-10-15,215.33,218.66,213.94,218.66,10988000
2013-10-16,219.21,220.6,215.61,216.16,8562000
2013-10-17,218.66,219.77,216.44,218.66,6192000
2013-10-18,220.05,220.05,218.1,219.21,3492000
2013-10-21,220.32,220.32,216.16,217.27,4853000
2013-10-22,215.33,217.27,213.66,217.27,5924000
2013-10-23,218.1,220.32,217.27,219.77,6210000
2013-10-24,219.21,219.21,217.27,218.66,4751000
2013-10-25,216.99,218.66,215.33,215.61,3099000
2013-10-28,215.61,218.38,215.05,216.99,2970000
2013-10-29,217.27,219.77,216.44,219.21,4223000
2013-10-30,220.32,221.16,217.83,219.21,4069000
2013-10-31,220.05,223.1,218.66,223.1,7758000
2013-11-01,224.76,228.93,223.93,224.49,6689000
2013-11-04,229.76,240.02,229.48,240.02,21695000
2013-11-05,242.52,248.9,238.64,238.64,14893000
2013-11-06,240.3,242.52,236.14,239.75,6275000
2013-11-07,242.24,242.52,237.81,238.36,3883000
2013-11-08,238.36,241.41,236.97,237.53,3750000
2013-11-11,236.42,240.86,236.42,236.42,4061000
2013-11-12,236.42,237.53,227.54,230.31,6620000
2013-11-13,230.87,234.2,228.93,228.93,7246000
2013-11-14,227.54,231.98,227.54,227.82,7198000
2013-11-15,228.65,231.42,227.82,227.82,6127000
2013-11-18,227.54,230.04,227.54,229.76,6486000
2013-11-19,231.98,239.75,230.87,239.47,9532000
2013-11-20,239.75,239.75,232.26,232.53,9138000
2013-11-21,235.31,235.31,228.93,230.31,7419000
2013-11-22,231.15,236.14,231.15,235.31,5893000
2013-11-25,238.64,239.75,236.7,237.53,5739000
2013-11-26,238.36,240.86,235.31,239.47,5966000
2013-11-27,241.41,241.41,237.81,237.81,2893000
2013-11-28,236.14,242.24,236.14,241.41,4981000
2013-11-29,243.08,243.08,240.58,241.97,5904000
2013-12-02,242.52,242.52,237.81,238.64,4370000
2013-12-03,239.19,241.41,238.36,241.13,3206000
2013-12-04,240.86,241.41,238.36,241.41,3346000
2013-12-05,241.41,241.41,238.92,238.92,2445000
2013-12-06,238.64,240.58,237.53,238.64,3903000
2013-12-09,241.41,241.41,237.53,237.53,3757000
2013-12-10,239.47,239.47,236.42,238.36,2985000
2013-12-11,238.36,239.75,236.97,238.64,3681000
2013-12-12,236.42,237.53,228.65,233.64,6519000
2013-12-13,233.64,233.64,228.65,231.42,5577000
2013-12-16,233.09,233.09,228.65,231.42,4902000
2013-12-17,233.09,235.86,232.53,235.03,5343000
2013-12-18,236.7,236.97,231.98,231.98,4951000
2013-12-19,235.86,238.08,234.75,238.08,4724000
2013-12-20,238.64,240.86,237.53,240.02,5984000
2013-12-23,241.41,242.24,239.47,239.47,4279000
2013-12-24,240.86,240.86,237.25,237.25,2764000
2013-12-25,239.19,239.47,237.53,238.64,1856000
2013-12-26,238.36,238.92,237.53,237.81,1384000
2013-12-27,240.3,242.52,238.64,241.97,5866000
2013-12-30,243.08,247.52,242.24,246.68,7132000
2013-12-31,247.52,248.07,244.74,246.13,4191000
2014-01-02,246.96,248.35,244.74,244.74,3756000
2014-01-03,245.85,245.85,240.3,241.69,3771000
2014-01-06,241.69,243.08,239.47,239.47,3237000
2014-01-07,238.64,238.92,232.26,232.26,11988000
2014-01-08,232.26,232.26,223.1,225.87,15774000
2014-01-09,226.98,230.31,226.15,228.65,8776000
2014-01-10,230.31,232.53,229.2,231.42,7060000
2014-01-13,233.09,234.2,230.59,230.59,4955000
2014-01-14,230.31,231.42,229.2,230.59,5648000
2014-01-15,230.31,233.09,228.93,232.53,10755000
2014-01-16,233.09,234.75,231.42,231.98,5624000
2014-01-17,231.98,233.09,230.31,230.31,2498000
2014-01-20,230.31,231.42,225.87,227.54,5266000
2014-01-21,223.1,223.1,214.22,215.33,17256000
2014-01-22,213.66,222.54,213.11,221.43,10317000
2014-01-23,221.99,225.04,221.99,223.1,5624000
2014-01-24,224.21,226.15,222.54,226.15,3889000
2014-01-27,223.93,225.6,220.05,222.27,7984000
2014-02-05,216.44,224.76,216.16,222.54,12088000
2014-02-06,226.98,227.54,223.93,226.15,7293000
2014-02-07,228.93,228.93,224.76,227.26,5837000
2014-02-10,229.76,230.04,226.15,227.54,2863000
2014-02-11,227.54,233.09,226.43,232.53,5554000
2014-02-12,235.86,242.24,235.86,240.86,13075000
2014-02-13,240.86,240.86,237.53,238.08,4879000
2014-02-14,240.86,242.8,237.81,239.47,5243000
2014-02-17,241.13,241.13,237.81,238.08,3494000
2014-02-18,240.86,240.86,238.36,240.58,2678000
2014-02-19,241.41,241.41,239.19,241.41,2648000
2014-02-20,241.41,242.52,240.02,241.41,3914000
2014-02-21,242.52,242.52,240.58,241.97,3931000
2014-02-24,241.97,242.8,241.41,241.97,2858000
2014-02-25,243.08,248.07,243.08,247.24,9653000
2014-02-26,246.96,249.18,246.41,247.24,8131000
2014-02-27,248.63,252.51,245.85,246.96,9991000
2014-03-03,251.4,251.4,245.85,249.74,8013000
2014-03-04,250.85,251.96,246.96,246.96,4573000
2014-03-05,249.74,251.4,248.35,250.01,5231000
2014-03-06,250.57,258.06,250.29,258.06,10955000
2014-03-07,261.39,267.22,258.34,262.5,13983000
2014-03-10,264.72,265.83,261.11,261.95,4745000
2014-03-11,263.06,265.55,262.22,263.33,3695000
2014-03-12,255.29,260.0,253.07,253.07,7823000
2014-03-13,253.07,256.12,250.29,250.85,9183000
2014-03-14,249.74,256.12,248.63,255.29,5808000
2014-03-17,253.07,254.18,249.18,251.4,4471000
2014-03-18,252.51,253.9,249.18,251.4,4554000
2014-03-19,248.63,248.63,243.35,244.19,8919000
2014-03-20,243.63,248.07,243.35,246.13,6015000
2014-03-21,249.18,249.18,245.57,245.57,4530000
2014-03-24,245.3,246.68,240.3,246.41,5351000
2014-03-25,243.08,250.29,242.52,250.29,3920000
2014-03-26,253.07,255.01,251.96,253.9,5185000
2014-03-27,251.4,253.9,250.57,250.85,3561000
2014-03-28,249.74,253.07,245.85,246.96,4775000
2014-03-31,246.96,250.57,246.68,249.46,4268000
2014-04-01,249.18,257.23,248.9,257.23,5687000
2014-04-02,258.62,262.5,257.78,259.17,6507000
2014-04-03,260.84,261.95,253.34,254.18,5591000
2014-04-07,251.96,256.67,250.85,255.84,9042000
2014-04-08,258.06,259.17,253.07,255.29,10188000
2014-04-09,255.84,257.51,255.29,256.12,5257000
2014-04-10,257.23,260.56,256.67,260.56,5112000
2014-04-11,258.06,258.34,256.95,258.06,3835000
2014-04-14,256.95,258.06,253.62,255.29,4942000
2014-04-15,255.29,256.4,251.4,253.34,4661000
2014-04-16,254.45,255.01,250.85,250.85,4250000
2014-04-17,253.62,259.73,252.51,256.12,6390000
2014-04-18,258.62,258.62,253.62,253.62,2073000
2014-04-21,254.73,261.95,254.18,260.28,3822000
2014-04-22,261.39,263.61,260.84,260.84,5527000
2014-04-23,263.06,264.17,259.73,262.22,4775000
2014-04-24,262.5,264.72,258.62,264.72,5457000
2014-04-25,266.39,270.55,259.73,260.28,11563000
2014-04-28,260.28,271.94,259.73,269.44,11030000
2014-04-29,270.83,272.21,266.94,268.33,7493000
2014-04-30,270.27,270.27,261.95,261.95,7464000
2014-05-02,280.26,280.26,277.49,280.26,20815000
2014-05-05,287.48,294.13,283.59,284.7,15410000
2014-05-06,285.26,288.03,280.82,282.48,8027000
2014-05-07,281.37,287.48,280.82,287.48,7455000
2014-05-08,291.36,293.58,283.59,284.15,8663000
2014-05-09,284.15,286.92,280.82,280.82,4004000
2014-05-12,280.82,280.82,273.6,273.88,8660000
2014-05-13,275.27,278.6,270.83,272.77,9360000
2014-05-14,276.38,279.71,274.16,279.71,5902000
2014-05-15,280.26,282.48,277.21,277.49,3817000
2014-05-16,274.43,278.6,269.99,278.6,7868000
2014-05-19,279.15,281.93,273.05,273.05,5875000
2014-05-20,274.43,276.93,272.49,273.05,4734000
2014-05-21,273.88,275.27,270.83,271.1,5048000
2014-05-22,274.71,280.26,273.05,280.26,7338000
2014-05-23,279.15,280.26,275.82,276.65,4988000
2014-05-26,277.49,278.6,274.43,274.43,4488000
2014-05-27,277.49,284.15,276.38,282.48,8464000
2014-05-28,282.48,282.48,278.6,281.93,4976000
2014-05-29,279.15,279.15,275.27,276.38,7091000
2014-05-30,277.49,278.6,270.27,270.27,11017000
2014-06-03,275.54,276.1,271.66,273.05,6744000
2014-06-04,274.71,275.82,272.21,272.21,4716000
2014-06-05,272.49,282.48,271.66,281.37,10437000
2014-06-06,281.37,281.37,277.21,277.49,4568000
2014-06-09,283.04,285.26,281.37,282.48,5933000
2014-06-10,285.26,285.26,281.37,283.04,4646000
2014-06-11,279.15,281.93,278.6,280.82,3814000
2014-06-12,277.49,279.15,275.82,277.49,5864000
2014-06-13,277.49,280.26,276.65,277.49,4140000
2014-06-16,275.82,276.93,273.6,275.54,5421000
2014-06-17,278.04,283.04,277.21,283.04,7880000
2014-06-18,285.26,285.81,281.37,284.7,8117000
2014-06-19,285.81,288.03,284.7,287.48,5292000
2014-06-20,286.37,287.47,282.48,282.48,4300000
2014-06-23,285.26,285.26,282.48,283.59,4252000
2014-06-24,283.04,284.7,280.26,280.26,2820000
2014-06-25,280.26,281.37,277.21,280.26,6152000
2014-06-26,283.04,286.92,282.48,285.81,4828000
2014-06-27,280.26,281.37,276.38,278.04,10514000
2014-06-30,280.26,280.26,278.04,280.26,3592000
2014-07-01,277.49,283.04,275.54,281.93,5453000
2014-07-02,285.81,288.58,283.04,287.48,11825000
2014-07-03,288.03,302.46,285.26,296.91,17283000
2014-07-04,300.91,304.33,298.62,300.34,9000000
2014-07-07,298.05,303.19,295.2,303.19,8069000
2014-07-08,300.91,301.48,298.05,298.05,3753000
2014-07-09,297.48,299.76,295.77,296.34,3573000
2014-07-10,298.05,298.62,292.34,294.05,6469000
2014-07-11,290.06,292.91,286.06,286.06,6856000
2014-07-14,285.2,287.77,280.35,287.2,8715000
2014-07-15,287.2,287.77,283.21,283.21,6806000
2014-07-16,285.49,290.06,283.49,283.78,8698000
2014-07-17,283.21,286.63,281.49,282.64,4836000
2014-07-18,282.06,288.92,281.21,287.77,4138000
2014-07-21,290.63,296.34,289.49,289.49,5975000
2014-07-22,294.63,295.2,291.77,295.2,4041000
2014-07-23,295.2,295.2,295.2,295.2,0
2014-07-24,296.91,298.05,292.91,292.91,4000000
2014-07-25,297.48,297.48,287.77,289.49,5326000
2014-07-28,291.2,292.34,286.06,287.2,3995000
2014-07-29,291.2,291.2,282.92,284.35,6022000
2014-07-30,286.06,288.34,284.35,286.63,4677000
2014-07-31,280.35,280.35,266.93,267.79,21138000
2014-08-01,278.64,285.49,276.35,283.49,16694000
2014-08-04,284.63,286.06,280.92,280.92,6499000
2014-08-05,279.78,282.64,278.07,278.07,6429000
2014-08-06,281.78,288.34,279.21,287.2,8115000
2014-08-07,288.34,290.63,280.92,280.92,6172000
2014-08-08,284.35,284.35,278.92,280.07,5038000
2014-08-11,280.07,285.49,280.07,282.64,2951000
2014-08-12,283.21,283.21,279.49,279.49,3790000
2014-08-13,279.78,284.92,279.78,284.63,2764000
2014-08-14,288.34,288.34,284.92,285.49,3006000
2014-08-15,287.77,287.77,284.35,285.49,1374000
2014-08-18,286.63,287.2,284.63,285.49,1910000
2014-08-19,287.77,294.05,287.2,291.2,7055000
2014-08-20,291.77,294.05,290.06,292.34,3768000
2014-08-21,294.63,294.63,289.49,292.91,4208000
2014-08-22,294.05,294.05,288.34,290.63,5896000
2014-08-25,291.77,291.77,286.06,286.06,3140000
2014-08-26,285.49,288.34,282.35,282.64,5977000
2014-08-27,284.92,287.2,282.63,286.06,6346000
2014-08-28,287.2,287.2,282.63,283.49,2450000
2014-08-29,285.2,285.49,283.49,285.2,3012000
2014-09-01,286.63,295.2,285.49,294.05,10140000
2014-09-02,291.77,294.63,290.06,294.05,7419000
2014-09-03,295.77,298.05,291.77,293.48,7139000
2014-09-04,293.48,294.05,290.63,294.05,3420000
2014-09-05,296.91,296.91,292.34,292.91,5114000
2014-09-09,296.34,300.91,294.63,296.91,11249000
2014-09-10,294.05,295.77,292.34,292.91,3959000
2014-09-11,292.91,294.05,290.63,291.2,2791000
2014-09-12,290.06,290.63,285.49,288.92,6390000
2014-09-15,288.34,289.49,285.49,286.06,3430000
2014-09-16,286.06,287.2,283.78,283.78,3734000
2014-09-17,284.63,288.34,284.06,284.06,5542000
2014-09-18,284.63,287.77,284.63,285.49,2901000
2014-09-19,286.06,287.2,283.78,283.78,3980000
2014-09-22,285.2,286.63,280.92,282.06,6535000
2014-09-23,279.78,279.78,270.07,270.07,11345000
2014-09-24,264.36,264.36,251.8,255.8,24858000
2014-09-25,257.51,262.94,256.94,257.23,11386000
2014-09-26,256.94,261.22,252.09,259.8,11617000
2014-09-29,259.8,259.8,252.66,254.09,12741000
2014-09-30,251.8,258.65,251.8,257.23,11052000
2014-10-01,257.51,261.51,255.8,261.22,7418000
2014-10-02,258.94,260.94,256.94,260.37,4973000
2014-10-03,258.94,260.94,258.65,259.8,3790000
2014-10-06,259.8,268.08,259.8,266.08,6213000
2014-10-07,259.8,263.22,257.23,260.08,7265000
2014-10-08,253.23,255.8,252.37,252.94,11128000
2014-10-09,252.94,254.94,239.24,239.81,14118000
2014-10-13,228.96,234.1,226.39,230.1,17085000
2014-10-14,229.53,238.96,229.25,238.96,7959000
2014-10-15,244.66,251.23,240.95,243.81,12874000
2014-10-16,238.67,242.95,238.67,240.95,9667000
2014-10-17,242.67,245.24,234.96,239.81,8526000
2014-10-20,243.24,244.66,238.67,238.67,4402000
2014-10-21,242.67,244.38,239.81,239.81,3987000
2014-10-22,244.95,244.95,241.24,242.95,2933000
2014-10-23,242.67,242.67,239.81,239.81,2409000
2014-10-24,242.38,242.38,238.67,239.24,2550000
2014-10-27,241.24,241.24,231.53,238.67,3784000
2014-10-28,240.95,244.38,238.96,242.67,3939000
2014-10-29,245.24,250.09,243.24,248.66,6045000
2014-10-30,248.38,248.38,242.67,244.66,3625000
2014-10-31,246.95,247.23,243.52,247.23,4080000
2014-11-03,248.95,252.37,248.66,249.8,5233000
2014-11-04,250.95,250.95,246.09,247.81,3868000
2014-11-05,246.66,247.81,243.52,243.52,3758000
2014-11-06,244.38,244.38,235.24,235.81,6324000
2014-11-07,236.39,247.23,236.39,243.81,9575000
2014-11-10,248.09,258.37,246.95,258.08,11470000
2014-11-11,259.8,260.37,254.37,254.37,6741000
2014-11-12,259.8,259.8,254.09,255.8,5159000
2014-11-13,259.8,259.8,256.08,259.22,4072000
2014-11-14,262.08,262.08,258.65,260.08,4934000
2014-11-17,261.51,261.51,254.66,255.8,4401000
2014-11-18,256.94,256.94,248.95,249.8,5259000
2014-11-19,249.52,253.52,249.23,251.23,7230000
2014-11-20,250.66,254.37,250.66,251.23,4371000
2014-11-21,254.66,255.51,250.95,254.09,4297000
2014-11-24,259.22,259.22,255.8,256.94,2369000
2014-11-25,256.94,258.65,254.09,256.94,4654000
2014-11-26,259.22,261.51,257.8,260.94,4343000
2014-11-27,262.65,269.79,262.65,265.51,9114000
2014-11-28,268.93,269.5,264.93,265.51,4963000
2014-12-01,262.65,265.51,260.37,264.36,4926000
2014-12-02,260.65,261.79,258.65,258.65,4548000
2014-12-03,260.37,264.93,258.65,263.79,4594000
2014-12-04,265.51,269.22,264.65,266.65,6155000
2014-12-05,265.51,265.79,259.22,261.51,7320000
2014-12-08,256.94,257.8,248.95,248.95,9072000
2014-12-09,250.09,252.66,248.09,250.09,6715000
2014-12-10,250.09,251.8,245.52,245.52,4601000
2014-12-11,245.24,248.38,244.95,247.81,4064000
2014-12-12,250.66,253.52,249.23,251.52,3834000
2014-12-15,251.23,252.37,248.38,250.95,3518000
2014-12-16,249.52,250.66,248.66,250.09,3722000
2014-12-17,250.09,252.94,250.09,251.23,7082000
2014-12-18,253.8,254.66,252.37,254.37,5552000
2014-12-19,256.94,261.22,256.08,260.94,7647000
2014-12-22,262.65,262.65,257.23,259.8,3835000
2014-12-23,262.65,262.65,258.65,261.51,2605000
2014-12-24,262.65,267.22,262.65,265.22,3684000
2014-12-25,265.51,265.79,262.94,263.51,1209000
2014-12-26,263.79,265.51,263.22,264.93,1152000
2014-12-29,266.08,267.79,264.36,266.93,2886000
2014-12-30,266.93,268.65,263.79,263.79,2309000
2014-12-31,264.36,264.93,262.65,263.79,1675000
2015-01-05,262.65,266.65,262.65,263.79,2459000
2015-01-06,262.65,263.79,261.51,261.51,5915000
2015-01-07,267.22,278.07,266.36,277.78,13046000
2015-01-08,281.21,282.35,276.64,276.93,8367000
2015-01-09,280.92,282.64,278.64,278.64,7473000
2015-01-12,279.78,282.35,277.78,278.64,4567000
2015-01-13,276.93,278.64,274.64,275.78,4379000
2015-01-14,278.92,280.92,276.64,278.64,6673000
2015-01-15,278.64,279.78,276.07,277.5,4218000
2015-01-16,276.07,277.21,270.93,271.5,5495000
2015-01-19,275.5,279.21,273.78,278.07,5005000
2015-01-20,278.64,279.78,276.35,279.78,3760000
2015-01-21,281.49,282.64,281.21,281.78,4347000
2015-01-22,283.21,284.35,280.64,282.92,5372000
2015-01-23,284.63,285.49,280.64,282.35,5234000
2015-01-26,282.06,288.34,282.06,287.77,6872000
2015-01-27,287.77,287.77,284.63,286.63,4814000
2015-01-28,286.63,287.77,284.63,286.63,2744000
2015-01-29,283.78,285.2,281.49,284.06,3136000
2015-01-30,284.06,284.35,275.78,275.78,6713000
2015-02-02,279.21,279.21,274.07,275.5,3725000
2015-02-03,275.5,279.21,274.36,276.93,3138000
2015-02-04,280.92,281.78,276.35,276.93,4591000
2015-02-05,278.92,280.64,276.07,276.93,4312000
2015-02-06,278.07,278.92,271.79,273.5,4475000
2015-02-09,277.21,279.78,274.36,278.64,5017000
2015-02-10,259.22,259.22,259.22,259.22,8483000
2015-02-11,248.38,259.8,247.81,259.22,33523000
2015-02-12,260.37,261.79,258.94,261.51,8398000
2015-02-13,261.51,262.65,260.37,262.08,5977000
2015-02-24,267.22,270.07,263.79,268.36,10989000
2015-02-25,270.07,271.79,268.65,270.36,5781000
2015-02-26,271.79,271.79,268.65,270.07,5566000
2015-03-02,271.79,272.36,270.64,272.36,5087000
2015-03-03,273.5,274.07,270.07,273.21,3844000
2015-03-04,272.93,274.07,271.22,271.5,3914000
2015-03-05,272.93,272.93,270.93,271.5,4026000
2015-03-06,268.65,270.07,266.65,268.65,6985000
2015-03-09,265.51,266.65,262.08,262.65,7085000
2015-03-10,260.37,264.08,260.37,262.65,6541000
2015-03-11,259.8,261.22,258.94,258.94,6111000
2015-03-12,256.66,261.79,256.37,258.94,6142000
2015-03-13,261.51,261.51,255.8,255.8,6080000
2015-03-16,253.8,254.66,246.66,246.66,13722000
2015-03-17,245.52,248.38,243.24,245.52,13157000
2015-03-18,247.23,252.09,246.66,248.66,9237000
2015-03-19,250.09,251.52,247.81,247.81,6401000
2015-03-20,245.52,252.37,245.52,248.95,10052000
2015-03-23,250.37,251.8,248.66,250.37,7060000
2015-03-24,251.8,257.51,250.66,254.66,11538000
2015-03-25,256.94,258.65,250.95,252.94,8918000
2015-03-26,248.38,251.52,246.66,251.23,11711000
2015-03-27,248.38,249.52,238.38,239.24,13931000
2015-03-30,240.67,241.52,237.24,238.67,9159000
2015-03-31,242.67,243.52,239.81,241.81,7113000
2015-04-01,243.24,243.24,237.81,239.53,5400000
2015-04-02,238.96,240.38,233.53,235.24,9989000
2015-04-07,235.24,241.24,235.24,240.38,11800000
2015-04-08,243.52,243.52,238.67,240.38,5969000
2015-04-09,243.24,244.09,240.38,240.95,5696000
2015-04-10,244.95,244.95,239.81,240.67,7566000
2015-04-13,239.81,240.95,238.67,239.53,4201000
2015-04-14,239.81,240.1,236.39,236.96,8017000
2015-04-15,234.1,234.67,227.54,227.54,14613000
2015-04-16,228.96,233.82,228.96,233.53,8235000
2015-04-17,230.68,231.82,228.68,228.96,7490000
2015-04-20,226.68,228.96,222.68,222.68,9072000
2015-04-21,223.25,226.39,223.25,223.25,8377000
2015-04-22,224.4,230.68,224.4,229.53,9177000
2015-04-23,230.68,232.67,229.53,230.1,6949000
2015-04-24,231.82,243.52,231.82,239.24,15904000
2015-04-27,239.24,242.1,234.1,234.39,7423000
2015-04-28,236.96,236.96,227.54,227.82,10019000
2015-04-29,228.96,231.82,228.39,228.68,5123000
2015-04-30,225.54,228.11,224.68,225.54,9158000
2015-05-04,211.83,219.83,211.83,216.97,17037000
2015-05-05,215.83,218.69,211.83,213.83,9597000
2015-05-06,212.98,215.26,210.12,211.26,8291000
2015-05-07,210.69,212.12,208.98,210.41,8355000
2015-05-08,210.69,216.69,210.69,214.97,8499000
2015-05-11,218.11,218.11,211.26,211.26,6182000
2015-05-12,212.98,214.12,211.83,212.12,5812000
2015-05-13,216.4,226.96,214.69,226.96,15148000
2015-05-14,226.96,229.53,224.4,224.4,12611000
2015-05-15,227.25,230.1,222.68,222.68,5303000
2015-05-18,222.68,228.11,221.54,223.54,7013000
2015-05-19,223.82,225.54,221.54,223.82,6483000
2015-05-20,225.54,229.25,225.54,228.11,8304000
2015-05-21,226.39,230.39,226.11,228.39,7276000
2015-05-22,231.25,235.24,230.1,234.1,8970000
2015-05-25,231.53,233.53,226.39,226.96,6723000
2015-05-26,228.96,230.1,227.25,228.11,3141000
2015-05-27,228.11,230.1,228.11,228.39,4556000
2015-05-28,234.1,235.24,231.82,233.53,8893000
2015-05-29,234.1,236.67,234.1,236.67,10946000
2015-06-01,238.67,238.67,232.39,234.1,4976000
2015-06-02,235.53,236.67,232.96,234.1,5371000
2015-06-03,234.67,237.24,233.82,234.1,3678000
2015-06-04,234.1,234.1,230.1,230.1,5871000
2015-06-05,229.53,230.39,227.25,228.68,5602000
2015-06-08,228.39,230.1,226.11,228.68,3255000
2015-06-09,229.53,233.53,228.96,229.25,3626000
2015-06-10,231.25,233.53,230.1,230.39,4813000
2015-06-11,230.96,232.39,228.96,230.39,4199000
2015-06-12,232.1,238.67,230.96,237.53,7263000
2015-06-15,238.67,239.53,232.67,233.53,5733000
2015-06-16,234.96,237.81,234.67,235.53,4161000
2015-06-17,237.24,242.67,235.81,242.38,9555000
2015-06-18,241.52,242.38,239.81,241.24,4858000
2015-06-22,242.67,248.95,242.67,247.81,8099000
2015-06-23,249.8,250.95,243.24,243.24,6742000
2015-06-24,242.67,242.95,240.1,240.67,5255000
2015-06-25,240.95,246.95,240.95,246.95,5915000
2015-06-26,244.38,246.09,240.95,242.67,6247000
2015-06-29,239.81,244.09,239.81,243.24,5090000
2015-06-30,243.24,243.24,240.38,240.95,4461000
2015-07-01,242.1,245.52,242.1,244.09,4018000
2015-07-02,242.38,243.81,240.38,240.38,4602000
2015-07-03,239.81,243.24,238.96,243.24,4670000
2015-07-06,240.38,242.38,239.24,239.24,3558000
2015-07-07,238.67,240.95,236.1,238.67,5591000
2015-07-08,236.67,236.96,228.39,230.1,11526000
2015-07-09,222.68,229.53,220.97,228.39,13737000
2015-07-10,228.39,228.39,228.39,228.39,0
2015-07-13,223.25,228.39,223.25,227.25,8025000
2015-07-14,226.11,228.39,222.11,222.11,12023000
2015-07-15,227.26,228.47,225.14,225.74,9487000
2015-07-16,226.35,227.26,221.51,223.32,6949000
2015-07-17,223.32,223.62,219.39,220.9,6786000
2015-07-20,221.2,221.81,203.35,209.7,15727000
2015-07-21,207.28,216.06,207.28,216.06,7202000
2015-07-22,212.43,214.24,210.61,212.13,5943000
2015-07-23,212.13,213.34,204.86,206.98,8501000
2015-07-24,205.77,206.98,197.3,197.3,11124000
2015-07-27,197.3,201.84,192.15,192.15,9601000
2015-07-28,193.67,198.51,193.67,194.57,7958000
2015-07-29,194.88,199.11,194.27,195.18,6259000
2015-07-30,200.32,201.53,196.69,197.9,8012000
2015-07-31,197.9,200.93,194.88,200.93,7007000
2015-08-03,180.96,180.96,180.96,180.96,5047000
2015-08-04,166.43,173.69,165.83,169.46,27160000
2015-08-05,174.0,174.0,162.2,163.41,16836000
2015-08-06,166.43,168.25,162.5,166.43,9617000
2015-08-07,165.22,170.97,161.59,168.25,9735000
2015-08-10,169.76,176.42,166.43,174.3,10242000
2015-08-11,179.14,180.05,171.88,171.88,8900000
2015-08-12,172.48,173.39,167.04,169.46,11023000
2015-08-13,169.46,171.27,167.64,169.16,8400000
2015-08-14,169.46,169.46,160.38,163.41,13702000
2015-08-17,162.2,162.2,159.17,160.38,7410000
2015-08-18,161.59,164.31,161.29,161.59,4985000
2015-08-19,160.68,161.89,157.96,157.96,6486000
2015-08-20,157.35,159.17,153.72,157.35,14019000
2015-08-21,154.03,155.54,152.51,153.72,12153000
2015-08-24,151.3,151.3,138.59,138.59,13145000
2015-08-25,137.99,145.25,137.38,142.22,18114000
2015-08-26,141.01,141.62,137.38,138.9,16231000
2015-08-27,142.53,144.04,137.99,139.2,19428000
2015-08-28,147.07,153.12,145.85,153.12,20465000
2015-08-31,154.33,154.93,149.18,151.91,13268000
2015-09-01,150.39,151.0,144.95,148.28,9367000
2015-09-02,146.76,148.28,145.55,147.07,8877000
2015-09-03,147.07,150.09,145.86,146.46,6643000
2015-09-04,146.46,153.72,146.46,146.46,13824000
2015-09-07,146.46,150.39,146.46,149.18,7237000
2015-09-08,151.3,155.84,151.3,154.33,11779000
2015-09-09,157.96,169.76,157.35,169.46,15555000
2015-09-10,166.13,167.64,163.41,165.22,10355000
2015-09-11,165.22,171.58,165.22,167.64,9878000
2015-09-14,170.97,171.27,166.43,167.64,4999000
2015-09-15,167.04,167.64,163.41,164.01,4268000
2015-09-16,166.73,167.34,164.62,167.04,6371000
2015-09-17,170.37,171.58,167.64,167.64,6692000
2015-09-18,169.46,169.76,167.64,168.55,5487000
2015-09-21,166.43,166.43,158.87,159.47,13017000
2015-09-22,157.35,158.87,154.93,157.35,12116000
2015-09-23,154.33,154.63,150.09,151.91,13089000
2015-09-24,151.91,153.12,142.83,142.83,20145000
2015-09-25,141.92,145.85,141.32,143.43,11612000
2015-09-29,143.43,143.43,143.43,143.43,0
2015-09-30,139.8,148.58,139.5,147.37,15034000
2015-10-01,150.09,153.12,149.18,151.6,10776000
2015-10-02,151.6,152.51,149.79,151.0,7712000
2015-10-05,151.0,151.3,146.46,147.07,11290000
2015-10-06,149.49,150.7,147.67,148.28,11247000
2015-10-07,149.79,156.14,148.88,156.14,15450000
2015-10-08,160.08,162.2,158.56,160.68,16673000
2015-10-12,162.8,164.31,159.77,161.29,9383000
2015-10-13,163.41,167.95,161.89,167.64,15168000
2015-10-14,167.64,167.64,164.31,164.92,7220000
2015-10-15,166.13,167.64,164.31,167.04,7383000
2015-10-16,167.34,167.34,164.62,167.04,8034000
2015-10-19,168.25,168.55,164.92,165.83,4797000
2015-10-20,167.04,167.34,164.92,166.43,5026000
2015-10-21,166.43,166.73,159.17,160.08,10932000
2015-10-22,157.96,163.41,157.96,161.59,9351000
2015-10-23,164.92,164.92,160.99,161.59,8189000
2015-10-26,162.8,164.92,162.2,164.31,5593000
2015-10-27,161.89,162.5,159.47,160.08,7108000
2015-10-28,159.17,160.08,152.51,154.93,16425000
2015-10-29,156.75,156.75,152.81,153.12,6685000
2015-10-30,152.51,156.45,151.0,154.03,7042000
2015-11-02,157.05,164.01,157.05,163.41,18087000
2015-11-03,166.43,168.85,165.52,167.04,17449000
2015-11-04,171.27,183.68,170.06,183.08,29579000
2015-11-05,185.8,185.8,178.84,179.75,10867000
2015-11-06,179.75,179.75,174.3,174.3,14429000
2015-11-09,174.3,177.33,171.88,173.09,8403000
2015-11-10,170.97,177.02,170.97,172.79,10261000
2015-11-11,172.79,174.3,165.83,166.43,10949000
2015-11-12,166.43,168.25,160.38,164.62,8857000
2015-11-13,164.31,167.95,160.38,160.68,9976000
2015-11-16,160.38,164.92,158.87,163.71,7832000
2015-11-17,165.83,166.13,160.38,160.68,9165000
2015-11-18,159.17,160.38,155.54,156.14,9502000
2015-11-19,156.14,160.38,154.93,160.38,8340000
2015-11-20,158.56,160.08,157.35,158.26,4671000
2015-11-23,159.77,166.43,157.35,166.43,13187000
2015-11-24,167.04,168.55,161.89,162.2,10319000
2015-11-25,164.01,165.83,158.87,158.87,9412000
2015-11-26,162.2,165.83,160.68,165.83,10174000
2015-11-27,165.22,165.52,161.29,161.59,5556000
2015-11-30,159.17,160.08,155.54,157.66,12016000
2015-12-01,157.96,159.77,154.93,157.96,13792000
2015-12-02,159.17,164.01,158.87,162.8,11601000
2015-12-03,161.59,166.43,161.29,165.83,9698000
2015-12-04,163.41,164.01,161.59,162.8,5555000
2015-12-07,164.31,166.43,164.01,166.43,7250000
2015-12-08,165.83,166.43,162.8,163.41,6731000
2015-12-09,163.71,164.31,159.77,159.77,5235000
2015-12-10,157.35,159.17,156.45,157.35,6552000
2015-12-11,157.96,159.77,155.84,155.84,5445000
2015-12-14,156.75,157.35,153.12,154.33,5006000
2015-12-15,154.63,158.56,154.63,156.75,6203000
2015-12-16,154.33,155.54,151.3,153.12,9756000
2015-12-17,154.03,157.66,153.42,156.75,5357000
2015-12-18,156.45,157.35,154.93,156.75,5487000
2015-12-21,153.72,155.24,153.12,153.72,6898000
2015-12-22,156.14,161.89,156.14,157.66,8666000
2015-12-23,157.66,158.87,155.54,155.54,4871000
2015-12-24,156.75,157.66,154.03,154.03,3300000
2015-12-25,154.03,155.54,154.03,155.24,1982000
2015-12-28,156.14,157.96,155.84,157.05,2633000
2015-12-29,154.93,154.93,150.09,151.3,14275000
2015-12-30,151.3,151.91,149.18,150.39,7914000
2015-12-31,151.3,151.91,150.7,151.3,3131000
2016-01-04,151.91,152.51,148.28,148.28,5380000
2016-01-05,148.28,149.49,146.46,146.76,4972000
2016-01-06,146.46,146.76,133.15,137.38,18427000
2016-01-07,136.47,136.78,124.07,124.67,21198000
2016-01-08,122.25,131.33,122.25,129.21,15233000
2016-01-11,126.49,127.4,123.16,126.49,10884000
2016-01-12,127.09,128.0,122.86,124.98,9085000
2016-01-13,127.09,127.4,123.46,124.98,10201000
2016-01-14,121.95,125.88,118.32,125.88,14169000
2016-01-15,127.09,128.3,121.34,124.07,10837000
2016-01-18,121.65,128.0,121.04,127.09,7459000
2016-01-19,127.09,134.05,126.49,131.03,10276000
2016-01-20,130.42,130.42,127.09,127.09,7039000
2016-01-21,128.91,129.51,126.79,127.09,5090000
2016-01-22,129.21,130.42,128.0,128.3,4294000
2016-01-25,130.72,131.33,129.51,129.82,3714000
2016-01-26,127.7,128.3,125.58,126.49,5465000
2016-01-27,127.7,128.61,127.09,127.7,2168000
2016-01-28,125.88,128.0,125.58,125.88,7225000
2016-01-29,124.98,130.12,121.95,129.51,13216000
2016-02-01,131.03,131.03,126.79,127.09,8530000
2016-02-02,117.41,129.51,117.11,128.3,19680000
2016-02-03,124.98,126.19,121.04,121.04,15159000
2016-02-15,122.86,125.88,122.55,124.37,9801000
2016-02-16,126.19,128.91,125.28,128.0,10065000
2016-02-17,129.21,130.12,127.09,127.09,6717000
2016-02-18,129.51,133.15,128.91,133.15,10812000
2016-02-19,134.36,134.96,131.94,133.45,5433000
2016-02-22,134.66,139.5,134.05,138.59,10789000
2016-02-23,140.11,140.41,137.99,139.8,8271000
2016-02-24,139.2,139.2,136.78,137.38,5317000
2016-02-25,139.2,142.22,138.59,141.92,7704000
2016-02-26,141.62,143.74,140.71,142.83,5875000
2016-03-01,141.32,141.92,139.5,140.71,4833000
2016-03-02,142.53,142.83,141.32,141.62,4584000
2016-03-03,143.13,147.07,143.13,145.25,8696000
2016-03-04,145.85,145.85,143.74,145.25,3814000
2016-03-07,146.46,147.07,141.62,142.22,4541000
2016-03-08,142.83,144.34,139.8,142.22,4585000
2016-03-09,141.01,144.34,139.2,144.34,5789000
2016-03-10,144.34,144.64,140.71,140.71,5187000
2016-03-11,141.92,146.46,141.62,145.85,7326000
2016-03-14,148.28,159.17,148.28,157.35,17164000
2016-03-15,159.17,160.38,149.49,150.09,13512000
2016-03-16,151.6,154.63,151.3,152.81,6006000
2016-03-17,156.14,157.35,152.51,152.81,10104000
2016-03-18,153.72,156.14,153.12,156.14,7834000
2016-03-21,154.93,155.54,153.42,155.54,4711000
2016-03-22,155.24,155.24,147.37,150.09,7882000
2016-03-23,147.97,151.0,145.25,147.37,6204000
2016-03-24,147.37,149.79,146.76,148.88,4197000
2016-03-25,149.79,149.79,147.07,147.37,1801000
2016-03-28,147.37,147.67,144.04,145.25,3132000
2016-03-29,144.95,150.09,144.95,147.67,3917000
2016-03-30,149.49,152.51,148.88,151.0,8398000
2016-03-31,151.91,152.21,147.37,149.49,5994000
2016-04-01,146.46,147.67,144.64,145.85,5715000
2016-04-06,144.04,144.34,139.8,139.8,8188000
2016-04-07,140.71,143.43,138.59,138.59,8538000
2016-04-08,137.99,140.11,137.99,138.9,5109000
2016-04-11,141.01,141.92,139.2,140.41,6181000
2016-04-12,141.01,141.62,134.05,134.36,6521000
2016-04-13,136.17,137.99,135.57,136.47,6713000
2016-04-14,140.41,141.62,138.59,139.8,6587000
2016-04-15,141.01,142.53,140.71,141.62,5190000
2016-04-18,142.83,142.83,139.5,141.92,2732000
2016-04-19,143.43,144.04,140.41,140.71,3016000
2016-04-20,142.53,143.43,140.11,140.41,4671000
2016-04-21,141.62,142.83,140.11,141.62,3074000
2016-04-22,141.92,142.22,137.99,139.2,3506000
2016-04-25,139.2,139.5,135.57,137.99,3629000
2016-04-26,139.2,143.74,139.2,143.13,12542000
2016-04-27,143.43,148.88,141.92,146.46,11216000
2016-04-28,148.28,148.28,142.83,142.83,6520000
2016-04-29,141.62,141.62,138.9,139.2,5620000
2016-05-03,125.88,129.82,125.88,127.7,19708000
2016-05-04,127.09,127.7,121.04,121.95,17084000
2016-05-05,121.65,124.37,121.04,122.86,7907000
2016-05-06,121.34,121.65,116.2,116.2,24238000
2016-05-09,118.92,121.95,118.62,118.62,15365000
2016-05-10,120.44,123.46,119.23,123.46,9119000
2016-05-11,124.67,125.88,121.04,121.04,6334000
2016-05-12,121.34,122.86,121.04,121.04,3710000
2016-05-13,121.04,121.04,121.04,121.04,0
2016-05-16,126.49,126.79,121.95,121.95,10076000
2016-05-17,123.16,123.16,121.04,122.55,5011000
2016-05-18,121.65,123.46,121.34,123.16,4352000
2016-05-19,123.46,123.76,121.04,121.04,4027000
2016-05-20,121.95,123.16,121.04,122.25,4002000
2016-05-23,123.46,128.3,122.86,127.09,8679000
2016-05-24,128.3,128.91,125.88,126.49,5241000
2016-05-25,128.91,129.51,127.4,127.7,4675000
2016-05-26,129.21,130.72,128.0,129.51,7984000
2016-05-27,130.72,131.03,128.0,128.61,4495000
2016-05-30,128.91,132.84,128.91,131.03,7906000
2016-05-31,134.05,136.17,131.94,133.15,17211000
2016-06-01,133.15,134.96,132.84,134.36,4852000
2016-06-02,136.17,136.47,129.82,130.12,11610000
2016-06-03,130.72,132.54,130.72,132.54,5373000
2016-06-06,137.38,140.41,137.38,138.9,14843000
2016-06-07,142.83,143.43,139.8,141.01,12230000
2016-06-08,142.22,142.53,137.99,139.2,12407000
2016-06-13,136.47,137.38,133.15,133.15,11112000
2016-06-14,133.15,137.38,132.24,136.17,11772000
2016-06-15,136.17,140.41,136.17,139.5,9223000
2016-06-16,139.8,139.8,136.78,136.78,6747000
2016-06-17,137.99,138.59,137.08,137.38,7338000
2016-06-20,138.9,138.9,137.08,137.68,4113000
2016-06-21,138.29,140.11,137.68,138.9,6910000
2016-06-22,140.41,140.41,138.29,138.59,4715000
2016-06-23,138.59,138.9,137.38,137.99,2393000
2016-06-24,138.29,138.59,131.94,135.26,9056000
2016-06-27,135.26,138.59,134.36,137.08,4496000
2016-06-28,135.26,138.59,134.05,138.59,6877000
2016-06-29,139.2,146.16,138.59,143.74,15035000
2016-06-30,146.76,147.97,145.25,147.67,19654000
2016-07-01,149.18,149.79,147.07,148.28,14239000
2016-07-04,148.58,155.54,148.58,154.63,16697000
2016-07-05,153.72,153.72,148.28,148.28,10917000
2016-07-06,145.25,146.46,143.43,143.43,10624000
2016-07-07,144.95,146.16,143.74,144.04,5129000
2016-07-08,144.04,144.04,144.04,144.04,0
2016-07-11,149.49,149.79,147.67,149.49,9885000
2016-07-12,150.7,151.6,149.79,150.09,8562000
2016-07-13,151.3,151.3,148.58,149.49,6293000
2016-07-14,149.79,149.79,148.28,148.88,12779000
2016-07-15,150.15,152.05,149.51,151.73,13661000
2016-07-18,152.37,153.0,151.1,152.05,5036000
2016-07-19,152.68,152.68,150.78,152.05,4953000
2016-07-20,151.42,151.42,149.51,150.78,7431000
2016-07-21,151.73,152.37,148.56,149.2,8344000
2016-07-22,150.46,150.78,148.88,149.51,5202000
2016-07-25,150.78,151.1,148.56,149.51,3316000
2016-07-26,149.2,152.68,148.25,152.68,8590000
2016-07-27,155.85,155.85,151.42,152.05,14289000
2016-07-28,152.05,154.58,150.78,154.58,6107000
2016-07-29,155.22,155.85,153.32,154.27,6177000
2016-08-01,155.53,158.07,154.27,157.75,7985000
2016-08-02,158.07,159.02,156.48,158.38,8737000
2016-08-03,155.85,157.75,155.53,157.75,5517000
2016-08-04,159.02,159.02,151.73,153.63,14502000
2016-08-05,153.63,157.75,153.63,157.75,8164000
2016-08-08,159.02,159.02,157.12,157.43,5768000
2016-08-09,158.07,158.38,157.12,158.38,3950000
2016-08-10,159.02,159.02,157.43,158.38,3066000
2016-08-11,158.7,158.7,155.22,157.43,3896000
2016-08-12,158.38,159.02,156.8,157.75,2999000
2016-08-15,158.38,158.7,156.8,157.75,2509000
2016-08-16,158.07,158.07,155.53,158.07,3809000
2016-08-17,158.07,160.6,157.75,158.7,8736000
2016-08-18,159.02,159.65,157.75,158.38,3773000
2016-08-19,158.38,158.38,155.22,155.22,5360000
2016-08-22,155.22,157.12,153.32,153.95,5158000
2016-08-23,153.63,155.53,153.63,154.58,3854000
2016-08-24,154.58,155.53,152.68,152.68,3420000
2016-08-25,153.32,154.58,153.0,153.95,4837000
2016-08-26,154.9,155.22,153.32,154.27,3444000
2016-08-29,155.22,155.53,153.32,154.9,4245000
2016-08-30,156.17,158.07,155.53,158.07,4230000
2016-08-31,158.07,159.02,156.8,158.38,6161000
2016-09-01,159.65,159.65,157.43,158.7,5590000
2016-09-02,158.38,159.02,155.22,155.22,4130000
2016-09-05,158.38,162.82,158.38,162.5,12917000
2016-09-06,162.5,162.5,159.97,160.6,6943000
2016-09-07,161.55,165.04,160.6,160.92,8711000
2016-09-08,158.7,160.6,158.7,159.02,7615000
2016-09-09,156.17,156.48,153.95,155.22,7954000
2016-09-12,151.42,152.05,150.15,151.1,5499000
2016-09-13,152.05,152.68,150.15,151.73,4518000
2016-09-14,151.42,154.58,151.42,152.05,6876000
2016-09-19,151.73,153.95,151.73,153.32,8097000
2016-09-20,155.22,157.12,154.27,155.53,9510000
2016-09-21,156.48,157.43,155.22,155.85,6637000
2016-09-22,157.12,157.43,154.9,155.53,4019000
2016-09-23,155.53,156.48,155.22,156.17,3347000
2016-09-26,154.9,155.22,154.27,154.58,4076000
2016-09-27,154.58,154.58,154.58,154.58,0
2016-09-28,154.58,154.58,154.58,154.58,0
2016-09-29,153.95,155.22,153.95,155.22,6015000
2016-09-30,150.78,153.0,150.78,152.37,6825000
2016-10-03,152.68,153.95,152.05,152.68,4515000
2016-10-04,153.95,154.9,152.68,153.95,5241000
2016-10-05,153.0,157.12,153.0,156.48,6979000
2016-10-06,153.95,154.58,153.0,154.27,11331000
2016-10-07,153.32,153.63,151.42,152.68,5810000
2016-10-11,153.95,153.95,151.42,152.68,5989000
2016-10-12,152.05,152.37,150.46,152.05,5399000
2016-10-13,151.42,151.73,150.15,150.46,6782000
2016-10-14,149.83,150.78,148.88,149.83,6505000
2016-10-17,149.83,153.0,149.83,152.68,5843000
2016-10-18,153.32,153.32,150.78,152.05,3835000
2016-10-19,152.05,152.68,150.78,150.78,3336000
2016-10-20,150.15,152.05,149.51,149.51,3790000
2016-10-21,149.51,151.1,149.2,149.2,4276000
2016-10-24,150.15,151.42,149.83,150.78,3235000
2016-10-25,155.22,155.22,152.68,153.95,5873000
2016-10-26,153.63,153.63,152.05,152.37,2860000
2016-10-27,152.37,153.32,151.1,151.42,2098000
2016-10-28,151.42,151.42,149.51,150.46,3400000
2016-10-31,150.15,152.68,150.15,152.05,4409000
2016-11-01,151.1,151.73,150.15,150.46,2866000
2016-11-02,149.83,150.78,149.51,149.83,2761000
2016-11-03,150.46,150.78,149.51,149.83,2720000
2016-11-04,148.88,149.51,142.23,143.18,10539000
2016-11-07,144.45,146.98,144.13,146.35,3873000
2016-11-08,145.08,145.08,143.18,144.45,4212000
2016-11-09,146.35,146.35,138.11,139.69,6929000
2016-11-10,142.55,143.81,140.33,140.65,5381000
2016-11-11,136.84,137.48,133.36,136.21,12770000
2016-11-14,137.48,139.06,134.94,138.43,6339000
2016-11-15,136.21,137.79,136.21,136.84,5243000
2016-11-16,138.43,138.74,135.26,136.84,5163000
2016-11-17,137.48,140.65,137.16,140.33,4248000
2016-11-18,139.38,143.81,139.06,143.81,4897000
2016-11-21,144.13,144.13,141.28,141.28,3170000
2016-11-22,142.55,145.4,141.91,144.76,6288000
2016-11-23,145.4,145.4,142.86,143.18,2849000
2016-11-24,142.23,142.55,140.65,140.65,3901000
2016-11-25,140.65,141.91,140.33,140.33,1956000
2016-11-28,140.65,142.86,140.33,141.6,3605000
2016-11-29,141.6,141.6,139.38,140.33,4482000
2016-11-30,141.91,143.18,140.33,140.33,8583000
2016-12-01,141.28,142.23,140.33,142.23,3836000
2016-12-02,141.91,143.18,140.65,142.55,4089000
2016-12-05,143.18,143.18,141.28,141.6,3164000
2016-12-06,143.18,144.45,142.55,143.18,4680000
2016-12-07,144.45,144.45,141.91,142.55,4604000
2016-12-08,143.18,145.71,142.86,145.71,7409000
2016-12-09,145.71,146.35,144.45,146.03,5121000
2016-12-12,146.98,147.61,145.08,145.4,4420000
2016-12-13,145.08,145.4,144.13,144.76,4146000
2016-12-14,145.4,145.71,141.6,142.55,7586000
2016-12-15,142.23,144.76,141.28,144.45,4676000
2016-12-16,143.81,145.08,143.18,143.18,4197000
2016-12-19,143.18,143.18,141.6,141.91,2637000
2016-12-20,140.65,140.65,136.21,139.06,8875000
2016-12-21,139.06,140.01,137.16,137.16,4953000
2016-12-22,137.16,138.43,136.84,137.48,4232000
2016-12-23,137.48,138.11,136.84,137.16,4036000
2016-12-26,135.58,137.16,135.58,136.84,3081000
2016-12-27,136.84,138.43,136.53,138.11,2065000
2016-12-28,138.11,139.06,137.16,138.43,2979000
2016-12-29,138.11,138.43,136.84,137.16,3600000
2016-12-30,138.43,138.74,137.16,137.16,3796000
2017-01-03,137.79,138.11,137.16,138.11,3403000
2017-01-04,138.11,138.43,136.53,136.84,3332000
2017-01-05,136.53,138.11,136.53,138.11,3647000
2017-01-06,138.43,140.65,138.11,139.38,4246000
2017-01-09,139.69,140.01,137.48,137.48,2441000
2017-01-10,137.48,138.11,135.58,135.89,3954000
2017-01-11,135.89,136.84,134.94,136.53,3967000
2017-01-12,136.84,137.79,136.21,137.48,2714000
2017-01-13,134.63,136.21,134.63,136.21,3723000
2017-01-16,133.99,134.63,133.04,133.36,4837000
2017-01-17,133.68,135.26,133.36,135.26,3230000
2017-01-18,134.94,135.26,133.68,133.99,4684000
2017-01-19,134.31,134.94,133.99,134.94,3823000
2017-01-20,134.63,134.94,133.68,133.99,3661000
2017-01-23,134.94,136.21,134.63,135.89,3686000
2017-01-24,134.63,136.21,134.63,135.26,5771000
2017-02-02,129.56,131.46,128.61,129.56,17460000
2017-02-03,129.87,132.41,129.87,131.14,7663000
2017-02-06,131.78,135.58,130.51,134.31,9082000
2017-02-07,134.31,138.11,133.04,138.11,8804000
2017-02-08,135.58,137.48,134.94,135.26,8490000
2017-02-09,136.21,136.53,135.26,136.21,4841000
2017-02-10,137.48,137.79,136.21,136.53,6355000
2017-02-13,137.48,138.11,136.53,137.48,5549000
2017-02-14,136.21,137.79,136.21,137.48,4604000
2017-02-15,137.48,138.11,136.53,137.16,5806000
2017-02-16,138.11,138.11,136.84,137.48,5237000
2017-02-17,137.79,143.81,137.79,142.55,15689000
2017-02-20,143.81,143.81,141.91,142.23,4617000
2017-02-21,142.86,145.71,142.55,142.86,6929000
2017-02-22,144.45,144.76,142.55,142.86,4512000
2017-02-23,143.18,143.5,141.6,142.23,5733000
2017-02-24,142.55,142.86,141.28,141.91,7611000
2017-03-01,143.18,144.45,141.91,142.55,7513000
2017-03-02,143.81,144.13,140.96,141.6,7700000
2017-03-03,141.28,141.6,138.43,139.06,7710000
2017-03-06,138.11,138.74,136.84,138.11,5254000
2017-03-07,136.84,138.11,136.84,138.11,4281000
2017-03-08,138.11,141.91,138.11,140.65,8795000
2017-03-09,140.65,140.65,138.11,138.11,4509000
2017-03-10,138.74,141.28,136.84,140.65,5633000
2017-03-13,142.55,142.55,139.69,140.96,5828000
2017-03-14,141.28,141.91,140.01,141.28,5670000
2017-03-15,141.28,141.28,139.38,140.33,4497000
2017-03-16,141.28,143.18,140.96,142.23,5465000
2017-03-17,142.55,143.18,141.91,142.86,5994000
2017-03-20,142.55,143.18,141.91,143.18,4087000
2017-03-21,143.81,146.66,143.5,145.71,11710000
2017-03-22,143.81,144.45,142.55,144.13,4936000
2017-03-23,143.5,144.13,141.6,141.91,5857000
2017-03-24,140.65,141.6,140.65,141.28,3290000
2017-03-27,140.65,142.55,140.01,141.91,3507000
2017-03-28,142.55,142.55,140.01,141.28,3138000
2017-03-29,140.65,140.96,138.11,138.74,7769000
2017-03-30,138.43,139.69,138.11,138.43,3256000
2017-03-31,137.79,138.43,135.89,136.21,7071000
2017-04-05,135.58,139.38,135.58,139.38,6211000
2017-04-06,138.74,139.06,136.84,137.48,4412000
2017-04-07,137.48,138.43,136.21,137.16,3697000
2017-04-10,137.16,138.74,136.84,137.48,3905000
2017-04-11,137.48,137.48,134.31,134.31,4660000
2017-04-12,134.31,136.84,134.31,135.58,4489000
2017-04-13,135.26,136.53,134.94,134.94,3610000
2017-04-14,135.58,135.89,134.31,134.31,2310000
2017-04-17,134.31,135.26,133.04,133.68,2315000
2017-04-18,135.26,135.26,133.36,134.63,3701000
2017-04-19,134.63,137.79,134.31,135.58,5889000
2017-04-20,135.58,137.16,134.94,136.21,3633000
2017-04-21,137.16,137.48,135.58,136.21,2407000
2017-04-24,136.53,136.84,135.58,136.21,1672000
2017-04-25,136.53,136.53,135.58,136.21,4827000
2017-04-26,136.21,136.21,134.31,135.26,5084000
2017-04-27,135.58,137.79,135.58,137.48,3602000
2017-04-28,137.16,138.11,136.53,137.48,3397000
2017-05-02,135.89,141.91,135.89,140.33,11417000
2017-05-03,139.38,140.01,137.48,138.43,4582000
2017-05-04,138.11,138.74,137.16,138.11,2374000
2017-05-05,137.48,137.79,136.84,136.84,1229000
2017-05-08,136.84,136.84,134.31,134.63,4760000
2017-05-09,133.68,134.63,131.78,131.78,5119000
2017-05-10,133.04,133.68,130.51,132.41,4413000
2017-05-11,132.09,135.89,132.09,135.26,6470000
2017-05-12,135.26,135.89,133.99,135.89,4692000
2017-05-15,135.58,136.21,134.94,135.89,3073000
2017-05-16,135.89,136.84,133.99,133.99,5407000
2017-05-17,134.31,135.26,133.99,134.94,3570000
2017-05-18,133.36,135.26,133.04,134.94,4654000
2017-05-19,134.94,134.94,134.31,134.63,1824000
2017-05-22,134.31,134.31,132.09,132.41,4181000
2017-05-23,131.78,132.41,131.78,131.78,4239000
2017-05-24,135.26,138.43,134.31,137.16,15510000
2017-05-25,142.23,146.03,140.01,144.76,23568000
2017-05-26,145.4,146.35,144.13,145.4,12758000
2017-05-31,145.71,146.98,145.08,145.71,11672000
2017-06-01,145.71,146.35,144.13,144.45,5294000
2017-06-02,145.71,149.51,145.4,148.25,11260000
2017-06-05,151.1,154.27,150.78,153.95,12226000
2017-06-06,155.85,155.85,152.05,155.22,9704000
2017-06-07,155.53,160.28,153.95,159.65,17411000
2017-06-08,158.07,163.45,156.8,160.92,16218000
2017-06-09,159.65,161.55,158.7,158.7,9941000
2017-06-12,156.8,159.33,155.85,157.43,6066000
2017-06-13,157.43,159.65,156.17,156.48,5346000
2017-06-14,157.43,159.02,155.53,158.38,6611000
2017-06-15,158.07,159.65,157.43,159.02,5915000
2017-06-16,157.75,160.28,156.48,160.28,7998000
2017-06-19,160.28,163.45,160.28,161.87,5502000
2017-06-20,162.5,163.14,161.55,163.14,5509000
2017-06-21,164.72,172.96,164.72,170.74,21193000
2017-06-22,172.32,173.59,169.79,171.69,9182000
2017-06-23,170.74,172.32,168.2,168.2,6092000
2017-06-26,167.57,171.37,167.25,170.74,7799000
2017-06-27,171.05,172.96,169.79,171.05,5658000
2017-06-28,169.15,169.79,166.62,167.25,6603000
2017-06-29,169.15,170.42,168.2,169.47,5434000
2017-06-30,166.62,166.94,164.09,165.04,10253000
2017-07-03,166.62,171.37,166.62,169.47,9996000
2017-07-04,168.84,170.1,166.94,166.94,5134000
2017-07-05,166.94,168.84,165.67,167.89,9453000
2017-07-06,168.54,168.87,165.27,165.27,9471000
2017-07-07,163.97,164.29,162.33,163.31,4608000
2017-07-10,164.29,164.95,160.7,161.35,5385000
2017-07-11,162.99,166.91,162.01,165.93,6013000
2017-07-12,165.93,167.56,164.95,166.25,5388000
2017-07-13,166.58,167.23,164.62,164.62,3417000
2017-07-14,165.93,166.58,164.95,166.25,2618000
2017-07-17,167.23,167.23,164.95,166.25,2962000
2017-07-18,166.25,166.25,162.33,163.97,4379000
2017-07-19,164.62,171.81,164.62,170.5,13654000
2017-07-20,170.5,171.81,168.54,169.19,5329000
2017-07-21,169.19,169.85,166.91,166.91,3599000
2017-07-24,165.27,166.25,162.66,165.6,5577000
2017-07-25,165.6,167.89,163.97,167.23,7255000
2017-07-26,169.19,172.46,168.54,169.19,13047000
2017-07-27,169.19,173.44,167.89,171.81,11908000
2017-07-28,171.81,176.38,170.5,174.09,13178000
2017-07-31,173.44,177.03,170.5,173.77,9531000
2017-08-01,181.61,191.08,179.65,191.08,27522000
2017-08-02,195.98,197.94,194.34,195.98,25444000
2017-08-03,193.36,194.34,190.1,190.1,8943000
2017-08-04,190.75,192.38,188.14,189.44,6986000
2017-08-07,189.44,190.75,187.16,188.79,11135000
2017-08-08,187.16,188.79,182.91,187.48,12713000
2017-08-09,184.22,187.16,184.22,185.53,5732000
2017-08-10,185.53,188.14,182.26,182.91,6899000
2017-08-11,182.59,187.16,180.3,186.83,6111000
2017-08-14,186.18,186.18,182.91,182.91,4581000
2017-08-15,183.57,185.53,177.03,177.36,11565000
2017-08-16,178.01,180.3,176.38,178.34,7302000
2017-08-17,179.32,179.65,176.71,177.69,5031000
2017-08-18,173.77,176.05,172.79,174.75,5741000
2017-08-21,173.77,178.34,172.46,177.69,5997487
2017-08-22,178.01,179.32,176.38,176.71,4224979
2017-08-23,180.3,182.26,176.71,177.03,7304257
2017-08-24,176.38,178.99,176.38,178.34,3828042
2017-08-25,178.01,178.34,175.73,175.73,5926124
2017-08-28,176.38,177.69,175.07,177.36,2632943
2017-08-29,176.05,176.38,174.42,174.42,3518006
2017-08-30,176.71,177.69,175.07,175.4,3422299
2017-08-31,177.36,179.97,176.71,176.71,9081408
2017-09-01,179.32,179.32,177.03,177.69,4452924
2017-09-04,176.71,177.36,175.4,177.03,2430050
2017-09-05,178.01,182.59,177.03,182.59,6238464
2017-09-06,181.93,181.93,177.03,177.36,7551773
2017-09-07,177.36,181.28,177.36,178.01,5622648
2017-09-08,179.97,180.3,177.03,179.32,5445804
2017-09-11,180.3,182.59,179.65,182.26,6872066
2017-09-12,184.22,184.87,179.65,179.97,6680350
2017-09-13,180.95,181.28,178.34,179.65,4256271
2017-09-14,178.01,192.38,178.01,187.48,17341006
2017-09-15,192.06,192.38,189.44,190.75,13364831
2017-09-18,195.65,197.28,191.08,191.08,7120717
2017-09-19,193.04,194.34,190.75,191.4,6135117
2017-09-20,190.75,192.06,184.55,189.44,8499483
2017-09-21,186.18,192.38,186.18,191.73,6051869
2017-09-22,191.73,192.38,186.83,186.83,4793035
2017-09-25,186.83,189.44,183.57,186.5,4673144
2017-09-26,186.5,188.79,184.22,184.22,3600978
2017-09-27,186.18,189.44,185.85,187.81,6917649
2017-09-28,188.79,192.06,188.14,190.1,8607612
2017-09-29,189.44,190.1,185.85,185.85,7326675
2017-10-02,191.4,191.73,187.81,188.14,4691717
2017-10-03,188.79,189.12,186.5,188.14,4003475
2017-10-05,189.44,189.77,185.85,186.18,5068194
2017-10-06,188.79,192.71,188.14,190.1,10976211
2017-10-11,194.67,200.22,193.36,199.9,18218715
2017-10-12,201.2,201.86,197.94,198.26,16332612
2017-10-13,201.86,210.35,201.2,210.35,25082732
2017-10-16,209.37,215.57,207.74,212.96,18159999
2017-10-17,212.96,213.62,209.37,209.7,8698007
2017-10-18,209.7,210.35,204.14,205.45,8309166
2017-10-19,207.08,211.33,206.43,206.76,7519592
2017-10-20,206.76,208.72,204.47,204.47,7447318
2017-10-23,209.7,210.68,208.06,209.37,6564806
2017-10-24,208.06,210.68,205.78,210.02,4263073
2017-10-25,214.27,218.19,212.96,214.27,11984238
2017-10-26,213.62,221.78,212.96,221.13,9927715
2017-10-27,221.13,226.03,215.57,215.57,12505057
2017-10-30,218.84,220.15,213.29,218.51,7630413
2017-10-31,219.49,228.64,217.53,223.74,14831751
2017-11-01,228.97,228.97,220.8,220.8,13411322
2017-11-02,220.47,224.72,219.49,219.49,6780834
2017-11-03,220.8,223.09,216.88,218.84,8807838
2017-11-06,216.55,217.21,211.0,214.27,13130766
2017-11-07,215.57,221.13,215.57,220.47,7730251
2017-11-08,220.15,221.45,216.88,219.82,4448375
2017-11-09,219.82,222.76,214.27,216.23,5387287
2017-11-10,211.0,212.96,200.88,212.96,15697597
2017-11-13,211.33,211.98,207.41,207.41,6588631
2017-11-14,212.96,217.21,210.35,212.96,8063450
2017-11-15,211.0,212.31,208.39,210.35,5776318
2017-11-16,210.35,212.31,208.72,209.37,4947048
2017-11-17,213.62,215.57,212.31,215.25,6854773
2017-11-20,218.19,218.19,208.39,209.04,6000173
2017-11-21,209.37,211.33,206.43,210.35,6266273
2017-11-22,211.66,216.88,210.68,213.62,7402234
2017-11-23,216.55,217.86,213.29,213.62,4104085
2017-11-24,215.57,215.57,211.66,212.96,3238485
2017-11-27,214.27,216.23,211.98,215.9,3919596
2017-11-28,220.15,220.15,214.6,216.23,7460233
2017-11-29,218.51,219.82,216.88,218.51,4474461
2017-11-30,219.49,219.82,208.06,212.96,9772780
2017-12-01,213.29,214.92,203.82,205.78,7919572
2017-12-04,205.78,209.37,205.78,209.04,4552823
2017-12-05,207.74,209.04,205.78,207.74,2998874
2017-12-06,207.74,207.74,187.16,187.16,17346883
2017-12-07,188.79,191.4,185.85,187.81,11079895
2017-12-08,190.1,194.34,187.81,193.36,7051528
2017-12-11,194.34,196.96,193.36,195.65,3470565
2017-12-12,195.65,195.98,190.1,193.36,3935176
2017-12-13,194.67,195.32,190.1,190.1,4712816
2017-12-14,190.42,193.04,188.79,189.12,4395536
2017-12-15,187.81,188.79,180.3,186.18,12426779
2017-12-18,186.18,188.79,182.91,187.81,5170946
2017-12-19,188.79,192.06,187.81,192.06,5989588
2017-12-20,192.06,192.06,188.14,191.08,2430748
2017-12-21,191.4,193.36,189.44,189.44,2601721
2017-12-22,191.08,191.73,188.79,189.77,2119223
2017-12-25,190.1,190.42,186.83,187.48,1436728
2017-12-26,187.81,188.14,180.95,182.91,5960186
2017-12-27,182.91,185.2,180.63,184.87,4375518
2017-12-28,183.57,187.81,183.57,186.83,4585851
2017-12-29,188.46,192.06,187.48,192.06,5105493
2018-01-02,191.4,191.73,188.79,190.42,2537800
2018-01-03,192.71,197.61,192.71,196.3,8196202
2018-01-04,196.63,200.55,194.67,200.55,6783498
2018-01-05,202.51,202.51,194.02,195.98,4965501
2018-01-08,198.59,199.9,193.36,194.67,4142031
2018-01-09,194.02,198.59,193.36,198.59,5147465
2018-01-10,198.92,203.16,197.28,202.18,6727283
2018-01-11,202.18,202.18,197.61,199.9,3775458
2018-01-12,201.86,203.49,200.55,202.18,4794414
2018-01-15,203.82,204.47,201.53,204.47,4350414
2018-01-16,203.16,205.12,201.86,203.82,3804847
2018-01-17,201.2,201.2,198.26,200.22,5779149
2018-01-18,201.53,210.02,200.55,208.72,8785766
2018-01-19,209.7,209.7,205.12,208.39,7447305
2018-01-22,207.08,208.39,203.82,208.39,5523851
2018-01-23,208.06,211.33,207.08,207.74,10049361
2018-01-24,205.78,206.43,200.88,200.88,7768626
2018-01-25,201.2,207.08,199.57,199.57,8777131
2018-01-26,196.3,201.53,196.3,201.2,7022277
2018-01-29,205.12,205.12,200.55,201.2,4417172
2018-01-30,199.57,199.57,195.0,195.32,6738505
2018-01-31,192.71,198.59,192.71,195.32,7733732
2018-02-01,202.51,203.16,200.22,200.55,13138201
2018-02-02,198.59,200.22,196.96,198.92,5242656
2018-02-05,192.71,196.63,192.71,195.32,5583969
2018-02-06,189.44,190.75,182.26,187.16,11116800
2018-02-07,191.08,192.71,185.85,185.85,7676256
2018-02-08,186.18,188.46,184.87,186.83,4649916
2018-02-09,178.01,186.83,176.38,184.87,8477304
2018-02-12,187.16,188.79,184.87,186.18,5525043
2018-02-21,191.73,198.92,190.75,198.92,11124413
2018-02-22,195.98,199.9,195.0,197.28,6376415
2018-02-23,195.98,197.28,195.65,196.3,6134549
2018-02-26,198.92,198.92,193.69,193.69,3613576
2018-02-27,197.28,200.55,196.63,196.63,7542774
2018-03-01,196.63,197.61,192.38,195.65,9324203
2018-03-02,193.36,200.55,193.36,197.61,11009432
2018-03-05,197.61,197.94,192.71,192.71,6953028
2018-03-06,195.32,197.94,193.69,196.63,7629162
2018-03-07,194.34,200.88,194.34,195.98,10376719
2018-03-08,198.59,202.18,197.61,202.18,11617109
2018-03-09,202.18,204.14,200.88,202.84,6950746
2018-03-12,203.82,210.68,203.49,207.08,12539320
2018-03-13,207.08,209.37,207.08,208.39,10215713
2018-03-14,208.39,208.39,204.8,204.8,6017705
2018-03-15,204.8,209.7,204.8,207.74,8616499
2018-03-16,210.35,210.68,207.08,207.08,12301493
2018-03-19,210.02,224.72,209.37,218.19,18084889
2018-03-20,218.84,224.72,218.84,223.74,16137222
2018-03-21,227.33,227.33,218.84,219.49,12857200
2018-03-22,221.45,223.41,218.84,219.49,5677495
2018-03-23,211.66,218.19,211.0,214.27,6414475
2018-03-26,214.59,227.01,214.27,226.68,11777725
2018-03-27,224.07,225.37,218.19,223.74,12445408
2018-03-28,220.8,223.09,217.53,217.53,6333805
2018-03-29,220.47,222.76,216.23,216.23,6376204
2018-03-30,221.45,226.35,221.13,222.11,10060735
2018-04-02,224.39,224.39,219.49,219.82,3080504
2018-04-03,217.86,218.19,213.29,214.27,7879106
2018-04-09,216.23,217.53,213.94,213.94,6830784
2018-04-10,215.57,216.23,212.96,213.62,4614776
2018-04-11,215.57,224.07,215.25,221.45,9473560
2018-04-12,221.78,223.41,215.9,216.55,5856142
2018-04-13,218.84,220.8,218.19,219.49,4800170
2018-04-16,222.11,226.03,221.13,223.41,7684952
2018-04-17,225.37,225.37,219.49,222.11,5928455
2018-04-18,225.37,243.66,225.37,236.48,25903106
2018-04-19,241.71,244.64,233.54,235.5,16688689
2018-04-20,233.21,236.48,229.29,231.58,9243973
2018-04-23,232.56,237.13,228.97,228.97,8170123
2018-04-24,229.95,231.25,215.57,223.09,10638684
2018-04-25,221.13,226.03,218.51,220.15,7676548
2018-04-26,222.76,225.05,209.7,211.33,12585799
2018-04-27,220.15,221.78,212.64,221.78,8263068
2018-04-30,214.27,222.76,213.62,222.11,10315708
2018-05-02,223.09,224.07,215.57,216.23,8872980
2018-05-03,214.27,214.92,203.82,209.04,12988126
2018-05-04,205.78,214.27,205.78,212.64,5703448
2018-05-07,216.88,217.21,207.08,208.06,7252344
2018-05-08,208.39,212.96,208.39,212.31,5086816
2018-05-09,212.64,215.9,210.68,214.27,4851243
2018-05-10,214.27,216.55,212.96,215.25,4467038
2018-05-11,215.25,215.9,207.08,208.72,8255872
2018-05-14,212.31,212.96,207.74,209.04,5333227
2018-05-15,211.66,211.66,208.06,208.39,3385594
2018-05-16,209.04,210.35,205.78,208.39,3594624
2018-05-17,208.06,208.06,200.55,202.51,8766504
2018-05-18,203.49,205.78,200.55,204.47,5357335
2018-05-21,206.1,207.08,204.8,205.12,3005338
2018-05-22,205.78,210.35,204.47,209.37,6695276
2018-05-23,211.0,211.0,207.41,209.04,6434676
2018-05-24,211.0,211.0,207.74,210.35,3680555
2018-05-25,210.35,213.29,208.39,211.66,4871678
2018-05-28,211.66,212.64,208.06,208.06,3884905
2018-05-29,208.39,208.72,205.78,205.78,2389488
2018-05-30,204.14,204.8,202.51,202.51,4860062
2018-05-31,204.47,204.47,201.53,203.49,9847970
2018-06-01,204.8,208.39,204.47,208.39,3291068
2018-06-04,208.72,215.9,208.72,215.25,8387494
2018-06-05,215.9,215.9,211.98,212.31,3675678
2018-06-06,215.25,218.19,213.62,216.23,5458800
2018-06-07,216.23,216.88,214.27,216.23,3642395
2018-06-08,214.92,215.57,213.29,215.57,3650689
2018-06-11,216.23,218.51,215.9,217.21,3276621
2018-06-12,214.92,215.9,211.0,211.66,3746024
2018-06-13,210.68,212.96,209.37,209.37,3460873
2018-06-14,209.04,210.68,205.78,205.78,3719428
2018-06-15,206.43,208.06,204.14,205.78,5146049
2018-06-19,203.49,207.74,203.16,203.82,4618793
2018-06-20,203.82,204.47,201.86,202.51,5514714
2018-06-21,203.82,204.8,202.84,203.82,3846807
2018-06-22,202.51,203.16,201.2,202.84,3055482
2018-06-25,200.55,203.16,200.55,202.51,2755202
2018-06-26,199.24,199.57,191.4,193.69,10955073
2018-06-27,194.02,197.28,193.36,193.69,6254777
2018-06-28,192.71,195.32,190.75,194.02,4398790
2018-06-29,195.0,197.28,195.0,195.98,4915252
2018-07-02,196.63,204.14,196.63,199.24,5731591
2018-07-03,199.24,201.86,197.94,198.92,3859712
2018-07-04,198.26,200.22,194.02,194.67,3724168
2018-07-05,192.71,192.71,183.24,183.89,9890612
2018-07-06,184.22,188.14,184.22,186.18,9758208
2018-07-09,188.21,189.22,183.47,184.49,6556647
2018-07-10,185.84,189.56,185.5,189.56,4572871
2018-07-11,187.53,188.55,185.16,186.86,3684846
2018-07-12,186.86,192.95,186.86,191.59,4540240
2018-07-13,190.58,193.63,190.24,192.95,3278038
2018-07-16,192.95,193.96,191.26,191.26,1847940
2018-07-17,191.59,194.64,191.59,193.29,3209658
2018-07-18,194.3,195.32,190.24,190.24,4952897
2018-07-19,191.93,192.61,190.58,192.27,2521955
2018-07-20,190.92,192.27,189.56,189.56,3062839
2018-07-23,188.55,188.55,183.47,183.81,10295269
2018-07-24,182.79,182.79,171.96,172.64,18761099
2018-07-25,172.64,178.73,171.96,177.72,7951621
2018-07-26,175.35,178.05,175.35,178.05,6681232
2018-07-27,178.05,183.81,178.05,181.1,7011218
2018-07-30,178.39,179.41,175.01,176.02,6547869
2018-07-31,173.32,173.99,169.25,171.96,11840789
2018-08-01,179.41,187.87,179.41,186.18,15825338
2018-08-02,186.86,187.53,182.12,182.12,9247991
2018-08-03,184.15,185.5,183.47,185.5,4041440
2018-08-06,185.16,185.5,182.79,184.82,2324777
2018-08-07,184.82,188.21,183.81,186.52,5155603
2018-08-08,187.53,188.21,186.18,187.87,4605097
2018-08-09,186.86,187.19,184.15,186.18,3245805
2018-08-10,184.49,187.19,184.49,185.84,1925377
2018-08-13,179.41,181.78,174.67,178.39,5137482
2018-08-14,178.39,180.76,178.39,179.41,2505500
2018-08-15,178.39,178.73,176.02,176.02,2342251
2018-08-16,169.25,171.28,166.54,167.56,12296116
2018-08-17,169.59,170.95,166.54,167.22,7505316
2018-08-20,168.91,168.91,165.19,167.22,5106423
2018-08-21,166.54,167.22,165.87,166.21,3879372
2018-08-22,167.22,168.91,165.19,167.56,6912322
2018-08-23,167.9,171.28,167.9,171.28,5146562
2018-08-24,171.28,171.28,167.22,169.25,2873118
2018-08-27,168.24,168.58,166.21,167.56,3028194
2018-08-28,167.56,173.32,167.56,170.61,10553025
2018-08-29,172.3,173.65,171.28,173.32,5288321
2018-08-30,173.99,175.01,172.64,173.32,4274480
2018-08-31,172.64,172.64,168.24,170.27,5802520
2018-09-03,170.95,171.28,168.58,168.91,2545530
2018-09-04,169.25,172.64,169.25,171.62,4155461
2018-09-05,171.62,173.32,170.61,171.96,3409310
2018-09-06,170.95,173.99,169.25,172.64,3895939
2018-09-07,171.28,172.3,166.21,167.9,6183361
2018-09-10,168.58,169.93,161.13,164.18,6448148
2018-09-11,166.54,167.22,163.16,165.19,4864726
2018-09-12,166.88,166.88,163.84,165.19,3333026
2018-09-13,166.21,166.21,163.84,163.84,3132346
2018-09-14,165.53,166.88,164.51,166.21,3522752
2018-09-17,165.19,165.87,163.84,164.85,1585951
2018-09-18,164.51,166.88,164.51,165.53,3103033
2018-09-19,166.88,168.24,164.51,165.87,3740889
2018-09-20,164.85,165.87,160.79,161.13,5312721
2018-09-21,163.5,165.19,162.82,164.51,4163227
2018-09-25,163.16,165.19,163.16,164.85,2246605
2018-09-26,165.53,165.87,163.16,163.5,3087089
2018-09-27,163.16,163.84,161.81,163.5,2935735
2018-09-28,165.53,166.88,164.51,166.88,5847255
2018-10-01,168.24,170.61,168.24,169.25,4200741
2018-10-02,169.25,169.93,164.51,165.87,5612236
2018-10-03,166.21,166.88,163.16,166.54,2859111
2018-10-04,167.9,167.9,163.84,163.84,4069030
2018-10-05,162.48,163.16,157.41,158.76,9232507
2018-10-08,158.76,159.44,157.41,158.08,5331698
2018-10-09,158.42,158.76,154.7,154.7,4308219
2018-10-11,140.48,142.51,140.14,142.51,15727317
2018-10-12,142.17,149.62,142.17,148.94,7413236
2018-10-15,147.93,153.34,146.23,149.62,7201028
2018-10-16,150.64,153.68,150.3,150.3,3697987
2018-10-17,152.67,153.34,151.65,151.99,3131048
2018-10-18,152.33,153.68,151.65,152.33,2586243
2018-10-19,149.96,150.64,147.93,150.64,3881788
2018-10-22,149.28,151.65,148.94,149.96,2304109
2018-10-23,148.94,150.3,144.88,144.88,3750442
2018-10-24,143.53,146.23,139.46,144.88,5893975
2018-10-25,140.48,143.53,139.46,142.17,6389358
2018-10-26,143.53,144.54,135.74,136.76,8450095
2018-10-29,139.46,140.82,135.06,140.82,7011609
2018-10-30,141.5,143.53,139.46,140.14,3914023
2018-10-31,143.53,154.02,142.85,154.02,10063937
2018-11-01,153.68,155.04,147.93,151.31,9439080
2018-11-02,153.34,156.05,151.99,154.02,7303536
2018-11-05,152.67,155.71,151.65,155.71,4228811
2018-11-06,158.08,161.13,153.34,155.71,5864560
2018-11-07,155.71,159.77,155.71,159.1,3622354
2018-11-08,161.81,162.48,157.74,159.1,3624731
2018-11-09,158.76,158.76,153.34,154.7,4578760
2018-11-12,154.36,159.44,153.68,158.76,4708588
2018-11-13,154.02,158.42,153.34,156.39,4335995
2018-11-14,156.39,157.74,155.04,155.71,2604260
2018-11-15,156.73,159.1,155.37,156.73,2904993
2018-11-16,152.33,154.36,148.94,148.94,8579017
2018-11-19,150.3,152.33,148.94,151.31,3132386
2018-11-20,150.64,152.67,149.28,152.33,3009250
2018-11-21,150.97,151.99,148.94,150.97,3603281
2018-11-22,151.31,152.33,150.3,150.64,2248076
2018-11-23,151.65,151.65,150.3,150.3,1497480
2018-11-26,151.65,156.05,150.97,154.36,3783404
2018-11-27,154.36,157.07,152.33,157.07,3213824
2018-11-28,157.07,160.11,156.39,160.11,3988176
2018-11-29,162.48,163.5,156.73,156.73,4820111
2018-11-30,157.74,161.13,156.39,160.79,6659593
2018-12-03,164.51,167.22,164.18,166.21,7403178
2018-12-04,167.9,170.95,165.87,170.61,9478331
2018-12-05,166.88,167.22,165.19,165.53,4806496
2018-12-06,161.81,162.14,155.04,155.37,8273167
2018-12-07,158.08,160.11,157.41,158.08,4605911
2018-12-10,155.37,158.42,154.36,155.04,3089071
2018-12-11,153.68,155.37,153.0,154.36,2707930
2018-12-12,156.73,159.1,155.71,157.74,2520059
2018-12-13,158.08,161.13,158.08,160.79,2655290
2018-12-14,161.81,162.48,157.74,159.77,3424139
2018-12-17,161.81,161.81,158.42,159.1,2126768
2018-12-18,158.42,160.11,158.08,158.76,2176231
2018-12-19,157.41,159.77,157.41,159.77,2708347
2018-12-20,155.37,156.39,151.31,152.33,9002120
2018-12-21,151.65,153.0,149.96,151.31,4508734
2018-12-24,151.31,152.67,150.64,152.33,1674367
2018-12-25,149.62,150.3,148.27,149.62,1528188
2018-12-26,150.3,151.31,148.94,148.94,897303
2018-12-27,151.99,153.68,150.97,152.33,2969386
2018-12-28,151.31,155.37,151.31,155.37,3415320
2019-01-02,155.37,155.37,149.28,149.28,4284014
2019-01-03,151.65,153.0,149.62,151.31,3718829
2019-01-04,147.93,147.93,144.54,146.91,5603944
2019-01-07,149.62,149.96,147.25,148.27,7008819
2019-01-08,149.62,150.64,147.93,150.3,4626012
2019-01-09,152.67,156.73,151.65,153.0,8817353
2019-01-10,153.0,154.36,150.97,153.0,2881535
2019-01-11,153.68,155.04,153.0,154.02,2023139
2019-01-14,156.73,158.42,155.71,156.73,4203075
2019-01-15,158.08,158.08,156.73,157.74,4528299
2019-01-16,157.74,161.13,157.07,160.45,4396761
2019-01-17,160.79,161.81,158.76,160.45,2919704
2019-01-18,162.14,165.53,161.81,165.19,6656676
2019-01-21,167.22,168.58,164.85,165.53,4437388
2019-01-22,166.88,167.9,163.16,163.84,4435260
2019-01-23,162.82,163.16,160.45,163.16,3064991
2019-01-24,164.18,167.9,163.84,165.53,6357578
2019-01-25,166.88,168.91,165.87,167.9,6383195
2019-01-28,167.56,168.58,166.88,168.24,3686061
2019-01-29,165.87,167.9,165.19,166.21,4277832
2019-01-30,166.21,166.21,163.5,164.51,5074048
2019-02-11,170.95,175.68,168.91,175.68,19458668
2019-02-12,173.99,175.68,173.32,174.33,5978205
2019-02-13,175.68,177.04,173.65,175.35,5523900
2019-02-14,173.99,175.35,172.98,172.98,3051493
2019-02-15,172.3,174.67,169.59,170.61,4364578
2019-02-18,172.3,172.3,169.93,171.62,3331721
2019-02-19,170.61,170.95,168.58,169.25,3357988
2019-02-20,170.27,174.67,170.27,172.98,7741067
2019-02-21,171.96,175.68,171.62,175.35,6115313
2019-02-22,176.02,183.47,175.68,178.73,16461969
2019-02-25,183.47,191.26,183.13,191.26,20111509
2019-02-26,191.93,198.36,187.19,187.19,15256458
2019-02-27,189.56,190.92,185.5,189.56,9345510
2019-03-04,189.56,191.93,187.53,187.53,7891170
2019-03-05,186.52,188.89,184.15,184.82,5726149
2019-03-06,185.5,190.58,185.5,189.56,9119054
2019-03-07,187.87,188.89,184.49,185.5,4456436
2019-03-08,182.79,183.81,180.09,181.1,7604720
2019-03-11,181.1,184.49,181.1,182.79,3485628
2019-03-12,185.84,186.86,182.79,183.13,4929135
2019-03-13,182.79,185.16,182.12,184.82,2627183
2019-03-14,184.15,188.21,183.81,184.49,4932937
2019-03-15,185.5,187.53,185.16,186.86,4467807
2019-03-18,189.56,190.58,186.86,188.21,4328819
2019-03-19,187.19,187.53,184.15,186.52,5706614
2019-03-20,186.52,186.52,184.82,185.84,3167594
2019-03-21,185.84,189.22,185.84,187.87,4524736
2019-03-22,189.56,193.63,188.89,192.27,13172848
2019-03-25,187.19,188.89,186.86,187.19,5459643
2019-03-26,188.89,190.58,188.55,190.24,3638168
2019-03-27,189.56,189.9,188.21,189.22,2680720
2019-03-28,188.55,191.93,187.19,187.19,4616705
2019-03-29,188.89,191.26,187.53,191.26,5403033
2019-04-01,192.61,194.3,192.27,193.29,6930601
2019-04-02,196.33,197.35,194.98,196.67,9730324
2019-04-03,196.0,197.35,194.3,196.67,6655692
2019-04-08,195.66,199.38,195.66,199.38,8345644
2019-04-09,199.04,203.1,197.01,202.77,9914612
2019-04-10,203.1,206.15,201.75,203.1,12409630
2019-04-11,201.75,205.13,197.01,197.35,12174619
2019-04-12,199.04,201.07,197.69,198.7,6379713
2019-04-15,201.75,202.43,200.06,200.73,7192887
2019-04-16,202.43,204.12,201.41,203.1,8003479
2019-04-17,199.38,202.43,194.64,195.32,19673897
2019-04-18,195.99,198.7,195.66,197.01,10977862
2019-04-19,198.7,199.04,195.32,196.33,3333798
2019-04-22,197.69,198.7,195.32,195.66,3197270
2019-04-23,196.67,196.67,192.95,196.33,4918551
2019-04-24,197.69,197.69,194.3,195.99,3863399
2019-04-25,195.99,197.01,193.63,194.98,3703193
2019-04-26,193.63,196.33,191.93,196.33,3850978
2019-04-29,195.99,197.35,193.96,194.64,4219363
2019-04-30,196.33,200.06,194.3,200.06,8621796
2019-05-02,208.18,208.18,201.75,201.75,21971303
2019-05-03,205.81,209.87,203.78,209.2,18605013
2019-05-06,205.81,207.17,203.78,207.17,12178296
2019-05-07,209.2,211.9,207.84,210.55,12299811
2019-05-08,208.52,210.55,206.15,209.87,9096385
2019-05-09,210.55,212.58,203.1,203.1,9556606
2019-05-10,205.13,206.83,198.36,202.09,7160414
2019-05-13,203.1,203.1,193.29,193.96,8021402
2019-05-14,188.89,195.66,187.19,195.66,8106651
2019-05-15,196.33,198.7,194.64,196.33,5782386
2019-05-16,196.33,197.69,193.63,194.98,4927890
2019-05-17,197.35,200.73,195.66,197.01,8935427
2019-05-20,197.35,198.36,193.96,196.33,5080134
2019-05-21,194.3,198.03,193.96,196.67,5504726
2019-05-22,196.33,196.67,193.96,194.64,3821414
2019-05-23,197.01,199.72,195.66,197.69,9875909
2019-05-24,199.38,199.38,193.63,194.3,5171759
2019-05-27,194.3,195.32,187.19,190.24,7623986
2019-05-28,191.59,191.93,189.22,189.9,7631484
2019-05-29,187.87,189.9,186.18,189.9,5039512
2019-05-30,192.61,202.09,192.61,200.73,10940177
2019-05-31,202.09,211.9,201.07,210.55,15580408
2019-06-03,208.86,214.27,205.81,212.58,13144705
2019-06-04,213.94,215.29,210.55,210.55,8772745
2019-06-05,214.61,216.31,211.57,211.9,9334896
2019-06-06,211.23,211.23,206.83,207.84,6168786
2019-06-10,211.9,214.27,209.87,213.94,8082018
2019-06-11,209.87,212.58,208.52,208.52,8924969
2019-06-12,208.86,211.57,207.5,209.54,4458590
2019-06-13,209.54,214.27,208.86,209.54,6906886
2019-06-14,210.55,211.57,207.17,207.84,4800518
2019-06-17,206.49,207.84,203.1,203.44,6753100
2019-06-18,205.81,209.2,205.81,208.86,6585570
2019-06-19,212.92,213.26,208.18,208.86,8115800
2019-06-20,210.55,211.9,208.52,209.87,4674213
2019-06-21,211.23,213.94,209.87,212.24,9233348
2019-06-24,210.89,213.6,209.87,213.6,4462509
2019-06-25,212.24,213.26,209.2,210.89,3262743
2019-06-26,211.57,211.9,209.54,210.21,3335968
2019-06-27,212.58,213.6,211.57,211.9,5353416
2019-06-28,212.58,213.6,210.55,212.58,4236184
2019-07-01,213.26,214.61,211.57,212.58,8268252
2019-07-02,212.58,215.97,212.24,215.97,7758935
2019-07-03,218.0,221.04,213.94,214.95,8818515
2019-07-04,216.64,216.98,214.95,215.97,4090644
2019-07-05,216.31,218.0,215.63,217.32,6690938
2019-07-08,217.32,219.76,217.32,218.71,5706740
2019-07-09,219.06,220.11,218.02,218.37,3738897
2019-07-10,220.8,222.2,219.76,221.5,4383939
2019-07-11,222.89,225.68,222.2,224.63,6720950
2019-07-12,223.94,224.29,221.5,221.5,3205923
2019-07-15,221.85,222.2,218.37,219.06,5194708
2019-07-16,219.76,221.15,218.02,218.71,5075568
2019-07-17,218.02,218.71,214.88,215.93,6807470
2019-07-18,216.62,216.62,209.66,210.36,9600433
2019-07-19,214.19,214.53,210.7,212.1,7333715
2019-07-22,213.14,215.58,212.79,214.88,7018764
2019-07-23,215.93,219.41,215.93,219.06,7586407
2019-07-24,219.41,219.76,214.19,214.53,8478357
2019-07-25,215.93,218.02,214.53,218.02,5465905
2019-07-26,215.58,219.41,214.53,218.37,4494969
2019-07-29,216.62,222.54,215.93,222.2,9083924
2019-07-30,224.29,228.47,223.24,226.72,17119494
2019-07-31,224.29,224.29,215.23,219.06,17759819
2019-08-01,221.5,228.12,218.71,218.71,24478906
2019-08-02,216.28,220.46,215.58,220.11,13587337
2019-08-05,218.02,219.76,215.23,217.32,9440893
2019-08-06,212.45,218.02,211.75,215.23,10117433
2019-08-07,218.02,222.54,217.67,221.5,13326307
2019-08-08,220.46,223.24,219.06,220.46,7096959
2019-08-12,221.85,224.98,221.5,224.98,8148041
2019-08-13,223.94,224.29,220.8,221.5,3973869
2019-08-14,224.29,224.98,221.85,222.54,3991080
2019-08-15,219.06,220.8,218.37,220.46,5250867
2019-08-16,220.8,226.03,220.8,224.29,7821353
2019-08-19,228.47,245.88,227.42,245.88,30578217
2019-08-20,244.83,246.58,241.7,244.49,13464762
2019-08-21,244.49,248.32,241.7,241.7,10778561
2019-08-22,243.09,245.18,238.57,240.31,8555639
2019-08-23,242.05,245.18,238.57,238.57,6822420
2019-08-26,235.08,239.96,234.04,238.91,5118378
2019-08-27,241.7,242.4,238.91,240.66,8036958
2019-08-28,247.62,255.98,247.27,254.93,20997331
2019-08-29,253.89,254.93,251.8,254.59,8415969
2019-08-30,258.07,260.16,254.24,255.98,10421568
2019-09-02,255.98,258.77,253.54,258.07,5317803
2019-09-03,258.07,258.07,252.84,253.54,4462940
2019-09-04,254.24,257.02,252.15,254.24,6296489
2019-09-05,256.68,257.37,253.89,255.98,4485683
2019-09-06,258.42,263.29,256.33,260.85,13658238
2019-09-10,264.69,266.08,261.55,263.29,9046222
2019-09-11,261.9,264.34,259.46,260.85,7368588
2019-09-12,265.38,266.78,259.81,261.2,9749513
2019-09-16,261.55,267.82,261.55,266.08,10976486
2019-09-17,268.17,270.26,266.43,266.78,8723754
2019-09-18,266.78,267.47,263.99,266.08,7371028
2019-09-19,269.56,270.26,265.03,265.03,7618232
2019-09-20,265.73,270.26,265.73,269.21,9000253
2019-09-23,268.52,272.35,267.82,270.26,4616257
2019-09-24,270.26,270.95,267.82,269.56,4040265
2019-09-25,266.43,268.17,263.99,264.69,8943671
2019-09-26,266.08,267.47,260.51,261.9,8219250
2019-09-27,261.9,263.29,256.68,257.02,9126978
2019-10-01,257.37,262.25,257.02,262.25,7399613
2019-10-02,260.51,261.55,259.11,259.11,3950924
2019-10-03,259.11,265.38,255.98,264.34,8891382
2019-10-04,266.43,269.56,266.08,268.52,7691915
2019-10-07,269.21,270.26,265.73,267.47,5092932
2019-10-08,267.47,268.52,266.78,267.82,5088917
2019-10-09,266.08,266.43,259.11,259.11,8426727
2019-10-14,258.42,261.2,256.33,258.07,14688516
2019-10-15,257.72,258.77,254.93,255.63,9994456
2019-10-16,257.72,259.11,250.06,250.75,12208364
2019-10-17,253.54,259.11,252.15,258.42,8885926
2019-10-18,260.16,260.51,257.02,257.72,5956854
2019-10-21,259.81,260.85,256.68,257.02,4570574
2019-10-22,257.37,259.11,255.98,258.77,4971040
2019-10-23,258.07,259.11,256.33,259.11,4064705
2019-10-24,262.25,265.73,261.9,265.73,12750908
2019-10-25,268.17,268.86,263.99,263.99,8223640
2019-10-28,266.43,269.56,265.38,269.56,7243786
2019-10-29,273.74,275.48,268.52,273.74,13551380
2019-10-30,273.74,277.92,271.3,276.18,11199167
2019-10-31,276.18,286.98,275.48,284.19,24038661
2019-11-01,285.58,288.02,281.05,282.1,10009206
2019-11-04,282.1,286.98,281.75,286.98,8229135
2019-11-05,286.63,296.73,286.63,296.03,11961184
2019-11-06,296.38,302.3,294.64,302.3,13339309
2019-11-07,298.12,300.21,293.24,296.03,11874714
2019-11-08,296.03,298.12,286.28,288.37,13226485
2019-11-11,286.97,286.97,280.71,281.05,8447587
2019-11-12,282.1,287.32,282.1,285.58,5316072
2019-11-13,281.4,288.72,281.4,284.19,4982554
2019-11-14,285.23,287.67,282.1,285.93,4877989
2019-11-15,288.37,296.73,288.02,293.94,9736952
2019-11-18,291.5,293.24,290.11,292.2,3777538
2019-11-19,292.55,294.64,290.46,293.24,3798032
2019-11-20,293.24,293.24,287.67,288.72,6027873
2019-11-21,285.58,287.32,277.22,283.49,11718815
2019-11-22,281.4,286.97,281.4,286.28,7319917
2019-11-25,292.55,294.29,289.76,291.5,9091715
2019-11-26,296.03,297.77,291.5,292.55,11090564
2019-11-27,295.33,296.73,292.55,294.29,5952772
2019-11-28,296.03,301.25,294.64,300.56,9884036
2019-11-29,302.3,304.39,292.55,293.59,11552430
2019-12-02,291.5,296.03,286.97,290.11,6767586
2019-12-03,290.11,296.03,290.11,291.15,7340205
2019-12-04,291.15,295.68,290.11,295.68,6065565
2019-12-05,296.03,296.73,292.55,292.55,5727907
2019-12-06,292.9,293.94,289.06,289.06,5191845
2019-12-09,291.85,297.77,291.15,297.07,7316273
2019-12-10,297.42,297.42,294.99,296.03,3291268
2019-12-11,294.64,298.82,294.64,298.82,3798435
2019-12-12,299.86,301.25,297.07,297.77,6398487
2019-12-13,299.86,302.3,298.12,301.25,8981136
2019-12-16,303.34,308.92,301.6,307.87,46360
2019-12-17,309.26,323.2,308.57,320.76,16791241
2019-12-18,320.41,320.41,315.53,317.97,11668129
2019-12-19,317.27,317.62,314.49,316.58,9032898
2019-12-20,316.58,316.58,307.87,310.66,14087688
2019-12-23,310.31,313.44,307.87,312.75,3462155
2019-12-24,312.05,312.05,309.61,309.96,3108958
2019-12-25,309.26,315.53,309.26,314.84,2911788
2019-12-26,320.06,320.76,312.75,312.75,5855027
2019-12-27,314.49,315.18,310.66,311.01,4173840
2019-12-30,311.01,311.7,309.96,311.01,2869387
2019-12-31,308.92,311.01,307.17,308.92,5710571
2020-01-02,309.96,310.66,306.83,307.52,6237434
2020-01-03,309.96,310.31,294.64,302.65,12375266
2020-01-06,298.12,300.56,295.33,295.33,8448516
2020-01-07,298.12,300.21,291.15,296.73,11707155
2020-01-08,296.73,304.04,295.33,299.86,9695448
2020-01-09,303.0,305.78,301.25,304.39,6951194
2020-01-10,306.13,307.17,296.73,300.91,7683248
2020-01-13,300.91,303.0,293.94,293.94,10239998
2020-01-14,294.29,295.68,287.32,289.76,19437055
2020-01-15,284.89,291.85,283.14,289.76,25888092
2020-01-16,291.85,294.99,289.06,293.24,13075722
2020-01-17,298.12,298.12,291.5,292.9,8525316
2020-01-20,293.24,293.94,290.46,291.85,5654773
2020-01-30,278.62,278.96,266.43,267.12,22330256
2020-01-31,268.17,273.74,266.08,270.26,10276123
2020-02-03,262.25,269.56,259.81,266.08,10441301
2020-02-04,303.34,304.74,272.0,272.0,9425276
2020-02-05,272.0,272.0,263.64,265.38,16153382
2020-02-06,265.38,272.0,264.69,266.08,10150866
2020-02-07,265.03,268.52,263.99,265.38,10226510
2020-02-10,262.94,269.21,261.2,264.69,10628172
2020-02-11,266.08,272.7,266.08,271.65,11236133
2020-02-12,277.22,281.05,275.13,279.66,13580808
2020-02-13,284.54,286.98,283.14,284.54,15438270
2020-02-14,283.49,284.19,281.05,282.45,9177582
2020-02-17,276.88,278.27,274.44,277.22,9199824
2020-02-18,274.44,276.18,273.04,273.04,7500223
2020-02-19,275.13,275.83,269.91,270.61,9008260
2020-02-20,272.7,274.44,269.91,274.44,8177571
2020-02-21,274.44,274.44,270.26,270.26,7800080
2020-02-24,266.43,267.82,261.9,262.6,13066425
2020-02-25,260.85,266.78,258.42,263.64,10230047
2020-02-26,261.2,264.69,259.81,261.2,10856144
2020-02-27,261.9,263.29,250.75,250.75,14733370
2020-03-02,247.97,256.33,246.23,252.84,11499602
2020-03-03,259.81,263.64,258.42,259.11,10014005
2020-03-04,258.77,259.46,253.54,258.07,10894688
2020-03-05,262.94,268.17,261.9,268.17,10735601
2020-03-06,264.69,266.43,262.25,263.64,7373406
2020-03-09,256.68,258.42,251.45,255.28,11472891
2020-03-10,253.19,260.16,252.15,260.16,11832469
2020-03-11,260.16,262.6,252.15,252.84,9371669
2020-03-12,247.97,249.71,234.04,234.04,19239208
2020-03-13,214.19,242.4,212.45,237.52,23633277
2020-03-16,231.95,238.57,222.89,222.89,12157253
2020-03-17,214.53,228.81,214.53,219.76,14275860
2020-03-18,219.76,223.94,210.01,210.01,14031612
2020-03-19,202.69,207.92,190.16,190.85,25712419
2020-03-20,206.18,209.66,199.91,209.66,17041676
2020-03-23,213.84,218.71,206.18,214.53,20264004
2020-03-24,234.04,235.78,227.07,229.86,13337078
2020-03-25,242.4,245.88,229.86,232.99,20283591
2020-03-26,236.13,240.31,228.47,239.26,11554093
2020-03-27,250.41,250.41,234.39,236.82,13224545
2020-03-30,229.51,234.39,224.98,234.39,10694349
2020-03-31,236.13,239.26,227.07,228.12,10806002
2020-04-01,231.95,232.64,226.72,232.64,6557209
2020-04-06,241.0,241.0,234.39,237.52,8234391
2020-04-07,242.4,243.79,241.0,241.7,8655322
2020-04-08,241.0,245.18,240.31,243.44,6885590
2020-04-09,247.97,247.97,242.05,244.83,8237776
2020-04-10,245.53,245.53,242.4,243.79,6619621
2020-04-13,243.09,246.92,242.74,244.83,7148004
2020-04-14,246.58,256.68,246.23,254.59,13428196
2020-04-15,257.72,258.07,253.19,254.59,8618815
2020-04-16,251.45,254.59,251.1,251.8,6466648
2020-04-17,263.99,263.99,252.84,256.33,13317197
2020-04-20,258.42,260.16,255.28,257.72,5552576
2020-04-21,255.63,255.63,245.18,246.23,11227460
2020-04-22,243.79,245.18,238.22,241.0,12064371
2020-04-23,242.05,244.49,239.61,244.49,8791011
2020-04-24,244.49,245.88,242.4,242.74,6025467
2020-04-27,248.67,260.51,247.62,259.11,13194986
2020-04-28,260.85,261.2,253.19,261.2,10595852
2020-04-29,278.62,278.62,269.21,277.22,31507975
2020-04-30,286.97,289.41,282.1,289.06,21757679
2020-05-04,281.4,282.1,277.22,278.27,11748303
2020-05-05,281.05,282.45,275.83,279.66,7287899
2020-05-06,282.1,285.23,279.66,284.19,8553772
2020-05-07,286.97,289.06,286.28,286.28,8084230
2020-05-08,289.06,291.15,286.63,286.63,6577964
2020-05-11,289.41,289.41,283.49,285.58,6480940
2020-05-12,284.19,285.23,281.4,283.49,5093041
2020-05-13,284.54,292.55,283.49,292.55,10514740
2020-05-14,290.46,291.85,283.14,286.28,8304088
2020-05-15,288.37,289.41,281.75,286.28,5763797
2020-05-18,314.84,314.84,304.04,306.83,25249990
2020-05-19,322.15,323.2,319.02,321.8,21999164
2020-05-20,325.28,333.64,323.2,327.37,18417567
2020-05-21,327.37,328.77,320.76,323.54,9007736
2020-05-22,311.01,316.93,306.48,307.87,15401024
2020-05-25,314.49,320.41,312.75,320.41,11317742
2020-05-26,320.41,325.98,319.02,320.41,6684259
2020-05-27,323.89,324.59,320.06,323.54,8149230
2020-05-28,325.98,326.68,315.88,320.41,10968535
2020-05-29,320.41,325.28,315.88,322.5,9537183
2020-06-01,325.98,327.37,320.41,321.45,8722266
2020-06-02,339.91,341.65,333.99,337.82,17040745
2020-06-03,342.7,343.74,339.22,341.31,9435845
2020-06-04,337.82,343.39,335.73,341.31,8177190
2020-06-05,343.39,346.53,342.0,344.09,8352917
2020-06-08,345.14,351.75,343.39,344.44,9669114
2020-06-09,342.0,347.92,339.56,346.53,7942284
2020-06-10,345.14,350.36,344.79,348.27,6677972
2020-06-11,348.27,354.54,345.48,345.83,10694186
2020-06-12,329.46,345.14,329.46,343.05,11862920
2020-06-15,346.88,351.75,343.05,343.05,7204482
2020-06-16,342.7,355.24,342.35,355.24,11665647
2020-06-17,355.93,359.42,351.75,355.24,6203179
2020-06-18,358.72,358.72,353.84,357.33,5395592
2020-06-19,362.2,390.06,360.81,380.31,21698522
2020-06-22,385.19,401.21,380.31,401.21,17770887
2020-06-23,403.99,413.75,388.67,399.81,15468824
2020-06-24,398.42,406.78,395.64,403.99,9137582
2020-06-29,394.24,401.21,392.15,393.55,11967207
2020-06-30,396.33,403.3,395.64,403.3,9477547
2020-07-01,410.96,413.75,400.51,401.9,7577668
2020-07-02,401.9,405.39,399.12,399.81,6018098
2020-07-03,400.51,408.87,400.51,407.48,8709502
2020-07-06,416.34,417.76,411.38,417.76,7257983
2020-07-07,424.15,448.26,422.02,438.33,19356242
2020-07-08,446.13,478.05,443.3,468.83,21759399
2020-07-09,468.83,470.25,453.93,461.74,17160954
2020-07-10,454.64,458.9,436.91,436.91,16945547
2020-07-13,444.0,453.23,438.33,446.13,10446840
2020-07-14,444.71,445.42,432.66,433.37,9142920
2020-07-15,434.08,438.33,424.15,431.95,14629162
2020-07-16,426.27,434.08,424.85,424.85,7417218
2020-07-17,424.15,431.24,422.73,430.53,8994459
2020-07-20,431.95,433.37,418.47,426.27,9008151
2020-07-21,434.07,456.06,434.07,451.81,15777808
2020-07-22,467.41,475.21,461.74,470.96,17852109
2020-07-23,466.7,487.27,463.16,480.18,17281987
2020-07-24,480.18,498.62,475.21,478.76,24419901
2020-07-27,492.94,522.73,490.11,516.35,21292219
2020-07-28,525.57,541.18,482.31,482.31,36040539
2020-07-29,484.43,492.24,473.08,483.72,14464939
2020-07-30,486.56,492.24,475.21,484.43,13693896
2020-07-31,480.89,501.46,475.21,497.2,14518563
2020-08-03,526.99,526.99,492.94,493.65,25733096
2020-08-04,498.62,519.19,496.49,519.19,19226303
2020-08-05,521.32,524.15,512.09,517.77,13000226
2020-08-06,522.02,534.08,517.77,519.19,12890678
2020-08-07,517.77,522.02,499.33,500.04,14627882
2020-08-10,493.65,506.42,493.65,500.75,11142754
2020-08-11,495.07,502.17,490.11,491.53,9919208
2020-08-12,485.14,489.4,478.05,482.31,11113131
2020-08-13,496.49,497.91,475.92,485.14,11410405
2020-08-14,475.21,484.43,475.21,482.31,9672925
2020-08-17,485.14,488.69,480.18,485.85,6056362
2020-08-18,437.62,455.35,437.62,437.62,42330663
2020-08-19,438.33,444.0,429.11,431.95,23597107
2020-08-20,427.69,433.37,390.81,400.74,34165307
2020-08-21,413.51,429.82,412.09,428.4,21528784
2020-08-24,424.85,425.56,413.51,414.92,14910954
2020-08-25,419.89,421.31,414.22,417.76,9904789
2020-08-26,414.92,415.63,406.41,409.96,10781130
2020-08-27,413.51,415.63,393.65,395.77,14917596
2020-08-28,395.77,407.83,392.23,407.12,13150295
2020-08-31,411.38,413.51,391.52,394.36,17151699
2020-09-01,396.48,409.25,392.23,408.54,10727355
2020-09-02,429.11,431.95,418.47,422.73,18844801
2020-09-03,435.49,436.2,424.15,427.69,13478883
2020-09-04,417.76,432.66,412.8,427.69,13800424
2020-09-07,431.24,434.78,420.6,424.15,7040189
2020-09-08,426.98,435.49,424.15,428.4,6683057
2020-09-09,421.31,424.85,415.63,422.02,10096718
2020-09-10,426.27,430.53,424.15,424.85,7278603
2020-09-11,424.15,427.69,415.63,422.02,7587495
2020-09-14,422.73,432.66,417.76,431.95,8675428
2020-09-15,431.95,435.49,427.69,433.37,7364558
2020-09-16,438.33,445.42,436.91,437.62,10590991
2020-09-17,432.66,433.37,420.6,424.85,12572944
2020-09-18,424.85,433.37,419.18,433.37,11400876
2020-09-21,435.49,442.59,432.66,436.91,8107351
2020-09-22,435.49,436.2,426.98,427.69,7610728
2020-09-23,431.95,439.04,431.95,437.62,6545842
2020-09-24,429.82,436.91,425.56,425.56,8632965
2020-09-25,429.11,431.24,412.09,414.92,7846337
2020-09-28,413.51,430.53,412.09,427.69,7734975
2020-09-29,429.82,435.49,429.82,432.66,5464334
2020-09-30,436.2,438.33,430.53,430.53,5974893
2020-10-05,435.49,437.62,432.66,433.37,5000804
2020-10-06,438.33,439.04,434.07,436.2,3949603
2020-10-07,437.62,466.7,434.78,458.9,17770203
2020-10-08,468.12,480.18,461.03,475.21,15485367
2020-10-12,503.58,512.09,495.78,506.42,21415450
2020-10-13,505.0,505.0,491.53,495.78,7920165
2020-10-14,490.82,495.07,487.27,488.69,5713855
2020-10-15,491.53,501.46,488.69,488.69,6967919
2020-10-16,488.69,492.94,482.31,482.31,5020630
2020-10-19,484.43,492.94,484.43,490.82,3933553
2020-10-20,487.98,494.36,484.43,494.36,4936501
2020-10-21,499.33,503.58,487.27,490.11,5171741
2020-10-22,487.98,493.65,485.85,487.98,5090155
2020-10-23,488.69,492.24,480.89,480.89,4854113
2020-10-26,482.31,486.56,476.63,478.05,4322931
2020-10-27,478.05,487.98,476.63,485.85,6036221
2020-10-28,485.85,488.69,478.76,483.01,6105449
2020-10-29,475.21,487.27,472.38,485.14,4525881
2020-10-30,480.89,483.72,475.21,480.89,6372434
2020-11-02,489.4,489.4,461.03,463.16,13777031
2020-11-03,468.83,479.47,468.12,471.67,8253830
2020-11-04,475.92,485.85,468.83,480.18,9284414
2020-11-05,485.85,493.65,481.6,493.65,11678906
2020-11-06,497.2,499.33,490.82,496.49,7345707
2020-11-09,503.58,506.42,491.53,497.91,6544760
2020-11-10,497.91,497.91,483.01,486.56,6006693
2020-11-11,469.54,483.72,469.54,479.47,7981123
2020-11-12,480.18,484.43,475.92,477.34,4170904
2020-11-13,475.92,480.18,473.09,478.76,4677318
2020-11-16,485.85,492.94,483.01,492.24,6299216
2020-11-17,497.2,498.62,490.11,493.65,6367119
2020-11-18,497.91,516.35,497.2,516.35,21063886
2020-11-19,519.19,523.44,515.64,519.9,8842836
2020-11-20,519.19,534.79,512.8,529.83,11419475
2020-11-23,534.79,537.63,523.44,526.99,7022977
2020-11-24,533.37,533.37,520.61,526.28,5754058
2020-11-25,529.12,530.54,513.51,513.51,7106689
2020-11-26,519.9,522.73,514.22,517.77,3654252
2020-11-27,514.22,518.48,511.39,514.22,3418735
2020-11-30,504.29,509.26,498.62,499.33,13232551
2020-12-01,496.49,502.17,491.53,494.36,8450506
2020-12-02,500.75,508.55,492.94,505.0,8354076
2020-12-03,507.13,507.13,495.07,496.49,6972483
2020-12-04,496.49,501.46,493.65,500.04,5398397
2020-12-07,500.04,502.17,492.94,499.33,5457769
2020-12-08,498.62,518.48,497.91,517.77,10014080
2020-12-09,521.32,529.12,517.77,520.61,7869170
2020-12-10,517.77,517.77,500.75,502.87,7733557
2020-12-11,510.68,512.09,497.2,501.46,7453209
2020-12-14,500.75,503.58,495.78,497.91,3884022
2020-12-15,497.91,500.75,493.65,497.2,5077673
2020-12-16,504.29,506.42,497.2,497.2,6247245
2020-12-17,498.62,504.29,495.78,499.33,5996672
2020-12-18,499.33,502.17,495.78,495.78,4853449
2020-12-21,495.07,502.17,488.69,502.17,5371824
2020-12-22,502.17,512.09,498.62,498.62,6412332
2020-12-23,502.17,512.09,500.04,510.68,5329119
2020-12-24,513.51,514.22,506.42,506.42,3320736
2020-12-25,510.68,512.09,505.0,507.13,2209747
2020-12-28,513.51,525.57,512.8,524.86,10540685
2020-12-29,525.57,529.12,520.61,520.61,4566021
2020-12-30,524.86,529.12,521.32,529.12,5614368
2020-12-31,529.83,534.08,526.28,529.83,4626983
2021-01-04,535.5,566.0,533.37,561.74,13995441
2021-01-05,564.58,570.26,549.69,565.29,9187166
2021-01-06,568.84,577.35,556.78,561.74,9257326
2021-01-07,563.16,573.09,556.78,566.71,7450197
2021-01-08,574.51,598.63,568.84,594.37,13239667
2021-01-11,597.92,607.14,592.24,603.59,7932068
2021-01-12,607.85,615.65,597.21,600.04,10297170
2021-01-13,606.43,637.64,602.88,627.0,15302374
2021-01-14,618.49,624.87,605.72,610.68,11167095
2021-01-15,622.74,625.58,597.21,602.88,9779613
2021-01-18,602.88,603.59,579.48,598.63,8819889
2021-01-19,610.68,624.16,605.72,623.45,7901499
2021-01-20,627.71,636.93,617.07,618.49,11007193
2021-01-21,631.25,663.17,629.83,662.46,17528460
2021-01-22,648.28,670.97,644.02,650.4,16199876
2021-01-25,650.4,656.08,631.96,645.44,8944898
2021-01-26,648.28,653.95,617.78,617.78,9931150
2021-01-27,624.87,641.89,617.78,636.22,10941305
2021-01-28,614.23,624.16,612.1,616.36,17650820
2021-01-29,630.54,640.47,620.61,620.61,17441562
2021-02-01,628.42,644.73,620.61,641.89,13528273
2021-02-02,656.08,675.23,652.53,660.33,14420674
2021-02-03,671.68,680.19,668.13,673.81,10829429
2021-02-04,661.75,675.94,648.98,670.97,13169744
2021-02-05,677.36,700.05,673.81,673.81,15290557
2021-02-17,709.27,716.37,688.7,695.09,11840037
2021-02-18,695.09,700.05,686.58,693.67,6292915
2021-02-19,688.7,691.54,675.94,683.74,7255611
2021-02-22,689.41,695.09,674.52,674.52,7422176
2021-02-23,670.26,686.58,661.04,684.45,7807365
2021-02-24,672.39,685.87,666.72,666.72,7540161
2021-02-25,673.81,677.36,659.62,669.55,7139928
2021-02-26,654.66,660.33,635.51,635.51,15220271
2021-03-02,652.53,666.01,638.35,638.35,13479811
2021-03-03,648.98,659.62,634.8,659.62,8671779
2021-03-04,651.82,651.82,634.8,636.22,12248552
2021-03-05,622.03,632.67,617.07,626.29,10351724
2021-03-08,639.05,644.73,614.23,614.94,9488584
2021-03-09,609.97,627.71,605.72,623.45,9399408
2021-03-10,631.25,632.67,609.97,612.81,9346906
2021-03-11,616.36,634.8,613.52,629.83,9451838
2021-03-12,638.35,648.98,632.67,637.64,7841829
2021-03-15,638.35,648.28,638.35,643.31,6825630
2021-03-16,650.4,651.82,642.6,651.82,6741317
2021-03-17,655.37,656.08,639.76,644.02,5862315
2021-03-18,648.28,652.53,640.47,640.47,4563993
2021-03-19,634.8,635.51,624.16,627.71,7668776
2021-03-22,624.16,631.96,618.49,624.87,7131194
2021-03-23,631.25,632.67,617.07,617.07,8388784
2021-03-24,618.49,634.8,614.23,634.09,6887986
2021-03-25,641.18,673.81,635.51,673.1,16360212
2021-03-26,674.52,677.36,659.62,668.84,11651662
2021-03-29,675.94,687.99,667.43,667.43,9564671
2021-03-30,679.48,692.96,667.43,688.7,12406387
2021-03-31,689.41,697.92,680.9,687.29,9109221
2021-04-01,693.67,698.63,681.61,681.61,5681893
2021-04-07,712.82,716.37,700.76,707.85,5493804
2021-04-08,700.76,730.55,698.63,723.46,8021763
2021-04-09,727.0,730.55,708.56,708.56,6402048
2021-04-12,707.14,712.82,678.06,680.9,10334862
2021-04-13,690.12,697.92,675.23,681.61,9547951
2021-04-14,684.45,687.29,663.17,684.45,8708863
2021-04-15,688.7,698.63,678.77,698.63,5936707
2021-04-16,702.18,702.18,685.87,691.54,6313141
2021-04-19,698.63,698.63,682.32,683.03,4552119
2021-04-20,685.16,716.37,683.03,707.85,9725033
2021-04-21,716.37,716.37,697.22,700.76,6691346
2021-04-22,708.56,716.37,697.92,697.92,5787315
2021-04-23,695.09,734.1,695.09,734.1,10968902
2021-04-26,758.92,773.11,730.55,758.92,11328469
2021-04-27,762.47,780.2,748.28,755.38,8213859
2021-04-28,762.47,773.11,748.28,766.01,8985602
2021-04-29,840.49,840.49,840.49,840.49,6156406
2021-05-03,833.4,833.4,766.01,783.75,24923162
2021-05-04,780.2,783.75,727.0,769.56,18013299
2021-05-05,773.11,780.2,708.56,712.82,13757415
2021-05-06,730.55,755.38,709.27,748.28,14573730
2021-05-07,748.28,755.38,723.46,751.83,9285007
2021-05-10,719.91,727.0,694.38,694.38,18810805
2021-05-11,639.05,664.59,636.93,646.15,24921478
2021-05-12,638.35,651.82,582.31,629.83,31011290
2021-05-13,628.42,641.89,610.68,619.2,16643374
2021-05-14,634.09,652.53,629.83,634.8,11830221
2021-05-17,624.16,664.59,616.36,648.28,16218012
2021-05-18,666.72,705.02,652.53,705.02,16219814
2021-05-19,697.22,703.6,668.84,668.84,12478300
2021-05-20,665.3,673.1,656.79,659.62,10698579
2021-05-21,681.61,690.12,663.88,677.36,13762585
2021-05-24,673.81,680.19,665.3,668.84,6032351
2021-05-25,677.36,687.29,671.68,675.23,8682040
2021-05-26,680.9,686.58,671.68,674.52,5834656
2021-05-27,670.26,675.23,660.33,663.17,9218405
2021-05-28,673.81,686.58,665.3,681.61,7578285
2021-05-31,688.7,716.37,680.19,705.73,9520375
2021-06-01,712.82,719.91,692.25,692.96,7203678
2021-06-02,695.8,700.76,678.77,680.19,6983814
2021-06-03,686.58,697.92,684.45,695.8,4708980
2021-06-04,688.7,692.96,685.16,692.96,4043131
2021-06-07,688.7,692.25,672.39,690.12,5332777
2021-06-08,691.54,692.96,685.16,685.16,3549078
2021-06-09,683.03,697.92,683.03,685.87,3936851
2021-06-10,695.09,712.82,692.96,707.85,9017839
2021-06-11,712.82,716.37,695.09,695.09,5961361
2021-06-15,703.6,712.82,698.63,701.47,5175020
2021-06-16,705.73,705.73,695.8,698.63,4946749
2021-06-17,693.67,694.38,686.58,693.67,6201886
2021-06-18,695.09,702.18,684.45,684.45,5918101
2021-06-21,680.9,681.61,651.11,651.11,11173057
2021-06-22,639.76,649.69,631.25,640.47,13992257
2021-06-23,640.47,667.43,636.93,667.43,8867351
2021-06-24,670.26,671.68,657.5,658.91,3484444
2021-06-25,666.72,675.23,657.5,657.5,4975532
2021-06-28,658.91,663.17,653.95,663.17,3842050
2021-06-29,668.14,673.1,663.17,663.17,5371399
2021-06-30,670.26,693.67,668.84,682.32,10422047
2021-07-01,688.7,692.25,672.39,677.36,5520582
2021-07-02,683.03,683.74,675.94,678.77,4595609
2021-07-05,680.9,691.54,678.77,678.77,7408825
2021-07-06,691.32,693.53,678.77,680.25,6914325
2021-07-07,683.2,684.68,676.56,676.56,5159765
2021-07-08,678.77,685.41,674.35,678.77,5934229
2021-07-09,675.09,685.41,672.13,678.04,5129084
2021-07-12,693.53,694.27,686.15,689.84,5646291
2021-07-13,693.53,696.48,683.2,683.2,6948022
2021-07-14,685.41,692.05,682.46,686.15,3359604
2021-07-15,689.84,702.38,686.15,701.65,7385920
2021-07-16,699.43,708.29,694.27,706.07,5866395
2021-07-19,694.27,697.22,675.09,678.04,6987035
2021-07-20,676.56,684.68,675.09,678.77,3114282
2021-07-21,683.2,686.89,668.44,672.87,4941452
2021-07-22,675.09,686.89,675.09,678.04,4204358
2021-07-23,687.63,689.1,681.73,688.37,4496889
2021-07-26,693.53,693.53,678.77,680.99,4293853
2021-07-27,684.68,699.43,681.73,692.05,7973169
2021-07-28,686.89,687.63,654.43,656.64,16290546
2021-07-29,675.09,689.84,666.23,688.37,9074984
2021-07-30,689.84,691.32,669.18,671.4,5727104
2021-08-02,681.73,689.1,678.77,689.1,3940140
2021-08-03,699.43,699.43,686.15,692.05,2919205
2021-08-04,699.43,703.12,694.27,700.91,6059477
2021-08-05,708.29,711.24,702.38,709.02,6733053
2021-08-06,705.33,706.07,689.84,690.58,3774421
2021-08-09,684.68,684.68,672.13,679.51,4368676
2021-08-10,686.15,686.15,675.82,680.25,2445401
2021-08-11,673.61,675.82,668.44,671.4,4502303
2021-08-12,680.99,680.99,664.76,666.97,4215356
2021-08-13,670.66,675.82,664.76,671.4,4646391
2021-08-16,671.4,677.3,664.02,664.76,3692905
2021-08-17,664.76,664.76,664.76,664.76,0
2021-08-18,641.88,672.87,638.2,672.87,6008564
2021-08-19,669.92,674.35,650.74,655.16,5483659
2021-08-20,663.28,666.97,641.88,644.1,5459224
2021-08-23,650.74,675.09,650.74,672.13,5262045
2021-08-24,678.77,678.77,666.23,670.66,2822689
2021-08-25,675.09,675.09,664.02,672.13,3927236
2021-08-26,668.44,669.18,641.88,655.16,9234116
2021-08-27,644.1,661.07,644.1,661.07,5490911
2021-08-30,665.49,672.87,662.54,672.87,4109689
2021-08-31,676.56,676.56,652.95,664.76,7520536
2021-09-01,676.56,686.15,668.44,683.94,9142513
2021-09-02,686.15,697.22,683.94,688.37,5703535
2021-09-03,692.05,692.05,676.56,678.04,5908319
2021-09-06,669.18,676.56,660.33,661.07,8142260
2021-09-07,664.76,669.18,661.8,666.23,3726008
2021-09-08,663.28,674.35,660.33,672.87,4347700
2021-09-09,666.23,669.92,662.54,664.76,6296716
2021-09-10,666.23,682.46,665.49,682.46,4767470
2021-09-13,677.3,687.63,677.3,683.94,2943072
2021-09-14,687.63,700.17,687.63,698.69,8030381
2021-09-15,695.74,697.22,684.68,689.84,5098265
2021-09-16,686.15,690.58,683.2,690.58,2831392
2021-09-17,693.53,702.38,690.58,693.53,7222343
2021-09-22,677.3,682.46,664.02,672.13,8331836
2021-09-23,678.04,679.51,667.71,675.09,5235288
2021-09-24,677.3,680.99,672.87,678.77,4824937
2021-09-27,679.51,707.55,679.51,707.55,10615379
2021-09-28,707.55,714.93,697.22,706.07,7201265
2021-09-29,693.53,695.74,673.61,673.61,8299794
2021-09-30,673.61,675.09,661.07,667.71,7633321
2021-10-01,667.71,667.71,650.74,652.95,6270815
2021-10-04,658.12,663.28,647.79,658.12,4562934
2021-10-05,643.36,647.79,630.82,639.67,8653551
2021-10-06,645.57,656.64,642.62,642.62,5342508
2021-10-07,652.95,674.35,651.48,672.13,6379657
2021-10-08,678.04,682.46,668.44,671.4,4246459
2021-10-12,669.18,669.92,652.95,654.43,6289120
2021-10-13,657.38,658.85,635.98,635.98,5526679
2021-10-14,641.88,644.1,619.01,619.75,8578196
2021-10-15,629.34,633.77,624.91,632.29,6129997
2021-10-18,635.98,647.79,634.51,639.67,5973592
2021-10-19,647.05,664.02,643.36,662.54,5917354
2021-10-20,671.4,677.3,664.76,664.76,4486883
2021-10-21,672.87,681.73,666.23,673.61,5875235
2021-10-22,673.61,683.2,668.44,683.2,4483378
2021-10-25,684.68,696.48,675.82,692.05,5129397
2021-10-26,701.65,702.38,693.53,697.96,6282515
2021-10-27,700.17,706.81,687.63,695.01,7944259
2021-10-28,695.01,698.69,683.94,690.58,3776228
2021-10-29,692.05,692.79,673.61,673.61,5373611
2021-11-01,682.46,686.15,676.56,680.25,2927412
2021-11-02,685.41,689.1,678.04,684.68,2920555
2021-11-03,689.1,692.79,685.41,687.63,3049201
2021-11-04,697.22,697.22,683.2,684.68,2340539
2021-11-05,692.79,693.53,683.94,693.53,3449046
2021-11-08,698.69,725.26,696.48,723.04,10466167
2021-11-09,737.8,737.8,720.09,721.57,6868045
2021-11-10,717.14,721.57,706.81,706.81,3495810
2021-11-11,690.58,708.29,690.58,703.86,3783645
2021-11-12,711.24,728.94,705.33,725.26,4282008
2021-11-15,745.18,763.62,737.8,756.24,11093470
2021-11-16,756.24,771.0,745.18,763.62,5633120
2021-11-17,782.07,793.13,752.55,759.93,6797429
2021-11-18,782.07,811.58,774.69,800.51,12481999
2021-11-19,822.64,826.33,782.07,804.2,9960213
2021-11-22,811.58,818.96,796.82,796.82,4887612
2021-11-23,789.44,804.2,774.69,778.38,6036742
2021-11-24,771.0,782.07,756.24,767.31,4207454
2021-11-25,771.0,778.38,752.55,763.62,2988005
2021-11-26,752.55,756.24,734.85,741.49,4249254
2021-11-29,736.32,759.93,731.16,759.93,3787113
2021-11-30,774.69,782.07,745.18,745.18,8133035
2021-12-01,752.55,789.44,745.18,785.75,6353875
2021-12-02,771.0,800.51,767.31,796.82,7112276
2021-12-03,796.82,804.2,778.38,782.07,4662507
2021-12-06,782.07,800.51,767.31,800.51,4605648
2021-12-07,782.07,796.82,774.69,785.75,6117755
2021-12-08,800.51,818.96,796.82,807.89,7323171
2021-12-09,807.89,811.58,793.13,800.51,2463930
2021-12-10,793.13,800.51,785.75,793.13,2943248
2021-12-13,789.44,807.89,789.44,793.13,3276917
2021-12-14,789.44,793.13,774.69,789.44,4130770
2021-12-15,785.75,793.13,771.0,782.07,2981924
2021-12-16,800.51,804.2,793.13,804.2,3810497
2021-12-17,793.13,807.89,789.44,793.13,4197118
2021-12-20,789.44,793.13,778.38,778.38,3226773
2021-12-21,818.96,818.96,789.44,804.2,4406508
2021-12-22,807.89,807.89,796.82,800.51,1329910
2021-12-23,804.2,815.27,800.51,807.89,2693726
2021-12-24,811.58,833.71,807.89,826.33,4983433
2021-12-27,830.02,874.29,826.33,844.78,8440835
2021-12-28,855.85,870.6,852.16,866.91,4928695
2021-12-29,870.6,885.36,863.22,874.29,5074409
2021-12-30,885.36,885.36,866.91,877.98,3809725
2022-01-03,889.05,896.42,844.78,848.47,7374387
2022-01-04,859.53,866.91,844.78,859.53,6688764
2022-01-05,863.22,877.98,848.47,866.91,7020406
2022-01-06,848.47,852.16,818.96,837.4,8129690
2022-01-07,833.71,844.78,804.2,811.58,8258414
2022-01-10,796.82,807.89,789.44,807.89,7069419
2022-01-11,804.2,807.89,785.75,796.82,4406422
2022-01-12,807.89,807.89,789.44,800.51,3016339
2022-01-13,804.2,818.96,800.51,811.58,5047874
2022-01-14,804.2,804.2,778.38,785.75,5581491
2022-01-17,793.13,826.33,789.44,822.64,5457933
2022-01-18,818.96,844.78,815.27,815.27,4858889
2022-01-19,807.89,826.33,804.2,811.58,4742173
2022-01-20,815.27,818.96,789.44,804.2,5235983
2022-01-21,782.07,796.82,778.38,789.44,5844178
2022-01-24,782.07,804.2,774.69,804.2,5048568
2022-01-25,796.82,804.2,789.44,800.51,4466066
2022-01-26,789.44,807.89,789.44,793.13,5129604
2022-02-07,833.71,833.71,793.13,811.58,18787872
2022-02-08,830.02,830.02,804.2,807.89,8746495
2022-02-09,830.02,837.4,807.89,833.71,7950712
2022-02-10,841.09,859.53,830.02,855.85,8574392
2022-02-11,848.47,863.22,844.78,848.47,4989740
2022-02-14,826.33,830.02,811.58,815.27,5433143
2022-02-15,818.96,826.33,804.2,811.58,3248639
2022-02-16,833.71,833.71,822.64,833.71,2903544
2022-02-17,833.71,837.4,826.33,833.71,3007009
2022-02-18,822.64,830.02,815.27,826.33,2500405
2022-02-21,822.64,837.4,818.96,833.71,3088278
2022-02-22,822.64,826.33,804.2,818.96,4745273
2022-02-23,818.96,826.33,811.58,826.33,3540429
2022-02-24,807.89,815.27,778.38,782.07,7867454
2022-02-25,793.13,807.89,782.07,800.51,7091202
2022-03-01,815.27,826.33,807.89,811.58,5420606
2022-03-02,815.27,815.27,789.44,796.82,3632197
2022-03-03,800.51,811.58,785.75,796.82,3799148
2022-03-04,782.07,782.07,756.24,756.24,6254448
2022-03-07,726.73,734.11,715.66,717.14,10685986
2022-03-08,697.22,727.47,695.74,710.5,7230258
2022-03-09,716.4,720.09,705.33,712.71,5981552
2022-03-10,730.42,741.49,724.52,734.11,5820879
2022-03-11,737.8,737.8,709.02,710.5,5586320
2022-03-14,717.88,719.35,689.1,696.48,8517631
2022-03-15,688.37,689.84,664.76,666.97,9349160
2022-03-16,686.15,686.89,664.02,669.18,7483037
2022-03-17,701.65,721.57,700.17,714.19,9344377
2022-03-18,716.4,718.62,704.6,714.93,6554769
2022-03-21,726.73,726.73,720.83,721.57,3910421
2022-03-22,716.4,723.04,713.45,719.35,3925166
2022-03-23,728.94,734.11,720.09,720.83,4105013
2022-03-24,721.57,721.57,713.45,717.14,4654086
2022-03-25,719.35,720.09,711.98,716.4,3500490
2022-03-28,700.91,711.24,697.96,711.24,2654466
2022-03-29,686.89,701.65,666.23,672.87,12940484
2022-03-30,672.87,680.99,666.23,675.09,11058276
2022-03-31,664.02,678.04,664.02,667.71,8375072
2022-04-01,664.02,666.97,658.85,664.02,9228783
2022-04-06,633.03,651.48,630.82,650.74,13328503
2022-04-07,633.03,643.36,627.13,627.13,12287176
2022-04-08,627.87,633.77,615.32,619.75,12711666
2022-04-11,619.01,624.91,613.85,616.8,6163957
2022-04-12,619.75,625.65,612.37,621.23,7748278
2022-04-13,626.39,650.74,624.91,649.26,10111374
2022-04-14,644.84,644.84,635.24,635.24,6220281
2022-04-15,627.87,628.6,613.11,613.85,7092675
2022-04-18,610.16,622.7,610.16,614.59,3933699
2022-04-19,630.82,635.98,618.27,618.27,6253901
2022-04-20,624.91,631.56,620.49,631.56,5489289
2022-04-21,630.08,643.36,627.13,640.41,4505663
2022-04-22,625.65,632.29,624.18,630.08,5736473
2022-04-25,614.59,618.27,613.11,617.54,5934807
2022-04-26,614.59,617.54,608.68,614.59,6976630
2022-04-27,594.67,602.04,588.02,596.14,8488189
2022-04-28,616.06,629.34,605.73,610.9,12449177
2022-04-29,627.13,627.13,612.37,612.37,6664286
2022-05-03,612.37,614.59,596.14,604.99,8296427
2022-05-04,611.63,616.06,608.68,611.63,3551729
2022-05-05,621.96,625.65,617.54,620.49,5091069
2022-05-06,596.88,615.32,596.14,615.32,5655744
2022-05-09,605.73,610.16,599.83,599.83,3073344
2022-05-10,590.98,607.95,590.98,604.99,5843583
2022-05-11,600.57,613.11,599.83,611.63,3755757
2022-05-12,610.9,616.06,604.99,604.99,4101437
2022-05-13,613.11,623.44,610.9,621.96,4569731
2022-05-16,626.39,633.03,608.68,608.68,4950541
2022-05-17,618.27,624.91,612.37,620.49,4006249
2022-05-18,630.08,630.82,623.44,630.82,5390518
2022-05-19,619.01,624.91,616.06,623.44,4799600
2022-05-20,620.49,627.13,616.8,624.18,3499866
2022-05-23,630.08,632.29,621.96,621.96,3192724
2022-05-24,625.65,625.65,612.37,612.37,2917189
2022-05-25,614.59,625.65,609.42,621.96,3229937
2022-05-26,626.39,626.39,613.85,614.59,3458958
2022-05-27,621.23,628.6,618.27,627.87,3283990
2022-05-30,638.2,647.79,637.46,647.79,5134164
2022-05-31,646.31,667.71,639.67,667.71,10189792
2022-06-01,666.23,672.87,661.07,667.71,5234259
2022-06-02,663.28,668.44,661.8,662.54,3858451
2022-06-06,661.07,672.87,656.64,667.71,5605415
2022-06-07,664.02,664.76,656.64,656.64,5521169
2022-06-08,666.23,688.37,664.02,686.15,10296010
2022-06-09,683.94,689.84,678.77,681.73,5894187
2022-06-10,675.09,689.1,674.35,686.15,4826273
2022-06-13,665.49,669.18,652.95,654.43,8704050
2022-06-14,641.88,650.74,638.93,649.26,6417629
2022-06-15,649.26,658.85,647.79,652.21,5010720
2022-06-16,668.44,669.92,641.15,644.1,4915525
2022-06-17,624.91,631.56,613.11,613.11,12964828
2022-06-20,618.27,628.6,613.85,619.75,6893103
2022-06-21,635.24,640.41,624.91,640.41,7304422
2022-06-22,625.65,628.6,593.93,595.4,14514935
2022-06-23,592.97,600.27,550.79,558.9,30393472
2022-06-24,553.22,564.58,542.68,543.49,14518315
2022-06-27,555.66,563.77,549.98,549.98,10153354
2022-06-28,543.49,549.98,524.02,528.08,16181238
2022-06-29,522.4,541.87,519.15,536.19,13465426
2022-06-30,531.32,537.0,524.83,528.08,9682997
2022-07-01,528.89,531.32,494.82,496.44,10051624
2022-07-04,494.01,505.36,491.57,495.63,8976016
2022-07-05,506.17,511.04,484.27,498.87,8934695
2022-07-06,500.5,502.12,489.14,490.76,7663311
2022-07-07,496.44,517.53,491.57,515.91,8633974
2022-07-08,527.26,532.94,520.78,528.08,9061449
2022-07-11,531.32,532.13,515.1,516.72,5102748
2022-07-12,509.42,510.23,493.2,498.06,7334318
2022-07-13,527.26,528.89,511.85,514.29,6616953
2022-07-14,510.23,528.89,506.99,524.02,5473704
2022-07-15,524.02,528.89,517.53,525.64,7738288
2022-07-18,528.89,545.92,527.26,536.19,7836261
2022-07-19,533.75,541.05,531.32,537.0,4680873
2022-07-20,551.6,557.28,541.05,544.3,8066906
2022-07-21,552.41,580.8,549.98,580.8,11439799
2022-07-22,582.42,584.86,568.63,571.88,8280121
2022-07-25,563.77,566.2,557.28,558.09,5931222
2022-07-26,550.79,564.58,547.54,552.41,5330274
2022-07-27,536.19,549.17,535.38,549.17,6598262
2022-07-28,562.15,562.15,549.98,553.22,4665061
2022-07-29,559.71,569.45,548.36,554.03,6916095
2022-08-01,554.84,564.58,546.73,562.96,6377879
2022-08-02,550.79,559.71,545.11,554.03,6108080
2022-08-03,555.66,558.9,549.98,556.47,3556948
2022-08-04,558.9,561.33,551.6,554.84,3455237
2022-08-05,567.82,581.61,566.2,581.61,6982355
2022-08-08,578.37,584.05,572.69,575.12,5059785
2022-08-09,569.45,572.69,559.71,562.96,5278814
2022-08-10,549.17,551.6,541.87,541.87,6321671
2022-08-11,543.49,548.36,537.81,543.49,9025318
2022-08-12,546.73,554.84,543.49,554.84,4446417
2022-08-15,558.09,575.12,556.47,572.69,4793921
2022-08-16,575.12,581.61,571.88,572.69,5340783
2022-08-17,573.5,576.75,567.01,570.26,4656601
2022-08-18,569.45,571.88,560.52,569.45,4104406
2022-08-19,568.63,568.63,562.15,562.15,4021243
2022-08-22,553.22,554.03,548.36,549.17,3039000
2022-08-23,541.87,550.79,539.43,548.36,3485299
2022-08-24,551.6,554.03,541.05,541.05,3956917
2022-08-25,543.49,549.17,540.24,543.49,2981905
2022-08-26,550.79,557.28,547.54,549.98,2900649
2022-08-29,532.94,534.57,528.08,529.7,4654505
2022-08-30,529.7,535.38,525.64,532.94,4506040
2022-08-31,531.32,544.3,528.89,541.05,4221631
2022-09-01,531.32,536.19,521.59,525.64,7093281
2022-09-02,519.15,523.21,502.93,502.93,9474700
2022-09-05,499.68,516.72,499.68,511.85,5842744
2022-09-06,513.47,515.91,508.61,510.23,3988122
2022-09-07,502.93,506.99,494.01,502.12,5069764
2022-09-08,504.55,507.8,500.5,505.36,3336148
2022-09-12,514.29,520.78,507.8,508.61,5000340
2022-09-13,511.85,515.91,506.99,507.8,4327108
2022-09-14,489.14,500.5,488.33,498.87,6129131
2022-09-15,495.63,502.93,495.63,499.68,3490200
2022-09-16,492.38,495.63,486.71,486.71,7961748
2022-09-19,491.57,495.63,487.52,489.95,4262713
2022-09-20,492.38,495.63,489.14,490.76,3209089
2022-09-21,494.82,494.82,487.52,490.76,4305556
2022-09-22,485.08,486.71,476.16,479.41,5520105
2022-09-23,479.41,481.84,470.48,470.48,4137245
2022-09-26,464.8,467.24,457.5,461.56,5078590
2022-09-27,463.18,465.62,456.69,460.75,4395712
2022-09-28,463.99,467.24,442.09,442.09,7153489
2022-09-29,452.64,456.69,438.04,440.47,7957861
2022-09-30,434.79,449.39,432.36,446.96,5765497
2022-10-03,440.47,451.01,438.85,444.52,3207800
2022-10-04,457.5,464.8,457.5,464.8,4417460
2022-10-05,483.46,493.2,480.22,485.9,9523847
2022-10-06,489.14,489.95,474.54,476.16,6813772
2022-10-07,471.29,472.1,457.5,459.13,5990213
2022-10-11,442.9,458.31,438.85,448.58,8035781
2022-10-12,451.83,451.83,438.85,445.34,6779101
2022-10-13,446.15,449.39,436.41,441.28,6734775
2022-10-14,455.88,476.97,453.45,474.54,9168365
2022-10-17,460.75,470.48,458.31,468.86,6538416
2022-10-18,481.03,482.65,467.24,476.97,6492274
2022-10-19,474.54,479.41,468.05,468.05,5843559
2022-10-20,459.13,462.37,452.64,462.37,8517491
2022-10-21,459.94,469.67,458.31,459.94,4956286
2022-10-24,476.16,483.46,474.54,476.97,5684321
2022-10-25,479.41,480.22,456.69,456.69,6381937
2022-10-26,461.56,472.1,458.31,469.67,6518295
2022-10-27,477.78,480.22,472.92,477.78,6051076
2022-10-28,472.1,474.54,457.5,458.31,6036461
2022-10-31,474.54,489.95,467.24,478.59,16334090
2022-11-01,480.22,489.95,478.59,485.9,7663380
2022-11-02,482.65,492.38,481.03,485.9,6657914
2022-11-03,476.16,488.33,476.16,486.71,6358739
2022-11-04,486.71,486.71,475.35,484.27,4370544
2022-11-07,493.2,505.36,487.52,502.93,8093011
2022-11-08,512.66,512.66,499.68,502.93,7837433
2022-11-09,509.42,532.13,507.8,527.27,12019117
2022-11-10,525.64,535.38,519.96,535.38,7154267
2022-11-11,566.2,567.82,551.6,567.82,15760682
2022-11-14,571.88,575.94,562.96,565.39,9563892
2022-11-15,571.07,596.21,567.82,585.67,13610403
2022-11-16,593.78,598.65,583.24,591.35,9978727
2022-11-17,600.27,600.27,580.8,588.1,6790953
2022-11-18,593.78,601.89,580.8,585.67,5407566
2022-11-21,580.8,585.67,575.12,584.05,4344910
2022-11-22,573.5,579.99,570.26,578.37,6221790
2022-11-23,585.67,585.67,571.88,571.88,3108090
2022-11-24,579.99,597.03,576.75,590.54,7357285
2022-11-25,591.35,597.03,586.48,589.73,5668842
2022-11-28,570.26,583.24,570.26,570.26,5409513
2022-11-29,563.77,582.42,563.77,578.37,5090965
2022-11-30,579.18,598.65,576.75,594.59,9170864
2022-12-01,608.38,613.25,598.65,601.08,6799631
2022-12-02,592.16,606.76,592.16,599.46,4024014
2022-12-05,599.46,612.44,599.46,599.46,4458434
2022-12-06,599.46,603.52,584.05,588.1,4949511
2022-12-07,581.61,590.54,578.37,580.8,5243678
2022-12-08,587.29,588.1,571.88,571.88,4093975
2022-12-09,579.18,591.35,576.75,591.35,4352527
2022-12-12,579.99,580.8,571.88,577.56,4940725
2022-12-13,581.61,585.67,574.31,575.12,5634859
2022-12-14,581.61,587.29,579.18,582.42,4944047
2022-12-15,570.26,572.69,552.41,552.41,13507515
2022-12-16,529.7,539.43,528.08,535.38,12668262
2022-12-19,527.26,537.0,527.26,532.13,6529791
2022-12-20,527.26,535.38,524.02,524.02,5800713
2022-12-21,526.45,536.19,524.02,530.51,4667715
2022-12-22,539.43,541.87,536.19,536.19,4043075
2022-12-23,528.08,536.19,525.64,535.38,2381097
2022-12-26,536.19,536.19,528.08,528.08,1464464
2022-12-27,530.51,538.62,529.7,532.13,1927473
2022-12-28,526.45,526.45,503.74,517.53,8725713
2022-12-29,511.04,511.85,505.36,510.23,3623909
2022-12-30,515.1,519.15,506.99,506.99,2332797
2023-01-03,505.36,523.21,503.74,522.4,4451795
2023-01-04,518.34,522.4,515.1,515.91,2734185
2023-01-05,517.53,519.96,506.99,511.85,5231120
2023-01-06,514.29,535.38,514.29,535.38,6890898
2023-01-09,544.3,547.54,539.43,547.54,6953372
2023-01-10,554.84,564.58,552.41,562.96,8579851
2023-01-11,567.82,573.5,562.96,573.5,6807896
2023-01-12,575.94,584.05,574.31,579.99,6154916
2023-01-13,585.67,588.91,560.52,562.96,6607197
2023-01-16,573.5,577.56,568.63,571.07,4831796
2023-01-17,572.69,575.12,562.15,562.15,4423459
2023-01-30,595.4,599.46,575.12,599.46,14092868
2023-01-31,595.4,610.0,580.8,582.42,10849696
2023-02-01,587.29,590.54,582.42,587.29,5742796
2023-02-02,605.95,610.82,597.84,605.95,11004915
2023-02-03,601.89,610.82,601.08,609.19,6331833
2023-02-06,604.33,607.57,592.16,592.97,7504061
2023-02-07,599.46,599.46,580.8,581.61,7083578
2023-02-08,588.91,605.95,588.1,603.52,7726469
2023-02-09,600.27,607.57,597.03,607.57,3943535
2023-02-10,607.57,607.57,599.46,600.27,3178891
2023-02-13,596.21,597.84,588.91,592.97,4083761
2023-02-14,597.84,601.89,592.97,593.78,3253855
2023-02-15,592.16,592.16,574.31,575.94,6560069
2023-02-16,580.8,582.43,572.69,576.75,5055383
2023-02-17,574.31,586.48,573.5,586.48,3496855
2023-02-20,588.1,593.78,583.24,588.91,2557688
2023-02-21,590.54,595.4,587.29,588.1,2680312
2023-02-22,582.42,585.67,578.37,578.37,4226425
2023-02-23,587.29,604.33,585.67,604.33,7415265
2023-02-24,609.19,610.0,586.48,586.48,8014012
2023-03-01,597.84,644.89,592.97,641.64,15610514
2023-03-02,640.83,640.83,627.04,628.66,9407400
2023-03-03,631.1,640.02,625.42,628.66,6400777
2023-03-06,636.77,644.89,630.28,635.96,7426468
2023-03-07,640.02,640.83,635.15,639.21,5137242
2023-03-08,634.34,635.96,620.55,622.98,8327224
2023-03-09,623.8,628.66,622.17,622.17,5235081
2023-03-10,615.68,617.31,610.82,613.25,5780275
2023-03-13,613.25,619.74,602.7,619.74,4934528
2023-03-14,607.57,622.98,607.57,617.31,4970598
2023-03-15,621.36,627.04,614.06,614.87,5204405
2023-03-16,609.19,620.55,606.76,613.25,5857200
2023-03-17,624.61,630.28,621.36,627.04,6673769
2023-03-20,627.04,632.72,622.98,624.61,5239975
2023-03-21,629.47,631.91,618.93,625.42,5224780
2023-03-22,630.28,636.77,629.47,633.53,5008621
2023-03-23,632.72,644.07,631.1,643.26,4688952
2023-03-24,640.83,644.07,636.77,640.83,4299481
2023-03-27,640.02,640.83,631.91,632.72,3000386
2023-03-28,628.66,632.72,621.36,621.36,3940649
2023-03-29,627.85,628.66,620.55,627.04,2913723
2023-03-30,632.72,635.15,628.66,631.1,2970689
2023-03-31,631.1,640.02,631.1,638.4,4356288
2023-04-06,627.85,630.28,609.19,610.82,8692104
2023-04-07,607.57,610.01,602.7,607.57,4322843
2023-04-10,606.76,608.38,599.46,601.89,5720960
2023-04-11,602.7,615.68,602.7,613.25,4506545
2023-04-12,613.25,616.49,610.01,614.87,3537841
2023-04-13,615.68,616.49,607.57,608.38,5072055
2023-04-14,611.63,614.87,605.14,606.76,4358117
2023-04-17,571.88,575.94,562.96,575.12,14011693
2023-04-18,569.45,570.26,555.66,558.09,13970100
2023-04-19,553.22,555.66,547.54,547.54,10748670
2023-04-20,536.19,554.84,536.19,545.92,9881462
2023-04-21,548.36,550.79,539.43,539.43,5084036
2023-04-24,537.81,552.41,537.81,548.36,4674121
2023-04-25,549.98,549.98,527.27,527.27,8340199
2023-04-26,519.96,528.89,517.53,526.45,7111965
2023-04-27,530.51,541.05,529.7,537.0,4627385
2023-04-28,541.87,546.73,537.81,539.43,6381645
2023-05-02,530.51,545.92,530.51,544.3,6341076
2023-05-03,546.73,551.6,541.87,551.6,6487920
2023-05-04,546.73,546.73,540.24,541.87,5568985
2023-05-05,547.54,549.98,545.11,547.54,3164748
2023-05-08,552.41,554.84,546.73,547.54,2957572
2023-05-09,552.41,552.41,546.73,549.17,2163899
2023-05-10,549.17,549.17,540.24,541.87,3766277
2023-05-11,540.24,546.73,538.62,541.87,3130043
2023-05-12,545.92,548.36,536.19,545.92,5100737
2023-05-15,548.36,553.22,545.92,551.6,3589435
2023-05-16,558.09,558.09,551.6,551.6,3763602
2023-05-17,551.6,558.9,549.17,555.66,7787494
2023-05-18,559.71,562.96,555.66,558.9,4371571
2023-05-19,560.52,566.2,559.71,566.2,4968629
2023-05-22,569.45,575.12,568.63,571.88,4440987
2023-05-23,575.94,585.67,574.31,580.8,5240558
2023-05-24,578.37,578.37,568.63,576.75,5640355
2023-05-25,574.31,582.42,572.69,574.31,4666860
2023-05-26,574.31,597.84,574.31,592.16,10749900
2023-05-29,612.44,614.87,598.65,598.65,10036727
2023-05-30,615.68,627.04,614.06,618.93,16298604
2023-05-31,614.06,622.17,606.76,615.68,12027736
2023-06-01,612.44,617.31,606.76,606.76,6202943
2023-06-02,611.63,618.12,608.38,609.19,6399171
2023-06-05,614.06,622.17,614.06,615.68,5242068
2023-06-06,616.49,619.74,610.0,614.06,4171308
2023-06-07,615.68,623.8,613.25,622.98,5292636
2023-06-08,624.61,628.66,618.93,622.98,7246478
2023-06-09,622.98,624.61,617.31,619.74,4570550
2023-06-12,623.8,623.8,618.93,622.17,3852674
2023-06-13,624.61,634.34,622.98,631.91,7182494
2023-06-14,633.53,634.34,629.47,632.72,5287535
2023-06-15,630.28,631.91,620.55,621.36,7917545
2023-06-16,616.49,620.55,609.19,609.19,10097247
2023-06-19,623.79,643.26,619.74,636.77,19694676
2023-06-20,635.88,651.15,620.61,620.61,24572675
2023-06-21,618.82,625.1,613.43,622.41,11451567
2023-06-26,617.92,619.72,615.22,615.22,4552895
2023-06-27,610.73,617.92,610.73,611.63,4553912
2023-06-28,621.51,626.0,615.22,624.21,4150494
2023-06-29,632.29,633.19,624.21,625.1,4275815
2023-06-30,621.51,621.51,616.12,617.92,4338115
2023-07-03,621.51,626.9,619.72,620.61,2906690
2023-07-04,625.1,630.49,620.61,628.7,3753123
2023-07-05,631.39,631.39,625.1,626.0,3610090
2023-07-06,621.51,627.8,617.92,619.72,4200756
2023-07-07,616.12,616.12,610.73,612.53,4297744
2023-07-10,610.73,616.12,604.45,604.45,5647752
2023-07-11,612.53,617.02,607.14,616.12,3372502
2023-07-12,618.82,618.82,610.73,615.22,3890508
2023-07-13,621.51,622.41,610.73,610.73,5058111
2023-07-14,616.12,626.9,615.22,621.51,6044895
2023-07-17,621.51,621.51,611.63,613.43,4271120
2023-07-18,610.73,616.12,608.94,613.43,4684651
2023-07-19,619.72,627.8,618.82,625.1,6185652
2023-07-20,626.0,626.0,618.82,621.51,2484977
2023-07-21,608.04,613.43,585.59,612.53,11417157
2023-07-24,609.84,619.72,604.45,606.24,7400747
2023-07-25,606.24,609.84,597.26,597.26,6931420
2023-07-26,597.26,601.75,587.38,588.28,6972659
2023-07-27,590.97,593.67,587.38,590.97,4674341
2023-07-28,592.77,598.16,588.28,590.97,4178929
2023-07-31,620.61,626.9,614.33,619.72,16722852
2023-08-01,628.7,642.17,624.21,640.37,13914572
2023-08-02,639.47,646.66,632.29,636.78,8947248
2023-08-04,637.68,638.58,627.8,634.09,6732210
2023-08-07,636.78,639.47,631.39,634.09,3488590
2023-08-08,633.19,633.19,619.72,619.72,5604493
2023-08-09,618.82,630.49,616.12,629.59,3176525
2023-08-10,630.49,631.39,617.92,622.41,4319324
2023-08-11,617.92,618.82,606.24,609.84,4857156
2023-08-14,603.55,604.45,598.16,603.55,3498430
2023-08-15,612.53,614.33,607.14,608.94,2734494
2023-08-16,626.9,626.9,613.43,618.82,5944886
2023-08-17,610.73,611.63,604.45,605.34,4594977
2023-08-18,601.75,609.84,600.85,605.34,3179069
2023-08-21,608.94,609.84,599.06,600.85,2683227
2023-08-22,606.24,612.53,599.96,603.55,3686021
2023-08-23,603.55,607.14,601.75,602.65,2048921
2023-08-24,612.53,621.51,610.73,620.61,5599510
2023-08-25,621.51,624.21,617.02,623.31,5624927
2023-08-28,628.7,636.78,626.9,629.59,5872295
2023-08-29,641.27,643.07,630.49,637.68,5186169
2023-08-30,641.27,642.17,630.49,636.78,4253988
2023-08-31,633.19,641.27,632.29,633.19,5761753
2023-09-01,634.98,639.47,629.59,637.68,2955148
2023-09-04,640.37,640.37,633.19,638.58,2380158
2023-09-05,639.47,644.86,638.58,644.86,4791289
2023-09-06,647.56,648.46,639.47,639.47,3074614
2023-09-07,636.78,644.86,635.88,643.96,3205892
2023-09-08,633.19,637.68,629.59,636.78,4421983
2023-09-11,642.17,642.17,635.88,641.27,2101421
2023-09-12,637.68,654.74,636.78,653.84,6513877
2023-09-13,663.72,668.21,654.74,657.44,9197173
2023-09-14,660.13,660.13,651.15,658.34,5527046
2023-09-15,665.52,685.28,661.93,685.28,16255632
2023-09-18,674.5,711.33,673.6,702.34,11994826
2023-09-19,702.34,702.34,686.18,694.26,6244891
2023-09-20,687.08,687.97,674.5,681.69,5042205
2023-09-21,675.4,684.38,668.21,670.01,5034920
2023-09-22,660.13,671.81,653.84,670.01,7559485
2023-09-25,665.52,684.38,665.52,678.09,4563725
2023-09-26,671.81,678.09,661.03,661.93,3845914
2023-09-27,653.84,661.93,653.84,661.93,3824756
2023-09-28,663.72,665.52,655.64,660.13,3769234
2023-10-02,670.91,671.81,664.62,669.11,3898779
2023-10-03,688.87,704.14,687.97,693.36,10288796
2023-10-04,692.46,703.24,686.18,700.55,7599174
2023-10-05,703.24,705.94,696.95,705.94,5604602
2023-10-06,709.53,709.53,701.45,705.94,2927223
2023-10-11,709.53,732.88,709.53,731.08,12439451
2023-10-12,733.78,735.57,723.0,731.98,6769337
2023-10-13,736.47,756.23,734.68,756.23,9828945
2023-10-16,752.64,762.52,747.25,754.44,5765614
2023-10-17,758.93,767.01,736.47,740.96,8242227
2023-10-18,718.51,738.27,718.51,730.19,7594780
2023-10-19,728.39,752.64,728.39,745.45,7509749
2023-10-20,746.35,751.74,729.29,743.66,8501964
2023-10-23,740.96,744.56,732.88,737.37,5304563
2023-10-24,737.37,739.17,722.1,732.88,5036466
2023-10-25,734.68,747.25,732.88,738.27,6474280
2023-10-26,731.98,733.78,728.39,733.78,5446904
2023-10-27,740.07,740.07,718.51,719.41,6956960
2023-10-30,735.57,775.99,734.68,769.7,16172619
2023-10-31,772.4,773.3,749.05,756.23,10786996
2023-11-01,767.01,768.81,747.25,759.82,6856015
2023-11-02,775.09,787.67,767.91,779.58,9692237
2023-11-03,783.18,786.77,775.99,781.38,5567970
2023-11-06,789.46,799.34,784.07,792.16,7264020
2023-11-07,799.34,807.43,789.46,797.55,7077114
2023-11-08,806.53,822.69,803.83,820.9,9312449
2023-11-09,820.0,820.0,807.43,812.81,6788362
2023-11-10,808.32,811.92,793.95,793.95,7551994
2023-11-13,816.41,830.78,812.81,813.71,9498188
2023-11-14,822.69,823.59,810.12,812.81,4757053
2023-11-15,830.78,830.78,808.32,815.51,8426367
2023-11-16,820.9,820.9,800.24,802.04,7645459
2023-11-17,804.73,812.81,802.04,811.92,4816081
2023-11-20,826.29,829.88,811.92,819.1,6970538
2023-11-21,828.08,838.86,821.8,831.68,9543750
2023-11-22,833.47,846.05,830.78,846.05,6417661
2023-11-23,854.13,854.13,834.37,835.27,5187583
2023-11-24,839.76,853.23,837.06,848.74,4498302
2023-11-27,849.64,854.13,836.17,836.17,5615291
2023-11-28,834.37,846.05,830.78,846.05,5645888
2023-11-29,845.15,852.33,840.66,851.43,5118355
2023-11-30,852.33,855.93,843.35,848.74,7275320
2023-12-01,846.05,850.54,842.45,850.54,3387061
2023-12-04,848.74,849.64,835.27,837.96,5071102
2023-12-05,830.78,837.96,827.19,834.37,5175120
2023-12-06,830.78,837.96,830.78,832.57,3093275
2023-12-07,837.96,846.94,832.57,836.17,3018069
2023-12-08,845.15,849.64,841.56,846.94,4934438
2023-12-11,846.05,847.84,837.06,845.15,5648215
2023-12-12,853.23,853.23,839.76,843.35,4510280
2023-12-13,847.84,857.72,843.35,857.72,5889291
2023-12-14,863.11,870.3,855.93,867.6,6610988
2023-12-15,875.68,896.34,872.09,894.55,11839614
2023-12-18,893.65,895.44,881.07,888.26,4783607
2023-12-19,877.48,892.75,877.48,890.95,5008169
2023-12-20,891.85,893.65,882.87,882.87,6393160
2023-12-21,872.99,882.87,872.99,876.58,4418453
2023-12-22,880.18,889.16,879.28,889.16,3285155
2023-12-25,890.05,896.34,886.46,893.65,3304233
2023-12-26,897.24,902.63,893.65,898.14,3241620
2023-12-27,907.12,943.04,907.12,934.06,8561649
2023-12-28,938.55,947.54,920.59,920.59,5447955
2023-12-29,920.59,925.08,907.12,911.61,5039654
2024-01-02,907.12,911.61,880.18,881.07,10009034
2024-01-03,876.58,877.48,855.93,855.93,12547023
2024-01-04,866.62,873.07,850.02,855.56,8449251
2024-01-05,856.48,862.01,849.1,849.1,5524580
2024-01-08,857.4,862.93,846.34,848.18,5553064
2024-01-09,864.78,866.62,853.71,855.56,5782533
2024-01-10,862.01,862.01,850.03,851.87,4252336
2024-01-11,859.24,863.85,848.18,848.18,6787619
2024-01-12,848.18,856.48,844.49,853.71,4733940
2024-01-15,862.01,862.01,847.26,850.02,4242507
2024-01-16,843.57,845.42,825.13,825.13,10182511
2024-01-17,820.52,832.51,810.38,810.38,11463245
2024-01-18,814.99,826.98,814.99,826.98,6754372
2024-01-19,848.18,848.18,836.2,848.18,9037844
2024-01-22,855.56,869.39,848.18,850.02,9381596
2024-01-23,846.34,850.03,838.04,839.88,6015511
2024-01-24,844.49,862.93,843.57,862.93,7798880
2024-01-25,865.7,875.84,860.17,869.39,8962616
2024-01-26,862.93,865.7,855.56,862.93,5273128
2024-01-29,871.23,871.23,853.71,864.78,7026602
2024-01-30,864.78,897.04,864.78,887.82,9478077
2024-01-31,899.81,900.73,883.21,890.59,9080284
2024-02-01,876.76,876.76,850.03,857.4,16712977
2024-02-02,858.32,862.93,853.71,862.93,7360212
2024-02-05,856.48,866.62,855.56,863.85,5742677
2024-02-15,906.26,906.26,876.76,896.12,11678406
2024-02-16,899.81,900.73,887.82,894.28,4417821
2024-02-19,897.04,897.04,876.76,887.82,4193442
2024-02-20,885.06,908.11,885.06,905.34,7570527
2024-02-21,896.12,909.03,896.12,904.42,5334177
2024-02-22,910.87,940.37,910.87,935.77,10182733
2024-02-23,954.2,1014.13,931.16,1014.13,23431414
2024-02-26,1004.91,1032.57,977.25,1027.96,12036894
2024-02-27,1037.18,1069.45,1018.74,1027.96,17137848
2024-02-29,1027.96,1055.62,1023.35,1051.01,9126357
2024-03-01,1074.06,1074.06,1009.52,1018.74,12066326
2024-03-04,1027.96,1064.84,1018.74,1060.23,12304302
2024-03-05,1060.23,1069.45,1041.79,1064.84,8416339
2024-03-06,1055.62,1106.32,1051.01,1097.1,9634661
2024-03-07,1124.76,1161.64,1120.15,1133.98,15008514
2024-03-08,1161.64,1175.47,1101.71,1133.98,16121484
2024-03-11,1138.59,1147.81,1110.93,1129.37,5703039
2024-03-12,1106.32,1129.37,1097.1,1120.15,5088394
2024-03-13,1147.81,1161.64,1115.54,1120.15,6917876
2024-03-14,1124.76,1133.98,1051.01,1060.23,12529434
2024-03-15,1046.4,1060.23,1032.57,1046.4,8516381
2024-03-18,1046.4,1087.88,1046.4,1078.67,5901035
2024-03-19,1060.23,1074.06,1046.4,1060.23,8740357
2024-03-20,1055.62,1083.27,1032.57,1041.79,6032629
2024-03-21,1069.45,1069.45,1037.18,1051.01,6391070
2024-03-22,1051.01,1055.62,1023.35,1037.18,5827756
2024-03-25,1032.57,1051.01,1027.96,1032.57,3241531
2024-03-26,1051.01,1078.67,1032.57,1041.79,6534083
2024-03-27,1046.4,1083.27,1037.18,1074.06,5980133
2024-03-28,1069.45,1087.88,1046.4,1069.45,6926740
2024-03-29,1069.45,1092.49,1069.45,1092.49,4051000
2024-04-01,1097.1,1106.32,1064.84,1069.45,5359025
2024-04-02,1078.66,1092.49,1069.45,1074.06,4164058
2024-04-03,1060.23,1083.27,1051.01,1069.45,4100953
2024-04-08,1083.27,1087.88,1055.62,1060.23,4066781
2024-04-09,1069.45,1083.27,1060.23,1069.45,3322521
2024-04-10,1078.67,1120.15,1074.06,1101.71,6393274
2024-04-11,1110.93,1133.98,1092.49,1106.32,6271331
2024-04-12,1097.1,1106.32,1074.06,1087.88,5214036
2024-04-15,1069.45,1069.45,1023.35,1023.35,9187015
2024-04-16,981.86,1004.91,972.64,972.64,12016661
2024-04-17,981.86,991.08,963.42,968.03,7727084
2024-04-18,963.42,977.25,940.37,968.03,7168984
2024-04-19,940.37,949.59,894.28,915.48,15661098
2024-04-22,907.18,911.79,890.59,890.59,9091869
2024-04-23,911.79,911.79,894.28,896.12,5846136
2024-04-24,917.33,940.37,916.4,931.16,6229216
2024-04-25,918.25,926.55,899.81,904.42,6053259
2024-04-26,913.64,926.55,909.95,926.55,5747819
2024-04-29,972.64,972.64,926.55,935.77,7963720
2024-04-30,935.77,949.59,914.56,914.56,5868406
2024-05-02,912.72,940.37,905.34,921.94,5401225
2024-05-03,958.81,968.03,949.59,958.81,6598170
2024-05-06,977.25,977.25,954.2,954.2,4516638
2024-05-07,968.03,972.64,954.2,963.42,3178782
2024-05-08,995.69,1014.13,977.25,1009.52,9985063
2024-05-09,1014.13,1037.18,1004.91,1009.52,7792270
2024-05-10,1018.74,1018.74,995.69,1009.52,4456276
2024-05-13,1027.96,1032.57,1014.13,1027.96,4025166
2024-05-14,1027.96,1069.45,1023.35,1064.84,7534580
2024-05-15,1078.67,1083.27,1055.62,1064.84,5522444
2024-05-16,1087.88,1115.54,1083.27,1097.1,10020318
2024-05-17,1087.88,1092.49,1074.06,1074.06,6360397
2024-05-20,1074.06,1101.71,1074.06,1097.1,6031212
2024-05-21,1087.88,1097.1,1074.06,1083.27,3369008
2024-05-22,1097.1,1097.1,1069.45,1092.49,4429872
2024-05-23,1101.71,1115.54,1092.49,1110.93,6200782
2024-05-24,1097.1,1110.93,1097.1,1101.71,3253977
2024-05-27,1152.42,1207.74,1138.59,1184.69,14370057
2024-05-28,1198.52,1216.96,1184.69,1207.74,10026387
2024-05-29,1207.74,1212.35,1175.47,1189.3,7857214
2024-05-30,1157.03,1198.52,1152.42,1189.3,8407440
2024-05-31,1212.35,1212.35,1129.37,1138.59,14212589
2024-06-03,1166.25,1170.86,1143.2,1170.86,6293578
2024-06-04,1161.64,1170.86,1124.76,1143.2,6985162
2024-06-05,1143.2,1147.81,1124.76,1133.98,5828522
2024-06-06,1157.03,1198.52,1138.59,1189.3,9895619
2024-06-07,1189.3,1189.3,1170.86,1175.47,4931241
2024-06-11,1170.86,1180.08,1152.42,1170.86,5557895
2024-06-12,1170.86,1207.74,1166.25,1198.52,7741796
2024-06-13,1235.39,1290.71,1221.57,1276.88,13075007
2024-06-14,1286.1,1286.1,1258.44,1286.1,5947681
2024-06-17,1267.66,1281.49,1258.44,1272.27,4297102
2024-06-18,1267.66,1295.32,1267.66,1295.32,7677930
2024-06-19,1313.76,1369.08,1309.15,1369.08,11552021
2024-06-20,1369.08,1382.9,1346.03,1382.9,6213796
2024-06-21,1355.25,1378.29,1332.2,1373.68,10724486
2024-06-24,1341.42,1350.64,1295.32,1299.93,9093868
2024-06-25,1263.05,1290.71,1258.44,1276.88,9382535
2024-06-26,1286.1,1318.37,1286.1,1295.32,4993229
2024-06-27,1272.27,1299.93,1272.27,1286.1,4724876
2024-06-28,1290.71,1295.32,1267.66,1290.71,6843642
2024-07-01,1295.32,1327.59,1295.32,1304.54,5023006
2024-07-02,1299.93,1304.54,1281.49,1299.93,5090265
2024-07-03,1318.37,1318.37,1281.49,1295.32,6361645
2024-07-04,1300.41,1319.26,1295.7,1295.7,7642964
2024-07-05,1300.41,1305.13,1258.01,1272.14,6406820
2024-07-08,1262.72,1338.11,1258.01,1338.11,7726110
2024-07-09,1366.38,1375.8,1333.4,1375.8,9654123
2024-07-10,1371.09,1375.8,1328.68,1352.24,5443505
2024-07-11,1352.24,1375.8,1333.4,1338.11,5250273
2024-07-12,1286.28,1305.13,1272.14,1281.57,6871306
2024-07-15,1290.99,1300.41,1272.14,1276.86,3536752
2024-07-16,1276.86,1286.28,1248.59,1267.43,5001135
2024-07-17,1258.01,1267.43,1229.74,1248.59,5978911
2024-07-18,1196.76,1215.6,1177.91,1206.18,9831726
2024-07-19,1187.33,1210.89,1187.33,1187.33,5871057
2024-07-22,1182.62,1187.33,1126.08,1154.35,7245311
2024-07-23,1182.62,1201.47,1168.49,1201.47,6430338
2024-07-26,1121.37,1182.62,1116.66,1173.2,10242503
2024-07-29,1192.05,1206.18,1159.06,1168.49,5100068
2024-07-30,1159.06,1182.62,1140.22,1182.62,4423237
2024-07-31,1159.06,1163.78,1130.79,1149.64,7379704
2024-08-01,1144.93,1163.78,1111.95,1111.95,12041919
2024-08-02,1064.83,1074.25,1027.14,1027.14,13774887
2024-08-05,937.62,961.18,924.42,933.85,22181134
2024-08-06,1027.14,1027.14,975.31,1013.0,16439278
2024-08-07,1027.14,1083.68,1017.72,1083.68,10529284
2024-08-08,1055.41,1074.25,1036.56,1050.7,8053732
2024-08-09,1083.68,1088.39,1055.41,1060.12,6961644
2024-08-12,1078.97,1107.24,1074.25,1107.24,4578908
2024-08-13,1111.95,1116.66,1083.68,1093.1,3784683
2024-08-14,1107.24,1121.37,1102.52,1116.66,4435983
2024-08-15,1102.52,1111.95,1088.39,1088.39,3064248
2024-08-16,1116.66,1168.49,1116.66,1159.06,6964050
2024-08-19,1168.49,1192.05,1159.06,1182.62,5847224
2024-08-20,1196.76,1196.76,1168.49,1177.91,4293705
2024-08-21,1149.64,1168.49,1140.22,1149.64,4500318
2024-08-22,1159.06,1168.49,1144.93,1159.06,3022975
2024-08-23,1135.51,1154.35,1121.37,1154.35,4222716
2024-08-26,1173.2,1173.2,1140.22,1144.93,3699292
2024-08-27,1130.79,1144.93,1121.37,1140.22,3877314
2024-08-28,1135.51,1149.64,1116.66,1130.79,4610835
2024-08-29,1107.24,1182.62,1107.24,1177.91,5404585
2024-08-30,1187.33,1187.33,1154.35,1168.49,5810148
2024-09-02,1168.49,1177.91,1144.93,1154.35,3182122
2024-09-03,1154.35,1154.35,1130.79,1149.64,3422128
2024-09-04,1069.54,1102.52,1064.83,1069.54,9683111
2024-09-05,1055.41,1064.83,1041.27,1045.98,9051905
2024-09-06,1045.98,1083.68,1041.27,1078.97,5102862
2024-09-09,1036.56,1050.7,1027.14,1041.27,7139369
2024-09-10,1050.7,1064.83,1036.56,1064.83,5579319
2024-09-11,1060.12,1069.54,1045.98,1045.98,4019795
2024-09-12,1083.68,1088.39,1069.54,1088.39,4341122
2024-09-13,1093.1,1097.81,1060.12,1060.12,3453407
2024-09-16,1055.41,1064.83,1036.56,1064.83,3682733
2024-09-18,1050.7,1055.41,1031.85,1041.27,7064375
2024-09-19,1041.27,1064.83,1017.72,1055.41,7749361
2024-09-20,1078.97,1088.39,1060.12,1060.12,8871960
2024-09-23,1060.12,1083.68,1055.41,1078.97,4490555
2024-09-24,1069.54,1126.08,1069.54,1126.08,6847737
2024-09-25,1149.64,1159.06,1135.51,1154.35,10887978
2024-09-26,1163.78,1206.18,1159.06,1196.76,9413246
2024-09-27,1206.18,1229.74,1177.91,1187.33,8955853
2024-09-30,1163.78,1163.78,1107.24,1107.24,8477410
2024-10-01,1126.08,1159.06,1121.37,1140.22,6000269
2024-10-04,1130.79,1168.49,1130.79,1159.06,6956378
2024-10-07,1177.91,1220.32,1159.06,1177.91,8959497
2024-10-08,1168.49,1177.91,1154.35,1154.35,4347108
2024-10-09,1187.33,1201.47,1168.49,1173.2,5544071
2024-10-11,1192.05,1234.45,1192.05,1225.03,9881759
2024-10-14,1234.45,1234.45,1210.89,1215.6,3998990
2024-10-15,1234.45,1234.45,1215.6,1225.03,5915032
2024-10-16,1187.33,1220.32,1187.33,1201.47,6461649
2024-10-17,1220.32,1220.32,1192.05,1201.47,4139436
2024-10-18,1225.03,1253.3,1220.32,1229.74,8327410
2024-10-21,1234.45,1267.43,1234.45,1253.3,6320618
2024-10-22,1234.45,1239.16,1220.32,1234.45,5200879
2024-10-23,1206.18,1248.59,1201.47,1225.03,5399321
2024-10-24,1225.03,1229.74,1196.76,1196.76,4473596
2024-10-25,1196.76,1248.59,1196.76,1239.16,6810511
2024-10-28,1253.3,1262.72,1239.16,1258.01,5375094
2024-10-29,1239.16,1239.16,1210.89,1225.03,5336390
2024-10-30,1215.6,1239.16,1210.89,1215.6,5429739
2024-11-01,1149.64,1225.03,1149.64,1215.6,7755216
2024-11-04,1210.89,1229.74,1206.18,1220.32,3429980
2024-11-05,1210.89,1225.03,1206.18,1215.6,3613551
2024-11-06,1215.6,1243.87,1215.6,1229.74,3781856
2024-11-07,1253.3,1253.3,1225.03,1229.74,4276840
2024-11-08,1234.45,1243.87,1206.18,1206.18,4130119
2024-11-11,1225.03,1234.45,1206.18,1220.32,2805531
2024-11-12,1206.18,1220.32,1192.05,1192.05,4165815
2024-11-13,1192.05,1201.47,1182.62,1182.62,4020882
2024-11-14,1187.33,1192.05,1159.06,1163.78,4261333
2024-11-15,1168.49,1201.47,1159.06,1196.76,4250152
2024-11-18,1187.33,1192.05,1159.06,1168.49,3884093
2024-11-19,1182.62,1215.6,1173.2,1210.89,4308916
2024-11-20,1201.47,1201.47,1201.47,1201.47,4926471
2024-11-21,1192.05,1196.76,1182.62,1192.05,2583520
2024-11-22,1206.18,1234.45,1196.76,1234.45,6124283
2024-11-25,1248.59,1253.3,1206.18,1206.18,7448148
2024-11-26,1206.18,1215.6,1196.76,1206.18,3208553
2024-11-27,1196.76,1210.89,1177.91,1177.91,2932917
2024-11-28,1187.33,1192.05,1168.49,1182.62,4205695
2024-11-29,1163.78,1196.76,1154.35,1182.62,4141261
2024-12-02,1201.47,1239.16,1196.76,1234.45,4380160
2024-12-03,1248.59,1253.3,1220.32,1239.16,5954597
2024-12-04,1239.16,1248.59,1229.74,1243.87,4729113
2024-12-05,1248.59,1258.01,1234.45,1248.59,5251677
2024-12-06,1248.59,1262.72,1225.03,1229.74,4223587
2024-12-09,1243.87,1248.59,1225.03,1248.59,4075270
2024-12-10,1239.16,1281.57,1234.45,1272.14,5824301
2024-12-11,1243.87,1276.86,1229.74,1272.14,6205868
2024-12-12,1290.99,1319.26,1290.99,1300.41,7666196
2024-12-13,1305.13,1328.68,1286.28,1328.68,6323798
2024-12-16,1352.24,1356.95,1305.13,1305.13,7194809
2024-12-17,1309.84,1361.67,1309.84,1342.82,8783456
2024-12-18,1347.53,1347.53,1323.97,1338.11,5995195
2024-12-19,1319.26,1347.53,1314.55,1338.11,6353336
2024-12-20,1338.11,1342.82,1309.84,1309.84,5544646
2024-12-23,1323.97,1342.82,1319.26,1328.68,4295456
2024-12-24,1347.53,1347.53,1323.97,1323.97,3196077
2024-12-25,1338.11,1347.53,1328.68,1328.68,2381315
2024-12-26,1338.11,1347.53,1333.4,1338.11,2351336
2024-12-27,1338.11,1356.95,1338.11,1347.53,2283253
2024-12-30,1347.53,1352.24,1338.11,1338.11,2765852
2024-12-31,1328.68,1342.82,1319.26,1333.4,3224086
2025-01-02,1342.05,1346.86,1284.33,1298.76,6820305
2025-01-03,1313.19,1318.0,1284.33,1313.19,5752498
2025-01-06,1337.24,1370.91,1337.24,1370.91,6907233
2025-01-07,1390.16,1443.07,1361.29,1433.45,12307998
2025-01-08,1443.07,1443.07,1404.59,1414.21,10805038
2025-01-09,1414.21,1423.83,1385.35,1385.35,7021298
2025-01-10,1404.59,1438.26,1390.16,1409.4,7157266
2025-01-13,1380.54,1404.59,1332.43,1337.24,9742772
2025-01-14,1332.43,1361.29,1327.62,1346.86,5279672
2025-01-15,1337.24,1390.16,1337.24,1366.1,6417175
2025-01-16,1394.97,1414.21,1375.73,1404.59,7314623
2025-01-17,1394.97,1399.78,1366.1,1375.73,5488719
2025-01-20,1370.91,1399.78,1370.91,1390.16,3956489
2025-01-21,1385.35,1419.02,1380.54,1409.4,4428280
2025-01-22,1423.83,1438.26,1409.4,1409.4,6502859
2025-02-03,1366.1,1467.12,1361.29,1443.07,18533177
2025-02-04,1452.69,1471.93,1423.83,1433.45,8166768
2025-02-05,1447.88,1471.93,1433.45,1467.12,9064753
2025-02-06,1471.93,1510.41,1462.31,1467.12,9371366
2025-02-07,1467.12,1471.93,1447.88,1467.12,6741142
2025-02-10,1447.88,1452.69,1419.02,1423.83,8922872
2025-02-11,1433.45,1471.93,1433.45,1452.69,8486272
2025-02-12,1471.93,1481.55,1423.83,1428.64,7865557
2025-02-13,1438.26,1462.31,1428.64,1462.31,4576098
2025-02-14,1457.5,1476.74,1447.88,1447.88,4726126
2025-02-17,1457.5,1486.36,1452.69,1486.36,7603778
2025-02-18,1491.17,1491.17,1462.31,1476.74,5362376
2025-02-19,1476.74,1486.36,1467.12,1481.55,4447177
2025-02-20,1486.36,1486.36,1443.07,1443.07,6855773
2025-02-21,1443.07,1467.12,1433.45,1452.69,5655119
2025-02-24,1443.07,1486.36,1438.26,1486.36,6371982
2025-02-25,1467.12,1500.79,1452.69,1491.17,7905273
2025-02-26,1495.98,1515.22,1467.12,1500.79,7032006
2025-02-27,1495.98,1515.22,1457.5,1457.5,10335277
2025-03-03,1433.45,1438.26,1409.4,1414.21,10588492
2025-03-04,1380.54,1452.69,1380.54,1447.88,7871467
2025-03-05,1447.88,1471.93,1433.45,1447.88,6356979
2025-03-06,1447.88,1452.69,1428.64,1438.26,3089136
2025-03-07,1419.02,1428.64,1394.97,1409.4,5464123
2025-03-10,1394.97,1404.59,1342.05,1342.05,9828231
2025-03-11,1269.9,1337.24,1269.9,1332.43,10078176
2025-03-12,1322.81,1370.91,1322.81,1356.48,7914116
2025-03-13,1375.73,1385.35,1337.24,1337.24,6948447
2025-03-14,1346.86,1375.73,1337.24,1346.86,7153832
2025-03-17,1361.29,1385.35,1361.29,1370.91,4878893
2025-03-18,1394.97,1443.07,1390.16,1419.02,10224305
2025-03-19,1443.07,1457.5,1404.59,1409.4,7855359
2025-03-20,1438.26,1443.07,1409.4,1428.64,6419295
2025-03-21,1438.26,1443.07,1419.02,1423.83,4597519
2025-03-24,1443.07,1447.88,1423.83,1423.83,3925730
2025-03-25,1447.88,1481.55,1447.88,1467.12,7987673
2025-03-26,1476.74,1481.55,1457.5,1457.5,3637846
2025-03-27,1443.07,1452.69,1423.83,1428.64,4779867
2025-03-28,1414.21,1438.26,1399.78,1409.4,4529681
2025-03-31,1366.1,1385.35,1337.24,1337.24,7884707
2025-04-01,1356.48,1404.59,1356.48,1404.59,6469737
2025-04-02,1404.59,1404.59,1380.54,1380.54,4501455
2025-04-07,1245.85,1245.85,1245.85,1245.85,1801849
2025-04-08,1207.37,1250.66,1178.51,1212.18,18444110
2025-04-09,1202.56,1207.37,1096.73,1140.02,19089246
2025-04-10,1250.66,1250.66,1250.66,1250.66,1930024
2025-04-11,1231.42,1342.05,1202.56,1332.43,16846917
2025-04-14,1356.48,1370.91,1332.43,1346.86,12574667
2025-04-15,1351.67,1361.29,1322.81,1332.43,6567345
2025-04-16,1318.0,1332.43,1313.19,1313.19,5403460
2025-04-17,1289.14,1298.76,1265.09,1289.14,6686132
2025-04-18,1298.76,1327.62,1293.95,1313.19,3455357
2025-04-21,1303.57,1303.57,1274.71,1293.95,3022376
2025-04-22,1279.52,1303.57,1250.66,1250.66,4954354
2025-04-23,1289.14,1322.81,1289.14,1318.0,6070924
2025-04-24,1322.81,1322.81,1274.71,1279.52,6035060
2025-04-25,1322.81,1337.24,1318.0,1327.62,6909233
2025-04-28,1332.43,1337.24,1298.76,1298.76,5231320
2025-04-29,1298.76,1318.0,1284.33,1318.0,5633730
2025-04-30,1318.0,1318.0,1298.76,1298.76,5374395
2025-05-02,1318.0,1318.0,1241.04,1250.66,16309878
2025-05-05,1260.28,1284.33,1241.04,1245.85,7202362
2025-05-06,1245.85,1250.66,1226.61,1231.42,6945409
2025-05-07,1236.23,1250.66,1216.99,1226.61,5876206
2025-05-08,1236.23,1255.47,1226.61,1241.04,5977244
2025-05-09,1245.85,1274.71,1231.42,1274.71,6464226
2025-05-12,1269.9,1274.71,1255.47,1265.09,5139679
2025-05-13,1298.76,1313.19,1293.95,1303.57,9166229
2025-05-14,1318.0,1322.81,1293.95,1308.38,6039143
2025-05-15,1313.19,1327.62,1298.76,1318.0,5523760
2025-05-16,1313.19,1322.81,1308.38,1313.19,3498707
2025-05-19,1293.95,1298.76,1260.28,1260.28,7045364
2025-05-20,1279.52,1298.76,1265.09,1265.09,5662042
2025-05-21,1274.71,1293.95,1269.9,1289.14,4399231
2025-05-22,1274.71,1289.14,1269.9,1274.71,3287944
2025-05-23,1284.33,1289.14,1260.28,1265.09,4277084
2025-05-26,1255.47,1255.47,1226.61,1231.42,7140240
2025-05-27,1231.42,1241.04,1221.8,1231.42,6424061
2025-05-28,1250.66,1255.47,1221.8,1231.42,7908648
2025-05-29,1236.23,1255.47,1212.18,1212.18,19212826
2025-06-02,1202.56,1221.8,1183.32,1212.18,10666133
2025-06-03,1221.8,1241.04,1216.99,1226.61,5610470
2025-06-04,1231.42,1241.04,1212.18,1226.61,10297345
2025-06-05,1212.18,1216.99,1188.13,1197.75,15362134
2025-06-06,1202.56,1231.42,1197.75,1231.42,10710374
2025-06-09,1241.04,1250.66,1226.61,1236.23,7952617
2025-06-10,1250.66,1284.33,1250.66,1284.33,11338136
2025-06-11,1289.14,1293.95,1255.47,1265.09,11700995
2025-06-12,1250.66,1255.47,1231.42,1236.23,10502334
2025-06-13,1207.37,1216.99,1202.56,1202.56,8841922
2025-06-16,1212.18,1221.8,1202.56,1207.37,4129774
2025-06-17,1212.18,1231.42,1212.18,1226.61,5360829
2025-06-18,1216.99,1241.04,1212.18,1236.23,5525157
2025-06-19,1231.42,1236.23,1216.99,1216.99,4766573
2025-06-20,1216.99,1226.61,1197.75,1202.56,5271667
2025-06-23,1183.32,1212.18,1178.51,1207.37,4404035
2025-06-24,1226.61,1236.23,1212.18,1221.8,4477491
2025-06-25,1231.42,1250.66,1231.42,1245.85,5945025
2025-06-26,1245.85,1250.66,1236.23,1241.04,5174101
2025-06-27,1236.23,1250.66,1231.42,1236.23,5856843
2025-06-30,1241.04,1250.66,1202.56,1202.56,7763199
2025-07-01,1216.99,1255.47,1216.99,1226.61,8523024
2025-07-02,1245.85,1250.66,1226.61,1245.85,6784867
2025-07-03,1275.28,1275.28,1245.85,1245.85,11618186
2025-07-04,1265.47,1280.18,1260.56,1265.47,7096708
2025-07-07,1275.28,1275.28,1255.66,1255.66,4446172
2025-07-08,1255.66,1255.66,1240.94,1245.85,3529215
2025-07-09,1255.66,1334.14,1255.66,1329.23,13138793
2025-07-10,1348.85,1373.38,1334.14,1373.38,11433007
2025-07-11,1378.28,1393.0,1363.57,1393.0,9744661
2025-07-14,1383.19,1383.19,1358.66,1358.66,5631886
2025-07-15,1358.66,1378.28,1353.76,1368.47,4329964
2025-07-16,1368.47,1388.09,1368.47,1383.19,5897943
2025-07-17,1378.28,1393.0,1358.66,1363.57,5213698
2025-07-18,1378.28,1383.19,1373.38,1383.19,4870093
2025-07-21,1388.09,1417.52,1383.19,1397.9,5766633
2025-07-22,1412.62,1427.33,1397.9,1402.81,7721986
2025-07-23,1427.33,1427.33,1397.9,1402.81,4835003
2025-07-24,1417.52,1422.43,1393.0,1402.81,4937526
2025-07-25,1402.81,1417.52,1388.09,1402.81,5748883
2025-07-28,1407.71,1412.62,1358.66,1373.38,6885421
2025-07-29,1363.57,1368.47,1324.33,1334.14,9487581
2025-07-30,1339.04,1358.66,1334.14,1353.76,5594339
2025-07-31,1334.14,1358.66,1314.52,1343.95,8942761
2025-08-04,1314.52,1324.33,1304.71,1304.71,4830756
2025-08-05,1324.33,1329.23,1314.52,1314.52,3718187
2025-08-06,1314.52,1324.33,1294.9,1294.9,5412343
2025-08-07,1319.42,1339.04,1319.42,1329.23,5024691
2025-08-08,1329.23,1334.14,1309.61,1324.33,5016534
2025-08-11,1324.33,1343.95,1314.52,1329.23,3478971
2025-08-12,1334.14,1343.95,1324.33,1334.14,3238403
2025-08-13,1343.95,1358.66,1334.14,1343.95,7678115
2025-08-14,1343.95,1368.47,1339.04,1363.57,4387884
2025-08-15,1368.47,1373.38,1343.95,1343.95,4043678
2025-08-18,1348.85,1383.19,1348.85,1383.19,5827468
2025-08-19,1388.09,1402.81,1363.57,1363.57,6127596
2025-08-20,1353.76,1363.57,1324.33,1329.23,6525541
2025-08-21,1324.33,1348.85,1319.42,1339.04,4264972
2025-08-22,1339.04,1348.85,1329.23,1339.04,2686120
2025-08-25,1358.66,1383.19,1353.76,1383.19,4859204
2025-08-26,1378.28,1383.19,1353.76,1373.38,5024316
2025-08-27,1378.28,1383.19,1368.47,1373.38,3355567
2025-08-28,1368.47,1378.28,1358.66,1358.66,3766722
2025-08-29,1363.57,1378.28,1343.95,1343.95,3723539
2025-09-01,1343.95,1353.76,1324.33,1334.14,3659694
2025-09-02,1334.14,1353.76,1334.14,1334.14,3283160
2025-09-03,1353.76,1373.38,1343.95,1368.47,4604408
2025-09-04,1378.28,1378.28,1353.76,1358.66,3400107
2025-09-05,1373.38,1407.71,1368.47,1407.71,8668643
2025-09-08,1422.43,1432.24,1397.9,1402.81,6384542
2025-09-09,1417.52,1486.19,1407.71,1481.29,10954327
2025-09-10,1491.1,1491.1,1456.76,1461.67,6557814
2025-09-11,1476.38,1481.29,1451.86,1451.86,4509127
2025-09-12,1466.57,1471.48,1442.05,1456.76,4172705
2025-09-15,1461.67,1466.57,1451.86,1456.76,2733745
2025-09-16,1471.48,1515.62,1466.57,1505.81,8152357
2025-09-17,1515.62,1515.62,1481.29,1481.29,4695051
2025-09-18,1496.0,1500.9,1466.57,1481.29,3539535
2025-09-19,1471.48,1476.38,1412.62,1412.62,13241946
2025-09-22,1397.9,1402.81,1373.38,1378.28,8578839
2025-09-23,1363.57,1378.28,1348.85,1348.85,10776401
2025-09-24,1319.42,1329.23,1304.71,1304.71,11129639
2025-09-25,1304.71,1339.04,1304.71,1319.42,7547381
2025-09-26,1319.42,1324.33,1285.09,1285.09,6728741
2025-09-30,1285.09,1299.8,1265.47,1289.99,7200191
2025-10-01,1280.18,1280.18,1260.56,1260.56,6432244
2025-10-02,1265.47,1275.28,1255.66,1255.66,8209274
2025-10-03,1260.56,1299.8,1260.56,1294.9,6383512
2025-10-07,1299.8,1309.61,1280.18,1299.8,7016903
2025-10-08,1304.71,1324.33,1299.8,1309.61,5034301
2025-10-09,1324.33,1343.95,1309.61,1319.42,4738227
2025-10-13,1304.71,1304.71,1275.28,1289.99,7286313
2025-10-14,1304.71,1314.52,1275.28,1280.18,5520842
2025-10-15,1299.8,1304.71,1275.28,1289.99,4146372
2025-10-16,1294.9,1314.52,1294.9,1304.71,3748755
2025-10-17,1314.52,1334.14,1299.8,1304.71,6827509
2025-10-20,1309.61,1319.42,1299.8,1314.52,3287582
2025-10-21,1324.33,1329.23,1309.61,1314.52,3905400
2025-10-22,1309.61,1319.42,1299.8,1304.71,3704329
2025-10-23,1299.8,1304.71,1265.47,1270.37,7752802
2025-10-27,1294.9,1314.52,1285.09,1309.61,5678203
2025-10-28,1304.71,1309.61,1285.09,1289.99,4800134
2025-10-29,1280.18,1304.71,1275.28,1275.28,7886343
2025-10-30,1280.18,1299.8,1275.28,1285.09,5190139
2025-10-31,1275.28,1299.8,1265.47,1285.09,7057671
2025-11-03,1285.09,1299.8,1255.66,1275.28,10235098
2025-11-04,1265.47,1289.99,1260.56,1289.99,6324011
2025-11-05,1270.37,1304.71,1260.56,1304.71,6722398
2025-11-06,1294.9,1304.71,1265.47,1265.47,7307681
2025-11-07,1260.56,1270.37,1236.04,1236.04,7288497
2025-11-10,1226.23,1236.04,1226.23,1226.23,5195821
2025-11-11,1226.23,1245.85,1216.42,1216.42,5414867
2025-11-12,1216.42,1236.04,1216.42,1221.32,4199743
2025-11-13,1216.42,1231.13,1211.51,1221.32,2865882
2025-11-14,1206.61,1231.13,1201.7,1206.61,4154705
2025-11-17,1206.61,1226.23,1201.7,1206.61,4804227
2025-11-18,1196.8,1196.8,1147.75,1147.75,9021735
2025-11-19,1128.13,1172.28,1128.13,1137.94,6293318
2025-11-20,1157.56,1182.09,1147.75,1162.47,7131739
2025-11-21,1108.51,1133.04,1108.51,1123.23,7293277
2025-11-24,1133.04,1147.75,1123.23,1128.13,9436199
2025-11-25,1152.66,1182.09,1152.66,1162.47,6872636
2025-11-26,1196.8,1275.28,1191.9,1275.28,11771497
2025-11-27,1334.14,1343.95,1299.8,1314.52,19171766
2025-11-28,1348.85,1383.19,1339.04,1368.47,17773470
2025-12-01,1393.0,1422.43,1373.38,1417.52,19274425
2025-12-02,1417.52,1432.24,1383.19,1388.09,11326485
2025-12-03,1378.28,1407.71,1373.38,1373.38,9738032
2025-12-04,1378.28,1388.09,1358.66,1378.28,6241494
2025-12-05,1393.0,1417.52,1378.28,1397.9,7682537
2025-12-08,1402.81,1412.62,1378.28,1412.62,5746578
2025-12-09,1407.71,1412.62,1388.09,1393.0,4993367
2025-12-10,1407.71,1432.24,1397.9,1432.24,8224726
2025-12-11,1417.52,1422.43,1368.47,1368.47,8965596
2025-12-12,1363.57,1388.09,1353.76,1378.28,5029971
2025-12-15,1358.66,1422.43,1358.66,1393.0,9540796
2025-12-16,1393.0,1422.43,1388.09,1393.0,8922061
2025-12-17,1407.71,1427.33,1397.9,1397.9,8490679
2025-12-18,1397.9,1417.52,1388.09,1393.0,5247800
2025-12-19,1412.62,1417.52,1383.19,1383.19,8034656
2025-12-22,1402.81,1407.71,1363.57,1373.38,5675053
2025-12-23,1378.28,1378.28,1353.76,1363.57,5114619
2025-12-24,1368.47,1373.38,1353.76,1353.76,3022674
2025-12-26,1363.57,1368.47,1353.76,1358.66,3000352
2025-12-29,1363.57,1397.9,1353.76,1393.0,6343754
2025-12-30,1378.28,1402.81,1373.38,1393.0,4276067
2025-12-31,1393.0,1422.43,1388.09,1402.81,6354048
2026-01-02,1422.43,1466.57,1412.62,1442.05,11449412
2026-01-05,1481.29,1500.9,1466.57,1496.0,13343442
2026-01-06,1505.0,1505.0,1480.0,1485.0,7914854
2026-01-07,1490.0,1505.0,1475.0,1490.0,7065696
2026-01-08,1495.0,1500.0,1435.0,1445.0,8133244
2026-01-09,1455.0,1460.0,1415.0,1420.0,7989973
2026-01-12,1445.0,1450.0,1425.0,1445.0,4084929
2026-01-13,1455.0,1485.0,1450.0,1485.0,9900355
2026-01-14,1485.0,1500.0,1480.0,1500.0,6058106
2026-01-15,1500.0,1500.0,1465.0,1490.0,7795923
2026-01-16,1500.0,1525.0,1490.0,1505.0,10170235
2026-01-19,1510.0,1510.0,1465.0,1485.0,5649790
2026-01-20,1480.0,1500.0,1470.0,1485.0,5623268
2026-01-21,1470.0,1495.0,1450.0,1465.0,8433519
2026-01-22,1495.0,1525.0,1465.0,1485.0,7732602
2026-01-23,1525.0,1630.0,1525.0,1630.0,21949189
2026-01-26,1740.0,1790.0,1720.0,1770.0,23813770
2026-01-27,1755.0,1820.0,1750.0,1775.0,11706065
2026-01-28,1755.0,1800.0,1740.0,1780.0,9806198
2026-01-29,1780.0,1815.0,1770.0,1780.0,9803415
2026-01-30,1770.0,1775.0,1735.0,1760.0,10669850
2026-02-02,1715.0,1740.0,1685.0,1705.0,8793337
2026-02-03,1740.0,1805.0,1720.0,1795.0,11037015
2026-02-04,1760.0,1810.0,1740.0,1800.0,11261034
2026-02-05,1750.0,1800.0,1740.0,1770.0,15699947
2026-02-06,1745.0,1755.0,1690.0,1710.0,10786108
2026-02-09,1760.0,1870.0,1760.0,1830.0,11613075
2026-02-10,1860.0,1865.0,1820.0,1845.0,10813438
2026-02-11,1795.0,1865.0,1795.0,1855.0,8232637
2026-02-23,1880.0,1880.0,1790.0,1795.0,15948909
2026-02-24,1810.0,1825.0,1795.0,1825.0,6740003
2026-02-25,1840.0,1870.0,1830.0,1870.0,7857623
2026-02-26,1895.0,1975.0,1850.0,1945.0,13692370
2026-03-02,1945.0,1945.0,1880.0,1900.0,8811661
2026-03-03,1900.0,1910.0,1815.0,1815.0,9621376
2026-03-04,1760.0,1780.0,1715.0,1720.0,11024269
2026-03-05,1760.0,1800.0,1750.0,1775.0,7826693
2026-03-06,1745.0,1790.0,1735.0,1765.0,4418206
2026-03-09,1620.0,1665.0,1610.0,1665.0,11475137
2026-03-10,1730.0,1730.0,1685.0,1705.0,5273491
2026-03-11,1760.0,1780.0,1720.0,1765.0,5783121
2026-03-12,1745.0,1815.0,1735.0,1785.0,6354849
2026-03-13,1730.0,1745.0,1720.0,1720.0,6467628
2026-03-16,1720.0,1740.0,1710.0,1710.0,4423319
2026-03-17,1730.0,1740.0,1715.0,1730.0,4260491
2026-03-18,1730.0,1745.0,1725.0,1730.0,6275297