date,open,high,low,close,volume
2002-08-27,9.98,10.19,9.98,10.04,6368916
2002-08-28,10.04,10.14,10.01,10.04,5149414
2002-08-29,10.06,10.17,9.98,9.98,6381040
2002-08-30,10.04,10.04,9.96,9.96,3592942
2002-09-02,9.96,9.96,9.83,9.96,3348061
2002-09-03,9.96,9.96,9.83,9.96,4270491
2002-09-04,9.88,9.96,9.77,9.96,6097886
2002-09-05,9.96,9.96,9.88,9.93,4647867
2002-09-06,9.93,9.93,9.93,9.93,0
2002-09-09,9.93,9.93,9.83,9.9,4926329
2002-09-10,9.88,9.93,9.8,9.85,6580437
2002-09-11,9.85,9.96,9.85,9.96,5553670
2002-09-12,9.96,10.01,9.88,10.01,5405063
2002-09-13,9.98,10.01,9.9,9.98,3566968
2002-09-16,9.96,9.96,9.85,9.85,2736425
2002-09-17,9.85,10.22,9.8,10.22,12385643
2002-09-18,10.06,10.06,9.9,9.98,5231225
2002-09-19,9.96,10.11,9.96,10.04,9952214
2002-09-20,11.91,12.02,11.87,11.99,6210361
2002-09-23,12.06,12.1,11.91,11.95,2559975
2002-09-24,11.95,11.99,11.54,11.87,5025402
2002-09-25,11.87,11.87,11.58,11.58,2959518
2002-09-26,11.84,11.84,11.54,11.54,4979221
2002-09-27,11.54,11.65,11.5,11.5,2435170
2002-09-30,11.5,11.95,11.17,11.95,2788812
2002-10-01,11.58,11.69,11.54,11.58,1737911
2002-10-02,11.61,11.73,11.35,11.35,1745981
2002-10-03,11.35,11.47,11.24,11.47,2035872
2002-10-04,11.43,11.58,11.35,11.47,1406136
2002-10-07,11.47,11.47,11.32,11.35,913232
2002-10-08,11.24,11.39,11.24,11.35,2123013
2002-10-09,11.32,11.5,11.24,11.32,4380462
2002-10-10,11.32,11.32,11.32,11.32,0
2002-10-11,11.43,11.43,10.98,11.32,5525930
2002-10-14,11.32,11.32,11.02,11.13,3711936
2002-10-15,11.13,11.39,11.09,11.28,6929524
2002-10-16,11.43,11.47,11.21,11.21,5163004
2002-10-17,11.13,11.24,11.13,11.21,3547311
2002-10-18,11.21,11.39,11.21,11.35,10212981
2002-10-21,11.35,11.35,11.21,11.21,3841911
2002-10-22,11.28,11.43,11.13,11.13,7433735
2002-10-23,11.17,11.28,11.13,11.24,7915097
2002-10-24,11.28,11.76,11.28,11.58,26170560
2002-10-25,11.47,11.5,11.32,11.32,13351688
2002-10-28,11.43,11.8,11.43,11.5,25103890
2002-10-29,11.65,11.65,11.28,11.28,8775681
2002-10-30,11.28,11.43,11.21,11.24,7273984
2002-10-31,11.32,11.5,11.24,11.24,10590644
2002-11-01,11.32,11.47,11.24,11.28,15764993
2002-11-04,11.39,11.47,11.17,11.21,10765137
2002-11-05,11.24,11.28,10.43,10.76,32856558
2002-11-06,10.58,10.76,10.32,10.69,18061541
2002-11-07,10.69,10.76,10.5,10.69,12830878
2002-11-08,10.61,10.72,10.5,10.72,11139446
2002-11-11,10.72,10.83,10.61,10.61,10891976
2002-11-12,10.54,10.65,10.54,10.58,5298438
2002-11-13,10.65,10.87,10.65,10.69,9918570
2002-11-14,10.83,10.91,10.76,10.76,7123846
2002-11-15,10.95,10.98,10.83,10.83,12777549
2002-11-18,10.95,10.98,10.72,10.72,6339107
2002-11-19,10.72,10.76,10.61,10.61,5144484
2002-11-20,10.61,10.61,10.35,10.39,15295076
2002-11-21,10.46,10.5,10.2,10.39,9779332
2002-11-22,10.54,10.58,10.24,10.35,14526241
2002-11-25,10.35,10.35,9.72,9.72,17895966
2002-11-26,9.72,9.94,9.72,9.87,10471952
2002-11-27,9.87,10.06,9.83,9.91,15442192
2002-11-28,10.09,10.13,9.91,10.02,9633234
2002-11-29,9.98,10.2,9.72,10.2,23323506
2002-12-02,10.2,10.2,10.2,10.2,0
2002-12-03,10.43,10.54,10.32,10.39,6861728
2002-12-04,10.32,10.5,10.24,10.46,5335090
2002-12-05,10.46,10.54,10.39,10.39,5955451
2002-12-06,10.39,10.46,10.17,10.46,7581278
2002-12-09,10.54,10.58,10.39,10.46,6554119
2002-12-10,10.39,10.39,9.83,10.32,14349344
2002-12-11,10.28,10.28,9.98,10.09,8372698
2002-12-12,10.06,10.46,10.06,10.46,15218757
2002-12-13,10.46,10.5,10.24,10.46,8801715
2002-12-16,10.43,10.43,10.28,10.39,3394933
2002-12-17,10.39,10.39,10.24,10.35,5960925
2002-12-18,10.39,10.39,9.94,10.06,10071432
2002-12-19,9.91,10.06,9.8,10.06,16483724
2002-12-20,10.02,10.06,9.8,10.02,12041419
2002-12-23,9.98,9.98,9.87,9.94,3804183
2002-12-24,9.91,10.17,9.87,10.17,9423867
2002-12-25,10.09,10.13,9.98,9.98,3895911
2002-12-26,10.02,10.02,9.8,10.02,5845725
2002-12-27,9.94,10.09,9.83,9.98,6771223
2002-12-30,9.87,10.09,9.87,10.09,7582791
2002-12-31,10.06,10.76,9.94,10.76,16521680
2003-01-01,10.76,10.76,10.76,10.76,0
2003-01-02,10.39,10.39,10.24,10.28,6228118
2003-01-03,10.39,10.39,10.09,10.09,7154095
2003-01-06,10.06,10.06,9.98,9.98,8208344
2003-01-07,10.02,10.09,9.91,9.94,7102127
2003-01-08,9.94,10.61,9.91,10.61,29219351
2003-01-09,10.69,10.72,10.32,10.39,12164921
2003-01-10,10.43,10.54,10.35,10.39,8401507
2003-01-13,10.39,10.61,10.39,10.46,15923342
2003-01-14,10.54,10.54,10.32,10.32,10610223
2003-01-15,10.35,10.39,10.17,10.17,8377337
2003-01-16,10.2,10.43,10.2,10.2,11109393
2003-01-17,10.28,10.54,10.2,10.2,15198495
2003-01-20,10.2,10.32,10.2,10.24,5338286
2003-01-21,10.24,10.43,10.24,10.24,12560204
2003-01-22,10.24,10.28,10.17,10.2,6307398
2003-01-23,10.2,10.35,10.17,10.28,20164025
2003-01-24,10.32,10.43,10.24,10.28,10070027
2003-01-27,10.28,10.28,10.13,10.13,9043976
2003-01-28,10.13,10.24,10.13,10.2,5516389
2003-01-29,10.2,10.2,10.2,10.2,0
2003-01-30,10.2,10.2,10.2,10.2,0
2003-01-31,10.2,10.2,10.2,10.2,0
2003-02-03,10.2,10.2,10.2,10.2,0
2003-02-04,10.2,10.2,10.2,10.2,0
2003-02-05,10.2,10.2,10.2,10.2,0
2003-02-06,10.17,10.17,9.91,9.91,8024491
2003-02-07,9.91,10.09,9.91,9.98,9841288
2003-02-10,10.02,10.06,9.91,9.91,3610595
2003-02-11,10.02,10.02,9.91,9.91,2983091
2003-02-12,9.91,9.94,9.83,9.83,5677751
2003-02-13,9.83,9.91,9.8,9.8,4554658
2003-02-14,9.83,9.87,9.68,9.8,5265288
2003-02-17,9.91,10.02,9.87,9.98,7813255
2003-02-18,9.98,9.98,9.83,9.83,4503711
2003-02-19,9.91,9.94,9.72,9.72,5918938
2003-02-20,9.68,9.72,9.46,9.46,11618185
2003-02-21,9.46,9.5,9.31,9.35,9755476
2003-02-24,9.42,9.54,9.35,9.46,2923659
2003-02-25,9.46,9.46,9.28,9.31,5199450
2003-02-26,9.31,9.35,9.28,9.28,3140426
2003-02-27,9.24,9.24,9.09,9.17,3543517
2003-02-28,9.17,9.17,9.17,9.17,0
2003-03-03,9.2,9.35,9.2,9.31,3074434
2003-03-04,9.28,9.28,9.2,9.24,1988199
2003-03-05,9.2,9.24,9.09,9.13,4054089
2003-03-06,9.13,9.17,9.09,9.09,1735231
2003-03-07,9.09,9.17,9.02,9.05,2553642
2003-03-10,9.05,9.13,8.98,8.98,2569470
2003-03-11,8.91,9.05,8.91,8.94,3060021
2003-03-12,8.94,9.05,8.94,9.02,1992852
2003-03-13,9.05,9.09,8.98,9.09,2051581
2003-03-14,9.2,9.28,9.17,9.24,4307623
2003-03-17,9.24,9.24,9.09,9.09,3188350
2003-03-18,9.24,9.35,9.17,9.2,8681850
2003-03-19,9.17,9.2,8.98,9.02,5380092
2003-03-20,9.13,9.17,8.98,9.02,6145897
2003-03-21,9.02,9.2,9.02,9.09,8710024
2003-03-24,9.17,9.24,8.94,8.98,9724837
2003-03-25,8.91,9.02,8.87,9.02,5329704
2003-03-26,9.05,9.05,8.91,9.02,4207277
2003-03-27,9.02,9.05,8.94,9.05,4049764
2003-03-28,9.05,9.17,9.02,9.17,10109254
2003-03-31,9.09,9.09,8.83,8.83,7154966
2003-04-01,8.76,8.83,8.72,8.79,3039972
2003-04-02,8.79,8.79,8.68,8.72,3405453
2003-04-03,8.83,8.83,8.72,8.72,3186829
2003-04-04,8.72,8.83,8.72,8.83,3301565
2003-04-07,8.83,8.91,8.76,8.87,4574910
2003-04-08,8.87,8.91,8.79,8.83,3357286
2003-04-09,8.83,8.98,8.79,8.83,6537325
2003-04-10,8.87,8.94,8.87,8.91,4920724
2003-04-11,8.94,8.94,8.76,8.87,5416741
2003-04-14,8.91,8.91,8.61,8.83,8052130
2003-04-15,8.83,8.83,8.76,8.79,3516054
2003-04-16,8.83,8.98,8.83,8.94,6801514
2003-04-17,8.98,8.98,8.87,8.94,3720155
2003-04-18,9.02,9.05,8.94,9.02,5254539
2003-04-21,8.98,9.02,8.87,8.91,3340327
2003-04-22,8.91,8.94,8.87,8.91,3009315
2003-04-23,8.94,8.98,8.91,8.94,2766973
2003-04-24,8.98,8.98,8.68,8.72,8758606
2003-04-25,8.72,8.87,8.65,8.68,8070645
2003-04-28,8.65,8.65,8.35,8.39,6788678
2003-04-29,8.5,8.5,8.35,8.46,6040159
2003-04-30,8.46,8.5,8.35,8.35,4544701
2003-05-01,8.35,8.35,8.35,8.35,0
2003-05-02,8.35,8.46,8.31,8.42,3912032
2003-05-05,8.35,8.42,8.35,8.42,2626022
2003-05-06,8.42,8.5,8.39,8.46,3714019
2003-05-07,8.46,8.53,8.42,8.5,5138756
2003-05-08,8.46,8.57,8.42,8.5,5328458
2003-05-09,8.5,8.72,8.46,8.65,5913081
2003-05-12,8.72,8.83,8.68,8.76,5320430
2003-05-13,8.87,8.98,8.83,8.91,6783032
2003-05-14,8.94,8.98,8.91,8.91,2323911
2003-05-15,8.91,8.91,8.76,8.83,3388582
2003-05-16,8.91,8.94,8.79,8.79,1955295
2003-05-19,8.79,8.87,8.76,8.87,2710823
2003-05-20,8.83,8.98,8.79,8.94,5833876
2003-05-21,8.94,9.02,8.91,8.94,3051514
2003-05-22,8.94,9.02,8.87,8.98,7491340
2003-05-23,9.02,9.13,8.98,9.13,6687356
2003-05-26,9.13,9.24,9.09,9.17,4651766
2003-05-27,9.17,9.24,9.13,9.13,4290094
2003-05-28,9.2,9.24,9.13,9.2,2924578
2003-05-29,9.17,9.28,8.98,9.28,8243743
2003-05-30,9.09,9.24,9.05,9.24,6289396
2003-06-02,9.05,9.24,9.05,9.09,6293853
2003-06-03,9.09,9.17,9.02,9.02,2890910
2003-06-04,9.02,9.02,9.02,9.02,0
2003-06-05,9.09,9.09,9.02,9.09,3501958
2003-06-06,9.09,9.09,9.02,9.05,1884144
2003-06-09,9.09,9.2,9.05,9.2,5617367
2003-06-10,9.24,9.83,9.24,9.83,33360850
2003-06-11,9.94,9.98,9.54,9.54,14939402
2003-06-12,9.57,9.61,9.42,9.57,7637450
2003-06-13,9.61,10.02,9.61,9.83,19113501
2003-06-16,9.87,9.94,9.76,9.83,6526208
2003-06-17,9.94,9.98,9.68,9.72,12522802
2003-06-18,9.76,9.8,9.68,9.68,8093931
2003-06-19,9.72,9.83,9.68,9.83,9120831
2003-06-20,9.8,9.98,9.72,9.8,16416752
2003-06-23,9.83,9.83,9.72,9.76,10572450
2003-06-24,9.68,9.76,9.65,9.72,6267631
2003-06-25,9.72,9.8,9.68,9.68,5365359
2003-06-26,9.68,9.72,9.42,9.42,8039245
2003-06-27,9.42,9.46,9.2,9.28,10355529
2003-06-30,9.24,9.35,9.17,9.31,59134741
2003-07-01,9.42,9.65,9.31,9.65,5355149
2003-07-02,9.76,9.83,9.65,9.65,11375780
2003-07-03,9.68,9.83,9.65,9.65,12983637
2003-07-04,9.65,9.72,9.5,9.5,5503190
2003-07-07,9.65,9.72,9.46,9.65,8170033
2003-07-08,9.8,9.8,9.65,9.76,8265773
2003-07-09,9.72,9.8,9.61,9.65,6911377
2003-07-10,9.68,9.8,9.65,9.72,8091410
2003-07-11,9.72,9.72,9.54,9.61,10728205
2003-07-14,9.65,9.8,9.65,9.65,11758940
2003-07-15,9.72,9.8,9.65,9.68,7488038
2003-07-16,9.68,9.72,9.61,9.65,6618155
2003-07-17,9.68,9.76,9.57,9.57,7053247
2003-07-18,9.57,9.65,9.5,9.5,6604240
2003-07-21,9.54,9.57,9.39,9.39,6348674
2003-07-22,9.46,9.5,9.35,9.5,6690433
2003-07-23,9.54,9.57,9.39,9.39,5592379
2003-07-24,9.46,9.54,9.42,9.54,3320022
2003-07-25,9.54,9.57,9.42,9.42,6084425
2003-07-28,9.54,9.61,9.5,9.54,4334763
2003-07-29,9.61,9.61,9.42,9.54,5558390
2003-07-30,9.57,9.68,9.54,9.65,9665736
2003-07-31,9.68,9.76,9.61,9.65,11628030
2003-08-01,9.76,10.24,9.76,10.06,35463489
2003-08-04,10.13,10.13,9.94,10.09,13268744
2003-08-05,10.17,10.17,9.83,9.83,11435160
2003-08-06,9.76,9.91,9.72,9.76,7464513
2003-08-07,9.8,10.06,9.76,9.98,11018500
2003-08-08,10.02,10.06,9.83,9.87,8003114
2003-08-11,9.91,10.06,9.87,10.06,13285045
2003-08-12,10.09,10.09,9.98,10.02,9084878
2003-08-13,10.09,10.24,10.06,10.2,21254618
2003-08-14,10.2,10.24,10.17,10.2,27684717
2003-08-15,11.04,11.3,10.99,11.12,20625162
2003-08-18,11.17,11.21,10.78,10.82,14301179
2003-08-19,10.82,10.91,10.69,10.73,6973388
2003-08-20,10.73,10.86,10.73,10.73,5063677
2003-08-21,10.73,10.91,10.73,10.82,5508126
2003-08-22,10.95,10.99,10.91,10.99,8181937
2003-08-25,10.99,10.99,10.82,10.86,6237012
2003-08-26,10.82,10.86,10.78,10.78,7938330
2003-08-27,10.78,10.95,10.78,10.78,5663289
2003-08-28,10.82,10.82,10.26,10.52,7655379
2003-08-29,10.52,10.73,10.52,10.6,3479019
2003-09-01,10.69,10.78,10.65,10.69,3422763
2003-09-02,10.69,10.69,10.6,10.65,4711577
2003-09-03,10.69,10.69,10.56,10.56,5723342
2003-09-04,10.56,10.65,10.52,10.56,3982587
2003-09-05,10.6,10.69,10.56,10.56,6485841
2003-09-08,10.6,10.86,10.56,10.82,9222227
2003-09-09,10.91,10.99,10.69,10.69,7497291
2003-09-10,10.69,10.73,10.6,10.6,2993284
2003-09-11,10.6,10.6,10.6,10.6,0
2003-09-12,10.6,10.65,10.52,10.6,4370865
2003-09-15,10.6,10.6,10.52,10.6,3423010
2003-09-16,10.52,10.78,10.52,10.65,6121125
2003-09-17,10.73,10.91,10.69,10.91,60276269
2003-09-18,10.99,11.38,10.99,11.21,36894530
2003-09-19,11.43,11.56,11.3,11.34,26352085
2003-09-22,11.34,11.56,11.34,11.43,14277604
2003-09-23,11.43,11.86,11.43,11.82,26992385
2003-09-24,11.9,12.12,11.69,11.86,21383285
2003-09-25,11.77,11.86,11.64,11.86,8809746
2003-09-26,11.86,11.9,11.77,11.77,6681539
2003-09-29,11.77,11.77,11.51,11.6,7864689
2003-09-30,11.64,11.69,11.38,11.47,7672761
2003-10-01,11.38,11.47,11.34,11.34,3477829
2003-10-02,11.47,11.69,11.43,11.69,7693451
2003-10-03,11.64,11.73,11.6,11.64,4486819
2003-10-06,11.69,11.73,11.56,11.6,6588953
2003-10-07,11.6,11.9,11.56,11.86,15310116
2003-10-08,11.9,12.25,11.86,11.99,20709852
2003-10-09,12.16,12.81,12.03,12.81,52586109
2003-10-10,12.81,12.81,12.81,12.81,0
2003-10-13,12.9,13.68,12.9,13.68,50194691
2003-10-14,13.68,13.94,13.37,13.5,29789482
2003-10-15,13.5,13.68,13.2,13.5,14967995
2003-10-16,13.55,13.72,13.46,13.55,11308817
2003-10-17,13.63,13.94,13.55,13.94,22290372
2003-10-20,13.85,13.85,13.46,13.68,8732559
2003-10-21,13.63,13.63,13.16,13.37,18060527
2003-10-22,13.37,13.46,13.11,13.37,12321058
2003-10-23,13.33,13.5,13.2,13.33,12583994
2003-10-24,13.42,13.46,13.11,13.2,6205053
2003-10-27,13.2,13.2,12.98,13.16,6434101
2003-10-28,13.16,13.5,13.16,13.5,9012902
2003-10-29,13.63,13.68,13.24,13.24,8095200
2003-10-30,13.24,13.46,13.24,13.33,10146598
2003-10-31,13.37,13.37,13.2,13.2,5454908
2003-11-03,13.37,13.63,13.24,13.63,8519860
2003-11-04,13.76,13.76,13.42,13.42,5294509
2003-11-05,13.42,13.63,13.42,13.55,6402574
2003-11-06,13.63,13.72,12.98,13.2,12196892
2003-11-07,13.2,13.33,13.07,13.33,7241899
2003-11-10,13.33,13.37,13.11,13.2,6065950
2003-11-11,13.2,13.29,13.11,13.24,3388170
2003-11-12,13.24,13.55,13.24,13.42,10764787
2003-11-13,13.55,13.59,13.42,13.55,8193746
2003-11-14,13.63,13.63,13.46,13.59,6095925
2003-11-17,13.55,13.72,13.37,13.42,10779010
2003-11-18,13.46,13.68,13.42,13.55,12604749
2003-11-19,13.42,13.5,13.16,13.24,8976735
2003-11-20,13.2,13.24,13.07,13.07,7154112
2003-11-21,12.9,12.9,12.21,12.72,12546076
2003-11-24,12.81,12.81,12.47,12.64,2145514
2003-11-25,12.72,12.77,12.64,12.64,2905058
2003-11-26,12.68,12.72,12.59,12.64,4515805
2003-11-27,12.64,12.64,12.38,12.47,10183764
2003-11-28,12.47,12.72,12.47,12.64,5933566
2003-12-01,12.64,12.9,12.59,12.85,6573886
2003-12-02,12.98,12.98,12.72,12.77,2861443
2003-12-03,12.81,12.9,12.68,12.77,2242779
2003-12-04,12.68,12.77,12.64,12.77,2723802
2003-12-05,12.72,12.72,12.55,12.55,2637560
2003-12-08,12.47,12.47,12.34,12.38,4877498
2003-12-09,12.38,12.51,12.34,12.47,7055714
2003-12-10,12.51,12.59,12.47,12.47,4884219
2003-12-11,12.55,12.72,12.47,12.72,4571284
2003-12-12,12.77,12.94,12.77,12.9,6524806
2003-12-15,12.98,12.98,12.72,12.94,4754917
2003-12-16,12.81,12.98,12.77,12.81,3088355
2003-12-17,12.9,12.9,12.55,12.64,3839984
2003-12-18,12.47,12.98,12.42,12.94,7598850
2003-12-19,12.98,12.98,12.77,12.77,3330021
2003-12-22,12.77,12.94,12.72,12.9,4976981
2003-12-23,12.94,12.94,12.81,12.81,5697951
2003-12-24,12.85,12.94,12.77,12.81,4428891
2003-12-25,12.81,12.81,12.68,12.72,3389801
2003-12-26,12.77,12.77,12.68,12.72,2751102
2003-12-29,12.72,12.77,12.59,12.59,3703079
2003-12-30,12.68,12.9,12.64,12.77,9104023
2003-12-31,12.81,12.85,12.72,12.77,4511287
2004-01-01,12.77,12.77,12.77,12.77,0
2004-01-02,12.77,13.11,12.77,12.98,11422093
2004-01-05,12.98,13.07,12.9,12.98,9740037
2004-01-06,13.03,13.42,12.94,13.29,14065370
2004-01-07,13.29,13.5,13.24,13.33,11949443
2004-01-08,13.42,13.46,13.24,13.33,5752120
2004-01-09,13.42,13.59,13.37,13.55,14579116
2004-01-12,13.55,13.59,13.42,13.55,8917870
2004-01-13,13.55,13.63,13.5,13.59,6832301
2004-01-14,13.59,14.07,13.5,13.94,17163148
2004-01-15,14.07,14.2,13.85,14.02,15987304
2004-01-16,14.07,14.24,14.07,14.07,10934342
2004-01-19,14.07,14.07,14.07,14.07,0
2004-01-20,14.07,14.07,14.07,14.07,0
2004-01-21,14.07,14.07,14.07,14.07,0
2004-01-22,14.07,14.07,14.07,14.07,0
2004-01-23,14.07,14.07,14.07,14.07,0
2004-01-26,14.07,14.07,14.07,14.07,0
2004-01-27,14.24,14.37,14.11,14.28,8218735
2004-01-28,14.5,14.72,14.11,14.72,16261663
2004-01-29,14.63,14.63,13.94,13.94,21672791
2004-01-30,14.02,14.11,13.89,13.94,5265924
2004-02-02,13.89,13.89,13.5,13.5,7233246
2004-02-03,13.42,13.68,13.42,13.63,7640400
2004-02-04,13.63,13.76,13.5,13.63,5584617
2004-02-05,13.63,13.76,13.59,13.72,6990546
2004-02-06,13.76,13.85,13.63,13.72,9624969
2004-02-09,13.85,14.15,13.85,14.02,10728137
2004-02-10,14.07,14.07,13.85,13.98,11001768
2004-02-11,14.02,14.02,13.81,13.81,6476724
2004-02-12,13.85,14.02,13.5,13.63,13997758
2004-02-13,13.63,13.81,13.63,13.68,6616626
2004-02-16,13.76,13.85,13.68,13.68,5273869
2004-02-17,13.76,13.89,13.72,13.81,10871734
2004-02-18,13.85,14.02,13.81,13.89,14215175
2004-02-19,14.02,14.02,13.81,13.85,12411404
2004-02-20,13.85,14.2,13.81,13.94,15239486
2004-02-23,13.98,14.07,13.89,13.94,7357040
2004-02-24,13.89,13.98,13.63,13.63,8117017
2004-02-25,13.63,13.81,13.63,13.76,9486884
2004-02-26,13.85,13.94,13.76,13.89,10406851
2004-02-27,13.94,14.11,13.89,13.94,6925428
2004-03-01,14.07,14.07,13.89,13.98,8438078
2004-03-02,14.07,14.11,13.98,14.07,10919720
2004-03-03,14.11,14.59,14.07,14.33,23602025
2004-03-04,14.41,14.98,14.37,14.72,34287802
2004-03-05,14.89,14.93,14.28,14.41,16937837
2004-03-08,14.5,14.54,14.15,14.2,11700567
2004-03-09,14.2,14.67,14.11,14.67,8389983
2004-03-10,14.67,14.76,14.37,14.41,8243047
2004-03-11,14.41,14.54,14.28,14.28,5351685
2004-03-12,14.24,14.24,14.07,14.07,7028152
2004-03-15,14.15,14.37,13.98,13.98,10852601
2004-03-16,13.98,14.15,13.81,14.15,54224231
2004-03-17,14.33,14.33,13.98,13.98,8786570
2004-03-18,13.85,14.24,13.76,14.07,9939918
2004-03-19,14.07,14.24,13.98,13.98,6276559
2004-03-22,13.03,13.03,13.03,13.03,8250851
2004-03-23,12.12,13.89,12.12,13.63,26578663
2004-03-24,13.55,14.02,13.55,13.94,16624651
2004-03-25,14.2,14.2,13.98,14.07,13677772
2004-03-26,14.15,14.15,13.85,13.85,10278459
2004-03-29,14.28,14.28,13.98,14.24,7048872
2004-03-30,14.24,14.24,13.98,13.98,3551393
2004-03-31,13.98,14.07,13.85,13.89,6152934
2004-04-01,13.85,14.02,13.72,13.76,5259811
2004-04-02,13.81,14.15,13.76,14.07,6839709
2004-04-05,14.24,14.28,14.02,14.2,4468308
2004-04-06,14.28,14.5,14.2,14.5,6382720
2004-04-07,14.41,14.63,14.37,14.63,8396789
2004-04-08,14.63,14.63,14.41,14.54,4215112
2004-04-09,14.5,14.5,14.07,14.2,6256709
2004-04-12,14.33,14.5,14.28,14.41,4936743
2004-04-13,14.41,14.72,14.33,14.5,8335189
2004-04-14,14.5,14.59,14.37,14.5,5197244
2004-04-15,14.5,14.63,14.46,14.5,4555494
2004-04-16,14.63,14.85,14.63,14.76,12699751
2004-04-19,14.85,14.85,14.5,14.5,4630027
2004-04-20,14.54,14.76,14.5,14.54,4402937
2004-04-21,14.5,14.5,14.37,14.41,3796527
2004-04-22,14.54,14.59,14.28,14.28,8522441
2004-04-23,14.37,14.41,14.11,14.11,4753818
2004-04-26,14.28,14.28,14.07,14.07,3057619
2004-04-27,14.07,14.15,13.89,13.94,4673006
2004-04-28,14.07,14.07,13.81,13.94,6701031
2004-04-29,14.07,14.11,13.89,13.98,8081160
2004-04-30,13.85,13.85,13.11,13.2,9427506
2004-05-03,13.42,13.5,13.11,13.42,5651432
2004-05-04,13.42,14.07,13.42,14.02,8208213
2004-05-05,13.85,14.24,13.81,13.85,14647432
2004-05-06,13.85,14.2,13.81,14.02,9886356
2004-05-07,13.85,14.11,13.85,14.11,7816012
2004-05-10,13.85,13.94,13.63,13.76,4694152
2004-05-11,13.76,13.81,13.5,13.68,8169199
2004-05-12,13.85,13.85,13.55,13.59,3401930
2004-05-13,13.42,13.59,13.2,13.42,7828643
2004-05-14,13.24,13.37,12.98,12.98,6748987
2004-05-17,12.77,12.77,12.42,12.42,9468298
2004-05-18,12.81,13.29,12.59,13.07,5542964
2004-05-19,13.5,13.85,13.29,13.42,5026491
2004-05-20,13.11,13.59,13.11,13.16,2657198
2004-05-21,13.37,13.68,13.24,13.5,4630160
2004-05-24,13.85,13.85,13.46,13.46,3061858
2004-05-25,13.42,13.59,13.37,13.46,2302568
2004-05-26,13.59,13.76,13.46,13.46,2794805
2004-05-27,13.46,13.63,13.46,13.5,2499895
2004-05-28,13.63,13.68,13.46,13.68,3456575
2004-05-31,13.63,13.81,13.5,13.68,3136634
2004-06-01,13.68,13.98,13.63,13.94,9450243
2004-06-02,13.85,13.94,13.68,13.89,3190180
2004-06-03,13.94,14.07,13.81,13.85,11078040
2004-06-04,13.72,14.07,13.68,14.07,6892413
2004-06-07,14.07,14.2,13.98,14.2,10535725
2004-06-08,14.15,14.2,14.11,14.2,4469165
2004-06-09,13.85,14.02,13.85,13.85,4299995
2004-06-10,13.68,13.94,13.68,13.72,3610809
2004-06-11,13.98,14.15,13.68,13.72,9984252
2004-06-14,13.72,14.07,13.59,13.63,3459346
2004-06-15,13.63,13.68,13.46,13.46,3451590
2004-06-16,13.81,13.85,13.46,13.72,2940436
2004-06-17,13.81,14.2,13.72,13.94,9395749
2004-06-18,13.85,14.2,13.81,14.2,7908759
2004-06-21,14.07,14.2,14.02,14.2,3237059
2004-06-22,14.2,14.2,14.2,14.2,0
2004-06-23,13.24,14.15,13.24,13.81,11325268
2004-06-24,13.72,13.85,13.68,13.68,3785027
2004-06-25,13.72,13.81,13.63,13.72,3459565
2004-06-28,13.68,13.72,13.42,13.63,8014366
2004-06-29,13.5,13.63,13.42,13.63,7180661
2004-06-30,13.68,13.85,13.63,13.85,5664720
2004-07-01,13.85,13.85,13.63,13.63,2410541
2004-07-02,13.76,13.76,13.5,13.63,4726582
2004-07-05,13.63,13.81,13.55,13.63,3301599
2004-07-06,13.68,13.94,13.68,13.89,4813200
2004-07-07,13.89,14.02,13.72,14.02,3621244
2004-07-08,13.98,14.02,13.85,14.02,2372111
2004-07-09,13.85,13.98,13.76,13.81,3706348
2004-07-12,13.72,14.15,13.72,14.15,8107988
2004-07-13,14.2,14.5,14.15,14.37,16834257
2004-07-14,14.37,14.5,14.24,14.41,6940081
2004-07-15,14.46,14.46,14.24,14.37,6429800
2004-07-16,14.24,14.5,14.24,14.41,7047755
2004-07-19,14.28,14.72,14.24,14.72,11236429
2004-07-20,14.5,14.59,14.37,14.54,16441575
2004-07-21,14.46,14.5,14.41,14.41,8692775
2004-07-22,14.4,14.45,14.17,14.26,5000329
2004-07-23,14.31,14.31,13.89,14.03,5247371
2004-07-26,13.94,14.35,13.94,14.26,8400648
2004-07-27,14.31,14.87,14.31,14.49,6448493
2004-07-28,14.77,14.77,14.54,14.63,2272530
2004-07-29,14.63,14.68,14.03,14.03,3556294
2004-07-30,14.63,14.68,14.26,14.26,4066318
2004-08-02,14.4,14.59,14.26,14.59,2824162
2004-08-03,14.59,14.68,14.45,14.45,2511022
2004-08-04,14.45,14.45,14.26,14.31,1145175
2004-08-05,14.35,14.59,14.26,14.45,1878288
2004-08-06,14.45,14.54,14.26,14.35,1303856
2004-08-09,14.26,14.49,14.26,14.49,888228
2004-08-10,14.49,14.49,14.21,14.26,1820759
2004-08-11,14.35,14.49,14.26,14.26,2037295
2004-08-12,14.35,14.4,14.21,14.26,656659
2004-08-13,14.21,14.26,14.17,14.26,1733791
2004-08-16,14.35,14.54,14.21,14.35,1852869
2004-08-17,14.45,14.49,14.26,14.45,1217903
2004-08-18,14.45,14.59,14.31,14.59,2312262
2004-08-19,14.68,14.68,14.4,14.59,8408493
2004-08-20,14.54,14.59,14.49,14.54,4152190
2004-08-23,14.45,14.63,14.4,14.49,3022821
2004-08-24,14.49,14.49,14.49,14.49,0
2004-08-25,14.49,14.49,14.49,14.49,0
2004-08-26,14.59,14.68,14.45,14.63,5483461
2004-08-27,14.68,14.68,14.35,14.45,4047479
2004-08-30,14.54,14.59,14.45,14.59,3532424
2004-08-31,14.59,15.1,14.59,14.91,12088901
2004-09-01,14.91,15.15,14.91,15.15,6769057
2004-09-02,15.29,15.57,15.01,15.43,14285262
2004-09-03,15.57,15.57,15.43,15.52,9462058
2004-09-06,15.52,15.57,15.43,15.43,8297301
2004-09-07,15.47,15.57,15.29,15.33,6376710
2004-09-08,15.33,15.33,15.15,15.24,2503013
2004-09-09,15.24,15.38,15.1,15.38,7664275
2004-09-10,15.38,15.38,15.1,15.19,3103642
2004-09-13,15.33,15.33,15.1,15.19,5031856
2004-09-14,15.29,15.29,15.1,15.15,3140720
2004-09-15,15.15,15.15,14.73,14.82,5606847
2004-09-16,14.82,15.01,14.73,14.96,3472713
2004-09-17,15.05,15.1,14.91,15.01,7449152
2004-09-20,15.01,15.15,14.87,15.1,2961953
2004-09-21,15.1,15.19,15.05,15.15,8061738
2004-09-22,15.19,15.33,15.15,15.33,5825694
2004-09-23,15.29,15.43,15.19,15.38,6394232
2004-09-24,15.43,15.43,15.19,15.38,5201423
2004-09-27,15.33,15.33,15.1,15.19,4507301
2004-09-28,15.19,15.19,15.19,15.19,0
2004-09-29,15.24,15.24,15.1,15.1,5675342
2004-09-30,15.15,15.33,15.15,15.19,6461741
2004-10-01,15.33,15.33,15.19,15.33,4958488
2004-10-04,15.38,15.47,15.29,15.33,5028901
2004-10-05,15.33,15.43,15.33,15.43,4228554
2004-10-06,15.43,15.71,15.38,15.61,9636513
2004-10-07,15.75,15.75,15.47,15.61,5326482
2004-10-08,15.75,15.75,15.47,15.52,4228672
2004-10-11,15.61,15.75,15.47,15.71,6573059
2004-10-12,15.71,15.75,15.52,15.66,7946403
2004-10-13,15.66,15.8,15.57,15.75,5423180
2004-10-14,15.8,15.8,15.52,15.57,4277218
2004-10-15,15.57,15.66,15.43,15.61,3374685
2004-10-18,15.75,15.8,15.57,15.61,6470578
2004-10-19,15.75,15.8,15.61,15.75,4326724
2004-10-20,15.75,15.75,15.05,15.24,6930434
2004-10-21,14.96,15.19,14.91,14.96,7158948
2004-10-22,15.01,15.24,15.01,15.24,2884804
2004-10-25,15.24,15.24,15.24,15.24,0
2004-10-26,15.24,15.38,15.15,15.33,6458637
2004-10-27,15.29,15.8,15.24,15.71,13157021
2004-10-28,15.71,15.8,15.47,15.52,11030839
2004-10-29,15.52,15.66,15.43,15.57,3421622
2004-11-01,15.52,15.75,15.52,15.75,11291746
2004-11-02,15.75,15.89,15.61,15.85,7143230
2004-11-03,15.85,15.85,15.61,15.85,9117435
2004-11-04,15.85,15.94,15.66,15.89,9467603
2004-11-05,15.89,15.94,15.75,15.94,6168868
2004-11-08,15.94,15.99,15.75,15.99,7877711
2004-11-09,15.99,16.17,15.8,16.08,8653057
2004-11-10,16.08,16.13,15.94,16.08,6212459
2004-11-11,16.03,16.27,15.99,16.08,7587965
2004-11-12,16.08,16.13,16.03,16.08,5855649
2004-11-15,16.08,16.08,15.75,15.8,5799308
2004-11-16,15.8,15.89,15.61,15.8,4464248
2004-11-17,15.8,15.99,15.71,15.89,9164265
2004-11-18,15.89,15.94,15.66,15.85,8949942
2004-11-19,15.85,15.85,15.71,15.75,3520661
2004-11-22,15.66,15.75,15.57,15.57,3958549
2004-11-23,15.57,15.85,15.57,15.85,8019555
2004-11-24,15.85,15.85,15.71,15.85,12467461
2004-11-25,15.85,15.89,15.75,15.8,5288162
2004-11-26,15.85,16.03,15.85,15.85,9375521
2004-11-29,15.89,16.03,15.8,15.89,7273749
2004-11-30,15.85,16.08,15.61,16.08,12609711
2004-12-01,15.89,16.08,15.85,16.03,8692673
2004-12-02,16.03,16.08,15.94,16.08,6712746
2004-12-03,16.08,16.13,15.99,16.13,5995141
2004-12-06,16.13,16.17,16.03,16.17,8793854
2004-12-07,16.17,16.22,16.08,16.17,9713452
2004-12-08,16.08,16.13,15.8,15.94,8387373
2004-12-09,15.85,15.99,15.8,15.99,7821007
2004-12-10,15.99,16.17,15.94,16.17,9372949
2004-12-13,16.13,16.27,15.99,16.17,6922621
2004-12-14,16.17,16.27,16.03,16.17,7557482
2004-12-15,16.17,16.17,15.99,15.99,5253563
2004-12-16,15.99,16.03,15.89,15.94,7266453
2004-12-17,15.89,16.08,15.8,16.08,8535420
2004-12-20,15.66,16.08,15.66,16.08,6712150
2004-12-21,15.85,16.17,15.85,16.17,8726698
2004-12-22,15.94,16.17,15.94,16.08,5105017
2004-12-23,16.17,16.17,16.03,16.17,4890093
2004-12-24,16.13,16.17,16.03,16.13,4857744
2004-12-27,15.89,16.08,15.89,16.08,2674481
2004-12-28,15.99,16.27,15.99,16.27,4326420
2004-12-29,16.27,16.55,16.22,16.5,5150299
2004-12-30,16.5,16.59,16.41,16.55,3721042
2004-12-31,16.55,16.55,16.36,16.55,4037289
2005-01-03,16.78,16.78,16.41,16.41,3501598
2005-01-04,16.41,16.5,16.22,16.27,4381911
2005-01-05,16.22,16.31,16.13,16.27,2872772
2005-01-06,16.22,16.5,16.13,16.22,3379386
2005-01-07,16.31,16.36,16.17,16.17,5148761
2005-01-10,16.31,16.55,16.17,16.17,2723674
2005-01-11,16.17,16.45,16.17,16.27,3256252
2005-01-12,16.27,16.45,16.03,16.08,4629772
2005-01-13,16.13,16.31,16.08,16.08,2992607
2005-01-14,16.13,16.22,15.89,16.03,5268827
2005-01-17,16.03,16.08,15.8,15.99,5831317
2005-01-18,16.03,16.03,15.71,15.94,7139759
2005-01-19,15.99,15.99,15.75,15.75,3374365
2005-01-20,15.66,15.75,15.57,15.66,5665146
2005-01-21,15.66,15.8,15.61,15.71,2908281
2005-01-24,15.66,15.71,15.38,15.43,5559885
2005-01-25,15.38,15.61,15.38,15.61,4496609
2005-01-26,15.61,15.61,15.24,15.29,7469674
2005-01-27,15.29,15.52,15.29,15.52,3289512
2005-01-28,15.52,15.57,15.29,15.33,5621175
2005-01-31,15.38,15.47,15.29,15.38,8067569
2005-02-01,15.43,15.61,15.38,15.52,6656545
2005-02-02,15.66,15.66,15.29,15.38,7963824
2005-02-03,15.52,15.52,15.24,15.38,9407081
2005-02-04,15.38,15.38,15.38,15.38,0
2005-02-07,15.38,15.38,15.38,15.38,0
2005-02-08,15.38,15.38,15.38,15.38,0
2005-02-09,15.38,15.38,15.38,15.38,0
2005-02-10,15.38,15.38,15.38,15.38,0
2005-02-11,15.38,15.38,15.38,15.38,0
2005-02-14,15.38,15.52,15.24,15.24,9908997
2005-02-15,15.24,15.61,15.24,15.57,15024276
2005-02-16,15.66,15.85,15.57,15.85,10383190
2005-02-17,15.85,15.89,15.52,15.52,5512375
2005-02-18,15.61,15.61,15.47,15.52,8558189
2005-02-21,15.43,15.47,15.33,15.38,10543479
2005-02-22,15.38,15.43,15.24,15.38,6862434
2005-02-23,15.38,15.47,15.33,15.43,7056570
2005-02-24,15.43,15.61,15.38,15.52,5014144
2005-02-25,15.57,15.61,15.47,15.61,4842795
2005-02-28,15.61,15.61,15.61,15.61,0
2005-03-01,15.61,15.64,15.54,15.61,4616956
2005-03-02,15.61,15.66,15.54,15.54,4722665
2005-03-03,15.61,15.64,15.47,15.54,6619593
2005-03-04,15.54,15.57,15.4,15.57,6673101
2005-03-07,15.57,15.57,15.52,15.54,4176548
2005-03-08,15.57,15.57,15.47,15.52,3715776
2005-03-09,15.52,15.66,15.45,15.66,10267791
2005-03-10,15.64,15.68,15.54,15.68,5234036
2005-03-11,15.61,15.68,15.57,15.57,3202981
2005-03-14,15.54,15.71,15.52,15.71,2830789
2005-03-15,15.71,15.71,15.57,15.59,3729368
2005-03-16,15.59,15.59,15.5,15.52,2630987
2005-03-17,15.45,15.5,15.29,15.5,4513303
2005-03-18,15.38,15.47,15.31,15.4,6276707
2005-03-21,15.4,15.43,15.31,15.33,4992331
2005-03-22,15.38,15.4,15.33,15.33,4359105
2005-03-23,15.38,15.43,15.29,15.43,4316174
2005-03-24,15.38,15.47,15.33,15.38,3549115
2005-03-25,15.43,15.43,15.26,15.31,2334905
2005-03-28,15.47,15.47,15.29,15.29,2681212
2005-03-29,15.29,15.29,15.15,15.15,3426019
2005-03-30,15.15,15.15,14.91,14.96,4611667
2005-03-31,14.96,15.15,14.91,14.91,3372127
2005-04-01,15.1,15.26,15.01,15.19,8907419
2005-04-04,15.19,15.24,15.05,15.17,3461388
2005-04-05,15.17,15.17,15.17,15.17,0
2005-04-06,15.15,15.17,14.98,15.01,6807258
2005-04-07,15.01,15.17,14.91,14.91,3631353
2005-04-08,14.91,15.1,14.91,15.08,1341755
2005-04-11,15.08,15.12,14.94,15.05,2009117
2005-04-12,14.94,15.05,14.82,14.91,3908066
2005-04-13,14.91,14.91,14.87,14.91,3352914
2005-04-14,14.91,14.91,14.87,14.87,5100925
2005-04-15,14.87,14.87,14.42,14.47,7546681
2005-04-18,14.45,14.47,14.21,14.4,5813911
2005-04-19,14.4,14.42,14.26,14.26,3024197
2005-04-20,14.4,14.4,14.17,14.21,3879798
2005-04-21,14.12,14.35,14.05,14.35,6355991
2005-04-22,14.35,14.38,14.21,14.21,3862372
2005-04-25,14.26,14.35,14.21,14.26,2038132
2005-04-26,14.35,14.66,14.31,14.61,4130944
2005-04-27,14.61,14.75,14.59,14.68,21696249
2005-04-28,14.68,14.75,14.47,14.75,6761899
2005-04-29,14.75,14.75,14.59,14.59,4498092
2005-05-02,14.59,14.59,14.59,14.59,0
2005-05-03,14.68,14.91,14.59,14.73,4723051
2005-05-04,14.91,14.91,14.54,14.61,2138088
2005-05-05,14.82,14.82,14.59,14.73,5655126
2005-05-06,14.73,14.8,14.68,14.77,3159564
2005-05-09,14.77,14.91,14.77,14.82,5329191
2005-05-10,14.91,14.91,14.61,14.82,3651461
2005-05-11,14.68,14.8,14.54,14.68,4282330
2005-05-12,14.68,14.91,14.59,14.89,7723608
2005-05-13,14.89,14.94,14.84,14.89,5680322
2005-05-16,14.87,14.91,14.84,14.84,2894445
2005-05-17,14.84,14.84,14.59,14.59,2713625
2005-05-18,14.68,14.87,14.63,14.84,3962236
2005-05-19,14.91,14.91,14.82,14.89,5974650
2005-05-20,14.89,14.89,14.82,14.87,2181751
2005-05-23,14.87,14.87,14.66,14.68,2436435
2005-05-24,14.59,14.68,14.59,14.66,2161066
2005-05-25,14.59,14.68,14.59,14.66,1909339
2005-05-26,14.68,14.68,14.59,14.66,4881116
2005-05-27,14.68,14.68,14.61,14.66,2818751
2005-05-30,14.66,14.68,14.63,14.66,2819928
2005-05-31,14.66,14.66,14.35,14.63,3353110
2005-06-01,14.47,14.56,14.17,14.21,7290200
2005-06-02,14.21,14.24,14.15,14.21,8934098
2005-06-03,14.21,14.21,14.05,14.15,6031032
2005-06-06,14.15,14.17,14.05,14.1,7529494
2005-06-07,13.98,14.38,13.98,14.26,9222851
2005-06-08,14.38,14.91,14.35,14.77,10237587
2005-06-09,14.82,14.91,14.7,14.87,7161137
2005-06-10,14.87,15.01,14.8,14.91,9097505
2005-06-13,14.91,14.91,14.73,14.8,4178765
2005-06-14,14.82,14.87,14.7,14.77,5942432
2005-06-15,14.77,14.77,14.66,14.75,7457031
2005-06-16,15.1,15.1,14.82,14.91,6255089
2005-06-17,14.91,15.12,14.91,15.05,7637744
2005-06-20,15.05,15.15,15.05,15.15,4920694
2005-06-21,15.15,15.15,15.01,15.08,4504295
2005-06-22,15.08,15.08,14.96,14.96,7972866
2005-06-23,15.08,15.43,15.08,15.4,15298497
2005-06-24,15.38,15.61,15.33,15.59,10169494
2005-06-27,15.52,15.82,15.29,15.59,11648299
2005-06-28,15.57,15.59,15.29,15.29,9038549
2005-06-29,15.38,15.52,15.1,15.1,9496627
2005-06-30,15.38,15.38,15.05,15.19,3040551
2005-07-01,15.15,15.33,15.15,15.26,1192066
2005-07-04,15.26,15.33,15.19,15.29,1858512
2005-07-05,15.26,15.29,15.12,15.15,3105736
2005-07-06,15.29,15.33,15.19,15.24,2854285
2005-07-07,15.15,15.17,15.05,15.15,3351787
2005-07-08,15.1,15.17,15.01,15.03,8163157
2005-07-11,15.15,15.4,15.15,15.38,10479096
2005-07-12,15.26,15.38,15.24,15.36,11111539
2005-07-13,14.91,15.36,14.91,15.36,17278840
2005-07-14,15.6,15.62,14.99,15.12,16029099
2005-07-15,15.12,15.29,15.12,15.22,9001199
2005-07-18,15.22,15.22,15.22,15.22,0
2005-07-19,15.22,15.22,15.14,15.22,3864734
2005-07-20,15.22,15.42,15.22,15.37,10621124
2005-07-21,15.12,15.54,15.12,15.29,7378798
2005-07-22,15.32,15.49,15.29,15.47,2136387
2005-07-25,15.52,15.62,15.39,15.52,3124845
2005-07-26,15.62,15.77,15.54,15.77,3321698
2005-07-27,15.87,15.9,15.8,15.82,4288627
2005-07-28,15.87,15.92,15.82,15.92,5821057
2005-07-29,15.92,16.02,15.8,15.87,3152638
2005-08-01,15.92,15.95,15.77,15.9,2366423
2005-08-02,15.87,16.12,15.87,16.1,6618081
2005-08-03,16.15,16.17,15.97,16.1,5335877
2005-08-04,16.12,16.12,15.87,15.87,5505581
2005-08-05,15.87,15.87,15.87,15.87,0
2005-08-08,15.97,16.1,15.97,16.07,4228291
2005-08-09,15.97,16.07,15.97,15.97,1633370
2005-08-10,15.97,15.97,15.7,15.82,8752378
2005-08-11,15.82,15.87,15.57,15.62,6627114
2005-08-12,15.62,15.67,15.6,15.62,4659330
2005-08-15,15.62,15.75,15.57,15.67,4110961
2005-08-16,15.62,15.62,15.44,15.44,4093766
2005-08-17,15.37,15.39,15.19,15.27,8040756
2005-08-18,15.27,15.52,15.24,15.47,4373645
2005-08-19,15.52,15.54,15.34,15.49,2113248
2005-08-22,15.6,15.6,15.44,15.54,1291615
2005-08-23,15.54,15.7,15.49,15.62,3253788
2005-08-24,15.67,15.9,15.62,15.82,5914476
2005-08-25,15.77,15.77,15.57,15.57,3388641
2005-08-26,15.52,15.6,15.39,15.39,2749646
2005-08-29,15.37,15.42,15.22,15.24,3325566
2005-08-30,15.32,15.47,15.24,15.47,2856229
2005-08-31,15.52,15.52,15.32,15.32,9602383
2005-09-01,15.32,15.32,15.32,15.32,0
2005-09-02,15.32,15.39,15.19,15.27,2537100
2005-09-05,15.29,15.34,15.22,15.22,1794733
2005-09-06,15.37,15.37,15.24,15.24,1039056
2005-09-07,15.29,15.32,15.24,15.27,1576579
2005-09-08,15.29,15.32,15.22,15.27,2657097
2005-09-09,15.27,15.27,15.17,15.19,3689068
2005-09-12,15.27,15.39,15.07,15.37,9112460
2005-09-13,15.37,15.37,15.12,15.22,5163852
2005-09-14,15.27,15.27,15.09,15.17,6355471
2005-09-15,15.07,15.17,14.51,14.56,9812481
2005-09-16,14.46,14.56,13.98,14.06,14203494
2005-09-19,14.08,14.34,14.08,14.34,6621540
2005-09-20,14.34,14.54,14.26,14.41,12559079
2005-09-21,14.61,14.64,14.46,14.61,10622576
2005-09-22,14.61,14.76,14.51,14.71,11529888
2005-09-23,14.69,14.71,14.61,14.61,5981118
2005-09-26,14.64,14.74,14.56,14.64,6157507
2005-09-27,14.79,15.19,14.76,15.14,13804222
2005-09-28,15.37,15.42,15.29,15.34,9384279
2005-09-29,15.37,15.39,15.32,15.39,6871663
2005-09-30,15.39,15.92,15.37,15.92,10901647
2005-10-03,15.72,15.75,15.42,15.52,9000396
2005-10-04,15.52,15.52,15.07,15.09,4262338
2005-10-05,15.09,15.14,14.66,14.76,6544988
2005-10-06,14.66,14.74,14.54,14.71,4310607
2005-10-07,14.66,14.76,14.61,14.71,2687362
2005-10-10,14.71,14.71,14.71,14.71,0
2005-10-11,14.71,15.04,14.71,14.97,5626878
2005-10-12,14.66,14.97,14.59,14.64,6487044
2005-10-13,14.71,14.79,14.59,14.61,3819276
2005-10-14,14.71,14.99,14.66,14.79,6070667
2005-10-17,14.86,14.86,14.66,14.71,1570997
2005-10-18,14.66,14.66,14.41,14.44,4024637
2005-10-19,14.36,14.41,13.68,13.78,7439930
2005-10-20,13.78,13.78,13.2,13.66,14528687
2005-10-21,13.3,13.6,13.3,13.4,8368608
2005-10-24,13.35,13.53,13.25,13.48,8174377
2005-10-25,13.53,13.86,13.53,13.83,7463076
2005-10-26,13.96,14.11,13.81,14.08,3672964
2005-10-27,14.08,14.16,13.96,14.08,3255092
2005-10-28,14.11,14.11,13.81,13.96,3182942
2005-10-31,14.11,14.11,14.06,14.11,2658170
2005-11-01,14.11,14.26,14.01,14.21,2369070
2005-11-02,14.21,14.36,14.01,14.36,5047312
2005-11-03,14.41,14.41,14.18,14.23,2234706
2005-11-04,14.23,14.29,14.11,14.26,2895233
2005-11-07,14.23,14.29,13.93,14.26,2444501
2005-11-08,14.11,14.16,13.98,14.06,4154355
2005-11-09,13.81,14.46,13.81,14.36,9071277
2005-11-10,14.11,14.36,14.11,14.21,3043578
2005-11-11,14.29,14.36,14.23,14.36,4404276
2005-11-14,14.51,14.51,14.31,14.46,3597919
2005-11-15,14.46,14.49,14.41,14.49,3645021
2005-11-16,14.49,14.49,14.18,14.21,2240605
2005-11-17,14.21,14.34,14.18,14.34,4337246
2005-11-18,14.41,14.46,14.34,14.41,6384858
2005-11-21,14.41,14.41,14.21,14.29,4564743
2005-11-22,14.29,14.91,14.23,14.61,12309920
2005-11-23,14.76,14.97,14.59,14.97,10553406
2005-11-24,14.97,14.97,14.64,14.66,4171334
2005-11-25,14.84,15.02,14.74,14.99,7482501
2005-11-28,14.99,14.99,14.76,14.89,4142735
2005-11-29,14.89,15.19,14.86,14.99,5340086
2005-11-30,14.61,14.97,14.61,14.97,3821283
2005-12-01,14.64,14.91,14.64,14.69,3718795
2005-12-02,14.61,14.79,14.56,14.61,9491386
2005-12-05,14.36,14.46,14.21,14.46,7471080
2005-12-06,14.46,14.66,14.44,14.66,4366224
2005-12-07,14.66,14.81,14.64,14.81,3681501
2005-12-08,14.51,14.66,14.46,14.66,3071337
2005-12-09,14.66,14.66,14.46,14.61,2418764
2005-12-12,14.59,14.66,14.41,14.66,4808114
2005-12-13,14.66,14.69,14.61,14.69,1852379
2005-12-14,14.69,14.76,14.61,14.76,2484431
2005-12-15,14.86,14.86,14.69,14.84,3030979
2005-12-16,14.79,14.81,14.56,14.64,7207725
2005-12-19,14.66,14.69,14.59,14.66,5334824
2005-12-20,14.61,14.61,14.41,14.49,5310199
2005-12-21,14.49,14.54,14.49,14.54,3864139
2005-12-22,14.66,14.71,14.41,14.49,2818927
2005-12-23,14.49,14.56,14.41,14.56,2071271
2005-12-26,14.56,14.61,14.41,14.51,2344203
2005-12-27,14.46,14.56,14.41,14.54,2010392
2005-12-28,14.54,14.54,14.41,14.51,1321564
2005-12-29,14.49,14.51,14.36,14.51,5151502
2005-12-30,14.51,14.56,14.36,14.46,4038569
2006-01-02,14.46,14.46,14.34,14.39,1632118
2006-01-03,14.44,14.61,14.31,14.59,2951630
2006-01-04,14.64,14.76,14.54,14.76,5370394
2006-01-05,14.79,14.84,14.61,14.84,3502966
2006-01-06,14.84,14.84,14.56,14.61,4117234
2006-01-09,14.61,14.69,14.59,14.61,14451704
2006-01-10,14.61,14.61,14.11,14.34,21629332
2006-01-11,14.34,14.46,14.29,14.46,9470528
2006-01-12,14.56,14.64,14.44,14.61,10354991
2006-01-13,14.61,14.61,14.39,14.46,5184336
2006-01-16,14.59,14.64,14.41,14.61,6682382
2006-01-17,14.61,14.61,14.44,14.44,3145898
2006-01-18,14.36,14.36,14.13,14.21,5979874
2006-01-19,14.21,14.34,14.16,14.23,4889515
2006-01-20,14.23,14.34,14.23,14.34,3912022
2006-01-23,14.31,14.36,14.29,14.34,2385246
2006-01-24,14.11,14.31,14.11,14.21,3063129
2006-01-25,14.21,14.56,14.18,14.56,7298702
2006-02-03,14.41,14.97,14.41,14.97,10885806
2006-02-06,14.97,15.07,14.71,15.07,6277431
2006-02-07,15.07,15.39,15.02,15.32,15861510
2006-02-08,15.32,15.32,15.07,15.29,6761731
2006-02-09,15.32,15.42,15.14,15.29,7157790
2006-02-10,15.29,15.29,14.97,15.19,4576224
2006-02-13,15.19,15.27,15.02,15.27,5574922
2006-02-14,14.99,15.24,14.97,15.17,5150134
2006-02-15,15.02,15.19,15.02,15.07,5372447
2006-02-16,15.07,15.07,14.69,14.76,5191860
2006-02-17,14.76,14.86,14.74,14.81,1537721
2006-02-20,14.66,14.84,14.66,14.81,2787461
2006-02-21,14.66,14.76,14.61,14.61,4953130
2006-02-22,14.61,14.84,14.61,14.84,4657625
2006-02-23,14.84,15.02,14.74,14.91,4251306
2006-02-24,14.91,15.09,14.89,15.09,5611176
2006-02-27,15.09,15.29,14.91,15.12,5852642
2006-03-01,14.86,15.17,14.86,15.12,2426288
2006-03-02,15.17,15.17,15.07,15.17,3663032
2006-03-03,15.17,15.19,15.02,15.07,2029545
2006-03-06,15.12,15.12,14.97,15.12,1612965
2006-03-07,15.17,15.19,14.94,15.12,2974888
2006-03-08,15.17,15.57,15.17,15.52,11619780
2006-03-09,15.52,15.77,15.47,15.7,9707205
2006-03-10,15.72,15.85,15.72,15.85,12820270
2006-03-13,15.62,15.82,15.62,15.65,24128812
2006-03-14,15.65,15.65,15.24,15.29,2937950
2006-03-15,15.29,15.29,15.14,15.17,5643326
2006-03-16,15.19,15.54,15.17,15.34,5594075
2006-03-17,15.39,15.39,15.14,15.17,3120588
2006-03-20,15.12,15.14,14.91,15.12,2929741
2006-03-21,15.09,15.09,14.97,15.02,1396808
2006-03-22,15.02,15.04,14.86,14.99,4258830
2006-03-23,14.86,15.42,14.86,15.34,4078244
2006-03-24,15.32,15.34,15.14,15.32,4070035
2006-03-27,15.12,15.19,15.07,15.12,2961207
2006-03-28,15.12,15.14,14.94,14.94,6676910
2006-03-29,15.17,15.52,15.09,15.52,11937175
2006-03-30,15.52,15.62,15.22,15.52,5369710
2006-03-31,15.52,15.6,15.47,15.57,2985832
2006-04-03,15.49,15.54,15.32,15.37,1493942
2006-04-04,15.37,15.37,15.17,15.22,2158828
2006-04-06,15.37,15.54,15.22,15.42,4907984
2006-04-07,15.42,15.8,15.39,15.77,6235020
2006-04-10,15.77,15.85,15.6,15.82,5635802
2006-04-11,15.82,15.87,15.77,15.85,3252608
2006-04-12,15.62,15.87,15.62,15.87,2262802
2006-04-13,15.87,15.87,15.62,15.67,3524856
2006-04-14,15.67,15.77,15.52,15.75,3918178
2006-04-17,15.75,15.87,15.75,15.85,2837396
2006-04-18,15.82,16.0,15.8,15.97,5436062
2006-04-19,16.12,16.15,16.02,16.1,5529776
2006-04-20,16.07,16.25,16.02,16.12,3474921
2006-04-21,16.1,16.2,15.87,15.87,1560978
2006-04-24,15.87,16.1,15.87,15.87,1683421
2006-04-25,15.92,16.17,15.92,16.12,2011076
2006-04-26,16.12,16.2,16.07,16.2,3063813
2006-04-27,16.23,16.28,15.85,15.85,5360134
2006-04-28,16.05,16.17,16.0,16.17,5120036
2006-05-02,16.17,16.5,16.12,16.5,6836291
2006-05-03,16.58,16.63,16.5,16.58,5317039
2006-05-04,16.63,16.63,16.48,16.58,4569384
2006-05-05,16.28,16.58,16.28,16.53,5610492
2006-05-08,16.53,16.53,16.33,16.38,5589287
2006-05-09,16.35,16.53,16.2,16.33,6873229
2006-05-10,16.4,16.43,16.07,16.23,4520817
2006-05-11,16.23,16.43,16.23,16.43,3835410
2006-05-12,16.53,16.53,16.23,16.48,2299741
2006-05-15,16.38,16.38,16.0,16.25,5273945
2006-05-16,16.02,16.28,15.97,16.28,5859483
2006-05-17,16.28,16.28,15.97,16.25,4895671
2006-05-18,16.12,16.17,15.9,15.9,3420882
2006-05-19,15.82,15.92,15.62,15.75,3052184
2006-05-22,15.62,15.77,15.47,15.47,4331338
2006-05-23,15.32,15.62,15.14,15.32,4418211
2006-05-24,15.27,15.29,15.07,15.17,7525803
2006-05-25,15.24,15.39,15.12,15.34,2807298
2006-05-26,15.44,15.77,15.37,15.77,2601402
2006-05-29,15.67,16.12,15.62,16.02,4152804
2006-05-30,16.07,16.12,15.87,16.12,5795867
2006-06-01,16.12,16.15,15.77,16.02,5172707
2006-06-02,16.07,16.12,15.95,16.12,5628277
2006-06-05,16.07,16.12,15.47,15.52,3976322
2006-06-06,15.82,15.82,15.42,15.77,2412607
2006-06-07,15.62,15.62,15.27,15.49,1705994
2006-06-08,15.37,15.52,15.27,15.42,3308699
2006-06-09,15.42,15.42,14.91,15.12,6758311
2006-06-12,15.12,15.27,15.09,15.19,3301175
2006-06-13,15.12,15.19,15.02,15.12,5208961
2006-06-14,14.97,15.44,14.89,15.27,4784172
2006-06-15,15.37,15.52,15.14,15.52,2927689
2006-06-16,15.62,15.62,15.29,15.42,4189058
2006-06-19,15.24,15.72,15.24,15.72,3209513
2006-06-20,15.72,16.1,15.67,15.75,7581210
2006-06-21,15.6,15.75,15.52,15.62,5146713
2006-06-22,15.85,16.02,15.67,15.85,3313487
2006-06-23,15.52,15.8,15.52,15.62,2106841
2006-06-26,15.62,15.82,15.47,15.82,2240229
2006-06-27,15.62,16.02,15.57,16.02,4405899
2006-06-28,15.92,16.12,15.82,15.97,2599350
2006-06-29,15.97,16.12,15.97,16.07,4394954
2006-06-30,16.28,16.33,16.12,16.23,4959971
2006-07-03,16.33,16.33,16.17,16.2,1860587
2006-07-04,16.2,16.33,16.15,16.3,4007103
2006-07-05,16.33,16.33,15.97,16.12,1387916
2006-07-06,15.97,16.1,15.9,15.97,2956419
2006-07-07,16.02,16.28,15.92,16.25,2693747
2006-07-10,16.23,16.35,15.95,16.2,6778832
2006-07-11,16.28,16.3,16.1,16.2,10670333
2006-07-12,16.17,16.23,16.12,16.2,7433458
2006-07-13,16.29,16.48,16.21,16.46,10136782
2006-07-14,16.26,16.46,16.26,16.43,8773491
2006-07-17,16.4,16.59,16.37,16.57,3617885
2006-07-18,16.57,16.57,16.26,16.26,2238177
2006-07-19,16.48,16.48,16.24,16.26,6458017
2006-07-20,16.57,16.59,16.32,16.48,3447559
2006-07-21,16.29,16.48,16.29,16.4,2531630
2006-07-24,16.29,16.62,16.26,16.57,3342901
2006-07-25,16.51,16.68,16.43,16.57,3305963
2006-07-26,16.57,16.57,16.4,16.46,1650587
2006-07-27,16.46,16.59,16.46,16.54,4077560
2006-07-28,16.43,16.54,16.4,16.54,4823847
2006-07-31,16.57,16.65,16.46,16.62,3069285
2006-08-01,16.51,16.59,16.4,16.48,1464528
2006-08-02,16.48,16.51,16.37,16.48,2501532
2006-08-03,16.54,16.57,16.4,16.57,2731370
2006-08-04,16.54,16.57,16.48,16.54,1505571
2006-08-07,16.57,17.09,16.51,17.0,6649548
2006-08-08,17.11,17.44,16.73,17.28,6865021
2006-08-09,17.22,17.22,17.09,17.2,2856549
2006-08-10,17.17,17.22,16.65,16.89,2819611
2006-08-11,16.73,16.79,16.54,16.57,3031663
2006-08-14,16.57,16.59,16.4,16.46,6005183
2006-08-15,16.43,16.46,16.35,16.4,6405346
2006-08-16,16.46,16.51,16.4,16.51,3318276
2006-08-17,16.51,16.51,16.35,16.46,6771992
2006-08-18,16.46,16.57,16.4,16.46,2030913
2006-08-21,16.46,16.51,16.35,16.35,7386943
2006-08-22,16.35,16.4,16.29,16.35,2725897
2006-08-23,16.37,16.43,16.21,16.24,5094726
2006-08-24,16.46,16.46,16.21,16.26,2579513
2006-08-25,16.29,16.46,16.29,16.4,3877136
2006-08-28,16.4,16.4,16.24,16.37,1136189
2006-08-29,16.37,16.37,16.24,16.24,1325668
2006-08-30,17.36,17.36,16.79,17.28,24890832
2006-08-31,16.79,17.09,16.73,16.79,2364040
2006-09-01,16.79,16.89,16.57,16.68,2984464
2006-09-04,16.73,16.84,16.68,16.84,3821045
2006-09-05,16.87,16.89,16.68,16.87,3168471
2006-09-06,16.84,16.84,16.59,16.73,2286060
2006-09-07,16.73,16.76,16.4,16.73,2727949
2006-09-08,16.68,16.68,16.43,16.57,1272313
2006-09-11,16.51,16.87,16.51,16.73,3770426
2006-09-12,16.54,16.54,16.4,16.51,3324432
2006-09-13,16.46,16.46,16.32,16.43,3434562
2006-09-14,16.46,16.59,16.37,16.59,3824465
2006-09-15,16.57,16.73,16.46,16.68,3185572
2006-09-18,16.89,17.11,16.73,17.11,4874466
2006-09-19,17.11,17.14,16.84,17.11,2857917
2006-09-20,17.17,17.28,17.09,17.28,5715150
2006-09-21,17.36,17.64,17.36,17.55,7008669
2006-09-22,17.55,17.83,17.53,17.74,5847170
2006-09-25,17.69,17.74,17.36,17.61,3758113
2006-09-26,17.55,17.61,17.39,17.55,1991239
2006-09-27,17.55,17.66,17.42,17.64,2295636
2006-09-28,17.66,17.69,17.53,17.61,3329904
2006-09-29,17.39,17.61,17.39,17.39,725766
2006-10-02,17.0,17.33,16.84,17.31,6687855
2006-10-03,17.28,17.28,17.11,17.25,1473421
2006-10-04,17.33,17.55,17.25,17.42,3344269
2006-10-05,17.5,17.88,17.33,17.88,4403846
2006-10-09,17.88,17.88,17.88,17.88,0
2006-10-11,17.44,17.83,17.44,17.61,2705376
2006-10-12,17.39,17.66,17.33,17.55,2350360
2006-10-13,17.55,18.05,17.55,17.94,3416777
2006-10-16,17.83,17.83,17.55,17.83,3389416
2006-10-17,17.83,17.83,17.61,17.83,1158763
2006-10-18,17.72,17.72,17.44,17.64,2365408
2006-10-19,17.58,17.74,17.44,17.61,2716321
2006-10-20,17.61,17.66,17.55,17.58,3554953
2006-10-23,17.55,17.94,17.53,17.91,2797037
2006-10-24,17.94,17.94,17.72,17.91,2258698
2006-10-25,17.94,18.21,17.88,18.1,5118668
2006-10-26,18.16,18.21,18.05,18.05,4038569
2006-10-27,18.18,18.49,18.05,18.43,6234336
2006-10-30,18.4,18.4,18.16,18.27,2534366
2006-10-31,18.27,18.27,18.13,18.21,1408437
2006-11-01,18.24,18.24,18.05,18.05,1835278
2006-11-02,17.94,18.07,17.91,18.05,3667820
2006-11-03,17.96,18.4,17.96,18.18,5229482
2006-11-06,18.13,18.4,18.13,18.29,3172575
2006-11-07,18.38,18.38,17.96,17.99,4089872
2006-11-08,17.88,18.21,17.88,18.21,2197819
2006-11-09,18.1,18.57,17.99,18.21,4143911
2006-11-10,18.21,18.38,18.16,18.16,1119772
2006-11-13,18.16,18.24,18.02,18.07,1717623
2006-11-14,18.21,18.29,18.18,18.29,1937884
2006-11-15,18.02,18.35,17.94,18.35,2200555
2006-11-16,18.24,18.24,18.05,18.1,2970099
2006-11-17,18.1,18.18,17.99,18.13,5516779
2006-11-20,18.1,18.1,17.55,17.55,3220458
2006-11-21,17.22,17.53,17.09,17.25,10816718
2006-11-22,17.2,17.33,17.11,17.11,11731963
2006-11-23,17.11,17.36,17.11,17.25,3746484
2006-11-24,17.25,17.31,16.95,17.11,11876979
2006-11-27,17.17,17.33,17.17,17.33,4029677
2006-11-28,17.42,17.61,17.33,17.5,6527789
2006-11-29,17.39,17.74,17.39,17.74,4905932
2006-11-30,17.74,17.88,17.64,17.74,2154724
2006-12-01,17.83,18.02,17.77,17.91,3524172
2006-12-04,17.91,18.02,17.8,17.83,3480393
2006-12-05,17.83,17.83,17.42,17.47,3591891
2006-12-06,17.47,17.85,17.47,17.83,3980426
2006-12-07,17.83,17.88,17.53,17.53,2823715
2006-12-08,17.85,17.85,17.22,17.33,5825965
2006-12-11,17.42,17.5,17.28,17.5,2935897
2006-12-12,17.44,17.53,17.39,17.42,2046646
2006-12-13,17.33,17.55,17.33,17.44,2598666
2006-12-14,17.33,17.72,17.33,17.58,2610295
2006-12-15,17.77,17.77,17.64,17.77,4007788
2006-12-18,17.72,17.74,17.61,17.66,2724529
2006-12-19,17.83,17.88,17.61,17.64,3666452
2006-12-20,17.72,17.94,17.72,17.83,2164301
2006-12-21,17.66,18.16,17.66,17.77,5716518
2006-12-22,17.77,17.83,17.69,17.77,1435115
2006-12-25,17.77,17.88,17.66,17.8,403583
2006-12-26,17.77,17.99,17.77,17.88,3137689
2006-12-27,17.99,18.24,17.99,18.1,5813894
2006-12-28,18.1,18.16,17.99,18.07,1124561102
2006-12-29,18.1,18.54,18.05,18.54,4609742
2007-01-02,18.49,18.49,18.24,18.32,1939936
2007-01-03,18.16,18.27,17.88,17.88,3435930
2007-01-04,17.88,17.88,17.8,17.88,2317526
2007-01-05,17.85,17.91,17.72,17.77,3074758
2007-01-08,17.66,17.83,17.55,17.8,3716387
2007-01-09,17.72,18.02,17.72,17.99,2920165
2007-01-10,17.74,17.74,17.47,17.66,6927953
2007-01-11,17.72,17.96,17.61,17.85,2058275
2007-01-12,17.99,17.99,17.83,17.85,4455833
2007-01-15,17.94,17.94,17.58,17.61,3942120
2007-01-16,17.61,17.77,17.61,17.66,2661598
2007-01-17,17.72,17.85,17.66,17.83,3515279
2007-01-18,17.83,17.88,17.61,17.72,1851011
2007-01-19,17.72,17.83,17.55,17.55,2144464
2007-01-22,17.55,17.61,17.44,17.53,2933161
2007-01-23,17.53,17.58,17.47,17.55,4023520
2007-01-24,17.72,17.74,17.55,17.72,3658927
2007-01-25,17.66,17.72,17.58,17.64,1662900
2007-01-26,17.55,17.74,17.55,17.58,4605638
2007-01-29,17.55,17.66,17.5,17.58,2795669
2007-01-30,17.58,17.66,17.44,17.5,6531894
2007-01-31,17.53,17.55,17.44,17.5,11362581
2007-02-01,17.5,17.53,17.44,17.5,4234889
2007-02-02,17.53,17.58,17.47,17.5,9110039
2007-02-05,17.5,17.5,17.39,17.47,5903945
2007-02-06,17.47,17.5,17.44,17.5,12309976
2007-02-07,17.5,17.61,17.5,17.53,4297136
2007-02-08,17.55,17.58,17.5,17.55,9371342
2007-02-09,17.55,17.83,17.53,17.72,15157633
2007-02-12,17.55,17.61,17.5,17.61,11203200
2007-02-13,17.55,17.72,17.5,17.72,7988214
2007-02-14,17.72,17.77,17.58,17.72,6329418
2007-02-26,17.72,17.91,17.69,17.83,6173457
2007-02-27,17.91,17.96,17.5,17.5,7317171
2007-03-01,17.5,17.55,17.36,17.42,10311896
2007-03-02,17.42,18.24,17.42,18.1,20585487
2007-03-05,17.94,18.87,17.83,18.38,36416900
2007-03-06,18.54,18.7,18.54,18.62,28524451
2007-03-07,18.65,18.65,18.13,18.21,27057186
2007-03-08,18.1,18.27,17.83,17.83,8096976
2007-03-09,17.83,18.24,17.83,18.18,9005381
2007-03-12,18.18,18.51,18.18,18.43,6118734
2007-03-13,18.46,18.76,18.46,18.68,6726845
2007-03-14,18.54,18.57,18.38,18.51,3293650
2007-03-15,18.76,19.47,18.7,19.25,12230628
2007-03-16,19.25,19.28,18.98,19.2,15979165
2007-03-19,19.14,19.25,19.12,19.2,3110328
2007-03-20,19.2,19.23,19.06,19.17,3052184
2007-03-21,19.2,19.2,18.92,19.17,1718991
2007-03-22,19.09,19.47,19.09,19.42,6021600
2007-03-23,19.42,19.53,19.31,19.5,7665347
2007-03-26,19.45,19.45,19.34,19.42,9787922
2007-03-27,19.39,19.45,19.36,19.39,4701404
2007-03-28,19.34,19.36,19.2,19.36,7196780
2007-03-29,19.36,19.5,19.25,19.47,4904563
2007-03-30,19.36,19.45,19.31,19.45,3593260
2007-04-02,19.42,19.83,19.42,19.64,5594759
2007-04-03,19.64,19.97,19.58,19.88,7380103
2007-04-04,20.08,20.35,20.05,20.3,10356359
2007-04-09,20.27,20.27,19.86,19.91,4154172
2007-04-10,20.02,20.24,19.91,20.24,4546811
2007-04-11,20.3,20.32,20.1,20.24,2470751
2007-04-12,20.24,20.43,20.16,20.41,1895473
2007-04-13,20.35,20.46,20.3,20.38,4972283
2007-04-16,20.3,20.46,20.27,20.38,1513779
2007-04-17,20.05,20.3,19.75,19.86,2353096
2007-04-18,19.99,20.16,19.91,19.99,2271011
2007-04-19,19.99,20.02,19.64,19.91,5862219
2007-04-20,19.83,19.83,19.56,19.72,3552217
2007-04-23,19.72,20.1,19.72,19.97,4977072
2007-04-24,19.2,19.86,19.2,19.75,2723161
2007-04-25,19.75,19.75,19.36,19.45,2334627
2007-04-26,19.45,19.61,19.36,19.36,1698470
2007-04-27,19.25,19.25,18.73,18.98,9822808
2007-04-30,19.01,19.14,18.76,18.98,2623291
2007-05-02,19.25,19.31,18.27,19.28,6300688
2007-05-03,19.31,19.75,19.31,19.69,9770821
2007-05-04,19.66,19.83,19.58,19.77,8904827
2007-05-07,19.86,19.91,19.47,19.91,2664334
2007-05-08,19.77,19.86,19.47,19.69,7917074
2007-05-09,19.69,20.16,19.64,20.13,3215670
2007-05-10,20.24,20.3,20.1,20.24,3390100
2007-05-11,19.75,20.19,19.58,19.75,3219774
2007-05-14,19.97,19.97,19.64,19.64,1549349
2007-05-15,19.47,19.56,19.31,19.39,1600652
2007-05-16,19.31,19.53,19.25,19.53,730554
2007-05-17,19.31,19.53,19.12,19.47,4985964
2007-05-18,19.23,19.31,18.81,18.92,5165183
2007-05-21,18.81,19.36,18.49,19.36,9428117
2007-05-22,19.31,19.75,19.14,19.64,4772544
2007-05-23,19.75,19.75,19.56,19.61,3679449
2007-05-24,19.36,19.69,19.25,19.69,1587655
2007-05-25,19.42,19.47,19.09,19.17,5069417
2007-05-28,19.09,19.28,18.98,19.06,3059709
2007-05-29,19.06,19.28,19.03,19.2,2689643
2007-05-30,19.2,19.31,18.98,19.31,2797037
2007-05-31,19.42,19.42,18.6,18.6,7153686
2007-06-01,18.95,19.2,18.92,18.95,2867494
2007-06-04,18.95,19.06,18.68,18.92,3988634
2007-06-05,19.09,19.09,18.81,18.81,6215183
2007-06-06,19.01,19.2,18.81,19.03,6163880
2007-06-07,19.31,19.47,19.2,19.42,7293914
2007-06-08,19.28,19.42,19.01,19.42,17631120
2007-06-11,19.31,19.58,19.25,19.58,8567595
2007-06-12,19.58,19.61,19.53,19.58,8653100
2007-06-13,19.58,20.02,19.58,19.91,8821374
2007-06-14,19.94,21.06,19.94,20.87,15850565
2007-06-15,20.9,21.12,20.9,21.01,6321893
2007-06-20,21.12,21.83,21.12,21.78,7235770
2007-06-21,22.05,23.07,21.94,22.65,10937109
2007-06-22,22.38,22.57,22.11,22.22,8734501
2007-06-25,21.83,22.11,21.67,21.67,22192980
2007-06-26,21.67,22.27,21.56,21.86,18369883
2007-06-27,21.61,21.83,21.5,21.67,10157988
2007-06-28,21.69,22.11,21.69,22.11,24329236
2007-06-29,22.05,22.08,21.86,22.08,9291993
2007-07-02,22.08,22.13,21.97,22.05,4363488
2007-07-03,22.05,22.22,21.94,21.94,7139321
2007-07-04,21.94,22.08,21.64,21.83,9807759
2007-07-05,21.83,21.94,21.61,21.67,2902380
2007-07-06,21.45,21.72,21.42,21.61,2178666
2007-07-09,21.72,22.22,21.72,22.11,2558308
2007-07-10,22.22,23.04,22.16,23.04,7591471
2007-07-11,23.04,23.04,22.46,22.71,5195964
2007-07-12,22.6,22.82,22.49,22.63,5135769
2007-07-13,22.87,22.98,22.68,22.98,4613847
2007-07-16,22.96,22.96,22.05,22.71,5525671
2007-07-17,22.71,23.34,22.43,23.34,9455479
2007-07-18,23.36,23.48,23.13,23.19,8206423
2007-07-19,23.04,23.71,23.04,23.65,7526487
2007-07-20,23.89,23.89,23.62,23.77,5077625
2007-07-23,23.95,23.95,23.6,23.95,3422934
2007-07-24,23.86,24.18,23.6,24.0,3635670
2007-07-25,23.65,23.68,22.89,23.36,8629159
2007-07-26,23.36,23.51,23.01,23.27,2909904
2007-07-27,22.31,22.95,21.67,21.84,8440364
2007-07-30,20.97,21.76,20.97,21.52,9210593
2007-07-31,21.78,22.78,21.55,22.78,6383457
2007-08-01,21.76,22.19,21.2,21.2,8821374
2007-08-02,21.55,22.19,21.46,22.19,4697983
2007-08-03,22.19,22.49,21.99,22.19,3166419
2007-08-06,21.9,22.49,21.73,22.31,2535734
2007-08-07,22.49,22.57,22.19,22.37,1184756
2007-08-08,22.84,23.54,22.84,23.1,3453715
2007-08-09,23.13,23.3,22.84,22.92,3758797
2007-08-10,22.84,22.92,21.73,21.9,8651048
2007-08-13,23.07,23.07,21.7,21.9,3815572
2007-08-14,22.14,22.49,21.84,22.31,2070587
2007-08-15,22.11,22.52,21.96,22.19,3162999
2007-08-16,21.38,22.22,21.26,21.96,4741762
2007-08-17,22.08,22.08,20.73,21.03,4052934
2007-08-20,21.9,21.9,21.41,21.9,3085018
2007-08-21,21.49,21.76,21.14,21.52,3706810
2007-08-22,21.49,21.49,21.14,21.2,4649417
2007-08-23,21.84,22.52,21.84,21.96,6209027
2007-08-24,22.89,22.89,22.28,22.57,4050882
2007-08-27,23.07,23.07,22.25,22.25,820847
2007-08-28,22.54,22.89,22.22,22.6,2112998
2007-08-29,22.05,23.07,21.99,22.98,4047462
2007-08-30,23.3,24.0,23.3,23.83,8487563
2007-08-31,23.95,24.53,23.83,24.53,4708244
2007-09-03,24.65,24.65,23.62,23.62,2286060
2007-09-04,23.92,24.0,23.39,23.39,975440
2007-09-05,24.18,24.18,23.62,23.68,3074073
2007-09-06,24.24,24.3,23.45,23.95,5026322
2007-09-07,23.83,23.83,23.22,23.57,5529776
2007-09-10,22.81,23.36,22.75,23.07,4749970
2007-09-11,23.36,23.54,23.07,23.54,1292150
2007-09-12,23.86,23.95,23.19,23.6,2605506
2007-09-13,23.8,23.83,23.3,23.48,1252476
2007-09-14,23.3,24.21,23.3,24.21,2673226
2007-09-17,24.21,24.21,23.36,23.62,3851826
2007-09-18,23.62,23.62,23.62,23.62,0
2007-09-19,24.09,24.24,23.83,23.95,6256910
2007-09-20,24.06,24.24,23.19,23.8,5315671
2007-09-21,23.54,24.44,23.54,24.41,5008537
2007-09-26,24.53,25.11,24.53,24.91,9763981
2007-09-27,24.94,25.58,24.56,25.58,4751339
2007-09-28,25.76,26.22,25.38,25.93,7354109
2007-10-01,25.41,25.93,25.41,25.49,2679383
2007-10-02,25.7,25.87,25.49,25.76,6148831
2007-10-03,25.7,26.46,25.46,25.99,10811245
2007-10-04,25.87,25.99,25.41,25.73,1930359
2007-10-05,25.46,25.7,24.68,24.91,2666386
2007-10-08,25.38,25.7,25.11,25.7,3618569
2007-10-09,25.52,25.52,25.0,25.2,1516515
2007-10-11,26.28,26.28,25.35,25.87,4403162
2007-10-12,26.05,26.05,25.29,25.41,3202673
2007-10-15,25.44,25.87,25.2,25.87,1558926
2007-10-16,25.7,25.76,25.29,25.7,1567134
2007-10-17,25.7,25.7,25.03,25.38,3437983
2007-10-18,25.29,25.52,24.76,25.38,1937884
2007-10-19,25.41,25.46,25.29,25.41,2279219
2007-10-22,24.35,25.11,23.92,24.91,4962023
2007-10-23,24.38,25.41,24.38,25.41,1425538
2007-10-24,25.41,25.44,25.11,25.17,891303
2007-10-25,25.41,25.84,25.29,25.38,4525605
2007-10-26,25.38,25.7,24.91,25.08,2461174
2007-10-29,25.32,25.64,25.0,25.11,7677660
2007-10-30,24.82,25.41,24.79,25.41,2464594
2007-10-31,24.82,25.41,24.82,25.35,5893685
2007-11-01,25.35,25.46,24.47,25.11,11058868
2007-11-02,24.35,25.06,24.0,24.0,9781082
2007-11-05,23.54,23.77,23.07,23.57,7104435
2007-11-06,24.24,25.2,23.62,25.11,9198964
2007-11-07,25.7,25.7,24.85,24.97,3539904
2007-11-08,24.53,25.38,24.53,25.38,6198766
2007-11-09,25.7,25.7,25.11,25.46,7941015
2007-11-12,25.41,25.41,24.76,25.11,4877886
2007-11-13,25.41,25.41,24.24,25.11,4802642
2007-11-14,25.23,25.23,24.82,25.11,4678830
2007-11-15,25.35,25.44,25.29,25.41,23890083
2007-11-16,24.82,25.2,24.53,24.85,3442771
2007-11-19,24.82,25.11,24.53,24.56,3908602
2007-11-20,24.56,24.82,24.38,24.82,3813520
2007-11-21,24.82,24.88,24.79,24.82,6147463
2007-11-22,24.91,25.58,24.79,25.11,2234757
2007-11-23,25.17,25.46,24.76,25.41,6041437
2007-11-26,25.52,26.46,25.52,26.4,5537300
2007-11-27,25.87,26.75,25.0,25.76,3566582
2007-11-28,25.99,26.22,25.49,25.81,5014694
2007-11-29,25.06,25.67,25.06,25.64,7119484
2007-11-30,25.64,25.64,25.46,25.46,9072417
2007-12-03,25.11,25.41,24.44,24.56,10332418
2007-12-04,24.56,24.59,23.92,24.44,16492194
2007-12-05,24.24,24.53,24.09,24.41,10097792
2007-12-06,24.53,25.06,24.38,25.06,8633947
2007-12-07,25.11,25.58,25.06,25.41,3022770
2007-12-10,25.64,25.64,25.06,25.11,16795908
2007-12-11,25.11,25.41,25.0,25.2,10043753
2007-12-12,24.56,25.11,24.56,24.79,2209447
2007-12-13,25.11,25.35,24.44,24.44,4585117
2007-12-14,24.24,24.41,23.89,24.24,11478184
2007-12-17,23.95,24.18,23.13,23.3,6393718
2007-12-18,23.3,23.98,23.3,23.51,8400006
2007-12-19,23.54,24.06,23.51,23.95,9400072
2007-12-20,23.95,24.0,23.51,23.65,12677989
2007-12-21,23.77,23.98,23.62,23.89,5590655
2007-12-24,24.47,24.47,24.12,24.47,1240163
2007-12-25,24.44,24.59,24.35,24.53,945342
2007-12-26,24.53,25.41,24.53,25.26,1930359
2007-12-27,25.11,25.64,24.79,25.26,2973520
2007-12-28,24.82,25.52,24.82,25.41,1714887
2007-12-31,25.41,25.58,25.17,25.41,1619805
2008-01-02,25.41,25.58,25.06,25.11,3818309
2008-01-03,25.11,25.61,25.11,25.23,4774596
2008-01-04,25.11,25.67,24.62,25.52,5683000
2008-01-07,25.08,25.81,25.03,25.41,8811114
2008-01-08,25.64,25.64,25.41,25.64,3414725
2008-01-09,25.64,26.57,25.58,26.57,10331050
2008-01-10,26.57,26.69,26.28,26.28,13825808
2008-01-11,25.41,26.34,25.41,26.25,6798669
2008-01-14,26.75,27.22,25.55,26.11,13935254
2008-01-15,26.63,26.98,26.08,26.4,10541050
2008-01-16,25.41,27.25,25.41,27.25,14175352
2008-01-17,27.45,27.8,27.1,27.33,10986360
2008-01-18,27.45,28.91,27.45,28.62,23457085
2008-01-21,28.03,28.33,27.39,27.83,7373946
2008-01-22,25.93,26.98,25.9,26.28,5175443
2008-01-23,27.45,27.68,26.87,27.63,11368054
2008-01-24,28.03,28.24,27.42,27.42,14299163
2008-01-25,27.3,27.86,26.69,27.16,13943463
2008-01-28,26.57,27.1,25.26,25.26,17412912
2008-01-29,25.7,25.87,25.26,25.87,28302822
2008-01-30,26.22,27.45,25.87,26.87,12937924
2008-01-31,26.87,27.04,26.63,26.87,19044346
2008-02-01,26.87,26.87,26.87,26.87,0
2008-02-12,26.87,26.87,26.87,26.87,0
2008-02-13,26.87,26.87,26.87,26.87,0
2008-02-14,26.87,26.87,26.87,26.87,0
2008-02-15,26.87,26.87,26.87,26.87,0
2008-02-18,26.87,26.87,26.87,26.87,0
2008-02-19,26.87,26.87,26.87,26.87,0
2008-02-20,25.75,25.75,24.55,24.68,16267500
2008-02-21,24.73,24.73,23.97,24.24,18189900
2008-02-22,23.88,24.06,23.79,23.93,12903300
2008-02-25,23.97,24.46,23.93,24.28,18885600
2008-02-26,24.06,24.28,23.93,24.06,22377600
2008-02-27,24.06,24.06,22.55,23.22,48013200
2008-02-29,23.22,23.75,22.33,23.26,40165200
2008-03-03,23.26,24.19,23.22,23.97,30091500
2008-03-04,24.06,25.61,24.06,25.61,19377000
2008-03-05,25.52,26.41,25.08,25.84,11988900
2008-03-06,25.92,26.68,25.88,26.63,11506500
2008-03-07,26.46,26.46,24.99,25.48,10895400
2008-03-10,24.68,25.52,24.68,25.17,4522500
2008-03-11,24.95,26.06,24.81,26.06,5812200
2008-03-12,26.19,26.23,25.21,25.75,5313600
2008-03-13,25.08,25.79,25.04,25.79,11737800
2008-03-14,25.52,25.52,24.77,24.86,5563800
2008-03-17,24.9,24.9,23.97,24.41,4391100
2008-03-18,24.19,24.59,23.97,24.06,3726000
2008-03-19,24.24,24.68,24.06,24.28,12501000
2008-03-20,24.06,24.55,23.75,24.24,9848700
2008-03-21,24.41,25.08,24.15,25.08,5974200
2008-03-24,25.97,26.28,25.52,26.19,15465600
2008-03-25,26.19,26.46,25.21,25.97,17404200
2008-03-26,25.3,26.01,25.3,26.01,12793500
2008-03-27,25.48,25.75,25.44,25.75,4690800
2008-03-28,25.3,26.01,25.3,25.75,13270500
2008-03-31,25.61,25.97,25.61,25.97,11811600
2008-04-01,26.19,26.77,25.97,26.01,11971800
2008-04-02,26.77,26.86,26.15,26.32,7610400
2008-04-03,25.97,26.1,25.57,25.88,7233300
2008-04-07,26.63,26.63,25.88,26.41,3754800
2008-04-08,26.41,26.41,25.3,25.3,6901200
2008-04-09,24.95,25.3,24.24,24.86,9203400
2008-04-10,24.86,25.75,24.64,25.75,4221900
2008-04-11,25.92,26.19,25.48,25.79,9175500
2008-04-14,25.97,26.06,25.39,25.97,4821300
2008-04-15,26.19,26.19,25.79,26.01,5143500
2008-04-16,26.19,26.28,26.06,26.28,4698000
2008-04-17,26.32,26.37,26.19,26.28,14209200
2008-04-18,26.19,26.28,25.88,26.19,9020700
2008-04-21,26.19,26.41,25.66,25.97,4839300
2008-04-22,25.97,26.01,25.57,25.7,2815200
2008-04-23,25.75,26.06,25.52,25.57,5215500
2008-04-24,25.75,25.92,25.3,25.48,3442500
2008-04-25,25.75,25.97,25.39,25.52,2084400
2008-04-28,25.61,26.1,25.61,25.84,9666900
2008-04-29,26.1,26.19,25.7,25.7,5251500
2008-04-30,25.66,25.79,25.57,25.75,3053700
2008-05-02,26.19,26.19,25.7,25.97,8017200
2008-05-05,25.92,26.01,24.99,25.52,3634200
2008-05-06,25.48,25.48,24.68,24.86,8860500
2008-05-07,24.86,25.04,24.64,24.73,4378500
2008-05-08,24.46,24.86,24.1,24.41,7494300
2008-05-09,24.64,24.64,24.24,24.41,6879600
2008-05-12,24.77,24.81,24.37,24.77,8989200
2008-05-13,24.95,24.99,24.46,24.77,7065900
2008-05-14,24.77,24.9,24.55,24.59,6194700
2008-05-15,24.64,24.81,24.59,24.64,8422200
2008-05-16,24.81,25.44,24.64,24.95,7845300
2008-05-19,25.12,25.75,25.12,25.75,4734900
2008-05-20,25.97,25.97,25.39,25.61,5221800
2008-05-21,25.57,25.75,25.04,25.7,3791700
2008-05-22,25.35,25.97,25.08,25.97,4693500
2008-05-23,25.84,26.01,25.52,25.52,5180400
2008-05-26,25.48,26.41,25.44,26.19,4028400
2008-05-27,26.23,26.23,25.75,25.79,4222800
2008-05-28,26.19,26.19,25.08,25.21,3925800
2008-05-29,24.86,25.39,24.86,25.08,6319800
2008-05-30,25.52,25.52,24.86,25.04,8525700
2008-06-02,24.86,25.08,24.73,24.86,3852000
2008-06-03,24.64,24.86,24.5,24.59,5853600
2008-06-04,24.86,25.08,24.64,24.95,3426300
2008-06-05,24.95,26.1,24.59,25.75,9885600
2008-06-06,25.97,25.97,25.26,25.26,1319400
2008-06-09,25.52,25.52,24.95,25.48,2029500
2008-06-10,25.75,25.75,24.9,25.08,3241800
2008-06-11,25.3,25.39,25.08,25.21,5148000
2008-06-12,24.9,25.21,24.59,24.95,7080300
2008-06-13,25.52,25.52,24.24,24.5,9387900
2008-06-16,24.5,24.59,24.41,24.41,4706100
2008-06-17,24.77,25.44,24.41,25.08,3855600
2008-06-18,25.26,25.52,24.86,24.9,3924900
2008-06-19,24.68,24.77,24.41,24.55,4073400
2008-06-20,24.68,24.73,24.41,24.41,4942800
2008-06-23,24.19,25.12,24.19,24.86,4533300
2008-06-24,24.99,25.35,24.86,24.86,4123800
2008-06-25,24.86,25.3,24.77,24.86,4733100
2008-06-26,24.99,24.99,24.5,24.64,4766400
2008-06-27,24.06,24.64,23.88,23.97,15251400
2008-06-30,24.41,25.08,24.33,25.08,10438200
2008-07-01,25.01,25.01,24.08,24.36,13044600
2008-07-02,24.17,24.54,23.94,23.94,5866200
2008-07-03,23.98,24.36,23.75,23.98,5041800
2008-07-04,24.08,24.12,23.52,23.52,5752800
2008-07-07,23.47,23.94,23.33,23.85,2066400
2008-07-08,23.71,23.71,23.38,23.66,4959900
2008-07-09,23.71,25.15,23.66,24.78,7052400
2008-07-10,24.68,25.29,24.68,25.1,5735700
2008-07-11,25.33,25.57,25.1,25.33,7234200
2008-07-14,25.1,25.43,24.87,25.1,4782600
2008-07-15,25.1,25.33,24.5,25.15,8503200
2008-07-16,25.15,25.57,25.01,25.29,4831200
2008-07-17,25.29,25.7,24.73,25.38,4810500
2008-07-18,25.47,25.7,24.78,25.47,4237200
2008-07-21,25.47,26.26,25.47,25.57,4044600
2008-07-22,25.57,25.61,25.33,25.33,3808800
2008-07-23,25.33,26.08,24.91,26.03,7663500
2008-07-24,26.03,26.17,25.43,25.8,3647700
2008-07-25,25.8,26.12,25.66,25.94,2731500
2008-07-28,25.94,25.94,25.94,25.94,0
2008-07-29,26.26,26.5,25.43,26.36,4841100
2008-07-30,26.73,26.73,26.22,26.36,8877600
2008-07-31,26.17,26.4,25.66,25.7,7908300
2008-08-01,25.7,26.36,25.7,26.26,2187900
2008-08-04,26.26,26.36,25.75,26.26,2533500
2008-08-05,26.5,26.5,26.03,26.26,5567400
2008-08-06,26.45,26.73,26.36,26.73,7001100
2008-08-07,26.5,26.59,25.84,26.12,5211000
2008-08-08,26.36,27.01,26.31,26.73,6554700
2008-08-11,26.73,26.73,26.5,26.63,1585800
2008-08-12,26.63,26.63,26.26,26.4,3173400
2008-08-13,26.4,26.5,26.03,26.08,9921600
2008-08-14,26.36,26.36,25.98,26.08,1839600
2008-08-15,26.26,26.31,25.66,26.03,2955600
2008-08-18,26.03,26.26,25.84,26.17,4031100
2008-08-19,26.08,26.08,25.61,25.8,7462800
2008-08-20,25.7,25.7,25.19,25.33,8142300
2008-08-21,25.19,25.61,24.96,25.33,3721500
2008-08-22,25.7,25.7,25.1,25.38,2766600
2008-08-25,25.8,26.45,25.7,26.45,3213900
2008-08-26,25.84,26.36,25.7,26.26,2371500
2008-08-27,26.08,26.4,25.89,26.26,4738500
2008-08-28,26.08,26.31,25.84,26.08,6566400
2008-08-29,27.05,27.05,26.17,26.36,4992300
2008-09-01,26.45,26.54,25.66,26.36,5337900
2008-09-02,26.45,26.45,25.94,26.4,3616200
2008-09-03,26.4,26.45,25.24,25.94,5142600
2008-09-04,25.98,26.03,25.29,25.47,4571100
2008-09-05,25.29,25.47,25.1,25.1,3979800
2008-09-08,25.43,25.75,25.19,25.57,6922800
2008-09-09,25.24,26.08,25.19,25.8,9554400
2008-09-10,26.03,26.26,25.57,26.03,6266700
2008-09-11,26.4,26.4,25.66,25.98,6908400
2008-09-12,25.8,26.03,25.38,25.38,5837400
2008-09-15,25.38,25.38,24.4,24.78,3393000
2008-09-16,23.71,24.68,23.71,24.17,8636400
2008-09-17,25.29,25.29,23.98,24.26,8087400
2008-09-18,24.12,24.31,23.61,24.08,13737600
2008-09-19,25.24,25.57,24.12,24.64,9959400
2008-09-22,25.29,25.29,24.08,24.26,5246100
2008-09-23,24.64,24.64,24.08,24.17,4402800
2008-09-24,24.17,24.31,23.8,24.12,3350700
2008-09-25,24.08,24.36,24.08,24.17,7106400
2008-09-26,24.22,24.31,23.47,23.66,11622600
2008-09-29,23.66,23.66,23.66,23.66,0
2008-09-30,22.64,24.08,22.64,23.71,12708900
2008-10-01,24.17,24.45,23.17,23.94,9559800
2008-10-02,24.22,24.87,23.98,24.12,10321200
2008-10-03,24.08,24.4,23.8,23.98,9174600
2008-10-06,23.33,23.85,23.06,23.13,14931900
2008-10-07,22.92,24.59,22.92,24.17,9719100
2008-10-08,24.08,24.73,23.71,23.85,11754900
2008-10-09,22.78,23.94,22.78,23.71,9311400
2008-10-13,22.89,23.43,22.89,22.89,3634200
2008-10-14,22.31,22.89,22.1,22.1,8244900
2008-10-15,21.34,21.34,21.34,21.34,7647300
2008-10-16,20.59,20.59,20.59,20.59,1895400
2008-10-17,19.87,19.87,19.87,19.87,10499400
2008-10-20,19.2,19.87,19.2,19.87,10801800
2008-10-21,19.76,20.08,19.66,19.92,11708100
2008-10-22,19.89,21.27,19.8,20.68,11671200
2008-10-23,20.45,21.01,20.22,20.92,6268500
2008-10-24,20.27,21.61,20.27,20.94,10575900
2008-10-27,20.03,21.1,19.99,21.1,5382900
2008-10-28,20.48,21.13,19.64,21.1,10664100
2008-10-29,21.1,21.61,20.5,21.1,9632700
2008-10-30,20.5,21.61,20.5,21.1,8269200
2008-10-31,21.15,21.43,20.45,21.24,9079200
2008-11-03,21.1,21.1,20.52,20.55,8944200
2008-11-04,20.66,20.94,20.55,20.68,7528500
2008-11-05,20.66,20.73,19.66,19.66,16261200
2008-11-06,18.64,19.69,18.62,19.52,11522700
2008-11-07,19.43,19.76,18.83,19.52,7132500
2008-11-10,19.76,20.22,19.52,19.8,6807600
2008-11-11,19.76,20.13,19.52,19.69,3509100
2008-11-12,19.71,20.1,19.71,19.78,4854600
2008-11-13,19.57,20.52,19.57,20.41,9750600
2008-11-14,20.59,21.06,20.17,20.8,6635700
2008-11-17,20.89,22.24,20.87,22.22,9835200
2008-11-18,21.94,22.33,21.57,22.22,5944500
2008-11-19,21.61,22.92,21.47,22.22,9093600
2008-11-20,22.1,22.68,21.94,21.99,6821100000
2008-11-21,21.99,23.47,21.66,22.54,6934500000
2008-11-24,22.87,23.71,22.57,22.92,4597200
2008-11-25,23.19,24.17,23.19,23.85,15072300
2008-11-26,24.17,24.17,22.87,23.85,15462900
2008-11-27,23.61,23.75,22.92,23.38,14033700
2008-11-28,23.24,23.33,22.64,23.01,10945800
2008-12-01,22.57,23.08,22.17,22.17,9699300
2008-12-02,21.61,22.22,21.47,22.17,5477400
2008-12-03,22.54,22.57,21.85,22.08,6936300
2008-12-04,22.31,22.31,22.08,22.08,6804900000
2008-12-05,21.64,22.13,21.64,22.06,6956100
2008-12-08,22.31,23.01,22.22,22.68,11932200
2008-12-09,23.01,23.01,21.99,22.5,7241400
2008-12-10,22.4,22.5,22.22,22.38,8156700
2008-12-11,22.4,22.45,21.75,21.85,13305600
2008-12-12,21.43,21.66,20.34,21.38,18957600
2008-12-15,21.38,21.43,20.59,20.92,12642300
2008-12-16,20.68,20.99,20.45,20.92,11631600
2008-12-17,20.92,21.5,20.87,21.41,19527300
2008-12-18,21.52,21.85,21.45,21.85,6695100
2008-12-19,21.94,21.94,21.94,21.94,10378800000
2008-12-22,22.08,22.08,20.92,20.96,4566600
2008-12-23,20.96,21.43,20.96,21.17,5094000
2008-12-24,21.13,21.78,20.96,21.61,6101100
2008-12-25,21.71,21.89,21.52,21.75,2172600
2008-12-26,21.75,21.94,21.64,21.66,1703700
2008-12-29,21.85,22.08,21.59,22.08,3105900
2008-12-30,22.08,22.64,22.08,22.61,6112800
2008-12-31,22.64,22.71,22.15,22.64,4653900
2009-01-02,22.64,22.64,22.64,22.64,0
2009-01-05,22.64,22.78,21.66,21.82,5058000
2009-01-06,21.43,21.5,21.06,21.15,10191600
2009-01-07,20.92,21.2,20.89,21.13,13912200
2009-01-08,21.13,21.13,20.75,20.82,8280000
2009-01-09,20.71,21.2,20.71,20.92,3470400
2009-01-12,21.54,21.85,21.34,21.41,7676100
2009-01-13,21.41,21.82,20.82,21.82,10373400
2009-01-14,21.66,21.75,21.36,21.52,5576400
2009-01-15,20.92,21.1,20.82,20.94,6910200
2009-01-16,20.94,21.1,20.87,21.03,5756400
2009-01-19,21.2,21.75,21.1,21.68,6443100
2009-01-20,21.47,21.71,21.36,21.59,5945400
2009-01-21,21.59,22.1,21.54,21.85,9045900
2009-02-02,21.41,21.41,20.85,20.89,14978700
2009-02-03,20.89,21.1,20.89,20.92,10099800
2009-02-04,21.06,22.2,20.89,20.94,8685000
2009-02-05,20.8,20.87,20.57,20.59,10934100
2009-02-06,20.75,21.08,20.68,21.01,7468200
2009-02-09,21.1,21.2,20.82,20.92,4817700
2009-02-10,21.1,21.1,20.87,20.89,5367600
2009-02-11,20.89,21.1,20.89,21.1,4702500
2009-02-12,21.15,21.15,20.96,20.99,6429600
2009-02-13,20.99,21.2,20.99,21.17,6507000
2009-02-16,21.38,21.43,21.1,21.1,3685500
2009-02-17,21.13,21.13,20.92,21.1,3709800
2009-02-18,21.1,21.24,20.99,21.13,8113500
2009-02-19,21.01,21.29,20.94,21.29,6833700
2009-02-20,21.01,21.17,20.99,21.01,6317100
2009-02-23,20.96,21.15,20.96,20.96,8425800
2009-02-24,20.96,21.01,20.92,20.96,5065200
2009-02-25,21.1,21.47,21.08,21.24,4118400
2009-02-26,21.43,21.43,21.17,21.38,3113100
2009-02-27,21.24,21.52,21.17,21.2,6573600
2009-03-02,21.27,21.52,20.99,21.43,5133600
2009-03-03,21.38,22.45,21.27,22.03,16966800
2009-03-04,22.27,22.27,21.89,22.08,4520700
2009-03-05,22.17,22.22,21.66,21.99,7205400
2009-03-06,22.5,22.57,22.2,22.31,11776500
2009-03-09,22.5,22.68,22.17,22.31,6291900
2009-03-10,22.54,22.78,22.24,22.78,6473700
2009-03-11,22.87,22.99,22.68,22.78,7136100
2009-03-12,22.78,22.8,22.45,22.52,7616700
2009-03-13,22.59,22.61,22.33,22.45,11722500
2009-03-16,22.45,22.71,22.36,22.54,19829700
2009-03-17,22.45,22.61,22.4,22.57,19647900
2009-03-18,22.54,22.96,22.5,22.78,20342700
2009-03-19,22.78,23.47,22.73,23.22,16304400
2009-03-20,23.24,23.33,22.87,23.24,17042400
2009-03-23,23.24,23.43,23.01,23.24,9697500
2009-03-24,23.24,23.57,23.22,23.29,14014800
2009-03-25,23.24,23.47,23.22,23.38,9010800
2009-03-26,23.29,23.43,23.19,23.24,12923100
2009-03-27,23.24,23.43,23.22,23.24,10692000
2009-03-30,23.24,23.24,22.73,22.78,6836400
2009-03-31,22.78,22.94,22.78,22.85,5647500
2009-04-02,22.31,22.68,22.31,22.57,26121600
2009-04-03,22.57,23.1,22.5,22.94,20603700
2009-04-06,23.01,23.33,23.01,23.22,19545300
2009-04-07,23.01,23.29,23.01,23.15,9779400
2009-04-08,22.78,22.99,22.78,22.89,19681200
2009-04-09,22.78,23.29,22.78,23.29,15433200
2009-04-10,23.52,23.52,23.19,23.38,4489200
2009-04-13,23.47,23.57,23.22,23.38,6453900
2009-04-14,23.24,23.29,23.03,23.29,9755100
2009-04-15,23.24,23.29,23.01,23.29,11343600
2009-04-16,23.33,23.47,23.15,23.43,9232200
2009-04-17,23.43,23.43,23.01,23.13,16840800
2009-04-20,23.13,23.33,23.01,23.22,8451000
2009-04-21,22.82,23.38,22.82,23.38,8628300
2009-04-22,23.29,23.29,23.01,23.03,8438400
2009-04-23,23.03,23.29,22.87,23.1,8905500
2009-04-24,23.24,23.29,23.15,23.24,9501300
2009-04-27,23.15,23.29,22.89,23.08,7467300
2009-04-28,23.01,23.29,22.82,22.87,7380900
2009-04-29,22.87,23.29,22.87,23.24,10069200
2009-04-30,24.87,24.87,23.94,24.22,31044600
2009-05-04,24.54,24.78,24.26,24.64,13726800
2009-05-05,24.64,24.64,23.94,24.64,12792600
2009-05-06,24.59,24.87,24.54,24.87,9418500
2009-05-07,24.4,24.82,24.31,24.68,10546200
2009-05-08,24.31,24.87,24.22,24.45,11082600
2009-05-11,24.64,24.68,24.31,24.68,5513400
2009-05-12,24.5,24.78,24.31,24.78,8205300
2009-05-13,24.78,24.87,24.45,24.59,4184100
2009-05-14,24.5,24.54,23.89,23.94,6760800
2009-05-15,24.26,24.64,23.94,24.4,8239500
2009-05-18,24.59,24.87,24.22,24.87,9263700
2009-05-19,25.1,25.61,25.05,25.57,15605100
2009-05-20,25.8,26.12,25.38,26.03,9556200
2009-05-21,26.03,26.03,25.33,25.38,4917600
2009-05-22,25.1,25.33,25.05,25.1,4739400
2009-05-25,25.47,25.8,25.33,25.47,4594500
2009-05-26,25.57,26.54,25.57,26.5,11805300
2009-05-27,26.45,26.91,26.08,26.87,6969600
2009-06-01,26.96,27.05,26.31,26.5,7011000
2009-06-02,26.77,26.77,26.31,26.54,10058400
2009-06-03,26.63,26.63,26.26,26.45,6642000
2009-06-04,26.5,26.5,25.7,26.22,9213300
2009-06-05,25.61,26.5,25.61,26.5,5135400
2009-06-08,26.45,26.45,25.61,25.75,6294600
2009-06-09,25.8,26.5,25.7,26.45,10888200
2009-06-10,26.5,26.77,26.4,26.77,5186700
2009-06-11,26.77,26.77,26.12,26.4,5533200
2009-06-12,26.5,26.68,26.22,26.45,6033600
2009-06-15,26.26,26.54,26.03,26.5,4098600
2009-06-16,26.5,26.54,26.12,26.36,4496400
2009-06-17,26.36,26.36,25.84,25.84,4229100
2009-06-18,25.8,25.94,25.43,25.43,5449500
2009-06-19,25.43,25.61,25.33,25.52,5912100
2009-06-22,25.94,25.94,25.43,25.61,7991100
2009-06-23,25.38,25.43,25.19,25.29,12153600
2009-06-24,25.24,26.54,25.15,25.8,11733300
2009-06-25,26.03,26.17,25.66,25.98,5824800
2009-06-26,25.98,25.98,25.52,25.66,9396000
2009-06-29,26.03,26.03,25.66,25.66,8659800
2009-06-30,26.03,26.03,25.8,26.03,9220500
2009-07-01,26.17,26.87,26.08,26.82,13037400
2009-07-02,26.96,26.96,26.36,26.5,11239200
2009-07-03,26.5,26.77,26.5,26.68,15669900
2009-07-06,26.62,26.62,26.07,26.32,12304800
2009-07-07,26.47,26.47,26.12,26.37,4933800
2009-07-08,26.22,26.37,26.12,26.37,6460200
2009-07-09,26.27,26.42,26.07,26.07,9117900
2009-07-10,26.32,26.42,26.12,26.42,5867100
2009-07-13,26.62,26.67,26.22,26.42,7671600
2009-07-14,26.52,26.62,26.27,26.32,2793600
2009-07-15,26.32,26.42,26.22,26.27,5757300
2009-07-16,26.57,26.57,26.22,26.22,3369600
2009-07-17,26.37,26.57,26.27,26.57,4457700
2009-07-20,26.32,26.73,26.32,26.62,3755700
2009-07-21,26.37,26.62,26.37,26.42,3430800
2009-07-22,26.42,26.57,26.32,26.37,3448800
2009-07-23,26.52,26.52,26.32,26.52,4814100
2009-07-24,26.52,26.52,26.22,26.22,6653700
2009-07-27,26.32,26.52,26.22,26.32,4917600
2009-07-28,26.12,26.32,25.81,25.81,27384300
2009-07-29,25.81,25.86,25.46,25.56,13985100
2009-07-30,25.46,25.71,25.31,25.51,9000000
2009-07-31,25.76,25.76,25.31,25.41,20458800
2009-08-03,25.41,25.66,25.36,25.56,8095500
2009-08-04,25.76,25.76,25.21,25.31,11853900
2009-08-05,25.31,25.46,25.26,25.26,7824600
2009-08-06,25.31,25.51,25.26,25.51,3377700
2009-08-07,25.51,25.51,25.51,25.51,0
2009-08-10,25.31,25.66,25.28,25.41,14141700
2009-08-11,25.56,25.61,25.28,25.31,9500400
2009-08-12,25.46,25.51,25.31,25.36,4160700
2009-08-13,25.56,26.17,25.41,26.12,21368700
2009-08-14,26.22,26.37,26.17,26.32,18446400
2009-08-17,26.32,26.37,25.92,26.07,5310000
2009-08-18,25.81,25.97,25.36,25.56,5243400
2009-08-19,25.76,25.81,25.61,25.81,2750400
2009-08-20,25.81,26.02,25.51,25.97,2325600
2009-08-21,25.97,25.97,25.46,25.66,3390300
2009-08-24,25.92,25.92,25.56,25.56,5204700
2009-08-25,25.46,25.71,25.41,25.61,2803500
2009-08-26,25.71,25.81,25.56,25.76,8407800
2009-08-27,25.76,25.86,25.46,25.61,14675400
2009-08-28,25.66,25.86,25.56,25.86,11439900
2009-08-31,25.92,26.22,25.71,26.17,16443900
2009-09-01,26.12,26.32,25.97,26.17,5062500
2009-09-02,26.22,26.27,25.92,25.92,4985100
2009-09-03,25.92,26.17,25.86,25.86,5346900
2009-09-04,26.22,26.27,25.92,26.27,4833900
2009-09-07,26.32,26.32,26.07,26.12,5932800
2009-09-08,26.27,26.32,26.07,26.32,6468300
2009-09-09,26.32,26.32,26.12,26.17,3034800
2009-09-10,27.08,27.23,26.22,26.22,10792800
2009-09-11,26.57,26.57,26.17,26.22,6918300
2009-09-14,26.27,26.42,26.07,26.32,4437000
2009-09-15,26.32,26.37,26.17,26.27,5337000
2009-09-16,26.57,26.67,26.42,26.57,7184700
2009-09-17,27.08,28.34,27.08,28.34,28998000
2009-09-18,28.34,28.34,27.84,28.14,10035000
2009-09-21,28.14,28.24,27.89,27.94,3629700
2009-09-22,27.94,27.94,27.53,27.74,5345100
2009-09-23,27.89,28.85,27.84,28.7,15485400
2009-09-24,28.65,28.95,28.55,28.85,10681200
2009-09-25,29.1,30.57,28.95,30.02,27072000
2009-09-28,29.61,30.67,29.61,30.17,28178100
2009-09-29,30.17,30.57,29.81,30.17,18598500
2009-09-30,29.86,30.22,29.81,30.12,5845500
2009-10-01,30.22,30.47,29.66,29.81,4384800
2009-10-02,29.41,29.76,29.41,29.61,6381000
2009-10-05,29.36,29.36,28.7,29.36,7548300
2009-10-06,29.56,30.17,28.85,30.02,10930500
2009-10-07,30.37,30.47,30.02,30.27,8687700
2009-10-08,30.37,30.42,30.17,30.22,6192000
2009-10-09,30.22,30.47,30.07,30.47,4921200
2009-10-12,30.37,30.42,30.07,30.22,2855700
2009-10-13,29.71,30.22,29.51,30.07,3276900
2009-10-14,29.86,30.12,29.81,30.02,2989800
2009-10-15,30.02,30.37,29.91,30.37,4761900
2009-10-16,30.32,30.37,29.86,29.96,3848400
2009-10-19,29.86,30.32,29.76,30.32,12623400
2009-10-20,30.32,30.32,29.66,30.32,11044800
2009-10-21,30.22,30.22,29.86,30.12,10494900
2009-10-22,29.86,30.17,29.81,30.17,12052800
2009-10-23,30.17,30.17,29.51,29.56,12689100
2009-10-26,29.36,29.76,29.36,29.76,12147300
2009-10-27,29.46,30.07,29.41,29.96,2911500
2009-10-28,29.96,30.27,29.66,30.12,4658400
2009-10-29,30.12,30.12,29.56,29.61,3586500
2009-10-30,29.86,29.86,29.46,29.61,5499900
2009-11-02,29.41,29.66,29.41,29.51,3284100
2009-11-03,29.61,30.02,29.36,30.02,3789000
2009-11-04,30.12,30.37,30.02,30.32,3490200
2009-11-05,30.37,30.37,30.12,30.22,4094100
2009-11-06,30.27,30.37,30.12,30.27,3105900
2009-11-09,30.37,30.47,30.27,30.47,2056500
2009-11-10,30.47,30.52,29.91,30.27,2482200
2009-11-11,30.27,31.13,30.22,31.08,6164100
2009-11-12,31.03,31.03,30.47,30.82,3722400
2009-11-13,30.77,31.03,30.67,30.77,2539800
2009-11-16,30.67,30.88,30.57,30.88,3015900
2009-11-17,31.08,31.38,30.72,30.77,3607200
2009-11-18,30.77,31.63,30.72,31.23,5178600
2009-11-19,31.23,31.23,30.32,30.52,5902200
2009-11-20,30.37,30.82,30.32,30.57,6660000
2009-11-23,30.37,30.62,30.32,30.62,7425000
2009-11-24,30.62,30.72,30.42,30.62,13207500
2009-11-25,30.57,30.62,30.42,30.62,13230900
2009-11-26,30.42,30.93,30.42,30.62,12024900
2009-11-27,30.37,30.93,30.37,30.37,4746600
2009-11-30,30.52,30.82,30.42,30.62,10197900
2009-12-01,30.42,30.93,30.27,30.82,4279500
2009-12-02,31.03,31.08,30.82,30.98,5812200
2009-12-03,30.52,30.82,30.37,30.62,3825000
2009-12-04,30.37,30.57,30.12,30.12,6116400
2009-12-07,30.17,30.47,30.12,30.32,3511800
2009-12-08,30.37,30.37,29.81,30.12,6182100
2009-12-09,30.17,30.32,29.86,30.32,6155100
2009-12-10,29.96,30.27,29.71,30.12,6398100
2009-12-11,30.12,30.32,29.96,30.32,2532600
2009-12-14,30.22,30.57,30.22,30.57,10044000
2009-12-15,30.77,30.82,30.42,30.82,10695600
2009-12-16,30.52,30.82,30.17,30.62,8511300
2009-12-17,30.67,30.88,30.62,30.88,3235500
2009-12-18,30.88,31.03,30.77,31.03,2443500
2009-12-21,31.03,31.03,30.82,30.93,2170800
2009-12-22,30.93,31.03,30.42,30.88,6694200
2009-12-23,30.88,30.93,30.52,30.82,10389600
2009-12-24,30.82,31.13,30.67,31.13,10797300
2009-12-25,31.23,31.38,31.18,31.33,6394500
2009-12-28,31.38,31.53,31.28,31.28,5952600
2009-12-29,31.28,31.43,31.23,31.33,9255600
2009-12-30,31.53,31.58,31.33,31.58,10831500
2009-12-31,31.63,31.63,31.48,31.58,10073700
2010-01-04,31.63,31.79,31.18,31.74,2652300
2010-01-05,31.79,31.79,31.48,31.79,1839600
2010-01-06,31.79,31.79,31.08,31.63,3699900
2010-01-07,31.28,31.38,30.42,30.67,6233400
2010-01-08,30.67,31.18,30.37,30.67,5726700
2010-01-11,30.67,31.08,30.62,31.08,2241900
2010-01-12,31.08,31.33,30.82,31.33,2612700
2010-01-13,31.13,31.23,30.93,30.93,3709800
2010-01-14,31.38,31.38,31.03,31.13,1958400
2010-01-15,31.13,31.53,30.88,31.53,3133800
2010-01-18,31.38,31.84,31.28,31.53,3425400
2010-01-19,31.79,31.79,31.33,31.63,2395800
2010-01-20,31.33,31.63,31.28,31.38,3237300
2010-01-21,31.38,31.79,31.28,31.69,3652200
2010-01-22,31.23,31.58,31.23,31.33,3552300
2010-01-25,31.13,31.53,31.08,31.28,2571300
2010-01-26,31.48,31.48,30.57,30.88,5639400
2010-01-27,30.77,31.63,30.62,31.23,5543100
2010-01-28,31.63,31.63,30.72,30.72,4049100
2010-01-29,30.72,31.38,30.52,31.33,8424000
2010-02-01,31.28,31.28,30.47,30.82,4578300
2010-02-02,30.82,31.03,30.37,30.52,5292900
2010-02-03,30.62,30.98,30.57,30.88,4723200
2010-02-04,30.77,31.33,30.62,31.28,4618800
2010-02-05,30.82,31.28,30.67,30.88,5040000
2010-02-08,31.23,31.23,30.42,30.52,4888800
2010-02-09,30.47,30.62,30.12,30.37,8473500
2010-02-10,30.37,30.37,30.02,30.37,5227200
2010-02-22,30.67,30.67,29.81,30.02,9646200
2010-02-23,30.32,30.32,29.96,30.27,2609100
2010-02-24,30.17,30.37,30.07,30.17,2954700
2010-02-25,30.17,30.47,30.12,30.27,4566600
2010-02-26,30.12,30.47,30.12,30.42,2056500
2010-03-01,30.57,31.08,30.47,30.57,5571900
2010-03-02,30.72,31.08,30.62,31.08,4934700
2010-03-03,31.08,31.08,30.47,30.62,3057300
2010-03-04,30.47,30.52,30.12,30.22,5162400
2010-03-05,30.37,30.67,30.22,30.57,2450700
2010-03-08,30.72,30.77,30.32,30.42,2944800
2010-03-09,30.72,30.82,30.37,30.67,4753800
2010-03-10,30.77,30.77,30.47,30.62,2520900
2010-03-11,30.62,30.67,30.32,30.37,4309200
2010-03-12,30.57,30.62,30.32,30.52,3860100
2010-03-15,30.52,30.57,30.37,30.57,5174100
2010-03-16,30.47,30.47,30.32,30.37,3674700
2010-03-17,30.62,30.62,30.32,30.57,6688800
2010-03-18,30.37,30.57,30.32,30.52,5976900
2010-03-19,30.52,30.82,30.42,30.77,6420600
2010-03-22,30.77,30.77,30.52,30.67,5401800
2010-03-23,30.67,30.67,30.47,30.57,4280400
2010-03-24,30.62,30.93,30.52,30.88,7899300
2010-03-25,30.52,30.72,30.47,30.62,4424400
2010-03-26,30.37,30.72,30.27,30.57,5939100
2010-03-29,30.62,30.67,30.47,30.57,3647700
2010-03-30,30.57,30.57,30.37,30.47,6011100
2010-03-31,30.67,30.67,30.27,30.27,7034400
2010-04-01,30.52,30.57,30.22,30.32,7800300
2010-04-02,30.52,30.52,30.27,30.42,3761100
2010-04-06,30.57,30.57,30.37,30.37,3820500
2010-04-07,30.37,30.42,30.27,30.37,3969000
2010-04-08,30.37,30.52,30.22,30.37,5414400
2010-04-09,30.32,30.37,30.22,30.27,2069100
2010-04-12,30.37,30.67,30.22,30.62,6472800
2010-04-13,30.52,30.62,30.37,30.62,4483800
2010-04-14,30.62,30.62,30.37,30.37,2716200
2010-04-15,30.42,30.62,30.32,30.52,2789100
2010-04-16,30.52,30.52,30.37,30.52,4672800
2010-04-19,30.32,30.52,30.32,30.42,3222000
2010-04-20,30.52,30.52,30.27,30.42,2619000
2010-04-21,30.42,30.42,30.27,30.37,2771100
2010-04-22,30.27,30.32,29.71,29.76,10044000
2010-04-23,29.76,29.81,29.61,29.76,6523200
2010-04-26,29.76,30.17,29.76,30.17,3963600
2010-04-27,30.17,30.22,30.07,30.17,2934900
2010-04-28,29.81,30.22,29.81,30.02,5639400
2010-04-29,30.07,30.07,29.86,29.96,4883400
2010-04-30,30.12,30.82,30.12,30.47,17709300
2010-05-03,30.27,30.37,30.12,30.22,8368200
2010-05-04,30.22,30.52,30.12,30.42,8171100
2010-05-05,30.12,30.47,30.02,30.42,10102500
2010-05-06,30.32,30.52,30.17,30.27,11913300
2010-05-07,30.07,30.32,30.07,30.12,9499500
2010-05-10,30.17,30.47,30.12,30.37,7013700
2010-05-11,30.27,30.32,30.17,30.17,8559000
2010-05-12,30.17,30.37,30.17,30.17,4737600
2010-05-13,30.37,30.52,30.27,30.42,3121200
2010-05-14,30.27,30.52,30.22,30.37,4574700
2010-05-17,30.37,30.52,30.32,30.47,5287500
2010-05-18,30.47,30.62,30.42,30.57,3942000
2010-05-19,30.47,30.67,30.37,30.62,3097800
2010-05-20,30.62,30.62,30.42,30.47,2533500
2010-05-21,30.32,30.72,30.27,30.57,4714200
2010-05-24,30.57,30.88,30.42,30.67,2367000
2010-05-25,30.62,30.88,30.47,30.72,4745700
2010-05-26,30.72,30.72,30.57,30.62,4186800
2010-05-27,30.98,30.98,30.52,30.57,2337300
2010-05-28,30.57,30.82,30.57,30.72,3884400
2010-05-31,30.82,30.98,30.67,30.98,3652200
2010-06-01,30.98,31.13,30.57,30.67,3320100
2010-06-02,30.93,30.93,30.57,30.67,4726800
2010-06-03,30.93,31.13,30.77,31.08,3767400
2010-06-04,31.33,31.38,31.13,31.28,2688300
2010-06-07,30.77,31.63,30.77,31.43,6998400
2010-06-08,31.38,31.53,31.13,31.48,4356900
2010-06-09,31.33,31.33,31.18,31.28,5985000
2010-06-10,31.28,31.74,31.23,31.69,4815900
2010-06-11,31.69,32.55,31.69,32.5,7297200
2010-06-14,32.44,32.55,32.34,32.39,3879900
2010-06-15,32.39,32.5,32.29,32.29,4214700
2010-06-17,32.39,33.0,32.14,32.85,8109000
2010-06-18,32.85,32.95,32.7,32.9,4944600
2010-06-21,33.1,33.41,33.0,33.41,9592200
2010-06-22,33.41,33.41,33.15,33.31,6083100
2010-06-23,33.2,33.2,32.85,33.0,7980300
2010-06-24,32.9,32.9,32.65,32.9,4975200
2010-06-25,32.65,32.7,32.34,32.44,9045900
2010-06-28,32.5,33.2,32.5,32.9,6147900
2010-06-29,33.15,33.61,32.9,33.0,6920100
2010-06-30,32.85,33.31,32.7,33.25,5835600
2010-07-01,33.31,33.36,33.0,33.05,1809000
2010-07-02,33.15,34.32,33.15,34.11,20943000
2010-07-05,33.53,33.53,33.04,33.2,10541700
2010-07-06,33.04,33.2,32.76,33.2,10701900
2010-07-07,33.2,33.31,32.93,33.31,6261300
2010-07-08,33.36,33.53,33.25,33.36,6757200
2010-07-09,33.53,33.53,33.25,33.36,4891500
2010-07-12,33.36,33.36,33.04,33.25,7496100
2010-07-13,33.25,33.25,32.98,33.04,3877200
2010-07-14,33.09,33.25,32.87,33.09,14825700
2010-07-15,33.04,33.09,32.87,32.98,6318000
2010-07-16,33.15,33.53,33.04,33.36,5232600
2010-07-19,33.36,33.8,33.25,33.8,7342200
2010-07-20,34.08,34.13,33.86,33.91,4781700
2010-07-21,34.02,34.02,33.75,33.97,3907800
2010-07-22,34.13,34.13,33.91,33.91,3531600
2010-07-23,34.13,34.4,33.91,34.29,6753600
2010-07-26,34.73,35.01,34.46,34.62,9682200
2010-07-27,34.62,34.62,34.13,34.57,6174000
2010-07-28,34.29,34.57,34.29,34.57,1792800
2010-07-29,34.73,34.84,34.46,34.68,3987000
2010-07-30,34.51,34.62,34.35,34.57,6602400
2010-08-02,34.73,35.06,34.68,34.79,5378400
2010-08-03,35.01,35.01,34.35,34.46,6534900
2010-08-04,34.62,34.62,34.24,34.35,7271100
2010-08-05,34.46,34.57,34.02,34.35,8333100
2010-08-06,34.35,34.46,34.18,34.35,4087800
2010-08-09,34.18,34.4,34.13,34.29,4482000
2010-08-10,34.18,34.18,33.53,33.75,14907600
2010-08-11,33.2,33.69,33.2,33.42,8982000
2010-08-12,33.25,33.8,33.25,33.36,9377100
2010-08-13,33.58,34.02,33.42,33.86,3483000
2010-08-16,33.91,34.29,33.91,34.08,4578300
2010-08-17,34.29,34.35,33.97,34.02,4042800
2010-08-18,34.08,34.24,33.97,34.24,3935700
2010-08-19,33.97,34.4,33.97,34.4,2992500
2010-08-20,34.4,34.46,34.24,34.46,2951100
2010-08-23,34.46,34.62,34.24,34.57,7086600
2010-08-24,34.73,34.84,34.35,34.84,3186900
2010-08-25,34.73,34.73,34.46,34.57,9195300
2010-08-26,34.51,34.84,34.4,34.57,6105600
2010-08-27,34.79,34.79,34.46,34.57,5757300
2010-08-30,34.46,34.51,34.24,34.29,4951800
2010-08-31,34.29,34.57,34.18,34.46,4002300
2010-09-01,34.73,34.9,34.51,34.79,5043600
2010-09-02,34.9,34.95,34.62,34.73,2494800
2010-09-03,34.95,35.01,34.62,34.73,6233400
2010-09-06,34.68,34.9,34.62,34.68,4847400
2010-09-07,34.68,34.9,34.4,34.4,2662200
2010-09-08,34.35,34.68,34.24,34.51,5375700
2010-09-09,34.79,34.79,34.4,34.62,5328900
2010-09-10,34.62,34.79,34.51,34.79,5207400
2010-09-13,34.9,35.5,34.79,35.33,8274600
2010-09-14,35.5,35.5,34.95,35.01,8642700
2010-09-15,35.17,35.17,34.68,35.06,12790800
2010-09-16,35.06,35.06,34.68,34.95,4607100
2010-09-17,35.11,35.11,34.73,34.79,3734100
2010-09-20,34.79,35.06,34.68,35.06,4707000
2010-09-21,35.06,35.17,34.79,34.95,6116400
2010-09-23,35.17,35.22,34.73,34.73,7441200
2010-09-24,34.73,35.01,34.68,34.79,5408100
2010-09-27,34.9,35.06,34.79,34.9,7313400
2010-09-28,34.79,34.9,34.73,34.9,3488400
2010-09-29,34.9,35.06,34.79,35.06,6948900
2010-09-30,35.01,35.28,35.01,35.28,6177600
2010-10-01,35.11,35.22,34.95,35.11,5172300
2010-10-04,34.95,35.11,34.79,35.06,4797000
2010-10-05,35.01,35.11,35.01,35.01,7142400
2010-10-06,35.11,35.11,34.95,35.06,11330100
2010-10-07,35.01,35.28,34.95,35.22,9777600
2010-10-08,35.39,35.66,35.17,35.61,4643100
2010-10-11,35.61,35.61,35.22,35.44,9113400
2010-10-12,35.44,35.44,35.06,35.44,4135500
2010-10-13,35.55,35.77,35.17,35.77,5267700
2010-10-14,35.61,36.15,35.61,36.15,6525900
2010-10-15,36.37,36.65,36.21,36.48,7228800
2010-10-18,36.65,36.65,35.99,36.26,4682700
2010-10-19,36.26,36.26,35.88,36.21,4208400
2010-10-20,35.94,36.26,35.77,36.04,3751200
2010-10-21,36.04,36.26,35.77,36.21,2960100
2010-10-22,36.37,36.37,35.88,36.26,3547800
2010-10-25,36.26,36.54,36.1,36.54,3064500
2010-10-26,36.7,36.81,36.43,36.81,3564000
2010-10-27,36.81,37.08,36.65,37.08,3052800
2010-10-28,37.03,37.85,36.92,37.52,4842000
2010-10-29,37.47,37.74,37.03,37.25,12756600
2010-11-01,37.47,37.74,37.25,37.47,5640300
2010-11-02,37.47,37.58,37.08,37.47,4415400
2010-11-03,37.47,37.47,37.14,37.36,3191400
2010-11-04,37.36,37.41,37.14,37.19,4795200
2010-11-05,37.25,37.47,37.08,37.36,8419500
2010-11-08,37.36,37.63,37.14,37.25,4063500
2010-11-09,37.19,37.36,37.14,37.36,4997700
2010-11-10,37.36,37.69,37.25,37.69,5984100
2010-11-11,37.69,37.69,37.19,37.47,3165300
2010-11-12,37.47,37.58,37.19,37.52,4010400
2010-11-15,37.47,37.47,36.86,36.92,2816100
2010-11-16,36.86,37.41,36.65,37.25,3346200
2010-11-17,37.3,37.36,36.92,37.14,4150800
2010-11-18,37.19,37.19,36.76,37.14,2643300
2010-11-19,37.19,38.23,37.14,38.12,7162200
2010-11-22,38.18,38.18,37.36,37.63,3979800
2010-11-23,37.74,37.74,36.97,37.14,4500000
2010-11-24,37.08,37.52,37.03,37.14,4369500
2010-11-25,37.36,37.36,36.81,37.03,3470400
2010-11-26,37.19,37.25,36.81,37.08,8499600
2010-11-29,37.19,37.3,36.92,37.3,1934100
2010-11-30,37.3,37.63,37.08,37.36,17031600
2010-12-01,37.74,37.74,36.86,37.41,5505300
2010-12-02,37.63,37.63,37.08,37.19,6548400
2010-12-03,37.03,37.19,36.86,37.03,6569100
2010-12-06,37.19,37.19,36.92,37.19,3840300
2010-12-07,37.19,37.19,36.92,37.03,5379300
2010-12-08,37.41,37.47,37.14,37.41,4301100
2010-12-09,37.52,37.58,37.19,37.58,3827700
2010-12-10,37.63,37.63,36.86,37.25,7929000
2010-12-13,37.25,37.25,36.92,36.92,2667600
2010-12-14,36.92,37.14,36.92,37.14,3758400
2010-12-15,36.92,37.19,36.81,36.97,3748500
2010-12-16,36.92,37.08,36.92,37.08,2187000
2010-12-17,37.19,37.47,37.08,37.36,4214700
2010-12-20,37.47,37.47,37.19,37.41,5607000
2010-12-21,37.52,37.52,37.25,37.36,6205500
2010-12-22,37.19,37.52,36.97,37.3,6623100
2010-12-23,37.19,37.36,37.14,37.36,1425600
2010-12-24,37.3,37.36,37.08,37.36,8133300
2010-12-27,37.36,37.47,37.19,37.47,1414800
2010-12-28,37.52,37.63,37.41,37.63,1962900
2010-12-29,37.63,37.74,37.52,37.74,2223900
2010-12-30,37.74,38.23,37.63,38.23,11835900
2010-12-31,38.18,38.29,38.01,38.12,6932700
2011-01-03,38.12,38.23,37.85,37.96,1701000
2011-01-04,37.74,37.9,37.63,37.74,2511900
2011-01-05,37.47,37.79,37.25,37.25,3132000
2011-01-06,37.25,37.69,37.19,37.41,2665800
2011-01-07,37.41,37.47,36.97,37.19,4719600
2011-01-10,37.25,37.25,37.03,37.08,3658500
2011-01-11,37.19,37.52,37.08,37.47,3660300
2011-01-12,37.19,37.47,37.14,37.19,3885300
2011-01-13,37.19,37.25,36.92,37.08,7152300
2011-01-14,37.14,37.25,36.97,37.08,2933100
2011-01-17,37.03,37.14,36.97,36.97,2776500
2011-01-18,36.97,37.36,36.92,37.36,2990700
2011-01-19,37.25,37.58,37.19,37.58,3082500
2011-01-20,37.47,37.58,37.14,37.47,3321000
2011-01-21,37.08,37.41,37.03,37.41,3583800
2011-01-24,37.36,37.74,37.19,37.74,2098800
2011-01-25,37.74,37.74,37.19,37.47,3068100
2011-01-26,37.19,37.63,37.14,37.58,1627200
2011-01-27,37.52,37.58,37.25,37.47,1819800
2011-01-28,37.47,37.52,37.19,37.47,3004200
2011-02-08,37.47,37.69,37.08,37.63,4859100
2011-02-09,37.47,38.07,37.36,37.85,7577100
2011-02-10,37.85,37.9,37.47,37.47,4072500
2011-02-11,37.47,37.47,36.48,36.48,9308700
2011-02-14,36.65,36.65,35.99,36.32,8037000
2011-02-15,36.21,36.43,35.83,36.21,7461900
2011-02-16,36.21,36.86,36.04,36.26,5639400
2011-02-17,36.21,36.21,35.66,35.66,11142900
2011-02-18,35.66,36.7,35.66,36.43,8022600
2011-02-21,36.54,36.92,36.21,36.65,4272300
2011-02-22,36.86,36.92,36.1,36.76,5944500
2011-02-23,36.65,36.86,36.37,36.37,3109500
2011-02-24,36.86,37.3,36.43,36.97,6542100
2011-02-25,37.03,37.14,36.37,36.37,9063000
2011-03-01,36.37,36.76,36.37,36.76,6587100
2011-03-02,36.76,37.19,36.59,36.86,5162400
2011-03-03,37.19,37.58,36.97,37.47,4376700
2011-03-04,37.47,37.52,37.08,37.19,3621600
2011-03-07,37.19,37.41,37.03,37.3,4481100
2011-03-08,37.19,37.47,37.19,37.41,3013200
2011-03-09,37.19,37.41,37.19,37.36,2431800
2011-03-10,37.36,37.36,36.92,36.92,1615500
2011-03-11,36.81,37.19,36.65,36.76,3233700
2011-03-14,36.76,37.08,36.65,36.97,3040200
2011-03-15,36.97,37.3,36.7,37.19,6502500
2011-03-16,37.41,37.47,36.81,36.92,3562200
2011-03-17,36.7,37.25,36.65,37.25,4653900
2011-03-18,37.25,37.25,36.81,36.97,3804300
2011-03-21,37.14,37.19,36.76,37.03,2337300
2011-03-22,37.19,37.25,36.92,37.14,2391300
2011-03-23,37.3,37.3,37.08,37.3,2435400
2011-03-24,37.36,37.47,37.19,37.25,3300300
2011-03-25,37.47,37.74,37.36,37.58,4101300
2011-03-28,37.74,37.85,37.47,37.85,3976200
2011-03-29,37.52,37.9,37.52,37.9,4159800
2011-03-30,37.69,38.29,37.69,38.07,7055100
2011-03-31,38.07,38.18,37.47,37.85,7974000
2011-04-01,37.74,38.01,37.63,38.01,5405400
2011-04-06,38.01,38.29,37.85,38.18,7534800
2011-04-07,38.18,38.29,37.9,38.23,5542200
2011-04-08,38.29,38.4,38.01,38.23,4614300
2011-04-11,38.23,38.51,38.07,38.51,4445100
2011-04-12,38.51,38.51,37.85,38.01,3993300
2011-04-13,38.23,38.62,38.01,38.62,7730100
2011-04-14,38.45,39.54,38.29,39.33,8694000
2011-04-15,39.38,39.98,39.33,39.93,9327600
2011-04-18,39.87,40.47,39.6,40.37,9388800
2011-04-19,40.26,40.26,39.87,39.93,7581600
2011-04-20,40.2,40.69,40.2,40.69,8753400
2011-04-21,41.02,41.73,40.97,41.24,8537400
2011-04-22,41.24,41.4,40.47,40.58,4126500
2011-04-25,40.64,40.75,40.15,40.37,7869600
2011-04-26,40.09,40.64,40.09,40.64,7992900
2011-04-27,40.86,40.91,40.37,40.69,8391600
2011-04-28,40.91,40.97,40.31,40.64,8355600
2011-04-29,40.64,40.64,40.09,40.42,5558400
2011-05-03,40.47,40.47,39.93,40.31,5327100
2011-05-04,40.37,40.37,39.65,39.93,4741200
2011-05-05,40.09,40.37,39.82,40.31,5031000
2011-05-06,39.98,40.31,39.71,39.93,6048000
2011-05-09,39.65,40.37,39.65,40.37,3578400
2011-05-10,40.47,40.58,39.87,40.2,3708900
2011-05-11,40.26,40.42,39.93,40.15,2976300
2011-05-12,40.15,40.91,40.15,40.8,5655600
2011-05-13,40.8,41.13,40.31,40.58,2956500
2011-05-16,40.47,40.75,40.2,40.64,2758500
2011-05-17,40.69,40.69,40.47,40.47,3917700
2011-05-18,40.37,41.46,40.37,41.3,3447000
2011-05-19,41.08,41.4,40.75,41.3,7173000
2011-05-20,41.3,41.3,40.47,41.02,4818600
2011-05-23,40.53,41.35,40.2,41.08,3924900
2011-05-24,41.24,41.35,40.97,41.35,2579400
2011-05-25,41.02,41.35,40.8,41.13,3362400
2011-05-26,41.02,41.3,40.97,41.02,3955500
2011-05-27,41.02,41.3,41.02,41.3,4451400
2011-05-30,41.3,41.46,41.13,41.4,3696300
2011-05-31,41.4,42.33,41.35,42.33,8248500
2011-06-01,42.12,42.44,41.95,42.44,3731400
2011-06-02,41.84,43.05,41.84,43.05,4220100
2011-06-03,43.21,45.29,43.05,44.63,6108300
2011-06-07,44.3,44.69,43.59,44.3,9804600
2011-06-08,43.81,44.63,43.7,44.03,4621500
2011-06-09,43.59,44.08,43.59,43.7,4350600
2011-06-10,44.14,44.14,43.21,43.7,4056300
2011-06-13,43.26,44.47,43.21,44.14,4995900
2011-06-14,44.58,44.74,44.14,44.47,4069800
2011-06-15,44.47,46.49,44.3,46.11,7290900
2011-06-16,45.67,46.22,45.4,45.45,5934600
2011-06-17,45.45,45.45,44.63,45.07,3961800
2011-06-20,43.76,45.07,43.76,45.07,13655700
2011-06-21,43.32,45.67,43.32,45.67,7168500
2011-06-22,46.38,46.55,45.56,46.33,4885200
2011-06-23,45.45,46.16,44.58,44.91,14068800
2011-06-24,44.91,45.07,44.19,44.69,6283800
2011-06-27,44.03,44.36,43.65,44.03,14318100
2011-06-28,44.03,44.25,43.7,44.08,8554500
2011-06-29,44.36,44.85,43.98,44.8,13672800
2011-06-30,44.95,45.29,44.14,44.83,9873000
2011-07-01,45.18,45.18,44.31,44.43,9271800
2011-07-04,44.43,44.6,43.68,43.74,10341900
2011-07-05,43.79,43.85,43.05,43.22,9151200
2011-07-06,43.22,43.97,43.22,43.85,8205300
2011-07-07,43.85,44.02,43.56,43.79,6629400
2011-07-08,43.79,44.54,43.56,43.79,10738800
2011-07-11,44.31,44.31,43.74,43.85,5013000
2011-07-12,43.79,43.79,43.33,43.51,6666300
2011-07-13,43.51,43.51,43.22,43.33,6287400
2011-07-14,43.33,43.79,43.33,43.56,8730900
2011-07-15,43.68,43.91,43.62,43.79,6686100
2011-07-18,44.08,44.72,43.51,44.66,9373500
2011-07-19,44.83,44.83,43.91,44.26,7481700
2011-07-20,44.37,44.49,43.85,44.37,8010000
2011-07-21,44.66,44.89,44.26,44.37,4930200
2011-07-22,44.77,44.77,44.14,44.37,3926700
2011-07-25,44.49,44.49,44.08,44.31,3451500
2011-07-26,44.31,44.37,44.08,44.31,2122200
2011-07-27,44.37,44.49,44.02,44.31,2201400
2011-07-28,44.2,45.23,44.02,44.72,6729300
2011-07-29,45.12,46.1,44.95,45.7,6543000
2011-08-01,46.56,47.94,46.21,47.94,10460700
2011-08-02,47.83,47.83,47.02,47.19,5071500
2011-08-03,46.68,47.19,46.44,46.79,3320100
2011-08-04,47.14,47.14,46.62,46.85,2925900
2011-08-05,45.23,46.1,44.72,45.41,8305200
2011-08-08,45.23,45.23,42.3,43.05,9963000
2011-08-09,40.39,43.16,40.39,42.64,14224500
2011-08-10,43.79,43.79,42.58,42.99,9605700
2011-08-11,42.7,43.28,42.35,43.22,4189500
2011-08-12,43.45,44.6,42.76,44.2,7851600
2011-08-15,44.37,44.89,44.14,44.89,3060900
2011-08-16,45.18,45.35,44.14,44.43,2772900
2011-08-17,43.79,44.77,43.79,44.2,3162600
2011-08-18,43.79,44.08,42.87,43.85,5895000
2011-08-19,43.28,44.14,43.28,44.14,4276800
2011-08-22,44.37,45.47,43.79,45.23,5629500
2011-08-23,45.47,46.1,45.23,45.93,4842900
2011-08-24,46.04,46.1,45.06,45.35,3445200
2011-08-25,45.7,45.7,45.23,45.35,2601000
2011-08-26,45.93,45.98,45.29,45.29,4230900
2011-08-29,44.95,46.04,44.95,45.29,4555800
2011-08-30,45.52,45.52,44.72,45.29,3848400
2011-08-31,45.47,45.47,44.72,45.29,3224700
2011-09-01,45.29,45.41,44.66,44.66,4225500
2011-09-02,44.66,44.66,44.08,44.37,4539600
2011-09-05,44.49,44.95,43.56,44.66,3865500
2011-09-06,43.85,44.83,43.68,44.54,4549500
2011-09-07,44.66,45.81,44.49,45.41,7232400
2011-09-08,45.81,45.81,45.12,45.52,5056200
2011-09-09,45.52,45.7,45.12,45.41,4484700
2011-09-13,45.12,45.52,44.95,45.0,4425300
2011-09-14,45.29,45.52,44.49,45.18,7265700
2011-09-15,45.35,45.47,45.18,45.35,6100200
2011-09-16,45.41,46.04,45.23,45.23,4761000
2011-09-19,45.35,45.41,45.06,45.23,2115900
2011-09-20,45.23,45.75,44.66,44.95,5846400
2011-09-21,44.66,44.95,44.2,44.26,4887000
2011-09-22,44.26,44.26,42.93,43.79,9402300
2011-09-23,42.81,43.62,42.64,42.64,9850500
2011-09-26,42.93,43.16,42.93,43.16,9840600
2011-09-27,38.84,38.84,38.84,38.84,0
2011-09-28,38.84,38.84,38.84,38.84,0
2011-09-29,38.84,38.84,38.84,38.84,0
2011-09-30,38.84,38.84,38.84,38.84,0
2011-10-03,38.84,38.84,38.84,38.84,0
2011-10-04,38.84,38.84,38.84,38.84,0
2011-10-05,38.84,38.84,38.84,38.84,0
2011-10-06,38.84,38.84,38.84,38.84,0
2011-10-07,38.84,38.84,38.84,38.84,0
2011-10-11,38.84,38.84,38.84,38.84,0
2011-10-12,38.84,38.84,38.84,38.84,0
2011-10-13,44.08,45.07,43.15,43.56,11844000
2011-10-14,44.39,44.39,43.25,43.36,5569000
2011-10-17,43.56,43.87,43.3,43.56,3649000
2011-10-18,43.56,43.62,43.51,43.56,6040000
2011-10-19,43.56,43.62,42.84,43.25,5410000
2011-10-20,42.94,43.46,42.94,43.25,3740000
2011-10-21,43.25,43.56,43.1,43.46,4923000
2011-10-24,43.56,44.5,43.56,44.13,7406000
2011-10-25,44.19,44.96,43.98,44.86,19121000
2011-10-26,44.08,44.86,44.08,44.86,3465000
2011-10-27,44.55,44.81,44.08,44.34,5212000
2011-10-28,44.08,44.86,44.08,44.7,4885000
2011-10-31,44.13,44.96,44.13,44.7,3374000
2011-11-01,44.29,45.69,44.24,45.38,3828000
2011-11-02,44.86,45.33,44.6,45.33,2418000
2011-11-03,44.86,45.43,44.6,45.33,4393000
2011-11-04,45.53,47.66,45.53,47.56,9810000
2011-11-07,47.56,48.7,47.25,47.76,4804000
2011-11-08,48.44,48.44,47.51,47.61,4528000
2011-11-09,48.02,48.02,46.68,47.61,6058000
2011-11-10,46.93,47.87,46.68,47.45,7986000
2011-11-11,46.73,47.45,46.73,47.09,4907000
2011-11-14,47.71,48.18,47.09,47.4,4010000
2011-11-15,47.4,49.27,47.35,49.27,6507000
2011-11-16,49.27,50.31,49.16,50.25,9183000
2011-11-17,50.1,50.98,49.79,50.56,7713000
2011-11-18,50.05,50.56,49.32,49.79,4254000
2011-11-21,48.75,49.79,48.18,48.65,7101000
2011-11-22,48.75,49.01,48.02,48.39,9569000
2011-11-23,47.87,48.23,47.35,47.71,5977000
2011-11-24,47.71,47.82,47.45,47.45,5990000
2011-11-25,47.45,47.61,46.16,46.83,8666000
2011-11-28,46.83,47.76,46.83,47.35,10199000
2011-11-29,47.35,48.75,47.25,48.75,9829000
2011-11-30,48.96,49.89,48.65,49.89,14005000
2011-12-01,49.27,50.41,49.27,50.05,8948000
2011-12-02,49.42,50.05,48.85,49.27,4885000
2011-12-05,49.27,49.32,48.8,49.16,1695000
2011-12-06,49.22,49.42,48.96,49.42,3037000
2011-12-07,49.42,49.58,48.65,49.58,5957000
2011-12-08,49.06,49.16,48.59,49.11,3465000
2011-12-09,49.11,49.11,48.23,48.44,4298000
2011-12-12,48.96,48.96,48.08,48.28,2810000
2011-12-13,48.23,49.01,47.97,48.75,3925000
2011-12-14,49.01,49.11,48.75,49.11,3325000
2011-12-15,49.27,49.84,48.75,48.75,7885000
2011-12-16,48.75,49.32,48.7,49.01,3781000
2011-12-19,49.79,49.79,47.92,49.01,4383000
2011-12-20,49.27,49.32,48.59,49.22,5749000
2011-12-21,49.48,49.48,48.65,49.01,5122000
2011-12-22,48.75,49.06,48.59,49.01,4130000
2011-12-23,49.16,49.16,48.13,48.49,8393000
2011-12-26,48.54,48.54,47.66,47.87,5462000
2011-12-27,47.66,48.08,47.66,48.08,4687000
2011-12-28,48.08,48.49,47.87,48.44,1477000
2011-12-29,48.44,48.96,48.23,48.96,1761000
2011-12-30,49.27,49.27,48.39,48.96,3097000
2012-01-02,48.96,49.01,48.44,48.91,10015000
2012-01-03,49.11,49.53,48.75,49.01,15487000
2012-01-04,49.01,49.11,48.65,48.96,16453000
2012-01-05,49.22,49.27,48.8,49.22,19136000
2012-01-06,48.59,49.16,48.23,48.23,7345000
2012-01-09,48.49,48.49,47.87,48.44,6813000
2012-01-10,48.49,48.75,48.33,48.75,7381000
2012-01-11,47.92,48.85,47.92,48.85,6633000
2012-01-12,48.23,48.85,48.23,48.85,6928000
2012-01-13,48.96,49.27,48.85,49.27,6319000
2012-01-16,49.27,49.27,48.28,49.01,4533000
2012-01-17,48.65,48.91,48.65,48.75,10133000
2012-01-18,48.75,48.75,46.68,47.56,13063000
2012-01-30,48.23,48.23,45.53,46.16,30496000
2012-01-31,46.68,46.68,45.9,46.42,22095000
2012-02-01,46.16,46.21,45.12,45.38,21354000
2012-02-02,45.12,45.74,44.76,45.12,19892000
2012-02-03,45.38,46.31,44.91,46.31,13204000
2012-02-06,46.16,46.99,45.85,46.99,10991000
2012-02-07,46.42,46.93,46.36,46.57,8133000
2012-02-08,47.14,47.14,46.52,46.68,7371000
2012-02-09,45.9,46.16,45.43,46.16,12232000
2012-02-10,45.69,45.79,45.43,45.53,13380000
2012-02-13,45.12,46.1,45.12,46.0,6045000
2012-02-14,46.0,46.0,45.38,45.38,6236000
2012-02-15,45.38,45.9,45.17,45.74,9868000
2012-02-16,45.38,46.05,45.38,45.9,5602000
2012-02-17,45.95,46.1,44.86,45.33,11229000
2012-02-20,45.12,45.33,44.86,45.12,4600000
2012-02-21,45.12,45.64,44.96,45.64,6756000
2012-02-22,45.74,46.31,45.59,46.16,9549000
2012-02-23,46.0,46.78,45.64,46.21,8245000
2012-02-24,46.0,46.78,45.85,46.26,8556000
2012-02-29,46.68,47.71,46.16,46.88,13989000
2012-03-01,46.83,47.14,46.42,46.88,6322000
2012-03-02,46.93,47.25,46.78,47.25,4345000
2012-03-05,46.68,46.68,45.95,46.42,4248000
2012-03-06,46.42,46.42,45.79,46.26,4162000
2012-03-07,46.16,46.68,46.16,46.57,6364000
2012-03-08,46.62,46.62,45.64,45.85,10860000
2012-03-09,45.9,46.0,45.64,45.85,3842000
2012-03-12,45.95,45.95,44.81,44.86,8447000
2012-03-13,45.59,45.59,45.12,45.43,6510000
2012-03-14,45.9,46.16,45.74,46.16,7062000
2012-03-15,45.69,45.9,45.33,45.64,4541000
2012-03-16,45.85,45.85,45.12,45.12,3623000
2012-03-19,45.33,45.59,45.07,45.38,4533000
2012-03-20,45.53,45.74,45.33,45.59,3443000
2012-03-21,45.64,45.79,45.53,45.79,4688000
2012-03-22,45.64,46.0,45.64,46.0,7449000
2012-03-23,46.1,46.1,45.74,46.0,4269000
2012-03-26,45.53,46.1,45.02,46.05,5380000
2012-03-27,46.1,46.36,45.74,46.36,4888000
2012-03-28,46.42,46.88,46.1,46.88,6451000
2012-03-29,46.68,46.73,46.1,46.42,6931000
2012-03-30,46.42,46.62,46.21,46.62,7158000
2012-04-02,46.62,47.3,46.21,47.25,5131000
2012-04-03,47.35,47.51,47.19,47.3,5433000
2012-04-05,46.31,46.78,46.16,46.16,4453000
2012-04-06,46.0,46.21,45.69,45.95,4312000
2012-04-09,45.22,46.73,45.22,46.52,4594000
2012-04-10,46.62,46.68,45.64,46.0,6142000
2012-04-11,45.85,46.16,45.74,45.9,6873000
2012-04-12,46.1,46.26,45.9,45.9,6515000
2012-04-13,46.16,46.68,45.9,45.9,7420000
2012-04-16,45.64,46.47,45.59,46.21,3580000
2012-04-17,45.79,46.42,45.79,46.26,4421000
2012-04-18,46.26,46.78,46.26,46.68,9994000
2012-04-19,46.68,47.3,46.52,47.25,8797000
2012-04-20,47.25,47.66,46.93,46.93,7140000
2012-04-23,47.19,47.56,47.19,47.51,7048000
2012-04-24,47.66,48.75,47.56,48.23,8287000
2012-04-25,48.44,48.49,47.66,47.71,4211000
2012-04-26,47.45,48.23,47.25,47.97,2021000
2012-04-27,48.08,48.85,48.08,48.59,7763000
2012-04-30,48.75,49.11,48.65,48.85,7898000
2012-05-02,49.01,49.27,48.44,48.75,5710000
2012-05-03,48.91,49.16,48.75,49.01,4667000
2012-05-04,49.01,49.06,48.54,48.85,5712000
2012-05-07,48.59,48.59,47.82,48.39,5351000
2012-05-08,48.75,48.75,48.18,48.39,5819000
2012-05-09,48.23,48.75,48.02,48.18,13429000
2012-05-10,48.49,48.8,48.44,48.8,5490000
2012-05-11,49.11,50.15,48.8,49.74,12607000
2012-05-14,49.79,50.31,49.32,50.05,6954000
2012-05-15,50.1,51.08,49.79,50.77,9327000
2012-05-16,50.82,51.03,50.2,50.72,7514000
2012-05-17,50.82,50.82,50.1,50.2,5679000
2012-05-18,49.79,50.77,49.42,49.74,7576000
2012-05-21,50.82,50.82,49.99,50.56,7703000
2012-05-22,50.57,50.67,50.2,50.31,5841000
2012-05-23,49.53,49.89,49.53,49.79,4775000
2012-05-24,50.2,50.67,50.1,50.51,5114000
2012-05-25,50.51,50.51,50.1,50.31,5964000
2012-05-28,49.99,49.99,49.58,49.79,4871000
2012-05-29,49.53,49.79,48.54,48.8,6768000
2012-05-30,48.85,48.85,47.92,48.39,10514000
2012-05-31,48.23,49.01,47.82,49.01,9139000
2012-06-01,48.23,49.27,48.23,49.01,3679000
2012-06-04,48.23,49.27,48.23,48.85,3775000
2012-06-05,49.53,49.53,48.54,48.96,2853000
2012-06-06,49.01,49.16,48.65,49.01,5094000
2012-06-07,49.27,49.27,48.39,48.96,4112000
2012-06-08,48.44,48.65,48.13,48.54,4501000
2012-06-11,48.54,49.16,48.39,48.7,3642000
2012-06-12,48.85,48.85,48.18,48.7,4237000
2012-06-13,49.01,49.22,48.75,49.16,5624000
2012-06-14,49.16,49.16,48.49,48.54,4263000
2012-06-15,49.06,49.11,47.87,47.87,8695000
2012-06-18,48.02,48.44,47.82,48.23,9962000
2012-06-19,48.23,48.59,48.18,48.49,5672000
2012-06-20,48.49,48.75,48.18,48.75,4899000
2012-06-21,48.75,48.8,48.39,48.49,4214000
2012-06-22,48.8,49.11,48.39,48.39,4748000
2012-06-25,48.49,48.8,48.13,48.7,2496000
2012-06-26,48.7,49.32,48.49,49.01,5708000
2012-06-27,49.27,49.89,49.06,49.68,5279000
2012-06-28,49.79,50.1,49.53,49.89,7575000
2012-06-29,49.89,51.08,49.63,51.08,7400000
2012-07-02,50.82,51.76,50.77,51.76,7876000
2012-07-03,51.71,52.64,51.6,52.64,11150000
2012-07-04,52.9,52.9,51.6,51.86,4205000
2012-07-05,51.6,51.86,51.55,51.86,4156000
2012-07-06,51.34,51.86,51.29,51.86,8174000
2012-07-09,51.4,52.99,51.4,52.44,4731000
2012-07-10,52.71,52.77,51.51,51.62,4171000
2012-07-11,51.95,52.06,51.68,51.95,5961000
2012-07-12,52.22,52.22,51.73,51.84,3486000
2012-07-13,52.0,52.06,51.62,51.68,1992000
2012-07-16,51.73,52.33,51.57,51.95,3737000
2012-07-17,52.11,52.44,51.95,52.0,5163000
2012-07-18,53.59,54.08,52.28,53.04,6939000
2012-07-19,53.59,53.59,52.33,52.77,5342000
2012-07-20,52.77,53.04,52.33,52.77,4513000
2012-07-23,53.04,53.26,52.33,52.5,3395000
2012-07-24,52.5,53.04,52.39,53.04,4219000
2012-07-25,52.93,53.04,52.22,52.5,6227000
2012-07-26,52.99,52.99,52.33,52.66,3505000
2012-07-27,52.66,52.82,52.44,52.77,4788000
2012-07-30,52.82,53.48,52.44,53.48,4988000
2012-07-31,53.59,54.96,53.59,54.14,9152000
2012-08-01,54.36,54.96,54.3,54.68,4439000
2012-08-02,54.68,54.68,54.68,54.68,0
2012-08-03,54.25,57.14,54.25,57.14,8118000
2012-08-06,56.87,57.42,56.32,56.87,6723000
2012-08-07,56.87,57.42,56.6,57.14,6405000
2012-08-08,57.42,57.96,56.6,57.42,7658000
2012-08-09,57.14,58.24,57.14,57.42,7645000
2012-08-10,57.14,57.42,56.05,56.6,4063000
2012-08-13,57.42,57.42,55.5,56.32,3209000
2012-08-14,56.87,57.96,56.6,57.96,7087000
2012-08-15,57.96,58.51,57.42,58.51,5227000
2012-08-16,58.51,59.6,57.96,59.6,7117000
2012-08-17,59.6,61.25,58.24,60.97,8349000
2012-08-20,60.7,60.97,59.06,59.6,2866000
2012-08-21,60.15,60.7,59.6,59.88,4057000
2012-08-22,59.88,60.15,58.24,59.33,3194000
2012-08-23,59.06,60.15,59.06,60.15,1377000
2012-08-24,59.88,59.88,59.06,59.33,1310000
2012-08-27,58.78,59.33,57.96,59.06,3242000
2012-08-28,58.51,59.06,58.24,58.24,4023000
2012-08-29,58.78,59.06,58.24,58.51,2471000
2012-08-30,58.24,59.33,58.24,58.51,3429000
2012-08-31,58.51,60.97,58.51,60.7,2898000
2012-09-03,60.15,60.7,59.33,60.42,2053000
2012-09-04,60.42,60.42,58.24,58.24,5250000
2012-09-05,57.96,58.24,56.05,57.14,6431000
2012-09-06,56.32,56.87,55.5,56.32,4429000
2012-09-07,57.42,57.42,56.6,57.42,3073000
2012-09-10,57.96,58.24,56.6,57.42,2602000
2012-09-11,57.42,57.96,56.87,57.69,2132000
2012-09-12,57.96,59.06,57.42,59.06,3585000
2012-09-13,58.51,59.06,57.69,58.51,2558000
2012-09-14,58.78,58.78,57.42,58.78,5073000
2012-09-17,57.96,58.24,57.14,57.69,4364000
2012-09-18,57.42,57.96,57.14,57.96,5028000
2012-09-19,57.14,59.33,57.14,59.33,5249000
2012-09-20,59.33,59.33,57.69,58.24,3684000
2012-09-21,58.78,59.06,57.42,57.69,6321000
2012-09-24,58.24,59.33,57.69,59.33,4070000
2012-09-25,59.33,59.33,58.51,59.06,2404000
2012-09-26,59.06,59.33,58.24,58.78,2570000
2012-09-27,59.06,59.33,58.24,58.24,3672000
2012-09-28,59.06,59.06,57.96,58.51,3590000
2012-10-01,59.06,59.06,57.69,58.51,1765000
2012-10-02,58.78,60.15,57.96,59.33,2995000
2012-10-03,59.6,59.6,58.51,59.6,2057000
2012-10-04,59.6,61.25,59.06,61.25,3746000
2012-10-05,61.25,61.25,59.88,60.42,3327000
2012-10-08,60.7,60.7,59.33,60.7,2137000
2012-10-09,60.42,63.16,60.42,62.89,5743000
2012-10-11,61.52,62.89,60.97,61.79,6289000
2012-10-12,61.25,61.25,58.78,59.88,5579000
2012-10-15,59.06,59.33,58.51,58.78,3533000
2012-10-16,58.51,59.06,58.24,58.78,4403000
2012-10-17,58.51,59.06,56.6,56.6,9107000
2012-10-18,56.6,57.69,56.6,57.69,6420000
2012-10-19,57.69,57.96,57.14,57.14,4563000
2012-10-22,56.87,57.96,56.6,56.87,4077000
2012-10-23,56.87,57.42,56.6,56.87,3363000
2012-10-24,56.32,57.69,55.78,57.42,5332000
2012-10-25,57.96,58.51,57.42,57.96,3890000
2012-10-26,57.69,57.69,56.6,56.87,3294000
2012-10-29,57.42,57.42,56.32,56.6,3737000
2012-10-30,57.42,57.42,56.32,56.6,5542000
2012-10-31,56.32,56.87,55.5,55.78,6384000
2012-11-01,55.23,55.5,54.14,55.5,4936000
2012-11-02,56.6,56.6,55.5,55.78,4038000
2012-11-05,56.6,56.6,55.78,56.32,4706000
2012-11-06,56.87,57.14,55.5,55.78,4612000
2012-11-07,56.32,56.6,56.05,56.05,3724000
2012-11-08,56.6,56.6,55.23,55.78,3567000
2012-11-09,55.5,55.78,54.63,54.96,5796000
2012-11-12,54.96,54.96,54.14,54.14,4938000
2012-11-13,54.14,55.5,53.92,55.23,3587000
2012-11-14,55.5,56.87,54.68,56.6,4506000
2012-11-15,56.6,57.14,55.78,57.14,4008000
2012-11-16,57.14,57.69,56.6,57.42,4377000
2012-11-19,57.42,58.24,57.14,57.96,3477000
2012-11-20,57.96,57.96,57.42,57.69,3106000
2012-11-21,57.69,57.69,57.14,57.42,3059000
2012-11-22,57.69,57.69,56.6,57.14,4142000
2012-11-23,57.42,58.24,57.14,57.96,4101000
2012-11-26,57.42,57.96,56.6,57.42,4392000
2012-11-27,57.42,57.69,57.14,57.42,4506000
2012-11-28,56.87,57.14,55.78,56.32,6812000
2012-11-29,56.6,57.42,56.05,57.14,9328000
2012-11-30,57.14,57.42,56.87,57.14,6608000
2012-12-03,57.14,57.42,56.6,56.87,7764000
2012-12-04,57.14,57.14,56.6,56.87,3879000
2012-12-05,57.14,58.51,56.6,58.51,4838000
2012-12-06,58.51,58.51,57.69,58.51,5871000
2012-12-07,58.51,58.51,57.69,57.96,2846000
2012-12-10,58.51,58.78,57.96,58.78,2496000
2012-12-11,59.06,59.33,57.96,58.51,4247000
2012-12-12,59.06,59.33,57.69,57.96,4826000
2012-12-13,58.51,58.51,57.14,57.96,3640000
2012-12-14,57.69,57.96,56.6,57.14,4043000
2012-12-17,57.14,57.69,56.87,57.69,5660000
2012-12-18,57.69,58.51,57.42,58.51,3670000
2012-12-19,58.51,58.51,57.42,57.96,2208000
2012-12-20,57.96,57.96,56.6,56.87,3408000
2012-12-21,56.87,57.42,55.78,56.05,4296000
2012-12-24,56.6,56.6,55.78,56.32,3494000
2012-12-25,56.32,57.14,56.32,56.87,1625000
2012-12-26,57.14,57.42,56.6,56.87,2860000
2012-12-27,57.14,57.69,56.32,57.69,6859000
2012-12-28,57.96,58.51,57.14,58.51,6552000
2013-01-02,58.24,58.24,56.87,57.42,6213000
2013-01-03,57.42,57.42,56.05,56.6,6306000
2013-01-04,56.6,56.87,56.05,56.6,5735000
2013-01-07,56.87,57.96,56.6,57.69,3091000
2013-01-08,57.42,58.24,56.87,58.24,3453000
2013-01-09,57.96,58.51,57.14,57.96,6215000
2013-01-10,58.24,58.24,57.42,58.24,7803000
2013-01-11,57.96,58.24,57.42,57.42,3853000
2013-01-14,57.42,57.96,56.87,57.69,4691000
2013-01-15,57.69,57.69,57.14,57.42,4106000
2013-01-16,57.42,57.96,57.14,57.42,6254000
2013-01-17,57.96,58.24,57.14,57.42,5271000
2013-01-18,57.96,58.24,57.42,58.24,3140000
2013-01-21,58.51,58.78,57.96,58.78,3615000
2013-01-22,58.78,59.06,57.96,59.06,4107000
2013-01-23,59.06,59.33,58.51,59.06,4163000
2013-01-24,59.06,59.06,58.24,59.06,2478000
2013-01-25,59.06,59.33,57.96,58.51,3999000
2013-01-28,58.51,58.51,57.42,57.42,2324000
2013-01-29,57.96,59.33,57.96,58.78,6395000
2013-01-30,59.06,59.06,58.24,58.24,3902000
2013-01-31,58.51,58.51,57.42,57.42,5660000
2013-02-01,57.69,57.96,57.14,57.42,4443000
2013-02-04,57.69,58.24,57.42,58.24,2764000
2013-02-05,57.69,57.96,56.87,57.42,7483000
2013-02-06,57.42,57.42,56.87,56.87,6907000
2013-02-18,56.87,57.42,56.32,57.14,9150000
2013-02-19,56.87,57.14,56.32,56.87,8862000
2013-02-20,56.87,57.14,56.32,56.87,7463000
2013-02-21,56.32,56.87,56.32,56.6,4547000
2013-02-22,56.32,56.87,56.32,56.6,5248000
2013-02-25,56.87,57.42,56.87,57.14,3594000
2013-02-26,56.87,57.42,56.32,57.42,6527000
2013-02-27,56.87,57.42,56.6,56.6,4957000
2013-03-01,56.6,57.14,56.6,56.6,4994000
2013-03-04,56.6,56.87,56.05,56.87,8772000
2013-03-05,57.14,57.14,56.32,56.87,4192000
2013-03-06,56.87,57.42,56.6,56.87,2698000
2013-03-07,57.14,57.42,56.87,57.42,3529000
2013-03-08,57.14,57.42,56.87,57.14,4430000
2013-03-11,57.42,57.69,56.87,57.14,5651000
2013-03-12,56.87,57.14,56.32,56.87,6095000
2013-03-13,57.14,57.42,56.6,57.42,5566000
2013-03-14,57.14,57.42,56.32,56.6,7024000
2013-03-15,56.6,57.14,56.32,57.14,6742000
2013-03-18,56.6,56.87,56.05,56.32,5030000
2013-03-19,56.6,56.6,55.78,55.78,4986000
2013-03-20,55.78,55.78,54.68,55.23,8986000
2013-03-21,54.96,55.5,54.68,54.96,5148000
2013-03-22,54.68,55.78,54.68,54.96,4420000
2013-03-25,55.23,55.5,54.96,55.23,2753000
2013-03-26,55.23,56.32,54.68,55.78,4456000
2013-03-27,56.05,56.32,54.68,55.23,4965000
2013-03-28,55.5,55.5,54.96,55.23,3902000
2013-03-29,55.78,56.05,55.23,55.5,2985000
2013-04-01,55.5,56.32,55.5,56.32,999000
2013-04-02,56.32,56.87,56.05,56.87,1759000
2013-04-03,56.6,56.87,55.23,55.78,3007000
2013-04-08,55.23,56.05,55.23,55.5,2612000
2013-04-09,55.23,55.5,54.46,54.96,6463000
2013-04-10,54.96,54.96,53.75,53.97,7008000
2013-04-11,54.14,54.68,53.97,54.57,3347000
2013-04-12,54.57,55.5,54.57,54.96,2662000
2013-04-15,54.96,56.05,54.96,55.78,3005000
2013-04-16,54.96,56.32,54.96,56.32,6315000
2013-04-17,56.32,56.32,55.78,56.32,2794000
2013-04-18,55.78,56.6,55.5,55.78,2307000
2013-04-19,56.32,56.87,55.78,56.87,3769000
2013-04-22,56.87,57.14,56.32,56.87,2362000
2013-04-23,56.87,57.14,56.6,57.14,1451000
2013-04-24,56.87,57.42,56.6,56.87,1746000
2013-04-25,56.87,57.14,56.87,56.87,1416000
2013-04-26,57.14,57.69,56.6,56.87,6695000
2013-04-29,57.42,58.24,57.42,58.24,3806000
2013-04-30,58.51,58.78,57.96,58.78,3676000
2013-05-02,58.78,59.33,57.96,59.33,3866000
2013-05-03,59.6,60.15,59.33,60.15,6962000
2013-05-06,60.15,60.42,59.33,59.88,4060000
2013-05-07,60.15,60.15,59.06,59.06,3518000
2013-05-08,59.33,60.97,59.33,59.88,5641000
2013-05-09,60.15,60.42,59.6,60.15,2980000
2013-05-10,59.88,60.15,59.6,60.15,2602000
2013-05-13,60.15,60.15,59.6,60.15,1943000
2013-05-14,60.15,60.42,59.6,60.15,3703000
2013-05-15,60.42,64.25,60.42,64.25,11267000
2013-05-16,64.8,66.44,63.71,63.98,8243000
2013-05-17,63.98,63.98,63.16,63.16,3428000
2013-05-20,63.43,63.71,62.34,62.61,1633000
2013-05-21,63.16,63.43,61.79,62.34,3369000
2013-05-22,62.34,62.89,61.79,62.07,4440000
2013-05-23,62.61,63.16,61.79,62.07,6115000
2013-05-24,63.16,63.71,61.52,61.79,4396000
2013-05-27,62.89,62.89,61.79,62.34,2367000
2013-05-28,62.89,63.16,62.34,62.89,4612000
2013-05-29,63.43,63.43,62.34,63.16,3861000
2013-05-30,62.61,62.61,59.6,59.88,13619000
2013-05-31,60.97,60.97,59.33,59.88,10787000
2013-06-03,59.6,60.42,59.06,59.88,4741000
2013-06-04,60.7,60.7,58.51,58.78,7025000
2013-06-05,59.06,59.33,58.24,59.06,7738000
2013-06-06,59.06,59.6,58.51,59.6,4294000
2013-06-07,59.33,60.7,59.06,60.7,6724000
2013-06-10,60.97,60.97,59.6,60.7,5451000
2013-06-11,60.97,61.25,59.88,60.42,6655000
2013-06-13,59.88,59.88,56.87,57.14,11803000
2013-06-14,57.69,60.97,57.42,60.15,8426000
2013-06-17,60.42,60.97,59.6,60.7,4824000
2013-06-18,60.42,61.52,59.6,61.25,7096000
2013-06-19,61.25,61.79,60.7,61.25,5035000
2013-06-20,61.25,61.52,60.15,61.52,7037000
2013-06-21,60.7,61.25,59.6,59.6,7343000
2013-06-24,60.7,61.25,59.6,60.7,4720000
2013-06-25,60.7,61.79,60.15,60.97,7802000
2013-06-26,62.07,62.07,60.7,60.7,7088000
2013-06-27,60.97,61.52,60.7,60.7,5435000
2013-06-28,60.7,64.8,60.7,64.8,7385000
2013-07-01,63.43,63.43,61.79,62.07,4524000
2013-07-02,61.79,62.89,61.79,62.89,4424000
2013-07-03,62.89,63.43,62.61,62.61,8908000
2013-07-04,62.61,63.16,62.61,62.61,7045000
2013-07-05,62.89,64.53,62.89,63.98,10946000
2013-07-08,64.27,64.55,63.12,63.69,5362000
2013-07-09,63.41,64.55,62.83,62.83,3988000
2013-07-10,63.41,63.98,62.54,62.83,2921000
2013-07-11,63.41,63.98,62.83,63.69,5689000
2013-07-12,63.69,63.98,62.83,63.41,4007000
2013-07-15,62.83,63.69,62.83,63.69,3712000
2013-07-16,63.69,63.69,63.41,63.69,3007000
2013-07-17,63.41,63.69,62.54,63.41,3548000
2013-07-18,63.12,63.69,62.83,63.69,3245000
2013-07-19,63.69,64.55,63.12,63.41,4180000
2013-07-22,63.98,64.84,63.98,64.27,3803000
2013-07-23,64.84,66.56,63.98,66.56,6748000
2013-07-24,66.56,66.56,63.69,64.27,5106000
2013-07-25,63.69,63.98,62.54,62.54,4783000
2013-07-26,63.12,63.69,61.97,63.12,3591000
2013-07-29,63.12,63.12,61.97,62.26,2287000
2013-07-30,63.12,63.12,61.97,62.83,2992000
2013-07-31,63.12,63.12,61.97,62.54,3705000
2013-08-01,62.83,63.12,61.97,63.12,2727000
2013-08-02,62.54,63.12,62.54,63.12,3036000
2013-08-05,63.12,63.12,61.97,62.54,2449000
2013-08-06,62.26,62.54,61.11,61.11,3040000
2013-08-07,60.82,61.4,60.54,60.82,2765000
2013-08-08,60.82,61.4,60.25,61.4,1944000
2013-08-09,61.4,61.4,60.54,60.82,2558000
2013-08-12,61.4,62.26,61.11,61.97,1416000
2013-08-13,61.68,63.12,61.68,63.12,2354000
2013-08-14,63.12,63.12,61.97,62.54,2914000
2013-08-15,61.97,62.26,61.4,61.68,2993000
2013-08-16,61.97,62.83,61.4,62.83,4394000
2013-08-19,63.12,63.12,61.68,61.97,3025000
2013-08-20,61.68,62.26,61.4,61.4,1997000
2013-08-22,61.4,61.4,60.54,60.82,3586000
2013-08-23,60.82,60.82,60.25,60.25,3715000
2013-08-26,60.25,60.54,59.96,60.25,6640000
2013-08-27,59.96,61.4,59.96,60.82,2422000
2013-08-28,60.54,61.4,60.25,61.11,1209000
2013-08-29,60.82,61.4,60.82,61.4,2332000
2013-08-30,61.11,61.97,61.11,61.97,3307000
2013-09-02,61.68,61.97,61.11,61.68,2278000
2013-09-03,61.68,61.68,60.25,60.54,4811000
2013-09-04,60.25,60.82,59.68,60.82,4408000
2013-09-05,61.11,61.4,60.54,61.11,3679000
2013-09-06,61.4,61.4,60.82,61.11,3334000
2013-09-09,61.11,61.11,60.25,60.82,3620000
2013-09-10,60.82,61.11,59.96,60.82,3955000
2013-09-11,60.82,61.11,60.25,60.82,3118000
2013-09-12,60.82,61.11,60.25,60.82,3058000
2013-09-13,60.54,61.11,60.54,60.82,2385000
2013-09-16,61.4,61.4,60.82,61.4,2407000
2013-09-17,60.82,61.68,60.82,61.68,2660000
2013-09-18,61.4,61.68,60.25,60.82,4522000
2013-09-23,61.4,61.68,60.82,61.11,3394000
2013-09-24,61.11,61.4,60.82,61.11,2970000
2013-09-25,60.82,61.11,59.96,60.25,5991000
2013-09-26,60.25,60.25,59.1,59.39,7738000
2013-09-27,59.68,60.54,59.39,60.25,3372000
2013-09-30,60.25,60.54,59.96,60.25,3971000
2013-10-01,60.25,60.54,59.68,59.96,3192000
2013-10-02,59.68,59.96,59.39,59.39,4134000
2013-10-03,59.39,59.96,59.1,59.39,6340000
2013-10-04,59.1,59.96,59.1,59.68,6263000
2013-10-07,59.39,59.96,59.39,59.96,4325000
2013-10-08,59.68,59.68,56.92,57.38,8995000
2013-10-09,57.38,57.38,55.6,56.23,13735000
2013-10-11,56.23,56.23,54.63,54.63,15988000
2013-10-14,54.51,56.29,53.94,55.6,7254000
2013-10-15,55.6,56.35,55.6,56.23,5998000
2013-10-16,56.81,57.21,56.29,56.69,7443000
2013-10-17,56.81,57.15,55.43,55.43,7636000
2013-10-18,55.66,56.0,54.05,54.74,11958000
2013-10-21,54.17,54.17,51.41,52.22,19594000
2013-10-22,51.76,51.76,50.04,50.67,20747000
2013-10-23,50.67,53.94,50.21,53.77,16071000
2013-10-24,53.77,53.77,51.7,53.08,9595000
2013-10-25,53.19,54.0,53.08,53.65,6443000
2013-10-28,54.28,54.28,53.71,54.22,4036000
2013-10-29,54.05,54.51,53.65,54.22,8815000
2013-10-30,54.68,56.81,54.63,56.81,10179000
2013-10-31,56.92,57.95,56.92,57.67,12081000
2013-11-01,57.95,57.95,55.37,55.6,11276000
2013-11-04,56.81,56.81,54.86,54.86,5882000
2013-11-05,55.09,55.14,54.4,54.51,6496000
2013-11-06,55.37,56.12,54.8,55.95,7004000
2013-11-07,55.77,56.0,54.86,56.0,3983000
2013-11-08,56.0,56.35,55.6,56.18,4019000
2013-11-11,55.95,55.95,55.54,55.66,3028000
2013-11-12,55.66,55.95,55.6,55.66,4992000
2013-11-13,56.35,56.35,54.68,55.09,7135000
2013-11-14,55.77,56.0,55.2,55.66,4204000
2013-11-15,55.66,55.95,55.14,55.14,3277000
2013-11-18,55.37,55.72,55.09,55.14,3288000
2013-11-19,55.26,55.6,55.14,55.31,3826000
2013-11-20,55.37,56.12,55.26,56.0,3780000
2013-11-21,55.95,55.95,54.63,55.37,3435000
2013-11-22,54.74,55.31,54.51,55.2,2231000
2013-11-25,55.09,55.37,54.91,55.09,2321000
2013-11-26,54.86,55.37,54.63,54.63,5346000
2013-11-27,54.51,55.14,54.51,55.09,3028000
2013-11-28,54.57,55.77,54.57,55.14,3535000
2013-11-29,55.37,55.83,55.2,55.6,3770000
2013-12-02,55.83,55.83,55.37,55.66,2127000
2013-12-03,55.66,55.66,54.51,54.63,3217000
2013-12-04,54.51,55.37,54.51,55.03,2836000
2013-12-05,54.8,55.31,54.51,54.8,1917000
2013-12-06,55.14,55.14,54.05,54.51,4941000
2013-12-09,55.03,55.09,54.45,54.97,2983000
2013-12-10,55.03,55.03,54.4,54.8,3132000
2013-12-11,54.91,55.37,54.91,55.2,2472000
2013-12-12,55.2,55.2,54.97,54.97,2489000
2013-12-13,55.09,55.26,54.74,54.97,2044000
2013-12-16,54.57,54.8,53.88,53.94,8238000
2013-12-17,53.94,55.2,53.88,54.63,3701000
2013-12-18,54.51,54.91,54.51,54.8,2863000
2013-12-19,55.09,55.37,54.8,55.09,2889000
2013-12-20,55.09,55.66,55.03,55.66,2036000
2013-12-23,55.66,55.83,55.09,55.37,1465000
2013-12-24,55.09,55.54,55.09,55.31,661000
2013-12-25,55.31,55.66,55.31,55.6,632000
2013-12-26,55.6,55.77,55.37,55.66,373000
2013-12-27,55.66,56.0,55.49,56.0,1233000
2013-12-30,56.0,56.41,55.83,56.41,1302000
2013-12-31,56.41,56.41,55.2,55.26,2493000
2014-01-02,55.6,55.66,55.26,55.66,635000
2014-01-03,55.66,55.83,55.26,55.43,1536000
2014-01-06,55.43,55.43,54.63,54.91,1944000
2014-01-07,54.68,55.03,54.57,54.57,1751000
2014-01-08,54.57,55.09,54.34,54.45,2213000
2014-01-09,54.86,54.86,53.88,54.05,3611000
2014-01-10,54.4,54.4,53.82,53.94,2953000
2014-01-13,54.51,54.68,54.17,54.45,2217000
2014-01-14,54.05,54.28,53.82,53.94,4242000
2014-01-15,53.82,53.94,53.42,53.65,5308000
2014-01-16,53.82,54.05,53.77,53.94,3523000
2014-01-17,54.17,54.17,53.77,54.17,6019000
2014-01-20,54.22,54.22,52.96,53.36,5471000
2014-01-21,53.36,53.42,52.96,53.08,6410000
2014-01-22,52.85,53.08,52.33,52.5,7368000
2014-01-23,52.62,52.9,52.16,52.27,4014000
2014-01-24,52.22,52.22,51.53,51.64,10518000
2014-01-27,51.64,51.64,50.49,50.95,12281000
2014-02-05,50.49,50.49,48.77,48.77,18486000
2014-02-06,49.06,49.29,48.95,48.95,6981000
2014-02-07,49.63,50.44,49.4,49.92,7122000
2014-02-10,50.21,50.78,50.21,50.67,4882000
2014-02-11,50.49,50.61,49.81,49.81,5525000
2014-02-12,49.81,50.44,49.81,50.44,4190000
2014-02-13,50.44,50.49,49.92,49.92,4746000
2014-02-14,50.44,50.84,50.27,50.78,3721000
2014-02-17,50.49,51.13,50.49,51.01,3477000
2014-02-18,50.84,51.13,50.72,51.13,2579000
2014-02-19,51.18,52.04,51.07,52.04,5917000
2014-02-20,51.93,52.22,51.64,52.22,4680000
2014-02-21,52.39,53.02,52.22,53.02,5752000
2014-02-24,53.02,53.02,52.22,52.62,1637000
2014-02-25,52.22,52.56,51.53,51.64,3031000
2014-02-26,51.64,52.16,51.47,51.7,2954000
2014-02-27,51.7,52.68,51.7,52.27,2805000
2014-03-03,52.1,52.16,50.95,51.36,7535000
2014-03-04,51.36,51.7,51.13,51.13,4496000
2014-03-05,51.41,51.53,51.3,51.3,3655000
2014-03-06,51.24,51.59,51.24,51.47,3470000
2014-03-07,51.87,51.87,51.53,51.7,3973000
2014-03-10,51.64,51.93,51.36,51.87,3957000
2014-03-11,51.93,52.22,51.7,52.22,3011000
2014-03-12,52.22,52.22,51.64,52.1,3191000
2014-03-13,52.16,52.22,51.87,52.22,3494000
2014-03-14,51.93,52.22,51.87,52.1,4178000
2014-03-17,52.22,52.5,51.93,52.5,1752000
2014-03-18,52.5,53.59,52.33,53.48,5429000
2014-03-19,53.48,54.05,52.96,53.94,6217000
2014-03-20,53.25,53.54,52.85,53.48,5808000
2014-03-21,53.36,53.36,52.62,52.62,4803000
2014-03-24,52.45,53.31,52.45,53.25,2921000
2014-03-25,52.68,53.31,52.68,53.31,3639000
2014-03-26,53.25,53.54,52.96,53.19,2401000
2014-03-27,52.96,54.28,52.96,54.28,3919000
2014-03-28,54.0,54.68,53.88,54.51,3881000
2014-03-31,54.22,54.74,53.94,54.74,2516000
2014-04-01,54.4,54.74,54.0,54.74,3410000
2014-04-02,54.4,54.51,54.11,54.11,4351000
2014-04-03,53.88,54.34,53.65,54.11,3628000
2014-04-07,53.94,54.11,53.71,54.11,3824000
2014-04-08,54.22,54.51,54.05,54.45,2300000
2014-04-09,54.45,54.86,54.45,54.74,3747000
2014-04-10,54.91,55.09,54.45,55.09,2125000
2014-04-11,55.09,55.66,54.86,55.66,3239000
2014-04-14,55.6,55.6,55.26,55.31,2119000
2014-04-15,55.54,55.95,55.37,55.95,3644000
2014-04-16,55.77,56.23,55.49,55.89,3837000
2014-04-17,55.54,55.89,55.26,55.77,2186000
2014-04-18,55.89,55.95,55.6,55.89,1563000
2014-04-21,55.89,55.89,55.43,55.43,1121000
2014-04-22,55.43,55.66,55.09,55.09,1944000
2014-04-23,55.09,55.2,54.86,55.09,2995000
2014-04-24,55.09,55.31,55.03,55.09,1917000
2014-04-25,55.09,55.2,53.94,54.63,2845000
2014-04-28,54.51,55.89,54.51,55.49,1697000
2014-04-29,55.49,55.83,55.26,55.77,2422000
2014-04-30,55.95,56.23,55.83,55.89,5814000
2014-05-02,55.89,55.89,55.37,55.72,2797000
2014-05-05,55.72,55.72,55.31,55.37,1203000
2014-05-06,55.37,55.37,54.97,55.09,2055000
2014-05-07,54.97,54.97,54.51,54.63,3259000
2014-05-08,54.51,55.83,54.4,55.83,3408000
2014-05-09,55.95,56.0,55.31,55.37,1195000
2014-05-12,55.31,55.31,54.63,54.68,2405000
2014-05-13,54.8,55.09,54.74,54.86,3280000
2014-05-14,54.97,55.14,54.8,54.91,3355000
2014-05-15,55.09,55.66,54.97,55.66,2319000
2014-05-16,54.97,55.66,54.91,55.66,1949000
2014-05-19,55.66,55.77,55.26,55.72,1376000
2014-05-20,55.66,56.23,55.6,56.18,3876000
2014-05-21,56.18,56.81,56.12,56.75,4704000
2014-05-22,56.81,57.38,56.81,57.38,4588000
2014-05-23,57.38,57.67,56.86,57.32,3525000
2014-05-26,57.32,57.32,56.52,56.69,1887000
2014-05-27,56.69,56.98,56.06,56.92,2424000
2014-05-28,57.09,57.09,56.46,56.86,2629000
2014-05-29,56.86,56.86,56.46,56.69,3481000
2014-05-30,57.04,57.32,56.58,56.75,5834000
2014-06-03,57.09,57.09,56.69,56.98,4625000
2014-06-04,57.09,57.09,56.58,56.81,4472000
2014-06-05,56.81,56.81,56.12,56.23,3821000
2014-06-06,56.23,56.29,56.0,56.18,3251000
2014-06-09,56.23,56.75,56.18,56.41,3216000
2014-06-10,56.81,56.81,56.18,56.81,4508000
2014-06-11,56.81,56.81,56.23,56.75,3369000
2014-06-12,56.29,56.69,56.23,56.69,2900000
2014-06-13,56.69,56.69,56.29,56.63,3126000
2014-06-16,56.63,56.81,56.52,56.75,3353000
2014-06-17,56.69,56.75,56.52,56.75,2867000
2014-06-18,56.75,57.32,56.52,57.15,6563000
2014-06-19,57.15,57.67,57.09,57.67,4707000
2014-06-20,57.67,57.67,56.98,57.32,5086000
2014-06-23,57.38,57.38,56.98,57.27,5421000
2014-06-24,57.32,57.67,57.27,57.38,7132000
2014-06-25,57.38,57.67,57.04,57.04,6185000
2014-06-26,57.04,57.04,56.58,56.86,8494000
2014-06-27,56.99,57.29,56.62,56.68,6083000
2014-06-30,56.86,56.92,55.95,56.2,4568000
2014-07-01,56.26,56.38,55.71,55.83,4973000
2014-07-02,55.83,56.2,55.65,56.2,4623000
2014-07-03,55.95,55.95,55.47,55.53,3826000
2014-07-04,55.34,55.47,54.74,54.74,6110000
2014-07-07,54.74,55.34,54.74,55.34,2701000
2014-07-08,55.53,55.59,55.16,55.28,3615000
2014-07-09,55.34,55.65,55.28,55.47,1901000
2014-07-10,55.4,55.47,55.16,55.22,3747000
2014-07-11,55.22,55.34,55.1,55.28,3260000
2014-07-14,55.22,55.22,54.8,54.92,4136000
2014-07-15,55.04,55.28,54.74,54.74,3290000
2014-07-16,54.74,54.98,54.67,54.92,5356000
2014-07-17,54.74,55.34,54.74,55.1,3834000
2014-07-18,55.22,56.07,55.22,55.83,4440000
2014-07-21,55.83,56.2,55.83,55.95,4449000
2014-07-22,55.95,56.07,55.77,56.07,1684000
2014-07-23,56.07,56.07,56.07,56.07,0
2014-07-24,56.07,56.26,55.65,56.07,1544000
2014-07-25,56.07,56.07,55.77,55.95,1255000
2014-07-28,56.13,56.26,55.83,55.95,1810000
2014-07-29,55.95,56.32,55.83,56.32,3378000
2014-07-30,56.32,56.44,56.2,56.32,2193000
2014-07-31,56.2,56.26,55.65,55.95,2849000
2014-08-01,55.4,56.38,55.4,56.07,2195000
2014-08-04,56.07,56.32,55.83,56.26,2238000
2014-08-05,56.26,56.32,55.4,55.4,4136000
2014-08-06,55.65,56.07,55.4,55.47,2828000
2014-08-07,55.65,56.56,55.65,56.56,4582000
2014-08-08,56.74,56.86,56.26,56.68,4262000
2014-08-11,56.68,57.29,56.56,57.11,3634000
2014-08-12,57.17,57.17,56.26,56.74,2359000
2014-08-13,56.86,57.17,56.62,56.86,3236000
2014-08-14,57.11,57.23,56.68,57.17,2951000
2014-08-15,57.17,57.72,57.17,57.47,3032000
2014-08-18,57.47,57.59,57.35,57.47,1431000
2014-08-19,57.47,57.9,57.35,57.72,3445000
2014-08-20,57.78,57.9,57.65,57.78,3911000
2014-08-21,57.78,58.26,57.72,57.96,3224000
2014-08-22,57.96,58.45,57.9,58.32,3411000
2014-08-25,58.26,58.26,57.78,58.08,1719000
2014-08-26,58.08,58.51,58.08,58.26,2193000
2014-08-27,58.26,58.81,58.26,58.81,3215000
2014-08-28,58.81,58.93,58.32,58.93,2152000
2014-08-29,58.93,58.93,57.47,57.96,4956000
2014-09-01,57.17,57.65,55.83,56.13,12565000
2014-09-02,55.95,55.95,54.98,55.1,15154000
2014-09-03,55.1,55.59,55.04,55.4,5793000
2014-09-04,55.4,55.71,55.34,55.71,3156000
2014-09-05,55.53,55.89,55.47,55.47,1982000
2014-09-09,55.83,55.83,55.34,55.34,2296000
2014-09-10,55.34,55.71,55.28,55.34,2972000
2014-09-11,55.34,55.77,54.98,54.98,5171000
2014-09-12,55.1,55.65,55.1,55.34,1487000
2014-09-15,55.4,55.4,54.92,55.1,3521000
2014-09-16,55.1,55.1,54.74,54.74,2938000
2014-09-17,54.74,55.47,54.74,55.1,3120000
2014-09-18,55.1,55.53,55.04,55.04,1803000
2014-09-19,55.04,55.28,54.92,55.22,3106000
2014-09-22,54.98,54.98,54.13,54.49,5090000
2014-09-23,54.49,54.49,54.13,54.25,3856000
2014-09-24,54.25,55.34,54.25,55.34,3111000
2014-09-25,55.34,55.34,54.31,54.49,3563000
2014-09-26,54.74,56.13,54.74,55.95,8382000
2014-09-29,56.26,56.44,55.65,55.65,5692000
2014-09-30,55.65,56.13,55.04,56.13,4673000
2014-10-01,56.26,56.26,55.34,55.95,4423000
2014-10-02,55.95,56.26,55.47,56.13,4640000
2014-10-03,56.44,56.74,55.95,56.68,4508000
2014-10-06,56.86,56.86,55.95,55.95,2404000
2014-10-07,55.95,56.62,55.71,56.62,5329000
2014-10-08,56.44,56.62,56.01,56.5,2539000
2014-10-09,56.44,56.92,56.32,56.92,6376000
2014-10-13,56.92,57.47,56.5,57.41,7559000
2014-10-14,57.41,57.9,56.92,57.9,7403000
2014-10-15,57.96,58.45,57.65,58.26,11536000
2014-10-16,58.26,58.63,57.78,58.38,13282000
2014-10-17,58.38,59.18,57.65,58.99,11763000
2014-10-20,58.69,59.11,58.26,58.87,7613000
2014-10-21,58.75,58.75,58.26,58.38,4253000
2014-10-22,58.38,58.38,57.84,58.02,2705000
2014-10-23,58.38,58.51,58.02,58.2,2402000
2014-10-24,58.69,58.75,57.78,58.51,2343000
2014-10-27,58.51,58.57,57.78,58.14,2002000
2014-10-28,58.51,58.69,57.9,58.02,5813000
2014-10-29,56.86,58.69,56.68,58.69,5399000
2014-10-30,58.93,60.09,58.81,60.03,10864000
2014-10-31,60.03,60.03,59.6,60.03,5139000
2014-11-03,60.03,60.03,59.42,59.78,4073000
2014-11-04,59.78,59.97,59.6,59.84,4715000
2014-11-05,59.91,59.91,59.3,59.54,1804000
2014-11-06,59.91,60.09,59.72,60.03,3419000
2014-11-07,59.11,59.84,59.11,59.11,1166000
2014-11-10,59.54,59.91,59.3,59.72,3077000
2014-11-11,59.72,59.84,59.48,59.6,1819000
2014-11-12,59.36,59.36,58.99,59.05,2553000
2014-11-13,59.6,59.84,58.69,59.84,2674000
2014-11-14,59.84,59.84,59.18,59.6,2565000
2014-11-17,59.6,59.6,58.45,59.05,1824000
2014-11-18,58.99,59.6,58.87,59.48,1965000
2014-11-19,59.6,59.91,59.11,59.91,4586000
2014-11-20,58.99,59.78,58.99,59.6,2458000
2014-11-21,59.6,59.66,59.36,59.6,2838000
2014-11-24,59.84,59.84,59.36,59.66,1392000
2014-11-25,59.66,59.66,59.11,59.3,3439000
2014-11-26,59.6,59.78,59.11,59.18,1496000
2014-11-27,59.18,59.78,59.11,59.6,1717000
2014-11-28,59.11,59.84,59.11,59.84,1755000
2014-12-01,58.99,59.84,58.99,59.72,1873000
2014-12-02,59.72,59.72,59.36,59.6,3313000
2014-12-03,59.91,61.43,59.91,60.82,6365000
2014-12-04,60.82,61.43,60.45,61.12,4497000
2014-12-05,60.82,60.82,59.66,60.21,2194000
2014-12-08,60.82,61.12,60.27,60.39,3246000
2014-12-09,60.82,62.03,60.7,60.82,3885000
2014-12-10,60.82,61.43,59.84,60.21,4022000
2014-12-11,60.21,60.27,59.48,59.91,3425000
2014-12-12,59.91,60.21,59.66,59.78,2375000
2014-12-15,59.48,59.66,58.75,59.3,2944000
2014-12-16,59.3,60.82,59.24,60.51,2543000
2014-12-17,59.48,60.21,59.42,59.42,5060000
2014-12-18,60.21,60.27,59.42,60.27,2330000
2014-12-19,60.63,61.43,59.97,61.43,4388000
2014-12-22,60.82,61.12,60.51,60.76,3197000
2014-12-23,61.43,61.43,60.82,61.12,2545000
2014-12-24,60.82,61.43,60.82,61.12,3781000
2014-12-25,61.43,61.43,61.12,61.43,1261000
2014-12-26,61.43,61.43,61.12,61.43,712000
2014-12-29,61.12,62.03,61.12,61.43,2354000
2014-12-30,61.73,63.25,61.73,62.64,4804000
2014-12-31,62.64,63.55,62.64,63.55,2811000
2015-01-05,62.95,63.55,62.03,63.25,5257000
2015-01-06,63.25,63.25,61.73,61.73,3756000
2015-01-07,61.12,61.73,60.82,61.12,4395000
2015-01-08,61.73,63.55,61.12,63.55,3431000
2015-01-09,63.55,64.47,63.55,64.16,3472000
2015-01-12,63.86,66.9,63.55,65.68,5524000
2015-01-13,65.99,68.72,65.68,67.2,9245000
2015-01-14,65.99,67.2,64.77,65.68,6383000
2015-01-15,65.07,65.38,63.25,64.16,5415000
2015-01-16,63.86,65.68,63.86,65.68,4508000
2015-01-19,65.99,65.99,65.07,65.68,4064000
2015-01-20,64.77,65.38,64.47,64.47,3011000
2015-01-21,64.47,65.68,64.16,65.68,3877000
2015-01-22,64.77,65.68,64.77,65.68,2445000
2015-01-23,65.68,65.99,65.07,65.68,3741000
2015-01-26,65.07,65.68,65.07,65.68,3170000
2015-01-27,65.68,65.68,65.38,65.68,1755000
2015-01-28,65.07,65.99,65.07,65.99,2417000
2015-01-29,65.68,65.99,65.07,65.38,2584000
2015-01-30,64.77,65.07,63.25,63.25,5641000
2015-02-02,63.25,64.77,62.95,64.47,4657000
2015-02-03,63.55,64.16,63.25,63.55,5051000
2015-02-04,63.55,64.47,63.25,63.86,5779000
2015-02-05,63.55,64.77,63.25,64.77,4090000
2015-02-06,64.16,65.07,63.86,65.07,2651000
2015-02-09,65.07,65.38,64.47,65.07,3011000
2015-02-10,64.47,65.07,64.47,65.07,4001000
2015-02-11,65.38,65.68,64.47,65.38,2930000
2015-02-12,65.07,65.38,64.77,65.07,2205000
2015-02-13,64.77,65.38,64.47,65.38,4311000
2015-02-24,65.99,66.29,65.68,66.29,4635000
2015-02-25,66.9,67.2,66.29,67.2,4502000
2015-02-26,67.2,67.2,65.38,65.38,5111000
2015-03-02,65.68,66.9,65.38,66.9,4591000
2015-03-03,67.2,67.2,66.29,66.9,3081000
2015-03-04,66.9,66.9,65.99,66.29,2379000
2015-03-05,66.9,66.9,65.68,65.99,3008000
2015-03-06,66.29,66.29,65.07,65.68,3072000
2015-03-09,65.07,65.68,64.47,64.47,2179000
2015-03-10,64.47,66.29,64.16,65.99,3773000
2015-03-11,65.07,66.9,65.07,65.99,4293000
2015-03-12,65.99,66.29,65.07,65.99,2916000
2015-03-13,65.68,66.9,65.68,66.9,3451000
2015-03-16,65.99,66.9,65.68,65.68,2602000
2015-03-17,65.99,66.9,65.68,66.59,3369000
2015-03-18,65.99,66.59,65.68,65.99,3645000
2015-03-19,66.59,67.51,66.29,66.59,5001000
2015-03-20,66.59,67.81,66.59,67.81,2978000
2015-03-23,67.81,67.81,66.9,67.2,1816000
2015-03-24,66.9,67.51,66.59,67.51,3091000
2015-03-25,67.51,67.51,66.59,67.2,3005000
2015-03-26,66.59,67.2,66.29,66.9,3206000
2015-03-27,66.59,67.2,66.59,66.9,3506000
2015-03-30,66.59,66.9,66.59,66.9,2498000
2015-03-31,66.9,66.9,65.68,66.59,5955000
2015-04-01,66.9,66.9,66.29,66.29,2073000
2015-04-02,66.29,67.51,66.29,67.51,3448000
2015-04-07,67.2,67.51,66.29,66.9,3762000
2015-04-08,66.59,66.9,65.68,65.68,2491000
2015-04-09,65.68,67.2,65.68,67.2,1985000
2015-04-10,67.51,67.51,65.68,65.68,3883000
2015-04-13,65.99,67.2,65.99,67.2,2838000
2015-04-14,67.2,67.51,66.29,66.29,5144000
2015-04-15,65.99,66.29,63.25,63.55,14409000
2015-04-16,63.55,64.16,62.34,63.25,9457000
2015-04-17,63.25,63.55,62.34,62.95,6325000
2015-04-20,62.64,63.55,62.64,62.95,2886000
2015-04-21,62.95,64.47,62.64,64.47,2273000
2015-04-22,64.77,65.38,63.86,64.77,4247000
2015-04-23,65.38,66.29,64.77,65.68,3412000
2015-04-24,65.68,66.9,65.68,66.59,3382000
2015-04-27,65.68,66.9,65.68,66.59,2791000
2015-04-28,66.59,66.59,65.68,66.29,2372000
2015-04-29,65.68,66.59,65.38,65.99,2778000
2015-04-30,66.29,66.59,65.07,65.68,3459000
2015-05-04,65.99,66.29,65.38,65.99,1338000
2015-05-05,65.68,65.99,65.07,65.68,2082000
2015-05-06,65.07,66.9,65.07,66.29,2639000
2015-05-07,65.68,66.59,65.68,66.59,2263000
2015-05-08,66.59,66.9,65.99,65.99,1761000
2015-05-11,65.99,66.59,65.68,66.59,2300000
2015-05-12,65.99,66.59,65.38,65.68,2867000
2015-05-13,65.68,65.99,64.77,64.77,3796000
2015-05-14,65.38,65.68,64.47,65.38,2580000
2015-05-15,65.38,65.38,64.47,64.47,2583000
2015-05-18,64.77,65.38,64.47,65.07,1698000
2015-05-19,65.68,66.29,65.38,65.99,2363000
2015-05-20,65.99,66.29,65.07,65.99,1890000
2015-05-21,65.38,65.38,64.47,64.47,4701000
2015-05-22,65.07,65.07,64.47,64.77,2347000
2015-05-25,65.07,65.38,64.47,65.38,1318000
2015-05-26,65.38,65.68,65.07,65.07,2804000
2015-05-27,64.77,65.68,64.77,65.38,1969000
2015-05-28,65.07,65.68,64.47,64.47,3873000
2015-05-29,64.77,65.68,64.47,65.68,5613000
2015-06-01,65.68,65.68,64.47,64.47,2717000
2015-06-02,64.47,65.07,63.25,63.86,4699000
2015-06-03,63.86,64.47,63.86,64.16,3286000
2015-06-04,63.55,64.16,62.95,63.25,6001000
2015-06-05,62.95,63.55,62.95,62.95,3974000
2015-06-08,62.95,64.16,62.95,63.86,2500000
2015-06-09,63.25,63.86,63.25,63.55,2035000
2015-06-10,63.55,64.16,63.25,63.55,2552000
2015-06-11,64.16,64.47,63.86,64.47,3029000
2015-06-12,64.47,64.47,63.55,63.55,2261000
2015-06-15,63.86,64.16,63.25,63.55,2744000
2015-06-16,63.86,63.86,62.95,63.55,2499000
2015-06-17,63.25,63.25,62.64,62.64,5683000
2015-06-18,62.95,64.47,62.64,64.16,4664000
2015-06-22,64.47,64.77,63.86,64.47,4078000
2015-06-23,64.77,65.07,64.47,65.07,3427000
2015-06-24,65.07,65.38,64.77,65.07,3718000
2015-06-25,65.07,65.99,65.07,65.38,8450000
2015-06-26,65.44,66.41,65.44,66.08,4701000
2015-06-29,66.41,67.05,65.76,67.05,4330000
2015-06-30,67.05,67.37,65.76,66.08,5917000
2015-07-01,66.41,68.01,66.08,67.37,3435000
2015-07-02,67.69,67.69,66.08,66.08,2850000
2015-07-03,66.08,66.41,65.44,66.08,4121000
2015-07-06,66.41,66.41,65.44,65.44,3942000
2015-07-07,66.08,66.73,65.12,65.44,3279000
2015-07-08,65.44,65.76,64.8,65.44,4243000
2015-07-09,64.8,65.12,64.16,64.16,3645000
2015-07-10,64.16,64.16,64.16,64.16,0
2015-07-13,64.8,64.8,64.16,64.48,4810000
2015-07-14,65.12,66.08,65.12,66.08,2686000
2015-07-15,66.41,66.41,64.8,65.44,3410000
2015-07-16,65.76,66.08,65.44,65.76,2890000
2015-07-17,65.76,65.76,65.12,65.44,1594000
2015-07-20,65.76,65.76,64.16,64.48,4010000
2015-07-21,64.8,65.12,64.16,64.48,3147000
2015-07-22,64.48,65.12,64.1,64.8,4684000
2015-07-23,64.16,65.12,64.16,65.12,3481000
2015-07-24,64.48,66.41,64.48,66.41,2364000
2015-07-27,65.44,66.41,65.44,65.76,3229000
2015-07-28,66.08,66.41,65.76,65.76,2830000
2015-07-29,65.76,65.76,64.48,65.44,2940000
2015-07-30,65.44,66.08,64.8,66.08,2232000
2015-07-31,65.76,67.05,65.44,67.05,4719000
2015-08-03,66.73,66.73,65.44,66.41,4985000
2015-08-04,66.41,67.37,66.08,67.37,4600000
2015-08-05,67.37,68.01,67.05,67.69,3912000
2015-08-06,67.37,68.01,66.41,66.41,2728000
2015-08-07,66.08,67.05,66.08,67.05,1665000
2015-08-10,66.08,66.73,66.08,66.08,772000
2015-08-11,66.08,66.41,65.44,66.08,2824000
2015-08-12,66.08,66.08,65.12,65.44,2273000
2015-08-13,66.08,66.08,65.44,65.76,2118000
2015-08-14,65.44,66.41,65.44,65.76,1732000
2015-08-17,65.76,66.08,64.8,64.8,2857000
2015-08-18,64.8,65.12,64.48,64.48,2609000
2015-08-19,64.48,65.76,64.16,65.12,5374000
2015-08-20,65.12,65.44,64.16,64.48,4738000
2015-08-21,64.48,64.48,64.03,64.16,5341000
2015-08-24,64.03,64.16,60.95,62.49,8405000
2015-08-25,62.49,62.62,62.04,62.17,6979000
2015-08-26,62.23,62.62,61.72,62.23,5579000
2015-08-27,62.23,63.07,62.04,63.07,4928000
2015-08-28,63.26,63.26,62.36,63.0,4031000
2015-08-31,63.45,63.45,62.49,62.75,7996000
2015-09-01,63.07,64.16,62.75,63.84,3558000
2015-09-02,63.33,64.16,62.75,64.03,3841000
2015-09-03,64.48,65.44,64.16,65.12,2882000
2015-09-04,64.48,64.8,64.03,64.03,3001000
2015-09-07,63.84,64.8,63.84,64.8,3754000
2015-09-08,64.8,64.8,63.58,64.16,2664000
2015-09-09,65.44,65.44,63.9,64.16,6070000
2015-09-10,64.48,64.8,63.9,64.16,3733000
2015-09-11,64.16,64.8,64.03,64.8,2178000
2015-09-14,65.12,65.12,64.48,64.8,3519000
2015-09-15,64.8,65.12,64.48,65.12,2437000
2015-09-16,64.8,65.12,64.48,64.8,2528000
2015-09-17,65.12,65.44,64.48,64.8,4499000
2015-09-18,65.12,67.05,64.8,66.73,5165000
2015-09-21,66.08,66.73,65.12,65.76,3220000
2015-09-22,66.41,66.73,65.76,66.73,1910000
2015-09-23,66.08,66.08,64.16,64.8,3541000
2015-09-24,65.12,65.12,64.16,64.8,2263000
2015-09-25,64.8,65.12,64.16,64.16,1811000
2015-09-29,64.16,64.16,64.16,64.16,0
2015-09-30,63.84,64.8,63.84,64.48,8352000
2015-10-01,64.16,64.8,64.03,64.16,4104000
2015-10-02,64.8,65.12,64.16,64.48,3264000
2015-10-05,64.48,64.8,63.58,63.9,4972000
2015-10-06,64.16,64.48,63.9,64.16,2709000
2015-10-07,63.84,64.48,63.52,64.48,3777000
2015-10-08,64.48,64.8,64.16,64.48,2492000
2015-10-12,64.48,64.8,64.16,64.8,2093000
2015-10-13,64.8,65.12,64.16,65.12,3114000
2015-10-14,64.48,64.8,64.16,64.48,1828000
2015-10-15,64.8,65.44,64.8,65.12,2532000
2015-10-16,65.44,66.41,65.12,66.08,4597000
2015-10-19,66.08,66.41,65.12,65.44,2433000
2015-10-20,65.76,66.08,65.44,66.08,2037000
2015-10-21,66.41,66.73,64.48,64.8,3248000
2015-10-22,65.12,65.76,65.12,65.44,1294000
2015-10-23,66.08,66.41,65.12,65.44,2940000
2015-10-26,65.76,66.73,65.44,66.73,2758000
2015-10-27,66.41,66.41,65.44,66.08,2151000
2015-10-28,66.08,66.08,65.44,66.08,2261000
2015-10-29,65.76,66.41,65.44,65.76,2061000
2015-10-30,65.76,66.41,65.44,65.76,2662000
2015-11-02,65.44,65.76,64.8,65.12,2657000
2015-11-03,65.76,66.08,65.12,65.44,3292000
2015-11-04,66.08,66.41,65.44,65.44,3434000
2015-11-05,65.76,66.08,65.12,65.44,1201000
2015-11-06,65.44,66.08,65.12,65.76,3530000
2015-11-09,65.12,65.76,65.12,65.44,1615000
2015-11-10,65.12,65.12,64.48,64.48,2821000
2015-11-11,64.48,64.8,64.48,64.48,2186000
2015-11-12,64.8,65.12,64.48,64.48,2113000
2015-11-13,64.48,64.8,64.16,64.16,4133000
2015-11-16,64.48,64.48,63.9,64.16,2433000
2015-11-17,64.48,64.8,64.48,64.48,2018000
2015-11-18,64.48,65.12,64.16,65.12,2537000
2015-11-19,64.8,64.8,64.16,64.8,3669000
2015-11-20,64.8,64.8,64.48,64.8,1679000
2015-11-23,64.8,65.12,64.48,64.48,1243000
2015-11-24,64.48,65.12,64.48,64.8,1794000
2015-11-25,64.48,64.8,63.52,63.71,6770000
2015-11-26,63.84,64.16,63.2,63.65,7943000
2015-11-27,63.84,64.48,63.71,64.16,2377000
2015-11-30,63.52,63.52,62.36,63.26,9076000
2015-12-01,63.33,64.16,63.33,64.16,3475000
2015-12-02,63.84,64.16,63.52,63.71,2157000
2015-12-03,63.52,63.71,63.13,63.52,4289000
2015-12-04,63.52,63.65,63.2,63.39,3801000
2015-12-07,63.58,64.48,63.33,63.33,3690000
2015-12-08,63.45,63.65,62.88,62.88,5115000
2015-12-09,62.88,63.26,62.68,62.88,5272000
2015-12-10,62.81,62.88,62.36,62.56,4944000
2015-12-11,62.88,63.07,62.75,62.88,3612000
2015-12-14,62.75,62.75,62.23,62.43,2283000
2015-12-15,62.43,62.81,62.11,62.23,3466000
2015-12-16,62.68,63.39,62.3,62.3,3667000
2015-12-17,62.75,63.39,62.68,63.26,2190000
2015-12-18,62.94,63.2,62.68,62.68,2438000
2015-12-21,62.43,63.52,62.43,63.39,2266000
2015-12-22,63.39,63.52,62.81,62.94,2108000
2015-12-23,63.2,63.45,62.88,62.88,1253000
2015-12-24,63.33,63.33,63.0,63.2,581000
2015-12-25,63.13,63.33,62.94,63.33,398000
2015-12-28,63.45,63.58,63.26,63.58,1392000
2015-12-29,63.33,63.39,63.07,63.07,885000
2015-12-30,63.2,63.33,62.88,62.88,949000
2015-12-31,63.45,64.16,63.33,64.16,2350000
2016-01-04,63.58,63.9,62.75,62.88,4458000
2016-01-05,62.88,63.2,62.68,63.13,3299000
2016-01-06,62.94,63.07,62.23,62.56,4438000
2016-01-07,62.56,62.75,62.23,62.56,4205000
2016-01-08,62.68,62.75,62.04,62.56,3442000
2016-01-11,62.23,63.52,62.23,63.07,3131000
2016-01-12,63.26,63.97,62.62,63.84,4138000
2016-01-13,63.9,64.1,63.52,63.84,3444000
2016-01-14,63.2,64.03,63.2,63.77,2516000
2016-01-15,63.26,63.52,62.49,62.88,4404000
2016-01-18,62.3,63.2,62.17,62.88,3707000
2016-01-19,62.88,63.13,62.56,62.88,1667000
2016-01-20,62.88,62.94,61.85,62.23,5715000
2016-01-21,62.23,62.75,62.11,62.23,5667000
2016-01-22,62.75,63.77,62.49,63.71,3960000
2016-01-25,63.71,64.1,63.58,64.1,3265000
2016-01-26,63.84,63.84,62.88,63.07,3745000
2016-01-27,63.07,63.65,63.07,63.65,3493000
2016-01-28,63.58,64.03,62.94,63.9,3832000
2016-01-29,63.2,64.16,63.2,64.16,4217000
2016-02-01,63.84,64.1,63.2,64.1,3628000
2016-02-02,63.71,63.97,63.58,63.9,2709000
2016-02-03,63.52,64.03,63.52,63.9,4179000
2016-02-15,63.2,64.16,63.2,63.58,5251000
2016-02-16,63.9,64.8,63.9,64.16,3177000
2016-02-17,64.8,65.44,64.48,65.12,4388000
2016-02-18,65.44,65.76,65.12,65.44,4488000
2016-02-19,64.8,65.12,64.48,64.8,4118000
2016-02-22,65.12,65.44,64.48,64.8,1592000
2016-02-23,64.48,65.44,64.48,65.44,3470000
2016-02-24,64.8,65.44,64.16,64.16,2858000
2016-02-25,64.48,65.44,64.16,65.44,3824000
2016-02-26,65.76,66.08,65.44,65.76,3490000
2016-03-01,65.12,66.41,65.12,66.41,3153000
2016-03-02,66.41,66.73,66.08,66.41,3309000
2016-03-03,66.08,66.73,65.76,66.73,3970000
2016-03-04,66.73,66.73,65.44,65.44,3781000
2016-03-07,66.08,66.41,65.76,66.41,2730000
2016-03-08,66.41,66.41,65.44,66.08,2463000
2016-03-09,65.44,66.08,65.44,65.44,1892000
2016-03-10,65.76,66.08,65.44,65.76,1549000
2016-03-11,65.76,66.08,65.44,66.08,2316000
2016-03-14,66.41,66.41,65.76,66.08,2511000
2016-03-15,65.76,66.08,65.44,66.08,3475000
2016-03-16,66.08,66.41,65.76,65.76,2554000
2016-03-17,66.41,67.05,66.08,67.05,6069000
2016-03-18,66.73,67.37,66.08,66.08,7888000
2016-03-21,66.41,67.05,66.08,66.73,3938000
2016-03-22,66.41,67.37,66.41,67.37,3431000
2016-03-23,67.05,67.37,66.73,67.37,2325000
2016-03-24,66.73,67.69,66.73,67.37,2211000
2016-03-25,67.37,67.69,67.05,67.05,1550000
2016-03-28,67.05,67.05,66.73,67.05,1686000
2016-03-29,66.73,67.05,66.41,66.41,2128000
2016-03-30,66.73,67.05,66.41,67.05,4093000
2016-03-31,67.05,67.37,66.73,67.05,4664000
2016-04-01,66.73,67.05,66.73,67.05,2659000
2016-04-06,66.41,66.73,65.76,65.76,4880000
2016-04-07,65.76,66.73,65.76,66.73,2871000
2016-04-08,66.08,67.37,65.76,66.73,3718000
2016-04-11,66.73,68.01,66.73,68.01,3494000
2016-04-12,67.37,68.01,67.37,67.69,2291000
2016-04-13,68.01,68.33,67.37,67.69,3794000
2016-04-14,67.69,68.01,67.37,67.37,2758000
2016-04-15,68.01,68.33,67.69,68.33,2834000
2016-04-18,68.33,68.65,68.01,68.33,2644000
2016-04-19,68.33,68.97,68.33,68.33,3193000
2016-04-20,68.65,68.97,67.69,68.01,4246000
2016-04-21,67.69,68.01,67.37,68.01,1835000
2016-04-22,67.69,68.33,67.37,68.01,1896000
2016-04-25,67.69,68.01,67.37,68.01,2189000
2016-04-26,68.33,68.97,68.01,68.33,1978000
2016-04-27,68.33,68.65,67.69,68.33,2043000
2016-04-28,68.65,68.65,67.69,68.01,2193000
2016-04-29,68.01,68.33,67.37,68.33,2902000
2016-05-03,68.33,68.97,68.01,68.97,2821000
2016-05-04,68.97,69.29,68.33,68.97,4201000
2016-05-05,68.65,68.65,68.01,68.33,3015000
2016-05-06,68.01,68.65,67.69,68.65,2787000
2016-05-09,68.65,69.29,68.01,69.29,3818000
2016-05-10,69.29,71.22,68.97,70.9,7031000
2016-05-11,70.25,71.22,69.93,71.22,5471000
2016-05-12,71.22,71.54,70.58,71.22,2984000
2016-05-13,70.9,70.9,70.25,70.9,4344000
2016-05-16,70.58,71.22,70.58,70.9,2087000
2016-05-17,70.9,71.54,70.58,71.54,2893000
2016-05-18,70.9,71.86,70.9,71.86,5351000
2016-05-19,71.54,72.18,70.58,70.9,4457000
2016-05-20,70.9,71.86,70.58,71.22,3561000
2016-05-23,70.9,71.86,70.25,70.9,3735000
2016-05-24,70.58,71.86,70.58,71.22,3527000
2016-05-25,71.22,71.54,70.9,71.54,3197000
2016-05-26,71.54,71.54,69.61,70.58,4174000
2016-05-27,70.9,71.22,70.25,71.22,3614000
2016-05-30,70.58,71.86,70.58,71.54,2193000
2016-05-31,71.54,71.54,70.9,71.54,5056000
2016-06-01,70.9,71.22,70.58,70.9,4101000
2016-06-02,71.54,71.54,70.9,70.9,4071000
2016-06-03,70.9,71.86,70.58,71.86,1636000
2016-06-06,71.86,72.18,71.22,71.86,1674000
2016-06-07,71.86,72.5,71.54,72.5,2839000
2016-06-08,72.18,73.14,71.86,73.14,3195000
2016-06-13,73.14,73.14,72.18,72.82,3475000
2016-06-14,72.5,73.46,72.18,73.46,2229000
2016-06-15,73.14,74.43,72.82,74.1,4026000
2016-06-16,73.78,74.1,72.18,72.82,5262000
2016-06-17,73.14,73.46,72.82,73.46,4900000
2016-06-20,73.46,73.78,72.82,73.78,3550000
2016-06-21,73.78,73.78,72.5,73.14,4197000
2016-06-22,72.82,73.14,72.5,73.14,3554000
2016-06-23,73.14,73.46,72.82,73.14,2857000
2016-06-24,73.14,73.46,71.54,72.18,4751000
2016-06-27,71.86,72.82,71.54,72.5,3527000
2016-06-28,72.18,72.5,71.86,72.5,810000
2016-06-29,72.5,73.78,72.5,73.78,8598000
2016-06-30,74.86,75.87,74.19,75.87,7597000
2016-07-01,76.55,76.89,75.54,75.87,4770000
2016-07-04,76.21,76.21,74.53,74.86,3446000
2016-07-05,74.86,74.86,74.19,74.53,2477000
2016-07-06,74.86,74.86,73.51,74.53,3342000
2016-07-07,74.86,75.87,74.53,75.87,4980000
2016-07-08,75.87,75.87,75.87,75.87,0
2016-07-11,76.21,76.89,75.87,76.89,6502000
2016-07-12,76.89,76.89,76.21,76.21,7225000
2016-07-13,76.89,76.89,74.86,76.89,10748000
2016-07-14,76.55,76.55,74.86,75.2,5176000
2016-07-15,75.54,76.21,75.2,75.87,6387000
2016-07-18,76.55,76.89,75.87,76.89,8965000
2016-07-19,76.55,76.89,75.87,76.55,8591000
2016-07-20,76.55,76.89,75.87,76.21,8924000
2016-07-21,76.55,76.89,75.87,76.55,6596000
2016-07-22,76.55,76.55,74.53,74.86,6048000
2016-07-25,75.54,75.87,73.51,74.19,4604000
2016-07-26,74.19,74.53,73.85,74.19,4281000
2016-07-27,74.53,74.86,74.19,74.86,4586000
2016-07-28,75.54,75.54,74.53,75.54,6622000
2016-07-29,75.54,75.54,74.19,74.19,3055000
2016-08-01,74.86,75.54,74.19,74.86,4603000
2016-08-02,74.53,74.86,74.19,74.53,2235000
2016-08-03,73.85,74.86,73.85,74.53,2214000
2016-08-04,74.19,74.53,74.19,74.53,2004000
2016-08-05,74.19,74.86,74.19,74.86,2642000
2016-08-08,75.54,76.55,75.2,76.55,4723000
2016-08-09,76.21,77.56,75.87,77.56,4977000
2016-08-10,77.22,77.56,76.55,77.56,3523000
2016-08-11,77.56,78.23,76.89,77.9,4760000
2016-08-12,78.23,78.57,77.56,78.23,4378000
2016-08-15,78.23,78.57,77.56,78.23,1583000
2016-08-16,77.56,77.9,76.89,77.22,2397000
2016-08-17,77.22,77.56,76.55,76.89,2780000
2016-08-18,76.89,77.56,76.21,76.89,2872000
2016-08-19,76.55,76.89,74.86,75.2,4360000
2016-08-22,74.86,75.54,74.86,75.54,4108000
2016-08-23,75.54,75.87,75.2,75.87,4041000
2016-08-24,76.21,77.56,75.54,76.89,3814000
2016-08-25,76.55,77.22,76.55,76.89,2364000
2016-08-26,77.22,77.22,76.55,76.89,2220000
2016-08-29,77.22,77.22,76.21,76.55,3245000
2016-08-30,76.89,77.22,75.87,76.55,3023000
2016-08-31,76.21,76.89,75.2,75.2,4593000
2016-09-01,75.2,75.87,74.53,75.54,5350000
2016-09-02,75.2,75.87,74.86,75.2,3999000
2016-09-05,75.2,76.21,75.2,75.87,3141000
2016-09-06,75.54,75.87,75.2,75.54,4103000
2016-09-07,75.87,76.55,75.54,76.55,3044000
2016-09-08,76.55,76.89,75.87,76.55,4047000
2016-09-09,76.55,76.55,75.54,76.21,3191000
2016-09-12,75.2,76.21,75.2,75.54,4353000
2016-09-13,75.2,75.54,74.86,74.86,5051000
2016-09-14,74.53,75.54,74.53,75.2,7086000
2016-09-19,76.55,77.9,76.21,77.56,10662000
2016-09-20,76.89,77.22,76.21,76.89,3104000
2016-09-21,76.55,76.89,75.87,76.89,3929000
2016-09-22,76.89,77.22,76.21,76.55,3518000
2016-09-23,77.22,77.56,76.55,77.22,4056000
2016-09-26,76.55,76.89,76.21,76.55,3440000
2016-09-27,76.55,76.55,76.55,76.55,0
2016-09-28,76.55,76.55,76.55,76.55,0
2016-09-29,76.55,77.22,76.21,76.55,6337000
2016-09-30,76.21,76.89,75.87,76.55,5309000
2016-10-03,75.87,76.89,75.87,76.55,2437000
2016-10-04,76.89,76.89,75.87,76.21,3099000
2016-10-05,75.87,76.55,75.87,76.55,3101000
2016-10-06,76.55,76.55,75.54,75.87,1277000
2016-10-07,75.54,75.87,75.2,75.2,4238000
2016-10-11,75.54,75.87,74.86,75.2,5156000
2016-10-12,75.2,75.54,75.2,75.54,3981000
2016-10-13,75.54,75.87,75.54,75.87,4067000
2016-10-14,75.54,75.87,75.2,75.2,3826000
2016-10-17,74.86,75.2,74.19,74.86,4726000
2016-10-18,74.86,75.2,74.53,75.2,4895000
2016-10-19,74.86,75.54,74.86,74.86,4420000
2016-10-20,75.2,75.54,74.86,74.86,4762000
2016-10-21,74.86,75.54,74.86,75.2,3605000
2016-10-24,75.2,75.54,74.86,75.2,4034000
2016-10-25,75.2,75.87,75.2,75.54,3541000
2016-10-26,75.54,75.54,75.2,75.2,3298000
2016-10-27,75.2,75.54,74.53,74.53,4671000
2016-10-28,74.86,74.86,73.85,74.53,3543000
2016-10-31,74.19,74.86,73.85,74.53,5161000
2016-11-01,73.85,74.19,73.18,73.51,4471000
2016-11-02,72.84,73.85,72.84,73.51,3472000
2016-11-03,73.18,74.53,73.18,73.51,4493000
2016-11-04,73.51,73.85,72.84,72.84,3706000
2016-11-07,73.18,74.53,73.18,73.85,2975000
2016-11-08,74.19,74.19,73.18,74.19,4459000
2016-11-09,74.53,74.53,73.18,73.18,5016000
2016-11-10,74.19,74.19,73.18,73.18,4189000
2016-11-11,73.18,73.51,71.15,71.15,10184000
2016-11-14,71.15,71.83,70.82,71.15,9403000
2016-11-15,70.82,71.15,70.14,70.14,10726000
2016-11-16,70.14,71.15,70.14,70.82,10224000
2016-11-17,70.48,71.83,70.48,71.49,6610000
2016-11-18,71.15,72.16,70.82,71.49,4436000
2016-11-21,71.49,72.16,70.82,71.49,4666000
2016-11-22,71.49,71.83,71.49,71.49,5118000
2016-11-23,71.49,73.18,71.49,72.5,4707000
2016-11-24,72.16,72.84,71.83,72.16,5051000
2016-11-25,72.16,72.84,71.83,72.5,1548000
2016-11-28,72.5,73.18,72.16,72.84,2538000
2016-11-29,72.84,73.18,72.5,72.5,5087000
2016-11-30,72.5,73.18,72.5,72.5,6189000
2016-12-01,72.5,72.84,71.15,71.15,9164000
2016-12-02,71.49,71.83,71.15,71.15,5768000
2016-12-05,71.15,71.83,70.82,71.49,9880000
2016-12-06,71.83,72.16,71.15,71.49,7009000
2016-12-07,71.49,71.83,71.15,71.49,4328000
2016-12-08,71.83,72.16,71.15,72.16,7286000
2016-12-09,71.49,71.83,71.15,71.15,8407000
2016-12-12,71.83,71.83,70.48,70.82,7615000
2016-12-13,70.82,70.82,70.14,70.82,6769000
2016-12-14,70.82,71.15,69.8,70.14,9924000
2016-12-15,70.14,70.14,69.8,70.14,6345000
2016-12-16,70.14,70.14,69.47,69.47,6229000
2016-12-19,69.47,69.8,68.79,69.13,5082000
2016-12-20,68.79,69.8,68.79,69.8,6466000
2016-12-21,69.47,69.8,68.79,68.79,5349000
2016-12-22,69.13,69.13,68.79,69.13,4690000
2016-12-23,68.79,69.13,68.79,68.79,3084000
2016-12-26,69.13,69.47,68.79,68.79,2226000
2016-12-27,68.79,69.47,68.46,68.79,6422000
2016-12-28,68.79,69.13,68.46,68.46,7061000
2016-12-29,68.79,69.13,68.46,68.79,5968000
2016-12-30,69.47,70.48,69.13,70.14,3974000
2017-01-03,70.14,70.82,70.14,70.48,1589000
2017-01-04,70.48,71.83,70.48,71.83,4765000
2017-01-05,71.83,72.5,71.49,72.5,4828000
2017-01-06,72.5,72.5,70.82,71.49,4700000
2017-01-09,70.82,71.49,70.48,71.15,3715000
2017-01-10,71.49,71.49,70.82,71.15,3114000
2017-01-11,71.15,72.5,70.82,72.16,4468000
2017-01-12,72.16,72.5,71.49,71.83,3902000
2017-01-13,71.83,72.84,71.49,72.5,3635000
2017-01-16,72.5,72.5,71.83,72.16,3510000
2017-01-17,72.5,72.84,71.83,72.5,3700000
2017-01-18,72.16,72.84,71.83,72.16,3850000
2017-01-19,72.16,72.5,71.15,71.15,5938000
2017-01-20,70.82,71.15,70.14,70.82,3543000
2017-01-23,71.49,71.49,71.15,71.15,1979000
2017-01-24,71.15,71.49,70.48,70.48,4440000
2017-02-02,69.47,69.8,68.79,68.79,12674000
2017-02-03,68.79,69.47,68.79,69.13,4202000
2017-02-06,69.8,70.82,69.47,70.82,3726000
2017-02-07,69.8,70.82,69.8,70.48,4525000
2017-02-08,70.14,71.15,69.47,70.14,6912000
2017-02-09,70.48,70.82,70.14,70.82,4571000
2017-02-10,71.15,71.49,70.82,70.82,7915000
2017-02-13,71.15,71.15,70.48,70.82,4212000
2017-02-14,70.48,72.16,70.48,71.83,5425000
2017-02-15,71.15,72.16,71.15,71.49,6045000
2017-02-16,71.15,72.5,71.15,71.83,7988000
2017-02-17,71.83,72.16,71.49,71.83,9963000
2017-02-20,72.5,72.84,71.83,72.16,6456000
2017-02-21,72.16,72.84,71.83,72.84,4378000
2017-02-22,72.84,73.18,72.16,72.16,6606000
2017-02-23,72.16,72.84,72.16,72.84,3009000
2017-02-24,72.16,73.18,72.16,72.84,6678000
2017-03-01,72.5,73.18,72.16,72.84,7537000
2017-03-02,72.84,73.18,72.84,72.84,3908000
2017-03-03,72.84,73.18,72.5,73.18,5104000
2017-03-06,72.84,73.51,72.5,72.84,5040000
2017-03-07,72.84,73.51,72.84,73.51,4280000
2017-03-08,73.18,73.51,72.84,73.18,6561000
2017-03-09,72.84,73.85,72.84,73.18,7223000
2017-03-10,73.18,73.85,73.18,73.51,5203000
2017-03-13,73.51,74.19,73.51,73.85,7573000
2017-03-14,73.85,74.19,73.51,73.85,8782000
2017-03-15,73.85,74.19,73.85,74.19,6700000
2017-03-16,74.19,74.53,73.51,73.85,5815000
2017-03-17,73.85,74.53,73.85,74.19,7420000
2017-03-20,74.19,75.54,74.19,75.2,4073000
2017-03-21,74.86,76.21,74.86,75.54,7417000
2017-03-22,75.54,75.54,74.53,75.2,6500000
2017-03-23,75.2,75.54,74.53,75.2,4361000
2017-03-24,74.86,75.87,74.86,75.54,4628000
2017-03-27,75.87,76.55,75.54,76.55,4296000
2017-03-28,76.89,76.89,75.2,75.2,5779000
2017-03-29,75.54,76.21,75.2,75.2,5892000
2017-03-30,75.2,75.54,74.53,75.2,5803000
2017-03-31,75.2,75.87,74.86,75.2,3868000
2017-04-05,75.2,76.21,75.2,76.21,5003000
2017-04-06,75.87,76.89,75.54,76.55,5674000
2017-04-07,76.21,76.89,76.21,76.89,4017000
2017-04-10,76.89,77.22,76.21,76.21,3854000
2017-04-11,76.21,77.22,75.87,76.89,4590000
2017-04-12,76.21,76.89,76.21,76.21,4493000
2017-04-13,76.21,76.89,76.21,76.55,3912000
2017-04-14,76.21,76.89,76.21,76.21,2640000
2017-04-17,76.21,76.89,75.87,76.89,2578000
2017-04-18,76.55,77.22,76.21,76.55,2831000
2017-04-19,76.21,76.21,74.53,74.53,7803000
2017-04-20,74.86,75.54,74.19,74.19,6860000
2017-04-21,74.53,75.54,74.53,74.86,4948000
2017-04-24,75.54,75.54,74.53,74.53,4246000
2017-04-25,75.2,75.54,74.86,75.54,4240000
2017-04-26,75.2,75.54,74.86,75.54,4484000
2017-04-27,74.86,75.54,74.86,74.86,3688000
2017-04-28,74.86,75.54,74.86,75.2,4537000
2017-05-02,75.2,76.21,74.86,75.2,5043000
2017-05-03,75.2,76.89,75.2,76.21,3187000
2017-05-04,76.21,77.22,75.87,77.22,3838000
2017-05-05,77.22,77.22,75.87,75.87,5281000
2017-05-08,76.21,76.89,75.87,76.89,5305000
2017-05-09,76.55,76.89,75.87,75.87,4612000
2017-05-10,76.21,76.89,75.87,75.87,4796000
2017-05-11,76.55,76.89,75.87,76.89,4902000
2017-05-12,76.55,77.22,76.55,77.22,3027000
2017-05-15,76.89,77.22,76.55,76.89,3610000
2017-05-16,76.89,77.22,76.55,76.89,4487000
2017-05-17,76.89,76.89,75.87,76.55,5395000
2017-05-18,76.21,76.89,75.87,76.89,4225000
2017-05-19,76.55,77.22,76.55,76.55,3638000
2017-05-22,76.55,76.89,76.21,76.89,4828000
2017-05-23,76.55,76.89,76.21,76.55,3244000
2017-05-24,76.55,76.55,75.87,75.87,3148000
2017-05-25,75.87,76.21,75.54,75.87,4477000
2017-05-26,75.87,76.21,75.54,76.21,3694000
2017-05-31,76.55,76.55,75.54,75.54,5165000
2017-06-01,75.87,76.55,75.87,76.21,3144000
2017-06-02,76.21,76.55,75.87,76.21,2094000
2017-06-05,76.21,76.55,76.21,76.55,1914000
2017-06-06,76.21,76.55,75.87,76.21,2014000
2017-06-07,76.21,76.55,76.21,76.21,3305000
2017-06-08,76.21,76.55,76.21,76.21,1993000
2017-06-09,76.21,76.89,76.21,76.21,3009000
2017-06-12,76.21,76.55,75.87,75.87,3164000
2017-06-13,76.21,76.21,75.87,76.21,918000
2017-06-14,75.87,76.55,75.87,76.21,1875000
2017-06-15,76.21,76.55,75.87,75.87,2959000
2017-06-16,76.21,76.55,75.87,76.21,4554000
2017-06-19,76.21,76.55,76.21,76.55,2380000
2017-06-20,76.55,76.89,76.55,76.89,2739000
2017-06-21,76.89,77.56,76.55,77.22,5011000
2017-06-22,77.22,77.56,76.89,77.56,3262000
2017-06-23,77.56,77.56,76.89,77.22,1943000
2017-06-26,77.22,77.56,76.89,77.56,3394000
2017-06-27,77.56,77.56,77.22,77.56,3116000
2017-06-28,77.56,78.57,77.22,77.56,4559000
2017-06-29,77.56,77.9,76.55,76.89,3440000
2017-06-30,76.89,77.22,76.55,77.22,2526000
2017-07-03,77.56,77.56,76.89,77.56,4901000
2017-07-04,77.22,77.56,77.22,77.22,3367000
2017-07-05,77.22,77.56,77.22,77.56,2851000
2017-07-06,77.22,77.56,76.89,77.56,3403000
2017-07-07,77.56,77.56,76.89,77.22,3461000
2017-07-10,77.22,77.22,76.21,76.21,6324000
2017-07-11,76.0,76.36,75.3,75.65,6951000
2017-07-12,76.0,76.0,75.3,75.65,3948000
2017-07-13,76.0,76.0,75.3,76.0,3690000
2017-07-14,76.0,76.0,75.3,75.3,3085000
2017-07-17,75.65,75.65,74.94,74.94,3477000
2017-07-18,74.94,75.65,74.94,75.65,2865000
2017-07-19,75.65,75.65,74.94,75.3,2456000
2017-07-20,75.65,76.0,75.3,75.65,1208000
2017-07-21,76.0,76.0,75.65,75.65,1458000
2017-07-24,76.0,76.36,75.65,76.36,1761000
2017-07-25,76.36,76.36,75.65,75.65,1974000
2017-07-26,75.65,76.0,75.3,75.65,2349000
2017-07-27,75.65,76.36,75.3,76.36,2338000
2017-07-28,76.36,76.36,75.65,76.0,2788000
2017-07-31,75.65,76.36,75.65,76.36,2680000
2017-08-01,76.36,76.36,76.0,76.36,2954000
2017-08-02,76.36,76.71,76.0,76.36,1031000
2017-08-03,76.0,76.36,75.65,76.0,3046000
2017-08-04,76.0,76.36,75.65,76.0,1842000
2017-08-07,76.0,76.36,76.0,76.0,1428000
2017-08-08,76.0,76.36,76.0,76.0,1751000
2017-08-09,76.0,76.36,76.0,76.0,876000
2017-08-10,76.0,76.36,76.0,76.36,1778000
2017-08-11,76.0,76.0,75.65,75.65,989000
2017-08-14,76.0,76.36,75.65,76.0,1355000
2017-08-15,76.0,76.36,75.65,76.0,1888000
2017-08-16,76.0,76.36,75.65,76.0,2391000
2017-08-17,76.0,76.36,76.0,76.36,1260000
2017-08-18,76.0,76.36,75.65,75.65,1331000
2017-08-21,75.65,76.36,75.65,76.36,1124979
2017-08-22,76.36,76.36,75.65,75.65,1016808
2017-08-23,76.0,76.36,75.65,76.0,1461266
2017-08-24,76.0,76.36,76.0,76.0,1625130
2017-08-25,76.0,76.36,75.65,76.0,1463114
2017-08-28,76.36,76.71,76.0,76.71,1983608
2017-08-29,76.71,76.71,76.0,76.36,1280082
2017-08-30,76.36,76.36,76.0,76.0,2062627
2017-08-31,76.36,76.36,75.65,76.36,3321098
2017-09-01,76.36,76.36,76.0,76.36,1504256
2017-09-04,76.0,76.36,76.0,76.36,1078997
2017-09-05,76.36,76.36,76.0,76.0,1970070
2017-09-06,76.0,76.36,75.65,76.0,1801198
2017-09-07,76.0,76.36,75.3,75.65,1761067
2017-09-08,75.65,76.0,75.3,76.0,2205289
2017-09-11,76.0,76.0,75.65,75.65,1461778
2017-09-12,76.0,76.0,75.65,75.65,1652723
2017-09-13,75.65,76.0,75.65,75.65,1337720
2017-09-14,75.65,75.65,75.3,75.65,1658741
2017-09-15,75.3,76.36,75.3,76.36,4975016
2017-09-18,76.0,76.36,75.65,75.65,1650650
2017-09-19,75.65,76.36,75.65,76.36,2658936
2017-09-20,76.0,76.0,75.65,76.0,1702482
2017-09-21,76.0,76.0,75.3,75.65,1693181
2017-09-22,75.65,76.0,75.3,75.65,2176415
2017-09-25,75.65,76.0,75.3,75.65,2271988
2017-09-26,75.65,76.36,75.3,75.65,4619919
2017-09-27,76.36,76.36,75.65,75.65,1961102
2017-09-28,76.0,76.36,75.65,76.36,2963404
2017-09-29,76.0,76.36,76.0,76.36,3064447
2017-10-02,76.36,76.71,76.0,76.71,1843694
2017-10-03,76.71,76.71,75.65,75.65,2333409
2017-10-05,76.0,76.36,76.0,76.0,1870400
2017-10-06,76.0,76.71,76.0,76.36,2408502
2017-10-11,76.36,76.71,76.36,76.36,3617563
2017-10-12,76.36,76.36,76.0,76.0,3234527
2017-10-13,76.36,77.07,76.0,77.07,5582377
2017-10-16,76.71,76.71,76.36,76.36,3930717
2017-10-17,76.36,76.71,76.0,76.36,2688202
2017-10-18,76.36,76.71,76.0,76.36,2960587
2017-10-19,76.36,76.36,76.0,76.0,1443668
2017-10-20,76.36,76.36,76.0,76.0,3661688
2017-10-23,76.36,76.36,75.65,76.0,3096297
2017-10-24,76.0,76.36,75.65,76.0,2804875
2017-10-25,76.0,76.36,75.65,75.65,2091685
2017-10-26,75.65,76.0,75.65,76.0,1709945
2017-10-27,76.0,76.0,75.65,76.0,2062638
2017-10-30,76.0,76.0,75.65,75.65,2326488
2017-10-31,75.65,76.0,75.3,76.0,2600108
2017-11-01,75.65,76.0,74.94,75.3,7496318
2017-11-02,75.3,75.3,74.94,74.94,2770861
2017-11-03,74.94,75.3,74.59,74.94,4370538
2017-11-06,74.94,75.3,74.94,75.3,4293776
2017-11-07,75.3,75.65,74.94,75.65,4479418
2017-11-08,75.65,76.0,75.65,75.65,2257725
2017-11-09,76.0,76.36,75.65,76.36,3725228
2017-11-10,76.36,76.36,76.0,76.0,2685265
2017-11-13,76.0,76.36,75.65,75.65,4174961
2017-11-14,75.65,76.0,75.3,75.65,2168320
2017-11-15,76.0,76.36,75.65,75.65,6133876
2017-11-16,75.65,76.36,75.65,75.65,3180824
2017-11-17,76.0,76.36,76.0,76.0,2594561
2017-11-20,76.0,76.36,76.0,76.36,2347325
2017-11-21,76.36,76.36,76.0,76.0,3024596
2017-11-22,76.36,76.71,76.36,76.71,4201438
2017-11-23,76.71,76.71,76.36,76.71,3538808
2017-11-24,76.71,76.71,76.36,76.71,2782674
2017-11-27,76.71,76.71,76.36,76.71,3546217
2017-11-28,76.71,77.07,76.36,76.71,4913579
2017-11-29,76.71,77.07,76.36,76.36,4179953
2017-11-30,76.0,76.71,76.0,76.0,6128235
2017-12-01,76.36,76.71,76.0,76.71,3892513
2017-12-04,76.71,76.71,76.36,76.36,3079002
2017-12-05,76.0,76.36,76.0,76.36,3897004
2017-12-06,76.0,76.36,75.3,76.0,6877353
2017-12-07,75.65,76.0,75.3,75.65,6537778
2017-12-08,76.0,76.0,74.94,75.3,11248960
2017-12-11,75.3,75.65,74.94,75.3,11475730
2017-12-12,75.3,75.65,74.94,75.3,6526961
2017-12-13,75.3,75.3,74.59,75.3,11365810
2017-12-14,75.3,75.65,74.94,75.3,6710172
2017-12-15,75.3,75.65,74.94,74.94,12597921
2017-12-18,74.94,76.0,74.94,75.65,4687345
2017-12-19,75.65,76.0,74.94,74.94,11808669
2017-12-20,75.3,75.65,74.94,75.3,3968107
2017-12-21,75.65,75.65,74.94,75.3,10313282
2017-12-22,75.3,75.65,74.94,75.3,5512352
2017-12-25,75.3,75.65,75.3,75.3,7182529
2017-12-26,75.65,75.65,75.3,75.3,4267000
2017-12-27,75.65,76.36,75.3,76.36,3019105
2017-12-28,76.36,76.71,76.36,76.71,2115635
2017-12-29,76.71,76.71,75.65,76.0,9889906
2018-01-02,75.65,76.71,75.65,76.36,9607638
2018-01-03,76.36,76.71,76.0,76.71,6043021
2018-01-04,76.71,77.07,76.36,76.71,8543889
2018-01-05,77.07,77.77,76.36,76.71,11394706
2018-01-08,76.71,77.77,76.71,77.77,10288775
2018-01-09,77.42,78.83,77.42,78.48,8589441
2018-01-10,78.48,78.83,77.77,77.77,4597981
2018-01-11,77.42,78.48,77.07,78.48,3413041
2018-01-12,78.13,78.83,78.13,78.48,1958572
2018-01-15,78.48,79.19,78.48,79.19,1789105
2018-01-16,78.83,78.83,77.77,78.48,4388631
2018-01-17,78.48,78.83,78.13,78.48,6256241
2018-01-18,78.13,78.48,76.71,77.42,11046355
2018-01-19,77.07,77.42,76.71,77.42,6311520
2018-01-22,77.07,78.13,77.07,77.42,3280210
2018-01-23,77.77,77.77,77.07,77.42,4945403
2018-01-24,77.42,77.77,77.07,77.77,1918701
2018-01-25,77.77,78.13,77.42,77.77,3439102
2018-01-26,77.77,78.48,77.42,78.13,3511407
2018-01-29,78.13,79.19,78.13,78.83,3325514
2018-01-30,78.48,79.19,78.13,78.48,5334518
2018-01-31,78.13,78.83,77.42,78.83,4418255
2018-02-01,78.48,79.19,78.48,78.83,3687775
2018-02-02,78.83,78.83,76.71,77.07,7900974
2018-02-05,76.36,77.77,76.0,77.07,6590852
2018-02-06,76.0,76.71,74.59,74.94,12341170
2018-02-07,76.0,76.71,75.65,76.36,7743359
2018-02-08,76.36,76.71,75.65,75.65,6131926
2018-02-09,74.59,76.36,74.24,75.65,6126045
2018-02-12,75.65,76.36,75.3,76.0,3894679
2018-02-21,76.36,77.07,76.0,76.36,5141976
2018-02-22,76.0,76.36,75.3,75.65,7659519
2018-02-23,75.65,76.0,75.3,76.0,5364684
2018-02-26,76.0,76.71,76.0,76.0,4200202
2018-02-27,76.36,76.36,75.65,76.0,6310170
2018-03-01,75.65,76.0,75.3,75.3,6339120
2018-03-02,75.3,76.0,75.3,75.65,3097304
2018-03-05,75.65,76.0,75.3,75.3,3317945
2018-03-06,76.0,76.36,75.65,76.0,2686912
2018-03-07,76.0,76.36,75.65,75.65,3104275
2018-03-08,75.65,76.0,75.65,75.65,4124801
2018-03-09,75.65,75.65,75.3,75.3,3205269
2018-03-12,75.3,75.65,74.94,74.94,8683463
2018-03-13,74.94,75.3,74.94,74.94,9872416
2018-03-14,75.3,75.3,74.94,74.94,12673751
2018-03-15,74.94,75.3,74.59,74.94,10166515
2018-03-16,74.94,75.3,74.59,74.59,15656928
2018-03-19,74.59,75.3,74.59,74.94,8301039
2018-03-20,74.94,75.65,74.94,74.94,5354522
2018-03-21,75.3,76.0,75.3,75.65,3372644
2018-03-22,75.65,76.71,75.65,76.36,8664163
2018-03-23,76.0,76.36,75.65,75.65,6337866
2018-03-26,76.0,76.71,75.65,76.36,3659899
2018-03-27,76.36,76.71,76.36,76.71,3054853
2018-03-28,76.71,77.07,76.36,76.71,2322599
2018-03-29,77.07,77.07,76.36,77.07,4920004
2018-03-30,76.71,77.42,76.71,77.42,3820338
2018-04-02,77.77,78.13,77.42,77.77,1577967
2018-04-03,77.42,78.13,77.42,77.42,3286743
2018-04-09,77.07,78.13,77.07,77.77,3811625
2018-04-10,77.42,77.77,77.07,77.77,3582104
2018-04-11,77.77,78.13,77.42,77.77,3218581
2018-04-12,77.77,78.13,77.42,77.42,4096999
2018-04-13,77.42,77.77,77.07,77.07,3214342
2018-04-16,77.07,78.13,77.07,78.13,2204188
2018-04-17,77.77,78.13,77.07,77.42,4538295
2018-04-18,77.07,77.77,77.07,77.77,4447899
2018-04-19,77.77,78.48,77.42,77.77,4388369
2018-04-20,77.77,78.13,77.42,77.77,2209690
2018-04-23,77.77,78.13,77.77,77.77,1380980
2018-04-24,77.77,77.77,77.07,77.07,2956767
2018-04-25,77.07,77.42,76.71,76.71,3434883
2018-04-26,76.71,77.42,76.71,77.07,2942546
2018-04-27,77.07,77.77,76.71,77.07,2476201
2018-04-30,77.42,77.77,77.42,77.42,2852326
2018-05-02,77.77,79.19,77.77,78.48,8702641
2018-05-03,78.48,78.83,77.77,77.77,5726449
2018-05-04,77.77,77.77,77.42,77.42,3453704
2018-05-07,77.77,77.77,77.07,77.07,2747414
2018-05-08,77.07,77.77,77.07,77.77,1849410
2018-05-09,77.77,77.77,76.71,76.71,5140221
2018-05-10,76.71,77.42,76.0,76.36,10889764
2018-05-11,76.36,76.36,75.65,75.65,7584558
2018-05-14,76.0,76.36,75.65,75.65,3679692
2018-05-15,75.65,76.36,75.65,75.65,3740436
2018-05-16,76.0,76.36,75.65,76.0,4944538
2018-05-17,76.0,76.36,75.65,76.0,4913223
2018-05-18,76.36,76.71,76.0,76.71,3515888
2018-05-21,76.71,77.42,76.36,76.71,3689743
2018-05-22,76.71,77.07,76.71,76.71,3968789
2018-05-23,76.71,77.42,76.36,76.71,6743800
2018-05-24,77.07,77.42,76.36,77.07,5150426
2018-05-25,77.42,77.77,77.07,77.42,3901802
2018-05-28,77.42,78.13,77.42,77.77,6000632
2018-05-29,77.77,78.13,77.77,77.77,3649988
2018-05-30,77.42,77.77,77.07,77.42,3786218
2018-05-31,77.42,78.13,77.42,77.77,7887954
2018-06-01,77.77,78.13,77.42,78.13,2537276
2018-06-04,78.13,78.13,77.77,78.13,3042648
2018-06-05,78.13,78.13,77.77,77.77,4213939
2018-06-06,77.77,77.77,77.42,77.42,3370412
2018-06-07,77.42,78.13,77.42,78.13,2771684
2018-06-08,78.13,78.48,77.77,78.13,5217729
2018-06-11,78.13,78.48,77.77,77.77,4459123
2018-06-12,78.13,78.13,77.77,78.13,3407980
2018-06-13,78.13,78.83,78.13,78.48,5341767
2018-06-14,78.13,78.83,77.77,77.77,3796119
2018-06-15,78.13,78.48,77.42,77.42,5783712
2018-06-19,77.42,78.48,77.42,77.42,9973104
2018-06-20,77.77,78.48,77.42,77.77,6744292
2018-06-21,78.13,78.83,77.77,78.48,4638366
2018-06-22,78.13,78.83,77.77,78.48,4126975
2018-06-25,78.13,78.83,78.13,78.13,2763595
2018-06-26,77.77,78.48,77.77,78.13,3786409
2018-06-27,78.13,78.48,77.77,78.13,5006422
2018-06-28,78.13,78.48,77.77,78.48,4271344
2018-06-29,77.77,78.48,77.77,78.13,4160814
2018-07-02,78.13,78.48,77.77,77.77,2683266
2018-07-03,77.77,78.48,77.77,78.13,3575502
2018-07-04,78.13,78.48,78.13,78.48,2593727
2018-07-05,78.48,78.83,78.13,78.13,3665255
2018-07-06,78.13,78.83,78.13,78.48,5153915
2018-07-09,78.48,79.19,78.13,78.83,7728721
2018-07-10,79.65,79.65,78.16,78.91,13572349
2018-07-11,78.91,79.28,78.54,78.91,4533833
2018-07-12,78.54,78.91,78.16,78.16,2529431
2018-07-13,78.16,78.54,78.16,78.16,2293834
2018-07-16,78.54,78.91,78.16,78.54,982617
2018-07-17,78.54,78.54,78.16,78.54,2326809
2018-07-18,78.54,78.54,78.16,78.54,2464491
2018-07-19,78.54,78.54,77.79,78.16,7718665
2018-07-20,78.16,78.54,77.79,78.16,2041742
2018-07-23,78.16,78.54,78.16,78.54,3631858
2018-07-24,78.54,78.91,78.16,78.91,2671740
2018-07-25,78.91,78.91,78.16,78.54,1944336
2018-07-26,78.54,78.91,78.16,78.54,2394751
2018-07-27,78.54,78.54,78.16,78.54,1665850
2018-07-30,78.54,78.54,78.16,78.54,1718391
2018-07-31,78.54,78.91,78.54,78.54,2989153
2018-08-01,78.54,78.91,78.54,78.91,1752637
2018-08-02,78.54,78.91,78.16,78.16,1585730
2018-08-03,78.16,78.54,78.16,78.16,2663124
2018-08-06,78.54,78.91,78.16,78.54,1194468
2018-08-07,78.54,78.91,78.16,78.16,2189951
2018-08-08,78.16,78.54,78.16,78.16,3188697
2018-08-09,78.54,78.54,78.16,78.16,1319486
2018-08-10,78.54,78.91,78.16,78.91,1970056
2018-08-13,78.91,78.91,78.54,78.54,1466943
2018-08-14,78.91,78.91,78.54,78.91,2033277
2018-08-15,78.91,78.91,78.54,78.54,1381444
2018-08-16,78.54,78.91,78.16,78.16,4462511
2018-08-17,78.54,78.91,78.16,78.91,1615331
2018-08-20,78.91,78.91,78.54,78.91,3001830
2018-08-21,78.91,79.28,78.54,79.28,2711918
2018-08-22,79.28,79.65,79.28,79.65,2539611
2018-08-23,79.65,80.02,79.28,80.02,2892748
2018-08-24,79.65,80.02,79.28,79.65,2855667
2018-08-27,79.65,80.02,79.65,80.02,2425213
2018-08-28,80.02,80.02,79.65,80.02,1875056
2018-08-29,79.65,80.02,79.65,80.02,1889806
2018-08-30,80.02,80.02,79.28,79.65,3814752
2018-08-31,79.65,80.02,79.28,79.65,4349918
2018-09-03,80.02,80.02,79.28,80.02,1264723
2018-09-04,79.65,80.4,79.65,80.02,2663043
2018-09-05,79.65,80.4,79.65,79.65,2983697
2018-09-06,79.28,80.02,79.28,79.65,2104219
2018-09-07,79.65,80.02,79.28,80.02,2398201
2018-09-10,80.02,80.4,79.65,80.02,3776390
2018-09-11,80.4,80.77,80.02,80.77,3219031
2018-09-12,80.4,81.51,80.4,81.14,5574394
2018-09-13,80.77,81.51,80.77,81.14,6174146
2018-09-14,81.14,81.89,81.14,81.51,5089381
2018-09-17,81.51,81.51,80.77,81.14,2845583
2018-09-18,81.14,81.51,80.77,81.14,3919617
2018-09-19,81.14,81.51,81.14,81.51,2388535
2018-09-20,81.14,81.89,81.14,81.14,3118376
2018-09-21,81.51,81.51,81.14,81.51,4133534
2018-09-25,81.14,81.51,81.14,81.14,1239515
2018-09-26,81.14,81.89,81.14,81.14,1936319
2018-09-27,81.14,81.51,81.14,81.51,2191252
2018-09-28,81.14,81.51,81.14,81.51,1977814
2018-10-01,81.51,81.89,81.14,81.51,1520631
2018-10-02,81.51,81.89,81.14,81.14,1936195
2018-10-03,81.14,81.51,80.77,81.51,1570870
2018-10-04,81.51,81.51,80.4,80.4,2389493
2018-10-05,80.4,80.77,79.65,80.77,4620211
2018-10-08,80.77,81.14,80.4,81.14,3440112
2018-10-09,80.77,81.51,80.77,81.14,5139961
2018-10-11,80.02,81.51,80.02,80.4,12649681
2018-10-12,80.02,80.77,79.65,80.77,7433875
2018-10-15,80.02,80.77,79.65,80.02,5545327
2018-10-16,79.65,80.4,79.65,80.02,3400181
2018-10-17,80.02,80.77,80.02,80.4,2348434
2018-10-18,80.02,80.4,80.02,80.4,2323612
2018-10-19,80.4,80.77,80.02,80.77,1528650
2018-10-22,80.02,80.4,79.65,80.4,2009889
2018-10-23,80.02,80.02,79.65,80.02,3316009
2018-10-24,79.65,80.77,79.65,80.77,6861254
2018-10-25,80.4,81.51,79.65,81.51,6551818
2018-10-26,80.77,81.89,80.4,81.89,7013234
2018-10-29,81.89,81.89,81.14,81.89,5006799
2018-10-30,81.89,82.26,81.51,81.89,5691162
2018-10-31,81.51,82.26,81.51,82.26,4334180
2018-11-01,81.51,81.89,81.14,81.51,3470905
2018-11-02,81.14,81.14,79.28,80.4,7934638
2018-11-05,79.65,80.77,79.65,80.77,1735340
2018-11-06,80.77,81.14,80.4,81.14,1567097
2018-11-07,81.14,81.89,81.14,81.89,2609330
2018-11-08,81.51,81.89,81.14,81.51,2747543
2018-11-09,81.51,81.89,81.14,81.14,2236642
2018-11-12,81.14,81.89,80.77,81.51,2007363
2018-11-13,81.14,81.89,80.77,81.89,3030144
2018-11-14,81.51,82.26,81.51,82.26,3293715
2018-11-15,82.26,82.26,81.51,82.26,3112479
2018-11-16,82.26,82.26,80.77,81.14,4752387
2018-11-19,81.14,81.51,80.77,81.51,4499594
2018-11-20,81.51,81.89,81.14,81.89,2605651
2018-11-21,81.89,81.89,81.14,81.51,2753051
2018-11-22,81.51,81.51,81.14,81.51,2621801
2018-11-23,81.51,81.89,81.14,81.89,3686491
2018-11-26,81.51,82.26,81.14,81.51,3842353
2018-11-27,81.51,81.51,81.14,81.51,2806466
2018-11-28,81.14,81.89,81.14,81.89,2979288
2018-11-29,81.89,82.26,81.14,81.14,2887486
2018-11-30,81.51,81.51,81.14,81.14,7864634
2018-12-03,81.14,81.51,79.65,80.4,11497536
2018-12-04,80.02,80.4,79.65,79.65,5237298
2018-12-05,80.02,80.4,79.65,80.02,2566545
2018-12-06,80.02,80.4,79.65,79.65,2765224
2018-12-07,80.02,80.4,79.65,80.4,1509993
2018-12-10,80.02,80.4,80.02,80.02,755662
2018-12-11,80.02,80.4,79.65,80.4,2085328
2018-12-12,80.77,80.77,79.65,79.65,3787625
2018-12-13,80.02,80.4,79.65,80.4,5024176
2018-12-14,79.65,80.02,79.65,80.02,4027970
2018-12-17,80.02,80.4,79.65,80.4,5090317
2018-12-18,80.4,80.4,79.65,80.4,4095183
2018-12-19,80.4,80.4,79.65,80.4,6185015
2018-12-20,80.4,80.4,79.65,80.4,1878949
2018-12-21,80.4,80.4,79.65,80.4,3046932
2018-12-24,80.4,80.4,79.65,80.4,1845032
2018-12-25,80.4,80.4,79.65,80.02,1821999
2018-12-26,80.02,80.4,78.91,79.28,9536865
2018-12-27,79.28,79.65,78.91,79.28,4713675
2018-12-28,79.65,80.02,78.16,79.28,25873237
2019-01-02,79.65,79.65,79.28,79.65,2711453
2019-01-03,79.65,79.65,78.91,79.28,2647126
2019-01-04,79.28,79.28,78.91,79.28,3747029
2019-01-07,80.02,80.4,79.65,80.4,3806832
2019-01-08,80.02,80.02,79.65,80.02,2668931
2019-01-09,80.02,80.4,79.65,80.4,5793849
2019-01-10,80.02,80.4,79.65,80.4,6534794
2019-01-11,80.02,81.14,80.02,80.77,7271812
2019-01-14,80.77,80.77,80.4,80.77,1755504
2019-01-15,80.77,81.14,79.65,80.4,3225546
2019-01-16,80.4,80.77,80.02,80.77,1739408
2019-01-17,80.77,81.14,80.4,81.14,2708187
2019-01-18,81.14,81.14,80.4,81.14,3584031
2019-01-21,81.14,81.14,80.4,80.4,3259957
2019-01-22,80.77,81.14,80.4,81.14,3665297
2019-01-23,80.77,81.14,80.4,81.14,2698534
2019-01-24,81.14,81.14,80.77,81.14,3188044
2019-01-25,80.77,81.51,80.77,81.51,2885757
2019-01-28,81.51,81.51,80.4,80.4,5318086
2019-01-29,80.77,81.14,80.4,81.14,3388428
2019-01-30,81.14,81.51,80.4,81.51,5980038
2019-02-11,81.14,81.89,81.14,81.51,8200744
2019-02-12,81.51,81.89,80.77,80.77,5753296
2019-02-13,80.77,81.14,80.4,80.4,4051852
2019-02-14,80.4,80.77,79.65,79.65,3676446
2019-02-15,79.65,80.77,79.65,80.77,2362229
2019-02-18,80.77,81.14,80.4,81.14,3127511
2019-02-19,81.14,81.14,80.77,80.77,1539884
2019-02-20,80.77,80.77,80.4,80.77,3963823
2019-02-21,80.4,81.89,80.4,81.51,5166604
2019-02-22,81.51,81.89,81.14,81.89,3835796
2019-02-25,81.89,81.89,81.51,81.51,2539845
2019-02-26,81.51,81.89,81.14,81.89,5113301
2019-02-27,81.89,81.89,81.51,81.89,3134349
2019-03-04,81.51,81.89,81.51,81.89,5326206
2019-03-05,81.51,81.89,81.51,81.89,3142437
2019-03-06,81.51,82.26,81.51,81.51,2819579
2019-03-07,81.89,82.26,81.51,81.51,3963765
2019-03-08,81.51,81.89,81.51,81.51,3531268
2019-03-11,81.51,81.89,81.51,81.89,2424416
2019-03-12,81.51,81.89,81.51,81.51,3343122
2019-03-13,81.89,82.26,81.51,81.89,3528533
2019-03-14,81.51,81.89,81.14,81.14,4016859
2019-03-15,81.14,82.26,81.14,82.26,5037218
2019-03-18,81.89,82.26,81.51,81.89,2770667
2019-03-19,81.89,82.26,81.51,82.26,4461267
2019-03-20,81.89,82.26,81.51,82.26,2374099
2019-03-21,82.26,82.26,81.89,82.26,1664645
2019-03-22,82.26,82.26,81.89,81.89,3306590
2019-03-25,81.89,82.26,81.89,82.26,1177316
2019-03-26,82.26,83.0,82.26,83.0,3773920
2019-03-27,82.63,83.0,82.26,82.63,1467249
2019-03-28,82.63,83.37,82.26,83.37,2886360
2019-03-29,83.0,83.37,82.63,83.0,2502092
2019-04-01,83.0,83.0,82.63,82.63,2898953
2019-04-02,82.63,83.0,82.26,82.26,1175915
2019-04-03,82.63,82.63,82.26,82.63,1470502
2019-04-08,82.63,82.63,81.89,82.26,2170662
2019-04-09,81.89,82.63,81.89,82.63,1843248
2019-04-10,82.63,82.63,82.26,82.63,1858958
2019-04-11,82.26,82.63,81.89,82.63,2829387
2019-04-12,82.26,82.63,82.26,82.63,2407643
2019-04-15,82.63,83.0,82.63,82.63,2303929
2019-04-16,82.63,83.37,82.63,83.0,2469476
2019-04-17,83.0,83.37,82.63,83.0,1535471
2019-04-18,83.0,83.75,83.0,83.37,3675452
2019-04-19,83.37,83.37,83.0,83.0,1931838
2019-04-22,83.37,83.37,83.0,83.0,632664
2019-04-23,83.37,83.75,83.0,83.75,1863116
2019-04-24,83.75,83.75,83.37,83.37,3463098
2019-04-25,83.37,84.12,83.37,83.75,2877215
2019-04-26,83.75,84.12,83.37,84.12,3230377
2019-04-29,83.75,84.12,83.37,84.12,4528209
2019-04-30,84.12,84.12,83.75,84.12,4182064
2019-05-02,84.49,85.61,84.12,85.23,6195338
2019-05-03,85.23,85.23,84.86,85.23,3816579
2019-05-06,84.86,84.86,83.75,84.12,6228208
2019-05-07,84.12,84.86,84.12,84.86,4215935
2019-05-08,84.86,84.86,84.49,84.49,2091500
2019-05-09,84.49,84.86,84.49,84.86,3504668
2019-05-10,84.86,85.23,84.86,84.86,1801503
2019-05-13,84.86,85.23,84.86,85.23,1649024
2019-05-14,84.86,85.61,84.49,84.86,4604072
2019-05-15,84.86,85.61,84.86,85.23,3775968
2019-05-16,85.23,85.61,84.86,84.86,2316014
2019-05-17,85.23,85.61,85.23,85.61,3888578
2019-05-20,85.61,86.35,85.61,85.98,4652741
2019-05-21,85.98,87.84,85.98,87.84,9556665
2019-05-22,87.84,87.84,86.72,87.1,3291921
2019-05-23,87.1,87.47,86.72,87.47,3060671
2019-05-24,87.47,87.84,87.1,87.47,4077182
2019-05-27,87.47,87.84,87.47,87.84,1798747
2019-05-28,87.84,87.84,86.35,86.35,7298717
2019-05-29,86.35,87.47,86.35,87.47,3709315
2019-05-30,87.84,87.84,87.1,87.84,2966672
2019-05-31,87.1,87.84,87.1,87.84,4715317
2019-06-03,87.84,87.84,87.47,87.84,2184446
2019-06-04,87.84,87.84,87.47,87.84,3215116
2019-06-05,87.84,88.21,87.47,88.21,3847739
2019-06-06,88.21,88.21,87.84,88.21,2009555
2019-06-10,88.21,88.96,88.21,88.96,3378773
2019-06-11,88.96,88.96,88.58,88.58,2909595
2019-06-12,88.96,89.33,88.58,89.33,4465201
2019-06-13,89.33,89.7,88.96,89.7,4026876
2019-06-14,89.33,89.7,88.96,89.7,5356085
2019-06-17,89.33,89.7,88.96,88.96,2448915
2019-06-18,88.96,88.96,88.58,88.96,2100452
2019-06-19,88.96,90.07,88.58,90.07,6134932
2019-06-20,90.07,90.07,89.7,90.07,2797231
2019-06-21,90.07,90.82,89.7,90.82,5124604
2019-06-24,90.45,91.19,90.45,91.19,2642999
2019-06-25,91.19,91.19,90.45,91.19,4542006
2019-06-26,91.19,91.56,90.82,91.19,3344256
2019-06-27,91.19,91.56,90.82,91.19,4839978
2019-06-28,90.82,91.19,90.82,91.19,2300324
2019-07-01,90.82,90.82,89.7,90.07,4935463
2019-07-02,90.45,91.19,90.07,91.19,3695966
2019-07-03,90.82,91.19,90.45,91.19,2356511
2019-07-04,91.19,91.56,90.45,90.82,3997935
2019-07-05,90.82,91.19,90.45,91.19,3595079
2019-07-08,91.19,91.19,90.07,90.82,4443427
2019-07-09,90.08,90.08,88.13,88.13,11394730
2019-07-10,88.13,88.52,88.13,88.52,3762979
2019-07-11,88.52,88.52,86.96,87.35,3344740
2019-07-12,87.35,87.35,86.57,86.96,4747176
2019-07-15,87.35,87.35,86.18,86.18,2492454
2019-07-16,86.18,86.57,84.62,85.4,11655910
2019-07-17,85.4,86.57,85.01,86.57,4128198
2019-07-18,86.57,86.57,85.79,86.18,1793203
2019-07-19,86.18,86.57,85.79,86.57,2839451
2019-07-22,86.57,86.96,86.18,86.57,4788585
2019-07-23,86.57,86.57,86.18,86.18,2364678
2019-07-24,86.18,86.57,85.4,85.4,5382869
2019-07-25,85.4,86.18,85.01,85.79,6365784
2019-07-26,85.79,85.79,85.01,85.01,4373560
2019-07-29,85.01,85.79,85.01,85.01,3113533
2019-07-30,85.4,85.79,85.01,85.01,5425000
2019-07-31,85.4,85.79,85.01,85.4,8665167
2019-08-01,85.01,85.4,84.62,84.62,3756623
2019-08-02,84.62,85.79,84.23,85.01,4033345
2019-08-05,85.01,85.79,85.01,85.79,2994573
2019-08-06,85.4,85.79,85.01,85.4,3178696
2019-08-07,85.4,85.4,85.01,85.4,2804703
2019-08-08,85.4,85.79,85.01,85.4,2672412
2019-08-12,85.4,86.18,85.4,85.79,2570073
2019-08-13,85.79,86.57,85.79,86.18,2372124
2019-08-14,86.18,86.57,86.18,86.18,2163226
2019-08-15,86.57,86.57,85.79,86.57,2485161
2019-08-16,86.18,86.18,85.79,85.79,2172034
2019-08-19,86.18,86.57,85.79,85.79,1526529
2019-08-20,86.18,86.18,85.79,85.79,2956297
2019-08-21,85.79,86.18,85.79,85.79,2100342
2019-08-22,85.79,86.57,85.79,86.57,2465715
2019-08-23,86.18,86.57,85.79,86.57,1919728
2019-08-26,85.79,86.18,85.79,85.79,2127991
2019-08-27,86.18,86.57,85.79,85.79,4984018
2019-08-28,86.18,86.57,85.79,86.57,1417948
2019-08-29,86.57,86.96,86.18,86.96,3063734
2019-08-30,86.96,87.35,86.57,87.35,3866501
2019-09-02,87.35,87.74,86.96,87.74,1692422
2019-09-03,87.74,87.74,86.96,86.96,2313604
2019-09-04,86.96,87.35,86.96,87.35,2395108
2019-09-05,86.96,87.35,86.96,87.35,2670135
2019-09-06,87.35,87.35,86.96,87.35,2349282
2019-09-10,88.13,88.52,87.74,88.52,3780675
2019-09-11,88.52,88.52,88.13,88.52,2686724
2019-09-12,88.52,88.52,88.13,88.52,2565359
2019-09-16,88.52,88.91,88.13,88.91,2768203
2019-09-17,88.91,89.3,88.52,88.91,2913904
2019-09-18,88.91,89.69,88.91,89.3,3242108
2019-09-19,89.3,89.3,88.91,89.3,1068509
2019-09-20,89.3,89.3,88.91,88.91,3412807
2019-09-23,88.91,89.3,88.52,88.52,1987323
2019-09-24,88.52,88.91,88.13,88.13,3060551
2019-09-25,88.13,88.52,87.74,88.13,2644328
2019-09-26,88.13,88.52,87.74,88.13,2221674
2019-09-27,87.74,88.13,87.35,87.35,2317091
2019-10-01,88.52,88.52,88.13,88.52,2146197
2019-10-02,88.52,88.91,88.13,88.52,2477233
2019-10-03,88.13,88.52,87.74,87.74,1634113
2019-10-04,88.13,88.52,87.74,88.52,2489791
2019-10-07,88.52,88.52,88.13,88.52,1308422
2019-10-08,88.52,88.52,88.13,88.52,1664394
2019-10-09,88.13,88.52,87.74,87.74,2231519
2019-10-14,88.13,88.52,87.74,88.52,2529045
2019-10-15,88.52,88.52,88.13,88.52,2547946
2019-10-16,88.52,88.52,88.13,88.52,2940132
2019-10-17,88.52,88.52,88.13,88.52,2563472
2019-10-18,88.52,88.52,88.13,88.13,2228864
2019-10-21,88.13,88.52,88.13,88.52,2942606
2019-10-22,88.52,88.52,88.13,88.52,2611138
2019-10-23,88.13,88.52,88.13,88.13,2452094
2019-10-24,88.52,88.52,88.13,88.13,2201367
2019-10-25,88.52,88.52,88.13,88.52,2609333
2019-10-28,88.91,88.91,88.52,88.91,1662751
2019-10-29,88.91,88.91,88.52,88.52,2887658
2019-10-30,88.52,88.91,88.13,88.91,3236341
2019-10-31,88.91,89.3,88.52,88.52,4521996
2019-11-01,88.91,88.91,88.52,88.91,3364376
2019-11-04,88.52,88.91,88.52,88.91,2640056
2019-11-05,88.91,89.69,88.52,89.69,2206352
2019-11-06,89.69,90.08,88.91,90.08,2233896
2019-11-07,90.47,90.47,89.69,90.47,2223751
2019-11-08,90.47,90.86,90.47,90.47,1850295
2019-11-11,90.47,90.86,90.08,90.86,1804972
2019-11-12,90.86,90.86,90.47,90.86,2402238
2019-11-13,90.47,90.47,89.69,89.69,3959676
2019-11-14,89.69,90.47,89.69,90.47,2268321
2019-11-15,90.47,90.47,89.69,90.08,2086646
2019-11-18,90.47,90.47,89.69,90.08,3494355
2019-11-19,89.69,89.69,89.3,89.69,2486850
2019-11-20,89.69,90.47,89.69,90.47,3001345
2019-11-21,90.47,90.47,90.08,90.08,2138549
2019-11-22,90.47,90.47,90.08,90.47,1801104
2019-11-25,90.47,90.86,90.08,90.86,2077082
2019-11-26,90.47,90.86,90.08,90.08,7984498
2019-11-27,90.08,90.08,89.69,90.08,2370914
2019-11-28,89.69,90.47,89.3,89.3,7176170
2019-11-29,89.3,90.08,89.3,89.3,1798191
2019-12-02,89.3,90.08,89.3,89.69,2346482
2019-12-03,89.69,90.08,89.3,89.69,2174246
2019-12-04,89.69,89.69,89.3,89.69,1114145
2019-12-05,90.08,90.08,89.69,90.08,3084258
2019-12-06,90.08,90.08,89.3,89.3,3761654
2019-12-09,89.69,89.69,88.91,88.91,4524131
2019-12-10,88.91,88.91,88.52,88.52,2115985
2019-12-11,88.91,88.91,88.52,88.52,1783251
2019-12-12,88.91,89.69,88.52,89.3,2590247
2019-12-13,89.69,89.69,88.91,89.3,5492140
2019-12-16,88.91,89.3,88.13,88.13,10328
2019-12-17,88.13,88.52,87.74,88.13,4189755
2019-12-18,88.13,88.91,88.13,88.52,4018627
2019-12-19,88.13,88.52,87.74,87.74,6701046
2019-12-20,88.13,88.91,87.74,88.52,4364111
2019-12-23,88.52,88.91,88.13,88.91,1613012
2019-12-24,88.52,88.52,88.13,88.13,1705300
2019-12-25,88.13,88.13,87.74,88.13,1704062
2019-12-26,88.52,88.52,87.74,88.13,2318815
2019-12-27,88.52,88.52,88.13,88.52,1376431
2019-12-30,88.52,88.52,88.13,88.13,3989125
2019-12-31,88.52,88.52,87.35,87.35,2697293
2020-01-02,87.74,88.13,86.96,87.74,2797693
2020-01-03,87.74,87.74,87.35,87.74,4297975
2020-01-06,87.35,87.35,86.18,86.18,4203858
2020-01-07,86.18,86.57,85.01,85.4,11932990
2020-01-08,85.4,85.79,84.62,85.4,6059571
2020-01-09,85.4,86.18,85.01,85.79,4924412
2020-01-10,85.79,85.79,85.4,85.4,3697896
2020-01-13,85.4,85.79,84.23,85.01,13509666
2020-01-14,84.62,85.01,84.23,84.62,5593979
2020-01-15,84.62,84.62,83.84,84.23,7583824
2020-01-16,84.23,84.62,83.84,84.23,4056168
2020-01-17,84.23,85.01,84.23,85.01,3290668
2020-01-20,85.01,85.01,84.62,84.62,2866907
2020-01-30,84.62,85.01,83.45,83.45,9538226
2020-01-31,83.45,84.62,83.45,83.45,6893194
2020-02-03,83.45,84.23,83.45,84.23,3786612
2020-02-04,88.91,89.3,83.84,83.84,3209736
2020-02-05,83.84,84.62,83.84,84.23,4594312
2020-02-06,84.62,85.01,84.23,84.62,3477076
2020-02-07,84.62,84.62,83.84,83.84,3251917
2020-02-10,84.23,84.23,83.84,84.23,3426491
2020-02-11,84.23,84.62,83.84,83.84,2712988
2020-02-12,83.84,84.23,83.45,83.45,7132170
2020-02-13,83.84,84.23,83.84,84.23,2611001
2020-02-14,84.23,85.01,83.84,85.01,2201294
2020-02-17,84.62,85.4,84.62,85.4,2302888
2020-02-18,85.4,85.4,84.62,84.62,3847643
2020-02-19,85.01,85.4,84.62,84.62,3114523
2020-02-20,85.01,85.4,84.62,84.62,4392107
2020-02-21,85.01,85.01,84.23,84.62,3985815
2020-02-24,84.23,84.62,83.06,83.06,10409416
2020-02-25,83.06,83.45,82.67,83.06,4708502
2020-02-26,82.67,83.06,81.89,82.28,7730537
2020-02-27,81.89,82.28,81.89,81.89,5159121
2020-03-02,81.5,81.5,79.94,80.33,10591409
2020-03-03,80.72,81.5,80.33,81.5,5190224
2020-03-04,81.11,83.45,81.11,83.45,5308465
2020-03-05,83.45,84.62,83.45,84.62,4649568
2020-03-06,83.84,83.84,81.89,82.67,6259884
2020-03-09,81.5,81.5,80.72,81.11,6704491
2020-03-10,80.33,83.06,80.33,82.67,6513824
2020-03-11,82.28,82.28,81.5,82.28,4511865
2020-03-12,81.5,82.28,80.72,82.28,6640280
2020-03-13,80.33,81.89,77.36,81.89,11906875
2020-03-16,81.5,81.5,80.33,80.72,4853727
2020-03-17,79.55,81.5,78.77,80.33,10298482
2020-03-18,79.94,79.94,77.83,78.77,11731057
2020-03-19,76.82,78.77,76.27,77.99,10029881
2020-03-20,78.38,79.16,77.83,77.91,12596060
2020-03-23,76.66,77.44,76.43,76.43,6926534
2020-03-24,76.51,78.38,76.43,76.97,8145744
2020-03-25,77.44,79.55,77.44,79.55,5358801
2020-03-26,79.55,79.94,78.38,78.38,4218637
2020-03-27,79.55,79.55,78.38,79.16,8286259
2020-03-30,77.99,78.77,77.6,77.99,4391956
2020-03-31,78.38,78.77,77.6,77.91,5206380
2020-04-01,77.75,77.83,76.51,76.51,7186030
2020-04-06,76.74,78.77,76.66,78.77,5379941
2020-04-07,79.16,79.94,78.77,79.94,6128088
2020-04-08,79.55,80.72,79.16,80.72,5399794
2020-04-09,80.72,81.11,80.33,81.11,4527740
2020-04-10,81.11,81.5,80.72,81.5,2295137
2020-04-13,81.5,81.89,81.11,81.11,2257974
2020-04-14,81.11,83.06,81.11,82.67,4659570
2020-04-15,82.67,83.45,82.67,83.06,4164973
2020-04-16,82.67,83.45,82.28,82.28,4452271
2020-04-17,82.67,83.84,82.67,82.67,3853859
2020-04-20,82.67,83.45,82.67,83.45,2694791
2020-04-21,83.06,83.45,82.67,82.67,4537835
2020-04-22,82.28,82.67,81.89,82.67,2365386
2020-04-23,82.67,83.06,81.5,82.28,3088110
2020-04-24,82.67,83.06,82.28,82.67,2064120
2020-04-27,83.45,84.23,83.45,84.23,3458968
2020-04-28,84.23,84.23,83.45,84.23,2553944
2020-04-29,83.45,83.84,83.06,83.06,4875198
2020-04-30,83.45,84.23,83.06,83.84,4142100
2020-05-04,82.28,84.23,81.89,84.23,6103029
2020-05-05,83.84,84.23,83.84,83.84,2665957
2020-05-06,83.84,83.84,83.45,83.45,3716509
2020-05-07,83.84,84.23,83.45,83.84,1259605
2020-05-08,83.84,84.62,83.84,83.84,2495770
2020-05-11,84.62,84.62,84.23,84.23,1690471
2020-05-12,83.84,84.23,83.45,83.45,2067017
2020-05-13,84.23,84.23,83.84,83.84,1861116
2020-05-14,83.84,83.84,83.45,83.45,1714338
2020-05-15,84.23,84.23,83.45,83.84,1802532
2020-05-18,83.45,84.23,83.45,83.84,3300171
2020-05-19,84.62,84.62,83.84,84.23,2929001
2020-05-20,84.23,84.62,83.84,83.84,2671887
2020-05-21,84.23,84.23,83.45,83.84,4041182
2020-05-22,83.84,84.23,83.06,83.06,2895207
2020-05-25,83.45,83.84,82.67,83.84,2630375
2020-05-26,83.84,84.23,83.45,83.84,2244451
2020-05-27,83.84,84.23,83.45,83.84,2495650
2020-05-28,83.84,83.84,83.45,83.84,2809452
2020-05-29,83.45,83.84,82.67,83.84,10176301
2020-06-01,83.84,84.23,83.06,83.06,5557707
2020-06-02,83.45,83.45,82.67,83.45,6177500
2020-06-03,83.45,84.62,83.45,84.62,4476015
2020-06-04,84.23,84.62,83.84,84.23,3014415
2020-06-05,84.23,84.62,83.84,83.84,3137140
2020-06-08,84.23,84.62,83.84,84.62,3071552
2020-06-09,84.23,84.62,83.84,83.84,2728445
2020-06-10,84.23,84.62,83.84,84.62,3046501
2020-06-11,84.23,84.62,83.45,83.84,3932442
2020-06-12,83.45,84.23,83.45,83.84,3548709
2020-06-15,83.84,84.23,82.67,82.67,5426823
2020-06-16,83.45,84.62,83.45,83.84,3999538
2020-06-17,83.84,84.23,83.84,84.23,3384557
2020-06-18,84.23,84.62,83.45,83.84,3352392
2020-06-19,83.84,84.62,83.06,83.45,11072114
2020-06-22,83.84,84.23,83.45,83.84,2459829
2020-06-23,83.84,84.23,83.45,83.45,4203377
2020-06-24,83.84,84.23,83.84,84.23,3891826
2020-06-29,83.84,84.62,83.84,84.62,2670513
2020-06-30,84.62,86.18,84.23,86.18,5751194
2020-07-01,86.57,88.13,86.57,87.35,6410949
2020-07-02,87.74,88.91,87.35,88.91,8671605
2020-07-03,89.3,90.08,88.91,89.69,6697273
2020-07-06,89.69,90.47,88.91,90.08,11195347
2020-07-07,90.08,90.47,89.69,89.69,7433286
2020-07-08,89.69,90.47,89.3,90.08,5467989
2020-07-09,90.08,90.47,89.69,90.08,5845239
2020-07-10,90.08,90.86,89.69,90.47,8564578
2020-07-13,90.47,90.86,90.08,90.47,7684664
2020-07-14,90.47,90.86,90.08,90.47,6454264
2020-07-15,90.47,90.86,90.08,90.47,10687010
2020-07-16,90.47,90.47,88.91,88.91,10485791
2020-07-17,88.7,88.7,87.48,87.48,8904851
2020-07-20,87.48,87.48,86.67,87.48,3709537
2020-07-21,87.48,87.89,86.67,86.67,4500150
2020-07-22,86.67,87.08,86.67,87.08,2511543
2020-07-23,86.67,87.08,86.26,86.67,3035505
2020-07-24,86.26,86.67,86.26,86.26,4411768
2020-07-27,86.26,86.67,85.45,85.45,4314945
2020-07-28,84.63,85.85,84.63,85.04,4373150
2020-07-29,85.04,85.45,85.04,85.45,2098463
2020-07-30,85.45,85.85,85.04,85.45,3596780
2020-07-31,85.85,85.85,85.04,85.45,2370584
2020-08-03,85.45,85.45,84.63,84.63,3193065
2020-08-04,85.04,85.45,84.63,84.63,3287446
2020-08-05,85.04,85.45,84.23,85.04,4133372
2020-08-06,85.04,85.45,84.23,84.63,4168198
2020-08-07,84.23,84.63,83.82,84.23,5666381
2020-08-10,84.23,84.63,83.82,83.82,6313168
2020-08-11,83.82,84.23,83.41,83.41,6114545
2020-08-12,83.82,83.82,83.41,83.82,5846554
2020-08-13,84.23,84.23,83.82,84.23,3182836
2020-08-14,83.82,84.23,83.41,83.82,5085673
2020-08-17,83.82,84.23,83.82,84.23,1344613
2020-08-18,84.23,84.23,83.82,83.82,2935713
2020-08-19,83.82,84.63,83.82,83.82,3985796
2020-08-20,83.82,84.23,83.41,83.41,3999006
2020-08-21,83.82,83.82,83.01,83.82,7118310
2020-08-24,83.82,83.82,83.41,83.41,1627348
2020-08-25,83.41,83.82,83.01,83.01,5021367
2020-08-26,83.01,83.82,83.01,83.41,3262546
2020-08-27,83.41,83.82,83.01,83.41,2394321
2020-08-28,83.41,83.82,83.01,83.41,1825588
2020-08-31,83.41,83.82,82.6,82.6,8829392
2020-09-01,83.01,83.01,82.19,82.6,6580573
2020-09-02,82.6,82.6,81.79,82.6,6116742
2020-09-03,82.6,82.6,81.79,82.19,3990727
2020-09-04,81.79,82.19,81.79,82.19,2128741
2020-09-07,82.19,82.19,81.79,82.19,2088685
2020-09-08,81.79,82.19,81.38,81.79,2174855
2020-09-09,81.79,82.19,81.13,81.38,6413868
2020-09-10,81.38,81.79,81.22,81.38,5484505
2020-09-11,81.38,82.19,81.22,81.79,4166596
2020-09-14,81.79,81.79,81.38,81.79,2793654
2020-09-15,81.38,81.79,81.05,81.38,5608814
2020-09-16,81.38,81.38,81.13,81.38,4298719
2020-09-17,81.38,81.79,81.13,81.13,3872654
2020-09-18,81.13,81.38,80.89,80.97,6828323
2020-09-21,80.97,80.97,80.48,80.48,4553803
2020-09-22,80.48,80.48,80.08,80.24,3790285
2020-09-23,80.0,80.08,79.59,79.59,5816103
2020-09-24,79.51,79.51,78.45,78.45,8621499
2020-09-25,78.53,78.94,78.37,78.69,3468011
2020-09-28,79.02,79.18,78.77,79.02,3354530
2020-09-29,79.34,79.59,78.86,78.94,3767684
2020-09-30,79.1,79.26,78.61,78.61,4206811
2020-10-05,78.94,79.02,78.53,78.53,2306291
2020-10-06,78.77,78.94,78.61,78.94,1897619
2020-10-07,79.1,79.26,78.77,78.77,2806916
2020-10-08,78.77,79.02,78.53,78.86,2806379
2020-10-12,78.94,79.02,78.29,78.61,2804615
2020-10-13,78.61,78.61,77.88,78.12,3562538
2020-10-14,78.29,78.61,78.12,78.45,1705180
2020-10-15,78.45,78.53,77.8,78.12,4052284
2020-10-16,78.12,78.37,77.31,77.31,3260149
2020-10-19,77.8,78.77,77.72,77.72,3790975
2020-10-20,78.21,78.37,77.72,77.8,2076131
2020-10-21,78.29,78.69,78.12,78.45,2590104
2020-10-22,78.45,80.16,78.45,80.16,5072672
2020-10-23,80.16,80.24,78.94,79.43,2788125
2020-10-26,79.51,80.08,79.51,80.08,1654755
2020-10-27,80.0,80.08,79.67,79.75,1635624
2020-10-28,79.75,79.83,79.51,79.83,1753275
2020-10-29,79.67,79.67,78.94,78.94,2077664
2020-10-30,79.34,79.59,78.12,79.51,3790164
2020-11-02,79.51,79.75,78.94,79.59,1211109
2020-11-03,79.83,80.08,79.18,79.59,2326203
2020-11-04,79.59,80.0,79.18,79.67,1394788
2020-11-05,80.0,80.48,79.67,80.24,2573836
2020-11-06,80.24,81.38,79.91,81.38,4263371
2020-11-09,81.79,82.19,81.38,81.79,2368171
2020-11-10,81.79,82.19,81.13,81.13,3474423
2020-11-11,81.38,81.38,80.81,80.97,4385190
2020-11-12,80.97,81.38,80.81,80.97,2617032
2020-11-13,80.97,80.97,80.48,80.65,3261096
2020-11-16,80.57,81.38,80.48,80.97,4312962
2020-11-17,80.81,81.13,80.08,80.57,5269702
2020-11-18,80.57,81.3,80.57,81.13,3735399
2020-11-19,81.13,81.79,80.89,80.97,4060190
2020-11-20,81.13,81.38,80.73,80.81,2811443
2020-11-23,81.38,81.79,80.81,80.97,3634114
2020-11-24,81.05,81.13,80.57,80.65,2482584
2020-11-25,80.97,80.97,80.16,80.32,4228442
2020-11-26,80.32,81.05,80.24,81.05,2205173
2020-11-27,80.89,81.05,80.57,80.73,3450329
2020-11-30,80.73,80.89,79.02,79.02,13824839
2020-12-01,79.59,80.0,79.59,80.0,2379061
2020-12-02,79.67,79.91,79.43,79.51,3446994
2020-12-03,79.43,79.43,78.94,78.94,5948405
2020-12-04,79.26,79.91,79.26,79.43,3107720
2020-12-07,80.0,80.0,79.43,79.43,3900408
2020-12-08,79.43,79.75,79.1,79.59,2934102
2020-12-09,79.59,80.0,79.43,79.59,3177336
2020-12-10,79.59,80.16,79.59,79.67,3050000
2020-12-11,80.0,80.4,79.75,80.24,3248800
2020-12-14,80.48,81.05,80.24,80.57,3386349
2020-12-15,80.48,80.57,79.75,80.16,2276950
2020-12-16,80.48,80.89,79.91,80.73,3508651
2020-12-17,80.65,80.73,80.32,80.73,2050549
2020-12-18,80.73,81.05,80.57,80.81,2808735
2020-12-21,80.97,80.97,80.32,80.89,1865907
2020-12-22,80.65,80.81,80.32,80.57,1760462
2020-12-23,80.24,80.4,80.0,80.24,1368256
2020-12-24,80.24,80.57,80.08,80.16,1714951
2020-12-25,80.24,80.57,80.16,80.4,1343817
2020-12-28,80.4,80.97,80.16,80.97,1805084
2020-12-29,80.97,80.97,80.48,80.57,1733674
2020-12-30,80.65,81.3,80.57,81.13,3121467
2020-12-31,81.13,81.13,80.48,80.48,2776069
2021-01-04,80.32,80.73,80.16,80.32,2581735
2021-01-05,80.65,80.89,80.24,80.73,2518560
2021-01-06,80.4,80.65,79.83,80.24,3355330
2021-01-07,79.91,80.57,79.83,80.0,2486073
2021-01-08,80.0,80.97,79.91,80.97,5394005
2021-01-11,80.89,80.89,80.4,80.89,4364230
2021-01-12,80.81,80.97,80.4,80.89,4418059
2021-01-13,80.89,81.13,80.73,80.97,4069677
2021-01-14,80.97,81.13,80.81,81.05,3720867
2021-01-15,80.81,80.97,80.4,80.65,4600727
2021-01-18,80.65,80.89,79.91,80.32,3489737
2021-01-19,80.08,80.24,79.91,79.91,2045927
2021-01-20,79.83,80.0,78.94,79.18,6230568
2021-01-21,79.26,79.51,79.1,79.1,3524412
2021-01-22,79.59,79.67,78.61,78.69,3830852
2021-01-25,78.69,79.83,78.69,79.59,2950013
2021-01-26,79.51,79.51,78.61,79.26,3757312
2021-01-27,79.51,79.67,78.61,78.61,2763453
2021-01-28,78.77,79.43,78.53,79.1,3421031
2021-01-29,78.53,78.77,78.12,78.29,5172423
2021-02-01,78.53,79.18,78.37,78.53,1874820
2021-02-02,78.37,79.02,78.12,78.77,1976814
2021-02-03,78.77,78.86,78.29,78.37,2199328
2021-02-04,78.21,78.77,78.12,78.37,2156736
2021-02-05,78.04,79.51,78.04,79.1,2411960
2021-02-17,78.37,78.94,78.12,78.61,5523928
2021-02-18,78.61,79.51,78.45,78.45,4193964
2021-02-19,78.45,78.61,78.12,78.29,3559119
2021-02-22,78.37,78.77,78.21,78.29,3486118
2021-02-23,78.29,79.83,78.29,79.75,4310073
2021-02-24,79.75,80.48,79.75,79.75,3224224
2021-02-25,80.0,80.57,79.91,80.57,3084570
2021-02-26,80.57,80.57,78.94,79.02,8433362
2021-03-02,79.34,79.75,79.18,79.18,3373428
2021-03-03,79.75,80.57,79.59,80.48,5354290
2021-03-04,80.24,80.4,79.02,79.75,5449060
2021-03-05,79.26,80.0,79.1,79.59,2625374
2021-03-08,79.75,80.32,79.34,79.43,2793435
2021-03-09,80.0,80.32,79.51,80.24,2952870
2021-03-10,80.4,80.73,80.24,80.73,3275655
2021-03-11,80.65,80.97,80.4,80.4,3540499
2021-03-12,80.97,80.97,80.4,80.48,1818950
2021-03-15,80.4,80.48,79.83,79.83,3364854
2021-03-16,80.16,80.73,80.08,80.4,3348148
2021-03-17,80.65,80.73,79.83,80.32,3931561
2021-03-18,80.4,80.81,80.0,80.24,3424141
2021-03-19,80.57,80.57,79.59,79.59,6319508
2021-03-22,79.59,79.75,79.18,79.59,2407032
2021-03-23,79.59,79.67,79.34,79.34,1546448
2021-03-24,79.34,79.75,79.26,79.34,2015705
2021-03-25,79.34,79.67,79.18,79.34,2418684
2021-03-26,79.34,80.16,79.34,80.16,1776001
2021-03-29,80.16,80.4,79.75,80.4,3399499
2021-03-30,80.32,80.48,80.0,80.48,3158378
2021-03-31,80.48,80.57,79.91,79.91,4012649
2021-04-01,79.91,80.48,79.91,79.91,1743975
2021-04-07,80.48,80.57,80.32,80.57,2341451
2021-04-08,80.32,80.48,79.91,80.0,3671829
2021-04-09,80.0,80.32,79.83,79.91,2346431
2021-04-12,79.91,79.91,79.75,79.75,2829702
2021-04-13,80.24,80.24,79.91,80.16,1778786
2021-04-14,80.32,80.57,80.16,80.32,3448269
2021-04-15,80.4,80.57,80.24,80.48,2305597
2021-04-16,80.57,80.73,80.48,80.73,2777733
2021-04-19,80.73,81.22,80.57,81.22,3122132
2021-04-20,81.38,82.6,81.3,82.6,4377057
2021-04-21,82.6,82.6,81.79,81.79,4063802
2021-04-22,82.19,82.6,81.79,82.19,3273962
2021-04-23,82.19,82.6,81.79,82.19,2813444
2021-04-26,82.19,82.6,81.79,82.19,2913305
2021-04-27,82.19,82.19,81.79,82.19,2860971
2021-04-28,82.19,82.19,81.38,81.79,4189990
2021-04-29,81.38,81.79,81.38,81.38,2686962
2021-05-03,81.38,81.79,80.81,81.22,2884738
2021-05-04,81.38,81.79,80.57,80.65,4921160
2021-05-05,80.97,81.05,80.32,80.57,3240460
2021-05-06,80.73,81.79,80.65,81.38,4780371
2021-05-07,81.79,82.19,81.38,81.79,3295043
2021-05-10,82.19,82.19,81.38,81.79,3544926
2021-05-11,81.79,82.19,81.38,81.79,4502535
2021-05-12,81.79,82.19,77.72,80.08,12362302
2021-05-13,80.08,80.32,78.94,79.18,10083712
2021-05-14,79.43,81.13,79.26,81.13,5326063
2021-05-17,79.75,81.05,79.75,81.05,7510148
2021-05-18,80.4,81.79,80.4,81.79,4756740
2021-05-19,80.65,81.79,80.65,81.79,3005136
2021-05-20,81.05,81.79,80.73,81.79,3645186
2021-05-21,82.19,82.19,81.38,82.19,2494932
2021-05-24,81.79,81.79,80.97,81.38,1614127
2021-05-25,81.13,81.79,80.97,81.38,2353846
2021-05-26,81.13,81.3,80.73,81.13,2440625
2021-05-27,80.73,80.73,79.75,79.75,10275318
2021-05-28,80.4,81.13,80.16,81.13,2817800
2021-05-31,81.38,81.79,80.89,81.79,3280880
2021-06-01,81.38,82.19,81.05,81.38,2447615
2021-06-02,81.38,82.19,81.22,82.19,2252979
2021-06-03,81.79,82.19,81.38,81.79,1803832
2021-06-04,81.79,82.6,81.38,82.19,2575493
2021-06-07,82.19,82.6,81.79,82.19,2051966
2021-06-08,82.6,83.41,82.6,83.41,3151850
2021-06-09,83.41,83.82,83.01,83.41,2170039
2021-06-10,83.41,84.23,83.01,84.23,2618203
2021-06-11,84.23,84.63,83.82,84.23,2601583
2021-06-15,84.23,84.63,83.41,83.41,1690909
2021-06-16,83.41,83.82,83.01,83.41,2963564
2021-06-17,83.41,83.41,83.01,83.41,1271476
2021-06-18,83.01,83.41,82.19,82.19,6538510
2021-06-21,82.19,83.01,82.19,82.6,1668828
2021-06-22,82.6,83.41,82.19,82.6,2195447
2021-06-23,83.01,83.82,83.01,83.01,2943910
2021-06-24,83.41,83.82,83.01,83.01,1701327
2021-06-25,83.41,83.82,83.01,83.41,2055739
2021-06-28,83.41,83.82,83.01,83.01,1334025
2021-06-29,83.01,83.41,82.6,83.41,2983787
2021-06-30,83.41,83.41,83.01,83.01,2137439
2021-07-01,83.01,83.82,82.6,83.01,3366625
2021-07-02,83.01,83.82,82.6,83.01,2974527
2021-07-05,83.41,83.82,83.01,83.41,1893463
2021-07-06,83.41,83.82,83.01,83.01,1749971
2021-07-07,83.01,83.41,82.6,83.41,1491577
2021-07-08,83.41,83.82,83.01,83.41,2112908
2021-07-09,83.01,83.82,83.01,83.82,2007270
2021-07-12,83.41,83.82,82.6,83.01,2802842
2021-07-13,83.41,83.82,83.01,83.82,2737329
2021-07-14,83.82,83.82,83.01,83.41,1103782
2021-07-15,83.82,83.82,83.01,83.41,1730015
2021-07-16,83.41,83.82,83.01,83.01,1950324
2021-07-19,83.01,83.41,83.01,83.41,1620562
2021-07-20,83.41,83.41,83.01,83.01,687029
2021-07-21,83.01,83.41,83.01,83.41,1270127
2021-07-22,83.41,84.23,83.01,84.23,3081054
2021-07-23,84.23,84.63,84.23,84.63,1639359
2021-07-26,84.63,85.04,84.23,84.23,1843215
2021-07-27,84.63,84.63,84.23,84.63,1422308
2021-07-28,84.63,84.63,83.82,84.63,2688976
2021-07-29,84.63,85.04,84.23,85.04,1792151
2021-07-30,85.04,85.04,84.63,84.63,1709677
2021-08-02,85.04,85.45,84.63,85.45,3033744
2021-08-03,85.85,86.26,85.45,86.26,2950792
2021-08-04,86.26,87.08,86.26,87.08,5468050
2021-08-05,87.08,89.11,87.08,88.3,13275754
2021-08-06,88.3,88.3,87.48,87.89,8310074
2021-08-09,87.89,87.89,86.67,87.08,4522808
2021-08-10,87.48,87.48,86.26,87.08,4040137
2021-08-11,86.67,87.08,86.26,87.08,4808758
2021-08-12,87.08,87.08,86.67,87.08,3484255
2021-08-13,86.67,86.67,85.45,86.26,5765140
2021-08-16,85.45,85.85,85.04,85.45,5202825
2021-08-17,85.45,85.45,85.45,85.45,0
2021-08-18,85.04,85.45,84.63,85.45,2978528
2021-08-19,84.63,85.04,83.82,83.82,5727238
2021-08-20,83.41,83.82,82.19,82.6,9094727
2021-08-23,81.66,82.34,81.58,82.34,18022940
2021-08-24,82.85,83.28,82.34,83.28,8186215
2021-08-25,83.53,83.7,82.68,83.11,5194477
2021-08-26,83.28,83.79,83.02,83.7,3266020
2021-08-27,83.7,84.21,83.45,84.21,3227669
2021-08-30,84.47,84.81,83.79,84.72,3551304
2021-08-31,84.64,85.83,84.21,85.83,4955588
2021-09-01,84.98,85.4,83.62,84.13,4645552
2021-09-02,84.13,84.21,83.28,83.7,3510205
2021-09-03,83.96,84.13,83.45,84.04,2531512
2021-09-06,84.13,84.13,83.53,83.79,2881301
2021-09-07,83.7,84.04,83.62,83.7,2740016
2021-09-08,83.96,84.38,83.7,84.38,3419602
2021-09-09,84.13,84.13,83.62,83.7,2214969
2021-09-10,83.7,84.47,83.7,84.47,2275410
2021-09-13,84.47,84.47,83.87,84.38,1868938
2021-09-14,84.47,84.47,83.96,84.13,1959590
2021-09-15,84.13,84.47,84.04,84.3,1976401
2021-09-16,84.3,84.47,83.87,84.13,2330301
2021-09-17,84.13,85.4,84.13,84.55,6522480
2021-09-22,83.79,83.96,83.28,83.79,4109833
2021-09-23,83.96,84.81,83.79,84.64,2163820
2021-09-24,84.89,84.98,84.38,84.81,1458981
2021-09-27,84.72,84.81,84.21,84.72,2110145
2021-09-28,84.47,84.64,83.7,84.64,1846159
2021-09-29,84.21,84.38,83.7,84.38,3156586
2021-09-30,83.79,84.38,83.7,84.04,2828357
2021-10-01,83.7,83.87,83.36,83.79,4508149
2021-10-04,83.79,84.13,83.36,83.96,2543073
2021-10-05,83.87,84.55,83.53,84.3,3197096
2021-10-06,84.38,84.38,83.53,84.3,3461688
2021-10-07,84.3,84.64,83.96,84.3,3081003
2021-10-08,83.96,84.38,83.87,84.04,2552750
2021-10-12,83.7,84.13,82.94,84.13,4742236
2021-10-13,84.3,84.38,83.45,83.96,2845700
2021-10-14,84.13,84.13,83.53,83.53,1830250
2021-10-15,83.53,83.96,83.53,83.79,1939861
2021-10-18,83.79,83.87,83.36,83.53,2839550
2021-10-19,83.7,83.7,83.28,83.36,3735975
2021-10-20,83.45,83.62,83.11,83.62,4290999
2021-10-21,83.7,83.7,83.28,83.62,5606138
2021-10-22,83.53,83.62,83.28,83.62,2409370
2021-10-25,83.53,83.7,83.36,83.62,929833
2021-10-26,83.79,83.79,83.45,83.62,2183248
2021-10-27,83.53,83.62,83.28,83.36,2004097
2021-10-28,83.62,83.62,83.36,83.45,1513300
2021-10-29,83.45,83.62,83.19,83.36,3543996
2021-11-01,83.45,83.62,83.36,83.62,1567298
2021-11-02,83.7,83.7,83.28,83.28,2348762
2021-11-03,83.28,83.62,83.28,83.62,1806839
2021-11-04,83.62,83.7,83.36,83.62,1713593
2021-11-05,83.53,84.21,83.45,84.21,2903988
2021-11-08,84.04,84.04,83.53,83.96,2849496
2021-11-09,83.87,84.13,83.7,83.96,2859253
2021-11-10,83.96,84.21,83.87,84.21,1966210
2021-11-11,84.21,84.64,83.96,84.55,2114556
2021-11-12,84.55,84.72,84.21,84.72,1767327
2021-11-15,84.72,84.89,84.38,84.72,2160908
2021-11-16,84.81,84.98,84.38,84.98,2848577
2021-11-17,84.98,85.4,84.55,85.4,2441238
2021-11-18,85.4,85.4,84.89,85.4,2036400
2021-11-19,85.4,85.4,84.55,84.98,2606321
2021-11-22,84.98,84.98,84.21,84.21,1487531
2021-11-23,84.21,84.64,83.7,84.3,1828344
2021-11-24,84.21,84.47,83.87,83.87,1333816
2021-11-25,83.96,84.13,83.7,83.96,1455099
2021-11-26,83.7,83.96,83.36,83.36,2634189
2021-11-29,83.36,83.79,83.28,83.45,1715585
2021-11-30,83.45,83.7,82.43,82.43,12054274
2021-12-01,82.77,83.7,82.68,83.53,3045502
2021-12-02,83.36,84.13,83.28,83.96,2751973
2021-12-03,83.53,83.87,83.45,83.53,1622239
2021-12-06,83.28,83.53,82.85,83.28,1997221
2021-12-07,83.28,83.79,83.28,83.79,2343859
2021-12-08,84.13,84.13,83.62,83.79,1702358
2021-12-09,83.79,83.96,83.62,83.96,1472714
2021-12-10,83.7,83.79,83.45,83.53,1277054
2021-12-13,83.62,83.7,83.28,83.28,2218245
2021-12-14,83.28,83.62,83.19,83.36,1336978
2021-12-15,83.28,83.79,83.11,83.36,2775279
2021-12-16,83.53,83.96,83.28,83.79,2875749
2021-12-17,83.79,84.04,83.7,84.04,3387665
2021-12-20,83.7,83.96,83.53,83.62,2251753
2021-12-21,83.7,84.21,83.62,83.96,3519651
2021-12-22,84.13,84.55,84.13,84.3,2034543
2021-12-23,84.21,84.64,84.21,84.55,2062127
2021-12-24,84.64,84.81,84.38,84.81,2065660
2021-12-27,84.81,85.4,84.55,84.89,2495842
2021-12-28,84.89,85.4,84.81,85.4,2274257
2021-12-29,85.4,85.4,84.81,85.4,2414850
2021-12-30,85.4,85.4,84.81,84.98,1714321
2022-01-03,85.83,86.25,84.98,85.4,3517454
2022-01-04,84.98,85.4,84.13,84.3,3265897
2022-01-05,84.21,84.72,83.96,84.72,3186466
2022-01-06,84.72,84.72,84.13,84.3,2711073
2022-01-07,84.55,84.55,84.3,84.55,1294672
2022-01-10,84.81,84.98,84.38,84.81,1866797
2022-01-11,84.89,84.98,84.64,84.98,1994676
2022-01-12,84.98,85.4,84.81,85.4,1860822
2022-01-13,85.4,85.4,84.98,85.4,2732074
2022-01-14,85.4,85.83,84.98,85.83,2073104
2022-01-17,85.4,85.83,84.98,84.98,1631459
2022-01-18,85.4,85.4,84.98,84.98,1230941
2022-01-19,85.4,85.83,84.98,85.83,2225842
2022-01-20,85.4,85.83,84.64,84.89,3365330
2022-01-21,84.89,85.4,84.3,84.98,3843118
2022-01-24,84.64,85.4,84.47,85.4,1257435
2022-01-25,84.55,85.4,84.13,85.4,3816774
2022-01-26,84.98,85.4,84.72,84.72,1983706
2022-02-07,84.55,85.83,84.55,85.83,3804505
2022-02-08,85.4,85.83,84.98,85.4,2374886
2022-02-09,85.4,86.68,85.4,86.68,3029214
2022-02-10,86.68,87.95,86.68,87.95,3559625
2022-02-11,87.53,87.95,87.1,87.53,2958741
2022-02-14,87.53,88.38,86.68,87.53,2318184
2022-02-15,87.95,88.38,87.53,87.95,3105517
2022-02-16,87.95,89.23,87.95,89.23,3476817
2022-02-17,89.23,90.08,88.8,89.23,4636431
2022-02-18,89.23,89.65,88.8,89.23,2311195
2022-02-21,88.8,90.08,88.38,90.08,2881569
2022-02-22,89.65,90.08,88.8,90.08,4178539
2022-02-23,90.08,90.93,89.65,90.93,3660971
2022-02-24,90.5,90.93,88.38,89.23,6230193
2022-02-25,88.8,90.08,87.95,87.95,11077349
2022-03-01,88.8,90.5,88.8,89.65,5169276
2022-03-02,90.08,90.5,88.8,90.08,3695898
2022-03-03,90.08,90.08,89.23,90.08,2083573
2022-03-04,89.65,90.08,89.23,89.65,1693152
2022-03-07,88.8,90.08,87.95,89.23,4890920
2022-03-08,88.8,89.65,88.38,89.23,4031030
2022-03-09,89.23,89.65,88.8,89.65,2207578
2022-03-10,89.23,90.5,89.23,90.5,2688016
2022-03-11,90.08,90.08,89.23,90.08,2046881
2022-03-14,89.65,90.08,89.65,90.08,2100316
2022-03-15,90.08,90.08,89.65,90.08,2362089
2022-03-16,90.08,90.93,89.65,90.93,5259803
2022-03-17,91.35,92.2,89.65,90.08,6606885
2022-03-18,90.08,90.93,89.23,89.23,7590843
2022-03-21,90.08,90.08,88.8,89.65,1608405
2022-03-22,89.23,89.65,88.38,89.23,2891108
2022-03-23,89.23,89.65,88.38,89.23,2450994
2022-03-24,88.8,90.93,88.8,90.5,5322728
2022-03-25,90.08,90.08,89.65,90.08,1909106
2022-03-28,89.23,89.65,88.8,89.65,2957155
2022-03-29,89.65,89.65,89.23,89.65,936245
2022-03-30,89.65,90.08,89.23,89.65,1985060
2022-03-31,89.65,90.08,89.23,89.23,1717846
2022-04-01,89.23,89.65,88.8,89.65,1791710
2022-04-06,89.65,89.65,88.8,89.65,2482798
2022-04-07,89.23,90.08,89.23,89.65,3017178
2022-04-08,90.08,90.5,89.65,90.08,2358219
2022-04-11,90.08,90.93,90.08,90.5,5372595
2022-04-12,90.5,90.93,90.08,90.93,3272094
2022-04-13,90.93,90.93,90.08,90.5,2403828
2022-04-14,90.5,90.93,90.08,90.08,1325510
2022-04-15,90.08,90.5,89.23,89.65,1641278
2022-04-18,89.23,90.5,89.23,90.08,2391828
2022-04-19,90.08,90.93,90.08,90.08,4338898
2022-04-20,90.5,92.2,90.08,92.2,8666216
2022-04-21,91.78,92.2,91.35,91.78,2592932
2022-04-22,90.93,92.2,90.93,92.2,2452489
2022-04-25,91.35,91.78,90.93,91.35,3123477
2022-04-26,91.35,92.63,91.35,92.63,4547422
2022-04-27,92.2,92.63,91.78,91.78,3864489
2022-04-28,91.78,92.63,91.78,92.63,6229524
2022-04-29,92.2,92.63,91.78,92.2,2296995
2022-05-03,91.78,92.2,90.5,90.93,2903399
2022-05-04,90.93,90.93,89.23,89.65,3188283
2022-05-05,90.08,90.5,89.23,89.65,1876107
2022-05-06,89.23,90.5,89.23,90.08,3064561
2022-05-09,89.23,90.08,89.23,89.65,2668752
2022-05-10,89.65,91.35,89.23,90.93,5381860
2022-05-11,90.08,91.35,90.08,91.35,3325699
2022-05-12,91.35,91.35,90.08,90.5,4170505
2022-05-13,90.5,90.93,90.08,90.5,2540202
2022-05-16,90.93,90.93,90.08,90.5,1893265
2022-05-17,90.93,90.93,90.08,90.5,2182085
2022-05-18,90.08,91.78,89.65,91.35,6940947
2022-05-19,91.35,91.78,90.93,91.78,4853684
2022-05-20,91.78,91.78,90.93,91.78,3419136
2022-05-23,91.78,91.78,90.93,90.93,4288753
2022-05-24,90.93,91.35,90.5,90.93,4380394
2022-05-25,91.35,91.78,90.5,91.35,5344675
2022-05-26,91.35,92.63,90.93,92.2,6472975
2022-05-27,92.2,92.63,91.35,91.78,6300246
2022-05-30,91.78,91.78,90.93,91.78,4918416
2022-05-31,91.35,91.78,90.93,91.78,11055503
2022-06-01,91.78,91.78,90.93,90.93,3094804
2022-06-02,90.93,91.78,90.5,91.35,1553126
2022-06-06,91.78,91.78,90.93,91.78,1736656
2022-06-07,91.35,91.78,90.93,91.35,2193000
2022-06-08,90.93,91.78,90.93,91.78,1715673
2022-06-09,91.35,91.78,90.5,91.35,4075125
2022-06-10,90.5,91.35,90.08,90.5,2536623
2022-06-13,90.08,90.5,89.23,90.08,4003803
2022-06-14,90.08,90.93,89.65,90.5,2454482
2022-06-15,90.5,91.35,90.08,90.93,3224679
2022-06-16,91.35,91.35,90.5,90.93,2237451
2022-06-17,90.08,91.35,90.08,90.08,5899916
2022-06-20,90.5,91.35,90.5,90.93,3494993
2022-06-21,91.35,92.2,90.93,92.2,6990496
2022-06-22,91.78,92.63,91.35,92.2,3903577
2022-06-23,92.63,93.05,91.78,92.63,7525213
2022-06-24,92.63,93.9,92.63,93.9,7124770
2022-06-27,93.48,93.9,93.05,93.05,4297732
2022-06-28,93.05,93.48,92.63,93.48,2958821
2022-06-29,92.63,93.9,92.63,93.48,5950148
2022-06-30,93.05,93.48,91.35,91.78,5940012
2022-07-01,91.78,92.63,90.93,92.63,6939492
2022-07-04,92.63,93.9,92.63,93.05,10668179
2022-07-05,93.48,93.9,92.2,92.63,12514466
2022-07-06,93.05,93.48,92.2,92.63,14320289
2022-07-07,92.63,93.05,91.78,91.78,10526133
2022-07-08,91.6,92.49,90.72,91.16,9421838
2022-07-11,91.16,92.04,91.16,91.6,3361346
2022-07-12,91.6,92.49,91.16,92.04,5739923
2022-07-13,92.04,92.93,91.6,92.04,5068314
2022-07-14,92.04,93.37,92.04,93.37,4880180
2022-07-15,92.49,93.37,92.04,92.93,5110541
2022-07-18,92.04,92.49,91.16,91.6,7705797
2022-07-19,91.16,91.6,87.62,87.71,13641026
2022-07-20,87.71,87.71,86.82,86.91,9408500
2022-07-21,87.79,87.79,86.82,87.71,4176917
2022-07-22,87.88,87.97,87.09,87.71,3435270
2022-07-25,87.97,88.94,87.88,88.94,2288341
2022-07-26,88.94,89.83,88.5,88.94,4556928
2022-07-27,89.39,91.16,88.95,90.27,6991733
2022-07-28,90.27,90.72,89.39,89.83,2402259
2022-07-29,90.27,90.27,89.39,89.83,2619846
2022-08-01,89.83,89.83,89.39,89.83,2550499
2022-08-02,89.39,91.16,88.95,90.27,6003306
2022-08-03,90.27,91.6,89.39,89.83,5638022
2022-08-04,90.27,90.72,88.95,90.27,3366924
2022-08-05,90.27,90.27,89.39,89.83,3131430
2022-08-08,89.83,90.27,88.95,89.83,3286480
2022-08-09,90.27,90.27,89.39,89.39,2021027
2022-08-10,89.39,90.27,88.95,90.27,3331963
2022-08-11,90.27,90.72,89.39,89.83,3615090
2022-08-12,90.27,90.27,89.39,89.83,3020222
2022-08-15,89.83,90.27,89.39,89.83,2232506
2022-08-16,90.27,90.27,89.39,89.83,2904338
2022-08-17,90.27,90.27,89.39,89.83,3955637
2022-08-18,89.83,89.83,88.95,89.39,2407502
2022-08-19,89.39,89.39,88.5,88.5,2656723
2022-08-22,88.95,88.95,88.5,88.5,1352000
2022-08-23,89.39,89.39,88.5,88.5,2479100
2022-08-24,88.94,88.94,88.41,88.94,5904009
2022-08-25,88.95,89.39,88.15,88.41,5135129
2022-08-26,88.95,88.95,88.33,88.41,2354626
2022-08-29,88.24,88.94,87.71,88.33,4319020
2022-08-30,88.33,88.41,87.88,88.33,3434625
2022-08-31,88.41,88.41,87.62,88.15,7125526
2022-09-01,87.71,87.79,86.82,87.0,8186163
2022-09-02,87.79,87.79,86.91,86.91,3024163
2022-09-05,87.35,87.79,87.09,87.17,1407854
2022-09-06,87.71,88.24,87.09,87.35,2719278
2022-09-07,87.35,87.35,86.82,86.91,3324732
2022-09-08,87.35,87.62,86.91,87.62,1907208
2022-09-12,88.5,88.5,86.91,87.09,4329342
2022-09-13,87.62,87.71,86.91,87.0,4030497
2022-09-14,86.73,86.73,85.94,86.02,9036816
2022-09-15,86.47,86.91,85.94,86.29,3798018
2022-09-16,86.2,86.38,85.85,85.85,7349997
2022-09-19,86.56,86.56,85.58,85.58,3832516
2022-09-20,86.2,86.2,85.23,85.67,5080273
2022-09-21,85.85,86.38,85.67,86.02,2792159
2022-09-22,85.58,86.2,84.96,84.96,4787100
2022-09-23,85.32,85.67,85.05,85.4,1476836
2022-09-26,85.32,85.85,84.61,85.4,4137729
2022-09-27,85.58,86.02,85.14,85.85,3799612
2022-09-28,85.94,86.47,84.96,86.2,6105735
2022-09-29,86.29,86.29,84.79,85.76,7131701
2022-09-30,85.49,85.76,84.08,84.61,7483359
2022-10-03,84.52,85.05,84.08,84.61,3597750
2022-10-04,84.96,85.14,84.08,84.08,4740735
2022-10-05,84.08,84.43,83.72,83.81,4212270
2022-10-06,84.34,84.34,83.46,83.55,3819195
2022-10-07,83.46,83.55,82.22,82.48,6218180
2022-10-11,82.04,82.57,81.51,82.22,4822677
2022-10-12,82.31,83.46,82.31,82.93,3070238
2022-10-13,83.02,83.46,82.22,82.48,4275925
2022-10-14,83.02,83.37,80.71,80.98,6411859
2022-10-17,80.98,82.04,80.63,81.51,2300293
2022-10-18,81.86,82.04,81.51,81.6,1675697
2022-10-19,81.69,82.13,80.54,80.54,4965200
2022-10-20,80.09,82.04,80.01,81.86,8481665
2022-10-21,81.51,82.57,81.51,82.22,2384603
2022-10-24,82.75,82.75,81.33,81.86,4660014
2022-10-25,82.66,83.81,81.6,83.72,5726954
2022-10-26,83.72,84.43,83.19,83.72,3759419
2022-10-27,84.34,84.43,82.84,83.46,4436278
2022-10-28,84.34,84.34,83.19,83.46,2597809
2022-10-31,83.55,84.43,83.46,84.17,2761147
2022-11-01,84.34,84.43,83.37,83.55,2007125
2022-11-02,83.99,84.08,82.93,83.28,2219305
2022-11-03,82.84,83.46,82.13,82.57,2677935
2022-11-04,82.13,83.81,81.6,83.81,3317828
2022-11-07,83.19,83.28,82.04,82.31,3532394
2022-11-08,82.84,83.9,82.66,83.46,2798936
2022-11-09,84.25,84.25,83.46,83.99,2404604
2022-11-10,83.99,84.08,83.19,83.19,1428706
2022-11-11,83.99,84.25,83.37,84.08,3632715
2022-11-14,84.34,84.61,83.63,83.99,4528366
2022-11-15,83.99,83.99,83.02,83.19,4119289
2022-11-16,82.93,82.93,82.04,82.04,5363570
2022-11-17,82.22,82.31,81.42,81.51,3797676
2022-11-18,81.86,83.02,81.33,83.02,5316269
2022-11-21,82.75,82.75,81.25,81.33,5047300
2022-11-22,81.6,81.6,80.8,81.25,3243489
2022-11-23,81.42,81.78,81.16,81.42,2207497
2022-11-24,82.04,82.84,81.95,82.57,2553582
2022-11-25,82.66,83.28,82.48,83.28,3412368
2022-11-28,82.75,82.93,82.04,82.31,3160261
2022-11-29,83.19,83.55,82.4,83.19,2325738
2022-11-30,83.19,84.52,83.1,84.52,10519530
2022-12-01,84.43,84.43,83.02,83.28,3146944
2022-12-02,83.28,83.72,82.75,83.72,1784239
2022-12-05,83.37,83.72,83.1,83.46,2088642
2022-12-06,83.37,83.55,82.75,82.75,2749096
2022-12-07,83.02,84.43,82.84,84.43,3885454
2022-12-08,84.43,84.43,83.46,84.34,2209850
2022-12-09,84.34,84.52,83.99,84.43,1827367
2022-12-12,84.43,84.87,83.72,84.87,1666138
2022-12-13,84.87,84.87,83.28,84.17,3736180
2022-12-14,84.25,84.79,84.08,84.43,2651547
2022-12-15,84.52,84.96,83.72,83.81,2173615
2022-12-16,83.37,84.25,83.1,83.28,5166907
2022-12-19,82.84,83.55,82.84,83.37,1863934
2022-12-20,83.1,83.46,82.84,82.84,3049192
2022-12-21,82.84,83.81,82.84,83.46,1615046
2022-12-22,83.81,83.9,83.37,83.9,875874
2022-12-23,83.63,83.99,82.84,83.9,2507894
2022-12-26,83.9,83.99,83.46,83.9,927324
2022-12-27,83.99,84.08,83.63,83.9,912959
2022-12-28,83.63,83.72,83.1,83.37,1883286
2022-12-29,83.28,83.9,83.19,83.63,1782258
2022-12-30,84.08,84.25,83.72,83.81,732674
2023-01-03,83.63,84.52,83.02,84.43,1671869
2023-01-04,84.43,84.96,84.25,84.87,1627418
2023-01-05,84.96,84.96,84.61,84.87,1269628
2023-01-06,84.96,85.14,84.87,85.14,1119276
2023-01-09,85.85,86.91,85.76,86.91,4121143
2023-01-10,86.91,87.09,86.11,87.0,2561973
2023-01-11,87.0,87.17,84.52,84.52,4844771
2023-01-12,84.7,84.96,83.37,83.81,4505469
2023-01-13,84.43,84.87,83.81,84.25,2319136
2023-01-16,84.7,85.4,84.25,84.87,2060635
2023-01-17,85.14,85.14,84.25,84.25,2767487
2023-01-30,86.11,86.2,83.72,85.67,8270834
2023-01-31,85.4,85.4,83.72,83.72,6140616
2023-02-01,83.99,84.25,83.63,84.17,2290139
2023-02-02,84.43,84.52,83.81,84.08,2582743
2023-02-03,84.43,84.61,83.81,84.25,2654296
2023-02-06,84.25,84.61,83.99,83.99,2761340
2023-02-07,84.17,84.61,83.9,84.61,2484573
2023-02-08,84.52,84.79,84.17,84.43,1366035
2023-02-09,84.43,84.79,84.34,84.61,1939009
2023-02-10,84.34,85.23,84.34,84.87,2151562
2023-02-13,84.7,85.58,84.52,85.58,2823110
2023-02-14,85.58,85.85,85.23,85.4,2019023
2023-02-15,85.58,85.67,84.52,84.87,2040868
2023-02-16,85.14,85.58,85.05,85.14,2282024
2023-02-17,85.14,85.58,84.87,85.49,1685475
2023-02-20,85.49,85.76,85.23,85.76,1468396
2023-02-21,86.02,86.02,85.32,85.67,1647683
2023-02-22,85.49,86.29,84.96,86.02,2745443
2023-02-23,86.2,86.47,85.76,86.38,1666812
2023-02-24,86.56,86.64,85.49,85.49,4873064
2023-03-01,85.14,85.58,84.52,84.52,4729188
2023-03-02,84.61,85.85,84.52,85.67,2223442
2023-03-03,85.76,86.11,85.4,86.02,1337703
2023-03-06,86.38,86.91,86.2,86.91,2584532
2023-03-07,86.82,87.0,86.47,86.91,1873182
2023-03-08,86.64,87.26,86.56,87.26,2694570
2023-03-09,87.26,87.35,86.91,87.17,2471772
2023-03-10,86.91,86.91,85.94,86.56,3929539
2023-03-13,86.29,87.09,86.11,86.73,3564497
2023-03-14,85.85,87.0,85.67,86.47,4261793
2023-03-15,86.56,86.91,86.38,86.56,3572011
2023-03-16,86.73,87.17,86.29,87.09,2676642
2023-03-17,87.09,88.24,86.82,87.62,7962872
2023-03-20,87.97,87.97,87.0,87.97,1938919
2023-03-21,87.71,88.24,87.17,87.17,2220655
2023-03-22,87.62,88.06,87.35,87.71,2003397
2023-03-23,87.97,88.24,87.62,88.06,2184781
2023-03-24,88.24,88.94,87.62,88.94,2462745
2023-03-27,88.94,88.94,88.41,88.94,1874147
2023-03-28,88.95,88.95,88.33,88.5,3182861
2023-03-29,88.5,88.94,88.5,88.94,2240553
2023-03-30,88.95,89.39,88.5,89.39,2044637
2023-03-31,89.39,89.83,89.39,89.39,1977547
2023-04-06,89.39,89.83,88.5,89.83,3520181
2023-04-07,89.83,90.27,89.83,89.83,1533566
2023-04-10,89.83,91.16,89.83,91.16,3103662
2023-04-11,91.16,92.04,91.16,92.04,3137201
2023-04-12,92.04,92.04,91.16,92.04,3751493
2023-04-13,92.04,92.04,91.16,91.6,2479709
2023-04-14,91.6,92.93,91.16,92.93,2621467
2023-04-17,92.93,92.93,92.04,92.93,2900451
2023-04-18,92.93,93.37,92.49,92.93,2152034
2023-04-19,92.93,92.93,92.04,92.04,2915832
2023-04-20,92.04,92.04,89.83,91.16,6087677
2023-04-21,90.27,91.16,90.27,90.72,3945446
2023-04-24,91.16,91.6,90.72,91.16,1714168
2023-04-25,91.6,92.04,90.72,91.16,2955451
2023-04-26,91.16,92.04,91.16,92.04,4861368
2023-04-27,91.6,92.04,91.16,91.6,2568698
2023-04-28,91.6,92.04,91.16,91.6,1443670
2023-05-02,92.04,92.04,90.72,91.16,2129465
2023-05-03,91.6,91.6,90.72,91.16,1718373
2023-05-04,91.6,92.93,90.72,92.49,4668234
2023-05-05,92.04,92.49,91.6,92.49,3481055
2023-05-08,92.49,92.49,91.6,92.04,2147550
2023-05-09,92.04,92.04,91.16,91.6,3098152
2023-05-10,91.6,92.04,91.16,91.6,3093564
2023-05-11,91.6,91.6,91.16,91.6,1414853
2023-05-12,91.16,91.6,90.72,91.16,2341908
2023-05-15,90.72,91.6,90.27,91.6,2207170
2023-05-16,91.6,92.04,91.16,91.6,2857634
2023-05-17,91.6,92.93,91.16,92.49,5922592
2023-05-18,92.49,92.93,92.04,92.04,3132663
2023-05-19,92.04,92.49,91.6,92.04,4367240
2023-05-22,92.04,92.04,91.16,92.04,3761502
2023-05-23,92.04,92.04,90.72,92.04,4354202
2023-05-24,91.6,92.04,90.72,92.04,4000661
2023-05-25,91.6,92.04,90.27,90.72,6896854
2023-05-26,90.27,91.16,90.27,91.16,5134034
2023-05-29,91.16,91.6,90.27,91.16,4346351
2023-05-30,91.16,91.6,90.27,91.6,6561575
2023-05-31,91.6,91.6,90.72,91.6,17136155
2023-06-01,91.6,91.6,90.72,91.16,3725350
2023-06-02,91.16,92.49,91.16,92.04,4916440
2023-06-05,92.04,92.49,91.16,91.6,2440991
2023-06-06,91.6,92.49,91.6,92.04,4681213
2023-06-07,92.49,92.49,91.6,92.04,3135745
2023-06-08,91.6,92.04,91.16,91.6,2096328
2023-06-09,92.04,92.04,91.16,91.16,1900040
2023-06-12,91.16,91.6,90.72,90.72,3286327
2023-06-13,90.72,91.6,90.72,91.16,4295869
2023-06-14,91.6,91.6,90.72,90.72,2797551
2023-06-15,91.16,91.16,90.72,91.16,5547395
2023-06-16,91.16,91.6,90.72,90.72,6395667
2023-06-19,90.72,91.6,90.72,91.6,3578154
2023-06-20,91.6,91.6,90.72,90.72,4644462
2023-06-21,91.16,91.16,89.83,89.83,5468259
2023-06-26,89.83,89.83,88.95,89.39,4512208
2023-06-27,89.39,89.39,88.5,88.5,5000492
2023-06-28,88.5,88.95,88.41,88.5,4851169
2023-06-29,88.94,89.39,88.5,88.94,6774810
2023-06-30,89.04,89.78,88.39,88.39,9944762
2023-07-03,88.58,88.85,87.74,87.84,6834806
2023-07-04,87.84,87.84,87.28,87.37,5688474
2023-07-05,87.37,88.3,86.91,87.0,4712120
2023-07-06,86.91,87.19,86.45,86.54,5180804
2023-07-07,86.73,87.0,86.08,86.45,3859341
2023-07-10,86.82,87.1,86.26,86.45,3848184
2023-07-11,87.1,87.47,87.0,87.28,2208088
2023-07-12,87.28,87.28,86.73,87.1,3459272
2023-07-13,87.56,87.56,86.73,86.73,3389365
2023-07-14,87.28,88.11,87.0,87.93,3759871
2023-07-17,88.39,88.39,87.28,87.37,2785749
2023-07-18,87.37,87.84,86.82,87.0,3477773
2023-07-19,87.0,87.37,86.73,87.1,3056457
2023-07-20,87.47,87.47,87.0,87.28,2672730
2023-07-21,87.47,87.47,87.0,87.0,2089800
2023-07-24,87.19,87.28,86.82,86.82,2905638
2023-07-25,87.19,87.37,86.91,87.37,1904837
2023-07-26,87.56,87.56,87.1,87.37,2343323
2023-07-27,87.56,87.84,87.47,87.74,1930613
2023-07-28,87.74,87.93,87.56,87.84,2150115
2023-07-31,88.11,88.21,87.28,87.28,5097334
2023-08-01,87.47,87.84,87.37,87.74,2400951
2023-08-02,87.74,87.74,86.91,87.0,4223561
2023-08-04,87.1,87.19,86.91,87.0,2031055
2023-08-07,87.19,87.37,87.0,87.0,2305044
2023-08-08,87.0,87.1,86.73,86.73,4811724
2023-08-09,86.82,86.91,86.54,86.73,3728365
2023-08-10,86.73,87.28,86.54,87.0,3211547
2023-08-11,86.91,87.47,86.91,87.19,1928210
2023-08-14,87.19,87.28,86.73,86.73,2170374
2023-08-15,86.82,87.19,86.63,86.63,1912283
2023-08-16,86.63,87.1,86.45,86.82,2493500
2023-08-17,86.54,86.82,86.54,86.73,3079771
2023-08-18,86.91,87.0,86.73,86.82,1941275
2023-08-21,87.0,87.0,86.73,86.91,2243765
2023-08-22,86.91,86.91,86.17,86.45,3619372
2023-08-23,86.45,86.54,86.26,86.45,2364122
2023-08-24,86.45,86.82,86.36,86.54,2099835
2023-08-25,86.54,87.1,86.26,86.26,2478002
2023-08-28,86.36,86.54,86.26,86.54,1390663
2023-08-29,86.54,87.0,86.45,87.0,1698545
2023-08-30,87.0,87.28,86.63,87.0,2481867
2023-08-31,87.0,87.0,86.17,86.17,7527132
2023-09-01,86.73,86.91,86.45,86.82,1654328
2023-09-04,86.73,86.91,86.54,86.91,2061937
2023-09-05,86.91,86.91,86.54,86.54,1760509
2023-09-06,86.91,86.91,86.36,86.36,2372906
2023-09-07,86.36,86.54,86.17,86.26,2785129
2023-09-08,86.36,86.63,86.08,86.45,2597856
2023-09-11,86.63,86.91,86.36,86.91,2161824
2023-09-12,86.91,87.47,86.82,87.47,2866793
2023-09-13,87.56,87.65,87.28,87.56,1299940
2023-09-14,87.74,87.84,87.56,87.84,2274191
2023-09-15,87.84,88.76,87.56,88.39,6403973
2023-09-18,88.39,88.48,87.84,88.02,1189573
2023-09-19,88.02,88.48,87.65,88.3,1309120
2023-09-20,88.3,88.3,87.84,87.84,1845457
2023-09-21,87.56,87.56,86.54,86.73,4846893
2023-09-22,86.73,87.1,86.63,86.63,2365479
2023-09-25,86.91,87.37,86.82,86.91,1849905
2023-09-26,86.73,87.47,86.73,87.47,2290309
2023-09-27,87.56,87.56,86.73,86.82,1962445
2023-09-28,87.19,87.47,87.0,87.47,1392887
2023-10-02,87.47,87.47,86.91,87.1,1851018
2023-10-03,86.91,86.91,86.73,86.82,1379481
2023-10-04,86.73,86.82,86.45,86.45,2574894
2023-10-05,86.91,87.37,86.73,87.28,2271242
2023-10-06,87.47,87.47,86.82,87.1,1590862
2023-10-11,88.11,88.67,87.47,88.67,6849323
2023-10-12,88.85,88.94,88.11,88.94,3856048
2023-10-13,88.21,88.58,87.65,88.39,4120179
2023-10-16,88.39,88.85,87.84,88.58,4761248
2023-10-17,88.67,88.95,87.93,88.21,6892075
2023-10-18,88.67,88.95,88.02,88.39,9507797
2023-10-19,87.93,88.39,87.47,87.74,5423032
2023-10-20,87.37,87.84,87.1,87.1,5754653
2023-10-23,87.37,87.47,87.0,87.28,2332181
2023-10-24,87.28,87.84,87.19,87.65,2517013
2023-10-25,87.74,87.93,87.47,87.74,2998448
2023-10-26,87.65,88.21,87.28,87.65,3238484
2023-10-27,87.74,88.3,87.74,88.3,3053677
2023-10-30,88.39,88.48,87.56,87.84,3651373
2023-10-31,87.65,88.58,87.65,88.58,3726013
2023-11-01,88.48,89.22,88.39,89.04,4870947
2023-11-02,89.22,89.68,88.94,89.31,4395792
2023-11-03,89.31,89.68,89.22,89.68,3654670
2023-11-06,90.05,90.33,89.78,90.33,5136686
2023-11-07,90.33,90.42,89.78,89.87,3215358
2023-11-08,90.33,90.98,89.96,90.89,3881335
2023-11-09,90.89,91.26,90.61,90.98,3460326
2023-11-10,90.89,90.89,90.42,90.52,2183313
2023-11-13,90.52,90.61,89.41,89.78,3431237
2023-11-14,90.24,90.24,89.78,89.96,2011045
2023-11-15,90.89,90.98,89.87,90.15,4532295
2023-11-16,90.61,90.7,90.05,90.61,3814287
2023-11-17,90.61,90.98,90.05,90.33,3755759
2023-11-20,90.7,90.7,89.96,90.33,2220013
2023-11-21,90.33,91.07,90.15,90.89,4959852
2023-11-22,90.98,91.16,90.7,90.89,3676766
2023-11-23,90.61,91.35,90.52,90.98,3817780
2023-11-24,90.98,91.72,90.79,90.89,7007810
2023-11-27,90.89,92.18,90.89,91.07,7675326
2023-11-28,91.44,91.81,90.98,90.98,7643436
2023-11-29,91.35,91.9,91.35,91.44,7144204
2023-11-30,91.44,91.9,90.98,90.98,9799540
2023-12-01,91.07,91.81,90.98,91.72,5868186
2023-12-04,91.63,93.38,91.63,92.27,9224025
2023-12-05,92.92,93.38,92.46,92.92,6953640
2023-12-06,93.38,93.85,92.46,92.46,4873323
2023-12-07,92.46,92.92,91.72,91.9,2769663
2023-12-08,92.18,92.18,91.35,91.63,2602627
2023-12-11,91.63,91.72,90.7,91.07,2283845
2023-12-12,91.72,91.72,91.07,91.26,2511072
2023-12-13,91.63,91.63,90.89,90.98,1858446
2023-12-14,91.9,91.9,90.89,91.44,2650614
2023-12-15,91.72,91.72,90.42,90.98,5902462
2023-12-18,90.89,90.89,90.42,90.7,2178025
2023-12-19,90.42,90.61,90.24,90.61,2300460
2023-12-20,90.61,90.7,90.24,90.7,3117733
2023-12-21,90.24,90.42,89.96,90.24,3213832
2023-12-22,89.96,90.33,89.87,89.87,2515600
2023-12-25,89.96,90.24,89.68,90.15,1638921
2023-12-26,90.52,90.79,90.15,90.42,1833076
2023-12-27,90.7,91.07,90.33,90.89,2117655
2023-12-28,90.79,91.35,90.7,91.35,1721426
2023-12-29,91.07,91.26,90.52,91.16,2602561
2024-01-02,91.07,92.0,90.98,92.0,2336791
2024-01-03,91.26,91.53,90.98,91.44,1866410
2024-01-04,91.44,91.44,90.79,91.44,1485645
2024-01-05,91.16,91.44,90.79,91.07,1098389
2024-01-08,91.26,91.53,90.98,91.53,1306193
2024-01-09,91.53,91.63,91.35,91.63,1376775
2024-01-10,91.81,91.81,91.07,91.35,1953383
2024-01-11,91.81,92.27,91.53,92.18,2835643
2024-01-12,92.46,92.46,91.72,92.27,1874647
2024-01-15,92.27,92.27,91.44,91.63,2049820
2024-01-16,91.16,91.26,90.61,90.61,3277554
2024-01-17,90.24,90.61,89.78,89.87,4512546
2024-01-18,89.87,90.33,89.87,89.96,2495800
2024-01-19,89.68,90.24,89.59,89.96,3670276
2024-01-22,90.42,90.7,89.96,90.24,1844144
2024-01-23,90.61,90.61,89.87,89.96,2315581
2024-01-24,90.05,90.7,89.87,89.96,2510271
2024-01-25,90.42,90.61,89.96,90.24,2076139
2024-01-26,90.05,90.98,90.05,90.98,1471135
2024-01-29,90.61,91.16,90.42,91.16,1159942
2024-01-30,91.16,91.16,90.52,91.07,2001124
2024-01-31,90.89,90.98,90.52,90.61,2061421
2024-02-01,91.07,91.35,90.7,91.26,2806175
2024-02-02,91.26,91.35,90.79,90.89,1328878
2024-02-05,90.52,91.07,90.42,91.07,1770725
2024-02-15,90.42,91.07,90.33,90.61,3281585
2024-02-16,90.61,90.7,90.33,90.61,2702575
2024-02-19,90.61,90.7,90.33,90.61,3085940
2024-02-20,90.61,91.26,90.61,91.16,1700977
2024-02-21,91.44,92.46,91.35,92.46,4427042
2024-02-22,92.46,92.46,92.09,92.37,3114132
2024-02-23,92.18,92.27,91.81,91.9,1881784
2024-02-26,91.63,92.37,91.63,92.37,2565027
2024-02-27,92.0,92.37,91.63,91.63,2851906
2024-02-29,91.63,91.81,91.07,91.53,11177863
2024-03-01,90.98,91.35,90.79,90.98,3353742
2024-03-04,90.61,91.44,90.61,90.7,2491528
2024-03-05,90.7,91.07,90.42,90.52,2846467
2024-03-06,90.98,91.26,90.61,91.07,2262653
2024-03-07,90.61,90.89,90.52,90.52,4461634
2024-03-08,90.24,90.98,90.24,90.98,2768493
2024-03-11,91.35,91.53,91.07,91.35,2026356
2024-03-12,91.35,91.72,91.16,91.44,3142499
2024-03-13,91.16,92.27,91.16,92.09,4762927
2024-03-14,92.0,92.27,91.72,92.27,3527772
2024-03-15,92.27,92.46,91.81,91.81,9289391
2024-03-18,91.81,92.46,91.81,92.09,3025859
2024-03-19,91.81,91.81,91.07,91.07,5347516
2024-03-20,91.07,91.63,91.07,91.16,4068110
2024-03-21,91.72,92.09,91.26,91.9,3191223
2024-03-22,92.27,92.37,91.9,92.37,4098959
2024-03-25,91.81,92.37,91.81,92.37,1461442
2024-03-26,92.37,93.38,92.09,92.92,5814013
2024-03-27,92.92,94.31,92.92,94.31,4771112
2024-03-28,94.77,95.69,93.85,94.31,6460089
2024-03-29,94.31,95.23,94.31,94.77,2841000
2024-04-01,95.23,96.16,94.77,96.16,5276717
2024-04-02,95.69,96.16,95.69,96.16,4979030
2024-04-03,95.23,96.16,94.77,95.23,5978185
2024-04-08,94.77,96.16,94.77,96.16,5958416
2024-04-09,95.69,96.16,95.69,96.16,3690773
2024-04-10,95.69,96.16,95.69,96.16,4126667
2024-04-11,95.69,96.16,95.23,96.16,4213306
2024-04-12,95.23,96.62,95.23,96.62,5485168
2024-04-15,96.16,96.62,96.16,96.16,4099280
2024-04-16,95.69,96.16,94.31,94.31,5009348
2024-04-17,94.77,95.23,93.85,94.31,4836894
2024-04-18,94.31,95.69,93.38,95.69,8772650
2024-04-19,94.77,94.77,93.85,94.31,9213462
2024-04-22,95.23,97.08,94.77,96.62,12441761
2024-04-23,95.69,96.62,95.23,95.23,8478747
2024-04-24,95.69,96.16,94.31,94.31,10559134
2024-04-25,94.31,95.69,94.31,94.77,5040548
2024-04-26,94.77,96.16,94.77,95.69,3823366
2024-04-29,95.69,96.16,95.23,96.16,3392259
2024-04-30,95.69,96.62,95.69,96.16,4668276
2024-05-02,96.16,96.62,95.23,96.16,6751765
2024-05-03,96.16,96.62,96.16,96.62,4822098
2024-05-06,96.62,97.08,96.16,97.08,4881538
2024-05-07,96.62,97.08,96.16,96.62,4811753
2024-05-08,97.08,97.08,96.62,97.08,4698626
2024-05-09,96.62,97.08,96.62,97.08,3560984
2024-05-10,97.08,97.08,96.62,97.08,4461456
2024-05-13,97.08,97.54,97.08,97.54,2349176
2024-05-14,97.54,97.54,96.62,96.62,3151975
2024-05-15,97.08,97.54,97.08,97.08,3873682
2024-05-16,97.54,98.01,97.08,97.54,6246289
2024-05-17,97.54,98.01,97.54,98.01,2855012
2024-05-20,98.01,98.47,97.54,98.01,5535543
2024-05-21,98.01,98.01,97.08,97.54,4105380
2024-05-22,98.01,98.93,97.54,98.93,7415387
2024-05-23,98.01,99.39,98.01,98.93,5645925
2024-05-24,98.93,98.93,98.01,98.47,3689818
2024-05-27,98.01,98.93,97.54,97.54,10115996
2024-05-28,97.54,98.01,96.62,97.08,7485924
2024-05-29,96.62,97.08,94.77,95.23,12381417
2024-05-30,94.77,97.54,94.77,96.62,9816268
2024-05-31,96.62,98.47,96.62,97.54,19492001
2024-06-03,97.54,99.39,97.08,98.47,13872968
2024-06-04,98.01,99.39,98.01,98.47,6899726
2024-06-05,98.47,99.39,98.47,98.93,5407595
2024-06-06,98.47,98.93,98.47,98.47,4965870
2024-06-07,98.47,99.39,98.47,98.93,5386232
2024-06-11,98.47,99.39,98.47,98.93,5817746
2024-06-12,98.47,98.93,98.01,98.01,3329052
2024-06-13,98.47,98.93,98.01,98.01,4104837
2024-06-14,98.47,99.39,98.47,99.39,5120705
2024-06-17,98.47,99.39,98.47,99.39,4143719
2024-06-18,99.39,99.39,98.93,99.39,3715484
2024-06-19,98.93,99.39,98.47,98.47,6174740
2024-06-20,98.47,98.93,97.54,98.47,8520419
2024-06-21,98.47,98.93,96.16,98.01,32103349
2024-06-24,98.01,98.93,97.54,98.93,6240685
2024-06-25,98.93,99.39,97.54,98.47,5565703
2024-06-26,98.01,98.47,97.54,98.01,4471047
2024-06-27,97.54,98.01,97.08,98.01,5681819
2024-06-28,98.01,99.86,97.54,98.93,41683411
2024-07-01,98.93,101.7,98.93,100.78,38873615
2024-07-02,99.86,103.09,99.39,103.09,41737192
2024-07-03,103.09,105.86,100.32,104.02,44952492
2024-07-04,102.63,104.02,100.78,102.63,40218987
2024-07-05,102.63,107.25,101.24,107.25,51295621
2024-07-08,100.82,102.26,97.94,98.42,33607342
2024-07-09,98.9,99.38,96.98,96.98,14076518
2024-07-10,97.46,97.94,96.5,97.94,11758605
2024-07-11,97.94,97.94,96.5,96.98,9430155
2024-07-12,96.98,97.94,96.5,96.98,9487022
2024-07-15,97.46,97.46,96.5,96.98,8994495
2024-07-16,97.46,97.94,96.5,96.98,8295000
2024-07-17,96.98,98.42,96.98,97.94,11717744
2024-07-18,98.42,100.34,97.94,99.86,25402344
2024-07-19,98.42,99.86,98.42,99.38,7585505
2024-07-22,99.38,100.34,98.42,99.38,11616489
2024-07-23,99.38,101.3,99.38,101.3,9108712
2024-07-26,100.34,101.78,99.86,101.78,8778370
2024-07-29,101.78,101.78,99.86,100.34,7275920
2024-07-30,100.34,101.3,99.38,101.3,9147776
2024-07-31,100.82,101.3,100.34,101.3,5304542
2024-08-01,100.82,101.78,100.34,101.3,7363692
2024-08-02,100.34,101.78,99.86,101.78,10032894
2024-08-05,100.34,101.78,97.94,101.78,26072365
2024-08-06,101.78,106.58,101.3,106.1,24809646
2024-08-07,103.7,105.62,102.26,103.7,10184192
2024-08-08,102.26,103.7,101.78,102.74,8954284
2024-08-09,102.26,103.22,101.78,103.22,7539786
2024-08-12,103.22,103.7,101.3,103.22,6502791
2024-08-13,103.22,103.22,101.78,103.22,5760595
2024-08-14,103.22,104.66,102.74,104.66,7475438
2024-08-15,104.66,104.66,102.74,104.18,7092752
2024-08-16,105.14,105.14,102.74,103.22,7873538
2024-08-19,103.7,105.14,103.22,105.14,6433125
2024-08-20,105.14,106.1,103.7,104.18,5763779
2024-08-21,104.66,105.62,104.18,105.62,5812475
2024-08-22,105.14,105.62,104.66,105.62,4645970
2024-08-23,106.1,107.06,105.14,107.06,6883087
2024-08-26,106.58,106.58,104.66,105.62,4549954
2024-08-27,105.14,107.54,104.66,107.54,5369261
2024-08-28,107.06,107.54,106.1,107.06,4831620
2024-08-29,107.06,107.54,106.1,106.58,5098126
2024-08-30,107.06,107.54,106.58,107.54,6462435
2024-09-02,107.54,108.5,107.06,108.5,4121075
2024-09-03,108.02,108.02,106.58,107.54,4895944
2024-09-04,105.62,108.5,105.62,107.54,12958431
2024-09-05,107.54,108.98,107.06,108.5,6016088
2024-09-06,108.02,110.42,107.54,110.42,6827357
2024-09-09,108.98,110.42,108.98,110.42,6974049
2024-09-10,109.46,110.42,108.98,110.42,4909213
2024-09-11,110.42,111.38,109.94,110.42,7065684
2024-09-12,111.38,111.38,109.46,110.42,7571936
2024-09-13,110.42,110.9,109.46,110.9,5280969
2024-09-16,110.9,111.38,109.94,111.38,3765164
2024-09-18,110.9,111.86,110.42,111.86,11954574
2024-09-19,111.38,112.34,110.9,111.38,12953296
2024-09-20,111.38,111.86,110.42,111.86,13182438
2024-09-23,111.86,113.78,111.86,113.78,10294840
2024-09-24,113.3,114.26,112.34,113.78,15179118
2024-09-25,113.78,114.26,109.46,111.86,18702083
2024-09-26,111.86,112.82,109.94,112.82,14898837
2024-09-27,112.82,112.82,110.9,111.86,12554105
2024-09-30,111.86,111.86,110.42,110.42,6599471
2024-10-01,110.42,110.9,108.98,110.9,9591012
2024-10-04,109.94,110.42,107.06,108.02,9812369
2024-10-07,108.02,108.02,106.1,108.02,8259083
2024-10-08,107.06,108.98,106.1,108.02,9833891
2024-10-09,107.54,108.5,107.06,108.5,4977100
2024-10-11,108.5,108.5,107.06,107.54,2829077
2024-10-14,107.54,108.02,106.58,108.02,5023651
2024-10-15,108.02,108.5,107.54,108.02,4298012
2024-10-16,107.54,108.02,106.58,108.02,5497249
2024-10-17,108.98,110.42,108.5,109.46,5350684
2024-10-18,109.46,110.42,109.46,109.94,3981667
2024-10-21,110.42,110.42,108.98,108.98,3445831
2024-10-22,108.98,109.94,107.54,109.46,4589558
2024-10-23,108.98,109.46,107.54,109.46,7238032
2024-10-24,108.5,109.46,108.5,109.46,2821746
2024-10-25,108.98,109.46,108.5,109.46,1884113
2024-10-28,108.98,109.94,108.5,108.5,2699836
2024-10-29,108.5,110.9,108.5,110.9,5060612
2024-10-30,110.9,110.9,108.98,108.98,4294395
2024-11-01,108.5,110.42,108.02,108.98,7662409
2024-11-04,108.98,110.42,108.98,109.94,4012693
2024-11-05,109.94,110.9,109.46,110.9,3869856
2024-11-06,110.42,110.42,108.98,109.46,3744742
2024-11-07,108.5,109.94,108.02,108.98,3487376
2024-11-08,108.98,109.46,107.54,108.5,3973138
2024-11-11,108.5,109.94,108.02,109.94,4052639
2024-11-12,108.98,110.42,108.98,108.98,5802626
2024-11-13,108.98,110.9,108.5,109.94,5610119
2024-11-14,109.94,110.9,109.46,109.46,5792126
2024-11-15,109.94,111.86,106.58,106.58,12696622
2024-11-18,106.58,108.5,106.1,106.58,9296613
2024-11-19,107.06,108.02,104.66,108.02,10220532
2024-11-20,107.54,107.54,107.54,107.54,7783335
2024-11-21,106.58,108.5,106.1,108.02,6543557
2024-11-22,108.02,109.46,108.02,108.5,5123711
2024-11-25,108.98,110.42,108.5,110.42,8504333
2024-11-26,109.94,110.42,108.98,108.98,2269513
2024-11-27,108.98,110.42,108.98,110.42,2825601
2024-11-28,109.94,110.42,108.5,108.5,3289293
2024-11-29,108.02,109.46,107.54,108.5,3556604
2024-12-02,108.98,110.42,108.98,109.46,3142679
2024-12-03,109.94,110.42,106.58,108.02,12808319
2024-12-04,107.54,108.5,106.1,108.5,12301831
2024-12-05,108.02,108.98,107.06,107.54,6802974
2024-12-06,107.54,109.46,107.54,108.98,6177267
2024-12-09,109.46,109.94,108.5,109.94,2798579
2024-12-10,109.46,110.42,108.5,109.46,5751655
2024-12-11,109.46,110.42,108.98,109.46,3455500
2024-12-12,109.46,110.42,108.98,109.46,3434220
2024-12-13,108.98,110.42,108.98,109.94,5473948
2024-12-16,109.94,112.34,109.94,112.34,8718715
2024-12-17,111.38,112.82,110.42,111.38,10283403
2024-12-18,110.9,111.86,110.42,111.38,8075652
2024-12-19,110.42,111.38,109.94,111.38,8925721
2024-12-20,110.9,110.9,108.5,108.5,12576624
2024-12-23,109.46,110.9,108.98,110.9,7276312
2024-12-24,110.9,110.9,108.98,109.94,7108838
2024-12-25,110.42,111.38,109.94,110.9,4909099
2024-12-26,110.9,111.38,109.46,109.94,3075737
2024-12-27,109.46,110.42,109.46,109.94,2064432
2024-12-30,109.94,110.42,108.98,108.98,2806814
2024-12-31,108.5,109.46,108.5,108.98,4216912
2025-01-02,108.98,109.46,107.06,108.02,10922086
2025-01-03,108.02,108.5,107.06,107.54,9778430
2025-01-06,108.02,108.98,107.54,108.5,10433022
2025-01-07,108.98,108.98,107.06,107.06,12312635
2025-01-08,107.06,107.54,106.1,106.58,10849962
2025-01-09,107.06,108.02,106.58,107.54,2753391
2025-01-10,107.54,107.54,106.58,106.58,3704770
2025-01-13,106.58,107.54,106.1,107.06,5939799
2025-01-14,107.06,108.5,106.58,108.02,4341335
2025-01-15,108.02,108.02,106.58,106.58,4107169
2025-01-16,107.06,107.54,106.1,106.58,5935349
2025-01-17,106.58,107.54,106.1,107.54,4827233
2025-01-20,107.54,108.02,106.1,106.1,4177781
2025-01-21,106.1,107.06,105.62,106.58,3142534
2025-01-22,106.58,107.06,105.62,105.62,4478871
2025-02-03,105.14,108.02,105.14,107.06,6042370
2025-02-04,107.54,108.5,107.06,108.02,4770039
2025-02-05,108.5,108.98,107.06,107.54,4321589
2025-02-06,107.54,108.5,107.06,108.02,3142419
2025-02-07,107.54,108.02,107.06,107.54,3090200
2025-02-10,107.06,108.02,107.06,107.06,3142177
2025-02-11,107.54,108.02,106.1,106.58,4559710
2025-02-12,107.06,108.5,107.06,108.02,5580175
2025-02-13,108.5,108.98,107.06,107.54,4707360
2025-02-14,107.54,108.5,107.06,108.02,4225406
2025-02-17,108.02,108.5,107.54,107.54,4062847
2025-02-18,107.54,108.5,107.54,108.02,3506412
2025-02-19,108.02,108.5,107.06,107.54,5807900
2025-02-20,107.54,108.98,107.54,107.54,4559486
2025-02-21,108.5,109.46,108.02,108.98,4596739
2025-02-24,108.5,109.94,108.5,108.98,3244422
2025-02-25,108.5,109.94,108.5,108.98,6052346
2025-02-26,109.46,109.94,108.98,108.98,6369233
2025-02-27,109.46,110.9,109.46,109.94,10044405
2025-03-03,110.42,112.34,110.42,111.86,5847398
2025-03-04,110.9,111.38,109.94,110.42,6712973
2025-03-05,110.9,111.38,110.42,110.42,4422137
2025-03-06,110.42,112.34,110.42,111.86,6737465
2025-03-07,112.34,113.3,111.86,112.34,5503619
2025-03-10,112.34,112.82,111.86,111.86,3511376
2025-03-11,110.9,112.82,110.9,111.86,6691660
2025-03-12,112.34,112.82,111.86,112.34,6108308
2025-03-13,112.34,112.82,111.38,112.34,4483470
2025-03-14,112.82,112.82,111.86,112.34,4351904
2025-03-17,112.34,112.82,110.9,111.38,6678759
2025-03-18,111.38,112.34,110.9,112.34,4354560
2025-03-19,112.34,112.34,111.38,111.86,3433106
2025-03-20,111.86,112.82,111.38,112.82,4428323
2025-03-21,112.82,113.78,112.34,113.78,8344976
2025-03-24,113.3,113.78,112.82,113.78,2810617
2025-03-25,113.78,114.26,112.34,112.34,3456686
2025-03-26,112.34,113.3,111.86,113.3,2470976
2025-03-27,112.82,113.3,112.34,113.3,2556508
2025-03-28,112.82,113.3,112.34,112.82,3542260
2025-03-31,111.38,113.3,111.38,111.86,6662769
2025-04-01,111.86,112.82,111.38,111.38,5911374
2025-04-02,111.38,111.86,110.9,111.38,4751015
2025-04-07,105.14,108.98,104.66,108.5,15306361
2025-04-08,110.42,111.38,105.62,108.5,24951009
2025-04-09,107.06,114.26,106.58,110.42,34874983
2025-04-10,111.38,115.7,109.46,114.26,27030500
2025-04-11,114.26,115.22,111.86,112.34,17067908
2025-04-14,111.86,113.3,110.42,110.42,10171246
2025-04-15,110.42,111.38,109.46,109.94,11536479
2025-04-16,109.94,113.78,109.94,113.3,19572095
2025-04-17,112.82,112.82,109.94,109.94,12339529
2025-04-18,110.9,110.9,108.98,108.98,6101676
2025-04-21,108.5,110.9,108.5,108.98,7909524
2025-04-22,108.98,109.94,108.02,108.5,5772548
2025-04-23,108.5,110.9,108.5,109.94,13139300
2025-04-24,109.46,109.94,108.98,109.46,6383056
2025-04-25,109.94,109.94,108.5,108.5,9375481
2025-04-28,108.5,108.98,108.02,108.02,4402876
2025-04-29,108.5,109.46,108.02,108.5,5401378
2025-04-30,108.5,109.94,108.5,108.98,3686856
2025-05-02,108.98,109.46,108.98,108.98,3078101
2025-05-05,108.98,110.42,108.98,109.94,5436380
2025-05-06,110.42,111.38,109.94,110.42,6321071
2025-05-07,110.9,112.34,110.42,110.9,8509648
2025-05-08,110.9,111.38,108.98,108.98,13558322
2025-05-09,108.98,109.94,108.5,108.98,7479656
2025-05-12,109.46,110.9,109.46,109.94,7365324
2025-05-13,109.94,110.42,108.98,108.98,5632318
2025-05-14,109.46,109.94,108.5,108.5,7550267
2025-05-15,108.98,110.42,108.98,109.94,9999322
2025-05-16,110.42,110.42,109.46,109.46,4263090
2025-05-19,109.46,110.42,108.98,109.46,4886785
2025-05-20,109.94,111.38,109.94,110.42,9089631
2025-05-21,110.9,111.38,110.42,110.9,6138371
2025-05-22,110.9,112.82,110.9,111.86,8807675
2025-05-23,111.86,113.3,110.9,112.34,9432605
2025-05-26,112.34,113.3,111.86,112.34,8396449
2025-05-27,112.34,113.3,110.9,111.38,12136014
2025-05-28,111.38,112.34,110.9,111.38,11572052
2025-05-29,111.86,112.34,109.46,109.46,25247844
2025-06-02,108.98,110.42,108.5,108.98,15730656
2025-06-03,109.94,109.94,108.02,108.02,28086275
2025-06-04,108.5,108.98,108.02,108.02,16167990
2025-06-05,108.02,109.94,108.02,109.46,7444767
2025-06-06,109.46,110.9,109.46,109.94,7963242
2025-06-09,109.94,110.42,109.46,109.94,3096966
2025-06-10,110.42,111.38,109.94,110.9,5332461
2025-06-11,110.42,111.38,110.42,111.38,4865594
2025-06-12,111.38,111.86,110.9,110.9,2982249
2025-06-13,110.9,112.34,110.9,111.38,5647705
2025-06-16,111.86,112.82,111.38,112.34,5272940
2025-06-17,112.82,113.3,111.86,111.86,6534162
2025-06-18,111.86,114.26,111.86,113.78,9712631
2025-06-19,112.82,113.3,112.34,112.82,5855343
2025-06-20,112.82,113.78,112.34,112.82,12744080
2025-06-23,112.82,113.3,111.38,111.86,7170170
2025-06-24,112.34,112.34,108.02,108.02,30023443
2025-06-25,108.02,111.86,108.02,111.38,22428261
2025-06-26,110.9,111.38,108.98,109.46,30104881
2025-06-27,109.94,111.38,109.46,111.38,10579072
2025-06-30,109.94,111.86,109.94,110.42,21595088
2025-07-01,111.38,111.86,109.94,109.94,19887873
2025-07-02,110.42,110.9,108.98,109.94,14803842
2025-07-03,109.94,111.38,109.46,111.38,16796214
2025-07-04,111.86,112.34,110.9,111.86,13389139
2025-07-07,111.38,111.86,108.5,108.5,27885402
2025-07-08,108.98,110.42,108.5,108.5,18132349
2025-07-09,109.0,109.5,106.0,106.5,49870987
2025-07-10,107.0,108.0,106.5,107.0,12263128
2025-07-11,107.5,107.5,106.5,107.0,12309600
2025-07-14,107.5,109.0,107.0,108.0,13900300
2025-07-15,108.0,108.5,106.5,107.0,15625698
2025-07-16,106.5,107.0,106.0,106.5,11110569
2025-07-17,107.0,107.5,106.0,106.5,7712900
2025-07-18,107.0,107.5,106.0,106.0,9145239
2025-07-21,106.5,106.5,105.0,106.5,10956295
2025-07-22,106.5,106.5,105.5,106.0,9302462
2025-07-23,106.5,107.5,106.0,107.0,8144326
2025-07-24,107.5,107.5,106.0,107.0,7518526
2025-07-25,107.0,107.5,105.5,105.5,10571376
2025-07-28,106.0,106.5,105.5,106.0,3719462
2025-07-29,106.0,107.0,105.5,106.0,4492554
2025-07-30,106.5,107.5,106.0,107.5,7239521
2025-07-31,107.0,107.5,105.5,105.5,9621900
2025-08-04,106.0,107.0,106.0,107.0,3022644
2025-08-05,106.5,107.0,106.5,106.5,2983549
2025-08-06,107.0,107.5,107.0,107.0,2624813
2025-08-07,107.0,107.5,106.0,106.5,5118197
2025-08-08,107.0,108.0,106.5,107.5,4430614
2025-08-11,107.5,108.0,106.5,106.5,5230121
2025-08-12,107.5,108.0,107.0,107.0,9277310
2025-08-13,108.0,108.0,106.5,106.5,6023197
2025-08-14,107.0,107.5,106.0,106.0,7770335
2025-08-15,106.5,107.5,106.0,107.0,4244045
2025-08-18,107.0,108.5,107.0,108.5,7612992
2025-08-19,108.5,109.0,108.0,108.0,3993509
2025-08-20,108.5,109.0,108.0,108.0,6541948
2025-08-21,109.0,109.0,108.0,108.5,6683708
2025-08-22,108.5,109.0,107.5,108.0,6208630
2025-08-25,108.5,108.5,106.5,107.0,8851780
2025-08-26,106.5,107.0,106.5,106.5,4634199
2025-08-27,106.5,107.0,106.0,106.0,5381016
2025-08-28,106.5,107.0,106.0,106.0,5216874
2025-08-29,106.5,106.5,105.5,106.5,7053373
2025-09-01,106.5,107.0,106.0,106.5,3284803
2025-09-02,107.0,107.5,106.5,107.0,3163085
2025-09-03,107.0,107.0,106.0,106.5,2842418
2025-09-04,106.5,106.5,106.0,106.5,2571217
2025-09-05,106.5,107.0,106.0,106.0,3133428
2025-09-08,106.0,107.0,106.0,107.0,4410812
2025-09-09,107.0,108.0,107.0,107.5,3277710
2025-09-10,107.0,107.5,106.5,107.0,5188172
2025-09-11,107.0,107.5,106.5,106.5,3138813
2025-09-12,107.0,107.5,106.5,107.5,3811958
2025-09-15,107.0,107.5,106.5,107.0,4366336
2025-09-16,107.5,107.5,106.0,106.5,6941119
2025-09-17,106.5,107.0,106.0,106.0,5306086
2025-09-18,106.5,106.5,106.0,106.5,5478179
2025-09-19,106.0,106.5,105.5,105.5,14093122
2025-09-22,106.5,107.0,105.5,106.0,4939471
2025-09-23,106.0,106.5,105.5,106.0,7432838
2025-09-24,106.5,107.0,106.0,106.5,5532319
2025-09-25,107.0,107.0,106.0,106.0,5231130
2025-09-26,106.5,107.0,106.0,107.0,7090547
2025-09-30,107.0,109.0,106.5,109.0,14916623
2025-10-01,108.5,109.0,107.0,108.5,11186184
2025-10-02,108.5,109.5,108.0,108.5,11163429
2025-10-03,109.0,109.0,108.0,109.0,7539944
2025-10-07,108.5,110.0,108.5,110.0,7219817
2025-10-08,110.0,111.0,109.5,110.5,8658045
2025-10-09,111.0,111.0,109.5,110.5,7418916
2025-10-13,110.0,110.5,109.0,110.5,6090362
2025-10-14,110.0,111.5,110.0,110.5,6925576
2025-10-15,110.5,111.0,108.5,109.0,10806402
2025-10-16,109.5,110.0,109.0,110.0,8582065
2025-10-17,110.0,112.0,110.0,111.5,9165665
2025-10-20,111.5,112.0,110.5,111.5,6189355
2025-10-21,111.5,111.5,111.0,111.0,2343121
2025-10-22,111.0,112.0,111.0,112.0,5596943
2025-10-23,111.5,112.5,111.0,112.5,2889978
2025-10-27,112.5,112.5,111.0,111.0,6496522
2025-10-28,111.5,112.0,110.5,111.5,5339160
2025-10-29,111.5,111.5,110.0,111.0,4278595
2025-10-30,111.0,111.0,109.0,110.0,8818688
2025-10-31,110.0,110.5,109.5,109.5,6469705
2025-11-03,110.0,111.5,109.5,110.5,6098380
2025-11-04,110.5,111.5,110.0,110.5,8493062
2025-11-05,111.0,111.0,109.0,109.5,4912595
2025-11-06,110.0,110.5,109.0,110.0,6100965
2025-11-07,110.5,111.5,109.5,111.0,7869540
2025-11-10,111.0,111.5,110.0,110.5,5700975
2025-11-11,111.0,111.0,110.0,110.0,3649986
2025-11-12,110.5,112.0,110.5,111.0,7257551
2025-11-13,110.5,111.0,108.5,108.5,12340148
2025-11-14,108.5,109.5,108.0,108.5,3538699
2025-11-17,109.0,109.5,107.5,108.0,6102620
2025-11-18,108.0,108.5,107.0,107.0,7067342
2025-11-19,108.0,108.0,106.5,106.5,6330991
2025-11-20,107.0,108.5,107.0,108.0,4118900
2025-11-21,107.5,108.5,107.0,107.0,5298521
2025-11-24,107.5,109.0,107.5,108.0,9682350
2025-11-25,108.0,109.0,107.5,107.5,8501269
2025-11-26,108.5,109.5,108.0,109.0,7058624
2025-11-27,108.5,109.0,107.5,108.5,8323863
2025-11-28,108.0,109.0,108.0,108.0,3709650
2025-12-01,108.0,108.5,107.0,107.0,3637576
2025-12-02,107.5,107.5,106.5,106.5,6172602
2025-12-03,106.5,107.0,106.0,106.0,6843962
2025-12-04,106.0,106.5,105.5,105.5,7564145
2025-12-05,105.5,106.0,105.0,105.0,6640507
2025-12-08,106.0,106.5,105.0,105.0,7405094
2025-12-09,105.0,105.5,104.0,104.5,11080874
2025-12-10,104.5,106.0,104.5,104.5,9366438
2025-12-11,105.0,106.0,105.0,106.0,7889392
2025-12-12,106.5,106.5,105.5,105.5,6143869
2025-12-15,105.5,106.0,105.0,105.0,6354035
2025-12-16,105.0,106.0,105.0,105.0,7838440
2025-12-17,105.5,105.5,104.0,104.5,8428408
2025-12-18,104.5,106.0,104.0,104.5,15609120
2025-12-19,104.5,106.5,104.0,106.0,49656401
2025-12-22,106.5,107.5,106.5,107.0,46471890
2025-12-23,107.0,107.5,106.0,106.5,38707569
2025-12-24,106.5,108.5,106.0,108.5,36638462
2025-12-26,107.5,111.5,107.0,111.5,37878415
2025-12-29,110.0,111.0,109.5,109.5,8948642
2025-12-30,108.5,110.5,108.5,110.5,8476046
2025-12-31,110.0,110.5,108.5,108.5,8621774
2026-01-02,109.0,109.5,107.0,108.0,8119296
2026-01-05,108.0,108.5,107.0,107.0,7781924
2026-01-06,107.5,108.0,106.5,107.0,7642252
2026-01-07,107.5,107.5,106.5,107.0,6268673
2026-01-08,107.0,107.5,106.5,107.0,5461251
2026-01-09,107.0,108.0,107.0,107.5,6629298
2026-01-12,107.5,108.0,106.5,107.5,7091185
2026-01-13,107.5,108.0,107.0,107.0,6228355
2026-01-14,107.0,108.0,107.0,107.5,6453026
2026-01-15,107.5,108.5,107.5,108.0,5823357
2026-01-16,108.0,108.5,107.0,108.0,4846383
2026-01-19,107.5,108.5,107.5,108.5,4839189
2026-01-20,108.5,108.5,107.5,107.5,4213287
2026-01-21,108.0,108.0,107.0,107.5,6664895
2026-01-22,107.5,108.0,107.0,107.5,5096660
2026-01-23,108.0,108.0,107.0,107.5,6418983
2026-01-26,107.5,108.0,107.0,107.5,5619136
2026-01-27,107.0,107.5,106.5,106.5,7685506
2026-01-28,106.5,107.0,106.0,106.0,6175355
2026-01-29,106.5,107.0,105.5,105.5,7089179
2026-01-30,106.0,106.0,105.5,105.5,6224663
2026-02-02,106.0,106.0,105.0,105.0,5766278
2026-02-03,105.0,105.5,105.0,105.0,3788436
2026-02-04,105.0,105.5,104.5,104.5,3898561
2026-02-05,105.0,105.5,104.5,105.0,4593535
2026-02-06,105.0,105.5,104.5,105.5,3633907
2026-02-09,105.5,106.0,105.0,105.0,5089945
2026-02-10,105.5,106.0,105.0,105.5,5067828
2026-02-11,106.0,107.0,105.5,106.5,6565350
2026-02-23,107.5,108.0,107.0,107.5,10175603
2026-02-24,107.5,108.0,107.5,108.0,8032464
2026-02-25,108.0,108.5,107.5,108.5,10088259
2026-02-26,108.5,109.0,107.5,107.5,12444987
2026-03-02,107.0,108.5,106.5,108.5,16542577
2026-03-03,108.0,109.0,107.5,108.5,11804081
2026-03-04,108.0,108.5,107.0,108.0,15794892
2026-03-05,108.0,108.5,106.5,107.5,10498882
2026-03-06,107.5,108.5,107.0,108.0,6706338
2026-03-09,106.5,107.5,106.5,107.5,10169925
2026-03-10,108.0,108.0,106.5,106.5,4359056
2026-03-11,107.0,107.5,106.0,106.0,6486990
2026-03-12,106.0,106.5,105.5,106.0,8933024
2026-03-13,106.0,107.0,106.0,106.5,8731601
2026-03-16,107.0,108.0,107.0,108.0,6205788
2026-03-17,108.5,109.5,108.0,109.5,9779626
2026-03-18,109.5,110.0,108.5,110.0,12305966
