date,open,high,low,close,volume
2009-01-02,20.47,20.47,20.47,20.47,0
2009-01-05,21.9,22.78,19.04,22.78,26338
2009-01-06,22.78,22.78,21.13,22.77,24377
2009-01-07,21.61,21.71,20.06,20.06,16672
2009-01-08,20.92,21.05,18.78,18.78,31357
2009-01-09,20.19,20.25,19.94,20.06,18391
2009-01-12,19.7,21.29,19.68,21.29,13977
2009-01-13,21.29,21.29,19.71,20.34,11554
2009-01-14,20.34,21.65,20.23,21.65,13520
2009-01-15,21.65,21.65,19.27,19.3,29872
2009-01-16,19.43,19.55,18.68,18.68,14165
2009-01-19,19.58,21.0,19.54,21.0,8872
2009-01-20,19.07,20.45,19.01,20.45,27774
2009-01-21,18.93,19.02,18.69,18.99,29100
2009-02-02,18.93,20.57,18.93,20.57,7841
2009-02-03,19.13,19.71,19.13,19.6,16223
2009-02-04,18.23,19.83,18.23,19.73,16252
2009-02-05,21.11,21.11,19.55,19.57,14257
2009-02-06,19.78,20.27,19.78,20.05,22990
2009-02-09,18.65,21.65,18.65,21.65,28135
2009-02-10,20.27,21.78,20.18,21.78,17374
2009-02-11,21.78,21.78,19.26,19.26,14060
2009-02-12,20.63,21.55,20.08,21.55,17087
2009-02-13,21.55,21.55,18.74,20.72,17924
2009-02-16,20.72,22.12,20.57,22.12,9781
2009-02-17,22.12,22.12,20.08,20.2,12662
2009-02-18,19.3,20.27,18.82,18.82,13810
2009-02-19,20.04,21.93,19.89,21.93,15551
2009-02-20,20.11,21.38,19.93,21.38,24878
2009-02-23,21.38,21.38,18.59,20.2,15467
2009-02-24,19.8,21.43,19.71,21.43,22044
2009-02-25,20.24,20.52,20.18,20.39,19672
2009-02-26,20.39,20.55,20.27,20.42,23652
2009-02-27,19.0,20.6,19.0,20.58,11089
2009-03-02,22.02,22.02,19.77,19.88,37820
2009-03-03,21.27,21.27,19.49,19.89,18194
2009-03-04,18.51,20.39,18.51,20.39,25616
2009-03-05,21.82,21.82,20.55,20.83,22365
2009-03-06,19.37,22.43,19.37,22.43,14037
2009-03-09,20.98,20.98,20.53,20.75,9851
2009-03-10,22.2,22.2,20.56,20.85,7245
2009-03-11,22.3,22.3,21.08,21.33,32167
2009-03-12,22.82,22.82,21.14,21.2,19076
2009-03-13,19.72,22.01,19.72,21.79,41024
2009-03-16,21.83,22.18,21.83,22.12,38765
2009-03-17,23.67,23.67,21.98,22.52,32108
2009-03-18,22.42,22.61,22.37,22.48,21639
2009-03-19,21.79,22.78,21.79,22.35,35387
2009-03-20,23.92,23.92,22.03,22.06,36163
2009-03-23,22.06,22.77,22.06,22.77,19379
2009-03-24,21.18,23.35,21.18,23.29,24953
2009-03-25,21.79,23.7,21.79,23.55,16178
2009-03-26,25.19,25.19,23.43,23.72,36731
2009-03-27,25.38,25.38,22.07,23.52,24824
2009-03-30,25.16,25.16,21.88,22.6,33667
2009-03-31,21.02,23.19,21.02,22.82,16970
2009-04-02,21.79,24.02,21.79,24.02,18580
2009-04-03,22.34,24.2,22.34,24.04,18259
2009-04-06,22.42,24.49,22.35,24.15,14735
2009-04-07,24.15,24.16,23.79,24.16,8691
2009-04-08,24.91,24.91,23.41,23.49,35566
2009-04-09,25.14,25.14,23.8,24.46,23992
2009-04-10,26.17,26.17,24.46,24.89,58881
2009-04-13,23.15,25.06,23.15,25.02,24796
2009-04-14,26.77,26.77,24.63,25.22,29021
2009-04-15,25.22,25.22,24.8,25.06,20582
2009-04-16,26.81,26.81,25.47,25.65,35606
2009-04-17,27.45,27.45,23.86,24.83,21658
2009-04-20,23.1,25.22,23.1,25.01,20721
2009-04-21,26.76,26.76,23.26,25.39,24244
2009-04-22,27.17,27.17,25.24,25.31,11713
2009-04-23,27.08,27.08,24.88,25.19,6195
2009-04-24,23.43,25.61,23.43,25.22,7974
2009-04-27,23.66,25.39,23.66,24.61,11356
2009-04-28,22.89,24.89,22.89,24.32,10837
2009-04-29,24.91,24.91,24.33,24.53,7085
2009-04-30,24.91,26.25,24.91,26.25,37253
2009-05-04,24.91,28.08,24.91,28.08,23126
2009-05-05,26.12,29.37,26.12,28.83,46744
2009-05-06,26.81,29.0,26.81,28.89,30850
2009-05-07,28.02,28.96,28.02,28.83,30796
2009-05-08,30.85,30.85,28.24,28.54,13548
2009-05-11,30.53,30.53,27.17,28.77,21608
2009-05-12,26.76,28.39,26.76,27.77,25325
2009-05-13,27.77,27.96,27.72,27.82,9823
2009-05-14,29.76,29.76,25.87,27.18,14934
2009-05-15,25.28,27.95,25.28,27.9,11728
2009-05-18,27.9,28.21,27.59,28.06,9661
2009-05-19,29.89,29.89,26.15,28.71,23190
2009-05-20,26.78,29.02,26.78,28.83,14834
2009-05-21,30.85,30.85,28.39,28.61,9357
2009-05-22,30.61,30.61,28.33,28.51,16655
2009-05-25,30.5,30.5,28.33,28.48,12501
2009-05-26,28.48,28.79,28.38,28.39,11136
2009-05-27,30.38,30.38,28.71,29.89,29596
2009-06-01,31.98,31.98,29.59,29.71,14068
2009-06-02,31.79,31.79,27.64,29.8,19937
2009-06-03,31.85,31.85,29.58,29.76,18407
2009-06-04,27.68,29.73,27.68,29.08,34959
2009-06-05,27.05,29.22,27.05,29.03,10613
2009-06-08,31.23,31.23,28.41,28.46,9560
2009-06-09,30.45,30.45,27.57,27.68,38499
2009-06-10,25.74,28.05,25.74,27.93,10697
2009-06-11,29.88,29.88,27.4,28.18,20275
2009-06-12,28.18,28.2,27.67,27.81,14826
2009-06-15,27.59,27.59,26.68,26.8,22771
2009-06-16,26.8,27.01,26.59,26.81,11181
2009-06-17,26.81,27.08,26.71,26.76,12815
2009-06-18,26.76,26.96,26.4,26.62,14345
2009-06-19,26.62,26.93,26.56,26.93,18651
2009-06-22,26.82,27.43,26.65,27.34,12217
2009-06-23,26.68,26.84,26.65,26.68,12060
2009-06-24,26.65,28.5,26.61,27.45,18135
2009-06-25,27.62,27.89,27.46,27.76,12167
2009-06-26,27.87,27.91,27.7,27.77,6748
2009-06-29,27.9,27.96,27.45,27.57,8156
2009-06-30,27.95,27.95,27.45,27.68,7955
2009-07-01,27.7,28.43,27.68,28.3,11807
2009-07-02,28.39,28.64,28.32,28.58,9696
2009-07-03,28.3,28.71,28.27,28.52,9034
2009-07-06,28.52,28.58,28.25,28.45,10655
2009-07-07,28.27,28.87,28.27,28.76,12640
2009-07-08,28.5,28.56,28.28,28.43,11628
2009-07-09,28.57,29.11,28.52,28.96,13022
2009-07-10,29.03,29.19,28.87,29.13,14006
2009-07-13,29.11,29.33,28.02,28.21,13175
2009-07-14,28.44,28.76,28.39,28.73,4032
2009-07-15,28.87,29.4,28.87,29.3,13117
2009-07-16,29.64,29.81,29.4,29.55,12515
2009-07-17,29.64,29.93,29.48,29.81,8421
2009-07-20,30.15,30.21,29.81,30.2,12396
2009-07-21,30.2,30.31,29.92,30.14,6910
2009-07-22,30.33,30.48,30.11,30.19,7364
2009-07-23,30.19,30.39,29.89,30.21,8015
2009-07-24,30.39,30.51,30.07,30.13,8481
2009-07-27,30.2,30.64,30.14,30.41,10494
2009-07-28,30.41,31.0,30.41,30.95,11919
2009-07-29,30.95,31.1,30.54,30.73,7475
2009-07-30,30.59,30.64,29.97,30.42,8126
2009-07-31,30.58,30.87,30.48,30.52,13193
2009-08-03,30.57,30.67,30.26,30.63,11864
2009-08-04,30.87,30.92,29.97,30.29,7507
2009-08-05,30.28,30.49,29.77,29.92,7443
2009-08-06,29.92,30.11,29.68,29.98,6615
2009-08-07,29.98,29.98,29.98,29.98,0
2009-08-10,29.89,30.16,29.83,30.05,7146
2009-08-11,30.08,30.2,29.73,30.15,7088
2009-08-12,30.01,30.17,29.89,30.04,5628
2009-08-13,30.74,30.77,30.14,30.74,13604
2009-08-14,30.91,31.2,30.78,30.9,18374
2009-08-17,30.61,30.82,30.26,30.3,22528
2009-08-18,30.01,30.25,29.6,29.9,20933
2009-08-19,30.03,30.11,29.8,29.8,7718
2009-08-20,29.76,29.81,29.27,29.64,9275
2009-08-21,29.84,30.0,29.29,29.38,7152
2009-08-24,29.89,30.41,29.86,30.33,10230
2009-08-25,30.3,30.31,30.04,30.09,5037
2009-08-26,30.12,30.23,29.58,29.89,9350
2009-08-27,29.67,29.94,29.64,29.73,7689
2009-08-28,29.76,30.41,29.76,30.14,9252
2009-08-31,30.32,30.41,29.93,30.17,5266
2009-09-01,30.17,31.26,30.17,31.26,16921
2009-09-02,30.95,31.38,30.95,31.26,10369
2009-09-03,31.17,31.63,31.04,31.41,13149
2009-09-04,31.51,31.85,31.45,31.79,16901
2009-09-07,31.85,32.26,31.85,32.26,13422
2009-09-08,32.29,32.82,31.98,32.69,15584
2009-09-09,32.63,32.72,32.38,32.41,8840
2009-09-10,34.19,34.25,32.6,32.91,20921
2009-09-11,32.69,32.85,32.63,32.69,7458
2009-09-14,32.57,32.72,31.94,32.29,12817
2009-09-15,32.32,32.75,32.26,32.66,17306
2009-09-16,32.88,33.19,32.82,33.13,16173
2009-09-17,33.31,33.38,33.06,33.1,17803
2009-09-18,32.97,33.25,32.97,33.19,14735
2009-09-21,33.19,33.44,32.78,33.1,15869
2009-09-22,33.1,33.16,32.88,32.97,8354
2009-09-23,32.94,33.35,32.6,32.82,18248
2009-09-24,32.75,32.82,32.13,32.38,13768
2009-09-25,32.22,32.6,32.13,32.6,8690
2009-09-28,32.44,32.5,32.04,32.26,3982
2009-09-29,32.66,33.0,32.63,32.91,10097
2009-09-30,32.97,33.53,32.97,33.19,11648
2009-10-01,33.5,33.72,33.19,33.41,10645
2009-10-02,32.88,33.06,32.75,32.82,10633
2009-10-05,32.82,32.94,32.54,32.78,7122
2009-10-06,32.78,33.41,32.78,33.38,10285
2009-10-07,33.56,33.63,33.35,33.56,8153
2009-10-08,33.56,33.63,33.0,33.03,7825
2009-10-09,33.19,33.38,33.03,33.22,4714
2009-10-12,33.31,33.5,33.0,33.38,5727
2009-10-13,32.94,33.5,32.88,33.44,14651
2009-10-14,33.53,33.91,33.5,33.84,14201
2009-10-15,34.22,34.28,33.94,34.03,12918
2009-10-16,34.03,34.12,33.91,34.03,8093
2009-10-19,33.72,34.15,33.72,34.15,7892
2009-10-20,34.22,34.34,34.12,34.19,8705
2009-10-21,34.12,34.19,33.78,33.94,7120
2009-10-22,33.75,33.87,33.31,33.44,13987
2009-10-23,33.13,33.22,32.97,33.16,10259
2009-10-26,33.41,33.59,33.19,33.31,6391
2009-10-27,33.1,33.25,32.85,33.25,6704
2009-10-28,33.06,33.25,32.66,32.72,9043
2009-10-29,32.26,32.29,31.51,32.1,22716
2009-10-30,32.22,32.38,32.1,32.16,12770
2009-11-02,31.63,32.01,31.51,31.98,13087
2009-11-03,31.98,32.01,31.76,31.76,4224
2009-11-04,31.94,32.38,31.94,32.35,19130
2009-11-05,32.35,32.44,32.16,32.29,12405
2009-11-06,32.66,32.69,32.38,32.54,5778
2009-11-09,32.82,32.91,32.69,32.85,4375
2009-11-10,33.0,33.13,33.0,33.1,8326
2009-11-11,33.22,33.53,32.94,33.53,14263
2009-11-12,33.53,33.66,33.41,33.5,3786
2009-11-13,33.41,33.56,33.25,33.41,4724
2009-11-16,33.47,33.97,33.41,33.97,10776
2009-11-17,34.37,34.37,33.69,33.69,13143
2009-11-18,33.75,33.84,33.63,33.72,5018
2009-11-19,33.69,33.81,33.56,33.59,4566
2009-11-20,33.35,33.47,33.0,33.28,7040
2009-11-23,33.25,33.28,33.13,33.25,2058
2009-11-24,33.31,33.41,33.28,33.41,5216
2009-11-25,33.22,33.75,33.22,33.63,11846
2009-11-26,33.69,33.87,33.44,33.53,5984
2009-11-27,33.03,33.06,32.5,32.5,17487
2009-11-30,32.72,32.91,32.72,32.82,6137
2009-12-01,32.82,33.22,32.6,33.16,4457
2009-12-02,33.41,33.47,33.22,33.25,9865
2009-12-03,33.5,33.5,33.19,33.28,9359
2009-12-04,33.19,33.35,33.06,33.06,3558
2009-12-07,33.31,33.63,33.25,33.59,8914
2009-12-08,33.69,33.69,33.38,33.44,4712
2009-12-09,33.38,33.53,33.28,33.53,5242
2009-12-10,33.53,33.59,32.82,33.0,11493
2009-12-11,33.0,33.53,33.0,33.53,9769
2009-12-14,33.13,33.63,33.13,33.56,7090
2009-12-15,33.56,33.63,33.41,33.47,4708
2009-12-16,33.31,33.38,33.0,33.13,9138
2009-12-17,33.22,33.5,33.1,33.25,10444
2009-12-18,33.0,33.19,33.0,33.16,8201
2009-12-21,33.41,33.63,33.38,33.44,11064
2009-12-22,33.63,33.78,33.53,33.72,10877
2009-12-23,33.75,34.03,33.75,33.97,22185
2009-12-24,33.97,34.37,33.97,34.31,18257
2009-12-25,34.37,34.4,34.28,34.37,11456
2009-12-28,34.56,34.68,34.43,34.62,10015
2009-12-29,34.62,34.62,34.47,34.56,7967
2009-12-30,34.56,34.72,34.47,34.68,15694
2009-12-31,34.68,35.15,34.68,35.15,5771
2010-01-04,35.15,35.28,34.9,35.18,20069
2010-01-05,35.37,35.43,34.96,35.18,16430
2010-01-06,35.18,35.96,35.18,35.84,18953
2010-01-07,35.87,36.21,35.68,35.74,14101
2010-01-08,35.68,35.96,35.52,35.96,11324
2010-01-11,35.56,36.15,35.56,36.05,11555
2010-01-12,35.84,36.02,35.65,35.87,7296
2010-01-13,35.52,35.59,35.31,35.34,16666
2010-01-14,35.37,35.87,35.37,35.77,9959
2010-01-15,35.71,36.08,35.71,35.99,8404
2010-01-18,35.77,35.93,35.68,35.8,5015
2010-01-19,35.8,35.93,35.18,35.34,6718
2010-01-20,35.37,35.46,34.93,35.12,23380
2010-01-21,34.96,35.12,34.72,34.84,13834
2010-01-22,34.37,34.37,33.84,33.87,29399
2010-01-25,33.75,33.91,33.5,33.75,12826
2010-01-26,33.72,33.97,32.85,32.97,26370
2010-01-27,32.97,33.19,32.82,32.94,14839
2010-01-28,33.06,33.75,33.06,33.66,12575
2010-01-29,32.97,33.16,32.5,33.0,13772
2010-02-01,33.1,33.13,32.35,32.63,19597
2010-02-02,32.97,32.97,32.13,32.29,11972
2010-02-03,32.44,32.88,32.41,32.85,13553
2010-02-04,32.85,32.91,32.6,32.72,5937
2010-02-05,31.91,31.94,31.45,31.6,24170
2010-02-08,31.79,31.88,31.57,31.66,18144
2010-02-09,31.66,32.16,31.6,32.1,11263
2010-02-10,32.35,32.54,32.19,32.44,11219
2010-02-22,33.03,33.1,32.75,32.75,11187
2010-02-23,32.75,32.85,32.5,32.75,9571
2010-02-24,32.47,32.72,32.47,32.54,11026
2010-02-25,32.54,32.57,31.98,32.16,20361
2010-02-26,32.16,32.22,31.88,32.1,9375
2010-03-01,32.07,32.97,32.07,32.88,13623
2010-03-02,32.85,33.06,32.72,32.78,9987
2010-03-03,32.82,33.06,32.69,32.78,8747
2010-03-04,32.85,32.94,32.26,32.5,8138
2010-03-05,32.91,33.13,32.69,32.97,13596
2010-03-08,33.19,33.41,33.16,33.41,16956
2010-03-09,33.44,33.5,33.35,33.5,7760
2010-03-10,33.53,33.59,33.28,33.5,6829
2010-03-11,33.63,33.63,33.31,33.41,6651
2010-03-12,33.44,33.44,33.25,33.38,12600
2010-03-15,33.31,33.35,32.82,32.91,10325
2010-03-16,32.88,33.06,32.85,33.06,13191
2010-03-17,33.28,33.72,33.25,33.72,14721
2010-03-18,33.78,33.97,33.66,33.87,8570
2010-03-19,33.91,33.91,33.63,33.78,5388
2010-03-22,33.63,33.63,33.16,33.44,7349
2010-03-23,33.44,33.5,33.16,33.22,8057
2010-03-24,33.31,33.47,33.28,33.31,19132
2010-03-25,33.22,33.44,32.94,33.31,14528
2010-03-26,33.16,33.72,32.94,33.63,11506
2010-03-29,33.72,33.97,33.72,33.94,16231
2010-03-30,33.94,33.97,33.84,33.91,7586
2010-03-31,33.84,33.91,33.75,33.78,10898
2010-04-01,33.78,34.19,33.78,34.09,12506
2010-04-02,34.09,34.19,34.03,34.09,5632
2010-04-06,34.19,34.59,34.19,34.43,15824
2010-04-07,34.47,34.56,34.43,34.5,6572
2010-04-08,34.5,34.56,34.15,34.28,8999
2010-04-09,34.25,34.37,34.12,34.37,6165
2010-04-12,34.53,34.59,34.37,34.53,8762
2010-04-13,34.37,34.37,34.0,34.12,11529
2010-04-14,34.25,34.37,34.12,34.37,8271
2010-04-15,34.47,34.75,34.47,34.59,12410
2010-04-16,34.56,34.56,34.19,34.37,11158
2010-04-19,34.03,34.03,33.41,33.41,13974
2010-04-20,33.56,33.69,33.47,33.53,6745
2010-04-21,33.72,34.0,33.72,33.97,7283
2010-04-22,33.75,33.94,33.56,33.91,8140
2010-04-23,33.91,34.09,33.91,34.09,8915
2010-04-26,34.4,34.81,34.4,34.81,11138
2010-04-27,34.81,34.84,34.62,34.78,5507
2010-04-28,34.09,34.47,33.97,34.4,7413
2010-04-29,34.4,34.43,34.15,34.25,5081
2010-04-30,34.5,34.68,34.06,34.12,5312
2010-05-03,33.94,34.15,33.78,33.91,5869
2010-05-04,34.09,34.12,33.75,33.94,10129
2010-05-05,33.25,33.28,32.91,33.0,20050
2010-05-06,32.97,32.97,32.26,32.35,30641
2010-05-07,31.94,32.38,31.79,32.35,27972
2010-05-10,32.47,32.69,32.29,32.63,11104
2010-05-11,32.75,32.88,32.41,32.5,9230
2010-05-12,32.44,32.69,32.35,32.44,7844
2010-05-13,32.78,33.25,32.75,33.16,8109
2010-05-14,33.03,33.13,32.94,33.06,12839
2010-05-17,32.75,32.75,32.19,32.32,12071
2010-05-18,32.44,32.5,32.26,32.38,5765
2010-05-19,32.07,32.1,31.73,32.04,15958
2010-05-20,32.04,32.04,31.6,31.63,13803
2010-05-21,31.13,31.13,30.7,30.98,29906
2010-05-24,31.07,31.48,31.07,31.41,6273
2010-05-25,31.13,31.13,30.29,30.59,22751
2010-05-26,30.97,31.01,30.51,30.71,14705
2010-05-27,30.71,30.92,30.36,30.92,15816
2010-05-28,31.2,31.32,30.99,31.05,9392
2010-05-31,31.13,31.23,30.96,31.2,4467
2010-06-01,31.13,31.26,30.89,31.03,5303
2010-06-02,30.84,31.03,30.39,30.54,8504
2010-06-03,31.01,31.26,30.98,31.26,5422
2010-06-04,31.26,31.26,31.1,31.17,3331
2010-06-07,30.42,30.42,30.08,30.35,15827
2010-06-08,30.33,30.33,30.08,30.24,6775
2010-06-09,30.2,30.29,29.86,30.0,7570
2010-06-10,30.0,30.44,30.0,30.42,5675
2010-06-11,30.94,30.99,30.8,30.9,5717
2010-06-14,31.26,31.38,31.17,31.35,5832
2010-06-15,31.35,31.82,31.23,31.57,7649
2010-06-17,31.82,31.91,31.66,31.79,5959
2010-06-18,31.79,31.85,31.54,31.69,3023
2010-06-21,32.07,32.38,31.98,32.38,15750
2010-06-22,32.32,32.32,32.16,32.19,5244
2010-06-23,31.98,32.07,31.79,31.85,7652
2010-06-24,31.85,32.01,31.82,31.94,5780
2010-06-25,31.6,31.76,31.45,31.51,6563
2010-06-28,31.57,31.73,31.51,31.63,3666
2010-06-29,31.76,32.04,31.38,31.45,11604
2010-06-30,30.85,30.94,30.69,30.85,13143
2010-07-01,30.85,30.85,30.67,30.74,1644
2010-07-02,30.57,31.0,30.56,30.82,6164
2010-07-05,30.97,31.45,30.89,31.45,3726
2010-07-06,31.13,32.01,31.13,32.01,9846
2010-07-07,31.98,32.01,31.82,31.94,4450
2010-07-08,32.32,32.41,32.16,32.41,12004
2010-07-09,32.32,32.63,32.32,32.6,8053
2010-07-12,32.63,32.97,32.57,32.57,8937
2010-07-13,32.63,32.75,32.38,32.47,5564
2010-07-14,32.94,33.1,32.88,33.1,15508
2010-07-15,32.97,33.16,32.88,33.16,11022
2010-07-16,33.1,33.1,32.82,32.94,9044
2010-07-19,32.54,32.91,32.5,32.85,16795
2010-07-20,32.85,33.22,32.72,33.13,8228
2010-07-21,33.13,33.22,32.91,32.94,8034
2010-07-22,32.94,33.03,32.75,32.97,4252
2010-07-23,33.06,33.44,33.06,33.44,18635
2010-07-26,33.44,33.59,33.41,33.53,9735
2010-07-27,33.56,33.56,33.35,33.38,5519
2010-07-28,33.38,33.69,33.31,33.66,13660
2010-07-29,33.59,33.72,33.5,33.69,10321
2010-07-30,33.56,33.66,33.31,33.56,7711
2010-08-02,33.84,34.37,33.84,34.22,12675
2010-08-03,34.28,34.43,34.22,34.37,7988
2010-08-04,34.25,34.43,34.22,34.31,7108
2010-08-05,34.4,34.53,34.15,34.28,9980
2010-08-06,34.19,34.4,34.19,34.37,11534
2010-08-09,34.31,34.65,34.31,34.56,10795
2010-08-10,34.56,34.68,34.37,34.5,7576
2010-08-11,34.25,34.37,33.97,34.06,5762
2010-08-12,33.69,33.91,33.63,33.78,7154
2010-08-13,33.81,34.25,33.81,34.15,6839
2010-08-16,33.91,34.28,33.81,34.25,4165
2010-08-17,34.15,34.25,34.09,34.22,3212
2010-08-18,34.25,34.28,33.87,34.03,5570
2010-08-19,34.03,34.25,33.94,34.22,3753
2010-08-20,34.15,34.22,34.03,34.22,5171
2010-08-23,34.15,34.62,34.06,34.43,7540
2010-08-24,34.25,34.4,34.19,34.22,6656
2010-08-25,33.81,33.94,33.53,33.59,13804
2010-08-26,33.56,33.59,33.38,33.38,9335
2010-08-27,33.38,33.56,33.28,33.53,8451
2010-08-30,33.81,34.0,33.59,33.69,8218
2010-08-31,33.44,33.44,33.1,33.19,8892
2010-09-01,33.31,33.44,33.22,33.44,11170
2010-09-02,33.69,33.84,33.5,33.63,7067
2010-09-03,33.75,34.0,33.69,33.97,6097
2010-09-06,34.22,34.25,34.03,34.22,10075
2010-09-07,34.22,34.28,34.12,34.15,5403
2010-09-08,34.09,34.19,33.91,34.09,5633
2010-09-09,34.22,34.25,34.03,34.09,3167
2010-09-10,34.34,34.43,34.25,34.4,6841
2010-09-13,34.59,35.37,34.59,35.37,18119
2010-09-14,35.37,35.49,35.34,35.49,15084
2010-09-15,35.49,35.65,35.43,35.65,16522
2010-09-16,35.62,35.68,35.28,35.28,11742
2010-09-17,35.4,35.8,35.4,35.68,18439
2010-09-20,35.62,35.77,35.56,35.65,6821
2010-09-21,35.87,35.99,35.59,35.71,7540
2010-09-23,35.71,35.9,35.56,35.71,10449
2010-09-24,35.56,35.68,35.4,35.49,5486
2010-09-27,35.8,35.87,35.68,35.8,4159
2010-09-28,35.59,35.84,35.59,35.74,7393
2010-09-29,35.87,36.21,35.8,35.99,12132
2010-09-30,35.93,35.99,35.8,35.93,6980
2010-10-01,36.05,36.05,35.8,35.96,10239
2010-10-04,36.02,36.18,35.96,35.96,16881
2010-10-05,35.8,35.84,35.52,35.74,10526
2010-10-06,36.05,36.15,35.93,35.96,16058
2010-10-07,36.02,36.08,35.93,36.08,8847
2010-10-08,36.02,36.08,35.77,35.87,6648
2010-10-11,35.87,35.87,35.43,35.46,8941
2010-10-12,35.49,35.49,34.9,35.0,10298
2010-10-13,35.09,35.21,34.96,35.21,4620
2010-10-14,35.43,35.93,35.43,35.77,8067
2010-10-15,35.8,35.87,35.68,35.71,2611
2010-10-18,35.68,35.68,34.96,35.0,15618
2010-10-19,35.0,35.0,34.78,34.9,13735
2010-10-20,34.75,35.31,34.68,35.31,12845
2010-10-21,35.37,35.46,35.21,35.34,11521
2010-10-22,35.34,35.56,35.34,35.56,10840
2010-10-25,34.56,34.96,34.31,34.93,16635
2010-10-26,35.06,35.09,34.87,35.09,8819
2010-10-27,35.18,35.28,34.78,34.9,5377
2010-10-28,34.9,35.18,34.81,35.18,4594
2010-10-29,35.0,35.09,34.81,34.87,7134
2010-11-01,35.0,35.52,35.0,35.37,12722
2010-11-02,35.37,35.43,35.28,35.37,5726
2010-11-03,35.46,35.56,35.18,35.31,13223
2010-11-04,35.37,35.62,35.37,35.52,8064
2010-11-05,35.84,35.96,35.8,35.9,18886
2010-11-08,35.99,36.02,35.77,35.84,9789
2010-11-09,35.84,35.93,35.77,35.93,3987
2010-11-10,35.99,36.02,35.87,35.9,18154
2010-11-11,35.99,35.99,35.77,35.8,8598
2010-11-12,35.65,35.65,35.09,35.09,12156
2010-11-15,35.06,35.06,34.9,34.96,7371
2010-11-16,34.93,35.4,34.93,35.34,7058
2010-11-17,35.09,35.28,34.96,35.18,6141
2010-11-18,35.12,35.24,35.06,35.24,2166
2010-11-19,35.43,35.59,35.06,35.28,3159
2010-11-22,35.37,35.8,35.37,35.71,5487
2010-11-23,35.71,35.71,35.37,35.43,3192
2010-11-24,35.31,35.52,35.28,35.4,4812
2010-11-25,35.4,35.59,35.4,35.56,3582
2010-11-26,35.59,35.59,35.37,35.37,4630
2010-11-29,35.56,35.71,35.4,35.43,8861
2010-11-30,35.52,35.8,35.46,35.56,7998
2010-12-01,35.56,36.12,35.56,36.12,12435
2010-12-02,36.43,36.55,36.33,36.4,12069
2010-12-03,36.49,36.74,36.49,36.74,13481
2010-12-06,36.74,36.96,36.74,36.83,8939
2010-12-07,36.86,36.86,36.65,36.8,5458
2010-12-08,36.8,36.96,36.71,36.8,6036
2010-12-09,37.05,37.24,37.02,37.17,10450
2010-12-10,37.11,37.11,36.83,36.93,5798
2010-12-13,36.86,37.05,36.86,37.02,5851
2010-12-14,36.89,37.11,36.8,36.93,11531
2010-12-15,36.93,37.14,36.83,37.11,11398
2010-12-16,37.14,37.27,37.11,37.17,18617
2010-12-17,37.24,37.64,37.24,37.49,30706
2010-12-20,37.61,37.61,37.05,37.3,13013
2010-12-21,37.3,37.45,37.14,37.39,10191
2010-12-22,37.61,37.61,37.36,37.39,14730
2010-12-23,37.39,37.7,37.39,37.64,16440
2010-12-24,37.64,37.64,37.45,37.49,11186
2010-12-27,37.49,37.7,37.36,37.64,10370
2010-12-28,37.64,37.67,37.42,37.58,12714
2010-12-29,37.58,37.67,37.49,37.67,15103
2010-12-30,37.8,37.86,37.61,37.86,5863
2010-12-31,37.86,38.23,37.83,38.23,13931
2011-01-03,38.36,38.39,38.26,38.26,12025
2011-01-04,38.33,38.36,38.17,38.17,11080
2011-01-05,38.05,38.2,37.3,37.55,20742
2011-01-06,37.52,37.55,37.33,37.49,6872
2011-01-07,37.52,37.58,36.99,37.14,12254
2011-01-10,37.21,37.3,37.08,37.27,4227
2011-01-11,37.17,37.98,37.17,37.89,12731
2011-01-12,37.98,38.14,37.92,38.05,5708
2011-01-13,38.14,38.23,37.86,38.02,9654
2011-01-14,37.95,38.05,37.86,37.98,5312
2011-01-17,38.08,38.14,37.8,37.89,5088
2011-01-18,37.7,38.33,37.67,38.2,9660
2011-01-19,38.2,38.7,38.2,38.64,12817
2011-01-20,38.61,38.61,38.36,38.39,5206
2011-01-21,38.05,38.26,37.7,37.98,11616
2011-01-24,37.98,38.11,37.92,37.95,17729
2011-01-25,38.26,38.42,38.23,38.26,18631
2011-01-26,38.26,38.67,38.26,38.61,20892
2011-01-27,38.64,39.04,38.64,38.89,17138
2011-01-28,38.92,39.23,38.89,39.23,11820
2011-02-08,39.26,39.35,38.86,38.98,11105
2011-02-09,38.92,38.98,38.42,38.61,11311
2011-02-10,38.36,38.36,37.83,37.89,22740
2011-02-11,37.61,37.61,36.43,36.68,43619
2011-02-14,36.77,37.14,36.77,36.99,11060
2011-02-15,36.99,37.3,36.52,37.21,9817
2011-02-16,37.24,37.42,37.11,37.27,20553
2011-02-17,37.21,37.24,36.99,37.14,6938
2011-02-18,37.36,37.89,37.33,37.77,9815
2011-02-21,37.61,37.86,37.45,37.77,14827
2011-02-22,37.55,37.55,36.93,37.27,31436
2011-02-23,37.02,37.17,36.61,36.74,28099
2011-02-24,36.74,37.08,36.74,36.74,28679
2011-02-25,36.93,37.14,36.4,37.05,34380
2011-03-01,37.17,37.39,37.05,37.33,7982
2011-03-02,37.02,37.3,36.99,37.02,22924
2011-03-03,37.08,37.55,37.05,37.49,23052
2011-03-04,37.67,37.8,37.61,37.77,12083
2011-03-07,37.67,37.67,37.36,37.49,9695
2011-03-08,37.39,37.61,37.39,37.52,2558
2011-03-09,37.7,37.77,37.36,37.49,6276
2011-03-10,37.45,37.52,36.93,37.05,8130
2011-03-11,36.77,36.77,36.37,36.65,22460
2011-03-14,36.49,36.68,35.9,36.61,27988
2011-03-15,36.55,36.55,34.62,35.8,61987
2011-03-16,36.12,36.15,35.65,35.68,20870
2011-03-17,35.37,35.68,35.18,35.68,20301
2011-03-18,35.93,35.99,35.71,35.96,13021
2011-03-21,36.05,36.43,35.99,36.18,18783
2011-03-22,36.43,36.55,36.33,36.37,16996
2011-03-23,36.37,36.52,36.21,36.43,13041
2011-03-24,36.65,36.74,36.46,36.58,13103
2011-03-25,36.77,37.14,36.77,36.96,12800
2011-03-28,36.89,36.93,36.65,36.83,6825
2011-03-29,36.68,36.93,36.58,36.89,5958
2011-03-30,36.99,37.24,36.89,37.11,11131
2011-03-31,37.05,37.17,36.8,37.08,8058
2011-04-01,37.11,37.27,37.11,37.27,9589
2011-04-06,37.36,38.23,37.36,38.08,30672
2011-04-07,38.2,38.23,37.95,38.17,20206
2011-04-08,38.14,38.3,37.98,38.05,11882
2011-04-11,38.05,38.11,37.83,38.05,11657
2011-04-12,37.86,37.86,37.27,37.39,14735
2011-04-13,37.3,37.61,37.21,37.61,9148
2011-04-14,37.64,37.8,37.39,37.58,5741
2011-04-15,37.61,37.64,37.11,37.14,3881
2011-04-18,37.21,37.33,37.02,37.08,5178
2011-04-19,36.96,36.96,36.61,36.86,14033
2011-04-20,37.05,37.58,37.05,37.55,11983
2011-04-21,37.95,38.48,37.95,38.42,34278
2011-04-22,38.48,38.48,38.26,38.36,22094
2011-04-25,38.54,38.61,38.14,38.26,26916
2011-04-26,37.92,38.2,37.8,38.11,23820
2011-04-27,38.45,38.76,38.45,38.7,46482
2011-04-28,38.76,38.92,38.61,38.7,30759
2011-04-29,38.61,38.86,38.39,38.61,50474
2011-05-03,38.73,38.79,38.3,38.7,26654
2011-05-04,38.36,38.48,38.05,38.48,19694
2011-05-05,38.23,38.82,38.17,38.76,22294
2011-05-06,38.54,38.64,38.39,38.58,24027
2011-05-09,38.67,38.98,38.54,38.79,15543
2011-05-10,38.79,38.79,38.64,38.79,8411
2011-05-11,38.92,38.92,38.58,38.64,9680
2011-05-12,38.42,38.86,38.33,38.76,17881
2011-05-13,38.76,38.76,38.54,38.64,7617
2011-05-16,38.58,38.58,38.14,38.17,16431
2011-05-17,38.11,38.26,37.95,38.14,16725
2011-05-18,38.11,38.36,38.08,38.36,5855
2011-05-19,38.36,38.67,38.02,38.02,17125
2011-05-20,38.14,38.3,37.92,38.05,15242
2011-05-23,37.86,37.86,37.36,37.58,38552
2011-05-24,37.55,37.64,37.39,37.64,26077
2011-05-25,37.42,37.61,37.24,37.52,22768
2011-05-26,37.58,37.89,37.49,37.89,7248
2011-05-27,37.77,37.98,37.67,37.74,11654
2011-05-30,37.61,37.83,37.36,37.67,10596
2011-05-31,37.86,38.61,37.86,38.61,10803
2011-06-01,38.61,38.89,38.51,38.82,26701
2011-06-02,38.61,38.7,38.48,38.54,18597
2011-06-03,38.61,38.76,38.45,38.73,14862
2011-06-07,38.54,38.76,38.33,38.73,10952
2011-06-08,38.64,38.76,38.51,38.61,13997
2011-06-09,38.48,38.67,38.48,38.61,8658
2011-06-10,38.7,38.73,37.67,37.7,27165
2011-06-13,37.52,37.52,37.11,37.21,21819
2011-06-14,37.36,37.83,37.24,37.83,11495
2011-06-15,37.8,37.8,37.24,37.67,11114
2011-06-16,37.3,37.3,36.93,36.99,22992
2011-06-17,37.11,37.17,36.74,36.86,20671
2011-06-20,36.99,37.05,36.46,36.49,21489
2011-06-21,36.74,36.86,36.52,36.77,15208
2011-06-22,37.05,37.05,36.61,36.86,11720
2011-06-23,36.71,36.8,36.49,36.52,15118
2011-06-24,36.55,36.55,36.12,36.24,27198
2011-06-27,35.8,36.02,35.62,35.99,26860
2011-06-28,36.15,36.21,35.8,35.9,11835
2011-06-29,36.12,36.58,36.05,36.52,16181
2011-06-30,36.61,36.74,36.46,36.65,8320
2011-07-01,36.86,37.24,36.86,37.17,13929
2011-07-04,37.3,37.49,37.3,37.39,18893
2011-07-05,37.36,37.42,37.21,37.33,12603
2011-07-06,37.36,37.8,37.36,37.74,13449
2011-07-07,37.8,37.8,37.45,37.58,11096
2011-07-08,37.67,37.8,37.3,37.39,14923
2011-07-11,37.27,37.33,36.99,37.14,11957
2011-07-12,36.8,36.8,36.4,36.55,48029
2011-07-13,36.52,36.74,36.4,36.55,39109
2011-07-14,36.74,36.77,36.4,36.68,39793
2011-07-15,36.74,36.89,36.55,36.86,18383
2011-07-18,36.83,36.86,36.37,36.74,20660
2011-07-19,36.65,36.77,36.52,36.68,8263
2011-07-20,37.05,37.67,37.05,37.64,18715
2011-07-21,37.64,37.74,37.58,37.74,10844
2011-07-22,37.89,38.08,37.86,37.98,22648
2011-07-25,37.67,37.89,37.49,37.61,8411
2011-07-26,37.67,38.17,37.67,38.11,15852
2011-07-27,38.11,38.26,38.02,38.2,8711
2011-07-28,37.86,37.98,37.67,37.89,12977
2011-07-29,37.83,37.92,37.3,37.3,13799
2011-08-01,37.67,37.67,37.45,37.58,9193
2011-08-02,37.3,37.3,36.99,37.08,16226
2011-08-03,36.65,36.65,36.24,36.49,41963
2011-08-04,36.49,36.65,35.99,36.02,40051
2011-08-05,34.68,34.68,33.91,33.91,93458
2011-08-08,33.81,34.03,32.01,33.31,88005
2011-08-09,31.76,33.31,31.38,33.0,137297
2011-08-10,33.59,33.78,33.25,33.69,51604
2011-08-11,33.13,33.94,32.82,33.69,35378
2011-08-12,34.06,34.15,33.25,33.35,37947
2011-08-15,33.75,34.0,33.69,34.0,13267
2011-08-16,34.12,34.25,33.69,33.84,14454
2011-08-17,33.84,33.94,33.5,33.59,16417
2011-08-18,33.25,33.28,32.78,32.97,29503
2011-08-19,32.26,32.32,31.82,31.82,46076
2011-08-22,31.94,32.66,31.79,32.07,36755
2011-08-23,32.44,33.22,32.22,33.19,25707
2011-08-24,33.25,33.25,32.44,32.75,25898
2011-08-25,33.13,33.19,32.6,32.6,16359
2011-08-26,32.88,33.16,32.75,33.03,19281
2011-08-29,33.06,33.69,33.06,33.5,21332
2011-08-30,33.63,33.87,33.53,33.75,16818
2011-08-31,33.69,34.0,33.56,33.97,17688
2011-09-01,34.28,34.93,34.28,34.34,35830
2011-09-02,34.34,34.43,34.03,34.34,13630
2011-09-05,33.59,33.59,33.25,33.38,20801
2011-09-06,33.19,33.22,32.57,32.72,25583
2011-09-07,33.22,33.38,32.94,33.35,15636
2011-09-08,33.63,33.72,33.28,33.44,14938
2011-09-09,33.35,34.09,33.35,33.72,21102
2011-09-13,33.38,33.47,32.72,32.78,26458
2011-09-14,33.1,33.13,31.94,32.13,40264
2011-09-15,32.82,33.03,32.57,32.91,25913
2011-09-16,33.31,33.72,33.31,33.69,32417
2011-09-19,33.53,33.53,33.03,33.13,17194
2011-09-20,33.22,33.44,32.69,33.25,18324
2011-09-21,33.25,33.59,33.0,33.38,9706
2011-09-22,32.75,32.75,32.29,32.44,29864
2011-09-23,31.45,31.66,31.09,31.35,63857
2011-09-26,31.29,31.32,30.7,30.71,41894
2011-09-27,31.45,31.85,31.45,31.82,29748
2011-09-28,31.88,31.94,31.69,31.85,18576
2011-09-29,31.54,32.22,31.51,32.13,14042
2011-09-30,32.04,32.32,31.91,32.16,11737
2011-10-03,31.6,31.76,31.23,31.32,26685
2011-10-04,31.07,31.6,30.82,31.6,19399
2011-10-05,31.69,31.73,31.26,31.29,13657
2011-10-06,31.85,32.1,31.76,31.91,20965
2011-10-07,32.26,32.47,32.07,32.1,18294
2011-10-11,32.85,33.0,32.82,33.0,24500
2011-10-12,32.91,33.06,32.69,32.91,10317
2011-10-13,33.13,33.13,32.78,32.88,12002
2011-10-14,32.75,32.94,32.66,32.66,9806
2011-10-17,33.06,33.28,32.88,33.06,12148
2011-10-18,32.69,32.82,32.5,32.72,18672
2011-10-19,32.75,32.85,32.57,32.6,12284
2011-10-20,32.72,32.78,32.22,32.22,19120
2011-10-21,32.26,32.35,32.1,32.35,16975
2011-10-24,32.66,33.38,32.66,33.38,24485
2011-10-25,33.41,33.44,33.28,33.38,23472
2011-10-26,32.13,32.47,31.94,32.47,23788
2011-10-27,32.47,32.57,32.22,32.54,23196
2011-10-28,33.25,33.28,32.6,32.63,36334
2011-10-31,32.88,32.97,32.44,32.5,16851
2011-11-01,32.5,32.91,32.29,32.72,10900
2011-11-02,32.13,32.69,32.04,32.63,23399
2011-11-03,32.38,32.38,32.04,32.04,29311
2011-11-04,32.5,32.75,32.44,32.57,19693
2011-11-07,32.57,32.72,32.47,32.63,5836
2011-11-08,32.63,32.91,32.47,32.47,13091
2011-11-09,32.69,32.75,32.44,32.5,9908
2011-11-10,31.91,31.91,31.26,31.48,59615
2011-11-11,31.54,31.79,31.45,31.69,15820
2011-11-14,32.22,32.54,32.22,32.47,22833
2011-11-15,32.41,32.44,32.22,32.29,6766
2011-11-16,32.47,32.57,31.82,31.88,17998
2011-11-17,31.69,31.98,31.45,31.98,16426
2011-11-18,31.57,31.63,31.29,31.32,39809
2011-11-21,31.07,31.07,30.59,30.66,46335
2011-11-22,30.66,30.8,30.41,30.52,37087
2011-11-23,30.39,30.42,29.7,29.8,55687
2011-11-24,29.76,29.91,29.44,29.8,38557
2011-11-25,30.04,30.18,29.3,29.54,31659
2011-11-28,29.94,30.08,29.8,30.07,17081
2011-11-29,30.36,30.36,30.01,30.34,13469
2011-11-30,30.2,30.22,29.73,29.94,13446
2011-12-01,30.89,31.51,30.89,31.32,49918
2011-12-02,31.2,31.29,30.89,31.02,10966
2011-12-05,31.02,31.02,30.64,30.92,9390
2011-12-06,30.82,30.82,30.31,30.32,14612
2011-12-07,30.51,30.72,30.51,30.64,14997
2011-12-08,30.52,30.52,30.14,30.42,14734
2011-12-09,29.89,30.28,29.89,30.04,18092
2011-12-12,30.47,30.57,30.28,30.39,12144
2011-12-13,30.12,30.37,30.0,30.23,9870
2011-12-14,30.23,30.26,30.0,30.26,5870
2011-12-15,29.9,29.9,29.58,29.58,21801
2011-12-16,29.67,29.77,29.55,29.7,15112
2011-12-19,29.52,29.52,29.02,29.1,25713
2011-12-20,29.3,29.43,29.21,29.27,7898
2011-12-21,30.23,30.7,30.23,30.69,31847
2011-12-22,30.68,30.71,30.51,30.61,17201
2011-12-23,31.07,31.29,31.0,31.13,28380
2011-12-26,31.13,31.17,31.01,31.1,11418
2011-12-27,31.04,31.13,30.9,31.04,15588
2011-12-28,30.98,31.05,30.84,30.87,13425
2011-12-29,30.82,30.96,30.65,30.89,13612
2011-12-30,31.13,31.23,30.88,31.02,19549
2012-01-02,30.79,30.89,30.47,30.55,11332
2012-01-03,30.82,31.1,30.76,30.95,19462
2012-01-04,31.07,31.23,31.0,31.13,23081
2012-01-05,31.2,31.23,31.08,31.23,21098
2012-01-06,31.2,31.29,31.04,31.13,28344
2012-01-09,31.07,31.1,30.9,31.02,14068
2012-01-10,31.26,31.57,31.26,31.57,29306
2012-01-11,31.57,31.63,31.51,31.54,13542
2012-01-12,31.57,31.66,31.45,31.6,18822
2012-01-13,31.85,31.91,31.6,31.66,39263
2012-01-16,31.79,31.82,30.98,31.17,28880
2012-01-17,31.35,31.51,31.2,31.48,15752
2012-01-18,31.48,31.6,31.32,31.38,12458
2012-01-30,32.01,32.57,32.01,32.26,34168
2012-01-31,32.38,32.63,32.22,32.35,20563
2012-02-01,32.5,32.69,32.38,32.57,24052
2012-02-02,32.82,32.97,32.69,32.94,20343
2012-02-03,32.97,33.03,32.85,33.03,35646
2012-02-06,33.31,33.31,33.1,33.13,18139
2012-02-07,33.19,33.38,33.03,33.19,19800
2012-02-08,33.31,33.91,33.31,33.91,38882
2012-02-09,33.66,33.87,33.56,33.87,36059
2012-02-10,33.78,33.97,33.59,33.59,28567
2012-02-13,33.63,33.84,33.47,33.75,26848
2012-02-14,33.66,33.78,33.38,33.63,23386
2012-02-15,33.81,34.25,33.75,34.19,41530
2012-02-16,34.03,34.15,33.75,33.78,22817
2012-02-17,34.12,34.37,33.84,34.09,35406
2012-02-20,34.12,34.28,33.94,34.06,31783
2012-02-21,33.94,34.09,33.63,33.94,15207
2012-02-22,33.81,34.31,33.75,34.15,17110
2012-02-23,33.97,34.09,33.87,34.0,7416
2012-02-24,34.0,34.15,33.78,34.09,9112
2012-02-29,34.4,34.87,34.4,34.87,27029
2012-03-01,34.84,35.0,34.78,34.81,20057
2012-03-02,34.87,34.93,34.59,34.62,9062
2012-03-05,34.43,34.47,34.12,34.15,17858
2012-03-06,34.19,34.28,33.69,34.0,16173
2012-03-07,33.63,33.94,33.63,33.87,9378
2012-03-08,33.87,34.19,33.72,34.06,15202
2012-03-09,34.06,34.28,33.91,34.22,12903
2012-03-12,34.25,34.25,33.84,33.84,8240
2012-03-13,34.0,34.43,34.0,34.31,18480
2012-03-14,34.9,35.0,34.72,34.81,23945
2012-03-15,34.72,34.81,34.56,34.65,7310
2012-03-16,34.56,34.68,34.5,34.5,8464
2012-03-19,34.53,34.65,34.12,34.4,13373
2012-03-20,34.47,34.47,34.06,34.15,6595
2012-03-21,34.15,34.37,34.12,34.15,5796
2012-03-22,34.22,34.72,34.22,34.62,12626
2012-03-23,34.53,34.62,34.43,34.53,5413
2012-03-26,34.25,34.4,33.91,33.97,9142
2012-03-27,34.12,34.4,34.09,34.4,10088
2012-03-28,34.53,34.78,34.37,34.53,12003
2012-03-29,34.37,34.37,33.84,34.06,10305
2012-03-30,33.94,34.19,33.75,34.19,8872
2012-04-02,34.19,34.19,33.94,34.06,4397
2012-04-03,34.15,34.19,33.69,33.78,9326
2012-04-05,33.28,33.5,33.03,33.41,14598
2012-04-06,33.38,33.53,33.25,33.47,15936
2012-04-09,33.0,33.31,32.82,33.06,18796
2012-04-10,33.35,33.38,32.94,33.06,6604
2012-04-11,32.82,33.28,32.82,33.19,12270
2012-04-12,33.03,33.25,32.91,33.22,9441
2012-04-13,33.5,33.66,33.41,33.59,8512
2012-04-16,33.28,33.5,33.28,33.5,5503
2012-04-17,33.56,33.56,32.94,32.94,21745
2012-04-18,33.31,33.31,32.97,33.0,11399
2012-04-19,33.03,33.13,32.69,33.03,9667
2012-04-20,32.94,32.97,32.57,32.6,15545
2012-04-23,32.57,32.63,32.29,32.57,18529
2012-04-24,32.54,32.78,32.41,32.63,6778
2012-04-25,32.75,32.88,32.66,32.82,3243
2012-04-26,32.88,32.91,32.5,32.57,5897
2012-04-27,32.75,33.03,32.44,32.5,12918
2012-04-30,32.44,32.44,32.16,32.41,12271
2012-05-02,32.54,33.22,32.5,33.22,12133
2012-05-03,33.16,33.16,32.97,33.06,5178
2012-05-04,32.88,33.19,32.78,33.13,11425
2012-05-07,32.66,32.66,32.29,32.41,21312
2012-05-08,32.5,32.54,32.32,32.41,9194
2012-05-09,32.16,32.29,31.98,32.19,22881
2012-05-10,32.13,32.38,32.1,32.19,7133
2012-05-11,32.13,32.13,31.79,31.85,29046
2012-05-14,31.94,31.94,31.73,31.88,10201
2012-05-15,31.69,31.88,31.48,31.88,21664
2012-05-16,31.76,31.82,31.2,31.26,32979
2012-05-17,31.29,31.66,31.29,31.63,7940
2012-05-18,31.17,31.29,30.9,30.93,37830
2012-05-21,31.1,31.17,30.97,31.1,14716
2012-05-22,31.35,31.38,31.17,31.38,9359
2012-05-23,31.07,31.07,30.75,30.82,23947
2012-05-24,30.85,30.94,30.61,30.75,12526
2012-05-25,30.79,30.79,30.48,30.52,13504
2012-05-28,30.52,30.8,30.42,30.8,6212
2012-05-29,30.89,31.63,30.89,31.57,17147
2012-05-30,31.35,31.35,31.03,31.2,11746
2012-05-31,30.85,31.23,30.66,31.23,13195
2012-06-01,31.04,31.04,30.57,30.61,13961
2012-06-04,30.01,30.01,29.55,29.69,37180
2012-06-05,30.15,30.17,29.91,30.08,9723
2012-06-06,30.14,30.34,30.03,30.28,5408
2012-06-07,30.57,30.59,30.28,30.35,6004
2012-06-08,30.24,30.26,29.83,29.89,12951
2012-06-11,30.42,30.56,30.29,30.51,8364
2012-06-12,29.95,30.27,29.95,30.27,5161
2012-06-13,30.27,30.41,30.18,30.33,3990825
2012-06-14,30.33,30.51,30.28,30.37,3406033
2012-06-15,30.37,30.76,30.31,30.76,6220
2012-06-18,31.38,31.45,31.13,31.26,9888
2012-06-19,31.13,31.2,31.05,31.08,7269
2012-06-20,31.23,31.41,31.23,31.41,9657
2012-06-21,31.26,31.32,31.06,31.23,4587460
2012-06-22,30.64,30.9,30.64,30.86,6192
2012-06-25,30.54,30.69,30.53,30.64,7113
2012-06-26,30.51,30.57,30.42,30.51,15276
2012-06-27,30.44,30.82,30.42,30.79,7521
2012-06-28,30.95,30.98,30.78,30.84,10454
2012-06-29,30.81,31.32,30.73,31.26,13652
2012-07-02,31.45,31.57,31.32,31.51,9704
2012-07-03,31.63,32.07,31.6,31.88,17112
2012-07-04,32.04,32.22,31.91,32.01,9961
2012-07-05,32.04,32.16,31.91,31.94,4998944
2012-07-06,32.04,32.1,31.73,31.76,11019
2012-07-09,31.63,31.79,31.54,31.73,5880
2012-07-10,31.73,31.76,31.32,31.38,9034
2012-07-11,31.32,31.48,31.23,31.48,4163176
2012-07-12,31.41,31.45,30.85,30.92,15500
2012-07-13,30.82,30.95,30.73,30.82,7929
2012-07-16,30.98,31.01,30.67,30.82,6443
2012-07-17,30.82,31.17,30.76,31.04,6753
2012-07-18,31.01,31.01,30.62,30.64,8506
2012-07-19,30.95,31.32,30.92,31.26,7663
2012-07-20,31.23,31.29,31.1,31.23,5701
2012-07-23,30.92,30.95,30.54,30.67,14881
2012-07-24,30.64,30.64,30.44,30.59,22241
2012-07-25,30.4,30.64,30.21,30.42,16634
2012-07-26,30.72,30.72,30.37,30.47,8170
2012-07-27,30.82,31.1,30.73,31.08,9753
2012-07-30,31.13,31.48,31.13,31.29,10029
2012-07-31,31.45,31.82,31.2,31.82,14837
2012-08-01,31.69,31.94,31.63,31.88,6882
2012-08-02,31.88,31.88,31.88,31.88,0
2012-08-03,31.6,31.69,31.48,31.69,5087
2012-08-06,32.32,32.38,32.04,32.1,11036
2012-08-07,32.13,32.16,32.01,32.13,4202938
2012-08-08,32.35,32.5,32.19,32.22,9545
2012-08-09,32.44,32.94,32.44,32.91,21225
2012-08-10,32.91,33.03,32.85,32.88,11291
2012-08-13,33.0,33.16,32.97,33.0,15662
2012-08-14,33.06,33.35,33.0,33.16,16024
2012-08-15,33.13,33.25,32.97,33.03,11947
2012-08-16,33.06,33.31,33.0,33.13,7954
2012-08-17,33.22,33.22,32.97,32.97,5271
2012-08-20,32.91,33.03,32.72,32.88,9862
2012-08-21,32.97,33.5,32.97,33.25,27067
2012-08-22,33.22,33.25,33.0,33.22,5561
2012-08-23,33.13,33.31,33.1,33.19,8522
2012-08-24,33.0,33.13,32.97,33.06,11024
2012-08-27,33.28,33.35,33.0,33.13,7382
2012-08-28,32.97,32.97,32.66,32.69,9135
2012-08-29,32.63,32.88,32.63,32.82,2819315
2012-08-30,32.66,32.82,32.63,32.72,6948
2012-08-31,32.69,32.91,32.66,32.85,3002955
2012-09-03,32.82,33.16,32.82,33.1,7154
2012-09-04,33.1,33.19,33.0,33.03,7305
2012-09-05,32.94,32.94,32.6,32.6,5020
2012-09-06,32.57,32.69,32.32,32.47,5867
2012-09-07,33.06,33.13,32.88,32.97,7668
2012-09-10,32.97,33.22,32.94,33.22,8807
2012-09-11,33.22,33.31,33.16,33.19,8197
2012-09-12,33.47,33.72,33.47,33.66,21343
2012-09-13,33.75,33.81,33.66,33.72,11501
2012-09-14,34.12,34.62,34.12,34.56,35619
2012-09-17,34.56,34.75,34.47,34.62,20150
2012-09-18,34.56,34.62,34.4,34.5,17292
2012-09-19,34.53,34.72,34.47,34.65,20680
2012-09-20,34.59,34.65,34.31,34.4,12363
2012-09-21,34.47,34.62,34.47,34.53,11670
2012-09-24,34.43,34.68,34.22,34.56,15114
2012-09-25,34.62,34.65,34.4,34.43,7764
2012-09-26,34.19,34.34,34.09,34.19,5913
2012-09-27,34.12,34.34,34.12,34.31,4809219
2012-09-28,34.4,34.47,34.12,34.34,4580522
2012-10-01,34.25,34.31,34.09,34.25,4006626
2012-10-02,34.31,34.47,34.22,34.4,6553
2012-10-03,34.4,34.43,34.19,34.25,3633269
2012-10-04,34.25,34.31,33.94,34.28,8104
2012-10-05,34.25,34.43,34.25,34.31,11700
2012-10-08,34.25,34.28,33.97,34.03,9556
2012-10-09,34.09,34.09,33.87,33.87,8493
2012-10-11,33.44,33.44,33.13,33.19,30659
2012-10-12,33.19,33.25,32.94,33.1,16268
2012-10-15,33.03,33.16,33.0,33.16,10242
2012-10-16,33.25,33.31,33.19,33.31,8037
2012-10-17,33.56,33.56,33.19,33.25,16203
2012-10-18,33.44,33.5,33.28,33.41,11622
2012-10-19,33.38,33.38,33.03,33.16,16780
2012-10-22,32.75,32.94,32.63,32.94,13006
2012-10-23,32.94,33.06,32.78,32.94,30800
2012-10-24,31.48,31.76,31.41,31.76,18504
2012-10-25,31.73,31.73,31.41,31.45,20563
2012-10-26,31.57,31.6,31.05,31.08,26363
2012-10-29,31.13,31.26,31.05,31.13,15100
2012-10-30,31.32,31.54,31.26,31.41,12686
2012-10-31,31.57,31.57,31.26,31.38,6854
2012-11-01,31.2,31.48,30.89,31.35,16368
2012-11-02,31.57,31.57,31.45,31.57,7149
2012-11-05,31.48,31.57,31.32,31.45,8126
2012-11-06,31.54,31.73,31.38,31.69,9619
2012-11-07,31.69,31.88,31.54,31.85,11046
2012-11-08,31.51,31.6,31.45,31.6,9785
2012-11-09,31.35,31.94,31.29,31.82,10006
2012-11-12,31.94,31.94,31.66,31.69,7505
2012-11-13,31.76,31.76,31.13,31.17,14839
2012-11-14,31.1,31.29,31.02,31.23,7656
2012-11-15,31.13,31.29,30.82,31.13,11846
2012-11-16,31.1,31.35,31.0,31.1,13699
2012-11-19,31.32,31.35,31.17,31.29,4365081
2012-11-20,31.57,31.57,31.29,31.35,4985835
2012-11-21,31.41,31.45,30.95,31.12,13326
2012-11-22,31.32,31.35,31.2,31.26,7870
2012-11-23,31.48,32.26,31.45,32.19,19224
2012-11-26,32.26,32.57,32.26,32.5,13124
2012-11-27,32.5,32.69,32.38,32.63,8538
2012-11-28,32.63,32.69,32.5,32.66,4523801
2012-11-29,32.78,33.06,32.78,33.06,19858
2012-11-30,33.06,33.44,33.0,33.35,29759
2012-12-03,33.35,33.5,33.13,33.31,11201
2012-12-04,33.03,33.28,33.03,33.28,10697
2012-12-05,33.19,33.5,33.06,33.47,13588
2012-12-06,33.47,33.47,33.28,33.38,11295
2012-12-07,33.41,33.66,33.41,33.56,16314
2012-12-10,33.56,33.66,33.31,33.44,9933
2012-12-11,33.41,33.5,33.19,33.41,8905
2012-12-12,33.5,33.81,33.5,33.69,18650
2012-12-13,33.81,34.12,33.78,34.06,22337
2012-12-14,34.0,34.0,33.75,33.75,9059
2012-12-17,33.75,33.75,33.25,33.31,5560
2012-12-18,33.47,33.47,33.25,33.35,6361
2012-12-19,33.59,33.59,33.38,33.44,4659401
2012-12-20,33.22,33.31,33.03,33.03,7276
2012-12-21,33.03,33.13,32.63,32.88,11689
2012-12-24,32.94,33.03,32.78,32.82,4391649
2012-12-25,32.85,33.44,32.85,33.38,11578
2012-12-26,33.38,33.47,33.25,33.31,18128
2012-12-27,33.13,33.38,33.13,33.28,11014
2012-12-28,33.44,33.59,33.41,33.5,19933
2013-01-02,33.63,34.03,33.56,33.87,16488
2013-01-03,34.19,34.28,34.03,34.15,29021
2013-01-04,34.15,34.15,33.87,33.94,9838
2013-01-07,33.97,33.97,33.56,33.78,8911
2013-01-08,33.63,33.75,33.41,33.56,12507
2013-01-09,33.47,33.81,33.47,33.69,7529
2013-01-10,33.81,34.03,33.72,33.94,13954
2013-01-11,34.06,34.12,33.84,33.91,11838
2013-01-14,33.63,33.94,33.5,33.94,7282
2013-01-15,33.75,33.91,33.56,33.63,6610
2013-01-16,33.66,33.66,33.44,33.44,8142
2013-01-17,33.56,33.75,33.13,33.19,10084
2013-01-18,33.59,33.59,33.44,33.59,5410
2013-01-21,33.59,33.66,33.35,33.56,4525979
2013-01-22,33.81,33.81,33.44,33.66,10501
2013-01-23,33.75,33.81,33.56,33.63,7267
2013-01-24,33.47,33.56,33.16,33.44,11334
2013-01-25,33.41,33.44,33.13,33.31,8521
2013-01-28,33.44,33.59,33.41,33.47,8709
2013-01-29,33.59,33.94,33.59,33.94,21973
2013-01-30,33.94,34.09,33.91,34.0,21672
2013-01-31,33.94,34.0,33.81,34.0,12643
2013-02-01,34.06,34.15,34.0,34.12,15058
2013-02-04,34.15,34.5,34.15,34.37,30981
2013-02-05,34.19,34.31,34.19,34.25,15988
2013-02-06,34.37,34.56,34.37,34.5,29434
2013-02-18,34.56,34.81,34.53,34.62,29740
2013-02-19,34.62,34.72,34.59,34.65,16817
2013-02-20,34.81,35.0,34.81,34.93,21814
2013-02-21,34.81,34.9,34.68,34.68,9951
2013-02-22,34.62,34.78,34.47,34.56,9131
2013-02-25,34.75,34.75,34.59,34.68,10432
2013-02-26,34.4,34.5,34.28,34.31,6754
2013-02-27,34.28,34.37,34.22,34.37,4605027
2013-03-01,34.47,34.59,34.43,34.5,5730
2013-03-04,34.5,34.53,34.06,34.09,8270
2013-03-05,34.19,34.47,34.19,34.37,16081
2013-03-06,34.68,34.72,34.37,34.53,4640574
2013-03-07,34.37,34.65,34.37,34.5,5956
2013-03-08,34.62,34.81,34.62,34.75,12381
2013-03-11,34.75,34.93,34.62,34.81,12066
2013-03-12,34.81,34.87,34.59,34.59,7443
2013-03-13,34.62,34.84,34.43,34.65,10206
2013-03-14,34.56,34.62,34.47,34.62,12133
2013-03-15,34.62,34.68,34.37,34.37,9552
2013-03-18,34.25,34.25,33.81,33.94,13219
2013-03-19,34.06,34.09,33.94,34.0,3373726
2013-03-20,33.84,33.97,33.72,33.78,8821
2013-03-21,33.87,33.91,33.78,33.81,4929633
2013-03-22,33.75,33.84,33.72,33.72,8202
2013-03-25,34.09,34.09,33.91,33.97,2648667
2013-03-26,33.97,34.0,33.91,33.97,1956026
2013-03-27,34.0,34.15,33.91,34.06,4540031
2013-03-28,34.06,34.09,33.87,33.97,3315710
2013-03-29,34.15,34.34,34.06,34.31,5876
2013-04-01,34.31,34.37,34.22,34.25,3729172
2013-04-02,34.25,34.31,34.06,34.15,4937409
2013-04-03,34.31,34.34,34.19,34.25,2925659
2013-04-08,33.91,33.94,33.53,33.53,18560
2013-04-09,33.63,33.66,33.38,33.44,7681
2013-04-10,33.47,33.59,33.38,33.5,3118305
2013-04-11,33.59,33.87,33.59,33.84,9842
2013-04-12,33.87,33.94,33.75,33.84,2297003
2013-04-15,33.78,33.84,33.47,33.56,4111521
2013-04-16,33.31,33.63,33.28,33.63,5150
2013-04-17,33.63,33.69,33.53,33.56,4995060
2013-04-18,33.35,33.69,33.35,33.53,5606
2013-04-19,33.78,34.56,33.78,34.53,22459
2013-04-22,34.59,34.65,34.43,34.5,11412
2013-04-23,34.5,34.5,34.22,34.31,3673886
2013-04-24,34.47,34.72,34.4,34.59,12432
2013-04-25,34.53,34.72,34.5,34.65,11885
2013-04-26,34.75,35.0,34.75,34.78,11113
2013-04-29,34.81,34.87,34.72,34.75,8140
2013-04-30,35.03,35.21,35.03,35.12,17617
2013-05-02,35.09,35.28,35.09,35.21,15920
2013-05-03,35.4,35.49,35.28,35.28,13218
2013-05-06,35.49,35.59,35.43,35.43,8576
2013-05-07,35.43,35.62,35.37,35.56,14262
2013-05-08,35.62,36.18,35.62,36.02,21793
2013-05-09,36.24,36.4,36.21,36.24,17797
2013-05-10,36.18,36.21,36.02,36.05,9241
2013-05-13,36.05,36.12,35.87,35.96,6700
2013-05-14,36.12,36.27,35.96,36.05,10934
2013-05-15,36.18,36.18,35.9,36.08,11720
2013-05-16,36.43,36.68,36.37,36.55,32188
2013-05-17,36.49,36.55,36.37,36.37,8652
2013-05-20,36.3,36.43,36.18,36.3,7993
2013-05-21,36.33,36.55,36.21,36.3,6990
2013-05-22,36.52,36.55,36.24,36.27,7429
2013-05-23,36.05,36.12,35.49,35.49,14866
2013-05-24,35.49,35.62,35.24,35.4,6950
2013-05-27,35.37,35.71,35.37,35.71,3285598
2013-05-28,35.74,35.77,35.59,35.59,2342716
2013-05-29,35.71,35.99,35.71,35.9,7989
2013-05-30,35.74,35.77,35.4,35.46,8824
2013-05-31,35.8,35.93,35.37,35.46,9240
2013-06-03,35.15,35.34,35.03,35.31,6539
2013-06-04,35.31,35.37,35.09,35.24,4243204
2013-06-05,35.21,35.34,35.09,35.24,3459608
2013-06-06,35.0,35.06,34.72,34.81,15077
2013-06-07,34.84,34.96,34.81,34.9,9058
2013-06-10,35.21,35.31,35.12,35.18,3505343
2013-06-11,35.21,35.28,35.03,35.09,4689065
2013-06-13,34.81,34.81,34.25,34.25,33024
2013-06-14,34.34,34.34,34.06,34.12,18099
2013-06-17,34.15,34.34,34.12,34.34,5347
2013-06-18,34.34,34.5,34.15,34.5,8772
2013-06-19,34.56,34.56,34.34,34.43,6077
2013-06-20,34.25,34.25,33.75,33.78,25488
2013-06-21,33.69,33.69,33.16,33.38,34640
2013-06-24,33.25,33.31,33.06,33.25,21260
2013-06-25,33.19,33.44,32.97,33.0,19437
2013-06-26,33.38,33.5,33.19,33.44,9916
2013-06-27,33.66,33.84,33.56,33.84,22275
2013-06-28,33.87,34.31,33.81,34.31,13714
2013-07-01,34.12,34.68,34.12,34.62,13788
2013-07-02,34.65,34.72,34.53,34.56,4672336
2013-07-03,34.37,34.5,34.15,34.15,7004
2013-07-04,34.19,34.34,34.12,34.22,4877072
2013-07-05,34.4,34.9,34.37,34.9,17675
2013-07-08,34.9,34.9,34.22,34.25,8666
2013-07-09,34.25,34.68,34.22,34.65,4074161
2013-07-10,34.72,35.06,34.65,34.75,9108
2013-07-11,35.34,35.74,35.31,35.62,30309
2013-07-12,35.62,35.74,35.56,35.71,12910
2013-07-15,35.71,35.93,35.56,35.8,14188
2013-07-16,35.8,35.87,35.71,35.8,9554
2013-07-17,35.74,35.96,35.71,35.87,12990
2013-07-18,35.87,35.9,35.56,35.62,12640
2013-07-19,35.43,35.43,34.72,34.84,24693
2013-07-22,34.96,35.12,34.93,34.96,5258
2013-07-23,35.18,35.62,35.18,35.52,8972
2013-07-24,35.37,35.59,35.37,35.43,4960850
2013-07-25,35.37,35.59,35.18,35.49,4111707
2013-07-26,35.49,35.74,35.31,35.43,4896127
2013-07-29,35.31,35.4,35.03,35.18,5925
2013-07-30,35.34,35.59,35.18,35.46,10122
2013-07-31,35.46,35.46,35.21,35.24,4383656
2013-08-01,35.21,35.28,34.9,35.0,7468
2013-08-02,35.24,35.49,35.09,35.21,6840
2013-08-05,35.18,35.37,35.03,35.31,2877732
2013-08-06,35.12,35.12,34.72,34.81,20740
2013-08-07,34.59,34.59,34.31,34.31,21061
2013-08-08,34.25,34.31,34.12,34.19,25090
2013-08-09,34.19,34.31,34.03,34.15,25862
2013-08-12,34.25,34.28,34.06,34.25,12025
2013-08-13,34.47,34.59,34.43,34.59,7627
2013-08-14,34.59,34.59,34.31,34.5,11120
2013-08-15,34.15,34.28,33.94,34.25,17433
2013-08-16,34.03,34.53,34.03,34.4,17786
2013-08-19,34.28,34.31,34.15,34.31,8439
2013-08-20,34.15,34.34,33.94,34.0,19856
2013-08-22,33.81,33.84,33.53,33.72,30612
2013-08-23,33.94,34.25,33.94,34.15,16799
2013-08-26,34.25,34.37,34.09,34.31,6650
2013-08-27,34.25,34.25,34.0,34.0,7340
2013-08-28,33.84,34.09,33.81,34.09,9584
2013-08-29,34.15,34.62,34.15,34.56,12791
2013-08-30,34.62,34.78,34.5,34.78,11436
2013-09-02,34.84,35.12,34.81,35.06,20805
2013-09-03,35.24,35.31,35.12,35.28,20556
2013-09-04,35.18,35.24,35.03,35.21,10480
2013-09-05,35.31,35.46,35.21,35.43,21412
2013-09-06,35.4,35.52,35.4,35.49,22393
2013-09-09,35.49,35.68,35.31,35.62,17059
2013-09-10,35.71,35.87,35.59,35.71,23422
2013-09-11,35.8,35.8,35.56,35.8,20577
2013-09-12,35.74,35.93,35.68,35.84,12988
2013-09-13,35.8,35.87,35.56,35.56,5616
2013-09-16,35.77,36.08,35.77,35.99,14816
2013-09-17,35.8,35.96,35.8,35.96,6241
2013-09-18,36.05,36.12,35.84,35.84,14817
2013-09-23,35.84,36.21,35.8,36.12,10272
2013-09-24,36.12,36.18,35.96,36.15,10109
2013-09-25,36.12,36.12,35.87,35.99,4177369
2013-09-26,35.93,35.99,35.62,35.65,4355788
2013-09-27,35.74,35.84,35.71,35.74,4768533
2013-09-30,35.49,35.68,35.34,35.59,16694
2013-10-01,35.49,35.68,35.49,35.59,15432
2013-10-02,35.8,35.8,35.65,35.71,11304
2013-10-03,35.8,36.61,35.77,36.46,23775
2013-10-04,36.43,36.46,36.27,36.4,16689
2013-10-07,36.21,36.21,36.02,36.05,4869744
2013-10-08,36.02,36.4,35.99,36.33,9441
2013-10-09,36.18,36.33,36.12,36.24,6006
2013-10-11,36.65,36.71,36.37,36.4,9045
2013-10-14,36.37,36.37,36.08,36.12,6624
2013-10-15,36.4,36.49,36.3,36.43,8043
2013-10-16,36.4,36.49,36.27,36.27,7029
2013-10-17,36.52,36.65,36.4,36.46,5063
2013-10-18,36.52,36.8,36.52,36.77,14819
2013-10-21,36.77,36.83,36.65,36.74,6552
2013-10-22,36.61,36.8,36.49,36.74,7199
2013-10-23,36.8,36.8,36.49,36.55,8639
2013-10-24,36.78,36.78,36.42,36.68,7936
2013-10-25,36.55,36.55,36.23,36.39,11177
2013-10-28,36.42,36.74,36.39,36.65,6937
2013-10-29,36.62,36.84,36.52,36.81,5791
2013-10-30,36.84,36.9,36.74,36.9,4375748
2013-10-31,36.87,37.0,36.71,36.9,6046
2013-11-01,36.97,37.03,36.62,36.71,6293
2013-11-04,36.58,36.58,36.39,36.55,6647
2013-11-05,36.49,36.55,36.17,36.2,7879
2013-11-06,36.2,36.27,36.07,36.2,4717161
2013-11-07,36.23,36.23,36.01,36.11,4901449
2013-11-08,36.07,36.11,35.91,35.98,6210
2013-11-11,35.98,36.01,35.82,35.88,8238
2013-11-12,36.07,36.07,35.82,36.01,6243
2013-11-13,35.85,35.88,35.5,35.53,17169
2013-11-14,35.69,35.76,35.47,35.63,15583
2013-11-15,35.76,35.91,35.63,35.79,12723
2013-11-18,35.91,36.01,35.82,35.98,5566
2013-11-19,36.04,36.23,36.04,36.2,8479
2013-11-20,36.11,36.14,35.91,35.98,9702
2013-11-21,35.76,35.76,35.31,35.34,35062
2013-11-22,35.37,35.5,35.37,35.37,10937
2013-11-25,35.79,36.01,35.79,35.85,10345
2013-11-26,35.69,36.27,35.69,36.14,9879
2013-11-27,36.14,36.36,36.11,36.33,8118
2013-11-28,36.55,36.62,36.46,36.55,11237
2013-11-29,36.55,36.78,36.49,36.68,14721
2013-12-02,36.71,36.78,36.55,36.62,5601
2013-12-03,36.55,36.65,36.42,36.65,7385
2013-12-04,36.49,36.74,36.46,36.62,7402
2013-12-05,36.62,36.65,36.33,36.39,6057
2013-12-06,36.36,36.58,36.27,36.42,4023610
2013-12-09,36.68,36.93,36.68,36.74,8645
2013-12-10,36.68,36.9,36.68,36.84,6867
2013-12-11,36.93,37.16,36.74,36.87,10106
2013-12-12,36.71,36.71,36.46,36.58,4216323
2013-12-13,36.39,36.58,36.36,36.55,5100
2013-12-16,36.49,36.49,36.14,36.27,6972
2013-12-17,36.42,36.52,36.39,36.46,3090413
2013-12-18,36.46,36.46,36.23,36.33,3488194
2013-12-19,36.58,36.65,36.42,36.55,6052
2013-12-20,36.55,36.68,36.46,36.62,4317836
2013-12-23,36.68,36.97,36.68,36.87,9017
2013-12-24,36.87,36.9,36.78,36.84,5053
2013-12-25,36.9,36.93,36.81,36.87,3321019
2013-12-26,36.87,36.93,36.84,36.87,3417207
2013-12-27,36.84,37.22,36.84,37.16,12607
2013-12-30,37.19,37.57,37.19,37.48,18119
2013-12-31,37.64,37.64,37.41,37.41,12257
2014-01-02,9.35,9.36,9.3,9.33,43048
2014-01-03,9.31,9.31,9.19,9.22,58038
2014-01-06,9.2,9.23,9.17,9.19,59483
2014-01-07,9.2,9.23,9.19,9.19,52513
2014-01-08,9.19,9.23,9.19,9.21,30421
2014-01-09,9.19,9.21,9.15,9.17,34285
2014-01-10,9.16,9.19,9.16,9.17,18966
2014-01-13,9.24,9.27,9.21,9.23,24719
2014-01-14,9.19,9.22,9.18,9.21,17106
2014-01-15,9.23,9.31,9.23,9.31,46703
2014-01-16,9.32,9.36,9.32,9.33,51087
2014-01-17,9.34,9.35,9.29,9.35,32678
2014-01-20,9.31,9.37,9.31,9.37,22509
2014-01-21,9.36,9.38,9.32,9.33,27855
2014-01-22,9.31,9.35,9.3,9.35,27353
2014-01-23,9.34,9.36,9.3,9.32,27619
2014-01-24,9.29,9.37,9.29,9.35,42824
2014-01-27,9.26,9.27,9.15,9.18,85301
2014-02-05,8.99,8.99,8.86,8.89,230238
2014-02-06,8.91,8.95,8.89,8.92,51415
2014-02-07,8.99,9.03,8.97,9.02,64110
2014-02-10,9.07,9.07,9.02,9.02,24081
2014-02-11,9.02,9.07,9.02,9.07,22328
2014-02-12,9.11,9.17,9.11,9.17,74418
2014-02-13,9.15,9.17,9.14,9.15,32943
2014-02-14,9.19,9.27,9.19,9.23,89315
2014-02-17,9.26,9.28,9.23,9.23,61740
2014-02-18,9.23,9.27,9.21,9.27,52355
2014-02-19,9.26,9.27,9.25,9.27,53467
2014-02-20,9.25,9.25,9.18,9.19,54949
2014-02-21,9.31,9.31,9.27,9.27,69270
2014-02-24,9.31,9.31,9.21,9.23,29472
2014-02-25,9.28,9.28,9.23,9.27,34488
2014-02-26,9.24,9.32,9.23,9.31,35815
2014-02-27,9.29,9.31,9.29,9.29,14706
2014-03-03,9.21,9.27,9.16,9.23,32084
2014-03-04,9.23,9.24,9.19,9.19,24743
2014-03-05,9.27,9.31,9.27,9.29,27606
2014-03-06,9.3,9.43,9.3,9.42,104907
2014-03-07,9.45,9.53,9.45,9.46,121579
2014-03-10,9.45,9.46,9.39,9.41,31723
2014-03-11,9.44,9.47,9.42,9.46,19871
2014-03-12,9.38,9.4,9.36,9.37,10687
2014-03-13,9.44,9.53,9.44,9.52,102771
2014-03-14,9.42,9.45,9.42,9.42,53798
2014-03-17,9.42,9.43,9.38,9.41,35933
2014-03-18,9.46,9.48,9.43,9.46,59453
2014-03-19,9.46,9.47,9.39,9.44,39422
2014-03-20,9.35,9.35,9.29,9.32,73932
2014-03-21,9.35,9.35,9.31,9.32,16572
2014-03-24,9.31,9.35,9.28,9.35,45385
2014-03-25,9.32,9.42,9.32,9.42,19660
2014-03-26,9.47,9.51,9.46,9.51,39921
2014-03-27,9.48,9.54,9.47,9.53,45033
2014-03-28,9.54,9.58,9.53,9.54,80660
2014-03-31,9.57,9.58,9.54,9.58,68748
2014-04-01,9.6,9.66,9.59,9.66,115345
2014-04-02,9.69,9.74,9.69,9.69,76419
2014-04-03,9.69,9.71,9.66,9.66,50481
2014-04-07,9.62,9.64,9.61,9.64,45521
2014-04-08,9.63,9.7,9.63,9.69,56048
2014-04-09,9.69,9.74,9.69,9.72,48268
2014-04-10,9.76,9.77,9.7,9.75,53948
2014-04-11,9.69,9.74,9.69,9.74,60077
2014-04-14,9.74,9.75,9.7,9.73,53588
2014-04-15,9.75,9.79,9.75,9.78,55574
2014-04-16,9.78,9.8,9.74,9.77,28199
2014-04-17,9.77,9.78,9.74,9.74,14127
2014-04-18,9.84,9.86,9.8,9.81,28291
2014-04-21,9.79,9.82,9.79,9.81,13623
2014-04-22,9.81,9.87,9.81,9.84,36551
2014-04-23,9.86,9.89,9.8,9.82,21948
2014-04-24,9.83,9.85,9.82,9.84,18073
2014-04-25,9.82,9.85,9.66,9.67,91613
2014-04-28,9.61,9.8,9.61,9.76,33931
2014-04-29,9.76,9.8,9.74,9.78,26076
2014-04-30,9.78,9.79,9.69,9.72,22393
2014-05-02,9.74,9.82,9.74,9.77,30587
2014-05-05,9.81,9.82,9.72,9.75,27384
2014-05-06,9.8,9.84,9.74,9.81,41254
2014-05-07,9.8,9.82,9.75,9.78,31512
2014-05-08,9.82,9.86,9.78,9.86,15326
2014-05-09,9.83,9.86,9.79,9.79,15730
2014-05-12,9.8,9.8,9.74,9.74,15735
2014-05-13,9.82,9.84,9.78,9.79,22443
2014-05-14,9.82,9.85,9.79,9.85,42958
2014-05-15,9.84,9.86,9.81,9.84,35614
2014-05-16,9.82,9.86,9.78,9.86,36555
2014-05-19,9.86,9.88,9.85,9.86,28664
2014-05-20,9.86,9.93,9.86,9.89,39788
2014-05-21,9.88,9.91,9.84,9.85,26097
2014-05-22,9.88,9.98,9.87,9.98,58662
2014-05-23,10.01,10.02,9.98,10.0,53795
2014-05-26,10.01,10.05,10.01,10.05,34576
2014-05-27,10.05,10.07,10.03,10.05,32137
2014-05-28,10.06,10.17,10.06,10.15,46588
2014-05-29,10.15,10.15,10.1,10.1,38179
2014-05-30,10.1,10.11,10.05,10.05,26863
2014-06-03,10.06,10.11,10.01,10.06,20441
2014-06-04,10.1,10.13,10.09,10.1,13561
2014-06-05,10.09,10.1,10.05,10.1,6813
2014-06-06,10.14,10.16,10.1,10.13,13957
2014-06-09,10.13,10.17,10.13,10.17,15579
2014-06-10,10.17,10.25,10.17,10.23,27373
2014-06-11,10.23,10.24,10.21,10.22,20154
2014-06-12,10.2,10.21,10.18,10.2,18032
2014-06-13,10.18,10.18,10.15,10.17,13289
2014-06-16,10.17,10.2,10.13,10.18,10422
2014-06-17,10.18,10.27,10.17,10.25,15415
2014-06-18,10.26,10.33,10.25,10.28,38138
2014-06-19,10.3,10.36,10.29,10.35,39733
2014-06-20,10.35,10.37,10.31,10.32,14231
2014-06-23,10.33,10.36,10.29,10.31,55002
2014-06-24,10.33,10.36,10.31,10.33,31853
2014-06-25,10.3,10.33,10.29,10.3,30065
2014-06-26,10.32,10.42,10.32,10.41,36832
2014-06-27,10.41,10.41,10.28,10.41,36901
2014-06-30,10.4,10.52,10.39,10.51,30338
2014-07-01,10.51,10.64,10.49,10.6,38459
2014-07-02,10.64,10.76,10.62,10.69,46562
2014-07-03,10.69,10.8,10.66,10.79,32460
2014-07-04,10.8,10.82,10.73,10.79,28324
2014-07-07,10.76,10.79,10.72,10.77,22060
2014-07-08,10.8,10.82,10.77,10.8,22025
2014-07-09,10.78,10.81,10.76,10.81,12519
2014-07-10,10.8,10.91,10.8,10.89,22510
2014-07-11,10.89,10.95,10.86,10.88,31202
2014-07-14,10.87,10.96,10.87,10.95,12310
2014-07-15,10.99,11.0,10.95,10.99,15825
2014-07-16,10.99,10.99,10.85,10.89,20012
2014-07-17,10.83,10.83,10.72,10.76,32052
2014-07-18,10.68,10.77,10.68,10.76,25501
2014-07-21,10.8,10.83,10.76,10.76,21238
2014-07-22,10.79,10.87,10.76,10.85,16625
2014-07-23,10.85,10.85,10.85,10.85,0
2014-07-24,10.88,10.9,10.85,10.9,15397
2014-07-25,10.9,10.9,10.75,10.78,22194
2014-07-28,10.75,10.8,10.72,10.76,11060
2014-07-29,10.8,10.83,10.71,10.75,28816
2014-07-30,10.75,10.83,10.75,10.81,11202
2014-07-31,10.81,10.81,10.61,10.64,44526
2014-08-01,10.51,10.56,10.5,10.56,51327
2014-08-04,10.55,10.63,10.53,10.61,15018
2014-08-05,10.58,10.58,10.37,10.4,78326
2014-08-06,10.4,10.48,10.36,10.47,27442
2014-08-07,10.48,10.5,10.42,10.47,24022
2014-08-08,10.43,10.47,10.36,10.47,57005
2014-08-11,10.52,10.54,10.48,10.52,32335
2014-08-12,10.52,10.56,10.49,10.53,17442
2014-08-13,10.54,10.64,10.52,10.64,20869
2014-08-14,10.68,10.72,10.67,10.69,23941
2014-08-15,10.69,10.72,10.64,10.69,15559
2014-08-18,10.69,10.69,10.61,10.66,9725
2014-08-19,10.72,10.8,10.68,10.8,26919
2014-08-20,10.79,10.84,10.79,10.83,33849
2014-08-21,10.83,10.85,10.8,10.82,12210
2014-08-22,10.85,10.99,10.85,10.95,30161
2014-08-25,10.95,10.98,10.93,10.94,11822
2014-08-26,10.93,10.96,10.92,10.93,6936
2014-08-27,10.99,11.06,10.99,11.03,30456
2014-08-28,11.03,11.07,11.03,11.05,15581
2014-08-29,11.0,11.04,10.97,11.03,9729
2014-09-01,11.03,11.15,11.03,11.12,21096
2014-09-02,11.11,11.11,10.93,10.95,70966
2014-09-03,10.98,11.07,10.97,11.03,27633
2014-09-04,10.99,11.02,10.96,10.99,21553
2014-09-05,11.04,11.04,10.94,10.99,29640
2014-09-09,11.06,11.07,11.03,11.03,29642
2014-09-10,10.99,10.99,10.84,10.94,71420
2014-09-11,10.95,10.95,10.9,10.9,34710
2014-09-12,10.9,10.9,10.77,10.8,78039
2014-09-15,10.7,10.8,10.7,10.8,52503
2014-09-16,10.78,10.78,10.7,10.71,72121
2014-09-17,10.76,10.87,10.75,10.79,66064
2014-09-18,10.79,10.84,10.77,10.81,64927
2014-09-19,10.87,10.87,10.81,10.83,48468
2014-09-22,10.73,10.73,10.6,10.67,108231
2014-09-23,10.66,10.68,10.62,10.64,59215
2014-09-24,10.6,10.64,10.56,10.6,100792
2014-09-25,10.63,10.65,10.47,10.51,92224
2014-09-26,10.44,10.49,10.4,10.45,92688
2014-09-29,10.46,10.47,10.39,10.42,68718
2014-09-30,10.4,10.46,10.3,10.4,82816
2014-10-01,10.36,10.46,10.33,10.44,70032
2014-10-02,10.36,10.48,10.34,10.44,45950
2014-10-03,10.48,10.63,10.45,10.63,64956
2014-10-06,10.62,10.63,10.54,10.62,26631
2014-10-07,10.56,10.56,10.47,10.53,45257
2014-10-08,10.48,10.52,10.47,10.47,32425
2014-10-09,10.53,10.59,10.47,10.52,60015
2014-10-13,10.22,10.29,10.17,10.2,78683
2014-10-14,10.2,10.29,10.2,10.29,51657
2014-10-15,10.27,10.33,10.19,10.21,57650
2014-10-16,10.14,10.25,10.08,10.2,98881
2014-10-17,10.24,10.26,10.09,10.09,62959
2014-10-20,10.24,10.29,10.18,10.29,43534
2014-10-21,10.26,10.29,10.23,10.25,28948
2014-10-22,10.37,10.43,10.36,10.4,37370
2014-10-23,10.4,10.4,10.36,10.36,28353
2014-10-24,11.25,11.25,11.06,11.1,90014
2014-10-27,11.17,11.18,11.1,11.14,32313
2014-10-28,11.27,11.33,11.27,11.33,44714
2014-10-29,11.38,11.45,11.36,11.45,37615
2014-10-30,11.42,11.44,11.37,11.41,36335
2014-10-31,11.45,11.5,11.4,11.5,66437
2014-11-03,11.5,11.61,11.5,11.55,42429
2014-11-04,11.58,11.63,11.54,11.56,44121
2014-11-05,11.59,11.6,11.51,11.54,42160
2014-11-06,11.54,11.57,11.44,11.47,84561
2014-11-07,11.45,11.49,11.4,11.48,42610
2014-11-10,11.52,11.68,11.49,11.65,65499
2014-11-11,11.67,11.69,11.62,11.62,60368
2014-11-12,11.58,11.6,11.43,11.45,75203
2014-11-13,11.45,11.56,11.45,11.56,43379
2014-11-14,11.5,11.59,11.5,11.57,44239
2014-11-17,11.63,11.64,11.41,11.47,69848
2014-11-18,11.5,11.55,11.41,11.43,39762
2014-11-19,11.47,11.64,11.47,11.6,73941
2014-11-20,11.63,11.75,11.63,11.73,83051
2014-11-21,11.73,11.77,11.7,11.74,47791
2014-11-24,11.78,11.84,11.76,11.77,52792
2014-11-25,11.74,11.81,11.7,11.77,52770
2014-11-26,11.76,11.78,11.74,11.77,35638
2014-11-27,11.83,11.95,11.83,11.89,66115
2014-11-28,11.9,11.92,11.86,11.89,37528
2014-12-01,11.68,11.88,11.65,11.77,85132
2014-12-02,11.69,11.71,11.56,11.59,78958
2014-12-03,11.59,11.8,11.57,11.77,47464
2014-12-04,11.84,11.88,11.82,11.82,45464
2014-12-05,11.82,11.82,11.76,11.77,17272
2014-12-08,11.81,11.81,11.69,11.69,30532
2014-12-09,11.67,11.68,11.62,11.66,18483
2014-12-10,11.62,11.65,11.47,11.5,51407
2014-12-11,11.46,11.51,11.4,11.49,27681
2014-12-12,11.49,11.54,11.47,11.5,17910
2014-12-15,11.4,11.47,11.36,11.47,42250
2014-12-16,11.41,11.45,11.37,11.37,50844
2014-12-17,11.37,11.37,11.17,11.19,78302
2014-12-18,11.26,11.29,11.21,11.22,34374
2014-12-19,11.4,11.5,11.38,11.48,68770
2014-12-22,11.51,11.62,11.5,11.62,29776
2014-12-23,11.65,11.68,11.58,11.59,20968
2014-12-24,11.61,11.69,11.6,11.68,27830
2014-12-25,11.69,11.69,11.65,11.68,17671
2014-12-26,11.69,11.71,11.66,11.7,85254
2014-12-29,11.73,11.85,11.72,11.84,44406
2014-12-30,11.83,11.88,11.77,11.77,34336
2014-12-31,11.77,11.8,11.73,11.77,29676
2015-01-05,11.69,11.76,11.62,11.72,25182
2015-01-06,11.58,11.58,11.4,11.43,78007
2015-01-07,11.4,11.49,11.4,11.45,27966
2015-01-08,11.54,11.73,11.54,11.71,52614
2015-01-09,11.78,11.79,11.63,11.65,23568
2015-01-12,11.59,11.65,11.56,11.58,36241
2015-01-13,11.55,11.69,11.52,11.62,24607
2015-01-14,11.62,11.63,11.52,11.55,28821
2015-01-15,11.56,11.62,11.51,11.59,14102
2015-01-16,11.67,11.69,11.51,11.54,37271
2015-01-19,11.68,11.76,11.63,11.67,70365
2015-01-20,11.71,11.78,11.69,11.76,40391
2015-01-21,11.84,11.85,11.8,11.84,70224
2015-01-22,11.89,11.96,11.88,11.91,64500
2015-01-23,12.02,12.1,12.02,12.1,143439
2015-01-26,12.07,12.13,12.06,12.1,81841
2015-01-27,12.15,12.2,12.12,12.18,144869
2015-01-28,12.12,12.19,12.12,12.18,143974
2015-01-29,12.16,12.16,12.0,12.03,79162
2015-01-30,12.08,12.08,11.98,11.98,17058
2015-02-02,12.01,12.04,11.96,12.0,23244
2015-02-03,12.04,12.13,11.99,12.09,66582
2015-02-04,12.19,12.24,12.16,12.22,81431
2015-02-05,12.16,12.2,12.12,12.17,19134
2015-02-06,12.17,12.19,12.09,12.11,16432
2015-02-09,12.11,12.11,12.02,12.06,14049
2015-02-10,12.06,12.06,12.01,12.02,32092
2015-02-11,12.1,12.2,12.1,12.15,28798
2015-02-12,12.15,12.19,12.12,12.15,37242
2015-02-13,12.21,12.27,12.21,12.23,30400
2015-02-24,12.32,12.41,12.32,12.37,58199
2015-02-25,12.45,12.49,12.43,12.47,93016
2015-02-26,12.43,12.44,12.34,12.38,34755
2015-03-02,12.38,12.43,12.28,12.33,26358
2015-03-03,12.34,12.35,12.24,12.31,20272
2015-03-04,12.25,12.34,12.24,12.32,25659
2015-03-05,12.32,12.33,12.21,12.28,15048
2015-03-06,12.25,12.31,12.21,12.29,12269
2015-03-09,12.23,12.24,12.13,12.17,29860
2015-03-10,12.15,12.16,12.08,12.14,27834
2015-03-11,12.04,12.18,12.03,12.16,40157
2015-03-12,12.13,12.27,12.12,12.27,22841
2015-03-13,12.27,12.28,12.23,12.23,18111
2015-03-16,12.21,12.21,12.13,12.13,24320
2015-03-17,12.19,12.28,12.15,12.18,28385
2015-03-18,12.19,12.36,12.19,12.31,74484
2015-03-19,12.42,12.49,12.37,12.44,49954
2015-03-20,12.44,12.44,12.4,12.43,17996
2015-03-23,12.43,12.49,12.41,12.46,30401
2015-03-24,12.43,12.48,12.39,12.42,18019
2015-03-25,12.42,12.43,12.35,12.37,17835
2015-03-26,12.22,12.28,12.18,12.22,38032
2015-03-27,12.22,12.22,12.09,12.11,40058
2015-03-30,12.11,12.13,12.07,12.12,41414
2015-03-31,12.15,12.2,12.12,12.16,30572
2015-04-01,12.1,12.13,12.06,12.09,32937
2015-04-02,12.13,12.28,12.13,12.24,31204
2015-04-07,12.25,12.28,12.21,12.26,13792
2015-04-08,12.26,12.26,12.13,12.15,20280
2015-04-09,12.15,12.3,12.14,12.17,24822
2015-04-10,12.28,12.29,12.23,12.27,18402
2015-04-13,12.31,12.32,12.27,12.3,16799
2015-04-14,12.3,12.3,12.24,12.24,18250
2015-04-15,12.2,12.24,12.05,12.09,69068
2015-04-16,12.14,12.28,12.13,12.28,63098
2015-04-17,12.25,12.25,12.13,12.16,36949
2015-04-20,12.1,12.18,12.07,12.14,38286
2015-04-21,12.16,12.21,12.13,12.14,11457
2015-04-22,12.21,12.29,12.2,12.27,45248
2015-04-23,12.36,12.59,12.36,12.59,97336
2015-04-24,12.63,12.83,12.63,12.72,106109
2015-04-27,12.86,12.91,12.79,12.81,53127
2015-04-28,12.83,12.87,12.74,12.79,65861
2015-04-29,12.77,12.8,12.61,12.65,40299
2015-04-30,12.61,12.65,12.53,12.58,27122
2015-05-04,12.58,12.62,12.48,12.61,21526
2015-05-05,12.58,12.58,12.49,12.54,27204
2015-05-06,12.47,12.58,12.42,12.56,26414
2015-05-07,12.47,12.47,12.36,12.41,40817
2015-05-08,12.41,12.44,12.41,12.42,22589
2015-05-11,12.5,12.54,12.38,12.48,44889
2015-05-12,12.43,12.48,12.43,12.45,36256
2015-05-13,12.45,12.54,12.45,12.52,27496
2015-05-14,12.48,12.5,12.33,12.35,66081
2015-05-15,12.38,12.39,12.28,12.33,46571
2015-05-18,12.34,12.38,12.33,12.37,12993
2015-05-19,12.4,12.58,12.4,12.56,33833
2015-05-20,12.55,12.55,12.47,12.47,30122
2015-05-21,12.36,12.36,12.28,12.36,46272
2015-05-22,12.36,12.5,12.36,12.45,24611
2015-05-25,12.41,12.5,12.38,12.45,9564
2015-05-26,12.54,12.61,12.47,12.5,30085
2015-05-27,12.48,12.56,12.45,12.53,23249
2015-05-28,12.64,12.66,12.55,12.59,23161
2015-05-29,12.63,12.63,12.51,12.52,19601
2015-06-01,12.52,12.53,12.37,12.42,31401
2015-06-02,12.41,12.42,12.33,12.4,19470
2015-06-03,12.38,12.4,12.31,12.32,26233
2015-06-04,12.29,12.31,12.04,12.08,112729
2015-06-05,12.06,12.08,12.01,12.06,60425
2015-06-08,12.03,12.16,11.98,12.13,36377
2015-06-09,12.06,12.08,11.98,12.04,73720
2015-06-10,12.07,12.13,12.06,12.09,34668
2015-06-11,12.12,12.13,12.05,12.13,29410
2015-06-12,12.13,12.15,12.06,12.12,12703
2015-06-15,12.12,12.15,12.06,12.09,15046
2015-06-16,12.09,12.09,11.99,12.01,34727
2015-06-17,12.01,12.11,12.01,12.06,22258
2015-06-18,12.06,12.07,12.01,12.05,42753
2015-06-22,12.11,12.22,12.11,12.21,45241
2015-06-23,12.25,12.3,12.21,12.25,21245
2015-06-24,12.26,12.28,12.22,12.27,24508
2015-06-25,12.33,12.44,12.33,12.41,55262
2015-06-26,12.41,12.41,12.36,12.41,19707
2015-06-29,12.21,12.26,12.11,12.12,46305
2015-06-30,12.12,12.22,12.12,12.22,16374
2015-07-01,12.22,12.38,12.2,12.34,24253
2015-07-02,12.36,12.37,12.3,12.35,17363
2015-07-03,12.33,12.36,12.2,12.35,31050
2015-07-06,12.25,12.34,12.19,12.21,30339
2015-07-07,12.27,12.35,12.23,12.26,18828
2015-07-08,12.19,12.19,11.88,11.89,151599
2015-07-09,11.77,11.86,11.64,11.82,132333
2015-07-10,11.82,11.82,11.82,11.82,0
2015-07-13,11.98,11.99,11.84,11.99,63227
2015-07-14,12.03,12.1,11.99,11.99,38474
2015-07-15,12.03,12.09,11.98,12.02,35463
2015-07-16,12.08,12.14,12.01,12.08,27758
2015-07-17,12.04,12.09,12.03,12.06,13729
2015-07-20,12.15,12.19,11.94,11.98,31328
2015-07-21,12.04,12.09,11.98,12.09,13455
2015-07-22,12.01,12.03,11.92,11.94,56560
2015-07-23,11.89,11.95,11.77,11.83,83924
2015-07-24,11.81,11.84,11.71,11.76,79688
2015-07-27,11.69,11.72,11.54,11.59,113785
2015-07-28,11.58,11.68,11.54,11.6,70075
2015-07-29,11.61,11.61,11.47,11.52,73970
2015-07-30,11.55,11.72,11.54,11.71,29896
2015-07-31,11.71,11.72,11.59,11.65,44678
2015-08-03,11.61,11.61,11.43,11.49,63034
2015-08-04,11.54,11.62,11.45,11.5,49242
2015-08-05,11.54,11.62,11.5,11.57,39500
2015-08-06,11.62,11.63,11.37,11.45,94484
2015-08-07,11.36,11.45,11.31,11.4,27595
2015-08-10,11.38,11.4,11.27,11.37,40330
2015-08-11,11.5,11.59,11.34,11.37,69646
2015-08-12,11.32,11.35,11.1,11.18,96876
2015-08-13,11.18,11.25,11.16,11.19,64588
2015-08-14,11.18,11.23,11.12,11.15,33620
2015-08-17,11.15,11.15,11.04,11.08,55412
2015-08-18,11.1,11.15,11.0,11.02,39367
2015-08-19,10.99,11.01,10.8,10.85,70383
2015-08-20,10.79,10.89,10.73,10.81,77317
2015-08-21,10.67,10.7,10.53,10.53,112306
2015-08-24,10.41,10.41,9.76,10.13,245270
2015-08-25,10.13,10.57,10.13,10.57,173952
2015-08-26,10.44,10.66,10.33,10.63,68496
2015-08-27,10.67,10.68,10.57,10.59,73306
2015-08-28,10.74,10.9,10.74,10.88,74739
2015-08-31,10.8,10.98,10.78,10.97,75832
2015-09-01,10.9,11.03,10.83,10.88,49363
2015-09-02,10.76,10.97,10.73,10.94,72682
2015-09-03,10.98,10.99,10.85,10.95,30176
2015-09-04,10.95,11.02,10.81,10.81,63236
2015-09-07,10.8,10.97,10.76,10.79,40622
2015-09-08,10.83,10.86,10.76,10.82,38569
2015-09-09,11.03,11.3,11.03,11.3,96009
2015-09-10,11.24,11.24,11.12,11.18,40739
2015-09-11,11.15,11.22,11.1,11.18,31845
2015-09-14,11.25,11.27,11.14,11.21,17559
2015-09-15,11.23,11.25,11.1,11.12,23071
2015-09-16,11.21,11.27,11.17,11.25,29691
2015-09-17,11.36,11.47,11.36,11.45,51639
2015-09-18,11.45,11.45,11.37,11.42,14029
2015-09-21,11.28,11.29,11.13,11.18,39950
2015-09-22,11.19,11.26,11.19,11.24,17324
2015-09-23,11.13,11.13,10.95,10.98,40182
2015-09-24,11.02,11.07,10.9,10.92,29460
2015-09-25,10.95,10.98,10.85,10.96,23929
2015-09-29,10.96,10.96,10.96,10.96,0
2015-09-30,10.82,11.03,10.82,10.99,34296
2015-10-01,11.03,11.22,10.95,11.2,47947
2015-10-02,11.16,11.2,11.11,11.14,30288
2015-10-05,11.24,11.27,11.14,11.17,21533
2015-10-06,11.3,11.4,11.25,11.25,33202
2015-10-07,11.25,11.42,11.25,11.42,34548
2015-10-08,11.47,11.5,11.38,11.4,49442
2015-10-12,11.46,11.61,11.46,11.54,69863
2015-10-13,11.55,11.56,11.47,11.5,29959
2015-10-14,11.5,11.5,11.44,11.46,28544
2015-10-15,11.56,11.69,11.56,11.62,57432
2015-10-16,11.62,11.62,11.55,11.58,32758
2015-10-19,11.62,11.66,11.57,11.62,29645
2015-10-20,11.62,11.64,11.59,11.62,18107
2015-10-21,11.64,11.65,11.52,11.54,45994
2015-10-22,11.5,11.55,11.49,11.54,32265
2015-10-23,11.66,11.71,11.6,11.61,82751
2015-10-26,11.72,11.78,11.71,11.72,48328
2015-10-27,11.72,11.72,11.62,11.66,22893
2015-10-28,11.66,11.67,11.55,11.58,20303
2015-10-29,11.64,11.68,11.46,11.5,33655
2015-10-30,11.5,11.52,11.41,11.48,23967
2015-11-02,11.46,11.52,11.37,11.5,19325
2015-11-03,11.59,11.7,11.59,11.68,37173
2015-11-04,11.76,11.92,11.75,11.91,66205
2015-11-05,11.92,11.92,11.85,11.88,23609
2015-11-06,11.88,11.88,11.56,11.64,47662
2015-11-09,11.62,11.69,11.55,11.56,22131
2015-11-10,11.5,11.52,11.42,11.42,35389
2015-11-11,11.42,11.44,11.25,11.29,65173
2015-11-12,11.3,11.33,11.23,11.31,56856
2015-11-13,11.23,11.34,11.18,11.19,81538
2015-11-16,11.12,11.13,11.01,11.11,53719
2015-11-17,11.26,11.37,11.26,11.33,34914
2015-11-18,11.33,11.33,11.12,11.15,59926
2015-11-19,11.25,11.32,11.18,11.32,40525
2015-11-20,11.33,11.35,11.27,11.32,21687
2015-11-23,11.37,11.4,11.29,11.37,13851
2015-11-24,11.35,11.38,11.23,11.25,26394
2015-11-25,11.23,11.28,11.17,11.25,23857
2015-11-26,11.32,11.43,11.32,11.41,34569
2015-11-27,11.42,11.42,11.23,11.25,25163
2015-11-30,11.06,11.12,10.98,11.12,93074
2015-12-01,11.21,11.34,11.16,11.33,33640
2015-12-02,11.34,11.4,11.29,11.32,25445
2015-12-03,11.24,11.36,11.21,11.33,24260
2015-12-04,11.25,11.25,11.15,11.22,60195
2015-12-07,11.3,11.44,11.3,11.35,59258
2015-12-08,11.31,11.32,11.12,11.17,36803
2015-12-09,11.12,11.14,11.03,11.03,64358
2015-12-10,10.97,11.03,10.85,11.0,66464
2015-12-11,11.0,11.03,10.86,10.87,55343
2015-12-14,10.76,10.83,10.72,10.79,38115
2015-12-15,10.84,10.91,10.78,10.8,27187
2015-12-16,10.9,10.97,10.84,10.96,26121
2015-12-17,11.0,11.09,10.96,11.09,30437
2015-12-18,11.05,11.13,10.99,11.03,19573
2015-12-21,10.91,11.03,10.88,11.02,17363
2015-12-22,11.03,11.06,10.97,11.04,20554
2015-12-23,11.07,11.13,11.04,11.06,29054
2015-12-24,11.14,11.2,11.12,11.12,33826
2015-12-25,11.12,11.19,11.12,11.19,26184
2015-12-28,11.21,11.21,11.15,11.16,13797
2015-12-29,11.15,11.15,11.04,11.08,15866
2015-12-30,11.11,11.11,10.98,11.0,29050
2015-12-31,11.0,11.07,10.99,11.03,15578
2016-01-04,11.04,11.07,10.73,10.82,67712
2016-01-05,10.81,10.85,10.69,10.73,87136
2016-01-06,10.73,10.73,10.52,10.62,115758
2016-01-07,10.59,10.59,10.3,10.42,159849
2016-01-08,10.35,10.48,10.33,10.44,101803
2016-01-11,10.34,10.34,10.17,10.27,97425
2016-01-12,10.32,10.35,10.23,10.26,70600
2016-01-13,10.35,10.44,10.31,10.38,47394
2016-01-14,10.26,10.3,10.14,10.3,61949
2016-01-15,10.37,10.44,10.22,10.3,83392
2016-01-18,10.15,10.41,10.14,10.37,52057
2016-01-19,10.35,10.4,10.29,10.4,32443
2016-01-20,10.33,10.33,10.1,10.15,90753
2016-01-21,10.19,10.23,10.1,10.14,41800
2016-01-22,10.24,10.28,10.17,10.27,55774
2016-01-25,10.35,10.5,10.35,10.45,51093
2016-01-26,10.35,10.38,10.3,10.35,30335
2016-01-27,10.43,10.44,10.34,10.4,36404
2016-01-28,10.38,10.49,10.35,10.45,40899
2016-01-29,10.44,10.73,10.4,10.72,80830
2016-02-01,10.81,10.83,10.73,10.82,31870
2016-02-02,10.8,10.82,10.72,10.78,18337
2016-02-03,10.72,10.76,10.64,10.71,27962
2016-02-15,10.59,10.73,10.55,10.72,28886
2016-02-16,10.73,10.96,10.73,10.94,71290
2016-02-17,10.97,10.99,10.89,10.89,49894
2016-02-18,11.04,11.11,10.99,11.06,67947
2016-02-19,11.04,11.09,11.01,11.05,45410
2016-02-22,11.05,11.19,11.0,11.04,46458
2016-02-23,11.08,11.11,11.03,11.05,19665
2016-02-24,11.04,11.13,10.93,10.95,31057
2016-02-25,11.01,11.14,10.99,11.1,67736
2016-02-26,11.14,11.21,11.06,11.13,58052
2016-03-01,11.13,11.25,11.1,11.23,68947
2016-03-02,11.33,11.4,11.31,11.33,91482
2016-03-03,11.33,11.5,11.33,11.43,130411
2016-03-04,11.42,11.5,11.4,11.46,96203
2016-03-07,11.48,11.57,11.42,11.46,85991
2016-03-08,11.44,11.46,11.35,11.45,54539
2016-03-09,11.45,11.47,11.38,11.46,32389
2016-03-10,11.45,11.52,11.42,11.49,85411
2016-03-11,11.48,11.58,11.45,11.54,90729
2016-03-14,11.62,11.67,11.62,11.62,103327
2016-03-15,11.62,11.64,11.44,11.45,75622
2016-03-16,11.51,11.58,11.51,11.55,145110
2016-03-17,11.72,11.79,11.63,11.68,80126
2016-03-18,11.7,11.78,11.68,11.75,124481
2016-03-21,11.79,11.82,11.66,11.73,24227
2016-03-22,11.69,11.72,11.6,11.7,32722
2016-03-23,11.7,11.78,11.67,11.69,47988
2016-03-24,11.67,11.72,11.57,11.69,34123
2016-03-25,11.72,11.72,11.62,11.63,15259
2016-03-28,11.63,11.7,11.59,11.64,29388
2016-03-29,11.62,11.68,11.53,11.56,42967
2016-03-30,11.63,11.79,11.62,11.75,116474
2016-03-31,11.82,11.88,11.71,11.74,64188
2016-04-01,11.67,11.69,11.55,11.61,18617
2016-04-06,11.5,11.5,11.33,11.33,35829
2016-04-07,11.35,11.35,11.19,11.29,80898
2016-04-08,11.23,11.41,11.23,11.4,27011
2016-04-11,11.35,11.46,11.29,11.44,21422
2016-04-12,11.45,11.53,11.4,11.43,11015
2016-04-13,11.49,11.66,11.49,11.63,47386
2016-04-14,11.7,11.73,11.64,11.67,32501
2016-04-15,11.59,11.68,11.54,11.67,46694
2016-04-18,11.63,11.66,11.6,11.6,8583
2016-04-19,11.68,11.74,11.53,11.55,23365
2016-04-20,11.53,11.64,11.36,11.38,35926
2016-04-21,11.42,11.47,11.36,11.43,12389
2016-04-22,11.43,11.52,11.41,11.48,10741
2016-04-25,11.48,11.51,11.42,11.49,11458
2016-04-26,11.46,11.61,11.46,11.53,19579
2016-04-27,11.48,11.55,11.44,11.52,9880
2016-04-28,11.53,11.54,11.29,11.33,41287
2016-04-29,11.23,11.26,11.14,11.19,29067
2016-05-03,11.19,11.19,11.03,11.03,38847
2016-05-04,11.03,11.05,10.86,10.92,58017
2016-05-05,10.92,10.94,10.83,10.93,58365
2016-05-06,10.9,10.9,10.8,10.84,88019
2016-05-09,10.88,10.9,10.79,10.84,57996
2016-05-10,10.84,10.93,10.79,10.9,52611
2016-05-11,10.93,10.95,10.82,10.87,76214
2016-05-12,10.84,10.9,10.83,10.86,53589
2016-05-13,10.82,10.82,10.72,10.74,118674
2016-05-16,10.74,10.84,10.73,10.83,26582
2016-05-17,10.83,10.92,10.76,10.91,49380
2016-05-18,10.84,10.9,10.76,10.89,34320
2016-05-19,10.9,10.91,10.77,10.83,32202
2016-05-20,10.87,10.95,10.83,10.9,32504
2016-05-23,10.92,11.26,10.87,11.26,86657
2016-05-24,11.22,11.23,11.14,11.14,25671
2016-05-25,11.22,11.31,11.22,11.26,103435
2016-05-26,11.27,11.29,11.23,11.29,104180
2016-05-27,11.33,11.38,11.3,11.37,103039
2016-05-30,11.37,11.51,11.35,11.47,107649
2016-05-31,11.45,11.51,11.41,11.47,34716
2016-06-01,11.43,11.6,11.43,11.57,100007
2016-06-02,11.57,11.63,11.52,11.57,54885
2016-06-03,11.55,11.62,11.55,11.6,47172
2016-06-06,11.62,11.73,11.56,11.63,51966
2016-06-07,11.68,11.8,11.68,11.79,123350
2016-06-08,11.81,11.91,11.81,11.85,104258
2016-06-13,11.68,11.71,11.57,11.58,38080
2016-06-14,11.53,11.66,11.53,11.65,25648
2016-06-15,11.65,11.7,11.55,11.67,90333
2016-06-16,11.64,11.64,11.44,11.51,35997
2016-06-17,11.6,11.7,11.6,11.63,23236
2016-06-20,11.72,11.74,11.69,11.72,41230
2016-06-21,11.72,11.8,11.71,11.76,72453
2016-06-22,11.76,11.8,11.72,11.8,42227
2016-06-23,11.77,11.78,11.72,11.77,128753
2016-06-24,11.76,11.79,11.27,11.46,126660
2016-06-27,11.48,11.58,11.44,11.58,19725
2016-06-28,11.46,11.63,11.45,11.62,21382
2016-06-29,11.65,11.81,11.65,11.75,36406
2016-06-30,11.83,11.89,11.74,11.89,101381
2016-07-01,11.96,12.06,11.92,12.03,122674
2016-07-04,12.01,12.12,11.99,12.04,39959
2016-07-05,12.02,12.03,11.96,12.01,23992
2016-07-06,11.92,11.92,11.75,11.79,34923
2016-07-07,11.89,11.94,11.87,11.93,26350
2016-07-08,11.93,11.93,11.93,11.93,0
2016-07-11,12.12,12.22,12.12,12.17,88833
2016-07-12,12.2,12.28,12.2,12.28,61590
2016-07-13,12.32,12.33,12.19,12.29,37740
2016-07-14,12.26,12.32,12.22,12.3,40439
2016-07-15,12.31,12.44,12.31,12.44,62173
2016-07-18,12.43,12.56,12.43,12.56,147392
2016-07-19,12.57,12.59,12.5,12.58,68182
2016-07-20,12.53,12.59,12.5,12.57,98872
2016-07-21,12.61,12.7,12.6,12.63,39920
2016-07-22,12.63,12.66,12.57,12.59,13060
2016-07-25,12.62,12.71,12.41,12.53,46706
2016-07-26,12.53,12.61,12.51,12.61,52849
2016-07-27,12.65,12.71,12.62,12.66,44473
2016-07-28,12.69,12.73,12.61,12.7,45810
2016-07-29,12.66,12.72,12.6,12.6,77561
2016-08-01,12.65,12.77,12.65,12.74,41629
2016-08-02,12.73,12.76,12.71,12.74,28468
2016-08-03,12.6,12.67,12.51,12.64,55204
2016-08-04,12.66,12.68,12.57,12.67,42699
2016-08-05,12.71,12.83,12.67,12.8,49691
2016-08-08,12.87,12.92,12.82,12.88,31612
2016-08-09,12.87,12.95,12.86,12.95,46274
2016-08-10,12.93,12.98,12.88,12.98,25991
2016-08-11,12.91,12.97,12.77,12.86,43614
2016-08-12,12.9,12.96,12.88,12.91,21035
2016-08-15,12.91,12.96,12.85,12.94,19190
2016-08-16,12.93,12.96,12.82,12.86,17728
2016-08-17,12.85,12.89,12.83,12.88,35701
2016-08-18,12.87,12.9,12.83,12.85,13100
2016-08-19,12.85,12.95,12.72,12.72,33199
2016-08-22,12.69,12.72,12.59,12.63,28334
2016-08-23,12.67,12.8,12.67,12.76,28336
2016-08-24,12.75,12.79,12.72,12.72,20286
2016-08-25,12.74,12.9,12.74,12.87,32090
2016-08-26,12.86,12.93,12.83,12.89,11968
2016-08-29,12.85,12.9,12.72,12.88,14220
2016-08-30,12.87,12.92,12.83,12.87,15165
2016-08-31,12.84,12.88,12.74,12.76,20824
2016-09-01,12.74,12.74,12.61,12.7,23861
2016-09-02,12.71,12.74,12.65,12.72,10462
2016-09-05,12.83,12.93,12.83,12.93,34092
2016-09-06,12.92,13.04,12.92,13.03,29372
2016-09-07,13.05,13.22,13.05,13.21,38747
2016-09-08,13.2,13.2,13.13,13.17,18697
2016-09-09,13.04,13.04,12.94,12.95,20921
2016-09-12,12.75,12.75,12.63,12.66,28946
2016-09-13,12.71,12.72,12.54,12.66,28493
2016-09-14,12.6,12.7,12.59,12.59,22497
2016-09-19,12.76,13.06,12.76,13.06,39552
2016-09-20,13.04,13.06,12.98,13.04,11181
2016-09-21,13.01,13.12,12.97,13.1,48625
2016-09-22,13.22,13.24,13.1,13.13,19718
2016-09-23,13.15,13.22,13.13,13.22,16863
2016-09-26,13.15,13.15,13.06,13.06,14946
2016-09-27,13.06,13.06,13.06,13.06,0
2016-09-28,13.06,13.06,13.06,13.06,0
2016-09-29,13.21,13.27,13.13,13.22,38498
2016-09-30,13.08,13.12,13.02,13.05,23376
2016-10-03,13.09,13.17,13.07,13.14,15552
2016-10-04,13.14,13.19,13.11,13.19,20679
2016-10-05,13.17,13.21,13.14,13.15,11353
2016-10-06,13.18,13.19,13.14,13.18,8287
2016-10-07,13.17,13.2,13.17,13.17,12214
2016-10-11,13.3,13.32,13.09,13.14,27783
2016-10-12,13.15,13.29,13.12,13.29,24229
2016-10-13,13.28,13.29,13.14,13.18,21820
2016-10-14,13.11,13.22,13.11,13.14,14533
2016-10-17,13.14,13.17,12.98,13.14,17688
2016-10-18,13.15,13.23,13.11,13.23,14480
2016-10-19,13.24,13.35,13.24,13.3,86301
2016-10-20,13.3,13.38,13.3,13.36,19344
2016-10-21,13.36,13.43,13.34,13.35,16939
2016-10-24,13.4,13.41,13.35,13.37,13060
2016-10-25,13.4,13.52,13.4,13.5,14863
2016-10-26,13.42,13.45,13.4,13.42,11474
2016-10-27,13.42,13.45,13.31,13.35,12682
2016-10-28,13.35,13.38,13.32,13.35,17100
2016-10-31,13.29,13.37,13.18,13.35,21857
2016-11-01,13.29,13.35,13.26,13.35,8097
2016-11-02,13.23,13.24,13.17,13.19,22010
2016-11-03,13.14,13.17,13.07,13.09,18219
2016-11-04,13.06,13.09,13.03,13.06,17385
2016-11-07,13.2,13.24,13.14,13.24,12942
2016-11-08,13.27,13.31,13.24,13.3,10776
2016-11-09,13.4,13.43,12.87,12.87,79747
2016-11-10,13.2,13.26,13.19,13.24,26799
2016-11-11,12.94,13.0,12.86,12.88,33503
2016-11-14,12.86,12.93,12.77,12.89,28469
2016-11-15,12.83,12.89,12.83,12.85,16063
2016-11-16,12.91,12.96,12.86,12.87,98998
2016-11-17,12.87,12.91,12.83,12.91,13254
2016-11-18,12.89,12.95,12.85,12.95,8478
2016-11-21,12.93,12.96,12.89,12.96,10600
2016-11-22,13.01,13.17,13.01,13.14,21175
2016-11-23,13.15,13.22,13.14,13.2,7631
2016-11-24,13.17,13.17,13.09,13.13,9214
2016-11-25,13.12,13.17,13.1,13.12,10597
2016-11-28,13.12,13.24,13.12,13.19,10584
2016-11-29,13.22,13.24,13.17,13.17,5671
2016-11-30,13.18,13.22,13.15,13.18,7673
2016-12-01,13.17,13.26,13.17,13.24,7823
2016-12-02,13.09,13.09,13.04,13.09,13231
2016-12-05,13.09,13.09,13.02,13.07,5553
2016-12-06,13.2,13.28,13.19,13.24,9744
2016-12-07,13.28,13.3,13.22,13.24,5870
2016-12-08,13.29,13.42,13.29,13.4,24342
2016-12-09,13.43,13.46,13.41,13.45,21673
2016-12-12,13.48,13.52,13.38,13.4,12834
2016-12-13,13.4,13.42,13.36,13.41,10195
2016-12-14,13.46,13.48,13.4,13.44,11312
2016-12-15,13.34,13.42,13.31,13.42,12071
2016-12-16,13.39,13.39,13.29,13.29,8594
2016-12-19,13.29,13.29,13.21,13.21,10724
2016-12-20,13.23,13.23,13.16,13.19,8119
2016-12-21,13.19,13.21,13.15,13.18,37285
2016-12-22,13.16,13.16,13.02,13.02,19886
2016-12-23,12.98,13.03,12.94,12.97,20504
2016-12-26,12.99,13.02,12.97,13.02,8420
2016-12-27,13.02,13.04,12.99,13.01,9977
2016-12-28,13.03,13.17,13.03,13.17,14744
2016-12-29,13.14,13.14,13.09,13.1,7644
2016-12-30,13.17,13.24,13.16,13.2,10906
2017-01-03,13.18,13.22,13.15,13.22,9326
2017-01-04,13.24,13.26,13.19,13.21,17137
2017-01-05,13.21,13.33,13.2,13.33,18294
2017-01-06,13.32,13.38,13.32,13.36,15012
2017-01-09,13.38,13.41,13.29,13.32,20153
2017-01-10,13.32,13.35,13.31,13.31,7431
2017-01-11,13.39,13.4,13.31,13.31,7592
2017-01-12,13.35,13.48,13.35,13.45,19430
2017-01-13,13.39,13.39,13.35,13.35,15639
2017-01-16,13.31,13.31,13.2,13.24,9674
2017-01-17,13.24,13.31,13.24,13.29,6291
2017-01-18,13.28,13.28,13.25,13.27,15351
2017-01-19,13.21,13.26,13.17,13.23,16262
2017-01-20,13.23,13.29,13.23,13.27,9689
2017-01-23,13.34,13.42,13.34,13.38,23860
2017-01-24,13.42,13.48,13.4,13.48,18300
2017-02-02,13.52,13.54,13.38,13.4,27997
2017-02-03,13.41,13.45,13.36,13.4,11237
2017-02-06,13.42,13.5,13.41,13.47,11789
2017-02-07,13.44,13.51,13.44,13.48,17221
2017-02-08,13.53,13.53,13.43,13.51,17736
2017-02-09,13.51,13.59,13.49,13.55,14194
2017-02-10,13.57,13.73,13.57,13.7,19479
2017-02-13,13.7,13.76,13.7,13.73,13321
2017-02-14,13.82,13.84,13.76,13.78,24287
2017-02-15,13.8,13.91,13.78,13.91,37628
2017-02-16,13.93,13.97,13.81,13.83,21867
2017-02-17,13.86,13.87,13.81,13.81,20771
2017-02-20,13.85,13.86,13.76,13.76,11210
2017-02-21,13.78,13.82,13.75,13.79,13350
2017-02-22,13.85,13.87,13.77,13.8,11754
2017-02-23,13.79,13.85,13.76,13.76,9330
2017-02-24,13.75,13.8,13.71,13.77,7379
2017-03-01,13.76,13.76,13.62,13.62,12429
2017-03-02,13.73,13.79,13.6,13.66,28231
2017-03-03,13.61,13.62,13.55,13.57,17641
2017-03-06,13.56,13.6,13.55,13.58,8709
2017-03-07,13.6,13.67,13.6,13.64,8109
2017-03-08,13.68,13.71,13.64,13.71,8729
2017-03-09,13.67,13.67,13.54,13.56,13526
2017-03-10,13.54,13.56,13.47,13.55,21693
2017-03-13,13.58,13.65,13.58,13.65,10062
2017-03-14,13.67,13.76,13.67,13.74,15793
2017-03-15,13.7,13.74,13.67,13.71,13961
2017-03-16,13.8,13.9,13.8,13.89,30181
2017-03-17,13.9,13.95,13.88,13.93,21064
2017-03-20,13.92,13.96,13.9,13.92,20293
2017-03-21,13.99,14.1,13.99,14.1,34045
2017-03-22,13.98,13.98,13.93,13.97,19760
2017-03-23,14.04,14.05,13.96,14.0,16424
2017-03-24,14.0,14.01,13.95,13.98,13232
2017-03-27,13.93,14.01,13.9,13.97,9897
2017-03-28,14.03,14.04,13.92,13.98,22262
2017-03-29,14.01,14.02,13.93,13.93,9857
2017-03-30,13.93,13.98,13.91,13.91,8726
2017-03-31,13.92,13.95,13.87,13.87,8036
2017-04-05,13.92,14.08,13.92,14.05,14377
2017-04-06,14.08,14.08,13.99,14.01,11245
2017-04-07,13.99,13.99,13.82,13.95,7557
2017-04-10,13.95,13.98,13.93,13.97,4243156
2017-04-11,13.95,14.01,13.88,13.91,5068
2017-04-12,13.91,13.95,13.86,13.94,7761
2017-04-13,13.91,14.01,13.91,14.01,24019
2017-04-14,13.91,13.91,13.84,13.85,10697
2017-04-17,13.85,13.89,13.81,13.85,21358
2017-04-18,13.9,13.93,13.84,13.85,16400
2017-04-19,13.76,13.79,13.68,13.7,36742
2017-04-20,13.66,13.72,13.65,13.7,12569
2017-04-21,13.79,13.84,13.76,13.84,12989
2017-04-24,13.91,13.92,13.83,13.86,17238
2017-04-25,13.9,14.01,13.87,14.0,22792
2017-04-26,14.06,14.06,14.01,14.03,16472
2017-04-27,14.0,14.02,13.96,14.02,14741
2017-04-28,14.02,14.04,13.99,14.03,17692
2017-05-02,14.12,14.19,14.12,14.16,62913
2017-05-03,14.17,14.24,14.17,14.22,18848
2017-05-04,14.22,14.24,14.18,14.24,15987
2017-05-05,14.2,14.2,14.14,14.15,21151
2017-05-08,14.22,14.25,14.17,14.25,16333
2017-05-09,14.25,14.4,14.25,14.3,16761
2017-05-10,14.33,14.37,14.31,14.35,7052
2017-05-11,14.33,14.4,14.31,14.4,8073
2017-05-12,14.35,14.4,14.33,14.36,11244
2017-05-15,14.36,14.41,14.34,14.4,5143
2017-05-16,14.4,14.42,14.35,14.4,6393
2017-05-17,14.36,14.38,14.32,14.36,5326
2017-05-18,14.24,14.29,14.17,14.29,17088
2017-05-19,14.24,14.29,14.24,14.28,4651388
2017-05-22,14.3,14.33,14.26,14.32,10305
2017-05-23,14.32,14.39,14.31,14.37,15377
2017-05-24,14.37,14.39,14.35,14.36,11545
2017-05-25,14.44,14.49,14.39,14.49,18728
2017-05-26,14.49,14.52,14.45,14.49,16073
2017-05-31,14.49,14.59,14.38,14.4,10805
2017-06-01,14.4,14.48,14.4,14.48,8887
2017-06-02,14.55,14.55,14.5,14.53,14164
2017-06-05,14.56,14.68,14.54,14.68,13127
2017-06-06,14.67,14.67,14.63,14.67,4812028
2017-06-07,14.66,14.7,14.63,14.67,7379
2017-06-08,14.67,14.73,14.65,14.73,7547
2017-06-09,14.69,14.75,14.67,14.68,12042
2017-06-12,14.52,14.59,14.5,14.52,13203
2017-06-13,14.52,14.55,14.49,14.54,6464
2017-06-14,14.57,14.57,14.4,14.47,13522
2017-06-15,14.46,14.48,14.42,14.48,6030
2017-06-16,14.48,14.63,14.47,14.63,16932
2017-06-19,14.63,14.79,14.63,14.79,20579
2017-06-20,14.8,14.99,14.8,14.96,16187
2017-06-21,14.91,15.04,14.84,14.97,54452
2017-06-22,14.98,15.03,14.97,15.01,24451
2017-06-23,15.01,15.07,14.99,15.0,34068
2017-06-26,15.02,15.34,15.02,15.32,57018
2017-06-27,15.32,15.34,15.25,15.3,12105
2017-06-28,15.23,15.26,15.12,15.16,25148
2017-06-29,15.25,15.26,15.15,15.18,5709
2017-06-30,15.08,15.13,15.02,15.13,12283
2017-07-03,15.13,15.17,15.1,15.14,6204
2017-07-04,15.14,15.17,15.06,15.06,4948796
2017-07-05,15.08,15.2,15.01,15.2,9097
2017-07-06,15.2,15.2,15.1,15.13,9970
2017-07-07,15.11,15.11,15.02,15.05,14279
2017-07-10,15.06,15.14,15.06,15.13,14200
2017-07-11,15.19,15.35,15.16,15.35,16555
2017-07-12,15.34,15.4,15.3,15.35,15793
2017-07-13,15.43,15.51,15.39,15.47,15970
2017-07-14,15.44,15.46,15.4,15.45,9127
2017-07-17,15.53,15.54,15.44,15.47,10751
2017-07-18,15.47,15.51,15.41,15.51,13111
2017-07-19,15.5,15.62,15.5,15.57,29071
2017-07-20,15.6,15.61,15.54,15.56,8083
2017-07-21,15.55,15.55,15.45,15.45,17864
2017-07-24,15.43,15.49,15.39,15.49,9457
2017-07-25,15.49,15.53,15.45,15.52,8507
2017-07-26,15.54,15.58,15.45,15.46,9430
2017-07-27,15.47,15.62,15.47,15.62,8855
2017-07-28,15.51,15.52,15.43,15.45,17606
2017-07-31,15.46,15.47,15.39,15.45,11226
2017-08-01,15.6,15.6,15.48,15.53,10570
2017-08-02,15.57,15.69,15.57,15.66,20182
2017-08-03,15.54,15.64,15.51,15.61,16116
2017-08-04,15.6,15.64,15.58,15.64,4575992
2017-08-07,15.65,15.76,15.65,15.75,16435
2017-08-08,15.77,15.81,15.67,15.74,11943
2017-08-09,15.67,15.68,15.58,15.6,12489
2017-08-10,15.64,15.65,15.45,15.49,12676
2017-08-11,15.35,15.45,15.33,15.43,10989
2017-08-14,15.46,15.49,15.33,15.33,8982
2017-08-15,15.44,15.47,15.37,15.44,10835
2017-08-16,15.41,15.43,15.3,15.38,25131
2017-08-17,15.43,15.51,15.41,15.5,7875
2017-08-18,15.38,15.41,15.31,15.41,9263
2017-08-21,15.39,15.42,15.33,15.39,8201
2017-08-22,15.46,15.55,15.46,15.54,15947
2017-08-23,15.57,15.62,15.52,15.52,22018
2017-08-24,15.54,15.67,15.54,15.67,13951
2017-08-25,15.69,15.71,15.64,15.7,10459
2017-08-28,15.7,15.72,15.64,15.67,11093
2017-08-29,15.62,15.64,15.56,15.63,4914728
2017-08-30,15.69,15.74,15.68,15.7,16480
2017-08-31,15.79,15.79,15.7,15.75,13137
2017-09-01,15.75,15.8,15.69,15.76,17717
2017-09-04,15.74,15.77,15.7,15.73,10384
2017-09-05,15.74,15.76,15.69,15.75,10256
2017-09-06,15.7,15.74,15.64,15.68,11566
2017-09-07,15.72,15.73,15.61,15.62,5475
2017-09-08,15.64,15.74,15.64,15.7,11367
2017-09-11,15.81,15.83,15.66,15.67,6511
2017-09-12,15.75,15.77,15.69,15.73,5577
2017-09-13,15.74,15.76,15.62,15.63,8702
2017-09-14,15.63,15.67,15.6,15.64,6999
2017-09-15,15.64,15.66,15.59,15.64,7284
2017-09-18,15.73,15.79,15.68,15.79,10771
2017-09-19,15.8,15.82,15.69,15.71,5826
2017-09-20,15.66,15.69,15.59,15.61,39855
2017-09-21,15.58,15.72,15.56,15.7,7321
2017-09-22,15.68,15.68,15.48,15.49,22423
2017-09-25,15.48,15.48,15.33,15.37,28284
2017-09-26,15.34,15.39,15.25,15.25,47009
2017-09-27,15.3,15.36,15.29,15.32,24972
2017-09-28,15.33,15.34,15.25,15.27,27597
2017-09-29,15.27,15.31,15.25,15.31,13775
2017-10-02,15.43,15.49,15.43,15.47,13041
2017-10-03,15.48,15.51,15.44,15.47,6312
2017-10-05,15.47,15.59,15.47,15.54,25628
2017-10-06,15.59,15.61,15.56,15.59,16507
2017-10-11,15.65,15.83,15.65,15.83,63902
2017-10-12,15.86,15.99,15.86,15.99,35080
2017-10-13,15.94,15.96,15.9,15.96,14384
2017-10-16,15.96,16.04,15.96,16.04,16183
2017-10-17,16.05,16.08,16.01,16.01,12936
2017-10-18,16.1,16.14,16.01,16.06,17891
2017-10-19,16.08,16.18,16.08,16.12,9790
2017-10-20,16.02,16.11,16.02,16.05,6902
2017-10-23,16.08,16.13,16.03,16.04,7087
2017-10-24,16.04,16.04,15.99,16.02,4288612
2017-10-25,16.01,16.06,15.99,16.01,9667
2017-10-26,15.98,16.02,15.95,16.0,12906
2017-10-27,16.01,16.09,15.99,16.01,8565
2017-10-30,16.16,16.2,16.1,16.13,13432
2017-10-31,16.14,16.2,16.1,16.18,8526
2017-11-01,16.2,16.21,16.13,16.16,5255
2017-11-02,16.13,16.15,16.08,16.1,6250
2017-11-03,16.13,16.15,16.06,16.08,5823
2017-11-06,16.18,16.2,16.06,16.11,6293
2017-11-07,16.14,16.2,16.11,16.2,8846
2017-11-08,16.18,16.18,16.13,16.13,3239520
2017-11-09,16.13,16.15,16.02,16.02,5033
2017-11-10,16.01,16.05,15.94,16.05,3692824
2017-11-13,16.0,16.02,15.99,16.01,3917128
2017-11-14,16.01,16.01,15.94,15.98,4063196
2017-11-15,15.91,15.92,15.79,15.82,24281
2017-11-16,15.82,15.9,15.8,15.87,8707
2017-11-17,16.01,16.03,15.98,16.01,28784
2017-11-20,16.02,16.03,15.93,15.95,9204
2017-11-21,15.93,16.1,15.93,16.09,17879
2017-11-22,16.17,16.25,16.12,16.17,19655
2017-11-23,16.17,16.2,16.13,16.18,6208
2017-11-24,16.19,16.2,16.13,16.17,4274136
2017-11-27,16.17,16.17,15.97,15.98,8509
2017-11-28,15.94,15.95,15.85,15.87,8028
2017-11-29,15.88,15.94,15.86,15.89,5527
2017-11-30,15.76,15.76,15.62,15.62,32154
2017-12-01,15.6,15.74,15.5,15.68,22481
2017-12-04,15.69,15.75,15.64,15.74,6015
2017-12-05,15.67,15.69,15.61,15.62,7521
2017-12-06,15.59,15.59,15.35,15.35,52942
2017-12-07,15.42,15.43,15.27,15.36,29236
2017-12-08,15.47,15.47,15.31,15.36,25120
2017-12-11,15.42,15.5,15.42,15.47,10956
2017-12-12,15.45,15.47,15.29,15.37,15763
2017-12-13,15.4,15.42,15.36,15.38,6708
2017-12-14,15.48,15.57,15.45,15.52,8985
2017-12-15,15.5,15.5,15.31,15.4,16309
2017-12-18,15.42,15.43,15.35,15.42,15370
2017-12-19,15.42,15.45,15.32,15.34,16380
2017-12-20,15.34,15.4,15.33,15.39,18609
2017-12-21,15.4,15.45,15.38,15.38,4963292
2017-12-22,15.34,15.45,15.32,15.44,6579
2017-12-25,15.44,15.48,15.44,15.46,4011732
2017-12-26,15.46,15.46,15.28,15.31,10313
2017-12-27,15.3,15.36,15.29,15.36,14401
2017-12-28,15.43,15.52,15.43,15.51,12379
2017-12-29,15.52,15.61,15.52,15.6,18761
2018-01-02,15.6,15.68,15.6,15.68,14453
2018-01-03,15.75,15.84,15.75,15.83,28786
2018-01-04,15.85,15.88,15.8,15.85,22510
2018-01-05,15.85,15.91,15.82,15.9,30467
2018-01-08,15.91,15.98,15.89,15.97,20758
2018-01-09,15.97,16.0,15.93,15.98,14659
2018-01-10,15.97,16.0,15.86,15.9,22998
2018-01-11,15.88,15.89,15.78,15.83,10317
2018-01-12,15.86,15.99,15.85,15.97,11485
2018-01-15,16.05,16.08,16.02,16.07,11279
2018-01-16,16.07,16.14,16.04,16.14,15823
2018-01-17,16.07,16.22,16.07,16.17,22793
2018-01-18,16.23,16.43,16.23,16.39,27595
2018-01-19,16.39,16.55,16.39,16.55,21208
2018-01-22,16.55,16.7,16.55,16.7,17764
2018-01-23,16.72,16.78,16.69,16.76,23200
2018-01-24,16.71,16.71,16.49,16.56,20414
2018-01-25,16.57,16.76,16.55,16.6,19935
2018-01-26,16.6,16.63,16.49,16.61,31099
2018-01-29,16.65,16.78,16.59,16.66,25783
2018-01-30,16.59,16.62,16.46,16.47,19865
2018-01-31,16.44,16.55,16.39,16.49,17007
2018-02-01,16.51,16.65,16.51,16.6,11658
2018-02-02,16.53,16.58,16.43,16.54,12326
2018-02-05,16.2,16.31,16.15,16.28,28304
2018-02-06,15.75,15.8,15.35,15.51,128890
2018-02-07,15.84,15.85,15.7,15.71,40728
2018-02-08,15.71,15.77,15.64,15.7,18059
2018-02-09,15.31,15.43,15.19,15.4,64845
2018-02-12,15.49,15.56,15.46,15.52,33775
2018-02-21,15.85,15.91,15.8,15.87,46584
2018-02-22,15.87,15.87,15.73,15.78,15000
2018-02-23,15.85,15.99,15.85,15.97,14317
2018-02-26,16.08,16.13,16.04,16.05,13157
2018-02-27,16.18,16.2,16.04,16.04,30655
2018-03-01,15.88,15.96,15.8,15.92,17377
2018-03-02,15.75,15.81,15.67,15.8,25049
2018-03-05,15.8,15.87,15.71,15.73,14895
2018-03-06,15.9,16.0,15.89,16.0,22129
2018-03-07,15.92,16.06,15.91,15.93,10477
2018-03-08,16.0,16.13,16.0,16.12,12930
2018-03-09,16.15,16.17,16.11,16.14,11328
2018-03-12,16.28,16.41,16.27,16.39,35009
2018-03-13,16.43,16.54,16.42,16.54,39350
2018-03-14,16.43,16.45,16.36,16.42,13664
2018-03-15,16.36,16.42,16.34,16.41,14028
2018-03-16,16.36,16.4,16.18,16.34,22043
2018-03-19,16.29,16.38,16.25,16.33,8142
2018-03-20,16.2,16.32,16.2,16.32,11581
2018-03-21,16.32,16.38,16.28,16.33,19566
2018-03-22,16.36,16.48,16.25,16.27,13720
2018-03-23,15.94,16.05,15.93,15.99,32239
2018-03-26,15.94,16.01,15.89,16.01,17476
2018-03-27,16.17,16.24,16.16,16.24,13110
2018-03-28,16.15,16.15,16.01,16.02,16645
2018-03-29,16.02,16.04,15.93,15.99,16399
2018-03-30,16.1,16.17,16.1,16.14,19976
2018-04-02,16.14,16.16,16.0,16.02,14949
2018-04-03,15.87,15.88,15.81,15.87,24750
2018-04-09,16.0,16.03,15.89,16.01,13606
2018-04-10,15.99,16.14,15.92,16.07,15442
2018-04-11,16.15,16.18,16.12,16.14,10415
2018-04-12,16.17,16.19,16.02,16.07,14366
2018-04-13,16.11,16.13,16.03,16.07,11931
2018-04-16,16.1,16.1,15.97,16.03,7237
2018-04-17,16.05,16.05,15.84,15.85,17300
2018-04-18,15.89,15.99,15.84,15.89,14959
2018-04-19,15.95,16.1,15.95,16.1,17845
2018-04-20,15.78,15.8,15.68,15.73,36071
2018-04-23,15.63,15.67,15.56,15.57,42499
2018-04-24,15.56,15.57,15.4,15.49,67471
2018-04-25,15.43,15.44,15.35,15.44,65844
2018-04-26,15.52,15.52,15.35,15.4,65943
2018-04-27,15.5,15.51,15.35,15.43,49582
2018-04-30,15.51,15.61,15.4,15.58,26068
2018-05-02,15.59,15.61,15.46,15.46,22054
2018-05-03,15.4,15.4,15.26,15.3,35294
2018-05-04,15.3,15.39,15.27,15.38,13902
2018-05-07,15.48,15.49,15.35,15.48,15434
2018-05-08,15.46,15.59,15.45,15.58,21408
2018-05-09,15.58,15.69,15.58,15.67,13436
2018-05-10,15.72,15.72,15.67,15.71,23909
2018-05-11,15.8,15.91,15.79,15.89,70617
2018-05-14,15.97,16.09,15.95,16.07,68791
2018-05-15,16.04,16.05,15.9,15.9,28890
2018-05-16,15.86,15.93,15.85,15.92,33174
2018-05-17,15.96,15.97,15.81,15.81,7763
2018-05-18,15.81,15.87,15.75,15.77,9443
2018-05-21,15.81,15.99,15.81,15.98,15559
2018-05-22,15.93,16.03,15.92,15.92,7350
2018-05-23,15.95,15.97,15.83,15.84,8497
2018-05-24,15.84,15.91,15.82,15.88,4541296
2018-05-25,15.88,15.98,15.85,15.94,12463
2018-05-28,15.98,16.02,15.97,16.01,11762
2018-05-29,16.01,16.01,15.87,15.94,5554
2018-05-30,15.85,15.85,15.64,15.66,24711
2018-05-31,15.74,15.77,15.69,15.73,6424
2018-06-01,15.74,15.86,15.74,15.84,7395
2018-06-04,15.93,16.09,15.93,16.09,28324
2018-06-05,16.11,16.11,16.02,16.07,10784
2018-06-06,16.1,16.23,16.1,16.22,25593
2018-06-07,16.26,16.28,16.17,16.25,26817
2018-06-08,16.22,16.22,16.07,16.08,13878
2018-06-11,16.13,16.16,16.05,16.1,13058
2018-06-12,16.02,16.07,15.96,16.07,8973
2018-06-13,16.06,16.18,16.04,16.17,18673
2018-06-14,16.07,16.08,15.92,15.92,14257
2018-06-15,15.89,15.96,15.81,15.96,15448
2018-06-19,15.8,15.81,15.7,15.7,19977
2018-06-20,15.71,15.91,15.64,15.87,31468
2018-06-21,15.87,15.89,15.81,15.82,8539
2018-06-22,15.74,15.81,15.65,15.8,25930
2018-06-25,15.75,15.79,15.72,15.76,31973
2018-06-26,15.72,15.72,15.58,15.72,65737
2018-06-27,15.73,15.76,15.64,15.66,33232
2018-06-28,15.59,15.66,15.54,15.59,48256
2018-06-29,15.64,15.88,15.62,15.86,26337
2018-07-02,15.87,15.95,15.78,15.79,16703
2018-07-03,15.83,15.96,15.7,15.8,20095
2018-07-04,15.8,15.89,15.8,15.85,6986
2018-07-05,15.86,15.86,15.7,15.73,12476
2018-07-06,15.8,15.8,15.62,15.77,21406
2018-07-09,15.92,16.06,15.88,16.02,36155
2018-07-10,16.1,16.13,16.04,16.06,19655
2018-07-11,15.91,15.95,15.83,15.91,15596
2018-07-12,15.89,16.1,15.87,16.1,27531
2018-07-13,16.17,16.24,16.13,16.23,54647
2018-07-16,16.22,16.25,16.17,16.17,21322
2018-07-17,16.14,16.14,16.05,16.08,11971
2018-07-18,16.19,16.26,16.16,16.17,52698
2018-07-19,16.18,16.32,16.17,16.22,52871
2018-07-20,16.36,16.5,16.36,16.49,73613
2018-07-23,16.56,16.64,16.47,16.6,34018
2018-07-24,16.58,16.63,16.53,16.63,20467
2018-07-25,16.51,16.66,16.51,16.64,25409
2018-07-26,16.64,16.74,16.64,16.69,33885
2018-07-27,16.71,16.84,16.71,16.83,23788
2018-07-30,16.82,16.87,16.77,16.8,12922
2018-07-31,16.76,16.83,16.7,16.8,10959
2018-08-01,16.85,16.93,16.85,16.92,16050
2018-08-02,16.91,16.92,16.66,16.66,19100
2018-08-03,16.77,16.83,16.76,16.8,4900664
2018-08-06,16.8,16.91,16.76,16.83,9699
2018-08-07,16.83,16.85,16.77,16.79,4797124
2018-08-08,16.85,16.97,16.85,16.92,16300
2018-08-09,16.91,16.94,16.83,16.92,6527
2018-08-10,16.83,16.92,16.82,16.83,5120
2018-08-13,16.7,16.7,16.43,16.49,29140
2018-08-14,16.57,16.61,16.51,16.6,8973
2018-08-15,16.59,16.59,16.39,16.45,17119
2018-08-16,16.35,16.52,16.31,16.46,18130
2018-08-17,16.49,16.53,16.42,16.43,18560
2018-08-20,16.48,16.52,16.44,16.49,12592
2018-08-21,16.48,16.62,16.48,16.6,20092
2018-08-22,16.63,16.66,16.57,16.62,14183
2018-08-23,16.65,16.73,16.61,16.7,15477
2018-08-24,16.69,16.71,16.58,16.65,10197
2018-08-27,16.69,16.8,16.69,16.8,20074
2018-08-28,16.88,16.97,16.88,16.94,33152
2018-08-29,16.98,17.15,16.98,17.13,53535
2018-08-30,17.24,17.35,17.17,17.19,39577
2018-08-31,17.09,17.09,16.98,17.08,16982
2018-09-03,17.08,17.12,16.97,16.98,14668
2018-09-04,17.05,17.09,16.98,17.09,9431
2018-09-05,17.09,17.14,17.03,17.09,9985
2018-09-06,17.07,17.07,16.93,16.99,7784
2018-09-07,16.93,16.98,16.89,16.97,10024
2018-09-10,17.01,17.01,16.82,16.89,21205
2018-09-11,16.88,16.89,16.77,16.82,78102
2018-09-12,16.86,16.87,16.74,16.8,74336
2018-09-13,16.85,16.85,16.67,16.68,83985
2018-09-14,16.84,16.99,16.81,16.99,34466
2018-09-17,16.99,16.99,16.83,16.86,35956
2018-09-18,16.81,16.83,16.73,16.77,24562
2018-09-19,16.85,16.95,16.83,16.92,27527
2018-09-20,16.98,17.0,16.85,16.87,16639
2018-09-21,16.94,17.06,16.87,17.06,29482
2018-09-25,17.02,17.11,17.01,17.11,30025
2018-09-26,17.07,17.09,17.04,17.07,32146
2018-09-27,17.01,17.17,17.01,17.15,111200
2018-09-28,17.15,17.21,17.01,17.07,52809
2018-10-01,17.07,17.16,17.07,17.15,23649
2018-10-02,17.13,17.13,16.89,16.9,21737
2018-10-03,16.9,16.95,16.85,16.88,17479
2018-10-04,16.83,16.83,16.65,16.67,38948
2018-10-05,16.59,16.59,16.3,16.39,106976
2018-10-08,16.29,16.38,16.2,16.3,186049
2018-10-09,16.31,16.38,16.26,16.35,82124
2018-10-11,15.74,15.74,15.19,15.2,274206
2018-10-12,15.26,15.72,15.22,15.72,92733
2018-10-15,15.61,15.61,15.45,15.55,196955
2018-10-16,15.51,15.61,15.44,15.57,66707
2018-10-17,15.8,15.81,15.58,15.59,81220
2018-10-18,15.61,15.66,15.5,15.54,31893
2018-10-19,15.36,15.57,15.32,15.57,48256
2018-10-22,15.39,15.62,15.32,15.55,49814
2018-10-23,15.34,15.44,15.26,15.27,99594
2018-10-24,15.28,15.31,15.06,15.2,52010
2018-10-25,14.83,14.96,14.79,14.83,115744
2018-10-26,14.97,15.01,14.63,14.81,71135
2018-10-29,14.9,14.94,14.8,14.88,39533
2018-10-30,14.89,14.97,14.83,14.92,24460
2018-10-31,15.04,15.23,15.04,15.23,39553
2018-11-01,15.29,15.41,15.23,15.4,27189
2018-11-02,15.4,15.48,15.32,15.45,26829
2018-11-05,15.34,15.37,15.24,15.37,18483
2018-11-06,15.41,15.42,15.27,15.32,24738
2018-11-07,15.36,15.43,15.33,15.4,24743
2018-11-08,15.54,15.59,15.42,15.48,41056
2018-11-09,15.42,15.42,15.25,15.28,147344
2018-11-12,15.27,15.38,15.23,15.32,24513
2018-11-13,14.95,15.17,14.87,15.14,42823
2018-11-14,15.17,15.2,15.12,15.19,25146
2018-11-15,15.22,15.25,15.07,15.24,22737
2018-11-16,15.31,15.31,15.09,15.11,35512
2018-11-19,15.13,15.15,15.04,15.06,28221
2018-11-20,15.0,15.02,14.88,14.93,34404
2018-11-21,14.79,14.94,14.7,14.93,60492
2018-11-22,14.94,14.97,14.85,14.85,23731
2018-11-23,14.87,14.9,14.74,14.8,16129
2018-11-26,14.91,15.11,14.88,14.95,25285
2018-11-27,14.92,14.94,14.77,14.94,30456
2018-11-28,14.95,15.11,14.88,15.1,30123
2018-11-29,15.26,15.31,15.13,15.13,35502
2018-11-30,15.16,15.19,15.07,15.07,16837
2018-12-03,15.29,15.51,15.28,15.48,55368
2018-12-04,15.42,15.42,15.34,15.37,16317
2018-12-05,15.14,15.16,15.05,15.05,38529
2018-12-06,14.9,14.9,14.7,14.75,81302
2018-12-07,14.85,14.88,14.79,14.82,27108
2018-12-10,14.63,14.71,14.62,14.62,52041
2018-12-11,14.63,14.75,14.62,14.74,21233
2018-12-12,14.86,14.97,14.81,14.96,34659
2018-12-13,14.96,15.02,14.92,14.98,24950
2018-12-14,14.89,14.89,14.72,14.8,35047
2018-12-17,14.8,14.94,14.76,14.92,22554
2018-12-18,14.83,14.84,14.74,14.79,30620
2018-12-19,14.83,14.92,14.8,14.91,17974
2018-12-20,14.73,14.84,14.73,14.74,38231
2018-12-21,14.72,14.78,14.62,14.77,33861
2018-12-24,14.7,14.73,14.64,14.67,23809
2018-12-25,14.56,14.56,14.39,14.48,48285
2018-12-26,14.53,14.59,14.43,14.44,35680
2018-12-27,14.69,14.76,14.63,14.74,38461
2018-12-28,14.75,14.83,14.7,14.83,18520
2019-01-02,14.9,14.91,14.52,14.54,34128
2019-01-03,14.49,14.53,14.39,14.4,53389
2019-01-04,14.3,14.3,14.14,14.18,85170
2019-01-07,14.44,14.54,14.39,14.52,58423
2019-01-08,14.56,14.56,14.44,14.46,44027
2019-01-09,14.52,14.76,14.52,14.73,45722
2019-01-10,14.69,14.71,14.63,14.69,11293
2019-01-11,14.79,14.88,14.76,14.83,41452
2019-01-14,14.82,14.82,14.68,14.73,21194
2019-01-15,14.74,14.89,14.74,14.86,47346
2019-01-16,14.86,14.87,14.8,14.84,61370
2019-01-17,14.85,14.91,14.76,14.84,40083
2019-01-18,14.88,14.94,14.81,14.92,33174
2019-01-21,14.99,15.06,14.97,15.02,41019
2019-01-22,15.06,15.06,14.94,14.99,35356
2019-01-23,14.98,14.98,14.91,14.92,25630
2019-01-24,14.97,15.01,14.93,14.99,14002
2019-01-25,15.1,15.21,15.09,15.19,29283
2019-01-28,15.22,15.28,15.2,15.22,15301
2019-01-29,15.08,15.09,15.02,15.08,17679
2019-01-30,15.08,15.11,15.02,15.05,21021
2019-02-11,15.26,15.32,15.16,15.22,26460
2019-02-12,15.26,15.34,15.26,15.32,24657
2019-02-13,15.38,15.38,15.27,15.29,16631
2019-02-14,15.29,15.34,15.24,15.24,14566
2019-02-15,15.25,15.31,15.17,15.2,14064
2019-02-18,15.29,15.37,15.29,15.32,26385
2019-02-19,15.33,15.33,15.29,15.29,11448
2019-02-20,15.37,15.49,15.37,15.46,137231
2019-02-21,15.47,15.61,15.47,15.61,74659
2019-02-22,15.58,15.58,15.49,15.58,39524
2019-02-25,15.66,15.74,15.65,15.69,77461
2019-02-26,15.72,15.75,15.65,15.73,63612
2019-02-27,15.73,15.73,15.66,15.72,51630
2019-03-04,15.7,15.7,15.53,15.58,33878
2019-03-05,15.51,15.57,15.48,15.54,37602
2019-03-06,15.56,15.6,15.54,15.58,78319
2019-03-07,15.57,15.6,15.51,15.52,72959
2019-03-08,15.43,15.46,15.35,15.39,39901
2019-03-11,15.36,15.42,15.33,15.42,18570
2019-03-12,15.56,15.68,15.55,15.64,55430
2019-03-13,15.6,15.63,15.55,15.61,40594
2019-03-14,15.65,15.67,15.58,15.6,20835
2019-03-15,15.66,15.73,15.62,15.71,45935
2019-03-18,15.74,15.81,15.72,15.81,48875
2019-03-19,15.81,15.87,15.76,15.87,34417
2019-03-20,15.86,15.9,15.83,15.89,47424
2019-03-21,15.95,16.03,15.92,16.03,45365
2019-03-22,16.1,16.14,16.01,16.07,27721
2019-03-25,15.81,15.86,15.79,15.82,28083
2019-03-26,15.89,15.93,15.87,15.92,10800
2019-03-27,15.88,15.93,15.83,15.89,10223
2019-03-28,15.85,15.91,15.82,15.89,13662
2019-03-29,15.93,16.03,15.84,16.03,22722
2019-04-01,16.2,16.28,16.12,16.17,44214
2019-04-02,16.22,16.29,16.22,16.23,22420
2019-04-03,16.28,16.29,16.19,16.23,27469
2019-04-08,16.36,16.4,16.34,16.38,31963
2019-04-09,16.39,16.48,16.37,16.48,61088
2019-04-10,16.42,16.51,16.42,16.5,43453
2019-04-11,16.47,16.51,16.38,16.43,33090
2019-04-12,16.43,16.46,16.4,16.42,29994
2019-04-15,16.53,16.6,16.51,16.57,30726
2019-04-16,16.57,16.63,16.56,16.62,31072
2019-04-17,16.66,16.78,16.66,16.75,92419
2019-04-18,16.78,16.88,16.69,16.74,82761
2019-04-19,16.86,16.91,16.74,16.76,50063
2019-04-22,16.81,16.83,16.73,16.74,11497
2019-04-23,16.74,16.85,16.71,16.82,24048
2019-04-24,16.89,16.92,16.78,16.85,12434
2019-04-25,16.83,16.9,16.81,16.89,14116
2019-04-26,16.76,16.76,16.64,16.69,15260
2019-04-29,16.72,16.8,16.7,16.76,12648
2019-04-30,16.76,16.78,16.68,16.76,12992
2019-05-02,16.8,16.9,16.78,16.81,24622
2019-05-03,16.83,16.97,16.83,16.96,121298
2019-05-06,16.72,16.72,16.61,16.66,29854
2019-05-07,16.73,16.87,16.73,16.84,56046
2019-05-08,16.68,16.77,16.65,16.71,54293
2019-05-09,16.63,16.64,16.45,16.51,27695
2019-05-10,16.51,16.63,16.38,16.5,47177
2019-05-13,16.42,16.42,16.22,16.23,74712
2019-05-14,16.12,16.21,15.98,16.13,81119
2019-05-15,16.13,16.2,16.09,16.15,69047
2019-05-16,16.1,16.12,16.0,16.01,68400
2019-05-17,16.1,16.11,15.84,15.84,94295
2019-05-20,15.89,15.95,15.82,15.83,57219
2019-05-21,15.79,15.88,15.73,15.87,79259
2019-05-22,15.83,15.92,15.81,15.87,42232
2019-05-23,15.76,15.76,15.56,15.58,102730
2019-05-24,15.6,15.69,15.59,15.66,24118
2019-05-27,15.69,15.69,15.56,15.62,46164
2019-05-28,15.64,15.64,15.56,15.61,39249
2019-05-29,15.49,15.55,15.45,15.54,38638
2019-05-30,15.54,15.69,15.54,15.67,30635
2019-05-31,15.66,15.88,15.65,15.88,30265
2019-06-03,15.83,15.92,15.72,15.9,24071
2019-06-04,15.88,15.91,15.79,15.8,28915
2019-06-05,15.96,15.99,15.84,15.85,28208
2019-06-06,15.73,15.76,15.68,15.73,29825
2019-06-10,15.92,16.01,15.86,16.01,30667
2019-06-11,16.04,16.16,16.01,16.08,42496
2019-06-12,16.08,16.16,16.05,16.14,37033
2019-06-13,16.08,16.11,15.99,16.01,23660
2019-06-14,16.0,16.03,15.95,15.98,12656
2019-06-17,15.88,15.99,15.81,15.93,24565
2019-06-18,15.95,16.0,15.91,15.98,11562
2019-06-19,16.2,16.36,16.19,16.35,87330
2019-06-20,16.35,16.4,16.33,16.37,46328
2019-06-21,16.42,16.44,16.36,16.37,61374
2019-06-24,16.36,16.5,16.34,16.44,66403
2019-06-25,16.43,16.48,16.32,16.35,31765
2019-06-26,16.32,16.32,16.25,16.27,23653
2019-06-27,16.31,16.52,16.31,16.5,61405
2019-06-28,16.49,16.51,16.37,16.38,15763
2019-07-01,16.61,16.76,16.61,16.73,55086
2019-07-02,16.73,16.74,16.68,16.69,20837
2019-07-03,16.67,16.67,16.47,16.5,34462
2019-07-04,16.56,16.64,16.56,16.6,23110
2019-07-05,16.62,16.67,16.56,16.58,6452
2019-07-08,16.56,16.6,16.48,16.52,15436
2019-07-09,16.55,16.55,16.48,16.5,16333
2019-07-10,16.59,16.65,16.57,16.64,17711
2019-07-11,16.73,16.82,16.7,16.77,41519
2019-07-12,16.77,16.81,16.74,16.75,11890
2019-07-15,16.77,16.88,16.65,16.85,37344
2019-07-16,16.85,16.9,16.84,16.88,22013
2019-07-17,16.86,16.86,16.76,16.76,42394
2019-07-18,16.72,16.8,16.72,16.74,30164
2019-07-19,16.95,17.04,16.95,16.95,39124
2019-07-22,16.97,17.05,16.97,17.03,33474
2019-07-23,17.07,17.13,17.05,17.07,23596
2019-07-24,17.1,17.13,17.06,17.06,13457
2019-07-25,17.06,17.11,17.03,17.11,19727
2019-07-26,17.03,17.03,16.99,17.0,12519
2019-07-29,16.97,17.04,16.96,17.04,12169
2019-07-30,17.07,17.09,16.99,16.99,8333
2019-07-31,16.98,16.98,16.84,16.91,12477
2019-08-01,16.79,16.86,16.76,16.81,20172
2019-08-02,16.55,16.58,16.46,16.53,67386
2019-08-05,16.48,16.51,16.32,16.37,82638
2019-08-06,16.06,16.43,16.03,16.36,99607
2019-08-07,16.37,16.38,16.24,16.27,67424
2019-08-08,16.35,16.5,16.34,16.47,20144
2019-08-12,16.47,16.51,16.37,16.46,12672
2019-08-13,16.37,16.37,16.24,16.27,29726
2019-08-14,16.48,16.5,16.4,16.4,29529
2019-08-15,16.17,16.25,16.15,16.21,63888
2019-08-16,16.22,16.41,16.18,16.41,24635
2019-08-19,16.49,16.52,16.4,16.5,25901
2019-08-20,16.51,16.56,16.5,16.54,16717
2019-08-21,16.53,16.57,16.52,16.56,24372
2019-08-22,16.6,16.67,16.5,16.52,37518
2019-08-23,16.52,16.56,16.49,16.54,12844
2019-08-26,16.3,16.36,16.25,16.26,49169
2019-08-27,16.37,16.38,16.28,16.31,10143
2019-08-28,16.36,16.45,16.36,16.42,13273
2019-08-29,16.43,16.46,16.34,16.45,12935
2019-08-30,16.57,16.72,16.57,16.71,77484
2019-09-02,16.7,16.74,16.67,16.72,25831
2019-09-03,16.71,16.74,16.58,16.58,20212
2019-09-04,16.63,16.79,16.62,16.78,42995
2019-09-05,16.86,16.99,16.86,16.95,101718
2019-09-06,17.0,17.06,17.0,17.05,68905
2019-09-10,17.14,17.14,16.99,17.03,20687
2019-09-11,17.1,17.13,17.01,17.04,18985
2019-09-12,17.17,17.2,17.1,17.13,37124
2019-09-16,17.15,17.24,17.14,17.23,43719
2019-09-17,17.23,17.24,17.19,17.2,19867
2019-09-18,17.23,17.36,17.22,17.35,67998
2019-09-19,17.35,17.39,17.23,17.24,31109
2019-09-20,17.29,17.34,17.29,17.3,32927
2019-09-23,17.29,17.33,17.25,17.25,17479
2019-09-24,17.25,17.33,17.22,17.29,19408
2019-09-25,17.22,17.22,17.13,17.17,15711
2019-09-26,17.24,17.3,17.18,17.21,20779
2019-09-27,17.34,17.4,17.25,17.28,35539
2019-10-01,17.32,17.56,17.32,17.55,36468
2019-10-02,17.48,17.54,17.48,17.49,22615
2019-10-03,17.23,17.38,17.21,17.32,19473
2019-10-04,17.4,17.44,17.31,17.39,14988
2019-10-07,17.44,17.49,17.4,17.45,16563
2019-10-08,17.53,17.68,17.53,17.66,48782
2019-10-09,17.59,17.6,17.52,17.52,27667
2019-10-14,17.77,17.88,17.77,17.88,37965
2019-10-15,17.88,17.94,17.83,17.91,17510
2019-10-16,17.97,18.0,17.94,17.99,15935
2019-10-17,17.98,18.0,17.93,18.0,10164
2019-10-18,18.0,18.1,17.95,17.96,11263
2019-10-21,17.96,17.97,17.92,17.94,4310608
2019-10-22,18.01,18.13,18.01,18.11,13026
2019-10-23,18.11,18.13,18.03,18.06,10323
2019-10-24,18.11,18.13,18.07,18.13,10318
2019-10-25,18.21,18.21,18.09,18.13,31885
2019-10-28,18.22,18.24,18.17,18.21,20039
2019-10-29,18.28,18.31,18.25,18.27,29644
2019-10-30,18.27,18.35,18.24,18.35,21537
2019-10-31,18.36,18.5,18.36,18.4,37833
2019-11-01,18.38,18.42,18.33,18.4,11227
2019-11-04,18.49,18.84,18.49,18.83,26923
2019-11-05,18.87,18.97,18.86,18.97,15865
2019-11-06,18.98,19.06,18.94,19.06,17977
2019-11-07,19.03,19.03,18.86,18.96,12200
2019-11-08,18.99,19.0,18.87,18.9,11562
2019-11-11,18.87,18.88,18.59,18.61,23437
2019-11-12,18.69,18.79,18.69,18.79,9705
2019-11-13,18.69,18.71,18.59,18.67,7742
2019-11-14,18.7,18.75,18.62,18.66,8697
2019-11-15,18.79,18.89,18.79,18.85,10044
2019-11-18,18.89,18.97,18.87,18.97,8350
2019-11-19,18.97,19.11,18.92,19.11,11286
2019-11-20,19.11,19.11,19.01,19.04,31818
2019-11-21,18.85,18.9,18.75,18.89,13135
2019-11-22,18.9,18.94,18.87,18.9,6026
2019-11-25,18.99,19.01,18.9,18.91,10083
2019-11-26,18.98,19.05,18.95,18.96,15310
2019-11-27,18.96,19.03,18.94,19.03,7831
2019-11-28,19.04,19.04,18.95,18.98,5411
2019-11-29,18.96,18.96,18.67,18.68,21377
2019-12-02,18.78,18.82,18.74,18.8,8273
2019-12-03,18.73,18.83,18.7,18.8,5643
2019-12-04,18.76,18.77,18.66,18.73,9242
2019-12-05,18.86,18.99,18.83,18.97,13764
2019-12-06,19.05,19.09,18.94,19.0,13578
2019-12-09,19.03,19.15,19.03,19.12,11649
2019-12-10,19.07,19.07,18.95,18.99,21182
2019-12-11,18.99,19.14,18.98,19.14,7747
2019-12-12,19.27,19.62,19.27,19.57,33680
2019-12-13,19.76,19.89,19.75,19.79,23521
2019-12-16,19.8,19.82,19.74,19.78,281792
2019-12-17,19.76,20.04,19.75,20.04,18813
2019-12-18,20.01,20.07,19.97,20.05,15049
2019-12-19,20.04,20.05,19.92,19.94,9084
2019-12-20,19.92,19.92,19.75,19.8,13414
2019-12-23,19.81,19.87,19.8,19.84,13667
2019-12-24,19.87,19.9,19.85,19.85,5639
2019-12-25,19.85,19.9,19.82,19.88,7157
2019-12-26,19.92,19.92,19.83,19.88,12384
2019-12-27,19.93,20.04,19.93,20.01,11912
2019-12-30,20.01,20.06,19.93,19.97,12555
2019-12-31,19.83,19.85,19.8,19.8,17216
2020-01-02,19.82,20.01,19.82,19.94,19528
2020-01-03,20.07,20.15,19.81,19.94,27254
2020-01-06,19.82,19.83,19.68,19.68,37287
2020-01-07,19.7,19.75,19.48,19.62,25314
2020-01-08,19.44,19.64,19.41,19.53,34068
2020-01-09,19.66,19.83,19.66,19.8,28656
2020-01-10,19.91,19.97,19.8,19.87,36288
2020-01-13,19.98,20.03,19.91,20.01,26604
2020-01-14,20.11,20.19,20.09,20.13,46180
2020-01-15,20.15,20.15,19.9,19.93,41037
2020-01-16,19.84,19.91,19.81,19.87,34746
2020-01-17,19.95,19.96,19.83,19.87,32485
2020-01-20,19.92,20.01,19.92,19.95,27880
2020-01-30,19.4,19.4,18.82,18.82,129051
2020-01-31,19.11,19.11,18.9,18.96,89991
2020-02-03,18.66,18.8,18.47,18.77,63294
2020-02-04,20.44,20.44,19.1,19.1,35618
2020-02-05,19.19,19.25,19.04,19.15,26806
2020-02-06,19.32,19.46,19.26,19.46,42786
2020-02-07,19.32,19.32,19.18,19.23,38219
2020-02-10,18.98,19.23,18.89,19.19,29236
2020-02-11,19.26,19.39,19.26,19.34,20462
2020-02-12,19.4,19.59,19.4,19.53,22560
2020-02-13,19.61,19.66,19.54,19.57,23017
2020-02-14,19.57,19.66,19.51,19.6,19953
2020-02-17,19.46,19.51,19.39,19.46,25065
2020-02-18,19.27,19.31,19.19,19.2,50117
2020-02-19,19.22,19.45,19.2,19.42,31788
2020-02-20,19.47,19.5,19.26,19.33,26153
2020-02-21,19.32,19.39,19.18,19.24,21605
2020-02-24,19.03,19.06,18.91,19.0,54288
2020-02-25,18.87,19.08,18.86,19.05,35360
2020-02-26,18.8,18.92,18.74,18.86,60324
2020-02-27,18.84,18.87,18.63,18.69,98752
2020-03-02,18.45,18.61,18.31,18.42,111579
2020-03-03,18.73,18.75,18.61,18.68,44288
2020-03-04,18.72,18.81,18.64,18.81,33750
2020-03-05,18.93,19.03,18.92,19.02,39142
2020-03-06,18.9,18.9,18.62,18.63,68386
2020-03-09,18.3,18.3,18.05,18.1,110938
2020-03-10,17.92,18.2,17.9,18.2,95137
2020-03-11,18.23,18.25,17.93,17.98,61226
2020-03-12,17.82,17.82,17.11,17.32,179641
2020-03-13,16.45,17.16,16.01,17.08,214819
2020-03-16,16.87,16.95,16.22,16.3,135256
2020-03-17,15.67,16.17,15.67,15.78,204583
2020-03-18,15.8,15.87,15.35,15.35,187162
2020-03-19,14.97,14.97,14.18,14.45,272153
2020-03-20,14.97,15.6,14.95,15.6,163642
2020-03-23,14.97,15.2,14.66,14.93,89860
2020-03-24,15.57,15.88,15.54,15.65,107027
2020-03-25,16.19,16.33,16.04,16.2,130751
2020-03-26,16.32,16.33,16.02,16.28,76863
2020-03-27,16.51,16.59,16.12,16.15,87816
2020-03-30,15.75,16.06,15.61,15.99,54424
2020-03-31,16.19,16.28,15.94,16.06,39056
2020-04-01,16.13,16.16,15.99,16.0,39792
2020-04-06,16.22,16.26,15.97,16.24,48831
2020-04-07,16.55,16.63,16.46,16.55,61208
2020-04-08,16.55,16.8,16.52,16.78,60923
2020-04-09,16.84,16.89,16.62,16.71,62600
2020-04-10,16.66,16.73,16.59,16.72,23299
2020-04-13,16.66,16.74,16.56,16.61,29724
2020-04-14,16.67,17.07,16.67,17.07,52487
2020-04-15,17.13,17.18,17.08,17.12,69444
2020-04-16,16.91,17.1,16.88,17.04,49638
2020-04-17,17.5,17.71,17.44,17.55,138128
2020-04-20,17.55,17.6,17.46,17.5,49346
2020-04-21,17.43,17.43,16.97,16.99,84330
2020-04-22,16.87,16.99,16.76,16.99,43585
2020-04-23,17.11,17.29,16.93,17.06,53196
2020-04-24,17.04,17.08,16.96,17.06,23059
2020-04-27,17.32,17.41,17.21,17.4,55671
2020-04-28,17.48,17.48,17.29,17.4,30227
2020-04-29,17.51,17.69,17.49,17.65,47496
2020-04-30,17.81,18.03,17.79,18.03,75141
2020-05-04,17.37,17.56,17.33,17.5,62594
2020-05-05,17.6,17.67,17.5,17.58,31243
2020-05-06,17.56,17.66,17.41,17.6,24570
2020-05-07,17.6,17.74,17.56,17.68,24564
2020-05-08,17.84,17.87,17.71,17.78,24136
2020-05-11,17.92,18.01,17.86,17.93,26622
2020-05-12,17.84,17.84,17.64,17.72,46197
2020-05-13,17.65,17.79,17.63,17.77,19869
2020-05-14,17.67,17.68,17.54,17.56,34973
2020-05-15,17.72,17.76,17.51,17.68,24763
2020-05-18,17.51,17.59,17.46,17.53,33087
2020-05-19,17.79,17.82,17.64,17.69,21911
2020-05-20,17.71,17.75,17.6,17.67,39577
2020-05-21,17.74,17.88,17.73,17.82,30272
2020-05-22,17.67,17.69,17.48,17.49,53417
2020-05-25,17.53,17.6,17.32,17.6,21002
2020-05-26,17.76,17.85,17.68,17.81,61820
2020-05-27,17.86,17.89,17.72,17.78,18359
2020-05-28,17.9,17.9,17.62,17.68,29908
2020-05-29,17.58,17.81,17.5,17.81,21283
2020-06-01,17.81,17.95,17.79,17.9,33461
2020-06-02,17.92,18.03,17.92,17.98,47788
2020-06-03,18.16,18.32,18.15,18.3,72469
2020-06-04,18.45,18.5,18.37,18.47,60146
2020-06-05,18.49,18.63,18.49,18.63,39666
2020-06-08,18.74,18.93,18.72,18.87,62198
2020-06-09,18.89,18.93,18.75,18.89,45426
2020-06-10,18.9,19.12,18.88,19.07,43996
2020-06-11,19.07,19.15,18.76,18.77,56717
2020-06-12,18.4,18.66,18.36,18.61,86253
2020-06-15,18.57,18.62,18.32,18.34,38295
2020-06-16,18.59,18.81,18.59,18.74,43364
2020-06-17,18.81,18.81,18.62,18.76,46041
2020-06-18,18.77,18.83,18.63,18.74,20143
2020-06-19,18.76,18.8,18.69,18.73,9336
2020-06-22,18.73,18.91,18.73,18.77,42318
2020-06-23,18.89,18.99,18.72,18.86,34660
2020-06-24,18.93,19.08,18.93,18.98,40248
2020-06-29,18.82,18.89,18.69,18.79,39140
2020-06-30,18.88,18.96,18.85,18.95,32141
2020-07-01,18.96,19.16,18.96,19.08,39917
2020-07-02,19.11,19.29,19.1,19.29,30406
2020-07-03,19.42,19.55,19.42,19.51,59933
2020-07-06,19.65,19.88,19.65,19.85,57877
2020-07-07,20.03,20.13,19.84,19.92,55711
2020-07-08,19.92,20.11,19.9,20.06,44581
2020-07-09,20.18,20.21,20.06,20.12,28967
2020-07-10,20.15,20.18,19.95,19.96,46010
2020-07-13,20.11,20.26,20.08,20.25,48218
2020-07-14,20.2,20.38,20.18,20.38,53923
2020-07-15,20.51,20.65,20.39,20.46,85263
2020-07-16,20.45,20.45,20.21,20.26,30529
2020-07-17,20.46,20.6,20.39,20.49,72042
2020-07-20,20.49,20.52,20.29,20.46,37946
2020-07-21,20.63,21.05,20.62,20.96,98964
2020-07-22,20.93,21.08,20.89,21.01,28976
2020-07-23,20.99,21.0,20.83,20.99,24036
2020-07-24,21.02,21.26,20.87,20.92,69510
2020-07-27,21.62,21.99,21.62,21.94,91497
2020-07-28,22.78,23.08,21.94,22.0,89691
2020-07-29,21.83,22.04,21.68,21.78,38547
2020-07-30,22.13,22.3,21.94,22.1,26348
2020-07-31,22.06,22.15,21.97,22.04,21256
2020-08-03,21.97,21.98,21.66,21.66,29036
2020-08-04,21.78,21.95,21.78,21.94,19193
2020-08-05,22.11,22.19,22.03,22.15,20426
2020-08-06,22.39,22.5,22.27,22.38,29720
2020-08-07,22.42,22.42,22.15,22.22,27215
2020-08-10,22.11,22.48,22.11,22.43,23623
2020-08-11,22.38,22.44,22.25,22.26,12797
2020-08-12,22.09,22.09,21.87,21.93,23667
2020-08-13,22.23,22.28,22.1,22.14,21845
2020-08-14,22.04,22.19,21.98,22.19,15120
2020-08-17,22.19,22.45,22.14,22.43,22567
2020-08-18,22.45,22.49,22.22,22.3,14982
2020-08-19,22.3,22.39,22.11,22.14,24173
2020-08-20,22.04,22.04,20.96,21.36,74953
2020-08-21,21.69,21.87,21.6,21.83,32531
2020-08-24,21.84,21.99,21.73,21.9,14874
2020-08-25,21.97,22.16,21.95,22.06,14439
2020-08-26,22.09,22.16,22.0,22.15,10662
2020-08-27,22.32,22.45,22.18,22.2,22824
2020-08-28,22.05,22.14,21.87,21.98,15653
2020-08-31,22.11,22.14,21.62,21.62,23040
2020-09-01,21.76,21.95,21.63,21.95,22943
2020-09-02,22.01,22.1,21.73,21.87,16532
2020-09-03,22.02,22.15,21.92,21.94,20517
2020-09-04,21.66,21.81,21.64,21.78,23664
2020-09-07,21.78,21.88,21.64,21.75,21999
2020-09-08,21.82,21.9,21.76,21.87,18018
2020-09-09,21.61,21.74,21.48,21.73,25096
2020-09-10,21.83,21.95,21.79,21.92,14325
2020-09-11,21.92,21.95,21.83,21.93,11621
2020-09-14,21.98,22.2,21.93,22.2,23014
2020-09-15,22.18,22.34,22.14,22.29,21755
2020-09-16,22.63,22.72,22.59,22.63,59421
2020-09-17,22.52,22.59,22.32,22.38,34995
2020-09-18,22.38,22.45,22.27,22.36,19807
2020-09-21,22.34,22.49,22.16,22.18,22839
2020-09-22,22.15,22.15,21.86,21.9,26544
2020-09-23,21.98,21.98,21.75,21.86,21448
2020-09-24,21.57,21.62,21.29,21.33,63139
2020-09-25,21.4,21.54,21.25,21.37,37996
2020-09-28,21.52,21.73,21.45,21.73,24108
2020-09-29,21.82,21.93,21.69,21.78,15037
2020-09-30,21.82,21.97,21.79,21.87,14182
2020-10-05,21.97,22.1,21.87,21.88,23650
2020-10-06,22.09,22.16,22.05,22.14,27501
2020-10-07,22.09,22.3,21.98,22.26,16045
2020-10-08,22.39,22.59,22.36,22.55,53884
2020-10-12,22.66,22.87,22.66,22.73,39352
2020-10-13,22.8,22.85,22.55,22.74,21642
2020-10-14,22.73,22.77,22.61,22.66,10251
2020-10-15,22.62,22.62,22.32,22.45,18201
2020-10-16,22.45,22.57,22.32,22.35,12956
2020-10-19,22.44,22.64,22.43,22.64,13837
2020-10-20,22.6,22.61,22.51,22.51,5656
2020-10-21,22.51,22.63,22.44,22.5,29198
2020-10-22,22.45,22.53,22.4,22.53,8633
2020-10-23,22.62,22.65,22.44,22.53,12823
2020-10-26,22.53,22.64,22.47,22.53,11398
2020-10-27,22.46,22.46,22.33,22.4,13401
2020-10-28,22.4,22.4,22.26,22.3,18679
2020-10-29,22.09,22.11,21.93,22.05,27818
2020-10-30,21.99,22.0,21.81,21.87,25729
2020-11-02,21.91,21.97,21.73,21.96,40253
2020-11-03,22.13,22.27,22.1,22.21,17541
2020-11-04,22.3,22.55,22.23,22.54,20040
2020-11-05,22.55,22.6,22.42,22.52,17073
2020-11-06,22.59,22.73,22.57,22.66,24952
2020-11-09,22.88,23.02,22.78,22.96,45123
2020-11-10,22.94,22.94,22.68,22.74,17402
2020-11-11,22.74,23.09,22.74,23.09,34070
2020-11-12,23.15,23.23,23.08,23.11,15214
2020-11-13,23.06,23.21,23.03,23.2,15047
2020-11-16,23.45,23.95,23.45,23.95,36918
2020-11-17,24.42,24.58,24.08,24.12,32548
2020-11-18,24.12,24.41,24.03,24.28,78557
2020-11-19,24.31,24.33,24.17,24.24,17636
2020-11-20,24.24,24.24,24.07,24.21,18834
2020-11-23,24.35,24.6,24.35,24.52,22792
2020-11-24,24.62,24.62,24.37,24.4,24012
2020-11-25,24.57,24.57,24.19,24.2,16115
2020-11-26,24.22,24.42,24.22,24.39,9999
2020-11-27,24.32,24.39,24.23,24.35,20880
2020-11-30,24.38,24.45,24.06,24.06,37350
2020-12-01,24.17,24.27,24.07,24.27,19993
2020-12-02,24.42,24.54,24.32,24.51,24193
2020-12-03,24.52,24.66,24.42,24.51,23526
2020-12-04,24.61,24.94,24.61,24.91,48886
2020-12-07,25.17,25.22,24.95,25.14,26824
2020-12-08,25.15,25.49,25.05,25.49,25060
2020-12-09,25.48,25.53,25.38,25.49,24531
2020-12-10,25.3,25.3,25.07,25.19,32260
2020-12-11,25.23,25.3,24.9,25.22,18467
2020-12-14,25.2,25.2,25.06,25.11,9508
2020-12-15,25.05,25.06,24.79,24.86,37529
2020-12-16,25.04,25.34,25.03,25.32,53190
2020-12-17,25.3,25.3,25.06,25.19,11619
2020-12-18,25.18,25.21,25.06,25.1,9964
2020-12-21,25.11,25.36,24.95,25.35,17230
2020-12-22,25.28,25.38,25.03,25.06,22845
2020-12-23,25.03,25.12,24.95,25.09,16682
2020-12-24,25.14,25.24,25.1,25.23,9805
2020-12-25,25.29,25.4,25.19,25.26,11205
2020-12-28,25.28,25.48,25.28,25.48,13630
2020-12-29,25.49,25.53,25.35,25.46,12376
2020-12-30,25.48,25.82,25.46,25.82,21473
2020-12-31,25.94,25.99,25.85,25.96,22965
2021-01-04,25.95,26.44,25.91,26.41,24563
2021-01-05,26.38,26.47,26.28,26.46,18926
2021-01-06,26.78,27.0,26.35,26.75,42348
2021-01-07,26.88,27.4,26.88,27.37,26765
2021-01-08,27.74,27.87,27.51,27.86,51961
2021-01-11,27.86,28.1,27.71,28.1,40583
2021-01-12,28.1,28.28,27.95,28.05,43497
2021-01-13,28.19,28.77,28.18,28.73,42756
2021-01-14,28.67,28.68,28.32,28.47,48002
2021-01-15,29.13,29.31,28.54,28.56,86096
2021-01-18,28.58,28.66,28.05,28.54,56811
2021-01-19,28.71,29.33,28.71,29.3,48277
2021-01-20,29.33,29.63,29.23,29.35,119862
2021-01-21,29.39,30.42,29.38,30.37,54690
2021-01-22,29.99,30.16,29.29,29.83,95071
2021-01-25,29.77,29.79,29.12,29.42,55003
2021-01-26,29.41,29.64,28.6,28.83,57506
2021-01-27,28.93,29.16,28.7,28.87,31419
2021-01-28,28.21,28.49,28.08,28.29,58015
2021-01-29,28.56,28.61,27.82,27.82,56159
2021-02-01,27.82,28.42,27.68,28.37,56532
2021-02-02,28.75,29.31,28.75,29.17,43553
2021-02-03,29.39,29.4,29.12,29.15,28328
2021-02-04,28.95,29.2,28.72,28.98,26234
2021-02-05,29.25,29.58,29.12,29.25,35199
2021-02-17,30.16,30.56,30.16,30.5,75623
2021-02-18,30.5,30.65,30.29,30.46,41912
2021-02-19,30.28,30.28,29.86,30.13,35106
2021-02-22,30.34,30.54,30.11,30.12,27255
2021-02-23,29.76,30.1,29.61,30.05,30630
2021-02-24,29.73,29.99,29.57,29.61,41942
2021-02-25,29.91,29.98,29.66,29.85,40729
2021-02-26,29.22,29.34,28.93,28.95,105335
2021-03-02,29.4,29.44,28.96,28.96,28506
2021-03-03,29.02,29.38,28.8,29.38,33512
2021-03-04,29.15,29.15,28.58,28.81,66353
2021-03-05,28.22,28.77,28.1,28.63,56614
2021-03-08,29.02,29.03,28.53,28.61,48210
2021-03-09,28.33,28.56,28.16,28.5,53096
2021-03-10,28.71,28.77,28.51,28.62,21354
2021-03-11,28.65,29.28,28.65,29.23,36663
2021-03-12,29.35,29.44,29.19,29.35,22112
2021-03-15,29.35,29.35,29.18,29.27,14718
2021-03-16,29.39,29.44,29.24,29.37,26876
2021-03-17,29.37,29.38,29.08,29.12,26583
2021-03-18,29.32,29.52,29.25,29.27,27619
2021-03-19,28.96,28.97,28.71,28.82,39701
2021-03-22,28.73,28.99,28.56,28.95,21224
2021-03-23,29.06,29.23,28.99,28.99,27468
2021-03-24,28.6,28.74,28.49,28.53,40973
2021-03-25,28.45,28.76,28.34,28.63,19540
2021-03-26,28.87,29.16,28.76,29.15,31880
2021-03-29,29.34,29.49,29.31,29.39,32263
2021-03-30,29.47,29.5,29.34,29.49,19053
2021-03-31,29.47,29.47,29.21,29.24,30413
2021-04-01,29.45,29.52,29.34,29.46,28893
2021-04-07,29.88,29.93,29.76,29.9,17118
2021-04-08,29.8,30.0,29.65,30.0,24794
2021-04-09,30.13,30.14,29.87,29.93,14375
2021-04-12,29.96,30.03,29.65,29.76,23586
2021-04-13,29.77,30.12,29.73,29.76,22351
2021-04-14,29.8,29.92,29.52,29.92,25502
2021-04-15,29.96,30.17,29.86,30.17,30129
2021-04-16,30.14,30.22,30.03,30.22,44717
2021-04-19,30.22,30.33,30.09,30.27,31997
2021-04-20,30.13,30.28,30.12,30.22,19006
2021-04-21,30.15,30.15,29.95,29.95,31262
2021-04-22,30.06,30.17,29.88,29.92,15845
2021-04-23,29.92,30.19,29.82,30.19,23839
2021-04-26,30.38,30.67,30.36,30.64,47496
2021-04-27,30.64,30.75,30.55,30.65,26350
2021-04-28,30.65,30.65,30.42,30.47,11847
2021-04-29,30.6,30.81,30.51,30.51,35394
2021-05-03,30.47,30.47,29.97,30.0,26887
2021-05-04,30.0,30.02,29.29,29.74,53149
2021-05-05,29.74,29.79,29.45,29.46,35124
2021-05-06,29.58,29.84,29.4,29.72,31910
2021-05-07,29.98,30.26,29.93,30.25,27887
2021-05-10,30.27,30.27,29.97,30.04,17145
2021-05-11,29.46,29.47,28.77,28.91,101487
2021-05-12,28.84,28.84,26.3,28.08,153850
2021-05-13,27.4,28.21,27.12,27.67,108573
2021-05-14,27.88,28.26,27.74,27.98,60859
2021-05-17,27.17,27.95,27.06,27.45,126414
2021-05-18,27.85,28.71,27.78,28.71,65092
2021-05-19,28.69,28.78,28.32,28.51,67682
2021-05-20,28.5,28.51,28.14,28.32,38038
2021-05-21,28.75,29.04,28.49,28.72,40364
2021-05-24,28.55,28.78,28.46,28.68,40898
2021-05-25,28.84,29.22,28.84,29.16,36365
2021-05-26,29.26,29.33,29.07,29.19,20554
2021-05-27,28.97,29.01,28.72,28.98,22624
2021-05-28,29.27,29.49,29.14,29.47,38184
2021-05-31,29.47,29.85,29.47,29.75,41442
2021-06-01,29.77,29.97,29.77,29.88,22240
2021-06-02,29.9,29.95,29.65,29.88,19776
2021-06-03,29.93,30.04,29.84,29.86,19899
2021-06-04,29.73,29.73,29.58,29.72,12430
2021-06-07,29.77,29.82,29.22,29.79,42978
2021-06-08,29.79,29.84,29.62,29.62,11574
2021-06-09,29.58,29.58,29.31,29.4,23962
2021-06-10,29.51,29.91,29.47,29.86,27041
2021-06-11,29.97,30.05,29.91,29.97,13123
2021-06-15,30.08,30.16,30.03,30.13,15842
2021-06-16,30.1,30.15,29.98,30.1,28848
2021-06-17,29.9,30.01,29.76,30.01,12705
2021-06-18,30.13,30.13,29.93,29.95,8566
2021-06-21,29.71,29.73,29.21,29.23,62772
2021-06-22,29.42,29.52,29.19,29.26,23117
2021-06-23,29.29,29.76,29.25,29.74,25554
2021-06-24,29.74,29.78,29.61,29.66,24711
2021-06-25,29.83,29.93,29.66,29.72,25874
2021-06-28,29.73,29.84,29.62,29.77,15924
2021-06-29,29.92,30.1,29.79,29.86,35948
2021-06-30,29.97,30.24,29.96,30.15,37739
2021-07-01,30.16,30.21,29.96,30.01,18035
2021-07-02,30.01,30.05,29.92,30.01,18842
2021-07-05,30.11,30.38,30.11,30.29,30418
2021-07-06,30.35,30.39,30.26,30.33,25581
2021-07-07,30.29,30.3,30.08,30.16,26350
2021-07-08,30.19,30.27,29.99,30.13,15771
2021-07-09,29.92,29.92,29.72,29.89,26946
2021-07-12,30.17,30.39,30.06,30.16,54207
2021-07-13,30.38,30.6,30.37,30.41,54741
2021-07-14,30.42,30.62,30.41,30.49,37823
2021-07-15,30.59,30.78,30.55,30.77,48290
2021-07-16,30.34,30.38,30.17,30.36,37002
2021-07-19,30.16,30.21,29.85,30.01,41802
2021-07-20,29.9,30.01,29.74,29.77,31444
2021-07-21,30.02,30.02,29.61,29.74,50776
2021-07-22,29.98,30.14,29.86,29.95,24405
2021-07-23,30.03,30.09,29.88,29.95,12374
2021-07-26,29.97,30.03,29.64,29.68,46351
2021-07-27,29.7,29.82,29.6,29.67,41265
2021-07-28,29.61,29.61,29.1,29.21,120231
2021-07-29,29.55,29.72,29.42,29.7,42857
2021-07-30,29.72,29.72,29.59,29.6,15472
2021-08-02,29.8,30.02,29.6,30.0,28890
2021-08-03,30.01,30.12,29.96,30.12,24321
2021-08-04,30.16,30.3,30.12,30.29,21724
2021-08-05,30.29,30.34,30.21,30.24,22573
2021-08-06,30.22,30.24,29.98,30.2,15682
2021-08-09,30.07,30.14,29.74,30.11,20148
2021-08-10,30.12,30.13,29.91,29.95,9903
2021-08-11,29.88,29.95,29.72,29.85,14460
2021-08-12,29.85,29.86,29.7,29.79,8938
2021-08-13,29.72,29.77,29.49,29.51,28719
2021-08-16,29.48,29.53,29.35,29.45,42836
2021-08-17,29.46,29.48,29.22,29.23,52038
2021-08-18,29.06,29.36,28.81,29.35,85850
2021-08-19,29.26,29.26,28.63,28.67,105585
2021-08-20,28.76,28.89,28.33,28.44,62649
2021-08-23,28.77,29.25,28.75,29.23,23546
2021-08-24,29.41,29.45,29.28,29.31,19796
2021-08-25,29.4,29.61,29.4,29.6,27404
2021-08-26,29.9,30.02,29.66,29.8,28350
2021-08-27,29.74,30.13,29.68,30.05,66068
2021-08-30,30.16,30.35,30.12,30.35,85415
2021-08-31,30.33,30.53,30.04,30.53,64500
2021-09-01,30.49,30.74,30.47,30.67,72891
2021-09-02,30.65,30.76,30.44,30.44,27918
2021-09-03,30.6,30.91,30.55,30.87,44337
2021-09-06,30.87,31.22,30.81,31.01,55343
2021-09-07,31.07,31.07,30.77,30.87,32845
2021-09-08,30.84,30.89,30.45,30.6,27916
2021-09-09,30.38,30.67,30.3,30.52,12250
2021-09-10,30.61,30.91,30.57,30.88,11930
2021-09-13,30.86,30.86,30.71,30.77,12939
2021-09-14,30.86,30.94,30.75,30.81,9638
2021-09-15,30.74,30.77,30.54,30.62,47973
2021-09-16,30.63,30.67,30.4,30.48,32049
2021-09-17,30.48,30.69,30.35,30.57,15056
2021-09-22,29.83,29.93,29.65,29.85,95626
2021-09-23,30.02,30.13,29.93,30.02,22950
2021-09-24,30.2,30.38,30.17,30.38,24729
2021-09-27,30.42,30.53,30.28,30.46,46916
2021-09-28,30.29,30.32,30.08,30.24,70802
2021-09-29,29.78,29.78,29.47,29.59,118839
2021-09-30,29.65,29.83,29.41,29.82,66370
2021-10-01,29.65,29.65,29.08,29.14,108370
2021-10-04,29.3,29.33,28.9,28.97,93020
2021-10-05,28.72,28.93,28.48,28.92,107861
2021-10-06,29.15,29.15,28.72,28.93,88152
2021-10-07,29.16,29.5,29.14,29.45,54267
2021-10-08,29.51,29.51,29.14,29.2,30806
2021-10-12,28.87,28.97,28.63,28.9,44110
2021-10-13,29.02,29.06,28.75,28.8,21733
2021-10-14,29.04,29.09,28.83,28.88,13018
2021-10-15,29.29,29.66,29.22,29.64,53613
2021-10-18,29.74,29.78,29.5,29.55,21166
2021-10-19,29.63,29.86,29.6,29.79,33880
2021-10-20,29.82,29.87,29.68,29.72,58064
2021-10-21,29.74,29.98,29.61,29.61,52201
2021-10-22,29.64,29.75,29.51,29.7,20749
2021-10-25,29.59,29.74,29.41,29.67,29362
2021-10-26,29.73,29.97,29.72,29.92,42012
2021-10-27,29.79,29.92,29.74,29.92,29550
2021-10-28,29.9,29.95,29.72,29.84,17776
2021-10-29,29.82,29.82,29.45,29.54,19783
2021-11-01,29.63,29.75,29.63,29.7,12074
2021-11-02,29.76,29.95,29.62,29.64,15930
2021-11-03,29.67,29.8,29.67,29.72,9296
2021-11-04,29.86,29.91,29.62,29.62,10037
2021-11-05,29.83,30.07,29.76,30.04,44980
2021-11-08,30.07,30.28,30.07,30.28,29547
2021-11-09,30.49,30.72,30.48,30.61,49104
2021-11-10,30.6,30.6,30.46,30.57,21404
2021-11-11,30.26,30.4,30.2,30.29,17750
2021-11-12,30.44,30.63,30.35,30.39,22775
2021-11-15,30.58,30.73,30.58,30.66,25919
2021-11-16,30.66,30.77,30.63,30.72,22967
2021-11-17,30.74,30.83,30.71,30.82,81202
2021-11-18,30.84,31.01,30.82,30.99,23377
2021-11-19,31.22,31.23,31.03,31.07,23825
2021-11-22,31.04,31.09,30.98,30.99,14822
2021-11-23,30.89,30.89,30.69,30.7,17952
2021-11-24,30.7,30.71,30.49,30.57,12177
2021-11-25,30.57,30.65,30.46,30.55,9910
2021-11-26,30.36,30.42,30.01,30.05,46648
2021-11-29,29.93,30.2,29.91,30.05,44656
2021-11-30,30.2,30.37,29.99,30.02,41103
2021-12-01,30.04,30.57,30.03,30.52,16704
2021-12-02,30.48,30.88,30.39,30.85,35537
2021-12-03,30.88,30.92,30.7,30.84,19331
2021-12-06,30.61,30.87,30.46,30.75,15418
2021-12-07,30.75,30.85,30.53,30.85,12050
2021-12-08,31.13,31.24,30.96,30.97,43552
2021-12-09,30.99,31.03,30.83,30.89,18163
2021-12-10,30.85,30.91,30.75,30.88,13121
2021-12-13,30.94,30.99,30.78,30.78,18437
2021-12-14,30.53,30.61,30.45,30.48,18753
2021-12-15,30.48,30.59,30.39,30.52,39734
2021-12-16,30.75,30.9,30.71,30.9,22468
2021-12-17,30.79,30.89,30.72,30.87,19550
2021-12-20,30.85,30.86,30.52,30.6,17374
2021-12-21,30.61,30.88,30.61,30.86,26403
2021-12-22,30.88,30.89,30.82,30.86,16286
2021-12-23,31.06,31.15,30.95,31.03,55705
2021-12-24,31.11,31.24,31.1,31.12,50102
2021-12-27,31.15,31.38,31.13,31.36,26049
2021-12-28,31.39,31.61,31.39,31.61,89824
2021-12-29,31.64,31.79,31.56,31.75,90089
2021-12-30,31.75,31.76,31.62,31.65,24986
2022-01-03,31.76,32.06,31.76,31.85,27137
2022-01-04,32.13,32.55,32.13,32.55,38538
2022-01-05,32.65,32.75,32.44,32.48,45626
2022-01-06,32.26,32.36,31.98,32.18,34485
2022-01-07,32.26,32.41,31.87,31.89,27956
2022-01-10,31.76,32.15,31.63,32.1,62808
2022-01-11,32.11,32.31,31.91,32.26,71022
2022-01-12,32.49,32.55,32.35,32.53,40619
2022-01-13,32.53,32.73,32.53,32.7,29812
2022-01-14,32.81,32.89,32.43,32.7,40446
2022-01-17,32.87,33.15,32.87,33.07,27711
2022-01-18,33.11,33.12,32.67,32.7,57660
2022-01-19,32.41,32.56,32.25,32.31,58657
2022-01-20,32.31,32.46,32.11,32.44,65053
2022-01-21,31.99,32.0,31.64,31.71,119510
2022-01-24,31.59,32.01,31.5,32.01,52642
2022-01-25,31.69,31.69,31.4,31.49,96088
2022-01-26,31.38,31.61,31.36,31.47,71003
2022-02-07,31.7,31.75,31.39,31.64,96090
2022-02-08,31.86,31.9,31.75,31.77,44340
2022-02-09,31.9,31.9,31.71,31.88,32244
2022-02-10,31.99,32.25,31.9,32.25,24017
2022-02-11,32.17,32.25,32.03,32.23,17260
2022-02-14,32.0,32.0,31.61,31.73,47456
2022-02-15,31.73,31.84,31.56,31.58,29445
2022-02-16,31.99,32.11,31.97,32.1,26800
2022-02-17,32.1,32.24,32.01,32.13,19763
2022-02-18,31.9,32.05,31.8,32.04,15469
2022-02-21,31.89,31.98,31.75,31.97,18012
2022-02-22,31.7,31.71,31.29,31.54,74873
2022-02-23,31.54,31.66,31.49,31.63,17635
2022-02-24,31.37,31.37,30.75,30.86,117814
2022-02-25,30.91,30.95,30.65,30.79,90309
2022-03-01,30.91,31.3,30.87,31.23,32958
2022-03-02,31.13,31.15,30.95,31.05,24525
2022-03-03,31.24,31.3,31.09,31.11,17755
2022-03-04,30.79,30.87,30.67,30.78,50397
2022-03-07,30.44,30.44,29.74,29.79,208178
2022-03-08,29.45,29.6,29.12,29.16,167283
2022-03-09,29.39,29.62,29.39,29.46,83526
2022-03-10,30.06,30.36,30.06,30.31,57746
2022-03-11,30.2,30.2,29.84,29.88,42419
2022-03-14,30.01,30.09,29.79,29.88,34347
2022-03-15,29.6,29.6,29.21,29.27,94123
2022-03-16,29.61,29.62,29.15,29.39,75954
2022-03-17,30.11,30.35,30.06,30.32,56006
2022-03-18,30.37,30.37,30.12,30.26,50581
2022-03-21,30.41,30.6,30.41,30.46,30874
2022-03-22,30.41,30.46,30.3,30.41,24184
2022-03-23,30.59,30.76,30.58,30.7,41080
2022-03-24,30.57,30.7,30.47,30.68,17109
2022-03-25,30.77,30.79,30.66,30.72,19497
2022-03-28,30.46,30.46,30.14,30.39,42025
2022-03-29,30.46,30.5,30.37,30.42,25774
2022-03-30,30.69,30.84,30.69,30.8,32665
2022-03-31,30.8,30.82,30.7,30.7,14239
2022-04-01,30.37,30.45,30.27,30.45,30795
2022-04-06,30.07,30.31,30.01,30.29,46252
2022-04-07,30.04,30.04,29.75,29.75,58991
2022-04-08,29.81,29.91,29.74,29.91,35769
2022-04-11,29.82,29.89,29.39,29.45,66838
2022-04-12,29.38,29.54,29.26,29.47,56876
2022-04-13,29.66,30.06,29.61,30.02,28187
2022-04-14,30.18,30.18,29.91,29.91,19792
2022-04-15,29.54,29.58,29.35,29.4,82770
2022-04-18,29.35,29.4,29.16,29.25,71848
2022-04-19,29.4,29.56,29.31,29.35,36238
2022-04-20,29.39,29.5,29.27,29.49,27049
2022-04-21,29.62,29.7,29.49,29.51,15936
2022-04-22,29.21,29.29,29.09,29.26,44801
2022-04-25,28.9,28.91,28.6,28.74,128852
2022-04-26,28.85,28.86,28.65,28.74,37409
2022-04-27,28.23,28.23,28.02,28.13,114986
2022-04-28,28.31,28.32,28.0,28.26,46171
2022-04-29,28.66,28.79,28.51,28.62,47538
2022-05-03,28.58,28.61,28.33,28.41,25125
2022-05-04,28.52,28.56,28.35,28.41,39599
2022-05-05,28.79,28.86,28.67,28.74,24902
2022-05-06,28.11,28.2,28.0,28.16,68204
2022-05-09,27.9,27.91,27.68,27.69,51721
2022-05-10,27.16,27.59,27.02,27.57,55377
2022-05-11,27.53,27.67,27.41,27.61,32200
2022-05-12,27.35,27.35,26.95,26.96,47755
2022-05-13,27.15,27.2,27.02,27.2,28106
2022-05-16,27.45,27.57,27.23,27.35,22905
2022-05-17,27.38,27.68,27.38,27.65,16662
2022-05-18,27.87,28.01,27.85,27.95,25266
2022-05-19,27.45,27.52,27.27,27.41,29033
2022-05-20,27.51,27.78,27.49,27.71,14662
2022-05-23,27.86,27.92,27.68,27.77,10716
2022-05-24,27.79,27.83,27.43,27.46,20277
2022-05-25,27.5,27.72,27.45,27.67,10270
2022-05-26,27.79,27.79,27.31,27.32,23220
2022-05-27,27.6,27.97,27.58,27.9,46802
2022-05-30,28.29,28.59,28.25,28.58,58171
2022-05-31,28.56,28.86,28.37,28.86,28103
2022-06-01,28.75,28.91,28.68,28.71,25627
2022-06-02,28.56,28.56,28.37,28.41,17719
2022-06-06,28.51,28.68,28.33,28.61,16111
2022-06-07,28.45,28.45,28.2,28.32,19366
2022-06-08,28.57,28.7,28.49,28.64,15916
2022-06-09,28.5,28.57,28.38,28.55,7709
2022-06-10,28.19,28.32,28.1,28.26,16998
2022-06-13,27.59,27.62,27.45,27.47,67467
2022-06-14,27.26,27.47,27.15,27.42,47559
2022-06-15,27.35,27.48,27.27,27.29,35393
2022-06-16,27.59,27.79,27.18,27.23,51072
2022-06-17,26.9,27.01,26.77,26.87,78686
2022-06-20,26.88,26.89,26.57,26.62,42257
2022-06-21,26.89,27.17,26.76,27.17,25930
2022-06-22,27.06,27.06,26.53,26.57,60436
2022-06-23,26.63,26.63,26.07,26.21,67492
2022-06-24,26.38,26.52,26.22,26.27,43074
2022-06-27,26.63,27.0,26.63,26.89,66724
2022-06-28,26.86,26.86,26.51,26.63,43234
2022-06-29,26.39,26.58,26.35,26.41,25088
2022-06-30,26.17,26.19,25.68,25.74,81721
2022-07-01,25.71,25.71,24.72,24.8,138878
2022-07-04,24.73,24.94,24.46,24.56,105771
2022-07-05,25.02,25.11,24.23,24.68,64858
2022-07-06,24.68,24.69,24.11,24.2,62448
2022-07-07,24.33,24.93,24.13,24.92,53733
2022-07-08,25.19,25.32,24.97,25.18,40711
2022-07-11,25.27,25.28,24.87,24.96,30292
2022-07-12,24.67,24.67,24.27,24.36,44534
2022-07-13,25.12,25.27,25.03,25.22,99300
2022-07-14,25.06,25.4,24.86,25.34,59002
2022-07-15,25.48,25.71,25.29,25.68,74221
2022-07-18,25.89,25.94,25.73,25.79,88829
2022-07-19,25.73,25.89,25.66,25.81,53005
2022-07-20,26.16,26.24,25.9,25.98,67345
2022-07-21,26.06,26.28,25.97,26.28,35213
2022-07-22,26.33,26.47,26.27,26.38,62460
2022-07-25,26.27,26.41,26.2,26.36,42173
2022-07-26,26.33,26.33,26.04,26.12,50496
2022-07-27,26.08,26.36,26.01,26.36,31668
2022-07-28,26.62,26.64,26.4,26.4,33229
2022-07-29,26.68,26.76,26.57,26.65,32121
2022-08-01,26.67,26.67,26.47,26.57,38019
2022-08-02,26.37,26.37,26.05,26.15,70778
2022-08-03,26.17,26.31,26.14,26.31,31361
2022-08-04,26.33,26.43,26.07,26.37,27398
2022-08-05,26.7,27.04,26.68,27.04,37238
2022-08-08,26.93,26.98,26.77,26.98,34766
2022-08-09,26.79,27.04,26.7,26.96,31537
2022-08-10,26.7,26.75,26.59,26.68,28891
2022-08-11,27.11,27.26,27.06,27.17,42912
2022-08-12,27.28,27.38,27.22,27.34,33697
2022-08-15,27.48,27.63,27.44,27.58,38189
2022-08-16,27.61,27.67,27.58,27.63,39489
2022-08-17,27.63,27.67,27.56,27.64,55419
2022-08-18,27.47,27.48,27.37,27.46,21088
2022-08-19,27.44,27.61,27.36,27.5,16104
2022-08-22,27.15,27.21,27.1,27.17,20028
2022-08-23,26.83,26.93,26.75,26.75,41303
2022-08-24,26.88,26.92,26.62,26.68,28254
2022-08-25,26.81,27.03,26.8,26.93,19575
2022-08-26,27.12,27.18,27.03,27.06,39839
2022-08-29,26.31,26.46,26.25,26.37,63103
2022-08-30,26.37,26.52,26.29,26.42,48621
2022-08-31,26.24,26.61,26.2,26.61,28184
2022-09-01,26.14,26.16,25.97,26.06,84246
2022-09-02,26.05,26.05,25.76,25.77,55976
2022-09-05,25.82,25.97,25.73,25.83,35513
2022-09-06,25.98,26.11,25.85,26.0,25904
2022-09-07,25.59,25.6,25.37,25.39,61956
2022-09-08,25.58,25.58,25.43,25.57,28469
2022-09-12,26.09,26.17,26.02,26.11,30181
2022-09-13,26.27,26.34,26.19,26.25,18162
2022-09-14,25.58,25.79,25.52,25.72,43782
2022-09-15,25.68,25.85,25.62,25.76,14736
2022-09-16,25.49,25.54,25.41,25.47,51804
2022-09-19,25.56,25.56,25.32,25.36,28709
2022-09-20,25.47,25.6,25.4,25.58,23029
2022-09-21,25.52,25.52,25.3,25.37,44046
2022-09-22,24.98,25.06,24.78,25.06,59647
2022-09-23,24.95,24.97,24.74,24.82,58396
2022-09-26,24.45,24.45,24.25,24.36,79683
2022-09-27,24.39,24.43,24.21,24.33,35851
2022-09-28,24.35,24.36,23.82,23.82,75594
2022-09-29,24.09,24.09,23.67,23.74,41608
2022-09-30,23.38,23.51,23.31,23.41,50706
2022-10-03,23.19,23.44,23.09,23.13,43969
2022-10-04,23.66,23.71,23.56,23.71,30115
2022-10-05,24.1,24.4,24.07,24.27,42787
2022-10-06,24.39,24.44,24.33,24.44,33828
2022-10-07,24.3,24.3,24.01,24.03,34803
2022-10-11,23.08,23.11,22.74,22.79,125922
2022-10-12,22.72,22.79,22.53,22.67,53397
2022-10-13,22.75,22.75,22.4,22.4,83371
2022-10-14,23.02,23.15,22.88,23.05,45731
2022-10-17,22.62,22.65,22.41,22.62,78772
2022-10-18,22.97,22.98,22.62,22.88,25608
2022-10-19,22.81,22.85,22.53,22.57,62496
2022-10-20,22.22,22.5,22.03,22.45,75940
2022-10-21,22.47,22.59,22.33,22.38,48662
2022-10-24,22.8,22.81,22.31,22.31,67982
2022-10-25,22.31,22.31,21.84,21.88,80260
2022-10-26,21.92,22.18,21.84,22.09,43838
2022-10-27,22.29,22.48,22.29,22.4,32069
2022-10-28,22.31,22.31,22.01,22.12,45963
2022-10-31,22.37,22.48,22.2,22.41,40352
2022-11-01,22.37,22.62,22.36,22.54,32777
2022-11-02,22.54,22.64,22.49,22.63,28021
2022-11-03,22.29,22.37,22.25,22.33,54132
2022-11-04,22.2,22.39,22.06,22.37,25730
2022-11-07,22.58,22.82,22.53,22.75,48426
2022-11-08,22.96,23.07,22.91,22.99,41626
2022-11-09,23.21,23.65,23.21,23.65,75645
2022-11-10,23.41,23.5,23.35,23.42,58932
2022-11-11,24.56,24.66,24.39,24.66,137250
2022-11-14,24.85,24.98,24.76,24.89,72667
2022-11-15,25.16,26.01,25.16,25.95,135373
2022-11-16,26.02,26.19,25.76,25.91,94685
2022-11-17,25.79,25.94,25.54,25.92,53410
2022-11-18,26.0,26.21,25.81,25.85,42624
2022-11-21,25.88,25.94,25.73,25.76,34742
2022-11-22,25.66,26.02,25.58,25.98,22178
2022-11-23,26.17,26.23,26.03,26.16,31756
2022-11-24,26.25,26.44,26.23,26.41,60955
2022-11-25,26.4,26.46,26.33,26.41,64082
2022-11-28,25.93,26.09,25.77,25.88,60179
2022-11-29,25.76,26.11,25.59,26.11,42686
2022-11-30,26.05,26.34,25.99,26.33,37184
2022-12-01,26.97,27.04,26.7,26.78,98737
2022-12-02,26.54,26.69,26.48,26.54,29921
2022-12-05,26.54,26.81,26.52,26.58,47951
2022-12-06,26.43,26.43,26.07,26.09,39880
2022-12-07,25.91,26.21,25.84,25.93,32902
2022-12-08,25.81,25.82,25.45,25.63,36476
2022-12-09,25.8,26.08,25.79,26.02,24947
2022-12-12,25.84,25.84,25.63,25.77,33456
2022-12-13,25.91,25.91,25.63,25.66,26089
2022-12-14,25.82,26.02,25.8,25.98,31534
2022-12-15,25.86,26.03,25.77,26.0,31237
2022-12-16,25.46,25.64,25.4,25.57,47527
2022-12-19,25.42,25.56,25.34,25.42,24526
2022-12-20,25.38,25.46,24.9,24.96,49744
2022-12-21,25.07,25.21,24.96,25.06,47613
2022-12-22,25.29,25.51,25.29,25.48,20093
2022-12-23,25.05,25.13,24.98,25.05,23941
2022-12-26,25.07,25.16,25.05,25.14,16121
2022-12-27,25.21,25.4,25.21,25.25,16509
2022-12-28,25.0,25.0,24.76,24.89,48701
2022-12-29,24.71,24.8,24.53,24.78,55414
2022-12-30,25.03,25.06,24.94,24.94,34573
2023-01-03,24.8,25.09,24.54,25.06,59243
2023-01-04,24.96,25.07,24.91,25.0,55019
2023-01-05,25.17,25.28,25.11,25.19,48284
2023-01-06,25.16,25.39,25.15,25.3,46347
2023-01-09,25.8,26.2,25.77,26.2,59992
2023-01-10,26.24,26.34,26.19,26.31,47897
2023-01-11,26.4,26.42,26.23,26.33,62410
2023-01-12,26.36,26.38,26.17,26.21,39817
2023-01-13,26.81,26.84,26.46,26.52,113934
2023-01-16,26.72,26.83,26.7,26.72,110397
2023-01-17,26.78,26.78,26.66,26.72,56226
2023-01-30,27.95,28.0,27.77,27.93,173329
2023-01-31,27.9,27.9,27.37,27.37,86450
2023-02-01,27.56,27.64,27.41,27.53,26164
2023-02-02,27.83,28.02,27.82,28.0,62178
2023-02-03,27.99,28.04,27.81,28.0,38029
2023-02-06,27.79,27.79,27.59,27.59,53519
2023-02-07,27.56,27.59,27.43,27.53,33203
2023-02-08,27.79,27.99,27.77,27.96,35660
2023-02-09,27.88,28.0,27.83,27.97,19397
2023-02-10,27.97,28.02,27.9,28.0,24872
2023-02-13,27.93,27.97,27.74,27.94,15322
2023-02-14,28.05,28.18,28.05,28.15,30469
2023-02-15,27.75,27.82,27.49,27.5,49085
2023-02-16,27.6,27.88,27.6,27.83,44040
2023-02-17,27.6,27.6,27.4,27.48,31532
2023-02-20,27.43,27.61,27.33,27.53,23364
2023-02-21,27.53,27.56,27.43,27.52,17772
2023-02-22,27.19,27.24,27.09,27.22,43550
2023-02-23,27.29,27.72,27.29,27.63,24791
2023-02-24,27.74,27.79,27.49,27.49,21991
2023-03-01,27.14,27.64,27.04,27.61,29869
2023-03-02,27.61,27.61,27.37,27.59,13925
2023-03-03,27.72,27.79,27.58,27.61,12404
2023-03-06,27.8,27.97,27.74,27.88,37365
2023-03-07,27.89,28.09,27.81,28.07,29874
2023-03-08,27.88,27.9,27.72,27.83,24728
2023-03-09,27.94,27.95,27.81,27.81,13109
2023-03-10,27.5,27.52,27.3,27.37,52549
2023-03-13,27.29,27.56,27.16,27.49,74943
2023-03-14,27.2,27.29,27.11,27.19,44186
2023-03-15,27.4,27.46,27.18,27.21,48857
2023-03-16,27.12,27.16,26.96,27.08,62426
2023-03-17,27.27,27.52,27.26,27.52,43399
2023-03-20,27.52,27.55,27.27,27.33,28430
2023-03-21,27.42,27.48,27.35,27.45,14367
2023-03-22,27.64,27.97,27.64,27.97,56969
2023-03-23,27.92,28.3,27.87,28.19,62132
2023-03-24,28.23,28.3,28.12,28.27,53830
2023-03-27,28.17,28.2,28.04,28.1,42578
2023-03-28,27.99,28.03,27.81,27.86,38966
2023-03-29,27.92,28.01,27.8,27.9,12298
2023-03-30,28.09,28.16,27.94,28.04,45522
2023-03-31,28.16,28.31,28.09,28.14,59807
2023-04-06,27.96,28.0,27.81,28.0,30006
2023-04-07,28.05,28.1,27.95,28.0,17655
2023-04-10,28.05,28.15,27.97,28.0,15124
2023-04-11,28.0,28.03,27.86,27.96,23766
2023-04-12,27.96,27.96,27.8,27.89,11569
2023-04-13,27.78,27.8,27.65,27.65,26200
2023-04-14,27.77,27.97,27.73,27.92,12363
2023-04-17,27.85,27.88,27.72,27.85,22757
2023-04-18,27.85,27.86,27.71,27.75,19339
2023-04-19,27.77,27.78,27.49,27.55,31139
2023-04-20,27.5,27.63,27.4,27.51,25632
2023-04-21,27.64,27.66,27.42,27.44,19225
2023-04-24,27.26,27.42,27.23,27.34,26235
2023-04-25,27.37,27.37,26.97,26.98,74111
2023-04-26,26.97,26.98,26.76,26.86,51812
2023-04-27,26.85,26.99,26.72,26.84,37843
2023-04-28,27.04,27.2,27.04,27.16,22564
2023-05-02,27.18,27.3,27.09,27.23,20658
2023-05-03,27.15,27.15,27.02,27.12,16714
2023-05-04,27.07,27.19,27.0,27.19,14829
2023-05-05,27.23,27.31,27.16,27.26,8875
2023-05-08,27.42,27.51,27.38,27.43,24045
2023-05-09,27.44,27.53,27.37,27.51,18545
2023-05-10,27.49,27.49,27.22,27.26,16300
2023-05-11,27.36,27.41,27.2,27.2,14740
2023-05-12,27.11,27.19,27.01,27.12,15253
2023-05-15,27.06,27.15,26.99,27.12,16479
2023-05-16,27.28,27.53,27.27,27.44,31606
2023-05-17,27.45,27.93,27.45,27.89,104120
2023-05-18,28.18,28.32,28.14,28.26,87894
2023-05-19,28.37,28.42,28.27,28.34,136499
2023-05-22,28.34,28.38,28.25,28.3,71936
2023-05-23,28.3,28.38,28.18,28.27,49063
2023-05-24,28.15,28.18,28.02,28.14,43519
2023-05-25,28.46,28.55,28.33,28.47,45771
2023-05-26,28.92,29.17,28.92,29.14,95122
2023-05-29,29.49,29.51,29.27,29.33,57995
2023-05-30,29.33,29.4,29.26,29.33,48495
2023-05-31,29.32,29.32,28.96,29.19,35461
2023-06-01,29.0,29.06,28.9,28.96,15517
2023-06-02,29.11,29.38,29.11,29.33,31771
2023-06-05,29.33,29.34,29.21,29.23,25440
2023-06-06,29.23,29.44,29.19,29.32,26370
2023-06-07,29.38,29.67,29.38,29.64,48306
2023-06-08,29.59,29.66,29.28,29.35,20563
2023-06-09,29.5,29.66,29.48,29.57,22208
2023-06-12,29.73,29.92,29.73,29.85,54885
2023-06-13,30.13,30.53,30.13,30.44,93753
2023-06-14,30.4,30.45,30.31,30.43,26708
2023-06-15,30.44,30.54,30.43,30.52,44164
2023-06-16,30.5,30.5,30.33,30.44,28809
2023-06-19,30.3,30.43,30.21,30.37,23916
2023-06-20,30.33,30.37,30.16,30.21,26116
2023-06-21,30.21,30.32,30.14,30.21,106262
2023-06-26,30.16,30.16,29.94,30.02,29574
2023-06-27,29.88,29.97,29.78,29.82,26296
2023-06-28,29.93,30.01,29.8,29.87,22783
2023-06-29,30.02,30.19,29.82,29.86,22786
2023-06-30,29.8,29.87,29.69,29.87,28117
2023-07-03,29.99,30.24,29.99,30.24,26491
2023-07-04,30.25,30.35,30.21,30.31,22719
2023-07-05,30.31,30.36,30.17,30.26,20004
2023-07-06,30.01,30.01,29.55,29.59,65609
2023-07-07,29.51,29.69,29.41,29.55,32082
2023-07-10,29.64,29.73,29.38,29.49,31487
2023-07-11,29.62,29.89,29.62,29.89,18162
2023-07-12,29.92,29.95,29.81,29.95,13758
2023-07-13,30.38,30.52,30.28,30.29,62665
2023-07-14,30.41,30.66,30.41,30.6,58929
2023-07-17,30.54,30.59,30.48,30.54,61114
2023-07-18,30.75,30.75,30.45,30.48,43350
2023-07-19,30.55,30.64,30.22,30.22,57199
2023-07-20,30.3,30.45,30.28,30.37,14888
2023-07-21,29.91,29.91,29.7,29.86,51029
2023-07-24,29.81,29.97,29.72,29.87,38901
2023-07-25,29.98,30.33,29.98,30.25,27691
2023-07-26,30.31,30.33,30.13,30.17,17587
2023-07-27,30.32,30.4,30.28,30.4,16028
2023-07-28,30.38,30.49,30.28,30.4,10723
2023-07-31,30.59,30.67,30.11,30.24,28994
2023-08-01,30.28,30.41,30.25,30.39,17791
2023-08-02,30.38,30.39,29.92,30.01,48023
2023-08-04,29.87,29.93,29.79,29.87,26940
2023-08-07,29.97,30.21,29.94,30.17,18407
2023-08-08,30.07,30.1,29.67,29.81,42070
2023-08-09,29.77,29.97,29.73,29.86,14658
2023-08-10,29.79,29.81,29.65,29.67,43584
2023-08-11,29.81,29.9,29.61,29.65,30991
2023-08-14,29.5,29.51,29.13,29.23,90267
2023-08-15,29.4,29.45,29.25,29.27,29644
2023-08-16,29.15,29.2,29.02,29.12,72292
2023-08-17,29.02,29.26,28.85,29.25,38535
2023-08-18,29.16,29.3,29.04,29.07,30403
2023-08-21,29.16,29.22,28.88,28.88,40237
2023-08-22,29.11,29.19,29.04,29.11,14565
2023-08-23,29.11,29.38,29.11,29.31,27136
2023-08-24,29.67,29.84,29.64,29.81,26695
2023-08-25,29.46,29.46,29.23,29.24,28755
2023-08-28,29.31,29.51,29.29,29.43,17259
2023-08-29,29.58,29.59,29.27,29.59,25960
2023-08-30,29.76,29.83,29.6,29.72,22998
2023-08-31,29.71,29.71,29.46,29.51,17424
2023-09-01,29.46,29.65,29.37,29.56,12328
2023-09-04,29.56,29.77,29.49,29.76,13691
2023-09-05,29.71,29.72,29.59,29.68,14490
2023-09-06,29.72,29.74,29.54,29.58,29338
2023-09-07,29.41,29.46,29.27,29.31,22601
2023-09-08,29.13,29.23,29.07,29.18,22111
2023-09-11,29.22,29.23,28.97,29.06,33027
2023-09-12,29.13,29.36,29.07,29.36,10399
2023-09-13,29.39,29.49,29.27,29.39,12823
2023-09-14,29.56,29.8,29.47,29.8,28712
2023-09-15,29.81,29.9,29.76,29.9,22934
2023-09-18,29.72,29.72,29.54,29.58,28384
2023-09-19,29.54,29.59,29.43,29.45,16069
2023-09-20,29.36,29.39,29.23,29.29,23793
2023-09-21,29.06,29.07,28.79,28.82,84683
2023-09-22,28.75,28.83,28.65,28.79,38238
2023-09-25,28.82,29.05,28.82,29.0,15973
2023-09-26,28.79,28.88,28.64,28.66,40307
2023-09-27,28.61,28.71,28.53,28.68,26110
2023-09-28,28.82,28.91,28.65,28.79,22157
2023-10-02,29.02,29.23,29.02,29.17,25845
2023-10-03,29.1,29.15,28.98,28.99,20274
2023-10-04,28.66,28.69,28.49,28.62,44900
2023-10-05,28.73,29.03,28.73,29.03,16422
2023-10-06,29.06,29.18,29.06,29.13,19540
2023-10-11,29.56,29.67,29.54,29.64,53988
2023-10-12,29.7,29.9,29.65,29.88,57188
2023-10-13,29.81,29.91,29.7,29.8,25451
2023-10-16,29.65,29.65,29.51,29.64,30968
2023-10-17,29.74,29.81,29.67,29.71,27344
2023-10-18,29.64,29.64,29.3,29.3,38264
2023-10-19,29.2,29.39,29.2,29.31,31305
2023-10-20,29.29,29.45,29.09,29.44,17549
2023-10-23,29.31,29.31,29.0,29.07,32149
2023-10-24,29.06,29.1,28.8,29.1,28789
2023-10-25,29.16,29.32,29.16,29.16,15920
2023-10-26,28.61,28.73,28.55,28.58,87896
2023-10-27,28.68,28.82,28.66,28.71,16276
2023-10-30,28.73,28.84,28.58,28.64,36553
2023-10-31,28.73,28.75,28.43,28.44,43124
2023-11-01,28.64,28.68,28.46,28.58,17689
2023-11-02,28.91,29.23,28.91,29.23,39233
2023-11-03,29.34,29.49,29.27,29.45,34794
2023-11-06,29.71,29.86,29.66,29.71,63693
2023-11-07,29.7,29.77,29.6,29.7,26172
2023-11-08,29.73,29.92,29.7,29.86,44403
2023-11-09,29.79,29.91,29.73,29.87,24907
2023-11-10,29.74,29.78,29.67,29.76,17006
2023-11-13,30.34,30.42,30.17,30.21,101550
2023-11-14,30.33,30.42,30.27,30.28,80378
2023-11-15,30.73,30.75,30.53,30.65,91164
2023-11-16,30.71,30.8,30.59,30.66,73317
2023-11-17,30.66,30.87,30.65,30.75,108590
2023-11-20,30.76,30.76,30.62,30.74,34642
2023-11-21,30.86,31.15,30.86,31.12,113513
2023-11-22,30.81,30.94,30.79,30.84,24548
2023-11-23,30.84,30.86,30.69,30.82,24937
2023-11-24,30.82,30.91,30.76,30.8,53238
2023-11-27,30.8,30.95,30.54,30.6,37727
2023-11-28,30.61,30.94,30.59,30.81,38276
2023-11-29,30.82,31.03,30.76,30.79,26470
2023-11-30,30.82,30.87,30.67,30.84,43669
2023-12-01,30.75,30.94,30.71,30.94,21199
2023-12-04,30.94,30.99,30.73,30.82,17596
2023-12-05,30.66,30.66,30.49,30.6,19112
2023-12-06,30.61,30.85,30.61,30.71,28548
2023-12-07,30.66,30.67,30.52,30.52,10955
2023-12-08,30.79,30.89,30.73,30.76,52096
2023-12-11,30.76,30.84,30.67,30.8,12519
2023-12-12,30.96,31.0,30.84,30.87,21902
2023-12-13,30.89,30.94,30.85,30.88,11762
2023-12-14,31.14,31.33,31.11,31.26,128026
2023-12-15,31.38,31.5,31.38,31.39,73515
2023-12-18,31.38,31.43,31.13,31.43,26608
2023-12-19,31.41,31.41,31.16,31.32,22425
2023-12-20,31.35,31.42,31.32,31.4,26463
2023-12-21,31.03,31.15,31.0,31.13,21420
2023-12-22,31.13,31.25,31.13,31.21,24817
2023-12-25,31.22,31.41,31.21,31.34,32322
2023-12-26,31.34,31.55,31.34,31.52,67268
2023-12-27,31.55,31.9,31.54,31.87,119800
2023-12-28,31.87,31.93,31.8,31.87,59393
2023-12-29,31.86,31.93,31.77,31.8,52446
2024-01-02,31.83,31.92,31.61,31.67,23688
2024-01-03,31.39,31.43,31.06,31.12,54190
2024-01-04,31.12,31.16,31.06,31.11,18270
2024-01-05,31.12,31.21,31.01,31.02,15999
2024-01-08,31.22,31.36,31.16,31.16,37579
2024-01-09,31.42,31.45,31.16,31.22,22804
2024-01-10,31.08,31.14,30.99,31.06,27126
2024-01-11,31.09,31.28,31.07,31.19,22504
2024-01-12,31.03,31.23,30.98,31.14,25938
2024-01-15,31.14,31.14,31.14,31.14,0
2024-01-16,31.0,31.06,30.78,30.91,87905
2024-01-17,31.23,31.23,30.58,30.62,145373
2024-01-18,30.73,30.88,30.73,30.82,28368
2024-01-19,31.64,31.97,31.49,31.93,104150
2024-01-22,32.14,32.28,32.03,32.14,51770
2024-01-23,32.17,32.25,32.07,32.2,27610
2024-01-24,32.23,32.29,32.18,32.19,56681
2024-01-25,32.44,32.6,32.41,32.59,104278
2024-01-26,32.59,32.66,32.5,32.59,63300
2024-01-29,32.59,32.83,32.58,32.79,106545
2024-01-30,32.76,32.83,32.68,32.71,38244
2024-01-31,32.49,32.5,32.28,32.28,27140
2024-02-01,32.28,32.31,32.09,32.28,33584
2024-02-02,32.43,32.48,32.35,32.46,35617
2024-02-05,32.46,32.72,32.43,32.66,68851
2024-02-15,34.16,34.28,33.97,34.2,166902
2024-02-16,34.2,34.2,33.92,33.94,70614
2024-02-19,33.87,33.93,33.78,33.9,35995
2024-02-20,33.76,34.11,33.73,34.03,53273
2024-02-21,33.97,33.99,33.88,33.92,41420
2024-02-22,34.34,34.37,34.08,34.3,49482
2024-02-23,34.46,34.62,34.43,34.53,76633
2024-02-26,34.52,34.59,34.35,34.58,39179
2024-02-27,34.58,34.64,34.27,34.44,23923
2024-02-29,34.35,34.58,34.28,34.43,27390
2024-03-01,34.49,34.58,34.3,34.3,34647
2024-03-04,34.83,35.36,34.8,35.3,97572
2024-03-05,35.49,35.69,35.4,35.59,65484
2024-03-06,35.31,35.81,35.17,35.76,66133
2024-03-07,36.27,36.76,36.21,36.59,118461
2024-03-08,37.38,37.58,36.76,37.1,115837
2024-03-11,36.96,37.04,36.65,36.73,52058
2024-03-12,36.56,37.14,36.54,37.12,58685
2024-03-13,37.37,37.51,37.22,37.3,51297
2024-03-14,37.21,37.43,37.07,37.26,33274
2024-03-15,37.07,37.18,36.76,36.76,34404
2024-03-18,36.76,37.12,36.76,37.09,71751
2024-03-19,36.85,37.13,36.76,37.01,34279
2024-03-20,37.04,37.31,36.76,36.8,40322
2024-03-21,37.37,37.88,37.37,37.81,79843
2024-03-22,37.84,38.02,37.6,37.76,27110
2024-03-25,37.76,37.96,37.7,37.84,34332
2024-03-26,38.03,38.24,37.57,37.86,26128
2024-03-27,37.81,37.92,37.69,37.87,17548
2024-03-28,37.79,37.79,37.45,37.69,12641
2024-03-29,37.69,37.94,37.69,37.91,20572
2024-04-01,38.0,38.14,37.78,37.81,21345
2024-04-02,38.06,38.35,38.05,38.35,29364
2024-04-03,38.11,38.17,37.91,38.09,18550
2024-04-08,38.11,38.4,38.09,38.3,22629
2024-04-09,38.44,39.24,38.41,39.22,32582
2024-04-10,39.1,39.23,39.03,39.16,21204
2024-04-11,38.93,39.04,38.83,39.04,17271
2024-04-12,39.06,39.11,38.91,38.94,23322
2024-04-15,38.5,38.57,38.34,38.44,31563
2024-04-16,38.03,38.03,37.18,37.39,66622
2024-04-17,37.46,37.88,37.45,37.81,30824
2024-04-18,37.56,38.18,37.43,38.18,26278
2024-04-19,37.02,37.03,35.91,36.25,121590
2024-04-22,36.13,36.46,35.96,36.14,37041
2024-04-23,36.55,36.62,36.35,36.49,21649
2024-04-24,37.0,37.6,37.0,37.56,30701
2024-04-25,37.02,37.1,36.82,36.88,18806
2024-04-26,37.48,37.67,37.36,37.48,23018
2024-04-29,37.79,38.22,37.79,38.15,30811
2024-04-30,38.1,38.28,38.02,38.02,17932
2024-05-02,37.8,37.8,37.48,37.51,24868
2024-05-03,38.09,38.11,37.58,37.7,22759
2024-05-06,38.2,38.47,38.2,38.24,34385
2024-05-07,38.5,38.57,38.32,38.46,24915
2024-05-08,38.44,38.63,38.35,38.61,23909
2024-05-09,38.62,38.74,38.53,38.56,20302
2024-05-10,38.74,38.94,38.57,38.83,38736
2024-05-13,39.24,39.37,39.15,39.23,36463
2024-05-14,39.21,39.51,39.09,39.49,30998
2024-05-15,39.78,40.32,39.76,40.03,58324
2024-05-16,40.59,40.78,40.14,40.23,48240
2024-05-17,40.25,40.29,40.05,40.18,18717
2024-05-20,40.18,40.21,39.71,40.17,27023
2024-05-21,39.97,40.15,39.84,40.12,17396
2024-05-22,40.17,40.84,40.17,40.84,25594
2024-05-23,40.91,41.19,40.84,41.15,24008
2024-05-24,40.67,41.03,40.67,40.98,14620
2024-05-27,41.26,41.66,41.26,41.55,22742
2024-05-28,41.55,41.66,41.44,41.61,22099
2024-05-29,41.43,41.44,40.97,41.04,27188
2024-05-30,40.36,40.6,40.29,40.33,37110
2024-05-31,40.42,40.57,39.88,39.88,33147
2024-06-03,40.51,40.78,40.19,40.73,35980
2024-06-04,40.54,40.54,40.0,40.08,31950
2024-06-05,40.21,40.55,39.91,40.47,18128
2024-06-06,41.5,41.94,41.48,41.85,68230
2024-06-07,41.63,41.66,41.42,41.52,27001
2024-06-11,41.6,41.86,41.54,41.63,43428
2024-06-12,41.63,42.39,41.63,42.38,30369
2024-06-13,42.98,43.36,42.71,42.99,64426
2024-06-14,42.99,43.24,42.71,43.24,25992
2024-06-17,43.05,43.35,42.95,43.24,32511
2024-06-18,43.84,43.97,43.72,43.96,26253
2024-06-19,44.38,45.38,44.38,45.15,101355
2024-06-20,45.15,45.58,45.12,45.58,45287
2024-06-21,44.95,45.45,44.91,45.31,40956
2024-06-24,44.8,44.8,44.09,44.2,52787
2024-06-25,43.71,44.18,43.43,44.18,52139
2024-06-26,44.43,44.71,44.26,44.53,35664
2024-06-27,44.11,44.51,44.06,44.51,24876
2024-06-28,44.51,45.02,44.36,44.79,16588
2024-07-01,44.82,45.18,44.74,44.83,29279
2024-07-02,44.67,44.86,44.32,44.53,21777
2024-07-03,45.07,45.07,44.78,45.07,25915
2024-07-04,45.79,46.28,45.79,46.24,50577
2024-07-05,46.27,46.33,46.02,46.08,38933
2024-07-08,46.1,47.69,46.09,47.53,69410
2024-07-09,47.43,48.06,46.95,47.48,61955
2024-07-10,47.31,47.66,46.85,47.65,28674
2024-07-11,48.2,48.72,48.05,48.71,39187
2024-07-12,47.61,47.65,47.09,47.17,56633
2024-07-15,47.48,47.59,47.11,47.25,39161
2024-07-16,47.46,48.05,47.33,47.53,53022
2024-07-17,47.42,47.45,46.75,46.87,57959
2024-07-18,45.54,46.09,45.44,46.02,71520
2024-07-19,45.58,45.64,44.96,44.97,65816
2024-07-22,44.77,44.77,43.47,43.63,84847
2024-07-23,44.36,44.98,44.36,44.98,50108
2024-07-26,42.99,43.33,42.76,43.22,103626
2024-07-29,43.9,43.95,43.45,43.61,39785
2024-07-30,43.28,43.78,42.86,43.61,52430
2024-07-31,43.18,43.74,43.12,43.67,36314
2024-08-01,44.67,44.69,44.11,44.43,56247
2024-08-02,43.02,43.2,42.18,42.18,118827
2024-08-05,40.24,40.24,38.25,38.33,222309
2024-08-06,40.4,41.14,38.83,40.44,252564
2024-08-07,41.01,42.19,40.81,42.05,127299
2024-08-08,41.3,41.63,40.81,41.18,103364
2024-08-09,42.26,42.71,42.13,42.46,93415
2024-08-12,42.8,43.41,42.8,42.99,70287
2024-08-13,43.29,43.34,42.98,43.1,43434
2024-08-14,43.55,43.91,43.45,43.64,74857
2024-08-15,43.61,43.7,43.23,43.31,45927
2024-08-16,44.19,44.34,44.03,44.28,52824
2024-08-19,44.31,44.6,44.22,44.34,37122
2024-08-20,44.57,44.72,44.36,44.37,43140
2024-08-21,44.19,44.2,43.81,43.9,46737
2024-08-22,43.97,44.09,43.55,43.67,20873
2024-08-23,43.22,43.79,43.2,43.69,31774
2024-08-26,44.04,44.28,43.66,43.76,45594
2024-08-27,43.56,43.68,43.4,43.57,21168
2024-08-28,43.58,44.19,43.43,44.19,21990
2024-08-29,43.34,43.74,43.26,43.58,43064
2024-08-30,43.69,43.96,43.62,43.79,32203
2024-09-02,43.92,44.05,43.58,43.67,32058
2024-09-03,43.7,43.82,43.39,43.47,38411
2024-09-04,41.29,41.97,41.05,41.35,119636
2024-09-05,41.74,42.17,41.47,41.6,35275
2024-09-06,41.77,42.23,41.49,42.19,34331
2024-09-09,41.14,41.55,41.12,41.54,60736
2024-09-10,41.87,41.87,41.33,41.62,37208
2024-09-11,41.62,41.65,41.41,41.49,20056
2024-09-12,42.52,43.14,42.52,43.05,62978
2024-09-13,43.22,43.31,42.94,43.08,18048
2024-09-16,43.12,43.27,43.05,43.16,23508
2024-09-18,43.1,43.25,42.63,42.94,36769
2024-09-19,42.98,43.51,42.74,43.5,32440
2024-09-20,44.21,44.45,44.05,44.05,54532
2024-09-23,44.08,44.34,44.08,44.25,31602
2024-09-24,44.24,44.67,43.97,44.67,39809
2024-09-25,45.32,45.39,45.24,45.33,46692
2024-09-26,45.78,45.88,45.58,45.71,66904
2024-09-27,45.93,46.18,45.54,45.61,45613
2024-09-30,45.04,45.2,44.42,44.42,52748
2024-10-01,44.4,44.57,44.27,44.33,37641
2024-10-04,44.43,44.74,44.19,44.33,35463
2024-10-07,44.86,45.44,44.86,45.43,53806
2024-10-08,45.14,45.24,44.79,45.21,37917
2024-10-09,45.64,45.93,45.64,45.64,45188
2024-10-11,45.65,46.55,45.65,46.4,49227
2024-10-14,46.38,46.58,46.11,46.43,40439
2024-10-15,46.6,47.47,46.6,47.42,59071
2024-10-16,46.47,47.16,46.28,46.6,71202
2024-10-17,46.84,46.87,46.34,46.67,38165
2024-10-18,48.12,48.34,47.63,47.83,129284
2024-10-21,48.06,48.28,47.81,47.82,52919
2024-10-22,47.62,47.64,47.17,47.64,33858
2024-10-23,47.49,47.54,47.24,47.33,37795
2024-10-24,47.33,47.49,46.96,47.04,32494
2024-10-25,47.08,47.46,47.08,47.42,50567
2024-10-28,47.78,47.84,47.07,47.34,45978
2024-10-29,46.66,46.66,45.93,46.24,96980
2024-10-30,46.59,46.85,46.24,46.31,56627
2024-11-01,44.95,46.01,44.9,46.0,78484
2024-11-04,46.13,46.65,46.07,46.59,29118
2024-11-05,46.25,47.01,46.22,46.76,40433
2024-11-06,46.85,47.82,46.72,47.13,66826
2024-11-07,47.06,47.82,46.96,47.68,53994
2024-11-08,48.15,48.29,47.98,48.05,51801
2024-11-11,48.01,48.07,47.52,48.07,49456
2024-11-12,47.13,47.29,46.84,46.84,105088
2024-11-13,46.81,46.84,46.48,46.54,36778
2024-11-14,46.43,46.48,45.9,46.12,48586
2024-11-15,46.37,46.57,46.08,46.44,29542
2024-11-18,46.23,46.29,45.78,45.79,53578
2024-11-19,46.05,46.59,45.93,46.42,30473
2024-11-20,46.23,46.23,46.23,46.23,312000
2024-11-21,45.88,45.91,45.54,45.72,63506
2024-11-22,46.14,46.65,46.14,46.61,31862
2024-11-25,47.01,47.02,46.42,46.44,31307
2024-11-26,45.9,45.95,45.59,45.84,45563
2024-11-27,45.67,45.74,45.15,45.18,56291
2024-11-28,45.15,45.18,44.78,45.1,52436
2024-11-29,44.66,45.39,44.55,45.21,32513
2024-12-02,45.51,46.29,45.51,46.29,42176
2024-12-03,46.92,47.05,46.78,46.92,39812
2024-12-04,47.01,47.19,46.85,47.19,25821
2024-12-05,47.27,47.47,47.24,47.45,29785
2024-12-06,47.45,47.49,47.08,47.27,27238
2024-12-09,47.36,47.39,47.25,47.33,18559
2024-12-10,47.27,47.43,46.98,46.99,17909
2024-12-11,46.6,46.9,46.5,46.58,26859
2024-12-12,47.06,47.27,46.95,47.12,20109
2024-12-13,47.0,47.23,46.87,47.16,18082
2024-12-16,47.57,47.72,47.27,47.35,29374
2024-12-17,47.59,47.82,47.51,47.59,37177
2024-12-18,47.52,47.77,47.23,47.59,26216
2024-12-19,46.93,47.04,46.73,46.94,52180
2024-12-20,46.78,46.78,46.36,46.5,44494
2024-12-23,47.01,47.64,46.96,47.63,44704
2024-12-24,47.93,48.07,47.69,47.76,32784
2024-12-25,47.93,47.93,47.68,47.91,23624
2024-12-26,47.91,47.93,47.81,47.87,19214
2024-12-27,47.71,48.06,47.64,48.03,27950
2024-12-30,47.84,47.97,47.72,47.76,34709
2024-12-31,47.49,47.54,47.23,47.27,31346
2025-01-02,47.24,47.24,46.66,46.85,51191
2025-01-03,47.33,47.56,47.13,47.33,28453
2025-01-06,47.97,48.85,47.95,48.81,98511
2025-01-07,49.49,49.74,49.32,49.35,63775
2025-01-08,48.93,49.1,48.55,48.62,47423
2025-01-09,48.34,48.57,48.05,48.06,33723
2025-01-10,48.05,48.18,47.81,48.05,33285
2025-01-13,48.05,48.05,46.87,46.94,83505
2025-01-14,47.01,47.3,46.85,47.23,43511
2025-01-15,47.33,47.33,46.78,46.87,69536
2025-01-16,47.78,48.17,47.66,47.82,62348
2025-01-17,48.22,48.31,47.59,48.05,60550
2025-01-20,48.26,48.63,48.26,48.54,29670
2025-01-21,48.3,48.76,48.15,48.64,42451
2025-01-22,49.03,49.38,49.03,49.28,51458
2025-02-03,47.07,47.25,46.67,47.17,223159
2025-02-04,47.4,47.62,47.26,47.45,77136
2025-02-05,47.92,48.42,47.92,48.18,60958
2025-02-06,48.47,48.57,48.25,48.38,44839
2025-02-07,48.38,48.62,48.25,48.6,22434
2025-02-10,48.52,48.52,48.0,48.05,65528
2025-02-11,48.35,48.59,48.22,48.35,19842
2025-02-12,48.47,48.63,48.22,48.27,27301
2025-02-13,48.3,48.32,47.87,48.07,56674
2025-02-14,47.77,47.77,47.37,47.49,92217
2025-02-17,47.67,48.21,47.67,48.21,46592
2025-02-18,48.45,48.45,48.13,48.38,32279
2025-02-19,48.38,48.45,48.22,48.3,47313
2025-02-20,48.21,48.21,47.76,48.11,55359
2025-02-21,48.1,48.46,47.96,48.46,33879
2025-02-24,48.02,48.08,47.86,48.03,49672
2025-02-25,47.49,47.5,47.15,47.4,106711
2025-02-26,47.22,47.66,46.98,47.66,73176
2025-02-27,47.72,47.72,47.09,47.12,74695
2025-03-03,46.22,46.27,45.73,46.03,221959
2025-03-04,45.29,45.84,45.2,45.73,114656
2025-03-05,46.02,46.39,46.02,46.33,51370
2025-03-06,46.35,46.35,45.86,46.05,56891
2025-03-07,45.73,45.78,45.48,45.62,68483
2025-03-10,45.62,45.62,45.13,45.35,79007
2025-03-11,44.25,44.58,43.84,44.55,134192
2025-03-12,44.58,45.14,44.45,44.75,51036
2025-03-13,45.34,45.5,44.32,44.33,52269
2025-03-14,44.33,44.34,43.95,44.19,49198
2025-03-17,44.69,44.92,44.45,44.57,43897
2025-03-18,44.82,45.01,44.64,44.75,30603
2025-03-19,44.7,44.71,44.09,44.2,46763
2025-03-20,44.66,45.15,44.66,45.15,30658
2025-03-21,45.04,45.04,44.68,44.79,28538
2025-03-24,45.14,45.14,44.63,44.74,29239
2025-03-25,45.2,45.41,45.04,45.2,31257
2025-03-26,45.34,45.39,45.01,45.16,26915
2025-03-27,44.43,44.45,44.17,44.31,69967
2025-03-28,43.86,43.89,43.57,43.87,78993
2025-03-31,42.5,42.66,42.15,42.29,146066
2025-04-01,42.5,43.22,42.5,43.16,47285
2025-04-02,43.29,43.41,43.08,43.08,41725
2025-04-07,38.78,38.78,38.78,38.78,92659
2025-04-08,37.01,38.54,36.85,37.51,321307
2025-04-09,37.33,37.74,35.5,35.79,300495
2025-04-10,39.36,39.36,39.36,39.36,22371
2025-04-11,38.49,40.28,38.03,40.28,189919
2025-04-14,41.25,41.3,40.02,40.07,175435
2025-04-15,40.16,40.51,39.98,40.48,73966
2025-04-16,40.1,40.1,39.51,39.74,98068
2025-04-17,39.49,39.49,39.03,39.3,72956
2025-04-18,39.51,39.61,39.31,39.39,44336
2025-04-21,39.35,39.35,38.8,38.82,62868
2025-04-22,38.57,38.65,38.18,38.18,75641
2025-04-23,39.24,39.93,39.24,39.86,63236
2025-04-24,40.12,40.16,39.49,39.63,53776
2025-04-25,40.69,40.87,40.51,40.57,70564
2025-04-28,40.83,41.0,40.83,40.92,48372
2025-04-29,40.92,41.13,40.76,41.08,43388
2025-04-30,41.09,41.37,41.0,41.27,37553
2025-05-02,42.1,42.47,41.98,42.47,57161
2025-05-05,42.74,42.74,41.59,42.09,127935
2025-05-06,41.6,42.13,41.46,41.86,116317
2025-05-07,42.06,42.23,41.6,41.7,53137
2025-05-08,42.12,42.4,42.01,42.25,39311
2025-05-09,42.28,42.83,42.19,42.78,51888
2025-05-12,42.96,43.33,42.96,43.26,53768
2025-05-13,44.27,44.33,43.78,43.78,79923
2025-05-14,44.52,44.77,44.39,44.77,90203
2025-05-15,44.77,44.77,44.55,44.68,45678
2025-05-16,44.61,44.85,44.48,44.8,37816
2025-05-19,44.71,44.71,44.15,44.17,37941
2025-05-20,44.52,44.65,44.19,44.26,21364
2025-05-21,44.28,45.01,44.28,44.94,54450
2025-05-22,44.57,44.57,44.21,44.45,33359
2025-05-23,44.74,44.75,44.11,44.27,26094
2025-05-26,44.22,44.43,44.14,44.22,55196
2025-05-27,44.22,44.22,43.57,43.83,48275
2025-05-28,44.28,44.39,43.65,43.9,32309
2025-05-29,44.43,44.48,43.89,44.0,36266
2025-06-02,43.57,43.59,42.9,43.06,70596
2025-06-03,43.45,43.77,43.33,43.37,28229
2025-06-04,43.89,44.38,43.86,44.38,45805
2025-06-05,44.55,44.71,44.43,44.47,40696
2025-06-06,44.53,44.65,44.43,44.54,32768
2025-06-09,44.9,45.05,44.81,44.97,52629
2025-06-10,45.26,46.24,45.26,46.18,116038
2025-06-11,46.18,46.18,46.18,46.18,0
2025-06-12,46.18,46.18,46.18,46.18,0
2025-06-13,46.18,46.18,46.18,46.18,0
2025-06-16,46.18,46.18,46.18,46.18,0
2025-06-17,46.18,46.18,46.18,46.18,0
2025-06-18,46.51,46.73,46.16,46.58,244697
2025-06-19,46.51,46.56,46.04,46.12,166285
2025-06-20,46.12,46.18,45.72,46.05,80562
2025-06-23,45.57,45.69,45.32,45.67,101939
2025-06-24,46.32,46.5,46.32,46.5,54575
2025-06-25,46.9,47.18,46.89,47.18,77815
2025-06-26,47.29,47.44,47.17,47.24,77281
2025-06-27,47.31,47.36,47.0,47.28,94191
2025-06-30,47.36,47.41,47.24,47.35,59086
2025-07-01,47.37,48.13,47.37,47.63,74675
2025-07-02,47.56,47.74,47.37,47.64,75071
2025-07-03,48.32,48.57,48.23,48.29,61179
2025-07-04,48.37,48.46,47.81,47.84,73712
2025-07-07,47.8,47.8,47.43,47.56,78503
2025-07-08,47.44,47.5,47.21,47.34,50215
2025-07-09,47.34,47.97,47.27,47.83,38540
2025-07-10,47.98,48.44,47.97,48.38,53089
2025-07-11,48.33,48.6,48.25,48.59,44753
2025-07-14,48.56,48.56,48.19,48.3,62301
2025-07-15,48.32,49.06,48.3,48.96,68008
2025-07-16,49.11,49.64,49.11,49.35,90231
2025-07-17,49.55,49.74,49.25,49.64,88235
2025-07-18,50.33,50.53,50.23,50.38,105862
2025-07-21,50.39,50.39,50.04,50.19,75793
2025-07-22,50.19,50.59,49.75,49.85,88841
2025-07-23,49.9,50.14,49.85,49.99,63767
2025-07-24,50.29,50.39,50.09,50.29,79660
2025-07-25,50.29,50.39,50.09,50.19,38620
2025-07-28,50.49,50.68,50.19,50.34,52313
2025-07-29,50.34,50.34,49.55,49.75,102624
2025-07-30,50.09,50.39,49.95,50.29,82807
2025-07-31,50.39,50.88,50.39,50.83,81566
2025-08-01,50.09,50.49,49.95,50.39,98236
2025-08-04,49.95,50.09,49.7,50.09,85556
2025-08-05,50.54,50.73,50.34,50.73,46655
2025-08-06,50.39,50.39,50.14,50.29,48326
2025-08-07,50.93,51.87,50.93,51.72,125733
2025-08-08,51.82,51.87,51.57,51.72,59604
2025-08-11,51.62,52.36,51.33,52.11,71601
2025-08-12,52.11,52.26,51.82,52.16,57520
2025-08-13,52.41,52.66,52.21,52.61,75956
2025-08-14,52.46,52.56,52.21,52.41,57039
2025-08-15,52.41,52.56,52.07,52.41,52736
2025-08-18,52.21,52.61,52.07,52.56,46297
2025-08-19,52.56,52.56,52.31,52.46,29426
2025-08-20,51.82,51.87,50.78,50.98,223799
2025-08-21,51.03,51.37,51.03,51.28,73509
2025-08-22,51.33,51.37,50.93,51.03,44549
2025-08-25,51.72,52.21,51.62,51.97,62750
2025-08-26,51.82,52.11,51.57,52.02,40864
2025-08-27,52.26,52.41,52.16,52.26,90134
2025-08-28,52.07,52.16,51.77,51.77,59176
2025-08-29,52.07,52.21,51.77,51.77,36369
2025-09-01,51.42,51.72,51.03,51.28,76530
2025-09-02,51.57,51.77,51.23,51.28,33218
2025-09-03,51.18,51.47,51.03,51.23,39472
2025-09-04,51.82,51.97,51.52,51.57,37461
2025-09-05,51.97,52.16,51.92,52.11,37395
2025-09-08,52.66,52.8,52.51,52.61,59981
2025-09-09,52.8,53.2,52.76,53.15,56315
2025-09-10,53.64,54.23,53.64,54.19,73272
2025-09-11,54.78,55.12,54.48,54.68,84750
2025-09-12,54.97,55.22,54.92,55.22,57457
2025-09-15,55.22,55.27,55.02,55.22,52545
2025-09-16,55.37,56.06,55.37,55.96,63314
2025-09-17,55.81,55.81,55.47,55.57,66204
2025-09-18,55.71,56.16,55.47,56.16,44090
2025-09-19,56.21,56.31,55.81,56.21,71675
2025-09-22,56.21,56.6,55.96,56.6,56355
2025-09-23,57.04,57.78,57.04,57.64,89181
2025-09-24,57.88,58.13,57.29,57.59,90580
2025-09-25,57.54,57.59,57.19,57.39,56318
2025-09-26,57.09,57.09,56.06,56.45,158564
2025-09-30,56.75,57.09,56.75,57.0,62390
2025-10-01,57.09,57.93,57.09,57.29,74532
2025-10-02,58.18,58.43,58.03,58.38,72057
2025-10-03,58.38,59.26,58.23,59.21,73602
2025-10-07,60.15,60.84,60.05,60.84,132381
2025-10-08,60.15,60.3,59.76,60.3,112448
2025-10-09,60.99,61.09,60.64,60.74,72911
2025-10-13,59.07,60.15,58.77,60.15,261788
2025-10-14,60.99,61.29,59.81,59.86,157149
2025-10-15,60.15,60.94,59.76,60.94,97216
2025-10-16,61.24,62.12,61.24,62.12,112923
2025-10-17,61.19,61.43,61.04,61.19,157584
2025-10-20,61.48,62.32,61.29,62.22,102880
2025-10-21,62.52,62.76,62.17,62.32,124931
2025-10-22,61.73,61.98,61.38,61.83,116660
2025-10-23,61.24,61.53,60.89,61.48,161356
2025-10-27,62.86,63.01,62.57,62.91,102297
2025-10-28,62.67,62.81,62.32,62.47,93731
2025-10-29,62.81,63.55,62.81,63.5,65206
2025-10-30,63.7,63.9,63.11,63.5,91074
2025-10-31,63.7,63.9,63.5,63.85,53630
2025-11-03,63.55,63.9,63.01,63.26,130639
2025-11-04,63.6,63.95,62.96,63.06,83119
2025-11-05,62.07,62.27,61.43,62.27,210998
2025-11-06,62.47,62.62,62.27,62.42,65560
2025-11-07,61.78,61.88,61.53,61.68,102459
2025-11-10,61.93,62.47,61.73,62.47,80257
2025-11-11,62.76,62.81,61.98,62.02,75383
2025-11-12,62.07,62.42,61.88,62.32,59822
2025-11-13,61.93,62.07,61.73,62.02,74964
2025-11-14,60.79,61.04,60.55,60.84,204108
2025-11-17,61.14,61.33,60.94,61.04,86928
2025-11-18,60.45,60.45,59.46,59.61,240526
2025-11-19,59.31,59.66,59.07,59.21,138705
2025-11-20,60.69,61.09,60.5,61.04,81331
2025-11-21,59.26,59.31,58.67,59.02,299502
2025-11-24,59.26,59.26,58.62,58.72,153617
2025-11-25,59.86,59.9,59.26,59.51,61914
2025-11-26,60.25,60.64,60.15,60.5,73623
2025-11-27,60.94,61.24,60.79,61.04,52210
2025-11-28,61.09,61.53,60.99,61.48,66700
2025-12-01,60.94,61.09,60.55,60.64,96549
2025-12-02,60.94,61.33,60.79,60.84,41397
2025-12-03,61.53,61.63,61.24,61.43,44855
2025-12-04,61.53,61.63,61.14,61.33,38786
2025-12-05,61.58,61.88,61.48,61.88,45051
2025-12-08,62.12,62.81,62.07,62.81,76124
2025-12-09,62.91,62.96,62.67,62.71,48271
2025-12-10,62.81,63.31,62.76,63.16,64151
2025-12-11,63.41,63.6,62.32,62.47,94639
2025-12-12,62.67,62.91,62.42,62.57,57688
2025-12-15,61.63,61.98,61.53,61.93,105905
2025-12-16,61.24,61.38,60.84,61.38,155553
2025-12-17,61.29,61.58,60.99,61.04,89658
2025-12-18,60.94,61.24,60.69,61.04,112536
2025-12-19,61.53,61.88,61.48,61.63,79433
2025-12-22,62.42,62.57,62.17,62.52,91597
2025-12-23,62.62,62.91,62.62,62.81,100327
2025-12-24,63.06,63.16,62.86,62.96,62393
2025-12-26,63.31,63.6,63.21,63.5,68362
2025-12-29,63.75,64.44,63.7,64.34,83564
2025-12-30,64.0,64.39,63.85,64.24,58116
2025-12-31,64.19,64.93,64.0,64.69,69494
2026-01-02,65.08,66.07,64.88,66.02,77879
2026-01-05,67.15,69.08,67.1,68.53,225925
2026-01-06,68.48,69.42,67.99,69.42,125256
2026-01-07,69.42,69.47,68.73,68.88,113870
2026-01-08,68.68,69.37,68.43,69.12,71395
2026-01-09,68.83,69.27,67.94,68.88,106682
2026-01-12,69.52,69.57,69.08,69.37,80365
2026-01-13,70.11,70.21,69.32,69.72,99445
2026-01-14,69.96,70.11,69.67,69.77,82266
2026-01-15,69.72,69.72,69.17,69.67,89453
2026-01-16,70.75,71.1,70.21,71.0,97269
2026-01-19,70.7,71.79,70.46,71.59,116849
2026-01-20,70.9,71.64,70.85,71.59,104977
2026-01-21,70.8,71.49,70.7,70.85,161270
2026-01-22,71.47,71.61,71.17,71.37,96360
2026-01-23,71.66,71.86,71.37,71.81,68701
2026-01-26,71.81,72.21,71.76,71.81,84083
2026-01-27,71.96,72.71,71.91,72.61,70421
2026-01-28,73.11,73.75,73.06,73.75,87294
2026-01-29,73.95,74.05,73.06,73.3,111906
2026-01-30,72.71,72.76,71.86,72.16,159056
2026-02-02,71.12,71.32,70.47,71.07,211263
2026-02-03,72.56,72.61,71.96,72.51,70927
2026-02-04,71.96,72.71,71.86,72.46,56597
2026-02-05,71.61,71.81,71.32,71.56,95746
2026-02-06,70.97,71.81,70.37,71.47,102980565
2026-02-09,73.6,73.7,73.3,73.5,118533745
2026-02-10,74.2,75.04,74.15,75.04,98559015
2026-02-11,75.44,76.98,75.44,76.73,114028587
2026-02-23,77.98,77.98,76.73,76.93,212974781
2026-02-24,77.48,79.17,77.38,78.92,143721014
2026-02-25,79.86,81.31,79.76,80.61,158561421
2026-02-26,80.76,81.01,80.31,80.66,123812672
2026-03-02,79.02,80.31,78.67,79.86,204278933
2026-03-03,79.57,79.91,78.17,78.27,288356288
2026-03-04,76.93,76.98,75.04,75.14,455564304
2026-03-05,77.83,78.37,76.24,76.93,194777972
2026-03-06,76.34,76.83,75.84,76.39,139697065
2026-03-09,72.71,73.15,71.22,73.15,493890200
2026-03-10,75.44,75.79,73.85,74.75,164247105
2026-03-11,75.84,78.03,75.64,77.73,147508364
2026-03-12,76.63,77.13,75.89,76.14,120680192
2026-03-13,74.7,76.09,74.55,75.49,105970280
2026-03-16,75.84,76.24,74.99,75.14,97649824
2026-03-17,75.99,76.53,75.84,76.19,61503521
2026-03-18,77.28,77.58,76.98,77.33,72305179
2026-03-19,76.14,76.34,75.49,75.54,128778782
2026-03-20,75.74,75.94,75.04,75.44,67265037
2026-03-23,73.06,74.0,72.86,73.8,210502502
2026-03-24,75.04,75.14,73.35,73.95,83942753
2026-03-25,75.89,76.19,75.54,75.74,91456088
2026-03-26,75.84,76.39,75.14,75.34,76157584
2026-03-27,74.0,74.65,73.65,74.55,106078935
2026-03-30,72.86,73.6,72.36,73.45,158608942
2026-03-31,72.91,73.01,71.71,71.91,231400782
2026-04-01,74.55,75.14,74.15,74.99,126562159
2026-04-02,75.44,75.59,73.35,73.5,105707506
2026-04-07,74.7,74.99,74.2,74.84,76885542
2026-04-08,77.63,78.77,77.63,78.72,227364928
2026-04-09,78.82,78.92,78.32,78.67,92049631
2026-04-10,79.52,80.31,79.47,80.26,115520077
2026-04-13,80.11,80.51,79.91,80.11,87581345
2026-04-14,81.26,82.7,81.26,82.6,123920345
2026-04-15,83.59,84.59,83.29,83.64,122414906
2026-04-16,84.24,84.59,83.64,84.49,76987129
2026-04-17,83.69,83.99,83.49,83.64,93304532
2026-04-20,84.04,84.59,83.94,84.04,95994589
2026-04-21,84.98,85.58,84.49,85.48,71987659
2026-04-22,85.23,86.08,85.03,85.83,64147874
2026-04-23,87.12,88.26,84.63,85.83,148310644
2026-04-24,87.07,89.41,87.02,89.41,125117290
2026-04-27,92.14,93.68,92.14,92.44,183173507
2026-04-28,91.99,93.08,91.34,91.44,114706934
2026-04-29,90.15,90.95,89.46,90.2,93857452
2026-04-30,90.7,91.34,89.75,89.95,82229228
2026-05-04,91.94,94.08,91.84,94.03,120393477
2026-05-05,93.83,94.18,93.43,94.03,76579608
2026-05-06,95.47,96.31,94.13,95.17,105507530
2026-05-07,97.36,97.8,96.81,97.11,110289613
2026-05-08,96.76,97.11,95.27,96.41,117639791
2026-05-11,96.07,96.56,95.92,96.31,88544547
2026-05-12,96.26,96.76,94.92,96.26,94676481
2026-05-13,94.28,95.22,94.13,94.92,113598688
2026-05-14,96.31,96.61,95.17,95.47,53565899
2026-05-15,97.06,97.66,94.62,94.82,90487261
2026-05-18,93.43,94.62,92.74,94.33,105172915
2026-05-19,93.78,94.13,92.54,92.54,116385289
2026-05-20,92.44,92.93,91.89,91.94,108931614
2026-05-21,94.23,95.47,94.13,95.27,59494294
2026-05-22,95.72,96.71,95.42,96.71,60917271
2026-05-25,98.95,100.39,98.95,100.19,124114624
2026-05-26,100.99,101.18,99.49,99.49,87695026
2026-05-27,101.78,103.27,101.38,101.93,90102044
2026-05-28,103.37,103.62,99.49,99.89,140421329
2026-05-29,102.58,104.76,102.08,104.76,98892043
2026-06-01,104.61,106.05,103.87,104.86,127067000
2026-06-02,105.66,105.66,103.57,105.06,107794552
2026-06-03,106.65,107.2,106.45,106.95,75111550
2026-06-04,106.1,106.35,105.41,105.46,108491104
2026-06-05,104.36,104.71,102.18,103.52,164564140
2026-06-08,97.46,100.69,97.46,100.34,320685641
2026-06-09,101.48,102.97,100.74,102.87,89392847
2026-06-10,101.98,102.33,99.59,99.64,166445287
2026-06-11,99.4,99.94,97.01,99.25,248828975
2026-06-12,102.63,103.12,100.94,101.33,73401960
2026-06-15,104.46,104.86,103.67,104.61,95906242
2026-06-16,105.41,105.41,104.22,105.26,67088029
2026-06-17,104.36,105.36,103.87,105.36,75416209
2026-06-18,106.35,106.8,106.0,106.65,74587200
2026-06-22,108.79,110.53,108.79,110.48,110460961
2026-06-23,111.32,111.62,109.38,109.43,120564830
2026-06-24,107.35,107.45,105.51,106.5,208531754
2026-06-25,107.35,107.4,105.71,106.55,89454929
2026-06-26,104.76,105.21,102.18,102.48,251693794
2026-06-29,102.72,104.71,102.68,103.82,101519378
2026-06-30,106.2,107.6,106.1,107.15,103816325
2026-07-01,109.14,109.28,107.94,108.69,72216950
2026-07-02,106.55,108.29,106.25,108.14,67727796
2026-07-03,105.51,108.14,105.46,107.69,76733905
2026-07-06,108.39,108.94,107.05,107.6,70136815
2026-07-07,107.89,108.39,105.21,105.56,111060971
2026-07-08,105.76,105.96,104.41,105.41,86877553
2026-07-09,105.71,106.35,104.81,105.16,51733962
2026-07-10,105.16,105.16,105.16,105.16,0
2026-07-13,106.35,106.9,105.06,105.36,65558453
2026-07-14,104.86,104.86,101.63,103.77,225466504
2026-07-15,104.66,105.81,104.02,105.66,106147811
2026-07-16,104.71,106.1,103.92,105.76,68042614
2026-07-17,102.28,102.43,99.4,99.54,443467989
2026-07-20,99.59,99.99,97.71,98.6,335645366
2026-07-21,100.0,102.5,99.85,102.5,91004977
2026-07-22,104.5,104.8,103.3,103.85,103568792
2026-07-23,104.25,104.8,102.9,103.9,51221177
2026-07-24,102.55,103.05,101.3,101.7,94377095
2026-07-27,101.3,101.6,100.05,101.45,100975462
2026-07-28,98.35,98.35,96.9,97.15,403103877
2026-07-29,96.95,97.0,91.8,93.7,481594751
2026-07-30,93.4,96.0,92.0,93.5,277813661
2026-07-31,100.0,102.85,99.8,102.85,335230300
2026-08-03,102.0,102.7,101.0,102.0,162020882
2026-08-04,100.65,102.25,99.75,100.65,114567629
2026-08-05,103.75,104.75,102.9,103.8,162326921
2026-08-06,103.25,103.7,102.55,103.3,78626541