date,open,high,low,close,volume
2000-01-04,18.46,18.96,17.96,18.3,6673
2000-01-05,18.13,18.71,18.13,18.38,6256
2000-01-06,18.55,18.71,18.21,18.3,4801384
2000-01-07,18.3,18.55,17.79,17.79,3642856
2000-01-10,18.04,18.13,17.79,17.96,6608
2000-01-11,18.21,18.38,17.71,17.88,5109
2000-01-12,18.04,18.13,17.79,18.13,4009961
2000-01-13,18.3,19.38,18.3,19.38,14931
2000-01-14,19.97,20.05,18.55,18.96,11588
2000-01-17,18.88,19.05,18.55,18.88,4352573
2000-01-18,18.88,18.88,18.21,18.3,3232483
2000-01-19,18.55,18.55,17.96,17.96,2233902
2000-01-20,17.96,18.3,17.96,18.21,1078983
2000-01-21,18.3,18.38,17.96,18.04,1744172
2000-01-24,18.21,18.21,17.96,17.96,2870288
2000-01-25,18.04,18.13,17.96,18.04,1668225
2000-01-26,18.21,18.21,17.96,17.96,2006060
2000-01-27,17.96,18.04,17.63,17.71,2839830
2000-01-28,17.71,17.79,17.13,17.13,3391445
2000-01-31,16.62,17.54,16.62,17.38,4787306
2000-02-01,17.54,17.54,16.96,16.96,3395856
2000-02-02,16.96,16.96,16.96,16.96,0
2000-02-03,16.96,16.96,16.96,16.96,0
2000-02-04,16.96,16.96,16.96,16.96,0
2000-02-07,16.96,16.96,16.96,16.96,0
2000-02-08,16.96,16.96,16.96,16.96,0
2000-02-09,17.38,18.13,17.13,18.13,7904
2000-02-10,18.3,19.38,18.3,18.88,12718
2000-02-11,19.21,20.05,18.96,19.97,16898
2000-02-14,20.47,20.47,19.05,19.3,7930
2000-02-15,19.3,19.55,18.55,18.8,3910065
2000-02-16,18.8,19.21,18.71,19.13,2949169
2000-02-17,19.3,19.3,18.8,18.88,2189972
2000-02-18,19.05,19.13,18.63,18.71,1572897
2000-02-21,17.96,18.46,17.04,17.04,2435555
2000-02-22,17.04,18.13,16.79,17.88,4717596
2000-02-23,17.88,18.8,17.54,17.96,4096107
2000-02-24,18.38,18.38,17.96,18.13,1906614
2000-02-25,18.13,18.21,17.54,17.71,1885606
2000-02-28,17.71,17.71,17.71,17.71,0
2000-02-29,17.71,17.88,17.46,17.46,1131353
2000-03-01,17.54,17.71,17.29,17.38,2121289
2000-03-02,17.54,17.54,17.13,17.38,1199446
2000-03-03,17.54,17.63,17.21,17.29,2231283
2000-03-06,18.21,18.8,17.88,18.63,6647
2000-03-07,18.96,19.55,18.21,19.38,9924
2000-03-08,19.46,20.22,19.21,19.46,11969
2000-03-09,19.46,20.47,18.8,20.47,20454
2000-03-10,21.05,21.89,20.72,21.89,26206
2000-03-13,21.72,21.72,20.38,20.38,12225
2000-03-14,20.38,21.72,19.8,19.8,13678
2000-03-15,18.8,19.8,18.8,19.21,5991
2000-03-16,18.46,19.97,18.38,19.88,8078
2000-03-17,20.05,21.22,19.55,20.89,8899
2000-03-20,20.22,20.22,20.22,20.22,314929
2000-03-21,19.55,21.55,19.55,21.55,5955
2000-03-22,21.89,23.06,21.8,23.06,11603
2000-03-23,23.31,24.56,22.56,24.39,13748
2000-03-24,23.81,24.23,23.56,23.56,9551
2000-03-27,23.64,23.98,22.97,22.97,7274
2000-03-28,23.39,23.56,21.72,23.39,8150
2000-03-29,23.22,23.22,22.47,22.72,5595
2000-03-30,23.06,23.73,22.56,22.81,5494
2000-03-31,22.64,23.31,22.14,22.22,4110588
2000-04-03,22.22,22.22,22.22,22.22,0
2000-04-04,22.22,22.22,22.22,22.22,0
2000-04-05,22.14,22.97,22.14,22.14,4017356
2000-04-06,22.14,22.31,21.14,21.14,8185
2000-04-07,21.3,21.39,20.55,20.63,8875
2000-04-10,22.72,23.22,22.31,22.72,6385
2000-04-11,22.97,23.73,22.64,22.72,5542
2000-04-12,23.22,23.22,22.14,22.47,3760760
2000-04-13,21.8,22.22,21.05,21.05,4180621
2000-04-14,20.72,21.22,20.55,20.55,6350
2000-04-17,19.63,20.89,19.63,20.13,2943616
2000-04-18,21.05,21.05,20.72,20.97,3713639
2000-04-19,21.3,21.39,20.63,20.63,3435965
2000-04-20,20.55,22.05,20.55,21.72,5050
2000-04-21,21.64,21.89,21.05,21.22,3263120
2000-04-24,21.22,21.8,20.47,21.22,2666434
2000-04-25,20.89,21.22,20.63,21.05,2791721
2000-04-26,21.05,21.05,20.22,20.3,1864644
2000-04-27,20.05,20.8,19.88,19.97,2576973
2000-04-28,20.05,20.89,20.05,20.72,2168482
2000-05-01,20.72,20.72,20.72,20.72,0
2000-05-02,20.72,21.3,20.72,21.14,1702269
2000-05-03,20.89,21.05,20.47,20.47,1215158
2000-05-04,20.05,20.8,20.05,20.22,1686556
2000-05-05,20.22,20.97,20.05,20.89,2079388
2000-05-08,20.89,21.14,20.47,20.72,1152304
2000-05-09,20.72,20.72,20.72,20.72,0
2000-05-10,19.46,19.46,18.8,18.88,4321906
2000-05-11,18.46,18.46,17.96,18.38,2734159
2000-05-12,18.38,19.13,18.38,18.96,2535072
2000-05-15,18.88,19.55,18.55,18.8,1796550
2000-05-16,18.88,19.21,18.8,19.13,1351340
2000-05-17,20.05,20.05,18.96,19.3,4258292
2000-05-18,18.8,19.21,18.8,18.96,1267536
2000-05-19,19.13,19.46,18.88,19.3,1246585
2000-05-22,18.71,19.05,18.55,18.55,2058435
2000-05-23,18.55,18.55,17.96,17.96,2173940
2000-05-24,17.54,17.96,17.46,17.79,1807024
2000-05-25,17.88,18.13,17.21,17.21,1809643
2000-05-26,17.21,17.63,17.04,17.54,2252233
2000-05-29,17.96,17.96,17.54,17.63,2027011
2000-05-30,17.63,17.63,17.63,17.63,0
2000-05-31,18.14,18.14,18.14,18.14,1107986
2000-06-01,19.13,19.13,18.58,18.91,2844501
2000-06-02,19.46,19.67,18.91,18.91,1925881
2000-06-05,19.46,19.46,19.02,19.13,886389
2000-06-06,19.13,19.13,19.13,19.13,0
2000-06-07,19.56,19.56,18.91,19.35,1668023
2000-06-08,19.35,19.56,19.13,19.46,1253032
2000-06-09,19.46,19.46,19.13,19.13,636588
2000-06-12,19.13,19.35,19.13,19.24,432074
2000-06-13,19.24,19.24,18.91,18.91,801778
2000-06-14,19.46,20.22,19.35,20.22,3001634
2000-06-15,20.22,21.2,20.22,20.44,8143
2000-06-16,20.44,20.77,19.67,19.78,1490743
2000-06-19,19.67,19.67,19.13,19.67,668821
2000-06-20,19.78,19.89,19.24,19.24,890418
2000-06-21,19.13,19.46,18.58,18.91,2271975
2000-06-22,18.91,19.13,18.69,18.91,2099130
2000-06-23,19.13,19.13,18.58,18.69,1203179
2000-06-26,18.58,18.58,17.93,18.03,1617458
2000-06-27,18.03,18.14,17.16,17.16,2554412
2000-06-28,17.16,17.16,16.07,16.94,2832414
2000-06-29,17.05,17.38,16.61,17.27,2256263
2000-06-30,17.27,18.03,16.94,17.82,2147478
2000-07-03,17.82,17.82,16.72,17.05,1744574
2000-07-04,17.05,17.49,16.94,17.16,1163989
2000-07-05,17.16,18.25,16.83,18.25,2137406
2000-07-06,18.03,18.58,17.82,18.03,1341808
2000-07-07,18.25,18.25,17.49,17.49,869950
2000-07-10,17.6,17.71,16.94,17.49,900086
2000-07-11,17.38,17.93,17.16,17.38,905729
2000-07-12,17.49,17.71,17.27,17.49,1428294
2000-07-13,17.71,18.36,17.71,17.93,2062212
2000-07-14,18.14,19.02,17.93,18.58,3687852
2000-07-17,18.36,18.36,17.82,18.03,1394048
2000-07-18,17.93,18.14,17.71,17.82,938419
2000-07-19,17.93,18.14,17.71,17.82,938419
2000-07-20,18.8,19.24,18.58,18.91,4330457
2000-07-21,19.13,19.13,18.36,18.58,2742937
2000-07-24,18.58,18.8,18.36,18.58,1569030
2000-07-25,18.36,18.8,18.03,18.03,1722891
2000-07-26,18.03,18.58,17.93,18.03,1288100
2000-07-27,17.93,18.8,17.82,18.69,4128558
2000-07-28,18.69,19.02,18.58,18.69,2695021
2000-07-31,18.36,18.69,18.36,18.58,1966171
2000-08-01,18.8,18.8,18.14,18.25,1283188
2000-08-02,18.14,18.14,17.71,17.71,1218990
2000-08-03,17.71,18.58,17.38,18.36,2650811
2000-08-04,18.58,18.58,18.14,18.25,924724
2000-08-07,18.03,18.03,17.82,17.93,523775
2000-08-08,17.6,17.93,16.94,16.94,4093506
2000-08-09,16.72,17.49,16.61,17.38,5393
2000-08-10,17.38,17.38,16.94,17.05,1752229
2000-08-11,17.05,17.71,16.83,17.49,3498012
2000-08-14,17.49,17.93,17.27,17.27,2219839
2000-08-15,17.27,17.71,17.27,17.49,1532893
2000-08-16,17.71,17.93,17.6,17.71,1570521
2000-08-17,17.93,18.8,17.93,18.47,6128
2000-08-18,18.91,19.13,18.69,18.8,5247
2000-08-21,20.11,20.99,20.11,20.11,11571
2000-08-22,20.22,20.44,19.67,20.11,9054
2000-08-23,20.11,20.11,20.11,20.11,0
2000-08-24,20.0,20.44,19.67,19.78,6845
2000-08-25,19.78,19.78,19.13,19.24,2568697
2000-08-28,18.91,19.78,18.91,19.46,3691992
2000-08-29,19.13,20.66,19.13,20.22,7959
2000-08-30,20.11,20.99,19.67,19.78,7699
2000-08-31,19.56,20.22,19.56,19.67,5190
2000-09-01,19.78,20.33,19.67,19.78,4379044
2000-09-04,20.55,21.31,20.33,20.44,11015
2000-09-05,20.55,20.55,20.0,20.11,4718954
2000-09-06,20.11,20.66,19.67,19.89,5125
2000-09-07,19.67,20.55,19.67,20.55,6914
2000-09-08,20.77,20.88,20.0,20.33,5375
2000-09-11,20.11,20.55,20.11,20.33,2743999
2000-09-12,20.33,20.33,20.33,20.33,0
2000-09-13,20.22,20.33,19.13,19.78,4706343
2000-09-14,19.67,19.89,19.13,19.46,5247
2000-09-15,19.46,19.89,19.13,19.13,2474660
2000-09-18,19.13,19.56,19.13,19.35,2083014
2000-09-19,19.13,19.46,18.91,18.91,1436514
2000-09-20,19.24,19.35,18.58,18.58,1950792
2000-09-21,18.58,19.46,18.58,19.13,2701149
2000-09-22,19.02,19.02,18.25,18.58,2697266
2000-09-25,18.58,18.8,18.14,18.8,1175669
2000-09-26,18.69,19.02,18.25,18.69,1330470
2000-09-27,18.69,19.13,18.47,18.91,1098973
2000-09-28,19.02,19.13,18.58,18.69,905566
2000-09-29,18.69,19.13,18.47,18.91,2385642
2000-10-02,18.69,19.24,18.69,18.8,2272377
2000-10-03,18.58,18.69,17.49,17.71,1907545
2000-10-04,17.16,17.16,17.16,17.16,1167212
2000-10-05,16.72,17.16,16.72,16.94,1442538
2000-10-06,16.83,18.03,16.83,18.03,3064488
2000-10-09,18.03,18.14,17.38,17.38,733286
2000-10-10,17.38,17.38,17.38,17.38,0
2000-10-11,16.83,16.94,16.83,16.83,864117
2000-10-12,15.68,16.61,15.68,15.85,1497537
2000-10-13,14.86,15.41,14.76,15.19,2173924
2000-10-16,15.19,15.19,15.19,15.19,0
2000-10-17,14.97,15.3,14.48,15.08,1582807
2000-10-18,14.1,14.86,14.05,14.05,2036681
2000-10-19,13.12,13.12,13.12,13.12,295619
2000-10-20,13.12,13.99,13.12,13.99,3037408
2000-10-23,14.65,14.92,14.43,14.43,1188567
2000-10-24,14.21,15.19,14.15,15.03,3510030
2000-10-25,14.86,15.41,14.76,15.14,3358274
2000-10-26,14.65,14.97,14.65,14.65,2103964
2000-10-27,14.65,14.65,14.65,14.65,0
2000-10-30,13.66,13.66,13.66,13.66,59876
2000-10-31,13.23,13.23,13.23,13.23,303607
2000-11-01,12.79,13.06,12.79,12.79,485435
2000-11-02,12.35,12.79,12.35,12.79,3969282
2000-11-03,12.95,13.33,12.57,13.33,3892586
2000-11-06,12.57,12.79,12.46,12.46,1373901
2000-11-07,12.35,13.28,12.35,13.28,4005934
2000-11-08,13.88,14.21,13.66,14.21,4708337
2000-11-09,13.99,14.76,13.66,14.65,5520
2000-11-10,14.65,15.08,14.32,14.32,4506487
2000-11-13,13.94,14.32,13.83,14.1,2945631
2000-11-14,14.21,14.37,13.66,13.99,2530681
2000-11-15,14.37,14.81,13.99,14.05,4272729
2000-11-16,13.66,14.37,13.66,14.26,4443348
2000-11-17,13.88,15.25,13.88,15.25,8924
2000-11-20,13.99,14.54,13.99,14.54,4045156
2000-11-21,14.54,15.52,14.54,15.52,7805
2000-11-22,15.58,16.34,15.52,15.52,14291
2000-11-23,15.3,15.74,15.03,15.63,4635234
2000-11-24,15.74,16.07,15.36,15.63,4698821
2000-11-27,15.85,15.85,15.08,15.08,2958435
2000-11-28,14.65,14.92,14.59,14.65,2983799
2000-11-29,14.65,15.14,14.65,14.86,3368367
2000-11-30,14.76,15.03,14.37,14.37,2751883
2000-12-01,13.99,14.26,13.88,14.26,3014376
2000-12-04,14.1,14.21,13.88,13.94,1224828
2000-12-05,13.88,14.05,13.55,13.94,2515927
2000-12-06,14.54,14.65,14.32,14.32,3530648
2000-12-07,14.21,14.43,14.1,14.1,968976
2000-12-08,14.21,14.54,14.1,14.54,1684622
2000-12-11,14.65,14.97,14.65,14.81,1849805
2000-12-12,14.97,14.97,14.59,14.81,3171040
2000-12-13,14.65,14.81,14.59,14.7,1319914
2000-12-14,14.7,14.76,14.21,14.7,2389314
2000-12-15,14.54,14.59,14.54,14.59,816086
2000-12-18,14.65,14.7,14.21,14.26,1385991
2000-12-19,14.26,14.26,13.77,13.83,771371
2000-12-20,13.39,13.44,13.39,13.39,543122
2000-12-21,12.95,12.95,12.95,12.95,423452
2000-12-22,12.51,12.84,12.51,12.51,1419478
2000-12-25,12.51,12.51,12.51,12.51,0
2000-12-26,12.57,12.73,12.08,12.13,2521011
2000-12-27,12.13,12.13,11.75,11.8,2222467
2000-12-28,11.75,12.02,11.42,11.75,2724243
2000-12-29,11.7,11.7,11.37,11.48,2483871
2001-01-01,11.48,11.48,11.48,11.48,0
2001-01-02,11.37,12.3,10.98,12.3,3033867
2001-01-03,11.97,12.3,11.8,11.8,2617475
2001-01-04,12.62,12.62,12.24,12.62,8035
2001-01-05,12.79,13.5,12.62,13.5,7281
2001-01-08,13.5,13.88,13.06,13.23,7510
2001-01-09,12.9,13.55,12.9,13.55,8912
2001-01-10,13.61,13.61,13.17,13.28,5073
2001-01-11,13.55,14.15,13.44,13.55,11101
2001-01-12,13.88,13.88,13.44,13.72,3191202
2001-01-15,13.55,13.72,13.33,13.61,1901909
2001-01-16,13.61,14.43,13.61,14.43,6136
2001-01-17,14.32,14.32,13.99,14.21,4149952
2001-01-18,14.21,14.21,13.28,13.44,3758451
2001-01-19,13.44,13.44,13.44,13.44,0
2001-01-22,13.44,13.44,13.44,13.44,0
2001-01-23,13.44,13.44,13.44,13.44,0
2001-01-24,13.44,13.44,13.44,13.44,0
2001-01-25,13.44,13.44,13.44,13.44,0
2001-01-26,13.44,13.44,13.44,13.44,0
2001-01-29,13.12,13.44,12.9,12.9,3545556
2001-01-30,13.39,13.77,13.17,13.77,7101
2001-01-31,14.21,14.43,14.21,14.26,7257
2001-02-01,14.32,15.25,14.32,14.97,17121
2001-02-02,15.25,15.3,14.7,14.97,8763
2001-02-05,14.65,15.52,14.37,15.25,8592
2001-02-06,15.25,15.25,14.76,14.97,4859159
2001-02-07,14.86,15.03,14.65,14.65,2002876
2001-02-08,14.65,15.08,14.65,15.08,3360268
2001-02-09,15.41,15.96,15.36,15.74,12023
2001-02-12,15.85,16.01,15.47,15.85,5288
2001-02-13,16.07,16.29,16.07,16.18,7484
2001-02-14,16.18,16.18,15.3,15.3,2828451
2001-02-15,15.52,15.85,15.52,15.85,2747939
2001-02-16,15.9,15.9,15.19,15.3,3534827
2001-02-19,14.92,15.08,14.43,14.86,4009118
2001-02-20,14.97,15.25,14.76,14.86,2165065
2001-02-21,14.54,15.08,14.54,14.97,1450494
2001-02-22,14.76,14.86,14.43,14.7,1040075
2001-02-23,14.7,14.7,14.21,14.54,1291126
2001-02-26,14.21,14.32,13.99,14.05,2558439
2001-02-27,14.21,14.32,13.99,14.15,2015725
2001-02-28,14.15,14.15,14.15,14.15,0
2001-03-01,13.99,14.86,13.99,14.54,3791327
2001-03-02,14.76,14.81,14.15,14.21,3565990
2001-03-05,14.21,14.43,13.88,14.21,2901361
2001-03-06,14.65,14.65,14.1,14.21,6777
2001-03-07,14.32,14.92,14.21,14.86,8212
2001-03-08,14.97,15.3,14.86,15.03,8737
2001-03-09,15.03,15.3,14.92,15.03,5058
2001-03-12,14.7,14.86,14.65,14.7,2078226
2001-03-13,14.48,15.3,14.48,15.19,5026
2001-03-14,15.19,15.19,15.19,15.19,0
2001-03-15,14.65,14.97,14.65,14.97,3104714
2001-03-16,15.14,15.63,15.14,15.14,18405
2001-03-19,14.97,15.08,14.26,14.54,4113864
2001-03-20,14.54,14.76,14.32,14.43,3502610
2001-03-21,14.15,14.43,14.15,14.21,1708417
2001-03-22,14.21,14.54,14.21,14.43,2755759
2001-03-23,14.65,14.76,14.48,14.48,2747858
2001-03-26,14.59,14.76,14.26,14.76,3069076
2001-03-27,14.86,14.97,14.43,14.43,3054250
2001-03-28,14.65,14.76,14.54,14.7,1907480
2001-03-29,14.7,14.86,14.43,14.86,2729047
2001-03-30,14.97,14.97,14.54,14.92,3320641
2001-04-02,14.65,14.76,14.21,14.37,991525
2001-04-03,14.1,14.32,13.83,13.88,1708180
2001-04-04,13.66,14.21,13.66,14.15,1123563
2001-04-05,14.15,14.15,14.15,14.15,0
2001-04-06,14.32,14.59,13.99,14.15,1900744
2001-04-09,14.21,14.21,13.66,13.83,1583935
2001-04-10,13.88,13.88,13.44,13.44,3327986
2001-04-11,13.72,13.72,13.23,13.44,1655122
2001-04-12,13.44,13.77,13.44,13.72,1809039
2001-04-13,13.94,14.15,13.83,14.15,5010
2001-04-16,14.21,14.32,13.94,13.99,5627
2001-04-17,13.77,13.99,13.39,13.66,2836550
2001-04-18,13.72,13.99,13.55,13.66,4988642
2001-04-19,13.99,14.1,13.39,13.77,10518
2001-04-20,13.88,14.26,13.83,14.21,9369
2001-04-23,14.21,14.76,14.21,14.65,7493
2001-04-24,14.54,14.76,14.48,14.65,5046
2001-04-25,14.65,14.65,14.43,14.54,3622167
2001-04-26,14.65,14.65,14.43,14.54,3622167
2001-04-27,14.21,14.32,13.72,13.72,1870700
2001-04-30,13.72,13.94,13.5,13.88,2033908
2001-05-01,13.88,13.88,13.88,13.88,0
2001-05-02,13.88,14.1,13.33,13.88,2768963
2001-05-03,13.83,13.88,13.55,13.83,1869019
2001-05-04,13.77,13.77,13.23,13.55,3277879
2001-05-07,13.5,13.66,13.33,13.39,1216771
2001-05-08,13.23,13.39,12.79,13.28,2307235
2001-05-09,13.28,13.44,12.95,13.28,1745783
2001-05-10,13.28,13.28,12.57,12.79,3244589
2001-05-11,12.57,12.9,12.24,12.62,3327986
2001-05-14,12.13,12.57,12.13,12.3,1085827
2001-05-15,12.3,12.51,12.3,12.46,729256
2001-05-16,12.3,12.46,12.24,12.35,1700254
2001-05-17,12.41,12.57,12.41,12.57,1641643
2001-05-18,12.68,12.68,12.35,12.41,1189599
2001-05-21,12.41,12.41,11.8,11.8,1169496
2001-05-22,11.91,12.19,11.8,12.08,1955192
2001-05-23,12.08,12.9,11.97,12.9,2300377
2001-05-24,12.73,13.33,12.68,13.12,3775987
2001-05-25,12.9,13.12,12.73,12.79,1635927
2001-05-28,12.68,12.79,12.35,12.41,1337666
2001-05-29,12.24,12.57,12.24,12.24,2288676
2001-05-30,12.24,12.24,12.13,12.19,1135041
2001-05-31,12.13,12.24,11.91,12.24,975027
2001-06-01,12.24,12.3,11.91,11.97,1271258
2001-06-04,11.97,12.02,11.53,11.59,1608617
2001-06-05,11.59,11.8,11.59,11.8,1222728
2001-06-06,11.8,12.19,11.8,12.02,3969813
2001-06-07,12.02,12.02,11.53,11.64,2130153
2001-06-08,12.02,12.41,11.86,12.08,8268
2001-06-11,12.08,12.46,12.08,12.35,6859
2001-06-12,12.41,12.95,12.41,12.73,8843
2001-06-13,12.73,12.73,12.3,12.68,4671870
2001-06-14,12.57,12.57,12.24,12.57,2199964
2001-06-15,12.51,12.73,12.46,12.51,4045523
2001-06-18,12.51,12.51,12.24,12.24,1866868
2001-06-19,11.97,12.19,11.91,12.19,2481888
2001-06-20,12.19,12.68,12.13,12.68,5589
2001-06-21,12.79,12.95,12.57,12.62,5618
2001-06-22,12.73,12.79,12.35,12.46,2236854
2001-06-25,12.46,12.46,12.46,12.46,0
2001-06-26,12.51,12.57,12.02,12.13,2584697
2001-06-27,12.24,12.57,12.24,12.51,4230492
2001-06-28,12.57,12.73,12.35,12.68,2313024
2001-06-29,12.79,12.9,12.57,12.73,7264
2001-07-02,12.73,12.73,12.3,12.35,1610809
2001-07-03,12.35,12.51,12.35,12.51,1925881
2001-07-04,12.46,12.46,12.19,12.35,1504080
2001-07-05,12.35,12.51,12.24,12.35,2192564
2001-07-06,12.35,12.51,12.24,12.24,1567610
2001-07-09,11.8,12.02,11.53,11.59,2778171
2001-07-10,11.59,11.59,11.2,11.31,4447658
2001-07-11,11.2,11.37,11.2,11.26,924198
2001-07-12,11.26,11.53,11.2,11.53,3278334
2001-07-13,11.59,11.59,11.2,11.37,3224442
2001-07-16,11.42,11.42,11.2,11.26,2587229
2001-07-17,11.26,11.26,10.98,11.2,3332512
2001-07-18,11.15,11.15,10.44,10.49,4815077
2001-07-19,9.89,10.49,9.84,10.38,5794
2001-07-20,10.06,10.6,10.0,10.6,6152
2001-07-23,10.63,10.84,10.2,10.27,7903
2001-07-24,10.13,10.13,9.55,9.55,1765810
2001-07-25,9.41,10.2,9.34,10.2,2995762
2001-07-26,10.27,10.63,9.91,10.56,3637294
2001-07-27,10.56,10.63,10.2,10.2,2917335
2001-07-30,10.2,10.2,10.2,10.2,0
2001-07-31,10.2,10.2,9.91,10.05,1296422
2001-08-01,10.13,10.34,9.98,9.98,1214910
2001-08-02,10.05,10.27,10.05,10.05,4010446
2001-08-03,10.13,10.34,10.05,10.2,3509293
2001-08-06,10.2,10.34,10.13,10.27,2034045
2001-08-07,10.2,10.2,10.05,10.2,1980427
2001-08-08,10.27,10.77,10.2,10.7,5833
2001-08-09,10.63,10.77,10.48,10.63,2691708
2001-08-10,10.63,11.2,10.56,10.99,10032
2001-08-13,11.06,11.2,10.77,10.77,2669393
2001-08-14,10.84,10.99,10.63,10.92,2409056
2001-08-15,10.92,11.06,10.77,11.06,3570350
2001-08-16,11.06,11.13,10.77,10.77,1944166
2001-08-17,10.77,10.92,10.34,10.48,1978258
2001-08-20,10.27,10.27,10.13,10.13,2699458
2001-08-21,10.2,10.2,10.05,10.2,1258332
2001-08-22,10.2,10.2,10.05,10.05,1125578
2001-08-23,10.13,10.41,10.13,10.13,1726289
2001-08-24,10.2,10.27,9.77,9.84,2073406
2001-08-27,10.05,10.05,9.77,9.91,1577523
2001-08-28,9.84,9.91,9.62,9.77,876834
2001-08-29,9.77,9.91,9.48,9.91,2616381
2001-08-30,9.77,9.77,9.48,9.62,2658894
2001-08-31,9.48,9.48,8.98,9.19,4844818
2001-09-03,9.19,9.19,8.76,9.05,1687549
2001-09-04,9.05,9.19,8.9,9.19,1901484
2001-09-05,9.12,9.12,8.9,8.98,1313094
2001-09-06,8.9,8.98,8.76,8.9,970037
2001-09-07,8.62,8.83,8.55,8.83,3473294
2001-09-10,8.69,8.98,8.62,8.98,1499913
2001-09-11,8.83,8.9,8.62,8.83,1258504
2001-09-12,8.83,8.83,8.83,8.83,0
2001-09-13,8.26,8.26,8.26,8.26,1019219
2001-09-14,7.68,8.11,7.68,7.83,3938960
2001-09-17,7.83,7.83,7.83,7.83,0
2001-09-18,7.83,7.83,7.83,7.83,0
2001-09-19,7.83,7.83,7.83,7.83,0
2001-09-20,7.83,8.11,7.76,8.04,3429491
2001-09-21,7.83,7.97,7.83,7.97,3573544
2001-09-24,7.97,7.97,7.97,7.97,0
2001-09-25,8.9,9.05,8.62,8.69,5696
2001-09-26,8.76,9.26,8.69,9.26,5502
2001-09-27,9.19,9.55,9.05,9.34,4693073
2001-09-28,9.34,9.34,9.34,9.34,0
2001-10-01,9.34,9.34,9.34,9.34,0
2001-10-02,9.05,9.05,8.62,8.76,4237499
2001-10-03,8.9,8.98,8.76,8.83,3430575
2001-10-04,9.34,9.34,8.98,8.98,2263734
2001-10-05,8.98,9.19,8.76,9.19,1876178
2001-10-08,9.12,9.19,8.98,8.98,1452661
2001-10-09,9.05,9.34,9.05,9.26,1853639
2001-10-10,9.26,9.26,9.26,9.26,0
2001-10-11,9.34,9.91,9.34,9.84,5483
2001-10-12,9.91,9.91,9.34,9.55,3418274
2001-10-15,9.34,9.48,8.98,9.12,1819901
2001-10-16,9.12,9.12,8.76,9.12,3216104
2001-10-17,9.05,9.12,8.76,8.98,3861974
2001-10-18,8.76,8.9,8.76,8.83,2331438
2001-10-19,8.83,9.12,8.83,8.98,2575211
2001-10-22,9.05,9.26,8.98,9.12,3487118
2001-10-23,9.26,9.34,8.98,9.05,2702904
2001-10-24,9.05,9.26,8.9,9.26,5865
2001-10-25,9.34,9.69,9.26,9.48,7962
2001-10-26,9.62,10.05,9.62,9.77,13431
2001-10-29,9.77,9.77,9.55,9.55,3818355
2001-10-30,9.34,9.41,9.12,9.12,4836389
2001-10-31,9.12,9.55,9.12,9.41,4482602
2001-11-01,9.55,9.98,9.55,9.98,13807
2001-11-02,10.2,10.34,9.77,9.91,13270
2001-11-05,9.98,10.27,9.91,10.27,7915
2001-11-06,10.34,10.34,9.84,9.91,5793
2001-11-07,9.98,10.2,9.91,9.98,7297
2001-11-08,10.05,10.34,10.05,10.2,13065
2001-11-09,10.2,10.2,10.2,10.2,0
2001-11-12,10.05,10.05,9.77,9.98,4476992
2001-11-13,9.98,10.05,9.84,9.98,6005
2001-11-14,10.2,10.48,10.05,10.41,12732
2001-11-15,10.48,10.56,10.27,10.56,11289
2001-11-16,10.92,11.2,10.77,10.99,20698
2001-11-19,10.99,11.13,10.7,11.06,9561
2001-11-20,11.2,11.42,10.56,10.56,15347
2001-11-21,10.7,11.06,10.63,11.06,8884
2001-11-22,11.06,11.06,10.63,10.77,4574544
2001-11-23,10.92,11.06,10.7,11.06,6311
2001-11-26,11.2,11.71,11.2,11.71,14322
2001-11-27,11.85,11.92,11.2,11.35,10850
2001-11-28,11.27,11.49,10.77,10.77,4816116
2001-11-29,10.77,11.06,10.77,10.92,4365627
2001-11-30,11.06,11.42,10.99,11.35,7162
2001-12-03,11.49,12.06,11.49,11.92,10514
2001-12-04,11.71,11.92,11.56,11.85,7393
2001-12-05,12.21,12.64,12.21,12.64,17538
2001-12-06,13.29,13.29,12.85,12.93,19553
2001-12-07,12.93,13.36,12.78,13.14,13400
2001-12-10,12.85,13.21,12.64,13.21,9864
2001-12-11,13.14,13.64,12.93,13.14,19747
2001-12-12,13.21,13.64,13.14,13.5,18122
2001-12-13,13.5,13.72,12.57,12.71,16348
2001-12-14,12.5,12.93,12.42,12.71,8468
2001-12-17,12.71,12.93,12.21,12.21,8280
2001-12-18,12.35,12.57,11.78,11.92,6950
2001-12-19,12.14,12.21,11.85,11.92,4789826
2001-12-20,12.06,12.35,11.92,12.35,6052
2001-12-21,12.06,12.28,11.78,11.78,4655773
2001-12-24,11.92,12.06,11.71,11.99,3989465
2001-12-25,11.99,12.78,11.99,12.78,8384
2001-12-26,12.93,13.07,12.42,12.5,11476
2001-12-27,12.78,12.78,11.92,11.99,7703
2001-12-28,12.14,12.42,11.99,12.42,3655143
2001-12-31,12.64,13.0,12.5,12.93,9865
2002-01-01,12.93,12.93,12.93,12.93,0
2002-01-02,12.85,12.85,12.42,12.64,7017
2002-01-03,12.64,12.64,12.64,12.64,0
2002-01-04,13.14,13.5,12.93,13.0,14207
2002-01-07,13.21,13.5,13.0,13.21,9717
2002-01-08,13.21,13.64,13.21,13.43,11284
2002-01-09,13.72,14.08,13.5,13.79,16814
2002-01-10,13.72,13.72,13.21,13.36,8549
2002-01-11,13.36,13.5,12.64,12.71,7018
2002-01-14,12.5,12.71,12.35,12.57,4533486
2002-01-15,12.5,12.93,12.5,12.85,2906085
2002-01-16,12.93,13.07,12.64,12.64,4228585
2002-01-17,12.42,13.07,12.42,12.93,3345810
2002-01-18,13.07,13.21,12.64,12.64,4470839
2002-01-21,12.64,13.5,12.64,13.5,9642
2002-01-22,13.64,14.29,13.64,14.0,19629
2002-01-23,13.79,14.29,13.72,13.86,12225
2002-01-24,14.0,14.51,13.79,14.08,16877
2002-01-25,14.29,14.36,13.93,14.08,11477
2002-01-28,14.65,15.01,14.51,15.01,13388
2002-01-29,15.37,15.66,14.87,14.94,29725
2002-01-30,14.65,14.94,14.43,14.65,8824
2002-01-31,14.65,14.65,14.65,14.65,0
2002-02-01,15.08,15.15,14.51,14.51,7352
2002-02-04,14.51,14.79,14.51,14.65,4727133
2002-02-05,14.51,14.65,14.15,14.43,5016
2002-02-06,14.58,14.87,14.58,14.72,8148
2002-02-07,14.72,14.72,14.72,14.72,0
2002-02-08,14.72,14.72,14.72,14.72,0
2002-02-11,14.72,14.72,14.72,14.72,0
2002-02-12,14.72,14.72,14.72,14.72,0
2002-02-13,14.72,14.72,14.72,14.72,0
2002-02-14,14.72,14.72,14.72,14.72,0
2002-02-15,14.72,14.72,14.72,14.72,0
2002-02-18,14.94,15.01,14.36,14.36,6992
2002-02-19,14.43,14.72,14.36,14.58,6094
2002-02-20,14.51,14.58,14.22,14.22,3696038
2002-02-21,14.43,14.43,13.93,13.93,3892806
2002-02-22,13.64,14.15,13.64,14.08,4801583
2002-02-25,13.93,14.22,13.64,13.64,3445254
2002-02-26,13.93,14.0,12.71,12.71,9418
2002-02-27,12.71,13.14,12.5,13.07,10235
2002-02-28,13.07,13.07,13.07,13.07,0
2002-03-01,13.07,13.07,12.5,12.64,9325
2002-03-04,13.07,13.21,12.93,13.0,24370
2002-03-05,13.14,13.21,12.71,12.93,11659
2002-03-06,13.07,13.79,13.0,13.79,17973
2002-03-07,14.0,14.0,13.29,13.29,15351
2002-03-08,13.57,13.57,13.21,13.36,7193
2002-03-11,13.29,13.72,13.21,13.57,11350
2002-03-12,13.57,13.57,13.29,13.29,4914376
2002-03-13,13.29,13.5,13.21,13.36,4705996
2002-03-14,13.36,13.36,13.07,13.21,2635618
2002-03-15,13.29,13.64,13.21,13.29,8799
2002-03-18,13.5,13.57,13.29,13.36,4262105
2002-03-19,13.5,13.57,13.07,13.14,3608470
2002-03-20,13.14,13.5,13.14,13.43,3034488
2002-03-21,13.36,13.5,13.29,13.36,2364761
2002-03-22,13.5,14.29,13.43,13.93,15499
2002-03-25,13.93,13.93,13.5,13.64,5428
2002-03-26,13.57,13.72,13.36,13.43,5847
2002-03-27,13.43,13.57,13.0,13.07,5828
2002-03-28,13.07,13.21,13.07,13.21,2908685
2002-03-29,13.29,13.36,13.07,13.21,2529808
2002-04-01,13.21,13.36,13.07,13.21,2824146
2002-04-02,13.36,13.64,13.36,13.43,6661
2002-04-03,13.43,13.57,13.29,13.36,2141592
2002-04-04,13.36,13.36,12.93,12.93,6006
2002-04-05,12.93,12.93,12.93,12.93,0
2002-04-08,12.93,13.0,12.35,12.5,6455
2002-04-09,12.64,12.85,12.5,12.57,5265
2002-04-10,12.57,12.93,12.5,12.71,5663
2002-04-11,12.71,12.85,12.57,12.64,4495757
2002-04-12,12.5,12.78,12.42,12.78,4479611
2002-04-15,12.78,13.0,12.64,12.64,6556
2002-04-16,12.64,13.14,12.64,13.0,7168
2002-04-17,13.14,13.21,12.78,12.85,7554
2002-04-18,13.07,13.07,12.64,12.71,3284201
2002-04-19,12.71,12.71,12.5,12.5,4763060
2002-04-22,12.5,12.78,12.5,12.78,5581
2002-04-23,12.71,12.71,12.5,12.57,1839073
2002-04-24,12.57,12.71,12.57,12.57,1860734
2002-04-25,12.5,12.57,12.35,12.42,2256169
2002-04-26,12.5,12.57,12.21,12.21,2788687
2002-04-29,12.21,12.35,12.14,12.28,4163565
2002-04-30,12.28,12.64,12.28,12.64,3571589
2002-05-01,12.64,12.64,12.64,12.64,0
2002-05-02,12.71,12.71,12.14,12.14,4311724
2002-05-03,11.99,12.35,11.92,12.14,1804600
2002-05-06,12.06,12.06,11.35,11.49,4433806
2002-05-07,11.49,12.06,11.42,11.92,3792814
2002-05-08,12.06,12.06,11.71,11.71,2361641
2002-05-09,12.14,12.14,11.85,11.85,2230508
2002-05-10,11.92,12.21,11.92,12.14,3675641
2002-05-13,11.99,12.14,11.85,12.06,1183664
2002-05-14,12.21,12.21,11.92,12.06,1018886
2002-05-15,12.21,12.42,12.14,12.35,3763753
2002-05-16,12.35,12.35,12.14,12.14,1579079
2002-05-17,12.21,12.42,12.14,12.21,2679840
2002-05-20,12.35,12.35,11.92,11.99,2276752
2002-05-21,11.99,12.28,11.92,12.06,5159
2002-05-22,12.06,12.64,12.06,12.42,6351
2002-05-23,12.42,12.42,12.21,12.21,1403966
2002-05-24,12.28,12.78,12.28,12.71,6072
2002-05-27,12.64,12.78,12.5,12.78,2874906
2002-05-28,12.85,13.0,12.71,12.78,4955976
2002-05-29,12.71,12.78,12.57,12.71,2269940
2002-05-30,12.78,12.78,12.28,12.42,3071985
2002-05-31,12.5,12.57,12.35,12.42,654258
2002-06-03,12.42,12.42,12.21,12.28,960925
2002-06-04,12.06,12.35,12.06,12.35,982963
2002-06-05,12.5,12.71,12.35,12.64,1961832
2002-06-06,12.5,12.64,12.42,12.42,645856
2002-06-07,12.28,12.35,12.06,12.06,1038573
2002-06-10,12.14,12.42,12.06,12.35,677138
2002-06-11,12.28,12.35,11.99,11.99,1948302
2002-06-12,11.92,12.28,11.78,12.28,2280040
2002-06-13,12.28,12.5,12.21,12.42,1231027
2002-06-14,12.35,12.35,12.21,12.28,456179
2002-06-17,12.35,12.42,12.06,12.06,968670
2002-06-18,12.35,12.35,11.92,12.06,1731394
2002-06-19,11.99,12.14,11.49,11.49,3161781
2002-06-20,11.42,11.71,11.35,11.63,1887304
2002-06-21,11.49,11.85,11.35,11.78,1567219
2002-06-24,11.49,11.63,10.99,11.06,3611870
2002-06-25,11.06,11.13,10.34,10.48,6987
2002-06-26,10.2,10.2,9.77,9.98,5828
2002-06-27,10.05,10.27,9.98,10.27,5812
2002-06-28,10.2,10.56,10.13,10.56,3025376
2002-07-01,10.56,10.7,10.27,10.41,3355260
2002-07-02,10.2,10.48,10.05,10.48,2478221
2002-07-03,10.2,10.63,9.84,10.63,1649188
2002-07-04,10.63,10.7,10.34,10.7,1692199
2002-07-05,10.63,11.42,10.56,11.42,3282738
2002-07-08,11.63,11.78,11.42,11.56,4400953
2002-07-09,11.35,11.92,11.2,11.92,3694533
2002-07-10,11.92,11.92,11.49,11.56,3886475
2002-07-11,11.35,11.56,11.27,11.49,5768
2002-07-12,11.84,12.02,11.67,12.02,8613
2002-07-15,12.11,12.28,11.93,12.11,4436857
2002-07-16,12.11,12.37,12.02,12.02,5097
2002-07-17,11.93,12.02,11.58,11.58,2633881
2002-07-18,11.58,11.84,11.58,11.75,1971389
2002-07-19,11.58,11.67,11.4,11.58,1944012
2002-07-22,11.23,11.32,10.96,10.96,1958900
2002-07-23,10.96,11.49,10.96,11.49,3068786
2002-07-24,11.23,11.67,11.14,11.23,4790658
2002-07-25,11.58,11.67,11.32,11.4,2372225
2002-07-26,10.96,11.14,10.61,10.88,2373519
2002-07-29,10.88,11.14,10.7,10.96,1310213
2002-07-30,11.23,11.49,11.23,11.4,2719177
2002-07-31,11.49,11.49,11.32,11.32,1326045
2002-08-01,11.32,11.4,11.14,11.14,864926
2002-08-02,10.96,11.14,10.88,11.14,768848
2002-08-05,10.44,10.61,10.44,10.44,3123310
2002-08-06,10.18,10.53,10.18,10.44,1493000
2002-08-07,10.7,11.05,10.61,10.79,3570996
2002-08-08,10.96,11.05,10.7,10.79,1801703
2002-08-09,11.05,11.4,10.96,11.14,4450031
2002-08-12,11.23,11.23,10.88,10.96,1374005
2002-08-13,10.96,11.05,10.88,10.96,554267
2002-08-14,10.88,11.4,10.79,11.4,3504852
2002-08-15,11.75,12.02,11.49,11.67,10278
2002-08-16,11.93,11.93,11.4,11.58,5828
2002-08-19,11.58,11.58,11.23,11.23,2730007
2002-08-20,11.58,11.58,11.32,11.49,3377391
2002-08-21,11.4,11.49,11.32,11.49,1483332
2002-08-22,11.58,11.84,11.49,11.67,7231
2002-08-23,11.67,11.67,11.67,11.67,0
2002-08-26,11.49,11.58,11.32,11.4,2615157
2002-08-27,11.49,11.67,11.4,11.4,2640282
2002-08-28,11.23,11.32,10.88,10.96,3358258
2002-08-29,10.88,11.14,10.79,11.05,1901397
2002-08-30,11.05,11.14,10.88,10.96,905940
2002-09-02,10.96,10.96,10.79,10.79,2237998
2002-09-03,10.88,10.96,10.7,10.96,2486253
2002-09-04,10.7,11.05,10.61,10.88,2274755
2002-09-05,10.96,10.96,10.53,10.7,2466826
2002-09-06,10.7,10.7,10.7,10.7,0
2002-09-09,10.96,10.96,10.79,10.88,1415846
2002-09-10,10.88,11.32,10.88,11.32,2946752
2002-09-11,11.4,11.49,11.23,11.32,2935706
2002-09-12,11.4,11.75,11.32,11.75,6476
2002-09-13,11.75,12.02,11.58,11.84,10022
2002-09-16,12.02,12.28,11.84,12.02,13790
2002-09-17,12.02,12.37,11.84,12.37,9429
2002-09-18,12.11,12.19,11.58,11.58,7725
2002-09-19,11.58,11.93,11.58,11.58,4877102
2002-09-20,11.32,11.84,11.23,11.67,4228427
2002-09-23,11.75,11.84,11.49,11.49,2862872
2002-09-24,11.49,11.75,11.49,11.75,3864780
2002-09-25,11.75,11.93,11.4,11.67,6146
2002-09-26,11.93,12.02,11.75,11.75,6029
2002-09-27,11.84,12.02,11.67,11.75,3968464
2002-09-30,11.67,11.75,11.32,11.75,2808105
2002-10-01,11.58,11.84,11.49,11.58,3050705
2002-10-02,11.93,11.93,11.67,11.75,4259213
2002-10-03,11.58,11.75,11.49,11.67,3044063
2002-10-04,11.49,11.67,11.4,11.4,3153338
2002-10-07,11.32,11.32,10.7,10.7,4981515
2002-10-08,10.53,10.88,10.44,10.88,3698969
2002-10-09,10.88,10.96,10.7,10.7,3323171
2002-10-10,10.7,10.7,10.7,10.7,0
2002-10-11,10.88,10.96,10.35,10.35,2196136
2002-10-14,10.35,10.61,10.18,10.44,2050674
2002-10-15,10.61,11.14,10.61,11.14,4331468
2002-10-16,11.49,11.58,11.23,11.49,5509
2002-10-17,11.4,11.58,11.23,11.4,7212
2002-10-18,11.58,11.75,11.4,11.67,8357
2002-10-21,11.49,11.58,11.23,11.32,5715
2002-10-22,11.4,11.58,10.96,11.23,6372
2002-10-23,11.14,11.67,10.96,11.58,9271
2002-10-24,11.49,12.28,11.4,11.93,22894
2002-10-25,12.02,12.37,11.93,12.02,15616
2002-10-28,12.28,12.37,11.75,11.75,9408
2002-10-29,11.75,11.93,11.4,11.58,5691
2002-10-30,11.49,11.67,11.23,11.4,5192
2002-10-31,11.58,11.75,11.4,11.58,4895477
2002-11-01,11.58,11.58,11.23,11.23,3967026
2002-11-04,11.4,11.58,11.23,11.4,3107733
2002-11-05,11.49,11.58,11.32,11.4,4602838
2002-11-06,11.4,11.75,11.32,11.67,6541
2002-11-07,11.67,11.75,11.4,11.49,5856
2002-11-08,11.4,11.84,11.32,11.75,8129
2002-11-11,11.75,11.75,11.4,11.4,3977597
2002-11-12,11.4,11.67,11.4,11.4,2549762
2002-11-13,11.49,11.58,11.4,11.49,2185458
2002-11-14,11.58,11.75,11.4,11.4,2118243
2002-11-15,11.67,11.67,11.49,11.49,2712480
2002-11-18,11.49,11.58,11.32,11.4,2837705
2002-11-19,11.4,11.67,11.4,11.67,6181
2002-11-20,11.67,11.75,11.49,11.58,3741760
2002-11-21,11.67,11.84,11.32,11.4,3642681
2002-11-22,11.58,11.75,11.49,11.49,4686084
2002-11-25,11.67,11.67,11.49,11.58,1848700
2002-11-26,11.58,11.67,11.4,11.49,2213647
2002-11-27,11.4,11.4,10.96,11.05,3783061
2002-11-28,11.14,11.32,10.88,11.23,4826067
2002-11-29,11.23,11.49,11.23,11.32,2769363
2002-12-02,11.32,11.32,11.32,11.32,0
2002-12-03,11.4,11.67,11.4,11.49,3933035
2002-12-04,11.49,11.58,11.4,11.4,1637949
2002-12-05,11.4,11.58,11.4,11.4,1743432
2002-12-06,11.4,11.58,11.4,11.49,1890344
2002-12-09,11.58,11.93,11.49,11.84,8078
2002-12-10,11.84,11.93,11.67,11.84,5327
2002-12-11,12.02,12.28,11.84,11.84,12203
2002-12-12,11.93,12.02,11.49,11.49,4967250
2002-12-13,11.49,11.84,11.49,11.58,3859098
2002-12-16,11.67,11.84,11.58,11.84,2262905
2002-12-17,11.93,11.93,11.49,11.49,2846498
2002-12-18,11.58,11.58,11.32,11.32,2052653
2002-12-19,11.32,11.4,10.96,11.05,3934845
2002-12-20,11.05,11.32,10.88,11.14,4258745
2002-12-23,11.23,11.23,10.96,10.96,1039802
2002-12-24,10.96,11.14,10.88,10.88,2484296
2002-12-25,10.96,11.05,10.88,10.96,1340154
2002-12-26,11.05,11.23,10.96,11.14,1249643
2002-12-27,11.14,11.23,11.05,11.23,1031846
2002-12-30,11.05,11.14,10.88,10.96,3489769
2002-12-31,10.88,11.05,10.88,10.96,512380
2003-01-01,10.96,10.96,10.96,10.96,0
2003-01-02,11.05,11.05,10.88,10.96,1774326
2003-01-03,11.05,11.14,10.96,11.14,3133508
2003-01-06,11.23,11.23,10.88,10.88,5227
2003-01-07,10.96,11.14,10.88,10.88,2038220
2003-01-08,10.88,11.05,10.88,10.88,1775804
2003-01-09,10.96,11.05,10.88,10.96,1299406
2003-01-10,11.05,11.14,10.96,10.96,2287667
2003-01-13,11.05,11.67,11.05,11.49,6732
2003-01-14,11.58,12.28,11.49,12.19,17814
2003-01-15,12.28,12.37,12.11,12.28,9669
2003-01-16,12.19,12.37,11.67,11.67,3848750
2003-01-17,11.67,12.28,11.49,12.11,6493
2003-01-20,12.11,12.37,12.02,12.11,9218
2003-01-21,12.28,12.89,12.19,12.89,14582
2003-01-22,12.89,12.89,12.37,12.37,6085
2003-01-23,12.46,12.81,12.37,12.72,7985
2003-01-24,12.89,12.89,12.54,12.54,5912
2003-01-27,12.46,12.46,11.67,11.75,4539138
2003-01-28,11.58,11.93,11.58,11.75,2920327
2003-01-29,11.75,11.75,11.75,11.75,0
2003-01-30,11.75,11.75,11.75,11.75,0
2003-01-31,11.75,11.75,11.75,11.75,0
2003-02-03,11.75,11.75,11.75,11.75,0
2003-02-04,11.75,11.75,11.75,11.75,0
2003-02-05,11.75,11.75,11.75,11.75,0
2003-02-06,11.67,11.93,11.14,11.23,4798690
2003-02-07,11.14,11.84,11.05,11.67,5627
2003-02-10,11.67,11.67,11.4,11.49,998266
2003-02-11,11.75,11.93,11.58,11.84,2662301
2003-02-12,11.75,11.93,11.49,11.67,2131580
2003-02-13,11.58,11.75,11.58,11.58,692866
2003-02-14,11.49,11.75,11.49,11.58,1049830
2003-02-17,11.75,11.93,11.67,11.84,2111114
2003-02-18,11.84,11.84,11.58,11.58,511146
2003-02-19,11.75,11.75,11.58,11.58,817439
2003-02-20,11.58,11.84,11.58,11.75,1229214
2003-02-21,11.93,12.02,11.84,12.02,2320084
2003-02-24,12.02,12.19,11.93,12.11,1660264
2003-02-25,11.93,11.93,11.75,11.75,902473
2003-02-26,11.75,11.93,11.67,11.84,526507
2003-02-27,11.75,11.93,11.67,11.75,732819
2003-02-28,11.75,11.75,11.75,11.75,0
2003-03-03,11.75,11.93,11.75,11.75,781530
2003-03-04,11.93,11.93,11.75,11.75,666960
2003-03-05,11.75,11.93,11.58,11.84,1660816
2003-03-06,11.84,11.84,11.67,11.75,1173923
2003-03-07,11.58,11.75,11.58,11.58,1070351
2003-03-10,11.67,11.67,11.4,11.49,1355926
2003-03-11,11.4,11.49,11.32,11.4,1064780
2003-03-12,11.4,11.49,11.32,11.32,657099
2003-03-13,11.4,11.4,11.23,11.23,1721976
2003-03-14,11.49,11.58,11.23,11.23,2173619
2003-03-17,11.23,11.23,10.53,10.61,5313
2003-03-18,10.79,11.14,10.79,11.05,3070852
2003-03-19,11.05,11.14,10.96,11.05,1765442
2003-03-20,11.23,11.49,11.14,11.4,2596665
2003-03-21,11.4,11.49,11.32,11.49,2746266
2003-03-24,11.49,11.49,11.4,11.4,895376
2003-03-25,11.23,11.32,11.14,11.32,645234
2003-03-26,11.4,11.4,11.14,11.23,1002930
2003-03-27,11.23,11.32,11.05,11.05,1400814
2003-03-28,11.05,11.14,10.96,10.96,633220
2003-03-31,10.96,11.05,10.7,10.79,976254
2003-04-01,10.79,10.88,10.7,10.79,750611
2003-04-02,10.88,10.88,10.7,10.79,575946
2003-04-03,10.88,10.96,10.88,10.96,2084254
2003-04-04,10.96,10.96,10.79,10.96,1576492
2003-04-07,10.96,11.05,10.88,10.96,2738094
2003-04-08,10.96,11.14,10.88,10.88,1574252
2003-04-09,10.88,10.88,10.79,10.79,858824
2003-04-10,10.79,11.05,10.79,10.88,1348696
2003-04-11,10.96,11.23,10.88,11.23,1410158
2003-04-14,11.23,11.32,11.05,11.14,1642163
2003-04-15,11.23,11.23,11.05,11.14,448529
2003-04-16,11.14,11.49,11.14,11.32,1662236
2003-04-17,11.32,11.4,11.23,11.32,2118806
2003-04-18,11.4,11.93,11.4,11.49,3458570
2003-04-21,11.67,11.67,11.32,11.49,1260365
2003-04-22,11.4,11.49,11.14,11.23,862783
2003-04-23,11.4,11.4,11.14,11.14,697354
2003-04-24,11.23,11.23,10.79,10.88,2035906
2003-04-25,10.88,11.05,10.88,10.88,1561140
2003-04-28,10.7,10.79,10.53,10.7,3251021
2003-04-29,10.7,10.88,10.53,10.79,3126885
2003-04-30,11.23,11.23,10.79,10.79,989696
2003-05-01,10.79,10.79,10.79,10.79,0
2003-05-02,10.79,10.96,10.79,10.88,1049617
2003-05-05,10.88,10.96,10.79,10.79,1146593
2003-05-06,10.88,10.96,10.7,10.88,1093523
2003-05-07,10.88,11.05,10.88,10.96,1070092
2003-05-08,10.88,10.88,10.7,10.88,945172
2003-05-09,10.7,10.79,10.61,10.7,4216204
2003-05-12,10.79,10.88,10.79,10.79,1276183
2003-05-13,10.88,11.23,10.88,11.05,2106427
2003-05-14,10.96,11.32,10.88,11.23,2181157
2003-05-15,11.32,11.4,11.05,11.23,2227336
2003-05-16,11.32,11.32,11.05,11.05,649366
2003-05-19,11.23,11.23,10.96,11.05,770424
2003-05-20,11.05,11.14,10.96,11.05,425115
2003-05-21,11.05,11.14,10.96,11.05,624191
2003-05-22,11.05,11.32,11.05,11.14,1573133
2003-05-23,11.23,11.4,11.05,11.14,2176507
2003-05-26,11.14,11.4,11.14,11.14,3140686
2003-05-27,11.14,11.23,10.88,10.96,3757153
2003-05-28,11.05,11.14,10.26,10.26,14224
2003-05-29,9.56,10.0,9.56,9.56,21636
2003-05-30,9.12,9.65,9.12,9.65,30331
2003-06-02,9.65,9.65,9.3,9.47,22875
2003-06-03,9.39,9.82,9.3,9.74,21384
2003-06-04,9.74,9.74,9.74,9.74,0
2003-06-05,9.82,9.91,9.56,9.56,10118
2003-06-06,9.56,9.82,9.56,9.65,7256
2003-06-09,9.65,9.82,9.65,9.65,9875
2003-06-10,9.65,10.0,9.56,9.91,15066
2003-06-11,10.0,10.0,9.74,9.74,9027
2003-06-12,9.82,10.0,9.82,9.82,7954
2003-06-13,10.0,10.0,9.82,9.91,6624
2003-06-16,9.91,9.91,9.74,9.74,3793935
2003-06-17,9.91,9.91,9.74,9.82,4174627
2003-06-18,9.91,10.09,9.82,9.82,11110
2003-06-19,9.91,10.0,9.82,9.91,5775
2003-06-20,9.82,9.91,9.56,9.56,10501
2003-06-23,9.56,9.65,8.95,8.95,14774
2003-06-24,8.68,8.86,8.35,8.77,11655
2003-06-25,8.58,8.77,8.56,8.77,4723971
2003-06-26,8.77,8.77,8.6,8.68,3465235
2003-06-27,8.77,8.86,8.74,8.77,4033147
2003-06-30,8.77,8.86,8.75,8.77,3875369
2003-07-01,8.86,9.21,8.77,9.12,4706102
2003-07-02,9.21,9.3,9.12,9.12,5913
2003-07-03,9.21,9.3,8.95,8.95,3519018
2003-07-04,8.95,9.12,8.77,8.77,4073148
2003-07-07,8.95,9.21,8.86,9.12,4899661
2003-07-08,9.3,9.65,9.21,9.47,13796
2003-07-09,9.56,10.0,9.47,9.91,15957
2003-07-10,9.82,10.0,9.65,9.74,8906
2003-07-11,9.65,10.0,9.56,10.0,5616
2003-07-14,9.91,10.09,9.82,9.91,4972435
2003-07-15,10.0,10.0,9.65,9.74,5121
2003-07-16,9.82,10.0,9.74,9.74,3215613
2003-07-17,9.74,9.91,9.65,9.82,3195133
2003-07-18,9.82,9.91,9.65,9.65,1546772
2003-07-21,9.74,9.82,9.65,9.82,2356607
2003-07-22,9.82,9.91,9.74,9.91,2061008
2003-07-23,10.0,10.0,9.82,9.91,2734581
2003-07-24,10.0,10.35,9.91,10.26,8808
2003-07-25,10.26,10.61,10.18,10.44,6851
2003-07-28,10.7,10.7,10.26,10.26,5021
2003-07-29,10.26,10.35,10.09,10.18,2726352
2003-07-30,10.18,10.26,9.91,10.09,4142681
2003-07-31,10.09,10.18,9.82,10.09,5054
2003-08-01,10.3,10.52,10.3,10.32,5796
2003-08-04,10.32,10.42,10.27,10.32,1981634
2003-08-05,10.42,10.42,10.21,10.42,2250188
2003-08-06,10.27,10.42,10.21,10.42,1029377
2003-08-07,10.32,10.42,10.21,10.42,1096795
2003-08-08,10.32,10.32,10.23,10.32,1125089
2003-08-11,10.32,10.42,10.13,10.21,1547491
2003-08-12,10.32,10.42,10.27,10.32,1011303
2003-08-13,10.42,10.42,10.27,10.32,5354
2003-08-14,10.42,10.63,10.32,10.52,5961
2003-08-15,10.63,11.24,10.63,11.14,8766
2003-08-18,11.35,11.66,11.24,11.35,4857833
2003-08-19,11.55,11.66,11.24,11.45,2585682
2003-08-20,11.35,11.45,11.24,11.35,2336774
2003-08-21,11.35,11.45,11.24,11.35,984093
2003-08-22,11.45,11.55,11.35,11.45,2856851
2003-08-25,11.45,11.45,11.14,11.24,721448
2003-08-26,11.24,11.66,11.24,11.45,3789503
2003-08-27,11.55,11.55,11.35,11.45,2252036
2003-08-28,11.45,11.55,11.35,11.35,2014256
2003-08-29,11.55,11.66,11.45,11.45,2083560
2003-09-01,11.45,11.66,11.45,11.66,1113061
2003-09-02,11.66,11.66,11.35,11.45,1018142
2003-09-03,11.45,11.66,11.45,11.45,809746
2003-09-04,11.45,11.86,11.45,11.66,2455110
2003-09-05,11.66,11.66,11.45,11.55,1394673
2003-09-08,11.35,11.66,11.35,11.66,1952248
2003-09-09,11.66,11.76,11.55,11.76,2224667
2003-09-10,11.66,11.76,11.45,11.55,1794776
2003-09-11,11.55,11.55,11.55,11.55,0
2003-09-12,11.55,11.97,11.45,11.86,3121966
2003-09-15,11.86,12.17,11.76,11.97,3107654
2003-09-16,11.97,12.07,11.86,11.86,1224754
2003-09-17,11.97,12.07,11.86,11.86,1169745
2003-09-18,11.86,11.86,11.55,11.66,1287815
2003-09-19,11.66,11.66,11.55,11.55,1196937
2003-09-22,11.55,11.55,11.35,11.35,1084815
2003-09-23,11.35,11.35,10.83,11.24,2228891
2003-09-24,11.35,11.35,11.04,11.24,1241896
2003-09-25,11.14,11.24,10.93,11.24,1647158
2003-09-26,11.04,11.24,11.04,11.04,844436
2003-09-29,11.04,11.14,10.83,10.83,2125337
2003-09-30,10.83,11.14,10.83,10.93,968252
2003-10-01,10.93,11.04,10.83,11.04,446520
2003-10-02,11.04,11.14,10.93,11.04,464497
2003-10-03,11.04,11.14,10.93,11.14,573361
2003-10-06,11.14,11.24,11.04,11.04,607777
2003-10-07,11.04,11.14,10.93,10.93,946715
2003-10-08,10.93,11.04,10.83,10.83,1001820
2003-10-09,10.83,10.93,10.42,10.63,4088245
2003-10-10,10.63,10.63,10.63,10.63,0
2003-10-13,10.63,10.73,10.52,10.63,1902502
2003-10-14,10.63,10.73,10.52,10.52,1980231
2003-10-15,10.63,10.73,10.52,10.63,928884
2003-10-16,10.63,10.93,10.52,10.93,1802093
2003-10-17,11.04,11.04,10.73,10.83,1137362
2003-10-20,10.83,10.83,10.52,10.52,2571608
2003-10-21,10.63,10.73,10.52,10.73,1622625
2003-10-22,10.63,10.73,10.52,10.63,1455505
2003-10-23,10.73,10.73,10.52,10.63,1479592
2003-10-24,10.63,10.73,10.52,10.63,1457206
2003-10-27,10.52,10.63,10.42,10.42,1429417
2003-10-28,10.42,10.63,10.42,10.63,1408541
2003-10-29,10.52,10.63,10.42,10.52,2177745
2003-10-30,10.52,10.63,10.42,10.52,1252021
2003-10-31,10.52,10.52,10.42,10.52,1052117
2003-11-03,10.52,10.63,10.42,10.52,1071981
2003-11-04,10.63,10.73,10.52,10.63,1249933
2003-11-05,10.63,11.24,10.52,11.04,3937902
2003-11-06,11.04,11.76,11.04,11.35,8404
2003-11-07,11.55,11.66,11.35,11.55,2803016
2003-11-10,11.55,11.86,11.55,11.86,4376994
2003-11-11,11.66,11.86,11.66,11.76,1485860
2003-11-12,11.76,11.76,11.55,11.55,3014281
2003-11-13,11.66,11.66,11.45,11.45,1248164
2003-11-14,11.35,11.45,11.35,11.35,785542
2003-11-17,11.24,11.24,11.04,11.24,1809962
2003-11-18,11.04,11.24,10.93,11.04,935249
2003-11-19,10.93,11.24,10.93,11.04,1254523
2003-11-20,11.04,11.14,10.93,10.93,1071402
2003-11-21,10.93,11.04,10.83,10.93,2694747
2003-11-24,11.04,11.55,10.83,11.24,2469412
2003-11-25,11.35,11.35,10.93,10.93,854429
2003-11-26,10.93,11.14,10.93,11.04,1015028
2003-11-27,11.04,11.14,10.93,10.93,965852
2003-11-28,10.93,11.14,10.93,11.04,494420
2003-12-01,11.14,11.35,11.04,11.35,2953986
2003-12-02,11.35,11.35,11.24,11.24,883350
2003-12-03,11.24,11.35,11.24,11.35,1097160
2003-12-04,11.35,11.45,11.24,11.35,2165721
2003-12-05,11.35,11.35,11.14,11.35,1774465
2003-12-08,11.24,11.24,11.14,11.24,1207937
2003-12-09,11.24,11.35,11.14,11.35,1577276
2003-12-10,11.24,11.35,11.24,11.24,2129053
2003-12-11,11.35,11.45,11.24,11.35,4723604
2003-12-12,11.35,11.45,11.24,11.35,2572678
2003-12-15,11.35,11.45,11.24,11.35,4041707
2003-12-16,11.35,11.45,11.24,11.35,4298367
2003-12-17,11.35,11.55,11.24,11.35,4662203
2003-12-18,11.35,11.35,10.93,11.24,4026715
2003-12-19,11.24,11.66,11.14,11.45,8650
2003-12-22,11.45,11.66,11.24,11.55,10025
2003-12-23,11.55,11.55,11.35,11.45,2394530
2003-12-24,11.45,11.97,11.45,11.76,8602
2003-12-25,11.76,12.28,11.76,12.07,8953
2003-12-26,11.97,12.28,11.97,12.07,5887
2003-12-29,12.07,12.17,11.97,11.97,2765321
2003-12-30,12.07,12.28,11.97,12.07,7060
2003-12-31,12.07,12.28,11.97,12.07,5398
2004-01-01,12.07,12.07,12.07,12.07,0
2004-01-02,12.17,12.38,11.97,12.38,6429
2004-01-05,12.38,12.48,12.07,12.17,4232542
2004-01-06,12.28,12.38,12.07,12.17,3217211
2004-01-07,12.17,12.28,11.86,11.97,4444360
2004-01-08,12.07,12.17,11.97,12.07,1976212
2004-01-09,12.17,12.38,12.07,12.28,4126802
2004-01-12,12.38,12.48,12.28,12.38,2966956
2004-01-13,12.38,12.48,12.17,12.28,1680159
2004-01-14,12.28,12.89,12.17,12.89,5169
2004-01-15,12.89,12.89,12.69,12.79,2448550
2004-01-16,12.79,12.79,12.59,12.59,1589105
2004-01-19,12.59,12.59,12.59,12.59,0
2004-01-20,12.59,12.59,12.59,12.59,0
2004-01-21,12.59,12.59,12.59,12.59,0
2004-01-22,12.59,12.59,12.59,12.59,0
2004-01-23,12.59,12.59,12.59,12.59,0
2004-01-26,12.59,12.59,12.59,12.59,0
2004-01-27,12.79,13.2,12.69,13.0,4899118
2004-01-28,13.1,13.82,13.1,13.72,10458
2004-01-29,13.72,14.03,13.62,13.72,11701
2004-01-30,13.82,14.03,13.72,13.72,4040943
2004-02-02,13.72,13.72,13.31,13.31,2820412
2004-02-03,13.31,13.41,13.0,13.41,2738011
2004-02-04,13.41,13.41,13.1,13.2,2118444
2004-02-05,13.2,13.31,13.1,13.2,1782225
2004-02-06,13.41,13.41,13.1,13.31,1301337
2004-02-09,13.41,14.03,13.41,14.03,8079
2004-02-10,14.03,14.24,13.93,14.24,4524179
2004-02-11,14.13,14.13,13.72,13.93,1720433
2004-02-12,14.03,14.44,13.93,14.03,4306262
2004-02-13,14.13,14.24,14.03,14.03,1517331
2004-02-16,14.03,14.34,13.93,14.24,2965045
2004-02-17,14.13,14.24,14.03,14.13,2152058
2004-02-18,14.24,14.34,14.13,14.13,1422895
2004-02-19,14.34,14.65,14.24,14.34,4639686
2004-02-20,14.44,14.55,14.34,14.44,1712494
2004-02-23,14.44,14.55,14.13,14.13,2408780
2004-02-24,14.13,14.13,13.82,13.82,2183181
2004-02-25,13.82,14.34,13.72,14.03,3693574
2004-02-26,14.24,14.24,13.82,14.03,1717656
2004-02-27,14.03,14.13,13.82,14.03,1096781
2004-03-01,14.03,14.13,13.62,13.82,3737006
2004-03-02,13.82,13.93,13.62,13.93,2547438
2004-03-03,13.93,14.03,13.41,13.62,3753292
2004-03-04,13.62,13.93,13.41,13.82,2359383
2004-03-05,13.82,14.03,13.72,13.82,1562971
2004-03-08,13.82,14.13,13.82,13.93,2168692
2004-03-09,13.93,14.34,13.72,14.24,2248956
2004-03-10,14.24,14.24,13.93,14.13,1152471
2004-03-11,13.82,14.03,13.72,13.82,1139013
2004-03-12,13.72,13.93,13.72,13.82,1618541
2004-03-15,13.93,14.03,13.72,13.82,1616868
2004-03-16,13.82,13.82,13.2,13.51,3136374
2004-03-17,13.51,13.82,13.41,13.41,1970501
2004-03-18,13.41,13.93,13.2,13.51,2138268
2004-03-19,13.51,13.82,13.51,13.62,1380415
2004-03-22,12.69,12.69,12.69,12.69,1720050
2004-03-23,11.97,12.38,11.97,11.97,4122546
2004-03-24,12.38,12.48,12.17,12.38,2526922
2004-03-25,12.59,12.69,12.28,12.69,2745725
2004-03-26,12.79,12.79,12.28,12.59,1356102
2004-03-29,12.79,13.2,12.79,13.2,2008031
2004-03-30,13.2,13.62,13.0,13.41,2876800
2004-03-31,13.51,13.82,13.51,13.62,3013007
2004-04-01,13.72,13.82,13.62,13.82,1944283
2004-04-02,13.93,14.44,13.82,14.13,4077934
2004-04-05,14.44,14.44,14.13,14.34,2318817
2004-04-06,14.34,14.34,14.03,14.24,2150437
2004-04-07,14.03,14.34,14.03,14.34,2808568
2004-04-08,14.03,14.34,14.03,14.24,1630984
2004-04-09,14.24,14.24,13.82,13.93,422449
2004-04-12,13.93,14.24,13.93,13.93,929639
2004-04-13,14.13,14.65,13.93,14.55,4064170
2004-04-14,14.55,15.47,14.55,15.47,7800
2004-04-15,15.47,15.68,15.16,15.47,5595
2004-04-16,15.47,15.68,15.16,15.47,2658067
2004-04-19,15.68,15.68,15.27,15.37,2975664
2004-04-20,15.47,15.89,15.27,15.89,2462143
2004-04-21,15.89,16.09,15.58,16.09,3779913
2004-04-22,16.2,16.2,15.89,15.99,4141990
2004-04-23,15.99,16.09,15.47,15.68,2496113
2004-04-26,15.68,15.68,15.37,15.47,1258340
2004-04-27,15.47,15.47,14.96,15.06,1172995
2004-04-28,15.06,15.27,14.96,15.06,1816941
2004-04-29,14.85,14.85,14.03,14.55,3675260
2004-04-30,14.13,14.55,13.62,14.44,6906
2004-05-03,14.34,14.34,13.82,13.93,2619352
2004-05-04,13.93,14.55,13.93,14.34,4186882
2004-05-05,14.44,14.44,13.41,13.41,8947
2004-05-06,13.41,14.24,13.41,13.62,3233852
2004-05-07,13.82,14.34,13.72,14.03,2325748
2004-05-10,13.82,14.24,13.41,13.72,1866734
2004-05-11,13.82,14.24,13.72,14.03,1799487
2004-05-12,14.24,14.44,14.03,14.03,847933
2004-05-13,13.82,13.93,13.72,13.93,1585621
2004-05-14,13.93,14.24,13.82,13.93,1522669
2004-05-17,13.62,13.62,13.0,13.0,2432314
2004-05-18,13.0,13.0,12.79,12.79,1292369
2004-05-19,12.89,13.1,12.79,12.89,5437
2004-05-20,12.89,13.1,12.69,13.0,1971457
2004-05-21,13.0,13.41,13.0,13.2,1185458
2004-05-24,13.0,13.41,13.0,13.1,810470
2004-05-25,13.1,13.51,13.1,13.41,1776118
2004-05-26,13.62,13.82,13.41,13.51,1291069
2004-05-27,13.51,13.51,13.31,13.51,463132
2004-05-28,13.62,14.03,13.31,14.03,1256064
2004-05-31,13.62,13.72,13.31,13.41,1738378
2004-06-01,13.31,13.51,13.1,13.51,1981906
2004-06-02,13.41,13.51,13.1,13.41,1355682
2004-06-03,13.62,13.62,12.48,12.48,2158868
2004-06-04,12.69,12.79,12.07,12.38,2336796
2004-06-07,13.2,13.2,13.0,13.2,754000
2004-06-08,13.62,14.03,13.51,13.82,3612489
2004-06-09,13.93,14.03,13.62,13.82,1402784
2004-06-10,13.82,13.82,13.51,13.82,916479
2004-06-11,13.82,14.03,13.51,13.93,2131678
2004-06-14,13.93,14.03,13.51,13.51,975506
2004-06-15,13.51,14.13,13.51,14.03,2161553
2004-06-16,13.82,14.03,13.41,13.41,1514059
2004-06-17,13.41,13.82,13.41,13.41,1972926
2004-06-18,13.62,13.82,13.51,13.62,2195408
2004-06-21,13.82,14.03,13.31,13.41,1292780
2004-06-22,13.41,13.41,13.41,13.41,0
2004-06-23,13.51,13.82,13.41,13.51,1334076
2004-06-24,13.62,13.93,13.51,13.82,1895123
2004-06-25,13.82,14.03,13.72,13.72,882532
2004-06-28,13.72,13.72,13.51,13.62,336487
2004-06-29,13.51,13.82,13.51,13.82,554613
2004-06-30,13.93,14.13,13.82,14.13,1393098
2004-07-01,14.13,14.24,13.72,13.93,713024
2004-07-02,13.93,13.93,13.51,13.62,789613
2004-07-05,13.51,13.93,13.41,13.82,855905
2004-07-06,13.62,14.03,13.62,14.03,1733337
2004-07-07,13.72,14.13,13.72,14.13,668450
2004-07-08,14.13,14.24,13.93,14.03,903036
2004-07-09,14.03,14.03,13.82,13.93,768853
2004-07-12,13.93,14.55,13.93,14.44,1970307
2004-07-13,14.44,14.44,14.24,14.24,160397
2004-07-14,14.13,14.24,13.72,13.72,671213
2004-07-15,13.82,14.03,13.72,13.93,429270
2004-07-16,13.93,14.44,13.93,14.24,1227914
2004-07-19,14.34,14.34,13.62,13.72,1107567
2004-07-20,13.72,13.72,13.31,13.51,1029160
2004-07-21,13.51,13.72,13.2,13.31,1605670
2004-07-22,13.0,13.1,12.59,12.89,1366065
2004-07-23,12.89,13.2,12.79,13.2,2180119
2004-07-26,13.1,13.51,12.89,13.41,1097226
2004-07-27,13.2,13.62,13.1,13.41,2987342
2004-07-28,13.41,13.41,13.0,13.0,1653311
2004-07-29,13.0,13.2,12.79,12.89,1792965
2004-07-30,13.1,13.72,13.1,13.72,2491230
2004-08-02,13.98,13.98,13.31,13.42,1899239
2004-08-03,13.42,13.76,13.42,13.65,915641
2004-08-04,13.53,14.1,13.53,13.98,3605199
2004-08-05,14.1,14.44,13.76,14.32,1204165
2004-08-06,14.32,15.22,14.1,15.22,3367126
2004-08-09,15.11,15.11,14.89,15.11,442995
2004-08-10,15.11,15.11,14.66,14.77,535482
2004-08-11,14.77,14.89,14.66,14.77,1383005
2004-08-12,14.77,14.77,14.32,14.55,1473125
2004-08-13,14.55,15.11,14.32,14.55,1840253
2004-08-16,14.55,14.66,14.32,14.44,393172
2004-08-17,14.55,14.77,14.44,14.66,1027782
2004-08-18,14.66,15.0,14.55,15.0,1990137
2004-08-19,15.11,15.22,14.89,15.0,1473087
2004-08-20,15.0,15.0,14.55,14.66,1003576
2004-08-23,14.66,14.89,14.66,14.77,893800
2004-08-24,14.77,14.77,14.77,14.77,0
2004-08-25,14.77,14.77,14.77,14.77,0
2004-08-26,14.89,15.34,14.77,14.89,2977041
2004-08-27,15.0,15.56,14.89,15.34,3634309
2004-08-30,15.34,15.56,15.34,15.56,1417386
2004-08-31,15.56,15.68,15.34,15.56,1166569
2004-09-01,15.56,15.68,15.45,15.68,1146377
2004-09-02,15.79,16.69,15.79,16.47,6082
2004-09-03,16.24,16.47,15.79,15.79,2592704
2004-09-06,15.56,16.01,15.56,15.79,1564046
2004-09-07,15.9,16.24,15.79,15.9,1603106
2004-09-08,15.9,16.01,15.34,15.34,1296786
2004-09-09,15.45,15.56,15.11,15.34,1323810
2004-09-10,15.34,15.56,15.34,15.56,1007583
2004-09-13,15.68,15.79,15.45,15.56,1546448
2004-09-14,15.34,15.79,15.34,15.68,1414375
2004-09-15,15.68,15.9,15.68,15.79,1090239
2004-09-16,15.68,15.79,15.45,15.45,652379
2004-09-17,15.56,16.01,15.56,16.01,2336293
2004-09-20,16.13,16.13,15.79,16.01,1786745
2004-09-21,16.01,16.35,15.9,16.13,2714276
2004-09-22,16.13,16.24,15.79,15.79,1814511
2004-09-23,15.68,15.79,15.45,15.79,1219145
2004-09-24,15.79,15.9,15.45,15.68,957082
2004-09-27,15.45,15.68,15.45,15.68,462114
2004-09-28,15.68,15.68,15.68,15.68,0
2004-09-29,15.45,15.56,15.45,15.45,429529
2004-09-30,15.56,15.79,15.56,15.68,603886
2004-10-01,15.56,15.79,15.56,15.79,371850
2004-10-04,15.9,16.01,15.79,15.9,2701176
2004-10-05,15.79,15.9,15.56,15.79,809929
2004-10-06,15.9,16.35,15.79,16.24,3444308
2004-10-07,16.24,16.24,15.9,16.24,1104240
2004-10-08,16.24,16.24,15.9,16.01,913820
2004-10-11,15.79,16.24,15.79,16.13,1837517
2004-10-12,16.01,16.13,15.9,15.9,798048
2004-10-13,15.68,16.01,15.68,16.01,1026982
2004-10-14,16.01,16.01,15.79,15.9,575570
2004-10-15,15.9,16.13,15.68,16.01,894185
2004-10-18,16.01,16.13,15.9,16.01,2132560
2004-10-19,16.01,16.24,16.01,16.24,1775890
2004-10-20,16.24,16.24,15.68,15.68,886170
2004-10-21,15.56,16.24,15.22,16.13,2488495
2004-10-22,16.13,16.35,16.01,16.35,3533972
2004-10-25,16.35,16.35,16.35,16.35,0
2004-10-26,16.24,16.24,15.79,15.79,528717
2004-10-27,15.79,15.9,15.56,15.79,526111
2004-10-28,15.9,16.24,15.56,15.56,1796471
2004-10-29,15.79,16.24,15.79,16.13,1139778
2004-11-01,16.13,16.35,16.01,16.24,1998397
2004-11-02,16.13,16.24,15.79,16.13,1495245
2004-11-03,15.9,16.24,15.79,16.24,3111634
2004-11-04,16.13,16.13,15.9,16.13,3691561
2004-11-05,16.13,16.47,16.01,16.47,4634778
2004-11-08,16.47,16.58,16.35,16.47,1618590
2004-11-09,16.47,16.69,16.35,16.69,1952591
2004-11-10,16.69,16.8,16.58,16.69,1728075
2004-11-11,16.69,16.8,16.47,16.58,1775037
2004-11-12,16.69,16.8,16.58,16.69,1029935
2004-11-15,16.69,16.8,16.69,16.8,1257142
2004-11-16,16.8,16.8,16.58,16.69,1004963
2004-11-17,16.69,16.92,16.69,16.8,1520700
2004-11-18,16.92,16.92,16.58,16.69,1522085
2004-11-19,16.69,16.8,16.58,16.69,884946
2004-11-22,16.69,16.69,16.24,16.35,1322438
2004-11-23,16.35,16.58,16.35,16.58,2517134
2004-11-24,16.58,16.92,16.47,16.8,1757081
2004-11-25,16.8,16.8,16.69,16.69,340479
2004-11-26,16.69,16.8,16.69,16.69,1553989
2004-11-29,16.69,16.69,16.47,16.58,1471289
2004-11-30,16.58,16.69,16.47,16.69,3930422
2004-12-01,16.69,16.8,16.47,16.69,1636237
2004-12-02,16.8,16.8,16.69,16.69,884535
2004-12-03,16.69,16.8,16.69,16.69,397969
2004-12-06,16.69,16.8,16.58,16.69,2511499
2004-12-07,16.69,16.92,16.69,16.8,3993335
2004-12-08,16.8,16.8,16.58,16.58,664155
2004-12-09,16.69,16.69,16.01,16.13,1466403
2004-12-10,16.13,16.47,16.13,16.35,1504112
2004-12-13,16.35,16.92,16.24,16.47,1360591
2004-12-14,16.47,16.8,16.47,16.8,1018008
2004-12-15,16.69,17.14,16.69,17.14,1874348
2004-12-16,17.14,17.14,17.03,17.14,890081
2004-12-17,17.14,17.14,16.92,16.92,460059
2004-12-20,16.92,17.14,16.8,17.14,1453193
2004-12-21,17.14,17.14,17.03,17.14,692636
2004-12-22,17.14,17.37,17.14,17.25,751892
2004-12-23,17.25,17.48,17.25,17.37,578332
2004-12-24,17.37,17.37,17.25,17.25,315356
2004-12-27,17.25,17.37,17.14,17.25,389346
2004-12-28,17.25,17.59,17.25,17.48,1210190
2004-12-29,17.48,17.71,17.37,17.37,953357
2004-12-30,17.37,17.37,17.25,17.37,649508
2004-12-31,17.37,17.59,17.14,17.37,1788398
2005-01-03,17.59,17.59,17.25,17.37,1274743
2005-01-04,17.25,17.25,17.03,17.14,1198501
2005-01-05,17.14,17.14,16.69,16.8,1078905
2005-01-06,16.8,16.8,16.58,16.58,1056386
2005-01-07,16.58,16.69,16.47,16.69,310011
2005-01-10,16.69,16.8,16.58,16.58,258474
2005-01-11,16.69,17.14,16.69,17.03,1106244
2005-01-12,17.03,17.03,16.69,16.8,801944
2005-01-13,16.8,16.8,16.58,16.58,256851
2005-01-14,16.58,16.69,16.24,16.58,1171364
2005-01-17,16.69,16.8,16.58,16.58,249759
2005-01-18,16.92,16.92,16.47,16.47,1426106
2005-01-19,16.47,16.58,16.35,16.35,1243053
2005-01-20,16.24,16.47,16.13,16.47,727172
2005-01-21,16.01,16.47,15.9,15.9,1112019
2005-01-24,15.9,16.01,15.79,15.9,2475655
2005-01-25,15.9,16.24,15.9,16.13,236774
2005-01-26,16.24,16.35,16.24,16.24,233046
2005-01-27,16.24,16.69,16.24,16.69,1417247
2005-01-28,16.69,16.69,16.47,16.47,1034615
2005-01-31,16.47,16.69,16.47,16.58,1945197
2005-02-01,16.69,16.8,16.58,16.69,2569015
2005-02-02,16.69,16.92,16.69,16.8,1650459
2005-02-03,16.8,16.8,16.47,16.69,1576819
2005-02-04,16.69,16.69,16.69,16.69,0
2005-02-07,16.69,16.69,16.69,16.69,0
2005-02-08,16.69,16.69,16.69,16.69,0
2005-02-09,16.69,16.69,16.69,16.69,0
2005-02-10,16.69,16.69,16.69,16.69,0
2005-02-11,16.69,16.69,16.69,16.69,0
2005-02-14,16.69,17.03,16.69,16.92,3435799
2005-02-15,16.92,16.92,16.69,16.92,973209
2005-02-16,16.92,16.92,16.69,16.92,912873
2005-02-17,16.69,16.92,16.58,16.69,1203262
2005-02-18,16.69,16.92,16.69,16.69,17624
2005-02-21,16.92,17.59,16.8,17.14,2846028
2005-02-22,17.14,17.14,16.58,16.8,1296656
2005-02-23,16.69,16.69,16.35,16.58,1861131
2005-02-24,16.69,16.8,16.58,16.58,1240220
2005-02-25,16.69,17.03,16.69,17.03,2157519
2005-02-28,17.03,17.03,17.03,17.03,0
2005-03-01,17.03,17.25,16.8,16.92,1173189
2005-03-02,17.03,17.14,16.92,17.14,1086211
2005-03-03,17.14,17.14,16.94,16.96,283950
2005-03-04,16.92,17.01,16.92,16.94,1495650
2005-03-07,17.14,17.14,16.87,16.92,1986538
2005-03-08,17.14,17.14,16.92,17.03,2361876
2005-03-09,16.96,17.03,16.87,16.87,1537453
2005-03-10,16.92,17.03,16.58,16.65,753526
2005-03-11,16.67,17.25,16.67,17.03,1216090
2005-03-14,16.98,17.01,16.92,16.94,1785962
2005-03-15,17.12,17.3,16.22,16.35,2085457
2005-03-16,16.47,16.58,16.35,16.42,1616671
2005-03-17,16.33,16.33,15.95,15.97,3283204
2005-03-18,15.97,16.24,15.97,16.24,1080801
2005-03-21,16.35,16.47,16.24,16.33,868983
2005-03-22,16.33,16.51,16.26,16.51,1332727
2005-03-23,16.33,16.58,16.24,16.56,1658578
2005-03-24,16.56,16.56,16.26,16.31,557587
2005-03-25,16.13,16.26,16.13,16.26,349526
2005-03-28,16.26,16.26,15.99,16.08,416988
2005-03-29,16.08,16.1,16.01,16.08,1036781
2005-03-30,16.06,16.1,16.04,16.04,1206133
2005-03-31,16.08,16.33,16.08,16.24,806368
2005-04-01,16.24,16.49,16.24,16.47,905459
2005-04-04,16.47,16.58,16.42,16.58,2243386
2005-04-05,16.58,16.58,16.58,16.58,0
2005-04-06,16.58,16.58,16.51,16.53,1630483
2005-04-07,16.47,16.65,16.33,16.47,1365543
2005-04-08,16.58,16.58,16.47,16.47,4203792
2005-04-11,16.35,16.47,16.35,16.35,928225
2005-04-12,16.38,16.4,16.33,16.33,1651312
2005-04-13,16.33,16.62,16.33,16.4,1258226
2005-04-14,16.4,16.47,16.35,16.42,2390076
2005-04-15,16.35,16.38,16.26,16.26,2431754
2005-04-18,16.01,16.15,15.79,15.9,1626388
2005-04-19,15.9,16.01,15.83,16.01,327708
2005-04-20,16.22,16.22,15.83,15.88,645651
2005-04-21,15.34,15.77,15.34,15.68,951941
2005-04-22,15.74,16.15,15.74,16.01,3868701
2005-04-25,16.1,16.42,16.08,16.33,1276269
2005-04-26,16.47,16.53,16.42,16.49,612593
2005-04-27,16.49,16.49,16.4,16.47,361360
2005-04-28,16.44,16.65,16.42,16.65,769897
2005-04-29,16.65,16.65,16.42,16.42,242186
2005-05-02,16.42,16.42,16.42,16.42,0
2005-05-03,16.01,16.58,16.01,16.51,692262
2005-05-04,16.24,16.69,16.24,16.6,1797611
2005-05-05,16.65,16.69,16.6,16.62,2183899
2005-05-06,16.62,16.74,16.26,16.58,250080
2005-05-09,16.38,16.67,16.38,16.56,565885
2005-05-10,16.56,16.56,16.42,16.42,308249
2005-05-11,16.4,16.42,16.26,16.33,236007
2005-05-12,16.33,16.53,16.33,16.33,601885
2005-05-13,16.33,16.51,16.33,16.47,1373752
2005-05-16,16.53,17.3,16.53,17.03,1568749
2005-05-17,17.14,17.23,17.03,17.12,1397087
2005-05-18,17.14,17.16,16.98,16.98,699043
2005-05-19,17.25,17.32,17.14,17.23,1615913
2005-05-20,17.23,17.25,16.69,17.1,878675
2005-05-23,17.1,17.1,16.76,16.92,213368
2005-05-24,16.92,17.14,16.87,17.14,510866
2005-05-25,17.14,17.32,17.03,17.03,681111
2005-05-26,16.96,17.03,16.78,17.03,397270
2005-05-27,17.01,17.25,16.94,17.03,481667
2005-05-30,17.03,17.03,16.69,16.87,698168
2005-05-31,16.89,16.89,16.58,16.71,825690
2005-06-01,16.62,16.69,16.24,16.35,1294493
2005-06-02,16.35,16.47,16.26,16.29,1975680
2005-06-03,16.29,16.29,16.01,16.24,5205
2005-06-06,16.24,16.35,16.13,16.33,3352614
2005-06-07,16.42,16.42,16.24,16.42,698600
2005-06-08,16.42,16.51,16.24,16.47,639182
2005-06-09,16.49,16.71,16.42,16.62,1315956
2005-06-10,16.76,16.89,16.58,16.8,905645
2005-06-13,16.8,16.92,16.47,16.85,927095
2005-06-14,16.8,17.19,16.8,17.12,1461536
2005-06-15,17.12,17.23,16.92,17.21,1466814
2005-06-16,17.37,17.37,17.07,17.07,1589004
2005-06-17,16.78,17.16,16.78,17.05,956329
2005-06-20,17.12,17.12,16.92,16.92,185546
2005-06-21,16.92,16.92,16.69,16.71,611830
2005-06-22,16.69,17.14,16.69,17.1,718055
2005-06-23,17.1,17.12,16.71,17.03,1280019
2005-06-24,16.76,16.92,16.76,16.92,281004
2005-06-27,16.69,16.92,16.65,16.69,359109
2005-06-28,16.69,17.1,16.69,17.01,1243248
2005-06-29,17.05,17.1,16.74,16.74,2264263
2005-06-30,16.69,17.14,16.69,16.92,1264488
2005-07-01,16.96,16.98,16.76,16.96,394871
2005-07-04,16.96,17.14,16.94,17.1,700183
2005-07-05,17.14,18.16,17.14,17.95,3979897
2005-07-06,17.95,17.95,17.64,17.64,974297
2005-07-07,17.59,17.59,17.28,17.41,764073
2005-07-08,17.41,17.68,17.37,17.53,727397
2005-07-11,17.59,18.38,17.57,17.91,2965511
2005-07-12,19.15,19.15,18.77,19.15,10863
2005-07-13,19.15,19.15,18.72,18.92,3118388
2005-07-14,18.9,18.9,18.43,18.5,4634203
2005-07-15,18.56,18.72,18.16,18.16,4182031
2005-07-18,18.16,18.16,18.16,18.16,0
2005-07-19,18.18,18.45,18.07,18.45,1650474
2005-07-20,18.5,19.35,18.5,18.52,5336
2005-07-21,18.63,19.06,18.56,18.83,4174833
2005-07-22,18.92,18.95,18.72,18.77,1760611
2005-07-25,18.9,18.9,18.54,18.56,1165660
2005-07-26,18.56,18.63,18.45,18.5,887471
2005-07-27,18.38,18.59,18.38,18.5,1246648
2005-07-28,18.5,19.17,18.45,19.04,3218390
2005-07-29,19.06,19.1,18.86,18.86,1615963
2005-08-01,18.9,19.04,18.74,18.95,2472230
2005-08-02,20.15,20.44,19.94,19.94,1679240
2005-08-03,20.18,20.2,20.05,20.12,690725
2005-08-04,20.12,20.12,19.81,20.07,1419200
2005-08-05,20.07,20.07,20.07,20.07,0
2005-08-08,20.02,21.35,20.02,20.83,2071497
2005-08-09,21.06,21.24,20.83,21.09,486162
2005-08-10,21.11,21.24,20.8,20.83,450057
2005-08-11,20.83,20.93,20.8,20.8,489962
2005-08-12,21.32,21.32,20.96,21.14,918039
2005-08-15,21.11,21.11,20.46,20.57,786022
2005-08-16,20.59,20.59,20.28,20.41,496621
2005-08-17,20.59,20.78,20.1,20.62,1341586
2005-08-18,20.62,20.62,20.2,20.28,614617
2005-08-19,20.28,20.33,20.07,20.33,1335235
2005-08-22,20.49,20.54,20.1,20.54,164931
2005-08-23,20.54,20.54,20.33,20.33,194807
2005-08-24,20.33,20.33,20.12,20.12,348486
2005-08-25,20.33,20.36,20.1,20.31,264989
2005-08-26,20.31,20.59,20.31,20.59,801892
2005-08-29,20.59,20.59,20.1,20.18,369181
2005-08-30,20.46,20.46,20.12,20.12,359795
2005-08-31,20.49,20.49,20.1,20.12,288315
2005-09-01,20.12,20.12,20.12,20.12,0
2005-09-02,20.12,20.12,19.6,19.68,1785962
2005-09-05,19.65,19.65,18.79,19.47,2018779
2005-09-06,19.42,19.47,19.16,19.47,1151091
2005-09-07,19.52,19.58,19.37,19.47,854883
2005-09-08,19.47,19.5,19.24,19.26,941527
2005-09-09,19.26,19.29,19.16,19.29,1122799
2005-09-12,19.29,19.65,19.29,19.55,1022743
2005-09-13,19.73,20.18,19.52,20.12,1268113
2005-09-14,20.07,20.1,19.84,19.86,309350
2005-09-15,19.84,20.02,19.68,19.99,218325
2005-09-16,19.97,19.99,19.89,19.92,371272
2005-09-19,20.18,20.78,20.18,20.72,1873349
2005-09-20,20.59,20.67,20.38,20.38,812241
2005-09-21,20.46,20.72,20.46,20.67,817532
2005-09-22,20.28,20.67,20.05,20.46,1006920
2005-09-23,20.59,20.59,20.36,20.38,525244
2005-09-26,20.38,20.46,19.81,20.46,1377401
2005-09-27,20.46,20.59,20.2,20.49,570247
2005-09-28,20.49,20.59,20.33,20.59,508854
2005-09-29,22.06,22.59,22.06,22.56,2633668
2005-09-30,22.59,23.17,22.56,23.17,1571470
2005-10-03,23.09,23.09,22.56,22.59,1629673
2005-10-04,22.48,22.59,22.45,22.48,2180779
2005-10-05,22.45,22.73,22.45,22.5,687518
2005-10-06,22.0,22.42,22.0,22.31,1293189
2005-10-07,22.31,22.31,21.78,21.86,2237163
2005-10-10,20.41,20.41,20.41,20.41,0
2005-10-11,22.2,22.28,21.78,22.06,1407776
2005-10-12,22.06,22.06,21.78,21.92,325570
2005-10-13,21.78,21.86,21.5,21.78,1349573
2005-10-14,21.78,21.86,21.55,21.58,960343
2005-10-17,21.58,21.78,21.3,21.33,667511
2005-10-18,21.33,21.64,21.25,21.5,796648
2005-10-19,21.5,21.5,21.02,21.02,734808
2005-10-20,20.94,21.11,20.91,21.11,1462341
2005-10-21,20.97,21.53,20.97,21.33,931242
2005-10-24,21.33,21.5,20.8,20.88,1236805
2005-10-25,20.88,21.11,20.88,20.91,1524181
2005-10-26,21.11,21.36,20.94,21.27,501997
2005-10-27,20.94,21.5,20.94,21.22,432882
2005-10-28,20.94,21.0,20.41,20.41,1380493
2005-10-31,20.44,20.83,20.44,20.6,487447
2005-11-01,20.69,21.13,20.69,20.94,507454
2005-11-02,21.22,21.36,20.94,21.25,702069
2005-11-03,21.5,21.5,21.22,21.27,336483
2005-11-04,21.44,21.72,21.3,21.72,807561
2005-11-07,21.92,21.94,21.78,21.94,742083
2005-11-08,21.92,22.0,21.27,21.55,1160414
2005-11-09,21.64,22.22,21.64,22.22,1769723
2005-11-10,22.28,22.5,22.28,22.42,3872293
2005-11-11,22.42,22.48,21.75,22.34,1065835
2005-11-14,21.78,22.11,21.78,22.0,751177
2005-11-15,21.72,22.25,21.72,22.25,2533633
2005-11-16,22.11,22.34,22.08,22.34,1044009
2005-11-17,22.48,22.53,22.34,22.42,1800643
2005-11-18,22.48,22.61,22.48,22.61,994901
2005-11-21,22.61,23.15,22.53,22.89,1387768
2005-11-22,22.89,22.98,22.87,22.92,2580922
2005-11-23,22.89,23.23,22.89,23.17,1696970
2005-11-24,23.17,23.4,22.89,23.26,1309559
2005-11-25,23.28,23.65,23.28,23.56,1727890
2005-11-28,23.59,23.9,23.59,23.87,1560557
2005-11-29,23.87,23.95,23.76,23.87,1236805
2005-11-30,23.87,24.12,23.87,23.93,1227711
2005-12-01,23.93,24.04,23.87,24.01,1513268
2005-12-02,24.09,24.35,24.09,24.29,1553282
2005-12-05,24.29,24.85,24.29,24.51,811199
2005-12-06,24.51,25.52,24.51,25.49,2813733
2005-12-07,25.49,25.91,25.18,25.66,1393225
2005-12-08,25.63,25.63,24.01,24.6,800286
2005-12-09,24.62,26.3,24.21,25.52,3155673
2005-12-12,25.52,25.6,24.29,25.21,1020364
2005-12-13,26.97,26.97,25.13,25.41,1416870
2005-12-14,25.55,25.55,24.76,25.13,349215
2005-12-15,24.43,25.07,24.43,24.68,456526
2005-12-16,24.79,25.85,24.79,25.83,1511449
2005-12-19,25.88,26.1,25.88,25.88,778460
2005-12-20,25.88,26.1,25.69,25.99,960343
2005-12-21,25.99,26.24,25.88,26.24,954886
2005-12-22,24.74,25.42,24.71,25.1,1131830
2005-12-23,26.89,27.36,26.89,27.33,1007633
2005-12-26,25.52,25.52,25.15,25.15,487017
2005-12-27,27.0,27.08,26.69,26.8,445613
2005-12-28,26.8,26.8,26.52,26.77,345578
2005-12-29,26.66,26.66,26.3,26.5,1016727
2005-12-30,26.5,26.5,25.96,25.96,611127
2006-01-02,25.91,25.91,24.99,24.99,842119
2006-01-03,24.99,25.83,24.85,25.83,703888
2006-01-04,25.83,26.3,25.46,26.3,1060379
2006-01-05,26.3,26.38,25.43,26.3,940336
2006-01-06,26.24,26.24,25.55,25.91,592939
2006-01-09,25.69,26.13,25.69,26.08,1005814
2006-01-10,26.1,26.1,25.49,26.08,860307
2006-01-11,26.08,26.38,25.66,26.38,1327747
2006-01-12,25.71,26.38,25.35,25.83,1935237
2006-01-13,25.66,25.69,25.24,25.41,1907954
2006-01-16,25.16,25.41,25.04,25.04,461983
2006-01-17,25.04,25.18,25.04,25.18,3037449
2006-01-18,25.96,25.96,24.88,25.02,1145864
2006-01-19,24.85,25.04,24.82,25.02,1440515
2006-01-20,25.02,25.1,24.76,25.1,1666050
2006-01-23,24.99,24.99,24.57,24.65,898503
2006-01-24,24.65,24.99,24.65,24.93,491084
2006-01-25,24.93,25.55,24.74,25.55,1171327
2006-02-03,25.13,25.55,24.93,25.41,2091656
2006-02-06,25.1,25.1,24.51,24.74,1973432
2006-02-07,24.71,24.93,24.71,24.85,825749
2006-02-08,24.6,24.71,24.15,24.43,638410
2006-02-09,24.43,24.57,23.65,23.98,1744260
2006-02-10,23.9,23.9,23.62,23.73,1422326
2006-02-13,23.73,23.73,23.06,23.26,1269544
2006-02-14,23.26,23.4,23.01,23.4,2648219
2006-02-15,23.45,23.68,23.34,23.4,2264446
2006-02-16,24.29,24.99,24.15,24.46,3024717
2006-02-17,24.6,24.71,24.15,24.18,232810
2006-02-20,23.79,24.09,23.79,24.07,314657
2006-02-21,24.01,24.01,23.73,23.9,1151320
2006-02-22,23.84,23.93,23.2,23.56,1276820
2006-02-23,23.7,23.9,23.51,23.7,300107
2006-02-24,23.7,25.13,23.7,25.13,1198610
2006-02-27,25.13,25.13,24.57,24.76,300107
2006-03-01,24.85,24.88,24.18,24.51,398324
2006-03-02,24.43,24.54,24.32,24.43,1369580
2006-03-03,24.46,24.54,23.87,24.15,665692
2006-03-06,24.21,24.26,24.09,24.23,840300
2006-03-07,24.21,24.21,24.18,24.21,511091
2006-03-08,24.21,24.54,24.21,24.37,409237
2006-03-09,24.37,24.37,24.18,24.18,354672
2006-03-10,24.18,24.29,24.18,24.29,523823
2006-03-13,24.18,24.51,24.18,24.29,301926
2006-03-14,24.29,24.29,23.73,23.93,823930
2006-03-15,23.93,24.23,23.93,24.09,1158596
2006-03-16,24.18,24.9,24.18,24.18,943973
2006-03-17,24.18,24.57,24.12,24.23,3803178
2006-03-20,24.35,24.79,24.29,24.79,1271363
2006-03-21,24.79,24.85,24.18,24.18,405599
2006-03-22,24.18,24.18,23.95,24.07,749358
2006-03-23,24.18,24.18,23.98,24.04,480171
2006-03-24,24.04,24.04,23.9,23.98,320114
2006-03-27,23.98,24.12,23.84,23.98,440157
2006-03-28,23.98,24.82,23.93,24.62,391048
2006-03-29,24.49,24.62,24.23,24.49,416512
2006-03-30,24.85,24.99,24.49,24.96,1778817
2006-03-31,24.99,25.41,24.99,25.1,993082
2006-04-03,25.1,25.35,24.71,25.27,432882
2006-04-04,25.41,25.8,25.27,25.6,732989
2006-04-06,25.69,26.38,25.69,26.38,2379032
2006-04-07,26.41,27.25,26.38,27.17,2368119
2006-04-10,27.36,27.64,27.17,27.58,1947969
2006-04-11,27.81,27.81,26.66,27.7,1389587
2006-04-12,27.78,27.78,26.83,27.36,472896
2006-04-13,27.25,27.75,26.8,27.64,1011270
2006-04-14,27.64,27.64,27.19,27.64,509272
2006-04-17,27.64,29.18,27.64,28.62,2415409
2006-04-18,28.48,28.48,27.67,27.89,1276820
2006-04-19,28.34,29.04,27.5,28.48,3173862
2006-04-20,28.48,29.04,28.34,28.9,1844295
2006-04-21,27.81,29.32,27.81,28.2,672967
2006-04-24,27.92,27.92,26.24,26.38,2861022
2006-04-25,26.24,26.61,26.24,26.5,1118581
2006-04-26,26.3,26.89,26.24,26.77,612946
2006-04-27,26.77,27.22,26.24,26.24,1142226
2006-04-28,26.24,27.08,24.43,24.43,1198610
2006-05-02,26.05,26.05,25.27,25.91,1042190
2006-05-03,25.96,26.52,25.96,26.33,3577642
2006-05-04,26.33,26.33,25.99,26.24,232810
2006-05-05,26.24,26.24,25.63,25.69,1194972
2006-05-08,25.69,26.22,25.49,26.22,440157
2006-05-09,26.1,26.1,25.41,25.69,925785
2006-05-10,25.35,25.69,25.35,25.69,338302
2006-05-11,25.43,25.6,25.38,25.57,356491
2006-05-12,25.41,25.69,24.85,25.21,720257
2006-05-15,24.88,25.02,24.6,24.62,854851
2006-05-16,24.62,24.62,24.29,24.29,931242
2006-05-17,24.32,24.51,24.23,24.35,991263
2006-05-18,22.73,22.81,22.57,22.68,1211702
2006-05-19,22.68,22.68,22.42,22.6,1704564
2006-05-22,24.21,24.29,23.98,24.07,778460
2006-05-23,24.07,24.18,23.98,24.07,2269902
2006-05-24,24.09,24.37,24.01,24.29,3177499
2006-05-25,24.29,24.32,24.01,24.18,954886
2006-05-26,24.23,24.35,24.18,24.18,776641
2006-05-29,22.68,22.78,22.57,22.57,1057804
2006-05-30,24.29,24.4,24.18,24.18,987625
2006-06-01,24.21,24.57,24.18,24.43,1062197
2006-06-02,24.68,24.68,24.43,24.46,620221
2006-06-05,24.54,24.96,24.26,24.43,1005814
2006-06-06,24.4,24.99,24.29,24.93,1291370
2006-06-07,25.41,25.41,24.79,24.79,640228
2006-06-08,24.85,24.85,24.51,24.62,1396863
2006-06-09,24.85,24.85,24.29,24.57,1431420
2006-06-12,24.43,24.51,23.95,24.43,711163
2006-06-13,24.4,24.4,23.98,24.21,1371399
2006-06-14,24.21,24.88,24.21,24.6,438338
2006-06-15,24.6,24.62,23.87,24.37,1844295
2006-06-16,24.65,24.96,24.46,24.76,667511
2006-06-19,24.76,25.41,24.76,25.41,522004
2006-06-20,25.35,25.46,24.32,24.46,843938
2006-06-21,24.32,24.74,24.12,24.26,583845
2006-06-22,24.54,25.13,24.54,24.85,343759
2006-06-23,24.57,24.85,24.23,24.85,505635
2006-06-26,24.82,24.99,24.43,24.85,296469
2006-06-27,24.57,25.18,24.57,24.99,445613
2006-06-28,24.57,24.93,24.46,24.93,451070
2006-06-29,24.85,25.32,24.85,25.27,1216798
2006-06-30,25.63,25.96,25.29,25.91,1003995
2006-07-03,26.24,26.24,25.96,25.96,571113
2006-07-04,25.99,25.99,25.55,25.85,250998
2006-07-05,25.85,25.85,25.18,25.38,405599
2006-07-06,24.85,25.38,24.85,25.38,763909
2006-07-07,25.57,25.57,24.9,25.55,140050
2006-07-10,25.55,25.55,25.02,25.21,276462
2006-07-11,25.21,25.38,25.21,25.21,69115
2006-07-12,25.27,26.1,25.27,25.32,587482
2006-07-13,25.46,25.8,25.27,25.35,1755173
2006-07-14,25.13,25.27,25.02,25.13,1105849
2006-07-17,25.41,25.96,25.41,25.71,736627
2006-07-18,25.71,26.1,25.66,26.1,2186236
2006-07-19,26.52,26.94,26.1,26.8,2133490
2006-07-20,27.33,27.5,27.17,27.17,1618760
2006-07-21,26.47,27.05,26.24,26.55,400143
2006-07-24,26.27,26.8,25.71,26.8,2331742
2006-07-25,26.8,28.06,26.8,27.53,2810095
2006-07-26,25.81,26.01,25.57,25.96,1544821
2006-07-27,25.57,26.07,25.57,26.04,2183791
2006-07-28,27.92,28.48,27.64,28.2,3042906
2006-07-31,28.48,28.76,26.69,27.92,929423
2006-08-01,27.92,27.92,27.08,27.08,711163
2006-08-02,27.01,28.67,27.01,28.61,987885
2006-08-03,28.82,29.23,28.49,29.14,807783
2006-08-04,29.14,29.97,28.19,28.28,1212566
2006-08-07,29.05,29.17,28.19,28.49,538522
2006-08-08,28.76,29.23,28.7,29.14,290659
2006-08-09,29.14,29.65,29.14,29.65,452929
2006-08-10,29.68,29.82,29.44,29.59,351287
2006-08-11,29.65,29.65,28.7,28.9,313840
2006-08-14,28.79,29.23,28.13,28.49,458278
2006-08-15,28.64,28.73,28.22,28.28,312057
2006-08-16,28.49,28.49,28.13,28.31,1034248
2006-08-17,28.64,29.02,28.52,28.55,403000
2006-08-18,28.49,28.61,28.4,28.4,237163
2006-08-21,28.19,28.4,27.42,27.54,593801
2006-08-22,27.07,28.13,27.07,27.75,276393
2006-08-23,27.3,27.6,26.71,27.04,1369487
2006-08-24,27.57,27.81,27.15,27.72,850579
2006-08-25,28.19,28.25,26.8,27.07,766770
2006-08-28,27.07,27.27,26.77,26.98,376252
2006-08-29,27.01,27.45,26.92,27.3,859495
2006-08-30,27.57,28.19,27.3,28.04,1799234
2006-08-31,28.19,28.49,27.6,27.6,431531
2006-09-01,27.6,27.93,27.6,27.81,206849
2006-09-04,27.81,27.9,27.72,27.81,263911
2006-09-05,27.81,27.9,27.72,27.78,187234
2006-09-06,27.78,27.78,27.01,27.15,688309
2006-09-07,26.89,27.15,26.83,27.04,265694
2006-09-08,27.04,27.51,26.89,27.33,1037814
2006-09-11,27.45,28.13,27.33,27.75,939739
2006-09-12,27.63,27.87,27.3,27.3,372685
2006-09-13,27.39,28.19,27.39,28.16,927256
2006-09-14,28.19,28.19,27.45,27.63,452929
2006-09-15,27.75,28.31,27.66,28.31,1547805
2006-09-18,28.64,29.53,28.64,29.38,2701527
2006-09-19,29.38,29.44,28.85,29.35,1132323
2006-09-20,29.11,29.11,28.64,28.64,308491
2006-09-21,28.82,29.02,28.22,28.61,629464
2006-09-22,28.79,28.79,28.07,28.16,381601
2006-09-25,28.04,28.49,28.04,28.25,504641
2006-09-26,28.34,28.79,28.34,28.64,308491
2006-09-27,28.9,28.96,28.49,28.73,825615
2006-09-28,28.73,29.2,28.61,28.79,1824199
2006-09-29,28.19,28.49,28.19,28.28,312057
2006-10-02,28.55,28.73,28.25,28.7,344154
2006-10-03,28.19,29.08,28.19,28.52,627681
2006-10-04,28.64,28.64,27.93,27.93,360203
2006-10-05,28.04,28.64,28.04,28.52,501075
2006-10-09,27.16,27.16,27.16,27.16,0
2006-10-11,28.49,28.52,27.72,27.78,543871
2006-10-12,27.78,28.07,27.63,27.93,283526
2006-10-13,27.98,28.37,27.98,28.19,329889
2006-10-16,28.01,28.49,27.96,28.34,638380
2006-10-17,28.34,28.34,28.04,28.13,251429
2006-10-18,28.13,28.49,27.75,27.9,472544
2006-10-19,26.77,27.81,26.77,27.66,809566
2006-10-20,27.6,27.75,27.51,27.63,693659
2006-10-23,27.6,27.6,27.3,27.36,424398
2006-10-24,27.45,28.04,27.45,27.99,397650
2006-10-25,27.6,28.13,27.6,27.75,406566
2006-10-26,26.14,26.71,26.14,26.65,569229
2006-10-27,27.6,27.98,27.45,27.48,493942
2006-10-30,27.45,27.6,27.3,27.3,584885
2006-10-31,27.57,27.57,27.36,27.48,199716
2006-11-01,27.48,28.13,27.45,27.93,657995
2006-11-02,27.93,28.4,27.81,28.34,1547805
2006-11-03,28.49,29.17,28.49,29.14,1731473
2006-11-06,29.08,29.11,28.58,28.64,952221
2006-11-07,28.73,28.79,28.49,28.49,274610
2006-11-08,28.49,29.23,28.49,29.23,736455
2006-11-09,29.23,29.23,28.64,29.08,353070
2006-11-10,29.08,29.08,28.22,28.37,317407
2006-11-13,28.34,28.79,28.19,28.19,502858
2006-11-14,28.49,29.32,28.49,28.96,1139456
2006-11-15,29.23,29.23,28.93,28.96,592017
2006-11-16,29.02,29.38,29.02,29.35,1155504
2006-11-17,29.35,30.27,29.23,29.82,1551372
2006-11-20,29.68,29.68,29.08,29.08,397650
2006-11-21,28.79,30.27,28.79,29.68,1216133
2006-11-22,29.68,29.68,29.08,29.26,228247
2006-11-23,29.23,30.12,29.08,29.35,750721
2006-11-24,29.32,29.38,29.14,29.2,419048
2006-11-27,29.38,30.27,28.93,30.27,1052079
2006-11-28,29.68,30.27,29.44,30.27,674044
2006-11-29,29.38,29.68,29.38,29.68,791734
2006-11-30,29.38,29.68,29.38,29.65,647296
2006-12-01,29.65,29.97,29.38,29.97,533172
2006-12-04,29.82,30.27,29.68,30.27,267477
2006-12-05,29.38,30.42,29.38,29.68,533172
2006-12-06,29.47,30.27,29.47,29.97,602716
2006-12-07,29.68,30.27,29.53,29.97,1449730
2006-12-08,30.27,30.86,29.68,30.86,1554938
2006-12-11,30.27,30.86,30.27,30.42,804216
2006-12-12,29.97,32.5,29.97,32.5,1836681
2006-12-13,32.64,33.24,31.75,32.64,816699
2006-12-14,31.09,32.5,30.52,32.08,792053
2006-12-15,33.53,34.13,32.64,32.64,526039
2006-12-18,32.2,32.79,31.75,31.75,652646
2006-12-19,31.75,32.35,31.46,31.46,534955
2006-12-20,31.46,31.46,30.57,30.72,763203
2006-12-21,30.72,31.16,30.57,30.72,558137
2006-12-22,31.01,31.46,30.86,31.16,169402
2006-12-25,31.16,31.46,31.01,31.31,123039
2006-12-26,31.61,32.64,31.61,32.5,549221
2006-12-27,32.64,33.24,32.64,32.79,427964
2006-12-28,33.09,33.24,32.64,32.64,347721
2006-12-29,32.64,34.72,32.64,34.72,1137672
2007-01-02,34.42,34.72,34.13,34.42,433314
2007-01-03,34.42,35.02,33.53,33.53,383385
2007-01-04,33.53,35.32,33.53,34.42,593801
2007-01-05,34.87,35.46,34.57,34.72,950438
2007-01-08,33.68,34.57,33.24,33.53,420831
2007-01-09,34.13,35.02,34.13,35.02,458278
2007-01-10,34.42,34.87,33.24,34.72,1776053
2007-01-11,33.83,34.57,33.24,33.39,463628
2007-01-12,33.68,34.72,33.68,33.98,656212
2007-01-15,33.83,34.42,33.68,34.42,707924
2007-01-16,34.42,34.72,33.83,33.98,256778
2007-01-17,33.83,34.42,33.39,33.83,1073478
2007-01-18,32.22,32.22,31.09,31.37,870697
2007-01-19,32.94,34.13,32.94,33.09,911208
2007-01-22,33.39,33.83,32.64,33.83,663345
2007-01-23,33.68,33.98,33.53,33.83,283526
2007-01-24,33.83,34.13,33.24,33.39,684743
2007-01-25,33.39,33.68,32.94,33.09,888026
2007-01-26,32.94,33.09,32.05,32.05,1267845
2007-01-29,32.64,32.64,31.46,31.75,401216
2007-01-30,31.75,32.05,31.46,31.61,196150
2007-01-31,31.61,31.61,30.27,30.86,492159
2007-02-01,31.31,31.31,29.56,30.12,3001102
2007-02-02,30.27,30.42,29.23,29.38,3728642
2007-02-05,29.38,30.72,29.26,30.72,2537474
2007-02-06,31.01,31.46,30.57,31.46,649079
2007-02-07,31.75,31.75,30.86,31.31,476110
2007-02-08,31.46,32.05,31.01,32.05,830964
2007-02-09,32.05,33.24,31.75,33.09,1877695
2007-02-12,32.64,32.94,32.35,32.64,827398
2007-02-13,33.24,34.28,32.64,33.53,1801018
2007-02-14,34.13,34.87,33.53,34.42,2114858
2007-02-26,35.02,35.76,33.83,35.32,3029633
2007-02-27,35.32,35.61,32.94,35.02,3234699
2007-03-01,31.09,32.08,31.09,31.09,1771353
2007-03-02,31.46,31.61,30.86,31.31,1531756
2007-03-05,31.31,31.31,29.32,29.41,2059580
2007-03-06,29.56,30.27,29.32,29.62,1849164
2007-03-07,29.62,29.68,28.49,28.73,2398385
2007-03-08,28.85,30.72,28.85,30.42,2171920
2007-03-09,30.72,30.72,29.56,29.82,1173336
2007-03-12,29.68,29.68,29.53,29.65,727539
2007-03-13,29.68,29.97,29.56,29.68,1258929
2007-03-14,29.5,29.5,29.11,29.38,816699
2007-03-15,29.53,30.72,29.53,30.57,2187969
2007-03-16,30.12,30.42,29.68,30.42,1121624
2007-03-19,30.42,30.42,29.97,29.97,1264279
2007-03-20,30.27,31.01,30.12,30.27,1628049
2007-03-21,30.27,30.57,29.68,29.82,1118057
2007-03-22,29.97,30.42,29.97,30.12,682960
2007-03-23,30.27,30.72,29.97,30.42,955787
2007-03-26,30.72,30.72,30.27,30.27,467194
2007-03-27,30.27,31.01,30.12,30.27,800650
2007-03-28,30.27,31.16,30.27,30.86,1394451
2007-03-29,30.86,31.16,30.72,31.16,932606
2007-03-30,31.16,31.61,31.16,31.46,925473
2007-04-02,31.46,31.46,30.72,30.86,797084
2007-04-03,30.86,31.9,30.57,31.16,1184035
2007-04-04,31.31,32.05,31.31,31.46,1052079
2007-04-09,31.46,32.79,31.31,31.9,946871
2007-04-10,31.9,32.35,31.9,32.2,467194
2007-04-11,32.2,32.2,30.57,30.86,1562071
2007-04-12,30.72,30.86,30.27,30.42,1419416
2007-04-13,30.57,30.86,30.42,30.57,711491
2007-04-16,31.16,32.05,30.86,31.31,3193686
2007-04-17,31.61,31.75,30.86,30.86,804216
2007-04-18,31.01,31.46,30.86,31.16,331672
2007-04-19,31.16,31.31,29.68,29.97,2179053
2007-04-20,30.12,30.27,29.5,30.12,1330256
2007-04-23,29.68,30.57,29.68,29.97,447579
2007-04-24,29.97,30.12,29.65,29.82,536739
2007-04-25,29.68,29.97,29.59,29.82,757854
2007-04-26,29.82,30.27,29.68,29.68,1492526
2007-04-27,29.53,29.68,29.26,29.38,1433681
2007-04-30,29.23,29.23,28.93,29.23,786385
2007-05-02,29.65,29.65,29.26,29.47,388734
2007-05-03,29.68,29.82,29.47,29.68,1915142
2007-05-04,29.68,30.12,29.65,29.97,927256
2007-05-07,29.97,30.42,29.68,29.97,1068128
2007-05-08,29.97,30.12,29.68,29.97,438663
2007-05-09,29.97,29.97,29.65,29.68,950438
2007-05-10,29.68,30.12,29.59,29.68,1039597
2007-05-11,29.82,30.42,29.68,29.97,1160854
2007-05-14,29.68,29.68,29.62,29.62,998584
2007-05-15,29.41,29.65,29.38,29.41,930823
2007-05-16,29.38,29.38,29.23,29.32,1294593
2007-05-17,29.35,29.44,29.32,29.35,2266429
2007-05-18,29.38,29.41,29.23,29.38,2134473
2007-05-21,29.32,29.44,29.23,29.38,2093460
2007-05-22,29.38,29.5,29.08,29.32,875544
2007-05-23,29.38,29.59,29.05,29.32,1751088
2007-05-24,29.32,29.47,29.26,29.38,526039
2007-05-25,29.38,29.38,29.14,29.26,567053
2007-05-28,29.38,29.47,29.26,29.32,567053
2007-05-29,29.53,29.56,29.32,29.38,836314
2007-05-30,29.38,29.38,28.49,28.7,2018566
2007-05-31,28.93,29.26,28.85,29.26,1044947
2007-06-01,29.08,29.56,29.08,29.32,998584
2007-06-04,29.32,29.38,28.96,29.08,1324907
2007-06-05,29.08,29.29,28.93,28.96,1157287
2007-06-06,28.96,29.97,28.96,28.96,2744323
2007-06-07,29.47,29.68,29.08,29.59,2111292
2007-06-08,29.97,31.61,29.97,31.61,7099
2007-06-11,32.2,32.64,31.16,31.9,4425868
2007-06-12,32.5,32.5,31.61,32.05,2485761
2007-06-13,32.5,32.5,31.31,31.46,1449730
2007-06-14,32.05,32.05,31.31,31.31,920124
2007-06-15,31.75,31.75,30.57,30.57,1472911
2007-06-20,30.86,31.61,30.57,31.46,2664080
2007-06-21,31.75,32.2,31.46,31.46,1938323
2007-06-22,31.46,31.75,30.72,31.01,2717575
2007-06-25,30.86,31.16,30.72,31.01,2116642
2007-06-26,30.86,30.86,30.42,30.57,1672628
2007-06-27,30.72,31.31,30.57,30.57,2592752
2007-06-28,31.16,31.16,30.72,31.01,3710810
2007-06-29,31.01,31.31,30.57,31.16,3136624
2007-07-02,31.16,31.16,30.57,30.86,1069911
2007-07-03,30.86,30.86,30.27,30.27,2870929
2007-07-04,30.27,30.86,30.12,30.86,3049248
2007-07-05,30.86,30.86,30.42,30.57,2330624
2007-07-06,30.86,31.75,30.42,31.61,8880
2007-07-09,32.05,32.35,31.31,31.75,7505
2007-07-10,30.52,30.52,29.82,29.82,5297
2007-07-11,31.46,31.9,30.42,30.57,7653
2007-07-12,30.72,30.86,30.57,30.57,3117009
2007-07-13,30.86,31.01,30.57,30.57,1695810
2007-07-16,30.86,31.16,30.42,30.42,2031049
2007-07-17,30.57,31.01,30.27,30.57,1913358
2007-07-18,29.39,29.39,28.69,28.69,2095290
2007-07-19,29.97,31.01,29.97,30.86,2400168
2007-07-20,30.86,31.01,30.72,30.86,3434416
2007-07-23,29.39,29.67,29.11,29.25,3776765
2007-07-24,30.86,30.86,30.57,30.72,2906593
2007-07-25,30.86,32.05,30.72,31.61,7784
2007-07-26,32.05,32.05,30.42,30.57,5103
2007-07-27,29.97,30.86,29.68,30.12,3491478
2007-07-30,30.27,31.01,30.27,30.72,3439766
2007-07-31,30.86,31.16,30.57,30.86,3248965
2007-08-01,30.86,31.16,29.68,29.68,5412
2007-08-02,30.39,30.58,29.55,29.84,4004259
2007-08-03,30.13,30.42,30.07,30.36,1086822
2007-08-06,30.13,31.01,29.84,30.71,1791558
2007-08-07,30.88,30.97,30.71,30.81,3501604
2007-08-08,30.97,30.97,30.65,30.88,1395887
2007-08-09,30.88,30.94,30.78,30.81,1725329
2007-08-10,30.23,30.97,30.2,30.88,3335185
2007-08-13,30.88,30.88,30.45,30.75,1777972
2007-08-14,30.75,30.88,30.45,30.78,1348338
2007-08-15,30.78,30.88,30.42,30.42,2761207
2007-08-16,29.97,30.29,28.51,29.55,3635759
2007-08-17,29.55,29.64,29.16,29.48,2419877
2007-08-20,30.52,30.71,29.9,30.62,1485889
2007-08-21,30.62,30.62,30.03,30.42,1173428
2007-08-22,30.42,30.65,30.32,30.36,1197202
2007-08-23,30.88,30.88,30.55,30.75,2985364
2007-08-24,30.62,30.62,30.32,30.52,1122483
2007-08-27,30.55,30.71,30.52,30.52,703037
2007-08-28,30.49,30.52,30.16,30.49,720019
2007-08-29,29.74,30.52,29.74,30.29,1253241
2007-08-30,30.45,30.88,30.45,30.88,1840804
2007-08-31,30.88,32.72,30.62,32.3,4882208
2007-09-03,32.3,32.3,31.56,31.56,1263430
2007-09-04,31.56,31.94,31.2,31.23,1047764
2007-09-05,31.23,31.43,31.07,31.1,2294213
2007-09-06,30.78,30.94,30.55,30.81,2312893
2007-09-07,30.81,30.94,30.75,30.78,1219278
2007-09-10,30.13,30.55,29.87,30.42,1285506
2007-09-11,30.32,30.52,30.13,30.45,857570
2007-09-12,30.78,31.01,30.49,30.75,779455
2007-09-13,31.07,31.07,30.65,30.68,993423
2007-09-14,31.01,31.56,30.71,31.49,1725329
2007-09-17,31.49,31.49,31.04,31.1,821909
2007-09-18,31.1,31.1,31.1,31.1,0
2007-09-19,31.72,31.75,31.3,31.39,1749104
2007-09-20,31.36,31.59,31.17,31.33,2166851
2007-09-21,31.43,31.62,31.26,31.59,540014
2007-09-26,31.91,32.01,31.17,31.62,1429850
2007-09-27,31.62,32.07,31.62,31.82,2839322
2007-09-28,31.82,31.94,31.33,31.33,2754414
2007-10-01,31.49,31.69,31.1,31.1,453408
2007-10-02,31.2,31.43,30.45,30.75,1820426
2007-10-03,30.45,30.84,30.45,30.62,1091916
2007-10-04,30.45,30.62,30.39,30.42,1450228
2007-10-05,30.45,30.68,30.45,30.55,468691
2007-10-08,30.62,30.78,30.55,30.55,580770
2007-10-09,30.45,30.52,30.13,30.45,815116
2007-10-11,30.45,30.58,30.29,30.39,1142861
2007-10-12,30.39,30.39,29.19,29.19,1874767
2007-10-15,29.48,29.87,29.42,29.77,1358527
2007-10-16,29.77,29.81,29.58,29.71,954365
2007-10-17,30.32,30.32,29.68,29.77,2981967
2007-10-18,29.77,30.03,29.77,29.97,1122483
2007-10-19,29.84,29.9,29.58,29.58,900024
2007-10-22,29.16,29.32,28.83,29.32,2441953
2007-10-23,29.42,29.55,29.39,29.45,524731
2007-10-24,29.45,29.61,29.32,29.42,1080029
2007-10-25,29.42,29.61,29.22,29.51,2404593
2007-10-26,29.51,30.13,29.51,29.94,867759
2007-10-29,30.1,30.2,29.48,29.64,1954581
2007-10-30,29.61,29.61,28.67,28.83,2250061
2007-10-31,28.83,28.83,28.32,28.45,1555514
2007-11-01,28.51,28.8,28.48,28.51,3107631
2007-11-02,28.38,28.38,27.7,27.86,2071754
2007-11-05,27.96,28.19,27.7,27.89,1645516
2007-11-06,27.86,27.89,27.7,27.77,1360225
2007-11-07,28.12,28.12,27.83,27.83,1001914
2007-11-08,27.54,27.67,27.21,27.21,2273835
2007-11-09,27.34,27.89,27.31,27.86,1283808
2007-11-12,27.54,27.54,27.05,27.12,1947788
2007-11-13,27.12,27.38,27.02,27.21,2227985
2007-11-14,29.09,29.09,27.44,27.6,3172161
2007-11-15,27.21,27.34,27.08,27.18,1377207
2007-11-16,27.12,27.12,26.57,26.7,1737217
2007-11-19,26.7,27.08,26.7,26.76,1628534
2007-11-20,26.73,26.73,26.24,26.4,2058169
2007-11-21,26.24,26.5,25.92,25.95,2214399
2007-11-22,25.92,26.24,25.85,26.08,1297393
2007-11-23,26.24,26.24,25.72,25.79,940780
2007-11-26,26.05,26.11,25.79,25.92,1601364
2007-11-27,25.69,25.69,24.56,24.98,2100623
2007-11-28,25.34,25.56,25.01,25.43,572279
2007-11-29,25.89,26.18,25.66,26.11,1108898
2007-11-30,26.24,26.53,24.66,24.82,4320117
2007-12-03,25.01,25.47,25.01,25.34,815116
2007-12-04,25.34,25.43,25.27,25.34,2148171
2007-12-05,25.43,25.56,24.98,25.43,2183832
2007-12-06,25.59,25.76,25.47,25.59,1161541
2007-12-07,25.76,25.82,25.27,25.47,2654223
2007-12-10,25.47,25.47,24.98,25.01,1382301
2007-12-11,25.04,25.08,24.75,24.85,2392706
2007-12-12,24.82,24.82,23.72,24.1,3749535
2007-12-13,24.01,24.01,22.87,23.33,3797084
2007-12-14,23.33,23.33,22.32,23.0,5006
2007-12-17,22.94,22.94,21.42,21.42,7119
2007-12-18,20.09,20.9,20.09,20.73,5283
2007-12-19,20.25,21.06,20.25,20.67,4469555
2007-12-20,20.64,21.22,20.57,20.57,3591607
2007-12-21,20.51,21.32,20.44,21.19,2334969
2007-12-24,21.38,21.38,21.19,21.25,5293
2007-12-25,21.32,22.71,21.25,22.71,2830831
2007-12-26,21.58,22.35,21.58,22.06,4537481
2007-12-27,21.77,22.52,21.77,22.29,7171
2007-12-28,22.03,23.0,22.03,22.97,6876
2007-12-31,22.97,23.94,22.61,23.94,5247
2008-01-02,23.49,23.62,23.0,23.0,2489501
2008-01-03,22.71,22.74,22.03,22.35,2761207
2008-01-04,22.32,23.16,22.19,22.65,1574193
2008-01-07,22.16,22.16,21.48,21.93,2851209
2008-01-08,21.9,22.68,21.87,22.58,1903636
2008-01-09,22.42,22.81,22.19,22.74,1125879
2008-01-10,22.84,23.39,22.84,23.33,1424755
2008-01-11,23.49,23.91,23.36,23.36,2375725
2008-01-14,23.65,23.72,23.39,23.65,1693064
2008-01-15,23.72,24.27,23.59,23.78,1541928
2008-01-16,23.0,23.78,23.0,23.26,1293997
2008-01-17,23.46,23.78,23.33,23.72,1353433
2008-01-18,23.26,23.97,23.26,23.72,3450659
2008-01-21,23.78,23.81,22.87,23.07,2486105
2008-01-22,21.48,22.45,21.48,21.48,3231597
2008-01-23,21.71,22.06,21.58,21.8,1767783
2008-01-24,23.33,23.33,21.97,22.03,3807273
2008-01-25,22.03,22.61,21.97,22.48,928893
2008-01-28,22.03,22.48,22.03,22.1,1187013
2008-01-29,22.03,22.26,21.8,21.93,1356829
2008-01-30,21.93,21.93,21.48,21.64,3233295
2008-01-31,21.54,21.54,21.03,21.22,4029732
2008-02-01,21.06,21.38,20.96,21.12,13207
2008-02-12,20.73,21.06,20.48,21.06,1383999
2008-02-13,21.06,21.35,21.06,21.29,3054988
2008-02-14,21.38,22.13,21.35,22.1,3031214
2008-02-15,21.77,22.45,21.58,22.13,5668
2008-02-18,22.03,22.48,22.03,22.19,3353864
2008-02-19,22.19,22.35,22.0,22.1,3878596
2008-02-20,22.1,22.16,21.9,22.1,5077
2008-02-21,22.23,22.52,22.19,22.39,2513275
2008-02-22,22.35,22.71,22.13,22.55,2046282
2008-02-25,22.68,23.46,22.65,22.87,2367234
2008-02-26,22.94,23.04,22.52,22.71,1720235
2008-02-27,22.71,23.68,22.68,23.55,3581418
2008-02-29,23.26,23.75,23.04,23.59,1623440
2008-03-03,22.97,23.0,22.65,22.84,864363
2008-03-04,22.68,23.33,22.58,23.33,1193806
2008-03-05,23.33,23.39,22.94,23.13,967950
2008-03-06,23.13,23.42,23.0,23.23,3720667
2008-03-07,23.0,23.13,22.68,22.84,2109113
2008-03-10,22.71,23.0,22.45,22.65,2343459
2008-03-11,22.35,22.74,22.32,22.68,1898542
2008-03-12,22.84,22.97,22.81,22.87,2545540
2008-03-13,22.84,22.84,22.13,22.19,2368932
2008-03-14,22.29,22.68,22.16,22.23,2530257
2008-03-17,21.9,21.9,21.06,21.8,2195720
2008-03-18,21.74,21.8,20.9,21.74,2024206
2008-03-19,21.93,22.03,21.54,21.74,1715141
2008-03-20,21.71,22.03,21.54,21.71,2085339
2008-03-21,21.77,22.03,21.77,22.0,2363837
2008-03-24,22.68,23.23,22.68,22.84,3858218
2008-03-25,23.0,23.07,22.78,22.84,2177040
2008-03-26,22.68,22.84,22.19,22.55,3105933
2008-03-27,22.35,22.74,22.35,22.71,2017413
2008-03-28,22.68,23.04,22.55,23.04,3223106
2008-03-31,23.07,23.26,22.94,23.26,2075150
2008-04-01,23.33,23.39,22.84,23.0,2064961
2008-04-02,23.16,23.85,23.13,23.81,3571229
2008-04-03,23.85,23.88,23.65,23.75,1198900
2008-04-07,23.75,23.94,23.33,23.85,940780
2008-04-08,23.91,24.2,23.81,23.94,1482493
2008-04-09,23.97,23.97,23.59,23.85,1151352
2008-04-10,23.88,24.33,23.88,24.33,1533437
2008-04-11,24.33,24.53,24.2,24.53,2385913
2008-04-14,24.53,25.27,24.3,25.24,2472520
2008-04-15,25.11,25.5,24.91,25.17,2399499
2008-04-16,25.11,25.76,25.11,25.76,2324780
2008-04-17,25.98,27.51,25.98,27.05,4352382
2008-04-18,27.05,27.21,26.11,26.76,1630233
2008-04-21,27.05,27.21,26.89,27.08,1597968
2008-04-22,27.21,27.21,26.89,27.05,954365
2008-04-23,27.05,27.38,26.24,26.79,1400981
2008-04-24,26.7,26.79,26.24,26.73,540014
2008-04-25,26.73,26.79,26.31,26.53,521334
2008-04-28,26.44,26.53,26.08,26.37,753982
2008-04-29,26.37,26.53,25.59,25.59,845683
2008-04-30,25.92,25.92,25.11,25.43,672471
2008-05-02,25.59,26.73,25.53,26.15,1287204
2008-05-05,27.05,27.05,25.63,25.82,974743
2008-05-06,25.89,26.24,25.37,26.18,886439
2008-05-07,26.24,26.31,26.08,26.08,497560
2008-05-08,25.92,25.92,25.43,25.53,692849
2008-05-09,25.92,25.92,25.43,25.43,431332
2008-05-12,25.43,25.59,25.27,25.56,382085
2008-05-13,25.56,26.02,25.4,25.92,687754
2008-05-14,25.92,26.08,25.69,25.76,1652309
2008-05-15,26.02,26.47,25.79,26.47,2803661
2008-05-16,26.86,27.18,26.47,26.66,2739131
2008-05-19,26.66,27.05,26.44,26.53,646998
2008-05-20,26.37,26.66,25.92,25.92,619828
2008-05-21,25.76,25.89,25.47,25.5,896628
2008-05-22,25.17,25.3,24.85,25.27,1010404
2008-05-23,25.27,25.47,25.11,25.11,995121
2008-05-26,25.11,25.11,24.62,24.72,546807
2008-05-27,24.72,25.21,24.66,25.14,455106
2008-05-28,25.24,25.24,24.82,24.95,886439
2008-05-29,25.17,25.43,25.14,25.37,925496
2008-05-30,25.53,25.72,25.14,25.59,1713442
2008-06-02,25.53,25.66,25.37,25.66,750586
2008-06-03,25.5,25.59,25.27,25.27,801531
2008-06-04,25.4,25.69,25.4,25.59,193590
2008-06-05,25.59,27.15,25.01,26.79,1348338
2008-06-06,26.79,26.83,26.4,26.57,540014
2008-06-09,25.92,25.92,25.47,25.59,490768
2008-06-10,25.59,25.59,25.01,25.01,1417963
2008-06-11,25.24,25.4,25.01,25.08,677565
2008-06-12,24.88,24.88,24.56,24.56,932289
2008-06-13,24.56,24.91,24.46,24.72,477182
2008-06-16,24.78,24.88,24.72,24.75,2078547
2008-06-17,24.78,24.95,24.75,24.78,2783283
2008-06-18,24.49,24.78,24.49,24.66,550203
2008-06-19,24.33,24.33,23.97,24.14,1022291
2008-06-20,24.23,24.3,23.81,24.1,762473
2008-06-23,23.85,24.3,23.85,24.1,599450
2008-06-24,24.14,24.3,23.36,23.36,540014
2008-06-25,23.49,24.3,23.49,24.3,893231
2008-06-26,24.56,24.56,23.88,24.14,334537
2008-06-27,23.29,23.97,23.29,23.97,1093614
2008-06-30,23.97,25.27,23.81,25.27,962856
2008-07-01,24.95,25.08,24.59,24.78,818512
2008-07-02,24.69,24.95,24.33,24.4,1098709
2008-07-03,24.14,24.36,23.46,23.81,930591
2008-07-04,23.88,23.97,23.65,23.65,473786
2008-07-07,23.97,24.3,23.65,24.3,438125
2008-07-08,24.3,24.3,23.04,23.23,1049462
2008-07-09,23.33,24.4,23.33,23.72,988328
2008-07-10,23.65,24.3,23.55,24.1,843985
2008-07-11,23.81,24.01,23.42,23.81,1047764
2008-07-14,23.81,24.3,23.65,23.97,1015499
2008-07-15,23.65,24.27,22.84,22.84,1032480
2008-07-16,22.84,23.0,21.77,22.06,2090434
2008-07-17,22.1,22.26,21.77,21.9,2717055
2008-07-18,22.29,22.29,21.71,21.71,1859484
2008-07-21,22.29,23.2,22.1,23.07,954365
2008-07-22,23.16,23.46,23.0,23.29,400765
2008-07-23,23.49,23.75,23.39,23.62,827003
2008-07-24,23.65,23.81,23.33,23.59,648696
2008-07-25,23.33,23.33,23.0,23.04,492466
2008-07-28,23.04,23.04,23.04,23.04,0
2008-07-29,22.68,23.49,22.35,23.0,1711744
2008-07-30,23.0,23.29,22.78,23.13,1489285
2008-07-31,23.6,23.82,23.06,23.82,1641554
2008-08-01,23.5,23.6,23.06,23.1,1009191
2008-08-04,23.06,23.39,22.88,22.96,566053
2008-08-05,22.96,23.17,22.52,22.52,1182242
2008-08-06,22.74,23.57,22.74,23.57,1041537
2008-08-07,23.71,23.82,23.6,23.75,777757
2008-08-08,23.24,24.18,23.24,23.93,1277662
2008-08-11,24.25,24.65,24.22,24.29,606485
2008-08-12,24.4,24.61,23.96,24.5,462546
2008-08-13,24.5,24.61,24.14,24.22,692202
2008-08-14,24.14,24.29,24.11,24.11,632362
2008-08-15,24.79,25.08,24.25,24.65,1156365
2008-08-18,24.87,24.87,24.43,24.54,1143427
2008-08-19,24.5,24.65,24.22,24.61,784387
2008-08-20,24.25,24.97,24.25,24.4,1073883
2008-08-21,24.4,24.5,23.86,23.89,760128
2008-08-22,23.86,24.04,23.03,23.35,881425
2008-08-25,23.53,24.0,23.53,23.89,564435
2008-08-26,23.5,24.11,23.5,23.86,528855
2008-08-27,23.5,24.65,23.5,24.54,784387
2008-08-28,24.58,24.9,24.36,24.69,957438
2008-08-29,24.9,25.87,24.9,25.77,2299793
2008-09-01,25.73,25.73,24.54,24.94,824820
2008-09-02,24.94,25.01,24.36,24.5,574139
2008-09-03,24.5,25.23,24.36,24.9,891129
2008-09-04,24.83,25.01,23.78,24.07,722930
2008-09-05,23.75,23.75,23.35,23.46,963907
2008-09-08,24.11,24.5,23.82,24.14,908919
2008-09-09,24.22,24.22,23.82,23.96,750424
2008-09-10,24.5,24.87,23.6,23.68,895981
2008-09-11,23.78,23.78,23.06,23.35,1374700
2008-09-12,23.42,23.64,23.24,23.42,993018
2008-09-15,23.42,23.42,23.06,23.21,1141810
2008-09-16,22.49,22.81,21.98,21.98,1331033
2008-09-17,22.78,22.88,22.31,22.7,845845
2008-09-18,21.98,22.13,21.23,21.3,1434540
2008-09-19,22.27,22.78,22.02,22.78,818351
2008-09-22,23.03,23.57,22.88,23.42,1033451
2008-09-23,22.45,23.24,22.45,23.06,1145044
2008-09-24,23.06,23.06,22.49,22.59,2008679
2008-09-25,22.7,22.7,21.8,22.02,2637807
2008-09-26,22.27,22.27,21.48,21.77,1193563
2008-09-29,21.77,21.77,21.77,21.77,0
2008-09-30,20.32,21.98,20.32,21.98,868487
2008-10-01,21.98,21.98,21.3,21.48,514299
2008-10-02,21.69,21.87,21.44,21.62,567670
2008-10-03,21.59,21.98,21.59,21.62,452842
2008-10-06,21.05,21.44,20.65,21.12,1002722
2008-10-07,20.54,21.26,20.54,20.9,428583
2008-10-08,20.72,20.72,19.46,19.46,1028599
2008-10-09,20.18,20.22,18.38,18.38,2217310
2008-10-13,17.75,17.91,17.75,17.91,1298687
2008-10-14,19.14,19.14,18.02,19.14,823202
2008-10-15,18.78,19.28,18.67,19.1,687350
2008-10-16,18.45,18.49,18.45,18.45,842610
2008-10-17,18.45,18.74,17.95,18.02,1031834
2008-10-20,17.48,17.87,17.39,17.39,1874444
2008-10-21,17.39,17.53,16.79,16.79,1825925
2008-10-22,16.22,16.79,16.22,16.32,1120785
2008-10-23,15.77,15.86,15.77,15.77,1052858
2008-10-24,15.28,15.32,15.23,15.23,850696
2008-10-27,14.16,14.41,14.16,14.16,863635
2008-10-28,13.37,14.45,13.17,14.11,1764468
2008-10-29,15.08,15.08,14.41,14.59,1803283
2008-10-30,14.59,15.6,14.59,15.6,742338
2008-10-31,15.96,16.68,15.62,16.68,2036173
2008-11-03,17.1,17.84,16.58,17.84,1400577
2008-11-04,18.02,18.38,17.3,17.89,891129
2008-11-05,18.02,18.2,17.66,17.84,776301
2008-11-06,16.61,16.79,16.59,16.65,811881
2008-11-07,15.5,16.5,15.5,16.22,1106229
2008-11-10,16.22,16.47,15.87,16.47,410792
2008-11-11,16.32,16.56,15.93,16.32,325076
2008-11-12,16.18,16.58,15.91,16.13,418879
2008-11-13,15.41,15.53,15.14,15.35,705140
2008-11-14,15.93,16.11,15.86,15.96,635596
2008-11-17,15.14,16.29,15.14,15.87,367125
2008-11-18,15.57,15.78,14.96,15.17,766597
2008-11-19,14.49,14.87,14.27,14.34,1994124
2008-11-20,13.69,13.69,13.35,13.35,2516510
2008-11-21,12.43,13.33,12.43,13.01,3224885
2008-11-24,13.26,13.26,12.29,12.74,1138575
2008-11-25,12.97,13.62,12.97,13.51,1122402
2008-11-26,13.44,14.13,13.44,13.66,1052858
2008-11-27,14.13,14.61,14.05,14.61,667942
2008-11-28,14.78,15.57,14.58,14.99,915388
2008-12-01,14.76,15.53,14.49,15.32,970376
2008-12-02,14.25,14.7,14.25,14.31,1114316
2008-12-03,14.41,14.59,14.05,14.41,664708
2008-12-04,14.29,14.41,13.82,13.82,1518640
2008-12-05,13.41,14.41,13.41,14.05,1062562
2008-12-08,14.49,15.03,14.49,15.03,1085204
2008-12-09,15.46,15.86,15.17,15.59,1125637
2008-12-10,15.5,15.93,15.23,15.84,892746
2008-12-11,15.84,16.83,15.69,16.81,1559072
2008-12-12,16.79,16.79,15.64,16.0,1127254
2008-12-15,16.09,16.94,16.09,16.65,1153131
2008-12-16,15.5,16.04,15.5,15.68,1250168
2008-12-17,15.96,16.18,15.75,16.0,1411898
2008-12-18,16.2,16.29,15.86,16.04,399471
2008-12-19,16.29,16.29,16.29,16.29,727783
2008-12-22,16.4,16.5,15.5,15.86,509447
2008-12-23,15.5,15.82,14.97,15.3,724548
2008-12-24,14.67,15.3,14.67,15.17,684115
2008-12-25,15.17,15.68,14.96,15.68,326693
2008-12-26,15.32,16.18,15.32,16.18,368743
2008-12-29,16.22,16.4,15.73,16.4,488422
2008-12-30,16.4,16.87,16.4,16.87,939648
2008-12-31,16.87,17.12,16.4,17.12,629127
2009-01-02,17.12,17.12,17.12,17.12,0
2009-01-05,17.12,17.48,16.79,16.9,591930
2009-01-06,16.81,17.12,16.65,16.65,425348
2009-01-07,16.87,17.05,16.61,16.76,433434
2009-01-08,16.22,16.22,15.59,15.59,1200032
2009-01-09,15.39,15.5,14.78,15.24,509447
2009-01-12,15.15,15.21,14.78,14.87,800560
2009-01-13,14.87,15.32,14.78,15.32,499744
2009-01-14,15.48,15.48,15.14,15.23,475484
2009-01-15,14.78,14.78,14.23,14.41,1709480
2009-01-16,14.74,14.74,14.45,14.67,548262
2009-01-19,14.88,15.1,14.88,14.96,202162
2009-01-20,14.96,14.96,14.56,14.58,1030216
2009-01-21,14.59,14.94,14.45,14.88,807030
2009-02-02,14.67,14.99,14.49,14.78,826437
2009-02-03,14.78,15.24,14.67,14.96,637214
2009-02-04,15.8,15.8,15.08,15.17,737486
2009-02-05,15.06,15.42,14.85,15.14,677646
2009-02-06,15.48,15.62,15.21,15.44,912154
2009-02-09,15.44,15.71,15.44,15.64,984932
2009-02-10,15.75,15.78,15.57,15.69,590312
2009-02-11,14.97,15.5,14.85,14.9,3527319
2009-02-12,14.9,15.12,14.59,14.78,1947222
2009-02-13,14.92,14.94,14.58,14.59,3784469
2009-02-16,14.63,14.87,14.41,14.7,3066390
2009-02-17,14.7,14.76,14.02,14.05,5919
2009-02-18,14.05,14.25,13.96,14.2,2118656
2009-02-19,14.2,14.38,14.05,14.38,2964501
2009-02-20,14.36,14.38,14.14,14.34,1350441
2009-02-23,14.27,14.59,14.2,14.56,1605973
2009-02-24,14.43,14.56,14.36,14.45,1756382
2009-02-25,14.5,14.85,14.5,14.79,2793067
2009-02-26,14.85,14.92,14.67,14.83,1156365
2009-02-27,14.96,15.86,14.96,15.86,7076
2009-03-02,15.68,16.02,14.76,15.03,4172620
2009-03-03,14.63,14.94,14.32,14.78,1950457
2009-03-04,14.83,15.32,14.78,15.23,2511658
2009-03-05,15.3,15.82,15.24,15.32,3634061
2009-03-06,15.3,15.6,15.1,15.42,2511658
2009-03-09,15.42,15.73,15.42,15.68,2728376
2009-03-10,16.07,16.22,15.78,15.96,5547
2009-03-11,16.29,16.36,15.93,15.96,4127336
2009-03-12,16.0,16.29,15.75,16.22,5041
2009-03-13,16.4,16.54,16.16,16.18,8441
2009-03-16,16.29,16.58,16.2,16.2,5829
2009-03-17,16.14,16.36,16.04,16.22,4140274
2009-03-18,16.32,16.43,16.04,16.13,5185
2009-03-19,16.22,16.38,15.89,16.0,4449177
2009-03-20,16.0,16.11,15.68,15.68,3954285
2009-03-23,15.8,16.22,15.8,16.18,6138
2009-03-24,16.4,17.3,16.34,16.94,16259
2009-03-25,16.94,17.42,16.87,17.17,11611
2009-03-26,17.37,17.46,16.94,17.01,9610
2009-03-27,17.19,17.37,17.01,17.17,6605
2009-03-30,17.28,17.28,16.4,16.7,4478288
2009-03-31,16.7,17.05,16.7,16.97,3548344
2009-04-02,18.02,18.05,17.41,17.51,8598
2009-04-03,17.53,17.66,17.26,17.39,5914
2009-04-06,17.39,17.93,17.33,17.59,7105
2009-04-07,17.57,18.81,17.55,18.81,14455
2009-04-08,18.92,19.64,18.81,18.81,13868
2009-04-09,19.1,19.28,18.78,18.96,7656
2009-04-10,19.24,19.42,18.74,18.99,5324
2009-04-13,19.1,19.35,18.74,18.92,5070
2009-04-14,18.99,19.39,18.88,18.96,6718
2009-04-15,19.1,19.17,18.38,18.63,4610907
2009-04-16,18.99,19.03,18.67,18.7,4614141
2009-04-17,18.85,19.35,17.41,17.51,8025
2009-04-20,17.55,17.98,17.3,17.87,3532171
2009-04-21,17.75,18.31,17.73,18.23,2518127
2009-04-22,18.23,18.38,18.02,18.09,2519745
2009-04-23,18.09,18.16,17.68,17.95,2673388
2009-04-24,18.13,18.52,18.02,18.31,3514381
2009-04-27,18.49,18.67,17.75,18.02,4187175
2009-04-28,18.16,18.38,17.6,17.62,2508424
2009-04-29,17.69,17.84,17.44,17.62,2248039
2009-04-30,18.74,18.85,18.2,18.81,6846
2009-05-04,18.92,19.46,18.78,19.1,6582
2009-05-05,19.28,19.35,18.56,18.81,5355
2009-05-06,18.92,19.28,18.56,19.1,4098224
2009-05-07,19.1,19.46,18.67,19.1,4272892
2009-05-08,19.06,19.35,18.74,19.03,4429770
2009-05-11,19.14,19.32,18.78,19.1,4049705
2009-05-12,18.85,19.06,18.02,18.2,4395806
2009-05-13,18.2,18.52,18.09,18.2,5471
2009-05-14,18.02,18.23,17.96,18.02,2188199
2009-05-15,18.2,18.38,18.05,18.13,2315965
2009-05-18,18.2,18.2,17.84,17.87,3588776
2009-05-19,18.31,18.52,17.98,18.09,3263700
2009-05-20,18.31,18.78,18.2,18.63,3676110
2009-05-21,18.81,18.92,18.31,18.38,2998464
2009-05-22,18.23,18.52,18.13,18.2,2413003
2009-05-25,18.45,18.59,18.02,18.09,2314348
2009-05-26,18.09,18.27,17.68,17.69,3058304
2009-05-27,17.95,18.34,17.87,18.09,2666918
2009-06-01,18.7,18.7,17.84,18.2,3417343
2009-06-02,18.49,18.52,18.02,18.27,2797919
2009-06-03,18.2,18.31,17.98,18.31,3216799
2009-06-04,18.31,18.31,17.73,17.95,3997952
2009-06-05,17.95,18.13,17.89,18.02,1285749
2009-06-08,18.16,18.2,17.69,17.69,1859888
2009-06-09,17.73,17.77,16.65,16.76,4463733
2009-06-10,16.65,16.94,16.61,16.76,2385509
2009-06-11,16.58,16.76,16.45,16.74,1939136
2009-06-12,16.76,16.76,16.4,16.43,2985525
2009-06-15,16.43,16.43,15.64,15.68,3913853
2009-06-16,15.75,16.04,15.68,15.96,1447478
2009-06-17,15.96,16.29,15.93,15.96,1415132
2009-06-18,16.29,16.36,15.82,15.86,1154748
2009-06-19,16.14,16.22,15.87,16.22,706757
2009-06-22,16.43,16.56,16.22,16.56,954203
2009-06-23,16.5,16.5,16.22,16.36,910536
2009-06-24,16.47,17.14,16.23,16.68,2317583
2009-06-25,16.87,16.87,16.5,16.58,1635084
2009-06-26,16.72,16.74,16.5,16.67,860400
2009-06-29,16.79,16.79,16.43,16.5,1114316
2009-06-30,16.67,16.76,16.5,16.76,1001105
2009-07-01,16.78,17.23,16.78,17.05,1898703
2009-07-02,17.05,17.23,16.97,16.97,1497614
2009-07-03,16.97,17.46,16.97,17.37,2660449
2009-07-06,17.48,17.48,17.21,17.3,1470120
2009-07-07,17.3,17.46,17.3,17.41,1043155
2009-07-08,17.41,17.44,17.19,17.23,1554220
2009-07-09,17.3,17.64,17.24,17.46,1408663
2009-07-10,17.51,17.51,17.32,17.44,874956
2009-07-13,17.48,17.59,17.08,17.21,1662578
2009-07-14,17.32,17.35,17.21,17.28,2387126
2009-07-15,17.37,17.66,17.37,17.53,1630233
2009-07-16,17.66,18.0,17.66,17.86,3312219
2009-07-17,17.98,18.38,17.86,18.13,3698752
2009-07-20,18.38,18.49,18.02,18.38,4277744
2009-07-21,18.52,18.52,18.02,18.31,2432411
2009-07-22,18.31,18.45,18.09,18.23,1977951
2009-07-23,18.23,18.45,18.09,18.23,2100865
2009-07-24,18.41,18.49,18.2,18.2,2152619
2009-07-27,18.34,18.49,18.23,18.34,2178495
2009-07-28,18.38,18.74,18.38,18.74,7299
2009-07-29,18.95,19.53,18.92,19.49,6394
2009-07-30,19.45,19.45,19.11,19.26,4184045
2009-07-31,19.26,19.8,19.03,19.03,3683569
2009-08-03,19.03,19.15,18.65,18.82,2574797
2009-08-04,18.95,19.03,18.53,18.53,3339190
2009-08-05,18.65,18.8,18.53,18.53,2259384
2009-08-06,18.53,19.03,18.53,18.8,2320536
2009-08-07,18.8,18.8,18.8,18.8,0
2009-08-10,18.84,19.03,18.8,18.88,1643042
2009-08-11,19.18,19.2,18.9,19.18,1063713
2009-08-12,19.03,19.26,19.03,19.07,1467634
2009-08-13,19.22,19.49,19.13,19.38,1993858
2009-08-14,19.42,19.84,19.34,19.84,3488850
2009-08-17,19.84,20.49,19.8,20.03,5755
2009-08-18,20.03,20.18,19.22,19.65,5058
2009-08-19,19.84,20.38,19.61,19.65,2999639
2009-08-20,19.95,20.18,19.53,20.07,2529738
2009-08-21,19.99,20.07,18.84,19.26,5050
2009-08-24,19.45,19.61,19.22,19.3,1982594
2009-08-25,19.45,19.88,19.26,19.88,2140300
2009-08-26,19.99,20.76,19.8,20.65,8722
2009-08-27,20.72,21.41,20.68,20.8,5594
2009-08-28,20.88,20.99,20.57,20.99,3002857
2009-08-31,21.15,21.18,20.26,20.38,2307662
2009-09-01,20.38,20.95,20.38,20.76,1303491
2009-09-02,20.57,21.76,20.57,21.11,3035042
2009-09-03,21.18,21.38,20.88,21.11,2578015
2009-09-04,21.15,22.18,21.11,22.11,4153470
2009-09-07,22.14,22.3,21.91,22.07,2489507
2009-09-08,22.22,22.91,22.03,22.49,3392295
2009-09-09,22.53,22.53,22.07,22.11,1353377
2009-09-10,22.88,22.91,22.11,22.14,2798483
2009-09-11,22.14,22.18,21.8,21.95,1052448
2009-09-14,21.72,21.76,20.91,21.34,1894085
2009-09-15,21.61,22.22,21.45,22.18,1971329
2009-09-16,22.3,22.53,22.14,22.49,2962626
2009-09-17,22.49,22.61,22.11,22.38,2225590
2009-09-18,22.38,22.68,22.22,22.49,1836152
2009-09-21,22.49,22.84,22.3,22.64,1889257
2009-09-22,22.68,23.03,22.64,22.8,2497553
2009-09-23,22.8,22.8,22.18,22.34,2243292
2009-09-24,22.22,22.34,21.84,22.03,1466025
2009-09-25,22.03,22.72,21.99,22.45,2161220
2009-09-28,21.95,22.34,21.61,22.34,786922
2009-09-29,22.68,22.99,22.38,22.72,2336628
2009-09-30,22.88,23.26,22.84,23.07,2370422
2009-10-01,23.07,23.11,22.88,23.07,1704194
2009-10-02,22.64,22.95,22.49,22.53,1158658
2009-10-05,22.64,22.64,22.22,22.49,494039
2009-10-06,22.49,22.72,22.26,22.68,1173142
2009-10-07,22.68,22.72,22.49,22.68,709678
2009-10-08,22.68,22.91,22.68,22.68,1438668
2009-10-09,23.07,23.07,22.72,22.91,836809
2009-10-12,23.07,23.07,22.41,22.99,550362
2009-10-13,22.49,23.07,22.34,22.84,923708
2009-10-14,22.99,23.07,22.8,23.03,904397
2009-10-15,23.07,23.45,23.03,23.45,1960064
2009-10-16,23.49,23.49,23.07,23.38,1343722
2009-10-19,23.38,23.38,23.07,23.18,960721
2009-10-20,23.38,23.38,23.11,23.22,1026700
2009-10-21,23.22,23.38,23.07,23.07,2122598
2009-10-22,23.14,23.14,22.38,22.64,1459588
2009-10-23,22.68,22.91,22.38,22.91,870603
2009-10-26,22.95,23.3,22.95,23.14,1974547
2009-10-27,23.14,24.41,22.95,23.91,5312
2009-10-28,23.91,24.37,23.41,23.49,3279648
2009-10-29,23.49,23.49,22.3,22.64,3469539
2009-10-30,22.8,22.99,22.45,22.61,2222372
2009-11-02,22.14,22.38,22.11,22.22,1020263
2009-11-03,22.22,22.22,22.03,22.03,926927
2009-11-04,22.11,22.72,22.11,22.64,999343
2009-11-05,22.72,23.03,22.53,22.88,1427403
2009-11-06,23.11,23.11,22.76,22.76,897960
2009-11-09,23.07,23.45,22.88,23.38,1766954
2009-11-10,23.38,23.41,23.11,23.38,1733160
2009-11-11,23.38,23.61,23.18,23.61,2708365
2009-11-12,23.64,23.91,23.61,23.64,2204670
2009-11-13,23.64,23.64,23.3,23.34,896351
2009-11-16,23.34,23.64,23.14,23.64,1810404
2009-11-17,23.64,24.07,23.57,24.03,2993202
2009-11-18,24.11,24.22,23.76,23.99,1615685
2009-11-19,24.18,24.22,23.91,24.22,1778219
2009-11-20,24.18,24.18,23.76,24.03,1234293
2009-11-23,24.03,24.03,23.76,23.8,716115
2009-11-24,23.84,24.57,23.8,24.34,3218496
2009-11-25,24.26,24.34,24.07,24.11,1736379
2009-11-26,24.11,24.37,23.87,24.03,1004171
2009-11-27,23.64,23.87,23.3,23.38,2219153
2009-11-30,23.45,23.84,23.38,23.61,2021216
2009-12-01,23.61,23.76,23.38,23.72,1823278
2009-12-02,23.76,23.84,23.64,23.8,1538441
2009-12-03,23.87,23.95,23.57,23.8,959112
2009-12-04,23.76,23.76,23.57,23.61,518177
2009-12-07,23.76,24.22,23.61,24.11,1939144
2009-12-08,24.11,24.22,23.84,23.84,722552
2009-12-09,23.84,24.07,23.3,23.84,1385562
2009-12-10,24.03,24.03,23.14,23.3,1520739
2009-12-11,23.3,23.76,23.3,23.76,1137738
2009-12-14,23.84,24.8,23.8,24.41,2806529
2009-12-15,24.8,24.8,24.22,24.34,1609248
2009-12-16,26.03,26.03,26.03,26.03,1348550
2009-12-17,27.83,27.83,27.53,27.83,9681
2009-12-18,27.68,29.53,27.1,29.18,6286
2009-12-21,29.14,29.14,27.49,27.49,5481
2009-12-22,27.64,27.91,27.3,27.53,4810043
2009-12-23,27.3,27.76,27.3,27.41,2933659
2009-12-24,27.64,28.76,27.49,28.18,6040
2009-12-25,28.76,29.45,27.87,28.72,5066
2009-12-28,29.03,29.45,28.14,28.14,5983
2009-12-29,28.26,28.37,27.8,27.95,2095241
2009-12-30,28.07,28.07,27.3,27.76,4354626
2009-12-31,27.95,28.22,27.53,27.6,2729285
2010-01-04,27.68,28.64,27.6,27.83,5138
2010-01-05,27.99,28.6,27.68,27.91,3850931
2010-01-06,28.22,28.37,27.68,27.68,1519130
2010-01-07,27.87,28.07,27.53,27.76,2281914
2010-01-08,27.91,27.99,27.45,27.68,1081414
2010-01-11,27.68,27.83,27.45,27.53,1499819
2010-01-12,27.53,27.76,27.14,27.3,2119380
2010-01-13,26.57,27.03,26.57,26.72,2330191
2010-01-14,26.72,27.26,26.72,26.91,1672009
2010-01-15,27.1,27.22,26.95,27.07,1525567
2010-01-18,26.91,28.22,26.91,27.76,2812966
2010-01-19,27.8,27.87,27.1,27.1,1974547
2010-01-20,27.1,27.41,26.87,26.87,1388781
2010-01-21,26.87,26.91,26.34,26.34,1430621
2010-01-22,25.57,26.22,25.57,25.64,1596374
2010-01-25,25.41,25.45,25.11,25.11,1807185
2010-01-26,25.18,25.34,23.45,23.72,4113238
2010-01-27,23.87,24.53,23.57,23.99,1985812
2010-01-28,24.26,24.8,24.22,24.61,870603
2010-01-29,24.26,25.41,23.87,24.99,1839370
2010-02-01,24.99,24.99,24.03,24.72,1063713
2010-02-02,24.95,24.95,23.87,23.95,1102335
2010-02-03,24.07,24.41,23.72,24.22,785313
2010-02-04,24.61,24.61,24.03,24.07,767611
2010-02-05,23.45,23.68,23.11,23.22,2666524
2010-02-08,23.64,23.64,22.91,23.57,1173142
2010-02-09,23.91,24.34,23.45,24.03,1284180
2010-02-10,24.37,24.53,24.03,24.18,1160268
2010-02-22,24.99,24.99,24.34,24.95,1118427
2010-02-23,25.14,25.14,24.45,24.91,820716
2010-02-24,24.72,25.07,24.72,24.8,1034746
2010-02-25,25.14,25.18,24.8,24.84,1363033
2010-02-26,24.84,25.03,24.84,24.95,434497
2010-03-01,24.95,25.68,24.72,25.57,1412920
2010-03-02,25.95,25.95,25.49,25.49,875431
2010-03-03,25.49,25.84,25.45,25.45,669447
2010-03-04,25.45,25.72,24.64,24.8,910834
2010-03-05,24.99,25.37,24.72,24.99,1258432
2010-03-08,24.84,25.11,24.8,24.99,1681664
2010-03-09,24.87,24.99,24.14,24.37,2553877
2010-03-10,24.72,24.72,24.14,24.18,3041479
2010-03-11,24.3,24.45,24.22,24.26,761174
2010-03-12,24.37,24.57,24.26,24.53,971986
2010-03-15,24.53,24.53,24.22,24.22,980032
2010-03-16,24.22,24.49,24.22,24.3,255870
2010-03-17,24.49,25.53,24.49,25.41,2463759
2010-03-18,25.57,25.57,25.22,25.34,1472462
2010-03-19,25.84,27.1,25.84,26.49,4196919
2010-03-22,26.37,26.6,25.95,26.3,2092022
2010-03-23,26.45,26.68,25.99,25.99,1242339
2010-03-24,26.22,26.22,25.6,25.91,1012217
2010-03-25,25.72,26.37,25.6,26.22,960721
2010-03-26,26.22,26.99,25.91,26.76,2996420
2010-03-29,27.1,27.26,26.37,26.49,2473414
2010-03-30,26.49,26.53,26.07,26.18,1810404
2010-03-31,26.14,26.14,25.91,26.07,1102335
2010-04-01,26.07,26.41,25.95,26.34,2405826
2010-04-02,26.41,26.6,26.3,26.41,1105553
2010-04-06,26.64,26.72,26.45,26.53,1453151
2010-04-07,26.72,27.07,26.64,26.76,1943972
2010-04-08,26.91,27.1,26.45,26.76,1242339
2010-04-09,26.91,26.99,26.53,26.68,918880
2010-04-12,27.07,27.1,26.64,26.95,1483727
2010-04-13,26.95,26.95,26.6,26.68,690367
2010-04-14,26.91,26.99,26.68,26.91,1494991
2010-04-15,27.07,27.22,26.84,26.99,1174751
2010-04-16,26.91,27.1,26.64,26.91,1562580
2010-04-19,26.8,27.53,26.72,26.72,4110020
2010-04-20,27.22,27.22,26.64,26.84,1924661
2010-04-21,27.3,27.33,26.87,27.33,2674570
2010-04-22,27.33,27.72,26.99,27.49,1992249
2010-04-23,27.68,27.72,27.22,27.22,1049229
2010-04-26,27.41,27.72,27.37,27.37,2111333
2010-04-27,27.37,27.99,27.37,27.57,1432231
2010-04-28,27.1,27.37,27.03,27.18,1354987
2010-04-29,27.45,27.49,27.18,27.18,1017045
2010-04-30,27.41,27.72,27.03,27.18,1353377
2010-05-03,26.91,27.18,26.53,26.72,1337285
2010-05-04,26.8,26.99,26.07,26.14,1932707
2010-05-05,25.68,26.22,25.18,25.8,2289960
2010-05-06,25.95,26.3,25.57,25.8,1940753
2010-05-07,25.49,25.95,25.41,25.76,1285789
2010-05-10,25.76,26.03,25.57,25.8,782094
2010-05-11,26.14,26.37,25.87,25.95,1293835
2010-05-12,26.14,26.22,25.87,25.87,560018
2010-05-13,26.1,26.6,26.1,26.45,1129692
2010-05-14,26.45,26.68,26.37,26.49,418404
2010-05-17,26.14,26.26,25.3,25.49,1504647
2010-05-18,25.6,26.22,25.6,25.95,688758
2010-05-19,26.34,26.37,25.84,25.99,1321192
2010-05-20,25.95,26.14,25.68,25.8,833590
2010-05-21,24.87,25.49,24.84,25.49,1224638
2010-05-24,25.49,26.07,25.49,25.64,728989
2010-05-25,25.57,25.76,24.76,24.91,1832933
2010-05-26,24.91,25.3,24.87,24.87,1707412
2010-05-27,24.91,25.22,24.8,24.99,746691
2010-05-28,25.45,25.8,25.34,25.72,1451542
2010-05-31,26.03,26.07,25.68,26.03,627606
2010-06-01,26.03,26.03,25.6,25.64,909225
2010-06-02,25.64,25.76,25.34,25.41,939801
2010-06-03,25.76,26.64,25.76,26.57,1960064
2010-06-04,26.57,26.76,26.37,26.37,1396827
2010-06-07,25.91,25.95,25.6,25.76,1144175
2010-06-08,25.76,26.07,25.76,25.99,1488554
2010-06-09,25.99,26.18,25.8,25.99,1276134
2010-06-10,26.34,26.53,26.14,26.34,970376
2010-06-11,26.6,27.14,26.53,26.76,1485336
2010-06-14,26.84,26.95,26.68,26.72,1282570
2010-06-15,26.8,27.03,26.72,26.72,1813622
2010-06-17,26.91,26.99,26.72,26.87,1567407
2010-06-18,26.91,27.41,26.91,27.1,1709021
2010-06-21,27.37,27.57,27.14,27.33,1836152
2010-06-22,27.3,27.57,27.3,27.45,1647870
2010-06-23,27.49,27.91,27.45,27.8,2845151
2010-06-24,27.83,27.83,27.49,27.8,2911130
2010-06-25,27.64,27.91,27.07,27.8,3192748
2010-06-28,27.68,27.91,27.41,27.49,3025387
2010-06-29,27.69,27.73,27.29,27.29,2468587
2010-06-30,26.47,27.12,26.47,26.92,1330848
2010-07-01,26.84,26.84,26.67,26.72,223685
2010-07-02,26.59,27.04,26.59,26.8,690367
2010-07-05,26.84,27.08,26.67,27.08,873821
2010-07-06,27.08,27.94,27.08,27.94,1364642
2010-07-07,27.98,27.98,27.49,27.9,1097507
2010-07-08,27.94,28.14,27.57,27.65,1432231
2010-07-09,27.9,27.98,27.41,27.45,878649
2010-07-12,27.57,28.02,27.49,27.98,1235902
2010-07-13,27.98,28.06,27.65,27.69,1116818
2010-07-14,27.94,28.06,27.73,28.02,1583500
2010-07-15,27.77,28.02,27.69,27.86,1705803
2010-07-16,27.86,28.34,27.86,28.02,1247167
2010-07-19,27.86,28.3,27.81,28.06,1408092
2010-07-20,28.1,28.3,28.1,28.18,1021872
2010-07-21,28.18,28.83,27.94,28.26,2576406
2010-07-22,28.43,28.43,27.98,27.98,2438011
2010-07-23,28.1,28.34,27.94,28.1,2000295
2010-07-26,28.1,28.26,27.98,28.1,912443
2010-07-27,28.1,28.18,28.02,28.1,672665
2010-07-28,28.1,28.1,27.81,28.1,1182797
2010-07-29,28.26,28.51,28.1,28.47,1363033
2010-07-30,28.38,28.38,27.98,27.98,555190
2010-08-02,28.34,28.59,28.1,28.3,1179579
2010-08-03,28.43,28.75,28.34,28.75,1340503
2010-08-04,28.75,28.75,28.51,28.71,1062103
2010-08-05,28.51,28.79,28.51,28.79,790140
2010-08-06,28.79,29.4,28.71,29.12,1398436
2010-08-09,29.12,29.32,28.79,28.79,666228
2010-08-10,28.87,29.32,28.87,29.08,889914
2010-08-11,28.87,29.24,28.83,29.2,716115
2010-08-12,28.91,29.0,28.59,28.91,922099
2010-08-13,29.12,29.32,28.75,28.91,963939
2010-08-16,29.32,29.32,28.79,29.16,943019
2010-08-17,29.2,29.32,29.04,29.08,635653
2010-08-18,29.24,29.32,28.83,29.28,951065
2010-08-19,28.83,29.4,28.83,29.4,1334066
2010-08-20,29.52,30.46,29.32,29.69,1297054
2010-08-23,29.77,29.81,29.52,29.61,597031
2010-08-24,29.73,30.01,29.44,29.61,730598
2010-08-25,29.61,29.61,28.75,29.28,1284180
2010-08-26,29.24,29.52,29.16,29.36,828762
2010-08-27,29.4,29.48,29.04,29.48,547144
2010-08-30,29.32,29.57,29.32,29.52,632434
2010-08-31,29.32,29.57,29.32,29.57,870603
2010-09-01,29.93,30.14,29.52,29.77,730598
2010-09-02,30.34,30.38,29.89,30.22,1781438
2010-09-03,30.46,30.91,30.26,30.83,1533613
2010-09-06,30.99,31.11,30.87,31.07,1025091
2010-09-07,31.07,31.11,30.75,31.03,888305
2010-09-08,31.03,31.32,30.54,31.07,1406483
2010-09-09,31.15,31.48,31.07,31.15,1221419
2010-09-10,31.36,31.52,30.67,30.95,889914
2010-09-13,31.15,31.76,31.03,31.76,1583500
2010-09-14,31.85,32.21,31.85,32.17,1371079
2010-09-15,32.38,32.78,32.09,32.78,1412920
2010-09-16,32.95,34.62,32.95,34.21,4156688
2010-09-17,34.41,35.02,34.29,34.53,2259384
2010-09-20,34.37,34.98,34.05,34.9,1385562
2010-09-21,34.94,35.06,34.49,34.62,587375
2010-09-23,34.62,34.62,33.8,33.92,844855
2010-09-24,33.39,33.92,32.95,33.35,1577063
2010-09-27,33.8,34.0,33.23,33.88,1322802
2010-09-28,33.88,33.88,33.48,33.8,411967
2010-09-29,34.0,34.13,33.6,33.64,696804
2010-09-30,33.64,33.72,33.03,33.48,634043
2010-10-01,33.43,33.6,33.23,33.6,411967
2010-10-04,33.6,33.8,33.07,33.23,440934
2010-10-05,32.99,33.23,32.21,32.38,984860
2010-10-06,32.38,32.78,32.21,32.38,886695
2010-10-07,32.38,32.38,32.01,32.21,616342
2010-10-08,32.38,32.58,32.21,32.38,495648
2010-10-11,32.38,32.62,32.21,32.54,476337
2010-10-12,32.38,32.62,31.81,32.01,490820
2010-10-13,32.17,32.46,32.09,32.25,318631
2010-10-14,32.38,32.66,32.33,32.38,783703
2010-10-15,32.38,32.62,31.89,31.93,457026
2010-10-18,31.97,32.01,31.36,31.52,603468
2010-10-19,31.03,31.52,30.95,31.4,502085
2010-10-20,31.07,31.64,31.03,31.52,527833
2010-10-21,31.76,32.46,31.44,31.93,590594
2010-10-22,32.38,33.19,32.09,33.11,1205327
2010-10-25,33.27,34.45,33.19,34.37,1895694
2010-10-26,34.37,34.62,34.0,34.57,1110381
2010-10-27,34.57,34.57,34.0,34.41,477946
2010-10-28,34.41,34.41,33.92,34.05,857729
2010-10-29,34.17,34.33,33.84,34.05,709678
2010-11-01,34.09,34.62,34.05,34.41,785313
2010-11-02,34.41,34.62,34.29,34.33,448980
2010-11-03,34.41,34.62,34.09,34.33,817498
2010-11-04,34.25,34.57,34.09,34.41,291273
2010-11-05,34.62,34.62,34.29,34.33,383001
2010-11-08,34.33,34.33,33.23,33.6,505304
2010-11-09,33.6,34.05,33.52,33.76,156097
2010-11-10,33.39,33.96,33.39,33.96,212420
2010-11-11,33.43,34.0,33.43,33.84,292883
2010-11-12,33.72,33.88,33.43,33.84,431278
2010-11-15,33.48,33.8,33.43,33.6,207593
2010-11-16,33.43,33.92,33.11,33.92,659791
2010-11-17,33.8,33.96,33.35,33.6,811061
2010-11-18,33.39,33.52,33.31,33.48,421623
2010-11-19,33.72,33.88,33.23,33.56,785313
2010-11-22,33.56,33.8,33.52,33.64,819107
2010-11-23,33.39,33.48,32.91,33.03,1649479
2010-11-24,32.13,33.52,32.13,32.95,830372
2010-11-25,33.39,33.56,32.99,33.35,476337
2010-11-26,32.99,33.64,32.99,33.6,815888
2010-11-29,33.76,33.76,33.39,33.6,563236
2010-11-30,33.6,33.6,32.46,33.23,1636605
2010-12-01,33.23,33.8,33.23,33.8,551972
2010-12-02,33.92,34.05,33.72,33.88,548753
2010-12-03,33.72,33.88,33.23,33.56,276790
2010-12-06,33.92,34.9,33.6,34.9,2656869
2010-12-07,35.02,35.1,34.37,34.62,1731551
2010-12-08,34.53,34.82,34.41,34.78,1264869
2010-12-09,34.82,34.94,34.09,34.57,1894085
2010-12-10,34.57,34.9,34.21,34.66,1269697
2010-12-13,34.57,34.78,34.21,34.57,526224
2010-12-14,34.62,34.66,34.13,34.25,400702
2010-12-15,34.25,34.45,33.23,33.72,757956
2010-12-16,33.6,33.68,33.23,33.52,1116818
2010-12-17,33.6,33.72,33.31,33.48,485993
2010-12-20,33.23,33.64,33.23,33.6,762783
2010-12-21,33.31,34.49,33.31,34.49,680712
2010-12-22,34.62,34.82,34.33,34.53,933364
2010-12-23,34.37,34.53,34.05,34.09,128739
2010-12-24,34.09,34.25,33.84,33.92,189891
2010-12-27,33.8,34.49,33.76,34.09,384610
2010-12-28,34.25,34.25,33.19,33.84,954284
2010-12-29,33.84,33.84,33.19,33.39,970376
2010-12-30,33.03,33.6,33.03,33.35,823935
2010-12-31,33.72,33.72,32.99,33.6,667838
2011-01-03,33.6,33.88,33.6,33.88,337942
2011-01-04,34.09,34.09,33.8,34.05,305757
2011-01-05,34.05,34.05,33.48,33.56,363690
2011-01-06,33.48,34.0,33.31,33.96,485993
2011-01-07,33.8,33.92,33.23,33.64,508522
2011-01-10,33.64,33.64,33.19,33.56,391047
2011-01-11,33.6,34.0,33.35,34.0,609905
2011-01-12,34.13,34.13,33.88,33.96,268744
2011-01-13,33.88,33.92,33.43,33.64,246215
2011-01-14,33.64,33.72,33.52,33.64,234950
2011-01-17,33.8,33.8,33.23,33.35,605077
2011-01-18,33.19,33.68,33.19,33.68,988078
2011-01-19,33.8,34.49,33.64,34.45,917271
2011-01-20,34.45,34.94,34.29,34.78,1424184
2011-01-21,34.57,34.78,34.21,34.62,740254
2011-01-24,34.62,34.62,33.92,34.05,506913
2011-01-25,34.49,34.53,34.05,34.33,642090
2011-01-26,34.53,34.94,34.33,34.82,1342113
2011-01-27,35.02,35.84,35.02,35.39,1947190
2011-01-28,35.43,36.65,35.39,36.53,2767907
2011-02-08,36.86,37.06,35.27,35.27,1457979
2011-02-09,35.23,35.59,34.41,34.7,1881211
2011-02-10,34.62,34.78,33.8,33.8,1008998
2011-02-11,33.8,34.13,33.39,33.39,1396827
2011-02-14,33.43,33.6,33.15,33.23,1929488
2011-02-15,32.99,33.39,32.66,33.23,1631777
2011-02-16,33.03,33.64,33.03,33.35,868994
2011-02-17,33.39,33.39,32.99,32.99,830372
2011-02-18,33.56,33.88,33.39,33.8,395875
2011-02-21,33.8,33.92,33.48,33.52,452198
2011-02-22,33.48,33.48,32.66,32.78,2009951
2011-02-23,32.62,32.95,32.62,32.7,1274524
2011-02-24,32.7,33.88,32.7,33.48,687149
2011-02-25,33.56,33.84,33.23,33.31,986469
2011-03-01,33.64,33.84,33.39,33.64,563236
2011-03-02,33.48,33.52,33.03,33.07,1000952
2011-03-03,33.39,33.8,33.31,33.72,474728
2011-03-04,34.21,34.74,33.8,33.96,862557
2011-03-07,33.96,34.37,33.84,34.0,448980
2011-03-08,34.09,34.33,34.0,34.29,571283
2011-03-09,34.74,35.02,34.13,34.41,1297054
2011-03-10,34.41,34.41,34.0,34.21,897960
2011-03-11,34.17,34.41,33.52,34.0,461854
2011-03-14,33.84,34.0,32.82,33.43,1295444
2011-03-15,33.48,33.48,31.97,32.7,1107162
2011-03-16,32.99,33.39,32.86,33.07,674275
2011-03-17,32.82,33.23,32.82,33.19,540707
2011-03-18,33.52,33.8,33.19,33.48,759565
2011-03-21,33.56,33.56,33.11,33.23,460245
2011-03-22,33.6,33.84,33.39,33.6,730598
2011-03-23,33.43,33.96,33.31,33.92,445761
2011-03-24,34.05,34.29,33.96,34.25,632434
2011-03-25,34.62,34.98,34.41,34.86,1118427
2011-03-28,34.94,35.06,34.53,34.94,1137738
2011-03-29,34.82,35.02,34.82,35.02,437715
2011-03-30,35.23,36.45,35.23,36.45,2169266
2011-03-31,36.61,37.51,36.61,37.06,2463759
2011-04-01,37.06,37.06,36.16,36.29,1189234
2011-04-06,36.45,37.79,36.45,37.06,2120989
2011-04-07,37.06,37.87,36.69,36.69,2141909
2011-04-08,36.69,37.1,36.33,36.33,1599592
2011-04-11,36.86,37.3,36.69,36.94,1609248
2011-04-12,36.94,36.98,36.04,36.53,1400046
2011-04-13,36.65,37.38,36.65,37.26,2222372
2011-04-14,37.26,37.67,37.22,37.63,2087195
2011-04-15,37.87,38.28,37.63,37.67,2597326
2011-04-18,37.67,38.08,37.55,37.79,1353377
2011-04-19,37.67,37.67,37.1,37.55,1528786
2011-04-20,37.55,38.28,37.55,38.28,1173142
2011-04-21,38.28,40.11,38.28,39.58,2825840
2011-04-22,39.58,39.58,38.89,38.89,1110381
2011-04-25,38.93,39.87,38.93,39.42,1195671
2011-04-26,39.42,39.91,38.93,38.93,1147394
2011-04-27,39.26,39.91,39.18,39.3,1216591
2011-04-28,39.58,40.15,39.34,39.34,1530395
2011-04-29,39.1,39.34,38.57,38.61,1644651
2011-05-03,38.61,38.69,37.47,38.0,2681007
2011-05-04,38.0,38.69,37.95,38.04,2946533
2011-05-05,38.08,39.01,38.08,38.48,1346940
2011-05-06,38.48,39.05,38.28,38.97,638871
2011-05-09,38.89,39.91,38.81,38.85,1383953
2011-05-10,38.69,39.01,38.36,39.01,597031
2011-05-11,39.3,39.5,38.73,39.42,848073
2011-05-12,39.22,39.58,39.18,39.34,300929
2011-05-13,39.34,39.5,38.89,38.93,540707
2011-05-16,38.69,38.89,37.87,37.91,1213373
2011-05-17,38.12,38.28,37.91,37.91,1081414
2011-05-18,38.2,39.1,38.12,38.77,893132
2011-05-19,38.77,38.89,38.61,38.61,804624
2011-05-20,38.69,39.3,38.28,39.1,1150612
2011-05-23,38.16,38.48,37.79,38.16,1028309
2011-05-24,38.08,38.32,37.83,38.28,479556
2011-05-25,38.2,38.52,37.43,38.52,1287398
2011-05-26,38.69,39.05,38.4,38.81,498867
2011-05-27,38.81,38.93,38.48,38.48,1503038
2011-05-30,38.48,38.48,37.71,37.87,1886039
2011-05-31,37.87,38.0,37.51,37.55,3187921
2011-06-01,38.2,38.61,38.12,38.4,1472462
2011-06-02,38.4,39.34,38.4,39.18,1297054
2011-06-03,39.18,39.62,38.69,39.62,757956
2011-06-07,39.62,40.19,39.18,40.15,999343
2011-06-08,40.15,40.15,39.71,39.75,550362
2011-06-09,39.5,39.91,39.5,39.67,677493
2011-06-10,39.91,40.11,38.93,39.3,1139347
2011-06-13,38.73,39.46,38.69,38.93,519787
2011-06-14,38.77,39.14,38.69,38.85,738645
2011-06-15,38.73,40.19,38.28,40.07,2174094
2011-06-16,39.71,39.79,38.77,38.77,1073368
2011-06-17,39.18,39.3,38.36,39.1,877040
2011-06-20,39.1,39.62,38.81,39.1,749909
2011-06-21,39.3,39.3,38.65,39.05,803014
2011-06-22,39.22,39.38,38.61,38.89,537488
2011-06-23,38.73,39.1,38.65,38.81,387828
2011-06-24,39.05,39.91,38.69,39.71,730598
2011-06-27,38.85,39.42,38.73,39.42,603468
2011-06-28,39.42,39.67,39.14,39.18,590594
2011-06-29,39.3,39.83,39.14,39.58,1466025
2011-06-30,39.5,40.07,39.34,39.75,1205327
2011-07-01,39.87,40.52,39.87,40.44,1073368
2011-07-04,40.52,40.6,40.03,40.03,1507865
2011-07-05,40.11,40.93,39.99,40.72,1672009
2011-07-06,40.93,41.54,39.99,40.56,2903084
2011-07-07,40.48,40.72,40.4,40.72,1758908
2011-07-08,40.72,41.54,40.64,40.72,4649118
2011-07-11,40.9,42.15,40.76,42.15,3508161
2011-07-12,42.01,42.29,41.55,42.29,1574137
2011-07-13,42.38,43.26,41.92,42.89,1243510
2011-07-14,43.08,43.31,42.48,42.52,1641433
2011-07-15,42.61,43.87,42.61,43.82,930438
2011-07-18,43.45,43.87,42.48,42.48,1218639
2011-07-19,42.34,42.89,41.69,42.06,1129399
2011-07-20,42.24,42.66,42.24,42.52,1373712
2011-07-21,42.29,42.8,42.29,42.57,1373712
2011-07-22,43.17,43.26,42.57,42.94,1622415
2011-07-25,42.94,42.94,41.92,42.43,593958
2011-07-26,42.24,42.94,42.24,42.94,614440
2011-07-27,43.36,45.49,43.08,44.33,2389002
2011-07-28,44.47,45.72,44.33,45.72,2013023
2011-07-29,45.86,46.19,45.08,45.26,1007974
2011-08-01,45.17,46.37,45.17,46.24,1076733
2011-08-02,45.96,46.24,45.03,45.08,882160
2011-08-03,44.56,44.56,43.5,43.59,1648748
2011-08-04,43.64,43.82,42.99,43.68,1533174
2011-08-05,40.71,43.13,40.67,41.78,1872579
2011-08-08,41.59,41.59,38.85,38.99,3565216
2011-08-09,37.37,38.99,36.9,38.39,3743697
2011-08-10,40.85,40.85,39.41,40.57,4116750
2011-08-11,40.29,40.85,39.23,40.48,1931098
2011-08-12,41.45,41.45,40.2,40.53,2040819
2011-08-15,41.08,43.17,41.08,42.71,1135251
2011-08-16,42.71,42.85,41.36,42.48,958234
2011-08-17,42.71,43.13,41.87,42.1,902642
2011-08-18,42.1,42.2,41.18,41.22,2498723
2011-08-19,40.85,40.85,39.88,40.34,1950116
2011-08-22,40.39,40.43,38.16,38.81,2721092
2011-08-23,38.81,40.29,38.34,39.83,1615100
2011-08-24,40.15,40.15,37.69,37.74,3145349
2011-08-25,38.07,38.16,36.35,36.44,3810992
2011-08-26,36.44,37.69,36.44,37.37,2067152
2011-08-29,36.86,38.2,36.77,37.79,1830154
2011-08-30,37.83,38.81,37.51,38.72,1673618
2011-08-31,38.76,38.76,38.11,38.76,596884
2011-09-01,38.85,39.92,38.3,39.23,3329681
2011-09-02,39.23,39.64,38.81,39.46,757809
2011-09-05,38.3,38.34,36.95,37.0,2508964
2011-09-06,37.0,37.65,36.72,37.09,1645822
2011-09-07,38.07,38.16,37.6,38.16,772439
2011-09-08,39.09,39.18,37.93,38.39,811938
2011-09-09,38.72,38.72,37.74,38.25,807550
2011-09-13,37.37,37.83,37.04,37.09,1204010
2011-09-14,37.18,37.28,36.67,36.67,2570408
2011-09-15,37.6,37.79,37.14,37.74,860216
2011-09-16,38.02,38.95,38.02,38.72,1372250
2011-09-19,38.11,38.53,38.07,38.3,358423
2011-09-20,37.83,38.62,37.83,38.3,1013826
2011-09-21,38.53,40.06,38.07,39.55,1392731
2011-09-22,38.95,38.95,37.97,38.02,1328361
2011-09-23,36.49,37.51,36.49,36.67,1907690
2011-09-26,35.84,35.88,35.84,35.88,3029775
2011-09-27,36.07,37.14,36.07,37.04,833883
2011-09-28,37.69,38.16,37.42,37.69,1072344
2011-09-29,37.37,37.88,37.18,37.6,806087
2011-09-30,37.6,37.83,37.42,37.79,868994
2011-10-03,37.55,37.55,36.49,36.72,683199
2011-10-04,37.04,37.74,36.44,37.74,504718
2011-10-05,38.07,38.25,37.42,37.88,953845
2011-10-06,38.3,38.44,37.09,37.28,1694099
2011-10-07,37.65,37.83,37.65,37.83,3775881
2011-10-11,38.58,38.81,37.93,38.44,2089097
2011-10-12,38.25,38.44,37.88,38.07,631995
2011-10-13,38.2,38.34,37.28,37.69,1890135
2011-10-14,37.83,37.83,37.32,37.79,825105
2011-10-17,38.02,38.2,37.42,37.79,945067
2011-10-18,37.18,37.6,36.49,36.86,921660
2011-10-19,37.0,37.18,36.77,36.95,465219
2011-10-20,37.37,37.37,36.77,36.77,503255
2011-10-21,36.86,37.04,36.67,36.67,329164
2011-10-24,37.51,38.11,37.51,37.74,792920
2011-10-25,38.02,38.02,37.65,37.93,535440
2011-10-26,37.74,37.88,37.42,37.88,386219
2011-10-27,37.88,37.97,37.6,37.69,223831
2011-10-28,38.25,38.34,37.65,37.97,1404434
2011-10-31,37.97,38.34,37.88,38.25,471070
2011-11-01,38.25,38.9,37.97,38.44,883623
2011-11-02,38.25,38.3,37.69,38.16,566162
2011-11-03,38.16,38.16,37.37,37.65,753420
2011-11-04,38.07,38.07,37.69,37.69,931901
2011-11-07,37.6,38.3,37.55,38.3,785605
2011-11-08,38.25,38.72,38.16,38.34,766587
2011-11-09,38.53,38.76,38.44,38.44,604199
2011-11-10,38.3,38.3,37.14,37.46,579329
2011-11-11,37.74,38.3,37.23,38.2,422793
2011-11-14,38.99,38.99,38.3,38.34,422793
2011-11-15,38.95,38.95,38.11,38.34,358423
2011-11-16,38.16,38.34,37.37,38.07,1028456
2011-11-17,37.42,37.97,37.37,37.69,346719
2011-11-18,37.14,37.6,37.14,37.28,710995
2011-11-21,37.04,37.42,36.58,37.09,991882
2011-11-22,37.6,37.6,36.67,37.0,651014
2011-11-23,37.14,37.14,36.21,36.49,959697
2011-11-24,36.49,37.32,36.49,37.0,1069418
2011-11-25,37.14,37.88,36.77,37.23,741717
2011-11-28,37.23,38.07,37.23,37.6,871920
2011-11-29,37.69,38.53,37.37,38.34,1151344
2011-11-30,38.53,38.53,37.65,38.3,1028456
2011-12-01,38.81,40.29,38.62,40.02,2169559
2011-12-02,39.92,40.34,39.41,39.92,1395657
2011-12-05,39.78,39.92,39.09,39.92,276498
2011-12-06,39.92,40.15,39.41,39.88,484237
2011-12-07,39.88,40.15,39.55,39.6,1098677
2011-12-08,39.69,39.69,38.07,39.04,760735
2011-12-09,38.62,38.62,37.46,37.65,950919
2011-12-12,37.93,38.39,37.93,38.3,365738
2011-12-13,37.69,38.39,37.69,38.3,235535
2011-12-14,38.25,38.99,38.07,38.99,457904
2011-12-15,38.16,38.16,37.28,37.28,908493
2011-12-16,37.6,37.83,37.28,37.65,393534
2011-12-19,37.74,37.74,37.14,37.42,680273
2011-12-20,37.42,37.79,37.0,37.23,449126
2011-12-21,38.2,38.44,37.55,38.2,1230343
2011-12-22,37.55,38.07,36.95,37.14,1028456
2011-12-23,37.14,38.39,37.14,38.07,1833080
2011-12-26,38.76,38.76,37.69,37.97,449126
2011-12-27,38.48,38.48,37.6,38.11,1152807
2011-12-28,38.3,38.76,37.97,38.3,1263991
2011-12-29,38.3,38.72,37.6,38.53,981641
2011-12-30,38.53,38.95,38.39,38.9,845586
2012-01-02,38.9,38.9,38.9,38.9,0
2012-01-03,38.9,38.9,38.9,38.9,0
2012-01-04,38.9,38.9,38.9,38.9,0
2012-01-05,38.9,38.9,38.9,38.9,0
2012-01-06,38.99,38.99,38.34,38.62,457904
2012-01-09,38.62,38.99,38.3,38.67,664180
2012-01-10,38.72,39.64,38.67,39.41,1063566
2012-01-11,39.69,39.74,39.5,39.64,732939
2012-01-12,39.83,39.83,39.23,39.64,427182
2012-01-13,39.69,40.02,39.6,39.69,911419
2012-01-16,39.88,39.92,39.09,39.46,400849
2012-01-17,39.69,40.02,39.37,39.92,749031
2012-01-18,39.92,39.92,38.9,39.83,877771
2012-01-30,40.39,42.01,40.02,41.92,2210522
2012-01-31,41.78,41.78,40.85,41.59,1878431
2012-02-01,41.78,41.96,41.45,41.96,1029918
2012-02-02,42.24,42.24,41.45,41.78,811938
2012-02-03,41.78,41.87,41.41,41.41,810476
2012-02-06,41.41,42.01,41.13,41.78,1214251
2012-02-07,41.69,42.75,41.69,42.52,1616563
2012-02-08,42.52,42.75,42.29,42.66,1073807
2012-02-09,42.66,42.71,42.24,42.71,789994
2012-02-10,43.17,43.4,42.71,43.4,1389805
2012-02-13,43.4,43.64,43.4,43.45,964086
2012-02-14,43.13,43.13,42.24,42.52,656865
2012-02-15,42.57,42.99,42.57,42.89,880697
2012-02-16,43.08,43.17,42.61,42.89,557385
2012-02-17,43.17,44.1,42.61,42.71,1310805
2012-02-20,43.36,43.4,42.71,42.75,539829
2012-02-21,43.17,43.82,43.13,43.82,927512
2012-02-22,43.17,44.1,43.17,44.01,813401
2012-02-23,43.87,43.87,42.71,42.71,1170362
2012-02-24,43.4,43.68,42.8,43.68,532514
2012-02-29,44.05,45.96,43.87,45.96,2767907
2012-03-01,45.82,46.19,45.72,45.96,1350305
2012-03-02,46.05,46.14,45.26,45.77,1078196
2012-03-05,45.17,45.72,45.12,45.68,987493
2012-03-06,45.77,45.82,43.64,44.29,1499526
2012-03-07,44.1,44.8,43.64,44.1,1555119
2012-03-08,43.82,44.52,43.73,44.47,1149881
2012-03-09,44.47,44.47,43.68,44.24,1154270
2012-03-12,44.05,44.05,43.36,43.36,1018215
2012-03-13,44.1,44.1,43.17,43.64,1637044
2012-03-14,43.96,45.21,43.96,44.84,1461490
2012-03-15,45.26,45.26,44.33,44.56,728550
2012-03-16,44.84,45.12,44.52,44.56,904105
2012-03-19,45.12,45.49,44.61,44.94,860216
2012-03-20,45.35,45.4,44.98,45.08,1022604
2012-03-21,45.08,45.72,45.08,45.21,1022604
2012-03-22,45.21,45.72,45.21,45.59,981641
2012-03-23,45.63,45.96,45.4,45.96,708069
2012-03-26,45.96,45.96,45.17,45.59,844123
2012-03-27,45.91,46.65,45.59,46.19,1676544
2012-03-28,46.42,47.81,46.14,46.65,1615100
2012-03-29,46.65,46.65,45.08,45.96,1539026
2012-03-30,46.42,47.58,46.24,47.58,2014486
2012-04-02,47.35,47.35,45.82,46.24,830957
2012-04-03,46.89,46.89,44.84,45.26,1063566
2012-04-05,44.1,45.49,44.1,44.47,1190843
2012-04-06,44.61,44.98,44.24,44.75,813401
2012-04-09,43.78,44.8,43.64,44.8,488626
2012-04-10,45.59,46.1,45.26,46.0,1692636
2012-04-11,45.77,46.0,45.12,45.96,832420
2012-04-12,45.45,45.59,44.8,45.49,1239121
2012-04-13,45.72,46.65,45.63,46.19,1214251
2012-04-16,46.19,46.65,45.77,46.65,1174751
2012-04-17,46.42,46.65,45.49,45.72,871920
2012-04-18,46.19,46.28,45.59,45.82,501792
2012-04-19,46.33,47.12,45.91,46.89,1446860
2012-04-20,47.12,48.97,46.89,48.28,2298299
2012-04-23,48.51,49.21,46.19,46.24,1010900
2012-04-24,46.0,46.89,45.91,46.19,541292
2012-04-25,47.12,47.81,46.28,47.12,1202547
2012-04-26,47.35,47.58,46.42,47.12,383293
2012-04-27,47.81,47.81,46.24,46.65,721235
2012-04-30,45.96,46.37,45.45,46.05,895327
2012-05-02,46.65,48.97,46.42,48.51,1913542
2012-05-03,48.51,48.51,46.65,47.35,1255213
2012-05-04,47.35,48.28,46.89,48.05,791457
2012-05-07,46.89,47.35,46.33,46.89,899716
2012-05-08,47.12,47.12,46.19,46.42,264794
2012-05-09,46.24,46.37,45.77,45.82,706606
2012-05-10,45.82,46.19,45.49,45.54,503255
2012-05-11,45.63,46.28,44.7,45.68,1182066
2012-05-14,46.0,46.0,44.8,45.03,441811
2012-05-15,44.8,45.91,44.43,45.72,649551
2012-05-16,45.96,46.1,45.49,45.82,1105992
2012-05-17,46.28,47.58,45.91,47.58,1480508
2012-05-18,46.42,46.65,45.96,46.19,779754
2012-05-21,46.89,47.35,45.96,46.14,430108
2012-05-22,47.12,47.12,46.37,46.65,577866
2012-05-23,46.65,46.89,46.19,46.89,1408823
2012-05-24,46.65,46.89,46.37,46.65,751957
2012-05-25,46.37,46.65,46.33,46.42,693439
2012-05-28,46.37,46.42,45.54,46.28,409626
2012-05-29,46.65,46.65,46.05,46.65,732939
2012-05-30,46.65,47.12,45.72,46.65,1790654
2012-05-31,46.37,47.35,45.96,47.35,1332750
2012-06-01,46.42,46.65,46.05,46.42,835346
2012-06-04,45.63,46.65,45.63,46.28,668569
2012-06-05,46.65,46.89,46.05,46.24,386219
2012-06-06,46.42,46.65,46.05,46.05,1025530
2012-06-07,46.42,46.89,46.33,46.89,1142566
2012-06-08,46.05,46.42,45.86,46.37,662717
2012-06-11,46.42,46.65,46.24,46.33,684662
2012-06-12,45.96,46.42,45.86,46.42,583718
2012-06-13,46.0,46.37,45.77,46.14,608588
2012-06-14,46.14,46.24,45.26,45.26,901179
2012-06-15,46.05,46.05,44.1,44.1,2604056
2012-06-18,45.49,46.65,45.49,46.42,1500989
2012-06-19,46.28,46.42,45.77,46.24,1067955
2012-06-20,46.42,46.42,45.72,46.42,975789
2012-06-21,46.33,46.33,45.91,46.19,465219
2012-06-22,45.72,46.14,45.26,45.26,716847
2012-06-25,45.26,45.26,44.61,44.98,787068
2012-06-26,45.26,45.96,45.12,45.91,686125
2012-06-27,46.42,46.42,45.49,45.82,375978
2012-06-28,45.49,45.96,45.26,45.26,526663
2012-06-29,45.03,45.96,45.03,45.77,542755
2012-07-02,45.77,46.14,45.45,45.96,257479
2012-07-03,45.96,46.65,45.96,46.42,626143
2012-07-04,46.89,47.35,46.19,47.12,825105
2012-07-05,47.12,47.81,47.12,47.58,507644
2012-07-06,47.35,48.05,46.89,47.81,1035770
2012-07-09,48.05,48.28,47.58,48.28,730013
2012-07-10,48.28,48.51,46.89,47.58,1256676
2012-07-11,47.35,47.81,47.12,47.58,354034
2012-07-12,48.05,48.05,46.89,47.58,449126
2012-07-13,47.81,49.67,47.12,49.67,1682396
2012-07-16,49.67,50.13,49.67,49.9,2424113
2012-07-17,49.9,50.13,49.21,49.44,1471730
2012-07-18,49.67,49.67,48.74,49.21,950919
2012-07-19,49.43,50.16,49.19,50.16,1056252
2012-07-20,50.65,50.89,49.68,50.65,557385
2012-07-23,50.65,50.89,49.68,50.89,1073807
2012-07-24,50.41,50.89,49.92,50.65,359886
2012-07-25,50.65,51.62,50.16,50.89,915808
2012-07-26,50.89,51.38,50.65,50.89,453515
2012-07-27,51.38,51.62,50.65,51.14,627606
2012-07-30,51.38,51.62,50.89,51.62,709532
2012-07-31,51.38,51.87,50.89,51.87,684662
2012-08-01,51.38,52.11,50.89,51.87,1015289
2012-08-02,51.87,51.87,51.87,51.87,0
2012-08-03,51.38,52.35,51.38,52.35,1291787
2012-08-06,52.35,53.33,51.38,51.87,743180
2012-08-07,51.87,51.87,51.14,51.62,473996
2012-08-08,51.62,52.6,51.38,52.11,914345
2012-08-09,51.87,52.35,51.38,51.87,947993
2012-08-10,51.14,51.87,50.65,51.14,1135251
2012-08-13,51.14,51.14,49.92,50.65,525200
2012-08-14,50.65,51.87,50.41,51.14,686125
2012-08-15,50.89,51.14,50.41,50.89,466682
2012-08-16,51.38,51.62,50.65,50.65,671495
2012-08-17,51.14,51.62,50.89,51.14,1002122
2012-08-20,51.14,51.87,50.89,50.89,422793
2012-08-21,50.89,51.87,50.89,51.14,697828
2012-08-22,51.14,51.62,50.41,50.89,665643
2012-08-23,51.14,51.38,50.65,51.14,241387
2012-08-24,51.14,51.14,50.65,50.89,131665
2012-08-27,50.89,51.14,49.68,50.16,478385
2012-08-28,50.16,50.89,49.68,49.92,1141103
2012-08-29,50.16,50.89,49.68,49.92,888012
2012-08-30,50.16,50.65,49.92,50.16,1164510
2012-08-31,50.65,50.65,49.92,50.65,890938
2012-09-03,50.65,50.65,50.16,50.41,566162
2012-09-04,50.41,50.41,49.92,49.92,725624
2012-09-05,49.68,49.68,48.56,48.7,1035770
2012-09-06,48.95,49.19,48.46,48.95,792920
2012-09-07,49.92,50.16,49.43,50.16,516422
2012-09-10,50.65,51.14,50.16,50.65,545681
2012-09-11,50.89,52.84,50.65,52.6,1808210
2012-09-12,52.84,53.09,52.11,52.6,580792
2012-09-13,52.6,52.84,52.11,52.6,623218
2012-09-14,52.84,53.09,51.38,51.62,823642
2012-09-17,51.62,51.87,51.14,51.38,276498
2012-09-18,50.89,51.62,50.65,51.62,645162
2012-09-19,51.62,51.62,50.89,51.14,870457
2012-09-20,50.65,51.14,50.65,50.89,471070
2012-09-21,51.87,51.87,50.89,51.38,1006511
2012-09-24,51.62,51.62,50.89,51.14,367201
2012-09-25,51.38,52.11,51.38,51.87,912882
2012-09-26,51.87,52.35,51.38,51.62,1069418
2012-09-27,51.87,52.11,51.38,51.38,554459
2012-09-28,51.38,52.11,51.38,52.11,1465879
2012-10-01,52.11,52.35,51.38,51.62,364275
2012-10-02,52.11,52.11,51.38,51.62,1568285
2012-10-03,51.87,52.35,51.62,52.35,435960
2012-10-04,52.35,53.33,52.11,53.33,716847
2012-10-05,53.57,54.06,52.6,52.84,630532
2012-10-08,52.6,53.33,51.87,53.33,286738
2012-10-09,53.33,54.3,52.6,54.3,950919
2012-10-11,53.82,54.55,53.09,54.55,785605
2012-10-12,54.55,54.55,53.09,54.06,674421
2012-10-15,53.09,55.03,52.84,54.55,433034
2012-10-16,53.82,58.2,53.82,56.98,1638507
2012-10-17,56.49,56.49,53.82,54.06,1114770
2012-10-18,54.06,54.55,52.6,53.57,664180
2012-10-19,53.57,54.06,53.09,54.06,299905
2012-10-22,53.09,54.06,52.84,53.82,156535
2012-10-23,53.82,54.3,52.35,52.6,408163
2012-10-24,52.11,52.11,49.68,49.68,1560970
2012-10-25,50.16,51.62,50.16,51.62,905567
2012-10-26,51.62,51.87,50.65,51.38,528126
2012-10-29,50.16,50.89,49.92,49.92,223831
2012-10-30,49.92,50.65,48.65,50.16,643699
2012-10-31,49.68,49.92,48.7,49.19,766587
2012-11-01,49.19,52.35,48.7,51.87,1657525
2012-11-02,52.35,53.33,51.14,53.09,899716
2012-11-05,52.35,52.84,51.62,52.84,349645
2012-11-06,53.09,53.09,52.11,52.84,172628
2012-11-07,53.09,53.09,52.35,52.84,380367
2012-11-08,52.6,53.09,51.62,53.09,779754
2012-11-09,53.09,54.79,52.11,53.57,633458
2012-11-12,54.55,54.79,54.3,54.55,384756
2012-11-13,54.06,54.55,52.35,54.06,918734
2012-11-14,53.57,53.57,52.6,52.84,598347
2012-11-15,52.6,53.09,51.38,53.09,770976
2012-11-16,53.09,53.09,51.87,52.11,346719
2012-11-19,51.87,53.09,51.87,53.09,324775
2012-11-20,52.6,52.6,51.62,51.62,228220
2012-11-21,51.62,53.09,51.62,52.84,975789
2012-11-22,52.84,53.09,51.87,52.11,333553
2012-11-23,52.6,53.09,52.11,53.09,441811
2012-11-26,52.6,53.33,52.6,53.09,563236
2012-11-27,52.6,53.33,52.6,53.09,409626
2012-11-28,52.6,52.84,51.62,52.11,678810
2012-11-29,52.6,53.09,52.35,53.09,898253
2012-11-30,53.09,53.33,51.62,52.84,1512693
2012-12-03,52.84,53.33,52.35,53.09,811938
2012-12-04,52.35,53.09,52.35,53.09,447663
2012-12-05,53.09,53.57,52.6,53.57,509107
2012-12-06,53.57,54.3,53.33,54.06,608588
2012-12-07,54.06,54.55,53.33,53.57,604199
2012-12-10,53.57,54.55,53.33,53.82,680273
2012-12-11,53.82,55.28,53.82,55.03,972863
2012-12-12,55.76,58.2,55.76,56.49,1342990
2012-12-13,56.25,56.25,55.52,55.76,895327
2012-12-14,55.76,56.25,55.28,56.01,886549
2012-12-17,56.49,56.49,55.28,56.49,835346
2012-12-18,55.76,56.49,55.52,56.49,560311
2012-12-19,57.22,57.22,56.25,56.98,713921
2012-12-20,56.98,56.98,55.28,56.01,747569
2012-12-21,56.01,56.25,53.57,53.57,708069
2012-12-24,54.79,56.01,54.55,56.01,301368
2012-12-25,56.01,56.74,55.52,56.49,257479
2012-12-26,56.25,56.98,55.76,56.98,550070
2012-12-27,56.74,57.47,56.25,57.47,794383
2012-12-28,57.47,59.66,56.98,59.66,2021801
2013-01-02,59.42,59.9,58.93,59.9,564699
2013-01-03,59.42,59.66,57.96,58.44,1489286
2013-01-04,59.17,59.42,57.96,59.42,902642
2013-01-07,59.42,59.9,58.69,58.93,539829
2013-01-08,58.69,59.17,58.2,59.17,223831
2013-01-09,59.42,59.42,57.71,58.69,883623
2013-01-10,59.17,59.66,58.69,59.42,792920
2013-01-11,59.42,59.42,58.2,58.93,623218
2013-01-14,58.44,59.17,57.71,58.93,239924
2013-01-15,58.69,58.93,58.2,58.93,634921
2013-01-16,58.93,58.93,57.96,58.44,466682
2013-01-17,58.93,59.17,57.96,58.69,394997
2013-01-18,58.93,58.93,57.71,58.2,1601933
2013-01-21,57.71,58.93,57.71,58.2,260405
2013-01-22,58.2,58.69,57.96,58.69,1604859
2013-01-23,58.44,58.93,58.44,58.69,498867
2013-01-24,58.69,58.69,57.96,58.44,342331
2013-01-25,57.96,58.2,57.22,57.71,845586
2013-01-28,57.96,58.2,57.47,58.2,318923
2013-01-29,58.44,59.17,57.96,59.17,870457
2013-01-30,59.17,60.39,58.93,59.9,1025530
2013-01-31,60.15,60.15,59.17,60.15,686125
2013-02-01,59.66,60.63,59.66,60.63,697828
2013-02-04,60.88,63.07,60.88,62.83,1145492
2013-02-05,62.58,64.29,62.58,63.8,2876165
2013-02-06,63.8,64.53,62.83,63.56,1419064
2013-02-18,64.29,67.94,63.07,67.45,1917931
2013-02-19,65.99,67.21,64.29,64.77,1154270
2013-02-20,65.02,65.5,63.8,64.29,939215
2013-02-21,64.53,65.5,64.29,65.26,912882
2013-02-22,65.02,65.26,64.29,64.77,791457
2013-02-25,63.56,64.29,62.83,63.56,882160
2013-02-26,63.31,64.53,62.83,64.53,1044548
2013-02-27,64.29,64.29,63.31,64.29,1142566
2013-03-01,63.56,64.29,59.9,61.36,3759789
2013-03-04,61.12,61.61,59.9,60.88,2451909
2013-03-05,61.61,62.58,60.39,62.58,890938
2013-03-06,63.07,63.56,62.34,63.31,1038696
2013-03-07,63.31,64.04,63.31,64.04,967012
2013-03-08,63.8,64.29,63.07,63.56,888012
2013-03-11,63.8,64.04,62.58,62.58,888012
2013-03-12,62.34,63.31,60.39,61.36,1297639
2013-03-13,60.63,62.58,60.63,62.58,645162
2013-03-14,60.63,62.1,60.63,61.12,1095751
2013-03-15,61.61,63.56,61.36,62.1,2168096
2013-03-18,60.63,61.61,60.39,60.39,595421
2013-03-19,60.63,61.61,60.15,61.36,1653137
2013-03-20,60.63,60.63,58.44,58.69,1183529
2013-03-21,58.93,60.15,58.93,59.42,1688247
2013-03-22,58.69,61.36,58.69,60.63,1335676
2013-03-25,60.63,62.34,60.63,61.85,722698
2013-03-26,62.34,63.07,61.85,62.58,1082585
2013-03-27,62.34,62.58,61.12,62.58,817790
2013-03-28,62.83,63.07,61.61,63.07,615903
2013-03-29,63.07,63.07,59.66,59.66,1708729
2013-04-01,61.12,62.34,60.63,62.34,558848
2013-04-02,61.36,62.58,61.36,62.34,416941
2013-04-03,61.85,62.34,61.85,62.34,551533
2013-04-08,61.36,61.85,59.9,59.9,734402
2013-04-09,60.39,62.34,59.9,61.85,1051863
2013-04-10,61.61,62.34,60.88,62.1,690513
2013-04-11,62.34,64.53,61.36,64.53,1129399
2013-04-12,64.53,64.53,62.58,62.83,349645
2013-04-15,62.58,63.8,62.58,63.31,245776
2013-04-16,62.58,63.8,62.1,63.31,433034
2013-04-17,63.31,63.56,61.85,63.07,1051863
2013-04-18,62.34,62.34,61.36,61.36,727087
2013-04-19,61.85,62.58,60.88,61.61,762198
2013-04-22,61.61,62.83,61.61,62.34,359886
2013-04-23,63.07,65.75,62.83,65.5,1641433
2013-04-24,65.75,67.21,65.5,67.21,1657525
2013-04-25,66.72,67.45,65.26,65.75,1146955
2013-04-26,65.75,68.18,65.75,67.94,1019678
2013-04-29,68.18,68.67,66.72,66.97,506181
2013-04-30,66.97,68.67,66.97,68.67,987493
2013-05-02,67.45,69.4,67.45,69.4,1381027
2013-05-03,68.91,69.4,67.7,67.94,907030
2013-05-06,68.43,68.67,67.7,68.18,490089
2013-05-07,68.18,68.18,67.21,67.21,564699
2013-05-08,67.21,68.18,65.75,66.97,1127936
2013-05-09,67.21,67.94,66.97,67.45,473996
2013-05-10,67.45,68.43,67.45,68.18,513496
2013-05-13,68.18,68.67,67.45,67.94,283812
2013-05-14,67.21,68.67,67.21,68.67,715384
2013-05-15,68.67,72.81,68.67,71.59,2029115
2013-05-16,71.1,74.03,70.62,73.78,1893061
2013-05-17,72.57,73.05,71.59,72.32,649551
2013-05-20,72.57,74.51,72.57,74.27,386219
2013-05-21,74.27,75.49,74.27,75.49,670032
2013-05-22,76.46,76.46,74.51,75.49,1249361
2013-05-23,75.49,75.49,73.78,74.03,1961820
2013-05-24,73.78,73.78,71.59,72.32,1065029
2013-05-27,73.05,73.05,72.08,72.81,633458
2013-05-28,73.05,74.51,72.57,74.03,1342990
2013-05-29,74.51,75.24,73.3,75.0,1427842
2013-05-30,75.24,75.24,71.59,72.57,1572674
2013-05-31,73.05,73.54,71.59,71.59,1141103
2013-06-03,70.62,72.08,69.89,71.1,629069
2013-06-04,71.84,72.08,70.62,71.84,564699
2013-06-05,72.32,73.54,71.35,73.54,681736
2013-06-06,71.59,72.32,70.86,71.84,836809
2013-06-07,72.32,74.27,71.1,74.27,1363472
2013-06-10,75.24,75.24,72.57,73.05,1439545
2013-06-11,72.08,72.57,71.1,71.1,825105
2013-06-13,70.13,70.62,69.16,69.16,1285935
2013-06-14,69.64,69.89,68.18,68.18,1761395
2013-06-17,69.89,71.35,68.67,70.62,1002122
2013-06-18,71.59,74.03,70.86,72.81,1493675
2013-06-19,73.05,73.05,71.35,71.59,749031
2013-06-20,71.59,73.54,71.1,71.1,1044548
2013-06-21,71.1,71.1,69.64,70.86,741717
2013-06-24,70.62,74.51,69.64,74.51,1855024
2013-06-25,73.05,73.78,70.62,71.1,1680933
2013-06-26,72.57,72.57,71.1,71.35,1192306
2013-06-27,71.59,72.08,69.4,70.62,1638507
2013-06-28,69.89,70.62,68.67,69.64,1792117
2013-07-01,70.13,72.08,69.16,71.84,1018215
2013-07-02,70.86,71.84,69.64,69.64,820716
2013-07-03,69.64,70.37,65.99,66.48,2860073
2013-07-04,66.72,68.18,65.75,67.45,1468804
2013-07-05,67.45,69.16,67.21,68.18,1416138
2013-07-08,68.18,68.43,65.75,67.21,1086974
2013-07-09,67.21,69.4,67.21,68.67,690513
2013-07-10,68.67,71.59,68.67,69.64,1831617
2013-07-11,70.62,74.03,69.89,73.54,2652334
2013-07-12,73.3,76.46,73.05,76.46,2029115
2013-07-15,76.4,76.66,73.64,75.65,1660451
2013-07-16,74.39,75.65,74.14,74.14,737328
2013-07-17,74.14,78.67,73.64,78.42,1678007
2013-07-18,78.42,78.42,73.14,73.14,2217836
2013-07-19,72.89,73.64,71.63,72.89,1290324
2013-07-22,73.39,75.4,72.89,72.89,608588
2013-07-23,73.64,74.9,72.89,74.14,1066492
2013-07-24,74.9,75.4,73.39,74.65,501792
2013-07-25,75.9,75.9,74.39,74.9,595421
2013-07-26,75.4,75.4,74.65,75.15,336479
2013-07-29,75.4,76.15,74.14,74.14,608588
2013-07-30,73.89,75.15,73.39,75.15,665643
2013-07-31,75.4,75.4,72.89,72.89,402312
2013-08-01,73.39,74.39,72.63,72.89,371590
2013-08-02,73.14,73.89,72.63,73.14,411089
2013-08-05,74.39,74.65,72.89,74.39,542755
2013-08-06,73.89,74.14,71.88,72.13,538366
2013-08-07,72.13,74.14,70.88,72.89,836809
2013-08-08,72.63,73.14,71.38,72.38,689050
2013-08-09,72.38,73.14,71.38,71.38,520811
2013-08-12,72.38,72.63,71.63,71.88,95091
2013-08-13,71.88,74.39,71.88,74.39,598347
2013-08-14,74.39,74.39,73.14,73.39,652477
2013-08-15,73.39,73.89,71.63,72.89,892401
2013-08-16,73.39,75.4,72.89,74.39,1524397
2013-08-19,75.4,75.4,73.89,73.89,1154270
2013-08-20,73.89,75.9,73.64,75.65,1302028
2013-08-22,74.39,76.91,73.14,76.66,1198158
2013-08-23,76.66,77.16,75.4,75.9,1069418
2013-08-26,76.91,77.66,76.15,76.15,643699
2013-08-27,76.91,77.91,76.91,77.66,1122085
2013-08-28,77.41,77.91,76.4,77.41,1051863
2013-08-29,77.41,77.66,76.4,76.4,986030
2013-08-30,76.4,76.91,75.15,76.4,1034307
2013-09-02,76.66,76.66,75.4,75.4,892401
2013-09-03,75.4,76.66,75.4,76.15,980178
2013-09-04,76.4,77.66,76.15,76.91,1217176
2013-09-05,77.41,80.17,77.41,79.42,2258799
2013-09-06,79.92,79.92,78.67,79.92,1303491
2013-09-09,80.17,83.69,79.92,82.44,1825765
2013-09-10,82.44,82.69,81.68,82.69,1056252
2013-09-11,82.94,84.2,82.44,83.69,868994
2013-09-12,83.94,83.94,81.18,81.93,1539026
2013-09-13,81.93,83.19,81.68,82.19,1844783
2013-09-16,81.93,84.2,81.93,82.94,601273
2013-09-17,82.19,83.19,82.19,82.94,788531
2013-09-18,82.69,83.19,81.93,81.93,484237
2013-09-23,83.19,85.2,81.93,83.19,1056252
2013-09-24,82.94,83.44,82.19,83.44,419867
2013-09-25,83.94,86.46,82.69,85.2,1898913
2013-09-26,85.2,85.2,82.94,82.94,449126
2013-09-27,83.19,84.2,82.94,83.19,582255
2013-09-30,83.19,84.45,82.44,83.19,879234
2013-10-01,83.44,84.45,82.19,82.94,648088
2013-10-02,82.94,83.19,81.93,82.69,667106
2013-10-03,82.94,84.2,82.69,83.69,2102263
2013-10-04,84.45,87.46,84.2,87.46,1354694
2013-10-07,87.97,89.47,86.96,88.47,866068
2013-10-08,88.47,91.74,88.22,91.74,1960357
2013-10-09,91.74,94.0,91.74,92.74,1550730
2013-10-11,93.5,93.75,87.97,88.47,1587304
2013-10-14,86.96,88.22,86.46,87.71,482774
2013-10-15,87.71,91.99,87.71,91.48,1076733
2013-10-16,90.48,91.99,89.22,91.23,522274
2013-10-17,91.99,93.5,91.99,91.99,839735
2013-10-18,91.99,91.99,90.23,90.48,743180
2013-10-21,90.98,92.24,90.48,92.24,472533
2013-10-22,91.99,92.99,90.98,92.49,746106
2013-10-23,92.99,96.76,92.74,95.51,2156392
2013-10-24,96.76,99.53,95.25,95.25,3004905
2013-10-25,95.51,97.27,94.0,94.5,1015289
2013-10-28,94.75,97.01,94.75,96.26,766587
2013-10-29,96.26,97.01,94.5,96.01,784142
2013-10-30,96.51,96.76,94.25,95.25,782679
2013-10-31,94.25,95.25,93.75,94.75,781216
2013-11-01,94.25,95.0,92.24,92.24,721235
2013-11-04,92.24,92.49,89.22,89.98,871920
2013-11-05,89.47,90.23,87.46,88.72,1081122
2013-11-06,88.97,91.48,88.72,90.48,1206936
2013-11-07,90.98,92.99,90.98,92.99,523737
2013-11-08,91.48,95.25,90.48,92.74,1439545
2013-11-11,92.74,93.5,89.98,90.73,842660
2013-11-12,92.99,94.25,89.98,91.99,1217176
2013-11-13,90.73,91.74,90.73,91.48,645162
2013-11-14,90.48,94.0,90.48,91.74,1012363
2013-11-15,91.99,93.5,90.98,91.99,452052
2013-11-18,92.99,92.99,91.23,91.23,670032
2013-11-19,91.23,93.5,90.98,92.99,2634778
2013-11-20,92.99,93.24,91.23,91.23,359886
2013-11-21,91.23,91.23,87.21,87.97,1205473
2013-11-22,87.97,90.73,87.97,89.47,820716
2013-11-25,91.48,92.24,90.48,91.48,967012
2013-11-26,92.99,93.5,91.48,93.5,1164510
2013-11-27,93.5,93.5,90.98,90.98,715384
2013-11-28,90.98,92.24,90.23,92.24,612977
2013-11-29,90.98,92.99,90.98,91.99,763661
2013-12-02,92.74,94.75,91.99,94.25,1515619
2013-12-03,94.25,95.51,93.5,94.5,838272
2013-12-04,94.5,94.5,93.24,94.0,596884
2013-12-05,94.5,94.5,93.5,94.5,509107
2013-12-06,94.5,100.78,93.5,100.53,2451909
2013-12-09,102.04,103.55,97.52,97.77,2128596
2013-12-10,98.02,100.53,97.77,97.77,1275695
2013-12-11,98.27,99.53,95.76,95.76,1043085
2013-12-12,94.5,97.01,94.5,95.25,795846
2013-12-13,96.01,96.01,95.0,95.0,608588
2013-12-16,95.0,95.51,93.24,93.24,415478
2013-12-17,93.5,94.75,93.24,93.24,825105
2013-12-18,93.24,96.01,92.74,96.01,1357620
2013-12-19,97.01,98.27,96.51,97.77,1398583
2013-12-20,98.52,100.53,98.02,99.53,1283009
2013-12-23,99.53,100.03,97.52,97.77,671495
2013-12-24,98.27,98.77,97.52,97.52,557385
2013-12-25,98.02,100.03,98.02,99.28,1005048
2013-12-26,99.53,100.03,97.77,99.53,702217
2013-12-27,100.53,102.54,99.78,101.29,1032844
2013-12-30,101.79,105.31,100.53,104.55,1931098
2013-12-31,104.3,104.81,102.54,103.8,1421990
2014-01-02,102.54,103.05,100.53,102.04,744643
2014-01-03,101.54,102.04,100.53,100.53,744643
2014-01-06,99.02,102.79,99.02,102.04,1180603
2014-01-07,102.04,103.3,102.04,102.54,1957431
2014-01-08,102.04,102.79,101.29,102.04,1016752
2014-01-09,102.04,103.55,100.53,101.29,1239121
2014-01-10,101.29,102.54,101.04,101.04,596884
2014-01-13,101.54,102.79,101.04,101.04,987493
2014-01-14,101.04,101.29,97.52,98.77,1182066
2014-01-15,97.77,98.77,95.51,97.52,1898913
2014-01-16,98.52,99.28,97.77,98.52,965549
2014-01-17,99.78,100.28,98.52,99.53,857290
2014-01-20,99.53,99.78,98.02,98.02,380367
2014-01-21,98.02,99.53,97.52,98.02,612977
2014-01-22,98.77,99.02,96.26,97.77,899716
2014-01-23,98.52,99.78,97.52,98.77,923123
2014-01-24,99.28,99.53,97.77,98.27,1062103
2014-01-27,97.01,97.52,94.5,95.0,1863802
2014-02-05,93.5,93.5,89.47,92.49,3802215
2014-02-06,92.49,95.0,90.98,93.5,1989616
2014-02-07,93.5,95.51,93.5,95.0,832420
2014-02-10,95.0,96.51,94.25,94.25,746106
2014-02-11,94.25,96.01,94.0,94.0,861679
2014-02-12,94.5,96.26,94.25,96.01,1705803
2014-02-13,97.77,100.53,96.51,98.02,2677204
2014-02-14,99.02,99.02,96.76,96.76,1302028
2014-02-17,96.76,98.27,96.01,96.51,958234
2014-02-18,96.76,98.02,96.76,98.02,1657525
2014-02-19,98.52,98.52,95.0,95.51,2280743
2014-02-20,95.51,95.51,92.99,94.0,3342847
2014-02-21,94.75,96.26,94.75,95.51,1303491
2014-02-24,95.51,95.51,93.5,93.5,1721895
2014-02-25,94.5,96.51,94.0,94.5,3184848
2014-02-26,94.5,96.76,94.25,96.01,2523594
2014-02-27,97.01,97.77,95.25,96.26,1906227
2014-03-03,96.51,96.51,94.75,95.51,1296176
2014-03-04,95.51,96.01,94.5,95.51,1249361
2014-03-05,95.76,98.02,95.0,95.25,1622415
2014-03-06,97.01,98.77,95.76,97.77,1809673
2014-03-07,98.02,98.52,96.51,97.27,687587
2014-03-10,96.51,96.51,94.75,95.25,866068
2014-03-11,97.01,97.52,96.01,97.52,642236
2014-03-12,97.52,97.52,95.0,96.01,1325435
2014-03-13,96.51,97.01,95.25,96.26,1141103
2014-03-14,95.51,96.01,95.0,95.25,1575600
2014-03-17,95.25,96.01,95.25,95.76,585181
2014-03-18,96.76,97.27,95.76,96.26,945067
2014-03-19,96.26,97.27,95.51,95.51,604199
2014-03-20,96.76,96.76,93.75,94.25,962623
2014-03-21,95.51,95.76,94.75,94.75,838272
2014-03-24,94.75,96.26,93.75,94.25,1209862
2014-03-25,95.0,96.01,94.5,95.51,1016752
2014-03-26,96.26,98.02,95.51,98.02,1018215
2014-03-27,98.02,98.52,97.01,97.52,713921
2014-03-28,97.01,99.28,97.01,99.02,1050400
2014-03-31,99.02,99.53,98.02,99.28,918734
2014-04-01,99.78,101.04,99.02,100.53,1256676
2014-04-02,100.03,101.29,99.53,100.78,1022604
2014-04-03,100.78,100.78,99.53,100.53,637847
2014-04-07,99.53,101.29,99.53,101.29,1209862
2014-04-08,101.29,101.29,100.03,100.78,1016752
2014-04-09,103.05,107.82,102.29,106.31,4548321
2014-04-10,106.31,106.56,102.54,103.8,1926709
2014-04-11,103.3,103.3,101.54,103.3,762198
2014-04-14,101.54,102.79,100.03,100.03,1259602
2014-04-15,101.54,101.54,98.02,98.52,1572674
2014-04-16,98.02,99.02,97.77,98.27,1695562
2014-04-17,99.28,101.04,98.77,99.78,1312268
2014-04-18,100.28,100.78,99.53,100.78,245776
2014-04-21,101.04,101.04,99.53,99.78,86314
2014-04-22,99.02,100.28,99.02,99.28,435960
2014-04-23,100.28,100.78,99.28,100.53,495941
2014-04-24,102.04,105.81,101.54,101.79,1263991
2014-04-25,102.29,103.8,100.03,100.28,550070
2014-04-28,93.5,101.54,93.5,99.53,1217176
2014-04-29,99.53,101.29,99.02,101.29,697828
2014-04-30,100.53,101.54,98.02,98.02,703680
2014-05-02,98.52,100.53,98.02,99.78,596884
2014-05-05,99.28,100.28,99.28,99.78,560311
2014-05-06,99.78,99.78,99.28,99.53,144832
2014-05-07,98.52,100.03,97.77,99.53,684662
2014-05-08,100.03,100.03,98.52,99.02,340868
2014-05-09,99.02,100.28,98.02,98.52,612977
2014-05-12,99.02,100.28,96.51,96.51,1866728
2014-05-13,97.77,99.28,97.77,99.02,732939
2014-05-14,99.53,101.54,99.53,101.54,1180603
2014-05-15,102.79,103.05,101.54,101.79,569088
2014-05-16,101.04,102.54,100.28,101.79,838272
2014-05-19,101.54,103.8,100.78,103.8,877771
2014-05-20,103.55,104.05,102.54,103.55,797309
2014-05-21,103.3,104.05,103.05,103.8,531051
2014-05-22,104.05,104.81,103.05,104.81,773902
2014-05-23,104.55,105.81,103.55,105.81,993345
2014-05-26,106.31,106.82,104.3,106.06,1253750
2014-05-27,104.55,105.81,104.55,105.31,495941
2014-05-28,105.31,112.6,105.31,112.6,2760592
2014-05-29,112.6,112.6,108.58,111.34,2242707
2014-05-30,112.09,113.6,109.08,111.59,2699148
2014-06-03,113.1,116.37,112.09,113.1,1449786
2014-06-04,113.1,115.36,110.59,113.85,1193769
2014-06-05,113.1,113.6,111.59,113.1,661254
2014-06-06,112.09,113.6,110.59,111.09,715384
2014-06-09,111.34,114.1,111.09,114.1,1293250
2014-06-10,114.1,115.36,112.6,115.36,1007974
2014-06-11,115.61,117.62,114.36,117.12,1424916
2014-06-12,117.12,121.39,116.37,117.12,2192966
2014-06-13,117.62,119.63,117.12,118.38,851438
2014-06-16,119.63,119.63,117.87,118.88,825105
2014-06-17,118.88,119.38,117.62,119.13,649551
2014-06-18,118.13,123.15,118.13,122.15,2027653
2014-06-19,124.16,127.68,122.65,124.66,2137374
2014-06-20,125.67,128.43,122.9,122.9,3679327
2014-06-23,123.15,126.67,121.14,124.66,1432231
2014-06-24,124.66,128.18,123.15,124.16,1925246
2014-06-25,124.16,124.16,121.64,122.65,1135251
2014-06-26,122.65,125.41,122.65,125.41,1201084
2014-06-27,125.41,127.93,124.66,126.92,1130862
2014-06-30,127.17,128.18,125.41,128.18,1480508
2014-07-01,126.67,127.93,126.17,126.92,697828
2014-07-02,127.17,127.68,122.65,122.9,1429305
2014-07-03,121.64,122.9,119.38,120.14,1825765
2014-07-04,120.14,122.15,120.14,121.39,981641
2014-07-07,120.14,122.4,119.63,121.39,993345
2014-07-08,122.15,125.41,122.15,124.16,1155732
2014-07-09,125.16,125.67,123.15,123.66,731476
2014-07-10,123.15,124.16,121.9,124.16,1383953
2014-07-11,123.15,124.66,122.9,123.4,719772
2014-07-14,124.66,127.17,123.66,127.17,1348842
2014-07-15,127.68,127.68,123.91,124.66,1841857
2014-07-16,124.55,124.8,122.24,124.55,1255213
2014-07-17,124.55,125.83,123.78,124.55,655402
2014-07-18,123.26,124.8,122.24,122.49,646625
2014-07-21,122.75,123.78,122.49,122.75,421330
2014-07-22,123.78,127.11,123.78,124.29,1489286
2014-07-23,124.29,124.29,124.29,124.29,0
2014-07-24,125.32,126.86,124.8,125.83,792920
2014-07-25,126.86,126.86,124.55,126.34,829494
2014-07-28,126.09,126.34,124.55,125.06,642236
2014-07-29,124.8,125.83,116.59,117.61,1942801
2014-07-30,118.13,122.24,118.13,121.98,1420527
2014-07-31,122.24,123.26,119.67,120.95,1319583
2014-08-01,120.18,124.03,119.41,123.26,1116233
2014-08-04,124.8,125.57,123.26,125.06,914345
2014-08-05,125.06,125.57,120.69,120.69,1623877
2014-08-06,123.26,123.26,120.69,121.46,1136714
2014-08-07,122.24,123.26,121.46,121.98,634921
2014-08-08,121.98,124.03,120.95,124.03,1154270
2014-08-11,124.29,126.34,124.03,126.09,828031
2014-08-12,126.34,126.86,123.01,123.01,665643
2014-08-13,123.01,125.83,123.01,125.83,1350305
2014-08-14,126.34,126.86,125.32,125.83,795846
2014-08-15,126.86,129.94,126.09,128.4,1344453
2014-08-18,128.4,129.43,126.6,127.37,1046011
2014-08-19,128.4,129.17,127.37,129.17,1059178
2014-08-20,129.94,137.9,129.43,136.62,2408020
2014-08-21,136.62,138.67,129.94,130.45,2459224
2014-08-22,132.51,138.67,131.48,133.53,3236052
2014-08-25,135.59,135.59,131.48,132.51,1524397
2014-08-26,134.05,136.1,132.25,133.53,1370787
2014-08-27,134.05,135.59,134.05,135.08,1800895
2014-08-28,136.1,142.27,135.33,139.18,4353748
2014-08-29,139.7,145.35,139.7,144.06,3850492
2014-09-01,143.99,144.84,140.04,142.01,2863541
2014-09-02,143.99,145.97,140.04,140.04,2516244
2014-09-03,140.04,141.45,138.62,138.62,1997293
2014-09-04,138.34,138.34,134.39,135.52,2045196
2014-09-05,135.52,138.34,135.52,136.08,1355924
2014-09-09,138.34,142.29,137.21,141.73,1708544
2014-09-10,142.01,143.99,139.47,140.04,1610076
2014-09-11,140.04,141.17,136.08,136.08,1846931
2014-09-12,135.52,136.65,131.28,131.57,2071809
2014-09-15,129.87,131.57,127.05,127.33,1679270
2014-09-16,127.33,131.57,127.05,127.33,1152336
2014-09-17,129.03,131.0,126.2,127.05,1671286
2014-09-18,127.61,129.31,127.61,128.46,928788
2014-09-19,130.44,132.7,129.87,129.87,2276728
2014-09-22,129.03,129.03,121.12,122.25,2590760
2014-09-23,121.4,123.38,119.14,119.43,2304672
2014-09-24,119.14,121.12,118.58,119.14,2037212
2014-09-25,119.71,121.68,119.71,120.56,2428421
2014-09-26,119.71,120.84,118.58,119.71,974029
2014-09-29,118.86,123.94,118.58,120.84,2540195
2014-09-30,120.84,122.81,120.84,121.4,2842251
2014-10-01,119.14,124.23,119.14,124.23,1945398
2014-10-02,121.97,125.07,121.97,123.66,2250115
2014-10-03,124.79,129.59,123.66,126.48,3366524
2014-10-06,126.2,127.33,124.23,124.23,1647334
2014-10-07,122.25,122.81,119.43,119.71,2924751
2014-10-08,118.58,120.27,116.32,118.58,2851565
2014-10-09,119.99,121.4,117.17,117.45,2139672
2014-10-13,111.8,114.91,109.26,112.93,2850235
2014-10-14,110.11,116.04,110.11,114.63,2336607
2014-10-15,114.63,117.17,114.06,115.76,2650638
2014-10-16,114.06,120.56,113.5,117.17,2276728
2014-10-17,118.01,118.58,109.26,109.26,6237
2014-10-20,112.37,112.93,106.16,110.96,4457650
2014-10-21,111.52,112.37,108.98,111.52,1952051
2014-10-22,113.21,115.47,112.93,115.47,1868221
2014-10-23,115.47,115.47,112.37,112.65,1679270
2014-10-24,112.65,113.21,109.83,110.96,2026567
2014-10-27,112.93,114.06,110.39,113.78,2046527
2014-10-28,114.91,116.89,113.5,113.78,1784390
2014-10-29,114.63,117.45,114.06,116.04,3152291
2014-10-30,116.32,117.17,114.91,116.6,1741810
2014-10-31,117.17,119.14,116.89,119.14,1693907
2014-11-03,119.14,119.71,116.04,116.6,1744471
2014-11-04,115.76,118.01,114.06,115.19,1469028
2014-11-05,115.19,115.19,108.7,109.54,4128982
2014-11-06,107.85,109.83,107.57,108.42,2373865
2014-11-07,108.98,111.52,108.98,111.52,1273424
2014-11-10,112.65,119.14,112.09,118.58,3128339
2014-11-11,118.01,118.01,110.39,111.24,4274022
2014-11-12,111.24,113.78,110.39,113.78,1378545
2014-11-13,114.34,116.89,114.06,114.63,1414472
2014-11-14,116.04,116.6,111.24,112.65,1535560
2014-11-17,114.63,114.63,109.54,109.54,2795678
2014-11-18,109.83,110.96,107.85,107.85,3425072
2014-11-19,108.98,111.52,108.42,110.96,2171607
2014-11-20,110.11,112.65,110.11,112.09,1226851
2014-11-21,112.37,114.91,110.67,112.93,1925439
2014-11-24,113.5,117.73,113.5,116.04,2590760
2014-11-25,115.19,119.14,115.19,118.01,6376
2014-11-26,118.01,118.58,116.89,117.45,1346609
2014-11-27,118.58,120.27,116.89,117.73,1820318
2014-11-28,119.14,121.4,117.45,119.71,2803662
2014-12-01,117.45,119.14,116.89,119.14,1516931
2014-12-02,118.01,118.58,114.91,115.76,2170277
2014-12-03,116.32,123.66,116.04,122.53,3606039
2014-12-04,123.1,123.94,120.56,121.12,2244793
2014-12-05,122.53,127.05,122.25,124.51,3059146
2014-12-08,124.79,127.33,123.66,126.2,2152978
2014-12-09,125.64,125.92,123.38,123.66,1956043
2014-12-10,123.38,124.23,118.01,118.58,2235478
2014-12-11,118.3,122.53,117.73,121.4,1707213
2014-12-12,121.97,122.53,119.43,119.71,1406488
2014-12-15,118.01,119.99,117.73,119.14,1017941
2014-12-16,119.99,123.38,119.99,121.12,1809673
2014-12-17,121.12,122.25,118.58,118.58,1813665
2014-12-18,120.84,121.12,118.3,118.3,1991971
2014-12-19,120.56,122.53,119.71,120.84,2077132
2014-12-22,122.53,123.1,121.4,121.97,896852
2014-12-23,123.1,125.07,121.97,121.97,1185602
2014-12-24,123.1,125.92,122.53,125.36,1784390
2014-12-25,127.05,127.05,124.79,125.92,818344
2014-12-26,125.92,127.9,125.64,126.48,864917
2014-12-29,127.33,130.72,127.05,128.74,1664633
2014-12-30,130.44,134.95,129.87,134.95,3929385
2014-12-31,134.95,135.24,129.87,132.41,2969993
2015-01-05,132.13,132.98,129.31,132.98,1813665
2015-01-06,131.57,132.7,126.2,127.33,2570800
2015-01-07,126.2,128.46,126.2,126.48,1631367
2015-01-08,128.74,131.85,128.18,129.87,1695237
2015-01-09,132.13,132.13,128.74,129.31,1954713
2015-01-12,129.31,132.41,129.31,129.87,1477012
2015-01-13,129.87,134.11,129.87,131.57,2135680
2015-01-14,131.57,134.95,131.57,134.39,1845600
2015-01-15,133.82,135.24,131.85,131.85,1640681
2015-01-16,132.13,133.26,130.44,130.72,1288061
2015-01-19,132.13,132.7,131.28,131.85,496329
2015-01-20,131.85,133.82,131.85,132.7,1064513
2015-01-21,133.54,133.82,132.41,132.7,879554
2015-01-22,133.82,134.95,132.98,133.26,944755
2015-01-23,134.95,135.24,131.85,133.26,1242819
2015-01-26,133.82,134.67,133.54,134.11,972699
2015-01-27,134.95,138.34,134.67,136.08,2839590
2015-01-28,136.08,138.06,135.52,137.21,887538
2015-01-29,137.21,137.21,134.67,134.95,747820
2015-01-30,134.95,136.08,134.39,134.39,1467698
2015-02-02,134.39,136.08,134.11,136.08,1103102
2015-02-03,136.65,138.62,136.08,137.21,1814995
2015-02-04,138.34,139.47,137.21,137.21,1409149
2015-02-05,137.78,139.47,137.78,139.19,1342617
2015-02-06,139.47,140.32,136.65,137.21,979352
2015-02-09,138.34,138.91,137.21,138.91,1531569
2015-02-10,139.47,139.47,136.93,136.93,1166973
2015-02-11,138.34,138.91,135.8,135.8,2191567
2015-02-12,135.8,136.08,134.11,136.08,2158301
2015-02-13,136.93,136.93,135.52,135.8,1378545
2015-02-24,137.5,139.47,136.93,138.91,2823622
2015-02-25,140.32,140.6,137.78,138.34,1306690
2015-02-26,135.8,137.78,135.24,135.52,1808342
2015-03-02,137.78,138.62,136.08,137.78,1326650
2015-03-03,138.91,138.91,137.5,138.34,1258787
2015-03-04,138.34,144.55,138.06,143.42,3363863
2015-03-05,143.42,143.71,141.73,143.14,1208222
2015-03-06,143.14,146.81,142.58,146.25,1507617
2015-03-09,146.25,146.53,143.14,143.71,988667
2015-03-10,142.86,143.71,142.29,142.58,1330642
2015-03-11,141.17,141.45,140.04,140.04,895522
2015-03-12,140.04,141.17,138.62,139.75,1131045
2015-03-13,140.32,142.29,140.04,141.17,576168
2015-03-16,141.17,142.86,141.17,141.73,572176
2015-03-17,143.42,145.97,142.86,144.55,1491649
2015-03-18,144.55,147.94,143.99,147.66,1431770
2015-03-19,149.07,150.2,147.94,149.92,1825640
2015-03-20,149.64,151.33,148.51,150.48,1350601
2015-03-23,150.48,150.76,147.09,148.79,1409149
2015-03-24,148.79,153.02,147.66,152.74,1312013
2015-03-25,152.46,156.98,151.33,155.28,2818299
2015-03-26,152.46,155.28,150.76,155.0,1661971
2015-03-27,152.18,152.46,144.27,144.27,3913418
2015-03-30,140.88,144.27,134.39,135.24,5985
2015-03-31,136.08,136.65,131.57,134.67,3866845
2015-04-01,133.82,134.39,131.85,132.7,2609389
2015-04-02,133.26,141.73,133.26,139.47,3885474
2015-04-07,141.17,141.17,137.78,138.06,1266771
2015-04-08,137.5,139.47,134.11,134.39,1507617
2015-04-09,137.78,139.19,132.98,134.11,2283381
2015-04-10,135.52,138.91,134.95,138.62,1683262
2015-04-13,138.91,139.75,136.65,139.47,923465
2015-04-14,140.04,142.86,139.47,142.58,1618060
2015-04-15,143.42,143.99,140.88,141.17,2085116
2015-04-16,142.01,147.94,141.73,145.97,3655273
2015-04-17,144.55,145.68,139.47,140.04,1649996
2015-04-20,140.04,141.17,137.78,139.75,996650
2015-04-21,140.6,141.17,136.65,137.21,950078
2015-04-22,138.91,143.71,138.62,142.86,2039874
2015-04-23,143.99,145.12,142.29,142.29,1639351
2015-04-24,143.99,146.25,143.42,145.97,1741810
2015-04-27,147.38,150.76,145.97,148.79,2294026
2015-04-28,149.07,150.48,145.68,146.25,1325319
2015-04-29,145.68,146.53,141.17,142.58,2187575
2015-04-30,142.86,145.68,142.29,143.14,1302698
2015-05-04,143.99,145.68,143.71,145.12,1045884
2015-05-05,145.68,145.68,141.17,143.71,963384
2015-05-06,143.71,144.84,142.58,144.27,943425
2015-05-07,143.99,143.99,139.19,139.19,1230843
2015-05-08,139.47,141.17,138.34,138.62,942094
2015-05-11,141.73,141.73,137.5,137.5,940763
2015-05-12,137.78,140.04,136.93,137.5,633385
2015-05-13,137.5,139.47,137.5,138.62,705240
2015-05-14,138.91,141.17,137.78,138.34,1270763
2015-05-15,139.75,140.88,138.34,138.91,1308021
2015-05-18,140.04,140.04,138.06,138.06,971368
2015-05-19,140.04,140.04,138.06,138.34,1008626
2015-05-20,138.34,140.88,138.34,139.19,1378545
2015-05-21,138.34,140.04,135.52,138.34,1612738
2015-05-22,140.04,140.04,136.08,136.65,2030559
2015-05-25,139.19,139.19,135.8,136.37,1583464
2015-05-26,137.5,138.91,136.08,136.65,1492980
2015-05-27,136.65,139.19,136.08,138.34,1403827
2015-05-28,139.47,143.99,138.62,142.01,2015922
2015-05-29,143.14,143.14,139.75,139.75,1196247
2015-06-01,140.04,141.17,136.65,141.17,940763
2015-06-02,140.88,142.58,137.5,140.88,1733826
2015-06-03,141.17,141.73,138.06,138.34,743828
2015-06-04,137.78,138.34,135.24,135.24,982013
2015-06-05,134.95,136.08,132.7,133.82,1117739
2015-06-08,133.82,136.93,132.7,135.52,836973
2015-06-09,134.39,134.39,122.53,123.1,2308663
2015-06-10,124.23,131.0,123.94,129.87,2537534
2015-06-11,129.87,130.15,124.79,129.03,2395155
2015-06-12,128.74,128.74,122.81,124.23,1865560
2015-06-15,125.07,125.92,120.56,121.4,1488988
2015-06-16,119.14,119.71,111.8,113.21,3881482
2015-06-17,115.19,121.12,115.19,118.86,4167570
2015-06-18,119.71,121.4,117.45,119.99,1572818
2015-06-22,120.27,121.4,118.86,119.99,2011930
2015-06-23,122.02,122.6,120.86,121.44,2359228
2015-06-24,122.6,127.83,121.73,126.38,2824953
2015-06-25,127.25,130.16,126.96,128.41,2192898
2015-06-26,128.41,129.87,125.51,125.8,1204231
2015-06-29,122.6,122.89,120.28,122.02,2110398
2015-06-30,120.86,123.18,120.28,123.18,2299349
2015-07-01,123.18,125.8,122.02,125.51,1584794
2015-07-02,126.09,126.67,122.6,123.18,1607415
2015-07-03,122.02,122.89,121.15,122.6,1249472
2015-07-06,121.44,124.93,121.44,123.77,1713866
2015-07-07,124.93,126.67,123.18,123.18,2174269
2015-07-08,122.02,124.93,120.28,120.28,1648665
2015-07-09,122.89,122.89,117.66,118.25,2288704
2015-07-10,118.25,118.25,118.25,118.25,0
2015-07-13,120.57,120.86,118.83,119.41,1719189
2015-07-14,120.86,123.18,120.28,120.86,1740479
2015-07-15,123.18,132.77,123.18,132.77,4868819
2015-07-16,134.81,135.68,129.87,131.32,2734469
2015-07-17,133.64,134.22,129.58,129.58,1991971
2015-07-20,131.32,131.9,129.58,130.74,2051850
2015-07-21,131.61,131.61,126.09,127.54,1261448
2015-07-22,125.22,127.54,124.35,124.35,2053180
2015-07-23,124.35,126.09,122.02,125.8,1161650
2015-07-24,125.8,125.8,120.28,122.02,1949390
2015-07-27,119.99,123.18,116.79,118.25,2445720
2015-07-28,119.41,121.73,117.95,120.86,1604754
2015-07-29,120.57,122.02,118.83,120.28,1137698
2015-07-30,120.28,124.35,120.28,122.31,1495641
2015-07-31,123.77,125.22,122.31,123.77,1308021
2015-08-03,123.77,127.25,120.86,127.25,1894834
2015-08-04,127.83,128.12,121.44,123.47,1755116
2015-08-05,123.47,126.96,122.31,126.38,968707
2015-08-06,126.96,127.54,122.31,122.89,1049876
2015-08-07,121.44,123.77,117.37,123.77,2369873
2015-08-10,123.77,127.54,123.47,126.09,1068505
2015-08-11,128.41,130.45,126.09,126.09,1749794
2015-08-12,127.25,127.54,124.93,127.25,1147013
2015-08-13,127.83,131.9,126.09,129.87,1920116
2015-08-14,128.99,133.93,127.83,133.35,1948059
2015-08-17,133.35,133.64,126.96,126.96,1520923
2015-08-18,127.25,128.41,124.64,124.93,1069836
2015-08-19,124.35,126.38,122.02,122.6,1893503
2015-08-20,121.44,122.6,118.54,119.99,2401808
2015-08-21,117.95,119.12,114.47,114.47,2125035
2015-08-24,114.47,117.37,109.24,115.05,4363175
2015-08-25,115.05,120.28,113.31,115.34,2407131
2015-08-26,115.05,118.54,111.85,117.37,1649996
2015-08-27,119.12,120.57,117.37,117.95,1623383
2015-08-28,120.28,122.31,119.12,120.28,1503625
2015-08-31,121.44,121.44,118.25,120.28,1354593
2015-09-01,120.28,121.44,119.12,119.99,1375883
2015-09-02,119.99,119.99,117.66,118.25,1479673
2015-09-03,119.12,121.73,118.83,119.41,1317335
2015-09-04,120.57,121.73,119.41,119.41,755804
2015-09-07,119.12,122.02,119.12,120.28,517619
2015-09-08,119.41,119.99,117.37,117.37,1832294
2015-09-09,118.83,120.57,118.83,119.41,1904148
2015-09-10,119.99,121.15,119.12,119.41,914151
2015-09-11,119.41,120.57,119.41,119.99,919473
2015-09-14,121.44,126.67,121.44,126.09,2236809
2015-09-15,127.25,127.83,124.64,124.93,1236166
2015-09-16,127.25,130.16,126.67,129.29,2400478
2015-09-17,130.16,133.64,129.29,129.29,2369873
2015-09-18,131.9,132.19,128.99,130.74,1687254
2015-09-21,129.29,129.58,127.25,128.41,1206892
2015-09-22,129.58,131.61,128.7,131.32,891530
2015-09-23,129.58,131.61,128.12,128.99,1425117
2015-09-24,128.99,130.45,126.38,126.38,1241489
2015-09-25,127.83,128.12,125.22,126.09,1009957
2015-09-29,126.09,126.09,126.09,126.09,0
2015-09-30,125.8,130.74,124.93,130.74,1536891
2015-10-01,130.74,132.77,128.41,130.74,1374553
2015-10-02,130.74,131.9,129.58,131.32,683950
2015-10-05,132.48,134.22,130.74,132.77,1438424
2015-10-06,133.64,136.55,132.48,133.64,1820318
2015-10-07,133.64,139.16,131.61,138.29,1933422
2015-10-08,138.29,138.29,133.35,133.35,1699229
2015-10-12,133.35,136.55,133.35,135.39,1300037
2015-10-13,135.39,139.45,134.51,139.16,1700560
2015-10-14,139.16,139.16,131.9,131.9,2451042
2015-10-15,132.77,133.64,131.61,132.19,1111086
2015-10-16,132.19,134.51,132.19,134.51,667982
2015-10-19,135.39,137.13,134.81,135.68,991328
2015-10-20,135.97,136.84,135.1,135.97,781086
2015-10-21,136.55,137.13,134.22,135.39,516289
2015-10-22,135.39,135.97,134.81,135.97,276773
2015-10-23,138.29,139.45,136.84,136.84,1107094
2015-10-26,139.16,140.62,138.87,140.03,1139029
2015-10-27,140.62,140.62,137.13,140.03,799715
2015-10-28,139.45,139.45,137.13,138.29,811691
2015-10-29,139.45,139.45,135.97,137.42,682619
2015-10-30,137.42,137.42,135.68,135.68,702579
2015-11-02,132.48,135.97,130.74,135.97,1222860
2015-11-03,134.81,135.68,133.06,133.64,1504956
2015-11-04,133.64,135.97,131.9,133.64,1693907
2015-11-05,133.06,133.35,131.9,132.48,1208222
2015-11-06,131.9,133.35,130.16,130.74,1305359
2015-11-09,130.45,130.45,126.67,126.67,1415803
2015-11-10,125.51,128.99,124.93,128.12,963384
2015-11-11,127.83,128.99,126.09,126.09,922134
2015-11-12,125.51,126.67,122.02,124.06,1035239
2015-11-13,122.31,124.64,122.31,122.31,811691
2015-11-16,120.28,121.44,119.7,121.15,944755
2015-11-17,127.25,132.77,126.96,131.9,3000597
2015-11-18,131.03,131.32,125.8,126.09,1646004
2015-11-19,127.54,127.83,124.93,127.25,858264
2015-11-20,127.25,128.12,125.51,126.67,799715
2015-11-23,127.54,129.87,126.09,129.87,1088465
2015-11-24,127.83,129.58,126.09,127.25,1031247
2015-11-25,127.83,127.83,125.51,127.25,814352
2015-11-26,127.83,128.99,127.25,127.83,947417
2015-11-27,128.41,129.29,126.96,128.41,565522
2015-11-30,125.51,126.09,124.64,124.64,1709875
2015-12-01,124.64,129.58,123.77,128.99,1361246
2015-12-02,128.99,128.99,125.8,126.38,926126
2015-12-03,124.64,125.51,124.35,124.93,1292053
2015-12-04,124.06,124.06,122.02,123.18,1205561
2015-12-07,123.77,126.09,123.77,124.93,1040562
2015-12-08,124.93,125.51,122.02,122.02,918143
2015-12-09,121.15,122.31,119.12,119.12,1193585
2015-12-10,117.95,120.28,116.21,119.99,1011287
2015-12-11,120.86,123.77,120.86,123.47,1616730
2015-12-14,121.15,121.15,117.95,119.41,774433
2015-12-15,119.99,121.73,119.99,120.57,564192
2015-12-16,121.44,123.18,120.86,120.86,786409
2015-12-17,121.15,124.93,120.86,124.93,1063183
2015-12-18,123.77,126.38,122.02,124.06,1109755
2015-12-21,123.77,126.09,123.18,126.09,725199
2015-12-22,126.09,126.67,122.02,122.89,896852
2015-12-23,123.77,124.35,122.02,122.89,634716
2015-12-24,123.77,124.64,123.18,123.77,391208
2015-12-25,124.35,124.35,123.18,124.06,94475
2015-12-28,124.35,126.09,124.06,124.64,333991
2015-12-29,122.89,124.64,122.6,124.64,300725
2015-12-30,124.64,125.22,122.6,122.6,417821
2015-12-31,123.18,124.35,122.31,122.89,149031
2016-01-04,122.89,122.89,119.41,119.41,886207
2016-01-05,117.95,120.28,117.66,118.54,1079150
2016-01-06,119.99,122.6,119.12,121.73,1262779
2016-01-07,120.28,121.73,118.25,119.41,1455722
2016-01-08,116.79,119.7,116.79,117.95,1280077
2016-01-11,117.08,119.41,116.21,119.12,1091126
2016-01-12,120.86,120.86,117.95,119.99,806369
2016-01-13,120.28,121.73,119.7,121.73,715885
2016-01-14,121.44,122.6,119.7,122.02,914151
2016-01-15,122.6,123.47,121.44,122.02,1019271
2016-01-18,118.54,121.15,118.54,119.7,931449
2016-01-19,119.7,121.15,119.41,119.7,821006
2016-01-20,119.7,120.28,116.5,117.37,1069836
2016-01-21,117.37,117.95,113.02,113.02,1701891
2016-01-22,115.34,117.95,113.31,116.5,1546206
2016-01-25,117.95,119.7,117.37,117.95,1023263
2016-01-26,116.5,118.25,116.21,117.08,1237497
2016-01-27,117.37,120.57,117.37,120.57,1230843
2016-01-28,118.54,119.99,116.79,117.37,1858906
2016-01-29,116.5,117.95,114.76,115.34,4139627
2016-02-01,118.54,122.6,118.25,120.28,2643985
2016-02-02,120.86,124.35,120.57,122.89,1449069
2016-02-03,122.02,122.6,119.12,119.7,1539552
2016-02-15,122.02,122.02,117.95,120.28,1864229
2016-02-16,121.44,121.73,119.41,119.41,1282738
2016-02-17,119.99,120.86,118.83,119.99,763788
2016-02-18,121.44,124.64,120.57,122.89,1526246
2016-02-19,124.93,125.22,123.47,125.22,928788
2016-02-22,124.93,126.67,124.06,126.38,904836
2016-02-23,126.38,128.7,125.22,128.7,1741810
2016-02-24,128.7,128.7,123.18,125.22,1784390
2016-02-25,126.09,126.96,125.51,126.09,930118
2016-02-26,132.48,134.22,131.32,133.64,3371846
2016-03-01,136.55,142.36,135.39,135.39,4866158
2016-03-02,136.26,138.0,132.48,133.64,2946041
2016-03-03,133.64,135.97,132.19,133.64,1353262
2016-03-04,133.93,136.26,133.93,136.26,1515601
2016-03-07,136.26,136.55,133.35,134.22,774433
2016-03-08,134.81,138.29,134.81,137.71,1186932
2016-03-09,136.55,136.55,132.77,133.64,1556851
2016-03-10,134.22,136.55,134.22,136.55,810361
2016-03-11,136.55,138.29,136.55,136.55,560200
2016-03-14,136.84,138.0,135.97,136.55,437781
2016-03-15,136.55,137.71,135.39,136.26,1304029
2016-03-16,137.13,137.42,135.97,136.55,1241489
2016-03-17,139.45,142.07,139.45,141.78,2568139
2016-03-18,141.78,142.07,138.87,141.78,1739149
2016-03-21,141.78,141.78,135.39,136.55,1520923
2016-03-22,137.42,138.87,136.55,138.87,821006
2016-03-23,138.58,140.62,138.0,140.62,1197577
2016-03-24,140.03,140.33,138.87,139.45,948747
2016-03-25,139.45,139.45,135.97,136.55,802377
2016-03-28,135.39,139.45,135.39,136.84,489676
2016-03-29,136.84,138.0,136.26,137.42,405845
2016-03-30,137.13,138.29,136.26,136.55,1403827
2016-03-31,138.0,138.87,137.13,137.42,1719189
2016-04-01,136.26,137.13,134.51,136.55,823667
2016-04-06,133.64,133.64,131.03,131.9,1455722
2016-04-07,130.74,133.06,130.74,132.19,673304
2016-04-08,130.74,131.32,129.29,131.32,1257456
2016-04-11,135.39,135.39,131.9,133.06,815683
2016-04-12,133.93,134.22,130.16,130.16,989997
2016-04-13,130.74,132.77,130.74,132.77,806369
2016-04-14,133.64,137.13,133.35,134.51,1020602
2016-04-15,133.93,136.26,133.93,135.1,517619
2016-04-18,134.51,136.26,133.64,134.51,497660
2016-04-19,134.51,136.55,130.45,131.03,1174956
2016-04-20,133.06,134.51,130.16,130.16,1280077
2016-04-21,131.32,131.9,130.45,131.61,850280
2016-04-22,131.61,131.61,128.7,129.29,675966
2016-04-25,129.58,131.9,128.99,131.9,353950
2016-04-26,131.9,132.77,129.29,130.45,427136
2016-04-27,129.87,133.64,129.87,133.06,999312
2016-04-28,133.64,133.64,129.87,131.32,1029916
2016-04-29,130.16,132.77,130.16,132.48,734514
2016-05-03,134.81,134.81,132.48,133.35,1027255
2016-05-04,132.48,133.06,129.58,129.87,1349271
2016-05-05,128.12,129.58,126.96,128.12,1478343
2016-05-06,128.41,128.7,126.09,127.54,1531569
2016-05-09,128.41,129.58,125.51,127.54,1389190
2016-05-10,125.51,127.83,124.06,127.25,1280077
2016-05-11,127.25,128.12,126.96,127.25,1447738
2016-05-12,127.25,127.54,125.22,126.67,983344
2016-05-13,126.38,129.87,125.8,128.99,1554189
2016-05-16,128.99,132.19,126.67,131.32,1121731
2016-05-17,132.19,133.64,129.29,133.06,1028586
2016-05-18,133.06,133.64,130.74,133.06,908828
2016-05-19,132.77,132.77,129.87,132.48,670643
2016-05-20,132.48,133.06,130.74,130.74,411168
2016-05-23,131.9,136.55,130.45,135.68,1071166
2016-05-24,134.51,135.68,134.22,134.51,339313
2016-05-25,135.68,137.42,135.39,137.42,903505
2016-05-26,136.55,138.29,135.68,137.71,675966
2016-05-27,138.29,139.74,138.0,139.74,1165642
2016-05-30,140.62,140.62,138.0,140.62,1331972
2016-05-31,138.58,140.33,138.0,140.03,1350601
2016-06-01,140.03,142.36,139.74,141.78,1250803
2016-06-02,141.78,142.07,140.91,141.2,633385
2016-06-03,142.36,142.36,141.49,142.36,1169634
2016-06-06,141.2,142.36,140.62,142.36,562861
2016-06-07,143.52,147.3,143.23,147.01,1526246
2016-06-08,147.88,149.91,145.26,147.88,1743141
2016-06-13,147.01,147.59,144.1,144.97,1910801
2016-06-14,142.94,144.1,142.36,143.23,1477012
2016-06-15,142.94,145.26,141.49,144.1,830320
2016-06-16,143.52,144.1,140.03,141.2,734514
2016-06-17,141.2,143.23,141.2,142.94,844957
2016-06-20,143.52,144.39,142.65,144.1,846288
2016-06-21,144.68,145.85,144.39,145.55,1342617
2016-06-22,143.81,144.68,141.2,141.2,1389190
2016-06-23,141.78,142.94,140.33,141.2,590805
2016-06-24,141.2,142.36,134.51,137.13,1576810
2016-06-27,135.1,137.13,135.1,136.55,848949
2016-06-28,136.26,139.16,136.26,139.16,1321327
2016-06-29,139.16,140.62,137.71,138.58,1546206
2016-06-30,142.46,147.52,140.97,145.73,1989309
2016-07-01,146.03,147.22,144.24,144.54,718546
2016-07-04,145.73,147.52,144.24,146.93,461732
2016-07-05,147.52,147.52,146.03,147.52,423144
2016-07-06,146.03,146.03,142.46,143.95,1166973
2016-07-07,144.84,146.03,144.24,145.14,383224
2016-07-08,145.14,145.14,145.14,145.14,0
2016-07-11,147.22,149.61,144.24,149.61,1140360
2016-07-12,150.21,152.29,148.42,149.31,1508948
2016-07-13,148.71,148.71,145.44,147.22,1272093
2016-07-14,147.22,149.61,146.93,149.61,1020602
2016-07-15,148.12,151.7,148.12,151.7,874231
2016-07-18,150.21,151.7,146.93,147.82,955400
2016-07-19,148.42,150.8,147.82,150.8,1007296
2016-07-20,150.8,153.19,149.91,152.59,1284069
2016-07-21,153.19,154.08,151.4,154.08,795723
2016-07-22,153.78,153.78,147.82,148.42,1238827
2016-07-25,150.5,151.99,148.12,149.91,872901
2016-07-26,149.61,151.1,149.01,151.1,582821
2016-07-27,151.1,151.1,148.12,150.8,928788
2016-07-28,151.4,151.4,148.71,149.31,608103
2016-07-29,149.31,149.91,146.93,147.82,855602
2016-08-01,150.8,150.8,147.82,148.42,975360
2016-08-02,149.91,149.91,143.35,146.63,2381849
2016-08-03,145.73,147.22,143.05,146.63,1791044
2016-08-04,146.63,147.22,145.44,147.22,1403827
2016-08-05,147.22,149.61,146.33,149.01,864917
2016-08-08,150.5,150.5,149.31,150.5,633385
2016-08-09,150.5,151.7,148.71,151.1,778425
2016-08-10,151.4,151.99,150.21,151.99,741167
2016-08-11,151.7,153.48,150.21,153.48,1141690
2016-08-12,153.48,154.08,152.59,154.08,769111
2016-08-15,154.08,154.38,151.99,153.78,867578
2016-08-16,153.78,153.78,152.29,153.78,671974
2016-08-17,152.59,154.08,151.4,152.89,832981
2016-08-18,151.99,151.99,149.61,151.1,747820
2016-08-19,150.21,150.8,149.01,149.01,856933
2016-08-22,149.01,151.99,148.71,151.7,830320
2016-08-23,150.8,151.7,150.21,150.5,911489
2016-08-24,152.59,154.97,150.8,154.97,992658
2016-08-25,154.97,154.97,153.78,154.08,650683
2016-08-26,153.78,154.97,153.19,154.97,448426
2016-08-29,154.97,154.97,151.4,154.08,324676
2016-08-30,153.19,154.97,153.19,154.68,576168
2016-08-31,153.78,156.76,153.78,154.38,1031247
2016-09-01,156.76,165.11,156.76,162.72,1918785
2016-09-02,162.72,163.32,160.34,162.42,693264
2016-09-05,160.93,165.7,160.93,162.72,926126
2016-09-06,163.62,168.09,162.72,166.89,908828
2016-09-07,167.79,169.58,166.89,167.49,593466
2016-09-08,168.98,172.56,168.09,171.07,1474351
2016-09-09,169.28,169.28,165.11,165.7,1200239
2016-09-12,161.53,163.02,158.25,158.55,1116408
2016-09-13,160.34,161.23,154.38,156.17,1325319
2016-09-14,155.57,159.44,154.97,157.06,1377214
2016-09-19,156.46,156.46,153.78,155.27,1651326
2016-09-20,154.68,157.66,152.29,153.19,1503625
2016-09-21,152.89,157.36,152.59,156.76,1095118
2016-09-22,156.76,157.06,154.68,156.76,548224
2016-09-23,157.06,157.66,155.57,157.06,528264
2016-09-26,156.76,157.66,156.17,157.36,574837
2016-09-27,157.36,157.36,157.36,157.36,0
2016-09-28,157.36,157.36,157.36,157.36,0
2016-09-29,157.06,165.11,156.46,164.81,2071809
2016-09-30,163.91,163.91,158.85,161.53,1401166
2016-10-03,160.93,162.13,160.34,160.93,633385
2016-10-04,161.23,162.13,158.85,162.13,761127
2016-10-05,159.74,160.93,157.36,157.36,934110
2016-10-06,158.55,159.44,156.76,158.55,1108424
2016-10-07,158.55,158.85,156.46,157.66,549555
2016-10-11,159.15,159.15,152.59,155.57,1132376
2016-10-12,154.97,156.76,152.59,156.46,606772
2016-10-13,155.87,156.17,150.8,153.19,1580802
2016-10-14,151.4,154.38,151.4,153.48,667982
2016-10-17,152.59,154.97,149.61,153.19,745159
2016-10-18,151.4,153.19,151.1,153.19,576168
2016-10-19,151.7,154.08,151.7,154.08,613425
2016-10-20,154.08,154.08,151.99,152.59,368587
2016-10-21,152.89,153.78,152.29,152.29,279434
2016-10-24,152.29,153.19,151.4,151.4,311370
2016-10-25,151.4,154.68,151.1,154.68,387216
2016-10-26,154.97,154.97,152.89,153.19,252821
2016-10-27,153.19,153.48,150.8,151.7,657337
2016-10-28,151.7,152.89,151.7,152.29,312700
2016-10-31,151.4,154.38,150.5,153.19,1065844
2016-11-01,154.38,154.38,152.29,153.19,638708
2016-11-02,154.08,154.08,151.1,152.29,884876
2016-11-03,151.1,152.89,146.03,148.12,1005965
2016-11-04,147.82,150.21,146.03,149.61,613425
2016-11-07,150.2,151.99,150.2,150.8,582821
2016-11-08,149.61,151.1,146.63,146.93,1526246
2016-11-09,149.31,150.5,144.54,147.82,1865560
2016-11-10,150.21,151.99,149.31,151.7,966046
2016-11-11,146.93,149.31,145.14,146.93,1659310
2016-11-14,146.63,147.82,144.24,146.63,984675
2016-11-15,145.14,147.52,145.14,146.63,939433
2016-11-16,147.82,149.31,146.33,147.82,993989
2016-11-17,148.42,149.31,147.22,148.42,711893
2016-11-18,146.93,149.31,146.63,149.01,557539
2016-11-21,148.12,149.31,146.93,149.01,476369
2016-11-22,148.12,151.99,148.12,150.21,778425
2016-11-23,150.8,152.59,150.8,152.29,722538
2016-11-24,152.29,152.29,150.5,151.7,287418
2016-11-25,150.8,150.8,149.61,150.5,335321
2016-11-28,150.5,153.19,150.5,152.89,377902
2016-11-29,153.78,153.78,151.99,152.89,463063
2016-11-30,153.78,153.78,151.7,152.89,1099110
2016-12-01,152.89,153.19,150.5,152.59,479031
2016-12-02,150.5,151.99,150.21,151.1,624071
2016-12-05,151.1,151.7,149.61,149.91,324676
2016-12-06,151.4,151.99,150.8,151.1,494998
2016-12-07,151.1,151.1,148.71,149.61,706570
2016-12-08,150.8,152.59,150.5,152.59,1457053
2016-12-09,152.59,154.38,151.7,154.38,637377
2016-12-12,154.38,154.38,151.4,152.89,573506
2016-12-13,151.4,151.7,149.61,150.21,592135
2016-12-14,150.5,151.4,150.21,150.21,570845
2016-12-15,149.61,149.91,148.42,149.61,589474
2016-12-16,150.21,150.8,148.12,149.01,1115078
2016-12-19,149.01,149.01,147.22,147.82,345966
2016-12-20,147.82,150.2,147.22,149.91,457740
2016-12-21,149.01,149.61,148.42,148.42,480361
2016-12-22,147.82,149.01,147.52,148.42,292741
2016-12-23,148.42,148.42,147.52,147.52,409837
2016-12-26,147.52,147.82,146.93,147.52,119757
2016-12-27,148.12,148.42,146.63,147.82,202257
2016-12-28,147.22,149.01,147.22,148.42,337983
2016-12-29,148.42,148.42,146.63,146.93,514958
2016-12-30,148.42,151.7,148.12,151.7,608103
2017-01-03,151.7,151.7,149.61,150.5,256813
2017-01-04,151.7,151.99,147.82,149.01,473708
2017-01-05,149.61,151.1,149.01,150.8,469716
2017-01-06,151.1,153.78,150.8,153.19,604111
2017-01-09,153.78,154.38,152.29,153.48,296733
2017-01-10,153.48,154.38,152.59,153.19,590805
2017-01-11,153.78,154.08,153.19,153.78,424474
2017-01-12,154.08,157.36,154.08,156.17,1296045
2017-01-13,157.36,158.55,155.57,158.55,779756
2017-01-16,157.36,158.25,155.27,156.17,228870
2017-01-17,156.17,158.25,156.17,157.06,279434
2017-01-18,157.36,158.55,156.17,156.76,713224
2017-01-19,156.76,157.95,155.27,157.36,931449
2017-01-20,157.36,157.95,156.76,157.95,433789
2017-01-23,159.15,159.74,157.95,158.85,479031
2017-01-24,158.25,158.85,156.76,157.95,662659
2017-02-02,157.95,159.74,154.97,154.97,1623383
2017-02-03,155.57,156.17,154.68,154.97,814352
2017-02-06,154.38,159.15,154.38,157.95,514958
2017-02-07,157.36,157.95,154.08,156.76,702579
2017-02-08,155.87,157.95,154.68,156.76,624071
2017-02-09,158.55,160.93,158.25,160.93,943425
2017-02-10,162.13,163.02,160.93,162.13,1254795
2017-02-13,160.93,160.93,158.25,159.44,564192
2017-02-14,160.64,160.64,159.44,160.34,397861
2017-02-15,160.93,162.72,160.93,161.83,894191
2017-02-16,162.13,162.13,158.55,159.74,750482
2017-02-17,160.34,160.93,157.66,158.25,487014
2017-02-20,159.15,159.15,157.36,157.95,477700
2017-02-21,159.44,159.44,157.95,158.55,465724
2017-02-22,159.74,160.64,159.44,159.74,786409
2017-02-23,160.64,160.64,158.55,159.15,494998
2017-02-24,159.15,162.13,155.87,155.87,1250803
2017-03-01,155.27,156.46,154.08,154.08,1289392
2017-03-02,154.68,155.27,152.89,154.68,1230843
2017-03-03,154.68,156.46,151.99,153.19,674635
2017-03-06,153.19,153.19,150.8,151.4,524272
2017-03-07,152.59,153.48,150.21,150.5,1300037
2017-03-08,150.5,153.48,150.5,153.48,1374553
2017-03-09,153.19,153.48,150.5,153.48,1294714
2017-03-10,153.48,153.48,151.1,151.4,1149674
2017-03-13,151.4,154.08,151.4,153.48,1013949
2017-03-14,152.29,154.68,152.29,152.59,795723
2017-03-15,152.59,152.89,151.4,152.59,534918
2017-03-16,154.68,155.87,154.38,155.87,811691
2017-03-17,154.97,155.57,153.78,155.57,927457
2017-03-20,155.57,155.57,153.19,154.38,610764
2017-03-21,154.68,155.87,154.38,155.87,874231
2017-03-22,152.59,153.48,151.4,152.89,1410480
2017-03-23,154.38,154.38,151.7,153.78,926126
2017-03-24,154.08,154.08,152.89,153.78,787740
2017-03-27,153.78,153.78,151.4,151.99,1351932
2017-03-28,153.48,153.48,146.03,149.61,2053180
2017-03-29,147.82,149.61,147.22,148.42,1836286
2017-03-30,149.61,149.91,147.22,149.61,791732
2017-03-31,148.71,151.4,148.71,151.4,1335964
2017-04-05,152.59,152.59,147.82,149.01,1053868
2017-04-06,149.91,149.91,148.12,148.42,537579
2017-04-07,148.42,149.31,147.82,148.71,927457
2017-04-10,147.82,149.61,147.82,149.31,637377
2017-04-11,151.1,151.1,147.82,148.12,814352
2017-04-12,146.93,148.12,146.03,146.63,775764
2017-04-13,146.33,147.82,145.44,147.22,669312
2017-04-14,147.22,147.52,146.03,147.22,429797
2017-04-17,147.22,148.12,146.33,147.82,306047
2017-04-18,147.82,147.82,145.44,145.44,556208
2017-04-19,144.24,144.54,138.28,141.26,1844269
2017-04-20,140.37,141.86,140.07,140.97,1410480
2017-04-21,141.56,147.82,141.56,147.82,1120400
2017-04-24,147.22,147.22,142.16,142.46,682619
2017-04-25,143.95,145.44,142.75,144.24,997981
2017-04-26,145.44,145.44,143.35,144.84,1461044
2017-04-27,144.84,146.03,143.65,145.14,670643
2017-04-28,145.14,146.33,144.54,145.44,757135
2017-05-02,146.33,146.93,145.44,145.73,561530
2017-05-03,146.03,146.63,144.84,145.73,303386
2017-05-04,145.73,146.63,143.95,144.84,669312
2017-05-05,144.24,145.14,143.05,143.05,467055
2017-05-08,144.84,144.84,139.48,139.48,1355924
2017-05-09,140.07,141.26,139.77,140.67,641369
2017-05-10,142.46,146.03,140.97,144.84,1065844
2017-05-11,145.44,145.44,142.46,142.75,504313
2017-05-12,144.54,145.73,143.05,144.24,550885
2017-05-15,146.33,146.33,144.54,144.84,870239
2017-05-16,145.44,145.73,143.65,145.14,509635
2017-05-17,145.44,146.33,143.65,146.33,666651
2017-05-18,144.84,144.84,143.05,143.65,699917
2017-05-19,143.65,143.65,143.05,143.35,514958
2017-05-22,142.75,144.24,142.46,143.05,401853
2017-05-23,141.86,143.65,141.86,143.65,589474
2017-05-24,143.65,145.14,143.05,144.54,721207
2017-05-25,144.54,145.73,144.24,145.73,767780
2017-05-26,146.63,146.63,145.73,146.03,863586
2017-05-31,146.93,147.52,145.44,145.44,1390520
2017-06-01,146.63,147.22,145.44,146.93,605442
2017-06-02,147.22,147.52,146.33,147.52,661329
2017-06-05,147.22,148.71,147.22,148.12,899514
2017-06-06,148.12,148.42,147.82,148.42,347297
2017-06-07,149.01,150.5,148.71,150.5,967376
2017-06-08,151.4,151.4,149.01,150.21,605442
2017-06-09,150.21,150.21,146.63,147.22,605442
2017-06-12,148.12,148.12,144.24,144.84,679958
2017-06-13,144.84,145.44,143.05,143.65,1433101
2017-06-14,144.24,144.54,141.56,142.16,1423787
2017-06-15,142.16,143.65,141.86,142.46,892860
2017-06-16,143.65,144.24,142.16,142.16,1151005
2017-06-19,142.46,142.75,141.26,141.56,1254795
2017-06-20,142.46,144.24,142.16,142.75,691933
2017-06-21,142.75,144.54,142.16,143.95,900844
2017-06-22,145.14,145.14,144.24,144.24,600119
2017-06-23,144.24,144.24,142.46,143.05,827659
2017-06-26,143.05,144.84,143.05,144.54,1366569
2017-06-27,145.14,145.44,143.95,144.24,819675
2017-06-28,143.65,144.84,142.75,144.24,878223
2017-06-29,145.44,145.44,144.24,144.84,1655318
2017-06-30,144.71,149.42,144.38,145.05,2563384
2017-07-03,146.06,146.73,145.05,145.72,856477
2017-07-04,145.72,146.39,144.71,145.05,1112937
2017-07-05,144.71,145.05,143.03,143.7,1266570
2017-07-06,144.04,144.38,142.36,143.03,1016159
2017-07-07,142.69,143.37,142.02,142.36,1785538
2017-07-10,142.69,142.69,141.35,142.02,722199
2017-07-11,144.04,149.09,144.04,148.41,1901670
2017-07-12,149.09,150.43,147.4,147.4,1383913
2017-07-13,150.1,150.1,148.75,149.42,837122
2017-07-14,149.76,152.79,149.76,152.12,1258102
2017-07-17,152.79,152.79,150.77,151.44,1660937
2017-07-18,151.44,151.44,149.42,150.77,1066967
2017-07-19,149.76,152.79,149.76,152.45,797201
2017-07-20,153.46,153.46,151.44,152.45,650826
2017-07-21,151.78,152.79,151.44,152.45,382269
2017-07-24,152.45,154.81,151.44,152.79,945996
2017-07-25,152.79,155.82,152.12,155.82,1085113
2017-07-26,156.15,157.16,153.13,153.13,1270199
2017-07-27,154.14,157.5,153.8,157.16,1567789
2017-07-28,156.49,156.49,150.77,151.44,2537980
2017-07-31,152.79,154.14,152.12,153.8,1335524
2017-08-01,154.81,156.15,151.44,156.15,1630694
2017-08-02,155.48,156.83,154.14,156.83,816557
2017-08-03,154.14,155.14,154.14,154.47,1025837
2017-08-04,154.47,154.81,153.13,153.8,927850
2017-08-07,153.8,154.14,153.13,154.14,825025
2017-08-08,154.14,154.14,153.13,153.46,852848
2017-08-09,152.12,154.14,152.12,153.46,683488
2017-08-10,153.46,153.46,147.4,150.1,1521820
2017-08-11,148.08,150.43,148.08,150.1,679859
2017-08-14,150.1,150.77,148.08,148.41,555258
2017-08-15,149.42,150.1,148.75,150.1,241942
2017-08-16,149.42,149.76,146.06,147.4,752442
2017-08-17,147.74,151.11,147.74,150.43,770587
2017-08-18,148.75,150.77,147.4,149.76,1267780
2017-08-21,149.76,149.76,147.4,149.42,527620
2017-08-22,149.76,153.46,149.76,152.45,791370
2017-08-23,152.45,152.79,151.44,151.78,730047
2017-08-24,151.78,154.47,151.78,154.47,1050576
2017-08-25,153.46,154.47,152.79,154.47,579425
2017-08-28,154.81,154.81,153.46,154.14,342433
2017-08-29,153.46,153.46,151.44,152.79,437680
2017-08-30,152.45,153.46,151.11,152.12,525665
2017-08-31,152.12,152.12,149.42,149.76,906861
2017-09-01,149.76,151.44,148.75,148.75,748169
2017-09-04,148.75,150.77,148.75,150.43,339955
2017-09-05,150.77,152.12,150.1,152.12,789247
2017-09-06,151.11,151.11,149.42,149.42,408601
2017-09-07,150.77,151.11,148.08,148.75,743319
2017-09-08,149.76,150.77,149.09,150.43,510353
2017-09-11,150.77,150.77,148.75,149.76,308622
2017-09-12,150.1,150.77,149.09,149.42,253115
2017-09-13,149.76,149.76,146.73,147.4,615894
2017-09-14,146.73,147.4,146.06,146.39,915319
2017-09-15,146.06,147.07,145.39,145.39,1900446
2017-09-18,147.4,148.08,146.06,147.4,692568
2017-09-19,147.4,147.4,145.39,145.72,577429
2017-09-20,145.72,145.72,144.71,145.05,998952
2017-09-21,144.71,145.39,143.37,144.71,1576533
2017-09-22,144.71,145.39,144.04,144.71,604680
2017-09-25,144.71,145.39,143.37,145.05,518490
2017-09-26,145.39,146.06,144.71,145.72,542486
2017-09-27,145.05,145.72,144.71,145.72,992364
2017-09-28,146.06,146.06,144.71,145.72,673894
2017-09-29,145.39,145.72,145.05,145.39,621529
2017-10-02,143.37,144.71,143.37,143.7,925314
2017-10-03,143.37,145.39,143.37,144.04,632092
2017-10-05,145.05,146.06,144.38,146.06,867986
2017-10-06,146.06,146.39,143.7,144.71,794180
2017-10-11,144.71,144.71,140.67,141.35,1770699
2017-10-12,141.01,141.35,135.96,137.31,2634127
2017-10-13,137.98,140.0,137.31,139.33,1187100
2017-10-16,138.99,140.0,138.65,139.66,872125
2017-10-17,139.33,139.66,137.98,138.99,1219351
2017-10-18,139.33,139.66,133.94,135.63,2134022
2017-10-19,135.63,137.31,134.28,137.31,1866615
2017-10-20,135.96,137.64,135.96,136.97,1003395
2017-10-23,137.98,138.65,136.97,138.32,701161
2017-10-24,139.33,141.01,138.99,141.01,716352
2017-10-25,141.35,141.35,137.98,138.65,1205729
2017-10-26,138.65,138.99,137.98,138.32,958400
2017-10-27,138.65,140.0,138.32,138.99,397989
2017-10-30,140.0,141.01,139.33,140.0,1104184
2017-10-31,140.0,140.0,138.65,138.65,646096
2017-11-01,138.65,140.34,138.65,140.0,835618
2017-11-02,139.33,139.33,135.96,137.98,970898
2017-11-03,137.98,138.65,135.96,137.64,1237409
2017-11-06,137.31,139.33,137.31,139.33,922826
2017-11-07,139.33,141.35,139.33,140.67,1129061
2017-11-08,140.0,140.0,137.31,139.33,2236004
2017-11-09,138.32,139.33,137.64,138.65,774659
2017-11-10,138.65,138.65,137.31,137.98,785194
2017-11-13,137.31,137.98,136.97,137.98,354644
2017-11-14,137.31,137.64,135.96,136.3,794592
2017-11-15,136.3,136.64,133.61,134.62,1756778
2017-11-16,133.94,135.63,133.94,134.95,559877
2017-11-17,134.95,135.96,134.62,134.62,503662
2017-11-20,134.62,136.3,134.62,135.63,765267
2017-11-21,135.96,135.96,133.61,133.94,1747348
2017-11-22,133.94,141.01,133.94,139.33,3274142
2017-11-23,140.34,140.34,137.64,137.98,849306
2017-11-24,137.98,139.33,137.31,138.32,821701
2017-11-27,139.33,139.33,136.64,137.31,482078
2017-11-28,137.31,137.31,135.63,137.31,762125
2017-11-29,137.31,137.31,135.29,135.63,805110
2017-11-30,135.63,135.63,134.62,134.62,1508959
2017-12-01,135.29,135.63,133.94,134.28,867366
2017-12-04,133.94,135.29,133.61,134.62,839175
2017-12-05,134.62,134.62,132.6,134.62,1148969
2017-12-06,135.63,135.63,133.27,133.94,825015
2017-12-07,136.64,137.64,134.28,135.63,1702406
2017-12-08,134.62,136.3,133.94,134.28,766134
2017-12-11,135.29,136.97,134.95,136.64,644273
2017-12-12,136.64,136.97,134.95,135.96,375212
2017-12-13,135.63,135.63,134.95,135.63,263308
2017-12-14,135.96,137.64,135.29,137.64,766961
2017-12-15,137.64,137.98,135.96,136.64,1774985
2017-12-18,137.64,139.33,136.97,139.33,967830
2017-12-19,140.0,140.67,138.99,140.34,1062748
2017-12-20,140.67,142.36,140.67,142.02,1450812
2017-12-21,142.02,143.37,142.02,142.36,987327
2017-12-22,142.69,143.03,141.35,141.68,680215
2017-12-25,141.35,141.35,140.34,141.01,147568
2017-12-26,140.67,140.67,139.33,139.66,302597
2017-12-27,138.99,141.01,138.32,140.0,484344
2017-12-28,138.99,141.35,138.32,140.0,840389
2017-12-29,141.35,142.36,140.67,141.68,1020879
2018-01-02,142.69,145.05,142.02,144.71,1184403
2018-01-03,145.39,147.74,144.71,145.72,1688002
2018-01-04,146.39,146.39,142.69,143.7,1694016
2018-01-05,144.38,146.39,144.04,145.39,1431823
2018-01-08,147.4,152.45,146.73,152.12,3298028
2018-01-09,152.12,152.12,149.76,151.44,1482833
2018-01-10,152.45,152.45,151.44,151.78,1115929
2018-01-11,151.78,151.78,150.43,151.78,966403
2018-01-12,151.44,153.13,150.77,151.78,741435
2018-01-15,152.45,157.16,152.45,157.16,1759065
2018-01-16,156.15,158.17,155.14,158.17,772604
2018-01-17,156.83,158.17,156.15,158.17,792661
2018-01-18,159.18,160.53,158.51,160.53,1201146
2018-01-19,160.19,160.87,158.17,159.52,548496
2018-01-22,158.85,159.52,155.82,159.52,815787
2018-01-23,159.52,159.86,158.17,159.52,697108
2018-01-24,159.52,159.52,156.83,158.17,811640
2018-01-25,158.17,159.18,157.16,158.51,1004881
2018-01-26,158.85,160.19,158.51,158.85,842893
2018-01-29,160.19,160.19,154.14,155.48,875802
2018-01-30,155.48,155.48,152.79,153.46,709363
2018-01-31,152.12,154.14,151.78,153.46,645112
2018-02-01,152.79,154.14,151.78,152.45,485425
2018-02-02,151.78,152.79,151.78,151.78,751855
2018-02-05,151.44,152.79,149.42,152.12,821342
2018-02-06,146.06,148.75,140.67,143.37,1980470
2018-02-07,144.71,147.74,143.03,143.03,981635
2018-02-08,145.05,148.08,144.04,147.4,1017633
2018-02-09,142.69,143.37,140.0,141.01,1232341
2018-02-12,141.35,141.68,138.99,139.33,1085768
2018-02-21,143.37,145.39,141.68,143.03,1407911
2018-02-22,141.35,145.05,141.35,145.05,813344
2018-02-23,144.38,145.72,144.04,145.72,672979
2018-02-26,146.06,146.73,144.71,144.71,444043
2018-02-27,146.39,146.73,145.72,146.39,688906
2018-03-01,145.39,146.39,143.03,145.05,689411
2018-03-02,142.69,143.7,142.02,143.7,582086
2018-03-05,145.72,145.72,141.68,142.02,623010
2018-03-06,144.04,144.71,142.69,143.03,352982
2018-03-07,142.69,146.06,142.69,145.39,685806
2018-03-08,145.72,146.06,144.38,144.71,962158
2018-03-09,145.72,146.73,144.71,146.39,823111
2018-03-12,147.74,148.75,146.73,148.08,748119
2018-03-13,148.08,149.09,148.08,149.09,741407
2018-03-14,148.41,148.41,147.07,147.74,350422
2018-03-15,147.07,147.4,146.06,147.4,371388
2018-03-16,147.4,147.4,142.69,143.7,1696730
2018-03-19,143.03,144.71,142.02,142.36,1063056
2018-03-20,140.67,141.68,140.34,141.35,1227072
2018-03-21,142.69,143.37,141.01,143.03,718016
2018-03-22,142.69,144.04,142.02,142.69,831159
2018-03-23,140.34,141.68,140.0,141.01,796868
2018-03-26,140.0,142.02,139.66,141.01,542747
2018-03-27,142.36,143.37,141.35,141.35,597366
2018-03-28,141.01,142.69,140.0,140.67,642300
2018-03-29,142.36,142.36,140.0,140.67,1085919
2018-03-30,142.69,142.69,140.67,140.67,525013
2018-04-02,141.68,142.36,141.35,141.35,636967
2018-04-03,140.34,140.34,138.99,139.33,974969
2018-04-09,139.33,141.01,138.99,139.66,1566412
2018-04-10,138.99,140.34,138.65,138.65,927602
2018-04-11,140.34,140.67,138.32,138.65,738525
2018-04-12,140.0,140.67,137.98,139.33,469132
2018-04-13,140.0,140.34,138.99,139.33,612846
2018-04-16,138.99,139.33,137.98,137.98,726417
2018-04-17,137.98,138.65,134.62,135.63,2205837
2018-04-18,136.3,136.64,135.63,135.63,1068413
2018-04-19,136.3,137.31,136.3,136.97,1220600
2018-04-20,136.97,136.97,136.3,136.64,1153169
2018-04-23,136.64,138.99,135.63,136.97,585524
2018-04-24,136.97,137.31,135.63,136.97,785751
2018-04-25,139.33,139.33,135.29,136.64,584290
2018-04-26,136.64,137.31,135.29,135.29,364022
2018-04-27,135.63,136.64,134.62,134.95,628384
2018-04-30,135.29,139.33,135.29,137.64,1061993
2018-05-02,136.64,137.31,134.62,135.29,775995
2018-05-03,135.29,140.0,135.29,138.99,1465355
2018-05-04,138.32,139.66,137.31,137.31,1030338
2018-05-07,137.31,138.32,136.97,138.32,542196
2018-05-08,138.99,139.66,137.64,137.98,499295
2018-05-09,138.32,138.65,137.31,137.98,373633
2018-05-10,139.33,140.0,138.32,138.99,375728
2018-05-11,139.66,140.67,139.66,140.34,298409
2018-05-14,141.01,141.35,140.34,140.34,543979
2018-05-15,140.34,140.34,136.97,138.32,539538
2018-05-16,138.65,141.01,138.32,141.01,501112
2018-05-17,141.35,141.35,138.99,138.99,410157
2018-05-18,139.33,140.34,137.98,138.65,304730
2018-05-21,138.65,141.01,138.65,140.67,475571
2018-05-22,140.67,141.68,139.66,140.34,564520
2018-05-23,141.01,141.01,138.99,139.66,388382
2018-05-24,140.0,140.34,139.33,140.0,206429
2018-05-25,139.33,140.67,138.99,140.0,258751
2018-05-28,140.67,141.35,140.34,140.67,271802
2018-05-29,141.35,141.35,139.66,140.67,336852
2018-05-30,138.99,138.99,136.3,136.3,924541
2018-05-31,138.32,138.32,135.96,136.64,1724919
2018-06-01,136.64,137.64,136.3,137.64,373006
2018-06-04,138.32,139.33,137.98,138.32,487865
2018-06-05,139.66,140.0,138.99,140.0,598409
2018-06-06,138.99,140.34,138.32,139.33,843652
2018-06-07,139.66,140.0,138.32,139.33,432353
2018-06-08,141.01,142.36,140.34,141.01,1196403
2018-06-11,142.02,142.36,140.0,140.34,487275
2018-06-12,139.33,140.67,138.99,139.33,301015
2018-06-13,139.33,141.01,139.33,139.33,454508
2018-06-14,138.65,139.66,138.32,138.65,639894
2018-06-15,138.32,140.0,137.98,138.99,1404424
2018-06-19,137.64,137.64,135.96,136.97,1231130
2018-06-20,137.31,138.32,135.96,137.64,670276
2018-06-21,137.64,138.65,136.97,136.97,718917
2018-06-22,136.97,136.97,135.63,135.96,457832
2018-06-25,135.96,135.96,134.62,134.95,708896
2018-06-26,134.62,135.29,133.94,134.28,1072092
2018-06-27,134.62,134.62,133.27,133.61,1021481
2018-06-28,133.94,133.94,131.59,131.59,1617361
2018-06-29,133.94,135.63,133.61,135.29,1440534
2018-07-02,135.29,136.64,133.61,133.94,922084
2018-07-03,133.94,134.28,129.9,130.91,1587049
2018-07-04,131.92,131.92,130.91,131.25,342211
2018-07-05,131.92,131.92,129.9,129.9,955360
2018-07-06,130.24,130.91,129.9,129.9,982114
2018-07-09,130.32,133.46,130.32,132.41,928338
2018-07-10,134.15,135.2,133.11,134.5,688197
2018-07-11,134.5,134.5,133.11,133.8,325815
2018-07-12,133.8,135.89,133.46,135.89,495011
2018-07-13,136.59,136.59,134.5,135.89,1421137
2018-07-16,136.24,136.94,135.55,135.89,483763
2018-07-17,135.2,139.03,133.8,137.29,1111493
2018-07-18,138.68,140.77,137.29,140.77,801161
2018-07-19,140.77,140.77,136.94,138.68,620764
2018-07-20,138.68,139.38,137.64,137.98,381858
2018-07-23,139.38,140.42,138.33,140.08,316284
2018-07-24,139.38,141.12,137.98,141.12,431048
2018-07-25,141.12,141.82,139.38,141.47,383808
2018-07-26,141.47,141.47,137.64,141.12,441862
2018-07-27,140.77,141.47,140.42,141.12,371418
2018-07-30,139.73,139.73,137.98,139.03,904667
2018-07-31,140.08,141.12,138.33,141.12,781342
2018-08-01,140.08,142.51,140.08,142.51,708495
2018-08-02,142.17,142.17,139.38,140.08,311330
2018-08-03,140.08,140.42,139.73,139.73,215025
2018-08-06,139.38,141.12,139.38,139.73,230051
2018-08-07,139.73,140.08,139.38,139.73,270939
2018-08-08,140.77,142.51,140.42,142.17,541608
2018-08-09,141.47,141.47,140.42,140.42,164309
2018-08-10,140.42,142.17,140.08,141.82,266570
2018-08-13,140.42,140.77,138.33,138.68,542836
2018-08-14,137.98,139.38,137.98,139.03,328866
2018-08-15,138.33,139.38,136.59,136.59,419608
2018-08-16,136.94,139.38,136.59,137.29,491279
2018-08-17,137.98,139.38,137.64,137.64,230258
2018-08-20,138.33,139.73,137.29,137.29,519543
2018-08-21,139.03,140.42,139.03,140.42,462715
2018-08-22,141.12,141.47,139.38,140.42,463035
2018-08-23,141.47,142.17,140.77,141.82,410284
2018-08-24,141.47,142.17,139.73,141.82,299990
2018-08-27,142.86,145.65,142.17,145.65,844734
2018-08-28,145.65,147.04,143.56,147.04,882757
2018-08-29,147.04,148.09,146.0,147.04,690991
2018-08-30,147.74,147.74,144.61,145.65,732092
2018-08-31,145.65,145.65,142.86,145.65,1323198
2018-09-03,145.65,146.0,143.21,143.91,343411
2018-09-04,144.95,144.95,143.91,144.95,170506
2018-09-05,144.95,144.95,143.21,144.26,583347
2018-09-06,142.17,145.3,142.17,144.26,505065
2018-09-07,142.17,143.56,141.47,142.86,777182
2018-09-10,144.26,147.04,143.21,146.35,1126691
2018-09-11,147.74,149.48,145.65,147.04,1274989
2018-09-12,146.7,148.44,143.91,147.74,877087
2018-09-13,147.74,149.48,146.35,147.04,870509
2018-09-14,147.39,150.53,147.39,149.83,1197838
2018-09-17,149.83,150.18,149.14,149.83,740899
2018-09-18,149.14,150.88,148.79,150.18,902947
2018-09-19,150.18,151.23,149.48,150.53,943312
2018-09-20,150.53,153.66,149.83,152.62,1219028
2018-09-21,153.32,154.71,152.62,154.01,1484112
2018-09-25,152.62,154.71,152.27,154.71,733767
2018-09-26,155.06,159.59,155.06,158.54,1328650
2018-09-27,157.15,163.77,157.15,163.42,1716344
2018-09-28,164.47,164.47,156.8,158.54,2855838
2018-10-01,158.19,159.94,155.76,158.19,1122072
2018-10-02,156.45,156.8,153.66,155.06,1096299
2018-10-03,154.01,155.06,153.32,154.01,513556
2018-10-04,152.62,153.66,151.92,152.97,644891
2018-10-05,151.92,152.27,147.74,151.23,1270432
2018-10-08,150.88,151.23,146.35,147.39,999817
2018-10-09,146.35,146.35,142.86,143.21,1602058
2018-10-11,129.97,139.73,129.97,135.89,2233556
2018-10-12,132.76,140.08,132.76,139.38,1374819
2018-10-15,139.38,139.73,135.89,138.68,994789
2018-10-16,138.68,139.38,135.89,137.29,1137693
2018-10-17,138.33,140.08,137.98,139.38,1066738
2018-10-18,139.38,142.86,139.38,142.86,1013941
2018-10-19,141.82,142.51,141.12,142.51,755040
2018-10-22,142.86,144.61,141.47,144.61,495284
2018-10-23,145.3,145.65,142.17,142.86,750159
2018-10-24,143.56,146.0,142.51,144.61,984816
2018-10-25,141.47,144.61,141.47,143.56,1544593
2018-10-26,142.86,145.3,141.47,143.56,805841
2018-10-29,145.65,147.74,143.91,147.04,1028017
2018-10-30,148.44,148.79,143.21,144.26,1150652
2018-10-31,146.35,148.44,146.35,148.44,959305
2018-11-01,149.14,153.32,148.44,152.62,1036496
2018-11-02,153.32,154.01,150.18,151.57,925853
2018-11-05,150.53,154.01,150.53,153.32,929532
2018-11-06,154.01,154.36,150.53,152.62,855427
2018-11-07,153.32,158.89,152.97,158.89,1670698
2018-11-08,160.29,162.38,158.89,160.63,2232256
2018-11-09,159.94,160.98,158.54,160.98,614849
2018-11-12,160.98,162.38,158.89,159.94,696939
2018-11-13,153.66,160.29,153.66,159.24,978986
2018-11-14,156.8,160.29,156.8,158.54,385153
2018-11-15,158.54,160.98,157.5,160.98,472023
2018-11-16,162.03,162.38,159.59,160.63,612653
2018-11-19,162.38,162.38,156.8,157.5,787757
2018-11-20,156.8,156.8,151.92,154.71,1628357
2018-11-21,153.32,153.66,151.92,153.32,1087080
2018-11-22,153.32,155.76,151.57,152.62,962015
2018-11-23,153.66,155.06,151.57,154.01,729734
2018-11-26,155.41,156.8,152.27,155.41,854698
2018-11-27,155.41,157.15,152.97,156.1,661711
2018-11-28,156.8,160.29,154.71,160.29,1000392
2018-11-29,160.29,160.63,156.1,157.15,1100152
2018-11-30,158.19,162.72,157.5,162.72,1600884
2018-12-03,163.07,164.82,160.63,162.38,1732950
2018-12-04,161.33,163.77,159.94,161.68,948379
2018-12-05,160.29,162.03,157.85,159.94,409652
2018-12-06,160.98,160.98,155.41,157.15,752465
2018-12-07,158.54,160.98,158.54,160.63,724972
2018-12-10,156.45,157.85,155.06,155.76,620655
2018-12-11,156.45,158.54,155.76,157.5,446362
2018-12-12,161.33,161.33,156.8,157.15,696537
2018-12-13,158.89,159.59,157.85,158.89,810039
2018-12-14,157.5,157.5,154.01,154.01,707376
2018-12-17,156.1,156.1,152.97,155.41,702241
2018-12-18,154.01,156.1,154.01,156.1,346433
2018-12-19,155.41,156.8,154.01,156.45,693961
2018-12-20,156.45,157.5,152.97,152.97,938117
2018-12-21,150.53,152.27,149.83,149.83,1518290
2018-12-24,148.79,149.83,148.44,149.48,438540
2018-12-25,149.48,149.48,146.35,147.74,263913
2018-12-26,147.39,148.44,146.35,146.35,172303
2018-12-27,148.44,150.18,147.04,149.14,368411
2018-12-28,149.14,149.14,146.35,146.7,676415
2019-01-02,147.39,149.83,146.35,147.04,842444
2019-01-03,147.04,149.14,147.04,149.14,377946
2019-01-04,147.39,151.92,147.04,151.92,822075
2019-01-07,152.97,152.97,149.83,151.23,706919
2019-01-08,151.23,153.32,149.48,151.92,501766
2019-01-09,153.32,156.1,151.92,154.71,773152
2019-01-10,154.71,156.1,153.32,155.41,601590
2019-01-11,154.36,155.41,152.97,154.71,768503
2019-01-14,154.71,154.71,150.53,150.88,482211
2019-01-15,152.97,155.41,150.88,154.71,782624
2019-01-16,156.1,157.5,154.71,155.76,614401
2019-01-17,156.8,156.8,155.06,155.06,268776
2019-01-18,155.41,159.59,154.71,159.59,989402
2019-01-21,160.29,161.33,157.5,160.29,842154
2019-01-22,160.29,160.29,158.19,159.94,640109
2019-01-23,158.19,159.94,157.85,158.89,372190
2019-01-24,157.85,160.29,157.85,160.29,780563
2019-01-25,159.94,161.33,158.54,160.98,555349
2019-01-28,160.98,160.98,158.54,160.98,835831
2019-01-29,159.59,159.59,156.1,157.5,553376
2019-01-30,158.54,159.94,157.15,159.24,847254
2019-02-11,160.29,160.98,157.5,157.5,1328394
2019-02-12,157.5,159.24,156.1,156.8,983846
2019-02-13,156.8,157.85,150.88,157.15,1747262
2019-02-14,157.15,157.85,155.06,157.85,938261
2019-02-15,157.85,163.07,157.85,162.03,1641998
2019-02-18,162.38,162.72,158.89,159.94,729100
2019-02-19,160.98,160.98,157.85,158.89,341952
2019-02-20,158.89,161.33,158.54,160.29,1075161
2019-02-21,160.29,163.07,158.54,160.29,1167122
2019-02-22,160.29,161.68,159.24,160.98,1228451
2019-02-25,164.47,164.47,161.68,163.42,1925647
2019-02-26,162.72,163.77,161.68,163.42,1373738
2019-02-27,163.77,164.12,161.68,163.77,1282620
2019-03-04,163.77,165.86,159.94,161.68,2114855
2019-03-05,163.42,169.35,163.42,168.3,2746842
2019-03-06,166.91,168.65,166.21,167.25,1083011
2019-03-07,166.91,168.3,164.47,165.16,869560
2019-03-08,167.25,168.3,165.86,165.86,717442
2019-03-11,167.6,167.6,166.21,167.25,667364
2019-03-12,168.65,168.65,166.21,166.21,827581
2019-03-13,168.3,171.44,168.3,170.04,1725212
2019-03-14,174.22,179.1,171.44,174.22,1650690
2019-03-15,173.87,176.66,171.09,174.92,1927332
2019-03-18,178.4,181.19,177.36,178.75,2086160
2019-03-19,178.4,180.5,175.97,178.75,728868
2019-03-20,178.4,182.24,177.36,181.19,1262859
2019-03-21,181.19,182.24,180.15,181.19,1311204
2019-03-22,181.19,181.19,178.06,180.5,1165338
2019-03-25,178.06,178.75,176.66,178.75,995595
2019-03-26,180.5,182.24,179.8,181.19,754905
2019-03-27,181.19,182.59,180.15,182.59,576873
2019-03-28,180.5,181.54,179.1,180.15,449129
2019-03-29,180.84,180.84,176.66,178.4,811628
2019-04-01,179.1,180.15,175.27,177.01,1183077
2019-04-02,177.01,179.45,174.92,175.62,1121021
2019-04-03,174.22,175.27,172.13,172.83,1188212
2019-04-08,175.62,175.97,173.18,175.62,1047134
2019-04-09,174.22,174.57,173.53,174.22,939995
2019-04-10,173.18,174.22,172.13,174.22,553508
2019-04-11,175.62,178.4,169.69,173.18,822401
2019-04-12,174.22,174.57,171.78,173.18,516495
2019-04-15,174.22,174.57,172.13,172.83,412188
2019-04-16,173.87,174.22,171.09,172.83,570091
2019-04-17,172.13,174.22,171.44,172.83,423984
2019-04-18,173.18,173.87,170.04,171.09,515323
2019-04-19,172.48,172.48,169.0,169.0,395539
2019-04-22,170.74,171.44,168.65,169.35,344977
2019-04-23,168.65,170.04,167.6,170.04,480003
2019-04-24,171.78,174.22,171.44,172.48,1108307
2019-04-25,172.48,176.31,172.48,176.31,906131
2019-04-26,174.57,174.57,171.44,173.53,666550
2019-04-29,173.53,174.92,171.78,174.92,364451
2019-04-30,174.92,174.92,172.13,174.22,451137
2019-05-02,174.92,176.31,170.39,172.13,906938
2019-05-03,172.83,174.57,172.13,173.18,420812
2019-05-06,170.74,171.44,169.35,170.74,440292
2019-05-07,172.13,172.13,169.69,170.74,793377
2019-05-08,170.74,177.36,170.74,176.31,1844503
2019-05-09,176.31,177.36,175.27,175.27,1646271
2019-05-10,174.92,178.06,173.18,175.62,1351175
2019-05-13,175.62,177.01,171.44,172.83,745222
2019-05-14,169.69,174.22,169.35,170.74,683301
2019-05-15,169.35,174.57,169.35,172.13,744748
2019-05-16,171.44,173.53,170.74,172.13,571447
2019-05-17,171.44,174.92,171.09,173.18,1263061
2019-05-20,174.22,174.92,171.44,172.13,916069
2019-05-21,171.78,171.78,167.95,170.04,1408169
2019-05-22,170.04,172.83,169.35,169.35,636723
2019-05-23,171.09,172.83,169.35,170.74,517147
2019-05-24,171.44,177.36,171.44,176.31,859291
2019-05-27,177.71,178.06,174.92,176.31,796573
2019-05-28,177.36,177.71,175.27,175.97,1852337
2019-05-29,175.97,177.71,175.62,176.31,716519
2019-05-30,176.31,181.19,176.31,180.5,1193891
2019-05-31,180.15,187.81,179.45,184.68,2006017
2019-06-03,183.98,184.33,179.8,179.8,1116880
2019-06-04,178.75,181.89,178.75,180.84,1222747
2019-06-05,182.24,183.28,179.45,180.84,587758
2019-06-06,180.84,181.89,179.1,180.84,703929
2019-06-10,182.24,187.81,180.84,181.19,1700786
2019-06-11,179.8,182.93,178.75,179.8,620492
2019-06-12,179.8,182.59,179.45,181.19,601345
2019-06-13,181.89,183.98,178.4,179.1,719062
2019-06-14,179.1,182.59,178.4,180.84,734965
2019-06-17,180.84,182.24,179.8,180.84,615100
2019-06-18,179.8,181.54,178.06,179.45,487043
2019-06-19,181.54,184.33,180.84,181.54,1340542
2019-06-20,184.33,184.68,180.84,180.84,1012760
2019-06-21,180.84,183.28,179.8,179.8,1344032
2019-06-24,179.8,183.28,179.8,182.24,584386
2019-06-25,182.24,183.98,181.54,183.63,447686
2019-06-26,185.37,185.37,183.63,184.33,852144
2019-06-27,184.33,186.07,182.93,185.37,1494613
2019-06-28,186.07,186.07,183.28,183.98,742745
2019-07-01,186.07,186.77,182.24,184.33,714140
2019-07-02,184.68,184.68,181.19,181.19,479057
2019-07-03,181.19,182.24,179.8,181.54,264950
2019-07-04,180.5,183.28,180.5,183.28,501530
2019-07-05,183.28,183.63,180.5,181.19,402807
2019-07-08,180.5,183.98,180.5,183.98,526355
2019-07-09,184.55,185.26,183.83,183.83,634758
2019-07-10,184.55,184.55,183.12,184.55,452649
2019-07-11,185.26,187.77,184.55,186.69,1784749
2019-07-12,185.98,187.05,185.26,185.98,1815369
2019-07-15,186.69,187.05,184.55,184.91,678428
2019-07-16,185.62,187.41,185.26,186.34,1226324
2019-07-17,187.05,187.05,185.62,187.05,1837892
2019-07-18,185.62,186.69,183.83,185.26,541578
2019-07-19,185.26,186.69,183.83,186.69,271058
2019-07-22,187.05,187.41,185.98,186.34,463122
2019-07-23,186.69,193.13,186.34,192.77,1118971
2019-07-24,192.42,194.21,189.91,190.27,1175912
2019-07-25,191.7,193.85,190.99,191.7,1503365
2019-07-26,190.27,190.27,187.41,189.2,696157
2019-07-29,187.77,188.48,186.69,187.05,1146795
2019-07-30,188.13,190.63,187.05,189.56,954520
2019-07-31,188.13,189.56,186.34,188.13,925125
2019-08-01,185.98,188.48,185.98,187.77,653479
2019-08-02,184.91,186.69,184.19,184.91,640711
2019-08-05,184.19,185.98,183.12,183.83,1215000
2019-08-06,180.26,182.76,178.83,182.05,1306514
2019-08-07,182.05,185.62,180.97,184.55,1466846
2019-08-08,185.62,185.62,183.83,184.55,1032874
2019-08-12,182.4,185.26,182.4,182.76,1112864
2019-08-13,184.55,189.56,183.48,186.69,1890109
2019-08-14,186.34,188.84,185.62,187.41,704179
2019-08-15,183.48,186.34,183.48,184.55,608085
2019-08-16,184.55,190.99,182.76,187.05,2357425
2019-08-19,189.56,192.42,188.13,191.34,965385
2019-08-20,193.13,196.71,192.77,196.71,1839740
2019-08-21,196.71,196.71,190.27,192.77,1599095
2019-08-22,194.92,194.92,189.2,189.56,1048932
2019-08-23,190.63,192.77,190.27,190.99,599597
2019-08-26,187.77,188.48,185.62,186.69,409176
2019-08-27,189.56,190.27,187.77,188.13,1256821
2019-08-28,188.13,190.27,188.13,189.2,598533
2019-08-29,191.7,196.71,189.91,189.91,1511672
2019-08-30,191.7,193.13,189.91,190.99,1042438
2019-09-02,192.77,192.77,190.63,191.34,267864
2019-09-03,193.13,193.13,188.48,188.48,373845
2019-09-04,190.27,191.7,188.48,190.27,916705
2019-09-05,192.06,192.77,191.7,192.42,1947650
2019-09-06,193.13,195.99,191.7,195.99,714003
2019-09-10,194.92,196.35,191.7,192.06,732120
2019-09-11,192.77,195.64,192.06,194.56,656334
2019-09-12,195.99,195.99,194.56,195.28,448276
2019-09-16,196.71,198.14,195.28,196.35,716189
2019-09-17,195.99,195.99,194.56,195.28,508147
2019-09-18,194.92,197.78,193.13,196.35,727115
2019-09-19,195.64,195.64,190.27,192.77,1285346
2019-09-20,194.21,195.28,192.77,194.56,958723
2019-09-23,194.56,195.99,193.49,194.92,277795
2019-09-24,195.64,197.78,194.21,197.78,680210
2019-09-25,197.42,197.42,194.56,194.92,374369
2019-09-26,196.71,197.42,194.92,196.35,403182
2019-09-27,196.35,196.35,193.85,195.28,490327
2019-10-01,203.86,208.87,199.21,201.0,1296483
2019-10-02,199.21,200.64,198.86,199.57,671553
2019-10-03,195.99,201.0,195.99,201.0,747296
2019-10-04,199.93,201.0,199.57,199.93,394172
2019-10-07,199.93,201.36,199.57,201.36,384735
2019-10-08,205.29,207.8,201.36,203.15,1157126
2019-10-09,201.72,204.22,199.57,199.57,529447
2019-10-14,202.79,202.79,199.93,199.93,728204
2019-10-15,201.0,201.36,199.57,201.36,554075
2019-10-16,201.72,204.58,200.64,204.22,764982
2019-10-17,204.22,205.65,202.79,205.65,514303
2019-10-18,205.65,205.65,203.86,204.22,324064
2019-10-21,204.58,205.65,203.86,204.22,280013
2019-10-22,204.58,207.44,204.58,207.08,635155
2019-10-23,205.29,209.58,204.58,207.08,716799
2019-10-24,209.23,211.73,207.8,211.73,700332
2019-10-25,213.52,217.81,211.02,212.8,1197533
2019-10-28,214.23,214.23,211.73,211.73,420842
2019-10-29,214.59,215.31,211.73,211.73,373452
2019-10-30,211.73,214.59,209.94,213.88,473578
2019-10-31,215.31,215.66,212.45,215.66,879320
2019-11-01,216.02,217.81,214.59,216.74,532046
2019-11-04,218.88,223.89,218.88,222.1,1484603
2019-11-05,222.46,224.25,220.67,221.74,804816
2019-11-06,223.18,223.18,220.31,220.67,829274
2019-11-07,221.74,224.61,219.96,221.74,1106698
2019-11-08,221.74,222.46,218.17,220.67,842944
2019-11-11,220.31,220.67,218.17,219.24,709898
2019-11-12,219.96,222.82,219.96,221.03,999303
2019-11-13,220.67,224.96,220.67,224.25,724238
2019-11-14,224.25,224.25,221.39,222.1,460249
2019-11-15,223.18,225.32,222.82,224.25,600381
2019-11-18,223.53,224.25,222.82,224.25,840035
2019-11-19,223.53,227.47,223.53,226.75,545665
2019-11-20,227.82,228.9,226.39,228.9,415464
2019-11-21,226.75,227.11,219.6,221.74,1448673
2019-11-22,223.53,226.39,221.74,226.04,860162
2019-11-25,224.96,226.04,223.18,224.61,879197
2019-11-26,225.32,225.32,221.39,221.39,3214539
2019-11-27,219.6,219.96,214.23,217.81,1227736
2019-11-28,217.81,218.53,215.31,215.66,443765
2019-11-29,214.95,215.66,211.37,214.23,1229899
2019-12-02,215.31,216.74,212.45,214.59,562766
2019-12-03,216.74,216.74,213.88,216.02,453166
2019-12-04,217.1,217.1,212.8,216.02,739123
2019-12-05,217.45,220.31,213.52,214.95,907428
2019-12-06,214.95,215.66,212.8,213.16,446292
2019-12-09,214.59,214.95,211.73,214.59,769246
2019-12-10,214.59,214.59,209.23,211.73,1130510
2019-12-11,212.45,213.88,210.3,213.16,432379
2019-12-12,213.88,215.31,211.37,212.8,644365
2019-12-13,213.88,215.66,213.16,214.23,539376
2019-12-16,213.16,215.31,213.16,213.16,1778
2019-12-17,212.09,214.59,211.73,214.59,741946
2019-12-18,215.66,216.02,213.16,216.02,955283
2019-12-19,226.75,226.75,212.8,213.52,1003929
2019-12-20,216.38,218.53,215.31,215.66,939767
2019-12-23,213.88,221.39,213.88,220.31,473613
2019-12-24,221.74,221.74,216.74,216.74,189305
2019-12-25,218.17,219.6,215.31,219.6,263299
2019-12-26,220.31,220.31,217.45,218.17,190363
2019-12-27,220.31,221.74,219.24,221.74,346845
2019-12-30,221.39,221.39,218.17,219.96,441369
2019-12-31,219.24,219.6,215.66,216.02,387109
2020-01-02,216.74,218.17,213.16,213.52,634785
2020-01-03,215.66,216.02,213.52,215.31,393227
2020-01-06,213.16,215.31,213.16,213.52,272444
2020-01-07,213.52,216.02,213.52,214.95,426616
2020-01-08,216.38,216.38,211.02,213.88,428104
2020-01-09,216.38,219.6,216.02,218.17,597099
2020-01-10,218.17,219.96,216.74,218.17,450035
2020-01-13,219.6,221.39,218.53,220.67,417650
2020-01-14,220.67,221.74,219.96,221.74,483963
2020-01-15,220.67,223.18,218.88,222.46,740953
2020-01-16,221.03,223.18,220.31,222.1,656302
2020-01-17,223.53,227.47,223.18,226.04,1123508
2020-01-20,224.96,227.47,224.61,224.96,828713
2020-01-30,221.74,221.74,206.01,207.44,2026550
2020-01-31,212.45,213.88,208.15,208.15,960572
2020-02-03,210.3,215.66,208.51,211.02,1009533
2020-02-04,213.16,216.74,213.16,216.74,1051971
2020-02-05,217.45,218.17,213.52,217.45,476502
2020-02-06,218.53,220.31,217.81,218.88,431431
2020-02-07,216.74,220.67,215.66,218.17,836170
2020-02-10,216.74,219.96,215.31,216.74,551646
2020-02-11,216.74,217.45,215.31,216.38,673117
2020-02-12,218.17,223.18,216.74,221.03,666069
2020-02-13,219.6,222.46,219.6,222.46,798561
2020-02-14,221.39,223.18,220.31,221.03,423657
2020-02-17,219.24,224.61,218.88,223.18,581716
2020-02-18,221.39,222.46,220.31,221.74,521121
2020-02-19,221.74,224.61,221.03,221.39,515714
2020-02-20,223.89,224.25,219.24,219.24,475555
2020-02-21,218.53,220.31,217.1,217.1,373472
2020-02-24,213.16,215.31,211.02,212.45,574325
2020-02-25,209.94,216.02,209.94,213.88,428038
2020-02-26,209.94,214.95,209.23,211.73,1314101
2020-02-27,209.23,213.52,209.23,210.66,1041742
2020-03-02,206.01,209.23,200.64,201.0,2528302
2020-03-03,203.5,208.15,203.5,208.15,1016300
2020-03-04,207.44,213.88,207.08,212.45,838833
2020-03-05,212.45,216.02,211.73,212.09,753439
2020-03-06,211.73,211.73,207.8,208.51,980868
2020-03-09,207.44,208.15,201.72,202.07,1756339
2020-03-10,200.29,200.64,192.77,197.07,2579955
2020-03-11,204.58,207.44,197.07,198.14,1703477
2020-03-12,193.85,196.71,186.69,188.84,2372328
2020-03-13,170.96,190.27,170.24,187.05,4104303
2020-03-16,185.98,188.48,170.24,170.24,2376951
2020-03-17,160.59,172.03,156.65,169.89,2431821
2020-03-18,168.1,178.83,168.1,172.75,2736463
2020-03-19,163.45,170.6,161.3,164.52,2232027
2020-03-20,162.02,175.97,162.02,172.03,2607892
2020-03-23,162.73,174.89,162.37,167.38,1629678
2020-03-24,170.96,180.97,169.17,173.1,2130605
2020-03-25,175.61,181.33,175.61,177.4,1302152
2020-03-26,180.97,189.2,179.54,183.83,1558611
2020-03-27,192.77,193.85,178.47,180.26,1558546
2020-03-30,175.25,178.11,173.46,175.97,1000823
2020-03-31,176.68,179.54,174.53,178.47,1565498
2020-04-01,177.04,178.47,174.53,174.89,1044308
2020-04-06,180.97,185.26,178.83,183.83,2132120
2020-04-07,189.56,189.56,183.48,185.26,1768713
2020-04-08,182.05,184.55,181.33,183.12,967015
2020-04-09,183.48,186.34,182.4,184.19,833805
2020-04-10,184.19,185.62,182.4,185.62,570224
2020-04-13,185.26,187.41,183.83,184.91,478132
2020-04-14,186.34,190.27,185.62,189.56,928167
2020-04-15,190.27,193.13,188.84,191.34,887013
2020-04-16,192.42,194.56,189.2,190.63,1190646
2020-04-17,194.56,208.15,194.56,199.57,1717935
2020-04-20,199.57,204.58,198.5,198.86,1124771
2020-04-21,196.71,198.5,189.56,189.56,1535065
2020-04-22,185.98,189.56,183.83,187.41,1161557
2020-04-23,189.91,194.21,184.55,188.13,1556212
2020-04-24,187.05,191.34,187.05,189.2,1126102
2020-04-27,195.99,200.29,193.13,196.71,1821362
2020-04-28,197.42,198.86,195.28,198.14,822484
2020-04-29,198.14,201.0,197.78,199.93,858172
2020-04-30,199.57,203.15,198.14,203.15,1111219
2020-05-04,192.42,196.71,192.42,194.92,1314095
2020-05-05,196.35,197.78,195.99,195.99,432849
2020-05-06,195.99,197.42,193.49,194.92,511903
2020-05-07,194.92,202.43,194.56,201.72,1216719
2020-05-08,206.01,211.02,205.29,208.15,1787188
2020-05-11,210.3,210.66,206.72,208.87,1111337
2020-05-12,205.65,208.87,205.29,205.65,1681095
2020-05-13,203.86,208.15,203.86,206.01,813165
2020-05-14,204.58,205.65,201.72,202.43,536387
2020-05-15,203.86,204.22,197.78,198.86,884988
2020-05-18,196.71,201.72,196.71,199.93,829658
2020-05-19,208.51,208.51,203.5,206.01,985977
2020-05-20,206.01,207.44,203.15,203.86,591477
2020-05-21,203.5,206.72,203.5,205.29,485275
2020-05-22,203.5,203.5,198.14,198.14,849429
2020-05-25,199.93,202.43,194.92,202.43,395012
2020-05-26,204.22,208.15,203.15,207.44,1065225
2020-05-27,206.01,208.15,203.86,206.72,490664
2020-05-28,208.15,213.88,206.37,210.3,1684070
2020-05-29,214.59,214.59,206.72,212.45,1382433
2020-06-01,214.59,215.66,210.3,210.3,1042577
2020-06-02,210.66,213.16,208.87,210.3,683065
2020-06-03,213.16,214.23,209.58,212.09,1044907
2020-06-04,212.09,214.23,211.37,213.16,1106304
2020-06-05,212.45,213.16,210.3,210.66,752455
2020-06-08,211.37,213.16,209.23,212.45,898898
2020-06-09,212.45,212.45,209.58,211.02,604900
2020-06-10,210.3,211.73,209.58,210.3,885975
2020-06-11,211.37,213.52,209.23,210.3,663978
2020-06-12,208.15,209.23,206.72,207.44,703970
2020-06-15,207.8,211.37,207.08,208.87,788051
2020-06-16,210.3,214.95,209.58,212.8,860550
2020-06-17,211.37,213.88,211.37,212.09,754226
2020-06-18,213.52,213.88,211.37,213.52,341372
2020-06-19,212.45,214.59,211.37,211.37,1524428
2020-06-22,211.73,214.23,211.73,213.16,235885
2020-06-23,214.23,214.95,211.02,211.02,633071
2020-06-24,211.73,213.16,210.3,210.3,629715
2020-06-29,210.3,210.66,204.22,209.58,1581100
2020-06-30,210.66,212.45,208.51,211.37,740533
2020-07-01,210.66,215.66,210.66,214.59,809354
2020-07-02,213.52,218.17,213.52,216.74,701214
2020-07-03,221.74,233.19,221.74,225.68,2793376
2020-07-06,228.9,234.98,226.04,234.62,1814660
2020-07-07,243.2,246.07,231.76,233.19,2044308
2020-07-08,232.12,233.19,231.04,232.83,743250
2020-07-09,233.19,238.55,233.19,234.62,630477
2020-07-10,234.26,234.98,229.97,229.97,949467
2020-07-13,230.33,232.83,230.33,231.4,681959
2020-07-14,228.9,230.69,228.9,229.61,247443
2020-07-15,229.97,234.98,225.68,234.26,869647
2020-07-16,236.77,237.48,230.33,231.04,558999
2020-07-17,228.9,233.19,228.9,232.83,633141
2020-07-20,233.91,235.34,231.4,235.34,345562
2020-07-21,234.26,246.42,233.91,238.2,2205930
2020-07-22,238.2,243.92,237.12,239.63,974938
2020-07-23,242.85,242.85,236.05,238.55,1091873
2020-07-24,235.69,237.84,234.62,234.98,973558
2020-07-27,234.62,237.48,233.55,234.62,986062
2020-07-28,233.55,237.48,232.47,233.19,1138996
2020-07-29,232.83,237.48,232.83,234.26,837054
2020-07-30,241.06,247.85,241.06,247.14,2488614
2020-07-31,247.1,253.14,245.49,248.71,2690131
2020-08-03,248.71,251.12,245.89,247.1,2415606
2020-08-04,249.11,251.93,246.29,249.51,611313
2020-08-05,252.73,252.73,247.9,249.51,531996
2020-08-06,247.1,247.5,238.25,241.87,2194545
2020-08-07,238.65,243.08,238.65,241.47,1385742
2020-08-10,241.87,242.67,240.26,241.47,1152573
2020-08-11,240.66,247.1,240.66,243.08,1062629
2020-08-12,244.68,246.29,241.87,243.88,1124533
2020-08-13,246.7,248.31,242.27,242.67,732084
2020-08-14,247.5,247.5,242.67,242.67,697250
2020-08-17,245.09,247.9,243.88,247.5,544771
2020-08-18,247.5,253.54,246.29,251.12,1336575
2020-08-19,246.7,255.15,246.29,251.53,810818
2020-08-20,250.72,252.33,245.09,246.7,1935171
2020-08-21,249.11,249.51,245.49,247.9,705460
2020-08-24,247.1,253.54,247.1,250.72,753816
2020-08-25,249.92,257.16,249.92,254.34,827521
2020-08-26,254.34,255.55,250.32,251.12,477818
2020-08-27,251.53,252.73,247.5,248.71,446906
2020-08-28,247.9,253.14,246.7,250.32,850982
2020-08-31,253.94,253.94,244.28,244.28,892410
2020-09-01,245.49,246.29,241.87,242.67,546625
2020-09-02,243.48,247.5,241.87,244.28,490540
2020-09-03,245.49,249.11,242.67,242.67,490605
2020-09-04,241.47,244.28,239.05,241.06,732952
2020-09-07,243.08,243.08,235.83,235.83,637064
2020-09-08,235.03,237.84,232.21,236.64,425126
2020-09-09,233.01,233.01,226.17,227.78,867743
2020-09-10,230.2,233.82,230.2,232.61,506899
2020-09-11,231.81,231.81,227.38,227.38,417803
2020-09-14,229.79,234.62,228.99,231.81,715131
2020-09-15,231.0,233.42,229.79,231.4,520772
2020-09-16,231.81,233.82,229.39,231.4,1217300
2020-09-17,231.4,239.05,231.4,234.62,1377345
2020-09-18,236.64,237.84,234.62,236.64,1122962
2020-09-21,236.64,237.04,233.42,235.03,379854
2020-09-22,233.82,234.62,231.0,231.81,423006
2020-09-23,231.81,233.01,230.2,232.21,567520
2020-09-24,226.98,228.99,225.37,225.37,1209036
2020-09-25,224.56,227.38,220.54,224.56,914844
2020-09-28,226.98,228.99,226.17,228.18,427097
2020-09-29,229.39,231.0,226.98,228.99,319509
2020-09-30,231.0,237.04,230.2,234.22,1118201
2020-10-05,239.05,239.05,229.39,230.6,758115
2020-10-06,235.03,238.25,234.22,236.64,738113
2020-10-07,236.64,237.84,233.82,236.64,673912
2020-10-08,237.04,238.25,234.62,237.84,485231
2020-10-12,237.44,244.68,236.23,244.68,1244135
2020-10-13,242.27,243.88,234.62,241.06,1114799
2020-10-14,241.06,244.69,237.84,241.06,1147369
2020-10-15,238.65,241.87,237.44,238.65,710856
2020-10-16,239.05,243.88,239.05,241.47,851408
2020-10-19,242.27,246.29,242.27,243.08,855683
2020-10-20,242.27,242.27,237.04,237.84,1097568
2020-10-21,237.84,240.66,236.23,237.84,746330
2020-10-22,235.43,239.45,235.43,235.83,364380
2020-10-23,239.45,239.86,235.43,237.44,536195
2020-10-26,237.44,242.27,237.44,239.05,628686
2020-10-27,235.83,239.86,235.83,237.84,537418
2020-10-28,237.44,239.05,236.64,238.25,679575
2020-10-29,235.43,236.64,232.61,232.61,528139
2020-10-30,232.61,234.22,230.2,232.61,655722
2020-11-02,230.6,233.42,226.98,230.2,903516
2020-11-03,232.21,237.44,231.4,235.43,760673
2020-11-04,235.83,237.84,233.01,235.83,276011
2020-11-05,234.62,234.62,229.79,231.81,810408
2020-11-06,234.22,234.22,230.6,231.4,686918
2020-11-09,231.4,243.08,231.0,237.44,1560897
2020-11-10,234.22,240.26,234.22,237.84,925183
2020-11-11,239.45,242.27,237.04,240.66,1265873
2020-11-12,241.06,242.27,237.44,238.25,689266
2020-11-13,236.64,238.65,235.03,237.04,409291
2020-11-16,241.06,247.5,239.45,247.5,1465856
2020-11-17,247.5,251.12,246.7,248.31,966517
2020-11-18,249.51,253.54,247.5,253.14,1261658
2020-11-19,253.54,255.95,251.12,253.54,1146329
2020-11-20,252.33,256.36,251.53,255.15,989004
2020-11-23,255.95,259.17,254.34,257.56,1394993
2020-11-24,255.95,256.36,253.94,255.15,520905
2020-11-25,255.15,255.15,246.7,247.9,1327383
2020-11-26,248.71,249.11,243.88,247.9,1198333
2020-11-27,246.29,252.33,246.29,250.32,966882
2020-11-30,251.93,252.73,243.88,247.1,2432593
2020-12-01,245.49,249.92,245.09,249.51,663434
2020-12-02,251.12,251.12,247.1,247.5,609163
2020-12-03,245.89,249.11,245.89,247.9,865791
2020-12-04,251.12,257.16,250.72,253.54,1507372
2020-12-07,255.55,255.95,251.53,253.94,638263
2020-12-08,252.33,253.54,250.32,251.93,593725
2020-12-09,251.93,254.34,250.72,253.54,529419
2020-12-10,251.53,255.55,250.72,253.54,775620
2020-12-11,253.14,255.55,253.14,253.94,900399
2020-12-14,257.16,270.44,254.75,256.36,2345478
2020-12-15,255.95,259.58,251.93,253.54,1033138
2020-12-16,256.76,268.43,255.95,265.61,1732779
2020-12-17,264.0,268.03,261.59,265.21,1620214
2020-12-18,271.25,281.71,269.64,281.71,3712523
2020-12-21,277.28,277.28,265.21,271.25,1543819
2020-12-22,267.62,275.27,267.62,273.66,1013599
2020-12-23,273.66,273.66,265.61,265.61,579055
2020-12-24,265.61,271.65,265.61,267.62,422998
2020-12-25,269.23,269.64,262.39,264.4,247630
2020-12-28,264.4,271.65,264.0,269.64,549616
2020-12-29,272.05,274.87,269.23,274.47,397047
2020-12-30,272.45,282.51,270.84,280.9,987586
2020-12-31,281.31,289.76,277.69,281.71,864407
2021-01-04,277.69,284.93,277.28,280.9,1191074
2021-01-05,280.9,281.31,272.86,276.48,1515377
2021-01-06,271.65,276.48,271.25,272.86,824714
2021-01-07,276.08,281.31,273.26,277.28,1364602
2021-01-08,273.26,276.88,270.44,273.66,2083825
2021-01-11,276.08,283.72,273.66,283.72,1270806
2021-01-12,284.93,297.81,282.92,292.58,2275695
2021-01-13,297.0,300.22,294.59,296.6,1826642
2021-01-14,295.39,295.39,287.34,295.39,1698035
2021-01-15,292.58,298.61,290.97,290.97,1127500
2021-01-18,290.97,297.81,290.97,297.4,1014024
2021-01-19,301.43,318.73,299.42,316.32,1913186
2021-01-20,309.48,309.48,299.42,301.03,1839741
2021-01-21,297.81,307.47,286.54,297.81,2913879
2021-01-22,293.78,294.19,278.49,278.49,2453709
2021-01-25,279.3,284.93,277.69,281.71,1443015
2021-01-26,281.71,285.73,276.08,280.5,1346156
2021-01-27,286.54,289.76,283.72,285.33,1149818
2021-01-28,282.51,285.33,278.89,282.11,1109796
2021-01-29,278.09,285.73,276.88,278.49,1759216
2021-02-01,278.89,283.32,276.08,278.49,750564
2021-02-02,281.71,287.34,277.69,283.32,961013
2021-02-03,285.73,285.73,280.1,284.93,740769
2021-02-04,280.9,287.34,278.89,285.33,894465
2021-02-05,283.32,286.54,280.9,281.31,546723
2021-02-17,293.78,300.62,283.72,298.61,2323068
2021-02-18,294.19,299.01,293.78,297.81,811195
2021-02-19,295.8,305.05,295.39,296.6,1186448
2021-02-22,301.43,307.47,297.4,297.81,1128935
2021-02-23,299.42,303.44,296.2,299.42,915537
2021-02-24,301.83,303.04,290.16,296.6,1067117
2021-02-25,297.0,301.83,295.39,300.62,1293855
2021-02-26,299.42,300.62,290.97,291.77,3192336
2021-03-02,297.81,304.25,294.59,295.39,2235428
2021-03-03,301.03,303.44,298.21,303.04,1322547
2021-03-04,300.22,300.22,293.78,295.39,1520522
2021-03-05,286.94,298.21,286.14,294.19,1266134
2021-03-08,298.21,303.44,288.55,291.77,1843050
2021-03-09,292.58,303.44,292.58,297.0,2161092
2021-03-10,299.01,305.45,292.98,294.59,874723
2021-03-11,292.17,294.19,281.71,284.93,2685063
2021-03-12,284.12,284.93,281.71,282.11,1056215
2021-03-15,282.11,285.73,282.11,284.93,663111
2021-03-16,286.54,291.37,284.93,286.94,1285121
2021-03-17,286.54,289.76,282.51,284.93,1104978
2021-03-18,287.75,289.76,285.73,287.75,713867
2021-03-19,283.32,284.93,280.1,283.72,2122321
2021-03-22,283.32,286.14,282.51,284.93,464483
2021-03-23,283.32,284.93,282.11,283.32,541730
2021-03-24,283.32,284.93,280.9,284.12,529666
2021-03-25,283.32,288.95,283.32,285.33,712877
2021-03-26,284.53,288.15,283.72,285.33,868895
2021-03-29,284.12,287.34,284.12,286.94,865053
2021-03-30,289.36,292.17,286.94,289.36,907572
2021-03-31,291.37,291.37,284.12,284.93,931230
2021-04-01,287.34,288.55,283.72,284.53,429009
2021-04-07,290.56,291.37,283.32,286.54,994172
2021-04-08,284.93,287.34,284.93,286.14,443004
2021-04-09,287.75,293.78,287.75,290.56,967680
2021-04-12,286.94,288.95,284.53,285.33,562903
2021-04-13,286.94,288.15,283.32,284.53,822691
2021-04-14,284.12,286.54,280.9,284.12,1175495
2021-04-15,286.94,286.94,282.51,284.53,655896
2021-04-16,284.53,286.94,283.32,285.73,740208
2021-04-19,285.73,290.16,284.93,287.75,775282
2021-04-20,290.56,292.98,286.94,289.76,1028447
2021-04-21,286.14,287.75,282.51,283.72,1043902
2021-04-22,286.14,286.14,281.71,282.51,789412
2021-04-23,283.32,283.72,280.9,282.51,708288
2021-04-26,284.53,285.73,280.1,283.32,1079780
2021-04-27,284.12,285.73,281.71,284.93,667556
2021-04-28,284.93,284.93,282.51,284.93,501440
2021-04-29,282.11,288.15,282.11,286.54,824455
2021-05-03,285.73,290.56,285.73,288.55,935143
2021-05-04,289.76,289.76,277.69,280.1,1220139
2021-05-05,281.71,284.53,273.66,276.08,716481
2021-05-06,280.1,280.1,270.44,276.88,1165930
2021-05-07,278.89,283.32,276.48,280.1,1872023
2021-05-10,281.71,282.51,277.28,278.89,679343
2021-05-11,281.71,281.71,262.79,262.79,1226901
2021-05-12,257.56,272.05,244.28,256.36,2612047
2021-05-13,259.98,261.59,250.32,251.12,1930469
2021-05-14,250.72,261.59,250.72,261.19,1525622
2021-05-17,261.59,261.99,252.73,259.58,1097178
2021-05-18,258.77,265.61,256.36,263.6,1139311
2021-05-19,259.17,264.0,258.37,259.58,910062
2021-05-20,259.58,261.99,254.75,259.58,1451274
2021-05-21,257.97,263.2,255.55,256.76,1177712
2021-05-24,254.34,259.58,251.93,257.56,896749
2021-05-25,255.55,262.39,254.34,259.98,1626092
2021-05-26,257.97,263.6,257.56,261.99,872429
2021-05-27,257.56,266.42,253.94,261.59,4052297
2021-05-28,262.79,265.21,260.78,262.79,901519
2021-05-31,263.6,267.22,263.2,265.21,988224
2021-06-01,264.81,266.01,259.98,259.98,707607
2021-06-02,261.19,263.2,257.56,260.78,1408604
2021-06-03,260.38,262.79,257.56,257.56,1467979
2021-06-04,254.34,264.0,254.34,261.19,920652
2021-06-07,260.78,262.79,256.76,261.19,496763
2021-06-08,262.79,264.4,260.78,262.79,635693
2021-06-09,262.79,264.4,260.78,262.79,645180
2021-06-10,262.39,266.01,261.59,261.99,1159723
2021-06-11,261.99,264.4,261.59,261.99,331140
2021-06-15,262.39,269.64,259.98,262.39,1288781
2021-06-16,261.19,266.42,261.19,264.81,830987
2021-06-17,261.99,269.23,261.99,269.23,1122352
2021-06-18,266.42,274.47,264.0,272.45,2485984
2021-06-21,273.66,273.66,262.79,267.22,1103558
2021-06-22,271.65,271.65,263.6,263.6,800795
2021-06-23,267.22,276.48,264.81,274.87,1367371
2021-06-24,274.87,278.89,272.05,276.08,1260961
2021-06-25,274.47,278.89,272.45,272.45,751467
2021-06-28,272.45,275.67,270.44,272.05,540785
2021-06-29,277.69,281.31,270.84,277.28,1565048
2021-06-30,275.27,282.92,275.27,277.69,1366614
2021-07-01,276.08,278.49,268.83,268.83,566916
2021-07-02,266.01,269.23,264.0,264.0,1167395
2021-07-05,267.62,275.27,267.62,274.47,1157000
2021-07-06,273.66,279.3,272.86,276.08,1045359
2021-07-07,274.47,279.7,272.45,279.3,810627
2021-07-08,279.37,285.53,277.73,283.07,1239950
2021-07-09,279.37,286.77,277.32,285.94,1297584
2021-07-12,287.59,290.05,281.84,287.18,1074075
2021-07-13,295.8,305.67,291.7,304.02,1963539
2021-07-14,298.27,301.15,294.16,301.15,843603
2021-07-15,303.61,303.61,294.98,295.8,735516
2021-07-16,292.11,300.73,291.7,299.91,742522
2021-07-19,292.52,299.91,291.7,299.09,678616
2021-07-20,294.98,297.86,292.93,293.34,318268
2021-07-21,290.87,304.02,290.87,303.2,968589
2021-07-22,299.09,306.49,297.45,304.02,1390243
2021-07-23,304.02,306.49,300.32,301.56,363176
2021-07-26,299.5,308.13,299.5,307.72,740009
2021-07-27,307.72,307.72,304.02,304.43,453316
2021-07-28,304.43,305.67,293.75,295.8,655029
2021-07-29,300.73,304.02,297.86,298.68,520913
2021-07-30,308.13,308.13,296.22,299.09,815927
2021-08-02,293.34,304.02,291.29,297.45,1459591
2021-08-03,295.39,301.15,292.52,295.39,1098800
2021-08-04,300.32,302.38,297.45,298.27,557415
2021-08-05,307.72,307.72,297.45,300.73,1475882
2021-08-06,297.86,304.43,292.93,300.32,1280810
2021-08-09,296.22,304.02,288.0,304.02,1449577
2021-08-10,302.79,302.79,293.75,293.75,742308
2021-08-11,294.16,299.91,293.75,297.86,649606
2021-08-12,296.22,300.73,293.34,293.34,800461
2021-08-13,293.34,294.57,290.46,292.52,719618
2021-08-16,288.41,296.22,285.53,287.59,778746
2021-08-17,287.59,287.59,287.59,287.59,0
2021-08-18,294.16,299.5,293.34,299.5,748714
2021-08-19,299.5,300.74,292.93,297.45,907967
2021-08-20,300.73,306.49,298.27,299.91,631516
2021-08-23,299.91,306.08,299.91,304.02,675839
2021-08-24,304.84,307.31,304.02,305.67,313359
2021-08-25,308.13,308.54,306.49,307.72,502498
2021-08-26,304.02,304.02,297.86,304.02,710292
2021-08-27,300.32,308.13,300.32,308.13,645674
2021-08-30,305.67,316.35,305.67,316.35,1133174
2021-08-31,313.06,317.17,308.13,317.17,1149394
2021-09-01,313.06,317.99,313.06,315.53,905653
2021-09-02,318.4,319.63,315.53,316.35,905920
2021-09-03,315.53,317.99,313.06,317.17,796769
2021-09-06,315.11,319.63,314.29,316.35,483885
2021-09-07,317.58,324.56,316.35,320.46,787527
2021-09-08,320.04,321.69,318.4,320.46,822917
2021-09-09,318.81,324.97,315.11,322.1,1386535
2021-09-10,324.56,324.97,322.1,323.74,597583
2021-09-13,313.88,318.81,302.79,308.13,942398
2021-09-14,302.79,308.95,296.63,305.67,1553065
2021-09-15,300.32,306.49,299.91,301.15,1032014
2021-09-16,304.84,306.49,302.79,304.84,1037844
2021-09-17,305.67,306.08,301.15,301.97,1805310
2021-09-22,300.73,304.02,298.27,299.91,1315686
2021-09-23,304.02,306.9,302.79,305.25,1504924
2021-09-24,304.84,306.08,302.38,303.61,695681
2021-09-27,301.15,304.43,298.27,301.97,750999
2021-09-28,299.91,304.02,296.22,299.09,913583
2021-09-29,298.27,299.09,290.05,294.16,1161483
2021-09-30,294.16,300.32,290.46,299.91,2026188
2021-10-01,299.91,302.38,285.94,289.64,1380454
2021-10-04,289.64,293.34,286.77,290.46,603889
2021-10-05,290.46,290.46,280.19,280.6,861662
2021-10-06,283.48,285.53,278.14,279.78,931775
2021-10-07,285.12,287.59,281.43,283.48,877530
2021-10-08,288.41,293.34,288.0,288.0,805360
2021-10-12,288.0,288.0,279.78,286.36,966678
2021-10-13,286.36,290.87,280.19,280.19,667715
2021-10-14,287.59,288.41,283.48,283.89,702876
2021-10-15,287.59,290.46,285.94,289.23,1343215
2021-10-18,289.23,290.46,280.19,281.01,390730
2021-10-19,286.77,287.18,283.48,285.94,736102
2021-10-20,290.46,290.87,284.3,287.59,903066
2021-10-21,291.29,291.29,284.3,285.94,623991
2021-10-22,285.94,286.36,282.25,285.53,622366
2021-10-25,284.3,289.64,281.43,288.41,804293
2021-10-26,290.87,297.45,289.23,296.63,978363
2021-10-27,293.34,295.8,292.11,293.75,630605
2021-10-28,292.93,301.56,292.93,299.5,697517
2021-10-29,299.09,300.73,294.16,298.27,815727
2021-11-01,303.2,303.2,297.45,301.15,548946
2021-11-02,303.2,303.61,297.86,299.5,482297
2021-11-03,298.68,302.38,294.16,297.04,364851
2021-11-04,300.32,305.67,295.39,303.61,1502421
2021-11-05,304.43,309.36,303.61,307.31,732131
2021-11-08,310.6,315.11,305.25,309.36,596707
2021-11-09,309.36,323.33,309.36,319.63,1472453
2021-11-10,319.22,319.22,312.24,314.7,764386
2021-11-11,316.35,319.63,311.83,319.22,392812
2021-11-12,318.81,321.69,315.53,318.4,631587
2021-11-15,320.04,327.03,319.63,322.1,996578
2021-11-16,321.69,324.15,320.04,322.1,929490
2021-11-17,318.81,322.1,314.7,317.58,901846
2021-11-18,316.35,318.81,311.42,316.35,821656
2021-11-19,316.35,318.81,312.24,314.29,595748
2021-11-22,316.76,320.46,316.35,319.63,288154
2021-11-23,319.63,319.63,312.65,317.99,656975
2021-11-24,319.22,322.92,315.53,317.17,593922
2021-11-25,320.46,321.28,314.7,320.04,405145
2021-11-26,315.94,316.35,308.13,308.95,510832
2021-11-29,311.01,313.88,306.49,308.95,484902
2021-11-30,305.67,314.7,305.67,313.88,1913297
2021-12-01,290.05,311.42,290.05,304.43,1330640
2021-12-02,301.56,312.24,301.56,311.83,1113357
2021-12-03,311.83,313.47,303.61,307.31,1110983
2021-12-06,306.49,313.88,305.67,310.18,1141172
2021-12-07,307.31,308.54,304.02,306.9,1029377
2021-12-08,311.42,318.4,308.95,317.17,909811
2021-12-09,317.17,323.33,317.17,322.1,720217
2021-12-10,319.63,319.63,311.42,312.65,850715
2021-12-13,315.53,320.04,310.18,313.06,1419480
2021-12-14,309.77,316.35,309.36,313.88,630268
2021-12-15,311.83,314.7,310.6,312.65,512054
2021-12-16,315.53,327.03,315.53,326.21,1482581
2021-12-17,326.21,335.25,325.39,327.85,3335602
2021-12-20,317.58,336.48,313.88,319.63,1654166
2021-12-21,319.63,320.46,314.29,317.99,752311
2021-12-22,318.81,321.69,316.35,317.58,305149
2021-12-23,317.58,329.9,317.58,324.15,618272
2021-12-24,324.97,330.32,322.92,326.21,272870
2021-12-27,326.21,328.26,322.92,327.03,369192
2021-12-28,328.26,329.49,324.56,328.67,630198
2021-12-29,328.67,329.08,326.21,329.08,386255
2021-12-30,326.21,328.26,324.97,325.8,260720
2022-01-03,329.49,334.42,325.39,326.21,903687
2022-01-04,326.21,328.26,323.74,326.21,622644
2022-01-05,322.92,331.96,322.92,328.67,1013171
2022-01-06,325.39,326.21,319.63,324.15,912231
2022-01-07,324.15,324.15,314.29,317.58,719316
2022-01-10,315.11,323.74,315.11,323.74,549809
2022-01-11,321.28,323.74,316.35,321.69,920929
2022-01-12,322.92,330.73,321.69,323.74,1019190
2022-01-13,327.03,327.44,314.7,316.76,979557
2022-01-14,318.4,319.63,313.47,314.7,531006
2022-01-17,313.06,315.53,309.36,314.29,1200190
2022-01-18,314.7,322.92,314.7,320.87,850318
2022-01-19,329.08,330.32,316.76,320.04,1314706
2022-01-20,324.15,326.62,318.81,326.62,1001066
2022-01-21,320.04,326.21,314.7,314.7,954393
2022-01-24,317.17,322.1,314.7,318.81,661389
2022-01-25,312.65,321.69,311.01,313.88,995921
2022-01-26,315.53,317.99,311.42,312.65,732085
2022-02-07,311.42,315.11,304.02,312.24,1920525
2022-02-08,312.24,322.51,312.24,320.46,881625
2022-02-09,317.99,321.69,316.76,317.17,716639
2022-02-10,317.17,320.46,313.88,320.46,650033
2022-02-11,322.1,322.1,317.17,322.1,833266
2022-02-14,317.17,317.17,309.77,311.42,763933
2022-02-15,311.83,317.17,311.83,313.47,489420
2022-02-16,318.81,322.1,316.35,322.1,431554
2022-02-17,322.1,323.74,318.4,322.51,439191
2022-02-18,320.04,322.1,316.35,317.58,334783
2022-02-21,314.29,320.04,314.29,319.63,326069
2022-02-22,315.53,316.35,305.67,308.54,1214349
2022-02-23,311.83,313.88,308.13,309.77,631997
2022-02-24,309.36,309.77,302.38,303.61,1093004
2022-02-25,300.32,305.25,299.09,301.15,1120346
2022-03-01,304.02,309.77,303.2,304.84,1408139
2022-03-02,304.02,307.31,300.74,305.67,1003988
2022-03-03,313.06,316.35,306.08,306.08,1524098
2022-03-04,301.56,308.54,299.09,299.5,1133369
2022-03-07,290.87,293.34,284.3,287.18,1017887
2022-03-08,285.12,290.46,282.25,288.0,1150350
2022-03-09,290.05,298.68,289.23,292.52,1390601
2022-03-10,294.57,301.97,294.57,297.86,1938106
2022-03-11,299.91,304.02,296.22,299.09,1238583
2022-03-14,295.8,296.63,290.05,292.93,1558315
2022-03-15,295.39,303.2,292.52,301.56,1410551
2022-03-16,300.73,304.84,294.57,300.73,1672575
2022-03-17,311.83,314.29,307.31,311.83,1570604
2022-03-18,312.24,313.88,297.86,297.86,2186396
2022-03-21,299.91,302.38,297.04,298.27,942072
2022-03-22,303.2,305.25,299.91,303.2,702813
2022-03-23,307.31,310.18,304.02,307.72,755869
2022-03-24,307.31,310.18,302.38,304.43,1108662
2022-03-25,299.91,305.25,297.45,297.45,758693
2022-03-28,290.46,295.8,287.59,295.39,898824
2022-03-29,295.8,297.86,293.34,295.8,580073
2022-03-30,297.45,299.91,296.63,297.45,745687
2022-03-31,300.74,304.84,299.91,303.61,1073579
2022-04-01,302.38,308.13,298.27,307.72,1436600
2022-04-06,300.73,307.31,300.73,304.02,1427031
2022-04-07,300.74,305.25,296.63,296.63,1820166
2022-04-08,300.73,300.73,295.8,298.27,894439
2022-04-11,298.27,299.91,295.8,297.86,821635
2022-04-12,299.91,302.79,297.86,300.73,821744
2022-04-13,304.02,306.08,301.97,304.84,692024
2022-04-14,308.95,313.88,306.49,312.24,1137226
2022-04-15,312.24,313.06,301.15,301.15,470677
2022-04-18,298.27,303.2,297.86,301.15,294994
2022-04-19,301.56,311.01,301.15,304.43,998790
2022-04-20,303.61,305.67,300.73,300.73,866792
2022-04-21,304.02,310.6,304.02,309.77,1030941
2022-04-22,302.38,312.65,301.15,308.95,1237444
2022-04-25,301.56,307.72,301.56,307.31,1082669
2022-04-26,304.02,306.08,301.15,304.43,877799
2022-04-27,304.84,304.84,297.86,299.91,990161
2022-04-28,299.5,302.79,297.04,302.79,1109986
2022-04-29,300.32,305.67,300.32,303.61,558774
2022-05-03,303.61,306.9,301.15,302.79,695320
2022-05-04,307.31,310.18,304.84,308.95,471883
2022-05-05,304.84,306.49,279.37,283.07,2732800
2022-05-06,276.08,283.07,275.67,281.84,1120028
2022-05-09,272.8,283.48,272.8,280.19,605303
2022-05-10,270.33,276.5,270.33,272.8,1277069
2022-05-11,269.51,271.98,267.05,271.15,937541
2022-05-12,268.69,271.57,267.05,267.46,766810
2022-05-13,278.14,280.6,273.62,278.96,1071619
2022-05-16,284.71,289.64,284.71,288.82,976855
2022-05-17,293.75,293.75,286.77,288.41,786301
2022-05-18,285.94,295.8,285.94,294.57,1040765
2022-05-19,283.48,301.15,283.48,299.91,1032932
2022-05-20,301.15,309.77,297.86,299.09,1636621
2022-05-23,302.38,304.02,294.16,294.57,761254
2022-05-24,294.16,297.45,286.77,286.77,1347313
2022-05-25,289.64,293.34,287.18,290.05,1034604
2022-05-26,290.87,292.52,286.77,288.41,661249
2022-05-27,290.05,300.73,290.05,298.68,1111838
2022-05-30,303.2,303.61,296.63,301.56,994891
2022-05-31,301.56,304.84,296.63,296.63,4309282
2022-06-01,298.68,298.68,293.75,294.16,958004
2022-06-02,290.46,290.46,281.84,286.36,1456367
2022-06-06,290.05,296.63,289.23,294.16,824995
2022-06-07,289.23,290.87,285.12,285.94,894031
2022-06-08,286.77,292.11,285.53,286.77,937095
2022-06-09,287.59,291.29,287.59,290.05,498300
2022-06-10,281.84,285.94,279.37,284.71,570809
2022-06-13,278.14,278.55,271.98,274.85,1304463
2022-06-14,276.5,277.73,273.21,276.08,671993
2022-06-15,274.03,278.96,269.51,276.08,924414
2022-06-16,278.55,283.89,276.08,276.08,853850
2022-06-17,269.1,271.98,268.69,270.74,1669559
2022-06-20,271.15,274.85,269.92,271.15,498360
2022-06-21,281.01,281.01,273.62,277.73,741527
2022-06-22,280.19,282.66,278.14,280.19,1015284
2022-06-23,283.89,284.3,275.67,278.14,968031
2022-06-24,283.48,287.59,280.6,284.3,994277
2022-06-27,284.71,291.7,284.71,290.87,712831
2022-06-28,289.23,289.23,283.48,285.53,643714
2022-06-29,279.78,288.82,279.78,287.59,977842
2022-06-30,285.53,289.23,282.25,284.3,1693788
2022-07-01,281.43,290.46,281.01,284.71,1070310
2022-07-04,289.23,289.23,275.26,278.55,861529
2022-07-05,285.12,289.23,273.62,277.73,1023971
2022-07-06,274.44,275.26,269.92,269.92,1434812
2022-07-07,272.01,279.59,266.96,275.8,1105363
2022-07-08,290.12,290.12,274.54,278.75,1854395
2022-07-11,285.06,285.06,277.91,278.75,548858
2022-07-12,270.33,272.01,264.01,266.96,1194457
2022-07-13,272.01,273.7,267.8,269.91,1136945
2022-07-14,272.43,277.48,269.48,275.38,885334
2022-07-15,276.64,285.49,275.38,284.22,810767
2022-07-18,288.43,294.75,283.38,285.06,1039202
2022-07-19,286.33,286.33,279.59,282.12,380436
2022-07-20,285.91,289.27,282.12,282.96,1019545
2022-07-21,288.85,289.7,281.27,286.75,1024127
2022-07-22,283.8,288.01,283.38,284.22,451280
2022-07-25,284.22,287.59,283.8,287.17,427879
2022-07-26,285.06,285.06,276.22,278.33,951390
2022-07-27,277.91,285.06,277.48,284.64,1078847
2022-07-28,285.06,287.17,283.38,285.91,408452
2022-07-29,290.12,293.06,285.49,288.43,998761
2022-08-01,294.33,294.75,289.7,293.91,1107541
2022-08-02,288.85,296.01,288.85,293.91,1058855
2022-08-03,296.43,296.43,290.96,293.49,975261
2022-08-04,297.27,297.7,288.01,288.01,1064561
2022-08-05,302.33,306.12,296.85,298.54,1745775
2022-08-08,299.8,303.59,291.8,291.8,894626
2022-08-09,296.43,296.43,291.38,294.33,620171
2022-08-10,288.85,289.27,285.91,286.33,675253
2022-08-11,292.22,292.22,285.49,286.33,741440
2022-08-12,288.85,289.7,284.64,284.64,459991
2022-08-15,288.85,288.85,284.22,287.17,521776
2022-08-16,289.27,290.12,285.49,288.43,676369
2022-08-17,286.75,288.43,285.49,288.01,729109
2022-08-18,287.17,287.59,281.7,286.75,850657
2022-08-19,286.75,292.22,286.75,292.22,797288
2022-08-22,288.85,291.38,288.43,289.27,303566
2022-08-23,287.17,287.17,280.43,281.27,1080565
2022-08-24,282.12,282.12,271.17,271.17,953608
2022-08-25,272.85,277.91,272.85,276.64,423993
2022-08-26,277.91,279.17,274.96,276.22,528189
2022-08-29,267.8,269.48,266.12,269.06,577740
2022-08-30,269.48,274.54,269.06,273.7,630201
2022-08-31,274.54,275.8,270.75,275.8,779859
2022-09-01,268.22,269.91,266.12,268.22,1114186
2022-09-02,269.48,269.91,261.91,262.75,686450
2022-09-05,266.54,266.54,258.54,261.48,691294
2022-09-06,268.64,268.64,263.17,264.43,379418
2022-09-07,259.38,264.01,256.01,262.33,878368
2022-09-08,262.75,264.43,258.96,264.01,971115
2022-09-12,269.48,274.96,269.06,272.85,700857
2022-09-13,274.54,274.54,272.43,272.85,524628
2022-09-14,265.27,272.01,265.27,270.75,613705
2022-09-15,266.96,272.85,264.01,271.59,777964
2022-09-16,274.12,274.12,266.12,269.48,1023147
2022-09-19,272.01,272.01,267.8,270.33,406843
2022-09-20,269.48,270.75,264.01,269.91,555964
2022-09-21,266.96,272.43,266.54,266.96,858014
2022-09-22,261.48,269.06,261.06,265.69,657733
2022-09-23,265.69,265.69,257.27,258.12,707911
2022-09-26,258.12,258.12,252.22,252.22,610377
2022-09-27,252.64,256.01,252.22,252.64,759264
2022-09-28,252.64,256.01,251.38,253.48,1258109
2022-09-29,250.96,253.9,249.27,250.12,1225483
2022-09-30,250.12,250.54,244.22,247.17,835014
2022-10-03,248.43,252.64,245.48,250.12,1139898
2022-10-04,253.06,254.75,250.96,252.22,792970
2022-10-05,253.48,257.27,251.8,254.75,944859
2022-10-06,253.9,257.27,253.9,254.75,489841
2022-10-07,251.8,256.85,251.38,253.9,379474
2022-10-11,245.48,249.27,245.06,246.33,826161
2022-10-12,248.43,250.96,246.75,249.69,372965
2022-10-13,248.85,248.85,243.38,244.64,742607
2022-10-14,247.59,252.22,245.9,246.33,1085554
2022-10-17,244.64,249.27,243.8,248.43,478468
2022-10-18,251.38,254.75,249.27,253.9,1100414
2022-10-19,252.64,254.33,249.27,250.54,1062624
2022-10-20,244.22,261.91,242.54,261.91,1664664
2022-10-21,256.85,256.85,250.96,250.96,1427666
2022-10-24,253.06,256.85,245.9,246.75,837143
2022-10-25,252.22,252.22,246.33,247.59,627999
2022-10-26,248.85,251.8,245.9,250.12,732573
2022-10-27,252.22,256.43,249.27,251.8,1869671
2022-10-28,253.06,253.06,246.75,247.17,859153
2022-10-31,248.43,250.12,244.64,246.75,1006184
2022-11-01,248.43,253.9,246.75,250.12,1547719
2022-11-02,250.12,253.06,248.85,250.96,1142838
2022-11-03,246.75,247.17,231.59,236.64,2211026
2022-11-04,234.11,234.11,226.54,233.27,2281169
2022-11-07,242.54,246.75,237.9,245.9,1664689
2022-11-08,248.01,253.48,247.59,252.22,793074
2022-11-09,254.33,259.38,254.33,259.38,842662
2022-11-10,253.06,256.01,249.69,253.06,1117736
2022-11-11,263.17,266.12,261.06,265.27,1229700
2022-11-14,267.8,270.75,266.96,268.64,1156488
2022-11-15,264.01,273.27,262.33,272.43,1077023
2022-11-16,268.22,272.43,267.8,272.01,1182879
2022-11-17,266.12,269.06,264.85,266.54,404392
2022-11-18,265.69,267.8,261.06,263.17,872536
2022-11-21,263.59,265.27,261.06,261.91,318968
2022-11-22,261.06,263.59,257.27,263.59,471886
2022-11-23,268.64,270.33,264.43,268.22,777923
2022-11-24,273.7,275.8,267.38,270.33,826130
2022-11-25,271.59,272.43,265.69,267.38,600652
2022-11-28,263.59,269.06,263.59,266.96,572819
2022-11-29,269.48,269.48,265.27,269.06,734631
2022-11-30,267.38,280.43,265.27,280.43,2900124
2022-12-01,278.75,278.75,273.27,274.12,880846
2022-12-02,274.12,274.96,269.91,272.01,620858
2022-12-05,272.85,281.7,272.85,277.91,855999
2022-12-06,277.48,277.48,272.01,275.38,672023
2022-12-07,274.96,280.01,273.27,279.17,764331
2022-12-08,280.85,281.7,274.12,277.48,650516
2022-12-09,277.91,281.7,275.38,281.7,590833
2022-12-12,278.75,278.75,271.59,272.43,560956
2022-12-13,274.54,278.75,272.85,274.12,962550
2022-12-14,277.91,287.59,276.64,286.33,1527823
2022-12-15,283.8,291.8,283.8,290.12,988318
2022-12-16,280.85,287.17,280.01,283.8,1220623
2022-12-19,274.12,285.49,273.7,285.49,932206
2022-12-20,282.12,285.49,272.85,273.7,785080
2022-12-21,280.01,283.38,276.64,280.01,622903
2022-12-22,281.7,285.91,280.01,284.64,378466
2022-12-23,279.59,282.12,276.64,280.43,298871
2022-12-26,280.01,286.33,279.59,283.8,272062
2022-12-27,285.49,285.91,282.12,282.54,113333
2022-12-28,279.17,281.7,277.48,278.33,236506
2022-12-29,274.54,279.17,274.54,277.91,443479
2022-12-30,277.91,281.7,277.91,278.75,263947
2023-01-03,277.48,281.7,272.85,281.27,446683
2023-01-04,280.43,284.64,279.59,283.38,406920
2023-01-05,285.06,288.01,285.06,287.17,366594
2023-01-06,287.17,288.85,284.22,284.64,359832
2023-01-09,290.54,292.22,287.59,291.8,778149
2023-01-10,289.7,293.91,289.7,291.38,548831
2023-01-11,289.7,290.96,278.75,282.12,1136930
2023-01-12,282.12,282.12,274.54,277.06,934972
2023-01-13,281.27,284.22,280.01,281.7,928464
2023-01-16,286.33,294.33,284.64,291.8,912962
2023-01-17,291.8,291.8,283.8,284.64,624642
2023-01-30,287.59,296.43,282.96,296.01,2440147
2023-01-31,295.17,295.59,286.33,287.17,1381070
2023-02-01,290.96,292.64,286.33,291.38,832696
2023-02-02,292.22,297.7,289.27,296.85,1059198
2023-02-03,296.43,303.17,293.91,303.17,912040
2023-02-06,299.38,305.28,297.7,302.75,989303
2023-02-07,303.17,305.7,299.38,305.28,1146036
2023-02-08,303.17,308.64,301.91,306.96,856097
2023-02-09,303.59,306.12,301.49,302.75,503771
2023-02-10,301.91,302.75,299.38,301.49,393748
2023-02-13,302.75,306.96,301.06,306.96,659111
2023-02-14,306.54,310.75,303.59,310.75,725894
2023-02-15,307.38,308.22,299.8,301.06,574892
2023-02-16,301.49,307.38,301.49,304.85,477415
2023-02-17,301.49,303.17,299.8,299.8,267162
2023-02-20,299.8,304.43,297.7,302.33,510218
2023-02-21,300.22,301.49,298.12,300.64,416849
2023-02-22,300.22,301.49,296.43,301.49,420179
2023-02-23,301.49,304.85,301.06,303.17,570112
2023-02-24,304.01,306.54,300.22,300.64,1203234
2023-03-01,307.38,307.38,299.8,300.22,1555862
2023-03-02,301.49,301.49,292.64,293.91,999759
2023-03-03,298.12,304.85,295.59,301.91,1101430
2023-03-06,302.75,304.01,297.7,298.54,1437618
2023-03-07,300.64,304.85,299.8,304.01,845829
2023-03-08,300.64,302.33,297.28,298.96,747983
2023-03-09,299.38,301.06,298.12,298.96,592834
2023-03-10,296.01,298.12,294.75,297.27,1064664
2023-03-13,298.12,299.8,295.17,298.12,971316
2023-03-14,295.59,297.28,292.22,293.49,1023968
2023-03-15,298.96,304.43,298.12,298.96,1144091
2023-03-16,298.96,304.01,298.96,302.33,666144
2023-03-17,304.01,305.7,301.91,305.7,959121
2023-03-20,305.28,305.28,300.22,301.49,510900
2023-03-21,304.01,304.85,302.33,304.01,377934
2023-03-22,304.85,311.59,304.43,310.33,683894
2023-03-23,309.91,320.43,308.22,319.17,1577944
2023-03-24,319.17,321.28,316.64,320.01,939594
2023-03-27,318.75,320.01,314.54,318.33,851497
2023-03-28,316.64,321.7,314.54,315.8,1244988
2023-03-29,313.7,319.59,312.85,315.8,708110
2023-03-30,316.22,317.07,310.33,313.28,694194
2023-03-31,313.28,316.64,310.75,312.43,1223527
2023-04-06,303.17,305.28,299.8,301.91,1472000
2023-04-07,299.8,301.49,296.43,297.27,721499
2023-04-10,301.49,302.33,298.54,301.49,477519
2023-04-11,304.01,307.38,301.91,306.96,1088993
2023-04-12,308.22,313.7,306.96,313.28,937264
2023-04-13,313.28,315.38,310.33,312.43,561380
2023-04-14,318.33,320.01,311.17,313.7,810480
2023-04-17,313.7,317.91,313.28,316.64,636993
2023-04-18,316.64,316.64,311.59,312.43,426648
2023-04-19,312.43,317.49,311.17,314.96,719006
2023-04-20,311.59,312.85,307.8,309.06,703888
2023-04-21,312.01,312.01,301.06,301.49,1147109
2023-04-24,301.49,309.06,301.49,309.06,490690
2023-04-25,304.43,308.22,300.22,301.49,677709
2023-04-26,319.17,319.17,302.33,305.7,1085639
2023-04-27,307.8,310.75,306.12,308.64,605648
2023-04-28,309.91,312.85,308.22,312.43,691975
2023-05-02,313.7,315.38,309.06,311.59,854580
2023-05-03,312.43,314.12,309.91,313.28,656616
2023-05-04,317.49,322.54,314.96,320.01,1997474
2023-05-05,323.38,323.38,315.8,320.01,639499
2023-05-08,320.85,323.8,319.59,321.28,444327
2023-05-09,323.8,326.33,318.33,324.22,1184536
2023-05-10,324.22,324.22,318.33,323.38,1039398
2023-05-11,323.38,330.12,322.12,323.8,1024684
2023-05-12,321.7,328.43,321.7,328.01,800782
2023-05-15,331.8,331.8,321.7,325.07,528531
2023-05-16,328.43,333.49,328.01,332.64,1336159
2023-05-17,332.64,342.75,331.8,341.91,1636180
2023-05-18,337.7,341.07,331.38,331.38,1845487
2023-05-19,333.49,338.12,330.12,333.49,1490861
2023-05-22,333.49,340.65,333.49,338.12,978832
2023-05-23,337.7,338.54,334.33,335.17,677890
2023-05-24,333.49,336.86,331.8,336.86,830368
2023-05-25,336.01,339.38,334.75,338.54,780582
2023-05-26,333.49,338.12,332.22,336.86,1361656
2023-05-29,336.86,342.33,336.86,338.96,785525
2023-05-30,338.96,340.65,334.75,337.7,864514
2023-05-31,335.17,342.75,332.22,342.75,3733594
2023-06-01,337.7,337.7,332.64,333.91,931105
2023-06-02,332.64,335.17,330.12,333.49,1158025
2023-06-05,332.64,333.49,329.7,331.8,906657
2023-06-06,332.22,336.43,330.54,334.33,852444
2023-06-07,336.01,337.7,333.91,337.28,952615
2023-06-08,337.7,338.96,331.38,332.64,653347
2023-06-09,336.86,341.07,335.17,341.07,1105016
2023-06-12,338.12,344.86,335.17,336.43,658259
2023-06-13,338.54,345.28,337.7,344.86,982288
2023-06-14,345.28,347.38,341.91,344.43,660999
2023-06-15,345.7,353.7,344.43,348.65,1458676
2023-06-16,348.65,350.75,346.96,350.75,1624621
2023-06-19,353.28,357.49,350.75,353.28,1050641
2023-06-20,354.12,354.12,342.33,343.59,1051470
2023-06-21,346.12,353.7,344.01,352.01,1226248
2023-06-26,341.07,350.33,338.12,340.65,1419990
2023-06-27,338.54,344.43,338.54,340.65,668086
2023-06-28,338.54,344.01,338.54,342.33,365220
2023-06-29,345.28,345.28,336.01,337.7,701495
2023-06-30,336.01,344.86,335.17,344.86,1167295
2023-07-03,344.86,362.12,343.17,362.12,2602440
2023-07-04,368.81,372.13,364.53,368.33,1628389
2023-07-05,375.94,375.94,367.38,368.33,1124961
2023-07-06,364.53,365.0,360.73,363.1,1541071
2023-07-07,356.45,358.35,351.7,355.97,1860976
2023-07-10,355.02,355.5,348.37,352.17,1474451
2023-07-11,355.5,361.68,354.07,360.25,668922
2023-07-12,356.45,364.05,356.45,364.05,766164
2023-07-13,366.43,377.36,365.48,370.71,1371740
2023-07-14,374.03,382.59,372.61,380.21,1282472
2023-07-17,389.24,390.19,382.11,383.06,1427638
2023-07-18,378.79,385.92,378.31,380.69,647014
2023-07-19,379.74,384.02,378.31,380.21,1183472
2023-07-20,378.31,380.21,376.41,376.89,910214
2023-07-21,375.94,384.97,371.66,382.59,632618
2023-07-24,378.79,384.02,378.79,380.21,1001776
2023-07-25,382.59,389.72,382.59,386.87,834583
2023-07-26,386.87,389.24,380.21,380.21,330117
2023-07-27,384.49,384.49,374.51,375.46,846482
2023-07-28,372.61,382.59,372.61,382.11,658406
2023-07-31,383.06,383.54,372.13,372.13,1043873
2023-08-01,377.84,379.26,371.18,376.41,1013057
2023-08-02,372.61,373.56,361.2,363.1,1653801
2023-08-04,354.55,354.55,332.69,335.54,2869201
2023-08-07,334.59,345.04,334.59,339.82,1071210
2023-08-08,334.11,339.34,331.26,336.96,1577121
2023-08-09,336.49,337.91,331.26,334.59,1182383
2023-08-10,334.59,337.44,326.51,329.83,1413639
2023-08-11,329.83,336.49,329.83,330.79,1078007
2023-08-14,332.69,335.54,328.41,330.31,743997
2023-08-15,331.74,331.74,327.93,327.93,956010
2023-08-16,321.28,331.74,321.28,331.74,1010804
2023-08-17,323.18,332.21,323.18,331.74,1112825
2023-08-18,329.83,333.64,326.51,328.41,1168496
2023-08-21,330.79,332.69,327.93,328.88,672020
2023-08-22,329.83,332.69,329.36,330.31,717302
2023-08-23,328.88,332.69,326.98,330.31,468395
2023-08-24,333.16,334.59,329.83,332.21,943041
2023-08-25,332.21,332.21,327.93,327.93,498105
2023-08-28,328.41,328.41,325.08,327.93,676512
2023-08-29,328.41,330.31,324.13,329.36,721494
2023-08-30,329.83,336.49,329.83,332.21,1150987
2023-08-31,332.69,332.69,326.03,326.98,1718308
2023-09-01,327.46,330.31,327.46,327.46,751037
2023-09-04,326.98,329.36,326.51,328.88,738448
2023-09-05,326.98,328.88,325.08,328.88,527266
2023-09-06,328.41,329.83,326.51,326.98,775570
2023-09-07,326.51,329.36,325.56,326.98,630234
2023-09-08,325.56,329.83,325.08,327.93,459329
2023-09-11,328.88,328.88,317.0,322.23,1335412
2023-09-12,325.08,330.31,323.18,328.88,785340
2023-09-13,326.98,333.64,326.51,329.83,897179
2023-09-14,329.83,336.01,329.36,335.06,828674
2023-09-15,332.69,335.54,332.21,333.64,1448037
2023-09-18,330.79,333.64,326.98,327.93,774137
2023-09-19,328.41,329.36,324.61,327.93,892939
2023-09-20,326.51,327.93,324.13,325.56,1264962
2023-09-21,322.23,323.66,316.53,319.85,1443472
2023-09-22,319.85,330.31,319.85,329.83,717577
2023-09-25,327.93,334.59,326.98,332.21,822129
2023-09-26,326.98,330.31,326.03,328.88,881005
2023-09-27,326.03,329.36,325.56,329.36,679946
2023-09-28,329.36,333.64,326.51,327.93,934029
2023-10-02,326.98,329.83,325.56,327.46,736016
2023-10-03,324.61,328.88,324.61,326.51,387010
2023-10-04,324.13,328.41,323.66,326.51,655912
2023-10-05,330.31,332.21,327.93,328.88,578099
2023-10-06,331.74,332.69,327.93,328.41,305102
2023-10-11,332.69,332.69,317.48,326.51,2217080
2023-10-12,329.83,336.49,326.98,335.54,1388276
2023-10-13,331.26,332.69,326.51,327.93,905515
2023-10-16,328.88,329.36,325.08,327.46,526809
2023-10-17,328.88,329.36,325.08,326.03,635039
2023-10-18,334.59,335.06,324.13,326.03,938030
2023-10-19,323.66,325.08,318.43,322.23,1138029
2023-10-20,317.48,319.85,313.68,316.53,1134981
2023-10-23,309.87,317.0,308.92,316.53,997342
2023-10-24,316.53,319.38,314.15,319.38,541034
2023-10-25,320.8,322.23,318.9,319.38,503764
2023-10-26,319.38,319.38,311.77,314.15,1000286
2023-10-27,316.53,319.85,315.58,317.0,319788
2023-10-30,315.1,319.85,315.1,316.05,452200
2023-10-31,314.15,317.48,313.68,315.1,914209
2023-11-01,316.53,317.95,314.63,315.1,659018
2023-11-02,308.92,316.53,305.6,315.1,1318041
2023-11-03,317.95,325.56,317.48,321.76,575016
2023-11-06,327.46,328.88,326.03,327.93,732678
2023-11-07,328.88,330.31,324.61,327.46,550861
2023-11-08,328.41,330.31,327.93,327.93,608303
2023-11-09,324.61,326.98,324.61,324.61,511714
2023-11-10,321.28,324.61,318.43,323.18,697896
2023-11-13,328.41,331.26,324.13,325.56,500565
2023-11-14,329.36,329.36,324.61,325.56,872991
2023-11-15,334.11,337.44,330.31,335.54,1079292
2023-11-16,336.96,341.24,327.46,329.36,1066827
2023-11-17,329.36,333.16,326.03,330.79,871742
2023-11-20,330.79,332.21,325.56,327.46,970177
2023-11-21,329.83,335.06,328.88,335.06,1257157
2023-11-22,335.06,335.06,326.98,327.93,553675
2023-11-23,326.51,330.79,324.61,328.88,649102
2023-11-24,332.21,334.59,327.93,330.79,756469
2023-11-27,332.69,334.11,326.51,328.41,825699
2023-11-28,328.41,335.54,326.98,332.21,1094138
2023-11-29,333.16,338.39,333.16,336.49,1231671
2023-11-30,334.59,336.01,331.26,336.01,3395746
2023-12-01,335.54,337.44,334.11,336.96,499892
2023-12-04,337.44,339.82,336.96,338.86,388470
2023-12-05,336.01,339.34,332.21,333.64,706373
2023-12-06,333.64,336.49,331.74,332.69,389500
2023-12-07,335.06,335.54,332.21,334.11,392025
2023-12-08,335.54,336.49,333.16,334.59,542070
2023-12-11,339.34,345.52,336.96,345.52,1076990
2023-12-12,348.85,349.8,342.67,346.47,884804
2023-12-13,351.22,351.22,341.72,347.89,994660
2023-12-14,353.6,354.55,345.99,349.32,1245211
2023-12-15,343.14,349.8,342.67,346.94,3146903
2023-12-18,342.19,345.99,341.72,344.09,493260
2023-12-19,341.24,343.62,340.29,342.67,638063
2023-12-20,342.19,344.57,340.29,340.29,678752
2023-12-21,334.59,343.14,334.59,341.72,598101
2023-12-22,337.44,343.14,337.44,341.72,696269
2023-12-25,342.19,346.47,342.19,345.99,160750
2023-12-26,347.89,347.89,343.14,344.09,430450
2023-12-27,343.62,351.7,343.62,349.32,940329
2023-12-28,349.8,352.65,346.94,350.75,808593
2023-12-29,350.27,353.6,349.8,353.6,517157
2024-01-02,353.12,353.6,348.85,351.22,460038
2024-01-03,347.42,348.85,341.72,342.19,772417
2024-01-04,342.19,344.09,341.24,342.19,639158
2024-01-05,339.82,344.09,339.82,340.77,888180
2024-01-08,343.14,348.85,341.72,343.14,891500
2024-01-09,344.09,344.57,342.19,342.19,523455
2024-01-10,345.04,345.04,340.29,342.19,574215
2024-01-11,342.19,342.19,339.82,341.24,563139
2024-01-12,336.01,337.44,332.69,336.96,697319
2024-01-15,337.44,338.86,335.54,336.49,330952
2024-01-16,328.88,330.79,323.18,323.66,1375103
2024-01-17,319.38,322.23,315.1,315.1,2411309
2024-01-18,315.58,318.9,315.1,315.1,817247
2024-01-19,313.2,319.85,313.2,317.95,1378442
2024-01-22,322.71,327.93,318.9,320.8,1221238
2024-01-23,325.08,326.98,320.8,323.66,1004201
2024-01-24,324.61,325.56,321.28,321.76,510775
2024-01-25,324.13,324.13,319.38,319.38,528129
2024-01-26,319.38,322.23,317.95,320.33,342041
2024-01-29,318.43,323.18,317.0,321.28,483247
2024-01-30,322.71,324.61,320.33,320.8,554902
2024-01-31,323.18,323.18,319.38,320.8,627199
2024-02-01,322.71,334.11,322.71,333.16,1521353
2024-02-02,335.06,347.42,334.59,346.94,1888758
2024-02-05,351.22,353.6,345.04,352.17,2260504
2024-02-15,380.21,380.21,354.55,364.53,4345762
2024-02-16,361.2,362.63,357.4,361.68,1476816
2024-02-19,365.0,370.71,365.0,370.71,1419037
2024-02-20,365.48,371.66,364.05,371.66,1343809
2024-02-21,368.81,372.61,365.96,372.61,1273691
2024-02-22,372.61,372.61,367.38,367.86,861309
2024-02-23,366.43,367.86,360.73,361.2,1669670
2024-02-26,359.78,362.63,358.35,362.63,807737
2024-02-27,361.2,362.63,354.55,359.78,1041142
2024-02-29,361.2,370.71,358.35,370.71,2246467
2024-03-01,368.33,374.51,366.91,372.61,842539
2024-03-04,369.76,371.18,367.86,367.86,564162
2024-03-05,367.86,374.51,366.43,370.23,1145214
2024-03-06,369.76,373.08,367.38,371.18,780579
2024-03-07,378.31,380.21,369.76,377.36,2016411
2024-03-08,371.66,376.41,368.81,373.56,1570414
2024-03-11,380.21,410.63,376.89,386.39,3259137
2024-03-12,386.39,389.24,383.54,384.02,1122912
2024-03-13,376.41,378.31,372.61,375.46,1702339
2024-03-14,375.46,375.46,370.23,373.56,1179173
2024-03-15,368.81,373.08,368.33,372.61,1768045
2024-03-18,373.56,378.31,369.28,370.23,729001
2024-03-19,368.81,375.46,365.0,373.08,1303018
2024-03-20,372.61,377.84,372.13,375.46,824082
2024-03-21,378.31,382.11,375.46,380.21,921906
2024-03-22,376.89,381.16,376.41,380.21,628523
2024-03-25,380.21,386.39,379.26,380.69,556399
2024-03-26,380.21,391.62,380.21,384.49,1098711
2024-03-27,380.69,387.82,380.69,385.92,470604
2024-03-28,384.02,387.82,382.59,386.87,833494
2024-03-29,385.92,389.72,382.11,383.06,441000
2024-04-01,385.92,386.39,378.31,380.21,911253
2024-04-02,378.79,381.16,374.03,375.94,996561
2024-04-03,375.94,375.94,368.33,371.18,1125525
2024-04-08,366.91,371.18,361.68,369.76,2883296
2024-04-09,367.86,374.99,367.86,374.99,963376
2024-04-10,372.61,374.03,364.53,365.0,922416
2024-04-11,364.53,366.91,363.58,366.91,550219
2024-04-12,360.73,364.53,359.3,359.78,1398164
2024-04-15,362.15,362.15,355.5,355.97,1171758
2024-04-16,353.12,353.6,345.99,346.94,1094315
2024-04-17,350.27,354.55,347.89,352.65,568922
2024-04-18,351.22,354.55,345.99,353.6,681590
2024-04-19,347.42,350.75,341.72,346.94,1192361
2024-04-22,353.12,353.12,347.42,350.27,832335
2024-04-23,356.45,356.45,345.52,348.37,1176029
2024-04-24,351.7,355.02,351.22,355.02,614286
2024-04-25,356.45,356.45,346.47,346.94,783125
2024-04-26,348.37,354.55,348.37,349.8,1063102
2024-04-29,352.65,364.53,352.65,361.2,1222277
2024-04-30,359.78,363.58,359.78,361.2,478769
2024-05-02,348.37,353.6,339.82,339.82,2816896
2024-05-03,340.77,342.19,336.01,339.34,1510914
2024-05-06,333.64,336.96,330.31,332.69,1423051
2024-05-07,331.26,336.96,331.26,335.54,1858601
2024-05-08,335.06,339.82,334.11,338.86,633575
2024-05-09,336.49,342.19,336.49,337.91,367046
2024-05-10,336.96,336.96,332.69,334.59,726103
2024-05-13,332.69,336.49,332.21,334.59,615214
2024-05-14,332.21,335.54,331.26,332.21,659383
2024-05-15,336.49,343.62,336.49,337.44,740217
2024-05-16,340.77,341.72,337.44,339.82,870236
2024-05-17,335.54,338.86,333.64,333.64,1016098
2024-05-20,333.64,336.49,332.69,335.06,506247
2024-05-21,335.06,335.54,331.74,332.69,835565
2024-05-22,334.59,343.14,333.16,340.29,551471
2024-05-23,340.77,345.52,340.77,343.62,724236
2024-05-24,338.86,341.24,337.44,338.39,1003906
2024-05-27,339.34,342.67,338.39,341.24,773148
2024-05-28,345.04,347.89,343.14,345.99,953312
2024-05-29,343.62,347.89,340.77,341.24,1081800
2024-05-30,339.82,340.77,332.69,334.11,1133205
2024-05-31,334.11,338.86,334.11,335.54,1636553
2024-06-03,356.45,364.53,344.09,344.09,1977894
2024-06-04,345.04,355.02,343.14,344.09,1730446
2024-06-05,341.72,347.42,341.72,343.14,898319
2024-06-06,343.14,345.99,339.34,342.19,1155106
2024-06-07,342.19,343.14,339.82,341.72,538020
2024-06-11,336.49,336.96,333.16,333.16,990400
2024-06-12,331.74,336.96,331.74,332.21,1718455
2024-06-13,336.01,343.14,333.64,340.29,2185730
2024-06-14,340.77,345.99,340.29,343.62,832715
2024-06-17,345.52,352.65,345.04,349.32,1045708
2024-06-18,350.27,353.6,348.85,351.7,915887
2024-06-19,352.65,355.97,351.7,351.7,1032886
2024-06-20,352.17,358.35,347.89,356.45,1246623
2024-06-21,356.45,359.3,352.65,354.07,1501316
2024-06-24,354.07,358.35,353.6,356.45,997702
2024-06-25,355.5,356.45,347.89,353.6,947200
2024-06-26,351.22,357.4,350.75,352.17,738710
2024-06-27,347.89,353.12,342.19,351.7,1217150
2024-06-28,349.8,356.45,349.8,351.7,1123201
2024-07-01,353.6,354.55,349.8,349.8,759125
2024-07-02,348.85,349.8,345.04,347.42,1239149
2024-07-03,351.22,354.55,350.27,350.75,439250
2024-07-04,354.55,355.5,351.7,352.65,826456
2024-07-05,354.07,359.3,354.07,355.5,484378
2024-07-08,355.02,356.45,350.75,356.45,438807
2024-07-09,356.45,358.35,353.6,355.02,675369
2024-07-10,356.45,357.4,354.07,354.07,786518
2024-07-11,349.8,362.15,349.8,359.78,1226422
2024-07-12,359.78,362.15,354.55,357.4,719517
2024-07-15,361.68,361.68,355.5,355.97,335746
2024-07-16,355.97,363.58,355.97,361.2,864662
2024-07-17,358.83,359.3,355.5,355.97,1187686
2024-07-18,357.87,362.75,351.54,361.29,1150075
2024-07-19,358.36,362.26,356.9,358.36,770559
2024-07-22,364.21,372.01,359.82,363.72,1611868
2024-07-23,363.72,367.63,360.31,361.77,825166
2024-07-26,349.1,349.1,340.32,341.3,2459143
2024-07-29,345.2,351.54,344.22,345.2,1183328
2024-07-30,347.15,347.64,331.55,335.93,1408244
2024-07-31,335.45,343.25,334.96,337.88,1166400
2024-08-01,339.83,345.68,339.35,343.25,1527200
2024-08-02,334.47,339.83,332.03,338.37,1069445
2024-08-05,329.6,329.6,311.07,318.87,1914598
2024-08-06,318.87,324.23,307.17,315.94,1560516
2024-08-07,314.48,331.06,314.48,331.06,496235
2024-08-08,325.69,331.06,325.69,327.64,727104
2024-08-09,331.55,341.78,331.06,331.06,883330
2024-08-12,339.35,342.27,334.96,336.91,565666
2024-08-13,338.86,339.35,335.45,337.88,643223
2024-08-14,341.3,343.25,337.88,339.83,932565
2024-08-15,338.86,344.71,337.88,338.86,839123
2024-08-16,344.71,347.15,339.83,342.27,838068
2024-08-19,343.25,344.22,338.37,339.35,651082
2024-08-20,342.27,342.76,339.83,339.83,443213
2024-08-21,341.3,342.27,337.88,338.37,664222
2024-08-22,338.37,342.27,336.42,337.88,337177
2024-08-23,334.96,339.83,334.47,337.88,281631
2024-08-26,339.83,344.22,339.83,343.25,687200
2024-08-27,338.37,338.86,334.47,336.91,501097
2024-08-28,336.91,341.3,336.42,338.86,426104
2024-08-29,336.91,342.27,334.47,341.3,645374
2024-08-30,341.3,342.76,339.83,340.32,1850606
2024-09-02,340.32,344.22,339.35,339.35,505438
2024-09-03,341.3,345.2,339.35,339.35,1078000
2024-09-04,319.84,324.72,313.51,315.94,2239098
2024-09-05,319.84,323.26,314.97,315.46,1104011
2024-09-06,316.92,320.82,312.04,318.87,973065
2024-09-09,302.29,313.99,298.39,313.51,1757153
2024-09-10,312.53,318.38,310.58,311.56,619357
2024-09-11,313.99,316.92,312.04,312.04,706110
2024-09-12,318.38,318.38,311.56,315.46,794154
2024-09-13,315.46,319.84,315.46,317.41,471190
2024-09-16,318.87,319.84,314.48,317.41,538295
2024-09-18,320.33,320.33,311.07,312.04,747140
2024-09-19,312.53,317.41,310.09,314.48,980052
2024-09-20,318.87,325.21,318.87,324.23,1775374
2024-09-23,328.13,330.08,319.36,327.64,578415
2024-09-24,327.16,327.16,317.41,323.74,664038
2024-09-25,331.55,336.42,327.16,328.13,1233011
2024-09-26,332.52,334.47,326.18,330.08,1194098
2024-09-27,335.45,335.45,326.67,329.6,1050295
2024-09-30,315.94,323.26,313.51,313.51,1867586
2024-10-01,312.04,314.97,310.09,311.07,1246685
2024-10-04,304.73,313.99,304.73,311.07,1834130
2024-10-07,311.56,312.53,305.22,308.14,1365042
2024-10-08,305.7,309.6,303.75,306.19,1584024
2024-10-09,305.7,313.99,305.7,310.58,1506903
2024-10-11,314.97,314.97,308.63,309.6,959500
2024-10-14,311.07,315.46,307.65,315.46,743278
2024-10-15,316.43,321.31,313.99,318.87,696252
2024-10-16,313.02,314.97,311.07,313.51,808023
2024-10-17,312.04,318.38,312.04,316.92,299647
2024-10-18,320.82,322.77,315.46,316.43,680000
2024-10-21,323.26,323.74,317.41,319.84,631397
2024-10-22,313.51,316.92,310.58,313.51,1358314
2024-10-23,312.04,316.43,307.65,308.14,1132918
2024-10-24,305.22,312.53,304.24,310.09,680475
2024-10-25,312.04,313.02,309.12,310.09,347925
2024-10-28,313.51,314.48,308.63,312.04,438088
2024-10-29,317.41,317.41,305.7,308.14,899069
2024-10-30,305.7,313.51,305.7,312.04,1051805
2024-11-01,290.59,306.68,290.59,305.7,2015516
2024-11-04,307.65,313.99,305.22,313.99,743111
2024-11-05,313.99,318.38,311.07,316.92,847660
2024-11-06,317.41,321.31,316.92,318.87,787177
2024-11-07,315.94,332.52,315.46,328.13,1386620
2024-11-08,331.06,332.52,323.74,325.21,1328269
2024-11-11,316.43,319.84,311.56,315.94,2922263
2024-11-12,311.56,315.46,311.07,313.51,2293009
2024-11-13,311.07,317.41,311.07,316.92,2071504
2024-11-14,315.94,321.31,315.94,319.84,1068064
2024-11-15,319.84,328.62,317.89,318.87,1213942
2024-11-18,318.38,319.36,315.46,318.87,928104
2024-11-19,314.97,323.74,314.97,323.26,1027200
2024-11-20,331.55,331.55,331.55,331.55,1735322
2024-11-21,329.11,335.45,328.62,333.5,1130184
2024-11-22,336.42,342.76,336.42,340.32,1245909
2024-11-25,349.1,350.07,340.81,340.81,4308189
2024-11-26,337.88,342.76,335.93,338.86,684803
2024-11-27,336.42,343.25,334.96,337.88,946414
2024-11-28,337.88,339.83,333.01,333.98,791400
2024-11-29,329.11,333.5,325.21,327.16,1092232
2024-12-02,332.03,343.25,329.11,338.37,1061144
2024-12-03,341.3,354.95,339.35,353.0,2480329
2024-12-04,352.02,355.92,349.59,351.05,880980
2024-12-05,350.07,353.49,348.12,351.05,542410
2024-12-06,351.05,352.02,347.15,348.12,505299
2024-12-09,348.12,350.07,342.27,346.66,566553
2024-12-10,348.61,348.61,343.25,344.71,495434
2024-12-11,341.78,348.61,341.3,346.17,539389
2024-12-12,343.25,346.66,340.32,343.25,670289
2024-12-13,343.25,346.66,340.81,343.73,569586
2024-12-16,346.17,348.12,340.81,342.27,578126
2024-12-17,340.32,345.2,340.32,342.76,659429
2024-12-18,342.27,350.07,341.78,350.07,841369
2024-12-19,337.4,343.73,336.42,343.73,1237956
2024-12-20,338.37,342.76,330.57,330.57,1680721
2024-12-23,333.5,342.76,333.5,342.76,1045076
2024-12-24,342.27,346.66,338.86,339.83,638737
2024-12-25,341.78,344.71,340.32,342.76,168190
2024-12-26,342.27,344.22,339.35,339.35,161008
2024-12-27,337.88,342.27,337.4,342.27,206348
2024-12-30,344.22,344.22,336.91,336.91,223333
2024-12-31,333.5,337.88,332.52,337.88,712142
2025-01-02,335.93,337.88,332.03,335.45,593691
2025-01-03,336.91,338.37,333.5,336.42,291249
2025-01-06,339.83,345.2,339.35,345.2,547215
2025-01-07,346.66,354.95,346.66,351.05,837889
2025-01-08,351.05,371.53,349.1,368.6,2192714
2025-01-09,368.6,368.6,351.05,351.05,1111964
2025-01-10,348.61,355.92,348.12,353.97,890296
2025-01-13,350.56,352.51,343.73,348.61,1239040
2025-01-14,347.64,350.56,344.22,348.12,573113
2025-01-15,348.61,350.07,342.27,344.22,461232
2025-01-16,346.17,363.72,346.17,355.44,951778
2025-01-17,354.95,358.36,352.02,355.92,720144
2025-01-20,355.92,360.8,354.46,356.41,559372
2025-01-21,356.41,363.72,353.97,357.87,1141684
2025-01-22,360.31,373.48,359.34,369.58,1795439
2025-02-03,387.62,387.62,361.77,365.19,3563111
2025-02-04,377.38,387.13,365.68,365.68,4906226
2025-02-05,388.1,402.24,388.1,402.24,5876
2025-02-06,402.24,408.09,398.34,400.29,4024000
2025-02-07,399.8,414.43,399.32,401.27,2974123
2025-02-10,401.27,404.19,396.39,398.83,2765870
2025-02-11,399.8,403.71,396.39,398.83,1549429
2025-02-12,400.29,400.78,390.05,397.85,1998931
2025-02-13,393.47,395.9,384.69,392.49,2194569
2025-02-14,392.98,392.98,385.67,390.05,2259057
2025-02-17,390.54,392.49,384.69,391.52,1849790
2025-02-18,390.05,399.8,386.64,397.37,2103751
2025-02-19,397.37,405.66,392.49,396.39,1792234
2025-02-20,398.34,407.61,397.85,404.68,2031683
2025-02-21,409.56,411.02,403.71,407.61,1408786
2025-02-24,404.19,406.63,399.8,404.68,1319290
2025-02-25,403.71,407.61,394.93,395.9,1821221
2025-02-26,392.49,403.71,389.08,399.32,2327173
2025-02-27,399.32,400.29,393.95,395.9,1455902
2025-03-03,387.62,394.44,386.15,390.54,2769175
2025-03-04,385.18,388.1,380.3,385.67,1959758
2025-03-05,384.2,386.15,378.84,380.3,2813417
2025-03-06,394.93,402.73,393.47,398.83,2888276
2025-03-07,398.83,398.83,383.72,385.18,2596841
2025-03-10,384.69,387.62,382.74,384.69,1670366
2025-03-11,375.43,387.62,367.14,385.18,2285365
2025-03-12,387.13,387.13,376.89,380.79,2714131
2025-03-13,383.23,386.64,378.84,381.76,1494155
2025-03-14,385.18,385.18,369.09,372.5,2403200
2025-03-17,370.55,374.45,368.11,373.96,1364237
2025-03-18,374.94,380.3,374.45,380.3,1525217
2025-03-19,379.81,381.28,372.5,377.38,1428083
2025-03-20,378.35,387.13,378.35,384.2,2163255
2025-03-21,381.28,383.72,379.33,381.28,1752404
2025-03-24,386.15,392.0,380.79,380.79,1249050
2025-03-25,384.2,387.13,381.28,384.2,638301
2025-03-26,384.2,388.59,383.23,388.59,922310
2025-03-27,384.2,387.62,381.76,386.15,685141
2025-03-28,386.15,387.13,373.48,378.35,894731
2025-03-31,365.19,372.5,363.24,365.68,1187225
2025-04-01,365.68,375.91,363.72,374.45,946222
2025-04-02,372.99,385.18,369.09,380.3,1142284
2025-04-07,342.27,342.27,342.27,342.27,379732
2025-04-08,314.97,329.6,313.02,323.74,2755507
2025-04-09,311.56,322.77,292.05,297.9,2117644
2025-04-10,327.64,327.64,318.38,327.64,1560018
2025-04-11,304.73,326.67,303.27,324.72,2447076
2025-04-14,323.26,335.45,323.26,330.08,2233399
2025-04-15,331.06,338.86,327.64,337.88,1392325
2025-04-16,333.98,333.98,328.13,332.52,1174026
2025-04-17,327.64,327.64,309.6,315.94,1777391
2025-04-18,315.94,323.74,314.48,322.28,571265
2025-04-21,323.74,323.74,313.99,316.92,473020
2025-04-22,314.97,315.46,309.12,312.53,684199
2025-04-23,318.87,326.67,318.87,323.26,1377067
2025-04-24,322.77,323.74,316.43,319.36,851190
2025-04-25,325.21,333.01,323.74,324.72,1414156
2025-04-28,325.21,333.98,324.72,332.52,881160
2025-04-29,335.45,338.86,332.03,336.42,1166055
2025-04-30,334.47,337.4,326.18,328.62,2537752
2025-05-02,330.57,334.47,324.72,331.06,1229233
2025-05-05,336.42,336.91,327.16,330.57,1186355
2025-05-06,336.42,340.32,330.57,336.42,1591035
2025-05-07,342.27,342.27,329.11,332.03,792030
2025-05-08,331.55,336.91,328.62,333.98,947229
2025-05-09,333.01,335.45,329.6,333.01,1046139
2025-05-12,336.42,340.81,335.93,338.86,991175
2025-05-13,345.2,350.56,335.93,338.37,1775060
2025-05-14,336.42,339.35,333.5,338.37,1288225
2025-05-15,338.86,340.32,335.45,335.45,1193100
2025-05-16,338.86,340.32,336.91,336.91,649117
2025-05-19,338.37,341.78,335.45,335.45,1387087
2025-05-20,340.32,340.32,334.47,336.42,1469852
2025-05-21,339.35,340.81,335.93,340.81,2623205
2025-05-22,338.86,339.83,333.01,334.96,1372142
2025-05-23,337.4,338.86,331.06,333.98,1163176
2025-05-26,333.98,343.25,333.5,340.32,1455095
2025-05-27,339.83,342.76,334.47,334.47,1149038
2025-05-28,336.42,339.35,333.01,336.91,762050
2025-05-29,338.37,340.32,333.01,333.5,3926317
2025-06-02,325.69,332.52,325.69,331.55,1222171
2025-06-03,333.5,336.42,331.55,334.47,749013
2025-06-04,337.88,339.83,332.52,336.91,1381390
2025-06-05,333.98,342.27,333.98,340.32,831383
2025-06-06,338.86,339.35,328.62,331.06,1314859
2025-06-09,332.52,336.42,332.52,335.93,669170
2025-06-10,337.88,340.32,335.45,337.4,794087
2025-06-11,336.91,343.25,336.91,342.76,698428
2025-06-12,339.35,343.25,337.88,339.35,750129
2025-06-13,335.45,338.37,333.01,336.42,1047799
2025-06-16,333.98,333.98,327.64,330.57,801216
2025-06-17,333.98,335.45,328.13,328.62,1183084
2025-06-18,328.62,332.03,328.13,331.55,679011
2025-06-19,328.62,329.11,323.26,324.23,1251214
2025-06-20,323.26,325.21,318.87,321.31,868190
2025-06-23,316.92,320.82,314.48,319.36,913005
2025-06-24,325.69,327.64,323.26,325.21,667236
2025-06-25,327.16,329.11,325.69,326.18,699015
2025-06-26,328.13,333.01,326.18,328.13,736021
2025-06-27,331.06,331.55,327.64,331.06,886220
2025-06-30,331.06,333.01,327.64,331.55,797108
2025-07-01,330.57,335.45,330.57,331.55,1034795
2025-07-02,330.57,334.47,329.6,329.6,686046
2025-07-03,331.06,335.45,330.57,334.47,766035
2025-07-04,334.96,337.4,333.01,335.45,640580
2025-07-07,339.35,339.35,331.06,331.06,610251
2025-07-08,331.06,333.01,327.16,332.03,1002060
2025-07-09,328.62,334.96,328.62,333.5,969200
2025-07-10,333.5,338.37,333.5,336.91,993230
2025-07-11,339.35,342.27,337.4,339.83,1116067
2025-07-14,343.25,343.25,333.5,333.5,587006
2025-07-15,333.5,334.47,328.62,329.11,790898
2025-07-16,329.11,332.52,328.13,329.11,1101060
2025-07-17,329.0,332.5,328.0,331.0,752373
2025-07-18,335.0,339.0,333.0,334.0,863109
2025-07-21,336.0,343.5,334.5,340.5,882028
2025-07-22,341.0,344.5,333.5,334.5,731396
2025-07-23,339.0,341.0,336.5,339.0,968064
2025-07-24,340.0,340.0,337.0,338.0,621319
2025-07-25,339.0,346.5,338.0,341.0,878236
2025-07-28,342.0,343.5,339.0,340.0,1071306
2025-07-29,342.0,342.0,332.5,333.0,842879
2025-07-30,338.0,339.5,335.0,339.0,898395
2025-07-31,338.0,340.0,334.5,335.5,719209
2025-08-04,316.0,325.5,312.5,323.0,2007017
2025-08-05,324.0,329.5,318.5,328.0,2699050
2025-08-06,326.0,328.0,322.0,325.5,2210041
2025-08-07,328.5,333.0,327.0,329.0,3374301
2025-08-08,329.0,331.5,322.0,322.0,3088466
2025-08-11,325.0,325.5,316.0,319.0,4119118
2025-08-12,319.0,321.5,317.0,319.0,2088291
2025-08-13,322.0,324.0,314.5,315.5,2140834
2025-08-14,318.5,318.5,314.5,315.0,3074154
2025-08-15,315.0,319.0,313.5,318.0,1644077
2025-08-18,318.0,321.5,314.5,315.0,1807515
2025-08-19,315.0,317.0,314.0,315.5,1990905
2025-08-20,315.5,317.0,310.0,310.0,2003424
2025-08-21,315.0,317.5,313.5,315.0,1368074
2025-08-22,314.5,317.5,311.0,315.0,1341116
2025-08-25,318.5,322.5,317.0,319.0,1404101
2025-08-26,322.0,328.0,319.5,322.0,4315413
2025-08-27,338.0,354.0,338.0,354.0,7075
2025-08-28,364.5,377.0,354.0,354.5,13688
2025-08-29,358.5,360.5,344.0,344.0,6222
2025-09-01,348.0,356.0,344.0,344.0,4598428
2025-09-02,347.0,348.0,335.5,337.5,2262773
2025-09-03,337.0,341.0,336.0,336.5,1888035
2025-09-04,335.5,339.5,333.5,333.5,2083359
2025-09-05,335.5,342.5,335.0,341.0,1323751
2025-09-08,343.0,345.0,337.0,338.0,1513685
2025-09-09,341.0,342.0,337.0,340.5,1632661
2025-09-10,341.0,353.5,341.0,351.0,2665401
2025-09-11,352.5,354.5,344.0,344.0,2359262
2025-09-12,344.5,348.0,344.0,344.0,1732605
2025-09-15,344.0,344.0,335.0,337.0,1445554
2025-09-16,337.0,338.0,334.5,335.0,1582736
2025-09-17,329.5,332.5,324.0,324.0,2279863
2025-09-18,320.0,331.5,320.0,326.0,3141523
2025-09-19,329.0,329.0,321.5,324.0,4050425
2025-09-22,324.5,329.5,324.5,325.0,1814289
2025-09-23,329.5,333.5,326.0,327.5,1560247
2025-09-24,327.5,329.5,325.0,327.0,1181130
2025-09-25,324.0,324.5,321.0,321.0,1773040
2025-09-26,322.0,322.0,314.0,316.5,2208426
2025-09-30,318.5,324.5,317.5,319.0,2200000
2025-10-01,315.0,322.0,315.0,318.0,1284113
2025-10-02,321.0,321.5,316.5,317.0,819514
2025-10-03,317.0,320.0,316.0,319.0,1154495
2025-10-07,319.0,324.5,319.0,323.0,1922625
2025-10-08,323.0,327.5,321.0,326.0,1684420
2025-10-09,330.0,332.0,325.0,326.5,2344722
2025-10-13,317.0,322.0,312.5,320.5,2012410
2025-10-14,323.0,331.0,318.5,318.5,2095434
2025-10-15,320.5,324.0,319.5,323.5,1319350
2025-10-16,325.5,329.5,324.5,326.5,1149061
2025-10-17,323.5,328.0,323.5,325.0,962176
2025-10-20,329.5,330.5,321.5,322.0,1631396
2025-10-21,324.0,326.0,320.5,325.0,1830771
2025-10-22,325.5,327.5,324.0,326.5,969314
2025-10-23,325.0,325.0,321.0,323.5,535567
2025-10-27,327.5,327.5,320.0,325.0,1701754
2025-10-28,328.5,334.5,328.0,328.5,2443800
2025-10-29,331.5,332.5,328.5,330.5,1355850
2025-10-30,331.5,334.5,323.5,325.0,1517841
2025-10-31,325.0,326.0,313.0,313.5,3967536
2025-11-03,310.0,318.0,310.0,316.5,2127943
2025-11-04,315.0,318.5,309.0,309.0,2411582
2025-11-05,305.0,309.5,302.5,308.0,1976447
2025-11-06,312.0,315.5,307.0,312.5,2143113
2025-11-07,311.5,314.0,303.5,303.5,2341763
2025-11-10,304.0,304.5,300.0,300.0,1329038
2025-11-11,302.0,303.5,298.0,298.0,1442590
2025-11-12,300.5,301.5,298.0,298.0,1278668
2025-11-13,296.0,296.5,291.0,295.0,2098889
2025-11-14,291.0,295.0,289.0,290.5,1874894
2025-11-17,292.5,296.0,290.5,293.0,2350389
2025-11-18,289.0,290.5,281.0,281.0,3023581
2025-11-19,283.0,284.0,276.0,276.5,2736834
2025-11-20,282.0,283.5,277.5,280.0,2755623
2025-11-21,273.5,287.5,273.0,281.5,3118406
2025-11-24,283.0,291.0,280.0,287.0,5468
2025-11-25,287.0,289.0,283.0,285.0,2167400
2025-11-26,284.0,289.5,284.0,289.5,1775428
2025-11-27,288.0,291.5,286.5,288.0,2022337
2025-11-28,287.0,290.0,285.0,288.0,1460983
2025-12-01,290.5,295.0,288.0,288.0,1602190
2025-12-02,290.0,290.0,285.0,287.0,1289411
2025-12-03,290.0,291.0,287.5,287.5,1153450
2025-12-04,288.0,292.0,288.0,290.0,899653
2025-12-05,291.0,291.5,285.0,287.0,1375390
2025-12-08,289.0,289.0,285.0,286.0,906627
2025-12-09,289.0,290.0,282.0,284.5,1415040
2025-12-10,282.0,284.0,280.5,282.5,1457330
2025-12-11,284.5,285.0,281.5,281.5,1415514
2025-12-12,284.0,284.0,279.0,280.0,1567126
2025-12-15,275.5,279.5,272.5,276.5,1635789
2025-12-16,275.0,278.5,272.0,274.0,2495325
2025-12-17,274.0,276.5,273.5,273.5,1582523
2025-12-18,272.0,276.0,271.0,275.0,1341705
2025-12-19,274.5,282.5,274.5,282.5,2466838
2025-12-22,284.0,284.5,280.0,283.0,846552
2025-12-23,283.0,286.5,283.0,284.5,1135354
2025-12-24,286.5,292.0,286.0,286.0,1186144
2025-12-26,287.5,288.0,283.5,284.5,622373
2025-12-29,285.0,288.0,284.0,286.5,562473
2025-12-30,285.0,289.0,284.0,287.0,923417
2025-12-31,289.5,290.5,286.0,288.0,825963
2026-01-02,291.0,294.5,285.0,286.5,1544657
2026-01-05,290.0,292.0,287.5,289.5,1411494
2026-01-06,291.5,291.5,285.5,288.0,1565860
2026-01-07,288.5,294.0,288.0,288.5,1510315
2026-01-08,291.5,292.0,285.0,285.5,1388109
2026-01-09,286.5,291.0,285.0,288.5,1775549
2026-01-12,293.5,293.5,286.0,288.0,1330246
2026-01-13,291.5,292.5,285.0,287.0,1717450
2026-01-14,290.0,294.0,288.0,292.5,1817025
2026-01-15,293.5,296.5,286.5,287.5,2157091
2026-01-16,289.5,290.5,286.0,287.5,1703675
2026-01-19,287.5,290.5,285.0,287.0,2079657
2026-01-20,286.0,287.0,278.5,280.0,3486384
2026-01-21,276.5,278.0,274.5,275.0,3187631
2026-01-22,279.5,285.5,277.5,285.5,2156038
2026-01-23,286.0,289.5,283.0,288.0,2155831
2026-01-26,289.0,290.5,286.0,288.5,1448133
2026-01-27,290.0,293.0,287.0,290.5,1766578
2026-01-28,285.36,293.68,284.38,292.22,3295870
2026-01-29,301.52,302.49,284.87,298.58,5371
2026-01-30,294.66,297.6,286.83,293.19,5025
2026-02-02,294.17,296.62,284.38,285.36,3937216
2026-02-03,289.77,289.77,281.94,283.89,2414907
2026-02-04,281.94,285.36,281.45,281.45,1450474
2026-02-05,280.47,286.83,279.49,281.45,1325442
2026-02-06,281.45,281.94,277.04,281.45,1706476
2026-02-09,291.73,295.64,283.89,284.87,2397381
2026-02-10,285.36,291.24,284.38,291.24,2298698
2026-02-11,293.68,300.54,293.19,298.58,4158801
2026-02-23,313.26,317.18,303.47,308.37,5361079
2026-02-24,307.39,317.67,304.94,317.18,4716365
2026-02-25,318.16,326.97,317.67,325.99,4988133
2026-02-26,325.01,329.42,318.65,329.42,5612505
2026-03-02,332.84,335.29,324.03,329.42,5610472
2026-03-03,329.42,331.37,319.14,323.05,4126562
2026-03-04,317.67,318.16,304.94,304.94,4227254
2026-03-05,328.44,335.29,326.97,335.29,6560205
2026-03-06,341.65,368.57,337.25,367.1,19650666
2026-03-09,338.72,359.27,335.78,339.69,8175020
2026-03-10,347.53,354.87,331.37,338.23,6814809
2026-03-11,345.08,346.06,335.29,338.72,3475370
2026-03-12,336.76,338.72,329.9,337.74,2640972
2026-03-13,332.84,336.76,329.42,335.29,2181081
2026-03-16,340.67,345.08,330.39,332.84,2798412
2026-03-17,338.23,342.63,335.29,340.67,2412146
2026-03-18,344.59,346.55,338.72,341.65,2370683
2026-03-19,336.76,337.74,331.86,334.8,1726960
2026-03-20,333.33,338.23,330.88,336.76,4042266
2026-03-23,329.42,332.35,323.05,323.05,2506309
2026-03-24,327.95,329.9,321.09,323.05,1548815
2026-03-25,329.9,330.39,325.01,326.48,1458137
2026-03-26,328.93,339.2,328.44,331.86,3064529
2026-03-27,326.48,328.93,322.07,325.5,1673008
2026-03-30,316.2,321.58,314.73,314.73,2109703
2026-03-31,312.77,317.18,306.9,311.79,3987438
2026-04-01,321.58,326.97,321.09,324.03,1893704
2026-04-02,326.97,326.97,310.33,316.69,1977533
2026-04-07,314.73,318.65,311.79,315.71,1294226
2026-04-08,331.86,344.1,327.95,341.16,3399281
2026-04-09,342.63,346.06,337.74,340.67,2730479
2026-04-10,342.63,348.5,336.27,338.72,2518507
2026-04-13,337.74,339.2,332.35,335.29,2003492
2026-04-14,338.72,342.14,335.29,336.76,2364556
2026-04-15,342.63,344.1,338.23,340.67,2762323
2026-04-16,345.57,354.38,344.1,347.53,3860794
2026-04-17,352.42,364.17,351.93,358.29,5202968
2026-04-20,367.1,368.57,355.36,355.85,3272327
2026-04-21,360.25,360.25,348.02,356.83,2424904
2026-04-22,355.36,358.29,353.4,353.4,2442936
2026-04-23,353.89,362.21,340.67,348.99,2578943
2026-04-24,349.48,350.46,341.65,346.55,1789320
2026-04-27,348.99,359.27,348.99,355.36,3718045
2026-04-28,362.21,368.08,356.83,359.27,3548947
2026-04-29,362.21,363.19,355.36,358.29,2107567
2026-04-30,359.27,361.72,349.97,351.93,3000131
2026-05-04,361.23,386.68,356.83,386.68,8213039
2026-05-05,382.77,395.0,379.83,388.15,5125857
2026-05-06,392.07,406.26,390.6,400.88,6028364
2026-05-07,435.63,440.53,414.58,434.65,8937078
2026-05-08,440.53,477.73,440.04,466.47,10182805
2026-05-11,472.83,475.77,453.25,468.43,4711853
2026-05-12,476.75,489.47,473.81,484.09,6022324
2026-05-13,467.45,470.38,449.83,454.72,4735378
2026-05-14,451.29,461.08,446.89,455.21,4785099
2026-05-15,470.38,484.09,448.85,449.83,4787813
2026-05-18,441.5,452.27,429.76,447.87,4058406
2026-05-19,453.25,466.96,447.87,451.78,4076492
2026-05-20,452.27,461.08,447.87,455.21,3170536
2026-05-21,465.0,469.4,452.27,453.74,3830651
2026-05-22,457.17,462.55,448.85,459.13,4918895
2026-05-25,488.49,499.26,480.17,488.0,4904573
2026-05-26,488.0,500.24,475.28,499.26,3966779
2026-05-27,496.33,518.84,492.41,498.28,4387171
2026-05-28,498.28,511.99,478.22,480.17,4424284
2026-05-29,485.56,504.16,481.64,484.58,10455019
2026-06-01,494.37,513.95,494.37,506.12,3675896
2026-06-02,509.05,518.84,497.3,504.16,6557151
2026-06-03,508.07,509.05,489.47,502.2,3909258
2026-06-04,498.28,527.65,497.3,511.01,4793492
2026-06-05,500.24,504.16,482.62,485.56,5052018
2026-06-08,446.4,464.51,446.4,461.08,3589170
2026-06-09,463.53,481.64,463.53,479.19,3977036
2026-06-10,474.79,482.62,452.27,455.7,3575018
2026-06-11,446.4,457.17,439.55,454.23,4065543
2026-06-12,465.0,470.87,459.62,463.04,1121659
2026-06-15,475.77,483.6,470.38,474.79,1899551
2026-06-16,482.62,482.62,465.0,469.89,1630200
2026-06-17,462.06,478.22,460.59,478.22,1678007
2026-06-18,484.09,493.39,479.68,483.6,4214524
2026-06-22,490.45,500.24,484.09,488.98,2926955
2026-06-23,494.37,494.37,472.83,477.24,2129118
2026-06-24,467.45,473.32,456.19,463.53,2689388
2026-06-25,471.85,474.79,462.06,469.89,1371307
2026-06-26,459.62,459.62,443.46,445.91,2341382
2026-06-29,453.25,475.77,447.87,462.55,3910401
2026-06-30,470.87,485.07,466.96,481.64,2590529
2026-07-01,493.39,496.33,482.62,492.41,2509292
2026-07-02,483.11,500.24,483.11,499.26,1871742
2026-07-03,488.0,511.01,488.0,510.03,1954527
2026-07-06,511.99,516.88,495.35,504.16,1459304
2026-07-07,508.07,511.01,482.62,486.05,1786365
2026-07-08,534.5,534.5,521.78,534.5,7748196
2026-07-09,535.48,550.17,525.69,528.63,6665905
2026-07-10,528.63,528.63,528.63,528.63,0
2026-07-13,545.27,580.52,523.74,524.72,4391910
2026-07-14,540.38,541.36,497.3,517.86,2515530
2026-07-15,518.84,527.65,514.93,521.78,1877377
2026-07-16,518.84,519.82,509.05,518.84,2235822
2026-07-17,518.0,519.0,502.0,513.0,2484202
2026-07-20,519.0,521.0,493.5,516.0,3768551
2026-07-21,525.0,567.0,519.0,567.0,4221525
2026-07-22,589.0,618.0,584.0,596.0,9289768
2026-07-23,605.0,607.0,582.0,600.0,3771821
2026-07-24,585.0,616.0,578.0,581.0,4103408
2026-07-27,586.0,588.0,557.0,577.0,3822237
2026-07-28,555.0,570.0,547.0,556.0,3235358
2026-07-29,549.0,565.0,529.0,550.0,5213740
2026-07-30,553.0,555.0,535.0,547.0,4216905
2026-07-31,599.0,599.0,549.0,563.0,7927613
2026-08-03,555.0,583.0,540.0,576.0,4302209
2026-08-04,567.0,588.0,564.0,576.0,3904785
2026-08-05,590.0,633.0,590.0,633.0,3978383
2026-08-06,670.0,672.0,614.0,622.0,10649688
2026-08-07,621.0,648.0,616.0,634.0,6127673
2026-08-10,648.0,695.0,648.0,667.0,7231606
2026-08-11,660.0,672.0,644.0,661.0,4061263
2026-08-12,672.0,699.0,667.0,686.0,5882929
2026-08-13,695.0,709.0,690.0,698.0,4048279
2026-08-14,690.0,699.0,676.0,683.0,3170184