date,open,high,low,close,volume
2000-01-04,8.39,8.73,8.39,8.66,79713978
2000-01-05,8.46,8.66,8.46,8.53,42891609
2000-01-06,8.53,8.93,8.53,8.73,89383311
2000-01-07,8.86,8.99,8.73,8.79,58037196
2000-01-10,8.93,9.33,8.86,9.26,104756366
2000-01-11,9.33,9.39,8.86,8.86,96849633
2000-01-12,8.93,8.99,8.86,8.93,34815563
2000-01-13,8.99,9.06,8.79,8.93,36923023
2000-01-14,8.99,8.99,8.66,8.73,32873791
2000-01-17,8.93,9.13,8.93,8.93,42358366
2000-01-18,8.99,8.99,8.79,8.86,31317857
2000-01-19,8.93,9.06,8.86,8.93,45167459
2000-01-20,8.99,8.99,8.79,8.86,24859246
2000-01-21,8.86,9.13,8.86,8.93,83725903
2000-01-24,9.06,9.13,8.93,9.06,60930969
2000-01-25,9.06,9.13,8.93,8.93,30318068
2000-01-26,8.99,9.13,8.93,8.99,38842725
2000-01-27,9.06,9.26,8.99,9.13,80612973
2000-01-28,9.26,9.53,9.26,9.39,131354457
2000-01-31,9.19,9.26,9.13,9.19,31771084
2000-02-01,9.33,9.33,9.19,9.19,33108947
2000-02-02,9.19,9.19,9.19,9.19,0
2000-02-03,9.19,9.19,9.19,9.19,0
2000-02-04,9.19,9.19,9.19,9.19,0
2000-02-07,9.19,9.19,9.19,9.19,0
2000-02-08,9.19,9.19,9.19,9.19,0
2000-02-09,9.33,9.46,9.26,9.33,54988770
2000-02-10,9.33,9.39,9.13,9.19,40589372
2000-02-11,9.33,9.59,9.26,9.39,93590315
2000-02-14,9.59,9.66,9.33,9.39,73704644
2000-02-15,9.39,9.46,9.19,9.26,28876896
2000-02-16,9.33,9.59,9.26,9.53,70766061
2000-02-17,9.66,10.06,9.66,9.73,104309788
2000-02-18,9.99,10.13,9.73,9.86,103548894
2000-02-21,9.86,9.86,9.46,9.46,52557804
2000-02-22,9.33,9.46,9.19,9.26,59008336
2000-02-23,9.33,9.39,9.19,9.19,26453872
2000-02-24,9.33,9.33,9.06,9.06,34631105
2000-02-25,9.06,9.06,8.79,8.86,39484403
2000-02-28,8.86,8.86,8.86,8.86,0
2000-02-29,8.86,9.06,8.86,8.99,23059225
2000-03-01,9.06,9.19,9.06,9.19,18927808
2000-03-02,9.06,9.13,8.93,8.93,20622407
2000-03-03,8.93,8.99,8.79,8.93,13864686
2000-03-06,8.86,8.93,8.79,8.79,22035678
2000-03-07,8.79,8.93,8.79,8.86,20262903
2000-03-08,8.93,8.99,8.86,8.86,16638485
2000-03-09,8.93,8.99,8.86,8.93,34653336
2000-03-10,8.93,8.99,8.79,8.79,33777312
2000-03-13,8.73,8.73,8.19,8.26,71686158
2000-03-14,8.33,8.66,8.26,8.59,36074816
2000-03-15,8.59,8.79,8.39,8.66,43744179
2000-03-16,8.93,8.93,8.39,8.93,65060056
2000-03-17,8.93,9.33,8.79,9.19,136112570
2000-03-20,8.93,8.93,8.93,8.93,1666175
2000-03-21,8.66,9.33,8.66,9.26,63770974
2000-03-22,9.13,9.26,8.99,8.99,44065353
2000-03-23,9.13,9.39,9.06,9.19,81371699
2000-03-24,9.19,9.19,8.93,8.99,42604904
2000-03-27,9.06,9.19,8.99,9.13,28400976
2000-03-28,9.13,9.26,8.99,9.06,29000268
2000-03-29,8.99,9.06,8.93,8.93,27814935
2000-03-30,8.93,9.06,8.93,8.99,28200312
2000-03-31,9.06,9.13,8.99,9.13,27207447
2000-04-03,9.13,9.13,9.13,9.13,0
2000-04-04,9.13,9.13,9.13,9.13,0
2000-04-05,9.06,9.73,9.06,9.73,131886244
2000-04-06,9.73,9.79,9.39,9.53,67009676
2000-04-07,9.59,9.66,9.39,9.39,38093604
2000-04-10,9.26,9.33,9.13,9.33,34511403
2000-04-11,9.33,9.46,9.13,9.19,34719733
2000-04-12,9.06,9.19,9.06,9.06,23036032
2000-04-13,9.06,9.06,8.86,8.93,22690430
2000-04-14,8.99,9.06,8.79,8.79,21271133
2000-04-17,8.33,8.46,8.33,8.46,23593989
2000-04-18,8.59,8.79,8.59,8.79,29455064
2000-04-19,8.93,8.93,8.46,8.59,16757877
2000-04-20,8.53,8.66,8.46,8.59,11826378
2000-04-21,8.59,8.79,8.53,8.66,9272427
2000-04-24,8.59,8.66,8.46,8.53,13305864
2000-04-25,8.39,8.53,8.39,8.53,10535492
2000-04-26,8.53,8.66,7.99,8.13,23858971
2000-04-27,8.13,8.26,8.06,8.06,14405374
2000-04-28,8.06,8.46,7.99,8.46,19658701
2000-05-01,8.46,8.46,8.46,8.46,0
2000-05-02,8.46,8.53,8.39,8.46,12274876
2000-05-03,8.39,8.46,8.26,8.33,9478061
2000-05-04,8.33,8.53,8.26,8.39,14790029
2000-05-05,8.26,8.53,8.26,8.46,15751594
2000-05-08,8.26,8.33,8.19,8.26,8255588
2000-05-09,8.26,8.26,8.26,8.26,0
2000-05-10,8.33,8.46,8.26,8.33,7414316
2000-05-11,8.33,8.46,8.26,8.39,11682937
2000-05-12,8.46,8.79,8.39,8.66,38633448
2000-05-15,8.66,8.73,8.53,8.59,10982732
2000-05-16,8.59,8.66,8.53,8.66,7490581
2000-05-17,8.66,8.93,8.66,8.86,28430249
2000-05-18,8.79,8.79,8.66,8.66,12122397
2000-05-19,8.66,8.73,8.59,8.73,11616107
2000-05-22,8.59,8.73,8.59,8.73,18351136
2000-05-23,8.66,8.66,8.53,8.53,7444109
2000-05-24,8.46,8.53,8.26,8.26,19767340
2000-05-25,8.39,8.46,8.26,8.33,6780816
2000-05-26,8.33,8.46,8.26,8.39,14268910
2000-05-29,8.46,8.46,8.33,8.39,7294100
2000-05-30,8.39,8.39,8.39,8.39,0
2000-05-31,8.59,8.59,8.46,8.53,14985024
2000-06-01,8.53,8.53,8.39,8.39,10942658
2000-06-02,8.46,8.53,8.39,8.46,11492258
2000-06-05,8.57,8.64,8.5,8.64,11489950
2000-06-06,8.64,8.64,8.64,8.64,0
2000-06-07,8.64,8.64,8.5,8.57,17659277
2000-06-08,8.57,8.77,8.57,8.64,21197015
2000-06-09,8.57,8.64,8.5,8.64,13068068
2000-06-12,8.5,8.64,8.43,8.5,7238538
2000-06-13,8.43,8.5,8.37,8.43,11134357
2000-06-14,8.43,8.57,8.43,8.5,13432940
2000-06-15,8.43,8.57,8.37,8.5,7064711
2000-06-16,8.5,8.5,8.37,8.43,7576561
2000-06-19,8.43,8.43,8.23,8.23,7680744
2000-06-20,8.3,8.37,8.16,8.16,12221703
2000-06-21,8.16,8.23,8.16,8.23,11774208
2000-06-22,8.23,8.37,8.16,8.3,7829498
2000-06-23,8.3,8.37,8.3,8.3,4958567
2000-06-26,8.3,8.43,8.23,8.23,7568049
2000-06-27,8.23,8.3,8.16,8.3,7583791
2000-06-28,8.23,8.3,8.03,8.16,11916081
2000-06-29,8.16,8.23,7.62,7.62,29879017
2000-06-30,7.62,7.89,7.48,7.89,34489541
2000-07-03,7.75,8.09,7.62,7.96,20557900
2000-07-04,7.96,8.03,7.62,7.69,11993226
2000-07-05,7.75,8.16,7.62,8.16,38581482
2000-07-06,8.89,9.29,8.73,9.13,51609012
2000-07-07,9.13,9.13,8.89,8.97,13744158
2000-07-10,8.97,9.05,8.73,9.05,12343966
2000-07-11,9.05,9.21,8.89,9.13,17064654
2000-07-12,9.13,9.13,8.89,9.05,7861616
2000-07-13,8.89,9.21,8.89,9.05,21187773
2000-07-14,8.97,9.29,8.97,9.13,23263871
2000-07-17,9.29,9.45,9.21,9.21,24166464
2000-07-18,9.21,9.37,9.13,9.29,16043026
2000-07-19,9.21,9.37,9.13,9.29,16043026
2000-07-20,9.21,9.37,9.05,9.13,9936526
2000-07-21,9.21,9.21,8.97,9.21,9605596
2000-07-24,9.13,9.45,9.05,9.37,15136532
2000-07-25,9.21,9.37,9.13,9.21,10712615
2000-07-26,9.21,9.7,9.21,9.7,41775727
2000-07-27,9.54,9.86,9.37,9.86,45081056
2000-07-28,9.78,10.1,9.7,10.1,29183303
2000-07-31,9.94,10.18,9.86,10.18,26797435
2000-08-01,10.02,10.18,9.86,10.1,16762781
2000-08-02,9.94,10.02,9.54,9.54,14585702
2000-08-03,9.45,9.54,9.37,9.54,7904815
2000-08-04,9.54,9.62,9.45,9.45,5591572
2000-08-07,9.45,9.54,9.37,9.45,5747720
2000-08-08,9.45,9.62,9.37,9.45,7927509
2000-08-09,9.54,9.62,9.45,9.54,10188041
2000-08-10,9.54,9.62,9.21,9.37,20575809
2000-08-11,9.21,9.29,9.13,9.13,10302544
2000-08-14,9.13,9.21,9.05,9.05,4124951
2000-08-15,9.05,9.13,8.97,9.05,4641197
2000-08-16,9.05,9.21,9.05,9.05,7569584
2000-08-17,9.13,9.21,9.05,9.21,12377892
2000-08-18,9.21,9.29,9.13,9.21,8218587
2000-08-21,9.05,9.13,9.05,9.05,6072220
2000-08-22,9.05,9.13,8.97,8.97,7517618
2000-08-23,8.97,8.97,8.97,8.97,0
2000-08-24,8.97,8.97,8.57,8.57,19178500
2000-08-25,8.65,8.73,8.65,8.65,6182863
2000-08-28,8.65,8.65,8.48,8.48,8648681
2000-08-29,8.4,8.4,8.08,8.08,20837295
2000-08-30,8.08,8.16,7.76,7.81,24843987
2000-08-31,7.77,8.16,7.77,8.08,25916663
2000-09-01,8.16,8.24,7.92,7.98,11598271
2000-09-04,8.32,8.4,8.16,8.4,9571762
2000-09-05,8.4,8.4,8.16,8.32,12411818
2000-09-06,8.24,8.24,8.08,8.08,6895966
2000-09-07,8.0,8.16,8.0,8.08,7433634
2000-09-08,8.16,8.24,8.08,8.24,10776421
2000-09-11,8.32,8.32,8.08,8.24,11234670
2000-09-12,8.24,8.24,8.24,8.24,0
2000-09-13,8.24,8.4,8.08,8.32,14316458
2000-09-14,8.24,8.32,8.08,8.08,9258291
2000-09-15,8.08,8.24,8.08,8.24,7944726
2000-09-18,8.08,8.16,8.05,8.06,11503213
2000-09-19,7.92,8.16,7.92,7.94,13206552
2000-09-20,8.05,8.24,8.0,8.24,16830780
2000-09-21,8.08,8.32,8.06,8.32,11776169
2000-09-22,8.24,8.24,7.79,7.87,19310409
2000-09-25,7.92,7.95,7.76,7.87,9134137
2000-09-26,7.87,7.94,7.34,7.74,17875377
2000-09-27,7.74,7.89,7.69,7.79,8058720
2000-09-28,7.84,7.92,7.79,7.79,7666350
2000-09-29,7.87,7.89,7.76,7.77,16159689
2000-10-02,7.76,8.24,7.76,7.94,31464787
2000-10-03,8.08,8.24,8.03,8.24,25214131
2000-10-04,7.97,8.24,7.97,8.06,35415733
2000-10-05,8.08,8.16,7.98,8.08,29730018
2000-10-06,8.16,8.65,8.16,8.65,37711498
2000-10-09,8.32,8.57,8.24,8.4,28791067
2000-10-10,8.4,8.4,8.4,8.4,0
2000-10-11,8.16,8.4,8.16,8.24,18744193
2000-10-12,8.16,8.73,8.16,8.32,38929227
2000-10-13,8.24,8.65,8.08,8.57,30413661
2000-10-16,8.57,8.57,8.57,8.57,0
2000-10-17,8.16,8.57,8.16,8.32,17857468
2000-10-18,8.32,8.4,8.08,8.08,29970905
2000-10-19,7.92,8.05,7.51,7.51,21862965
2000-10-20,7.61,8.03,7.61,8.03,15466233
2000-10-23,8.48,8.57,8.16,8.4,24751340
2000-10-24,8.57,8.57,8.32,8.4,17248316
2000-10-25,8.4,8.48,8.16,8.32,29979901
2000-10-26,8.32,8.48,8.08,8.32,39321793
2000-10-27,8.32,8.32,8.32,8.32,0
2000-10-30,7.97,8.73,7.97,8.57,54905831
2000-10-31,8.57,8.57,8.32,8.32,36368886
2000-11-01,8.32,8.57,8.16,8.32,29350547
2000-11-02,8.48,8.57,8.32,8.57,25202648
2000-11-03,8.65,8.73,8.48,8.57,13468238
2000-11-06,8.65,8.65,8.4,8.48,9616453
2000-11-07,8.57,8.65,8.32,8.4,21318118
2000-11-08,8.4,8.57,8.16,8.4,33481949
2000-11-09,8.48,8.57,8.4,8.57,21431944
2000-11-10,8.57,8.57,8.32,8.32,18703949
2000-11-13,8.16,8.4,8.08,8.32,20170827
2000-11-14,8.4,8.48,8.32,8.4,14802607
2000-11-15,8.48,8.57,8.4,8.4,18599923
2000-11-16,8.16,8.32,8.08,8.08,19211578
2000-11-17,8.08,8.08,7.76,7.95,15375895
2000-11-20,7.51,7.6,7.22,7.22,15982083
2000-11-21,6.98,7.47,6.98,7.47,14050023
2000-11-22,7.47,7.69,7.32,7.51,25206825
2000-11-23,7.43,7.61,7.4,7.61,10666581
2000-11-24,7.61,7.92,7.61,7.92,12204027
2000-11-27,7.95,8.0,7.84,7.89,7772312
2000-11-28,7.85,7.94,7.76,7.92,10066136
2000-11-29,7.85,7.92,7.79,7.85,6254781
2000-11-30,7.85,7.89,7.64,7.77,8123134
2000-12-01,7.63,7.84,7.63,7.82,6256511
2000-12-04,7.73,7.74,7.64,7.68,6513306
2000-12-05,7.66,7.89,7.66,7.87,13095969
2000-12-06,7.92,8.03,7.81,7.82,12436532
2000-12-07,7.76,8.02,7.74,7.9,16536648
2000-12-08,7.9,8.24,7.85,8.08,11522288
2000-12-11,8.0,8.24,8.0,8.16,9641541
2000-12-12,8.16,8.24,8.08,8.08,7100681
2000-12-13,8.08,8.32,8.02,8.24,9294815
2000-12-14,8.16,8.24,8.08,8.24,5236473
2000-12-15,8.08,8.16,8.0,8.0,4336711
2000-12-18,7.73,7.76,7.64,7.68,2644573
2000-12-19,7.76,7.85,7.61,7.84,7356335
2000-12-20,7.97,8.0,7.79,7.82,11230267
2000-12-21,7.68,7.76,7.6,7.61,8448948
2000-12-22,7.63,7.77,7.63,7.76,9020965
2000-12-25,7.76,7.76,7.76,7.76,0
2000-12-26,7.79,7.81,7.63,7.63,2620143
2000-12-27,7.63,7.63,7.37,7.37,6382719
2000-12-28,7.29,7.47,7.13,7.42,9944379
2000-12-29,7.42,7.45,7.29,7.3,7602410
2001-01-01,7.3,7.3,7.3,7.3,0
2001-01-02,7.51,7.85,7.51,7.84,14281862
2001-01-03,7.74,7.82,7.68,7.73,6053814
2001-01-04,7.84,8.0,7.84,7.87,18456352
2001-01-05,7.84,7.84,7.6,7.71,22283260
2001-01-08,7.71,7.89,7.68,7.69,15021654
2001-01-09,7.69,7.77,7.6,7.74,19265340
2001-01-10,7.74,7.76,7.56,7.63,13700182
2001-01-11,7.63,7.64,7.48,7.48,15183902
2001-01-12,7.45,7.56,7.45,7.51,7005485
2001-01-15,7.51,7.69,7.47,7.66,10796335
2001-01-16,7.66,7.9,7.55,7.76,25499030
2001-01-17,7.77,7.97,7.69,7.85,31835436
2001-01-18,7.92,8.08,7.85,8.0,32536665
2001-01-19,8.0,8.0,8.0,8.0,0
2001-01-22,8.0,8.0,8.0,8.0,0
2001-01-23,8.0,8.0,8.0,8.0,0
2001-01-24,8.0,8.0,8.0,8.0,0
2001-01-25,8.0,8.0,8.0,8.0,0
2001-01-26,8.0,8.0,8.0,8.0,0
2001-01-29,8.08,8.16,7.79,7.79,13539593
2001-01-30,7.81,7.97,7.76,7.97,11851269
2001-01-31,8.05,8.16,7.94,7.98,14912736
2001-02-01,8.06,8.16,8.05,8.08,15894167
2001-02-02,8.16,8.32,8.08,8.24,23919028
2001-02-05,8.24,8.24,8.0,8.08,12405536
2001-02-06,8.08,8.16,7.89,8.0,9436133
2001-02-07,7.92,8.0,7.89,7.92,6726628
2001-02-08,7.94,8.0,7.85,7.92,3531206
2001-02-09,8.0,8.0,7.85,7.85,7958820
2001-02-12,7.85,7.9,7.76,7.79,10048681
2001-02-13,7.84,7.87,7.77,7.79,13057410
2001-02-14,7.82,7.92,7.69,7.71,11955496
2001-02-15,7.68,7.77,7.64,7.71,15578652
2001-02-16,7.77,7.87,7.71,7.71,14318669
2001-02-19,7.71,7.87,7.68,7.71,9923826
2001-02-20,7.84,7.84,7.68,7.71,8715977
2001-02-21,7.71,7.76,7.64,7.69,6345819
2001-02-22,7.76,7.82,7.69,7.81,14801663
2001-02-23,7.81,7.89,7.81,7.82,16358061
2001-02-26,7.89,7.92,7.82,7.85,8510940
2001-02-27,7.87,7.87,7.79,7.85,9960710
2001-02-28,7.85,7.85,7.85,7.85,0
2001-03-01,7.76,7.85,7.76,7.79,10868376
2001-03-02,7.81,7.85,7.79,7.81,5532588
2001-03-05,7.81,7.85,7.76,7.81,4404285
2001-03-06,7.79,7.92,7.79,7.87,11302441
2001-03-07,7.92,7.94,7.81,7.81,7174797
2001-03-08,7.81,7.81,7.73,7.74,7327006
2001-03-09,7.74,7.76,7.69,7.73,3867428
2001-03-12,7.68,7.73,7.53,7.53,6191956
2001-03-13,7.47,7.6,7.43,7.53,9176205
2001-03-14,7.53,7.53,7.53,7.53,0
2001-03-15,7.55,7.58,7.43,7.5,7325291
2001-03-16,7.5,7.55,7.45,7.45,8423277
2001-03-19,7.45,7.5,7.43,7.43,6114761
2001-03-20,7.45,7.5,7.37,7.39,3568526
2001-03-21,7.35,7.39,7.29,7.34,4731783
2001-03-22,7.34,7.43,7.34,7.34,8171020
2001-03-23,7.42,7.5,7.35,7.35,5403281
2001-03-26,7.37,7.48,7.37,7.47,8138375
2001-03-27,7.47,7.51,7.37,7.39,5391051
2001-03-28,7.4,7.43,7.35,7.35,4116782
2001-03-29,7.34,7.35,7.27,7.27,4022987
2001-03-30,7.29,7.3,7.11,7.24,13295286
2001-04-02,7.22,7.22,7.03,7.03,5831058
2001-04-03,6.95,6.98,6.71,6.72,8739508
2001-04-04,6.67,6.71,6.55,6.63,10823131
2001-04-05,6.63,6.63,6.63,6.63,0
2001-04-06,6.87,6.95,6.77,6.8,11880800
2001-04-09,6.8,6.8,6.66,6.69,7631562
2001-04-10,6.79,6.95,6.72,6.9,14923996
2001-04-11,6.98,6.98,6.79,6.9,11612896
2001-04-12,6.93,6.95,6.85,6.9,5644910
2001-04-13,6.9,6.93,6.8,6.82,4194685
2001-04-16,6.82,6.82,6.71,6.71,3022681
2001-04-17,6.71,6.88,6.69,6.87,6710304
2001-04-18,6.93,6.98,6.87,6.88,5135316
2001-04-19,7.01,7.03,6.9,6.9,6123436
2001-04-20,6.9,6.9,6.79,6.8,4649727
2001-04-23,6.8,6.8,6.67,6.79,5012467
2001-04-24,6.71,6.87,6.71,6.8,3400339
2001-04-25,6.8,6.93,6.72,6.79,6957566
2001-04-26,6.8,6.93,6.72,6.79,6957566
2001-04-27,6.71,6.74,6.63,6.64,6453087
2001-04-30,6.64,6.69,6.63,6.64,3573188
2001-05-01,6.64,6.64,6.64,6.64,0
2001-05-02,6.66,6.74,6.3,6.4,10050915
2001-05-03,6.34,6.46,6.34,6.46,4579018
2001-05-04,6.46,6.48,6.17,6.21,8492586
2001-05-07,6.3,6.3,6.16,6.24,5496451
2001-05-08,6.3,6.34,6.22,6.34,7260964
2001-05-09,6.38,6.38,6.21,6.3,7393383
2001-05-10,6.3,6.3,6.11,6.11,10999883
2001-05-11,6.09,6.22,5.98,6.16,6897638
2001-05-14,6.16,6.21,6.01,6.01,4391802
2001-05-15,6.08,6.16,6.03,6.16,5758213
2001-05-16,6.16,6.17,6.06,6.06,3944069
2001-05-17,6.06,6.14,6.06,6.08,5559961
2001-05-18,6.14,6.25,6.11,6.19,10568245
2001-05-21,6.3,6.38,6.22,6.34,22507418
2001-05-22,6.4,6.43,6.3,6.42,8463479
2001-05-23,6.42,6.69,6.37,6.59,14288139
2001-05-24,6.59,6.63,6.5,6.56,4811313
2001-05-25,6.56,6.71,6.46,6.63,9881091
2001-05-28,6.61,6.63,6.51,6.61,4156345
2001-05-29,6.48,6.87,6.48,6.76,14595379
2001-05-30,6.76,6.87,6.72,6.82,9650499
2001-05-31,6.8,6.95,6.77,6.88,10731150
2001-06-01,6.88,6.95,6.63,6.69,6101366
2001-06-04,6.66,6.66,6.48,6.5,8780915
2001-06-05,6.62,6.7,6.6,6.68,4508016
2001-06-06,6.98,7.03,6.88,6.96,7739078
2001-06-07,6.96,7.12,6.93,7.05,6351054
2001-06-08,7.17,7.22,7.14,7.17,4610200
2001-06-11,7.14,7.14,7.03,7.12,6514810
2001-06-12,7.12,7.19,7.09,7.09,3069290
2001-06-13,7.09,7.12,6.91,6.95,4512795
2001-06-14,6.95,6.95,6.81,6.84,4156416
2001-06-15,6.74,6.83,6.74,6.83,4091827
2001-06-18,6.74,6.81,6.74,6.77,3109553
2001-06-19,6.74,6.74,6.57,6.64,13036482
2001-06-20,6.6,6.64,6.57,6.6,3413797
2001-06-21,6.57,6.86,6.57,6.84,8094065
2001-06-22,6.84,6.95,6.77,6.91,7403316
2001-06-25,6.91,6.91,6.91,6.91,0
2001-06-26,6.86,6.91,6.74,6.74,4870378
2001-06-27,6.74,6.81,6.67,6.81,3058506
2001-06-28,6.79,6.81,6.69,6.77,4306894
2001-06-29,6.88,6.88,6.69,6.79,5498951
2001-07-02,6.76,6.79,6.65,6.74,4010263
2001-07-03,6.65,6.74,6.65,6.72,3723000
2001-07-04,6.65,6.65,6.48,6.5,7372161
2001-07-05,7.24,7.32,7.19,7.24,5856631
2001-07-06,7.24,7.55,7.24,7.42,4264319
2001-07-09,7.36,7.4,7.21,7.21,6592806
2001-07-10,7.26,7.3,7.11,7.15,5387415
2001-07-11,7.15,7.21,7.07,7.09,4706337
2001-07-12,7.11,7.19,7.05,7.05,4121751
2001-07-13,7.15,7.17,6.65,6.69,8410936
2001-07-16,6.69,6.8,6.23,6.38,6579545
2001-07-17,6.27,6.34,6.11,6.19,8730958
2001-07-18,6.19,6.23,5.79,5.83,9237801
2001-07-19,5.69,5.96,5.56,5.85,11855826
2001-07-20,5.85,6.15,5.75,6.11,10712637
2001-07-23,6.23,6.27,6.11,6.17,9847961
2001-07-24,6.17,6.17,5.77,5.88,8229814
2001-07-25,5.88,5.96,5.69,5.81,5846523
2001-07-26,5.83,5.96,5.69,5.96,10127086
2001-07-27,5.98,6.17,5.81,5.94,15858506
2001-07-30,5.94,5.94,5.94,5.94,0
2001-07-31,5.92,5.92,5.75,5.75,6288712
2001-08-01,5.77,5.92,5.67,5.73,11869001
2001-08-02,5.75,5.85,5.69,5.85,8450480
2001-08-03,5.9,6.06,5.85,5.98,12953085
2001-08-06,5.98,6.06,5.81,5.85,7305243
2001-08-07,5.81,5.83,5.75,5.77,2911547
2001-08-08,5.79,6.17,5.79,6.17,11758376
2001-08-09,6.19,6.59,6.17,6.44,34855049
2001-08-10,6.57,6.59,6.42,6.5,22752859
2001-08-13,6.69,6.9,6.63,6.84,27529522
2001-08-14,6.96,7.11,6.9,7.01,28518389
2001-08-15,7.01,7.07,6.9,6.98,13898228
2001-08-16,7.05,7.3,6.94,7.24,26289256
2001-08-17,7.24,7.24,6.94,6.94,13796851
2001-08-20,6.82,7.11,6.8,7.03,16426589
2001-08-21,7.07,7.13,7.01,7.09,13875123
2001-08-22,7.09,7.34,7.03,7.28,23731930
2001-08-23,7.28,7.3,7.11,7.11,12933186
2001-08-24,7.07,7.21,6.9,6.92,17571595
2001-08-27,6.96,7.11,6.92,7.03,13405834
2001-08-28,7.11,7.15,7.01,7.03,9051341
2001-08-29,7.03,7.51,6.98,7.51,28639552
2001-08-30,7.55,7.95,7.53,7.8,44890878
2001-08-31,7.74,7.9,7.49,7.63,36084620
2001-09-03,7.63,7.63,7.3,7.38,14706651
2001-09-04,7.32,7.4,7.21,7.36,17089769
2001-09-05,7.32,7.53,7.17,7.21,13063777
2001-09-06,7.13,7.21,7.03,7.05,8420229
2001-09-07,7.01,7.19,7.01,7.11,18254896
2001-09-10,7.11,7.15,7.03,7.07,8279719
2001-09-11,7.11,7.17,6.86,7.01,13798734
2001-09-12,7.01,7.01,7.01,7.01,0
2001-09-13,6.69,7.17,6.69,6.98,34926253
2001-09-14,6.8,7.03,6.5,6.5,31994984
2001-09-17,6.5,6.5,6.5,6.5,0
2001-09-18,6.5,6.5,6.5,6.5,0
2001-09-19,6.5,6.5,6.5,6.5,0
2001-09-20,6.38,6.52,6.38,6.38,8483734
2001-09-21,6.27,6.31,6.17,6.17,6357673
2001-09-24,6.17,6.17,6.17,6.17,0
2001-09-25,6.44,6.44,5.83,5.83,21942599
2001-09-26,5.65,6.0,5.5,5.96,28798117
2001-09-27,5.92,5.92,5.79,5.79,7068590
2001-09-28,5.79,5.79,5.79,5.79,0
2001-10-01,5.79,5.79,5.79,5.79,0
2001-10-02,6.0,6.0,5.75,5.75,7208202
2001-10-03,5.75,5.85,5.71,5.83,8540504
2001-10-04,6.06,6.08,5.79,5.81,10487720
2001-10-05,5.75,6.02,5.75,6.0,11696644
2001-10-08,6.19,6.19,5.98,6.02,9663686
2001-10-09,6.06,6.15,6.02,6.15,9091709
2001-10-10,6.15,6.15,6.15,6.15,0
2001-10-11,6.27,6.54,6.23,6.54,18372574
2001-10-12,6.69,6.69,6.29,6.31,12860635
2001-10-15,6.17,6.29,5.98,5.98,7429816
2001-10-16,5.98,6.13,5.98,6.06,7658805
2001-10-17,6.06,6.19,6.06,6.15,10877685
2001-10-18,6.06,6.08,5.96,5.98,7878635
2001-10-19,5.94,6.13,5.85,6.0,9572050
2001-10-22,6.06,6.17,6.06,6.11,7316916
2001-10-23,6.23,6.27,6.13,6.15,12819477
2001-10-24,6.15,6.23,6.06,6.19,6171148
2001-10-25,6.19,6.31,6.17,6.19,11338910
2001-10-26,6.21,6.36,6.21,6.29,16196693
2001-10-29,6.27,6.29,6.13,6.13,10552673
2001-10-30,6.06,6.06,5.92,5.94,8981791
2001-10-31,5.85,5.92,5.75,5.83,14548413
2001-11-01,5.83,5.83,5.75,5.77,7969577
2001-11-02,5.77,5.85,5.69,5.71,17709957
2001-11-05,5.67,5.71,5.58,5.62,14547649
2001-11-06,5.69,5.88,5.69,5.88,20529797
2001-11-07,5.94,5.96,5.81,5.83,14772362
2001-11-08,5.85,5.9,5.71,5.71,10467192
2001-11-09,5.71,5.71,5.71,5.71,0
2001-11-12,5.92,6.15,5.85,6.15,31169803
2001-11-13,6.06,6.17,5.96,5.98,15584415
2001-11-14,6.17,6.17,5.98,6.02,14693485
2001-11-15,6.04,6.15,6.04,6.13,19378110
2001-11-16,6.17,6.34,6.15,6.27,38620925
2001-11-19,6.34,6.59,6.31,6.54,23955034
2001-11-20,6.69,6.8,6.52,6.63,38147016
2001-11-21,6.63,6.9,6.59,6.9,33145930
2001-11-22,6.9,6.94,6.63,6.65,21171521
2001-11-23,6.65,6.77,6.59,6.69,9680532
2001-11-26,6.73,6.9,6.71,6.73,18500820
2001-11-27,6.8,6.88,6.44,6.5,27788791
2001-11-28,6.42,6.5,6.06,6.15,16018820
2001-11-29,5.98,6.15,5.96,6.15,7918807
2001-11-30,6.23,6.23,5.98,5.98,11346190
2001-12-03,6.0,6.19,6.0,6.11,22033523
2001-12-04,6.11,6.25,6.0,6.25,13240030
2001-12-05,6.29,6.5,6.27,6.4,23251419
2001-12-06,6.52,6.84,6.5,6.84,38897104
2001-12-07,6.84,6.96,6.67,6.77,29582314
2001-12-10,6.77,7.24,6.77,7.24,45017806
2001-12-11,7.19,7.42,6.88,6.9,55183404
2001-12-12,7.28,7.38,7.11,7.36,27863304
2001-12-13,7.38,7.63,7.11,7.17,41604949
2001-12-14,6.71,7.09,6.71,7.03,24131184
2001-12-17,7.01,7.13,6.92,6.96,16654094
2001-12-18,7.05,7.11,6.59,6.59,15090276
2001-12-19,6.59,6.71,6.29,6.29,12815936
2001-12-20,6.44,6.63,6.31,6.59,10494286
2001-12-21,6.54,6.59,6.42,6.48,8048654
2001-12-24,6.59,6.59,6.4,6.42,5949995
2001-12-25,6.46,6.67,6.44,6.65,10157625
2001-12-26,6.67,6.84,6.59,6.69,13138845
2001-12-27,6.75,6.84,6.48,6.59,11301733
2001-12-28,6.59,6.63,6.5,6.61,5619403
2001-12-31,6.67,6.8,6.63,6.71,9158750
2002-01-01,6.71,6.71,6.71,6.71,0
2002-01-02,6.86,7.17,6.84,7.17,26101914
2002-01-03,7.17,7.17,7.17,7.17,0
2002-01-04,7.28,7.3,7.07,7.15,14258087
2002-01-07,7.19,7.51,7.13,7.51,13987946
2002-01-08,7.44,7.44,7.21,7.36,13231311
2002-01-09,7.4,7.47,7.17,7.36,14506086
2002-01-10,7.26,7.3,7.11,7.19,17324820
2002-01-11,7.17,7.44,7.11,7.19,33966870
2002-01-14,7.13,7.13,6.92,7.03,8970101
2002-01-15,7.01,7.19,6.98,7.19,9911900
2002-01-16,7.21,7.36,7.21,7.32,20898779
2002-01-17,7.24,7.3,6.96,7.13,18002999
2002-01-18,7.15,7.24,6.98,7.07,13255205
2002-01-21,7.07,7.28,6.77,7.24,17175034
2002-01-22,7.24,7.32,7.13,7.21,13414019
2002-01-23,7.19,7.4,7.11,7.15,18762830
2002-01-24,7.21,7.36,7.21,7.34,10129187
2002-01-25,7.42,7.84,7.42,7.84,53511877
2002-01-28,8.26,8.39,8.13,8.39,60613983
2002-01-29,8.45,8.45,7.86,7.97,39569191
2002-01-30,7.93,8.51,7.88,8.51,45825541
2002-01-31,8.51,8.51,8.51,8.51,0
2002-02-01,9.45,9.45,8.91,9.05,58744829
2002-02-04,9.05,9.68,9.05,9.41,44834848
2002-02-05,9.18,9.31,8.93,9.16,25300726
2002-02-06,9.16,9.35,9.01,9.16,23590345
2002-02-07,9.16,9.16,9.16,9.16,0
2002-02-08,9.16,9.16,9.16,9.16,0
2002-02-11,9.16,9.16,9.16,9.16,0
2002-02-12,9.16,9.16,9.16,9.16,0
2002-02-13,9.16,9.16,9.16,9.16,0
2002-02-14,9.16,9.16,9.16,9.16,0
2002-02-15,9.16,9.16,9.16,9.16,0
2002-02-18,9.33,9.33,8.74,8.74,17703181
2002-02-19,8.85,8.91,8.59,8.64,20420115
2002-02-20,8.72,8.89,8.59,8.64,25871428
2002-02-21,8.78,8.95,8.64,8.64,24341170
2002-02-22,8.62,8.78,8.51,8.76,21769239
2002-02-25,8.87,9.08,8.76,8.76,32893594
2002-02-26,8.99,9.16,8.78,8.93,31774414
2002-02-27,8.97,9.31,8.93,9.22,44967190
2002-02-28,9.22,9.22,9.22,9.22,0
2002-03-01,9.24,9.85,9.22,9.85,61532555
2002-03-04,10.0,10.35,9.7,9.83,57545246
2002-03-05,9.89,9.95,9.45,9.68,27917342
2002-03-06,9.54,10.2,9.54,10.14,47764363
2002-03-07,10.14,10.2,9.81,9.87,30197345
2002-03-08,9.87,10.04,9.56,9.62,31399506
2002-03-11,9.62,9.81,9.43,9.74,28806169
2002-03-12,9.41,9.68,9.41,9.41,20951713
2002-03-13,9.43,9.7,9.41,9.47,26317550
2002-03-14,9.47,9.6,9.31,9.33,17543135
2002-03-15,9.33,9.51,9.22,9.22,15113429
2002-03-18,9.33,9.43,9.05,9.2,13105797
2002-03-19,9.2,9.26,8.8,8.85,11966444
2002-03-20,8.89,9.16,8.76,9.1,12236442
2002-03-21,8.97,9.31,8.95,9.22,15269169
2002-03-22,9.54,9.83,9.43,9.51,32016719
2002-03-25,9.47,9.51,9.22,9.31,9976004
2002-03-26,9.31,9.49,9.31,9.41,16696126
2002-03-27,9.45,9.66,9.24,9.28,27801659
2002-03-28,9.33,9.37,9.1,9.24,16313158
2002-03-29,9.03,9.16,8.87,8.89,15533887
2002-04-01,8.89,8.99,8.8,8.89,8078048
2002-04-02,8.99,9.22,8.95,9.14,27977791
2002-04-03,9.2,9.72,9.2,9.58,47235221
2002-04-04,9.7,9.7,9.05,9.31,25942017
2002-04-05,9.31,9.31,9.31,9.31,0
2002-04-08,9.26,9.39,9.05,9.31,12527978
2002-04-09,9.41,9.51,9.24,9.24,21768442
2002-04-10,9.2,9.28,9.03,9.2,12574535
2002-04-11,9.26,9.28,9.01,9.01,13526870
2002-04-12,9.03,9.31,9.03,9.24,11477173
2002-04-15,9.24,9.37,9.1,9.2,6956580
2002-04-16,9.24,9.41,9.22,9.22,9986092
2002-04-17,9.37,9.41,9.28,9.39,13916075
2002-04-18,9.45,9.7,9.43,9.45,28785007
2002-04-19,9.54,9.62,9.28,9.31,11213262
2002-04-22,9.16,9.22,9.1,9.2,18077897
2002-04-23,9.01,9.14,8.95,9.08,17572290
2002-04-24,8.89,9.03,8.89,8.99,21931440
2002-04-25,8.99,9.1,8.89,8.91,17607193
2002-04-26,8.91,8.99,8.89,8.93,7307614
2002-04-29,8.89,8.89,8.51,8.62,17014804
2002-04-30,8.62,8.66,8.41,8.49,12710019
2002-05-01,8.49,8.49,8.49,8.49,0
2002-05-02,8.49,8.57,7.9,8.11,13331720
2002-05-03,7.95,8.22,7.95,8.03,14874102
2002-05-06,8.03,8.03,7.67,7.67,12687316
2002-05-07,7.49,7.84,7.49,7.84,10934190
2002-05-08,7.99,8.18,7.88,8.18,14540823
2002-05-09,8.39,8.39,8.28,8.36,13461785
2002-05-10,8.26,8.39,8.16,8.32,6310729
2002-05-13,8.34,8.47,8.3,8.32,9511397
2002-05-14,8.43,8.45,8.26,8.34,9365247
2002-05-15,8.43,8.89,8.43,8.78,21959258
2002-05-16,8.85,8.91,8.68,8.82,17173700
2002-05-17,8.87,8.95,8.64,8.7,16935818
2002-05-20,8.57,8.68,8.26,8.26,13580752
2002-05-21,8.2,8.36,8.16,8.24,8436596
2002-05-22,8.36,8.78,8.36,8.72,15468745
2002-05-23,8.72,9.31,8.66,9.03,39559764
2002-05-24,9.03,9.2,8.93,9.18,31862689
2002-05-27,9.05,9.41,9.05,9.22,26959541
2002-05-28,9.22,9.31,8.89,8.89,21644460
2002-05-29,8.78,8.8,8.57,8.76,17867215
2002-05-30,8.68,9.31,8.68,9.26,40723698
2002-05-31,9.31,9.35,8.99,9.1,16088359
2002-06-03,8.91,8.99,8.7,8.95,11740518
2002-06-04,8.74,8.93,8.74,8.89,9327266
2002-06-05,8.97,9.16,8.97,9.01,13518801
2002-06-06,8.99,9.2,8.95,9.12,11662870
2002-06-07,9.08,9.1,8.93,8.99,8660157
2002-06-10,8.99,9.31,8.99,9.2,21741367
2002-06-11,9.31,9.31,8.95,9.08,10213373
2002-06-12,9.05,9.24,8.99,9.2,10553819
2002-06-13,9.29,9.4,9.19,9.23,11710050
2002-06-14,9.23,9.4,9.19,9.23,9863005
2002-06-17,9.34,9.55,9.27,9.27,24837677
2002-06-18,9.42,9.42,9.29,9.38,8314132
2002-06-19,9.34,9.42,9.08,9.1,11116881
2002-06-20,9.02,9.38,8.95,9.38,13674464
2002-06-21,9.34,9.38,9.21,9.23,9559817
2002-06-24,9.19,9.36,9.15,9.29,16170601
2002-06-25,9.29,9.38,9.12,9.17,9817765
2002-06-26,9.04,9.17,8.63,9.1,17779418
2002-06-27,9.1,9.15,8.53,8.57,17645734
2002-06-28,8.63,8.78,8.51,8.55,12257190
2002-07-01,8.53,8.53,8.12,8.23,10439924
2002-07-02,8.12,8.63,8.12,8.63,8456085
2002-07-03,8.53,9.08,8.48,9.06,16624032
2002-07-04,9.06,9.38,8.89,9.36,17679093
2002-07-05,10.01,10.64,10.01,10.25,31361507
2002-07-08,10.3,10.4,10.13,10.18,10527753
2002-07-09,10.1,10.32,10.03,10.06,7422728
2002-07-10,10.06,10.25,10.03,10.18,8089538
2002-07-11,10.08,10.59,10.08,10.59,21859777
2002-07-12,10.74,11.23,10.74,11.2,42984840
2002-07-15,11.35,11.59,11.15,11.18,37343097
2002-07-16,11.23,11.32,10.93,11.13,20505387
2002-07-17,11.11,11.13,10.86,11.11,12851892
2002-07-18,11.11,11.32,10.98,11.13,14979908
2002-07-19,11.11,11.13,10.4,10.57,23644604
2002-07-22,10.47,10.69,10.3,10.64,14205469
2002-07-23,10.52,10.93,10.52,10.93,10739625
2002-07-24,10.74,11.32,10.69,10.86,29769749
2002-07-25,11.08,11.08,10.86,10.98,13636809
2002-07-26,10.79,10.93,10.54,10.67,11519433
2002-07-29,10.69,10.84,10.59,10.81,7481566
2002-07-30,10.86,11.13,10.81,10.98,18514295
2002-07-31,10.98,11.01,10.84,10.91,6269037
2002-08-01,10.93,11.2,10.84,11.18,15052699
2002-08-02,11.06,11.13,10.89,11.06,6710631
2002-08-05,10.62,10.79,10.3,10.3,12109641
2002-08-06,10.06,10.28,9.59,9.59,28667682
2002-08-07,9.76,9.93,9.69,9.84,14820900
2002-08-08,9.84,9.86,9.57,9.59,13904382
2002-08-09,9.64,9.98,9.64,9.96,12863076
2002-08-12,9.96,9.96,9.62,9.71,13429402
2002-08-13,9.76,9.84,9.69,9.81,5911244
2002-08-14,9.76,9.86,9.74,9.84,5515533
2002-08-15,9.88,10.08,9.84,9.88,13036436
2002-08-16,9.96,9.96,9.64,9.79,6765351
2002-08-19,9.79,9.86,9.49,9.54,13943951
2002-08-20,9.64,9.79,9.62,9.74,7280758
2002-08-21,9.71,10.01,9.71,9.93,22250806
2002-08-22,9.98,10.13,9.98,10.03,13605464
2002-08-23,10.03,10.03,10.03,10.03,0
2002-08-26,10.2,10.37,10.03,10.37,12232509
2002-08-27,10.37,10.37,10.06,10.1,5977577
2002-08-28,10.08,10.15,10.01,10.01,5569693
2002-08-29,10.01,10.2,10.01,10.13,10444392
2002-08-30,10.2,10.2,10.01,10.03,6161305
2002-09-02,9.93,10.03,9.86,9.86,4402140
2002-09-03,9.88,9.96,9.74,9.76,3709631
2002-09-04,9.64,9.96,9.62,9.86,5212183
2002-09-05,9.86,9.88,9.64,9.64,6903778
2002-09-06,9.64,9.64,9.64,9.64,0
2002-09-09,9.74,10.01,9.64,10.01,6286905
2002-09-10,10.01,10.13,9.96,10.13,7286086
2002-09-11,10.08,10.15,9.88,9.88,6461047
2002-09-12,9.84,9.88,9.64,9.71,6753711
2002-09-13,9.67,9.76,9.57,9.59,8175854
2002-09-16,9.59,9.59,9.15,9.18,14757804
2002-09-17,9.18,9.47,9.15,9.47,13614347
2002-09-18,9.37,9.37,9.15,9.18,8519754
2002-09-19,9.18,9.27,9.08,9.18,5621455
2002-09-20,9.03,9.03,8.79,8.81,18734356
2002-09-23,8.79,8.81,8.2,8.2,19214094
2002-09-24,7.76,7.91,7.64,7.64,21820552
2002-09-25,7.59,7.64,7.3,7.64,26833453
2002-09-26,7.69,7.93,7.66,7.93,21261527
2002-09-27,7.93,8.15,7.93,8.03,19217286
2002-09-30,7.91,8.13,7.83,8.13,14934169
2002-10-01,8.1,8.2,8.01,8.15,12524484
2002-10-02,8.35,8.37,8.25,8.35,13121091
2002-10-03,8.3,8.3,8.05,8.25,13735145
2002-10-04,8.23,8.32,8.1,8.15,9769198
2002-10-07,8.05,8.1,7.71,7.71,21039694
2002-10-08,7.93,7.93,7.69,7.88,11425141
2002-10-09,7.81,8.05,7.79,7.93,8506460
2002-10-10,7.93,7.93,7.93,7.93,0
2002-10-11,8.05,8.05,7.88,7.88,10029923
2002-10-14,7.98,8.15,7.88,8.15,10316695
2002-10-15,8.27,8.71,8.27,8.71,20358375
2002-10-16,8.79,8.81,8.37,8.54,10665915
2002-10-17,8.54,8.96,8.42,8.84,21020668
2002-10-18,9.15,9.27,8.98,9.25,22868047
2002-10-21,9.25,9.27,9.03,9.13,5242050
2002-10-22,9.32,9.4,9.23,9.3,22548125
2002-10-23,9.3,9.76,9.13,9.69,20932231
2002-10-24,9.57,9.69,9.3,9.37,12105639
2002-10-25,9.27,9.37,9.15,9.32,9274067
2002-10-28,9.32,9.57,9.32,9.32,13389362
2002-10-29,9.32,9.4,9.27,9.32,7720291
2002-10-30,9.32,9.52,9.13,9.32,9735281
2002-10-31,9.32,9.45,9.23,9.32,16256373
2002-11-01,9.27,9.32,8.86,8.88,19699390
2002-11-04,9.08,9.13,8.91,9.13,7579639
2002-11-05,9.13,9.15,8.93,9.03,6373292
2002-11-06,9.03,9.27,9.01,9.27,14444439
2002-11-07,9.35,9.49,9.32,9.47,17783941
2002-11-08,9.45,9.71,9.4,9.67,18542772
2002-11-11,9.64,9.71,9.42,9.59,11258057
2002-11-12,9.74,10.25,9.74,10.13,48002001
2002-11-13,10.32,10.71,10.18,10.18,56344794
2002-11-14,10.23,10.45,10.08,10.3,41177497
2002-11-15,10.4,10.98,10.32,10.91,50117997
2002-11-18,11.03,11.2,10.74,10.86,44735893
2002-11-19,10.89,11.06,10.81,10.93,27269296
2002-11-20,10.98,11.06,10.37,10.64,28368153
2002-11-21,10.74,10.74,10.42,10.49,15613757
2002-11-22,10.69,10.84,10.52,10.67,17652791
2002-11-25,10.71,10.76,10.49,10.64,6312861
2002-11-26,10.81,11.18,10.69,10.76,28502138
2002-11-27,10.69,10.76,10.64,10.74,8311309
2002-11-28,10.84,10.86,10.49,10.49,12241583
2002-11-29,10.49,10.57,10.37,10.52,8165162
2002-12-02,10.52,10.52,10.52,10.52,0
2002-12-03,10.54,11.03,10.54,10.91,19475532
2002-12-04,10.84,10.96,10.76,10.81,10850085
2002-12-05,10.81,11.03,10.81,10.93,13298709
2002-12-06,11.06,11.3,10.93,11.11,41485139
2002-12-09,11.28,11.86,11.18,11.64,60521379
2002-12-10,11.59,11.62,11.35,11.37,17514232
2002-12-11,11.37,11.45,11.01,11.01,24382520
2002-12-12,11.01,11.3,10.91,11.28,18374590
2002-12-13,11.28,11.37,10.84,10.98,17574406
2002-12-16,10.98,11.11,10.89,10.98,11185920
2002-12-17,11.08,11.08,10.81,10.93,10801965
2002-12-18,10.91,11.06,10.74,10.81,10126000
2002-12-19,10.76,11.25,10.62,11.13,26267175
2002-12-20,11.37,11.37,10.91,11.13,18968741
2002-12-23,11.18,11.59,11.11,11.54,31359946
2002-12-24,11.54,11.57,11.3,11.32,14127488
2002-12-25,11.32,11.42,10.96,11.06,13465178
2002-12-26,11.11,11.15,10.91,11.06,6405379
2002-12-27,11.03,11.32,10.93,11.18,20037197
2002-12-30,11.18,11.35,10.93,11.23,23083835
2002-12-31,11.23,11.23,10.98,11.13,6596264
2003-01-01,11.13,11.13,11.13,11.13,0
2003-01-02,11.13,11.28,10.91,11.18,14811821
2003-01-03,11.3,11.86,11.3,11.52,40380708
2003-01-06,11.64,11.79,11.52,11.69,25850362
2003-01-07,11.69,11.72,11.47,11.67,18137194
2003-01-08,11.67,12.33,11.67,12.13,59206360
2003-01-09,12.15,12.57,11.96,12.01,59520990
2003-01-10,12.01,12.45,11.69,12.33,39675952
2003-01-13,12.33,12.45,12.15,12.33,35444233
2003-01-14,12.33,12.69,12.15,12.2,41338029
2003-01-15,12.2,12.33,11.98,12.08,20723226
2003-01-16,12.08,12.45,11.84,11.84,44760382
2003-01-17,11.91,12.33,11.91,12.01,41943830
2003-01-20,11.84,12.03,11.76,12.03,20823200
2003-01-21,12.03,12.13,11.79,11.93,25433694
2003-01-22,12.08,12.13,11.89,12.11,15228748
2003-01-23,12.11,12.33,11.96,11.96,27037922
2003-01-24,11.96,12.06,11.74,11.74,21047639
2003-01-27,11.72,11.79,11.28,11.3,19658307
2003-01-28,11.25,11.42,11.25,11.3,13131796
2003-01-29,11.3,11.3,11.3,11.3,0
2003-01-30,11.3,11.3,11.3,11.3,0
2003-01-31,11.3,11.3,11.3,11.3,0
2003-02-03,11.3,11.3,11.3,11.3,0
2003-02-04,11.3,11.3,11.3,11.3,0
2003-02-05,11.3,11.3,11.3,11.3,0
2003-02-06,11.3,11.54,11.23,11.28,21722602
2003-02-07,11.23,11.35,10.69,11.23,28834815
2003-02-10,10.98,11.13,10.81,11.06,11825962
2003-02-11,11.18,11.18,10.74,10.81,13293966
2003-02-12,10.74,11.18,10.71,10.98,18018384
2003-02-13,10.98,11.03,10.79,10.81,9488118
2003-02-14,10.98,10.98,10.49,10.49,15635731
2003-02-17,10.64,10.93,10.64,10.69,14943242
2003-02-18,10.67,10.67,10.25,10.47,9738328
2003-02-19,10.49,10.59,10.2,10.2,18708548
2003-02-20,10.25,10.32,9.84,10.01,24333221
2003-02-21,10.06,10.3,10.06,10.25,17362311
2003-02-24,10.37,10.64,10.25,10.64,14307499
2003-02-25,10.62,10.64,10.23,10.23,18875323
2003-02-26,10.25,10.74,10.23,10.49,21659116
2003-02-27,10.45,10.89,10.4,10.67,27570093
2003-02-28,10.67,10.67,10.67,10.67,0
2003-03-03,10.89,11.03,10.79,10.98,19286355
2003-03-04,10.79,10.98,10.71,10.91,13799424
2003-03-05,10.79,10.86,10.71,10.79,6875359
2003-03-06,10.86,10.91,10.67,10.71,6429813
2003-03-07,10.69,10.79,10.54,10.62,10730202
2003-03-10,10.54,10.69,10.25,10.25,13814473
2003-03-11,9.96,10.18,9.81,9.91,19116564
2003-03-12,9.91,10.01,9.88,9.96,17052313
2003-03-13,9.88,10.06,9.84,9.98,14421256
2003-03-14,10.25,10.54,10.25,10.54,21891574
2003-03-17,10.52,10.71,10.42,10.57,16320320
2003-03-18,10.91,11.3,10.74,11.18,31046467
2003-03-19,11.18,11.18,10.93,10.93,9316851
2003-03-20,11.67,11.67,10.98,11.06,11369802
2003-03-21,11.06,11.25,11.06,11.25,12452227
2003-03-24,11.32,11.32,11.06,11.13,7407443
2003-03-25,10.98,11.18,10.93,11.11,5377507
2003-03-26,11.18,11.18,10.98,11.08,7845446
2003-03-27,11.03,11.4,11.03,11.35,11999649
2003-03-28,11.35,11.45,11.2,11.3,12251365
2003-03-31,11.23,11.23,10.89,11.03,11672152
2003-04-01,10.93,11.08,10.84,11.06,9774099
2003-04-02,11.06,11.13,10.86,10.93,8270838
2003-04-03,11.03,11.11,10.89,10.93,14327507
2003-04-04,10.93,11.54,10.89,11.52,20200040
2003-04-07,11.52,11.81,11.47,11.72,17761903
2003-04-08,11.57,11.74,11.47,11.52,9530686
2003-04-09,11.45,11.57,11.45,11.5,8061785
2003-04-10,11.5,11.69,11.37,11.59,12003353
2003-04-11,11.5,11.52,11.25,11.35,7866181
2003-04-14,11.35,11.45,11.06,11.3,9699908
2003-04-15,11.3,11.32,11.15,11.18,4931109
2003-04-16,11.28,11.42,11.18,11.32,14550100
2003-04-17,11.35,11.47,11.32,11.4,16810365
2003-04-18,11.45,11.52,11.3,11.42,9540750
2003-04-21,11.32,11.4,11.18,11.28,7292714
2003-04-22,11.25,11.3,11.11,11.2,8955244
2003-04-23,11.28,11.3,11.06,11.2,7957077
2003-04-24,11.06,11.15,10.42,10.45,29178908
2003-04-25,10.13,10.25,9.86,10.08,18766425
2003-04-28,10.01,10.25,9.67,10.13,15730027
2003-04-29,10.49,10.64,10.25,10.64,30676013
2003-04-30,10.64,10.74,10.47,10.49,13184986
2003-05-01,10.49,10.49,10.49,10.49,0
2003-05-02,10.37,10.49,10.37,10.45,9483069
2003-05-05,10.32,10.35,10.2,10.28,10872658
2003-05-06,10.28,10.4,10.28,10.35,8476074
2003-05-07,10.42,10.54,10.37,10.47,11556553
2003-05-08,10.47,10.47,10.28,10.28,10163240
2003-05-09,10.3,10.98,10.3,10.89,38769046
2003-05-12,10.89,10.98,10.67,10.86,11179101
2003-05-13,10.98,11.23,10.84,10.93,20531948
2003-05-14,10.98,10.98,10.69,10.81,13205148
2003-05-15,10.81,10.81,10.57,10.81,10053567
2003-05-16,10.91,10.91,10.59,10.71,8698954
2003-05-19,10.62,10.67,10.57,10.67,4128373
2003-05-20,10.54,10.81,10.42,10.81,8192285
2003-05-21,10.76,10.93,10.67,10.93,13163595
2003-05-22,10.98,11.4,10.86,11.18,36409534
2003-05-23,11.35,11.45,11.23,11.37,21469349
2003-05-26,11.47,11.81,11.47,11.81,28308512
2003-05-27,11.81,11.91,11.64,11.67,15886382
2003-05-28,11.81,11.89,11.64,11.69,12533529
2003-05-29,11.69,11.89,11.45,11.89,22971466
2003-05-30,11.62,11.69,11.11,11.11,17322931
2003-06-02,11.32,11.52,11.23,11.5,18788440
2003-06-03,11.47,11.47,11.23,11.3,13243549
2003-06-04,11.3,11.3,11.3,11.3,0
2003-06-05,11.42,11.69,11.35,11.64,21473082
2003-06-06,11.64,11.64,11.42,11.57,11985954
2003-06-09,11.62,11.74,11.42,11.67,15085833
2003-06-10,11.67,11.69,11.4,11.45,20519141
2003-06-11,11.59,11.59,11.37,11.47,18729380
2003-06-12,11.63,11.91,11.63,11.83,22825073
2003-06-13,11.91,11.94,11.73,11.91,14639232
2003-06-16,11.83,11.94,11.81,11.81,8865941
2003-06-17,12.04,12.19,11.94,11.94,22090619
2003-06-18,12.09,12.14,11.83,11.86,18697363
2003-06-19,11.99,11.99,11.81,11.96,12845233
2003-06-20,11.96,11.99,11.78,11.83,7852623
2003-06-23,11.86,11.94,11.76,11.89,8177391
2003-06-24,11.86,12.19,11.86,12.14,16451191
2003-06-25,12.14,12.24,12.09,12.21,9738286
2003-06-26,12.19,12.21,11.96,12.04,8809593
2003-06-27,12.04,12.14,12.01,12.11,11501604
2003-06-30,12.14,12.14,12.04,12.11,9650126
2003-07-01,11.51,11.78,11.46,11.71,12556384
2003-07-02,11.81,11.94,11.76,11.81,10043638
2003-07-03,11.86,11.91,11.71,11.76,7626138
2003-07-04,11.76,11.76,11.56,11.68,7878357
2003-07-07,11.68,11.81,11.56,11.81,8472060
2003-07-08,11.81,11.81,11.58,11.81,20824312
2003-07-09,11.81,11.99,11.76,11.76,16454852
2003-07-10,11.76,11.81,11.56,11.58,15184216
2003-07-11,11.56,11.58,11.31,11.36,12435629
2003-07-14,11.36,11.56,11.31,11.46,12808032
2003-07-15,11.46,11.58,11.38,11.41,13653743
2003-07-16,11.41,11.58,11.36,11.51,14032270
2003-07-17,11.51,11.51,11.31,11.33,17697904
2003-07-18,11.33,11.41,11.31,11.31,7761881
2003-07-21,11.31,11.46,11.28,11.31,11447837
2003-07-22,11.31,11.43,11.28,11.38,6853891
2003-07-23,11.38,11.61,11.38,11.58,13258657
2003-07-24,11.58,11.66,11.51,11.58,13122634
2003-07-25,11.58,11.68,11.51,11.56,11940561
2003-07-28,11.56,11.86,11.56,11.68,16379105
2003-07-29,11.68,11.68,11.43,11.43,5900622
2003-07-30,11.43,11.71,11.43,11.68,12448940
2003-07-31,11.68,11.83,11.56,11.73,11767415
2003-08-01,11.73,11.83,11.66,11.68,15923032
2003-08-04,11.68,11.68,11.51,11.58,6323386
2003-08-05,11.56,11.58,11.38,11.46,9070337
2003-08-06,11.46,11.63,11.38,11.63,6842149
2003-08-07,11.63,11.73,11.46,11.71,7760211
2003-08-08,11.71,11.83,11.68,11.71,12733370
2003-08-11,11.71,12.04,11.71,11.81,17172103
2003-08-12,11.89,11.99,11.89,11.91,9776445
2003-08-13,11.91,12.69,11.91,12.69,43834254
2003-08-14,12.69,12.94,12.49,12.81,31758904
2003-08-15,12.81,13.32,12.81,13.19,50142694
2003-08-18,13.19,13.32,12.94,13.32,21520078
2003-08-19,13.32,13.32,12.81,12.94,18538233
2003-08-20,12.94,13.07,12.81,12.81,16359078
2003-08-21,12.81,13.32,12.69,13.19,21870127
2003-08-22,13.19,13.19,12.94,13.07,16362905
2003-08-25,13.07,13.07,12.81,12.94,11110551
2003-08-26,12.94,13.07,12.81,12.81,18633584
2003-08-27,12.81,12.81,12.56,12.56,16790395
2003-08-28,12.56,12.69,12.44,12.56,20855373
2003-08-29,12.56,12.81,12.51,12.69,14040936
2003-09-01,12.69,13.07,12.56,12.81,28463994
2003-09-02,12.81,13.07,12.69,12.81,25376114
2003-09-03,12.81,12.94,12.69,12.94,16235639
2003-09-04,12.94,12.94,12.56,12.56,19361605
2003-09-05,12.56,12.69,12.56,12.69,13535188
2003-09-08,12.56,12.69,12.49,12.69,13142574
2003-09-09,12.69,12.69,12.31,12.44,19626886
2003-09-10,12.31,12.36,12.14,12.14,17723406
2003-09-11,12.14,12.14,12.14,12.14,0
2003-09-12,12.11,12.36,12.06,12.31,22717296
2003-09-15,12.29,12.29,12.14,12.16,7022046
2003-09-16,12.16,12.49,12.16,12.36,19943899
2003-09-17,12.36,12.46,12.31,12.34,15825854
2003-09-18,12.21,12.26,12.11,12.19,15028427
2003-09-19,12.19,12.36,12.16,12.31,15735812
2003-09-22,12.26,12.29,12.16,12.16,9131977
2003-09-23,12.11,12.29,12.09,12.24,16924254
2003-09-24,12.24,12.39,12.16,12.39,17842077
2003-09-25,12.31,12.39,12.24,12.36,12660711
2003-09-26,12.36,12.56,12.36,12.36,20427300
2003-09-29,12.36,12.36,12.21,12.21,12234471
2003-09-30,12.21,12.21,12.11,12.21,8091079
2003-10-01,12.11,12.19,11.94,11.99,9647606
2003-10-02,11.99,12.11,11.99,12.11,10550443
2003-10-03,12.11,12.19,12.04,12.11,10985893
2003-10-06,12.11,12.54,12.11,12.49,29572506
2003-10-07,12.49,12.69,12.44,12.69,21768862
2003-10-08,12.69,12.69,12.39,12.39,16240004
2003-10-09,12.36,12.54,12.31,12.44,16596920
2003-10-10,12.44,12.44,12.44,12.44,0
2003-10-13,12.44,12.81,12.41,12.81,31653880
2003-10-14,12.81,13.07,12.69,12.94,39124932
2003-10-15,12.94,13.07,12.81,13.07,32622129
2003-10-16,13.07,13.19,12.94,13.07,26595269
2003-10-17,13.07,13.07,12.94,13.07,21204065
2003-10-20,13.07,13.07,12.81,12.94,26064108
2003-10-21,12.94,13.07,12.81,12.94,27733226
2003-10-22,12.94,12.94,12.69,12.69,15411906
2003-10-23,12.69,12.69,12.44,12.56,19131346
2003-10-24,12.56,12.56,12.44,12.44,10794158
2003-10-27,12.44,12.69,12.44,12.56,10545796
2003-10-28,12.56,12.94,12.54,12.94,22218923
2003-10-29,12.94,12.94,12.81,12.81,15990436
2003-10-30,12.81,12.94,12.69,12.94,22046808
2003-10-31,12.94,13.19,12.81,13.07,28621289
2003-11-03,12.94,13.44,12.94,13.19,44786307
2003-11-04,13.19,13.32,13.07,13.19,24528441
2003-11-05,13.19,13.44,13.07,13.32,44213275
2003-11-06,13.32,14.07,13.19,13.32,78640722
2003-11-07,13.32,13.32,13.07,13.19,33001302
2003-11-10,13.19,13.32,13.07,13.19,21950327
2003-11-11,13.19,13.32,13.07,13.07,22349308
2003-11-12,13.07,13.44,13.07,13.19,41493935
2003-11-13,13.19,13.44,13.07,13.19,20944524
2003-11-14,13.19,13.32,13.07,13.19,6597495
2003-11-17,13.19,13.19,12.94,12.94,13431604
2003-11-18,12.94,13.19,12.94,13.19,13301084
2003-11-19,13.07,13.32,12.94,13.19,16335022
2003-11-20,13.19,13.32,13.07,13.07,9649844
2003-11-21,12.94,13.07,12.81,13.07,10816449
2003-11-24,13.07,13.07,12.81,12.94,7442559
2003-11-25,12.94,13.07,12.81,12.94,8261184
2003-11-26,12.81,13.19,12.81,13.07,13005192
2003-11-27,13.07,13.07,12.56,12.56,21583112
2003-11-28,12.69,12.94,12.69,12.69,8435968
2003-12-01,12.81,13.19,12.69,13.07,13564050
2003-12-02,13.19,13.32,12.94,13.19,7325429
2003-12-03,13.19,13.19,12.94,13.07,7192955
2003-12-04,13.07,13.32,13.07,13.32,12023346
2003-12-05,13.32,13.69,13.32,13.57,29643924
2003-12-08,13.57,13.57,13.44,13.44,13903298
2003-12-09,13.57,13.69,13.32,13.57,14646988
2003-12-10,13.44,13.69,13.44,13.57,12682054
2003-12-11,13.57,13.82,13.44,13.82,20739655
2003-12-12,13.82,13.95,13.69,13.82,21699417
2003-12-15,13.95,14.07,13.82,14.07,15809690
2003-12-16,13.95,14.2,13.95,14.07,25607749
2003-12-17,14.2,14.32,13.69,13.95,29760653
2003-12-18,13.95,14.07,13.82,13.95,16576532
2003-12-19,14.07,14.07,13.82,13.82,14911850
2003-12-22,13.95,14.07,13.82,13.95,13534011
2003-12-23,14.07,14.07,13.82,13.95,11330876
2003-12-24,13.95,14.07,13.82,13.95,6762278
2003-12-25,13.95,14.07,13.82,14.07,8485805
2003-12-26,14.07,14.07,13.57,13.82,17635908
2003-12-29,13.82,13.82,13.44,13.57,12688001
2003-12-30,13.69,13.95,13.44,13.82,25691632
2003-12-31,13.82,14.07,13.69,14.07,15594463
2004-01-01,14.07,14.07,14.07,14.07,0
2004-01-02,14.07,14.32,13.95,14.2,21839021
2004-01-05,14.2,14.57,14.2,14.57,22971858
2004-01-06,14.57,14.57,14.32,14.57,30392747
2004-01-07,14.57,14.7,14.32,14.32,22481814
2004-01-08,14.32,14.57,14.07,14.57,26653548
2004-01-09,14.57,14.7,14.45,14.57,42543566
2004-01-12,14.57,14.57,14.32,14.45,11317617
2004-01-13,14.32,14.32,14.07,14.2,13561052
2004-01-14,14.07,14.45,14.07,14.45,20612729
2004-01-15,14.45,14.45,14.2,14.32,10446035
2004-01-16,14.2,14.32,14.07,14.2,14862335
2004-01-19,14.2,14.2,14.2,14.2,0
2004-01-20,14.2,14.2,14.2,14.2,0
2004-01-21,14.2,14.2,14.2,14.2,0
2004-01-22,14.2,14.2,14.2,14.2,0
2004-01-23,14.2,14.2,14.2,14.2,0
2004-01-26,14.2,14.2,14.2,14.2,0
2004-01-27,14.32,14.57,14.2,14.45,21740837
2004-01-28,14.32,14.45,14.2,14.32,16713616
2004-01-29,14.2,14.32,13.82,14.2,32778535
2004-01-30,13.95,14.07,13.82,13.95,16458090
2004-02-02,13.82,13.95,13.69,13.69,14814840
2004-02-03,13.57,13.82,13.57,13.69,12468461
2004-02-04,13.57,13.69,13.57,13.57,13850220
2004-02-05,13.44,13.82,13.44,13.57,15063305
2004-02-06,13.57,13.95,13.57,13.82,10283968
2004-02-09,13.82,13.95,13.57,13.82,13931561
2004-02-10,13.69,13.95,13.69,13.82,12214890
2004-02-11,13.82,13.95,13.69,13.95,13935355
2004-02-12,13.95,14.32,13.82,14.2,29062446
2004-02-13,14.2,14.32,14.07,14.32,10739456
2004-02-16,14.32,14.45,14.2,14.32,11135905
2004-02-17,14.45,14.57,14.2,14.32,16990573
2004-02-18,14.32,14.45,13.82,13.95,20290373
2004-02-19,14.07,14.2,13.69,14.07,23860378
2004-02-20,14.2,14.2,13.82,13.95,19472922
2004-02-23,13.95,14.07,13.44,13.57,35460750
2004-02-24,13.57,13.57,13.32,13.32,17378427
2004-02-25,13.32,13.57,13.32,13.44,13997234
2004-02-26,13.57,13.57,13.32,13.57,17236555
2004-02-27,13.57,13.69,13.32,13.57,15554452
2004-03-01,13.57,13.69,13.44,13.69,19417642
2004-03-02,13.82,14.07,13.69,13.95,35428349
2004-03-03,13.95,14.07,13.69,13.82,19264756
2004-03-04,13.82,14.2,13.69,14.07,30475380
2004-03-05,14.2,14.32,13.82,13.82,19908374
2004-03-08,13.82,14.07,13.57,13.57,23677537
2004-03-09,13.57,13.82,13.44,13.69,13279039
2004-03-10,13.57,13.69,13.32,13.32,14661623
2004-03-11,13.19,13.44,13.19,13.44,14152597
2004-03-12,13.32,13.32,13.07,13.19,17759968
2004-03-15,13.32,13.57,13.07,13.07,18925954
2004-03-16,13.07,13.19,12.94,13.07,20392861
2004-03-17,13.19,13.32,13.07,13.32,13595232
2004-03-18,13.19,13.69,13.07,13.69,33259369
2004-03-19,13.69,13.95,13.57,13.82,29681280
2004-03-22,12.94,12.94,12.94,12.94,3503614
2004-03-23,12.04,12.69,12.04,12.46,47198607
2004-03-24,12.56,12.56,12.21,12.51,21093713
2004-03-25,12.56,12.81,12.54,12.81,18910222
2004-03-26,12.81,12.94,12.56,12.69,16953787
2004-03-29,13.07,13.44,12.94,13.32,20171681
2004-03-30,13.32,13.44,13.19,13.32,19035864
2004-03-31,13.32,13.44,12.81,13.19,31850062
2004-04-01,13.07,13.32,12.94,13.32,11911855
2004-04-02,13.32,13.32,13.19,13.32,14655415
2004-04-05,13.44,13.57,13.19,13.57,19675553
2004-04-06,13.57,13.57,13.32,13.44,12187318
2004-04-07,13.44,13.57,13.19,13.57,16609019
2004-04-08,13.57,13.69,13.44,13.69,10339607
2004-04-09,13.57,13.69,13.44,13.44,7275442
2004-04-12,13.57,13.82,13.44,13.69,11210865
2004-04-13,13.82,13.82,13.57,13.57,8109107
2004-04-14,13.57,13.82,13.57,13.69,12601499
2004-04-15,13.82,14.07,13.57,13.69,39177767
2004-04-16,13.69,13.95,13.57,13.95,15297364
2004-04-19,13.95,13.95,13.57,13.82,13402453
2004-04-20,13.82,13.95,13.57,13.82,15697680
2004-04-21,13.69,13.82,13.57,13.69,10093699
2004-04-22,13.69,13.82,13.57,13.69,22581628
2004-04-23,13.69,13.69,13.57,13.57,16162272
2004-04-26,13.32,13.57,13.32,13.44,14066621
2004-04-27,13.32,13.44,13.07,13.32,21876975
2004-04-28,13.19,13.32,13.07,13.19,20856824
2004-04-29,13.07,13.07,12.69,12.81,32533911
2004-04-30,12.56,12.69,11.94,11.94,63260655
2004-05-03,11.94,11.94,11.73,11.81,35091877
2004-05-04,11.89,12.06,11.68,12.06,41241462
2004-05-05,12.06,12.06,11.36,11.56,34447673
2004-05-06,11.56,11.78,11.56,11.68,21863051
2004-05-07,11.68,12.06,11.68,11.99,17067248
2004-05-10,11.94,11.94,11.33,11.36,24331137
2004-05-11,11.48,11.73,11.33,11.56,24935718
2004-05-12,11.81,11.83,11.61,11.61,11306131
2004-05-13,11.56,11.68,11.46,11.61,21728536
2004-05-14,11.66,11.68,11.38,11.56,21384813
2004-05-17,11.43,11.43,10.75,10.78,39522417
2004-05-18,10.78,11.06,10.65,10.8,41938065
2004-05-19,10.96,11.51,10.96,11.38,42593227
2004-05-20,11.18,11.43,10.85,11.26,32114036
2004-05-21,11.31,11.53,11.08,11.33,55065108
2004-05-24,11.31,11.41,11.21,11.23,19117734
2004-05-25,11.23,11.73,11.23,11.63,37429534
2004-05-26,12.06,12.06,11.73,11.89,30808550
2004-05-27,11.89,11.89,11.66,11.76,22830616
2004-05-28,11.76,12.01,11.68,12.01,19822355
2004-05-31,11.89,11.94,11.78,11.86,15818667
2004-06-01,11.86,11.94,11.68,11.91,12734825
2004-06-02,11.81,11.86,11.68,11.86,19035367
2004-06-03,11.91,11.91,11.63,11.76,19001339
2004-06-04,11.63,11.78,11.56,11.76,21288660
2004-06-07,11.78,12.11,11.78,12.06,28608840
2004-06-08,12.14,12.31,12.04,12.31,23628268
2004-06-09,12.29,12.36,12.14,12.26,19200871
2004-06-10,12.16,12.29,12.06,12.29,15873035
2004-06-11,12.24,12.24,12.06,12.16,23210798
2004-06-14,12.16,12.21,11.68,11.83,39935813
2004-06-15,11.29,11.5,11.24,11.5,28578680
2004-06-16,11.5,11.58,11.37,11.53,19164039
2004-06-17,11.53,11.71,11.34,11.68,16889961
2004-06-18,11.68,11.68,11.47,11.66,11226030
2004-06-21,12.05,12.05,11.42,11.81,14162282
2004-06-22,11.81,11.81,11.81,11.81,0
2004-06-23,11.95,12.31,11.89,12.26,25578496
2004-06-24,12.34,12.34,12.05,12.26,16014233
2004-06-25,12.1,12.23,12.1,12.23,11175176
2004-06-28,12.26,12.26,12.05,12.16,7986142
2004-06-29,12.16,12.23,12.08,12.23,10890722
2004-06-30,12.26,12.47,12.26,12.47,21659975
2004-07-01,12.44,12.58,12.34,12.58,11289733
2004-07-02,12.42,12.52,12.37,12.5,12231591
2004-07-05,12.39,12.47,12.31,12.47,7239767
2004-07-06,12.44,12.6,12.42,12.6,7861010
2004-07-07,12.5,12.76,12.5,12.76,12676790
2004-07-08,12.76,12.76,12.6,12.71,17584764
2004-07-09,12.71,12.73,12.6,12.68,13537403
2004-07-12,12.73,12.76,12.65,12.71,9712864
2004-07-13,12.73,12.73,12.58,12.6,12503627
2004-07-14,12.55,12.6,12.31,12.52,21603995
2004-07-15,12.39,12.55,12.34,12.47,14614735
2004-07-16,12.47,12.58,12.47,12.58,9499423
2004-07-19,12.5,12.81,12.5,12.79,15751533
2004-07-20,12.79,12.81,12.42,12.42,13275585
2004-07-21,12.55,12.68,12.44,12.63,12152601
2004-07-22,12.47,12.68,12.47,12.68,8433910
2004-07-23,12.68,12.68,12.55,12.6,5430448
2004-07-26,12.58,12.63,12.47,12.6,3736805
2004-07-27,12.55,12.6,12.16,12.42,10014164
2004-07-28,12.42,12.47,12.21,12.23,6938267
2004-07-29,12.21,12.42,12.18,12.23,10046420
2004-07-30,12.34,12.44,12.29,12.39,6330387
2004-08-02,12.47,12.47,12.26,12.31,4288388
2004-08-03,12.23,12.37,12.23,12.26,4608187
2004-08-04,12.26,12.31,12.13,12.21,4805919
2004-08-05,12.29,12.47,12.18,12.42,12195775
2004-08-06,12.31,12.44,12.16,12.21,12708363
2004-08-09,12.18,12.29,12.16,12.26,4316080
2004-08-10,12.26,12.39,12.26,12.37,4546072
2004-08-11,12.42,12.44,12.1,12.13,10060809
2004-08-12,12.13,12.26,12.13,12.21,4261869
2004-08-13,12.21,12.29,12.18,12.26,9400746
2004-08-16,12.26,12.26,12.16,12.23,7585291
2004-08-17,12.23,12.31,12.23,12.23,6895695
2004-08-18,12.37,12.79,12.37,12.76,30726534
2004-08-19,12.79,13.0,12.71,12.94,24630815
2004-08-20,12.86,12.94,12.84,12.86,16580643
2004-08-23,12.86,13.26,12.84,13.26,25450690
2004-08-24,13.26,13.26,13.26,13.26,0
2004-08-25,13.26,13.26,13.26,13.26,0
2004-08-26,13.39,13.52,13.13,13.13,36800330
2004-08-27,13.13,13.26,13.02,13.02,17430545
2004-08-30,13.05,13.26,13.05,13.13,11084138
2004-08-31,13.26,13.65,13.13,13.39,26950958
2004-09-01,13.52,13.52,13.26,13.39,14777756
2004-09-02,13.39,13.52,13.26,13.52,12218556
2004-09-03,13.52,13.65,13.39,13.52,23221973
2004-09-06,13.52,13.91,13.52,13.78,27161659
2004-09-07,13.91,14.18,13.91,14.05,25580971
2004-09-08,14.05,14.18,13.91,13.91,14662498
2004-09-09,13.91,13.91,13.52,13.91,17098484
2004-09-10,13.91,13.91,13.65,13.91,8507298
2004-09-13,13.78,14.05,13.65,14.05,24149666
2004-09-14,14.05,14.05,13.78,13.91,9755954
2004-09-15,13.78,13.91,13.52,13.65,11857127
2004-09-16,13.52,13.78,13.39,13.78,9544504
2004-09-17,13.65,13.78,13.52,13.52,9570360
2004-09-20,13.52,13.91,13.52,13.91,14759020
2004-09-21,13.91,14.05,13.91,14.05,16035358
2004-09-22,14.05,14.05,13.78,13.91,15235003
2004-09-23,13.78,13.91,13.65,13.91,10119010
2004-09-24,13.91,13.91,13.65,13.65,13693829
2004-09-27,13.65,13.78,13.52,13.65,9569878
2004-09-28,13.65,13.65,13.65,13.65,0
2004-09-29,13.65,13.78,13.65,13.65,7437954
2004-09-30,13.78,14.05,13.78,13.91,22641773
2004-10-01,14.05,14.57,13.91,14.57,53972937
2004-10-04,14.57,14.83,14.31,14.83,35746608
2004-10-05,14.7,14.7,14.44,14.57,15528883
2004-10-06,14.57,14.83,14.44,14.57,18196763
2004-10-07,14.57,14.96,14.44,14.83,25298731
2004-10-08,14.83,15.1,14.7,14.96,19844899
2004-10-11,14.96,15.1,14.7,14.83,14649016
2004-10-12,14.83,14.83,14.57,14.57,12515417
2004-10-13,14.57,14.7,14.44,14.7,8465125
2004-10-14,14.57,14.57,14.05,14.05,20188081
2004-10-15,14.05,14.31,13.91,13.91,12462678
2004-10-18,14.05,14.18,13.91,14.05,10697033
2004-10-19,14.18,14.18,13.78,14.05,12285456
2004-10-20,13.91,13.91,13.52,13.65,22188593
2004-10-21,13.39,13.78,13.39,13.52,13803923
2004-10-22,13.52,13.52,13.26,13.39,22656081
2004-10-25,13.39,13.39,13.39,13.39,0
2004-10-26,13.13,13.26,13.1,13.13,22685037
2004-10-27,13.13,13.39,13.13,13.26,19554715
2004-10-28,13.39,13.65,13.26,13.39,21346493
2004-10-29,13.26,13.52,13.0,13.52,28074690
2004-11-01,13.26,13.39,13.02,13.13,22301880
2004-11-02,13.13,13.26,13.1,13.26,34721991
2004-11-03,13.13,13.26,13.07,13.26,41029237
2004-11-04,13.26,13.39,13.13,13.26,21846554
2004-11-05,13.26,13.52,13.26,13.52,23555566
2004-11-08,13.52,13.78,13.39,13.78,21397873
2004-11-09,13.78,13.78,13.52,13.78,13051647
2004-11-10,13.78,13.78,13.52,13.78,13514766
2004-11-11,13.65,13.78,13.52,13.65,7175210
2004-11-12,13.65,13.78,13.52,13.65,14735370
2004-11-15,13.65,13.78,13.52,13.65,11250101
2004-11-16,13.65,13.78,13.52,13.65,16242391
2004-11-17,13.65,13.91,13.52,13.78,25503643
2004-11-18,13.78,13.91,13.65,13.78,8816510
2004-11-19,13.78,13.78,13.52,13.78,9584358
2004-11-22,13.65,13.65,13.39,13.39,11288624
2004-11-23,13.39,13.52,13.26,13.26,10210832
2004-11-24,13.26,13.52,13.26,13.39,15591957
2004-11-25,13.39,13.52,13.26,13.39,9315473
2004-11-26,13.39,13.65,13.26,13.26,23303487
2004-11-29,13.26,13.52,13.13,13.39,31107771
2004-11-30,13.39,13.52,13.13,13.52,29778343
2004-12-01,13.39,13.52,13.13,13.39,24618571
2004-12-02,13.52,13.65,13.39,13.65,28125833
2004-12-03,13.65,13.78,13.52,13.78,14635481
2004-12-06,13.65,13.78,13.52,13.78,28347542
2004-12-07,13.78,13.78,13.65,13.65,22709262
2004-12-08,13.65,13.78,13.65,13.78,16211837
2004-12-09,13.78,13.78,13.65,13.78,16661195
2004-12-10,13.78,13.91,13.65,13.78,25453337
2004-12-13,13.91,14.05,13.65,13.65,21341073
2004-12-14,13.78,13.78,13.65,13.78,6549957
2004-12-15,13.78,14.05,13.78,14.05,23226797
2004-12-16,14.05,14.05,13.91,13.91,11724858
2004-12-17,13.78,14.05,13.78,13.91,12954867
2004-12-20,13.65,14.05,13.65,14.05,16937938
2004-12-21,13.91,14.05,13.78,13.91,8749894
2004-12-22,13.91,14.05,13.78,13.91,9784717
2004-12-23,13.78,13.91,13.78,13.91,5042269
2004-12-24,13.78,13.91,13.78,13.78,3537165
2004-12-27,13.91,13.91,13.78,13.78,3972896
2004-12-28,13.78,13.91,13.78,13.91,4374542
2004-12-29,13.91,14.18,13.91,14.18,18731581
2004-12-30,14.18,14.44,14.05,14.31,21863674
2004-12-31,14.31,14.44,14.18,14.31,13445355
2005-01-03,14.31,14.44,14.18,14.44,13102010
2005-01-04,14.31,14.44,14.05,14.05,8873677
2005-01-05,14.05,14.05,13.91,14.05,10302868
2005-01-06,14.05,14.05,13.91,13.91,6572384
2005-01-07,13.91,14.05,13.78,13.78,9928063
2005-01-10,13.78,13.91,13.78,13.78,6656246
2005-01-11,13.78,14.18,13.78,14.05,15280966
2005-01-12,14.05,14.18,13.91,14.18,20646914
2005-01-13,14.18,14.7,14.18,14.44,52908204
2005-01-14,14.44,14.7,14.31,14.57,21870457
2005-01-17,14.7,14.83,14.57,14.7,19467055
2005-01-18,14.7,14.7,14.44,14.44,17121084
2005-01-19,14.57,14.57,14.31,14.31,17508549
2005-01-20,14.31,14.7,14.31,14.57,20338793
2005-01-21,14.57,14.57,14.44,14.44,7577723
2005-01-24,14.44,14.57,14.31,14.31,8726052
2005-01-25,14.44,14.57,14.31,14.57,11452521
2005-01-26,14.57,14.57,14.44,14.44,8639833
2005-01-27,14.44,14.57,14.44,14.57,10689085
2005-01-28,14.57,14.57,14.44,14.44,8959635
2005-01-31,14.44,14.7,14.44,14.57,19559910
2005-02-01,14.57,14.7,14.57,14.7,17942501
2005-02-02,14.7,14.83,14.57,14.7,15905041
2005-02-03,14.7,14.83,14.57,14.83,13581000
2005-02-04,14.83,14.83,14.83,14.83,0
2005-02-07,14.83,14.83,14.83,14.83,0
2005-02-08,14.83,14.83,14.83,14.83,0
2005-02-09,14.83,14.83,14.83,14.83,0
2005-02-10,14.83,14.83,14.83,14.83,0
2005-02-11,14.83,14.83,14.83,14.83,0
2005-02-14,14.96,15.23,14.83,14.83,36249690
2005-02-15,14.83,14.96,14.7,14.96,16627850
2005-02-16,14.96,14.96,14.7,14.83,12391230
2005-02-17,14.83,14.83,14.57,14.57,13729636
2005-02-18,14.57,14.83,14.57,14.7,10965663
2005-02-21,14.7,14.83,14.57,14.83,12620072
2005-02-22,14.83,14.83,14.57,14.7,9650594
2005-02-23,14.7,14.83,14.57,14.83,13664016
2005-02-24,14.7,15.1,14.7,14.96,29624939
2005-02-25,15.1,15.1,14.83,14.96,20147062
2005-02-28,14.96,14.96,14.96,14.96,0
2005-03-01,15.1,15.57,14.99,15.54,44219884
2005-03-02,15.59,15.59,15.38,15.54,27151944
2005-03-03,15.49,15.52,15.25,15.46,16701596
2005-03-04,15.54,15.7,15.54,15.62,22742343
2005-03-07,15.75,15.75,15.52,15.75,18576439
2005-03-08,15.75,15.91,15.49,15.54,24122651
2005-03-09,15.49,16.01,15.49,15.88,34580377
2005-03-10,15.88,15.99,15.78,15.96,19776371
2005-03-11,15.96,16.09,15.75,15.86,13716672
2005-03-14,15.75,15.75,15.62,15.7,9261546
2005-03-15,15.62,15.67,15.1,15.36,24431654
2005-03-16,15.31,15.36,15.17,15.25,13670730
2005-03-17,15.12,15.23,15.1,15.15,14955159
2005-03-18,15.17,15.52,15.12,15.38,12886465
2005-03-21,15.41,15.49,15.31,15.38,11670418
2005-03-22,15.38,15.38,15.12,15.17,11881302
2005-03-23,15.1,15.1,14.75,14.83,24658776
2005-03-24,14.83,14.86,14.7,14.7,19000534
2005-03-25,14.7,15.02,14.7,15.02,8720984
2005-03-28,15.1,15.1,14.91,14.94,5536398
2005-03-29,14.91,14.94,14.78,14.78,6660444
2005-03-30,14.78,15.02,14.75,14.96,11450197
2005-03-31,14.96,15.02,14.83,14.83,11746055
2005-04-01,14.83,14.86,14.54,14.65,21713496
2005-04-04,14.6,14.73,14.6,14.65,15548480
2005-04-05,14.65,14.65,14.65,14.65,0
2005-04-06,14.65,14.7,14.54,14.54,17343573
2005-04-07,14.6,14.6,14.47,14.49,17560813
2005-04-08,14.54,14.54,14.41,14.47,16345989
2005-04-11,14.54,14.57,14.44,14.57,10641782
2005-04-12,14.54,14.57,14.41,14.52,5032807
2005-04-13,14.52,14.57,14.47,14.47,7577065
2005-04-14,14.41,14.49,14.41,14.47,6685518
2005-04-15,14.44,14.44,13.97,14.07,32071118
2005-04-18,13.81,13.94,13.78,13.84,21208045
2005-04-19,13.84,14.26,13.84,14.02,13205660
2005-04-20,14.05,14.12,13.73,13.81,16373543
2005-04-21,13.52,13.7,13.44,13.68,22957942
2005-04-22,13.68,13.86,13.63,13.68,23427344
2005-04-25,13.7,13.73,13.52,13.57,18540831
2005-04-26,13.55,13.57,13.42,13.49,27339756
2005-04-27,13.49,13.7,13.47,13.7,14161298
2005-04-28,13.73,13.97,13.63,13.97,19346554
2005-04-29,13.97,14.1,13.89,14.1,21986759
2005-05-02,14.1,14.1,14.1,14.1,0
2005-05-03,14.1,14.23,13.94,13.94,17711355
2005-05-04,13.94,14.1,13.94,14.05,12236977
2005-05-05,14.15,14.41,14.15,14.36,17286583
2005-05-06,14.36,14.47,14.31,14.44,16163353
2005-05-09,14.26,14.36,14.07,14.36,22801959
2005-05-10,14.31,14.33,14.18,14.2,18001756
2005-05-11,14.07,14.2,14.05,14.15,11585830
2005-05-12,14.15,14.15,13.94,14.05,11497704
2005-05-13,13.94,14.1,13.91,14.05,18210817
2005-05-16,13.94,13.97,13.57,13.65,37340175
2005-05-17,13.63,13.65,13.42,13.6,25923960
2005-05-18,13.6,13.63,13.49,13.49,18600257
2005-05-19,13.55,13.7,13.52,13.7,22970079
2005-05-20,13.7,13.76,13.6,13.76,9006652
2005-05-23,13.76,13.76,13.63,13.7,7360150
2005-05-24,13.7,13.81,13.65,13.68,9715704
2005-05-25,13.65,13.84,13.63,13.65,31132087
2005-05-26,13.65,13.78,13.65,13.7,8560552
2005-05-27,13.7,13.78,13.55,13.76,18178792
2005-05-30,13.63,13.86,13.63,13.86,14621802
2005-05-31,13.86,14.02,13.78,14.02,20386167
2005-06-01,13.94,14.02,13.78,13.84,15776752
2005-06-02,13.91,14.12,13.91,13.97,18186543
2005-06-03,14.05,14.2,14.05,14.15,14004158
2005-06-06,14.26,14.26,14.12,14.26,9333313
2005-06-07,14.2,14.23,13.99,14.05,8132902
2005-06-08,13.97,14.18,13.94,14.1,7216131
2005-06-09,14.1,14.18,14.05,14.1,6748525
2005-06-10,14.15,14.2,14.05,14.15,10046727
2005-06-13,14.18,14.28,14.15,14.26,11566794
2005-06-14,14.31,14.7,14.31,14.65,40589796
2005-06-15,14.7,14.78,14.54,14.68,22095122
2005-06-16,14.68,14.7,14.6,14.68,19162461
2005-06-17,14.73,14.91,14.73,14.83,31348074
2005-06-20,14.91,15.2,14.89,15.2,39405618
2005-06-21,15.25,15.36,15.12,15.28,69618368
2005-06-22,17.12,17.66,17.12,17.62,62147540
2005-06-23,17.66,17.66,17.06,17.16,47008570
2005-06-24,17.12,17.12,16.99,17.09,18862448
2005-06-27,17.02,17.02,16.79,16.96,16902651
2005-06-28,16.96,17.09,16.92,17.09,12181299
2005-06-29,17.26,17.26,16.86,16.86,27250744
2005-06-30,16.92,17.26,16.82,17.26,13475227
2005-07-01,16.99,16.99,16.82,16.92,15416593
2005-07-04,16.92,17.06,16.82,16.86,12150967
2005-07-05,16.86,16.92,16.72,16.72,12818785
2005-07-06,16.72,16.76,16.59,16.64,18317223
2005-07-07,16.66,16.79,16.57,16.72,15287255
2005-07-08,16.66,16.76,16.61,16.62,7913442
2005-07-11,16.66,16.79,16.66,16.79,10494205
2005-07-12,16.82,16.92,16.69,16.76,13675886
2005-07-13,16.89,16.96,16.82,16.82,14041762
2005-07-14,16.82,16.96,16.72,16.89,8645826
2005-07-15,16.92,16.96,16.79,16.79,11298899
2005-07-18,16.79,16.79,16.79,16.79,0
2005-07-19,16.92,16.92,16.79,16.82,7049939
2005-07-20,16.89,16.92,16.79,16.86,9624580
2005-07-21,16.32,16.89,16.32,16.72,11862856
2005-07-22,16.69,16.72,16.64,16.69,9859916
2005-07-25,16.69,16.82,16.69,16.79,5086377
2005-07-26,16.76,16.82,16.72,16.79,5301055
2005-07-27,16.79,16.79,16.62,16.66,8402870
2005-07-28,16.66,16.69,16.49,16.62,13226135
2005-07-29,16.62,16.76,16.49,16.49,6613589
2005-08-01,16.49,16.49,16.37,16.37,5773709
2005-08-02,16.39,16.54,16.39,16.54,9792457
2005-08-03,16.69,16.79,16.62,16.79,11839923
2005-08-04,16.79,16.79,16.62,16.69,9304895
2005-08-05,16.69,16.69,16.69,16.69,0
2005-08-08,16.69,16.69,16.49,16.59,9885200
2005-08-09,16.52,16.72,16.49,16.72,6068481
2005-08-10,16.76,16.79,16.52,16.61,6819328
2005-08-11,16.49,16.76,16.49,16.72,8725337
2005-08-12,16.76,16.96,16.69,16.96,17916469
2005-08-15,16.96,17.06,16.64,16.69,19367124
2005-08-16,16.76,16.76,16.44,16.57,14149623
2005-08-17,16.57,16.64,16.47,16.51,11826950
2005-08-18,16.49,16.51,16.39,16.49,10248899
2005-08-19,16.42,16.42,16.32,16.42,12837516
2005-08-22,16.42,16.52,16.36,16.52,10464062
2005-08-23,16.51,16.56,16.46,16.56,7209214
2005-08-24,16.56,16.59,16.42,16.44,8770146
2005-08-25,16.44,16.49,16.37,16.47,4728811
2005-08-26,16.47,16.57,16.44,16.47,4706761
2005-08-29,16.47,16.52,16.26,16.39,14451986
2005-08-30,16.39,16.42,16.36,16.39,9889675
2005-08-31,16.39,16.41,16.24,16.26,6876514
2005-09-01,16.26,16.26,16.26,16.26,0
2005-09-02,16.32,16.52,16.32,16.52,10100548
2005-09-05,16.41,16.51,16.39,16.42,3494670
2005-09-06,16.51,16.52,16.37,16.52,4521815
2005-09-07,16.52,16.54,16.46,16.52,5696293
2005-09-08,16.54,16.54,16.47,16.52,3692234
2005-09-09,16.49,16.51,16.34,16.34,7960780
2005-09-12,16.32,16.41,16.29,16.41,7222551
2005-09-13,16.34,16.42,16.27,16.42,7956534
2005-09-14,16.32,16.46,16.32,16.46,3116367
2005-09-15,16.39,16.41,16.36,16.41,4511562
2005-09-16,16.36,16.39,16.29,16.32,5129904
2005-09-19,16.26,16.39,16.26,16.39,3685544
2005-09-20,16.37,16.39,16.26,16.36,9212463
2005-09-21,16.34,16.34,16.26,16.29,4692641
2005-09-22,16.29,16.36,16.16,16.29,9406559
2005-09-23,16.17,16.39,16.17,16.39,7559805
2005-09-26,16.32,16.39,16.21,16.31,6038677
2005-09-27,16.31,16.32,16.11,16.24,10336459
2005-09-28,16.24,16.26,15.94,16.01,14661036
2005-09-29,16.47,16.47,16.25,16.37,23201056
2005-09-30,16.38,16.68,16.38,16.68,16572674
2005-10-03,16.68,16.69,16.54,16.68,5505121
2005-10-04,16.76,16.88,16.75,16.81,7368816
2005-10-05,16.69,16.85,16.68,16.76,7637023
2005-10-06,16.68,16.78,16.59,16.76,6934413
2005-10-07,16.64,16.75,16.63,16.64,7983171
2005-10-10,16.16,16.16,16.16,16.16,0
2005-10-11,16.54,16.75,16.5,16.75,12932394
2005-10-12,16.75,17.02,16.64,16.9,9977531
2005-10-13,16.99,16.99,16.78,16.99,8497808
2005-10-14,16.99,16.99,16.87,16.95,10297317
2005-10-17,17.02,17.05,16.75,16.83,9410170
2005-10-18,16.81,17.0,16.81,16.99,9248558
2005-10-19,16.99,16.99,16.81,16.81,9997016
2005-10-20,16.81,16.97,16.59,16.78,10809661
2005-10-21,16.64,16.71,16.64,16.64,5348094
2005-10-24,16.64,16.64,16.42,16.45,6692568
2005-10-25,16.47,16.63,16.47,16.47,5474174
2005-10-26,16.47,16.85,16.47,16.78,9953461
2005-10-27,16.81,17.07,16.81,17.04,13866534
2005-10-28,17.05,17.5,17.05,17.33,25961067
2005-10-31,17.33,17.47,17.19,17.36,14839644
2005-11-01,17.47,17.47,17.33,17.36,6799163
2005-11-02,17.4,17.47,17.36,17.43,8331611
2005-11-03,17.53,17.74,17.4,17.4,20987775
2005-11-04,17.57,17.57,17.4,17.5,7407787
2005-11-07,17.5,17.6,17.36,17.47,6920658
2005-11-08,17.43,17.5,17.36,17.4,10609079
2005-11-09,17.43,17.67,17.43,17.67,15039080
2005-11-10,17.67,17.67,17.57,17.57,9817065
2005-11-11,17.64,17.67,17.53,17.67,9116747
2005-11-14,17.64,17.67,17.53,17.6,5555553
2005-11-15,17.53,17.6,17.4,17.6,7298899
2005-11-16,17.5,17.6,17.47,17.53,5748112
2005-11-17,17.53,17.57,17.4,17.5,6277649
2005-11-18,17.53,17.57,17.4,17.43,9555736
2005-11-21,17.43,17.43,17.19,17.26,7420395
2005-11-22,17.26,17.26,17.12,17.12,6933267
2005-11-23,17.12,17.26,17.12,17.26,4867843
2005-11-24,17.26,17.26,17.09,17.14,7512089
2005-11-25,17.16,17.23,17.12,17.23,5173874
2005-11-28,17.23,17.36,17.14,17.29,7138433
2005-11-29,17.29,17.36,17.16,17.16,6453015
2005-11-30,17.26,17.26,17.11,17.26,7057054
2005-12-01,17.26,17.29,17.16,17.23,10493314
2005-12-02,17.19,17.26,16.64,16.92,29882163
2005-12-05,16.92,17.02,16.64,16.92,12720350
2005-12-06,16.92,17.07,16.88,17.0,9610752
2005-12-07,17.02,17.16,16.99,17.16,6347566
2005-12-08,17.16,17.23,16.92,17.02,5466151
2005-12-09,17.07,17.07,16.87,16.92,6081652
2005-12-12,16.95,17.09,16.92,17.07,4121677
2005-12-13,17.11,17.11,17.0,17.09,4141162
2005-12-14,16.99,17.11,16.99,17.09,6690276
2005-12-15,17.09,17.16,17.02,17.16,5913163
2005-12-16,17.19,17.43,17.19,17.4,11709415
2005-12-19,17.47,17.64,17.4,17.5,15491822
2005-12-20,17.67,17.67,17.43,17.5,8582625
2005-12-21,17.5,17.67,17.47,17.67,8014118
2005-12-22,17.16,17.16,16.96,16.99,6715079
2005-12-23,17.5,17.6,17.36,17.57,5670172
2005-12-26,17.09,17.16,16.99,17.06,5887500
2005-12-27,17.6,17.67,17.43,17.43,5628909
2005-12-28,17.43,17.57,17.33,17.47,7540744
2005-12-29,17.57,17.6,17.5,17.6,11563850
2005-12-30,17.64,17.64,17.33,17.33,8197507
2006-01-02,17.33,17.33,17.19,17.19,6087383
2006-01-03,17.23,17.47,17.16,17.47,6323497
2006-01-04,17.6,17.6,17.36,17.5,7804366
2006-01-05,17.5,17.6,17.5,17.57,10166652
2006-01-06,17.64,17.67,17.36,17.53,9723078
2006-01-09,17.53,17.57,17.4,17.47,8570017
2006-01-10,17.47,17.57,17.36,17.57,5549822
2006-01-11,17.57,17.98,17.5,17.98,26317530
2006-01-12,18.01,18.25,17.88,18.08,38958794
2006-01-13,18.12,18.19,17.98,18.01,10960957
2006-01-16,18.01,18.01,17.88,17.91,8905849
2006-01-17,17.91,17.98,17.74,17.74,10974711
2006-01-18,17.67,17.71,17.33,17.4,17254653
2006-01-19,17.4,17.53,17.26,17.53,9070900
2006-01-20,17.53,17.53,17.33,17.47,6555026
2006-01-23,17.33,17.47,17.23,17.47,6205440
2006-01-24,17.47,17.6,17.36,17.47,7648485
2006-01-25,17.5,17.77,17.5,17.77,8925334
2006-02-03,17.84,18.08,17.77,17.88,11487056
2006-02-06,17.88,18.08,17.71,18.08,13497462
2006-02-07,18.08,18.43,18.08,18.25,20899519
2006-02-08,18.25,18.25,17.91,17.95,10760375
2006-02-09,17.95,18.08,17.84,18.01,10405058
2006-02-10,17.91,17.91,17.71,17.77,6605458
2006-02-13,17.77,17.77,17.5,17.5,6378513
2006-02-14,17.43,17.67,17.43,17.64,7415810
2006-02-15,17.67,17.74,17.5,17.6,5037478
2006-02-16,17.77,17.77,17.53,17.64,4852943
2006-02-17,17.57,17.71,17.53,17.71,6214609
2006-02-20,17.71,17.74,17.57,17.64,5364141
2006-02-21,17.64,17.67,17.5,17.53,7988902
2006-02-22,17.57,17.6,17.36,17.53,9221050
2006-02-23,17.36,17.5,17.36,17.36,8873756
2006-02-24,17.36,17.74,17.36,17.74,9507596
2006-02-27,17.67,17.74,17.57,17.67,5829491
2006-03-01,17.53,17.71,17.47,17.57,6230656
2006-03-02,17.57,17.64,17.53,17.6,4475848
2006-03-03,17.6,17.64,17.43,17.5,5924625
2006-03-06,17.5,17.67,17.47,17.6,6851887
2006-03-07,17.57,17.57,17.33,17.33,7023815
2006-03-08,17.33,17.4,17.16,17.16,13528409
2006-03-09,17.16,17.36,17.16,17.36,7128118
2006-03-10,17.23,17.36,17.23,17.26,4924006
2006-03-13,17.26,17.36,17.26,17.29,2844828
2006-03-14,17.29,17.36,17.16,17.29,5750405
2006-03-15,17.29,17.29,17.19,17.19,5008824
2006-03-16,17.19,17.36,17.16,17.26,6443846
2006-03-17,17.33,17.71,17.33,17.64,11185609
2006-03-20,17.71,17.71,17.36,17.4,10949495
2006-03-21,17.4,17.5,17.33,17.33,16116493
2006-03-22,17.33,17.33,17.19,17.29,10770691
2006-03-23,17.29,17.36,17.23,17.33,6153861
2006-03-24,17.33,17.36,17.26,17.33,4595051
2006-03-27,17.33,17.47,17.33,17.36,4992777
2006-03-28,17.36,17.47,17.26,17.26,7530428
2006-03-29,17.29,17.36,17.26,17.36,5236914
2006-03-30,17.33,17.47,17.29,17.47,19106887
2006-03-31,17.47,17.5,17.33,17.36,11850396
2006-04-03,17.4,17.47,17.36,17.43,8756845
2006-04-04,17.43,17.47,17.4,17.43,5953279
2006-04-06,17.43,17.64,17.43,17.64,13301465
2006-04-07,17.64,17.64,17.47,17.6,11339198
2006-04-10,17.6,17.64,17.36,17.53,10489875
2006-04-11,17.43,17.5,17.4,17.43,4761248
2006-04-12,17.43,17.57,17.43,17.47,10233130
2006-04-13,17.5,17.6,17.47,17.53,6822087
2006-04-14,17.57,17.74,17.53,17.71,11907705
2006-04-17,17.74,17.91,17.74,17.88,14880906
2006-04-18,17.88,17.88,17.71,17.77,8819885
2006-04-19,17.84,17.91,17.74,17.77,9331083
2006-04-20,17.77,17.77,17.67,17.77,9718494
2006-04-21,17.67,17.71,17.43,17.53,19266206
2006-04-24,17.43,17.5,17.36,17.4,11507687
2006-04-25,17.4,17.5,17.36,17.4,6481670
2006-04-26,17.4,17.64,17.4,17.64,6698299
2006-04-27,17.64,17.67,17.47,17.5,10542600
2006-04-28,17.5,17.57,17.36,17.47,10480706
2006-05-02,17.33,17.36,17.12,17.36,15755445
2006-05-03,17.23,17.36,17.19,17.33,9384954
2006-05-04,17.29,17.29,17.19,17.29,12438388
2006-05-05,17.29,17.5,17.26,17.43,11395361
2006-05-08,17.5,17.53,17.43,17.5,6244410
2006-05-09,17.43,17.5,17.4,17.43,9387246
2006-05-10,17.47,17.57,17.36,17.43,7784881
2006-05-11,17.43,17.5,17.36,17.5,5193359
2006-05-12,17.47,17.47,17.33,17.36,6080506
2006-05-15,17.36,17.36,17.19,17.19,9360884
2006-05-16,17.19,17.29,17.16,17.19,10304194
2006-05-17,17.16,17.23,17.16,17.16,12328355
2006-05-18,16.64,16.64,16.51,16.52,12076045620
2006-05-19,16.51,16.66,16.49,16.54,7026749
2006-05-22,17.07,17.09,16.92,16.92,8775184
2006-05-23,16.81,16.9,16.64,16.81,9131647
2006-05-24,16.81,16.81,16.68,16.69,15484945
2006-05-25,16.69,16.75,16.64,16.64,12509452
2006-05-26,16.92,17.09,16.83,16.85,12140380
2006-05-29,16.42,16.49,16.29,16.29,6075210749
2006-05-30,16.92,16.99,16.78,16.78,5898262
2006-06-01,16.52,16.59,16.49,16.56,11443501
2006-06-02,16.64,16.81,16.5,16.75,6948167
2006-06-05,16.81,16.95,16.49,16.5,14304376
2006-06-06,16.5,16.83,16.5,16.83,7404348
2006-06-07,16.83,16.85,16.52,16.54,6454162
2006-06-08,16.52,16.57,16.11,16.11,19067917
2006-06-09,16.13,16.25,15.96,16.11,14029292
2006-06-12,16.11,16.11,15.78,15.99,14013245
2006-06-13,15.99,15.99,15.78,15.78,8549386
2006-06-14,15.78,15.97,15.78,15.82,15262586
2006-06-15,15.96,15.99,15.84,15.85,5931502
2006-06-16,16.32,16.4,16.13,16.32,7729864
2006-06-19,16.47,16.78,16.4,16.76,9375785
2006-06-20,16.76,16.78,16.3,16.4,8439352
2006-06-21,16.4,16.57,16.4,16.54,6446138
2006-06-22,16.78,16.78,16.64,16.78,10750059
2006-06-23,16.71,16.71,16.47,16.57,6901173
2006-06-26,16.57,16.78,16.54,16.69,4544619
2006-06-27,16.85,16.88,16.73,16.81,4470117
2006-06-28,16.78,16.83,16.66,16.81,8196361
2006-06-29,16.81,16.95,16.81,16.88,13150169
2006-06-30,17.02,17.09,16.8,16.85,15429929
2006-07-03,16.85,16.92,16.85,16.88,34893279
2006-07-04,16.92,16.95,16.83,16.83,49371875
2006-07-05,17.04,17.69,17.02,17.5,42552359
2006-07-06,17.5,17.54,17.33,17.5,13132152
2006-07-07,17.5,17.5,17.39,17.46,5945690
2006-07-10,17.46,17.54,17.31,17.41,9175036
2006-07-11,17.48,17.48,17.39,17.39,3109163
2006-07-12,17.46,17.58,17.31,17.31,7735072
2006-07-13,17.5,17.5,17.31,17.37,3700060
2006-07-14,17.31,17.31,17.17,17.17,12550158
2006-07-17,17.23,17.25,16.91,16.92,9113832
2006-07-18,17.02,17.12,16.92,16.92,4711595
2006-07-19,16.94,17.04,16.92,16.92,5221257
2006-07-20,17.25,17.31,17.0,17.02,6315140
2006-07-21,16.92,17.1,16.92,16.98,6184942
2006-07-24,16.94,17.06,16.92,17.02,8006596
2006-07-25,17.04,17.19,17.04,17.1,4258685
2006-07-26,17.23,17.27,17.12,17.25,4388883
2006-07-27,17.25,17.35,17.17,17.31,6726876
2006-07-28,17.31,17.37,17.21,17.37,3970470
2006-07-31,17.17,17.42,17.17,17.39,5939013
2006-08-01,17.42,17.54,17.31,17.35,5126669
2006-08-02,17.42,17.46,17.29,17.33,2650689
2006-08-03,17.33,17.39,17.19,17.19,2938904
2006-08-04,17.19,17.23,16.96,17.02,5241288
2006-08-07,17.04,17.17,16.94,17.06,3051297
2006-08-08,17.06,17.25,17.06,17.25,1694794
2006-08-09,17.25,17.58,17.25,17.5,6257274
2006-08-10,17.31,17.5,17.31,17.42,4444523
2006-08-11,17.42,17.46,17.21,17.35,3973808
2006-08-14,17.31,17.46,17.21,17.27,3134757
2006-08-15,17.31,17.35,17.25,17.27,2630659
2006-08-16,17.39,17.39,17.25,17.31,4381093
2006-08-17,17.35,17.39,17.17,17.17,5489442
2006-08-18,17.17,17.35,17.16,17.27,5345891
2006-08-21,17.27,17.33,17.04,17.04,9488845
2006-08-22,17.04,17.27,17.04,17.27,4581397
2006-08-23,17.27,17.31,17.0,17.19,7578168
2006-08-24,17.29,17.31,17.19,17.31,4244219
2006-08-25,17.31,17.41,17.21,17.31,6375231
2006-08-28,17.23,17.29,17.08,17.21,6869314
2006-08-29,17.16,17.25,17.12,17.16,4846244
2006-08-30,17.23,17.29,17.17,17.25,8673163
2006-08-31,17.27,17.31,17.23,17.23,8508468
2006-09-01,17.23,17.39,17.23,17.39,6004668
2006-09-04,17.39,17.5,17.39,17.5,9863859
2006-09-05,17.5,17.5,17.42,17.5,5371485
2006-09-06,17.48,17.52,17.42,17.52,8287021
2006-09-07,17.44,17.52,17.42,17.48,4661519
2006-09-08,17.48,17.56,17.39,17.46,6395261
2006-09-11,17.5,17.79,17.46,17.52,8889046
2006-09-12,17.52,17.52,17.41,17.5,8742156
2006-09-13,17.5,17.54,17.44,17.46,3615487
2006-09-14,17.42,17.5,17.27,17.37,7736185
2006-09-15,17.31,17.58,17.31,17.56,6963902
2006-09-18,17.73,17.81,17.69,17.77,9113832
2006-09-19,17.81,17.81,17.71,17.73,3361768
2006-09-20,17.71,17.85,17.69,17.81,4471230
2006-09-21,17.89,17.94,17.83,17.94,6153784
2006-09-22,17.92,17.96,17.89,17.94,2305721
2006-09-25,17.89,18.0,17.87,17.96,3432988
2006-09-26,17.96,18.12,17.96,18.06,5846651
2006-09-27,18.19,18.27,18.14,18.27,7662740
2006-09-28,18.27,18.35,18.02,18.12,8645343
2006-09-29,18.27,18.27,18.04,18.17,5086608
2006-10-02,18.17,18.33,18.08,18.33,6741342
2006-10-03,18.31,18.31,18.25,18.27,4022772
2006-10-04,18.27,18.31,18.04,18.04,6258387
2006-10-05,18.19,18.31,18.16,18.19,11129112
2006-10-09,18.19,18.19,18.19,18.19,0
2006-10-11,18.12,18.31,18.12,18.16,9535583
2006-10-12,18.17,18.17,18.04,18.06,4440072
2006-10-13,18.12,18.19,18.08,18.08,3891461
2006-10-16,18.17,18.35,18.06,18.35,8726577
2006-10-17,18.35,18.35,18.16,18.21,3292775
2006-10-18,18.08,18.16,18.08,18.08,5219032
2006-10-19,18.08,18.19,18.04,18.08,4413364
2006-10-20,18.23,18.23,18.08,18.08,2740826
2006-10-23,18.12,18.21,18.08,18.17,3118065
2006-10-24,18.31,18.69,18.31,18.6,15752796
2006-10-25,18.66,18.77,18.62,18.69,13848796
2006-10-26,18.81,19.08,18.81,19.0,17676828
2006-10-27,19.04,19.23,19.0,19.04,9957334
2006-10-30,19.0,19.0,18.62,18.62,8647568
2006-10-31,18.62,18.81,18.56,18.81,3467484
2006-11-01,18.81,18.87,18.69,18.73,4145180
2006-11-02,18.73,19.16,18.73,19.08,11748942
2006-11-03,19.08,19.27,19.08,19.21,19593069
2006-11-06,18.92,19.23,18.91,19.23,10748535
2006-11-07,19.35,19.42,19.27,19.27,8715449
2006-11-08,19.27,19.27,19.08,19.14,2589485
2006-11-09,19.1,19.17,19.08,19.12,5017615
2006-11-10,19.08,19.14,19.0,19.1,3012349
2006-11-13,19.06,19.23,19.02,19.19,4036125
2006-11-14,19.23,19.39,19.12,19.39,9419852
2006-11-15,19.35,19.35,19.27,19.31,7064054
2006-11-16,19.31,19.35,19.23,19.23,4398898
2006-11-17,19.23,19.31,19.19,19.23,4939719
2006-11-20,19.23,19.23,19.12,19.19,6183829
2006-11-21,18.92,19.35,18.92,19.35,8978070
2006-11-22,19.42,19.42,19.31,19.42,9595674
2006-11-23,19.42,19.62,19.42,19.62,14586582
2006-11-24,19.62,20.0,19.62,20.0,19699898
2006-11-27,20.0,20.12,19.96,20.0,13679650
2006-11-28,20.0,20.0,19.92,20.0,13636251
2006-11-29,20.0,20.19,20.0,20.19,21599448
2006-11-30,20.23,20.39,20.23,20.39,17348552
2006-12-01,20.39,20.46,20.31,20.42,12922946
2006-12-04,20.42,20.85,20.42,20.85,14256080
2006-12-05,20.89,21.12,20.73,20.89,24043156
2006-12-06,20.89,20.96,20.81,20.92,11153594
2006-12-07,20.89,20.89,20.66,20.66,5187873
2006-12-08,20.58,20.66,20.31,20.42,9657991
2006-12-11,20.42,20.58,20.19,20.58,6759147
2006-12-12,20.54,20.58,20.19,20.31,6242808
2006-12-13,20.27,20.39,20.12,20.19,6078113
2006-12-14,20.19,20.39,20.19,20.31,3558734
2006-12-15,20.39,20.46,20.31,20.39,5694197
2006-12-18,20.46,20.54,20.35,20.5,4136277
2006-12-19,20.5,20.54,20.31,20.42,5398192
2006-12-20,20.42,20.54,20.39,20.46,3380686
2006-12-21,20.46,20.54,20.39,20.42,3710075
2006-12-22,20.42,20.46,20.31,20.46,4004967
2006-12-25,20.46,20.5,20.39,20.39,2330203
2006-12-26,20.39,20.81,20.39,20.69,8360466
2006-12-27,20.69,20.92,20.69,20.85,9935295
2006-12-28,20.85,20.85,20.69,20.73,4874064000
2006-12-29,20.77,20.85,20.73,20.81,7614890
2007-01-02,20.96,20.96,20.81,20.92,7886413
2007-01-03,20.92,20.96,20.85,20.85,5950141
2007-01-04,20.77,20.89,20.73,20.77,5450494
2007-01-05,20.77,20.77,20.39,20.39,10054148
2007-01-08,20.39,20.39,20.23,20.35,6453127
2007-01-09,20.35,20.5,20.31,20.5,5708664
2007-01-10,20.42,20.42,20.12,20.23,10521524
2007-01-11,20.19,20.23,20.04,20.04,6043616
2007-01-12,20.08,20.39,20.08,20.39,3866980
2007-01-15,20.39,20.46,20.23,20.46,5851102
2007-01-16,20.5,20.62,20.39,20.54,2958935
2007-01-17,20.5,20.62,20.42,20.58,2813158
2007-01-18,20.58,20.85,20.5,20.69,5093285
2007-01-19,20.85,20.96,20.73,20.73,13923353
2007-01-22,20.92,21.0,20.77,20.96,12281973
2007-01-23,20.96,21.0,20.85,20.96,9398708
2007-01-24,21.0,21.27,21.0,21.27,19364945
2007-01-25,21.31,21.35,21.19,21.35,11822387
2007-01-26,21.16,21.23,20.85,20.96,9599012
2007-01-29,20.96,21.08,20.96,21.04,11028960
2007-01-30,21.04,21.31,21.0,21.16,14206004
2007-01-31,21.27,21.35,21.12,21.31,19463984
2007-02-01,21.35,21.39,21.23,21.31,10741858
2007-02-02,21.35,21.42,21.31,21.39,12364320
2007-02-05,21.46,21.54,21.39,21.5,8975844
2007-02-06,21.54,21.96,21.5,21.96,21573853
2007-02-07,21.92,22.12,21.85,21.92,10687331
2007-02-08,21.92,22.23,21.92,22.08,12032706
2007-02-09,22.08,22.16,22.0,22.12,10906552
2007-02-12,22.12,22.16,21.89,22.12,10060824
2007-02-13,22.12,22.16,22.04,22.12,12719304
2007-02-14,22.16,22.39,22.04,22.39,21717404
2007-02-26,22.58,22.89,22.58,22.73,20645778
2007-02-27,22.73,22.77,22.54,22.54,12022691
2007-03-01,21.81,22.23,21.81,22.23,18757356
2007-03-02,22.12,22.39,22.0,22.19,7857480
2007-03-05,21.92,21.96,21.54,21.73,16240203
2007-03-06,21.73,22.0,21.73,21.92,10199924
2007-03-07,21.73,22.54,21.73,22.39,18500300
2007-03-08,22.54,22.54,22.27,22.35,6475383
2007-03-09,22.31,22.39,22.16,22.39,4987569
2007-03-12,22.31,22.54,22.31,22.46,3724541
2007-03-13,22.46,22.58,22.31,22.5,6325155
2007-03-14,22.35,22.54,22.12,22.39,10382424
2007-03-15,22.5,23.12,22.5,23.08,20419880
2007-03-16,23.08,23.58,22.96,23.39,19116791
2007-03-19,23.08,23.27,23.08,23.19,4062832
2007-03-20,23.23,23.27,23.16,23.19,6932744
2007-03-21,23.19,23.19,23.08,23.12,5626316
2007-03-22,23.31,23.66,23.27,23.62,17646782
2007-03-23,23.69,23.85,23.5,23.69,12964120
2007-03-26,23.81,24.0,23.69,23.89,9603464
2007-03-27,23.89,24.04,23.69,23.81,9960672
2007-03-28,23.85,23.85,23.66,23.69,7969873
2007-03-29,23.77,24.16,23.66,23.69,15842933
2007-03-30,23.85,24.16,23.85,24.16,8185756
2007-04-02,24.16,24.54,24.0,24.23,9735887
2007-04-03,24.39,24.54,24.12,24.43,6441999
2007-04-04,24.46,24.69,24.46,24.66,7160868
2007-04-09,24.69,25.23,24.66,25.23,11525269
2007-04-10,25.19,25.23,24.96,25.23,8554093
2007-04-11,25.23,25.39,25.16,25.23,8062236
2007-04-12,25.0,25.16,24.81,24.89,8285908
2007-04-13,24.89,24.96,24.43,24.58,8235832
2007-04-16,24.62,25.19,24.62,25.19,10485914
2007-04-17,25.31,25.39,24.85,24.93,5147812
2007-04-18,24.66,25.08,24.58,25.08,6267289
2007-04-19,25.0,25.0,24.62,24.66,9503312
2007-04-20,24.58,24.69,24.54,24.62,3404055
2007-04-23,24.93,25.16,24.81,24.96,6268402
2007-04-24,24.96,25.12,24.96,25.04,3469710
2007-04-25,25.0,25.0,24.73,24.81,2568342
2007-04-26,24.96,25.0,24.77,25.0,7919797
2007-04-27,24.96,24.96,24.58,24.58,12816117
2007-04-30,24.43,24.62,24.31,24.54,9673570
2007-05-02,24.77,24.77,24.43,24.58,6406389
2007-05-03,24.58,24.62,24.39,24.46,3887010
2007-05-04,24.54,24.77,24.54,24.73,4924140
2007-05-07,24.77,24.96,24.73,24.85,4057268
2007-05-08,24.85,25.04,24.66,25.0,4485696
2007-05-09,25.0,25.08,24.77,25.0,8865677
2007-05-10,25.08,25.08,24.89,25.08,7619341
2007-05-11,24.81,25.08,24.81,24.96,4622571
2007-05-14,25.12,25.12,24.93,25.0,6098144
2007-05-15,25.0,25.04,24.85,24.96,3306128
2007-05-16,25.0,25.04,24.85,24.96,3189284
2007-05-17,25.16,26.16,25.16,26.04,19095648
2007-05-18,26.16,26.43,26.16,26.39,16581832
2007-05-21,26.5,28.23,26.5,27.85,27268051
2007-05-22,27.81,27.81,27.23,27.39,6348524
2007-05-23,27.39,27.77,27.35,27.69,7637146
2007-05-24,27.62,27.81,27.31,27.5,4126262
2007-05-25,27.46,27.46,26.93,27.16,8904625
2007-05-28,26.96,27.12,26.73,26.96,5655249
2007-05-29,26.93,27.23,26.73,26.85,7077408
2007-05-30,26.73,26.85,26.35,26.85,6607806
2007-05-31,26.93,26.93,26.04,26.04,15407828
2007-06-01,26.54,27.12,26.54,27.12,10462545
2007-06-04,26.93,27.16,26.89,26.96,2940017
2007-06-05,27.08,27.35,26.73,27.35,6386359
2007-06-06,27.16,27.27,26.96,27.08,5276897
2007-06-07,27.04,27.19,26.93,27.08,6893796
2007-06-08,27.04,27.16,26.89,27.16,3831370
2007-06-11,27.16,27.35,27.08,27.16,5330312
2007-06-12,27.16,27.31,27.04,27.31,6283981
2007-06-13,27.27,27.43,27.04,27.31,5643008
2007-06-14,27.39,27.46,27.31,27.43,5101075
2007-06-15,27.5,28.43,27.46,28.35,24220092
2007-06-20,28.81,30.31,28.81,30.31,42964095
2007-06-21,30.46,31.69,30.31,31.27,34453400
2007-06-22,31.23,31.23,30.77,31.23,12337613
2007-06-25,31.23,33.31,31.23,32.89,22786805
2007-06-26,33.27,33.54,32.7,33.08,16089975
2007-06-27,33.08,33.08,32.31,32.5,15140756
2007-06-28,32.5,32.81,31.27,32.27,16066606
2007-06-29,32.31,32.31,31.5,32.08,17205000
2007-07-02,32.08,32.08,31.58,31.77,34703780
2007-07-03,32.26,32.71,31.89,32.5,30101240
2007-07-04,32.71,33.03,32.67,32.79,10152074
2007-07-05,32.91,32.91,32.34,32.46,12370997
2007-07-06,32.3,32.34,31.69,31.77,19635356
2007-07-09,31.77,32.54,31.16,32.54,13334682
2007-07-10,32.42,32.42,31.89,32.18,8655358
2007-07-11,31.89,32.1,31.73,32.02,6316252
2007-07-12,32.02,33.48,31.89,32.58,19347140
2007-07-13,33.52,34.05,33.11,34.05,22373956
2007-07-16,34.25,34.41,33.84,34.13,17682392
2007-07-17,34.21,34.62,33.44,34.33,21233336
2007-07-18,34.25,34.25,33.72,33.76,11978179
2007-07-19,33.6,33.8,33.52,33.72,6973917
2007-07-20,33.72,33.88,33.52,33.8,5737596
2007-07-23,33.8,33.84,33.52,33.6,8380496
2007-07-24,33.76,34.74,33.64,34.53,15377783
2007-07-25,34.21,34.66,33.97,34.21,16041012
2007-07-26,34.53,35.55,34.33,34.58,20522257
2007-07-27,33.19,33.72,33.11,33.15,21326812
2007-07-30,32.1,32.67,32.02,32.22,22351700
2007-07-31,32.71,32.91,32.3,32.91,16533982
2007-08-01,32.18,32.34,31.24,31.24,24551706
2007-08-02,31.49,32.06,31.24,31.85,19542993
2007-08-03,32.1,32.58,32.1,32.14,9492184
2007-08-06,31.69,32.54,31.69,32.14,8739931
2007-08-07,32.54,32.67,32.18,32.18,10689556
2007-08-08,32.71,33.44,32.5,33.44,10790821
2007-08-09,33.68,33.97,33.4,33.97,13946722
2007-08-10,32.91,33.72,32.71,33.32,17505456
2007-08-13,33.52,33.64,32.95,33.52,7749539
2007-08-14,33.52,33.72,32.91,33.11,11012268
2007-08-15,32.71,32.71,31.85,31.85,16625232
2007-08-16,31.08,31.69,29.74,30.59,25844780
2007-08-17,30.47,30.88,29.7,30.07,18516992
2007-08-20,31.93,31.93,31.12,31.69,12573527
2007-08-21,31.69,32.34,31.32,32.1,7705027
2007-08-22,31.89,32.34,31.89,31.93,4925252
2007-08-23,32.91,33.03,32.34,32.58,8273668
2007-08-24,32.58,32.67,32.14,32.38,7041798
2007-08-27,32.79,32.79,31.98,32.38,8666486
2007-08-28,32.34,32.34,31.69,32.14,8619748
2007-08-29,31.37,31.85,31.28,31.69,12187385
2007-08-30,32.18,32.91,31.93,32.1,10567148
2007-08-31,32.18,33.32,32.18,33.32,16907883
2007-09-03,33.52,33.97,33.11,33.68,13624010
2007-09-04,33.72,33.93,33.15,33.72,7521415
2007-09-05,33.72,33.8,33.32,33.36,8759961
2007-09-06,33.36,33.72,32.79,33.72,9506650
2007-09-07,33.8,33.8,33.36,33.52,4798393
2007-09-10,33.07,33.07,32.63,32.83,10027440
2007-09-11,33.11,33.11,32.75,33.11,4442297
2007-09-12,33.36,33.36,32.95,33.11,6030263
2007-09-13,33.32,33.32,32.63,32.63,5344778
2007-09-14,32.63,33.32,32.5,33.32,10048584
2007-09-17,33.32,33.32,32.58,32.75,5521713
2007-09-18,32.75,32.75,32.75,32.75,0
2007-09-19,33.48,34.09,33.4,33.97,28975086
2007-09-20,34.05,34.9,34.05,34.9,28581155
2007-09-21,34.98,36.08,34.98,35.96,25377404
2007-09-26,36.08,37.62,36.08,36.97,20595702
2007-09-27,37.01,37.38,36.57,37.38,17336311
2007-09-28,37.38,38.31,37.05,37.38,25931578
2007-10-01,37.18,38.6,37.18,38.15,21811992
2007-10-02,38.52,40.22,38.52,39.69,33037919
2007-10-03,39.61,40.63,39.41,40.43,24365868
2007-10-04,40.26,40.26,38.76,39.61,22627675
2007-10-05,39.61,40.39,38.8,39.94,17142684
2007-10-08,40.1,40.47,39.65,39.98,10778580
2007-10-09,39.98,40.22,39.29,39.86,11987081
2007-10-11,40.1,40.43,39.86,40.43,9419852
2007-10-12,40.59,41.44,39.82,39.82,18548150
2007-10-15,39.82,40.02,38.92,39.29,8320405
2007-10-16,39.21,40.18,39.04,40.02,11254859
2007-10-17,39.82,39.82,39.0,39.74,9988492
2007-10-18,39.9,40.18,39.09,40.1,10839784
2007-10-19,39.41,39.9,39.37,39.53,6374118
2007-10-22,38.23,38.64,38.03,38.64,19761102
2007-10-23,38.64,39.41,38.64,39.25,7686109
2007-10-24,39.61,40.18,39.29,39.29,7080746
2007-10-25,39.49,39.94,39.09,39.82,15583651
2007-10-26,39.86,40.02,39.53,39.78,9035936
2007-10-29,40.22,40.47,39.94,40.39,19098986
2007-10-30,40.63,40.63,40.06,40.1,10233308
2007-10-31,40.22,40.55,39.53,40.55,9483281
2007-11-01,40.63,40.63,40.02,40.14,9669119
2007-11-02,39.33,39.57,38.6,38.68,18190941
2007-11-05,38.6,39.57,37.38,39.41,22213713
2007-11-06,39.61,39.61,38.68,38.68,9289654
2007-11-07,39.61,40.18,39.21,40.02,16843340
2007-11-08,39.25,39.65,38.76,39.13,17401966
2007-11-09,39.13,40.26,39.13,39.82,11192542
2007-11-12,39.61,39.61,39.33,39.41,18175362
2007-11-13,39.41,39.74,38.96,39.41,14355120
2007-11-14,39.82,40.34,39.82,39.98,18094128
2007-11-15,39.61,39.98,39.61,39.65,7648274
2007-11-16,39.04,39.04,37.38,37.87,20908399
2007-11-19,37.38,37.62,35.55,35.63,24085443
2007-11-20,34.13,34.53,33.23,34.45,36467568
2007-11-21,34.53,35.23,34.25,34.33,25244980
2007-11-22,33.97,35.31,33.88,34.94,14695636
2007-11-23,35.18,35.23,34.13,34.13,9386468
2007-11-26,34.53,36.0,34.49,36.0,14347330
2007-11-27,35.14,35.71,34.25,34.94,19228071
2007-11-28,35.51,35.63,34.49,34.53,9733661
2007-11-29,35.35,35.59,34.94,35.55,8589703
2007-11-30,35.75,35.96,35.27,35.59,13698568
2007-12-03,35.83,36.57,35.75,36.28,10236647
2007-12-04,36.24,36.57,36.12,36.16,6809223
2007-12-05,36.16,36.16,35.55,35.63,10058599
2007-12-06,36.16,36.57,36.08,36.4,17913854
2007-12-07,36.48,37.38,36.48,37.05,25209371
2007-12-10,36.57,37.5,36.57,36.85,10514847
2007-12-11,36.97,37.34,36.77,37.05,10637255
2007-12-12,36.57,36.65,36.08,36.16,13904436
2007-12-13,36.16,36.16,34.53,34.58,14005700
2007-12-14,34.58,35.43,34.49,35.43,14254968
2007-12-17,34.74,35.43,34.33,34.74,13146619
2007-12-18,34.25,34.98,34.25,34.58,12188498
2007-12-19,35.27,35.27,34.66,35.14,8485100
2007-12-20,35.14,35.18,34.74,34.82,5449381
2007-12-21,34.78,35.79,34.33,35.71,10152074
2007-12-24,36.16,36.44,35.92,36.16,5949028
2007-12-25,36.32,36.36,35.96,36.2,5834410
2007-12-26,36.0,36.24,35.83,36.16,5185648
2007-12-27,36.36,37.09,36.36,36.93,8115650
2007-12-28,36.77,37.18,36.57,36.93,7760667
2007-12-31,37.13,37.34,36.77,37.01,3427424
2008-01-02,37.01,37.01,35.75,35.75,5696423
2008-01-03,35.35,36.53,35.35,35.96,9543372
2008-01-04,35.96,36.73,35.67,36.57,9028146
2008-01-07,36.0,36.85,35.96,35.96,10521524
2008-01-08,36.57,37.7,36.36,37.54,18390132
2008-01-09,37.54,39.21,37.09,39.21,27146756
2008-01-10,39.13,39.53,38.6,39.09,17486539
2008-01-11,39.09,39.33,38.27,38.44,9602351
2008-01-14,39.21,40.83,39.21,40.83,41990395
2008-01-15,41.24,41.85,40.43,40.43,34296496
2008-01-16,39.65,40.18,39.04,39.09,20303036
2008-01-17,39.09,39.37,36.97,38.15,23820596
2008-01-18,37.18,37.38,36.44,37.3,28689096
2008-01-21,36.69,37.09,36.16,36.44,16587396
2008-01-22,34.53,35.71,34.21,34.45,25045789
2008-01-23,35.35,35.55,34.74,34.94,20887256
2008-01-24,35.96,36.4,35.18,36.16,12497856
2008-01-25,36.36,36.57,35.83,36.16,9024808
2008-01-28,35.75,35.75,34.53,34.53,17983960
2008-01-29,34.53,34.7,32.5,33.28,32143228
2008-01-30,33.32,33.32,31.08,31.49,82018924
2008-01-31,31.28,31.28,29.29,29.62,87829965
2008-02-01,29.98,31.65,29.94,31.32,46747615
2008-02-12,30.67,32.54,30.67,32.1,30183587
2008-02-13,32.75,33.4,32.5,33.15,24116601
2008-02-14,33.72,34.13,33.28,34.13,28600072
2008-02-15,33.72,34.01,33.15,33.4,18202069
2008-02-18,33.52,34.13,33.19,33.32,12665889
2008-02-19,33.6,33.93,33.52,33.93,14428564
2008-02-20,34.13,35.35,33.64,33.68,23205218
2008-02-21,34.13,34.25,33.8,34.17,11560879
2008-02-22,34.13,34.13,33.76,34.13,8842308
2008-02-25,34.37,34.78,34.37,34.74,14011264
2008-02-26,35.06,35.14,33.8,34.45,18535909
2008-02-27,34.58,34.94,34.45,34.94,23246392
2008-02-29,34.53,35.55,34.53,34.58,23693737
2008-03-03,34.13,35.31,34.13,35.31,17022501
2008-03-04,35.47,36.57,35.35,36.57,27867850
2008-03-05,36.69,37.87,36.65,37.58,42843912
2008-03-06,37.62,37.78,37.18,37.78,23969712
2008-03-07,37.78,38.19,37.54,37.95,21791962
2008-03-10,37.87,37.99,37.5,37.74,17306265
2008-03-11,37.38,37.38,36.57,37.01,40004047
2008-03-12,37.78,37.91,37.62,37.78,24600669
2008-03-13,37.87,37.95,36.69,36.73,20388721
2008-03-14,37.13,37.34,36.65,36.73,11407312
2008-03-17,36.57,36.85,35.67,36.57,18758469
2008-03-18,36.77,37.62,36.65,37.46,16049914
2008-03-19,37.99,38.27,37.99,38.19,24158888
2008-03-20,38.15,39.13,37.83,39.13,29908725
2008-03-21,39.41,40.22,39.21,40.22,37629332
2008-03-24,42.86,42.86,40.51,41.85,45326569
2008-03-25,41.24,41.64,40.26,40.34,16904544
2008-03-26,40.34,40.55,39.74,40.34,28348580
2008-03-27,39.61,39.86,38.39,39.13,20258524
2008-03-28,38.92,39.41,38.84,38.88,19899089
2008-03-31,38.88,38.88,37.09,37.34,28626780
2008-04-01,36.97,36.97,35.83,35.83,28813730
2008-04-02,36.2,36.44,35.88,36.24,18045164
2008-04-03,36.16,36.16,34.98,35.47,23448921
2008-04-07,35.47,35.75,35.23,35.59,40770766
2008-04-08,36.36,36.69,36.08,36.16,37666054
2008-04-09,36.57,36.57,35.96,36.0,19047797
2008-04-10,36.0,36.97,36.0,36.97,20714772
2008-04-11,36.97,36.97,36.53,36.97,21343504
2008-04-14,36.77,36.97,36.57,36.97,10695120
2008-04-15,36.97,37.18,36.69,36.81,11021171
2008-04-16,36.73,36.77,36.36,36.77,14943791
2008-04-17,36.89,37.18,36.85,36.97,24141083
2008-04-18,37.09,37.13,36.81,37.05,18374553
2008-04-21,37.3,37.66,37.01,37.34,16546223
2008-04-22,37.18,37.22,36.08,36.48,17568886
2008-04-23,36.28,36.73,35.96,36.36,12771605
2008-04-24,36.44,36.48,36.04,36.24,16907883
2008-04-25,36.2,36.32,35.71,35.83,13007519
2008-04-28,35.83,37.13,35.79,37.13,17120428
2008-04-29,37.05,37.09,35.96,36.0,23619180
2008-04-30,35.75,36.0,35.1,35.35,29229917
2008-05-02,35.39,36.0,35.39,35.92,13099881
2008-05-05,35.92,36.12,35.31,35.43,13661845
2008-05-06,35.59,35.59,34.53,34.7,19076730
2008-05-07,34.7,34.94,34.58,34.78,20323066
2008-05-08,34.78,35.02,34.45,35.02,15812888
2008-05-09,35.14,35.23,34.86,35.06,10623901
2008-05-12,35.06,35.43,34.78,35.39,6824802
2008-05-13,35.55,36.32,35.51,36.24,20354224
2008-05-14,36.24,36.48,35.96,36.24,8274780
2008-05-15,36.57,37.18,36.44,37.18,22356152
2008-05-16,37.09,37.18,36.81,36.97,14246065
2008-05-19,36.97,37.3,36.89,37.22,19958068
2008-05-20,36.89,37.22,36.08,36.16,17740257
2008-05-21,36.0,36.16,35.59,35.75,8277006
2008-05-22,35.39,35.75,35.35,35.67,9741451
2008-05-23,35.63,35.92,35.27,35.31,10588292
2008-05-26,35.31,35.55,34.94,35.06,7286614
2008-05-27,35.35,35.43,34.98,35.27,9833813
2008-05-28,35.35,35.39,34.58,34.66,14241614
2008-05-29,34.78,35.55,34.78,35.27,9268511
2008-05-30,35.75,35.75,34.86,34.86,12451119
2008-06-02,34.94,35.43,34.94,35.39,6703507
2008-06-03,35.35,35.39,34.74,34.78,9111606
2008-06-04,34.58,34.62,33.52,33.72,21632832
2008-06-05,33.72,33.88,32.54,33.52,26747260
2008-06-06,33.6,33.68,33.19,33.32,13830991
2008-06-09,32.91,33.52,32.83,33.52,8723239
2008-06-10,33.72,33.72,32.91,32.91,12258604
2008-06-11,33.19,33.8,32.99,33.72,14145913
2008-06-12,33.4,33.52,32.91,32.91,10143172
2008-06-13,33.11,33.44,32.95,32.95,7138612
2008-06-16,33.44,33.64,33.15,33.56,6485398
2008-06-17,33.72,34.13,33.32,34.09,7743975
2008-06-18,34.09,34.33,33.84,33.97,7474677
2008-06-19,33.32,33.64,32.91,32.95,11925877
2008-06-20,32.95,32.99,31.73,31.77,20080476
2008-06-23,31.53,32.5,31.28,32.3,9936191
2008-06-24,32.26,32.26,31.69,31.69,5650798
2008-06-25,31.85,32.67,31.53,32.67,12077218
2008-06-26,32.75,32.75,31.89,32.5,7743975
2008-06-27,31.28,31.45,30.84,31.08,21562725
2008-06-30,31.08,31.28,29.74,29.74,15878543
2008-07-01,29.74,30.47,29.58,29.94,12574640
2008-07-02,29.94,30.27,29.94,30.07,12152888
2008-07-03,29.66,30.07,29.46,29.86,17475411
2008-07-04,29.66,29.66,27.95,27.95,35099937
2008-07-07,27.63,29.21,27.38,29.17,34221938
2008-07-08,28.98,29.38,27.95,28.0,33040144
2008-07-09,28.44,29.02,28.4,28.53,19169092
2008-07-10,28.53,28.93,28.4,28.49,11972615
2008-07-11,28.4,28.4,27.15,28.04,22722263
2008-07-14,28.04,28.09,27.6,27.6,11438471
2008-07-15,27.42,27.51,26.35,26.48,13798720
2008-07-16,26.71,27.33,26.44,26.93,11248182
2008-07-17,28.04,28.71,27.51,28.44,24853275
2008-07-18,28.71,28.75,26.84,27.06,16117795
2008-07-21,27.69,27.95,27.51,27.6,14037972
2008-07-22,27.82,28.26,27.6,27.86,10178781
2008-07-23,28.49,29.78,28.4,29.64,20769299
2008-07-24,29.82,30.22,29.6,30.09,25556564
2008-07-25,29.38,29.73,29.33,29.64,11211460
2008-07-28,31.72,31.72,31.72,31.72,0
2008-07-29,29.15,29.15,28.4,28.66,15246472
2008-07-30,29.29,29.29,28.71,28.93,13758659
2008-07-31,29.15,29.33,28.49,28.98,13910000
2008-08-01,28.58,29.2,28.44,29.15,9550049
2008-08-04,28.93,28.93,28.58,28.62,8914640
2008-08-05,28.71,28.89,28.26,28.53,14005700
2008-08-06,29.29,29.82,28.93,29.82,14384052
2008-08-07,31.91,31.91,30.96,31.39,6576870
2008-08-08,29.33,30.04,29.2,30.0,11254859
2008-08-11,30.36,30.4,29.56,29.78,10194360
2008-08-12,29.47,29.47,28.71,28.93,18916487
2008-08-13,28.71,28.71,28.26,28.53,13993460
2008-08-14,28.53,28.8,28.35,28.58,9167246
2008-08-15,28.8,29.11,28.04,28.22,12388802
2008-08-18,28.09,28.35,27.82,27.82,10639480
2008-08-19,28.04,28.31,27.42,28.04,10711812
2008-08-20,28.0,28.18,27.73,28.04,7994355
2008-08-21,28.04,28.04,27.51,27.69,10962192
2008-08-22,27.69,27.95,27.15,27.64,12291988
2008-08-25,27.6,27.73,26.97,27.51,19605310
2008-08-26,26.84,27.02,26.75,26.84,19229184
2008-08-27,26.93,27.06,26.57,27.02,14517588
2008-08-28,27.11,27.11,26.71,26.8,14170395
2008-08-29,27.37,27.55,26.88,27.55,17363018
2008-09-01,27.33,27.42,27.02,27.37,10201037
2008-09-02,27.37,27.51,27.06,27.15,8747720
2008-09-03,27.06,27.37,26.88,27.06,8601944
2008-09-04,27.15,27.15,26.48,26.57,10248888
2008-09-05,26.13,26.13,25.59,25.86,20210673
2008-09-08,26.48,27.11,26.26,26.66,20254072
2008-09-09,26.35,26.48,25.37,25.37,16205706
2008-09-10,25.37,25.82,25.02,25.28,23443357
2008-09-11,25.28,25.37,24.53,24.7,19140160
2008-09-12,25.15,25.5,25.15,25.28,27412715
2008-09-15,24.93,25.1,24.53,24.75,19098986
2008-09-16,23.59,24.17,23.06,23.68,25859246
2008-09-17,24.75,24.79,23.81,24.08,19072279
2008-09-18,23.81,24.44,23.59,24.04,38330396
2008-09-19,24.93,25.68,24.66,25.37,47562184
2008-09-22,25.82,25.82,25.02,25.37,34707119
2008-09-23,24.7,25.42,24.7,25.19,21553823
2008-09-24,25.19,25.33,24.44,24.53,37800703
2008-09-25,24.39,24.66,24.08,24.21,18205408
2008-09-26,24.39,24.48,23.99,24.12,23817258
2008-09-29,25.81,25.81,25.81,25.81,0
2008-09-30,22.48,23.06,22.48,22.75,38914616
2008-10-01,23.15,23.37,23.01,23.06,20039302
2008-10-02,21.81,23.59,21.81,23.46,29146457
2008-10-03,25.06,25.06,23.15,23.46,26897488
2008-10-06,25.06,25.06,22.7,23.1,23641436
2008-10-07,24.7,24.7,22.83,23.37,12494518
2008-10-08,24.97,24.97,22.75,22.75,17440914
2008-10-09,24.3,24.3,21.16,22.83,19367171
2008-10-13,22.06,24.39,22.06,23.15,16551787
2008-10-14,24.75,24.75,23.9,24.3,20060445
2008-10-15,25.99,25.99,23.55,23.99,13356938
2008-10-16,25.64,25.64,23.19,23.19,4841792
2008-10-17,24.79,24.79,22.39,23.19,35940101
2008-10-20,22.39,22.83,22.39,22.79,23357672
2008-10-21,24.35,24.35,22.66,23.1,21805316
2008-10-22,24.7,24.7,22.61,23.1,11242618
2008-10-23,22.3,22.83,22.3,22.75,13131040
2008-10-24,24.3,24.3,21.97,21.97,16628570
2008-10-27,23.5,23.5,20.92,21.97,14002362
2008-10-28,21.59,22.66,21.05,22.19,15717187
2008-10-29,23.06,23.1,22.19,22.26,14818044
2008-10-30,22.34,23.81,22.34,23.81,19879059
2008-10-31,23.81,25.37,23.41,24.75,27628598
2008-11-03,25.33,25.59,24.39,25.37,21075319
2008-11-04,25.37,25.46,24.53,25.42,16144502
2008-11-05,25.82,25.82,25.33,25.55,19827870
2008-11-06,24.48,24.66,24.17,24.66,12948540
2008-11-07,23.81,24.79,23.64,24.7,11799018
2008-11-10,24.48,24.93,24.3,24.75,7910895
2008-11-11,24.48,24.88,24.17,24.44,14016828
2008-11-12,24.48,24.48,23.37,23.64,18421291
2008-11-13,23.32,23.64,22.66,23.64,18478044
2008-11-14,23.99,23.99,23.37,23.72,7219846
2008-11-17,23.28,24.3,23.28,24.04,11824612
2008-11-18,24.04,24.08,23.59,24.04,13816524
2008-11-19,24.04,24.21,23.72,23.95,10979997
2008-11-20,23.37,23.5,22.7,22.7,13273478
2008-11-21,21.45,21.99,21.12,21.32,25157069600
2008-11-24,20.92,21.34,19.83,21.32,28418686
2008-11-25,21.32,21.48,20.83,21.1,13408127
2008-11-26,20.83,21.19,20.7,21.1,13483797
2008-11-27,21.14,22.03,21.14,21.65,12297552
2008-11-28,21.65,21.9,21.41,21.65,11241505
2008-12-01,21.37,22.26,21.37,21.81,14961596
2008-12-02,21.37,21.77,20.92,21.77,17702422
2008-12-03,21.72,21.77,21.32,21.77,11513028
2008-12-04,21.37,21.74,21.37,21.74,15730540800
2008-12-05,21.19,21.72,21.19,21.7,9216209
2008-12-08,21.39,22.1,21.39,21.7,19541880
2008-12-09,21.72,21.85,21.45,21.54,11884704
2008-12-10,21.37,21.85,21.37,21.85,18254371
2008-12-11,21.81,21.81,21.1,21.21,20996310
2008-12-12,21.19,21.19,20.03,20.83,24026464
2008-12-15,20.92,21.37,20.74,20.83,18965450
2008-12-16,20.61,20.61,20.05,20.47,23684835
2008-12-17,20.47,20.52,20.01,20.12,34754969
2008-12-18,20.12,20.43,20.1,20.23,9010341
2008-12-19,20.16,20.16,20.16,20.16,17758062400
2008-12-22,20.3,20.47,19.81,19.81,13331344
2008-12-23,19.67,19.72,19.25,19.32,11537510
2008-12-24,18.92,19.07,18.85,18.96,11199219
2008-12-25,18.96,18.96,18.56,18.58,8081153
2008-12-26,18.52,19.5,18.43,19.21,16530644
2008-12-29,19.21,19.36,18.96,19.1,5567338
2008-12-30,19.81,19.81,19.47,19.79,11692189
2008-12-31,19.81,19.81,19.34,19.41,7354495
2009-01-02,19.41,19.41,19.41,19.41,0
2009-01-05,19.81,20.03,19.21,19.23,16014304
2009-01-06,19.5,20.12,19.36,20.03,26230921
2009-01-07,20.39,21.43,20.32,21.43,45940835
2009-01-08,21.45,21.88,20.96,20.96,42416597
2009-01-09,21.14,21.79,20.7,21.28,24099909
2009-01-12,21.28,21.79,21.19,21.37,18192054
2009-01-13,21.23,21.37,21.01,21.37,6766936
2009-01-14,21.37,21.54,21.01,21.03,9880551
2009-01-15,20.39,20.39,20.07,20.21,14632207
2009-01-16,20.52,20.52,20.03,20.1,6056970
2009-01-19,20.74,21.37,20.63,21.12,11183640000
2009-01-20,20.83,20.96,20.56,20.61,10786370
2009-01-21,20.47,21.3,20.3,21.16,12788297
2009-02-02,21.68,21.68,21.37,21.37,26324396
2009-02-03,21.32,21.57,21.3,21.37,9882776
2009-02-04,21.59,21.59,20.94,21.1,9994056
2009-02-05,21.37,21.37,20.74,20.74,9754804
2009-02-06,20.92,21.37,20.83,21.05,10048584
2009-02-09,21.59,21.99,21.28,21.28,16190127
2009-02-10,21.37,21.5,21.19,21.5,13172213
2009-02-11,21.1,21.79,21.1,21.79,12771605
2009-02-12,21.81,21.81,21.08,21.1,11452937
2009-02-13,21.14,21.45,21.1,21.45,6357426
2009-02-16,21.48,21.5,21.3,21.37,5409320
2009-02-17,21.37,21.48,21.01,21.45,9321925
2009-02-18,21.16,21.57,21.03,21.41,8982521
2009-02-19,21.37,21.54,21.01,21.37,8774428
2009-02-20,21.14,21.3,20.96,20.96,8312616
2009-02-23,20.92,21.37,20.74,21.14,7701688
2009-02-24,20.92,21.05,20.83,20.83,9623494
2009-02-25,21.14,21.21,20.92,21.01,5969059
2009-02-26,21.14,21.28,20.94,21.19,6112610
2009-02-27,21.16,21.43,21.08,21.23,9899468
2009-03-02,21.19,21.19,20.7,20.7,11407312
2009-03-03,20.65,20.92,20.3,20.72,5476088
2009-03-04,20.83,21.16,20.54,20.96,6587776
2009-03-05,21.32,21.54,21.1,21.54,12723755
2009-03-06,21.45,21.63,21.3,21.59,8272555
2009-03-09,21.72,21.99,21.61,21.94,10752986
2009-03-10,21.9,22.26,21.9,21.99,13158860
2009-03-11,22.66,23.5,22.61,23.46,38413856
2009-03-12,23.46,23.59,23.06,23.28,15105147
2009-03-13,23.55,23.9,23.28,23.68,21051950
2009-03-16,23.99,24.04,23.46,24.04,9663555
2009-03-17,24.17,24.79,23.95,24.57,15712736
2009-03-18,24.75,24.79,23.95,24.21,19011075
2009-03-19,24.08,24.21,23.59,23.64,12557948
2009-03-20,23.64,23.9,23.59,23.86,10191022
2009-03-23,24.12,24.7,24.12,24.66,13556129
2009-03-24,24.93,25.02,24.44,24.66,15534688
2009-03-25,24.39,24.66,24.17,24.61,15703833
2009-03-26,24.61,24.79,24.26,24.44,10613886
2009-03-27,24.44,24.44,23.95,24.04,15224216
2009-03-30,24.04,24.04,23.1,23.37,13374743
2009-03-31,22.48,23.01,22.48,22.75,22555343
2009-04-02,23.37,24.21,23.23,23.99,19732169
2009-04-03,24.17,24.26,23.59,23.64,12414396
2009-04-06,23.95,23.95,23.59,23.86,8508468
2009-04-07,23.68,24.04,23.68,24.04,7689448
2009-04-08,24.04,24.84,24.04,24.35,26096272
2009-04-09,24.84,25.15,24.66,24.93,19854577
2009-04-10,25.37,25.55,24.97,25.37,18030698
2009-04-13,25.37,25.5,25.1,25.37,11622083
2009-04-14,25.19,25.24,24.53,25.24,12830584
2009-04-15,25.15,25.15,24.7,25.15,13924466
2009-04-16,25.37,25.82,25.06,25.37,24953427
2009-04-17,25.73,25.73,24.84,24.97,16391544
2009-04-20,24.93,25.37,24.88,25.28,11429568
2009-04-21,24.93,25.55,24.61,25.55,11535284
2009-04-22,25.55,25.55,25.06,25.19,8014385
2009-04-23,25.19,25.37,24.7,25.37,7238764
2009-04-24,25.55,25.59,24.7,24.97,9455461
2009-04-27,24.75,25.33,24.26,24.39,14010152
2009-04-28,24.26,24.7,23.86,24.04,10889860
2009-04-29,24.04,24.53,23.99,24.26,12621377
2009-04-30,25.95,25.95,25.64,25.95,27826676
2009-05-04,27.6,27.73,27.33,27.73,17594480
2009-05-05,28.66,28.93,27.37,28.13,24315792
2009-05-06,28.04,28.93,27.82,28.93,20307487
2009-05-07,29.29,29.29,28.04,28.71,21744112
2009-05-08,28.71,28.93,28.35,28.66,13057595
2009-05-11,28.66,28.66,28.09,28.49,14167056
2009-05-12,28.04,28.31,27.55,28.04,14428564
2009-05-13,27.86,28.04,27.51,27.64,11278228
2009-05-14,27.24,27.46,27.02,27.24,14905956
2009-05-15,27.37,28.04,27.06,27.91,18007329
2009-05-18,27.91,27.91,27.06,27.73,16318099
2009-05-19,28.04,28.49,27.37,27.37,30124608
2009-05-20,27.37,27.46,27.06,27.06,13665184
2009-05-21,27.15,27.55,26.8,27.33,17111525
2009-05-22,27.29,27.42,26.88,27.15,15124064
2009-05-25,27.6,27.6,27.11,27.24,13956737
2009-05-26,27.46,29.11,27.37,28.62,37737273
2009-05-27,28.98,29.02,28.04,28.04,38662010
2009-06-01,28.44,28.49,27.91,28.35,20053768
2009-06-02,28.62,28.62,27.6,27.91,19218056
2009-06-03,27.6,28.0,27.51,27.91,13621784
2009-06-04,27.91,27.91,26.8,26.97,15990936
2009-06-05,26.84,26.88,26.71,26.84,13861036
2009-06-08,27.42,27.51,26.71,26.71,9989605
2009-06-09,26.66,27.11,26.26,26.66,14378488
2009-06-10,26.75,26.88,26.39,26.71,9910596
2009-06-11,26.75,27.24,26.39,27.24,11331642
2009-06-12,26.97,27.15,26.71,26.71,14407421
2009-06-15,26.35,26.71,26.13,26.71,8483987
2009-06-16,26.62,26.8,26.48,26.62,10444740
2009-06-17,26.62,26.88,26.35,26.66,6360764
2009-06-18,26.8,26.93,26.48,26.48,8057784
2009-06-19,26.8,26.93,26.44,26.84,6087016
2009-06-22,27.02,27.02,26.35,26.53,8224704
2009-06-23,26.26,26.26,25.37,25.37,14187087
2009-06-24,25.37,26.93,24.61,25.99,20186192
2009-06-25,26.08,26.13,25.42,25.46,13960076
2009-06-26,25.73,25.86,25.5,25.77,7794051
2009-06-29,25.99,25.99,25.42,25.55,10570487
2009-06-30,25.91,26.04,25.68,26.04,6896021
2009-07-01,26.08,26.39,25.77,26.17,8722126
2009-07-02,26.08,26.39,25.95,26.35,7126371
2009-07-03,26.08,26.26,25.99,26.26,5338101
2009-07-06,26.35,26.35,25.82,26.08,8738818
2009-07-07,25.82,26.26,25.64,26.26,25029097
2009-07-08,26.49,26.68,26.39,26.39,23772320
2009-07-09,26.59,27.23,26.59,26.83,13466960
2009-07-10,27.08,27.08,26.73,26.98,6506240
2009-07-13,26.98,27.08,26.29,26.29,14014000
2009-07-14,26.44,26.59,26.34,26.34,7108400
2009-07-15,26.39,26.98,26.39,26.64,8089120
2009-07-16,27.08,27.18,26.59,26.78,8985600
2009-07-17,26.98,27.18,26.78,26.88,6501040
2009-07-20,27.13,27.57,26.88,27.32,7290400
2009-07-21,27.62,28.06,27.47,27.82,11713520
2009-07-22,27.92,28.06,27.57,27.82,5832320
2009-07-23,27.82,27.92,27.57,27.72,5106400
2009-07-24,27.82,27.82,27.32,27.57,5175040
2009-07-27,27.67,28.06,27.57,28.06,7548320
2009-07-28,27.77,28.06,27.77,28.01,5946720
2009-07-29,28.16,28.16,27.82,27.92,6539520
2009-07-30,27.92,28.06,27.42,27.77,9976720
2009-07-31,27.87,28.01,27.37,27.77,12130560
2009-08-03,27.57,27.82,27.42,27.67,5986240
2009-08-04,27.82,29.34,27.82,28.36,29432000
2009-08-05,28.95,29.15,28.36,28.9,16574480
2009-08-06,29.15,29.15,28.46,29.0,13007280
2009-08-07,29.0,29.0,29.0,29.0,0
2009-08-10,29.05,29.05,28.56,28.7,9413040
2009-08-11,28.9,28.95,28.46,28.95,8325200
2009-08-12,28.95,29.24,28.8,29.1,10936640
2009-08-13,29.2,29.88,29.1,29.79,19387680
2009-08-14,30.03,30.77,30.03,30.77,24572080
2009-08-17,30.52,30.52,29.74,30.03,9452560
2009-08-18,29.64,29.79,28.85,29.29,14191840
2009-08-19,29.24,29.49,28.85,28.9,5387200
2009-08-20,28.9,28.95,28.41,28.7,7470320
2009-08-21,28.75,29.54,28.75,29.2,14948960
2009-08-24,29.93,30.77,29.74,30.38,18264480
2009-08-25,30.38,30.52,29.98,30.03,8538400
2009-08-26,30.08,30.13,29.2,29.54,13068640
2009-08-27,29.24,29.44,29.15,29.24,6467760
2009-08-28,29.49,29.98,29.2,29.79,9758320
2009-08-31,29.88,29.88,29.05,29.15,8586240
2009-09-01,29.15,29.49,29.05,29.39,10722400
2009-09-02,29.15,29.44,29.0,29.29,8442720
2009-09-03,29.49,29.74,29.1,29.74,7622160
2009-09-04,29.74,29.79,29.29,29.54,7348640
2009-09-07,29.54,29.84,29.44,29.64,7683520
2009-09-08,29.69,30.23,29.59,30.13,12139920
2009-09-09,30.28,30.43,29.84,30.08,10273120
2009-09-10,30.87,31.41,30.57,31.31,30732000
2009-09-11,31.51,31.9,31.26,31.41,21148400
2009-09-14,31.51,32.4,31.46,31.61,21134880
2009-09-15,31.56,32.0,31.36,32.0,12728560
2009-09-16,32.35,33.18,32.35,33.04,18993520
2009-09-17,33.09,33.23,32.64,33.23,11016720
2009-09-18,33.23,33.23,32.79,32.79,9768720
2009-09-21,32.74,32.99,32.1,32.99,9871680
2009-09-22,32.99,33.28,32.49,33.18,8802560
2009-09-23,33.18,33.38,32.4,32.59,10662080
2009-09-24,32.49,32.49,31.36,31.41,17769440
2009-09-25,31.31,31.66,30.82,31.51,9937200
2009-09-28,31.61,31.76,31.26,31.51,4892160
2009-09-29,31.76,32.25,31.56,32.0,10757760
2009-09-30,32.15,32.49,31.8,32.25,9341280
2009-10-01,32.49,32.69,32.25,32.59,6842160
2009-10-02,32.0,32.25,31.51,31.8,13220480
2009-10-05,31.76,32.35,31.51,32.35,6376240
2009-10-06,32.25,33.09,31.9,32.99,16326960
2009-10-07,33.38,33.38,32.54,32.94,8159840
2009-10-08,32.94,33.09,32.54,32.59,10018320
2009-10-09,32.84,32.99,32.59,32.99,4978480
2009-10-12,33.09,33.18,32.54,33.09,4231760
2009-10-13,32.64,32.94,32.3,32.94,8276320
2009-10-14,32.99,33.09,32.69,33.04,7225920
2009-10-15,33.28,33.38,32.94,32.99,9250800
2009-10-16,32.99,32.99,32.3,32.49,11117600
2009-10-19,32.4,32.64,32.3,32.64,4153760
2009-10-20,32.79,32.89,32.45,32.54,6145360
2009-10-21,32.49,32.59,32.0,32.1,10072400
2009-10-22,32.0,32.05,31.51,31.8,10878400
2009-10-23,31.8,31.85,31.46,31.8,7529600
2009-10-26,32.0,33.04,32.0,32.64,13738400
2009-10-27,32.64,32.64,32.05,32.54,5533840
2009-10-28,32.45,32.45,31.95,32.0,5819840
2009-10-29,31.76,31.85,31.02,31.46,11342240
2009-10-30,31.8,31.8,31.12,31.12,7304960
2009-11-02,30.97,31.16,30.67,31.07,5490160
2009-11-03,31.12,31.12,30.67,30.92,5203120
2009-11-04,31.31,31.46,31.12,31.36,4596800
2009-11-05,31.36,31.36,30.92,30.97,5763680
2009-11-06,31.07,31.41,31.07,31.16,5897840
2009-11-09,31.51,32.1,31.51,31.8,7829120
2009-11-10,32.1,32.54,32.05,32.45,10083840
2009-11-11,32.45,32.79,32.1,32.74,9186320
2009-11-12,32.89,32.99,32.64,32.84,6268080
2009-11-13,32.84,32.99,32.49,32.54,6013280
2009-11-16,32.54,32.99,32.49,32.99,11631360
2009-11-17,33.38,33.43,32.54,32.74,9897680
2009-11-18,32.54,32.89,32.4,32.54,8596640
2009-11-19,32.49,32.59,32.2,32.59,6705920
2009-11-20,32.3,32.54,31.9,32.05,9944480
2009-11-23,32.0,32.0,31.41,31.76,10611120
2009-11-24,31.76,32.3,31.76,32.3,7726160
2009-11-25,32.25,32.59,32.05,32.54,6338800
2009-11-26,32.54,32.64,32.1,32.25,3889600
2009-11-27,31.66,31.76,31.26,31.26,14147120
2009-11-30,31.51,31.8,31.46,31.46,6036160
2009-12-01,31.51,31.8,31.26,31.8,9246640
2009-12-02,32.0,32.69,32.0,32.45,14025440
2009-12-03,32.49,32.64,32.25,32.59,5987280
2009-12-04,32.4,32.59,32.25,32.25,5594160
2009-12-07,32.25,32.59,32.25,32.54,5630560
2009-12-08,32.59,32.59,32.25,32.59,4191200
2009-12-09,32.59,32.59,32.2,32.3,5038800
2009-12-10,32.35,32.45,31.51,31.76,11196640
2009-12-11,31.76,32.35,31.76,32.35,7065760
2009-12-14,32.35,32.49,32.15,32.45,4790240
2009-12-15,32.45,32.54,31.85,32.45,4506320
2009-12-16,32.0,32.35,31.95,32.0,4544800
2009-12-17,32.0,32.45,32.0,32.25,5124080
2009-12-18,31.9,32.3,31.85,32.25,3670160
2009-12-21,32.25,32.45,32.05,32.15,3756480
2009-12-22,32.25,32.49,32.25,32.3,5581680
2009-12-23,32.3,32.45,32.25,32.45,3807440
2009-12-24,32.49,32.79,32.4,32.74,9381840
2009-12-25,32.89,32.89,32.59,32.59,3408080
2009-12-28,32.64,32.94,32.54,32.89,5516160
2009-12-29,32.89,32.94,32.64,32.89,3588000
2009-12-30,32.89,33.09,32.69,32.79,11724960
2009-12-31,32.89,33.13,32.79,33.13,6153680
2010-01-04,33.13,33.18,32.79,32.99,6159920
2010-01-05,33.38,33.38,33.09,33.38,9322560
2010-01-06,33.38,35.15,33.28,34.46,27709760
2010-01-07,34.71,34.71,34.22,34.46,15998320
2010-01-08,35.05,35.69,34.71,34.76,20446400
2010-01-11,34.91,35.1,34.81,35.1,6945120
2010-01-12,35.15,35.2,34.61,34.96,6838000
2010-01-13,34.71,34.71,34.12,34.46,7231120
2010-01-14,34.46,34.91,34.41,34.86,6530160
2010-01-15,34.81,34.81,34.51,34.71,5036720
2010-01-18,34.46,34.51,34.27,34.37,4485520
2010-01-19,34.22,34.27,33.43,33.63,10767120
2010-01-20,33.63,33.63,33.33,33.48,8698560
2010-01-21,33.43,33.43,33.04,33.43,6470880
2010-01-22,33.09,33.18,32.74,32.89,12335440
2010-01-25,32.49,32.74,32.45,32.69,9520160
2010-01-26,32.74,32.74,31.61,31.61,15188160
2010-01-27,31.71,32.69,31.56,32.3,8543600
2010-01-28,32.49,32.99,32.35,32.74,8140080
2010-01-29,32.3,32.79,32.15,32.79,10524800
2010-02-01,33.18,33.18,32.49,33.13,10756720
2010-02-02,33.38,33.48,32.0,32.59,17955600
2010-02-03,32.59,32.99,32.3,32.99,6658080
2010-02-04,32.99,33.43,32.59,32.74,10519600
2010-02-05,32.15,32.4,31.76,32.0,16169920
2010-02-08,32.1,32.45,32.0,32.45,8816080
2010-02-09,32.4,32.84,32.1,32.35,12535120
2010-02-10,32.49,32.54,32.1,32.45,9315280
2010-02-22,32.99,33.33,32.79,33.18,9030320
2010-02-23,33.23,33.92,32.99,33.92,9519120
2010-02-24,33.68,33.97,33.33,33.63,13422240
2010-02-25,33.73,34.12,33.23,33.77,16306160
2010-02-26,33.77,34.22,33.53,34.07,9174880
2010-03-01,34.22,34.46,33.73,33.87,11775920
2010-03-02,34.07,34.12,33.68,33.82,11693760
2010-03-03,33.92,34.22,33.77,34.02,7915440
2010-03-04,34.07,34.17,33.63,34.17,11606400
2010-03-05,34.37,34.56,34.07,34.46,10687040
2010-03-08,34.56,34.66,34.32,34.46,5929040
2010-03-09,34.46,34.46,34.32,34.46,4638400
2010-03-10,34.46,34.46,34.22,34.46,6402240
2010-03-11,34.46,34.56,34.32,34.41,3772080
2010-03-12,34.41,34.41,34.22,34.41,8086000
2010-03-15,34.46,34.61,34.22,34.41,8364720
2010-03-16,34.46,34.56,34.22,34.56,6137040
2010-03-17,34.56,34.81,34.37,34.76,13246480
2010-03-18,34.81,35.05,34.71,34.96,11315200
2010-03-19,34.96,34.96,34.41,34.96,12530960
2010-03-22,34.46,34.56,34.12,34.56,8559200
2010-03-23,34.27,34.56,33.97,34.37,7756320
2010-03-24,34.32,34.37,34.07,34.37,8619520
2010-03-25,34.37,34.41,33.73,34.32,13621920
2010-03-26,34.22,34.86,33.58,34.86,13221520
2010-03-29,34.86,34.91,34.71,34.71,6937840
2010-03-30,34.86,34.91,34.66,34.81,7100080
2010-03-31,34.96,34.96,34.46,34.46,6133920
2010-04-01,34.46,35.15,34.46,35.1,12582960
2010-04-02,35.2,35.2,34.91,35.05,4527120
2010-04-06,34.96,35.15,34.91,35.01,9611680
2010-04-07,35.05,35.1,34.91,35.01,8272160
2010-04-08,34.71,34.96,34.22,34.37,13983840
2010-04-09,34.51,34.61,34.27,34.32,7323680
2010-04-12,34.51,34.61,34.22,34.46,9005360
2010-04-13,34.46,34.51,34.32,34.46,4983680
2010-04-14,34.61,34.96,34.41,34.86,6480240
2010-04-15,34.96,35.1,34.76,35.1,11575200
2010-04-16,35.05,35.1,34.71,34.71,7076160
2010-04-19,34.41,34.61,34.17,34.17,11873680
2010-04-20,34.27,34.27,33.97,34.07,7252960
2010-04-21,34.07,34.32,33.92,34.27,9134320
2010-04-22,34.17,34.17,33.73,33.82,10500880
2010-04-23,33.92,33.92,33.63,33.82,9262240
2010-04-26,33.92,34.71,33.92,34.71,13179920
2010-04-27,34.71,34.76,34.46,34.66,3911440
2010-04-28,33.97,34.46,33.97,34.17,5309200
2010-04-29,34.22,34.22,33.97,34.07,5903040
2010-04-30,34.07,34.76,34.07,34.46,9520160
2010-05-03,34.46,34.46,34.07,34.46,4837040
2010-05-04,34.46,34.46,34.02,34.12,7769840
2010-05-05,33.48,33.58,33.28,33.28,10461360
2010-05-06,33.04,33.18,32.74,32.99,12807600
2010-05-07,32.35,32.94,32.2,32.74,13583440
2010-05-10,32.69,33.28,32.64,33.23,6745440
2010-05-11,33.43,33.43,32.69,32.69,9311120
2010-05-12,32.74,32.74,32.49,32.49,6157840
2010-05-13,32.59,33.28,32.54,33.23,7314320
2010-05-14,33.23,33.48,33.09,33.43,8998080
2010-05-17,33.18,33.23,32.74,33.09,5892640
2010-05-18,33.28,33.28,32.84,32.94,5985200
2010-05-19,32.69,32.74,32.4,32.59,9300720
2010-05-20,32.49,32.64,32.05,32.1,8126560
2010-05-21,31.51,32.15,31.36,31.76,9337120
2010-05-24,31.85,32.49,31.8,32.1,6660160
2010-05-25,31.76,31.9,31.51,31.51,11402560
2010-05-26,31.76,31.95,31.21,31.51,15862080
2010-05-27,31.51,31.85,31.31,31.46,11020880
2010-05-28,31.9,31.9,31.31,31.61,12386400
2010-05-31,31.51,31.8,31.51,31.8,7916480
2010-06-01,31.61,31.61,31.02,31.12,7970560
2010-06-02,31.12,31.21,30.43,31.02,14062880
2010-06-03,31.46,31.51,31.12,31.51,7477600
2010-06-04,31.76,31.76,31.41,31.61,7709520
2010-06-07,31.07,31.56,30.82,31.36,9242480
2010-06-08,31.36,31.9,31.31,31.71,4063280
2010-06-09,31.71,31.71,31.26,31.31,6672640
2010-06-10,31.61,31.66,31.31,31.51,4227600
2010-06-11,32.0,32.0,31.46,31.95,10697440
2010-06-14,32.0,32.74,32.0,32.69,9745840
2010-06-15,32.49,33.48,32.4,33.09,8976240
2010-06-17,33.18,33.97,33.09,33.73,17797520
2010-06-18,33.48,33.63,32.89,33.33,5092880
2010-06-21,33.48,33.92,33.48,33.92,11868480
2010-06-22,33.92,33.92,33.63,33.63,5528640
2010-06-23,33.58,33.58,33.23,33.53,3906240
2010-06-24,33.63,33.73,33.13,33.18,5213520
2010-06-25,33.09,33.18,32.54,32.59,6389760
2010-06-28,32.79,33.23,32.79,33.23,3317600
2010-06-29,33.48,33.73,32.94,32.94,7459920
2010-06-30,32.4,33.58,32.4,33.48,9467120
2010-07-01,33.38,33.38,32.79,32.89,2727920
2010-07-02,32.4,33.38,32.4,32.69,8128640
2010-07-05,32.74,33.48,32.74,33.33,8493680
2010-07-06,33.23,34.32,33.23,34.32,13264160
2010-07-07,34.32,34.46,34.17,34.46,11072880
2010-07-08,34.56,35.15,34.46,35.1,16228160
2010-07-09,35.1,35.65,34.91,35.6,15717520
2010-07-12,35.6,35.79,35.3,35.69,15359760
2010-07-13,35.69,35.69,35.15,35.25,9003280
2010-07-14,35.35,35.65,35.35,35.55,24207040
2010-07-15,35.96,36.12,35.7,36.02,17547920
2010-07-16,35.76,35.91,35.55,35.76,7505680
2010-07-19,35.55,35.55,35.03,35.23,11562720
2010-07-20,35.18,35.39,34.87,35.34,7782320
2010-07-21,35.34,35.7,35.34,35.7,7234240
2010-07-22,35.7,35.96,35.39,35.39,9410960
2010-07-23,35.81,36.07,35.55,35.96,8602880
2010-07-26,34.82,35.6,34.56,35.44,8932560
2010-07-27,35.03,35.13,34.61,34.76,10509200
2010-07-28,34.56,35.13,34.5,34.97,8158800
2010-07-29,35.13,35.34,34.71,35.34,6900400
2010-07-30,35.23,35.23,34.76,34.87,4368000
2010-08-02,34.66,35.39,34.66,35.34,12411360
2010-08-03,35.39,35.65,35.18,35.65,7205120
2010-08-04,35.65,35.86,35.34,35.86,7963280
2010-08-05,35.86,35.96,35.34,35.6,6360640
2010-08-06,35.6,35.91,35.39,35.86,7100080
2010-08-09,35.49,36.07,35.49,36.07,8329360
2010-08-10,36.07,36.12,35.76,36.12,5002400
2010-08-11,36.12,36.28,35.86,36.28,5834400
2010-08-12,36.07,36.54,35.91,36.48,10665200
2010-08-13,36.48,36.75,36.12,36.69,10200320
2010-08-16,36.48,36.69,36.22,36.69,7976800
2010-08-17,36.48,36.64,36.22,36.48,10830560
2010-08-18,36.48,36.48,35.96,36.43,8416720
2010-08-19,36.48,37.11,36.22,37.11,9410960
2010-08-20,37.01,37.01,36.38,36.75,5828160
2010-08-23,36.75,37.06,36.43,36.95,5531760
2010-08-24,36.9,37.11,36.59,36.75,5804240
2010-08-25,36.59,36.59,35.96,36.02,9390160
2010-08-26,35.91,36.54,35.7,36.22,5357040
2010-08-27,36.17,36.43,35.96,36.33,3306160
2010-08-30,36.48,37.01,36.28,37.01,6069440
2010-08-31,36.9,37.01,36.59,37.01,7387120
2010-09-01,37.01,37.16,36.75,37.11,5534880
2010-09-02,37.21,37.63,37.21,37.53,13030160
2010-09-03,37.53,37.68,37.37,37.48,8324160
2010-09-06,37.48,37.53,37.27,37.42,8258640
2010-09-07,37.42,37.63,37.21,37.53,8516560
2010-09-08,37.42,37.58,37.27,37.48,7454720
2010-09-09,37.53,37.58,37.27,37.37,3418480
2010-09-10,37.37,37.79,37.37,37.79,8729760
2010-09-13,37.79,39.09,37.79,39.09,14322880
2010-09-14,39.09,39.09,38.57,39.04,10968880
2010-09-15,39.35,39.35,38.83,39.35,13178880
2010-09-16,39.3,39.35,38.99,38.99,7365280
2010-09-17,39.04,39.61,39.04,39.04,17752800
2010-09-20,38.99,39.51,38.73,39.25,7478640
2010-09-21,39.3,39.35,39.14,39.25,8807760
2010-09-23,39.25,39.66,39.09,39.66,11268400
2010-09-24,39.66,39.87,39.46,39.87,10282480
2010-09-27,39.87,40.55,39.87,40.34,16814720
2010-09-28,40.29,40.39,40.08,40.39,10583040
2010-09-29,40.39,40.5,40.03,40.03,10698480
2010-09-30,39.87,40.19,39.35,39.98,10744240
2010-10-01,39.82,40.24,39.72,40.13,4167280
2010-10-04,39.77,40.6,39.61,40.5,8178560
2010-10-05,40.39,40.65,39.51,40.45,14667120
2010-10-06,40.65,40.65,40.13,40.39,13630240
2010-10-07,40.39,40.6,40.34,40.5,5072080
2010-10-08,40.5,40.55,39.98,40.39,8696480
2010-10-11,40.39,40.5,39.56,39.72,6141200
2010-10-12,39.77,39.77,39.09,39.46,7682480
2010-10-13,39.66,40.65,39.61,40.5,13692640
2010-10-14,40.76,43.31,40.76,42.74,31628480
2010-10-15,42.84,43.05,42.32,42.74,17438720
2010-10-18,42.74,42.9,41.18,41.7,13157040
2010-10-19,41.7,41.7,41.18,41.44,15739360
2010-10-20,41.38,42.74,41.28,42.48,11406720
2010-10-21,42.74,43.52,42.58,43.36,23567440
2010-10-22,44.04,44.41,43.63,44.04,23171200
2010-10-25,44.2,45.87,43.83,45.29,22529520
2010-10-26,45.45,47.07,45.45,46.91,26217360
2010-10-27,47.07,47.95,46.91,47.64,33095920
2010-10-28,47.12,47.43,45.81,47.07,20005440
2010-10-29,46.91,46.91,45.61,45.76,14432080
2010-11-01,45.87,46.91,45.87,46.65,12150320
2010-11-02,46.6,46.91,45.87,46.39,11455600
2010-11-03,46.39,47.07,46.34,46.65,13637520
2010-11-04,46.65,47.43,46.44,47.22,13266240
2010-11-05,47.43,48.47,47.27,48.42,21427120
2010-11-08,48.47,49.52,48.32,49.25,16781440
2010-11-09,49.2,49.46,49.15,49.31,12310480
2010-11-10,49.25,49.25,48.73,48.99,9388080
2010-11-11,48.99,48.99,47.69,48.11,13821600
2010-11-12,47.95,47.95,46.39,46.7,12263680
2010-11-15,46.7,46.91,45.66,45.92,12929280
2010-11-16,46.13,47.53,45.97,47.17,12866880
2010-11-17,46.91,46.91,46.39,46.54,10262720
2010-11-18,46.91,47.64,46.65,47.27,17041440
2010-11-19,47.69,47.9,46.86,47.22,13937040
2010-11-22,47.27,47.59,46.91,46.91,8395920
2010-11-23,47.27,47.59,46.8,46.96,9912240
2010-11-24,46.8,47.53,46.8,47.17,11507600
2010-11-25,47.43,47.59,47.07,47.27,10784800
2010-11-26,47.43,47.59,47.17,47.27,7847840
2010-11-29,47.43,47.85,47.33,47.69,6692400
2010-11-30,47.95,47.95,47.22,47.27,14947920
2010-12-01,47.48,49.1,47.48,48.94,14960400
2010-12-02,49.25,49.52,48.73,48.99,9029280
2010-12-03,48.99,49.52,48.89,48.89,7529600
2010-12-06,48.99,49.52,48.99,49.52,14706640
2010-12-07,49.52,49.88,49.46,49.67,8175440
2010-12-08,49.78,49.93,49.2,49.88,9360000
2010-12-09,49.88,50.45,49.57,49.62,9994400
2010-12-10,49.41,49.46,47.9,48.47,9121840
2010-12-13,48.79,49.2,48.73,48.79,3602560
2010-12-14,49.15,49.52,48.79,49.1,6462560
2010-12-15,49.31,50.04,49.31,50.04,13484640
2010-12-16,50.19,50.4,49.72,50.04,8411520
2010-12-17,50.09,51.03,50.04,50.71,14928160
2010-12-20,50.71,50.77,49.31,50.35,9389120
2010-12-21,50.35,50.35,49.57,50.09,9895600
2010-12-22,49.88,50.14,49.78,50.14,4609280
2010-12-23,50.14,50.4,49.83,50.4,5305040
2010-12-24,50.4,50.4,49.88,50.19,3270800
2010-12-27,49.93,50.35,49.41,50.19,4365920
2010-12-28,50.24,50.4,49.93,50.4,4697680
2010-12-29,50.3,50.4,50.04,50.35,5264480
2010-12-30,50.19,50.61,49.72,50.61,7917520
2010-12-31,50.61,50.82,50.3,50.82,5755360
2011-01-03,50.77,50.82,50.3,50.56,6164080
2011-01-04,50.56,50.56,50.09,50.4,7222800
2011-01-05,50.35,50.35,49.25,49.88,10587200
2011-01-06,49.93,50.04,49.15,49.57,11271520
2011-01-07,49.05,49.25,47.59,47.85,15686320
2011-01-10,47.85,47.85,47.33,47.74,12324000
2011-01-11,47.74,48.11,47.48,48.06,13761280
2011-01-12,48.06,48.37,47.95,48.26,8132800
2011-01-13,48.37,48.89,48.26,48.84,8453120
2011-01-14,48.89,48.99,48.52,48.99,4800640
2011-01-17,48.58,49.15,48.58,49.1,5046080
2011-01-18,48.47,50.04,48.47,49.78,8348080
2011-01-19,49.78,50.56,49.31,50.4,20114640
2011-01-20,50.04,50.4,49.83,49.88,5467280
2011-01-21,49.36,50.56,49.05,50.51,8119280
2011-01-24,50.3,50.3,49.72,50.09,5455840
2011-01-25,50.09,50.56,49.93,49.93,8500960
2011-01-26,49.78,50.3,49.78,50.19,3879200
2011-01-27,50.19,50.66,49.93,50.61,9395360
2011-01-28,50.56,52.38,50.3,51.76,30594720
2011-02-08,52.07,54.73,51.96,53.16,35192560
2011-02-09,53.16,53.42,52.12,52.9,16786640
2011-02-10,52.12,53.95,51.86,52.64,27171040
2011-02-11,52.9,53.95,52.12,52.64,23409360
2011-02-14,52.12,52.38,51.08,51.08,18458960
2011-02-15,51.03,52.9,50.45,52.12,17251520
2011-02-16,52.12,52.38,51.24,51.39,12067120
2011-02-17,51.5,53.16,51.39,51.86,16194880
2011-02-18,52.64,53.95,52.38,53.68,18327920
2011-02-21,53.68,54.73,53.16,54.73,11085360
2011-02-22,54.21,54.73,52.9,53.68,15977520
2011-02-23,53.16,53.42,51.34,51.5,11379680
2011-02-24,51.08,52.64,51.08,51.76,11128000
2011-02-25,51.86,52.38,50.97,51.86,11154000
2011-03-01,51.08,52.38,51.08,51.81,4890080
2011-03-02,51.24,51.6,49.41,49.41,11952720
2011-03-03,49.41,50.19,48.73,49.67,13787280
2011-03-04,50.24,50.82,50.04,50.82,6230640
2011-03-07,50.61,51.18,50.4,50.56,3879200
2011-03-08,49.93,50.4,49.93,50.4,6559280
2011-03-09,50.4,50.71,49.25,49.46,8850400
2011-03-10,49.62,49.62,48.06,48.06,10320960
2011-03-11,47.43,48.94,47.43,48.37,8469760
2011-03-14,51.7,51.7,50.04,51.18,16373760
2011-03-15,51.44,51.5,48.47,51.08,14028560
2011-03-16,51.6,51.91,50.77,51.18,7766720
2011-03-17,50.97,51.86,50.87,51.81,9741680
2011-03-18,51.34,52.38,51.24,51.6,12799280
2011-03-21,51.86,54.47,51.6,52.9,15952560
2011-03-22,53.16,53.42,52.12,52.38,10181600
2011-03-23,52.38,53.16,51.86,52.9,11154000
2011-03-24,53.16,53.16,52.12,52.38,5129280
2011-03-25,53.16,53.16,52.12,52.38,8748480
2011-03-28,51.86,52.38,51.86,52.12,6830720
2011-03-29,52.38,53.68,52.12,53.68,10570560
2011-03-30,53.68,54.73,53.68,54.47,20709520
2011-03-31,54.73,54.73,52.38,53.95,14798160
2011-04-01,53.95,54.21,52.9,54.21,5845840
2011-04-06,54.73,55.77,54.47,55.25,16364400
2011-04-07,55.77,56.03,53.42,55.25,17040400
2011-04-08,55.25,55.25,54.21,54.47,9403680
2011-04-11,54.73,54.73,54.21,54.73,5519280
2011-04-12,54.73,54.73,53.16,54.21,12793040
2011-04-13,53.95,55.25,53.42,55.25,13689520
2011-04-14,55.25,55.25,54.47,54.73,10990720
2011-04-15,54.99,54.99,53.68,54.21,8377200
2011-04-18,54.99,55.25,54.21,54.99,8987680
2011-04-19,53.95,55.25,53.42,54.73,8534240
2011-04-20,55.25,55.77,54.73,55.77,8900320
2011-04-21,55.77,59.42,55.51,59.42,41415920
2011-04-22,58.64,59.16,57.85,58.64,12072320
2011-04-25,59.16,59.16,57.59,57.59,7490080
2011-04-26,57.33,58.12,56.81,57.85,9893520
2011-04-27,58.64,60.72,58.64,59.68,18044000
2011-04-28,59.68,60.2,58.9,60.2,12362480
2011-04-29,60.2,60.98,58.38,60.98,19326320
2011-05-03,60.98,60.98,59.42,60.46,6116240
2011-05-04,59.94,59.94,58.38,59.16,8568560
2011-05-05,57.59,59.16,57.59,58.64,6615440
2011-05-06,58.38,58.9,57.33,58.12,6323200
2011-05-09,58.12,58.64,56.55,58.38,14296880
2011-05-10,58.64,59.94,58.38,59.68,8517600
2011-05-11,60.2,60.72,59.68,60.72,8343920
2011-05-12,59.42,60.72,59.42,59.94,6212960
2011-05-13,58.9,60.2,58.64,59.42,7808320
2011-05-16,59.16,59.68,58.64,58.64,5439200
2011-05-17,58.9,60.72,58.64,59.94,7726160
2011-05-18,59.94,60.46,59.68,60.46,4110080
2011-05-19,60.2,60.72,59.68,60.2,6510400
2011-05-20,60.72,60.72,59.42,59.68,4319120
2011-05-23,58.64,60.46,58.64,60.46,7646080
2011-05-24,59.94,59.94,58.64,59.68,9470240
2011-05-25,59.42,59.68,58.64,58.9,6507280
2011-05-26,58.9,59.42,58.9,58.9,4504240
2011-05-27,59.16,59.42,58.9,58.9,4836000
2011-05-30,56.29,57.85,56.29,56.81,16805360
2011-05-31,56.29,58.64,55.51,57.33,16611920
2011-06-01,57.33,59.68,57.33,59.16,11461840
2011-06-02,59.16,59.68,58.9,59.16,9660560
2011-06-03,59.16,60.2,59.16,59.94,5071040
2011-06-07,59.16,59.68,57.85,59.16,5988320
2011-06-08,58.9,59.68,58.64,58.64,6206720
2011-06-09,58.9,58.9,58.38,58.38,6205680
2011-06-10,59.16,59.16,56.81,56.81,8006960
2011-06-13,56.03,56.03,54.99,55.25,9422400
2011-06-14,55.25,56.03,55.25,55.77,8117200
2011-06-15,55.77,58.12,55.51,57.59,11146720
2011-06-16,56.55,57.33,55.25,57.07,9459840
2011-06-17,56.55,57.07,55.51,56.55,12865840
2011-06-20,56.03,56.81,55.25,55.25,8629920
2011-06-21,55.25,55.77,53.68,53.68,12470640
2011-06-22,53.95,54.21,52.64,52.64,11093680
2011-06-23,52.38,52.38,50.97,51.29,18204160
2011-06-24,51.08,51.08,50.14,50.3,18753280
2011-06-27,49.25,50.24,48.42,49.88,29385200
2011-06-28,50.3,51.13,50.19,50.56,14332240
2011-06-29,51.34,52.38,51.03,52.12,12807600
2011-06-30,52.12,54.21,52.12,53.95,15118480
2011-07-01,53.95,55.25,53.42,55.25,10553920
2011-07-04,55.51,56.55,55.25,56.29,13400400
2011-07-05,56.29,57.85,55.51,57.59,16332160
2011-07-06,57.85,58.38,57.07,58.12,10155600
2011-07-07,58.12,58.12,56.29,56.81,13421200
2011-07-08,56.81,57.59,56.55,57.33,19172400
2011-07-11,57.78,57.78,56.67,57.5,11462880
2011-07-12,57.5,57.5,56.39,56.39,8106800
2011-07-13,56.39,60.0,56.39,59.44,8973120
2011-07-14,59.44,61.11,59.44,60.83,11305840
2011-07-15,60.83,60.83,59.72,60.83,7495280
2011-07-18,60.83,61.39,59.72,61.11,7217600
2011-07-19,61.11,61.11,60.0,60.56,4402320
2011-07-20,60.56,61.39,60.28,61.39,5343520
2011-07-21,61.67,61.67,60.0,60.56,5482880
2011-07-22,61.11,61.67,60.83,61.67,7291440
2011-07-25,61.94,61.94,60.56,61.11,5461040
2011-07-26,61.11,62.22,60.83,61.67,8041280
2011-07-27,60.56,60.83,59.72,59.72,11480560
2011-07-28,58.61,61.11,58.61,60.83,8280480
2011-07-29,60.28,61.11,59.72,60.28,3957200
2011-08-01,56.11,56.11,56.11,56.11,5395520
2011-08-02,52.22,52.22,52.22,52.22,14036880
2011-08-03,52.22,52.89,51.89,52.28,34170240
2011-08-04,52.67,52.67,50.56,50.78,23144160
2011-08-05,48.89,50.0,48.39,49.72,21096400
2011-08-08,49.72,49.72,46.33,46.83,21080800
2011-08-09,44.44,49.61,43.89,46.44,27623440
2011-08-10,48.22,49.44,46.11,47.89,22310080
2011-08-11,46.5,48.78,46.44,47.67,12700480
2011-08-12,48.33,48.33,47.06,47.06,12425920
2011-08-15,47.78,47.78,47.17,47.61,6214000
2011-08-16,48.33,48.33,47.33,47.5,5741840
2011-08-17,47.78,48.33,47.06,47.67,6199440
2011-08-18,48.39,48.39,46.89,47.78,10137920
2011-08-19,45.89,46.67,45.89,46.33,15945280
2011-08-22,46.06,47.5,46.0,47.06,8773440
2011-08-23,47.67,48.89,47.33,48.83,8829600
2011-08-24,49.44,49.44,47.33,49.17,10464480
2011-08-25,49.44,50.11,49.06,49.33,7960160
2011-08-26,49.56,50.39,49.44,50.06,10409360
2011-08-29,49.56,51.11,49.56,50.06,9025120
2011-08-30,50.39,50.39,49.0,49.67,7032480
2011-08-31,50.17,50.39,49.56,50.06,5009680
2011-09-01,50.78,52.5,50.06,50.28,16850080
2011-09-02,50.78,51.61,50.06,51.06,7471360
2011-09-05,50.28,50.28,48.67,48.94,8784880
2011-09-06,47.89,48.44,46.72,47.22,11045840
2011-09-07,47.22,47.78,47.0,47.44,7938320
2011-09-08,47.89,48.28,46.72,47.0,17639440
2011-09-09,47.0,47.5,46.67,46.94,11017760
2011-09-13,46.22,46.5,44.78,45.22,13986960
2011-09-14,45.0,46.72,44.61,45.0,22250800
2011-09-15,45.83,45.83,45.33,45.39,13482560
2011-09-16,46.06,47.11,45.83,46.11,13808080
2011-09-19,46.17,46.5,45.78,46.22,4792320
2011-09-20,46.28,46.94,45.5,46.11,9525360
2011-09-21,46.11,46.28,45.61,45.83,4768400
2011-09-22,44.78,44.78,44.06,44.33,18508880
2011-09-23,43.33,43.33,42.28,42.94,20806240
2011-09-26,43.06,43.06,42.89,42.89,13807040
2011-09-27,43.78,45.0,43.78,44.94,8822320
2011-09-28,45.83,45.83,44.11,44.44,11108240
2011-09-29,44.39,45.17,44.11,44.44,7588880
2011-09-30,44.94,45.39,44.22,45.39,8314800
2011-10-03,44.5,44.5,42.5,42.94,11005280
2011-10-04,42.94,43.33,42.33,42.94,12861680
2011-10-05,42.89,43.44,42.78,42.83,10689120
2011-10-06,43.33,45.78,43.33,45.78,14989520
2011-10-07,47.89,47.89,47.89,47.89,20205120
2011-10-11,48.89,49.17,48.33,48.89,12630800
2011-10-12,48.89,48.89,47.72,48.06,7553520
2011-10-13,48.28,48.61,47.94,48.28,4622800
2011-10-14,48.78,48.78,46.39,46.39,9695920
2011-10-17,46.39,47.39,46.39,47.28,6607120
2011-10-18,46.5,47.06,46.39,46.72,4985760
2011-10-19,46.94,47.17,46.44,47.17,4823520
2011-10-20,47.17,47.17,46.67,47.11,7394400
2011-10-21,47.11,47.61,46.67,47.5,11785280
2011-10-24,47.78,48.89,47.78,48.83,14051440
2011-10-25,48.94,49.0,48.67,48.89,9168640
2011-10-26,48.89,48.89,48.33,48.89,6354400
2011-10-27,48.39,49.17,48.39,48.94,4428320
2011-10-28,49.39,50.0,49.28,49.61,12214800
2011-10-31,49.33,50.0,49.33,49.44,5909280
2011-11-01,49.33,50.11,48.94,49.5,10767120
2011-11-02,48.94,49.5,48.33,49.39,7572240
2011-11-03,49.28,49.28,48.06,48.11,8809840
2011-11-04,48.61,49.44,48.39,48.94,10920000
2011-11-07,49.39,49.39,48.72,49.28,2942160
2011-11-08,49.44,49.61,48.5,48.56,7180160
2011-11-09,48.56,49.11,48.56,48.89,4840160
2011-11-10,48.44,48.72,47.89,48.28,5330000
2011-11-11,48.28,48.33,47.78,48.0,5871840
2011-11-14,49.17,50.0,48.89,49.94,11788400
2011-11-15,49.56,50.11,49.44,49.89,8401120
2011-11-16,50.0,50.0,48.61,48.61,8129680
2011-11-17,47.5,47.78,46.28,47.33,11546080
2011-11-18,46.22,46.39,44.61,44.61,23902320
2011-11-21,43.33,43.67,42.5,43.44,26713440
2011-11-22,43.67,44.33,43.22,43.94,12501840
2011-11-23,43.89,43.94,43.06,43.72,11119680
2011-11-24,43.17,44.72,43.17,44.33,9994400
2011-11-25,44.44,45.0,43.5,43.5,11887200
2011-11-28,44.22,45.17,43.89,44.78,8707920
2011-11-29,45.22,45.56,44.72,45.28,5323760
2011-11-30,45.44,45.44,43.83,44.11,13716560
2011-12-01,46.11,46.11,45.33,45.67,14304160
2011-12-02,45.56,45.89,45.5,45.78,7142720
2011-12-05,46.11,46.94,45.78,46.89,8577920
2011-12-06,46.61,46.61,45.56,45.67,10365680
2011-12-07,46.11,47.22,46.11,47.22,10560160
2011-12-08,47.22,47.22,46.39,47.22,5271760
2011-12-09,47.17,47.33,46.39,47.22,7398560
2011-12-12,47.72,47.94,47.22,47.56,6515600
2011-12-13,47.22,47.33,46.61,47.17,3350880
2011-12-14,47.78,47.78,46.94,47.33,3413280
2011-12-15,46.72,46.72,45.83,45.89,5770960
2011-12-16,46.39,46.56,45.78,46.06,2065440
2011-12-19,46.67,46.67,45.44,46.33,6046560
2011-12-20,46.56,46.56,44.94,45.44,8874320
2011-12-21,46.33,47.22,46.11,46.61,12010960
2011-12-22,46.67,47.06,46.67,46.89,4276480
2011-12-23,47.17,47.5,47.06,47.28,6593600
2011-12-26,47.28,47.56,46.89,47.22,8615360
2011-12-27,46.94,47.33,46.94,47.33,4814160
2011-12-28,47.56,47.56,45.11,46.0,15318160
2011-12-29,45.22,45.5,44.67,44.89,10428080
2011-12-30,45.17,45.33,44.67,44.89,8428160
2012-01-02,44.89,44.89,43.5,44.44,23335520
2012-01-03,44.44,44.89,44.06,44.11,28609360
2012-01-04,43.06,44.22,43.06,44.11,37024000
2012-01-05,44.17,44.89,44.11,44.56,25200240
2012-01-06,44.89,45.5,44.56,45.5,9893520
2012-01-09,45.5,45.61,45.06,45.61,8074560
2012-01-10,45.67,46.11,45.61,46.06,8582080
2012-01-11,46.06,46.28,45.56,45.61,13360880
2012-01-12,45.67,46.39,45.67,46.28,11327680
2012-01-13,46.67,46.94,46.33,46.67,16219840
2012-01-16,47.22,47.22,45.78,46.72,8778640
2012-01-17,46.78,46.89,46.44,46.78,6721520
2012-01-18,46.89,47.06,46.0,47.06,7604480
2012-01-30,47.33,49.06,47.33,47.83,19401200
2012-01-31,47.83,47.89,47.17,47.89,11609520
2012-02-01,47.89,47.89,46.78,46.83,10578880
2012-02-02,46.89,47.78,46.89,47.56,14740960
2012-02-03,47.56,47.61,47.22,47.39,9328800
2012-02-06,48.44,48.89,48.06,48.44,9883120
2012-02-07,48.44,48.44,47.44,47.78,10974080
2012-02-08,48.33,48.33,47.78,48.33,6335680
2012-02-09,48.33,48.39,47.72,48.33,9620000
2012-02-10,48.22,48.33,47.83,47.94,8292960
2012-02-13,47.94,48.39,47.94,48.39,6367920
2012-02-14,48.44,48.89,48.11,48.89,7619040
2012-02-15,48.94,49.28,48.61,49.22,9714640
2012-02-16,48.89,49.39,48.33,48.67,11206000
2012-02-17,49.11,50.06,48.94,49.78,18489120
2012-02-20,50.5,52.17,50.5,51.11,23857600
2012-02-21,51.17,51.28,50.56,50.72,15869360
2012-02-22,50.06,50.56,50.06,50.56,8669440
2012-02-23,50.44,50.56,50.11,50.56,8258640
2012-02-24,51.0,51.0,49.83,50.72,6357520
2012-02-29,50.83,51.22,50.56,51.11,12342720
2012-03-01,51.11,51.11,50.11,50.28,6990880
2012-03-02,50.28,50.78,50.28,50.56,7423520
2012-03-05,50.56,50.83,50.11,50.61,5652400
2012-03-06,50.61,51.22,50.39,51.11,7635680
2012-03-07,50.78,50.83,50.11,50.28,10911680
2012-03-08,50.28,50.39,50.0,50.0,7216560
2012-03-09,50.28,50.28,50.0,50.17,6137040
2012-03-12,50.28,50.28,50.0,50.0,3042000
2012-03-13,50.33,50.72,50.22,50.5,5668000
2012-03-14,51.06,51.28,50.83,51.06,5157360
2012-03-15,51.11,51.11,50.39,50.83,2968160
2012-03-16,50.33,50.39,49.94,50.0,8245120
2012-03-19,50.06,50.17,48.94,49.72,11878880
2012-03-20,49.67,49.72,49.28,49.39,6097520
2012-03-21,49.11,49.17,47.94,48.39,11643840
2012-03-22,48.39,49.83,48.0,49.5,9598160
2012-03-23,49.5,49.5,48.56,48.72,5475600
2012-03-26,48.94,48.94,46.89,47.06,15006160
2012-03-27,47.39,47.39,47.06,47.28,6546800
2012-03-28,47.78,47.83,47.44,47.56,6720480
2012-03-29,47.33,47.89,46.89,47.83,7510880
2012-03-30,46.94,48.28,46.94,48.28,9188400
2012-04-02,48.28,48.28,47.33,47.33,5292560
2012-04-03,48.0,48.44,47.78,48.17,6762080
2012-04-05,47.44,47.61,47.11,47.11,10983440
2012-04-06,47.22,47.22,46.44,46.89,8162960
2012-04-09,46.33,47.61,46.17,47.22,8637200
2012-04-10,47.44,47.61,47.11,47.5,4663360
2012-04-11,47.22,47.56,47.11,47.22,4109040
2012-04-12,47.22,47.56,46.33,47.5,6769360
2012-04-13,47.67,48.0,47.56,48.0,5982080
2012-04-16,47.72,47.72,46.94,46.94,6511440
2012-04-17,46.89,46.94,46.33,46.33,7129200
2012-04-18,47.17,47.17,46.56,46.89,4825600
2012-04-19,46.78,47.22,46.61,47.22,3285360
2012-04-20,47.28,47.28,46.78,46.78,4120480
2012-04-23,46.67,46.94,46.5,46.67,5288400
2012-04-24,46.44,46.44,45.22,45.5,22605440
2012-04-25,45.72,46.33,45.22,46.33,7388160
2012-04-26,46.56,46.61,45.83,46.61,7931040
2012-04-27,46.72,46.89,45.83,46.89,8771360
2012-04-30,46.28,46.72,45.61,46.11,8167120
2012-05-02,46.33,46.61,45.78,46.11,10441600
2012-05-03,46.11,46.39,46.11,46.39,4853680
2012-05-04,46.28,46.5,45.56,46.28,14339520
2012-05-07,45.67,45.78,44.67,44.67,16368560
2012-05-08,44.67,45.0,44.22,44.44,17631120
2012-05-09,44.22,44.5,43.83,44.11,9712560
2012-05-10,43.89,44.44,43.89,44.17,10004800
2012-05-11,44.17,44.28,43.22,43.5,9870640
2012-05-14,43.33,43.67,43.22,43.33,4031040
2012-05-15,43.22,43.5,43.17,43.33,6805760
2012-05-16,43.33,44.0,42.78,42.78,9245600
2012-05-17,43.22,43.61,42.78,43.56,8065200
2012-05-18,42.94,43.33,42.78,43.11,8915920
2012-05-21,42.83,43.78,42.83,43.67,5810480
2012-05-22,44.11,44.17,43.67,44.0,3952000
2012-05-23,43.56,43.94,43.33,43.89,5140720
2012-05-24,43.83,44.0,43.33,43.83,5630560
2012-05-25,43.33,43.72,43.17,43.67,4204720
2012-05-28,43.22,44.22,43.22,44.0,5108480
2012-05-29,44.17,45.11,43.83,45.0,7319520
2012-05-30,44.72,44.72,43.33,43.5,15494960
2012-05-31,43.33,43.5,42.78,43.39,13540800
2012-06-01,43.0,43.33,42.78,42.83,6313840
2012-06-04,42.06,42.94,42.0,42.78,9318400
2012-06-05,42.94,42.94,42.11,42.44,8395920
2012-06-06,42.89,43.28,42.39,42.72,5653440
2012-06-07,42.72,43.06,42.06,42.5,7194720
2012-06-08,41.83,42.33,41.11,41.28,8330400
2012-06-11,41.44,41.94,41.28,41.94,7526480
2012-06-12,41.28,41.94,41.28,41.83,4953520
2012-06-13,41.83,41.83,41.56,41.67,7076160
2012-06-14,41.61,41.61,40.94,40.94,8947120
2012-06-15,40.89,43.78,40.89,43.78,18226000
2012-06-18,43.89,44.28,43.0,43.22,7659600
2012-06-19,43.06,44.11,42.89,44.11,8227440
2012-06-20,44.11,44.5,43.83,44.5,6232720
2012-06-21,44.17,44.33,43.94,44.33,3738800
2012-06-22,43.72,43.72,42.94,42.94,8158800
2012-06-25,42.78,42.78,41.94,42.0,7029360
2012-06-26,41.67,42.22,41.61,42.22,5089760
2012-06-27,42.22,42.78,41.89,42.67,4279600
2012-06-28,43.06,43.44,42.78,43.06,6767280
2012-06-29,43.28,44.33,43.11,44.33,8540480
2012-07-02,44.56,44.56,44.0,44.56,5020080
2012-07-03,44.56,44.94,44.44,44.72,9786400
2012-07-04,44.94,45.22,44.83,45.06,6602960
2012-07-05,44.72,44.89,44.39,44.67,9493120
2012-07-06,44.67,45.0,44.5,44.67,12822160
2012-07-09,44.84,45.31,44.73,45.13,10469680
2012-07-10,45.31,45.54,44.84,45.54,5967520
2012-07-11,45.31,45.43,44.61,45.02,4761120
2012-07-12,45.02,45.02,43.97,43.97,7922720
2012-07-13,44.02,44.37,43.61,43.85,5661760
2012-07-16,44.37,45.19,44.2,45.13,4552080
2012-07-17,45.37,46.77,45.19,46.77,11200800
2012-07-18,46.25,46.6,45.66,45.89,9537840
2012-07-19,45.95,46.89,45.72,46.54,6783920
2012-07-20,46.77,47.01,46.42,47.01,6218160
2012-07-23,46.77,46.77,45.54,46.07,4729920
2012-07-24,45.72,46.36,45.37,46.07,5234320
2012-07-25,45.37,46.65,45.19,46.19,7766720
2012-07-26,46.77,46.77,45.6,45.6,5317520
2012-07-27,46.65,47.36,46.25,47.3,7994480
2012-07-30,47.36,47.65,47.3,47.59,5946720
2012-07-31,47.18,48.53,47.06,48.53,9892480
2012-08-01,48.06,48.7,47.59,48.53,8923200
2012-08-02,48.53,48.53,48.53,48.53,0
2012-08-03,47.71,48.29,47.65,48.17,6891040
2012-08-06,48.76,49.81,48.76,49.69,17832880
2012-08-07,49.81,49.81,48.99,49.64,10187840
2012-08-08,49.81,49.93,49.23,49.64,5310240
2012-08-09,49.69,50.1,49.29,49.4,10381280
2012-08-10,49.4,49.52,48.99,49.11,5395520
2012-08-13,49.52,49.52,48.76,49.05,4153760
2012-08-14,49.11,49.69,49.11,49.29,6219200
2012-08-15,49.64,49.64,49.17,49.46,7515040
2012-08-16,49.17,49.4,48.82,48.82,4666480
2012-08-17,49.05,49.05,48.35,48.35,3760640
2012-08-20,48.35,48.53,48.12,48.23,1888640
2012-08-21,48.53,49.4,48.53,49.17,7295600
2012-08-22,48.88,48.93,48.64,48.93,1979120
2012-08-23,48.58,48.99,48.41,48.64,2847520
2012-08-24,48.64,48.64,47.94,48.06,3272880
2012-08-27,48.23,48.47,47.71,47.71,4291040
2012-08-28,47.65,47.71,47.18,47.3,4322240
2012-08-29,47.94,47.94,47.12,47.36,4208880
2012-08-30,47.18,47.47,46.89,47.06,8512400
2012-08-31,47.06,47.36,46.89,47.18,2582320
2012-09-03,47.06,47.36,46.83,47.12,4747600
2012-09-04,47.3,47.41,47.06,47.3,5341440
2012-09-05,47.24,47.3,46.83,46.89,8466640
2012-09-06,46.77,47.01,46.6,46.95,6534320
2012-09-07,47.3,47.82,47.3,47.65,4167280
2012-09-10,48.06,48.35,47.71,48.35,4262960
2012-09-11,48.35,48.35,47.71,47.94,3072160
2012-09-12,47.65,48.23,47.65,48.17,5184400
2012-09-13,48.29,48.41,48.12,48.29,3315520
2012-09-14,48.82,49.69,48.82,49.69,13999440
2012-09-17,49.69,49.75,49.23,49.75,7578480
2012-09-18,49.69,49.69,49.23,49.58,4470960
2012-09-19,49.58,49.93,49.4,49.93,8270080
2012-09-20,49.69,49.69,48.64,48.93,6037200
2012-09-21,49.29,49.29,48.7,48.93,5139680
2012-09-24,48.7,49.11,48.23,49.11,2474160
2012-09-25,49.11,49.34,48.76,49.11,4362800
2012-09-26,49.05,49.11,48.64,49.11,3157440
2012-09-27,49.11,49.11,48.58,48.99,4048720
2012-09-28,48.99,48.99,48.64,48.99,5882240
2012-10-01,49.11,49.29,48.76,48.82,2203760
2012-10-02,49.11,49.17,48.99,49.05,4389840
2012-10-03,48.82,49.11,48.06,48.35,3919760
2012-10-04,46.19,47.59,46.19,47.3,9739600
2012-10-05,47.3,47.47,47.06,47.47,9172800
2012-10-08,47.36,47.53,47.06,47.36,3900000
2012-10-09,47.36,47.77,47.18,47.36,5809440
2012-10-11,46.77,46.95,46.48,46.54,12103520
2012-10-12,46.54,46.95,46.54,46.77,6465680
2012-10-15,46.77,46.89,46.54,46.83,4235920
2012-10-16,46.77,46.77,46.65,46.77,7070960
2012-10-17,46.77,46.89,46.54,46.77,11248640
2012-10-18,46.83,47.12,46.83,46.83,5782400
2012-10-19,47.18,47.18,46.3,46.36,8825440
2012-10-22,46.19,46.19,45.37,45.37,12285520
2012-10-23,45.49,45.95,45.43,45.84,4222400
2012-10-24,45.43,46.01,45.02,45.66,3914560
2012-10-25,45.89,45.89,45.43,45.89,4213040
2012-10-26,45.95,45.95,45.6,45.72,5916560
2012-10-29,46.07,46.07,45.31,45.78,4149600
2012-10-30,46.01,46.42,45.66,46.13,6157840
2012-10-31,46.19,46.54,45.89,46.54,4443920
2012-11-01,46.19,46.19,44.84,45.13,8857680
2012-11-02,45.6,45.66,44.49,44.96,9880000
2012-11-05,44.9,44.96,44.32,44.43,6301360
2012-11-06,45.02,45.02,44.61,45.02,4392960
2012-11-07,45.25,45.25,44.78,45.19,5002400
2012-11-08,45.19,45.19,44.43,44.96,7526480
2012-11-09,44.43,44.43,43.97,44.37,8402160
2012-11-12,44.14,44.37,43.91,43.97,6259760
2012-11-13,43.85,43.91,42.15,42.27,11991200
2012-11-14,42.09,42.09,40.63,40.93,18295680
2012-11-15,40.93,40.93,39.4,39.58,22109360
2012-11-16,39.46,40.69,39.46,40.11,30132960
2012-11-19,40.34,41.69,40.28,41.51,16105440
2012-11-20,42.09,42.62,41.69,42.62,17204720
2012-11-21,42.62,42.62,41.51,41.86,10282480
2012-11-22,41.92,42.09,41.1,41.22,9034480
2012-11-23,41.45,42.45,41.45,42.33,12228320
2012-11-26,42.56,42.97,42.39,42.68,8065200
2012-11-27,42.68,43.03,42.39,42.97,7015840
2012-11-28,43.26,43.26,42.33,42.85,6763120
2012-11-29,43.21,44.43,42.97,44.43,13717600
2012-11-30,44.43,45.37,44.2,44.73,12918880
2012-12-03,44.43,44.73,44.43,44.61,5442320
2012-12-04,44.32,44.32,43.26,43.61,8304400
2012-12-05,43.73,44.08,43.67,43.97,7603440
2012-12-06,43.85,44.14,43.44,44.14,5263440
2012-12-07,44.32,44.73,44.32,44.49,4175600
2012-12-10,44.78,45.08,44.73,45.02,6791200
2012-12-11,45.02,45.02,44.67,45.02,5943600
2012-12-12,45.25,45.6,45.25,45.6,9317360
2012-12-13,45.72,46.07,45.72,46.07,6987760
2012-12-14,46.07,46.07,45.6,45.89,5323760
2012-12-17,45.89,46.07,45.31,45.49,4903600
2012-12-18,45.37,45.66,45.19,45.31,4181840
2012-12-19,45.66,45.78,45.31,45.78,4156880
2012-12-20,45.49,45.49,44.78,45.19,5255120
2012-12-21,45.13,45.13,44.08,44.73,6267040
2012-12-24,44.14,44.55,43.91,44.26,3038880
2012-12-25,44.26,45.54,44.02,45.31,4229680
2012-12-26,45.49,45.6,45.13,45.37,3687840
2012-12-27,45.49,45.54,44.96,45.54,4811040
2012-12-28,45.72,46.07,45.72,45.95,6259760
2013-01-02,45.95,46.42,45.72,46.19,5424640
2013-01-03,46.54,46.65,46.25,46.65,6034080
2013-01-04,46.48,46.95,45.95,46.95,8504080
2013-01-07,46.77,46.77,46.3,46.77,5158400
2013-01-08,46.48,46.83,46.3,46.83,3797040
2013-01-09,46.95,46.95,46.54,46.77,2852720
2013-01-10,47.06,48.0,46.71,47.88,13568880
2013-01-11,47.94,47.94,47.3,47.36,4142320
2013-01-14,47.06,47.06,46.19,46.65,4666480
2013-01-15,47.01,47.06,46.48,46.89,4659200
2013-01-16,46.89,46.89,46.36,46.36,4872400
2013-01-17,46.77,46.77,45.95,46.07,3878160
2013-01-18,46.77,46.89,46.07,46.89,3655600
2013-01-21,46.89,46.89,46.13,46.71,2934880
2013-01-22,46.83,46.83,46.36,46.77,2355600
2013-01-23,46.77,46.77,46.3,46.65,2421120
2013-01-24,46.71,46.77,45.95,46.07,3724240
2013-01-25,45.95,46.07,44.9,46.07,8651760
2013-01-28,46.13,46.3,45.66,45.89,3266640
2013-01-29,46.19,46.25,45.84,46.19,3854240
2013-01-30,46.36,46.77,46.07,46.77,4976400
2013-01-31,46.3,46.89,46.3,46.89,6593600
2013-02-01,46.83,46.83,46.54,46.83,4041440
2013-02-04,46.83,47.36,46.6,47.36,7568080
2013-02-05,47.3,47.36,46.77,47.3,5343520
2013-02-06,47.3,47.36,46.71,46.77,5281120
2013-02-18,47.24,47.24,46.19,46.19,7622160
2013-02-19,46.19,46.48,45.66,46.13,5649280
2013-02-20,46.19,46.19,45.72,45.95,7021040
2013-02-21,46.13,46.13,45.54,45.72,7033520
2013-02-22,45.72,46.01,45.37,45.37,6926400
2013-02-25,45.49,45.54,45.19,45.19,5868720
2013-02-26,45.02,45.19,44.73,44.73,6381440
2013-02-27,44.73,44.9,43.85,43.85,11386960
2013-03-01,44.02,44.9,44.02,44.9,7270640
2013-03-04,44.73,44.73,43.61,43.61,11204960
2013-03-05,43.61,44.02,43.38,43.44,7333040
2013-03-06,43.5,43.97,43.5,43.67,5643040
2013-03-07,44.08,44.14,43.67,44.14,2557360
2013-03-08,44.14,44.37,43.91,44.2,3888560
2013-03-11,44.32,44.49,44.02,44.2,5037760
2013-03-12,44.43,44.67,44.14,44.14,3886480
2013-03-13,44.14,44.32,42.85,42.97,11816480
2013-03-14,42.97,42.97,42.21,42.21,10602800
2013-03-15,42.39,43.91,41.74,43.56,28488720
2013-03-18,42.68,43.03,42.27,42.5,5806320
2013-03-19,42.68,42.74,42.39,42.39,6336720
2013-03-20,42.39,42.39,41.8,41.8,7713680
2013-03-21,42.09,42.15,41.69,41.69,5388240
2013-03-22,41.69,41.98,41.57,41.8,5564000
2013-03-25,41.8,42.15,41.8,42.04,2958800
2013-03-26,41.86,41.86,41.33,41.33,7420400
2013-03-27,41.33,41.39,40.93,41.39,6752720
2013-03-28,41.39,41.51,41.16,41.28,7445360
2013-03-29,41.39,42.04,41.28,42.04,4054960
2013-04-01,42.15,42.15,41.57,41.63,3068000
2013-04-02,41.57,42.09,41.39,41.8,5977920
2013-04-03,42.04,42.04,41.39,41.57,2856880
2013-04-08,41.22,41.39,40.69,40.93,10473840
2013-04-09,40.93,41.04,40.81,40.87,5586880
2013-04-10,40.87,40.87,40.05,40.05,10880480
2013-04-11,40.11,40.93,40.11,40.93,6100640
2013-04-12,40.63,41.16,40.57,40.93,5241600
2013-04-15,40.75,41.16,40.69,40.93,3448640
2013-04-16,40.57,40.75,40.34,40.34,6826560
2013-04-17,40.34,40.34,39.76,39.76,12440480
2013-04-18,39.76,40.05,39.58,39.64,6273280
2013-04-19,39.64,40.05,39.52,39.99,5938400
2013-04-22,40.05,40.52,39.99,40.34,5240560
2013-04-23,40.4,40.57,40.34,40.34,3819920
2013-04-24,40.57,42.27,40.57,42.27,13263120
2013-04-25,42.27,42.39,41.57,42.21,11256960
2013-04-26,41.8,42.5,41.8,42.21,10252320
2013-04-29,42.21,42.21,41.51,41.51,4987840
2013-04-30,41.74,42.45,41.74,41.86,8826480
2013-05-02,42.04,42.09,41.69,41.98,7641920
2013-05-03,42.21,42.21,41.33,41.39,6000800
2013-05-06,41.86,42.15,41.8,41.86,6712160
2013-05-07,41.86,42.21,41.63,41.98,8261760
2013-05-08,41.98,43.03,41.98,42.85,11165440
2013-05-09,43.03,43.44,42.74,42.97,9273680
2013-05-10,42.97,43.38,42.91,43.26,6042400
2013-05-13,43.26,43.32,42.68,42.68,2921360
2013-05-14,42.68,43.26,42.68,42.74,5488080
2013-05-15,43.09,43.26,42.8,43.21,4744480
2013-05-16,43.21,43.73,43.03,43.61,9632480
2013-05-17,43.38,43.61,43.03,43.03,3891680
2013-05-20,43.09,43.32,42.85,42.85,4867200
2013-05-21,43.03,43.21,42.85,43.21,3988400
2013-05-22,43.03,43.26,42.85,42.85,5009680
2013-05-23,42.8,42.8,41.63,41.63,9798880
2013-05-24,41.63,41.98,40.87,40.93,11388000
2013-05-27,40.93,41.33,40.93,41.16,4457440
2013-05-28,41.22,41.57,41.04,41.51,3864640
2013-05-29,41.39,41.8,41.28,41.57,4648800
2013-05-30,41.57,41.57,40.93,40.93,9869600
2013-05-31,41.69,41.74,40.63,40.63,10448880
2013-06-03,40.63,41.1,40.34,40.63,5958160
2013-06-04,40.69,40.93,40.63,40.87,7531680
2013-06-05,40.81,40.81,40.46,40.69,5744960
2013-06-06,40.57,40.75,40.4,40.57,6552000
2013-06-07,40.81,41.1,40.46,40.87,6337760
2013-06-10,40.93,41.33,40.93,40.93,5169840
2013-06-11,40.98,40.98,40.63,40.63,9299680
2013-06-13,40.4,40.4,39.93,39.99,13289120
2013-06-14,39.99,40.22,39.87,40.05,8633040
2013-06-17,40.05,40.87,40.05,40.75,5454800
2013-06-18,40.57,40.57,40.22,40.34,6404320
2013-06-19,40.28,40.93,40.28,40.69,6448000
2013-06-20,40.05,40.34,40.05,40.11,8109920
2013-06-21,39.76,40.17,39.35,39.64,25179440
2013-06-24,39.64,40.4,39.35,39.99,9034480
2013-06-25,39.76,40.69,39.76,39.87,7011680
2013-06-26,40.57,40.63,39.81,40.22,7940400
2013-06-27,40.22,41.04,40.22,41.04,5618080
2013-06-28,41.22,42.39,40.69,42.39,9378720
2013-07-01,41.98,42.04,41.33,41.51,5488080
2013-07-02,41.51,41.8,40.75,40.75,5620160
2013-07-03,41.39,41.39,40.34,40.34,4680000
2013-07-04,40.93,41.16,40.57,40.75,3133520
2013-07-05,41.22,41.69,40.98,41.45,5028400
2013-07-08,41.8,41.86,40.98,41.22,7842640
2013-07-09,41.16,42.74,41.16,42.27,15929680
2013-07-10,42.56,42.62,42.04,42.5,9636640
2013-07-11,42.68,43.5,42.68,43.5,15902640
2013-07-12,43.5,43.85,43.26,43.85,9865440
2013-07-15,43.85,44.61,43.73,44.61,13455520
2013-07-16,44.67,45.19,44.55,44.67,17677920
2013-07-17,45.19,46.98,45.19,46.36,22947000
2013-07-18,46.36,46.61,45.99,46.3,9758000
2013-07-19,46.24,46.36,45.93,45.93,6836000
2013-07-22,46.36,47.22,46.11,47.22,10958000
2013-07-23,47.53,48.21,47.22,48.21,14908000
2013-07-24,48.21,48.21,47.41,47.9,6224000
2013-07-25,47.47,47.6,47.04,47.41,5839000
2013-07-26,47.6,47.9,46.67,46.67,5623000
2013-07-29,46.98,47.6,46.67,46.85,5825000
2013-07-30,47.1,47.6,46.73,47.22,5813000
2013-07-31,47.6,47.66,46.61,46.61,8036000
2013-08-01,46.61,46.98,46.42,46.42,4930000
2013-08-02,47.41,48.21,46.98,48.09,12573000
2013-08-05,48.21,48.34,47.66,48.21,7383000
2013-08-06,48.03,48.03,46.67,46.85,7337000
2013-08-07,46.67,46.67,46.11,46.24,6603000
2013-08-08,46.36,46.73,46.05,46.17,6568000
2013-08-09,46.36,46.36,45.25,45.37,8102000
2013-08-12,45.37,46.11,45.37,45.99,3381000
2013-08-13,46.05,46.17,45.74,45.99,3731000
2013-08-14,45.74,45.74,45.0,45.62,8385000
2013-08-15,45.19,45.43,44.63,45.12,8088000
2013-08-16,45.0,46.05,44.81,45.49,5920000
2013-08-19,46.05,46.05,44.81,44.81,7036000
2013-08-20,44.81,45.31,44.69,44.81,6633000
2013-08-22,44.57,44.57,43.58,43.89,13371000
2013-08-23,44.38,45.31,44.13,44.81,7921000
2013-08-26,45.0,45.37,44.51,45.0,5028000
2013-08-27,44.57,44.88,44.51,44.63,4448000
2013-08-28,44.13,44.63,44.07,44.51,3452000
2013-08-29,45.0,45.74,45.0,45.74,6666000
2013-08-30,45.74,46.11,45.37,46.11,5449000
2013-09-02,45.8,46.36,45.74,46.36,3638000
2013-09-03,46.61,46.73,45.86,46.67,4337000
2013-09-04,46.3,47.1,46.17,46.98,5313000
2013-09-05,47.1,47.6,46.98,47.53,7465000
2013-09-06,47.47,47.53,46.98,46.98,4068000
2013-09-09,46.98,47.66,46.85,47.6,6970000
2013-09-10,47.6,47.6,47.04,47.6,5698000
2013-09-11,47.29,47.47,46.92,47.29,8047000
2013-09-12,46.98,47.66,46.98,47.6,4788000
2013-09-13,47.16,47.53,46.92,47.1,3280000
2013-09-16,47.29,48.09,47.29,48.03,15661000
2013-09-17,47.6,47.9,47.47,47.9,8811000
2013-09-18,47.84,47.9,47.35,47.35,7569000
2013-09-23,47.1,47.84,47.1,47.6,6002000
2013-09-24,47.6,47.72,47.35,47.72,6111000
2013-09-25,47.35,47.9,47.29,47.9,4227000
2013-09-26,47.9,48.09,47.29,47.47,3565000
2013-09-27,47.6,47.9,47.47,47.9,5368000
2013-09-30,47.16,47.6,46.85,47.16,6666000
2013-10-01,47.1,47.6,46.79,47.6,5007000
2013-10-02,47.6,48.15,47.47,47.97,8364000
2013-10-03,47.9,49.57,47.84,49.2,18163000
2013-10-04,48.89,49.02,48.58,48.83,6217000
2013-10-07,48.46,48.46,47.84,47.97,5114000
2013-10-08,47.97,48.52,47.9,48.21,5323000
2013-10-09,48.21,48.34,47.97,48.21,6552000
2013-10-11,48.21,48.34,47.72,47.9,7509000
2013-10-14,47.6,47.72,47.35,47.35,2800000
2013-10-15,47.47,48.15,47.47,48.03,5164000
2013-10-16,47.66,48.21,47.6,48.09,5263000
2013-10-17,48.34,49.08,48.28,48.96,9405000
2013-10-18,49.08,49.14,48.46,48.96,5097000
2013-10-21,48.96,49.14,48.52,49.14,2504000
2013-10-22,48.83,49.33,48.46,49.33,4993000
2013-10-23,49.14,49.33,48.96,49.2,3386000
2013-10-24,48.89,49.33,48.71,49.2,2171000
2013-10-25,48.89,49.08,48.28,48.83,5427000
2013-10-28,48.46,48.77,48.34,48.77,4241000
2013-10-29,48.71,49.08,48.4,49.08,4638000
2013-10-30,49.08,49.2,48.83,49.14,3253000
2013-10-31,48.71,49.33,48.65,49.33,3903000
2013-11-01,49.33,49.33,48.83,48.83,1674000
2013-11-04,48.46,48.46,47.78,47.78,4165000
2013-11-05,47.78,47.78,46.98,46.98,5107000
2013-11-06,46.98,47.41,46.85,46.98,3005000
2013-11-07,47.1,47.35,46.92,47.22,3431000
2013-11-08,46.73,47.16,46.67,46.92,3012000
2013-11-11,46.92,47.16,46.3,46.79,3722000
2013-11-12,47.16,47.53,46.73,47.41,2688000
2013-11-13,47.6,47.6,46.36,46.36,6166000
2013-11-14,46.36,46.48,45.8,45.86,6874000
2013-11-15,46.3,47.22,45.93,46.85,5523000
2013-11-18,46.79,46.92,46.42,46.92,2739000
2013-11-19,47.1,47.22,46.54,47.04,2840000
2013-11-20,46.85,47.1,46.36,46.42,3713000
2013-11-21,46.36,46.36,45.74,45.8,5334000
2013-11-22,45.8,46.61,45.74,46.42,3405000
2013-11-25,46.92,47.29,46.79,46.85,4688000
2013-11-26,46.85,47.04,46.48,46.61,6274000
2013-11-27,46.85,47.29,46.67,46.98,2600000
2013-11-28,47.16,47.84,47.16,47.84,5803000
2013-11-29,47.78,48.28,47.6,48.09,5131000
2013-12-02,48.09,48.28,47.9,48.21,2750000
2013-12-03,48.21,48.21,47.78,47.84,2486000
2013-12-04,47.6,48.34,47.6,48.21,3557000
2013-12-05,48.21,48.34,47.84,48.28,3740000
2013-12-06,48.21,48.34,47.66,47.66,4535000
2013-12-09,48.46,48.89,48.21,48.77,7256000
2013-12-10,48.83,48.96,48.46,48.83,3736000
2013-12-11,48.89,49.39,48.89,49.26,6205000
2013-12-12,48.89,49.2,48.58,48.77,3847000
2013-12-13,48.65,49.14,48.58,48.89,3812000
2013-12-16,48.77,49.02,48.34,48.34,3554000
2013-12-17,48.34,48.77,48.34,48.34,3214000
2013-12-18,48.21,48.65,48.03,48.28,4314000
2013-12-19,48.4,48.77,48.15,48.28,2878000
2013-12-20,48.21,48.34,47.97,47.97,7070000
2013-12-23,48.28,48.96,48.09,48.71,5909000
2013-12-24,48.71,49.14,48.46,48.83,3630000
2013-12-25,48.83,49.26,48.83,49.14,2901000
2013-12-26,49.14,49.2,48.46,48.89,2182000
2013-12-27,48.77,49.14,48.71,48.96,3315000
2013-12-30,49.08,49.57,48.77,49.45,8694000
2013-12-31,49.33,49.88,49.26,49.76,6926000
2014-01-02,49.64,49.76,49.2,49.33,3574000
2014-01-03,49.08,49.45,48.83,49.14,4982000
2014-01-06,48.96,49.08,48.4,48.83,4220000
2014-01-07,48.83,49.08,48.46,48.46,3673000
2014-01-08,48.52,48.83,48.21,48.21,3493000
2014-01-09,48.58,49.08,48.21,48.71,4873000
2014-01-10,48.83,48.83,48.28,48.71,3288000
2014-01-13,48.96,49.26,48.77,48.83,3804000
2014-01-14,48.52,48.71,48.4,48.58,3324000
2014-01-15,48.4,49.08,48.4,48.83,4477000
2014-01-16,49.2,49.26,48.77,48.96,4900000
2014-01-17,48.96,48.96,48.58,48.65,1649000
2014-01-20,48.77,49.14,48.46,48.83,2486000
2014-01-21,48.96,49.2,48.65,49.14,3123000
2014-01-22,49.14,49.45,48.83,49.45,5229000
2014-01-23,49.45,49.57,49.08,49.39,3593000
2014-01-24,49.14,49.57,49.14,49.51,3749000
2014-01-27,49.2,49.33,48.21,48.21,8537000
2014-02-05,47.47,47.47,45.74,46.54,16846000
2014-02-06,46.54,46.73,46.36,46.48,10533000
2014-02-07,46.92,47.1,46.48,46.61,9160000
2014-02-10,46.98,47.16,46.61,46.73,3247000
2014-02-11,46.54,47.16,46.24,47.16,3577000
2014-02-12,47.16,47.53,47.16,47.53,3816000
2014-02-13,47.41,47.6,47.04,47.29,2252000
2014-02-14,47.6,48.09,47.35,47.6,4436000
2014-02-17,47.6,48.03,47.41,47.41,2051000
2014-02-18,47.41,47.6,46.73,47.41,4768000
2014-02-19,47.29,47.78,47.22,47.78,2727000
2014-02-20,47.47,47.6,47.1,47.22,3166000
2014-02-21,47.6,48.09,47.41,47.6,4009000
2014-02-24,47.72,47.84,47.16,47.47,2359000
2014-02-25,47.47,47.78,47.47,47.72,4499000
2014-02-26,47.66,48.21,47.47,47.9,5530000
2014-02-27,48.03,48.03,47.41,47.6,4321000
2014-03-03,47.6,47.6,46.42,46.98,7456000
2014-03-04,46.67,46.85,46.54,46.54,2913000
2014-03-05,47.1,47.29,46.67,46.67,2609000
2014-03-06,46.98,46.98,46.48,46.67,4501000
2014-03-07,46.67,47.22,46.67,47.16,4193000
2014-03-10,46.92,46.98,46.54,46.61,3713000
2014-03-11,46.67,46.98,46.67,46.98,3079000
2014-03-12,46.67,46.73,46.24,46.36,4298000
2014-03-13,46.36,46.36,46.05,46.36,5525000
2014-03-14,46.05,46.05,45.43,45.43,9646000
2014-03-17,45.43,45.49,44.94,45.12,5305000
2014-03-18,45.31,45.74,45.25,45.74,6013000
2014-03-19,45.86,45.86,45.31,45.31,2823000
2014-03-20,45.12,45.62,44.51,45.62,9539000
2014-03-21,45.56,45.56,45.0,45.12,8219000
2014-03-24,45.0,45.56,45.0,45.37,5645000
2014-03-25,45.12,46.11,45.0,46.11,5217000
2014-03-26,46.11,46.11,45.31,45.74,3961000
2014-03-27,45.74,46.92,45.43,46.92,8339000
2014-03-28,46.85,46.98,46.42,46.98,4661000
2014-03-31,46.98,47.1,46.48,47.1,3887000
2014-04-01,46.54,47.22,46.54,47.16,5012000
2014-04-02,47.22,47.47,46.98,47.47,4228000
2014-04-03,47.47,47.66,47.29,47.66,6301000
2014-04-07,47.16,47.66,47.04,47.66,4859000
2014-04-08,47.53,47.9,47.29,47.9,5926000
2014-04-09,47.9,48.03,47.16,47.9,3947000
2014-04-10,47.97,48.03,47.22,47.9,4918000
2014-04-11,47.9,47.9,47.47,47.9,2848000
2014-04-14,47.72,47.9,47.53,47.9,3153000
2014-04-15,47.84,48.09,47.66,48.09,6038000
2014-04-16,47.97,48.21,47.72,47.84,5417000
2014-04-17,47.97,48.03,47.6,47.97,2614000
2014-04-18,47.97,48.09,47.78,48.09,1305000
2014-04-21,48.03,48.03,47.78,47.97,920000
2014-04-22,47.72,47.97,47.66,47.66,1577000
2014-04-23,47.66,47.66,46.85,46.85,3923000
2014-04-24,46.73,47.47,46.73,47.47,2609000
2014-04-25,47.47,47.66,46.73,46.79,5696000
2014-04-28,46.3,47.47,46.17,47.04,3721000
2014-04-29,47.1,48.09,46.98,47.53,3868000
2014-04-30,47.72,48.83,47.66,48.09,12234000
2014-05-02,48.15,48.58,47.78,48.09,5498000
2014-05-05,48.09,48.21,47.66,48.21,2629000
2014-05-06,48.34,48.34,47.72,48.03,3571000
2014-05-07,48.03,48.34,47.41,48.34,5145000
2014-05-08,47.72,48.15,47.6,47.84,2745000
2014-05-09,47.78,48.15,47.53,48.09,3091000
2014-05-12,47.72,47.84,47.35,47.6,2078000
2014-05-13,47.66,47.97,47.53,47.53,3182000
2014-05-14,47.6,48.09,47.47,47.78,4237000
2014-05-15,47.53,47.53,47.04,47.35,2626000
2014-05-16,46.92,47.47,46.79,47.22,2986000
2014-05-19,47.22,47.72,47.22,47.72,2175000
2014-05-20,47.78,47.78,47.16,47.16,2257000
2014-05-21,47.16,47.78,47.16,47.53,2043000
2014-05-22,47.35,47.97,47.35,47.97,2571000
2014-05-23,47.6,48.03,47.47,47.9,2988000
2014-05-26,47.6,48.15,47.6,48.15,2248000
2014-05-27,48.03,48.15,47.9,48.09,1014000
2014-05-28,48.21,48.34,47.97,48.03,5634000
2014-05-29,47.72,48.28,47.72,48.28,2534000
2014-05-30,48.28,48.34,47.41,47.41,6384000
2014-06-03,47.41,48.21,47.29,48.21,4353000
2014-06-04,47.78,48.21,47.78,47.9,1865000
2014-06-05,47.84,47.9,47.47,47.9,2960000
2014-06-06,47.84,47.84,47.35,47.66,2598000
2014-06-09,47.66,47.66,47.35,47.66,1632000
2014-06-10,47.6,47.66,47.41,47.6,3273000
2014-06-11,47.6,47.6,47.1,47.41,4344000
2014-06-12,47.47,47.6,47.29,47.29,3938000
2014-06-13,47.1,47.41,47.04,47.41,4042000
2014-06-16,47.53,47.6,47.04,47.22,2778000
2014-06-17,47.35,47.72,47.22,47.47,4314000
2014-06-18,47.6,48.46,47.6,48.21,10021000
2014-06-19,48.58,49.08,48.28,49.02,9186000
2014-06-20,49.02,49.08,48.52,48.52,5610000
2014-06-23,48.52,49.14,48.52,49.02,4744000
2014-06-24,48.96,49.45,48.96,49.39,7042000
2014-06-25,49.39,49.39,48.89,48.89,2211000
2014-06-26,48.83,49.33,48.71,49.33,2337000
2014-06-27,49.33,49.45,49.02,49.33,4407000
2014-06-30,49.33,49.39,49.14,49.33,4872000
2014-07-01,49.33,49.51,49.2,49.45,6519000
2014-07-02,49.45,49.82,49.33,49.57,10413000
2014-07-03,49.57,49.76,49.13,49.13,10336000
2014-07-04,49.38,49.45,49.07,49.07,4766000
2014-07-07,48.94,48.94,48.5,48.75,4026000
2014-07-08,48.75,49.0,48.62,49.0,3099000
2014-07-09,48.88,48.94,48.62,48.69,2263000
2014-07-10,49.13,49.13,48.69,49.07,4046000
2014-07-11,48.88,49.19,48.62,48.94,4717000
2014-07-14,48.94,48.94,48.62,48.88,4073000
2014-07-15,48.94,49.26,48.69,49.26,7131000
2014-07-16,49.13,49.13,48.31,48.56,8095000
2014-07-17,48.5,49.13,48.31,48.5,4932000
2014-07-18,48.31,48.81,48.31,48.5,5683000
2014-07-21,48.81,48.81,48.24,48.81,3734000
2014-07-22,48.81,48.88,48.31,48.88,4885000
2014-07-23,48.88,48.88,48.88,48.88,0
2014-07-24,48.31,48.75,48.31,48.75,4151000
2014-07-25,48.75,48.81,48.43,48.75,3780000
2014-07-28,48.5,49.51,48.43,49.19,7176000
2014-07-29,49.0,49.38,48.88,49.19,5867000
2014-07-30,49.38,49.95,49.26,49.83,6102000
2014-07-31,49.64,49.7,48.81,48.94,4525000
2014-08-01,48.75,49.32,48.5,48.56,3424000
2014-08-04,48.75,48.88,47.29,47.61,8581000
2014-08-05,47.8,47.8,46.6,47.04,9620000
2014-08-06,47.04,48.24,47.04,48.24,4973000
2014-08-07,47.99,47.99,47.48,47.67,2622000
2014-08-08,47.61,47.61,47.17,47.48,1681000
2014-08-11,47.86,47.99,47.55,47.8,2034000
2014-08-12,47.8,47.93,47.17,47.93,2703000
2014-08-13,47.55,48.05,47.48,48.05,2401000
2014-08-14,48.24,48.24,47.55,47.8,1723000
2014-08-15,47.86,48.31,47.29,48.31,2536000
2014-08-18,48.31,48.31,47.74,47.74,1509000
2014-08-19,47.93,48.62,47.86,48.62,2534000
2014-08-20,48.62,48.94,48.18,48.94,3577000
2014-08-21,48.69,48.88,48.37,48.69,1801000
2014-08-22,48.69,49.57,48.62,49.45,5094000
2014-08-25,49.38,49.45,48.81,49.38,1817000
2014-08-26,49.38,49.38,49.07,49.38,2137000
2014-08-27,49.38,49.76,49.38,49.76,4774000
2014-08-28,49.19,49.7,49.19,49.7,2995000
2014-08-29,49.26,49.45,49.07,49.07,4040000
2014-09-01,49.0,49.57,49.0,49.07,2636000
2014-09-02,49.07,49.32,48.69,49.0,2234000
2014-09-03,49.19,49.19,48.69,49.07,2153000
2014-09-04,49.07,49.45,48.62,49.45,2252000
2014-09-05,49.38,49.45,49.13,49.38,1278000
2014-09-09,49.45,49.51,48.94,48.94,1282000
2014-09-10,48.75,48.75,47.86,47.99,3633000
2014-09-11,47.99,48.05,47.8,47.8,1520000
2014-09-12,48.12,48.12,47.74,47.74,1576000
2014-09-15,47.74,48.12,47.55,47.67,2394000
2014-09-16,47.67,47.67,47.48,47.48,2077000
2014-09-17,47.61,47.8,47.23,47.61,4663000
2014-09-18,47.61,47.67,47.42,47.55,2536000
2014-09-19,47.61,47.8,47.36,47.36,3314000
2014-09-22,47.29,47.29,46.41,46.53,7600000
2014-09-23,46.53,46.85,46.34,46.53,3968000
2014-09-24,46.41,46.79,46.34,46.41,2280000
2014-09-25,46.47,46.53,46.09,46.22,4491000
2014-09-26,46.15,46.53,46.03,46.53,3759000
2014-09-29,46.28,46.28,45.33,45.59,9536000
2014-09-30,45.33,45.9,44.95,45.65,7675000
2014-10-01,45.59,45.59,44.95,45.21,4398000
2014-10-02,45.08,45.08,44.7,44.89,5809000
2014-10-03,44.95,45.33,44.76,45.27,4491000
2014-10-06,45.27,45.27,44.7,44.89,5955000
2014-10-07,44.7,44.83,44.32,44.83,6688000
2014-10-08,44.57,45.02,44.51,45.02,5235000
2014-10-09,45.21,45.96,44.95,44.95,7303000
2014-10-13,44.32,44.45,44.0,44.0,8526000
2014-10-14,43.43,44.0,43.05,43.94,5979000
2014-10-15,43.5,43.5,42.74,43.05,8898000
2014-10-16,42.48,43.31,42.48,42.86,7046000
2014-10-17,43.05,43.05,41.41,41.41,27028000
2014-10-20,42.55,42.67,41.91,41.91,6585000
2014-10-21,41.91,42.04,41.79,41.98,5711000
2014-10-22,42.42,42.99,42.17,42.99,7224000
2014-10-23,42.99,43.12,42.8,43.05,3806000
2014-10-24,43.05,43.12,42.48,42.8,4971000
2014-10-27,42.8,43.24,42.61,43.05,3734000
2014-10-28,43.43,44.19,43.43,43.43,5808000
2014-10-29,43.94,44.19,43.69,44.19,5151000
2014-10-30,44.13,44.51,43.94,44.51,3874000
2014-10-31,44.51,44.57,44.19,44.45,3542000
2014-11-03,44.76,44.83,44.19,44.64,2654000
2014-11-04,44.64,45.08,44.19,44.57,2984000
2014-11-05,44.19,44.64,44.19,44.19,2225000
2014-11-06,44.19,44.89,44.19,44.32,2389000
2014-11-07,44.0,44.32,43.88,43.88,1398000
2014-11-10,43.88,45.08,43.88,44.32,5225000
2014-11-11,44.32,44.7,44.0,44.07,3492000
2014-11-12,44.0,44.0,42.93,43.37,6003000
2014-11-13,43.43,43.56,42.93,43.24,2532000
2014-11-14,43.24,43.24,42.8,43.05,3311000
2014-11-17,43.31,43.37,42.48,42.86,3013000
2014-11-18,43.05,43.81,42.93,43.75,3279000
2014-11-19,43.88,44.32,43.5,44.19,6726000
2014-11-20,44.19,44.45,44.13,44.45,3366000
2014-11-21,44.45,44.45,44.19,44.32,2538000
2014-11-24,44.95,45.08,44.38,45.08,5729000
2014-11-25,44.89,45.02,44.57,44.57,5590000
2014-11-26,44.57,45.02,44.26,44.57,2405000
2014-11-27,44.32,45.02,44.32,44.7,2382000
2014-11-28,44.38,44.95,44.38,44.95,3123000
2014-12-01,44.0,44.51,43.75,44.13,4689000
2014-12-02,44.32,44.32,43.37,44.13,5438000
2014-12-03,44.32,44.76,43.56,44.76,3416000
2014-12-04,44.32,45.14,44.32,44.95,3892000
2014-12-05,44.38,45.08,44.38,44.95,2190000
2014-12-08,44.64,44.7,44.19,44.7,1718000
2014-12-09,43.75,44.32,43.75,44.19,3094000
2014-12-10,43.81,43.94,43.05,43.56,5062000
2014-12-11,43.31,43.37,42.93,43.05,2555000
2014-12-12,43.05,43.24,42.55,42.61,4603000
2014-12-15,42.48,42.48,41.79,41.79,4899000
2014-12-16,41.53,42.61,41.53,42.04,7027000
2014-12-17,42.17,42.29,41.15,41.22,8958000
2014-12-18,41.72,41.91,41.41,41.79,4520000
2014-12-19,42.42,42.67,41.98,42.23,5717000
2014-12-22,43.05,43.18,42.74,43.05,4159000
2014-12-23,43.18,43.5,42.99,43.5,4300000
2014-12-24,43.56,45.4,43.31,45.4,16657000
2014-12-25,45.4,45.4,44.83,44.95,4074000
2014-12-26,44.95,45.33,44.95,45.14,4547000
2014-12-29,44.76,45.65,44.76,45.65,6473000
2014-12-30,45.65,45.9,45.46,45.65,5669000
2014-12-31,45.65,45.77,45.08,45.77,4567000
2015-01-05,45.33,45.59,44.32,45.27,4523000
2015-01-06,44.32,45.02,43.69,43.69,8832000
2015-01-07,43.37,44.0,43.37,43.37,5750000
2015-01-08,44.19,46.22,43.62,45.59,12047000
2015-01-09,45.9,46.15,45.46,45.46,4801000
2015-01-12,45.4,46.85,45.27,46.85,9687000
2015-01-13,46.79,47.48,46.41,47.17,11092000
2015-01-14,47.48,47.48,46.09,46.34,6996000
2015-01-15,46.41,46.85,46.03,46.85,3213000
2015-01-16,46.79,47.17,45.71,46.09,5138000
2015-01-19,46.6,47.55,46.6,47.23,7027000
2015-01-20,47.23,47.8,47.1,47.8,7470000
2015-01-21,47.8,48.12,47.36,48.12,7485000
2015-01-22,48.12,48.43,47.93,48.24,6247000
2015-01-23,48.43,48.56,48.05,48.37,5746000
2015-01-26,48.31,48.56,48.18,48.43,4663000
2015-01-27,48.5,48.5,48.05,48.43,4081000
2015-01-28,48.18,48.75,48.12,48.75,4974000
2015-01-29,48.37,48.88,48.24,48.88,5965000
2015-01-30,48.81,48.88,48.43,48.43,4916000
2015-02-02,48.69,49.07,48.5,48.94,3958000
2015-02-03,48.94,49.26,48.88,49.07,4937000
2015-02-04,49.26,49.76,49.26,49.7,10235000
2015-02-05,49.7,49.7,49.13,49.38,3928000
2015-02-06,49.76,50.02,49.38,49.57,5768000
2015-02-09,49.76,49.76,49.26,49.26,5207000
2015-02-10,49.13,49.38,48.69,49.0,3812000
2015-02-11,49.0,49.07,48.37,48.81,5409000
2015-02-12,48.62,48.75,47.61,48.75,7080000
2015-02-13,48.37,48.94,48.24,48.56,4624000
2015-02-24,49.51,49.7,48.88,49.45,9526000
2015-02-25,49.57,49.7,48.94,49.32,4914000
2015-02-26,49.32,49.38,48.81,49.07,4742000
2015-03-02,49.7,49.7,48.05,48.18,5932000
2015-03-03,48.43,48.69,47.86,48.12,4267000
2015-03-04,47.8,48.75,47.74,48.05,4817000
2015-03-05,48.37,48.43,47.48,47.48,5245000
2015-03-06,47.74,48.56,47.48,48.24,8404000
2015-03-09,48.12,48.43,47.48,47.48,6986000
2015-03-10,47.55,47.61,46.98,46.98,6012000
2015-03-11,46.66,46.85,46.47,46.53,7692000
2015-03-12,46.53,47.36,46.47,47.36,3684000
2015-03-13,47.17,47.42,46.6,46.6,5064000
2015-03-16,46.6,46.79,46.47,46.53,4986000
2015-03-17,46.66,47.23,46.47,46.85,4723000
2015-03-18,46.53,47.48,46.53,47.17,6551000
2015-03-19,47.48,47.86,47.17,47.86,4067000
2015-03-20,47.86,47.99,47.48,47.99,6416000
2015-03-23,47.99,47.99,47.17,47.67,3004000
2015-03-24,47.67,47.93,47.36,47.93,3224000
2015-03-25,47.36,47.61,46.85,46.85,5146000
2015-03-26,46.53,47.55,46.47,47.55,4658000
2015-03-27,47.17,47.86,47.17,47.42,4746000
2015-03-30,47.42,47.8,47.04,47.42,3092000
2015-03-31,47.86,48.05,47.36,48.05,4358000
2015-04-01,47.61,47.61,47.17,47.17,3803000
2015-04-02,47.48,48.12,47.29,47.36,3763000
2015-04-07,47.61,48.05,47.61,47.86,4286000
2015-04-08,48.12,48.12,47.48,47.86,4814000
2015-04-09,47.86,48.43,47.61,48.12,4908000
2015-04-10,48.24,48.43,48.05,48.43,4120000
2015-04-13,48.69,49.26,48.69,49.19,8459000
2015-04-14,49.07,49.32,48.94,49.32,4490000
2015-04-15,49.32,49.32,48.24,48.75,7872000
2015-04-16,48.81,49.38,48.75,49.38,7208000
2015-04-17,49.38,49.57,49.13,49.19,5348000
2015-04-20,48.75,49.19,48.75,48.81,2849000
2015-04-21,49.13,49.7,49.0,49.7,6884000
2015-04-22,49.7,49.76,49.07,49.76,8316000
2015-04-23,49.83,50.27,49.7,50.08,8299000
2015-04-24,50.33,51.47,49.89,50.97,15784000
2015-04-27,51.03,51.28,50.65,51.16,7981000
2015-04-28,51.03,51.22,50.84,51.16,6138000
2015-04-29,51.16,51.73,50.78,50.97,6641000
2015-04-30,51.28,51.35,49.95,49.95,7067000
2015-05-04,50.27,50.78,49.7,50.59,3776000
2015-05-05,50.59,50.84,50.14,50.84,3436000
2015-05-06,50.84,50.84,50.27,50.65,4163000
2015-05-07,50.14,50.59,49.26,49.26,4870000
2015-05-08,49.89,50.14,49.26,49.76,2542000
2015-05-11,50.08,50.08,49.57,49.57,2881000
2015-05-12,49.57,50.14,49.57,49.76,3733000
2015-05-13,49.51,50.02,49.51,49.7,1912000
2015-05-14,49.7,49.76,48.5,49.19,5759000
2015-05-15,49.19,49.38,48.62,49.26,3693000
2015-05-18,49.45,49.83,49.07,49.7,4586000
2015-05-19,49.89,50.46,49.7,50.08,6132000
2015-05-20,50.08,50.21,49.38,49.83,6892000
2015-05-21,49.07,49.07,47.48,47.55,14226000
2015-05-22,47.67,49.07,47.67,49.0,8385000
2015-05-25,48.24,48.62,47.99,48.24,4819000
2015-05-26,48.56,48.81,47.86,48.12,4784000
2015-05-27,48.12,48.18,47.8,47.8,5733000
2015-05-28,47.8,48.12,47.36,47.55,7753000
2015-05-29,47.55,47.99,47.36,47.67,7246000
2015-06-01,47.67,47.99,47.17,47.29,3153000
2015-06-02,47.42,48.12,47.29,47.93,4666000
2015-06-03,47.93,48.05,47.42,47.42,3267000
2015-06-04,47.42,47.48,44.95,46.34,9380000
2015-06-05,46.28,46.53,45.9,45.96,5487000
2015-06-08,45.71,47.17,45.59,46.72,3914000
2015-06-09,46.66,46.66,45.96,46.22,2841000
2015-06-10,46.66,47.29,46.34,46.66,2986000
2015-06-11,46.66,46.79,46.22,46.79,3699000
2015-06-12,46.72,46.72,45.84,46.09,5037000
2015-06-15,46.09,46.09,45.77,45.9,3227000
2015-06-16,45.9,45.9,45.4,45.59,3779000
2015-06-17,46.22,46.22,44.83,44.89,6138000
2015-06-18,44.89,45.84,44.76,45.59,7297000
2015-06-22,45.59,46.53,45.59,45.9,4102000
2015-06-23,46.09,46.22,45.59,45.65,2533000
2015-06-24,45.65,46.41,45.46,46.41,3291000
2015-06-25,46.22,46.98,46.22,46.66,5182000
2015-06-26,46.66,46.79,46.22,46.79,3057000
2015-06-29,45.77,46.09,45.33,45.4,3709000
2015-06-30,45.4,45.96,45.4,45.96,4248000
2015-07-01,45.9,46.47,45.46,46.09,3851000
2015-07-02,46.41,46.41,45.71,45.96,3511000
2015-07-03,45.96,45.96,45.4,45.9,3255000
2015-07-06,45.52,46.15,45.4,45.71,2454000
2015-07-07,45.71,46.03,45.46,45.59,3876000
2015-07-08,45.14,45.59,44.32,44.32,7060000
2015-07-09,44.32,44.64,43.75,44.19,4989000
2015-07-10,44.19,44.19,44.19,44.19,0
2015-07-13,44.95,44.95,44.26,44.32,5919000
2015-07-14,44.76,44.89,44.45,44.64,8154000
2015-07-15,45.15,46.91,45.09,46.91,7918000
2015-07-16,46.65,46.71,45.93,46.65,4261000
2015-07-17,46.58,46.71,46.13,46.65,2454000
2015-07-20,46.91,47.04,45.48,45.93,3044000
2015-07-21,45.74,46.39,45.74,46.26,1259000
2015-07-22,46.06,46.26,45.8,46.26,3236000
2015-07-23,46.06,46.32,45.87,46.13,2731000
2015-07-24,46.39,46.39,45.67,46.06,2282000
2015-07-27,45.67,45.8,45.28,45.35,3125000
2015-07-28,45.28,45.8,45.09,45.15,5459000
2015-07-29,44.89,45.48,44.51,45.41,4564000
2015-07-30,44.89,45.41,44.7,45.15,2940000
2015-07-31,44.83,45.41,44.44,45.41,6616000
2015-08-03,45.02,45.28,44.64,45.28,3716000
2015-08-04,45.8,45.8,44.77,45.09,5362000
2015-08-05,45.41,46.32,45.35,46.06,5066000
2015-08-06,46.19,46.45,45.67,46.39,3700000
2015-08-07,46.19,46.52,45.87,46.26,3480000
2015-08-10,45.74,46.26,45.74,45.8,1533000
2015-08-11,45.8,46.39,44.57,44.7,5740000
2015-08-12,44.77,45.22,44.44,44.57,5931000
2015-08-13,44.89,45.09,44.44,44.44,4619000
2015-08-14,44.44,44.83,44.31,44.44,3979000
2015-08-17,44.7,45.09,44.44,44.44,3000000
2015-08-18,44.44,44.7,43.92,44.05,6539000
2015-08-19,44.05,44.31,43.99,44.12,6148000
2015-08-20,43.47,43.53,43.01,43.01,7535000
2015-08-21,43.01,43.08,42.75,42.82,7537000
2015-08-24,42.82,42.82,38.6,40.22,11130000
2015-08-25,40.22,41.52,39.83,41.26,7089000
2015-08-26,41.26,41.85,40.35,41.52,7613000
2015-08-27,41.52,42.17,41.33,42.17,6766000
2015-08-28,42.75,44.64,42.3,44.44,8051000
2015-08-31,44.44,46.52,43.34,46.52,10876000
2015-09-01,45.41,45.61,44.64,44.7,8285000
2015-09-02,44.25,45.54,43.6,44.7,5361000
2015-09-03,44.89,44.89,44.12,44.31,3341000
2015-09-04,43.86,44.57,43.86,44.31,3403000
2015-09-07,44.31,45.15,44.31,44.38,4295000
2015-09-08,44.12,44.38,43.6,44.12,2906000
2015-09-09,44.96,45.48,44.7,45.41,7256000
2015-09-10,45.28,45.54,45.09,45.22,2668000
2015-09-11,44.96,45.54,44.77,45.54,1870000
2015-09-14,45.35,45.87,44.89,45.67,4220000
2015-09-15,45.41,45.67,45.28,45.67,2338000
2015-09-16,45.74,45.87,45.02,45.67,4465000
2015-09-17,45.8,46.71,45.74,46.65,8883000
2015-09-18,46.52,46.52,45.93,46.06,4534000
2015-09-21,45.28,45.48,44.77,45.41,5561000
2015-09-22,45.09,45.8,44.96,45.8,4273000
2015-09-23,45.02,45.54,44.51,45.48,7531000
2015-09-24,45.09,45.35,44.51,44.77,4522000
2015-09-25,44.89,44.89,44.18,44.38,4224000
2015-09-29,44.38,44.38,44.38,44.38,0
2015-09-30,44.05,45.09,43.86,45.02,9421000
2015-10-01,44.44,46.06,44.31,45.74,6047000
2015-10-02,46.32,46.39,45.22,45.93,6203000
2015-10-05,45.93,46.19,45.41,45.8,3819000
2015-10-06,45.8,46.71,45.8,46.71,7225000
2015-10-07,46.84,48.59,46.71,48.59,11736000
2015-10-08,48.59,49.18,48.07,49.05,11368000
2015-10-12,49.31,50.86,48.92,50.54,14787000
2015-10-13,50.34,50.67,49.76,50.09,11047000
2015-10-14,50.09,50.09,48.92,48.98,7118000
2015-10-15,49.83,49.96,49.37,49.37,7267000
2015-10-16,49.44,49.63,48.92,48.92,5087000
2015-10-19,49.37,50.41,49.37,49.96,8597000
2015-10-20,50.21,50.21,49.63,49.83,6787000
2015-10-21,49.96,50.09,49.31,49.37,5351000
2015-10-22,49.05,49.18,48.46,48.72,4227000
2015-10-23,49.83,49.96,49.24,49.96,5903000
2015-10-26,50.28,50.93,50.21,50.93,13923000
2015-10-27,50.93,50.93,50.34,50.93,5565000
2015-10-28,50.86,50.86,50.21,50.8,5781000
2015-10-29,50.67,50.67,49.57,50.09,5356000
2015-10-30,49.7,49.96,48.98,48.98,8087000
2015-11-02,48.66,49.63,48.46,49.63,3682000
2015-11-03,49.89,50.73,49.89,50.54,5064000
2015-11-04,50.93,51.58,50.54,51.06,11439000
2015-11-05,51.12,51.19,50.47,50.47,3239000
2015-11-06,50.09,50.28,48.79,49.11,8266000
2015-11-09,48.98,49.44,48.4,48.66,4464000
2015-11-10,48.33,48.33,47.81,48.07,5050000
2015-11-11,48.01,48.79,47.36,48.79,7211000
2015-11-12,48.27,49.18,48.2,49.05,4684000
2015-11-13,48.66,48.85,47.55,47.55,5530000
2015-11-16,47.55,48.4,47.23,47.3,4650000
2015-11-17,47.94,48.4,47.88,48.01,5004000
2015-11-18,48.53,48.53,47.36,47.36,4709000
2015-11-19,47.55,48.72,47.49,48.72,4778000
2015-11-20,48.66,48.85,48.14,48.59,3060000
2015-11-23,48.98,49.31,48.85,49.31,6457000
2015-11-24,49.05,49.11,48.4,48.66,3482000
2015-11-25,48.85,49.24,48.59,48.98,3840000
2015-11-26,49.24,49.83,49.18,49.63,5224000
2015-11-27,49.63,49.76,48.46,48.59,3758000
2015-11-30,47.88,48.01,47.23,47.81,15574000
2015-12-01,48.27,49.05,48.07,49.05,6724000
2015-12-02,48.66,49.44,48.66,48.85,5439000
2015-12-03,48.53,49.44,48.4,49.18,6358000
2015-12-04,48.59,48.72,48.07,48.53,5014000
2015-12-07,48.85,49.96,48.14,48.33,6549000
2015-12-08,48.14,48.33,47.3,47.3,7555000
2015-12-09,47.3,47.68,47.17,47.3,6521000
2015-12-10,46.78,47.23,46.39,46.84,9106000
2015-12-11,47.04,47.04,46.45,46.71,7515000
2015-12-14,46.13,46.26,45.28,46.26,4129000
2015-12-15,46.65,47.17,45.48,45.74,8717000
2015-12-16,46.58,46.58,45.87,46.13,4847000
2015-12-17,46.32,47.23,46.26,47.23,6692000
2015-12-18,46.91,47.23,46.58,47.23,8092000
2015-12-21,46.26,46.97,46.26,46.97,3549000
2015-12-22,47.04,47.49,46.78,47.36,3996000
2015-12-23,47.49,47.55,46.97,47.23,2559000
2015-12-24,47.68,47.88,47.36,47.62,4189000
2015-12-25,47.88,48.01,47.36,47.43,2918000
2015-12-28,47.68,48.14,47.49,48.01,3467000
2015-12-29,47.68,48.01,47.23,47.3,3177000
2015-12-30,47.55,47.68,46.91,47.68,3882000
2015-12-31,47.36,49.96,46.58,49.96,9842000
2016-01-04,48.07,48.14,46.58,46.97,8701000
2016-01-05,46.97,47.68,46.97,47.3,5643000
2016-01-06,47.1,47.68,47.04,47.36,7162000
2016-01-07,47.3,47.36,45.87,47.36,12622000
2016-01-08,46.91,46.91,46.19,46.32,5168000
2016-01-11,45.61,46.58,45.48,46.52,8190000
2016-01-12,47.1,47.3,46.52,47.3,5832000
2016-01-13,47.49,48.59,47.36,48.59,10437000
2016-01-14,47.75,48.79,47.43,48.79,9897000
2016-01-15,48.59,48.98,48.07,48.98,12694000
2016-01-18,48.07,49.05,48.01,48.98,9782000
2016-01-19,48.92,49.11,48.53,48.98,4496000
2016-01-20,48.53,49.31,48.4,49.31,7722000
2016-01-21,49.37,49.37,47.94,47.94,5436000
2016-01-22,48.4,48.53,47.81,48.27,3802000
2016-01-25,48.66,49.31,48.46,49.31,6007000
2016-01-26,48.14,48.92,48.14,48.92,4288000
2016-01-27,49.18,49.31,48.53,48.59,2206000
2016-01-28,48.92,49.5,48.66,49.05,5037000
2016-01-29,48.66,50.15,48.66,49.96,7789000
2016-02-01,49.63,49.83,48.98,49.44,4022000
2016-02-02,49.24,49.76,49.18,49.63,5878000
2016-02-03,49.11,49.57,48.72,48.85,4718000
2016-02-15,48.27,49.18,48.2,49.18,5830000
2016-02-16,49.31,49.96,49.18,49.57,4088000
2016-02-17,49.63,49.83,49.24,49.83,3882000
2016-02-18,49.96,50.6,49.76,50.41,5747000
2016-02-19,50.41,50.67,50.02,50.67,4796000
2016-02-22,50.73,50.93,50.09,50.47,3048000
2016-02-23,50.6,50.67,50.09,50.21,2788000
2016-02-24,50.21,50.93,49.89,49.96,3207000
2016-02-25,50.41,50.8,50.15,50.73,3632000
2016-02-26,50.99,51.25,50.86,51.25,7929000
2016-03-01,50.73,51.64,50.73,51.58,6772000
2016-03-02,51.9,52.23,51.71,51.9,6029000
2016-03-03,51.9,52.03,51.64,51.9,7010000
2016-03-04,51.9,51.97,51.64,51.9,5825000
2016-03-07,51.97,52.55,51.77,51.9,9389000
2016-03-08,52.03,52.23,51.58,51.9,9706000
2016-03-09,51.58,51.77,50.8,50.86,7100000
2016-03-10,50.93,51.38,50.6,51.25,7006000
2016-03-11,51.12,51.32,50.86,51.25,4690000
2016-03-14,51.45,51.71,50.86,51.12,3662000
2016-03-15,51.06,51.51,50.54,50.93,4462000
2016-03-16,51.25,51.25,50.34,50.54,5388000
2016-03-17,51.19,51.84,51.06,51.25,7257000
2016-03-18,51.51,52.23,51.45,52.23,14406000
2016-03-21,52.23,52.29,51.77,51.84,5251000
2016-03-22,51.58,51.71,50.86,51.64,6721000
2016-03-23,51.64,51.84,51.12,51.84,4185000
2016-03-24,51.97,52.1,51.38,52.03,4956000
2016-03-25,52.03,52.03,51.32,51.38,1570000
2016-03-28,51.71,51.9,51.45,51.9,3874000
2016-03-29,51.71,51.9,51.45,51.64,3760000
2016-03-30,51.9,52.42,51.71,52.42,10013000
2016-03-31,52.62,52.87,51.38,51.77,9893000
2016-04-01,51.25,52.03,51.25,51.58,6321000
2016-04-06,50.93,51.45,50.28,50.41,7589000
2016-04-07,50.34,50.8,50.02,50.8,4782000
2016-04-08,50.28,51.25,50.09,51.19,6021000
2016-04-11,50.93,51.25,50.34,51.25,2952000
2016-04-12,51.51,51.71,51.12,51.58,4245000
2016-04-13,51.58,52.55,51.38,52.36,9364000
2016-04-14,52.68,53.13,52.62,52.81,7203000
2016-04-15,52.87,53.46,52.62,53.2,5485000
2016-04-18,53.0,53.0,52.42,52.68,3486000
2016-04-19,52.87,53.26,52.81,52.94,8056000
2016-04-20,53.33,53.52,51.9,52.42,7496000
2016-04-21,52.29,52.29,51.58,52.03,5869000
2016-04-22,52.03,52.55,51.71,52.55,4820000
2016-04-25,52.74,53.26,52.23,53.13,6805000
2016-04-26,53.2,53.2,52.42,52.42,6820000
2016-04-27,52.55,53.2,52.55,53.0,5673000
2016-04-28,53.2,53.2,52.55,52.87,8963000
2016-04-29,52.49,52.68,51.97,52.1,5522000
2016-05-03,52.16,52.36,51.25,51.25,5133000
2016-05-04,51.77,51.77,50.02,50.34,6248000
2016-05-05,50.15,50.67,49.76,50.09,6430000
2016-05-06,49.7,50.54,49.63,50.47,5367000
2016-05-09,50.21,50.41,49.96,50.34,3514000
2016-05-10,50.15,50.47,49.83,50.02,5003000
2016-05-11,50.09,50.47,49.63,49.96,4839000
2016-05-12,49.96,50.21,49.83,50.02,3890000
2016-05-13,50.02,50.21,49.5,49.63,7173000
2016-05-16,49.63,50.21,49.63,50.09,5334000
2016-05-17,50.09,50.21,48.98,50.02,5048000
2016-05-18,50.02,50.47,49.7,50.41,5179000
2016-05-19,50.02,50.34,49.11,49.24,7896000
2016-05-20,49.44,49.83,49.31,49.5,5107000
2016-05-23,49.11,50.47,48.66,49.96,5525000
2016-05-24,50.02,50.93,50.02,50.8,3559000
2016-05-25,51.25,51.25,50.34,51.25,4688000
2016-05-26,50.99,51.38,50.6,50.67,3314000
2016-05-27,50.99,51.25,50.73,50.86,3061000
2016-05-30,50.86,51.58,50.8,51.32,3621000
2016-05-31,51.06,51.38,50.47,51.25,11478000
2016-06-01,50.93,51.58,50.8,51.25,3680000
2016-06-02,51.32,51.58,51.12,51.19,2879000
2016-06-03,51.25,51.45,50.86,51.25,3486000
2016-06-06,51.25,51.77,50.6,50.93,3829000
2016-06-07,51.19,51.84,51.06,51.84,7233000
2016-06-08,51.84,52.87,51.84,52.74,10199000
2016-06-13,52.68,52.68,50.99,51.25,5608000
2016-06-14,51.25,51.45,50.67,50.99,4806000
2016-06-15,50.67,51.77,50.67,51.06,4870000
2016-06-16,51.06,51.06,49.76,49.96,6093000
2016-06-17,50.54,50.6,49.76,49.76,5649000
2016-06-20,50.47,50.54,49.96,50.28,3699000
2016-06-21,50.28,50.73,50.09,50.73,3845000
2016-06-22,50.54,50.93,50.41,50.86,3439000
2016-06-23,50.67,50.67,49.96,50.02,4145000
2016-06-24,50.34,50.86,48.98,49.11,9410000
2016-06-27,49.11,49.7,49.11,49.44,3306000
2016-06-28,49.44,49.7,49.18,49.31,9410000
2016-06-29,49.5,50.09,49.5,49.89,5646000
2016-06-30,50.15,50.47,49.83,50.47,9167000
2016-07-01,49.83,51.38,49.57,51.12,14992000
2016-07-04,51.12,51.45,50.93,51.12,5513000
2016-07-05,50.73,51.25,50.41,51.12,5027000
2016-07-06,50.86,50.86,49.96,50.28,6934000
2016-07-07,50.41,50.8,50.41,50.67,2989000
2016-07-08,50.67,50.67,50.67,50.67,0
2016-07-11,51.12,51.71,50.93,51.51,9008000
2016-07-12,51.45,52.42,51.32,52.29,19878000
2016-07-13,53.11,53.17,52.63,52.97,11061000
2016-07-14,52.83,53.17,52.7,52.9,4745000
2016-07-15,52.97,53.45,52.83,53.24,5648000
2016-07-18,54.06,54.33,53.51,53.78,6897000
2016-07-19,53.99,54.19,53.72,54.19,7371000
2016-07-20,54.12,54.26,53.65,54.26,6301000
2016-07-21,54.33,54.33,53.85,54.19,6620000
2016-07-22,54.19,54.46,53.92,54.33,4247000
2016-07-25,54.4,54.67,53.04,54.33,6777000
2016-07-26,54.19,54.26,53.72,54.26,4303000
2016-07-27,53.85,54.19,53.31,53.65,5822000
2016-07-28,53.31,53.72,53.31,53.58,6420000
2016-07-29,53.31,53.58,52.83,52.83,5750000
2016-08-01,52.83,53.38,52.63,53.11,5244000
2016-08-02,52.83,52.83,52.36,52.36,5081000
2016-08-03,51.75,52.9,51.61,52.7,5657000
2016-08-04,52.49,52.7,51.95,52.56,4056000
2016-08-05,52.29,53.45,52.29,53.38,5126000
2016-08-08,53.38,53.45,52.7,53.38,4358000
2016-08-09,53.31,53.65,53.17,53.51,4928000
2016-08-10,53.51,54.06,53.31,54.06,6706000
2016-08-11,53.65,54.4,53.45,54.33,7397000
2016-08-12,53.99,54.33,53.85,54.33,5441000
2016-08-15,54.33,54.4,54.19,54.33,3744000
2016-08-16,54.33,54.33,53.72,54.19,4416000
2016-08-17,53.99,54.33,53.65,53.99,4030000
2016-08-18,54.06,54.33,53.85,54.26,3025000
2016-08-19,54.33,54.33,53.04,53.04,3750000
2016-08-22,53.04,53.38,52.7,52.77,3272000
2016-08-23,53.04,53.99,52.97,53.85,2739000
2016-08-24,53.85,53.99,53.38,53.51,1427000
2016-08-25,53.65,54.19,53.38,53.72,2505000
2016-08-26,53.78,53.99,53.58,53.58,1347000
2016-08-29,53.58,54.06,52.77,53.92,2761000
2016-08-30,54.06,54.19,53.38,53.92,2612000
2016-08-31,53.45,53.78,52.83,53.04,5545000
2016-09-01,52.83,52.97,52.22,52.29,5686000
2016-09-02,52.29,53.04,52.29,52.83,2605000
2016-09-05,53.24,53.65,53.17,53.24,2583000
2016-09-06,53.58,54.12,53.31,53.78,3794000
2016-09-07,54.06,54.4,54.06,54.33,6449000
2016-09-08,54.19,54.19,53.85,53.92,2495000
2016-09-09,53.38,53.45,52.83,52.9,5822000
2016-09-12,52.29,52.36,51.95,52.02,6007000
2016-09-13,52.09,52.16,51.61,51.88,6642000
2016-09-14,51.61,51.95,51.54,51.61,7570000
2016-09-19,51.75,52.63,51.75,52.63,2598000
2016-09-20,52.56,52.63,52.29,52.63,1746000
2016-09-21,52.77,53.04,52.36,52.9,3268000
2016-09-22,53.17,53.31,52.83,53.04,2166000
2016-09-23,53.17,53.45,53.04,53.31,3783000
2016-09-26,53.04,53.24,52.7,52.97,1790000
2016-09-27,52.97,52.97,52.97,52.97,0
2016-09-28,52.97,52.97,52.97,52.97,0
2016-09-29,53.38,53.65,53.17,53.58,6445000
2016-09-30,52.97,53.58,52.56,53.11,5291000
2016-10-03,52.63,53.17,52.63,53.11,2589000
2016-10-04,53.17,53.58,52.9,53.58,3741000
2016-10-05,52.7,53.38,52.7,53.31,2922000
2016-10-06,53.58,53.72,53.38,53.72,4202000
2016-10-07,53.51,53.99,53.51,53.99,4359000
2016-10-11,53.85,54.26,53.65,54.19,5641000
2016-10-12,53.99,54.33,53.78,54.26,4294000
2016-10-13,54.33,54.4,53.78,53.92,7215000
2016-10-14,53.78,54.33,53.78,54.12,2640000
2016-10-17,53.99,54.33,53.11,54.33,4557000
2016-10-18,54.33,54.67,54.19,54.67,7023000
2016-10-19,54.67,56.37,54.6,55.82,13414000
2016-10-20,55.82,58.4,55.82,57.72,17313000
2016-10-21,57.04,58.4,57.04,57.52,14771000
2016-10-24,57.52,57.86,57.11,57.11,5979000
2016-10-25,56.98,57.86,56.98,57.72,4498000
2016-10-26,57.72,58.06,57.38,57.72,4554000
2016-10-27,57.32,57.86,56.71,57.66,7467000
2016-10-28,57.66,58.33,57.52,58.13,7117000
2016-10-31,57.38,58.2,56.77,58.0,5545000
2016-11-01,57.11,58.06,57.11,57.72,5879000
2016-11-02,57.11,57.72,57.11,57.45,5406000
2016-11-03,57.18,57.79,57.18,57.66,8201000
2016-11-04,57.38,57.86,57.32,57.86,6010000
2016-11-07,57.79,58.06,57.66,58.06,5745000
2016-11-08,58.33,58.61,58.06,58.61,10932000
2016-11-09,58.74,59.08,56.64,57.18,11070000
2016-11-10,58.27,59.08,58.2,58.67,17496000
2016-11-11,57.86,58.33,57.38,57.72,11351000
2016-11-14,57.45,57.93,56.43,57.79,9315000
2016-11-15,57.11,57.86,56.91,57.72,7834000
2016-11-16,57.86,58.4,57.86,58.06,5921000
2016-11-17,58.06,58.54,57.32,58.54,5033000
2016-11-18,57.93,58.54,57.72,58.2,5567000
2016-11-21,58.2,58.67,57.86,58.67,3345000
2016-11-22,58.74,59.96,58.4,59.76,8906000
2016-11-23,59.9,60.17,59.63,60.17,5790000
2016-11-24,59.9,60.17,59.83,60.1,2989000
2016-11-25,60.03,60.03,59.63,59.76,2898000
2016-11-28,59.76,60.85,59.56,60.3,7249000
2016-11-29,60.37,61.12,60.17,61.05,6382000
2016-11-30,61.12,61.8,60.98,61.66,11372000
2016-12-01,61.8,62.14,61.66,61.87,7153000
2016-12-02,61.46,62.14,61.25,62.07,6201000
2016-12-05,61.8,61.87,60.98,61.32,5779000
2016-12-06,61.87,61.87,61.12,61.32,6067000
2016-12-07,61.66,61.8,61.39,61.73,5390000
2016-12-08,61.93,62.48,61.87,62.14,10020000
2016-12-09,61.93,62.41,61.87,62.41,6006000
2016-12-12,62.55,62.82,62.27,62.41,4762000
2016-12-13,62.34,62.34,61.59,61.73,4149000
2016-12-14,61.73,61.73,61.12,61.12,6451000
2016-12-15,61.05,61.05,60.17,60.3,7060000
2016-12-16,60.71,61.46,60.58,60.71,9169000
2016-12-19,60.64,60.71,59.83,60.03,4456000
2016-12-20,59.76,60.51,59.76,60.24,3300000
2016-12-21,60.3,60.85,60.03,60.44,3981000
2016-12-22,60.24,60.24,59.15,59.15,6320000
2016-12-23,58.95,59.15,58.47,58.47,6205000
2016-12-26,58.74,59.01,58.61,58.67,2815000
2016-12-27,58.67,59.08,58.61,58.67,2089000
2016-12-28,58.67,60.71,58.67,60.1,5657000
2016-12-29,59.9,60.03,59.08,59.35,5330000
2016-12-30,60.3,60.58,59.9,60.58,5813000
2017-01-03,60.17,61.25,60.03,61.19,4753000
2017-01-04,61.19,61.39,60.85,61.32,5744000
2017-01-05,61.32,61.53,60.92,61.39,6496000
2017-01-06,61.12,61.53,61.12,61.46,5611000
2017-01-09,61.25,61.46,61.19,61.25,3010000
2017-01-10,61.12,61.25,60.71,60.78,6060000
2017-01-11,60.98,61.12,60.51,60.64,3775000
2017-01-12,61.12,62.0,61.05,61.66,7947000
2017-01-13,61.59,61.8,61.32,61.8,4329000
2017-01-16,61.46,61.66,60.44,60.71,2950000
2017-01-17,60.71,61.25,60.64,61.12,3906000
2017-01-18,60.51,60.64,59.08,59.49,8205000
2017-01-19,59.22,59.76,58.74,59.76,5039000
2017-01-20,59.76,60.3,59.63,60.1,3318000
2017-01-23,60.44,61.12,60.44,60.92,6522000
2017-01-24,60.78,61.39,60.1,61.25,7474000
2017-02-02,61.66,61.87,60.17,60.44,11901000
2017-02-03,60.78,61.39,60.17,60.44,7263000
2017-02-06,60.3,61.12,60.3,60.98,8279000
2017-02-07,60.44,61.59,60.44,61.59,8461000
2017-02-08,60.92,61.53,60.44,61.25,12141000
2017-02-09,61.32,61.8,61.25,61.25,8919000
2017-02-10,61.66,62.95,61.46,62.82,15960000
2017-02-13,62.75,63.16,62.48,63.16,7661000
2017-02-14,63.16,63.16,62.41,62.82,8642000
2017-02-15,62.82,65.53,62.68,65.53,17661000
2017-02-16,65.87,66.62,63.16,63.84,14967000
2017-02-17,63.97,64.04,63.22,63.5,4968000
2017-02-20,63.77,63.84,62.95,63.5,3973000
2017-02-21,63.22,63.5,63.09,63.36,4068000
2017-02-22,63.77,63.77,62.68,62.82,4259000
2017-02-23,62.82,63.02,62.55,62.82,4876000
2017-02-24,62.82,63.22,62.48,62.88,4812000
2017-03-01,62.88,62.88,61.8,61.8,6167000
2017-03-02,62.41,62.75,60.64,61.39,7445000
2017-03-03,60.98,61.25,60.58,60.92,7007000
2017-03-06,60.78,61.87,60.64,60.85,6118000
2017-03-07,61.25,61.8,60.85,61.73,5554000
2017-03-08,61.8,62.0,61.32,61.32,6116000
2017-03-09,61.05,61.05,60.1,60.1,10367000
2017-03-10,60.44,60.51,59.49,59.76,7605000
2017-03-13,59.9,60.24,59.56,59.69,3621000
2017-03-14,60.1,60.64,59.96,60.51,4833000
2017-03-15,60.44,60.92,59.83,60.71,3410000
2017-03-16,60.98,61.8,60.85,61.59,7782000
2017-03-17,61.73,62.0,61.46,62.0,8420000
2017-03-20,62.0,62.34,61.8,62.34,3035000
2017-03-21,62.48,63.16,62.34,63.16,7343000
2017-03-22,62.95,62.95,62.07,62.61,4518000
2017-03-23,62.75,62.82,62.21,62.82,2955000
2017-03-24,62.82,63.09,62.68,63.09,4236000
2017-03-27,62.95,63.16,62.41,63.09,3235000
2017-03-28,63.16,63.22,62.55,63.22,6242000
2017-03-29,63.16,63.16,62.68,62.88,4382000
2017-03-30,62.88,62.88,62.21,62.21,4211000
2017-03-31,62.21,62.48,61.39,61.46,6947000
2017-04-05,61.8,62.95,61.46,62.95,8968000
2017-04-06,62.48,62.82,62.21,62.55,3532000
2017-04-07,61.93,62.14,61.59,62.14,4981000
2017-04-10,62.41,63.02,62.27,63.02,5484000
2017-04-11,63.09,63.77,62.88,63.36,11891000
2017-04-12,63.36,63.7,62.34,62.82,6978000
2017-04-13,62.82,63.36,62.61,63.29,5906000
2017-04-14,63.16,63.16,61.73,62.88,6024000
2017-04-17,63.02,63.16,62.0,62.95,6670000
2017-04-18,63.22,63.5,62.95,63.5,6416000
2017-04-19,62.61,62.75,61.93,62.07,7756000
2017-04-20,62.07,62.14,61.66,61.8,5399000
2017-04-21,61.87,62.48,61.87,62.27,2839000
2017-04-24,62.61,62.68,61.59,61.87,3392000
2017-04-25,62.21,62.48,61.59,62.48,5308000
2017-04-26,63.02,63.02,61.59,62.48,10339000
2017-04-27,62.14,62.48,61.73,61.93,5311000
2017-04-28,61.8,62.0,61.53,61.59,6620000
2017-05-02,61.66,62.27,61.66,62.07,3535000
2017-05-03,62.0,62.21,61.66,62.0,3159000
2017-05-04,62.14,62.21,61.59,61.8,3703000
2017-05-05,61.53,61.59,61.12,61.12,7000000
2017-05-08,61.73,61.73,61.05,61.46,4658000
2017-05-09,61.19,61.32,59.9,60.1,8219000
2017-05-10,60.44,60.51,59.63,59.9,8063000
2017-05-11,60.51,60.98,60.1,60.37,6966000
2017-05-12,60.64,60.64,60.24,60.37,6583000
2017-05-15,60.44,60.64,60.3,60.44,6126000
2017-05-16,60.51,60.51,60.1,60.44,7940000
2017-05-17,60.44,60.58,60.1,60.44,6617000
2017-05-18,59.9,60.37,59.83,60.1,6662000
2017-05-19,60.1,60.24,59.63,59.76,7370000
2017-05-22,59.76,60.1,59.49,59.76,9653000
2017-05-23,59.49,59.96,59.49,59.76,8677000
2017-05-24,60.03,60.44,59.76,60.44,7068000
2017-05-25,60.58,61.25,60.17,61.25,8209000
2017-05-26,61.19,61.19,60.78,61.05,6277000
2017-05-31,61.19,61.19,60.71,60.92,12580000
2017-06-01,61.12,61.46,60.64,60.71,4775000
2017-06-02,60.98,61.12,60.17,60.64,4555000
2017-06-05,60.51,61.12,60.51,60.78,4740000
2017-06-06,61.05,61.25,60.64,61.25,4790000
2017-06-07,61.25,62.0,61.19,61.59,7008000
2017-06-08,61.46,61.66,60.64,60.64,5545000
2017-06-09,60.64,61.19,60.64,61.12,6679000
2017-06-12,61.19,61.25,60.64,60.64,6134000
2017-06-13,60.78,61.19,60.78,60.98,3232000
2017-06-14,60.98,61.39,60.85,61.39,3154000
2017-06-15,61.19,61.39,60.78,61.19,3894000
2017-06-16,61.05,61.12,60.78,60.85,5705000
2017-06-19,60.92,61.59,60.92,61.59,2299000
2017-06-20,61.53,61.93,61.46,61.8,2433000
2017-06-21,61.53,62.07,61.46,61.59,7010000
2017-06-22,61.66,62.07,61.66,61.8,3639000
2017-06-23,61.8,62.48,61.8,62.14,5463000
2017-06-26,62.07,63.36,62.0,63.36,7869000
2017-06-27,63.43,63.63,63.16,63.36,5354000
2017-06-28,63.29,63.36,62.55,62.75,4839000
2017-06-29,62.82,62.88,62.61,62.75,3271000
2017-06-30,62.75,62.95,62.48,62.95,4704000
2017-07-03,62.55,63.16,62.55,63.09,4392000
2017-07-04,62.95,63.36,62.82,63.16,5224000
2017-07-05,63.16,63.77,63.02,63.77,6075000
2017-07-06,63.77,63.84,63.02,63.77,5869000
2017-07-07,63.43,63.63,63.09,63.43,3428000
2017-07-10,63.02,63.16,62.61,62.61,7107000
2017-07-11,62.48,63.43,62.48,63.16,13892000
2017-07-12,63.59,64.37,63.37,64.09,7877000
2017-07-13,64.37,65.44,64.37,65.3,7012000
2017-07-14,65.3,65.3,64.51,64.66,3869000
2017-07-17,65.09,65.23,64.87,65.01,1915000
2017-07-18,65.01,65.09,64.44,65.09,2281000
2017-07-19,65.23,65.73,65.01,65.73,4180000
2017-07-20,65.73,65.8,65.23,65.51,2682000
2017-07-21,65.37,65.44,64.73,65.37,2055000
2017-07-24,65.3,65.73,65.01,65.73,2783000
2017-07-25,65.73,65.73,65.16,65.16,2178000
2017-07-26,65.16,65.3,64.3,64.3,2962000
2017-07-27,64.66,65.37,64.59,65.37,3529000
2017-07-28,64.87,65.44,64.87,65.37,3456000
2017-07-31,65.37,65.37,64.3,64.73,8765000
2017-08-01,64.73,65.3,64.66,65.23,6081000
2017-08-02,65.23,65.3,64.87,65.01,2153000
2017-08-03,64.37,65.66,64.37,65.66,4591000
2017-08-04,65.66,66.09,65.51,66.01,5017000
2017-08-07,66.09,66.73,65.73,66.44,5443000
2017-08-08,66.09,66.8,66.09,66.59,5479000
2017-08-09,65.73,66.59,65.73,66.3,5116000
2017-08-10,66.3,66.44,65.66,66.16,4556000
2017-08-11,66.09,66.09,65.66,65.73,3885000
2017-08-14,65.8,66.23,65.8,65.94,2958000
2017-08-15,65.94,66.09,65.66,65.94,2917000
2017-08-16,65.94,66.01,65.3,65.37,4772000
2017-08-17,65.73,66.66,65.73,66.37,3773000
2017-08-18,65.73,66.37,65.37,66.3,3358000
2017-08-21,65.8,66.3,65.73,66.09,1976425
2017-08-22,65.8,66.51,65.8,66.44,3785340
2017-08-23,66.44,66.73,66.01,66.44,5121450
2017-08-24,66.44,66.8,66.44,66.8,3630671
2017-08-25,66.87,67.16,66.59,67.09,3934343
2017-08-28,66.87,67.51,66.87,67.51,4497702
2017-08-29,67.3,67.3,66.59,66.94,4091707
2017-08-30,67.09,67.37,66.73,67.16,4470520
2017-08-31,67.09,67.23,66.8,67.09,4460038
2017-09-01,67.01,67.3,66.73,66.94,3610877
2017-09-04,67.16,67.51,67.01,67.51,2698503
2017-09-05,67.51,68.09,67.23,68.09,6075502
2017-09-06,68.01,68.16,67.37,68.16,7372070
2017-09-07,68.23,69.09,67.87,68.44,7156923
2017-09-08,68.44,69.3,68.16,69.3,5878086
2017-09-11,69.16,69.23,68.51,68.51,3353724
2017-09-12,68.59,68.59,68.23,68.44,2760282
2017-09-13,68.59,68.59,67.87,67.87,2415778
2017-09-14,67.3,67.8,67.3,67.59,4004696
2017-09-15,67.59,68.23,67.51,68.16,9593177
2017-09-18,68.16,68.59,68.01,68.59,3681982
2017-09-19,68.3,68.44,67.59,67.73,3297716
2017-09-20,67.09,67.51,66.87,67.23,3456165
2017-09-21,67.16,67.3,66.73,67.01,2547209
2017-09-22,66.87,67.01,66.44,66.44,2213404
2017-09-25,66.8,66.87,65.87,65.94,3619626
2017-09-26,65.94,66.44,65.8,66.3,2701160
2017-09-27,66.44,66.87,66.23,66.23,1814796
2017-09-28,66.01,66.01,65.16,65.37,5054708
2017-09-29,65.01,65.87,65.01,65.59,4290750
2017-10-02,65.87,66.01,65.44,65.59,3302359
2017-10-03,65.8,65.87,65.09,65.16,5522989
2017-10-05,65.73,65.73,65.16,65.16,3328390
2017-10-06,65.37,65.87,65.3,65.73,2562640
2017-10-11,66.37,67.44,66.37,67.44,9819850
2017-10-12,67.09,67.87,67.09,67.59,7579945
2017-10-13,67.51,67.51,66.73,66.8,5044845
2017-10-16,66.8,67.09,66.59,66.59,4088809
2017-10-17,66.87,67.01,66.51,66.8,5801207
2017-10-18,67.09,67.09,66.3,66.44,4226464
2017-10-19,66.51,66.8,66.3,66.3,2605572
2017-10-20,66.23,66.44,66.09,66.3,4885657
2017-10-23,66.3,66.51,65.16,65.51,3507091
2017-10-24,65.73,65.94,65.51,65.73,3962262
2017-10-25,65.87,65.87,65.59,65.73,2260787
2017-10-26,65.51,65.73,65.37,65.73,2692466
2017-10-27,66.3,66.3,65.51,65.66,1802753
2017-10-30,65.8,65.94,65.44,65.44,2394696
2017-10-31,65.37,66.01,65.16,65.66,4120436
2017-11-01,65.73,65.8,65.23,65.3,3410931
2017-11-02,65.16,65.66,65.16,65.37,1997507
2017-11-03,65.44,66.09,65.44,66.09,1991518
2017-11-06,65.59,65.87,65.37,65.59,2568233
2017-11-07,65.66,66.23,65.66,66.23,3564214
2017-11-08,66.23,66.3,65.66,65.94,2695041
2017-11-09,66.16,66.16,65.59,65.8,3783314
2017-11-10,65.73,65.94,65.37,65.8,3232354
2017-11-13,65.8,66.8,65.59,66.44,4733295
2017-11-14,66.09,66.8,66.09,66.16,3128311
2017-11-15,66.44,66.66,66.23,66.23,6832076
2017-11-16,65.94,66.3,65.8,65.94,2664804
2017-11-17,65.94,66.23,65.73,65.8,3982123
2017-11-20,65.73,66.16,65.73,66.09,2632293
2017-11-21,65.94,66.3,65.8,65.8,5023284
2017-11-22,66.16,66.8,66.01,66.09,7911452
2017-11-23,66.44,66.73,66.16,66.73,6488056
2017-11-24,66.87,66.87,66.09,66.09,4811782
2017-11-27,66.16,66.66,66.09,66.66,5611485
2017-11-28,66.66,66.8,66.44,66.73,4089496
2017-11-29,66.73,66.94,66.73,66.87,2995465
2017-11-30,66.87,67.01,64.73,64.73,16792427
2017-12-01,65.37,66.59,65.37,66.3,7625912
2017-12-04,66.3,66.87,66.01,66.66,4721151
2017-12-05,66.37,67.01,66.37,66.87,6022908
2017-12-06,66.8,66.8,66.09,66.44,5130656
2017-12-07,66.44,67.01,66.23,66.44,6570650
2017-12-08,66.44,66.8,66.3,66.44,6343520
2017-12-11,66.73,67.16,66.37,66.37,4343412
2017-12-12,66.09,66.73,66.09,66.66,4189213
2017-12-13,66.66,66.87,66.37,66.8,3776144
2017-12-14,66.94,67.3,66.8,67.09,5820689
2017-12-15,67.01,67.09,66.66,66.66,8285534
2017-12-18,67.23,68.01,67.09,67.66,7429342
2017-12-19,67.37,68.16,67.37,67.73,6183364
2017-12-20,67.8,68.01,67.59,67.73,2974398
2017-12-21,67.8,68.23,67.37,67.8,3603020
2017-12-22,67.94,68.59,67.87,68.16,4189169
2017-12-25,68.23,68.66,68.01,68.59,2370999
2017-12-26,68.51,68.8,68.3,68.59,3163803
2017-12-27,68.44,70.52,68.44,70.37,10769918
2017-12-28,70.3,70.59,69.16,69.23,8999759
2017-12-29,69.44,70.52,69.3,70.52,11453397
2018-01-02,70.44,70.44,69.44,70.09,5407964
2018-01-03,70.09,70.37,69.8,70.37,6458420
2018-01-04,70.37,70.44,70.02,70.37,6986409
2018-01-05,70.44,70.66,70.23,70.3,5955166
2018-01-08,70.37,71.09,70.3,71.09,11285468
2018-01-09,71.44,73.23,71.23,73.23,12461880
2018-01-10,73.23,73.59,71.8,72.16,11532854
2018-01-11,72.16,72.16,71.37,72.16,8914169
2018-01-12,72.52,73.23,72.16,72.52,8389184
2018-01-15,72.87,73.23,72.16,72.87,5556338
2018-01-16,72.87,72.87,72.16,72.87,4148104
2018-01-17,72.87,72.87,72.16,72.87,6013639
2018-01-18,73.23,73.23,72.52,72.52,5707542
2018-01-19,72.52,72.87,71.16,71.8,7562676
2018-01-22,71.44,72.52,71.44,72.52,5928323
2018-01-23,72.52,72.52,71.23,71.44,7400715
2018-01-24,71.44,71.44,70.8,70.87,4859042
2018-01-25,71.3,72.52,71.3,72.52,8247459
2018-01-26,73.23,73.94,72.52,73.94,9595624
2018-01-29,74.3,74.66,73.59,74.66,5874749
2018-01-30,74.3,74.3,73.23,73.59,7071554
2018-01-31,72.52,74.66,71.8,73.94,7558041
2018-02-01,73.94,74.66,72.87,73.59,6629228
2018-02-02,72.87,73.23,71.37,71.44,9482105
2018-02-05,70.02,72.16,70.02,71.8,8092788
2018-02-06,69.87,70.37,68.23,69.09,13388745
2018-02-07,70.52,72.87,70.52,72.16,15188424
2018-02-08,71.8,72.16,70.87,71.44,6459637
2018-02-09,70.02,70.8,69.37,69.87,14136932
2018-02-12,70.73,73.23,70.66,72.16,11698080
2018-02-21,73.94,74.66,73.23,74.3,12929645
2018-02-22,73.23,73.59,72.16,73.23,8043397
2018-02-23,73.59,74.3,73.23,74.3,5546374
2018-02-26,74.3,74.66,73.94,73.94,5961635
2018-02-27,74.3,74.3,73.59,73.94,6175277
2018-03-01,72.52,73.59,72.52,72.87,8005672
2018-03-02,71.8,72.52,71.44,71.8,6901619
2018-03-05,72.52,72.87,72.16,72.16,6323089
2018-03-06,72.52,72.87,72.16,72.52,3035161
2018-03-07,72.52,72.87,72.16,72.52,6297219
2018-03-08,72.52,72.87,72.16,72.52,3936734
2018-03-09,72.52,72.87,71.8,72.52,4052036
2018-03-12,72.87,73.94,72.87,73.94,4017408
2018-03-13,73.59,73.94,72.87,73.59,4958418
2018-03-14,72.52,73.59,72.52,72.87,9373803
2018-03-15,72.87,73.59,72.87,72.87,2079018
2018-03-16,72.52,73.59,71.8,72.87,14365484
2018-03-19,72.87,73.59,72.87,73.59,2730782
2018-03-20,73.59,75.73,73.23,75.02,10131377
2018-03-21,75.37,76.45,74.66,76.09,9481523
2018-03-22,76.45,77.16,73.94,74.3,15997422
2018-03-23,73.59,74.66,72.87,74.66,9129141
2018-03-26,74.3,75.02,73.59,73.94,4293123
2018-03-27,74.3,75.02,73.94,75.02,4117006
2018-03-28,74.3,75.02,73.59,73.59,3673021
2018-03-29,73.59,74.3,73.23,73.59,5704137
2018-03-30,74.3,74.3,73.23,73.94,5408535
2018-04-02,74.3,74.3,73.23,73.23,4305063
2018-04-03,73.23,73.59,72.52,72.87,6155163
2018-04-09,73.94,75.02,73.59,75.02,6874298
2018-04-10,75.37,75.37,74.3,75.37,5144973
2018-04-11,75.37,75.73,74.66,75.37,4165952
2018-04-12,75.37,76.09,75.02,76.09,4719478
2018-04-13,76.09,76.45,75.73,76.09,6443152
2018-04-16,75.73,77.16,75.02,76.8,6431590
2018-04-17,76.8,76.8,75.02,75.73,7215505
2018-04-18,75.73,76.45,75.37,75.73,4491930
2018-04-19,75.02,76.09,75.02,75.37,8085060
2018-04-20,75.37,76.09,75.37,76.09,6013248
2018-04-23,76.09,76.09,75.02,75.37,4598371
2018-04-24,75.37,75.37,73.94,74.3,7080016
2018-04-25,73.59,73.59,72.52,73.59,7722581
2018-04-26,73.59,74.66,73.59,74.3,5393699
2018-04-27,74.66,75.02,73.94,74.66,4604564
2018-04-30,75.37,75.73,74.3,74.66,5725021
2018-05-02,74.3,75.73,74.3,75.37,3830653
2018-05-03,75.02,75.37,74.3,74.66,4754570
2018-05-04,74.66,76.09,74.66,75.02,6177324
2018-05-07,75.37,75.73,75.02,75.37,3121908
2018-05-08,75.02,75.73,75.02,75.37,4950698
2018-05-09,75.37,76.09,75.02,75.37,4880716
2018-05-10,75.73,76.09,75.37,75.73,5361742
2018-05-11,76.09,77.52,75.73,77.52,8643455
2018-05-14,77.52,79.3,77.16,79.3,11890971
2018-05-15,80.02,80.37,78.59,78.95,11628319
2018-05-16,79.3,79.66,78.59,79.3,7449250
2018-05-17,79.66,81.09,78.95,79.66,8333032
2018-05-18,80.02,81.09,79.66,80.02,7124197
2018-05-21,80.02,80.73,79.66,80.37,5285794
2018-05-22,80.02,80.37,78.23,78.23,8132291
2018-05-23,78.59,79.3,77.52,78.59,5968585
2018-05-24,78.95,79.3,77.87,79.3,4828420
2018-05-25,78.59,79.3,77.52,77.52,6144110
2018-05-28,77.52,78.59,77.52,78.59,6353279
2018-05-29,78.23,78.59,77.87,78.59,6127574
2018-05-30,78.23,78.23,76.8,77.52,12650712
2018-05-31,78.23,79.3,76.8,76.8,25986884
2018-06-01,77.16,78.23,77.16,78.23,5936759
2018-06-04,78.59,79.3,77.87,78.95,6788420
2018-06-05,78.95,78.95,77.87,78.23,4693707
2018-06-06,77.87,78.59,77.52,78.23,6063650
2018-06-07,78.95,79.3,77.87,78.59,7830254
2018-06-08,78.23,78.59,76.8,77.52,8887873
2018-06-11,77.52,77.87,76.8,77.87,7051287
2018-06-12,77.16,77.52,76.8,76.8,10121569
2018-06-13,77.16,77.16,75.73,76.8,11520074
2018-06-14,76.45,77.16,76.09,76.09,9957621
2018-06-15,76.45,76.45,75.02,75.73,18897718
2018-06-19,75.02,75.73,74.3,75.37,11423872
2018-06-20,75.37,77.52,75.02,76.8,9645514
2018-06-21,77.52,78.59,77.16,77.52,9120933
2018-06-22,77.16,78.59,77.16,78.23,7287453
2018-06-25,77.52,78.95,77.52,78.59,9023297
2018-06-26,77.87,79.3,77.87,78.59,7878823
2018-06-27,78.59,79.66,78.59,78.59,7086373
2018-06-28,78.59,79.3,77.87,77.87,8481843
2018-06-29,77.87,81.09,77.16,80.37,15678500
2018-07-02,79.3,81.45,79.3,80.37,10009886
2018-07-03,80.02,81.45,80.02,80.73,9506792
2018-07-04,80.73,81.45,79.66,81.45,9461476
2018-07-05,81.45,81.45,80.37,81.09,10667032
2018-07-06,80.73,81.09,77.87,78.23,17268500
2018-07-09,78.95,80.02,78.59,79.3,9342366
2018-07-10,80.73,80.73,79.66,80.02,12991952
2018-07-11,80.54,80.92,79.04,79.79,16300977
2018-07-12,80.17,80.92,79.42,79.79,10798844
2018-07-13,80.54,82.8,80.54,82.8,8386377
2018-07-16,82.8,83.56,81.3,81.67,7460446
2018-07-17,81.67,81.67,80.17,80.54,7088049
2018-07-18,81.3,82.05,80.17,81.67,7840804
2018-07-19,82.43,82.8,80.54,80.92,5291225
2018-07-20,81.3,81.3,80.17,80.92,5261121
2018-07-23,80.92,82.05,80.54,81.67,7187977
2018-07-24,81.67,82.43,81.3,82.43,6746395
2018-07-25,82.43,83.56,81.3,81.67,9524132
2018-07-26,82.05,83.56,81.67,83.56,9345189
2018-07-27,83.56,83.56,82.43,83.18,9126942
2018-07-30,83.18,84.31,82.8,83.93,6160354
2018-07-31,83.93,84.68,83.56,84.68,9153499
2018-08-01,84.68,85.06,84.31,85.06,9331317
2018-08-02,85.44,85.81,83.18,84.31,9948194
2018-08-03,84.68,85.06,83.56,83.93,5242175
2018-08-06,84.31,84.68,83.56,84.68,5017544
2018-08-07,84.31,84.31,83.18,83.56,5763041
2018-08-08,83.93,84.31,83.56,84.31,3895453
2018-08-09,83.93,83.93,83.56,83.93,2384759
2018-08-10,83.56,83.93,82.43,83.18,5655001
2018-08-13,83.18,83.18,80.92,81.3,5878664
2018-08-14,81.3,82.8,81.3,82.43,5555225
2018-08-15,82.43,82.43,81.3,82.05,3842951
2018-08-16,81.3,82.05,80.92,81.67,3888432
2018-08-17,82.05,82.43,81.67,82.05,3016155
2018-08-20,82.05,82.8,81.67,82.05,6791461
2018-08-21,82.43,82.8,81.67,82.05,4536152
2018-08-22,82.05,82.8,82.05,82.8,2816546
2018-08-23,82.8,85.44,82.43,85.44,9111037
2018-08-24,85.06,85.81,83.93,84.68,7565508
2018-08-27,85.06,85.81,84.68,85.44,3392948
2018-08-28,85.44,85.81,85.06,85.81,3624683
2018-08-29,85.81,85.81,85.06,85.44,3175339
2018-08-30,85.44,85.81,84.31,84.31,5675449
2018-08-31,84.68,84.68,83.93,84.68,8221541
2018-09-03,84.68,85.06,83.18,83.56,4937706
2018-09-04,83.56,84.68,83.18,84.68,2975406
2018-09-05,83.93,84.68,83.18,83.18,4689948
2018-09-06,82.8,84.31,82.8,83.93,3928405
2018-09-07,83.18,84.31,83.18,83.93,4762089
2018-09-10,84.31,85.06,83.56,83.93,8328448
2018-09-11,84.31,84.31,83.18,83.56,5416899
2018-09-12,83.93,84.31,82.43,83.56,6799456
2018-09-13,83.93,85.06,83.56,84.68,7413162
2018-09-14,85.06,85.06,83.93,84.31,5636394
2018-09-17,84.31,84.68,83.56,84.68,6728564
2018-09-18,84.31,85.06,83.56,84.68,13486781
2018-09-19,85.06,85.06,84.31,85.06,14649116
2018-09-20,85.44,85.81,84.68,85.44,10116905
2018-09-21,85.81,89.95,85.81,88.45,28372931
2018-09-25,88.45,89.58,86.19,86.94,16772921
2018-09-26,86.94,87.7,85.44,86.19,11559378
2018-09-27,86.19,88.07,86.19,88.07,17522825
2018-09-28,88.07,88.45,87.32,88.07,12567562
2018-10-01,87.7,88.45,87.7,88.45,7659378
2018-10-02,88.45,88.82,86.57,86.57,9376060
2018-10-03,86.57,86.57,84.68,85.06,10401754
2018-10-04,84.68,85.06,83.93,85.06,9190065
2018-10-05,84.31,85.81,82.05,83.56,12009812
2018-10-08,83.56,84.68,83.18,83.93,6167762
2018-10-09,84.31,85.44,83.93,85.44,4644601
2018-10-11,82.05,82.05,77.16,77.53,26407347
2018-10-12,76.4,79.79,76.03,79.79,15674860
2018-10-15,78.29,78.66,77.53,77.91,10221144
2018-10-16,77.53,78.29,77.53,78.29,6588501
2018-10-17,78.66,79.42,77.16,77.53,9271597
2018-10-18,77.53,78.29,77.16,77.53,5817033
2018-10-19,76.78,77.53,75.27,77.53,8658438
2018-10-22,76.78,77.91,76.4,77.53,3786548
2018-10-23,76.4,77.16,76.03,76.4,5753608
2018-10-24,76.4,76.78,75.27,76.03,7474962
2018-10-25,72.64,75.2,72.57,74.22,9683063
2018-10-26,74.45,75.27,73.24,73.92,8370866
2018-10-29,74.75,74.82,73.62,74.37,5034811
2018-10-30,74.52,75.65,73.77,74.22,9758112
2018-10-31,74.52,76.03,74.52,76.03,8259369
2018-11-01,75.65,76.78,75.27,76.4,5599340
2018-11-02,76.78,76.78,74.9,76.03,6306281
2018-11-05,75.65,77.53,75.27,77.53,5576386
2018-11-06,77.16,77.91,75.27,77.53,11497933
2018-11-07,76.78,77.53,76.78,77.16,7020844
2018-11-08,77.53,77.53,76.4,76.78,7341773
2018-11-09,76.4,76.4,75.27,76.03,7720263
2018-11-12,75.65,76.4,75.27,76.03,3465212
2018-11-13,74.6,76.03,74.45,75.27,4106578
2018-11-14,75.2,75.65,74.82,75.27,3659815
2018-11-15,75.65,76.4,75.27,76.03,2604529
2018-11-16,77.16,77.16,75.27,76.03,3910592
2018-11-19,76.78,77.53,76.03,76.78,6079871
2018-11-20,76.78,76.78,75.65,75.65,4754579
2018-11-21,75.27,75.65,74.9,75.12,4997521
2018-11-22,75.27,76.03,75.2,76.03,2388077
2018-11-23,76.03,76.4,75.27,75.65,3710350
2018-11-26,75.65,77.16,75.27,76.03,5667908
2018-11-27,76.03,76.03,74.52,74.52,6661810
2018-11-28,74.67,75.27,74.67,75.27,5278394
2018-11-29,75.65,76.4,74.9,74.9,7990063
2018-11-30,75.65,76.03,74.9,75.27,9915188
2018-12-03,76.4,77.53,76.03,76.78,7408629
2018-12-04,76.03,76.78,76.03,76.4,5755381
2018-12-05,76.03,77.16,74.82,76.03,5544972
2018-12-06,75.65,76.03,75.05,75.27,6723347
2018-12-07,75.27,75.65,75.27,75.65,4503484
2018-12-10,74.75,75.27,74.75,74.9,4069081
2018-12-11,74.75,74.9,74.15,74.15,7562009
2018-12-12,74.52,74.75,73.84,74.52,6685710
2018-12-13,74.07,74.82,74.07,74.6,6185087
2018-12-14,74.3,74.9,74.3,74.67,6779424
2018-12-17,74.82,75.12,74.45,74.75,3879629
2018-12-18,74.37,74.82,73.62,73.77,7712177
2018-12-19,74.0,74.9,73.69,74.75,4937832
2018-12-20,73.92,75.27,73.92,74.97,6437551
2018-12-21,74.9,75.05,74.22,74.22,4965833
2018-12-24,73.92,74.07,73.84,74.0,2634318
2018-12-25,72.26,73.17,72.26,72.79,3859550
2018-12-26,72.79,73.47,72.26,72.49,3572278
2018-12-27,73.32,74.52,72.72,73.62,3828222
2018-12-28,73.77,76.03,73.77,76.03,7228094
2019-01-02,75.27,75.65,73.47,73.47,7092649
2019-01-03,73.47,73.69,72.26,72.26,6817026
2019-01-04,71.89,72.49,71.36,71.74,9415274
2019-01-07,72.79,74.9,72.79,74.9,7558441
2019-01-08,75.2,77.16,74.82,76.78,12744229
2019-01-09,76.78,77.91,75.12,77.16,17073063
2019-01-10,75.65,76.4,75.27,75.65,12150789
2019-01-11,76.03,76.4,75.65,76.4,7005486
2019-01-14,76.03,76.78,75.65,76.4,5241911
2019-01-15,76.78,77.16,76.03,76.4,7329424
2019-01-16,76.4,76.78,76.03,76.03,5541046
2019-01-17,76.03,77.16,76.03,76.4,5238953
2019-01-18,76.78,77.53,76.4,77.16,5372356
2019-01-21,77.53,77.91,76.78,77.16,6273578
2019-01-22,77.16,77.53,76.78,77.53,3884632
2019-01-23,77.16,77.53,76.03,76.03,4427465
2019-01-24,75.27,76.4,75.27,75.27,7558367
2019-01-25,76.03,76.78,75.27,76.78,6710430
2019-01-28,76.78,77.16,76.03,76.4,5830259
2019-01-29,76.4,76.78,75.65,76.03,6835119
2019-01-30,76.4,77.16,76.03,76.78,12080065
2019-02-11,77.53,77.91,75.27,75.27,9950495
2019-02-12,75.65,76.78,75.65,76.4,4969594
2019-02-13,76.78,76.78,76.03,76.4,6565796
2019-02-14,76.4,77.16,76.03,76.4,6908580
2019-02-15,76.4,77.16,76.4,76.4,7316556
2019-02-18,76.78,77.53,76.4,77.16,6097036
2019-02-19,77.16,77.53,76.4,77.16,6686112
2019-02-20,77.16,77.53,76.78,77.53,7497058
2019-02-21,77.16,78.29,77.16,77.91,7134145
2019-02-22,77.91,78.66,77.53,78.29,5824703
2019-02-25,78.29,78.66,77.53,77.91,5276755
2019-02-26,77.91,77.91,77.16,77.53,8306977
2019-02-27,77.53,77.91,77.16,77.16,7114783
2019-03-04,77.16,77.53,76.4,76.4,11058151
2019-03-05,76.4,77.16,76.03,76.78,6816610
2019-03-06,76.78,77.91,76.4,77.53,4863577
2019-03-07,77.16,79.79,77.16,79.42,9994620
2019-03-08,78.66,79.04,77.91,78.29,9190596
2019-03-11,78.29,78.66,77.53,77.53,6338659
2019-03-12,78.29,79.04,77.91,78.66,6311930
2019-03-13,78.29,78.66,77.91,78.66,4273849
2019-03-14,78.29,78.66,77.91,78.29,4584011
2019-03-15,78.29,79.42,77.91,79.42,10738077
2019-03-18,79.04,80.17,79.04,80.17,6035709
2019-03-19,80.17,80.54,79.79,79.79,4273585
2019-03-20,80.17,80.17,79.79,80.17,4067264
2019-03-21,80.54,80.54,79.79,80.17,4070862
2019-03-22,80.17,80.92,80.17,80.92,5678301
2019-03-25,80.17,80.54,79.79,80.17,6286199
2019-03-26,80.54,81.3,80.17,81.3,4260110
2019-03-27,81.3,82.05,80.92,82.05,4919289
2019-03-28,81.67,82.05,81.3,82.05,5180637
2019-03-29,82.05,82.43,81.67,82.43,8193404
2019-04-01,82.43,82.8,80.92,80.92,7498598
2019-04-02,81.67,81.67,80.92,81.3,4318244
2019-04-03,81.3,81.3,80.92,81.3,4024917
2019-04-08,81.3,81.67,80.92,81.3,8197539
2019-04-09,81.3,82.43,80.92,82.43,7286487
2019-04-10,81.67,82.8,81.67,82.8,4477175
2019-04-11,82.43,83.18,82.05,82.8,3584719
2019-04-12,82.8,82.8,81.3,81.67,6567097
2019-04-15,81.67,82.05,81.3,81.67,4122706
2019-04-16,81.67,82.05,81.3,82.05,6422748
2019-04-17,81.67,82.43,81.3,82.05,8004651
2019-04-18,81.67,82.05,80.54,81.3,8313690
2019-04-19,81.67,82.05,80.92,81.67,2786210
2019-04-22,81.67,82.05,81.67,81.67,2191978
2019-04-23,81.67,82.43,81.3,82.43,3096151
2019-04-24,82.43,83.18,82.05,82.43,5438366
2019-04-25,82.43,83.18,82.05,83.18,4117346
2019-04-26,82.8,83.93,82.43,83.93,4668544
2019-04-29,83.56,84.68,83.56,84.68,4732464
2019-04-30,84.68,85.06,84.31,84.31,6441223
2019-05-02,84.31,85.44,83.93,84.31,8516105
2019-05-03,84.31,84.68,83.18,83.56,7675404
2019-05-06,83.18,83.56,82.43,83.56,7648257
2019-05-07,83.56,83.93,82.8,83.18,4955903
2019-05-08,82.8,82.8,82.43,82.43,6101418
2019-05-09,82.05,82.43,80.92,81.67,9277960
2019-05-10,81.67,83.18,81.3,82.43,7054081
2019-05-13,82.43,82.8,81.67,81.67,5107575
2019-05-14,80.92,82.05,80.92,81.3,5766686
2019-05-15,80.92,82.43,80.92,82.05,4779185
2019-05-16,82.05,82.8,81.67,81.67,4666861
2019-05-17,82.05,82.43,81.67,81.67,3636961
2019-05-20,82.43,82.8,82.05,82.8,4614229
2019-05-21,82.8,83.56,82.43,83.56,7000600
2019-05-22,82.8,83.18,82.43,82.8,4063163
2019-05-23,82.43,82.8,81.67,82.05,6230424
2019-05-24,80.92,81.67,80.92,81.67,5782632
2019-05-27,81.67,82.43,81.67,82.43,2586670
2019-05-28,82.43,83.18,82.05,82.8,12643810
2019-05-29,82.8,83.18,81.67,82.05,5111320
2019-05-30,82.05,82.8,81.67,82.8,6298873
2019-05-31,82.43,83.56,82.43,83.18,6121476
2019-06-03,82.8,83.18,82.05,82.43,4599089
2019-06-04,82.05,82.43,81.67,82.05,5706453
2019-06-05,82.43,82.8,82.05,82.8,3635404
2019-06-06,82.8,83.18,82.43,82.8,3763913
2019-06-10,82.43,83.56,82.43,83.56,5372394
2019-06-11,83.18,84.31,83.18,83.93,5408105
2019-06-12,83.93,84.31,83.56,84.31,5362618
2019-06-13,83.93,84.68,83.56,84.31,3983120
2019-06-14,84.31,84.31,83.93,84.31,3563731
2019-06-17,84.31,84.68,83.93,84.68,4310463
2019-06-18,84.31,84.68,83.93,84.68,4436034
2019-06-19,84.31,85.44,84.31,85.06,8513523
2019-06-20,85.44,85.81,84.31,84.68,8115991
2019-06-21,84.68,85.06,84.31,85.06,10334910
2019-06-24,85.06,86.19,84.68,86.19,6029817
2019-06-25,86.19,86.57,85.81,86.19,6036345
2019-06-26,86.19,86.19,85.81,86.19,5602878
2019-06-27,86.19,86.57,85.81,86.19,7837528
2019-06-28,86.19,86.19,85.44,86.19,6385879
2019-07-01,86.57,86.94,86.57,86.57,11993384
2019-07-02,86.01,86.01,83.63,83.63,27544176
2019-07-03,83.63,84.03,82.84,83.24,5931691
2019-07-04,83.24,83.24,82.44,82.84,3874065
2019-07-05,83.24,83.63,82.44,82.84,2937701
2019-07-08,82.44,82.84,81.65,82.44,4690024
2019-07-09,82.05,82.05,80.07,80.86,9397077
2019-07-10,80.86,82.05,80.86,81.65,5094540
2019-07-11,82.05,82.05,81.25,81.25,4781778
2019-07-12,81.65,82.84,81.65,82.44,6628161
2019-07-15,82.84,84.03,82.05,83.63,7617466
2019-07-16,83.63,83.63,82.44,82.44,3818076
2019-07-17,82.44,82.44,80.46,80.86,9906238
2019-07-18,80.46,80.86,80.07,80.46,3840734
2019-07-19,80.46,80.86,79.67,80.07,5956919
2019-07-22,80.46,81.25,80.07,80.86,6771731
2019-07-23,80.86,82.05,80.86,82.05,6510942
2019-07-24,81.65,81.65,80.07,80.07,6200179
2019-07-25,80.07,80.46,79.67,80.46,6318674
2019-07-26,80.07,80.07,79.67,80.07,3806177
2019-07-29,79.67,80.46,79.27,80.07,5697919
2019-07-30,80.07,80.46,80.07,80.46,4105900
2019-07-31,80.46,80.46,79.67,79.67,10790128
2019-08-01,79.27,79.67,78.56,78.88,7374494
2019-08-02,78.4,78.4,77.29,77.29,11966723
2019-08-05,76.89,77.13,75.79,76.5,11679711
2019-08-06,75.39,76.26,75.15,75.94,8372984
2019-08-07,76.1,76.26,75.31,75.55,6457254
2019-08-08,75.55,76.1,75.23,75.47,4504086
2019-08-12,75.15,75.39,74.44,74.44,6035892
2019-08-13,74.28,74.28,72.85,73.33,10460614
2019-08-14,73.72,74.83,73.57,74.2,6191895
2019-08-15,73.09,73.09,71.35,71.58,13904055
2019-08-16,71.58,72.53,71.43,72.22,9474293
2019-08-19,72.53,73.01,72.3,72.93,5734040
2019-08-20,72.93,73.96,72.85,73.8,5486576
2019-08-21,73.88,74.2,73.57,73.64,5129039
2019-08-22,74.44,74.44,73.17,73.17,4821383
2019-08-23,73.25,74.04,73.25,74.04,2985240
2019-08-26,73.25,73.25,72.06,72.69,6036911
2019-08-27,73.17,73.25,71.82,71.82,13740466
2019-08-28,72.3,72.53,72.06,72.53,3923300
2019-08-29,72.3,72.53,71.98,72.46,3950523
2019-08-30,72.93,74.68,72.69,74.6,8693554
2019-09-02,74.2,75.15,73.88,74.52,4358836
2019-09-03,74.52,74.91,74.12,74.28,4410407
2019-09-04,74.52,75.55,74.2,75.07,7879849
2019-09-05,75.39,76.58,75.39,76.1,7529473
2019-09-06,76.1,76.18,75.39,75.47,4714307
2019-09-10,75.94,75.94,75.07,75.71,3948192
2019-09-11,75.31,75.86,75.15,75.63,5455798
2019-09-12,76.42,76.5,76.02,76.18,4671403
2019-09-16,77.69,79.67,77.29,77.69,16810361
2019-09-17,78.4,78.4,77.21,77.53,6261623
2019-09-18,77.21,77.85,76.74,77.37,6155479
2019-09-19,77.37,77.61,76.58,77.13,2982790
2019-09-20,77.29,77.37,77.13,77.37,8084253
2019-09-23,77.53,77.69,76.5,76.74,4425377
2019-09-24,76.58,76.74,76.02,76.66,5802833
2019-09-25,76.18,76.5,75.31,75.71,6687903
2019-09-26,76.1,76.26,75.79,76.26,4905863
2019-09-27,75.55,76.26,74.91,74.91,4995618
2019-10-01,75.79,75.79,74.52,75.15,7116037
2019-10-02,74.6,75.15,74.28,74.36,5225607
2019-10-03,73.17,74.28,73.17,73.8,4221443
2019-10-04,73.57,74.12,73.49,73.96,4751744
2019-10-07,73.96,74.6,73.8,74.6,2241597
2019-10-08,74.28,75.23,74.28,74.75,3507484
2019-10-09,74.75,74.91,73.8,73.8,3607184
2019-10-14,74.28,74.36,73.88,73.96,7099554
2019-10-15,74.12,74.99,73.96,74.99,4435139
2019-10-16,75.23,76.02,74.99,76.02,6746383
2019-10-17,76.02,76.82,75.71,76.58,5752689
2019-10-18,76.26,76.89,76.1,76.1,4387998
2019-10-21,76.18,76.74,75.47,75.63,4925948
2019-10-22,75.86,76.74,75.63,76.74,5207492
2019-10-23,76.34,76.74,75.79,75.94,4393733
2019-10-24,75.94,77.29,75.94,77.29,5966402
2019-10-25,77.29,77.45,76.66,77.13,3730332
2019-10-28,77.21,77.21,76.42,77.05,3145919
2019-10-29,77.61,77.61,77.13,77.45,3503154
2019-10-30,76.34,77.93,76.34,77.93,6457634
2019-10-31,78.16,78.16,77.29,77.53,5622172
2019-11-01,77.53,77.77,77.29,77.77,1695283
2019-11-04,77.85,78.4,77.85,78.4,4609817
2019-11-05,78.08,78.8,77.77,78.4,6330649
2019-11-06,78.56,78.56,77.61,78.24,5328677
2019-11-07,78.24,78.24,77.29,77.85,4170672
2019-11-08,77.85,77.85,76.89,77.21,5374906
2019-11-11,77.05,77.05,76.34,76.89,5654417
2019-11-12,77.05,77.13,76.42,76.82,4000635
2019-11-13,76.5,76.74,76.1,76.34,3831604
2019-11-14,75.79,76.66,75.79,76.58,2301521
2019-11-15,77.61,77.61,76.34,76.74,2951955
2019-11-18,76.74,77.21,76.42,77.21,2261505
2019-11-19,76.58,77.21,76.5,77.21,3758476
2019-11-20,76.89,76.89,76.34,76.5,5470345
2019-11-21,75.79,76.34,75.71,76.26,3508295
2019-11-22,76.5,76.74,76.1,76.74,2946335
2019-11-25,76.82,77.13,76.58,76.89,3053736
2019-11-26,76.89,78.08,76.74,77.69,19827607
2019-11-27,77.21,78.08,77.21,78.0,3970932
2019-11-28,78.0,78.24,77.69,77.93,4111980
2019-11-29,77.93,78.08,76.89,77.05,4869337
2019-12-02,77.69,77.85,77.29,77.77,2977666
2019-12-03,77.45,77.53,76.89,77.29,3365370
2019-12-04,77.29,77.29,76.34,77.29,4012461
2019-12-05,77.37,77.45,76.42,76.42,4246489
2019-12-06,76.34,77.05,76.26,77.05,2242719
2019-12-09,76.66,76.74,76.34,76.66,4512515
2019-12-10,76.5,76.5,76.18,76.5,4270674
2019-12-11,76.5,76.5,76.1,76.5,3331091
2019-12-12,76.5,77.05,76.5,76.82,5144310
2019-12-13,77.13,77.29,76.74,76.74,6450550
2019-12-16,76.74,77.61,76.66,76.74,12926
2019-12-17,76.89,78.56,76.89,78.56,7410035
2019-12-18,78.56,80.46,78.16,80.46,10884002
2019-12-19,80.46,80.46,78.88,79.19,8202923
2019-12-20,78.88,80.07,78.72,80.07,8174619
2019-12-23,80.07,80.07,79.27,80.07,3050652
2019-12-24,80.07,80.46,79.27,79.67,2389013
2019-12-25,79.27,79.67,78.96,79.27,2616164
2019-12-26,79.27,79.67,78.72,79.11,2672016
2019-12-27,79.67,80.46,79.19,80.07,4874494
2019-12-30,79.67,80.46,79.19,79.19,4266138
2019-12-31,79.27,79.67,79.11,79.11,2592133
2020-01-02,79.27,79.27,78.72,78.96,3326184
2020-01-03,78.96,80.46,78.72,80.46,5636265
2020-01-06,80.46,80.86,80.07,80.86,6514815
2020-01-07,80.46,80.86,80.07,80.46,6945442
2020-01-08,80.46,80.46,79.27,79.27,4643180
2020-01-09,79.27,80.07,78.72,79.27,3764115
2020-01-10,78.96,79.67,78.96,79.11,1771225
2020-01-13,79.11,79.27,78.56,79.04,3901996
2020-01-14,78.72,78.88,78.08,78.32,8346931
2020-01-15,78.32,78.32,77.69,78.08,5092736
2020-01-16,77.69,77.77,77.53,77.61,3519448
2020-01-17,77.93,78.48,77.77,78.48,2646386
2020-01-20,78.24,78.8,78.24,78.48,2212807
2020-01-30,75.63,75.79,72.46,72.61,18763647
2020-01-31,73.09,74.6,73.09,74.04,7374210
2020-02-03,72.93,74.75,72.22,73.72,7610581
2020-02-04,76.74,76.74,74.12,74.12,4797825
2020-02-05,73.72,73.72,72.77,73.49,5458431
2020-02-06,74.04,75.07,73.72,74.91,4602623
2020-02-07,73.96,74.68,73.96,74.28,3776264
2020-02-10,73.72,74.52,73.01,74.52,3487178
2020-02-11,74.36,74.52,73.96,74.28,2993810
2020-02-12,74.12,74.75,74.12,74.52,3709189
2020-02-13,74.36,75.31,74.36,75.15,4425809
2020-02-14,74.99,75.55,74.99,75.47,4111365
2020-02-17,74.75,75.15,74.2,75.15,4204922
2020-02-18,74.83,75.23,74.44,75.15,3612597
2020-02-19,75.63,76.5,75.39,76.26,4207394
2020-02-20,76.26,76.42,75.07,75.07,4669002
2020-02-21,74.99,75.79,74.91,74.99,3810385
2020-02-24,73.72,74.52,73.72,73.96,6602369
2020-02-25,73.8,73.88,73.25,73.8,10882880
2020-02-26,72.61,72.93,72.53,72.53,13300382
2020-02-27,72.22,72.53,71.9,72.14,11741327
2020-03-02,71.35,71.74,70.55,71.35,10056015
2020-03-03,71.74,73.09,71.66,72.61,6652079
2020-03-04,72.46,73.41,72.38,73.33,4707906
2020-03-05,73.33,74.04,73.17,73.96,3877076
2020-03-06,73.72,73.72,72.22,72.46,6610017
2020-03-09,70.55,71.35,70.55,70.79,15180384
2020-03-10,70.71,71.11,69.84,70.55,9498287
2020-03-11,70.47,71.5,70.0,70.47,8459290
2020-03-12,69.76,69.76,66.35,66.59,17004759
2020-03-13,61.83,65.08,61.2,63.89,21022278
2020-03-16,63.97,64.21,61.83,61.99,11464248
2020-03-17,61.2,61.44,58.74,59.14,16959562
2020-03-18,58.98,58.98,55.49,55.49,24594228
2020-03-19,53.11,53.43,51.37,52.8,27553547
2020-03-20,53.35,55.25,53.35,54.54,27125856
2020-03-23,51.92,53.91,51.53,52.88,17033927
2020-03-24,55.09,56.28,54.78,55.89,12773263
2020-03-25,57.55,59.69,57.55,59.38,14694236
2020-03-26,60.25,60.25,58.03,58.74,10096363
2020-03-27,59.77,60.09,59.06,59.22,10394418
2020-03-30,58.03,60.25,56.76,59.61,11356529
2020-03-31,59.77,60.41,59.45,59.53,10645383
2020-04-01,59.61,59.93,58.98,58.98,7804138
2020-04-06,62.15,62.63,60.09,61.52,14843479
2020-04-07,62.7,63.42,62.63,63.26,11267920
2020-04-08,63.1,64.13,62.63,63.74,10349004
2020-04-09,63.89,64.21,63.5,63.89,7789986
2020-04-10,63.81,65.96,63.81,64.92,7685743
2020-04-13,64.29,65.0,63.97,63.97,6968203
2020-04-14,63.97,65.64,63.97,65.16,9733832
2020-04-15,65.56,66.11,65.48,65.88,8529766
2020-04-16,64.85,65.8,64.61,65.08,8351347
2020-04-17,65.96,67.14,65.88,65.96,8984434
2020-04-20,65.64,65.8,64.77,65.32,11097728
2020-04-21,64.61,64.69,63.42,63.5,13382653
2020-04-22,63.1,63.58,62.31,63.58,10182344
2020-04-23,63.89,64.61,63.5,63.74,7311066
2020-04-24,63.74,64.13,63.42,63.42,4599765
2020-04-27,64.53,65.32,63.97,65.0,7579371
2020-04-28,65.56,65.56,65.0,65.56,5111272
2020-04-29,65.8,66.83,65.8,66.43,8766547
2020-04-30,67.38,69.76,66.99,69.68,16349434
2020-05-04,66.27,68.73,66.27,67.78,12297808
2020-05-05,68.49,69.05,67.46,68.02,5736789
2020-05-06,68.02,68.73,67.38,67.62,7289209
2020-05-07,67.62,68.25,67.46,67.62,6107377
2020-05-08,68.73,69.13,68.17,68.49,6407175
2020-05-11,69.36,69.68,68.97,69.36,5707057
2020-05-12,68.97,69.13,68.33,68.57,6454715
2020-05-13,68.02,68.1,66.59,67.46,15932450
2020-05-14,66.43,66.91,66.19,66.19,13424766
2020-05-15,66.59,66.83,65.8,66.27,7819003
2020-05-18,65.88,67.78,65.4,67.38,8185536
2020-05-19,68.65,69.6,68.17,68.33,19084022
2020-05-20,68.81,68.89,67.7,68.49,6018660
2020-05-21,68.17,68.73,68.02,68.57,6359310
2020-05-22,68.25,68.33,67.38,67.38,8336697
2020-05-25,67.38,67.62,65.96,66.83,6865207
2020-05-26,67.3,68.41,67.06,67.94,8869865
2020-05-27,67.86,68.25,67.38,67.54,6288692
2020-05-28,67.62,67.94,66.19,66.43,12712233
2020-05-29,66.11,67.06,65.8,65.8,69623419
2020-06-01,66.11,66.99,65.96,66.43,11063191
2020-06-02,66.75,66.99,66.59,66.83,5399308
2020-06-03,68.1,68.49,67.7,68.25,11542197
2020-06-04,68.97,68.97,68.25,68.81,9112138
2020-06-05,68.97,69.44,68.65,69.44,8290499
2020-06-08,69.92,70.79,69.52,70.71,11075553
2020-06-09,70.55,70.95,70.0,70.95,6933175
2020-06-10,70.95,71.19,70.55,70.87,7237968
2020-06-11,70.79,70.79,69.28,69.76,10038435
2020-06-12,67.78,68.89,67.78,68.49,9396385
2020-06-15,68.49,69.05,67.86,68.17,7930932
2020-06-16,68.41,68.89,68.17,68.25,11128020
2020-06-17,68.25,69.05,68.25,68.33,8446686
2020-06-18,68.41,68.65,68.02,68.33,7511835
2020-06-19,68.41,69.13,68.02,68.02,13837173
2020-06-22,68.17,69.44,68.17,68.81,9261908
2020-06-23,68.97,69.36,68.57,68.89,7802954
2020-06-24,69.05,69.52,68.97,69.28,8483435
2020-06-29,68.73,69.13,68.57,68.65,10214303
2020-06-30,68.97,69.52,68.89,69.44,14889625
2020-07-01,69.44,69.92,69.28,69.44,21516545
2020-07-02,69.44,70.86,69.44,69.94,25404826
2020-07-03,70.61,70.7,70.28,70.36,5090732
2020-07-06,70.53,70.78,70.44,70.44,7815980
2020-07-07,70.7,70.78,69.78,69.86,9299477
2020-07-08,69.86,70.11,69.44,69.44,7838377
2020-07-09,69.69,69.86,69.28,69.28,7188407
2020-07-10,69.11,69.11,68.44,68.44,8422659
2020-07-13,68.44,68.86,68.36,68.44,7260204
2020-07-14,68.44,68.44,67.61,67.61,10503731
2020-07-15,67.86,67.94,66.77,67.11,14697334
2020-07-16,67.61,67.77,67.27,67.61,8437803
2020-07-17,68.27,68.27,67.61,67.61,4780364
2020-07-20,67.61,67.61,66.94,67.19,3568746
2020-07-21,67.52,67.69,67.19,67.19,6208029
2020-07-22,67.19,67.77,66.94,67.19,7030672
2020-07-23,67.11,67.52,66.86,66.86,4345195
2020-07-24,66.69,67.11,66.52,66.52,9196555
2020-07-27,66.35,66.35,64.94,65.19,13527205
2020-07-28,64.69,64.77,64.27,64.52,13680028
2020-07-29,64.52,66.44,64.44,65.02,5872856
2020-07-30,66.1,66.1,65.27,65.52,5746834
2020-07-31,65.52,66.02,65.35,65.52,4007654
2020-08-03,65.52,65.52,64.52,64.6,7811199
2020-08-04,64.69,65.1,64.6,64.77,4943523
2020-08-05,64.85,65.35,64.85,65.19,3181007
2020-08-06,65.6,66.35,65.52,66.02,5637607
2020-08-07,66.44,67.11,66.44,66.44,6965602
2020-08-10,66.77,67.69,66.52,67.69,6045551
2020-08-11,68.02,68.61,67.94,68.02,8342796
2020-08-12,68.02,68.19,67.11,67.36,4268848
2020-08-13,67.94,67.94,67.19,67.52,2862998
2020-08-14,66.94,67.44,66.77,67.44,2780428
2020-08-17,67.52,68.19,67.44,68.02,3828700
2020-08-18,68.19,68.19,67.44,67.94,3303896
2020-08-19,67.94,67.94,67.19,67.19,4540528
2020-08-20,66.77,67.19,65.27,65.94,8217518
2020-08-21,66.61,66.86,66.27,66.61,3340144
2020-08-24,66.52,66.52,65.94,66.1,2361903
2020-08-25,66.1,66.77,66.1,66.1,3314528
2020-08-26,66.19,66.52,65.94,66.44,3310861
2020-08-27,66.61,66.61,65.69,65.85,4445017
2020-08-28,65.85,66.27,65.6,65.85,5059080
2020-08-31,65.94,66.19,65.1,65.27,8254788
2020-09-01,65.1,65.1,64.35,65.02,7295393
2020-09-02,64.85,65.52,64.69,65.1,5344879
2020-09-03,65.27,66.77,65.1,65.44,5315631
2020-09-04,65.02,65.52,64.77,65.52,5506077
2020-09-07,65.69,66.61,65.69,66.44,5932388
2020-09-08,66.61,66.61,65.94,66.44,3870535
2020-09-09,65.94,66.1,65.35,66.1,4124409
2020-09-10,66.1,66.27,65.69,65.69,2738104
2020-09-11,65.77,66.02,65.19,65.94,4324874
2020-09-14,66.35,66.35,65.69,66.1,2830084
2020-09-15,65.94,66.19,65.6,66.1,2796146
2020-09-16,66.1,66.19,65.77,65.85,4017518
2020-09-17,66.1,66.1,65.35,65.6,4652128
2020-09-18,66.35,68.69,66.27,68.11,31396447
2020-09-21,68.36,69.61,68.36,69.53,20734957
2020-09-22,69.03,69.11,67.61,67.94,10823429
2020-09-23,67.94,68.11,66.77,66.86,7134644
2020-09-24,65.94,66.35,64.77,65.1,17089274
2020-09-25,65.85,66.19,65.35,65.94,7051070
2020-09-28,66.19,66.52,65.94,66.27,4240332
2020-09-29,66.69,66.69,65.85,65.85,4268696
2020-09-30,66.44,66.44,65.6,65.6,5597014
2020-10-05,66.44,66.94,66.02,66.77,7443940
2020-10-06,67.36,67.94,67.27,67.77,5456942
2020-10-07,67.44,67.61,67.02,67.44,3928719
2020-10-08,67.61,67.61,66.94,67.61,3948999
2020-10-12,67.77,68.11,67.27,67.77,4155788
2020-10-13,67.52,67.52,66.86,67.52,2812322
2020-10-14,67.52,67.69,66.77,66.77,4262030
2020-10-15,66.61,67.19,65.94,66.1,6822543
2020-10-16,66.19,66.61,65.94,65.94,4611489
2020-10-19,66.02,66.61,65.94,66.02,3265835
2020-10-20,66.02,66.35,65.94,66.35,2426165
2020-10-21,66.44,66.52,65.94,65.94,4306026
2020-10-22,65.85,66.61,65.85,66.61,3502081
2020-10-23,66.44,66.61,66.1,66.61,2247120
2020-10-26,66.61,67.11,66.61,66.94,3565565
2020-10-27,66.35,67.02,66.35,67.02,2603527
2020-10-28,66.94,67.02,66.35,66.35,2808928
2020-10-29,65.69,66.19,65.52,65.85,5064288
2020-10-30,65.77,66.1,65.27,66.02,6519061
2020-11-02,66.02,66.52,65.85,66.52,2927339
2020-11-03,66.77,67.77,66.69,67.61,8197392
2020-11-04,66.77,67.94,66.61,67.86,6599819
2020-11-05,67.94,68.27,67.61,68.02,4712120
2020-11-06,68.02,68.19,67.77,68.02,5233111
2020-11-09,68.44,68.78,67.86,68.27,6065059
2020-11-10,68.86,70.95,68.86,70.86,28422601
2020-11-11,71.2,74.28,71.11,74.28,42945966
2020-11-12,74.28,74.28,72.7,73.45,13287237
2020-11-13,73.03,73.12,72.2,72.61,9784428
2020-11-16,72.95,74.03,72.7,73.53,18506033
2020-11-17,73.78,73.78,72.78,73.45,12145023
2020-11-18,73.45,73.45,72.78,73.45,9109907
2020-11-19,73.12,73.7,72.78,73.53,8995101
2020-11-20,73.45,73.7,73.03,73.7,6098640
2020-11-23,73.78,74.28,73.7,74.12,8910146
2020-11-24,74.03,74.12,72.78,73.12,7889988
2020-11-25,73.45,73.78,73.2,73.28,5913834
2020-11-26,73.12,73.45,72.87,73.12,4372248
2020-11-27,72.7,73.03,72.28,72.78,10296172
2020-11-30,73.03,73.45,71.11,71.11,18988489
2020-12-01,71.53,73.12,71.53,73.12,7172352
2020-12-02,72.11,73.45,72.11,73.2,7846393
2020-12-03,72.95,73.87,72.95,73.87,10791003
2020-12-04,73.95,75.12,73.95,74.53,16668347
2020-12-07,74.78,75.37,74.53,74.7,9772073
2020-12-08,74.45,75.29,74.37,74.7,9332577
2020-12-09,74.7,75.2,74.53,75.12,7754600
2020-12-10,74.87,75.2,74.53,75.04,7364860
2020-12-11,75.12,75.37,74.2,74.95,6612502
2020-12-14,75.12,75.29,74.95,74.95,3875423
2020-12-15,74.7,74.95,73.45,74.45,6676860
2020-12-16,74.62,75.29,74.45,75.29,6192016
2020-12-17,75.2,75.29,74.2,74.95,3967644
2020-12-18,74.7,75.12,73.62,73.62,7415187
2020-12-21,74.03,77.21,74.03,77.04,16671899
2020-12-22,77.04,78.71,76.62,76.87,16873871
2020-12-23,76.62,77.21,76.04,76.37,5275000
2020-12-24,76.7,77.62,76.7,77.29,3549849
2020-12-25,77.21,77.71,77.21,77.46,4322398
2020-12-28,77.71,78.46,77.54,78.29,5671921
2020-12-29,78.29,78.62,77.29,78.46,7024722
2020-12-30,78.46,80.88,78.46,80.71,16378121
2020-12-31,80.71,81.8,80.21,80.46,11815375
2021-01-04,79.38,81.71,79.21,80.71,12946782
2021-01-05,80.79,80.79,78.87,79.29,9383075
2021-01-06,79.13,80.04,77.79,78.79,9460649
2021-01-07,78.87,81.21,78.87,81.04,14112223
2021-01-08,81.8,81.8,80.38,81.8,14566747
2021-01-11,81.8,82.63,81.46,82.63,13360531
2021-01-12,82.71,82.8,80.96,81.46,8986652
2021-01-13,81.71,82.55,81.38,81.8,8136973
2021-01-14,82.05,82.05,80.63,81.3,7768587
2021-01-15,80.96,81.3,78.37,78.87,13281210
2021-01-18,78.87,78.96,76.54,77.71,10137457
2021-01-19,77.37,77.96,77.21,77.79,6063756
2021-01-20,77.37,77.46,75.95,76.45,13930743
2021-01-21,76.29,77.29,76.04,76.29,5968627
2021-01-22,76.45,76.45,75.37,75.62,9659937
2021-01-25,75.54,77.29,75.45,77.12,8024695
2021-01-26,77.12,77.21,75.54,76.04,9310892
2021-01-27,76.54,76.62,75.79,75.79,6481760
2021-01-28,75.12,75.54,73.53,74.37,11856652
2021-01-29,73.7,74.37,72.61,72.61,13002929
2021-02-01,72.61,74.03,72.61,73.53,5543821
2021-02-02,73.45,75.54,72.28,75.2,7940416
2021-02-03,75.2,75.62,74.28,75.54,5850610
2021-02-04,74.45,75.95,74.45,75.54,5069245
2021-02-05,75.29,76.12,74.7,74.95,13332002
2021-02-17,76.54,80.88,76.12,80.29,25322899
2021-02-18,80.96,81.46,79.63,80.04,12129232
2021-02-19,80.13,80.79,79.38,79.54,10350079
2021-02-22,80.79,82.13,80.38,81.04,13585539
2021-02-23,81.38,83.88,81.04,83.21,25138149
2021-02-24,83.88,84.3,83.21,83.47,17507657
2021-02-25,83.88,84.3,83.38,83.47,12349707
2021-02-26,82.21,82.63,80.13,81.38,19343125
2021-03-02,82.13,83.38,81.96,81.96,10805088
2021-03-03,82.8,85.13,82.21,84.3,23395611
2021-03-04,84.3,85.97,83.88,84.72,16393293
2021-03-05,84.72,85.55,83.88,84.72,9530231
2021-03-08,85.55,85.97,84.3,84.72,10008686
2021-03-09,85.13,85.97,84.72,85.55,9414567
2021-03-10,85.97,88.47,85.55,87.22,20415321
2021-03-11,87.64,89.73,87.22,87.64,16312916
2021-03-12,88.06,88.47,86.39,87.64,6780750
2021-03-15,86.8,87.64,85.13,85.97,10107746
2021-03-16,85.55,85.97,83.88,84.3,12675839
2021-03-17,83.88,85.13,83.88,84.3,10277939
2021-03-18,83.88,84.72,83.47,83.88,10700380
2021-03-19,82.71,83.13,80.96,81.04,25535213
2021-03-22,80.63,83.88,80.21,83.47,12361357
2021-03-23,83.47,84.3,82.71,83.13,6411643
2021-03-24,82.96,83.38,82.13,82.55,7199359
2021-03-25,82.21,83.88,82.21,83.47,5136407
2021-03-26,83.88,84.3,83.05,84.3,7703460
2021-03-29,84.72,84.72,83.88,84.72,5510396
2021-03-30,84.72,84.72,83.47,83.88,6732907
2021-03-31,83.88,84.3,83.47,84.3,6467496
2021-04-01,84.72,84.72,83.47,83.88,3630314
2021-04-07,83.88,84.3,83.21,83.88,6485415
2021-04-08,83.47,84.3,83.21,83.88,7052060
2021-04-09,84.72,87.22,84.3,85.97,16387338
2021-04-12,86.39,87.22,85.13,85.97,14514776
2021-04-13,86.39,87.22,85.13,85.13,13269613
2021-04-14,85.13,87.22,85.13,86.8,18777516
2021-04-15,87.64,90.98,87.64,90.14,28876842
2021-04-16,89.73,92.23,88.89,90.98,22477012
2021-04-19,92.23,93.48,91.81,93.06,16014029
2021-04-20,93.06,93.06,90.56,91.39,13642901
2021-04-21,90.56,90.98,89.31,90.56,14874480
2021-04-22,90.98,92.23,88.89,90.14,19186680
2021-04-23,88.89,90.14,86.8,89.31,15154342
2021-04-26,88.89,89.73,88.06,89.73,9158952
2021-04-27,89.31,90.56,88.47,90.56,8673785
2021-04-28,89.73,90.56,88.06,88.47,9938186
2021-04-29,88.06,90.14,88.06,88.47,12263727
2021-05-03,88.47,90.98,88.47,89.73,13662334
2021-05-04,90.98,92.23,88.47,89.31,23652627
2021-05-05,89.73,91.39,89.31,90.14,11252737
2021-05-06,90.14,94.32,90.14,94.32,30406788
2021-05-07,93.48,93.9,85.97,87.64,44335742
2021-05-10,88.06,89.31,87.22,88.47,12991695
2021-05-11,86.8,87.64,83.88,85.55,19797644
2021-05-12,85.55,85.55,77.04,79.88,27995167
2021-05-13,78.46,80.38,76.12,78.71,15117259
2021-05-14,78.87,81.55,77.96,79.71,11546259
2021-05-17,77.87,79.21,77.21,77.96,14965355
2021-05-18,77.54,82.13,77.46,81.71,10313994
2021-05-19,80.38,83.21,80.13,82.21,7970276
2021-05-20,81.04,82.13,80.13,80.79,9030333
2021-05-21,81.21,83.05,80.54,81.88,6496488
2021-05-24,81.71,83.05,80.96,82.55,5686134
2021-05-25,82.8,86.39,82.71,85.55,12404063
2021-05-26,85.13,85.55,83.47,84.72,4843370
2021-05-27,85.13,85.13,83.47,84.3,11117669
2021-05-28,84.72,85.13,83.88,84.72,8125041
2021-05-31,84.72,87.22,84.72,86.39,10837082
2021-06-01,85.97,86.8,85.55,85.97,3769909
2021-06-02,86.8,88.89,85.97,88.47,11154432
2021-06-03,88.47,88.89,87.64,88.47,6580741
2021-06-04,87.22,88.89,87.22,88.47,6543387
2021-06-07,88.47,89.31,88.06,88.89,6442394
2021-06-08,89.31,89.31,86.8,86.8,6765341
2021-06-09,86.8,87.22,85.55,85.97,7110382
2021-06-10,85.97,88.06,85.97,88.06,6311707
2021-06-11,87.64,87.64,86.39,86.39,2963563
2021-06-15,87.22,87.64,86.39,86.8,3919625
2021-06-16,85.97,87.64,85.97,87.22,5405312
2021-06-17,85.97,86.8,85.97,86.39,3671293
2021-06-18,85.55,85.97,84.3,85.13,13281704
2021-06-21,83.47,84.72,83.13,83.47,7287008
2021-06-22,84.72,85.97,83.88,85.13,7277419
2021-06-23,84.72,86.8,84.72,86.39,5100799
2021-06-24,86.39,86.8,85.13,85.97,3044218
2021-06-25,85.55,87.64,85.55,86.8,7467282
2021-06-28,87.22,87.64,85.55,85.97,5593404
2021-06-29,85.55,87.22,85.13,86.8,6156300
2021-06-30,86.8,87.22,85.55,85.97,7752310
2021-07-01,85.55,87.64,85.55,86.8,10184256
2021-07-02,87.64,90.14,86.8,87.64,14769547
2021-07-05,88.89,90.14,88.47,89.73,12918683
2021-07-06,90.14,90.14,88.06,88.47,6847019
2021-07-07,87.64,88.47,86.8,87.64,6943574
2021-07-08,88.06,88.06,85.97,86.39,7440947
2021-07-09,85.55,86.8,84.3,86.39,13888633
2021-07-12,87.64,88.06,85.55,85.97,6949690
2021-07-13,86.39,86.8,84.72,85.97,7872240
2021-07-14,85.97,86.8,85.13,86.39,6464192
2021-07-15,86.39,87.22,85.55,86.8,4727873
2021-07-16,86.39,87.22,85.97,87.22,4795206
2021-07-19,86.39,86.8,84.72,85.55,6297096
2021-07-20,84.72,85.55,84.3,84.72,5916922
2021-07-21,84.72,85.13,83.21,83.47,10681259
2021-07-22,84.3,85.13,83.47,85.13,6303779
2021-07-23,84.72,85.55,84.3,84.72,3272324
2021-07-26,84.3,84.72,82.88,82.96,8284135
2021-07-27,82.88,83.47,82.71,83.21,5840220
2021-07-28,83.21,83.88,82.21,83.47,7843154
2021-07-29,83.05,85.13,83.05,85.13,8026295
2021-07-30,85.48,86.33,85.22,85.31,13041114
2021-08-02,86.33,87.19,85.9,87.19,6361568
2021-08-03,85.9,86.33,85.48,86.33,4584571
2021-08-04,85.9,86.76,85.48,86.76,3369532
2021-08-05,86.76,87.19,86.33,86.33,4387056
2021-08-06,86.33,88.04,85.9,87.61,5194329
2021-08-09,86.76,87.19,85.9,86.76,4884829
2021-08-10,86.76,86.76,84.79,85.05,7327379
2021-08-11,85.31,85.9,84.96,85.9,4163398
2021-08-12,85.9,86.33,85.48,85.9,1656894
2021-08-13,85.48,85.48,84.19,85.31,4146597
2021-08-16,84.19,85.9,84.19,84.88,5418255
2021-08-17,84.88,84.88,84.88,84.88,0
2021-08-18,84.19,85.05,83.77,85.05,5803242
2021-08-19,84.88,84.96,82.57,82.66,8112078
2021-08-20,83.94,83.94,81.72,81.89,5278331
2021-08-23,82.66,84.02,82.4,83.77,2884625
2021-08-24,84.37,84.79,84.02,84.71,3047427
2021-08-25,84.88,85.31,83.77,85.05,3669792
2021-08-26,84.37,84.71,84.02,84.54,3139549
2021-08-27,84.54,85.9,84.19,85.9,3952033
2021-08-30,86.76,87.61,86.33,87.61,7144422
2021-08-31,86.76,87.61,85.48,87.61,6681799
2021-09-01,86.33,86.76,85.13,85.48,7024512
2021-09-02,85.48,85.9,84.45,84.45,5659462
2021-09-03,85.22,86.76,84.62,85.9,6928312
2021-09-06,85.48,85.9,84.79,84.88,3574524
2021-09-07,85.13,86.33,84.96,85.9,3952426
2021-09-08,85.9,86.33,84.88,85.9,4266240
2021-09-09,85.22,85.22,84.19,84.71,6253161
2021-09-10,84.62,85.13,84.37,84.79,6691147
2021-09-13,85.22,86.76,84.88,85.9,9050237
2021-09-14,86.33,87.61,85.9,87.19,10643525
2021-09-15,87.19,88.04,86.33,87.19,6623367
2021-09-16,88.04,88.9,87.61,88.04,10646584
2021-09-17,88.9,88.9,87.19,87.19,10686630
2021-09-22,85.9,86.76,85.48,85.48,7913252
2021-09-23,86.76,88.47,85.9,87.61,7161484
2021-09-24,88.47,91.03,87.61,90.61,18883390
2021-09-27,91.89,95.73,91.46,95.31,33746221
2021-09-28,95.31,97.44,93.17,97.44,29468954
2021-09-29,95.31,100.01,94.88,97.02,36366252
2021-09-30,97.87,98.3,94.45,97.02,19900858
2021-10-01,96.16,97.02,92.31,94.02,17380201
2021-10-04,95.73,95.73,92.74,94.88,14805053
2021-10-05,94.45,99.15,94.45,98.3,29107912
2021-10-06,98.73,101.72,98.3,100.86,30193967
2021-10-07,100.43,100.86,99.15,100.86,19525969
2021-10-08,101.72,101.72,99.15,100.86,12037882
2021-10-12,100.01,101.72,98.3,100.43,15456321
2021-10-13,100.86,103.43,97.87,98.73,19475600
2021-10-14,98.73,99.15,96.59,97.44,13185434
2021-10-15,97.87,98.3,94.88,97.87,11985201
2021-10-18,97.44,99.15,96.59,98.3,10848908
2021-10-19,98.3,98.73,96.59,97.44,8131424
2021-10-20,97.02,97.44,94.02,97.02,16774594
2021-10-21,96.16,97.02,95.31,97.02,20192338
2021-10-22,95.73,96.59,93.6,94.02,11878548
2021-10-25,93.17,95.31,93.17,95.31,7520209
2021-10-26,95.31,95.31,94.02,94.02,7136523
2021-10-27,94.02,94.88,93.6,94.88,9325583
2021-10-28,94.02,94.02,91.89,92.31,10725293
2021-10-29,91.89,92.31,91.03,91.89,12808884
2021-11-01,92.74,92.74,90.18,91.46,9306560
2021-11-02,91.89,92.74,90.61,91.03,11763369
2021-11-03,90.61,91.89,90.61,91.89,9004976
2021-11-04,92.31,92.31,89.75,90.61,9162650
2021-11-05,90.61,92.31,90.18,91.46,8745405
2021-11-08,91.89,94.02,91.46,94.02,12758923
2021-11-09,93.17,93.6,91.46,91.89,11716857
2021-11-10,92.31,92.74,90.61,91.46,10129963
2021-11-11,91.03,91.03,89.32,90.18,15001508
2021-11-12,90.61,92.31,90.18,91.89,8068265
2021-11-15,91.89,91.89,90.61,91.46,7902519
2021-11-16,91.46,91.46,90.18,91.03,7170296
2021-11-17,90.18,90.61,89.75,90.61,14505416
2021-11-18,90.18,91.89,89.75,91.46,8788125
2021-11-19,91.46,91.46,88.47,88.47,16148275
2021-11-22,87.61,90.18,87.61,89.32,9126562
2021-11-23,89.32,90.18,88.9,89.75,4975372
2021-11-24,89.75,91.03,89.32,90.61,7428995
2021-11-25,90.61,90.61,89.32,89.75,3850810
2021-11-26,88.9,89.32,88.47,88.47,6102358
2021-11-29,87.19,89.32,86.76,88.04,8153692
2021-11-30,87.61,88.9,87.19,87.61,17823759
2021-12-01,87.19,88.9,87.19,88.9,4434349
2021-12-02,88.04,89.32,88.04,88.47,4627920
2021-12-03,88.47,89.32,88.04,88.47,4786457
2021-12-06,88.04,89.32,87.61,88.9,5737825
2021-12-07,88.9,89.75,88.04,88.47,6835096
2021-12-08,89.32,90.61,88.9,89.32,8568255
2021-12-09,89.75,90.18,88.9,89.75,5401323
2021-12-10,89.32,89.75,88.9,88.9,3734500
2021-12-13,88.9,89.75,88.04,88.04,7761328
2021-12-14,87.61,88.9,87.61,88.47,7134203
2021-12-15,88.04,88.47,86.76,87.19,10060191
2021-12-16,87.61,88.04,86.33,86.76,10762999
2021-12-17,86.76,88.47,86.76,88.04,9063299
2021-12-20,87.19,88.04,86.76,87.19,4153147
2021-12-21,87.61,88.9,87.61,88.47,4787349
2021-12-22,88.47,88.9,88.04,88.04,3562484
2021-12-23,88.47,89.32,88.04,89.32,3899556
2021-12-24,89.32,89.32,88.9,88.9,3484022
2021-12-27,88.9,89.32,88.47,89.32,1543610
2021-12-28,89.32,89.75,88.04,89.75,6052970
2021-12-29,90.18,90.61,89.32,90.18,5162033
2021-12-30,89.75,90.18,88.9,88.9,4638513
2022-01-03,89.75,90.61,89.32,90.18,5819619
2022-01-04,90.18,90.61,89.32,89.75,5326584
2022-01-05,89.32,90.18,88.9,90.18,5868106
2022-01-06,90.18,91.03,89.75,91.03,6364876
2022-01-07,91.03,91.46,89.75,90.18,5016773
2022-01-10,89.75,90.61,89.32,90.18,5457965
2022-01-11,90.18,91.03,89.75,90.61,6470339
2022-01-12,91.03,93.6,90.61,93.17,12931257
2022-01-13,93.6,94.45,92.31,92.74,9908998
2022-01-14,92.74,92.74,91.46,91.46,5378274
2022-01-17,91.46,91.89,90.18,90.61,4362237
2022-01-18,91.03,91.89,90.61,91.03,3598990
2022-01-19,91.46,92.31,90.61,90.61,6166485
2022-01-20,90.61,92.74,90.61,91.89,5588674
2022-01-21,91.03,91.46,89.32,89.75,9856751
2022-01-24,89.75,90.61,89.32,90.18,4655215
2022-01-25,89.32,89.32,88.04,89.32,9986966
2022-01-26,88.9,90.18,88.47,89.75,6708522
2022-02-07,89.32,92.74,89.32,91.46,8446403
2022-02-08,91.03,91.89,89.75,90.18,6623834
2022-02-09,89.75,91.03,89.32,90.18,8842224
2022-02-10,90.18,91.03,89.75,91.03,6359942
2022-02-11,90.61,91.03,89.75,90.61,6321482
2022-02-14,91.03,91.46,89.32,89.75,7819246
2022-02-15,89.75,90.18,88.9,88.9,5740042
2022-02-16,89.32,91.46,88.9,91.03,11580507
2022-02-17,91.03,91.89,89.75,90.18,11477841
2022-02-18,89.75,91.03,89.75,90.61,7229196
2022-02-21,90.18,91.03,89.75,89.75,7462983
2022-02-22,90.18,90.18,88.9,88.9,9545904
2022-02-23,89.75,90.18,88.9,89.75,3104266
2022-02-24,89.32,90.18,88.9,88.9,11000721
2022-02-25,88.9,89.75,88.47,89.75,8170305
2022-03-01,90.61,92.74,90.18,92.31,11127941
2022-03-02,93.17,94.02,91.89,92.74,13826086
2022-03-03,93.17,93.6,92.31,93.17,9738287
2022-03-04,92.31,92.74,91.46,92.31,8142564
2022-03-07,91.46,91.89,90.18,90.61,13833387
2022-03-08,90.61,90.61,88.04,88.9,15295676
2022-03-09,89.75,90.61,89.32,90.18,7149974
2022-03-10,90.61,91.46,89.32,89.75,12817579
2022-03-11,91.46,92.31,90.18,91.03,18192230
2022-03-14,91.46,91.89,90.18,91.03,10849133
2022-03-15,91.03,91.03,89.75,90.61,7843315
2022-03-16,90.18,91.03,89.32,90.61,12897655
2022-03-17,91.89,92.31,90.61,91.46,12148809
2022-03-18,91.89,91.89,90.18,90.61,13195830
2022-03-21,90.61,92.31,90.61,91.89,9251718
2022-03-22,91.46,91.89,91.03,91.89,7062479
2022-03-23,91.89,91.89,91.46,91.89,6709320
2022-03-24,91.03,91.89,91.03,91.46,6326098
2022-03-25,91.03,91.46,90.61,91.03,6576941
2022-03-28,91.03,91.03,90.18,90.18,6979401
2022-03-29,90.61,91.03,89.75,90.18,7721306
2022-03-30,90.61,91.46,90.18,91.03,7742342
2022-03-31,91.03,91.46,90.61,91.03,4551618
2022-04-01,90.18,91.46,90.18,91.46,7657338
2022-04-06,90.61,91.89,90.18,91.46,9394664
2022-04-07,91.03,91.46,90.61,91.03,7638963
2022-04-08,91.46,91.89,90.18,91.03,7255413
2022-04-11,90.61,91.03,89.75,90.18,7225289
2022-04-12,90.61,90.61,89.32,89.75,9800443
2022-04-13,89.75,90.61,89.32,90.18,6547003
2022-04-14,90.61,90.61,89.75,90.18,4017322
2022-04-15,89.75,90.61,89.75,89.75,3808590
2022-04-18,89.75,90.18,89.32,89.32,4263307
2022-04-19,89.75,90.18,89.75,90.18,5198847
2022-04-20,90.18,91.03,89.75,91.03,9038941
2022-04-21,91.46,91.46,90.61,91.46,8015750
2022-04-22,90.61,91.46,90.61,91.46,8047663
2022-04-25,90.61,91.03,89.75,90.61,9233277
2022-04-26,90.18,90.61,89.75,90.18,6947826
2022-04-27,89.75,89.75,88.9,89.32,8778018
2022-04-28,89.32,89.75,88.9,89.32,7646170
2022-04-29,89.75,90.18,89.32,90.18,5782646
2022-05-03,90.61,90.61,89.75,90.61,3513733
2022-05-04,90.61,91.03,90.18,91.03,3880761
2022-05-05,91.03,91.46,90.18,90.61,6125650
2022-05-06,90.18,90.61,89.75,90.18,4741367
2022-05-09,89.32,89.75,88.47,88.47,7471260
2022-05-10,87.61,88.47,86.76,88.47,8025334
2022-05-11,87.61,88.04,87.19,87.19,6158343
2022-05-12,87.19,88.04,85.9,85.9,8881337
2022-05-13,87.19,88.9,86.76,87.61,16019325
2022-05-16,88.47,88.47,87.61,87.61,5845510
2022-05-17,88.04,88.47,87.19,88.04,7918387
2022-05-18,88.04,89.32,88.04,89.32,9456294
2022-05-19,88.04,88.47,87.61,88.04,5641353
2022-05-20,88.47,89.32,88.04,89.32,7255241
2022-05-23,89.75,90.18,88.9,89.75,4493105
2022-05-24,89.32,89.75,89.32,89.75,3595942
2022-05-25,89.75,90.61,89.32,90.18,6644975
2022-05-26,90.61,91.03,89.32,89.75,6797682
2022-05-27,90.61,91.03,90.18,91.03,9377872
2022-05-30,91.46,91.89,91.03,91.03,9348338
2022-05-31,91.03,91.89,89.75,89.75,33045360
2022-06-01,90.61,91.89,90.61,91.03,12977105
2022-06-02,90.61,91.46,90.18,91.46,5666522
2022-06-06,92.31,93.17,91.46,92.74,9909555
2022-06-07,92.31,92.74,91.46,91.46,6681185
2022-06-08,91.89,92.31,91.46,91.89,5334823
2022-06-09,91.89,92.31,91.46,92.31,6372178
2022-06-10,91.46,92.31,91.03,91.89,5471257
2022-06-13,91.03,91.46,90.18,91.03,8451495
2022-06-14,90.61,91.46,90.18,91.03,6172400
2022-06-15,91.03,91.89,90.61,91.03,8881737
2022-06-16,91.89,91.89,90.61,91.03,6448863
2022-06-17,90.18,91.03,89.75,91.03,13524327
2022-06-20,90.61,92.31,90.61,91.89,10688615
2022-06-21,92.31,92.74,91.46,92.74,13121310
2022-06-22,92.74,93.17,91.89,92.31,7349190
2022-06-23,92.74,93.6,91.89,92.31,8891795
2022-06-24,92.74,93.17,92.31,93.17,10468531
2022-06-27,93.6,94.02,93.17,93.6,6506021
2022-06-28,93.17,94.02,92.74,93.6,7598930
2022-06-29,93.17,94.45,93.17,93.6,11918307
2022-06-30,94.02,94.02,92.74,92.74,12100690
2022-07-01,93.17,93.6,91.46,92.31,15458593
2022-07-04,92.31,92.74,90.61,91.89,19877580
2022-07-05,91.61,91.7,86.06,86.98,42916295
2022-07-06,86.98,86.98,80.51,80.51,30237581
2022-07-07,80.04,80.14,77.91,78.28,32829682
2022-07-08,78.75,79.67,78.01,78.65,20436644
2022-07-11,79.58,79.58,78.47,78.56,10995320
2022-07-12,78.65,79.3,78.38,79.02,12462458
2022-07-13,80.97,81.25,79.12,79.3,17770031
2022-07-14,79.3,80.88,78.56,80.51,10347722
2022-07-15,80.51,80.69,79.67,80.14,8712587
2022-07-18,80.04,81.62,79.95,81.43,9750743
2022-07-19,81.25,82.82,80.69,81.99,12714961
2022-07-20,82.82,82.91,81.25,81.25,13748964
2022-07-21,81.89,82.73,80.78,82.17,12786986
2022-07-22,81.71,82.17,81.06,81.34,11911444
2022-07-25,81.43,83.74,81.34,83.56,8054745
2022-07-26,83.28,84.39,83.19,83.56,7681459
2022-07-27,83.93,84.11,82.82,83.47,5975067
2022-07-28,84.02,84.3,83.37,84.3,3988422
2022-07-29,85.13,85.13,84.67,85.13,6176099
2022-08-01,85.13,86.06,84.85,85.59,6618649
2022-08-02,84.95,84.95,83.56,84.76,11996688
2022-08-03,84.21,84.85,83.93,84.85,8211048
2022-08-04,84.39,84.85,82.73,84.11,14965346
2022-08-05,84.95,84.95,84.11,84.21,7422912
2022-08-08,84.21,84.3,83.37,84.21,3499131
2022-08-09,83.93,84.21,83.28,84.11,4844629
2022-08-10,83.74,84.48,83.37,84.48,6156603
2022-08-11,84.95,85.87,84.76,85.69,7745875
2022-08-12,86.06,86.98,85.87,86.8,5589463
2022-08-15,87.17,87.63,86.89,87.45,3951609
2022-08-16,87.45,87.54,86.61,87.35,4254828
2022-08-17,87.35,87.54,86.8,87.17,5289626
2022-08-18,86.98,87.35,86.34,87.17,3073897
2022-08-19,86.61,87.35,86.61,87.26,3514198
2022-08-22,86.52,87.63,86.43,87.35,2201000
2022-08-23,87.26,87.35,86.61,86.61,4068278
2022-08-24,87.17,87.45,86.52,86.61,3010183
2022-08-25,86.71,87.35,86.71,86.89,2927459
2022-08-26,86.98,87.35,86.06,86.24,6477214
2022-08-29,85.22,85.32,84.21,84.48,7647579
2022-08-30,84.21,84.95,84.02,84.48,7373692
2022-08-31,83.74,84.76,83.74,84.3,6895426
2022-09-01,83.37,83.93,82.82,83.28,10430273
2022-09-02,83.28,83.37,81.99,82.17,12291129
2022-09-05,82.26,82.82,81.43,82.63,7641926
2022-09-06,82.63,83.1,81.99,83.1,7234421
2022-09-07,82.36,82.36,81.52,81.71,8597030
2022-09-08,81.8,81.99,80.97,81.71,7291455
2022-09-12,82.17,82.91,81.8,82.73,5849833
2022-09-13,83.1,83.56,82.17,83.56,7583023
2022-09-14,81.71,82.08,81.15,81.52,12055305
2022-09-15,81.52,81.8,80.6,81.52,11724858
2022-09-16,80.69,81.43,80.04,80.04,78462113
2022-09-19,80.04,80.23,78.93,79.12,15244672
2022-09-20,79.58,80.14,79.4,79.67,5833857
2022-09-21,79.67,80.14,79.58,79.77,5849150
2022-09-22,79.49,79.86,78.75,79.49,5870601
2022-09-23,79.49,80.6,79.49,80.14,5840402
2022-09-26,79.4,80.23,78.93,79.58,10526456
2022-09-27,79.77,80.32,78.84,78.84,7870379
2022-09-28,79.12,79.67,78.01,78.47,9966769
2022-09-29,78.93,79.3,78.65,79.3,8245712
2022-09-30,79.12,80.41,78.84,80.14,10304280
2022-10-03,79.21,80.88,79.21,80.04,5071676
2022-10-04,80.88,81.34,80.32,81.25,5798580
2022-10-05,81.06,81.62,80.88,81.15,6387644
2022-10-06,81.15,81.15,79.4,79.67,10187980
2022-10-07,79.3,79.58,78.75,78.75,8679272
2022-10-11,78.65,79.02,77.91,78.19,10752507
2022-10-12,78.01,78.1,74.58,74.77,25307046
2022-10-13,74.21,74.31,72.27,73.01,24151542
2022-10-14,73.57,74.86,73.38,73.94,11081145
2022-10-17,73.66,74.58,72.83,74.58,8270624
2022-10-18,74.86,74.95,74.03,74.86,10375902
2022-10-19,74.68,75.23,74.21,74.21,11659054
2022-10-20,72.92,76.06,72.73,74.77,28598192
2022-10-21,74.86,76.62,74.58,75.69,10635766
2022-10-24,76.43,76.8,75.6,75.88,5864335
2022-10-25,76.53,76.71,75.69,76.16,6751241
2022-10-26,76.62,76.8,76.06,76.43,5892652
2022-10-27,76.8,77.64,76.34,76.34,7409584
2022-10-28,76.9,77.17,76.43,76.71,4081855
2022-10-31,76.8,77.08,76.43,76.9,4948542
2022-11-01,76.9,77.54,76.25,77.08,4358815
2022-11-02,77.17,77.73,76.43,76.62,6595684
2022-11-03,75.97,76.71,75.79,76.62,6570104
2022-11-04,75.97,76.9,75.97,76.71,5101500
2022-11-07,76.8,78.28,76.71,78.28,7951284
2022-11-08,78.56,79.12,78.38,79.12,5104452
2022-11-09,79.12,79.58,78.65,79.58,5080178
2022-11-10,79.58,79.86,79.12,79.58,3713085
2022-11-11,80.32,81.25,80.32,81.15,9509304
2022-11-14,81.71,82.54,81.52,82.45,12131683
2022-11-15,82.17,82.36,81.25,81.99,7263265
2022-11-16,81.8,82.26,80.51,80.88,10144201
2022-11-17,80.51,81.15,80.51,80.88,4095031
2022-11-18,80.51,81.43,80.32,81.15,4435131
2022-11-21,81.25,81.43,80.78,81.43,4430445
2022-11-22,81.89,82.08,81.52,82.08,5953644
2022-11-23,82.26,82.36,81.62,82.26,3917179
2022-11-24,82.54,83.0,82.36,83.0,6134365
2022-11-25,83.1,83.37,82.54,83.19,6613840
2022-11-28,82.82,82.91,81.43,82.45,8378626
2022-11-29,82.82,82.82,81.71,82.26,4743951
2022-11-30,82.54,83.47,82.36,83.47,9348274
2022-12-01,84.11,84.67,83.28,83.93,6929264
2022-12-02,83.28,83.56,82.45,82.45,7114274
2022-12-05,82.26,83.28,82.17,82.45,7161605
2022-12-06,82.17,82.45,80.6,80.78,9571596
2022-12-07,80.88,82.54,80.78,81.52,7933509
2022-12-08,81.06,81.06,80.69,80.78,4771380
2022-12-09,80.78,81.8,80.69,81.34,5490286
2022-12-12,80.6,80.69,79.77,80.23,7423903
2022-12-13,80.23,80.78,79.67,79.86,9268604
2022-12-14,80.41,81.15,80.32,80.69,7696433
2022-12-15,80.97,82.45,80.69,82.26,12547066
2022-12-16,81.43,82.17,81.06,81.06,20718342
2022-12-19,80.32,81.06,79.77,79.86,16315405
2022-12-20,79.58,80.23,78.84,78.93,14490452
2022-12-21,78.93,79.49,78.75,79.02,12815360
2022-12-22,79.4,80.69,79.3,80.69,14027573
2022-12-23,79.49,80.32,79.12,80.32,6000769
2022-12-26,80.32,80.41,80.04,80.41,2523183
2022-12-27,80.41,80.69,80.04,80.69,3101681
2022-12-28,79.95,80.51,79.67,80.41,5781585
2022-12-29,79.67,79.95,79.49,79.67,4037150
2022-12-30,80.23,80.69,80.14,80.32,3144657
2023-01-03,79.77,80.51,79.21,80.51,6417169
2023-01-04,80.32,80.51,79.95,80.14,3205343
2023-01-05,80.04,81.06,79.95,80.97,5759186
2023-01-06,80.88,81.43,80.69,81.43,4026855
2023-01-09,81.71,82.26,81.52,82.26,7417439
2023-01-10,82.54,82.63,81.8,82.26,4465172
2023-01-11,81.43,81.8,80.97,81.34,6891479
2023-01-12,81.71,81.71,80.97,81.15,4662734
2023-01-13,81.06,81.8,81.06,81.62,5243724
2023-01-16,81.52,82.26,81.43,81.71,5363697
2023-01-17,81.89,82.26,81.71,81.99,4986490
2023-01-30,82.26,83.28,82.17,83.28,13262616
2023-01-31,83.28,83.65,82.45,82.63,11413800
2023-02-01,82.73,82.82,81.52,82.26,6858192
2023-02-02,82.26,82.36,81.52,82.36,5958711
2023-02-03,82.08,82.17,81.52,81.99,3564969
2023-02-06,81.89,82.82,81.8,81.8,4905035
2023-02-07,81.8,82.82,81.8,82.36,3658106
2023-02-08,82.26,82.91,82.08,82.73,4327840
2023-02-09,82.36,83.1,82.26,82.82,2760688
2023-02-10,82.26,82.82,82.08,82.45,2785670
2023-02-13,82.17,82.82,82.08,82.63,2776111
2023-02-14,83.0,84.11,82.91,83.84,6874240
2023-02-15,83.93,84.02,82.54,82.91,5756228
2023-02-16,83.1,83.28,82.54,83.0,2685936
2023-02-17,82.73,83.37,82.63,83.37,2502020
2023-02-20,83.19,83.93,83.19,83.93,3269390
2023-02-21,83.93,84.58,83.56,84.48,4941310
2023-02-22,83.93,84.85,83.47,84.85,6178261
2023-02-23,84.85,84.85,84.48,84.48,5265657
2023-02-24,84.48,84.58,83.93,84.11,6581325
2023-03-01,83.1,83.84,83.0,83.47,5911007
2023-03-02,83.47,83.56,83.0,83.47,3930249
2023-03-03,83.47,83.93,83.47,83.93,2319176
2023-03-06,84.3,84.67,83.93,84.67,5408106
2023-03-07,84.48,84.67,84.21,84.58,4425021
2023-03-08,84.11,85.04,84.02,84.95,5022258
2023-03-09,84.95,85.04,83.65,83.84,4760079
2023-03-10,83.1,83.56,83.0,83.1,5674615
2023-03-13,83.1,83.74,82.45,83.37,5154147
2023-03-14,82.54,83.19,82.45,82.73,4603535
2023-03-15,82.73,83.37,82.36,82.36,6317959
2023-03-16,81.89,82.17,81.43,81.89,7823983
2023-03-17,81.99,83.93,81.89,83.93,9492073
2023-03-20,83.74,83.74,83.1,83.28,3717614
2023-03-21,83.47,84.3,83.37,83.74,3899869
2023-03-22,83.93,84.21,83.74,84.11,3623154
2023-03-23,84.21,84.58,84.02,84.58,4421133
2023-03-24,84.48,84.67,84.11,84.58,4407399
2023-03-27,84.58,84.95,84.58,84.95,3793355
2023-03-28,84.95,85.59,84.67,85.41,5676103
2023-03-29,85.41,85.69,85.13,85.41,3847024
2023-03-30,85.59,85.59,84.95,85.5,3995309
2023-03-31,85.41,85.69,84.95,84.95,4699195
2023-04-06,85.04,85.32,84.21,84.58,5805242
2023-04-07,84.58,84.58,84.02,84.02,4549540
2023-04-10,84.11,85.32,84.02,85.22,4843431
2023-04-11,85.41,85.69,85.04,85.69,4995744
2023-04-12,85.5,85.87,84.95,85.69,4671496
2023-04-13,85.87,86.43,85.5,86.15,5780513
2023-04-14,86.06,86.8,85.69,86.34,5451563
2023-04-17,86.34,87.26,86.15,86.98,5646442
2023-04-18,86.8,86.8,86.06,86.06,4734288
2023-04-19,86.52,86.89,85.41,85.59,6823534
2023-04-20,85.41,85.78,84.76,85.22,5066061
2023-04-21,85.59,86.15,85.04,85.59,7063930
2023-04-24,85.69,86.43,85.04,86.06,7220567
2023-04-25,86.15,86.61,85.13,85.13,9153776
2023-04-26,85.13,86.61,85.13,86.61,8544778
2023-04-27,86.15,86.8,85.87,86.71,8024019
2023-04-28,86.98,87.35,86.34,86.89,6239893
2023-05-02,86.71,87.17,86.15,86.89,6942063
2023-05-03,86.8,86.98,86.24,86.61,4341776
2023-05-04,86.61,86.8,86.34,86.71,3020888
2023-05-05,86.89,86.98,86.61,86.8,2436672
2023-05-08,87.08,87.08,86.43,86.8,2952879
2023-05-09,86.71,86.98,86.24,86.98,4927939
2023-05-10,86.61,86.8,85.87,86.8,5530762
2023-05-11,86.43,86.61,85.87,86.43,4664957
2023-05-12,85.87,85.97,84.95,85.59,6244184
2023-05-15,84.95,85.97,84.48,85.97,4648217
2023-05-16,85.97,86.24,85.22,86.15,6930870
2023-05-17,85.97,87.26,85.59,87.26,10835446
2023-05-18,86.52,87.26,86.52,87.26,7619528
2023-05-19,87.26,87.26,86.43,86.98,8942115
2023-05-22,86.98,87.17,86.15,86.52,6050175
2023-05-23,86.71,86.8,86.24,86.52,6367407
2023-05-24,86.34,86.89,86.06,86.89,5634546
2023-05-25,86.34,87.08,86.24,86.24,4572073
2023-05-26,85.69,86.61,85.59,86.52,5674814
2023-05-29,86.52,87.08,86.34,86.34,5402986
2023-05-30,86.34,86.61,85.87,86.52,8170329
2023-05-31,86.15,87.08,86.15,87.08,33359347
2023-06-01,87.08,87.08,86.24,86.34,6286608
2023-06-02,86.61,86.89,86.43,86.71,7010032
2023-06-05,86.52,87.35,86.52,86.98,8061221
2023-06-06,87.17,87.72,86.98,87.35,10374130
2023-06-07,86.98,87.45,86.89,86.98,8373855
2023-06-08,87.08,87.26,86.71,86.8,6872186
2023-06-09,87.35,87.35,86.98,87.08,4379798
2023-06-12,87.45,87.45,86.89,86.89,3731781
2023-06-13,86.89,87.08,86.34,86.71,7102949
2023-06-14,86.8,87.17,86.52,86.8,5527815
2023-06-15,87.08,87.17,86.61,87.08,5192177
2023-06-16,87.08,87.08,85.59,85.59,20535246
2023-06-19,85.87,86.06,84.76,84.76,16422709
2023-06-20,85.59,85.69,85.04,85.69,10746777
2023-06-21,85.5,85.87,84.95,85.87,7389014
2023-06-26,85.41,85.78,85.13,85.13,11597658
2023-06-27,85.33,85.71,84.36,84.36,18596218
2023-06-28,84.36,84.55,83.39,83.58,11086603
2023-06-29,84.07,84.36,83.58,83.58,8122126
2023-06-30,83.58,83.68,83.1,83.1,9654487
2023-07-03,83.48,83.68,83.0,83.0,7027120
2023-07-04,83.1,83.1,82.03,82.13,11700854
2023-07-05,82.32,82.51,82.13,82.13,6506833
2023-07-06,81.93,82.13,80.67,80.67,15858323
2023-07-07,80.48,80.58,79.51,79.51,15799268
2023-07-10,79.8,80.48,79.8,79.8,10649694
2023-07-11,79.99,80.96,79.8,79.9,9198565
2023-07-12,80.67,80.77,79.7,79.9,8798729
2023-07-13,79.99,80.67,79.99,80.19,8335101
2023-07-14,80.48,81.64,80.48,81.16,8742038
2023-07-17,81.45,81.54,80.48,80.58,8311123
2023-07-18,80.48,81.16,80.38,80.38,10127334
2023-07-19,80.58,81.06,80.28,80.28,9526590
2023-07-20,80.38,80.87,80.38,80.67,8132610
2023-07-21,80.67,81.06,80.09,80.09,11163927
2023-07-24,80.09,80.19,79.7,79.7,13250087
2023-07-25,79.99,79.99,79.51,79.61,9511250
2023-07-26,79.7,80.48,79.61,80.48,7380319
2023-07-27,80.48,81.06,80.48,80.77,7303957
2023-07-28,80.77,81.06,80.48,80.48,5342217
2023-07-31,80.58,81.25,80.58,80.67,6254702
2023-08-01,81.06,81.74,81.06,81.64,7043118
2023-08-02,81.45,81.64,80.87,80.96,7850360
2023-08-04,81.06,81.74,80.96,81.45,5406884
2023-08-07,81.45,82.13,81.45,81.64,4197257
2023-08-08,81.74,81.84,81.06,81.16,5102111
2023-08-09,81.35,81.74,81.16,81.74,3549705
2023-08-10,81.93,82.13,81.45,81.93,5469756
2023-08-11,81.84,81.93,81.45,81.45,3978817
2023-08-14,81.45,81.45,80.28,80.48,6859873
2023-08-15,80.48,80.58,79.9,79.9,5991925
2023-08-16,79.41,79.51,78.15,78.44,14129601
2023-08-17,78.05,78.05,76.6,77.38,12613879
2023-08-18,77.38,78.15,76.79,77.86,9006372
2023-08-21,77.86,77.86,77.18,77.67,8180979
2023-08-22,77.76,77.76,77.08,77.47,7065944
2023-08-23,77.47,77.47,76.79,76.99,6844242
2023-08-24,76.99,77.38,76.7,77.28,8041963
2023-08-25,77.18,77.28,76.79,76.89,7134174
2023-08-28,76.6,77.38,76.6,77.18,6219358
2023-08-29,77.18,77.96,77.08,77.86,3259688
2023-08-30,77.86,78.34,77.47,77.86,5599350
2023-08-31,77.86,77.86,77.08,77.08,12725047
2023-09-01,77.18,77.96,77.08,77.76,3093680
2023-09-04,77.57,79.22,77.57,79.02,7470794
2023-09-05,79.02,79.61,79.02,79.51,3501749
2023-09-06,79.41,79.41,78.73,78.73,4494769
2023-09-07,78.54,79.12,78.34,78.83,3640930
2023-09-08,79.22,79.7,79.02,79.61,4784358
2023-09-11,79.8,79.99,79.7,79.9,4222287
2023-09-12,80.09,80.09,79.61,79.9,6107655
2023-09-13,79.99,80.19,79.61,79.99,4019153
2023-09-14,80.48,80.77,79.99,80.58,7095214
2023-09-15,80.67,80.77,79.7,80.77,11513265
2023-09-18,80.09,80.28,79.51,79.8,4123539
2023-09-19,79.7,80.19,79.61,79.9,2298145
2023-09-20,79.9,80.09,79.51,79.9,2183329
2023-09-21,79.61,79.7,78.73,78.73,5046255
2023-09-22,78.54,79.02,78.15,78.64,2977848
2023-09-25,78.64,79.12,78.54,79.12,1784557
2023-09-26,78.64,78.64,77.96,77.96,4128092
2023-09-27,77.67,77.86,77.28,77.38,6435098
2023-09-28,77.57,77.96,77.18,77.38,6431743
2023-10-02,77.47,77.57,77.08,77.18,6372432
2023-10-03,77.18,77.18,76.7,76.7,6766576
2023-10-04,76.5,76.5,75.82,76.02,9445565
2023-10-05,76.31,76.5,76.02,76.31,5269348
2023-10-06,76.41,76.89,76.02,76.41,3797317
2023-10-11,77.47,77.47,76.7,77.18,9371315
2023-10-12,77.67,78.25,77.38,78.25,7767146
2023-10-13,77.96,78.05,77.47,78.05,5374944
2023-10-16,77.57,77.96,77.38,77.86,4168063
2023-10-17,77.57,77.86,77.28,77.47,6823376
2023-10-18,77.76,77.76,76.79,77.67,11871351
2023-10-19,77.18,77.47,76.89,76.89,5634463
2023-10-20,76.6,76.79,76.11,76.21,6337424
2023-10-23,76.11,76.21,75.73,75.73,5671058
2023-10-24,75.73,75.92,75.44,75.44,7256440
2023-10-25,75.63,75.82,75.44,75.44,4681830
2023-10-26,75.24,75.24,74.66,74.76,6858733
2023-10-27,74.76,75.15,74.76,74.85,4073113
2023-10-30,75.05,75.44,74.76,74.85,4666961
2023-10-31,74.85,75.05,74.66,74.66,7014750
2023-11-01,74.66,74.76,74.47,74.47,4998753
2023-11-02,74.37,75.05,74.37,74.85,4257082
2023-11-03,75.53,75.53,75.05,75.53,4876607
2023-11-06,76.02,76.6,75.63,76.21,6331476
2023-11-07,76.11,76.11,75.34,75.73,4688296
2023-11-08,75.63,75.63,75.24,75.53,3591800
2023-11-09,75.63,76.21,75.44,75.92,3446222
2023-11-10,75.63,75.73,75.24,75.34,3318462
2023-11-13,75.34,75.44,74.95,75.15,5908030
2023-11-14,75.24,75.63,74.95,75.44,6255129
2023-11-15,76.21,77.47,75.92,77.47,12180079
2023-11-16,77.96,78.73,77.76,78.73,10172204
2023-11-17,78.93,79.22,78.15,78.34,6163164
2023-11-20,78.44,78.54,77.67,78.34,4979511
2023-11-21,78.54,79.41,78.34,79.41,8789988
2023-11-22,79.31,79.31,78.64,78.83,3339621
2023-11-23,78.73,78.73,78.05,78.44,2603301
2023-11-24,79.02,79.41,78.73,79.12,4228481
2023-11-27,79.22,79.41,78.54,78.93,4042859
2023-11-28,79.31,79.51,78.93,79.51,6932530
2023-11-29,79.41,79.41,78.83,78.93,4307005
2023-11-30,78.64,78.73,78.25,78.34,11379708
2023-12-01,78.34,78.54,78.05,78.25,2412532
2023-12-04,78.44,78.73,78.25,78.44,3917453
2023-12-05,78.15,78.44,77.76,78.25,4092756
2023-12-06,78.44,78.54,77.96,77.96,3063995
2023-12-07,77.86,77.96,77.47,77.47,3702325
2023-12-08,77.47,77.67,77.28,77.57,4265448
2023-12-11,77.67,77.67,77.18,77.47,2254958
2023-12-12,77.47,77.57,76.99,77.18,3879449
2023-12-13,77.28,77.28,76.5,76.5,5304991
2023-12-14,76.99,77.57,76.41,77.38,4629049
2023-12-15,77.47,77.96,77.28,77.28,11018135
2023-12-18,77.28,78.05,77.28,78.05,2957872
2023-12-19,77.76,77.86,77.28,77.38,3087804
2023-12-20,77.57,77.86,77.28,77.47,4146727
2023-12-21,77.38,77.47,76.89,77.08,3391712
2023-12-22,76.89,76.89,76.31,76.41,4420539
2023-12-25,76.11,76.41,75.92,76.31,3282148
2023-12-26,76.7,76.7,76.31,76.41,4632298
2023-12-27,76.5,77.28,76.41,77.18,5581874
2023-12-28,76.99,77.38,76.79,77.38,4364712
2023-12-29,77.28,77.28,76.6,76.79,4480172
2024-01-02,76.7,76.89,76.41,76.79,3055976
2024-01-03,76.21,76.41,75.63,75.73,7019321
2024-01-04,75.73,76.02,75.73,75.92,2661257
2024-01-05,75.92,76.02,75.73,75.73,2359702
2024-01-08,75.73,76.31,75.73,75.73,3008686
2024-01-09,75.82,75.82,75.24,75.24,5374112
2024-01-10,75.24,75.34,74.66,74.66,5498542
2024-01-11,74.37,74.56,73.21,73.59,12406141
2024-01-12,73.59,74.08,73.4,73.69,5365256
2024-01-15,73.69,73.98,73.21,73.21,6785964
2024-01-16,72.82,73.01,71.07,71.36,19082776
2024-01-17,70.78,70.88,69.13,69.62,16725726
2024-01-18,69.52,69.52,68.65,68.94,10903859
2024-01-19,68.75,69.42,68.65,69.04,9593320
2024-01-22,69.23,69.23,68.45,68.45,8020046
2024-01-23,68.55,69.23,68.55,68.94,5734395
2024-01-24,68.94,70.1,68.94,69.91,6226870
2024-01-25,70.01,70.1,69.33,69.52,4293970
2024-01-26,69.33,70.68,69.13,70.49,5624232
2024-01-29,70.68,71.46,70.59,71.36,5860853
2024-01-30,71.36,71.46,69.81,69.81,7064600
2024-01-31,69.81,70.3,69.62,69.91,6010092
2024-02-01,70.3,71.27,70.2,71.27,4769508
2024-02-02,70.98,71.27,70.59,71.27,4129689
2024-02-05,70.2,70.68,70.01,70.2,5197498
2024-02-15,70.1,70.3,69.23,70.2,8884075
2024-02-16,70.3,71.07,70.3,70.78,4544612
2024-02-19,71.36,72.14,71.36,71.56,4972006
2024-02-20,71.56,71.65,70.98,71.46,3827150
2024-02-21,71.46,71.56,70.98,71.27,4292930
2024-02-22,71.27,71.27,70.78,70.98,2926698
2024-02-23,70.3,70.49,69.81,69.81,6229642
2024-02-26,69.62,70.01,69.52,69.91,4003519
2024-02-27,69.72,69.72,69.33,69.62,5192475
2024-02-29,69.62,70.01,69.33,69.52,9845587
2024-03-01,69.52,69.62,69.13,69.42,3688579
2024-03-04,68.94,69.04,68.65,68.65,9662435
2024-03-05,68.65,69.04,68.26,68.26,10161922
2024-03-06,68.26,68.84,68.26,68.36,5815940
2024-03-07,68.16,68.26,67.58,67.68,10719490
2024-03-08,67.39,67.49,66.52,66.52,15921025
2024-03-11,65.93,67.19,65.74,66.81,10193686
2024-03-12,66.9,67.49,66.9,67.19,6311742
2024-03-13,67.19,67.19,66.03,66.32,8935632
2024-03-14,66.42,67.19,66.32,67.19,7257536
2024-03-15,67.29,67.29,66.52,66.52,10333425
2024-03-18,66.71,66.81,66.13,66.32,4969244
2024-03-19,65.93,65.93,65.74,65.74,7730243
2024-03-20,65.74,65.74,64.48,64.77,14910821
2024-03-21,64.58,65.84,64.38,65.35,11231491
2024-03-22,65.35,65.35,64.67,64.96,6697596
2024-03-25,64.87,65.93,64.77,65.74,4599950
2024-03-26,65.84,67.29,65.74,67.19,10158477
2024-03-27,67.1,67.1,66.42,66.42,4920805
2024-03-28,66.42,66.52,65.93,66.03,4279439
2024-03-29,66.42,67.19,66.22,67.0,4947000
2024-04-01,67.29,69.13,67.29,68.75,13064844
2024-04-02,68.75,68.84,67.78,68.65,5428670
2024-04-03,68.16,68.55,67.68,67.87,6532831
2024-04-08,67.78,68.45,67.29,68.26,7011807
2024-04-09,68.65,69.52,68.55,69.33,7595488
2024-04-10,69.62,70.2,69.33,69.81,7521289
2024-04-11,69.42,69.62,68.55,68.75,6240179
2024-04-12,67.97,68.07,67.49,67.58,9627241
2024-04-15,67.58,68.26,67.39,67.49,8084046
2024-04-16,67.39,67.39,65.93,65.93,9773557
2024-04-17,65.93,66.13,65.55,65.74,7237806
2024-04-18,65.55,66.22,65.16,66.03,9049872
2024-04-19,65.55,66.22,64.77,65.06,12801661
2024-04-22,65.84,67.78,65.55,67.58,10966830
2024-04-23,67.58,67.68,66.81,67.0,5939120
2024-04-24,67.29,67.68,66.61,66.71,4811997
2024-04-25,66.42,66.42,65.45,65.84,7362141
2024-04-26,65.64,66.42,65.55,65.64,6558251
2024-04-29,66.03,67.29,66.03,67.19,7425698
2024-04-30,66.9,67.0,66.42,66.42,5978393
2024-05-02,66.42,66.81,65.93,66.71,4027331
2024-05-03,66.9,67.58,66.13,66.22,8731013
2024-05-06,66.32,67.1,66.32,66.9,8476522
2024-05-07,66.9,67.0,66.03,66.22,6759864
2024-05-08,66.22,66.61,66.03,66.22,4920988
2024-05-09,66.13,66.13,65.64,65.64,5975007
2024-05-10,65.84,66.61,65.64,66.52,3679478
2024-05-13,66.61,67.1,66.32,66.61,5121878
2024-05-14,66.61,66.9,66.13,66.32,4934460
2024-05-15,66.71,66.9,66.03,66.03,6979448
2024-05-16,66.71,66.71,65.93,66.32,8588429
2024-05-17,65.84,66.52,65.84,66.22,5603300
2024-05-20,66.52,66.61,65.93,66.03,6070604
2024-05-21,66.03,66.13,64.96,65.35,10209655
2024-05-22,65.35,65.55,64.96,65.45,7588757
2024-05-23,64.96,65.26,64.77,64.96,7461519
2024-05-24,64.96,64.96,64.09,64.29,9383528
2024-05-27,64.19,64.48,63.41,64.48,11280171
2024-05-28,64.38,65.35,64.29,65.06,9922663
2024-05-29,64.96,64.96,64.09,64.09,7286034
2024-05-30,63.8,63.9,63.51,63.61,8316290
2024-05-31,64.19,64.29,63.32,63.32,20813276
2024-06-03,63.51,63.7,62.64,62.93,9621829
2024-06-04,62.54,62.73,61.67,61.76,13680729
2024-06-05,61.76,61.76,60.7,60.7,14031465
2024-06-06,60.7,61.09,60.21,60.5,11352923
2024-06-07,60.21,61.09,59.73,60.79,13704389
2024-06-11,60.6,60.7,59.63,59.63,20664029
2024-06-12,59.34,59.53,58.76,59.05,13260894
2024-06-13,59.05,59.53,58.76,58.76,13333492
2024-06-14,58.86,59.44,58.27,59.15,13568297
2024-06-17,59.15,59.15,58.37,58.37,12912947
2024-06-18,58.47,58.86,57.98,58.66,19990541
2024-06-19,58.66,58.76,58.18,58.18,16456218
2024-06-20,58.37,58.76,58.18,58.66,17602607
2024-06-21,59.15,59.73,58.37,58.37,49293035
2024-06-24,58.56,58.66,57.69,57.69,25952567
2024-06-25,57.98,57.98,56.53,56.63,26841394
2024-06-26,56.63,56.82,55.27,55.46,30890348
2024-06-27,55.07,55.85,54.69,55.27,24714037
2024-06-28,55.37,56.63,55.27,55.75,14057865
2024-07-01,56.24,56.24,55.27,55.46,7680299
2024-07-02,55.27,55.27,54.1,54.2,18152511
2024-07-03,54.3,54.88,54.01,54.78,7672293
2024-07-04,55.17,56.14,55.17,55.85,10696203
2024-07-05,56.24,56.24,55.46,55.56,5574806
2024-07-08,55.66,56.63,55.56,56.24,9884934
2024-07-09,56.33,56.43,55.17,55.27,8909885
2024-07-10,55.27,55.27,54.59,54.78,7413737
2024-07-11,55.27,55.27,54.59,55.27,10442432
2024-07-12,55.17,56.82,54.88,56.14,17997898
2024-07-15,56.53,56.53,55.46,55.56,11830843
2024-07-16,55.75,55.75,55.27,55.46,7705147
2024-07-17,55.75,58.66,55.66,58.27,32001276
2024-07-18,58.66,59.83,58.27,58.95,32886294
2024-07-19,58.95,59.34,57.98,58.27,19012186
2024-07-22,58.27,58.47,57.3,58.37,16441321
2024-07-23,58.86,59.06,57.68,57.98,14015176
2024-07-26,57.98,58.37,57.38,57.98,9320746
2024-07-29,58.17,58.37,57.68,57.98,7928622
2024-07-30,58.08,58.08,56.79,57.09,7364181
2024-07-31,56.99,57.38,56.69,57.09,7569627
2024-08-01,57.48,57.88,56.79,57.68,8691725
2024-08-02,56.99,57.19,56.3,56.5,9662792
2024-08-05,55.31,55.31,52.85,54.03,26461708
2024-08-06,54.23,55.02,52.36,54.43,15546577
2024-08-07,53.74,54.72,53.74,54.23,8582489
2024-08-08,53.54,53.64,52.45,52.55,16230280
2024-08-09,52.85,54.43,52.85,54.03,13844058
2024-08-12,53.44,53.84,53.05,53.24,8923906
2024-08-13,53.15,53.15,51.96,52.06,15697002
2024-08-14,52.06,53.34,52.06,52.65,15254388
2024-08-15,53.15,53.15,51.76,51.76,11312450
2024-08-16,52.36,52.55,51.57,51.67,13115080
2024-08-19,51.86,51.96,51.37,51.47,7785905
2024-08-20,51.76,51.86,50.48,50.98,16597435
2024-08-21,50.98,51.47,50.58,51.27,8489584
2024-08-22,51.27,52.16,50.88,51.57,8612334
2024-08-23,51.37,51.57,50.58,51.17,7978763
2024-08-26,51.07,51.86,50.98,51.57,8524481
2024-08-27,51.27,51.37,50.68,51.17,6054806
2024-08-28,50.98,51.17,50.58,50.98,7291536
2024-08-29,50.78,51.17,50.58,50.78,4609990
2024-08-30,50.88,51.47,50.68,50.88,10964090
2024-09-02,51.17,51.17,49.79,49.79,11161075
2024-09-03,49.79,49.89,49.1,49.1,14705298
2024-09-04,47.67,47.67,46.34,46.34,28243808
2024-09-05,46.59,46.93,45.55,45.55,16943387
2024-09-06,45.55,46.1,44.96,45.6,15097824
2024-09-09,44.47,44.57,44.02,44.37,17464291
2024-09-10,44.37,44.47,43.53,43.58,16455914
2024-09-11,43.58,44.37,43.53,43.78,11568708
2024-09-12,44.67,44.76,43.78,44.37,13085719
2024-09-13,44.42,46.74,44.27,46.29,19815552
2024-09-16,46.54,48.56,45.85,47.57,26182142
2024-09-18,47.62,49.0,47.23,47.57,19571961
2024-09-19,47.52,48.07,46.69,47.87,16015943
2024-09-20,48.02,48.81,47.72,48.07,15470496
2024-09-23,48.41,48.76,47.82,48.07,8673852
2024-09-24,48.02,48.02,47.23,47.82,10469409
2024-09-25,48.56,49.89,48.31,49.89,24363551
2024-09-26,50.29,50.38,49.3,49.4,10182032
2024-09-27,49.69,52.95,49.5,52.75,32720001
2024-09-30,52.45,53.93,51.47,52.75,36901435
2024-10-01,52.75,52.95,51.96,52.26,13472484
2024-10-04,52.26,54.33,52.06,52.26,21184436
2024-10-07,52.36,52.65,50.58,51.47,16527108
2024-10-08,50.98,51.37,49.89,50.09,13039958
2024-10-09,50.38,50.48,48.71,48.86,12458863
2024-10-11,49.25,49.69,48.76,48.91,7733542
2024-10-14,48.91,49.69,47.77,49.3,13044986
2024-10-15,49.5,49.5,47.67,47.67,16756242
2024-10-16,47.33,47.77,46.93,47.28,19318992
2024-10-17,47.33,48.51,47.28,47.72,9235307
2024-10-18,48.07,48.36,47.43,47.52,8477259
2024-10-21,47.92,47.97,46.64,46.64,11318112
2024-10-22,46.83,46.83,45.75,46.05,13608917
2024-10-23,46.1,46.49,45.55,45.55,9599022
2024-10-24,45.65,46.19,45.16,45.55,11764545
2024-10-25,45.65,46.34,45.65,46.19,7670729
2024-10-28,46.34,48.22,46.05,47.87,17189394
2024-10-29,47.77,47.97,46.49,47.03,11856501
2024-10-30,47.23,47.28,46.59,46.64,8568578
2024-11-01,46.1,46.59,45.5,46.44,13066316
2024-11-04,46.44,46.64,45.9,46.14,5880715
2024-11-05,46.0,46.64,45.8,46.54,7875755
2024-11-06,46.29,47.08,46.14,46.54,8693677
2024-11-07,46.93,48.76,46.88,48.07,19310796
2024-11-08,48.22,48.56,46.93,47.03,12633730
2024-11-11,46.05,46.54,45.21,45.85,13315559
2024-11-12,45.26,45.5,44.37,44.37,17302391
2024-11-13,44.22,44.57,43.78,44.17,13773148
2024-11-14,43.98,44.07,42.59,42.69,20930774
2024-11-15,42.74,44.71,42.74,43.73,15396209
2024-11-18,44.86,46.54,44.67,46.34,33183419
2024-11-19,46.64,46.69,44.76,45.11,20293199
2024-11-20,44.67,44.67,44.67,44.67,9813177
2024-11-21,44.37,44.37,43.43,43.48,15455826
2024-11-22,43.78,43.93,43.19,43.33,13127993
2024-11-25,43.68,43.73,43.19,43.33,20102131
2024-11-26,43.43,44.42,42.94,43.24,11956986
2024-11-27,43.43,43.43,42.69,42.69,11505314
2024-11-28,42.99,43.09,41.81,42.1,12907156
2024-11-29,41.9,41.9,40.67,40.77,30605164
2024-12-02,40.87,41.51,40.23,40.62,21685756
2024-12-03,40.92,41.41,40.67,41.21,14207478
2024-12-04,41.56,41.66,40.48,40.82,14197551
2024-12-05,40.82,40.92,39.93,39.93,13028827
2024-12-06,39.83,40.13,39.44,39.59,17645196
2024-12-09,40.23,40.72,39.24,39.64,22087230
2024-12-10,40.18,41.31,39.83,40.13,21246134
2024-12-11,40.18,40.18,39.34,39.44,15786489
2024-12-12,39.49,39.59,38.31,38.31,27981068
2024-12-13,38.16,38.16,37.47,37.47,20633479
2024-12-16,37.22,37.86,36.48,36.58,26031860
2024-12-17,36.83,37.47,36.28,36.28,23520340
2024-12-18,36.48,38.11,36.28,37.62,35309995
2024-12-19,37.27,38.16,36.93,37.71,28350224
2024-12-20,37.57,37.66,36.09,36.19,30331638
2024-12-23,36.43,37.32,36.43,36.73,18949611
2024-12-24,36.93,37.57,36.83,37.02,15495208
2024-12-25,37.57,37.71,36.68,36.88,12885521
2024-12-26,37.02,37.37,36.38,36.38,10904571
2024-12-27,36.48,36.53,35.74,36.48,15332455
2024-12-30,36.48,36.48,35.0,35.0,18864999
2024-12-31,35.1,35.5,34.61,35.0,20174734
2025-01-02,34.81,34.95,34.21,34.41,20592141
2025-01-03,34.71,35.5,34.02,34.02,18199398
2025-01-06,34.21,36.19,33.97,35.74,27879488
2025-01-07,35.74,35.74,34.07,34.07,22191063
2025-01-08,34.02,34.02,32.54,32.78,29986295
2025-01-09,32.34,32.54,31.55,31.55,32452964
2025-01-10,31.35,32.0,30.91,31.01,35658992
2025-01-13,31.26,32.14,30.81,31.9,40014854
2025-01-14,31.95,34.76,31.95,34.46,58288137
2025-01-15,34.31,36.09,34.07,35.05,70071764
2025-01-16,35.0,35.99,34.41,34.9,50061293
2025-01-17,34.9,37.27,34.36,36.68,50040206
2025-01-20,36.14,36.97,35.5,36.38,40858798
2025-01-21,36.09,36.53,35.5,35.5,26477493
2025-01-22,35.5,35.84,34.95,35.74,19802469
2025-02-03,35.55,36.63,33.82,33.97,41983300
2025-02-04,34.07,34.41,33.33,33.52,19966181
2025-02-05,33.62,34.46,33.33,33.47,19861698
2025-02-06,33.43,34.12,33.28,34.02,11162982
2025-02-07,33.87,34.02,32.88,33.03,20835430
2025-02-10,32.98,33.87,32.98,33.08,19164816
2025-02-11,33.28,34.02,33.28,33.52,15908653
2025-02-12,33.72,35.99,33.62,35.15,44948890
2025-02-13,35.3,36.97,34.9,36.93,48227945
2025-02-14,37.07,37.91,36.43,37.86,46376042
2025-02-17,38.11,39.14,37.37,38.9,52266108
2025-02-18,38.9,38.9,37.47,37.81,38190853
2025-02-19,37.76,39.05,37.76,38.45,25629074
2025-02-20,38.65,38.95,37.96,38.31,15436276
2025-02-21,38.45,38.85,37.96,38.65,16637596
2025-02-24,38.45,39.19,38.16,39.14,19852110
2025-02-25,39.05,40.23,38.85,39.78,43597446
2025-02-26,39.83,40.03,38.65,39.09,26413207
2025-02-27,38.75,39.34,37.91,38.26,51707077
2025-03-03,37.57,38.06,36.88,37.27,27247684
2025-03-04,36.73,37.27,36.38,36.83,20343161
2025-03-05,37.12,38.95,37.07,38.55,35194194
2025-03-06,38.65,38.75,37.96,38.06,20960574
2025-03-07,38.06,38.55,37.66,38.11,15392608
2025-03-10,38.36,39.05,37.81,38.5,20839354
2025-03-11,37.86,38.5,36.48,38.45,29370530
2025-03-12,38.36,38.4,37.47,37.66,25008504
2025-03-13,37.86,38.01,36.63,36.73,17943234
2025-03-14,37.17,39.49,37.17,39.39,54651099
2025-03-17,39.64,40.43,38.95,39.93,37276860
2025-03-18,40.23,40.97,39.69,40.18,29694498
2025-03-19,40.08,40.28,39.39,39.59,17676111
2025-03-20,39.59,40.97,39.59,40.23,19707930
2025-03-21,39.93,39.98,38.45,38.5,40682273
2025-03-24,38.7,38.85,37.96,38.11,18480184
2025-03-25,38.45,38.95,37.66,37.71,15844968
2025-03-26,37.96,38.21,37.62,38.01,9270504
2025-03-27,37.66,38.4,37.27,38.4,15003696
2025-03-28,38.16,38.21,36.88,36.97,23800248
2025-03-31,36.48,36.93,35.79,36.09,22528692
2025-04-01,36.33,37.66,36.33,37.32,13366122
2025-04-02,37.47,37.66,36.63,37.66,11500081
2025-04-07,33.92,33.92,33.92,33.92,5501245
2025-04-08,33.33,34.95,33.23,34.56,32518037
2025-04-09,34.07,34.46,31.11,31.21,34068874
2025-04-10,34.31,34.31,33.92,34.31,8528762
2025-04-11,33.87,34.81,33.28,34.31,19506912
2025-04-14,34.31,35.45,33.97,34.85,18095482
2025-04-15,35.05,36.04,34.95,36.04,14174051
2025-04-16,35.79,35.94,34.56,35.3,14839128
2025-04-17,35.4,35.5,34.56,35.0,10168006
2025-04-18,35.1,35.15,34.71,34.95,5545658
2025-04-21,35.2,35.2,34.12,34.12,7778450
2025-04-22,33.92,34.31,33.52,34.16,7083820
2025-04-23,34.66,35.35,34.61,35.15,9774923
2025-04-24,35.1,35.15,33.57,33.57,20754577
2025-04-25,34.07,34.31,33.62,33.62,13350187
2025-04-28,33.72,33.87,33.23,33.38,10365013
2025-04-29,33.52,34.21,33.23,34.07,9096346
2025-04-30,33.97,33.97,33.43,33.52,7606647
2025-05-02,33.87,34.36,33.43,34.31,11504591
2025-05-05,34.36,35.84,34.31,35.59,27152215
2025-05-06,35.79,36.38,35.15,35.69,17754701
2025-05-07,35.99,36.63,35.64,36.19,20179066
2025-05-08,35.74,35.84,35.1,35.15,15554296
2025-05-09,35.3,35.89,34.9,35.84,11778643
2025-05-12,36.19,36.73,36.09,36.19,10137327
2025-05-13,36.58,36.58,35.3,35.5,15583073
2025-05-14,35.74,36.68,35.69,36.38,15994376
2025-05-15,36.38,36.43,35.94,36.19,7114826
2025-05-16,36.28,36.68,36.04,36.48,9454179
2025-05-19,36.63,36.73,35.89,36.33,8843817
2025-05-20,36.53,36.58,36.09,36.38,5692087
2025-05-21,36.48,36.58,35.94,36.33,7491757
2025-05-22,36.09,36.09,35.45,35.5,8918865
2025-05-23,35.5,36.09,35.5,35.84,6776791
2025-05-26,35.99,36.33,35.45,35.55,9264666
2025-05-27,35.55,36.14,35.0,35.0,11649305
2025-05-28,35.4,35.55,34.85,35.15,8998057
2025-05-29,35.4,35.4,34.21,34.21,17711249
2025-06-02,34.02,34.02,32.49,32.74,22526924
2025-06-03,33.03,33.47,32.74,32.88,8601450
2025-06-04,33.13,33.62,33.08,33.18,9295764
2025-06-05,33.18,33.97,32.88,33.82,8840359
2025-06-06,33.82,34.9,33.62,34.81,10639630
2025-06-09,35.1,35.1,34.26,34.81,6067175
2025-06-10,34.56,35.99,34.56,35.25,14589180
2025-06-11,35.4,35.64,34.9,35.45,6098863
2025-06-12,35.45,36.19,35.4,35.84,10349370
2025-06-13,36.14,36.38,35.25,36.24,19017994
2025-06-16,36.48,37.81,35.55,36.97,35071589
2025-06-17,37.02,37.07,35.4,35.5,23830738
2025-06-18,35.74,35.84,34.9,35.05,12554401
2025-06-19,35.0,35.2,33.92,33.92,14953957
2025-06-20,33.97,34.51,33.67,33.72,35444140
2025-06-23,34.02,34.31,33.08,34.26,15602614
2025-06-24,34.12,34.85,33.87,34.71,15023427
2025-06-25,34.81,35.1,34.36,34.56,8839047
2025-06-26,34.61,35.79,34.61,35.0,15433087
2025-06-27,35.25,35.5,34.36,34.76,13572319
2025-06-30,34.51,34.71,33.87,34.36,11742017
2025-07-01,34.36,35.5,34.36,35.1,12397760
2025-07-02,34.85,35.55,34.85,35.5,7364013
2025-07-03,35.4,36.04,35.4,35.79,10246955
2025-07-04,35.79,36.04,35.55,35.79,5297052
2025-07-07,35.64,35.69,34.51,34.71,10403247
2025-07-08,34.9,35.2,34.07,34.12,8293320
2025-07-09,34.07,34.21,33.72,33.72,8416459
2025-07-10,34.07,34.31,33.72,34.02,5721054
2025-07-11,33.62,33.82,32.93,33.52,13131830
2025-07-14,33.72,35.5,33.72,35.2,25771438
2025-07-15,35.75,37.2,35.6,35.95,39899145
2025-07-16,36.0,36.35,35.3,35.4,20833731
2025-07-17,35.7,37.9,35.55,37.75,46356769
2025-07-18,38.0,39.45,37.85,38.8,57726932
2025-07-21,38.5,39.5,38.45,38.9,29810506
2025-07-22,39.1,39.8,38.5,38.95,29116354
2025-07-23,39.0,40.4,38.8,40.2,34083461
2025-07-24,40.6,40.6,38.65,39.3,37132477
2025-07-25,39.3,39.75,38.85,39.25,19990045
2025-07-28,39.3,40.9,38.75,40.05,42130631
2025-07-29,40.15,40.15,38.75,38.8,26692854
2025-07-30,39.05,42.65,39.05,42.65,64209578
2025-07-31,43.15,43.2,41.95,42.65,73565264
2025-08-04,39.55,39.55,37.05,37.85,64074156
2025-08-05,38.25,38.4,37.25,37.45,32940583
2025-08-06,37.45,39.1,37.3,38.4,38863893
2025-08-07,38.4,38.95,38.05,38.2,18567827
2025-08-08,38.15,38.25,37.4,37.55,18479942
2025-08-11,36.95,38.5,36.4,38.45,27669422
2025-08-12,39.0,40.85,38.8,39.7,50809191
2025-08-13,39.9,40.75,39.15,39.3,31769643
2025-08-14,39.7,40.2,39.25,39.3,19482112
2025-08-15,39.5,40.0,38.5,39.75,20629950
2025-08-18,39.9,40.95,39.75,40.4,28491895
2025-08-19,40.8,41.1,39.15,39.2,22542216
2025-08-20,39.05,39.65,38.1,38.1,24323913
2025-08-21,38.55,41.2,38.5,40.55,50645680
2025-08-22,40.9,41.15,40.3,40.3,23632271
2025-08-25,40.8,40.9,39.9,40.0,17915304
2025-08-26,40.3,41.15,39.95,40.75,43826960
2025-08-27,40.45,40.95,40.0,40.0,22230786
2025-08-28,40.2,40.2,39.05,39.1,19012309
2025-08-29,39.2,39.6,38.55,38.95,18947981
2025-09-01,38.55,38.9,38.1,38.8,17720143
2025-09-02,38.9,39.25,38.0,38.05,15670167
2025-09-03,38.05,38.4,37.7,37.75,12623564
2025-09-04,38.1,38.65,37.8,38.25,9410321
2025-09-05,38.25,38.7,37.4,37.8,15171919
2025-09-08,38.0,38.5,37.8,38.15,8464637
2025-09-09,38.0,38.7,37.85,38.15,11988261
2025-09-10,38.4,38.4,37.8,38.15,10059075
2025-09-11,38.05,38.1,37.45,37.45,13958908
2025-09-12,37.45,37.95,37.45,37.7,8167504
2025-09-15,38.2,38.3,37.7,37.75,6349252
2025-09-16,38.35,38.45,37.5,37.5,10452147
2025-09-17,37.5,38.2,37.4,37.4,10311004
2025-09-18,37.45,37.65,37.35,37.35,7425989
2025-09-19,37.5,38.5,37.45,38.4,17016897
2025-09-22,38.6,38.7,38.05,38.65,10513517
2025-09-23,38.75,39.2,38.5,38.6,11509298
2025-09-24,38.85,38.85,37.9,38.05,8773101
2025-09-25,38.05,39.0,38.0,38.9,15577500
2025-09-26,38.9,38.95,38.0,38.4,8295192
2025-09-30,38.85,39.2,38.5,38.55,10012699
2025-10-01,38.6,38.95,38.25,38.25,6331142
2025-10-02,38.55,38.55,37.5,37.5,12138965
2025-10-03,37.55,37.55,36.4,36.65,19850558
2025-10-07,36.55,38.15,36.25,37.5,22707500
2025-10-08,37.6,38.75,37.6,38.75,17565561
2025-10-09,38.75,39.4,38.55,39.15,24070827
2025-10-13,38.4,38.45,37.55,38.2,16739422
2025-10-14,38.3,38.65,37.35,37.35,17188078
2025-10-15,37.5,37.6,36.7,37.0,13327739
2025-10-16,37.0,37.85,37.0,37.45,8495448
2025-10-17,37.4,39.65,37.35,38.9,28929163
2025-10-20,39.05,39.7,38.6,38.85,12563945
2025-10-21,39.1,39.35,38.35,38.45,9275177
2025-10-22,38.45,39.45,38.45,38.95,11133302
2025-10-23,39.25,40.8,38.85,40.2,38661398
2025-10-27,40.8,41.25,39.9,40.0,22746510
2025-10-28,40.0,40.2,39.15,39.7,17040874
2025-10-29,39.8,39.85,39.15,39.15,9215578
2025-10-30,39.5,39.65,38.7,39.2,10877558
2025-10-31,39.3,39.3,38.05,38.1,19164572
2025-11-03,38.1,38.35,37.65,37.7,14300610
2025-11-04,38.05,38.5,37.6,37.65,15317545
2025-11-05,37.4,37.45,36.5,36.85,32496357
2025-11-06,36.95,37.55,36.7,37.35,17318508
2025-11-07,37.35,39.1,37.1,38.6,25303848
2025-11-10,38.6,39.25,38.0,39.0,16496751
2025-11-11,39.25,41.0,39.05,39.9,41932308
2025-11-12,40.2,41.9,39.6,41.35,55564352
2025-11-13,41.4,44.1,41.1,42.65,87350192
2025-11-14,42.0,43.1,41.6,42.55,38821497
2025-11-17,42.5,43.95,42.0,43.1,41898180
2025-11-18,42.7,43.1,41.3,41.5,37711396
2025-11-19,41.0,41.25,40.05,40.05,31721098
2025-11-20,40.85,42.25,40.4,41.3,22570110
2025-11-21,40.6,41.15,39.8,40.0,20451407
2025-11-24,40.35,40.85,39.6,40.5,18749000
2025-11-25,41.0,41.0,38.4,38.9,30094624
2025-11-26,39.05,39.7,38.9,39.5,12774080
2025-11-27,39.45,41.75,39.45,41.55,29781864
2025-11-28,41.6,42.25,41.15,41.65,22444793
2025-12-01,41.65,42.6,41.65,41.9,22925888
2025-12-02,42.2,44.4,42.05,43.45,45595117
2025-12-03,43.8,44.6,43.05,43.85,42925203
2025-12-04,44.5,44.8,42.25,42.8,32683731
2025-12-05,42.6,42.6,41.6,42.15,17821176
2025-12-08,42.15,42.3,41.5,41.9,11637777
2025-12-09,41.45,41.5,40.25,40.3,25941604
2025-12-10,40.3,40.6,39.8,39.8,15903142
2025-12-11,40.0,40.2,39.45,39.85,14728322
2025-12-12,40.25,40.4,39.7,39.9,14038789
2025-12-15,39.75,41.4,39.55,40.9,23121033
2025-12-16,40.75,41.15,40.1,40.15,16754621
2025-12-17,40.8,41.15,39.7,39.9,16852246
2025-12-18,40.35,40.65,39.65,39.65,12537245
2025-12-19,40.0,40.25,39.8,40.0,9987990
2025-12-22,40.2,40.55,40.1,40.15,8313591
2025-12-23,40.3,40.5,39.65,40.1,9373883
2025-12-24,40.35,40.45,39.7,39.75,9200149
2025-12-26,40.05,40.05,39.65,39.75,5276149
2025-12-29,39.85,40.35,39.4,39.5,14551550
2025-12-30,39.6,39.65,38.7,39.1,15851514
2025-12-31,39.2,39.4,38.8,39.0,10541113
2026-01-02,39.3,39.3,38.2,38.45,20186529
2026-01-05,38.45,38.65,37.9,38.0,16596635
2026-01-06,38.0,38.8,38.0,38.2,18526842
2026-01-07,38.55,41.1,38.55,40.65,53686914
2026-01-08,41.4,43.5,41.3,41.7,64787162
2026-01-09,42.55,43.7,40.5,41.0,48130373
2026-01-12,41.85,42.45,40.95,41.5,26761436
2026-01-13,40.75,40.8,39.65,40.2,41156243
2026-01-14,40.2,41.15,40.05,41.05,24449573
2026-01-15,40.95,42.8,40.9,42.6,57631904
2026-01-16,42.9,43.4,42.6,43.0,42626066
2026-01-19,43.0,43.95,42.35,43.7,34107182
2026-01-20,43.0,43.6,42.25,42.4,25769422
2026-01-21,42.0,42.7,41.6,41.85,16086196
2026-01-22,42.3,43.7,42.25,43.6,35959685
2026-01-23,43.8,45.0,43.5,44.4,46030319
2026-01-26,44.9,48.8,44.85,48.8,88903464
2026-01-27,51.2,52.1,48.85,51.0,190828298
2026-01-28,51.3,52.8,50.5,51.3,94528372
2026-01-29,51.7,52.4,49.1,49.3,65221018
2026-01-30,49.6,50.1,47.15,47.3,48473195
2026-02-02,46.55,46.9,43.7,44.3,47071195
2026-02-03,45.0,45.85,44.7,44.95,27649813
2026-02-04,44.95,47.45,44.85,46.85,27336111
2026-02-05,47.2,47.95,46.8,47.2,25503022
2026-02-06,46.95,47.55,45.3,45.75,37334688
2026-02-09,46.2,47.4,45.65,46.65,27488086
2026-02-10,46.9,46.95,45.0,45.4,22621808
2026-02-11,45.55,46.9,45.4,46.5,22588689
2026-02-23,47.1,47.4,46.4,47.05,25724076
2026-02-24,47.65,48.95,46.9,48.6,33916823
2026-02-25,49.25,53.4,49.0,53.4,105201859
2026-02-26,53.0,53.2,50.9,51.6,68478784
2026-03-02,53.7,54.5,50.6,50.7,87362057
2026-03-03,51.0,52.5,49.3,49.95,37291767
2026-03-04,49.25,49.95,46.7,46.95,39003862
2026-03-05,48.4,48.4,46.3,47.4,30729842
2026-03-06,46.75,50.3,46.75,50.2,38588191
2026-03-09,53.4,54.8,46.1,47.35,151359438
2026-03-10,47.2,48.3,46.2,46.5,42654840
2026-03-11,47.0,47.3,46.0,47.15,22500244
2026-03-12,47.7,48.0,45.05,46.25,45918551
2026-03-13,45.2,46.6,45.1,45.5,26397657
2026-03-16,46.1,47.4,45.85,46.85,36589871
2026-03-17,47.05,47.65,46.4,46.45,23413055
2026-03-18,46.7,47.85,46.65,47.3,30608119
