date,open,high,low,close,volume
2002-01-29,1.92,1.98,1.92,1.97,66214792
2002-01-30,1.95,1.97,1.94,1.96,14370234
2002-01-31,1.96,1.96,1.96,1.96,0
2002-02-01,2.0,2.01,1.98,2.0,18468145
2002-02-04,2.05,2.05,2.0,2.02,16212556
2002-02-05,2.02,2.02,2.0,2.0,9434317
2002-02-06,2.02,2.02,2.0,2.01,14125131
2002-02-07,2.01,2.01,2.01,2.01,0
2002-02-08,2.01,2.01,2.01,2.01,0
2002-02-11,2.01,2.01,2.01,2.01,0
2002-02-12,2.01,2.01,2.01,2.01,0
2002-02-13,2.01,2.01,2.01,2.01,0
2002-02-14,2.01,2.01,2.01,2.01,0
2002-02-15,2.01,2.01,2.01,2.01,0
2002-02-18,2.02,2.04,2.0,2.01,9795393
2002-02-19,2.0,2.02,1.98,2.0,10252424
2002-02-20,2.0,2.0,1.97,1.99,11103310
2002-02-21,1.97,2.0,1.94,1.97,18934578
2002-02-22,1.95,1.97,1.93,1.94,12948728
2002-02-25,1.95,1.96,1.9,1.92,14020656
2002-02-26,1.93,1.94,1.91,1.91,8903196
2002-02-27,1.92,1.93,1.91,1.93,16615026
2002-02-28,1.93,1.93,1.93,1.93,0
2002-03-01,1.93,1.93,1.91,1.91,11851259
2002-03-04,1.94,1.94,1.91,1.91,32236263
2002-03-05,1.91,1.92,1.86,1.86,32561018
2002-03-06,1.85,1.88,1.85,1.87,20141031
2002-03-07,1.88,1.91,1.86,1.87,25696889
2002-03-08,1.88,1.89,1.86,1.86,13338927
2002-03-11,1.88,1.9,1.86,1.89,20567685
2002-03-12,1.9,1.93,1.89,1.89,21210196
2002-03-13,1.91,1.92,1.89,1.91,24567814
2002-03-14,1.91,1.91,1.89,1.89,20604665
2002-03-15,1.91,1.92,1.88,1.89,15091196
2002-03-18,1.89,1.91,1.87,1.88,18061878
2002-03-19,1.89,1.89,1.86,1.87,11002573
2002-03-20,1.87,1.89,1.86,1.86,11129999
2002-03-21,1.86,1.88,1.86,1.87,11231331
2002-03-22,1.87,1.9,1.87,1.9,22968831
2002-03-25,1.91,1.94,1.91,1.92,28394982
2002-03-26,1.92,1.92,1.9,1.9,15941515
2002-03-27,1.92,2.0,1.92,1.92,54909317
2002-03-28,1.95,1.96,1.92,1.94,30665931
2002-03-29,1.97,1.97,1.92,1.92,20634751
2002-04-01,1.91,1.91,1.89,1.9,11923330
2002-04-02,1.89,1.94,1.89,1.91,16016654
2002-04-03,1.91,1.97,1.91,1.97,20552935
2002-04-04,1.97,2.02,1.97,1.99,88682361
2002-04-05,1.99,1.99,1.99,1.99,0
2002-04-08,2.01,2.12,1.99,2.07,124029308
2002-04-09,2.05,2.05,1.95,1.95,43754807
2002-04-10,1.97,2.02,1.92,2.0,33690320
2002-04-11,2.0,2.08,1.97,2.02,126212748
2002-04-12,1.98,2.0,1.97,1.98,21414781
2002-04-15,1.99,2.02,1.96,1.97,22276942
2002-04-16,1.97,2.02,1.97,2.0,49456941
2002-04-17,2.03,2.08,2.01,2.05,92125919
2002-04-18,2.05,2.13,2.05,2.09,111010559
2002-04-19,2.11,2.23,2.1,2.23,204273043
2002-04-22,2.23,2.24,2.15,2.23,89424635
2002-04-23,2.17,2.23,2.11,2.13,81648697
2002-04-24,2.13,2.2,2.1,2.18,42586786
2002-04-25,2.17,2.23,2.04,2.04,132537300
2002-04-26,2.04,2.07,2.01,2.02,39028108
2002-04-29,2.03,2.08,2.02,2.05,42534673
2002-04-30,2.08,2.08,1.98,2.0,44162357
2002-05-01,2.0,2.0,2.0,2.0,0
2002-05-02,2.03,2.08,1.99,2.0,61142855
2002-05-03,2.0,2.08,2.0,2.07,49914496
2002-05-06,2.05,2.11,2.0,2.0,71306382
2002-05-07,2.0,2.04,1.96,2.0,44421885
2002-05-08,2.02,2.11,2.01,2.08,60373351
2002-05-09,2.11,2.11,2.04,2.05,26521872
2002-05-10,2.04,2.05,2.02,2.03,30363841
2002-05-13,2.04,2.05,2.02,2.02,12950967
2002-05-14,2.05,2.05,1.99,1.99,21188708
2002-05-15,2.0,2.02,1.98,2.02,16019123
2002-05-16,2.01,2.03,1.99,2.0,8309234
2002-05-17,2.01,2.02,2.0,2.0,9327643
2002-05-20,2.0,2.0,1.92,1.94,25999805
2002-05-21,1.91,1.94,1.91,1.94,22177749
2002-05-22,1.91,1.97,1.91,1.94,13857214
2002-05-23,1.94,1.97,1.94,1.94,11937656
2002-05-24,1.95,2.0,1.94,1.96,17793214
2002-05-27,1.94,1.99,1.93,1.97,14505361
2002-05-28,1.98,1.99,1.94,1.94,9784936
2002-05-29,1.97,1.97,1.94,1.95,6763852
2002-05-30,1.96,2.04,1.96,2.02,31182334
2002-05-31,2.01,2.01,1.97,1.98,17676252
2002-06-03,1.97,1.97,1.93,1.94,12155305
2002-06-04,1.92,1.96,1.92,1.94,6035490
2002-06-05,1.95,1.97,1.95,1.96,7586993
2002-06-06,1.96,1.97,1.93,1.93,19517766
2002-06-07,1.93,1.95,1.92,1.92,12072014
2002-06-10,1.93,1.94,1.92,1.94,13059986
2002-06-11,1.94,1.97,1.93,1.93,16342231
2002-06-12,1.92,1.94,1.91,1.91,12964173
2002-06-13,1.94,1.99,1.93,1.97,34573747
2002-06-14,1.98,2.07,1.98,2.02,66547536
2002-06-17,2.01,2.03,1.99,2.0,24861364
2002-06-18,2.02,2.02,1.96,1.97,26694203
2002-06-19,1.96,1.98,1.94,1.94,10302302
2002-06-20,1.95,1.98,1.94,1.97,8228944
2002-06-21,1.97,1.97,1.95,1.97,8148144
2002-06-24,1.98,1.98,1.95,1.97,10699536
2002-06-25,1.98,2.0,1.94,1.97,21426265
2002-06-26,1.96,1.97,1.88,1.89,24901656
2002-06-27,1.89,1.91,1.88,1.91,15500687
2002-06-28,1.91,1.93,1.91,1.92,9195548
2002-07-01,1.91,1.91,1.85,1.86,10058195
2002-07-02,1.86,1.89,1.86,1.89,8817493
2002-07-03,1.89,1.9,1.85,1.88,9462993
2002-07-04,1.89,1.9,1.87,1.9,7245386
2002-07-05,1.89,1.91,1.87,1.9,9761722
2002-07-08,1.91,1.92,1.9,1.9,9456220
2002-07-09,1.9,1.91,1.9,1.91,7529513
2002-07-10,1.91,1.91,1.89,1.91,8404991
2002-07-11,1.9,1.91,1.88,1.9,5124060
2002-07-12,1.91,1.92,1.9,1.91,11197182
2002-07-15,1.91,1.92,1.89,1.89,8572149
2002-07-16,1.89,1.91,1.89,1.89,5296156
2002-07-17,1.89,1.9,1.89,1.89,3060221
2002-07-18,1.89,1.91,1.89,1.89,4190635
2002-07-19,1.89,1.9,1.89,1.89,3532973
2002-07-22,1.88,1.89,1.83,1.83,13279428
2002-07-23,1.83,1.85,1.8,1.85,8017360
2002-07-24,1.85,1.86,1.83,1.83,8555832
2002-07-25,1.85,1.86,1.83,1.83,12160424
2002-07-26,1.83,1.84,1.79,1.81,6932679
2002-07-29,1.83,1.85,1.81,1.83,4956976
2002-07-30,1.89,1.89,1.85,1.86,4329404
2002-07-31,1.86,1.86,1.85,1.85,3969071
2002-08-01,1.84,1.87,1.84,1.85,3495635
2002-08-02,1.87,1.89,1.85,1.87,8744316
2002-08-05,1.84,1.85,1.78,1.78,15805573
2002-08-06,1.75,1.8,1.75,1.79,6319330
2002-08-07,1.8,1.83,1.8,1.82,8645588
2002-08-08,1.83,1.85,1.81,1.84,7671995
2002-08-09,1.86,1.92,1.86,1.92,23847656
2002-08-12,1.94,2.01,1.91,2.01,55208212
2002-08-13,2.0,2.01,1.96,1.97,27602476
2002-08-14,1.98,2.0,1.94,1.95,17280566
2002-08-15,1.97,1.97,1.94,1.94,19815075
2002-08-16,1.97,1.97,1.89,1.9,17418857
2002-08-19,1.9,1.9,1.88,1.89,9447159
2002-08-20,1.91,1.92,1.89,1.9,6602642
2002-08-21,1.89,1.9,1.87,1.88,7385441
2002-08-22,1.88,1.92,1.88,1.91,8019191
2002-08-23,1.91,1.91,1.91,1.91,0
2002-08-26,1.91,1.92,1.89,1.91,8580785
2002-08-27,1.91,1.91,1.9,1.9,2834959
2002-08-28,1.89,1.91,1.89,1.9,6801891
2002-08-29,1.9,1.91,1.89,1.89,5866270
2002-08-30,1.89,1.91,1.89,1.91,6176536
2002-09-02,1.91,1.91,1.89,1.89,8695922
2002-09-03,1.89,1.9,1.88,1.88,11706762
2002-09-04,1.87,1.89,1.85,1.88,11656692
2002-09-05,1.88,1.89,1.86,1.86,11171789
2002-09-06,1.86,1.86,1.86,1.86,0
2002-09-09,1.87,1.88,1.86,1.86,14936266
2002-09-10,2.03,2.05,2.01,2.04,6409612
2002-09-11,2.07,2.08,2.05,2.08,7650708
2002-09-12,2.08,2.1,2.06,2.08,4031691
2002-09-13,2.08,2.08,2.05,2.05,3082983
2002-09-16,2.04,2.05,2.02,2.02,4640286
2002-09-17,2.02,2.08,2.02,2.06,4733987
2002-09-18,2.05,2.05,2.02,2.03,3907688
2002-09-19,2.02,2.05,2.02,2.05,3743013
2002-09-20,2.04,2.04,2.02,2.03,3851993
2002-09-23,2.02,2.03,2.01,2.01,2568020
2002-09-24,2.02,2.04,2.0,2.02,4583934
2002-09-25,2.02,2.02,1.94,1.97,7711769
2002-09-26,1.99,2.02,1.97,2.02,6321988
2002-09-27,1.99,2.01,1.97,2.0,4395098
2002-09-30,1.97,2.0,1.92,2.0,6605707
2002-10-01,1.96,1.99,1.93,1.95,3093708
2002-10-02,1.96,1.97,1.94,1.94,4919619
2002-10-03,1.92,1.94,1.9,1.92,9170867
2002-10-04,1.91,1.94,1.88,1.94,9600673
2002-10-07,1.93,1.93,1.89,1.89,3240737
2002-10-08,1.89,1.93,1.88,1.91,8349340
2002-10-09,1.92,1.93,1.9,1.91,4398060
2002-10-10,1.91,1.91,1.91,1.91,0
2002-10-11,1.91,1.92,1.83,1.85,7923474
2002-10-14,1.85,1.87,1.81,1.85,2673986
2002-10-15,1.85,1.93,1.84,1.91,16142528
2002-10-16,1.92,1.92,1.87,1.88,13887297
2002-10-17,1.88,1.91,1.87,1.9,8724559
2002-10-18,1.91,1.95,1.91,1.93,14255598
2002-10-21,1.93,1.93,1.9,1.9,5829245
2002-10-22,1.91,1.96,1.9,1.93,12403641
2002-10-23,1.93,1.99,1.93,1.97,15079503
2002-10-24,1.98,2.03,1.94,1.99,19686313
2002-10-25,1.99,2.02,1.98,1.98,6985666
2002-10-28,1.99,2.07,1.99,2.02,16736448
2002-10-29,2.05,2.05,1.97,1.98,4857882
2002-10-30,1.97,2.0,1.94,1.95,7551686
2002-10-31,1.96,1.99,1.96,1.98,3890691
2002-11-01,1.99,2.01,1.94,1.94,6400162
2002-11-04,1.97,2.02,1.97,1.99,8105862
2002-11-05,2.02,2.02,1.96,1.98,5574397
2002-11-06,1.98,2.01,1.98,1.99,7132101
2002-11-07,2.0,2.02,1.99,1.99,9213167
2002-11-08,1.99,2.04,1.99,2.03,12544250
2002-11-11,2.04,2.07,2.0,2.01,22396728
2002-11-12,2.01,2.05,2.01,2.02,7718516
2002-11-13,2.03,2.05,2.02,2.03,14021559
2002-11-14,2.04,2.06,2.03,2.04,16356115
2002-11-15,2.05,2.14,2.05,2.11,41750289
2002-11-18,2.13,2.16,2.09,2.1,28060573
2002-11-19,2.08,2.08,2.02,2.04,14443273
2002-11-20,2.04,2.05,2.01,2.04,9966370
2002-11-21,2.05,2.05,2.02,2.02,8757606
2002-11-22,2.02,2.06,2.02,2.03,9804785
2002-11-25,1.97,1.99,1.96,1.99,14205341
2002-11-26,1.97,2.01,1.96,1.99,10851314
2002-11-27,1.97,1.99,1.97,1.98,7262939
2002-11-28,1.98,2.0,1.97,1.97,6855775
2002-11-29,1.97,1.99,1.97,1.99,7345557
2002-12-02,1.99,1.99,1.99,1.99,0
2002-12-03,1.99,2.02,1.98,2.0,7794997
2002-12-04,2.0,2.0,1.99,1.99,6379878
2002-12-05,1.99,2.02,1.98,1.98,11331790
2002-12-06,1.99,2.0,1.98,1.98,7190528
2002-12-09,2.01,2.03,2.0,2.0,17341215
2002-12-10,2.0,2.02,1.99,2.01,10266364
2002-12-11,2.02,2.15,2.02,2.15,117411711
2002-12-12,2.16,2.16,2.08,2.14,44881919
2002-12-13,2.14,2.14,2.01,2.01,39149967
2002-12-16,1.99,2.1,1.98,2.09,43793379
2002-12-17,2.1,2.15,2.06,2.11,34875866
2002-12-18,2.16,2.22,2.13,2.18,87806499
2002-12-19,2.16,2.31,2.16,2.28,131563063
2002-12-20,2.33,2.43,2.28,2.31,205775968
2002-12-23,2.41,2.46,2.41,2.46,126937133
2002-12-24,2.55,2.6,2.52,2.56,337669396
2002-12-25,2.56,2.58,2.39,2.46,137961897
2002-12-26,2.46,2.64,2.4,2.64,229430559
2002-12-27,2.58,2.67,2.57,2.64,266150918
2002-12-30,2.62,2.74,2.6,2.64,248983496
2002-12-31,2.64,2.65,2.53,2.6,127557635
2003-01-01,2.6,2.6,2.6,2.6,0
2003-01-02,2.58,2.77,2.57,2.77,261315796
2003-01-03,2.84,2.88,2.74,2.81,384364335
2003-01-06,2.81,2.91,2.77,2.91,249909102
2003-01-07,2.93,2.93,2.84,2.89,167534026
2003-01-08,2.86,2.98,2.86,2.86,231026702
2003-01-09,2.86,2.89,2.72,2.74,170773895
2003-01-10,2.74,2.81,2.69,2.79,117640577
2003-01-13,2.81,2.82,2.74,2.79,92426892
2003-01-14,2.81,2.82,2.7,2.76,114809676
2003-01-15,2.76,2.84,2.7,2.81,139017600
2003-01-16,2.84,2.99,2.84,2.99,176872190
2003-01-17,3.13,3.18,2.96,2.96,342252147
2003-01-20,2.98,3.17,2.98,3.17,295471053
2003-01-21,3.18,3.27,3.1,3.15,364099242
2003-01-22,3.13,3.27,3.13,3.27,222054009
2003-01-23,3.27,3.34,3.18,3.27,257143942
2003-01-24,3.34,3.34,3.23,3.27,160285608
2003-01-27,3.27,3.27,3.27,3.27,0
2003-01-28,3.11,3.29,3.11,3.27,137480129
2003-01-29,3.27,3.27,3.27,3.27,0
2003-01-30,3.27,3.27,3.27,3.27,0
2003-01-31,3.27,3.27,3.27,3.27,0
2003-02-03,3.27,3.27,3.27,3.27,0
2003-02-04,3.27,3.27,3.27,3.27,0
2003-02-05,3.27,3.27,3.27,3.27,0
2003-02-06,3.29,3.37,3.2,3.23,199759386
2003-02-07,3.27,3.34,3.01,3.23,155731705
2003-02-10,3.17,3.17,3.01,3.01,104601969
2003-02-11,3.03,3.05,2.84,2.86,96185764
2003-02-12,2.86,2.94,2.82,2.91,83597790
2003-02-13,2.89,2.91,2.72,2.72,98052842
2003-02-14,2.77,2.84,2.74,2.79,133441513
2003-02-17,2.91,2.98,2.88,2.98,124366787
2003-02-18,2.94,2.94,2.82,2.84,57268645
2003-02-19,2.91,2.91,2.74,2.77,53584430
2003-02-20,2.77,2.81,2.58,2.69,119742304
2003-02-21,2.67,2.69,2.57,2.65,55390680
2003-02-24,2.69,2.74,2.67,2.72,55521423
2003-02-25,2.67,2.72,2.65,2.65,40619371
2003-02-26,2.67,2.69,2.6,2.65,56348825
2003-02-27,2.64,2.72,2.6,2.67,76542262
2003-02-28,2.67,2.67,2.67,2.67,0
2003-03-03,2.72,2.81,2.7,2.77,73864333
2003-03-04,2.77,2.84,2.74,2.82,62917454
2003-03-05,2.82,2.86,2.79,2.82,69734260
2003-03-06,2.84,2.89,2.79,2.79,90284397
2003-03-07,2.76,2.76,2.65,2.67,45732074
2003-03-10,2.67,2.7,2.62,2.67,40854653
2003-03-11,2.65,2.69,2.58,2.65,66087546
2003-03-12,2.65,2.69,2.6,2.67,31543329
2003-03-13,2.67,2.79,2.65,2.77,64598091
2003-03-14,2.89,2.91,2.84,2.84,99542140
2003-03-17,2.82,2.86,2.74,2.74,34260156
2003-03-18,2.82,2.93,2.82,2.91,70339447
2003-03-19,2.91,2.91,2.82,2.82,38043494
2003-03-20,2.84,2.88,2.79,2.86,53621849
2003-03-21,2.82,2.96,2.82,2.86,74391514
2003-03-24,2.89,2.91,2.86,2.86,25609358
2003-03-25,2.81,2.84,2.77,2.79,22144740
2003-03-26,2.79,2.84,2.79,2.81,20361973
2003-03-27,2.79,2.84,2.77,2.82,26310048
2003-03-28,2.82,2.84,2.76,2.81,24615133
2003-03-31,2.77,2.77,2.62,2.64,102762262
2003-04-01,2.58,2.62,2.52,2.58,77432729
2003-04-02,2.58,2.58,2.55,2.57,31157772
2003-04-03,2.62,2.64,2.58,2.62,21203960
2003-04-04,2.62,2.77,2.62,2.76,88268633
2003-04-07,2.76,2.81,2.7,2.76,66132276
2003-04-08,2.76,2.82,2.72,2.74,64430368
2003-04-09,2.74,2.82,2.7,2.77,49716896
2003-04-10,2.77,2.82,2.74,2.74,50991799
2003-04-11,2.74,2.82,2.74,2.79,75697512
2003-04-14,2.82,2.82,2.77,2.81,44553542
2003-04-15,2.82,2.84,2.81,2.81,51462173
2003-04-16,2.84,2.88,2.82,2.82,57997855
2003-04-17,2.82,2.88,2.81,2.82,51545644
2003-04-18,2.86,2.91,2.84,2.86,113610989
2003-04-21,2.86,2.89,2.81,2.82,44224907
2003-04-22,2.81,2.82,2.76,2.77,27336713
2003-04-23,2.79,2.81,2.67,2.77,69435187
2003-04-24,2.72,2.72,2.58,2.6,98007623
2003-04-25,2.56,2.64,2.52,2.58,87359837
2003-04-28,2.53,2.58,2.52,2.57,36698765
2003-04-29,2.58,2.6,2.52,2.55,48865459
2003-04-30,2.57,2.57,2.49,2.49,28556032
2003-05-01,2.49,2.49,2.49,2.49,0
2003-05-02,2.51,2.57,2.51,2.56,32678689
2003-05-05,2.56,2.58,2.54,2.58,20848930
2003-05-06,2.57,2.6,2.56,2.58,21086239
2003-05-07,2.6,2.65,2.6,2.62,41002104
2003-05-08,2.62,2.62,2.55,2.55,20183924
2003-05-09,2.55,2.6,2.53,2.57,21197407
2003-05-12,2.58,2.58,2.55,2.57,20954089
2003-05-13,2.58,2.64,2.58,2.58,45228037
2003-05-14,2.58,2.6,2.57,2.57,14738820
2003-05-15,2.57,2.58,2.54,2.58,24267588
2003-05-16,2.58,2.6,2.53,2.53,18374493
2003-05-19,2.52,2.53,2.51,2.52,11560876
2003-05-20,2.51,2.54,2.5,2.52,11037076
2003-05-21,2.52,2.54,2.51,2.52,9979428
2003-05-22,2.52,2.54,2.5,2.52,13040766
2003-05-23,2.53,2.6,2.53,2.58,45329768
2003-05-26,2.6,2.64,2.58,2.62,44139969
2003-05-27,2.62,2.64,2.57,2.58,26434792
2003-05-28,2.6,2.65,2.58,2.58,47693188
2003-05-29,2.6,2.6,2.57,2.57,18566429
2003-05-30,2.58,2.64,2.57,2.58,35618662
2003-06-02,2.62,2.76,2.62,2.76,130294431
2003-06-03,2.81,2.84,2.77,2.77,115503294
2003-06-04,2.77,2.77,2.77,2.77,0
2003-06-05,2.76,2.76,2.67,2.72,125441686
2003-06-06,2.69,2.7,2.65,2.69,76133241
2003-06-09,2.69,2.72,2.64,2.72,99345081
2003-06-10,2.74,2.77,2.69,2.72,83298632
2003-06-11,2.74,2.79,2.69,2.72,92544023
2003-06-12,2.77,2.77,2.74,2.74,44142210
2003-06-13,2.77,2.79,2.72,2.72,46059358
2003-06-16,2.72,2.76,2.72,2.74,28091225
2003-06-17,2.77,2.86,2.76,2.86,144896444
2003-06-18,2.91,2.91,2.81,2.84,113223525
2003-06-19,2.88,2.88,2.79,2.81,63517951
2003-06-20,2.81,2.88,2.79,2.81,89767436
2003-06-23,2.86,2.88,2.79,2.79,45917079
2003-06-24,2.77,2.81,2.76,2.76,20192859
2003-06-25,2.76,2.79,2.76,2.76,19873247
2003-06-26,2.76,2.79,2.74,2.79,25179323
2003-06-27,2.79,2.81,2.76,2.76,22711023
2003-06-30,2.76,2.81,2.74,2.81,17797426
2003-07-01,2.79,2.81,2.77,2.81,37007189
2003-07-02,2.82,2.89,2.82,2.86,103001867
2003-07-03,2.91,2.94,2.84,2.89,154063903
2003-07-04,2.93,2.93,2.82,2.82,56867238
2003-07-07,2.86,2.96,2.86,2.93,85308987
2003-07-08,2.93,2.93,2.84,2.84,64415943
2003-07-09,2.88,2.93,2.86,2.89,45640993
2003-07-10,2.93,2.94,2.84,2.84,42118246
2003-07-11,2.81,2.81,2.74,2.74,56159286
2003-07-14,2.79,2.81,2.76,2.79,22510667
2003-07-15,2.79,2.81,2.76,2.77,20975465
2003-07-16,2.76,2.81,2.76,2.77,23863796
2003-07-17,2.77,2.79,2.76,2.76,25996317
2003-07-18,2.77,2.79,2.76,2.79,16815241
2003-07-21,2.81,2.82,2.77,2.79,16551351
2003-07-22,2.79,2.81,2.77,2.79,18132644
2003-07-23,2.81,2.82,2.77,2.81,23251980
2003-07-24,2.81,2.84,2.79,2.84,34225696
2003-07-25,2.84,2.88,2.81,2.82,29242594
2003-07-28,2.84,2.88,2.84,2.88,23105292
2003-07-29,2.88,2.89,2.82,2.82,14800944
2003-07-30,2.82,2.86,2.79,2.79,14045058
2003-07-31,2.79,2.82,2.76,2.81,17816233
2003-08-01,2.79,2.81,2.77,2.79,12817532
2003-08-04,2.79,2.82,2.77,2.81,15722798
2003-08-05,2.82,2.82,2.77,2.77,12147419
2003-08-06,2.77,2.81,2.76,2.76,17820924
2003-08-07,2.79,2.82,2.76,2.77,16077222
2003-08-08,2.81,2.81,2.77,2.77,10377404
2003-08-11,2.77,2.81,2.76,2.77,15189418
2003-08-12,2.79,2.81,2.77,2.79,9249070
2003-08-13,2.81,2.84,2.77,2.82,31181283
2003-08-14,2.81,2.86,2.79,2.82,26068970
2003-08-15,2.86,2.86,2.79,2.81,15180447
2003-08-18,2.82,2.89,2.81,2.86,43029204
2003-08-19,2.88,2.88,2.84,2.84,16511524
2003-08-20,2.84,2.89,2.84,2.84,18819400
2003-08-21,2.82,2.86,2.81,2.82,18915496
2003-08-22,2.82,2.93,2.82,2.89,79372359
2003-08-25,2.93,2.99,2.93,2.94,86968923
2003-08-26,2.94,2.96,2.89,2.89,29548289
2003-08-27,2.91,2.99,2.88,2.93,68299254
2003-08-28,2.93,2.96,2.86,2.86,37680749
2003-08-29,2.88,2.91,2.86,2.89,22408382
2003-09-01,2.93,3.08,2.93,3.08,193681833
2003-09-02,3.03,3.1,3.01,3.08,101246770
2003-09-03,3.11,3.13,3.01,3.03,74033909
2003-09-04,3.03,3.06,2.98,2.99,100755106
2003-09-05,2.99,3.03,2.94,2.96,47034654
2003-09-08,2.96,2.99,2.93,2.98,33405547
2003-09-09,2.99,3.03,2.93,2.93,41587549
2003-09-10,2.91,2.93,2.81,2.84,53311559
2003-09-11,2.84,2.84,2.84,2.84,0
2003-09-12,2.84,2.88,2.82,2.86,22313749
2003-09-15,2.84,2.88,2.84,2.86,15493955
2003-09-16,2.89,2.91,2.88,2.89,25640119
2003-09-17,2.93,2.93,2.88,2.88,22863175
2003-09-18,2.88,2.91,2.88,2.91,22507567
2003-09-19,2.93,2.96,2.91,2.93,42487148
2003-09-22,2.93,2.99,2.91,2.94,50854142
2003-09-23,2.94,2.98,2.91,2.93,20210936
2003-09-24,2.94,2.96,2.93,2.94,24825801
2003-09-25,2.91,3.05,2.89,2.99,121465447
2003-09-26,3.03,3.03,2.94,2.96,57206832
2003-09-29,2.96,2.98,2.93,2.94,26572046
2003-09-30,2.94,2.96,2.91,2.93,23050532
2003-10-01,2.89,2.91,2.86,2.89,39265553
2003-10-02,2.93,2.96,2.89,2.93,60602333
2003-10-03,2.94,3.06,2.94,3.03,124354277
2003-10-06,3.08,3.23,3.08,3.23,247973654
2003-10-07,3.27,3.34,3.25,3.3,244971298
2003-10-08,3.29,3.34,3.22,3.29,139499825
2003-10-09,3.29,3.37,3.22,3.23,144827001
2003-10-10,3.23,3.23,3.23,3.23,0
2003-10-13,3.23,3.34,3.23,3.32,109309477
2003-10-14,3.35,3.35,3.25,3.27,68914858
2003-10-15,3.25,3.29,3.18,3.2,66198146
2003-10-16,3.22,3.39,3.2,3.39,107708998
2003-10-17,3.39,3.46,3.34,3.39,151120050
2003-10-20,3.37,3.46,3.35,3.41,136760733
2003-10-21,3.41,3.41,3.34,3.41,67376494
2003-10-22,3.41,3.42,3.34,3.34,69947628
2003-10-23,3.25,3.29,3.22,3.22,66743066
2003-10-24,3.23,3.27,3.2,3.25,32123742
2003-10-27,3.25,3.29,3.23,3.29,22281975
2003-10-28,3.3,3.37,3.29,3.32,72270752
2003-10-29,3.35,3.41,3.32,3.34,77653549
2003-10-30,3.34,3.35,3.32,3.32,38791899
2003-10-31,3.3,3.34,3.27,3.29,42891254
2003-11-03,3.29,3.35,3.25,3.35,41993837
2003-11-04,3.39,3.47,3.37,3.39,138057895
2003-11-05,3.39,3.41,3.34,3.34,41621557
2003-11-06,3.34,3.41,3.13,3.13,88742457
2003-11-07,3.17,3.22,3.15,3.22,55116877
2003-11-10,3.18,3.22,3.17,3.18,26862482
2003-11-11,3.22,3.25,3.18,3.25,49525764
2003-11-12,3.25,3.27,3.2,3.22,27050180
2003-11-13,3.25,3.27,3.22,3.25,37518924
2003-11-14,3.27,3.34,3.22,3.32,70208215
2003-11-17,3.29,3.3,3.22,3.25,38954078
2003-11-18,3.23,3.27,3.2,3.25,31542837
2003-11-19,3.22,3.23,3.2,3.22,30488016
2003-11-20,3.23,3.25,3.2,3.2,31697240
2003-11-21,3.18,3.23,3.15,3.2,29506016
2003-11-24,3.23,3.27,3.2,3.23,41005411
2003-11-25,3.29,3.42,3.27,3.34,153861698
2003-11-26,3.34,3.42,3.3,3.41,121680449
2003-11-27,3.41,3.41,3.35,3.37,71703915
2003-11-28,3.41,3.49,3.37,3.37,136223043
2003-12-01,3.37,3.44,3.35,3.44,77575306
2003-12-02,3.46,3.47,3.39,3.44,91308953
2003-12-03,3.44,3.46,3.39,3.39,49642147
2003-12-04,3.41,3.46,3.39,3.42,47101361
2003-12-05,3.44,3.44,3.37,3.37,38803199
2003-12-08,3.37,3.41,3.35,3.37,26169871
2003-12-09,3.41,3.47,3.39,3.44,74600913
2003-12-10,3.44,3.49,3.42,3.44,61275152
2003-12-11,3.49,3.68,3.49,3.59,253379316
2003-12-12,3.61,3.7,3.58,3.61,176615043
2003-12-15,3.63,3.65,3.56,3.65,83207505
2003-12-16,3.58,3.65,3.54,3.59,101008736
2003-12-17,3.61,3.65,3.46,3.47,120757420
2003-12-18,3.49,3.54,3.49,3.51,33911847
2003-12-19,3.54,3.56,3.49,3.49,26265255
2003-12-22,3.51,3.59,3.51,3.56,40907734
2003-12-23,3.56,3.58,3.53,3.54,20548985
2003-12-24,3.56,3.59,3.53,3.56,25303335
2003-12-25,3.56,3.63,3.56,3.56,42830580
2003-12-26,3.59,3.59,3.54,3.56,25880537
2003-12-29,3.56,3.58,3.47,3.49,43578879
2003-12-30,3.51,3.53,3.47,3.51,38467403
2003-12-31,3.51,3.56,3.49,3.51,26720377
2004-01-01,3.51,3.51,3.51,3.51,0
2004-01-02,3.54,3.61,3.53,3.61,80509565
2004-01-05,3.65,3.68,3.56,3.63,118116022
2004-01-06,3.65,3.75,3.59,3.68,158248153
2004-01-07,3.71,3.75,3.63,3.65,94740235
2004-01-08,3.68,3.68,3.63,3.66,49095945
2004-01-09,3.68,3.7,3.63,3.68,93240615
2004-01-12,3.68,3.68,3.61,3.61,43942484
2004-01-13,3.61,3.65,3.58,3.59,40645874
2004-01-14,3.63,3.68,3.61,3.65,42173410
2004-01-15,3.66,3.68,3.61,3.63,53035214
2004-01-16,3.66,3.7,3.65,3.66,56786155
2004-01-19,3.66,3.66,3.66,3.66,0
2004-01-20,3.66,3.66,3.66,3.66,0
2004-01-21,3.66,3.66,3.66,3.66,0
2004-01-22,3.66,3.66,3.66,3.66,0
2004-01-23,3.66,3.66,3.66,3.66,0
2004-01-26,3.66,3.66,3.66,3.66,0
2004-01-27,3.71,3.75,3.68,3.71,78186942
2004-01-28,3.75,3.83,3.71,3.78,128129920
2004-01-29,3.75,3.76,3.7,3.71,76653298
2004-01-30,3.73,3.82,3.71,3.78,69272398
2004-02-02,3.9,3.9,3.78,3.78,111142820
2004-02-03,3.76,3.82,3.71,3.82,52995115
2004-02-04,3.82,3.85,3.76,3.78,48491843
2004-02-05,3.78,3.82,3.76,3.78,55683429
2004-02-06,3.78,3.83,3.78,3.78,49315207
2004-02-09,3.82,3.85,3.78,3.78,107874047
2004-02-10,3.78,3.83,3.75,3.82,70689784
2004-02-11,3.82,3.9,3.8,3.85,147109762
2004-02-12,3.87,3.97,3.73,3.76,200571266
2004-02-13,3.78,4.02,3.78,3.92,215791743
2004-02-16,3.94,3.97,3.88,3.92,117441924
2004-02-17,3.94,4.02,3.94,3.99,511385661
2004-02-18,4.02,4.04,3.9,3.9,156099150
2004-02-19,3.9,4.04,3.88,4.02,107780851
2004-02-20,4.0,4.02,3.9,3.92,68902948
2004-02-23,3.92,4.02,3.88,3.95,91442287
2004-02-24,3.95,4.02,3.92,3.92,47073648
2004-02-25,3.95,3.97,3.92,3.92,38433785
2004-02-26,3.97,3.99,3.9,3.92,85778439
2004-02-27,3.99,3.99,3.94,3.97,67011024
2004-03-01,4.0,4.12,3.99,4.09,209500206
2004-03-02,4.14,4.16,4.02,4.02,154469942
2004-03-03,4.06,4.12,4.04,4.07,152357239
2004-03-04,4.11,4.14,4.09,4.12,104799415
2004-03-05,4.16,4.18,4.04,4.06,87746244
2004-03-08,4.07,4.11,4.0,4.0,49474716
2004-03-09,4.02,4.06,3.99,4.02,72418365
2004-03-10,4.02,4.07,3.99,4.0,55710148
2004-03-11,3.99,4.07,3.99,4.04,67875755
2004-03-12,4.0,4.02,3.97,3.99,49449735
2004-03-15,4.02,4.04,3.8,3.8,100566368
2004-03-16,3.76,3.82,3.68,3.76,62418764
2004-03-17,3.78,3.83,3.73,3.73,31806229
2004-03-18,3.73,3.87,3.73,3.85,45348602
2004-03-19,3.85,3.85,3.78,3.82,36995201
2004-03-22,3.56,3.56,3.56,3.56,39769806
2004-03-23,3.56,3.73,3.41,3.58,137628249
2004-03-24,3.71,3.71,3.59,3.65,43943166
2004-03-25,3.66,3.68,3.59,3.59,27991636
2004-03-26,3.63,3.65,3.58,3.58,48128564
2004-03-29,3.7,3.82,3.7,3.82,45207986
2004-03-30,3.82,3.83,3.75,3.83,36986682
2004-03-31,3.85,3.94,3.8,3.83,46572379
2004-04-01,3.83,3.83,3.76,3.8,52537524
2004-04-02,3.85,3.9,3.85,3.88,35894675
2004-04-05,3.92,3.94,3.87,3.94,45459518
2004-04-06,3.94,3.97,3.9,3.9,36495129
2004-04-07,3.9,3.94,3.88,3.9,17181129
2004-04-08,3.9,4.0,3.9,3.97,56907268
2004-04-09,3.99,4.0,3.92,3.97,30307288
2004-04-12,4.02,4.09,4.0,4.04,62915795
2004-04-13,4.06,4.07,3.99,3.99,41356229
2004-04-14,3.99,3.99,3.94,3.95,25000340
2004-04-15,3.95,3.95,3.85,3.85,38834586
2004-04-16,3.85,3.94,3.83,3.9,46681333
2004-04-19,3.92,3.97,3.88,3.88,32374227
2004-04-20,3.88,3.97,3.88,3.95,48725036
2004-04-21,3.95,4.04,3.95,3.95,70861626
2004-04-22,3.97,3.99,3.87,3.88,36582090
2004-04-23,3.92,3.92,3.85,3.92,23624106
2004-04-26,3.9,3.92,3.85,3.88,15449474
2004-04-27,3.94,3.94,3.76,3.87,42814406
2004-04-28,3.9,3.9,3.78,3.85,24850664
2004-04-29,3.8,3.82,3.59,3.73,69025249
2004-04-30,3.73,3.73,3.51,3.65,49606654
2004-05-03,3.59,3.61,3.56,3.59,23501724
2004-05-04,3.59,3.68,3.53,3.68,48312264
2004-05-05,3.68,3.68,3.51,3.51,44768307
2004-05-06,3.59,3.63,3.51,3.63,38562134
2004-05-07,3.59,3.65,3.58,3.63,16202018
2004-05-10,3.58,3.59,3.49,3.51,22845095
2004-05-11,3.54,3.58,3.47,3.56,22084522
2004-05-12,3.61,3.71,3.61,3.66,47820133
2004-05-13,3.68,3.7,3.61,3.63,16643393
2004-05-14,3.65,3.66,3.56,3.59,16902842
2004-05-17,3.56,3.56,3.39,3.44,41718532
2004-05-18,3.41,3.53,3.41,3.49,25666490
2004-05-19,3.54,3.68,3.54,3.65,40613263
2004-05-20,3.56,3.68,3.51,3.56,25203228
2004-05-21,3.59,3.65,3.56,3.61,20571486
2004-05-24,3.59,3.65,3.56,3.63,15102473
2004-05-25,3.61,3.68,3.56,3.59,19628204
2004-05-26,3.66,3.71,3.65,3.65,31164000
2004-05-27,3.68,3.73,3.65,3.71,18587142
2004-05-28,3.75,3.78,3.71,3.75,50558687
2004-05-31,3.75,3.75,3.65,3.65,18466899
2004-06-01,3.66,3.66,3.54,3.58,33660076
2004-06-02,3.53,3.53,3.42,3.42,60517114
2004-06-03,3.42,3.46,3.3,3.32,69032573
2004-06-04,3.32,3.34,3.27,3.32,21020867
2004-06-07,3.35,3.46,3.32,3.44,47147616
2004-06-08,3.47,3.49,3.37,3.44,31333534
2004-06-09,3.44,3.46,3.41,3.44,16109963
2004-06-10,3.42,3.42,3.35,3.41,20666523
2004-06-11,3.41,3.42,3.34,3.34,22117014
2004-06-14,3.35,3.39,3.25,3.27,37742575
2004-06-15,3.22,3.37,3.22,3.35,31105655
2004-06-16,3.39,3.41,3.3,3.34,38392617
2004-06-17,3.37,3.44,3.34,3.41,32668708
2004-06-18,3.37,3.39,3.34,3.39,9872587
2004-06-21,3.44,3.46,3.39,3.41,13660474
2004-06-22,3.41,3.41,3.41,3.41,0
2004-06-23,3.44,3.59,3.41,3.51,45629821
2004-06-24,3.56,3.56,3.49,3.51,27068309
2004-06-25,3.51,3.53,3.46,3.49,19647428
2004-06-28,3.49,3.49,3.41,3.42,24316904
2004-06-29,3.42,3.46,3.35,3.46,15574930
2004-06-30,3.47,3.49,3.42,3.49,17495936
2004-07-01,3.49,3.49,3.42,3.42,11119741
2004-07-02,3.42,3.42,3.35,3.37,35592188
2004-07-05,3.37,3.37,3.3,3.3,16417216
2004-07-06,3.3,3.39,3.3,3.39,12848551
2004-07-07,3.34,3.39,3.32,3.37,9796696
2004-07-08,3.37,3.41,3.35,3.39,11953669
2004-07-09,3.39,3.46,3.37,3.42,16884457
2004-07-12,3.44,3.47,3.42,3.46,9909018
2004-07-13,3.42,3.46,3.41,3.42,10514409
2004-07-14,3.42,3.42,3.39,3.39,8795159
2004-07-15,3.39,3.39,3.32,3.34,17117722
2004-07-16,3.34,3.39,3.32,3.34,7854767
2004-07-19,3.34,3.35,3.27,3.3,14931372
2004-07-20,3.3,3.3,3.17,3.18,29959412
2004-07-21,3.23,3.3,3.22,3.27,16626881
2004-07-22,3.18,3.29,3.18,3.27,14587019
2004-07-23,3.27,3.29,3.22,3.27,14808469
2004-07-26,3.27,3.3,3.23,3.3,10078824
2004-07-27,3.3,3.39,3.29,3.35,16853208
2004-07-28,3.37,3.39,3.35,3.37,7171786
2004-07-29,3.37,3.41,3.35,3.37,11520849
2004-07-30,3.39,3.41,3.35,3.39,13473058
2004-08-02,3.35,3.35,3.27,3.29,18790870
2004-08-03,3.29,3.3,3.27,3.29,5285211
2004-08-04,3.29,3.29,3.22,3.23,9753527
2004-08-05,3.23,3.32,3.22,3.3,11599203
2004-08-06,3.27,3.3,3.25,3.27,6550080
2004-08-09,3.25,3.25,3.2,3.25,7984765
2004-08-10,3.25,3.3,3.25,3.3,12747394
2004-08-11,3.3,3.3,3.27,3.27,6924096
2004-08-12,3.27,3.32,3.25,3.3,6884433
2004-08-13,3.27,3.35,3.27,3.35,12760889
2004-08-16,3.35,3.35,3.32,3.34,5167972
2004-08-17,3.35,3.37,3.32,3.32,8054512
2004-08-18,3.32,3.41,3.32,3.41,27739389
2004-08-19,3.44,3.56,3.42,3.56,47988013
2004-08-20,3.56,3.59,3.53,3.54,32616017
2004-08-23,3.54,3.59,3.54,3.59,16683764
2004-08-24,3.59,3.59,3.59,3.59,0
2004-08-25,3.59,3.59,3.59,3.59,0
2004-08-26,3.8,3.8,3.66,3.69,96141983
2004-08-27,3.69,3.69,3.66,3.69,23221583
2004-08-30,3.69,3.69,3.64,3.66,20474001
2004-08-31,3.66,3.66,3.6,3.62,31795189
2004-09-01,3.62,3.69,3.62,3.67,100842414
2004-09-02,3.67,3.8,3.67,3.73,197393724
2004-09-03,3.75,3.77,3.69,3.69,83714080
2004-09-06,3.67,3.77,3.62,3.77,96707672
2004-09-07,3.77,3.8,3.73,3.79,91867063
2004-09-08,3.8,3.86,3.79,3.8,91503031
2004-09-09,3.8,3.82,3.77,3.8,36489267
2004-09-10,3.8,3.82,3.75,3.77,39021360
2004-09-13,3.8,3.88,3.8,3.86,87885316
2004-09-14,3.88,3.95,3.84,3.88,114857111
2004-09-15,3.88,3.9,3.77,3.82,61742076
2004-09-16,3.77,3.8,3.75,3.79,38947050
2004-09-17,3.79,3.79,3.66,3.67,72232904
2004-09-20,3.69,3.73,3.64,3.71,35159193
2004-09-21,3.75,3.82,3.73,3.8,95526513
2004-09-22,3.8,3.84,3.77,3.82,48147682
2004-09-23,3.8,3.82,3.77,3.8,53252199
2004-09-24,3.8,3.8,3.77,3.8,94550144
2004-09-27,3.8,3.82,3.77,3.8,77853920
2004-09-28,3.8,3.8,3.8,3.8,0
2004-09-29,3.8,3.88,3.79,3.84,98504655
2004-09-30,3.84,3.92,3.84,3.9,108922132
2004-10-01,3.92,4.07,3.88,4.07,157801910
2004-10-04,4.16,4.31,4.16,4.23,202070655
2004-10-05,4.23,4.31,4.18,4.29,120138151
2004-10-06,4.25,4.33,4.18,4.18,140133951
2004-10-07,4.22,4.29,4.18,4.22,73704705
2004-10-08,4.22,4.4,4.2,4.38,233477006
2004-10-11,4.36,4.42,4.31,4.42,149511142
2004-10-12,4.42,4.42,4.27,4.29,137929321
2004-10-13,4.29,4.33,4.22,4.31,120887343
2004-10-14,4.25,4.27,4.16,4.2,76604328
2004-10-15,4.18,4.25,4.16,4.22,80341093
2004-10-18,4.23,4.27,4.2,4.25,74977509
2004-10-19,4.33,4.35,4.22,4.31,127228161
2004-10-20,4.29,4.57,4.27,4.57,176439694
2004-10-21,4.55,4.64,4.46,4.46,225350964
2004-10-22,4.48,4.51,4.4,4.46,135784903
2004-10-25,4.46,4.46,4.46,4.46,0
2004-10-26,4.4,4.46,4.38,4.38,78107645
2004-10-27,4.42,4.42,4.27,4.33,67959134
2004-10-28,4.38,4.38,4.29,4.29,101355915
2004-10-29,4.29,4.35,4.14,4.25,144659819
2004-11-01,4.25,4.36,4.25,4.29,83203839
2004-11-02,4.29,4.33,4.16,4.33,134670799
2004-11-03,4.29,4.42,4.27,4.38,91899681
2004-11-04,4.42,4.51,4.4,4.46,93056656
2004-11-05,4.57,4.61,4.48,4.48,163879778
2004-11-08,4.53,4.59,4.51,4.57,85929604
2004-11-09,4.59,4.59,4.5,4.55,47898033
2004-11-10,4.55,4.55,4.46,4.53,82018872
2004-11-11,4.51,4.51,4.42,4.42,41589089
2004-11-12,4.44,4.61,4.44,4.55,99038886
2004-11-15,4.61,4.61,4.51,4.51,72621018
2004-11-16,4.53,4.55,4.48,4.53,36882339
2004-11-17,4.53,4.57,4.48,4.51,82793476
2004-11-18,4.57,4.59,4.53,4.57,57312311
2004-11-19,4.59,4.61,4.55,4.59,66087281
2004-11-22,4.55,4.55,4.36,4.4,67698437
2004-11-23,4.42,4.53,4.36,4.48,60510200
2004-11-24,4.5,4.59,4.5,4.57,70102167
2004-11-25,4.57,4.57,4.48,4.5,36061198
2004-11-26,4.48,4.53,4.44,4.44,44087717
2004-11-29,4.35,4.44,4.35,4.44,68906587
2004-11-30,4.42,4.44,4.35,4.44,82894410
2004-12-01,4.42,4.42,4.36,4.4,38571258
2004-12-02,4.46,4.53,4.42,4.53,42222351
2004-12-03,4.53,4.55,4.51,4.53,43534652
2004-12-06,4.51,4.61,4.51,4.59,80861964
2004-12-07,4.59,4.63,4.57,4.63,71428331
2004-12-08,4.63,4.63,4.57,4.61,63763236
2004-12-09,4.63,4.66,4.61,4.66,88990487
2004-12-10,4.68,4.7,4.63,4.7,83143042
2004-12-13,4.57,4.64,4.46,4.53,66631090
2004-12-14,4.55,4.59,4.51,4.57,30200224
2004-12-15,4.57,4.63,4.55,4.61,36206302
2004-12-16,4.61,4.68,4.59,4.64,70176061
2004-12-17,4.64,4.76,4.64,4.74,91543047
2004-12-20,4.61,4.81,4.61,4.81,68620331
2004-12-21,4.81,4.81,4.74,4.79,42552857
2004-12-22,4.79,4.81,4.74,4.74,34667661
2004-12-23,4.74,4.74,4.7,4.72,19190966
2004-12-24,4.72,4.74,4.7,4.7,16116964
2004-12-27,4.7,4.7,4.64,4.66,9903092
2004-12-28,4.66,4.79,4.66,4.76,45015672
2004-12-29,4.76,4.83,4.74,4.77,66927035
2004-12-30,4.77,4.87,4.77,4.87,42230492
2004-12-31,4.87,4.94,4.85,4.92,56285163
2005-01-03,4.94,4.96,4.89,4.91,28717778
2005-01-04,4.91,4.91,4.81,4.85,23104468
2005-01-05,4.81,4.83,4.79,4.81,23247301
2005-01-06,4.81,4.85,4.79,4.85,21044929
2005-01-07,4.85,4.89,4.81,4.81,24384832
2005-01-10,4.81,4.83,4.76,4.76,19817538
2005-01-11,4.77,4.85,4.68,4.68,170798223
2005-01-12,4.68,4.74,4.66,4.7,50363875
2005-01-13,4.74,4.77,4.68,4.77,38804624
2005-01-14,4.76,4.77,4.72,4.76,23133794
2005-01-17,4.79,4.81,4.76,4.76,18535360
2005-01-18,4.77,4.79,4.76,4.76,11584343
2005-01-19,4.76,4.79,4.74,4.76,18338160
2005-01-20,4.72,4.85,4.7,4.81,41552050
2005-01-21,4.81,4.83,4.79,4.81,74209280
2005-01-24,4.81,4.81,4.66,4.7,25849492
2005-01-25,4.66,4.7,4.55,4.64,44931609
2005-01-26,4.59,4.64,4.57,4.57,23794807
2005-01-27,4.57,4.61,4.51,4.59,27440889
2005-01-28,4.59,4.59,4.51,4.57,39722204
2005-01-31,4.55,4.74,4.53,4.74,35553320
2005-02-01,4.66,4.7,4.63,4.66,19489735
2005-02-02,4.7,4.74,4.66,4.68,34570912
2005-02-03,4.72,4.76,4.7,4.72,40484960
2005-02-04,4.72,4.72,4.72,4.72,0
2005-02-07,4.72,4.72,4.72,4.72,0
2005-02-08,4.72,4.72,4.72,4.72,0
2005-02-09,4.72,4.72,4.72,4.72,0
2005-02-10,4.72,4.72,4.72,4.72,0
2005-02-11,4.72,4.72,4.72,4.72,0
2005-02-14,4.79,4.79,4.68,4.76,26822170
2005-02-15,4.77,4.79,4.72,4.76,32717963
2005-02-16,4.77,4.77,4.68,4.7,17117399
2005-02-17,4.7,4.72,4.63,4.63,29964343
2005-02-18,4.63,4.7,4.61,4.64,28460105
2005-02-21,4.64,4.74,4.63,4.74,44941813
2005-02-22,4.74,4.76,4.68,4.68,21909037
2005-02-23,4.68,4.72,4.63,4.68,29269121
2005-02-24,4.66,4.72,4.63,4.72,32796326
2005-02-25,4.72,4.76,4.63,4.72,50504977
2005-02-28,4.72,4.72,4.72,4.72,0
2005-03-01,4.72,4.72,4.67,4.71,33106318
2005-03-02,4.71,4.71,4.65,4.65,17289688
2005-03-03,4.66,4.72,4.62,4.72,25508722
2005-03-04,4.71,4.72,4.67,4.67,18068718
2005-03-07,4.66,4.78,4.66,4.72,53788162
2005-03-08,4.77,4.77,4.69,4.72,21533804
2005-03-09,4.72,4.75,4.68,4.74,12828207
2005-03-10,4.7,4.75,4.69,4.7,16838865
2005-03-11,4.71,4.73,4.68,4.73,11946901
2005-03-14,4.72,4.76,4.69,4.74,61093764
2005-03-15,4.73,4.74,4.71,4.71,26845712
2005-03-16,4.71,4.73,4.69,4.7,22042845
2005-03-17,4.68,4.73,4.66,4.69,19097733
2005-03-18,4.69,4.74,4.69,4.73,15046558
2005-03-21,4.73,4.75,4.71,4.74,34001147
2005-03-22,4.73,4.74,4.68,4.69,28656584
2005-03-23,4.69,4.75,4.67,4.74,31052862
2005-03-24,4.74,4.74,4.71,4.71,18060220
2005-03-25,4.71,4.76,4.71,4.76,22165763
2005-03-28,4.76,4.76,4.69,4.69,27287583
2005-03-29,4.68,4.69,4.63,4.65,56895442
2005-03-30,4.65,4.68,4.63,4.68,55931573
2005-03-31,4.74,4.78,4.69,4.78,53055050
2005-04-01,4.77,4.77,4.66,4.69,29043548
2005-04-04,4.69,4.71,4.66,4.68,17959484
2005-04-05,4.68,4.68,4.68,4.68,0
2005-04-06,4.68,4.71,4.65,4.67,25732949
2005-04-07,4.67,4.69,4.64,4.69,34300253
2005-04-08,4.69,4.73,4.67,4.7,40501554
2005-04-11,4.7,4.7,4.57,4.6,31091337
2005-04-12,4.6,4.6,4.5,4.57,43362010
2005-04-13,4.57,4.59,4.56,4.58,34506824
2005-04-14,4.57,4.58,4.52,4.53,26024088
2005-04-15,4.53,4.53,4.45,4.49,64147547
2005-04-18,4.45,4.49,4.41,4.42,35990449
2005-04-19,4.42,4.44,4.38,4.38,21415317
2005-04-20,4.44,4.55,4.4,4.53,29018580
2005-04-21,4.36,4.62,4.36,4.62,27377094
2005-04-22,4.63,4.66,4.63,4.64,33510839
2005-04-25,4.63,4.68,4.63,4.65,16068683
2005-04-26,4.66,4.66,4.55,4.57,21998627
2005-04-27,4.57,4.63,4.57,4.63,8309115
2005-04-28,4.63,4.67,4.62,4.67,13975154
2005-04-29,4.72,4.76,4.63,4.76,23413472
2005-05-02,4.76,4.76,4.76,4.76,0
2005-05-03,4.75,4.76,4.69,4.71,10444191
2005-05-04,4.73,4.73,4.64,4.68,15122034
2005-05-05,4.69,4.73,4.67,4.7,40989985
2005-05-06,4.72,4.72,4.67,4.69,15282325
2005-05-09,4.69,4.7,4.67,4.69,17023712
2005-05-10,4.7,4.7,4.62,4.63,13677919
2005-05-11,4.63,4.64,4.55,4.59,19820737
2005-05-12,4.59,4.63,4.59,4.62,17449554
2005-05-13,4.62,4.66,4.62,4.66,19444989
2005-05-16,4.66,4.66,4.61,4.63,13594314
2005-05-17,4.63,4.66,4.62,4.64,12821927
2005-05-18,4.64,4.67,4.64,4.64,17152707
2005-05-19,4.66,4.68,4.65,4.66,17093044
2005-05-20,4.66,4.67,4.63,4.66,7903340
2005-05-23,4.66,4.66,4.55,4.56,13583492
2005-05-24,4.62,4.62,4.54,4.56,11842334
2005-05-25,4.56,4.6,4.51,4.51,23531762
2005-05-26,4.51,4.62,4.51,4.56,11242525
2005-05-27,4.59,4.63,4.56,4.63,19601091
2005-05-30,4.65,4.66,4.61,4.66,16169073
2005-05-31,4.66,4.76,4.61,4.76,53245325
2005-06-01,4.7,4.72,4.63,4.64,26425756
2005-06-02,4.66,4.66,4.61,4.63,19079557
2005-06-03,4.66,4.66,4.61,4.62,14439611
2005-06-06,4.63,4.63,4.52,4.52,30283092
2005-06-07,4.52,4.53,4.44,4.48,63483486
2005-06-08,4.48,4.53,4.47,4.53,43519407
2005-06-09,4.54,4.59,4.53,4.58,53459787
2005-06-10,4.59,4.6,4.56,4.57,26604322
2005-06-13,4.59,4.62,4.55,4.62,20914453
2005-06-14,4.62,4.62,4.52,4.54,25779057
2005-06-15,4.54,4.59,4.54,4.58,20048315
2005-06-16,4.65,4.66,4.59,4.6,18414586
2005-06-17,4.63,4.64,4.46,4.56,59265859
2005-06-20,4.56,4.58,4.53,4.57,17818634
2005-06-21,4.57,4.59,4.55,4.58,25740112
2005-06-22,4.59,4.66,4.58,4.65,45283628
2005-06-23,4.66,4.72,4.64,4.71,40922772
2005-06-24,4.7,4.72,4.69,4.7,19137009
2005-06-27,4.69,4.69,4.63,4.67,8181483
2005-06-28,4.7,4.72,4.67,4.69,14400497
2005-06-29,4.72,4.74,4.64,4.65,37652544
2005-06-30,4.72,4.74,4.63,4.74,24574284
2005-07-01,4.73,4.73,4.69,4.72,10476891
2005-07-04,4.72,4.77,4.72,4.76,56120323
2005-07-05,4.76,4.76,4.73,4.73,14297992
2005-07-06,4.73,4.73,4.63,4.63,16003775
2005-07-07,4.66,4.68,4.63,4.66,21854149
2005-07-08,4.66,4.7,4.65,4.66,11571474
2005-07-11,4.68,4.76,4.67,4.76,14015141
2005-07-12,4.77,4.8,4.75,4.78,29957170
2005-07-13,4.78,4.79,4.77,4.77,24751183
2005-07-14,4.79,4.81,4.72,4.72,22439440
2005-07-15,4.76,4.84,4.74,4.77,20317189
2005-07-18,4.77,4.77,4.77,4.77,0
2005-07-19,4.84,4.95,4.82,4.85,44345301
2005-07-20,4.89,4.93,4.81,4.91,72571234
2005-07-21,4.82,4.93,4.81,4.82,26612019
2005-07-22,4.82,4.83,4.76,4.8,38846797
2005-07-25,4.85,4.91,4.82,4.9,23934434
2005-07-26,4.91,4.91,4.8,4.81,19994421
2005-07-27,4.81,4.86,4.8,4.85,15618111
2005-07-28,4.81,4.83,4.77,4.79,23857376
2005-07-29,4.79,4.88,4.76,4.85,60991439
2005-08-01,4.88,4.89,4.81,4.88,25489027
2005-08-02,4.85,4.92,4.83,4.92,31584933
2005-08-03,4.94,5.02,4.91,5.02,39977276
2005-08-04,5.02,5.13,5.0,5.1,57809985
2005-08-05,5.1,5.1,5.1,5.1,0
2005-08-08,5.08,5.15,5.0,5.04,45204219
2005-08-09,5.2,5.24,5.12,5.12,29658220
2005-08-10,5.14,5.21,5.12,5.14,9454280
2005-08-11,5.16,5.21,5.1,5.2,12584752
2005-08-12,5.22,5.22,5.16,5.19,20640931
2005-08-15,5.24,5.24,5.13,5.15,14498694
2005-08-16,5.2,5.2,5.15,5.16,10385552
2005-08-17,5.15,5.19,5.12,5.18,15016896
2005-08-18,5.14,5.18,5.12,5.13,17453472
2005-08-19,5.16,5.16,5.07,5.16,10935717
2005-08-22,5.16,5.16,5.06,5.15,9365777
2005-08-23,5.1,5.1,5.06,5.06,11752101
2005-08-24,5.06,5.06,4.82,4.83,24642266
2005-08-25,4.83,4.85,4.73,4.74,21488238
2005-08-26,4.75,4.92,4.75,4.89,18042460
2005-08-29,4.82,4.83,4.7,4.7,13629067
2005-08-30,4.77,4.77,4.67,4.73,10071694
2005-08-31,4.75,4.79,4.72,4.79,6692162
2005-09-01,4.79,4.79,4.79,4.79,0
2005-09-02,4.75,4.76,4.72,4.75,15277791
2005-09-05,4.75,4.77,4.71,4.71,4831858
2005-09-06,4.71,4.77,4.71,4.73,9530371
2005-09-07,4.75,4.76,4.72,4.73,14802581
2005-09-08,4.71,4.75,4.69,4.71,12752838
2005-09-09,4.71,4.71,4.67,4.68,18179948
2005-09-12,4.62,4.62,4.36,4.42,66718884
2005-09-13,4.42,4.46,4.42,4.43,43215256
2005-09-14,4.45,4.48,4.43,4.44,16902218
2005-09-15,4.58,4.75,4.56,4.74,54235888
2005-09-16,4.75,4.76,4.72,4.76,22617097
2005-09-19,4.73,4.76,4.72,4.72,11487231
2005-09-20,4.63,4.7,4.5,4.52,46853984
2005-09-21,4.52,4.56,4.5,4.52,7372549
2005-09-22,4.46,4.47,4.36,4.37,36470735
2005-09-23,4.38,4.44,4.35,4.41,27327046
2005-09-26,4.43,4.44,4.38,4.43,11281353
2005-09-27,4.43,4.45,4.37,4.43,15321325
2005-09-28,4.44,4.49,4.42,4.47,13864034
2005-09-29,4.56,4.69,4.53,4.65,23562355
2005-09-30,4.66,4.78,4.66,4.77,15383380
2005-10-03,4.68,4.7,4.64,4.65,14526007
2005-10-04,4.63,4.63,4.53,4.56,30973394
2005-10-05,4.53,4.58,4.44,4.44,21644058
2005-10-06,4.42,4.43,4.21,4.24,70236790
2005-10-07,4.23,4.31,4.23,4.29,16293183
2005-10-10,4.2,4.2,4.2,4.2,0
2005-10-11,4.29,4.38,4.29,4.33,17039530
2005-10-12,4.34,4.36,4.26,4.27,30936385
2005-10-13,4.25,4.27,4.22,4.25,30183870
2005-10-14,4.32,4.49,4.3,4.44,35010452
2005-10-17,4.46,4.53,4.42,4.51,34187003
2005-10-18,4.51,4.53,4.42,4.45,14800489
2005-10-19,4.45,4.47,4.3,4.32,28620243
2005-10-20,4.32,4.35,4.26,4.33,45271179
2005-10-21,4.27,4.33,4.27,4.3,17270836
2005-10-24,4.3,4.3,4.23,4.25,28176135
2005-10-25,4.32,4.39,4.3,4.34,26886991
2005-10-26,4.34,4.43,4.33,4.38,28765194
2005-10-27,4.33,4.36,4.31,4.31,12802007
2005-10-28,4.31,4.31,4.23,4.27,19281655
2005-10-31,4.27,4.3,4.11,4.24,42316633
2005-11-01,4.24,4.24,4.15,4.19,33878596
2005-11-02,4.17,4.2,4.13,4.17,62942946
2005-11-03,4.22,4.23,4.17,4.18,43285033
2005-11-04,4.17,4.24,4.17,4.23,15404969
2005-11-07,4.23,4.25,4.19,4.23,13138171
2005-11-08,4.23,4.29,4.23,4.27,9761106
2005-11-09,4.3,4.5,4.3,4.5,28808371
2005-11-10,4.53,4.65,4.53,4.54,46952002
2005-11-11,4.56,4.65,4.56,4.65,32348893
2005-11-14,4.63,4.64,4.55,4.57,9495875
2005-11-15,4.55,4.59,4.5,4.5,16373369
2005-11-16,4.63,4.63,4.46,4.6,34603354
2005-11-17,4.59,4.59,4.5,4.58,11830522
2005-11-18,4.63,4.63,4.56,4.63,19994077
2005-11-21,4.63,4.63,4.4,4.42,20691078
2005-11-22,4.4,4.49,4.38,4.42,5193587
2005-11-23,4.44,4.47,4.3,4.33,24777482
2005-11-24,4.34,4.34,4.22,4.26,22778999
2005-11-25,4.29,4.33,4.29,4.32,13107331
2005-11-28,4.41,4.44,4.34,4.43,13261535
2005-11-29,4.44,4.47,4.39,4.39,12771166
2005-11-30,4.46,4.46,4.36,4.42,7864398
2005-12-01,4.42,4.47,4.34,4.46,15929262
2005-12-02,4.51,4.55,4.49,4.54,17986342
2005-12-05,4.58,4.59,4.49,4.59,9551389
2005-12-06,4.59,4.69,4.58,4.69,28117538
2005-12-07,4.69,4.69,4.49,4.52,32638796
2005-12-08,4.42,4.44,4.2,4.2,88136779
2005-12-09,4.42,4.42,4.25,4.29,32703562
2005-12-12,4.32,4.34,4.24,4.3,11867531
2005-12-13,4.32,4.37,4.3,4.32,12157435
2005-12-14,4.34,4.36,4.29,4.34,26356530
2005-12-15,4.34,4.38,4.34,4.38,10741843
2005-12-16,4.4,4.45,4.4,4.45,29196965
2005-12-19,4.49,4.51,4.45,4.47,19219973
2005-12-20,4.51,4.51,4.43,4.46,16811308
2005-12-21,4.46,4.46,4.42,4.45,20416595
2005-12-22,4.39,4.4,4.27,4.27,19771098
2005-12-23,4.36,4.42,4.29,4.42,30896292
2005-12-26,4.38,4.38,4.25,4.27,15860919356
2005-12-27,4.34,4.39,4.34,4.37,5884420
2005-12-28,4.38,4.42,4.34,4.42,9323167
2005-12-29,4.42,4.45,4.4,4.43,32463004
2005-12-30,4.47,4.49,4.38,4.39,81262369
2006-01-02,4.35,4.38,4.32,4.32,7555990
2006-01-03,4.34,4.37,4.29,4.34,11189034
2006-01-04,4.37,4.37,4.26,4.3,18754277
2006-01-05,4.32,4.41,4.32,4.4,20536874
2006-01-06,4.41,4.42,4.31,4.34,22285547
2006-01-09,4.34,4.49,4.34,4.43,45477813
2006-01-10,4.46,4.5,4.43,4.47,36410624
2006-01-11,4.38,4.5,4.38,4.47,20034170
2006-01-12,4.49,4.53,4.49,4.51,27343434
2006-01-13,4.51,4.51,4.46,4.49,20126692
2006-01-16,4.47,4.51,4.43,4.51,11540619
2006-01-17,4.51,4.51,4.45,4.46,8252992
2006-01-18,4.42,4.42,4.32,4.33,19855293
2006-01-19,4.32,4.37,4.29,4.35,21514527
2006-01-20,4.42,4.42,4.35,4.41,15102729
2006-01-23,4.4,4.4,4.33,4.35,8863639
2006-01-24,4.4,4.41,4.36,4.38,27932493
2006-01-25,4.41,4.42,4.36,4.42,31454510
2006-02-03,4.54,4.65,4.54,4.63,70736411
2006-02-06,4.58,4.63,4.49,4.63,64444892
2006-02-07,4.57,4.63,4.56,4.63,37388276
2006-02-08,4.6,4.61,4.55,4.55,21110513
2006-02-09,4.55,4.6,4.53,4.57,17782793
2006-02-10,4.57,4.57,4.51,4.57,27963334
2006-02-13,4.58,4.62,4.51,4.52,20959393
2006-02-14,4.52,4.55,4.46,4.47,14288533
2006-02-15,4.51,4.51,4.43,4.46,13690221
2006-02-16,4.5,4.53,4.44,4.45,17474385
2006-02-17,4.49,4.51,4.47,4.5,10714086
2006-02-20,4.51,4.58,4.5,4.52,20580052
2006-02-21,4.53,4.53,4.47,4.47,14714135
2006-02-22,4.51,4.52,4.46,4.51,23747400
2006-02-23,4.53,4.63,4.51,4.59,31821516
2006-02-24,4.59,4.62,4.58,4.62,21169110
2006-02-27,4.54,4.64,4.54,4.6,16311688
2006-03-01,4.6,4.63,4.59,4.63,13690221
2006-03-02,4.64,4.68,4.64,4.66,19349504
2006-03-03,4.65,4.66,4.63,4.66,17958585
2006-03-06,4.63,4.63,4.57,4.59,14186758
2006-03-07,4.57,4.58,4.5,4.5,13943116
2006-03-08,4.49,4.54,4.47,4.47,8974666
2006-03-09,4.47,4.52,4.46,4.47,7444964
2006-03-10,4.46,4.47,4.4,4.41,9289242
2006-03-13,4.42,4.44,4.36,4.42,10859038
2006-03-14,4.42,4.46,4.25,4.42,35139983
2006-03-15,4.63,4.63,4.5,4.56,28672672
2006-03-16,4.52,4.56,4.37,4.46,17844474
2006-03-17,4.38,4.47,4.36,4.38,15269269
2006-03-20,4.46,4.46,4.38,4.39,16925419
2006-03-21,4.37,4.4,4.32,4.32,17338686
2006-03-22,4.32,4.32,4.25,4.26,17545319
2006-03-23,4.25,4.3,4.24,4.3,14482829
2006-03-24,4.34,4.37,4.26,4.3,9107282
2006-03-27,4.36,4.36,4.32,4.34,11802766
2006-03-28,4.32,4.32,4.27,4.29,11278473
2006-03-29,4.29,4.36,4.26,4.36,13776576
2006-03-30,4.38,4.42,4.34,4.42,23691886
2006-03-31,4.32,4.42,4.32,4.38,9147375
2006-04-03,4.34,4.39,4.33,4.38,10492033
2006-04-04,4.34,4.41,4.32,4.4,15269269
2006-04-06,4.42,4.53,4.39,4.53,19793612
2006-04-07,4.52,4.54,4.49,4.51,12262293
2006-04-10,4.51,4.6,4.44,4.55,15241513
2006-04-11,4.53,4.54,4.46,4.49,9332419
2006-04-12,4.45,4.52,4.41,4.5,15213756
2006-04-13,4.53,4.55,4.49,4.55,9116534
2006-04-14,4.57,4.61,4.56,4.61,17458965
2006-04-17,4.63,4.64,4.61,4.63,12996304
2006-04-18,4.63,4.63,4.56,4.6,10232970
2006-04-19,4.63,4.66,4.63,4.65,15118150
2006-04-20,4.65,4.68,4.63,4.68,17116632
2006-04-21,4.68,4.68,4.62,4.65,17659430
2006-04-24,4.63,4.66,4.57,4.63,11192118
2006-04-25,4.65,4.72,4.65,4.68,12814343
2006-04-26,4.7,4.78,4.65,4.77,21690320
2006-04-27,4.79,5.1,4.79,5.01,71874436
2006-04-28,4.98,4.99,4.81,4.86,33863175
2006-05-02,4.81,4.84,4.72,4.81,24734305
2006-05-03,4.84,5.03,4.82,4.84,31213952
2006-05-04,4.8,4.91,4.74,4.9,55676858
2006-05-05,4.9,5.05,4.79,4.83,73564510
2006-05-08,4.84,4.91,4.84,4.9,21144438
2006-05-09,4.95,4.95,4.82,4.88,22948623
2006-05-10,4.89,4.91,4.61,4.7,24971779
2006-05-11,4.61,4.74,4.57,4.73,32342725
2006-05-12,4.59,4.86,4.59,4.8,33240191
2006-05-15,4.8,4.8,4.69,4.69,22455171
2006-05-16,4.76,4.76,4.65,4.69,16061877
2006-05-17,4.66,4.76,4.64,4.74,11608469
2006-05-18,4.54,4.59,4.54,4.58,19157675303
2006-05-19,4.54,4.58,4.48,4.51,34659978077
2006-05-22,4.58,4.6,4.46,4.46,37536312
2006-05-23,4.42,4.46,4.39,4.4,34239433
2006-05-24,4.45,4.45,4.4,4.44,9286158
2006-05-25,4.46,4.49,4.44,4.44,14559931
2006-05-26,4.46,4.54,4.45,4.46,11176698
2006-05-29,4.39,4.45,4.36,4.38,6354434172
2006-05-30,4.47,4.54,4.44,4.46,6229837
2006-06-01,4.53,4.54,4.5,4.54,5335454
2006-06-02,4.53,4.58,4.46,4.57,6368620
2006-06-05,4.53,4.6,4.44,4.53,17295509
2006-06-06,4.46,4.46,4.39,4.44,20102019
2006-06-07,4.53,4.53,4.4,4.4,8138881
2006-06-08,4.44,4.44,4.3,4.3,24623278
2006-06-09,4.38,4.38,4.25,4.34,16293183
2006-06-12,4.33,4.34,4.25,4.34,11448097
2006-06-13,4.27,4.27,4.17,4.17,37412949
2006-06-14,4.2,4.33,4.18,4.32,9906058
2006-06-15,4.34,4.36,4.27,4.3,13903023
2006-06-16,4.46,4.51,4.42,4.51,24200759
2006-06-19,4.5,4.53,4.44,4.5,9239897
2006-06-20,4.46,4.5,4.38,4.4,24293281
2006-06-21,4.38,4.49,4.38,4.47,10562966
2006-06-22,4.52,4.59,4.47,4.57,13378730
2006-06-23,4.53,4.53,4.46,4.53,3019312
2006-06-26,4.53,4.53,4.44,4.49,5267605
2006-06-27,4.49,4.55,4.47,4.53,5659283
2006-06-28,4.52,4.56,4.49,4.55,9431110
2006-06-29,4.55,4.59,4.53,4.55,24271693
2006-06-30,4.55,4.6,4.54,4.55,44052969
2006-07-03,4.55,4.61,4.55,4.59,15781226
2006-07-04,4.59,4.59,4.55,4.57,4515090
2006-07-05,4.55,4.58,4.53,4.55,8549064
2006-07-06,4.55,4.55,4.44,4.47,11105764
2006-07-07,4.47,4.54,4.47,4.54,4579855
2006-07-10,4.54,4.57,4.52,4.53,13727230
2006-07-11,4.56,4.57,4.53,4.53,5810402
2006-07-12,4.53,4.58,4.49,4.5,8771117
2006-07-13,4.53,4.53,4.46,4.46,17017942
2006-07-14,4.44,4.44,4.33,4.34,37391360
2006-07-17,4.34,4.38,4.25,4.26,20996402
2006-07-18,4.27,4.3,4.26,4.27,9363260
2006-07-19,4.27,4.27,4.21,4.21,20854534
2006-07-20,4.23,4.29,4.23,4.23,22597039
2006-07-21,4.3,4.3,4.22,4.23,5887504
2006-07-24,4.21,4.23,4.19,4.22,10966981
2006-07-25,4.22,4.27,4.21,4.23,9307747
2006-07-26,4.17,4.2,4.16,4.17,18333486316
2006-07-27,3.88,4.09,3.88,4.09,45302082
2006-07-28,4.15,4.19,4.13,4.17,32922531
2006-07-31,4.17,4.19,4.13,4.17,13594615
2006-08-01,4.19,4.19,4.16,4.18,11882952
2006-08-02,4.17,4.23,4.15,4.21,39284984
2006-08-03,4.25,4.28,4.21,4.25,21875788
2006-08-04,4.31,4.31,4.25,4.28,62419318
2006-08-07,4.25,4.3,4.25,4.27,35856941
2006-08-08,4.29,4.36,4.27,4.36,8003484
2006-08-09,4.36,4.36,4.27,4.29,14797526
2006-08-10,4.29,4.36,4.29,4.31,9521334
2006-08-11,4.31,4.35,4.3,4.33,8091169
2006-08-14,4.33,4.39,4.33,4.39,13969058
2006-08-15,4.39,4.4,4.34,4.37,8614252
2006-08-16,4.43,4.43,4.34,4.39,7389692
2006-08-17,4.36,4.46,4.36,4.42,14032554
2006-08-18,4.43,4.45,4.4,4.43,25561563
2006-08-21,4.4,4.45,4.34,4.38,11704378
2006-08-22,4.37,4.4,4.34,4.37,5896031
2006-08-23,4.38,4.39,4.27,4.33,17343402
2006-08-24,4.39,4.39,4.3,4.37,5097799
2006-08-25,4.36,4.44,4.36,4.36,12584247
2006-08-28,4.38,4.38,4.29,4.3,5354805
2006-08-29,4.31,4.31,4.28,4.29,12859395
2006-08-30,4.3,4.38,4.3,4.36,5391089
2006-08-31,4.38,4.43,4.37,4.43,27396892
2006-09-01,4.43,4.43,4.36,4.39,8562851
2006-09-04,4.43,4.44,4.34,4.38,11522961
2006-09-05,4.4,4.4,4.37,4.39,22283974
2006-09-06,4.4,4.42,4.29,4.31,8568898
2006-09-07,4.35,4.35,4.28,4.34,17458299
2006-09-08,4.34,4.42,4.28,4.38,14921494
2006-09-11,4.38,4.48,4.29,4.3,16524005
2006-09-12,4.31,4.33,4.29,4.33,18982197
2006-09-13,4.34,4.35,4.31,4.33,5741827
2006-09-14,4.34,4.4,4.33,4.36,9104077
2006-09-15,4.37,4.43,4.37,4.43,8342128
2006-09-18,4.49,4.53,4.47,4.52,15299445
2006-09-19,4.51,4.52,4.48,4.51,9255257
2006-09-20,4.49,4.51,4.45,4.48,6679145
2006-09-21,4.52,4.52,4.44,4.47,8330034
2006-09-22,4.47,4.51,4.46,4.48,7208276
2006-09-25,4.54,4.54,4.48,4.49,12783805
2006-09-26,4.52,4.54,4.51,4.51,27753677
2006-09-27,4.53,4.54,4.47,4.49,24061855
2006-09-28,4.49,4.52,4.39,4.43,63190337
2006-09-29,4.46,4.52,4.43,4.48,20466787
2006-10-02,4.54,4.7,4.54,4.68,43639702
2006-10-03,4.66,4.7,4.62,4.63,11792062
2006-10-04,4.65,4.65,4.53,4.53,11740661
2006-10-05,4.61,4.65,4.55,4.56,15127099
2006-10-09,4.56,4.56,4.56,4.56,0
2006-10-11,4.56,4.66,4.55,4.63,14480048
2006-10-12,4.65,4.66,4.59,4.65,20179545
2006-10-13,4.65,4.72,4.65,4.7,9064770
2006-10-16,4.69,4.74,4.69,4.74,12744498
2006-10-17,4.72,4.74,4.7,4.71,8151641
2006-10-18,4.71,4.72,4.65,4.69,10540289
2006-10-19,4.66,4.66,4.61,4.63,23892533
2006-10-20,4.63,4.63,4.6,4.62,11220601
2006-10-23,4.63,4.75,4.62,4.72,11386899
2006-10-24,4.66,4.75,4.65,4.72,16926145
2006-10-25,4.74,4.74,4.7,4.73,10615880
2006-10-26,4.74,4.8,4.74,4.79,11846487
2006-10-27,4.79,4.8,4.78,4.8,10839626
2006-10-30,4.81,4.81,4.72,4.73,28364446
2006-10-31,4.73,4.74,4.72,4.73,24213035
2006-11-01,4.79,4.79,4.71,4.72,16312353
2006-11-02,4.72,4.77,4.69,4.74,22150936
2006-11-03,4.73,4.79,4.73,4.78,14785432
2006-11-06,4.74,4.77,4.73,4.74,9999064
2006-11-07,4.79,4.8,4.74,4.78,6089542
2006-11-08,4.77,4.78,4.73,4.77,3050818
2006-11-09,4.74,4.82,4.74,4.77,6506799
2006-11-10,4.74,4.83,4.74,4.82,5817417
2006-11-13,4.83,4.83,4.74,4.79,5666237
2006-11-14,4.79,4.88,4.79,4.87,13696934
2006-11-15,4.87,4.89,4.84,4.88,7084308
2006-11-16,4.89,4.92,4.86,4.92,7368527
2006-11-17,4.92,5.04,4.92,5.04,13817878
2006-11-20,5.04,5.05,4.98,4.99,11480631
2006-11-21,4.95,4.96,4.92,4.95,8481214
2006-11-22,4.95,4.99,4.92,4.94,13125472
2006-11-23,4.94,5.06,4.91,4.99,15934402
2006-11-24,4.99,5.04,4.97,4.99,4323756
2006-11-27,4.99,5.05,4.99,5.0,15426436
2006-11-28,5.01,5.01,4.96,4.98,23490393
2006-11-29,4.97,5.04,4.95,4.99,14643322
2006-11-30,4.99,5.0,4.94,4.97,34248383
2006-12-01,4.97,5.01,4.94,4.99,13618320
2006-12-04,5.01,5.04,4.97,5.03,8384458
2006-12-05,5.04,5.05,5.01,5.04,5034303
2006-12-06,5.05,5.1,5.03,5.06,10144197
2006-12-07,5.03,5.06,4.99,5.01,8106287
2006-12-08,5.01,5.04,4.98,5.01,9037557
2006-12-11,5.01,5.04,4.94,4.99,25600870
2006-12-12,5.06,5.06,4.94,4.95,7226417
2006-12-13,5.04,5.04,4.81,4.92,12466326
2006-12-14,4.88,4.88,4.83,4.84,7918823
2006-12-15,4.91,4.92,4.86,4.92,4979878
2006-12-18,4.92,5.03,4.9,5.0,18069068
2006-12-19,5.01,5.22,4.96,4.97,14413528
2006-12-20,5.01,5.04,4.92,5.01,6449351
2006-12-21,5.01,5.05,4.95,4.97,6403997
2006-12-22,4.95,5.01,4.94,5.01,3809743
2006-12-25,4.99,5.04,4.97,4.97,2745434
2006-12-26,4.97,5.07,4.97,5.04,10386085
2006-12-27,5.06,5.07,5.01,5.01,11376513
2006-12-28,5.01,5.05,5.01,5.01,14573780036
2006-12-29,5.01,5.1,5.01,5.1,7628557
2007-01-02,5.1,5.24,5.08,5.2,17703212
2007-01-03,5.2,5.24,5.08,5.08,9300611
2007-01-04,5.08,5.17,4.99,5.04,20663322
2007-01-05,5.01,5.01,4.92,4.96,18307933
2007-01-08,4.95,4.97,4.87,4.92,15145241
2007-01-09,4.92,4.95,4.89,4.92,6068376
2007-01-10,4.88,4.88,4.73,4.75,30353978
2007-01-11,4.77,4.79,4.74,4.74,6007904
2007-01-12,4.81,4.88,4.75,4.88,18419806
2007-01-15,4.92,4.95,4.86,4.9,13309912
2007-01-16,4.9,4.95,4.9,4.94,8175830
2007-01-17,4.92,4.97,4.9,4.92,10918240
2007-01-18,4.88,4.92,4.81,4.88,20832644
2007-01-19,4.89,4.94,4.83,4.83,8366317
2007-01-22,4.89,4.89,4.77,4.89,18649600
2007-01-23,4.9,4.9,4.83,4.88,3468075
2007-01-24,4.92,4.99,4.92,4.97,11344569
2007-01-25,4.97,4.99,4.91,4.98,6712404
2007-01-26,4.83,4.97,4.83,4.94,3755318
2007-01-29,4.88,4.94,4.81,4.81,6957316
2007-01-30,4.92,4.92,4.82,4.82,3480170
2007-01-31,4.92,4.92,4.78,4.82,7317126
2007-02-01,4.88,4.88,4.8,4.86,11598551
2007-02-02,4.84,4.94,4.83,4.92,9221997
2007-02-05,4.95,4.95,4.88,4.92,4801486
2007-02-06,4.88,4.95,4.88,4.95,13031741
2007-02-07,4.94,4.94,4.87,4.91,13757406
2007-02-08,4.87,4.92,4.82,4.9,18063021
2007-02-09,4.89,4.95,4.86,4.95,17425040
2007-02-12,4.86,4.92,4.86,4.92,4559597
2007-02-13,4.91,4.92,4.87,4.9,6165132
2007-02-14,4.92,4.92,4.87,4.89,9185714
2007-02-26,4.95,4.95,4.86,4.95,16747752
2007-02-27,4.88,4.92,4.86,4.92,12103494
2007-03-01,4.81,4.84,4.66,4.74,28624476
2007-03-02,4.7,4.73,4.65,4.69,14029530
2007-03-05,4.63,4.63,4.45,4.52,27675064
2007-03-06,4.56,4.56,4.48,4.49,17724377
2007-03-07,4.52,4.52,4.4,4.46,27741583
2007-03-08,4.46,4.49,4.43,4.48,10733800
2007-03-09,4.49,4.49,4.44,4.46,12744498
2007-03-12,4.48,4.48,4.45,4.46,7565061
2007-03-13,4.48,4.48,4.44,4.45,8163735
2007-03-14,4.4,4.43,4.31,4.43,18691931
2007-03-15,4.43,4.45,4.39,4.43,6023022
2007-03-16,4.44,4.45,4.42,4.42,8054885
2007-03-19,4.42,4.45,4.4,4.42,3873239
2007-03-20,4.43,4.46,4.42,4.44,22135818
2007-03-21,4.45,4.46,4.4,4.42,8109310
2007-03-22,4.45,4.52,4.45,4.51,16496793
2007-03-23,4.52,4.62,4.51,4.59,10712635
2007-03-26,4.61,4.61,4.52,4.54,10494935
2007-03-27,4.53,4.55,4.47,4.47,11746708
2007-03-28,4.44,4.46,4.39,4.43,11562268
2007-03-29,4.4,4.47,4.37,4.46,14328867
2007-03-30,4.49,4.49,4.45,4.48,5354805
2007-04-02,4.49,4.49,4.43,4.44,8033720
2007-04-03,4.44,4.53,4.43,4.53,7468306
2007-04-04,4.57,4.6,4.55,4.59,12142800
2007-04-09,4.59,4.63,4.55,4.61,11547150
2007-04-10,4.61,4.62,4.57,4.6,10156291
2007-04-11,4.61,4.62,4.57,4.59,8336081
2007-04-12,4.56,4.57,4.47,4.47,39929738
2007-04-13,4.47,4.52,4.47,4.47,8100239
2007-04-16,4.49,4.54,4.45,4.47,19898349
2007-04-17,4.47,4.51,4.38,4.42,46106965
2007-04-18,4.38,4.42,4.36,4.38,34447941
2007-04-19,4.37,4.38,4.31,4.33,32186283
2007-04-20,4.33,4.34,4.3,4.31,13016623
2007-04-23,4.36,4.43,4.34,4.38,8859165
2007-04-24,4.36,4.38,4.34,4.36,9554594
2007-04-25,4.36,4.37,4.31,4.31,17391780
2007-04-26,4.36,4.37,4.34,4.34,4701707
2007-04-27,4.35,4.36,4.33,4.33,8057909
2007-04-30,4.34,4.34,4.27,4.27,10011158
2007-05-02,4.27,4.3,4.27,4.28,5252003
2007-05-03,4.29,4.34,4.29,4.31,9025463
2007-05-04,4.31,4.38,4.31,4.34,8777527
2007-05-07,4.34,4.38,4.34,4.37,11359687
2007-05-08,4.37,4.37,4.33,4.34,8656583
2007-05-09,4.31,4.37,4.31,4.33,7202229
2007-05-10,4.34,4.34,4.3,4.33,9391319
2007-05-11,4.31,4.31,4.27,4.27,17110585
2007-05-14,4.27,4.28,4.22,4.22,10724729
2007-05-15,4.22,4.25,4.22,4.25,5134082
2007-05-16,4.28,4.28,4.24,4.25,3235258
2007-05-17,4.28,4.3,4.26,4.28,4692636
2007-05-18,4.29,4.31,4.21,4.24,6924057
2007-05-21,4.25,4.27,4.21,4.24,8103263
2007-05-22,4.24,4.25,4.2,4.25,7283866
2007-05-23,4.26,4.27,4.21,4.22,15051509
2007-05-24,4.25,4.26,4.24,4.24,6201415
2007-05-25,4.22,4.24,4.2,4.2,8345152
2007-05-28,4.2,4.22,4.2,4.21,4695659
2007-05-29,4.22,4.26,4.2,4.22,3595067
2007-05-30,4.22,4.22,4.14,4.2,14201876
2007-05-31,4.2,4.2,4.07,4.07,25851829
2007-06-01,4.13,4.22,4.12,4.21,18041855
2007-06-04,4.21,4.25,4.13,4.14,11262931
2007-06-05,4.14,4.16,4.03,4.07,30087901
2007-06-06,4.07,4.07,3.99,4.01,33259663
2007-06-07,3.98,4.0,3.91,3.92,31838569
2007-06-08,3.92,3.94,3.91,3.93,10788225
2007-06-11,3.93,4.07,3.93,4.03,40637262
2007-06-12,4.03,4.08,4.01,4.07,14997084
2007-06-13,4.07,4.07,4.03,4.05,14857998
2007-06-14,4.07,4.13,4.04,4.13,30139302
2007-06-15,4.14,4.18,4.13,4.14,19629248
2007-06-20,4.16,4.26,4.14,4.25,64312095
2007-06-21,4.28,4.3,4.25,4.29,35376188
2007-06-22,4.29,4.31,4.18,4.2,20215828
2007-06-25,4.27,4.28,4.21,4.21,15919284
2007-06-26,4.21,4.26,4.21,4.26,10141173
2007-06-27,4.26,4.28,4.22,4.25,16266999
2007-06-28,4.25,4.3,4.25,4.29,15928355
2007-06-29,4.29,4.29,4.26,4.29,19904397
2007-07-02,4.29,4.3,4.27,4.29,12046045
2007-07-03,4.31,4.37,4.31,4.35,21101744
2007-07-04,4.37,4.39,4.33,4.36,28932884
2007-07-05,4.36,4.38,4.33,4.37,13848114
2007-07-06,4.37,4.37,4.25,4.34,34317926
2007-07-09,4.34,4.37,4.29,4.35,31578539
2007-07-10,4.35,4.37,4.3,4.34,20363985
2007-07-11,4.33,4.34,4.28,4.31,23438992
2007-07-12,4.31,4.4,4.29,4.39,33060105
2007-07-13,4.43,4.44,4.36,4.38,24678670
2007-07-16,4.38,4.42,4.36,4.36,32600517
2007-07-17,4.37,4.38,4.31,4.38,21594592
2007-07-18,4.38,4.45,4.36,4.38,45635282
2007-07-19,4.36,4.37,4.31,4.33,33592260
2007-07-20,4.37,4.38,4.33,4.37,13588084
2007-07-23,4.37,4.37,4.34,4.36,17945100
2007-07-24,4.39,4.4,4.36,4.38,37674128
2007-07-25,4.39,4.42,4.36,4.37,36071617
2007-07-26,4.42,4.47,4.37,4.4,42941249
2007-07-27,4.29,4.3,4.18,4.18,63516887
2007-07-30,4.12,4.16,4.1,4.13,35460849
2007-07-31,4.13,4.18,4.12,4.16,30453757
2007-08-01,4.12,4.12,3.94,3.99,49683890
2007-08-02,4.05,4.05,3.95,4.0,20179545
2007-08-03,4.04,4.09,4.02,4.03,14301655
2007-08-06,4.02,4.04,4.0,4.01,13188968
2007-08-07,4.05,4.05,4.01,4.01,6177226
2007-08-08,4.03,4.1,4.01,4.1,26532141
2007-08-09,4.12,4.19,4.07,4.16,19030575
2007-08-10,4.04,4.07,3.99,4.0,17603433
2007-08-13,4.04,4.09,4.01,4.09,11755779
2007-08-14,4.07,4.07,4.03,4.04,16058370
2007-08-15,4.02,4.02,3.98,3.99,21609710
2007-08-16,3.93,3.94,3.84,3.86,19317817
2007-08-17,3.98,3.98,3.7,3.76,24403522
2007-08-20,3.94,3.94,3.84,3.92,5140129
2007-08-21,3.91,3.95,3.86,3.93,7767643
2007-08-22,3.88,3.94,3.88,3.92,7604368
2007-08-23,4.0,4.03,3.91,3.94,18162800
2007-08-24,3.95,3.95,3.83,3.86,15499003
2007-08-27,3.94,3.94,3.86,3.86,7770666
2007-08-28,3.84,3.84,3.81,3.83,18162800
2007-08-29,3.77,3.81,3.73,3.77,16678209
2007-08-30,3.84,3.84,3.79,3.82,15668325
2007-08-31,3.84,3.93,3.77,3.93,20091860
2007-09-03,3.93,3.93,3.84,3.86,8175830
2007-09-04,3.86,3.9,3.83,3.86,5723685
2007-09-05,3.88,3.9,3.82,3.84,7226417
2007-09-06,3.84,3.88,3.77,3.88,9687633
2007-09-07,3.88,3.88,3.84,3.85,4991973
2007-09-10,3.79,3.81,3.74,3.81,13134543
2007-09-11,3.81,3.85,3.77,3.85,7045001
2007-09-12,3.86,3.86,3.82,3.83,12384689
2007-09-13,3.84,3.84,3.79,3.83,7779737
2007-09-14,3.83,3.86,3.83,3.84,18190012
2007-09-17,3.84,3.84,3.76,3.84,11698330
2007-09-18,3.84,3.84,3.84,3.84,0
2007-09-19,3.91,3.95,3.86,3.87,30490041
2007-09-20,3.86,3.93,3.85,3.87,15127099
2007-09-21,3.88,3.88,3.82,3.83,9705774
2007-09-26,3.9,3.9,3.83,3.84,14655417
2007-09-27,3.87,3.95,3.83,3.95,31176399
2007-09-28,3.95,3.98,3.91,3.98,25389218
2007-10-01,4.01,4.02,3.95,3.98,9754152
2007-10-02,4.01,4.07,3.99,4.02,28089298
2007-10-03,4.02,4.11,3.99,4.05,36739834
2007-10-04,4.04,4.09,4.02,4.07,21969519
2007-10-05,4.02,4.05,4.01,4.02,14600992
2007-10-08,4.02,4.08,4.02,4.08,19846948
2007-10-09,4.1,4.1,4.03,4.04,14519355
2007-10-11,4.1,4.12,4.04,4.11,23345260
2007-10-12,4.04,4.08,3.98,4.02,21494813
2007-10-15,4.02,4.02,3.98,4.02,4130245
2007-10-16,4.02,4.1,4.0,4.08,13388526
2007-10-17,4.07,4.08,4.03,4.05,8584016
2007-10-18,4.07,4.07,3.96,4.02,11278049
2007-10-19,4.02,4.02,3.98,4.02,11335498
2007-10-22,3.88,3.92,3.84,3.92,20678440
2007-10-23,3.92,3.98,3.86,3.98,4623093
2007-10-24,3.93,4.01,3.91,3.93,6797065
2007-10-25,3.95,4.09,3.93,4.09,7673911
2007-10-26,4.05,4.09,4.03,4.09,10476794
2007-10-29,4.11,4.17,4.09,4.16,11864629
2007-10-30,4.16,4.16,4.11,4.14,7568085
2007-10-31,4.13,4.18,4.13,4.18,15148265
2007-11-01,4.17,4.2,4.09,4.1,9669491
2007-11-02,4.03,4.07,3.88,3.91,13630415
2007-11-05,3.93,3.94,3.88,3.94,16566336
2007-11-06,3.91,3.92,3.86,3.87,19828806
2007-11-07,4.07,4.07,3.87,3.87,12892655
2007-11-08,3.81,3.84,3.78,3.78,20155356
2007-11-09,3.79,3.86,3.79,3.85,5756945
2007-11-12,3.84,3.85,3.75,3.79,15940449
2007-11-13,3.79,3.86,3.75,3.79,7075237
2007-11-14,3.86,3.86,3.82,3.84,6911962
2007-11-15,3.84,3.85,3.81,3.83,3434816
2007-11-16,3.81,3.81,3.72,3.75,9902309
2007-11-19,3.75,3.85,3.75,3.77,7797879
2007-11-20,3.76,3.9,3.74,3.9,17394804
2007-11-21,3.86,3.88,3.76,3.76,20751006
2007-11-22,3.77,3.86,3.75,3.82,8825905
2007-11-23,3.79,3.83,3.78,3.82,3900451
2007-11-26,3.84,3.91,3.83,3.91,13089189
2007-11-27,3.82,3.92,3.76,3.84,15538310
2007-11-28,3.91,3.91,3.81,3.83,7247583
2007-11-29,3.9,3.94,3.86,3.94,10035347
2007-11-30,3.94,3.98,3.87,3.87,20983824
2007-12-03,3.9,3.91,3.87,3.87,2948015
2007-12-04,3.87,3.91,3.84,3.87,4112103
2007-12-05,3.87,3.93,3.79,3.92,14782408
2007-12-06,3.92,3.95,3.88,3.93,9793459
2007-12-07,3.93,3.98,3.91,3.91,6778924
2007-12-10,3.91,3.98,3.85,3.85,4523314
2007-12-11,3.85,3.91,3.85,3.91,3604138
2007-12-12,3.9,3.9,3.78,3.78,12058139
2007-12-13,3.84,3.84,3.73,3.73,10074654
2007-12-14,3.76,3.77,3.68,3.75,17881604
2007-12-17,3.73,3.74,3.66,3.66,7686005
2007-12-18,3.66,3.79,3.64,3.72,12962198
2007-12-19,3.75,3.79,3.68,3.75,7093379
2007-12-20,3.75,3.75,3.7,3.7,4807533
2007-12-21,3.68,3.79,3.68,3.78,7746478
2007-12-24,3.79,3.83,3.75,3.75,5626930
2007-12-25,3.75,3.76,3.73,3.74,3882309
2007-12-26,3.72,3.78,3.69,3.75,4547503
2007-12-27,3.73,3.84,3.72,3.83,12711238
2007-12-28,3.82,3.83,3.75,3.79,7834162
2007-12-31,3.79,3.81,3.76,3.81,3803696
2008-01-02,3.79,3.81,3.69,3.69,7054072
2008-01-03,3.68,3.69,3.64,3.64,7235488
2008-01-04,3.69,3.83,3.63,3.79,15432484
2008-01-07,3.7,3.76,3.66,3.66,9019416
2008-01-08,3.7,3.84,3.66,3.84,13733217
2008-01-09,3.75,3.84,3.72,3.83,10757989
2008-01-10,3.84,3.84,3.75,3.81,4547503
2008-01-11,3.79,3.84,3.74,3.75,7643675
2008-01-14,3.81,3.9,3.75,3.78,27369679
2008-01-15,3.83,4.04,3.83,4.04,41795303
2008-01-16,4.05,4.18,4.02,4.02,46593765
2008-01-17,4.05,4.16,3.93,4.07,26075576
2008-01-18,4.01,4.13,3.93,4.09,21165240
2008-01-21,4.07,4.14,4.0,4.02,16771941
2008-01-22,3.75,3.83,3.75,3.75,12293981
2008-01-23,3.81,3.87,3.66,3.67,17149892
2008-01-24,3.79,3.82,3.7,3.81,9336894
2008-01-25,3.83,3.88,3.82,3.84,17549008
2008-01-28,3.79,3.86,3.73,3.73,9170596
2008-01-29,3.76,3.84,3.73,3.84,5920220
2008-01-30,3.86,3.86,3.68,3.68,25005220
2008-01-31,3.73,3.79,3.68,3.79,8744268
2008-02-01,3.82,3.82,3.74,3.76,9155478
2008-02-12,3.84,3.84,3.68,3.74,20575637
2008-02-13,3.75,3.76,3.7,3.72,5708567
2008-02-14,3.76,3.82,3.75,3.78,20841714
2008-02-15,3.78,3.83,3.75,3.82,11138963
2008-02-18,3.79,3.84,3.76,3.79,5902078
2008-02-19,3.82,3.85,3.81,3.85,15529239
2008-02-20,3.81,3.84,3.7,3.76,14380269
2008-02-21,3.76,3.83,3.75,3.82,9726939
2008-02-22,3.81,3.82,3.74,3.82,4895217
2008-02-25,3.84,3.95,3.84,3.95,20947541
2008-02-26,3.98,4.04,3.95,4.04,19753216
2008-02-27,4.04,4.1,4.04,4.1,29564817
2008-02-29,4.07,4.13,4.02,4.08,22921955
2008-03-03,4.0,4.05,3.93,3.96,13509470
2008-03-04,3.98,4.11,3.96,4.1,17446205
2008-03-05,4.09,4.09,4.01,4.07,22628665
2008-03-06,4.07,4.12,4.07,4.07,27714370
2008-03-07,4.04,4.1,4.02,4.09,8015579
2008-03-10,4.09,4.1,3.98,4.02,15372011
2008-03-11,4.0,4.09,4.0,4.09,8475167
2008-03-12,4.18,4.18,4.12,4.16,16209550
2008-03-13,4.16,4.17,4.02,4.07,8874283
2008-03-14,4.07,4.08,3.96,3.99,9844860
2008-03-17,3.99,3.99,3.81,3.84,21410152
2008-03-18,3.91,3.91,3.79,3.84,17630645
2008-03-19,3.88,3.95,3.88,3.95,9950686
2008-03-20,3.93,4.11,3.9,4.07,39231285
2008-03-21,4.13,4.17,4.08,4.13,36869849
2008-03-24,4.38,4.38,4.26,4.28,38073244
2008-03-25,4.29,4.33,4.22,4.3,22432131
2008-03-26,4.3,4.39,4.26,4.3,31772049
2008-03-27,4.3,4.3,4.19,4.24,15913237
2008-03-28,4.24,4.29,4.22,4.28,18985220
2008-03-31,4.25,4.25,4.16,4.19,10419345
2008-04-01,4.2,4.2,4.12,4.12,9645302
2008-04-02,4.18,4.22,4.13,4.22,10863815
2008-04-03,4.21,4.21,4.16,4.16,4828698
2008-04-07,4.18,4.22,4.18,4.21,9167572
2008-04-08,4.22,4.22,4.11,4.16,11190365
2008-04-09,4.16,4.17,4.11,4.12,13448998
2008-04-10,4.12,4.22,4.12,4.22,8856141
2008-04-11,4.22,4.27,4.18,4.22,16799153
2008-04-14,4.22,4.26,4.19,4.22,17340379
2008-04-15,4.24,4.25,4.18,4.2,10894051
2008-04-16,4.24,4.31,4.22,4.3,48247678
2008-04-17,4.31,4.34,4.26,4.27,30411427
2008-04-18,4.27,4.29,4.25,4.29,15855788
2008-04-21,4.3,4.31,4.25,4.26,11643905
2008-04-22,4.25,4.27,4.21,4.27,10682399
2008-04-23,4.24,4.28,4.2,4.24,7471329
2008-04-24,4.22,4.26,4.21,4.24,7072214
2008-04-25,4.24,4.25,4.17,4.18,10135126
2008-04-28,4.14,4.25,4.14,4.25,11982549
2008-04-29,4.25,4.25,4.12,4.12,14634252
2008-04-30,4.18,4.19,4.12,4.14,4251189
2008-05-02,4.21,4.22,4.17,4.21,11265955
2008-05-05,4.2,4.22,4.1,4.16,14839857
2008-05-06,4.2,4.2,4.13,4.17,9336894
2008-05-07,4.18,4.21,4.16,4.17,7320149
2008-05-08,4.13,4.14,4.07,4.12,18232343
2008-05-09,4.14,4.14,4.07,4.07,19692744
2008-05-12,4.07,4.09,4.02,4.08,15777175
2008-05-13,4.09,4.17,4.08,4.16,10522148
2008-05-14,4.18,4.18,4.07,4.07,9270375
2008-05-15,4.1,4.18,4.09,4.18,12445161
2008-05-16,4.18,4.19,4.13,4.17,6346548
2008-05-19,4.17,4.2,4.14,4.19,7184087
2008-05-20,4.18,4.2,4.04,4.07,14706818
2008-05-21,4.07,4.07,4.02,4.07,18722167
2008-05-22,4.0,4.04,3.88,4.03,29957886
2008-05-23,4.0,4.03,3.98,4.02,12547964
2008-05-26,3.99,4.05,3.98,4.01,11888818
2008-05-27,4.04,4.04,3.98,4.0,5905102
2008-05-28,4.0,4.0,3.9,3.93,16466557
2008-05-29,3.96,4.03,3.95,3.98,16584477
2008-05-30,4.0,4.04,3.85,3.87,36809377
2008-06-02,3.87,3.95,3.86,3.95,9270375
2008-06-03,3.92,3.93,3.84,3.91,11559245
2008-06-04,3.91,3.95,3.88,3.91,5935338
2008-06-05,3.94,4.01,3.82,4.01,17521795
2008-06-06,3.91,3.98,3.91,3.93,10307472
2008-06-09,3.91,3.91,3.85,3.86,9956733
2008-06-10,3.86,3.86,3.77,3.79,22338399
2008-06-11,3.82,3.95,3.81,3.81,12554011
2008-06-12,3.81,3.81,3.65,3.69,18637506
2008-06-13,3.69,3.73,3.65,3.68,12493539
2008-06-16,3.69,3.76,3.68,3.76,10570525
2008-06-17,3.68,3.72,3.67,3.7,11129893
2008-06-18,3.7,3.75,3.68,3.74,11193388
2008-06-19,3.68,3.7,3.64,3.7,18973126
2008-06-20,3.7,3.7,3.64,3.65,9602972
2008-06-23,3.63,3.7,3.6,3.66,10367944
2008-06-24,3.66,3.7,3.64,3.67,10367944
2008-06-25,3.69,3.81,3.69,3.77,16270022
2008-06-26,3.82,3.82,3.67,3.74,12269792
2008-06-27,3.63,3.66,3.6,3.66,26447480
2008-06-30,3.7,3.73,3.67,3.73,14981966
2008-07-01,3.73,3.75,3.65,3.69,19647390
2008-07-02,3.69,3.74,3.65,3.65,21128957
2008-07-03,3.6,3.67,3.58,3.65,24143492
2008-07-04,3.69,3.69,3.63,3.64,15411318
2008-07-07,3.66,3.68,3.65,3.66,10742871
2008-07-08,3.69,3.69,3.52,3.55,20134191
2008-07-09,3.61,3.7,3.5,3.59,18153729
2008-07-10,3.59,3.66,3.55,3.61,11991620
2008-07-11,3.61,3.65,3.56,3.61,16762870
2008-07-14,3.57,3.63,3.57,3.59,13594131
2008-07-15,3.59,3.59,3.39,3.46,27136862
2008-07-16,3.4,3.42,3.23,3.26,29492251
2008-07-17,3.31,3.38,3.29,3.33,41202676
2008-07-18,3.37,3.38,3.11,3.14,57445486
2008-07-21,3.14,3.23,3.07,3.14,78770978
2008-07-22,3.13,3.18,3.09,3.12,38348392
2008-07-23,3.14,3.22,3.14,3.18,81879245
2008-07-24,3.21,3.23,3.16,3.23,53324312
2008-07-25,3.21,3.21,3.17,3.18,22991498
2008-07-28,3.28,3.28,3.28,3.28,0
2008-07-29,3.12,3.14,2.97,3.09,55954849
2008-07-30,3.05,3.11,3.0,3.05,24210011
2008-07-31,3.05,3.11,3.0,3.04,31917183
2008-08-01,2.99,3.04,2.94,3.0,31224777
2008-08-04,2.94,3.03,2.94,2.98,18734261
2008-08-05,2.96,2.99,2.91,2.97,41586674
2008-08-06,3.04,3.09,3.0,3.02,55516426
2008-08-07,3.13,3.13,3.01,3.02,49511545
2008-08-08,2.93,3.04,2.93,3.01,32954396
2008-08-11,3.04,3.08,3.02,3.02,25892532
2008-08-12,3.03,3.07,3.01,3.05,15024995
2008-08-13,3.02,3.04,2.99,3.01,13847533
2008-08-14,3.01,3.04,2.98,3.01,22182800
2008-08-15,3.03,3.04,2.93,2.93,25462249
2008-08-18,2.91,2.91,2.74,2.79,66600732
2008-08-19,2.67,2.79,2.67,2.79,36585630
2008-08-20,2.76,2.8,2.72,2.79,49941827
2008-08-21,2.74,2.79,2.73,2.75,26537955
2008-08-22,2.8,2.81,2.76,2.8,18682395
2008-08-25,2.87,2.93,2.81,2.93,23994056
2008-08-26,2.91,2.95,2.86,2.95,25883810
2008-08-27,2.91,3.01,2.91,2.92,33876014
2008-08-28,2.95,2.95,2.91,2.91,24026036
2008-08-29,2.92,3.01,2.91,2.96,26427477
2008-09-01,2.91,2.93,2.82,2.85,29151630
2008-09-02,2.86,2.91,2.82,2.9,26238502
2008-09-03,2.87,2.91,2.76,2.79,16269325
2008-09-04,2.8,2.8,2.67,2.75,21162333
2008-09-05,2.68,2.74,2.67,2.7,10265723
2008-09-08,2.84,2.89,2.8,2.89,25694834
2008-09-09,2.89,2.89,2.76,2.82,20322119
2008-09-10,2.84,2.91,2.79,2.81,33396307
2008-09-11,2.79,2.79,2.69,2.73,23534701
2008-09-12,2.73,2.78,2.73,2.76,6948478
2008-09-15,2.72,2.72,2.59,2.64,21685649
2008-09-16,2.47,2.5,2.46,2.46,28558538
2008-09-17,2.55,2.59,2.4,2.47,29712741
2008-09-18,2.35,2.42,2.3,2.3,42010676
2008-09-19,2.3,2.42,2.3,2.36,58146265
2008-09-22,2.41,2.41,2.36,2.37,28567260
2008-09-23,2.3,2.34,2.29,2.33,28215475
2008-09-24,2.33,2.34,2.3,2.32,25581449
2008-09-25,2.31,2.33,2.28,2.3,19859857
2008-09-26,2.3,2.32,2.18,2.21,33631800
2008-09-29,2.28,2.28,2.28,2.28,0
2008-09-30,2.06,2.08,2.06,2.06,27415964
2008-10-01,2.12,2.12,2.03,2.08,21961844
2008-10-02,2.09,2.17,2.07,2.09,34788910
2008-10-03,2.04,2.13,2.04,2.09,21970566
2008-10-06,2.04,2.06,1.95,1.95,25851829
2008-10-07,1.88,1.99,1.87,1.96,32573538
2008-10-08,1.9,1.93,1.82,1.83,23665530
2008-10-09,1.94,1.96,1.9,1.94,37513063
2008-10-13,1.87,1.89,1.87,1.87,7980574
2008-10-14,2.0,2.0,1.99,2.0,23084067
2008-10-15,2.04,2.04,1.94,1.98,21906605
2008-10-16,1.92,1.94,1.92,1.93,27962539
2008-10-17,1.94,1.95,1.92,1.93,23400964
2008-10-20,1.89,1.95,1.87,1.95,28436431
2008-10-21,1.97,1.97,1.88,1.89,47560738
2008-10-22,1.84,1.93,1.84,1.87,17973010
2008-10-23,1.8,1.82,1.8,1.8,16246066
2008-10-24,1.75,1.75,1.74,1.74,10454698
2008-10-27,1.62,1.65,1.62,1.62,18787058
2008-10-28,1.53,1.58,1.51,1.51,42478754
2008-10-29,1.62,1.62,1.58,1.61,67190917
2008-10-30,1.58,1.72,1.58,1.72,24866250
2008-10-31,1.82,1.84,1.73,1.84,34338277
2008-11-03,1.89,1.94,1.81,1.94,33407936
2008-11-04,1.94,1.94,1.85,1.92,22374683
2008-11-05,1.98,2.02,1.94,1.98,34966256
2008-11-06,1.85,1.87,1.84,1.87,20208734
2008-11-07,1.75,1.95,1.74,1.95,28305602
2008-11-10,1.99,2.01,1.95,2.01,21304791
2008-11-11,1.94,2.0,1.89,2.0,13431787
2008-11-12,1.99,2.0,1.92,1.98,18816131
2008-11-13,1.9,1.96,1.86,1.96,18932424
2008-11-14,1.97,1.99,1.92,1.96,17211294
2008-11-17,1.92,1.98,1.9,1.96,10294796
2008-11-18,1.95,1.98,1.93,1.94,12876490
2008-11-19,1.94,1.97,1.93,1.96,13088724
2008-11-20,1.91,1.96,1.83,1.85,17036855851
2008-11-21,1.83,1.94,1.82,1.92,12135125652
2008-11-24,1.92,1.96,1.87,1.96,8730661
2008-11-25,2.01,2.07,1.98,2.04,18801595
2008-11-26,2.05,2.07,2.01,2.01,13562616
2008-11-27,2.06,2.14,2.04,2.13,25241293
2008-11-28,2.11,2.12,2.09,2.11,16638553
2008-12-01,2.11,2.25,2.09,2.25,38373628
2008-12-02,2.11,2.2,2.1,2.1,33689946
2008-12-03,2.11,2.18,2.09,2.17,29046967
2008-12-04,2.18,2.19,2.12,2.12,19513886770
2008-12-05,2.11,2.13,2.06,2.06,13760313
2008-12-08,2.09,2.2,2.09,2.2,29922068
2008-12-09,2.22,2.33,2.22,2.25,38173023
2008-12-10,2.25,2.37,2.22,2.36,41379789
2008-12-11,2.36,2.36,2.28,2.3,20569241
2008-12-12,2.28,2.31,2.14,2.14,28497484
2008-12-15,2.18,2.27,2.18,2.23,16946729
2008-12-16,2.21,2.26,2.2,2.24,19362706
2008-12-17,2.28,2.3,2.23,2.28,23264320
2008-12-18,2.28,2.32,2.28,2.31,24601685
2008-12-19,2.25,2.25,2.25,2.25,19548774529
2008-12-22,2.24,2.27,2.13,2.16,16574593
2008-12-23,2.15,2.16,2.06,2.11,14961034
2008-12-24,2.06,2.09,2.05,2.08,15786711
2008-12-25,2.08,2.08,2.05,2.06,6994995
2008-12-26,2.06,2.07,2.04,2.06,6349572
2008-12-29,2.04,2.06,2.02,2.06,5977436
2008-12-30,2.06,2.17,2.06,2.13,16062905
2008-12-31,2.14,2.14,2.09,2.12,11539126
2009-01-02,2.12,2.12,2.12,2.12,0
2009-01-05,2.15,2.21,2.1,2.13,19359799
2009-01-06,2.11,2.15,2.09,2.15,28491670
2009-01-07,2.18,2.2,2.15,2.17,20234900
2009-01-08,2.12,2.12,2.02,2.02,15647160
2009-01-09,2.02,2.02,1.97,1.98,9620299
2009-01-12,1.94,1.95,1.91,1.92,15932076
2009-01-13,1.95,1.99,1.89,1.99,10858815
2009-01-14,2.01,2.05,1.97,2.02,23034643
2009-01-15,1.89,1.9,1.88,1.88,26849038
2009-01-16,1.94,1.94,1.83,1.88,21831015
2009-01-19,1.9,1.9,1.88,1.88,4456911
2009-01-20,1.84,1.84,1.78,1.78,17548542
2009-01-21,1.73,1.85,1.72,1.85,11812413
2009-02-02,1.85,1.86,1.78,1.79,10777410
2009-02-03,1.8,1.85,1.78,1.84,8562037
2009-02-04,1.89,1.89,1.82,1.84,11608901
2009-02-05,1.87,1.89,1.82,1.84,6457142
2009-02-06,1.87,1.92,1.85,1.92,9306309
2009-02-09,1.95,1.96,1.91,1.93,7547385
2009-02-10,1.95,1.96,1.93,1.94,6067562
2009-02-11,1.92,1.99,1.89,1.99,11728101
2009-02-12,1.99,2.0,1.88,1.88,16167569
2009-02-13,1.9,1.99,1.9,1.96,11117566
2009-02-16,1.96,1.96,1.9,1.92,4875564
2009-02-17,1.92,1.92,1.87,1.9,6500752
2009-02-18,1.89,1.97,1.87,1.95,13524821
2009-02-19,1.94,1.96,1.87,1.92,18066044
2009-02-20,1.92,1.92,1.85,1.85,13123612
2009-02-23,1.84,1.89,1.81,1.88,6500752
2009-02-24,1.87,1.87,1.82,1.85,6980459
2009-02-25,1.88,1.95,1.87,1.92,22877648
2009-02-26,1.96,1.96,1.92,1.94,11164083
2009-02-27,1.94,1.98,1.93,1.94,10829741
2009-03-02,1.94,1.94,1.81,1.84,19170823
2009-03-03,1.82,1.82,1.76,1.77,31550163
2009-03-04,1.76,1.81,1.72,1.78,16371081
2009-03-05,1.81,1.91,1.81,1.91,32904971
2009-03-06,1.87,1.89,1.85,1.87,22275834
2009-03-09,1.85,1.9,1.83,1.85,26430385
2009-03-10,1.85,1.88,1.85,1.86,11408297
2009-03-11,1.94,1.94,1.88,1.89,32221753
2009-03-12,1.9,1.9,1.85,1.85,17089187
2009-03-13,1.89,1.92,1.88,1.9,35076734
2009-03-16,1.91,1.93,1.9,1.92,26069878
2009-03-17,1.94,1.97,1.93,1.95,32308972
2009-03-18,1.96,1.96,1.92,1.94,31291412
2009-03-19,1.95,2.02,1.95,1.96,41635633
2009-03-20,1.95,1.96,1.89,1.9,28590518
2009-03-23,1.92,1.94,1.92,1.94,22368868
2009-03-24,2.01,2.02,1.99,2.01,42621212
2009-03-25,2.01,2.01,1.97,1.99,43595162
2009-03-26,1.99,2.01,1.96,2.0,51546664
2009-03-27,2.06,2.14,2.01,2.14,181425070
2009-03-30,2.14,2.14,1.99,2.03,68060204
2009-03-31,2.01,2.06,2.0,2.01,53884144
2009-04-02,2.1,2.16,2.09,2.15,137920034
2009-04-03,2.18,2.18,2.1,2.1,153988755
2009-04-06,2.12,2.17,2.1,2.13,135315082
2009-04-07,2.11,2.12,2.08,2.1,69920884
2009-04-08,2.08,2.11,1.96,1.97,115745956
2009-04-09,1.98,2.06,1.98,2.04,71418150
2009-04-10,2.1,2.11,2.06,2.09,85193001
2009-04-13,2.1,2.17,2.09,2.15,125090061
2009-04-14,2.13,2.22,2.1,2.18,90870984
2009-04-15,2.18,2.21,2.14,2.17,78416053
2009-04-16,2.25,2.33,2.25,2.33,157832223
2009-04-17,2.35,2.49,2.17,2.22,266402930
2009-04-20,2.24,2.37,2.22,2.29,164446361
2009-04-21,2.23,2.29,2.18,2.28,89458029
2009-04-22,2.29,2.34,2.23,2.25,78584678
2009-04-23,2.24,2.24,2.18,2.19,98409647
2009-04-24,2.2,2.26,2.15,2.18,83422447
2009-04-27,2.2,2.22,2.03,2.06,94473145
2009-04-28,2.06,2.18,2.01,2.01,72133349
2009-04-29,2.01,2.06,2.0,2.02,56817623
2009-04-30,2.16,2.16,2.16,2.16,49107428
2009-05-04,2.31,2.31,2.28,2.31,55361059
2009-05-05,2.46,2.46,2.24,2.33,167606610
2009-05-06,2.3,2.42,2.28,2.41,139271935
2009-05-07,2.41,2.42,2.29,2.34,128413120
2009-05-08,2.33,2.42,2.3,2.4,80076129
2009-05-11,2.4,2.56,2.38,2.56,153750355
2009-05-12,2.56,2.56,2.42,2.46,121941441
2009-05-13,2.49,2.52,2.45,2.47,79064384
2009-05-14,2.4,2.42,2.35,2.38,67365356
2009-05-15,2.42,2.47,2.38,2.42,74456293
2009-05-18,2.42,2.5,2.38,2.46,60620389
2009-05-19,2.55,2.63,2.52,2.56,184326569
2009-05-20,2.61,2.72,2.55,2.68,161646618
2009-05-21,2.67,2.79,2.67,2.74,109137633
2009-05-22,2.68,2.74,2.67,2.69,61416993
2009-05-25,2.75,2.79,2.69,2.75,73299182
2009-05-26,2.76,2.76,2.59,2.63,64414433
2009-05-27,2.72,2.79,2.64,2.72,80855289
2009-06-01,2.76,2.89,2.72,2.89,114504533
2009-06-02,2.92,3.04,2.79,2.85,136178554
2009-06-03,2.85,2.85,2.72,2.76,70121489
2009-06-04,2.8,2.84,2.7,2.75,60550613
2009-06-05,2.75,2.79,2.72,2.73,28043943
2009-06-08,2.78,2.79,2.64,2.67,55962873
2009-06-09,2.67,2.7,2.49,2.49,54782504
2009-06-10,2.52,2.53,2.45,2.53,30468643
2009-06-11,2.52,2.55,2.42,2.55,36701922
2009-06-12,2.53,2.57,2.47,2.47,23185823
2009-06-15,2.5,2.56,2.44,2.47,51363503
2009-06-16,2.5,2.52,2.41,2.44,36608888
2009-06-17,2.45,2.61,2.42,2.52,63550961
2009-06-18,2.57,2.57,2.42,2.42,42975904
2009-06-19,2.47,2.49,2.44,2.49,20723329
2009-06-22,2.49,2.53,2.45,2.52,17118260
2009-06-23,2.47,2.47,2.45,2.46,19566218
2009-06-24,2.49,2.63,2.46,2.63,80768070
2009-06-25,2.65,2.72,2.59,2.63,64356286
2009-06-26,2.63,2.65,2.61,2.61,30608194
2009-06-29,2.63,2.72,2.58,2.58,53828905
2009-06-30,2.64,2.75,2.62,2.67,96813532
2009-07-01,2.67,2.72,2.64,2.7,42746227
2009-07-02,2.7,2.74,2.68,2.73,48665517
2009-07-03,2.91,2.91,2.82,2.91,229064306
2009-07-06,2.91,2.91,2.79,2.8,119589424
2009-07-07,2.79,2.84,2.78,2.79,97176946
2009-07-08,2.76,2.82,2.75,2.8,94598159
2009-07-09,2.8,2.89,2.8,2.81,96729220
2009-07-10,2.82,2.84,2.79,2.82,66362333
2009-07-13,2.79,2.79,2.63,2.67,95022627
2009-07-14,2.69,2.7,2.63,2.68,33541673
2009-07-15,2.69,2.78,2.69,2.75,49055097
2009-07-16,2.81,2.86,2.72,2.74,71272785
2009-07-17,2.74,2.79,2.74,2.75,20104071
2009-07-20,2.81,2.84,2.76,2.79,67496185
2009-07-21,2.81,2.84,2.78,2.8,57410715
2009-07-22,2.84,2.86,2.8,2.81,74415590
2009-07-23,2.81,2.82,2.76,2.79,27942187
2009-07-24,2.84,2.84,2.78,2.79,22240946
2009-07-27,2.81,2.82,2.76,2.79,28436431
2009-07-28,2.79,2.84,2.79,2.79,58806225
2009-07-29,2.81,2.82,2.79,2.79,26662970
2009-07-30,2.76,2.79,2.73,2.76,33416658
2009-07-31,2.78,2.81,2.76,2.78,31143139
2009-08-03,2.79,2.81,2.75,2.79,15632623
2009-08-04,2.81,2.84,2.75,2.75,36216401
2009-08-05,2.75,2.8,2.68,2.68,38943461
2009-08-06,2.72,2.74,2.68,2.7,20083720
2009-08-07,2.78,2.78,2.78,2.78,0
2009-08-10,2.68,2.72,2.67,2.7,14420273
2009-08-11,2.74,2.74,2.67,2.72,12757290
2009-08-12,2.68,2.7,2.67,2.67,28674830
2009-08-13,2.68,2.83,2.68,2.78,38235403
2009-08-14,2.78,2.82,2.76,2.8,13839375
2009-08-17,2.78,2.78,2.71,2.72,12823227
2009-08-18,2.71,2.75,2.66,2.66,19882635
2009-08-19,2.67,2.7,2.65,2.65,13260735
2009-08-20,2.65,2.67,2.58,2.62,20633456
2009-08-21,2.63,2.65,2.53,2.58,17076937
2009-08-24,2.61,2.68,2.58,2.65,25443225
2009-08-25,2.65,2.66,2.62,2.62,14336159
2009-08-26,2.62,2.65,2.52,2.57,27359793
2009-08-27,2.57,2.58,2.53,2.55,16591444
2009-08-28,2.56,2.63,2.56,2.62,26027510
2009-08-31,2.62,2.62,2.55,2.55,17390249
2009-09-01,2.55,2.65,2.55,2.62,19831828
2009-09-02,2.57,2.68,2.57,2.68,19289882
2009-09-03,2.68,2.7,2.63,2.7,19809247
2009-09-04,2.7,2.72,2.67,2.71,19741503
2009-09-07,2.72,2.77,2.72,2.73,20131027
2009-09-08,2.77,2.78,2.71,2.75,23862550
2009-09-09,2.76,2.83,2.76,2.78,37970076
2009-09-10,2.97,2.97,2.83,2.86,69628741
2009-09-11,2.86,2.92,2.86,2.9,38255162
2009-09-14,2.92,2.95,2.86,2.87,26408566
2009-09-15,2.9,2.92,2.86,2.88,26789621
2009-09-16,2.93,2.95,2.91,2.91,29482414
2009-09-17,2.96,2.98,2.93,2.96,50925967
2009-09-18,2.96,2.98,2.91,2.98,24254896
2009-09-21,3.01,3.02,2.96,2.96,28169889
2009-09-22,2.96,3.02,2.96,2.96,25575889
2009-09-23,2.97,2.98,2.85,2.87,29482414
2009-09-24,2.87,2.91,2.82,2.85,14155510
2009-09-25,2.85,3.03,2.82,3.03,90360990
2009-09-28,3.06,3.15,3.06,3.07,108104069
2009-09-29,3.08,3.27,3.08,3.23,98428079
2009-09-30,3.25,3.35,3.18,3.35,104736666
2009-10-01,3.45,3.52,3.38,3.42,131594031
2009-10-02,3.32,3.45,3.3,3.42,94792526
2009-10-05,3.42,3.43,3.33,3.38,33995806
2009-10-06,3.4,3.42,3.28,3.37,68570254
2009-10-07,3.41,3.5,3.37,3.41,73789304
2009-10-08,3.41,3.47,3.37,3.37,43649216
2009-10-09,3.42,3.5,3.41,3.45,49867479
2009-10-12,3.45,3.45,3.4,3.43,16899111
2009-10-13,3.37,3.4,3.31,3.37,37574907
2009-10-14,3.4,3.46,3.32,3.46,36507951
2009-10-15,3.55,3.7,3.55,3.62,207692251
2009-10-16,3.66,3.68,3.58,3.61,68759370
2009-10-19,3.58,3.65,3.57,3.58,35903907
2009-10-20,3.62,3.75,3.6,3.73,70083185
2009-10-21,3.7,3.72,3.6,3.6,40549963
2009-10-22,3.6,3.63,3.47,3.48,43076221
2009-10-23,3.5,3.55,3.47,3.53,23851259
2009-10-26,3.57,3.65,3.52,3.53,25558953
2009-10-27,3.52,3.52,3.41,3.47,35621644
2009-10-28,3.45,3.47,3.38,3.4,52441721
2009-10-29,3.32,3.33,3.17,3.23,54668780
2009-10-30,3.32,3.32,3.22,3.22,36567226
2009-11-02,3.15,3.18,3.12,3.15,38150724
2009-11-03,3.2,3.21,3.15,3.2,18756404
2009-11-04,3.25,3.41,3.21,3.41,77690185
2009-11-05,3.43,3.51,3.4,3.46,81602356
2009-11-06,3.52,3.55,3.43,3.43,31427209
2009-11-09,3.53,3.57,3.53,3.57,45904500
2009-11-10,3.6,3.62,3.46,3.48,45272230
2009-11-11,3.48,3.56,3.43,3.55,37157157
2009-11-12,3.58,3.61,3.51,3.55,54719587
2009-11-13,3.5,3.58,3.47,3.55,29609433
2009-11-16,3.55,3.6,3.51,3.58,51236457
2009-11-17,3.62,3.62,3.47,3.5,45345619
2009-11-18,3.5,3.53,3.42,3.42,27275114
2009-11-19,3.42,3.45,3.36,3.38,29296120
2009-11-20,3.37,3.38,3.31,3.32,48083574
2009-11-23,3.35,3.38,3.33,3.38,15501907
2009-11-24,3.4,3.41,3.35,3.4,25736779
2009-11-25,3.37,3.45,3.36,3.43,35297041
2009-11-26,3.45,3.45,3.41,3.42,18403575
2009-11-27,3.32,3.36,3.2,3.2,54722410
2009-11-30,3.25,3.26,3.17,3.17,23749644
2009-12-01,3.18,3.33,3.17,3.33,33786932
2009-12-02,3.36,3.37,3.25,3.3,26470664
2009-12-03,3.33,3.36,3.27,3.28,26465018
2009-12-04,3.31,3.32,3.26,3.26,16724107
2009-12-07,3.28,3.36,3.28,3.33,27314631
2009-12-08,3.35,3.35,3.3,3.33,14669230
2009-12-09,3.31,3.33,3.27,3.28,14974074
2009-12-10,3.3,3.32,3.21,3.25,21960094
2009-12-11,3.25,3.28,3.22,3.25,21130240
2009-12-14,3.25,3.28,3.22,3.27,9534858
2009-12-15,3.28,3.32,3.26,3.26,18485431
2009-12-16,3.27,3.27,3.21,3.22,15182949
2009-12-17,3.25,3.27,3.2,3.2,15293032
2009-12-18,3.17,3.18,3.13,3.17,27035190
2009-12-21,3.2,3.22,3.16,3.18,12885325
2009-12-22,3.2,3.26,3.2,3.25,49401744
2009-12-23,3.26,3.3,3.23,3.27,19563678
2009-12-24,3.28,3.3,3.23,3.23,22493572
2009-12-25,3.27,3.28,3.25,3.26,12216361
2009-12-28,3.26,3.36,3.23,3.32,66865382
2009-12-29,3.32,3.33,3.27,3.28,30871150
2009-12-30,3.3,3.31,3.26,3.3,27814237
2009-12-31,3.3,3.35,3.28,3.33,24316994
2010-01-04,3.35,3.35,3.3,3.33,19481821
2010-01-05,3.35,3.4,3.32,3.32,26970270
2010-01-06,3.32,3.4,3.32,3.37,31892944
2010-01-07,3.4,3.5,3.38,3.41,51600576
2010-01-08,3.45,3.48,3.4,3.46,29761855
2010-01-11,3.47,3.5,3.42,3.43,30343318
2010-01-12,3.45,3.47,3.38,3.4,26479131
2010-01-13,3.36,3.38,3.33,3.33,12182489
2010-01-14,3.36,3.37,3.32,3.35,16216033
2010-01-15,3.36,3.38,3.33,3.37,20726603
2010-01-18,3.31,3.36,3.31,3.35,11378038
2010-01-19,3.35,3.37,3.28,3.32,18928585
2010-01-20,3.33,3.33,3.26,3.27,21234677
2010-01-21,3.27,3.28,3.21,3.21,22008079
2010-01-22,3.17,3.2,3.13,3.15,27077530
2010-01-25,3.1,3.16,3.1,3.13,19145928
2010-01-26,3.13,3.13,3.02,3.03,36248269
2010-01-27,3.03,3.05,2.97,3.0,21118949
2010-01-28,3.03,3.07,3.0,3.02,15501907
2010-01-29,3.02,3.02,2.91,3.0,27455763
2010-02-01,3.02,3.02,2.93,2.97,12317975
2010-02-02,3.01,3.02,2.91,2.93,19470531
2010-02-03,2.95,2.98,2.92,2.98,10497376
2010-02-04,2.98,2.98,2.93,2.95,12035712
2010-02-05,2.9,2.9,2.75,2.76,48385596
2010-02-08,2.8,2.8,2.72,2.78,15561182
2010-02-09,2.75,2.88,2.75,2.88,12789355
2010-02-10,2.93,2.95,2.88,2.92,18846728
2010-02-22,2.97,3.02,2.93,3.01,22809707
2010-02-23,3.01,3.02,2.96,3.02,14163978
2010-02-24,3.0,3.05,2.97,3.0,17579366
2010-02-25,3.03,3.05,2.93,2.93,22013724
2010-02-26,2.97,2.98,2.95,2.97,16563217
2010-03-01,3.0,3.05,2.96,3.01,18626563
2010-03-02,3.01,3.03,2.98,3.01,7776357
2010-03-03,3.02,3.07,3.01,3.03,12447817
2010-03-04,3.03,3.05,2.93,2.95,14118816
2010-03-05,2.98,3.02,2.97,2.97,20921365
2010-03-08,3.0,3.03,3.0,3.02,10700606
2010-03-09,2.98,3.02,2.98,3.0,9489696
2010-03-10,3.0,3.16,3.0,3.13,49096900
2010-03-11,3.13,3.15,3.1,3.13,23317781
2010-03-12,3.13,3.13,3.1,3.11,11973614
2010-03-15,3.16,3.16,3.11,3.11,24226669
2010-03-16,3.12,3.2,3.11,3.2,26521471
2010-03-17,3.22,3.25,3.21,3.23,25409353
2010-03-18,3.23,3.26,3.21,3.23,22809707
2010-03-19,3.23,3.25,3.21,3.25,12826050
2010-03-22,3.25,3.25,3.2,3.2,11039322
2010-03-23,3.23,3.32,3.22,3.32,34616786
2010-03-24,3.33,3.35,3.3,3.3,19078184
2010-03-25,3.3,3.3,3.25,3.25,15741831
2010-03-26,3.25,3.28,3.2,3.25,16949918
2010-03-29,3.28,3.28,3.23,3.27,15851913
2010-03-30,3.28,3.31,3.27,3.31,20023767
2010-03-31,3.28,3.28,3.21,3.21,23235925
2010-04-01,3.23,3.3,3.22,3.27,37555148
2010-04-02,3.28,3.32,3.27,3.31,23591577
2010-04-06,3.33,3.37,3.32,3.35,28161421
2010-04-07,3.37,3.41,3.37,3.4,27763430
2010-04-08,3.42,3.47,3.38,3.43,41419335
2010-04-09,3.46,3.48,3.43,3.47,32830059
2010-04-12,3.5,3.5,3.43,3.46,19829005
2010-04-13,3.43,3.45,3.37,3.37,26908172
2010-04-14,3.37,3.42,3.37,3.42,24136345
2010-04-15,3.47,3.47,3.41,3.43,13294607
2010-04-16,3.43,3.45,3.38,3.42,19315286
2010-04-19,3.31,3.38,3.31,3.35,28601752
2010-04-20,3.37,3.37,3.32,3.32,23992391
2010-04-21,3.36,3.4,3.35,3.36,15177304
2010-04-22,3.33,3.35,3.3,3.35,19346335
2010-04-23,3.35,3.36,3.31,3.36,10706251
2010-04-26,3.42,3.47,3.41,3.46,31582454
2010-04-27,3.46,3.47,3.43,3.47,11835305
2010-04-28,3.32,3.42,3.32,3.4,16966854
2010-04-29,3.4,3.41,3.37,3.4,10169951
2010-04-30,3.41,3.5,3.41,3.5,38345486
2010-05-03,3.41,3.45,3.35,3.37,27735204
2010-05-04,3.4,3.43,3.38,3.41,13336946
2010-05-05,3.32,3.36,3.3,3.31,33863143
2010-05-06,3.32,3.4,3.31,3.32,26225094
2010-05-07,3.25,3.32,3.25,3.3,20608052
2010-05-10,3.33,3.37,3.31,3.33,8236446
2010-05-11,3.38,3.41,3.27,3.3,30938894
2010-05-12,3.33,3.36,3.3,3.31,13320011
2010-05-13,3.37,3.42,3.35,3.42,25556130
2010-05-14,3.41,3.51,3.4,3.48,37016025
2010-05-17,3.45,3.45,3.35,3.38,19112056
2010-05-18,3.42,3.42,3.38,3.38,11846595
2010-05-19,3.36,3.41,3.35,3.36,12148617
2010-05-20,3.37,3.38,3.3,3.3,9345742
2010-05-21,3.22,3.27,3.2,3.21,15631748
2010-05-24,3.23,3.23,3.2,3.21,9314693
2010-05-25,3.18,3.18,3.0,3.0,34870823
2010-05-26,3.03,3.16,3.0,3.12,16769270
2010-05-27,3.1,3.16,3.08,3.13,9145334
2010-05-28,3.16,3.18,3.12,3.15,18030987
2010-05-31,3.15,3.2,3.12,3.2,13049038
2010-06-01,3.17,3.17,3.12,3.13,7550546
2010-06-02,3.13,3.2,3.11,3.12,11976437
2010-06-03,3.18,3.2,3.16,3.18,7561837
2010-06-04,3.21,3.21,3.16,3.17,5238809
2010-06-07,3.07,3.08,3.01,3.05,12761129
2010-06-08,3.06,3.12,3.06,3.11,9328806
2010-06-09,3.12,3.13,3.06,3.07,8402982
2010-06-10,3.1,3.18,3.07,3.18,6161810
2010-06-11,3.22,3.27,3.21,3.21,14951493
2010-06-14,3.23,3.3,3.23,3.23,12586126
2010-06-15,3.26,3.31,3.23,3.31,13051860
2010-06-17,3.32,3.37,3.31,3.35,13497837
2010-06-18,3.37,3.37,3.3,3.36,8738875
2010-06-21,3.4,3.45,3.38,3.4,28133195
2010-06-22,3.41,3.41,3.38,3.38,9704216
2010-06-23,3.4,3.41,3.36,3.36,6932389
2010-06-24,3.37,3.4,3.35,3.36,14429306
2010-06-25,3.37,3.43,3.35,3.4,45145212
2010-06-28,3.4,3.45,3.38,3.43,48487211
2010-06-29,3.45,3.46,3.36,3.36,39988259
2010-06-30,3.31,3.31,3.27,3.28,20179012
2010-07-01,3.31,3.31,3.28,3.3,3567809
2010-07-02,3.33,3.48,3.32,3.46,42630245
2010-07-05,3.47,3.58,3.47,3.53,56026467
2010-07-06,3.55,3.63,3.52,3.63,72739284
2010-07-07,3.61,3.65,3.58,3.58,35415592
2010-07-08,3.62,3.66,3.61,3.63,35376075
2010-07-09,3.65,3.66,3.57,3.62,27038013
2010-07-12,3.62,3.65,3.53,3.58,27966660
2010-07-13,3.58,3.61,3.56,3.58,18242685
2010-07-14,3.63,3.65,3.6,3.65,25350078
2010-07-15,3.67,3.72,3.65,3.7,40874566
2010-07-16,3.71,3.8,3.68,3.72,60469293
2010-07-19,3.7,3.78,3.7,3.76,19947556
2010-07-20,3.77,3.77,3.7,3.75,13797036
2010-07-21,3.76,3.77,3.67,3.7,18205990
2010-07-22,3.72,3.76,3.65,3.65,20500792
2010-07-23,3.68,3.72,3.66,3.7,19394319
2010-07-26,3.73,3.73,3.66,3.71,20557245
2010-07-27,3.71,3.71,3.65,3.66,8784037
2010-07-28,3.68,3.73,3.67,3.73,25858152
2010-07-29,3.75,3.76,3.7,3.75,22211308
2010-07-30,3.72,3.8,3.7,3.71,28875548
2010-08-02,3.76,3.82,3.76,3.8,38641862
2010-08-03,3.82,3.83,3.77,3.82,31655843
2010-08-04,3.83,3.86,3.81,3.83,16331761
2010-08-05,3.85,3.9,3.8,3.81,23566173
2010-08-06,3.81,3.87,3.8,3.85,18496722
2010-08-09,3.86,3.95,3.85,3.91,36818441
2010-08-10,3.91,3.91,3.83,3.85,24864585
2010-08-11,3.82,3.88,3.81,3.82,20517728
2010-08-12,3.77,3.8,3.73,3.78,15925302
2010-08-13,3.77,3.81,3.75,3.81,13085732
2010-08-16,3.76,3.8,3.76,3.78,12639756
2010-08-17,3.78,3.81,3.77,3.77,11219971
2010-08-18,3.8,3.8,3.72,3.75,38060400
2010-08-19,3.76,3.78,3.64,3.67,28295023
2010-08-20,3.66,3.7,3.64,3.67,16317891
2010-08-23,3.66,3.78,3.66,3.75,24651934
2010-08-24,3.76,3.78,3.71,3.71,22632218
2010-08-25,3.7,3.7,3.59,3.62,26823671
2010-08-26,3.62,3.7,3.61,3.67,24638360
2010-08-27,3.68,3.74,3.66,3.74,16963983
2010-08-30,3.78,3.79,3.71,3.74,11792534
2010-08-31,3.74,3.78,3.7,3.78,20300315
2010-09-01,3.76,3.82,3.74,3.79,14691803
2010-09-02,3.82,4.0,3.79,3.91,40722791
2010-09-03,3.96,3.99,3.89,3.95,38662355
2010-09-06,3.95,3.99,3.93,3.93,22629503
2010-09-07,3.95,3.96,3.92,3.93,16502489
2010-09-08,3.95,3.99,3.89,3.95,21038706
2010-09-09,3.96,3.96,3.92,3.95,15003990
2010-09-10,3.96,4.03,3.93,4.01,36512335
2010-09-13,4.01,4.18,4.01,4.14,43950535
2010-09-14,4.16,4.21,4.11,4.21,19293172
2010-09-15,4.21,4.29,4.18,4.26,23658364
2010-09-16,4.26,4.28,4.17,4.18,17338608
2010-09-17,4.24,4.25,4.17,4.17,16415620
2010-09-20,4.13,4.2,4.13,4.2,7261746
2010-09-21,4.24,4.29,4.2,4.29,28818955
2010-09-23,4.25,4.34,4.25,4.29,15210305
2010-09-24,4.26,4.33,4.25,4.33,11711093
2010-09-27,4.34,4.39,4.3,4.38,18940264
2010-09-28,4.36,4.37,4.3,4.33,16722378
2010-09-29,4.3,4.37,4.28,4.32,23014987
2010-09-30,4.29,4.29,4.24,4.26,11768102
2010-10-01,4.26,4.3,4.22,4.25,13562500
2010-10-04,4.25,4.3,4.22,4.25,19333892
2010-10-05,4.25,4.28,4.2,4.21,18427191
2010-10-06,4.26,4.3,4.22,4.29,29850530
2010-10-07,4.29,4.32,4.28,4.28,23313601
2010-10-08,4.29,4.3,4.26,4.29,13866543
2010-10-11,4.29,4.32,4.21,4.22,24738803
2010-10-12,4.21,4.25,4.14,4.14,30138285
2010-10-13,4.17,4.25,4.16,4.21,20816103
2010-10-14,4.24,4.29,4.21,4.24,23715372
2010-10-15,4.26,4.26,4.2,4.26,8621797
2010-10-18,4.26,4.26,4.16,4.17,22898256
2010-10-19,4.17,4.18,4.08,4.08,30165432
2010-10-20,4.05,4.09,4.04,4.07,12028710
2010-10-21,4.08,4.16,4.05,4.07,8646229
2010-10-22,4.11,4.13,4.07,4.13,10326611
2010-10-25,4.17,4.24,4.14,4.2,18353895
2010-10-26,4.21,4.24,4.17,4.21,11580789
2010-10-27,4.21,4.26,4.17,4.18,18180156
2010-10-28,4.21,4.21,4.11,4.17,26679794
2010-10-29,4.18,4.18,4.08,4.14,14053855
2010-11-01,4.14,4.24,4.13,4.21,18017276
2010-11-02,4.24,4.26,4.21,4.24,13888260
2010-11-03,4.24,4.25,4.17,4.2,9134870
2010-11-04,4.21,4.24,4.17,4.21,9938413
2010-11-05,4.25,4.26,4.21,4.24,17173013
2010-11-08,4.25,4.26,4.22,4.25,7647230
2010-11-09,4.25,4.26,4.21,4.26,10766388
2010-11-10,4.28,4.28,4.25,4.26,15625650
2010-11-11,4.26,4.28,4.22,4.25,12463058
2010-11-12,4.25,4.29,4.18,4.28,22257593
2010-11-15,4.28,4.28,4.21,4.25,15658226
2010-11-16,4.21,4.25,4.2,4.24,18657939
2010-11-17,4.21,4.21,4.13,4.17,24784953
2010-11-18,4.18,4.2,4.13,4.14,11179018
2010-11-19,4.17,4.17,4.05,4.07,22615930
2010-11-22,4.11,4.18,4.11,4.16,11800678
2010-11-23,4.13,4.18,4.07,4.09,10155587
2010-11-24,4.05,4.16,4.05,4.12,7316040
2010-11-25,4.12,4.16,4.11,4.16,5532501
2010-11-26,4.17,4.18,4.12,4.13,5320756
2010-11-29,4.17,4.22,4.13,4.21,12723666
2010-11-30,4.21,4.22,4.11,4.12,20658652
2010-12-01,4.18,4.3,4.16,4.3,31332741
2010-12-02,4.34,4.59,4.34,4.58,76075961
2010-12-03,4.59,4.64,4.53,4.62,44132418
2010-12-06,4.64,4.71,4.62,4.68,35434610
2010-12-07,4.68,4.71,4.63,4.71,22903685
2010-12-08,4.7,4.7,4.64,4.68,15185873
2010-12-09,4.71,4.82,4.71,4.8,42378740
2010-12-10,4.8,4.8,4.68,4.7,16165870
2010-12-13,4.74,4.82,4.71,4.76,14748811
2010-12-14,4.76,4.76,4.67,4.74,9273318
2010-12-15,4.72,4.76,4.53,4.68,12978845
2010-12-16,4.68,4.78,4.67,4.78,18888686
2010-12-17,4.79,4.84,4.79,4.82,15761384
2010-12-20,4.82,4.87,4.75,4.79,13076573
2010-12-21,4.79,4.8,4.74,4.8,8632656
2010-12-22,4.76,4.91,4.76,4.86,23093712
2010-12-23,4.87,4.89,4.83,4.86,9134870
2010-12-24,4.84,4.86,4.79,4.84,17031850
2010-12-27,4.87,5.17,4.87,5.11,27629929
2010-12-28,5.14,5.14,5.04,5.11,26880679
2010-12-29,5.08,5.39,5.08,5.37,50517326
2010-12-30,5.39,5.39,5.21,5.26,34888961
2010-12-31,5.29,5.37,5.25,5.28,26864391
2011-01-03,5.32,5.37,5.26,5.26,37725793
2011-01-04,5.29,5.3,5.13,5.16,29915682
2011-01-05,5.16,5.18,4.92,4.93,46735789
2011-01-06,4.95,5.16,4.95,5.16,61731635
2011-01-07,5.11,5.12,4.95,5.11,26036416
2011-01-10,5.11,5.11,4.95,5.03,31674790
2011-01-11,5.03,5.09,4.96,5.05,30483049
2011-01-12,5.11,5.29,5.08,5.25,32136284
2011-01-13,5.26,5.26,5.13,5.17,30108424
2011-01-14,5.17,5.29,5.17,5.28,33051128
2011-01-17,5.33,5.33,5.18,5.22,13524494
2011-01-18,5.18,5.3,5.18,5.26,14984988
2011-01-19,5.25,5.32,5.22,5.32,15774957
2011-01-20,5.29,5.32,5.25,5.28,19855109
2011-01-21,5.21,5.26,5.18,5.22,9960130
2011-01-24,5.24,5.29,5.2,5.21,5090009
2011-01-25,5.28,5.29,5.22,5.25,8306895
2011-01-26,5.26,5.26,5.18,5.2,11328325
2011-01-27,5.2,5.24,5.13,5.2,13779673
2011-01-28,5.2,5.26,5.2,5.22,13562500
2011-02-08,5.26,5.28,5.18,5.28,19114003
2011-02-09,5.28,5.29,5.16,5.16,10684948
2011-02-10,5.16,5.18,4.8,4.8,23001413
2011-02-11,4.86,4.92,4.78,4.84,37519478
2011-02-14,4.87,4.92,4.79,4.87,20370896
2011-02-15,4.86,4.86,4.74,4.8,14811249
2011-02-16,4.82,4.88,4.75,4.78,21611501
2011-02-17,4.79,4.82,4.71,4.79,17118720
2011-02-18,4.86,5.12,4.83,5.12,34913393
2011-02-21,5.08,5.14,5.0,5.08,23308171
2011-02-22,5.0,5.03,4.86,4.95,23468337
2011-02-23,4.92,4.96,4.83,4.89,19287742
2011-02-24,4.95,4.96,4.84,4.84,12387047
2011-02-25,4.89,4.89,4.72,4.79,16928693
2011-03-01,4.79,4.93,4.76,4.93,13958842
2011-03-02,4.79,4.82,4.74,4.74,30037843
2011-03-03,4.74,4.87,4.68,4.82,54108837
2011-03-04,4.84,4.91,4.8,4.91,23973266
2011-03-07,4.95,4.95,4.84,4.91,11260458
2011-03-08,4.82,4.92,4.82,4.89,10570931
2011-03-09,4.92,4.95,4.83,4.83,23927116
2011-03-10,4.83,4.86,4.74,4.74,19798101
2011-03-11,4.71,4.72,4.68,4.71,13320894
2011-03-14,4.71,4.71,4.55,4.64,21787955
2011-03-15,4.61,4.63,4.33,4.5,52868232
2011-03-16,4.55,4.59,4.47,4.5,25463621
2011-03-17,4.36,4.47,4.36,4.47,20498486
2011-03-18,4.49,4.53,4.42,4.43,26785666
2011-03-21,4.46,4.61,4.37,4.57,34913393
2011-03-22,4.59,4.74,4.58,4.67,21820531
2011-03-23,4.68,4.72,4.62,4.7,9672375
2011-03-24,4.74,4.86,4.7,4.82,27032701
2011-03-25,4.86,4.87,4.74,4.8,13111864
2011-03-28,4.75,4.82,4.75,4.78,8380191
2011-03-29,4.75,4.82,4.75,4.82,7834542
2011-03-30,4.83,4.92,4.83,4.89,22681082
2011-03-31,4.89,4.91,4.82,4.87,9322182
2011-04-01,4.89,4.95,4.84,4.93,24657363
2011-04-06,5.03,5.07,4.97,5.0,27141288
2011-04-07,5.0,5.0,4.95,5.0,19776383
2011-04-08,4.97,5.05,4.95,5.01,20085856
2011-04-11,4.97,5.0,4.93,5.0,17145866
2011-04-12,5.0,5.0,4.93,4.97,7595651
2011-04-13,5.0,5.03,4.93,4.99,13391475
2011-04-14,4.97,5.03,4.97,5.0,21657651
2011-04-15,5.03,5.03,4.86,4.89,18535778
2011-04-18,4.88,4.95,4.84,4.89,5106297
2011-04-19,4.86,4.87,4.74,4.75,14564214
2011-04-20,4.78,4.93,4.78,4.93,16847252
2011-04-21,4.99,5.18,4.99,5.16,48812512
2011-04-22,5.2,5.2,5.12,5.13,27306883
2011-04-25,5.2,5.22,5.18,5.21,28447045
2011-04-26,5.13,5.21,5.03,5.17,18006417
2011-04-27,5.21,5.3,5.17,5.28,52436599
2011-04-28,5.3,5.51,5.3,5.37,54220139
2011-04-29,5.42,5.43,5.28,5.34,30198008
2011-05-03,5.34,5.42,5.29,5.37,35925966
2011-05-04,5.39,5.39,5.26,5.34,22906400
2011-05-05,5.34,5.47,5.32,5.46,29497623
2011-05-06,5.46,5.47,5.38,5.42,21272167
2011-05-09,5.66,5.66,5.46,5.54,33547913
2011-05-10,5.55,5.59,5.53,5.53,46255292
2011-05-11,5.54,5.72,5.49,5.71,75714910
2011-05-12,5.66,5.67,5.59,5.66,65496885
2011-05-13,5.64,5.7,5.63,5.7,44963108
2011-05-16,5.7,5.71,5.49,5.51,37144853
2011-05-17,5.5,5.7,5.5,5.67,48006255
2011-05-18,5.55,5.66,5.54,5.58,23161579
2011-05-19,5.58,5.68,5.57,5.59,25816528
2011-05-20,5.61,5.62,5.47,5.51,14946982
2011-05-23,5.47,5.75,5.39,5.71,36148569
2011-05-24,5.66,5.72,5.62,5.72,20009845
2011-05-25,5.67,5.71,5.55,5.62,22298313
2011-05-26,5.66,5.66,5.54,5.62,23837532
2011-05-27,5.66,5.67,5.59,5.59,26174865
2011-05-30,5.57,5.58,5.46,5.5,25425615
2011-05-31,5.53,5.55,5.45,5.55,29576348
2011-06-01,5.55,5.55,5.49,5.51,31457616
2011-06-02,5.5,5.51,5.47,5.5,14045711
2011-06-03,5.55,5.55,5.5,5.53,9476919
2011-06-07,5.54,5.55,5.45,5.49,7191165
2011-06-08,5.41,5.45,5.33,5.33,21527347
2011-06-09,5.37,5.43,5.32,5.32,24727945
2011-06-10,5.39,5.41,5.26,5.26,13418622
2011-06-13,5.24,5.32,5.2,5.21,10535641
2011-06-14,5.34,5.34,5.26,5.34,17292459
2011-06-15,5.36,5.43,5.3,5.36,45256292
2011-06-16,5.39,5.39,5.34,5.37,42560623
2011-06-17,5.39,5.39,5.32,5.34,15601218
2011-06-20,5.39,5.42,5.36,5.38,34098991
2011-06-21,5.39,5.39,5.36,5.38,25463621
2011-06-22,5.39,5.49,5.38,5.39,38928393
2011-06-23,5.39,5.41,5.36,5.39,9970989
2011-06-24,5.39,5.39,5.36,5.39,9314038
2011-06-27,5.26,5.39,5.26,5.38,6175878
2011-06-28,5.39,5.39,5.33,5.37,8852544
2011-06-29,5.39,5.43,5.33,5.42,27502339
2011-06-30,5.39,5.41,5.34,5.37,18082428
2011-07-01,5.39,5.46,5.39,5.41,28908539
2011-07-04,5.42,5.43,5.38,5.39,13475630
2011-07-05,5.39,5.39,5.3,5.3,10834255
2011-07-06,5.34,5.39,5.32,5.38,22273881
2011-07-07,5.38,5.39,5.3,5.32,32521767
2011-07-08,5.34,5.37,5.24,5.24,34052842
2011-07-11,5.24,5.32,5.22,5.32,21671224
2011-07-12,5.28,5.3,5.24,5.25,22784240
2011-07-13,5.3,5.37,5.3,5.37,43584055
2011-07-14,5.37,5.39,5.32,5.36,23492769
2011-07-15,5.37,5.46,5.34,5.38,72736915
2011-07-18,5.38,5.46,5.32,5.45,27220013
2011-07-19,5.45,5.45,5.37,5.37,14081002
2011-07-20,5.39,5.45,5.38,5.45,25990267
2011-07-21,5.46,5.5,5.42,5.49,29934685
2011-07-22,5.49,5.53,5.39,5.49,41922676
2011-07-25,5.49,5.53,5.45,5.51,28387322
2011-07-26,5.51,5.54,5.43,5.53,15538781
2011-07-27,5.5,5.54,5.47,5.53,18516776
2011-07-28,5.47,5.53,5.46,5.51,14167871
2011-07-29,5.34,5.34,5.13,5.25,120558572
2011-08-01,5.24,5.34,5.18,5.34,74900508
2011-08-02,5.32,5.32,5.25,5.25,14545211
2011-08-03,5.21,5.21,5.03,5.16,30702937
2011-08-04,5.16,5.25,5.12,5.14,51168848
2011-08-05,5.0,5.12,4.87,4.93,71143402
2011-08-08,4.92,4.92,4.59,4.88,93949360
2011-08-09,4.63,4.97,4.55,4.88,82919648
2011-08-10,5.05,5.05,4.88,5.0,37334880
2011-08-11,4.87,4.99,4.86,4.93,21893827
2011-08-12,4.97,5.0,4.75,4.75,28327599
2011-08-15,4.82,4.89,4.8,4.88,16412905
2011-08-16,4.89,4.92,4.86,4.87,32527197
2011-08-17,4.91,4.95,4.89,4.9,24166708
2011-08-18,4.95,4.95,4.75,4.82,24534973
2011-08-19,4.63,4.68,4.62,4.68,20999097
2011-08-22,4.68,4.78,4.64,4.68,18853555
2011-08-23,4.78,5.01,4.74,4.99,54738021
2011-08-24,4.99,5.03,4.87,4.97,57820237
2011-08-25,4.97,4.97,4.82,4.84,37699378
2011-08-26,4.84,4.86,4.78,4.85,22124317
2011-08-29,4.84,4.91,4.82,4.86,18540432
2011-08-30,4.88,4.89,4.85,4.89,30010361
2011-08-31,4.89,4.91,4.84,4.91,35083167
2011-09-01,4.91,5.17,4.91,5.08,101610749
2011-09-02,5.07,5.24,5.05,5.23,35833863
2011-09-05,5.14,5.14,4.86,4.89,37360194
2011-09-06,4.82,4.85,4.69,4.69,37986189
2011-09-07,4.72,4.78,4.58,4.65,44158851
2011-09-08,4.66,4.82,4.66,4.72,26291800
2011-09-09,4.6,4.69,4.59,4.63,64958852
2011-09-13,4.5,4.55,4.39,4.39,41570074
2011-09-14,4.5,4.5,4.2,4.24,35998467
2011-09-15,4.31,4.36,4.17,4.21,60145423
2011-09-16,4.3,4.39,4.3,4.37,55753480
2011-09-19,4.37,4.37,4.26,4.29,20610456
2011-09-20,4.29,4.34,4.23,4.3,17091415
2011-09-21,4.3,4.39,4.29,4.34,22580720
2011-09-22,4.27,4.29,4.2,4.21,28646140
2011-09-23,4.05,4.08,3.92,4.0,34943503
2011-09-26,3.92,3.92,3.92,3.92,39761920
2011-09-27,4.05,4.14,4.04,4.14,18243646
2011-09-28,4.2,4.4,4.2,4.31,66495159
2011-09-29,4.27,4.39,4.23,4.36,27311848
2011-09-30,4.42,4.42,4.33,4.37,22757795
2011-10-03,4.31,4.33,4.18,4.21,26760673
2011-10-04,4.2,4.34,4.16,4.34,26354150
2011-10-05,4.34,4.39,4.3,4.36,18829737
2011-10-06,4.4,4.46,4.29,4.29,44488060
2011-10-07,4.46,4.46,4.46,4.46,59591754
2011-10-11,4.55,4.58,4.5,4.53,32639042
2011-10-12,4.49,4.49,4.39,4.39,36444894
2011-10-13,4.39,4.44,4.37,4.4,24760481
2011-10-14,4.34,4.34,4.27,4.29,41757124
2011-10-17,4.3,4.33,4.24,4.26,42709834
2011-10-18,4.2,4.21,4.14,4.16,33055541
2011-10-19,4.2,4.21,4.11,4.11,47141681
2011-10-20,4.07,4.11,4.0,4.0,35956069
2011-10-21,4.0,4.08,4.0,4.08,22268970
2011-10-24,4.14,4.29,4.14,4.24,97959526
2011-10-25,4.24,4.29,4.17,4.26,57878372
2011-10-26,4.18,4.29,4.17,4.27,41949163
2011-10-27,4.29,4.36,4.23,4.29,131476458
2011-10-28,4.4,4.5,4.37,4.39,154770465
2011-10-31,4.4,4.43,4.3,4.36,48089403
2011-11-01,4.3,4.39,4.27,4.36,40136021
2011-11-02,4.26,4.27,4.21,4.21,58008061
2011-11-03,4.26,4.26,4.05,4.05,70525471
2011-11-04,4.16,4.2,4.16,4.18,40983983
2011-11-07,4.17,4.18,4.13,4.17,14786955
2011-11-08,4.21,4.24,4.13,4.13,42393096
2011-11-09,4.17,4.18,4.11,4.11,13315492
2011-11-10,4.02,4.05,3.94,3.98,34753958
2011-11-11,4.02,4.04,3.97,4.01,13260624
2011-11-14,4.05,4.1,4.04,4.05,9170456
2011-11-15,4.07,4.08,4.0,4.02,16086331
2011-11-16,4.02,4.05,3.98,4.0,25329114
2011-11-17,3.97,4.07,3.94,4.02,23797795
2011-11-18,3.95,4.04,3.95,3.95,20318658
2011-11-21,3.94,3.98,3.91,3.91,19201344
2011-11-22,3.91,3.95,3.85,3.89,24431272
2011-11-23,3.91,3.91,3.71,3.71,38442592
2011-11-24,3.71,3.81,3.69,3.78,34975925
2011-11-25,3.78,3.79,3.62,3.68,24284126
2011-11-28,3.71,3.75,3.58,3.62,40517604
2011-11-29,3.68,3.69,3.65,3.68,25775541
2011-11-30,3.74,3.74,3.59,3.65,28050073
2011-12-01,3.79,3.89,3.79,3.87,54267053
2011-12-02,3.82,3.85,3.78,3.81,26725757
2011-12-05,3.81,3.82,3.76,3.78,20717699
2011-12-06,3.76,3.81,3.68,3.68,21610552
2011-12-07,3.65,3.78,3.65,3.76,21134197
2011-12-08,3.75,3.76,3.65,3.76,19331032
2011-12-09,3.69,3.76,3.65,3.75,20967099
2011-12-12,3.82,3.85,3.76,3.84,29282112
2011-12-13,3.79,3.82,3.76,3.78,27099857
2011-12-14,3.82,3.87,3.81,3.85,21346188
2011-12-15,3.78,3.81,3.71,3.72,34038179
2011-12-16,3.76,3.76,3.72,3.75,24797891
2011-12-19,3.74,3.74,3.62,3.63,20171512
2011-12-20,3.65,3.68,3.46,3.47,75418709
2011-12-21,3.66,3.71,3.63,3.71,71962018
2011-12-22,3.72,3.78,3.68,3.71,26997603
2011-12-23,3.82,3.87,3.75,3.81,30554054
2011-12-26,3.81,3.81,3.72,3.74,16575156
2011-12-27,3.76,3.81,3.74,3.79,34661680
2011-12-28,3.82,3.85,3.76,3.82,15368058
2011-12-29,3.76,3.82,3.74,3.81,14682207
2011-12-30,3.82,3.87,3.76,3.78,10010935
2012-01-02,3.78,3.81,3.71,3.72,16497842
2012-01-03,3.79,3.84,3.75,3.84,37362688
2012-01-04,3.85,3.85,3.78,3.84,30314630
2012-01-05,3.85,3.85,3.75,3.79,42854487
2012-01-06,3.79,3.81,3.71,3.74,24324030
2012-01-09,3.75,3.76,3.71,3.76,13115972
2012-01-10,3.79,3.84,3.76,3.81,25206908
2012-01-11,3.84,3.85,3.79,3.79,16555204
2012-01-12,3.82,3.84,3.76,3.82,14395396
2012-01-13,3.82,3.85,3.76,3.82,28863119
2012-01-16,3.88,3.88,3.74,3.74,18530456
2012-01-17,3.74,3.76,3.71,3.75,47782640
2012-01-18,3.78,3.78,3.68,3.68,26910313
2012-01-30,3.76,3.82,3.71,3.76,40165949
2012-01-31,3.81,4.02,3.76,4.02,69258517
2012-02-01,4.1,4.27,4.07,4.24,83683841
2012-02-02,4.24,4.39,4.23,4.34,79247007
2012-02-03,4.34,4.36,4.27,4.36,31362112
2012-02-06,4.5,4.52,4.4,4.46,27276932
2012-02-07,4.46,4.49,4.4,4.44,31389546
2012-02-08,4.43,4.49,4.43,4.46,37340242
2012-02-09,4.52,4.52,4.44,4.49,30085181
2012-02-10,4.47,4.52,4.42,4.44,26349162
2012-02-13,4.44,4.49,4.4,4.43,25972567
2012-02-14,4.49,4.49,4.31,4.36,34766428
2012-02-15,4.4,4.53,4.37,4.5,72550603
2012-02-16,4.46,4.5,4.39,4.4,32244989
2012-02-17,4.46,4.49,4.37,4.4,22505900
2012-02-20,4.46,4.49,4.4,4.43,15919233
2012-02-21,4.39,4.4,4.26,4.33,46602976
2012-02-22,4.29,4.43,4.29,4.43,34631752
2012-02-23,4.43,4.46,4.39,4.4,11420048
2012-02-24,4.47,4.53,4.4,4.53,36769114
2012-02-29,4.56,4.66,4.56,4.66,66569980
2012-03-01,4.68,4.68,4.59,4.66,26640960
2012-03-02,4.69,4.72,4.59,4.66,24164413
2012-03-05,4.56,4.59,4.47,4.47,20218898
2012-03-06,4.52,4.55,4.39,4.47,53446526
2012-03-07,4.46,4.5,4.42,4.5,13300528
2012-03-08,4.53,4.73,4.52,4.63,51917700
2012-03-09,4.63,4.66,4.56,4.59,21847483
2012-03-12,4.62,4.78,4.59,4.65,58077893
2012-03-13,4.75,4.97,4.73,4.97,146587634
2012-03-14,5.02,5.1,4.91,4.91,102039718
2012-03-15,4.94,5.05,4.92,4.92,60841250
2012-03-16,4.92,4.92,4.85,4.92,33165277
2012-03-19,4.94,4.97,4.85,4.89,28334390
2012-03-20,4.89,4.89,4.79,4.81,29297076
2012-03-21,4.78,4.91,4.78,4.84,32170169
2012-03-22,4.86,5.07,4.86,4.95,56898228
2012-03-23,5.01,5.01,4.95,4.98,26034917
2012-03-26,4.95,4.95,4.81,4.85,35918659
2012-03-27,4.89,4.89,4.79,4.84,26663406
2012-03-28,4.91,4.91,4.78,4.79,17630120
2012-03-29,4.72,4.78,4.58,4.59,32040481
2012-03-30,4.59,4.71,4.55,4.69,24745517
2012-04-02,4.63,4.68,4.6,4.6,9372470
2012-04-03,4.62,4.66,4.49,4.5,15959137
2012-04-05,4.4,4.42,4.3,4.34,25595972
2012-04-06,4.34,4.39,4.3,4.33,21590600
2012-04-09,4.24,4.29,4.23,4.27,19747531
2012-04-10,4.34,4.46,4.33,4.37,38238083
2012-04-11,4.34,4.42,4.31,4.36,18620240
2012-04-12,4.37,4.4,4.31,4.37,27501392
2012-04-13,4.43,4.46,4.39,4.46,20433382
2012-04-16,4.4,4.46,4.36,4.46,11467434
2012-04-17,4.44,4.47,4.39,4.39,17712423
2012-04-18,4.46,4.59,4.42,4.53,25850361
2012-04-19,4.5,4.71,4.49,4.65,50817844
2012-04-20,4.65,4.73,4.56,4.59,41545134
2012-04-23,4.55,4.63,4.55,4.63,23281536
2012-04-24,4.6,4.63,4.55,4.58,11816595
2012-04-25,4.58,4.63,4.58,4.62,10674341
2012-04-26,4.63,4.63,4.52,4.56,8763933
2012-04-27,4.58,4.58,4.4,4.42,14447770
2012-04-30,4.4,4.55,4.4,4.49,20632902
2012-05-02,4.52,4.66,4.52,4.63,31294774
2012-05-03,4.63,4.63,4.55,4.55,11579664
2012-05-04,4.52,4.63,4.5,4.58,23226668
2012-05-07,4.52,4.52,4.39,4.42,30651320
2012-05-08,4.46,4.46,4.42,4.43,10419952
2012-05-09,4.4,4.44,4.36,4.4,11469928
2012-05-10,4.44,4.52,4.43,4.52,14275684
2012-05-11,4.49,4.52,4.4,4.43,14205852
2012-05-14,4.43,4.5,4.4,4.49,11454964
2012-05-15,4.44,4.44,4.4,4.43,7145324
2012-05-16,4.39,4.43,4.13,4.14,38365278
2012-05-17,4.2,4.34,4.17,4.31,31666380
2012-05-18,4.21,4.29,4.18,4.21,27227052
2012-05-21,4.23,4.31,4.21,4.23,27369210
2012-05-22,4.26,4.34,4.26,4.33,14170936
2012-05-23,4.29,4.29,4.17,4.21,22061967
2012-05-24,4.21,4.3,4.18,4.27,19722591
2012-05-25,4.24,4.27,4.18,4.2,8317506
2012-05-28,4.21,4.29,4.18,4.26,8873669
2012-05-29,4.33,4.43,4.29,4.36,20178994
2012-05-30,4.37,4.4,4.27,4.36,26653430
2012-05-31,4.27,4.34,4.21,4.34,41849403
2012-06-01,4.27,4.29,4.2,4.2,18690073
2012-06-04,4.08,4.08,3.91,3.94,40776980
2012-06-05,4.05,4.08,4.0,4.05,21483358
2012-06-06,4.05,4.08,4.01,4.05,26032423
2012-06-07,4.11,4.11,3.94,4.04,31090265
2012-06-08,4.05,4.11,4.04,4.08,34005757
2012-06-11,4.16,4.23,4.16,4.21,28900529
2012-06-12,4.14,4.23,4.11,4.18,22613142
2012-06-13,4.14,4.31,4.14,4.3,18936979
2012-06-14,4.33,4.33,4.26,4.3,12547338
2012-06-15,4.33,4.4,4.31,4.4,20443358
2012-06-18,4.52,4.55,4.46,4.53,26072327
2012-06-19,4.53,4.53,4.42,4.44,10569592
2012-06-20,4.46,4.5,4.46,4.5,8482110
2012-06-21,4.43,4.46,4.4,4.43,8529496
2012-06-22,4.37,4.39,4.31,4.34,11474916
2012-06-25,4.4,4.4,4.27,4.27,10522206
2012-06-26,4.27,4.39,4.26,4.39,9105612
2012-06-27,4.37,4.44,4.31,4.4,17153766
2012-06-28,4.43,4.44,4.39,4.42,16086331
2012-06-29,4.4,4.47,4.39,4.43,24560960
2012-07-02,4.5,4.52,4.47,4.49,14188394
2012-07-03,4.52,4.55,4.49,4.52,18522974
2012-07-04,4.56,4.72,4.55,4.72,49573336
2012-07-05,4.72,4.72,4.65,4.66,13405276
2012-07-06,4.66,4.68,4.55,4.63,20972087
2012-07-09,4.6,4.72,4.58,4.72,20114149
2012-07-10,4.72,4.72,4.62,4.69,15547626
2012-07-11,4.68,4.82,4.66,4.81,39941489
2012-07-12,4.81,4.81,4.63,4.65,43186189
2012-07-13,4.6,4.66,4.46,4.5,54561346
2012-07-16,4.53,4.53,4.43,4.49,24004797
2012-07-17,4.49,4.55,4.46,4.55,20859857
2012-07-18,4.56,4.56,4.5,4.53,23790313
2012-07-19,4.56,4.59,4.53,4.55,29521536
2012-07-20,4.52,4.56,4.5,4.56,8993381
2012-07-23,4.52,4.52,4.4,4.46,20306188
2012-07-24,4.4,4.46,4.4,4.44,12061007
2012-07-25,4.42,4.56,4.4,4.52,31586572
2012-07-26,4.55,4.62,4.52,4.52,43465518
2012-07-27,4.59,4.69,4.55,4.69,34534486
2012-07-30,4.73,4.89,4.71,4.76,60232713
2012-07-31,4.78,4.82,4.73,4.76,33270025
2012-08-01,4.76,4.79,4.72,4.75,20558082
2012-08-02,4.75,4.75,4.75,4.75,0
2012-08-03,4.68,4.75,4.68,4.69,14066187
2012-08-06,4.78,4.89,4.78,4.85,58990699
2012-08-07,4.92,4.95,4.86,4.86,77391467
2012-08-08,4.92,4.92,4.78,4.81,34354918
2012-08-09,4.81,4.89,4.81,4.88,38230601
2012-08-10,4.88,4.94,4.86,4.92,42370650
2012-08-13,4.92,4.92,4.86,4.88,14295636
2012-08-14,4.86,4.92,4.86,4.92,33748874
2012-08-15,4.92,4.92,4.86,4.89,44734966
2012-08-16,4.92,4.94,4.83,4.83,51257739
2012-08-17,4.89,4.9,4.84,4.87,24759531
2012-08-20,4.92,4.92,4.87,4.9,23182369
2012-08-21,4.95,5.01,4.92,4.98,46274480
2012-08-22,5.04,5.09,5.0,5.09,32925615
2012-08-23,5.12,5.24,5.12,5.21,73727536
2012-08-24,5.2,5.21,5.14,5.17,24778532
2012-08-27,5.23,5.23,5.1,5.15,13850040
2012-08-28,5.14,5.15,5.07,5.07,13503255
2012-08-29,5.07,5.12,5.04,5.07,22427042
2012-08-30,5.09,5.14,5.03,5.1,40904056
2012-08-31,5.12,5.18,5.1,5.14,34215372
2012-09-03,5.2,5.21,5.14,5.18,30163208
2012-09-04,5.14,5.18,5.12,5.15,16420053
2012-09-05,5.07,5.1,5.0,5.04,35775907
2012-09-06,5.04,5.1,5.04,5.06,12006852
2012-09-07,5.15,5.17,5.12,5.15,19735892
2012-09-10,5.17,5.18,5.14,5.15,15864246
2012-09-11,5.15,5.18,5.1,5.12,7626904
2012-09-12,5.15,5.2,5.14,5.17,29177482
2012-09-13,5.18,5.23,5.17,5.21,16118397
2012-09-14,5.26,5.34,5.23,5.34,48996508
2012-09-17,5.38,5.41,5.29,5.3,38866098
2012-09-18,5.37,5.37,5.21,5.23,26930502
2012-09-19,5.26,5.27,5.2,5.23,18959188
2012-09-20,5.24,5.27,5.14,5.15,23391391
2012-09-21,5.15,5.18,5.07,5.1,23253627
2012-09-24,5.09,5.1,5.01,5.06,28393652
2012-09-25,5.07,5.17,5.07,5.14,23087360
2012-09-26,5.14,5.15,5.06,5.12,14681375
2012-09-27,5.07,5.12,5.06,5.09,12714674
2012-09-28,5.1,5.1,5.06,5.1,11726573
2012-10-01,5.06,5.09,5.03,5.04,13593514
2012-10-02,5.04,5.09,5.03,5.06,14386845
2012-10-03,5.04,5.04,4.98,5.0,16714583
2012-10-04,5.0,5.04,4.98,5.01,12189746
2012-10-05,5.01,5.07,5.01,5.03,14401097
2012-10-08,5.07,5.07,5.0,5.01,8375106
2012-10-09,5.01,5.09,5.01,5.04,15731233
2012-10-11,5.0,5.01,4.86,4.89,25469728
2012-10-12,4.9,4.92,4.84,4.89,15403449
2012-10-15,4.9,4.92,4.83,4.86,15040037
2012-10-16,4.89,4.97,4.89,4.95,19127830
2012-10-17,5.0,5.0,4.9,4.97,15403449
2012-10-18,4.86,4.86,4.83,4.86,83641800
2012-10-19,4.84,4.86,4.8,4.8,26569466
2012-10-22,4.77,4.81,4.75,4.75,33683318
2012-10-23,4.75,4.77,4.69,4.7,22484048
2012-10-24,4.67,4.74,4.66,4.7,35709400
2012-10-25,4.7,4.72,4.67,4.67,17821446
2012-10-26,4.72,4.72,4.58,4.6,28992213
2012-10-29,4.6,4.6,4.49,4.49,30878156
2012-10-30,4.52,4.6,4.52,4.54,47747130
2012-10-31,4.57,4.57,4.47,4.5,27445930
2012-11-01,4.5,4.5,4.4,4.47,45371888
2012-11-02,4.47,4.63,4.47,4.63,29695285
2012-11-05,4.63,4.63,4.55,4.63,13949801
2012-11-06,4.63,4.7,4.6,4.69,30338976
2012-11-07,4.7,4.75,4.69,4.75,41811399
2012-11-08,4.67,4.72,4.61,4.67,26818866
2012-11-09,4.63,4.72,4.6,4.67,24792784
2012-11-12,4.67,4.69,4.63,4.63,12073359
2012-11-13,4.63,4.63,4.5,4.52,22403290
2012-11-14,4.52,4.57,4.47,4.54,15999635
2012-11-15,4.52,4.52,4.44,4.49,28429281
2012-11-16,4.46,4.52,4.4,4.43,29904306
2012-11-19,4.46,4.5,4.43,4.43,20873633
2012-11-20,4.47,4.58,4.44,4.54,23560033
2012-11-21,4.52,4.57,4.44,4.47,27405551
2012-11-22,4.49,4.61,4.49,4.5,46407493
2012-11-23,4.58,4.69,4.58,4.69,53305199
2012-11-26,4.74,4.78,4.72,4.78,36538360
2012-11-27,4.81,4.81,4.75,4.78,49977483
2012-11-28,4.78,4.8,4.75,4.8,29973188
2012-11-29,4.81,4.84,4.8,4.83,37186801
2012-11-30,4.78,4.94,4.78,4.94,35802034
2012-12-03,4.92,4.98,4.87,4.92,26935253
2012-12-04,4.89,4.92,4.86,4.87,15303689
2012-12-05,4.87,4.98,4.86,4.98,20479343
2012-12-06,4.98,5.01,4.95,5.01,29279618
2012-12-07,4.98,5.04,4.97,5.03,36474228
2012-12-10,5.03,5.03,4.92,4.97,16398676
2012-12-11,4.95,5.03,4.95,5.03,30633506
2012-12-12,5.07,5.1,5.06,5.1,28194132
2012-12-13,5.14,5.15,5.07,5.15,16923604
2012-12-14,5.15,5.15,5.04,5.07,32994497
2012-12-17,5.04,5.07,5.03,5.06,17092247
2012-12-18,5.06,5.1,5.04,5.1,9047299
2012-12-19,5.15,5.15,5.04,5.07,26923377
2012-12-20,5.07,5.07,4.84,4.9,65297800
2012-12-21,4.9,4.92,4.84,4.87,24966177
2012-12-24,4.95,4.95,4.86,4.92,8596003
2012-12-25,4.92,4.97,4.87,4.97,9797876
2012-12-26,4.97,4.98,4.9,4.92,17315520
2012-12-27,4.92,4.95,4.89,4.95,10821606
2012-12-28,5.0,5.01,4.94,5.0,14379719
2013-01-02,5.01,5.03,4.98,5.01,12018728
2013-01-03,5.03,5.06,4.98,5.01,16208656
2013-01-04,4.98,5.0,4.87,4.9,20987645
2013-01-07,4.89,4.94,4.89,4.94,10299052
2013-01-08,4.95,4.95,4.87,4.87,15089917
2013-01-09,4.87,4.95,4.86,4.9,43329179
2013-01-10,4.97,4.98,4.87,4.94,63559122
2013-01-11,4.97,4.97,4.92,4.95,20460341
2013-01-14,4.94,5.03,4.9,5.03,27422178
2013-01-15,5.03,5.07,5.01,5.01,30526620
2013-01-16,5.03,5.04,5.0,5.0,11512801
2013-01-17,5.0,5.06,4.89,4.94,29386504
2013-01-18,4.97,5.01,4.94,4.97,15260935
2013-01-21,4.98,5.01,4.94,5.0,14396346
2013-01-22,5.0,5.0,4.97,5.0,8306224
2013-01-23,4.98,5.0,4.89,4.89,30647757
2013-01-24,4.89,4.92,4.89,4.89,11187393
2013-01-25,4.89,4.92,4.87,4.89,14289460
2013-01-28,4.98,5.15,4.98,5.07,68060207
2013-01-29,5.12,5.14,5.06,5.07,21550577
2013-01-30,5.1,5.14,5.07,5.14,21317804
2013-01-31,5.14,5.2,5.1,5.2,37547838
2013-02-01,5.21,5.24,5.2,5.24,46124840
2013-02-04,5.27,5.38,5.27,5.34,74525618
2013-02-05,5.32,5.38,5.29,5.38,95995438
2013-02-06,5.43,5.57,5.35,5.37,99175888
2013-02-18,5.49,5.58,5.46,5.52,99080878
2013-02-19,5.54,5.54,5.44,5.49,32232044
2013-02-20,5.52,5.58,5.49,5.54,46127215
2013-02-21,5.54,5.54,5.43,5.44,22747700
2013-02-22,5.47,5.55,5.47,5.5,62240862
2013-02-25,5.5,5.5,5.43,5.43,41450362
2013-02-26,5.38,5.38,5.35,5.38,26153798
2013-02-27,5.4,5.46,5.37,5.46,33334157
2013-03-01,5.52,5.52,5.41,5.44,25103941
2013-03-04,5.44,5.44,5.34,5.37,20707366
2013-03-05,5.37,5.41,5.35,5.38,25657372
2013-03-06,5.4,5.41,5.35,5.35,20153935
2013-03-07,5.35,5.43,5.35,5.43,26106293
2013-03-08,5.47,5.58,5.44,5.54,57010577
2013-03-11,5.58,5.6,5.46,5.47,39146376
2013-03-12,5.54,5.63,5.47,5.52,68687271
2013-03-13,5.55,5.6,5.5,5.54,23210872
2013-03-14,5.58,5.58,5.47,5.49,30733266
2013-03-15,5.52,5.54,5.44,5.44,28685807
2013-03-18,5.43,5.43,5.32,5.32,28127625
2013-03-19,5.32,5.44,5.32,5.44,29638279
2013-03-20,5.47,5.52,5.41,5.5,41326849
2013-03-21,5.54,5.54,5.47,5.49,16277538
2013-03-22,5.5,5.54,5.49,5.5,23370013
2013-03-25,5.57,5.6,5.52,5.52,30305722
2013-03-26,5.52,5.58,5.5,5.54,39395777
2013-03-27,5.55,5.63,5.54,5.63,58856141
2013-03-28,5.61,5.61,5.5,5.55,37060913
2013-03-29,5.54,5.55,5.5,5.52,22885464
2013-04-01,5.52,5.55,5.46,5.47,16384424
2013-04-02,5.43,5.47,5.4,5.4,29519517
2013-04-03,5.47,5.5,5.43,5.49,36286584
2013-04-08,5.38,5.47,5.35,5.41,37692728
2013-04-09,5.41,5.44,5.38,5.38,26987508
2013-04-10,5.46,5.46,5.35,5.38,29899556
2013-04-11,5.43,5.44,5.38,5.43,31018295
2013-04-12,5.43,5.49,5.41,5.47,16004386
2013-04-15,5.47,5.49,5.41,5.43,9529474
2013-04-16,5.4,5.47,5.38,5.47,12619665
2013-04-17,5.44,5.46,5.38,5.4,23598037
2013-04-18,5.35,5.41,5.34,5.38,9857257
2013-04-19,5.41,5.47,5.38,5.47,12194496
2013-04-22,5.47,5.5,5.44,5.47,11377413
2013-04-23,5.5,5.5,5.43,5.5,14719379
2013-04-24,5.52,5.55,5.5,5.54,26662100
2013-04-25,5.52,5.54,5.44,5.47,15907001
2013-04-26,5.52,5.54,5.46,5.46,19695513
2013-04-29,5.47,5.52,5.46,5.5,17595798
2013-04-30,5.52,5.57,5.46,5.47,44946719
2013-05-02,5.44,5.5,5.35,5.4,80736878
2013-05-03,5.4,5.43,5.38,5.43,24626517
2013-05-06,5.46,5.46,5.4,5.43,18522143
2013-05-07,5.44,5.44,5.4,5.43,14728880
2013-05-08,5.43,5.47,5.41,5.44,22586183
2013-05-09,5.46,5.5,5.43,5.44,31576477
2013-05-10,5.44,5.47,5.43,5.44,14702752
2013-05-13,5.44,5.44,5.41,5.44,9652986
2013-05-14,5.44,5.49,5.41,5.49,26372320
2013-05-15,5.49,5.52,5.47,5.52,26647849
2013-05-16,5.55,5.58,5.54,5.57,51231612
2013-05-17,5.58,5.6,5.55,5.57,20137308
2013-05-20,5.57,5.57,5.5,5.54,13239603
2013-05-21,5.55,5.58,5.52,5.54,23087360
2013-05-22,5.57,5.6,5.52,5.54,25303461
2013-05-23,5.55,5.57,5.44,5.44,23987577
2013-05-24,5.5,5.5,5.41,5.41,36707002
2013-05-27,5.4,5.44,5.4,5.44,16662328
2013-05-28,5.44,5.52,5.43,5.52,33730823
2013-05-29,5.54,5.63,5.52,5.63,60677952
2013-05-30,5.61,5.61,5.54,5.54,33517051
2013-05-31,5.6,5.69,5.55,5.69,75124179
2013-06-03,5.6,5.63,5.55,5.57,30856779
2013-06-04,5.55,5.6,5.5,5.5,26787988
2013-06-05,5.54,5.54,5.49,5.54,13581638
2013-06-06,5.54,5.55,5.49,5.52,29968438
2013-06-07,5.52,5.57,5.49,5.5,26030285
2013-06-10,5.55,5.57,5.52,5.54,32854358
2013-06-11,5.54,5.57,5.5,5.5,23070733
2013-06-13,5.5,5.57,5.47,5.57,36201075
2013-06-14,5.54,5.57,5.5,5.55,21075529
2013-06-17,5.6,5.6,5.49,5.5,21804728
2013-06-18,5.55,5.55,5.49,5.52,21332055
2013-06-19,5.55,5.61,5.5,5.6,36602491
2013-06-20,5.55,5.58,5.5,5.57,42231817
2013-06-21,5.49,5.64,5.49,5.49,102691247
2013-06-24,5.5,5.54,5.46,5.47,28381776
2013-06-25,5.47,5.52,5.38,5.41,30165583
2013-06-26,5.47,5.54,5.41,5.54,37288936
2013-06-27,5.49,5.54,5.49,5.5,19434236
2013-06-28,5.54,5.63,5.49,5.63,40759166
2013-07-01,5.63,5.66,5.57,5.63,21201417
2013-07-02,5.66,5.66,5.54,5.57,21213293
2013-07-03,5.61,5.61,5.44,5.52,43407562
2013-07-04,5.52,5.52,5.44,5.46,30804523
2013-07-05,5.52,5.55,5.46,5.47,27075392
2013-07-08,5.52,5.52,5.47,5.52,11386914
2013-07-09,5.52,5.57,5.5,5.57,26369945
2013-07-10,5.6,5.83,5.6,5.83,87527697
2013-07-11,5.9,5.97,5.84,5.95,62200483
2013-07-12,5.97,6.0,5.92,5.95,27210781
2013-07-15,5.95,6.06,5.93,6.06,37735482
2013-07-16,6.06,6.18,6.0,6.04,48359943
2013-07-17,6.04,6.18,6.01,6.18,45343385
2013-07-18,6.18,6.24,6.12,6.21,38402925
2013-07-19,6.21,6.23,6.04,6.15,38588194
2013-07-22,6.15,6.21,6.15,6.17,17120750
2013-07-23,6.2,6.3,6.18,6.3,38068016
2013-07-24,6.3,6.32,6.23,6.26,23405642
2013-07-25,6.21,6.27,6.09,6.26,22424667
2013-07-26,6.26,6.29,6.15,6.18,21980496
2013-07-29,6.21,6.24,6.17,6.21,12253877
2013-07-30,6.24,6.29,6.23,6.24,21237045
2013-07-31,6.24,6.24,6.15,6.15,24177596
2013-08-01,6.23,6.23,6.17,6.23,18517392
2013-08-02,6.27,6.29,6.2,6.2,20638484
2013-08-05,6.17,6.23,6.15,6.23,13439123
2013-08-06,6.24,6.24,6.15,6.15,24179971
2013-08-07,6.12,6.12,5.97,5.98,40894555
2013-08-08,5.98,6.0,5.95,5.98,33885213
2013-08-09,5.98,5.98,5.89,5.9,28961335
2013-08-12,5.9,6.06,5.9,6.03,16078018
2013-08-13,6.04,6.09,6.04,6.09,28244012
2013-08-14,6.12,6.15,6.09,6.13,54459567
2013-08-15,6.13,6.13,6.03,6.06,41389685
2013-08-16,6.06,6.22,6.04,6.16,25244512
2013-08-19,6.18,6.2,6.1,6.1,18341193
2013-08-20,6.08,6.51,6.06,6.22,58765666
2013-08-22,6.22,6.22,6.1,6.15,31463329
2013-08-23,6.23,6.34,6.15,6.32,22541054
2013-08-26,6.32,6.34,6.22,6.22,14966188
2013-08-27,6.28,6.35,6.25,6.27,20865428
2013-08-28,6.2,6.32,6.18,6.22,35367365
2013-08-29,6.25,6.3,6.23,6.28,31217168
2013-08-30,6.35,6.51,6.3,6.51,41160798
2013-09-02,6.49,6.52,6.42,6.51,18090712
2013-09-03,6.7,6.73,6.56,6.58,43723901
2013-09-04,6.58,6.7,6.56,6.7,29299699
2013-09-05,6.73,6.9,6.65,6.89,38420632
2013-09-06,6.87,7.01,6.77,6.97,59175935
2013-09-09,6.95,6.95,6.83,6.95,25255308
2013-09-10,6.94,6.97,6.77,6.85,23808570
2013-09-11,6.85,6.99,6.82,6.99,37615208
2013-09-12,6.9,7.02,6.9,7.02,31394231
2013-09-13,6.94,6.99,6.85,6.87,35047787
2013-09-16,6.85,6.97,6.85,6.94,36459977
2013-09-17,6.94,6.99,6.89,6.99,44786282
2013-09-18,6.97,7.06,6.94,7.04,33274992
2013-09-23,7.04,7.07,6.97,7.01,32707093
2013-09-24,6.95,6.97,6.73,6.78,65204733
2013-09-25,6.71,6.78,6.68,6.78,53270218
2013-09-26,6.78,6.87,6.75,6.8,50663929
2013-09-27,6.65,6.73,6.52,6.68,122845398
2013-09-30,6.58,6.63,6.54,6.58,54067004
2013-10-01,6.54,6.61,6.52,6.58,31571295
2013-10-02,6.58,6.63,6.58,6.59,48893293
2013-10-03,6.58,6.7,6.58,6.63,58124350
2013-10-04,6.65,6.68,6.59,6.65,50091711
2013-10-07,6.59,6.63,6.58,6.59,33417506
2013-10-08,6.63,6.78,6.61,6.77,48759416
2013-10-09,6.77,6.83,6.71,6.77,43043718
2013-10-11,6.83,6.87,6.78,6.82,55323723
2013-10-14,6.82,6.82,6.71,6.78,28239477
2013-10-15,6.78,6.82,6.73,6.78,11696991
2013-10-16,6.78,6.8,6.75,6.78,20297529
2013-10-17,6.82,6.83,6.73,6.77,24244751
2013-10-18,6.78,6.87,6.77,6.87,43862097
2013-10-21,6.87,6.89,6.82,6.87,18408131
2013-10-22,6.82,6.9,6.82,6.9,25207804
2013-10-23,6.87,6.9,6.82,6.87,15836391
2013-10-24,6.8,6.85,6.77,6.85,17667487
2013-10-25,6.78,6.83,6.75,6.83,13253854
2013-10-28,6.83,6.89,6.82,6.87,22992350
2013-10-29,6.87,6.87,6.66,6.77,70430267
2013-10-30,6.77,6.8,6.73,6.8,21431168
2013-10-31,6.77,6.78,6.7,6.75,41141364
2013-11-01,6.8,6.8,6.73,6.75,15046083
2013-11-04,6.73,6.78,6.7,6.77,14137013
2013-11-05,6.78,6.78,6.66,6.66,11655964
2013-11-06,6.66,6.73,6.61,6.73,15559999
2013-11-07,6.73,6.73,6.63,6.68,16143013
2013-11-08,6.65,6.66,6.52,6.66,33013715
2013-11-11,6.7,6.7,6.52,6.52,25080404
2013-11-12,6.56,6.61,6.51,6.52,37839777
2013-11-13,6.56,6.58,6.52,6.58,13739699
2013-11-14,6.56,6.7,6.54,6.66,21951562
2013-11-15,6.66,6.7,6.59,6.66,17604867
2013-11-18,6.7,6.82,6.66,6.82,23400460
2013-11-19,6.83,6.85,6.8,6.85,20906455
2013-11-20,6.87,6.87,6.82,6.85,21886782
2013-11-21,6.83,6.87,6.73,6.87,26946049
2013-11-22,6.8,6.87,6.78,6.83,25361115
2013-11-25,6.87,7.06,6.87,7.01,71252965
2013-11-26,6.97,6.97,6.83,6.83,58325166
2013-11-27,6.83,6.85,6.75,6.75,37271878
2013-11-28,6.77,6.83,6.77,6.82,20228431
2013-11-29,6.77,6.82,6.77,6.82,13454670
2013-12-02,6.82,6.85,6.8,6.83,9934992
2013-12-03,6.83,6.87,6.8,6.82,16225067
2013-12-04,6.75,6.82,6.75,6.77,13424440
2013-12-05,6.77,6.82,6.75,6.8,10336624
2013-12-06,6.77,6.82,6.7,6.71,17717152
2013-12-09,6.75,6.78,6.71,6.78,16855586
2013-12-10,6.78,6.8,6.71,6.75,14197474
2013-12-11,6.75,6.83,6.75,6.75,22089758
2013-12-12,6.71,6.75,6.63,6.63,27410301
2013-12-13,6.63,6.68,6.61,6.66,31962130
2013-12-16,6.65,6.71,6.63,6.66,11867576
2013-12-17,6.65,6.73,6.65,6.65,25605117
2013-12-18,6.66,6.71,6.63,6.63,21217396
2013-12-19,6.73,6.75,6.59,6.73,75951627
2013-12-20,6.68,6.75,6.65,6.75,30513232
2013-12-23,6.75,6.8,6.71,6.8,16924684
2013-12-24,6.8,6.82,6.73,6.73,17950357
2013-12-25,6.73,6.82,6.7,6.71,22970757
2013-12-26,6.77,6.8,6.73,6.78,11722902
2013-12-27,6.8,6.82,6.77,6.82,8028320
2013-12-30,6.82,6.83,6.8,6.83,16345989
2013-12-31,6.83,6.85,6.77,6.8,14642292
2014-01-02,6.8,6.83,6.78,6.83,17961154
2014-01-03,6.87,6.87,6.77,6.77,16160288
2014-01-06,6.82,6.83,6.77,6.8,23488992
2014-01-07,6.77,6.83,6.77,6.8,24886066
2014-01-08,6.78,6.82,6.77,6.78,18995464
2014-01-09,6.7,6.7,6.61,6.63,96614080
2014-01-10,6.63,6.66,6.59,6.59,54522618
2014-01-13,6.61,6.65,6.58,6.65,29314814
2014-01-14,6.59,6.61,6.56,6.58,31979405
2014-01-15,6.58,6.59,6.49,6.49,98034907
2014-01-16,6.49,6.54,6.44,6.44,57603956
2014-01-17,6.44,6.49,6.42,6.47,37645439
2014-01-20,6.47,6.49,6.44,6.47,36103690
2014-01-21,6.49,6.51,6.46,6.49,42020204
2014-01-22,6.51,6.54,6.49,6.54,50210473
2014-01-23,6.54,6.56,6.51,6.52,37902397
2014-01-24,6.56,6.56,6.46,6.52,33575136
2014-01-27,6.46,6.51,6.4,6.47,68905793
2014-02-05,6.4,6.47,6.2,6.27,96810578
2014-02-06,6.27,6.32,6.25,6.3,34296346
2014-02-07,6.32,6.35,6.3,6.34,30424701
2014-02-10,6.35,6.42,6.34,6.34,36928547
2014-02-11,6.37,6.39,6.34,6.34,16013455
2014-02-12,6.37,6.47,6.37,6.47,29865439
2014-02-13,6.47,6.51,6.4,6.47,29936696
2014-02-14,6.51,6.58,6.51,6.58,47826593
2014-02-17,6.58,6.65,6.58,6.63,41141364
2014-02-18,6.65,6.65,6.59,6.63,31636074
2014-02-19,6.63,6.66,6.61,6.66,21152616
2014-02-20,6.65,6.66,6.59,6.66,27518267
2014-02-21,6.65,6.71,6.65,6.71,41314109
2014-02-24,6.68,6.7,6.56,6.63,49372660
2014-02-25,6.59,6.59,6.52,6.56,57899782
2014-02-26,6.52,6.56,6.49,6.49,43218622
2014-02-27,6.49,6.56,6.49,6.54,28332328
2014-03-03,6.56,6.56,6.46,6.47,42447748
2014-03-04,6.47,6.51,6.4,6.42,25257468
2014-03-05,6.46,6.49,6.4,6.46,22152378
2014-03-06,6.35,6.47,6.35,6.4,39355613
2014-03-07,6.44,6.46,6.35,6.42,38649519
2014-03-10,6.42,6.42,6.3,6.34,32456613
2014-03-11,6.34,6.35,6.3,6.3,27194370
2014-03-12,6.28,6.35,6.28,6.35,23903579
2014-03-13,6.32,6.42,6.32,6.39,16672045
2014-03-14,6.35,6.37,6.27,6.28,32016113
2014-03-17,6.28,6.28,6.22,6.22,33279311
2014-03-18,6.27,6.3,6.23,6.25,32428542
2014-03-19,6.25,6.34,6.25,6.27,23473876
2014-03-20,6.23,6.25,6.18,6.22,26987076
2014-03-21,6.27,6.27,6.22,6.23,17259377
2014-03-24,6.18,6.22,6.15,6.22,13040083
2014-03-25,6.18,6.22,6.18,6.18,17717152
2014-03-26,6.22,6.23,6.18,6.18,16503618
2014-03-27,6.22,6.32,6.2,6.32,28831129
2014-03-28,6.28,6.32,6.25,6.3,13949153
2014-03-31,6.34,6.34,6.27,6.3,23769702
2014-04-01,6.27,6.32,6.23,6.25,23720038
2014-04-02,6.27,6.28,6.22,6.25,30517551
2014-04-03,6.25,6.27,6.22,6.25,34484206
2014-04-07,6.23,6.27,6.22,6.25,27049696
2014-04-08,6.27,6.3,6.25,6.28,29271628
2014-04-09,6.28,6.52,6.28,6.46,46066754
2014-04-10,6.47,6.51,6.42,6.51,32452294
2014-04-11,6.49,6.49,6.44,6.47,23171573
2014-04-14,6.47,6.49,6.44,6.47,17047765
2014-04-15,6.49,6.54,6.46,6.51,30852244
2014-04-16,6.52,6.54,6.51,6.52,44967664
2014-04-17,6.52,6.56,6.51,6.52,40793715
2014-04-18,6.48,6.57,6.48,6.57,20978113
2014-04-21,6.54,6.55,6.5,6.54,18114279
2014-04-22,6.55,6.55,6.48,6.5,22789753
2014-04-23,6.52,6.57,6.52,6.52,26676082
2014-04-24,6.52,6.54,6.45,6.47,34327821
2014-04-25,6.41,6.59,6.38,6.41,68477449
2014-04-28,6.41,6.45,6.4,6.45,22026064
2014-04-29,6.45,6.5,6.43,6.5,21219948
2014-04-30,6.5,6.5,6.36,6.38,33640501
2014-05-02,6.41,6.48,6.41,6.47,38341432
2014-05-05,6.45,6.48,6.43,6.47,29826299
2014-05-06,6.47,6.59,6.36,6.5,52060256
2014-05-07,6.48,6.5,6.43,6.43,17378168
2014-05-08,6.45,6.5,6.43,6.48,22743083
2014-05-09,6.47,6.5,6.45,6.48,24486840
2014-05-12,6.47,6.48,6.43,6.45,13782465
2014-05-13,6.47,6.5,6.43,6.43,32586186
2014-05-14,6.36,6.5,6.36,6.5,106842216
2014-05-15,6.48,6.59,6.48,6.59,60286884
2014-05-16,6.57,6.71,6.52,6.66,58152798
2014-05-19,6.66,6.69,6.62,6.69,30267541
2014-05-20,6.69,6.73,6.68,6.69,34684210
2014-05-21,6.66,6.68,6.55,6.57,32350715
2014-05-22,6.57,6.66,6.57,6.64,21137215
2014-05-23,6.64,6.68,6.64,6.68,21807564
2014-05-26,6.69,6.69,6.62,6.68,18568250
2014-05-27,6.69,6.71,6.66,6.68,12647538
2014-05-28,6.68,6.8,6.66,6.8,43899391
2014-05-29,6.82,6.82,6.75,6.78,24590786
2014-05-30,6.82,6.92,6.71,6.92,68004386
2014-06-03,6.89,6.9,6.73,6.82,42128056
2014-06-04,6.78,6.8,6.73,6.73,15174076
2014-06-05,6.76,6.82,6.71,6.82,21784229
2014-06-06,6.8,6.82,6.76,6.78,12021738
2014-06-09,6.75,6.78,6.73,6.78,11622922
2014-06-10,6.78,6.82,6.76,6.82,16107474
2014-06-11,6.82,6.82,6.76,6.82,13020897
2014-06-12,6.76,6.82,6.75,6.78,12471466
2014-06-13,6.75,6.78,6.71,6.75,21756651
2014-06-16,6.75,6.78,6.71,6.75,23163112
2014-06-17,6.75,6.78,6.71,6.78,30848794
2014-06-18,6.78,6.82,6.75,6.78,24569573
2014-06-19,6.78,6.82,6.78,6.8,13519417
2014-06-20,6.8,6.82,6.71,6.71,23311607
2014-06-23,6.71,6.75,6.68,6.68,15659867
2014-06-24,6.68,6.73,6.66,6.71,16234755
2014-06-25,6.68,6.71,6.64,6.66,13413349
2014-06-26,6.66,6.69,6.64,6.69,17745163
2014-06-27,6.69,6.71,6.66,6.69,15413790
2014-06-30,6.73,6.73,6.64,6.69,24754131
2014-07-01,6.69,6.69,6.66,6.69,12806640
2014-07-02,6.69,6.71,6.64,6.66,19145259
2014-07-03,6.64,6.68,6.62,6.66,20452016
2014-07-04,6.66,6.68,6.59,6.61,17323012
2014-07-07,6.61,6.68,6.57,6.68,26939130
2014-07-08,6.61,6.69,6.61,6.68,23292515
2014-07-09,6.68,6.69,6.64,6.66,19185565
2014-07-10,6.68,6.76,6.66,6.75,37743208
2014-07-11,6.75,6.76,6.69,6.75,39232402
2014-07-14,6.78,6.94,6.78,6.92,51937218
2014-07-15,6.96,6.99,6.92,6.96,57896113
2014-07-16,6.97,6.97,6.92,6.92,27821615
2014-07-17,6.92,6.97,6.92,6.97,26841548
2014-07-18,6.96,6.97,6.92,6.97,20458380
2014-07-21,6.97,6.99,6.94,6.96,19836822
2014-07-22,6.97,6.99,6.94,6.99,27231878
2014-07-23,6.99,6.99,6.99,6.99,0
2014-07-24,6.99,6.99,6.96,6.99,18353993
2014-07-25,6.99,7.1,6.97,7.04,46300768
2014-07-28,7.04,7.11,6.99,7.11,31756735
2014-07-29,7.11,7.27,7.1,7.17,64688703
2014-07-30,7.17,7.17,7.11,7.17,37649869
2014-07-31,7.17,7.17,6.99,7.01,41659236
2014-08-01,6.96,7.01,6.94,6.99,19533468
2014-08-04,6.97,6.99,6.9,6.94,19346788
2014-08-05,6.9,6.9,6.75,6.8,43044483
2014-08-06,6.78,6.85,6.76,6.85,41190416
2014-08-07,6.87,6.92,6.83,6.92,23057044
2014-08-08,6.92,6.92,6.83,6.85,13105752
2014-08-11,6.87,6.9,6.85,6.89,17560604
2014-08-12,6.89,6.9,6.85,6.9,15110436
2014-08-13,6.92,6.99,6.9,6.99,23725272
2014-08-14,6.99,7.01,6.96,6.99,23436767
2014-08-15,6.99,7.01,6.97,7.01,21147822
2014-08-18,7.01,7.01,6.89,6.92,25727834
2014-08-19,6.96,7.04,6.94,7.03,41453464
2014-08-20,7.03,7.1,7.01,7.1,69544493
2014-08-21,7.18,7.31,7.18,7.28,80458804
2014-08-22,7.33,7.55,7.31,7.53,67070428
2014-08-25,7.6,7.64,7.43,7.49,38772535
2014-08-26,7.51,7.58,7.49,7.58,27814867
2014-08-27,7.6,7.64,7.55,7.62,26213871
2014-08-28,7.64,7.68,7.6,7.64,25241977
2014-08-29,7.66,7.7,7.58,7.58,38338201
2014-09-01,7.6,7.62,7.47,7.53,31085028
2014-09-02,7.53,7.53,7.43,7.51,19546951
2014-09-03,7.53,7.62,7.51,7.62,22466528
2014-09-04,7.62,7.66,7.58,7.66,29717754
2014-09-05,7.66,7.66,7.58,7.64,11520547
2014-09-09,7.66,7.68,7.6,7.68,24094792
2014-09-10,7.64,7.64,7.55,7.55,14512189
2014-09-11,7.58,7.62,7.57,7.6,16605949
2014-09-12,7.6,7.6,7.49,7.49,15073122
2014-09-15,7.47,7.57,7.45,7.55,14488817
2014-09-16,7.55,7.55,7.49,7.49,10383100
2014-09-17,7.57,7.57,7.47,7.47,19628754
2014-09-18,7.53,7.57,7.49,7.49,8153003
2014-09-19,7.49,7.51,7.45,7.45,23081996
2014-09-22,7.45,7.51,7.35,7.37,42356272
2014-09-23,7.37,7.43,7.37,7.39,16115133
2014-09-24,7.33,7.41,7.33,7.35,14788760
2014-09-25,7.37,7.39,7.3,7.33,15115971
2014-09-26,7.3,7.3,7.2,7.26,16300163
2014-09-29,7.2,7.2,7.12,7.14,33844895
2014-09-30,7.14,7.24,7.08,7.12,31967329
2014-10-01,7.1,7.12,7.06,7.06,21025243
2014-10-02,7.06,7.24,7.04,7.22,26712478
2014-10-03,7.22,7.35,7.16,7.35,15667165
2014-10-06,7.33,7.35,7.24,7.3,16695542
2014-10-07,7.33,7.37,7.22,7.37,24655725
2014-10-08,7.35,7.37,7.26,7.26,14309630
2014-10-09,7.26,7.33,7.2,7.26,13982419
2014-10-13,7.2,7.24,7.18,7.22,15110128
2014-10-14,7.2,7.28,7.14,7.26,19901429
2014-10-15,7.24,7.24,7.08,7.08,17449296
2014-10-16,7.08,7.22,7.04,7.2,17168829
2014-10-17,7.18,7.2,7.01,7.01,29785923
2014-10-20,7.06,7.2,7.06,7.2,14260938
2014-10-21,7.2,7.2,7.14,7.18,9750103
2014-10-22,7.22,7.24,7.16,7.2,14494660
2014-10-23,7.2,7.22,7.18,7.18,5924853
2014-10-24,7.18,7.22,7.14,7.14,9820220
2014-10-27,7.16,7.18,7.12,7.14,10875864
2014-10-28,7.2,7.3,7.2,7.3,24044152
2014-10-29,7.31,7.41,7.3,7.39,18144619
2014-10-30,7.39,7.39,7.3,7.37,13287096
2014-10-31,7.41,7.43,7.35,7.43,13339684
2014-11-03,7.43,7.47,7.37,7.47,13616255
2014-11-04,7.47,7.47,7.41,7.43,12174969
2014-11-05,7.43,7.47,7.43,7.47,11824386
2014-11-06,7.47,7.49,7.43,7.45,10895341
2014-11-07,7.47,7.53,7.45,7.49,17324644
2014-11-10,7.49,7.57,7.49,7.53,17036387
2014-11-11,7.57,7.57,7.53,7.57,13195555
2014-11-12,7.53,7.55,7.41,7.47,11004411
2014-11-13,7.49,7.49,7.39,7.49,7309656
2014-11-14,7.49,7.53,7.43,7.53,16216412
2014-11-17,7.55,7.57,7.43,7.49,13322155
2014-11-18,7.49,7.53,7.47,7.47,15671061
2014-11-19,7.53,7.55,7.47,7.55,20392246
2014-11-20,7.55,7.57,7.51,7.53,11765955
2014-11-21,7.53,7.55,7.49,7.55,12891716
2014-11-24,7.55,7.6,7.53,7.6,11767903
2014-11-25,7.6,7.6,7.55,7.55,20333815
2014-11-26,7.57,7.6,7.55,7.6,9148269
2014-11-27,7.58,7.6,7.53,7.57,18234212
2014-11-28,7.57,7.6,7.53,7.57,14235618
2014-12-01,7.47,7.55,7.39,7.49,26021051
2014-12-02,7.47,7.49,7.39,7.41,19763144
2014-12-03,7.39,7.49,7.39,7.49,17447348
2014-12-04,7.45,7.51,7.41,7.47,17786245
2014-12-05,7.49,7.53,7.43,7.53,5069820
2014-12-08,7.53,7.55,7.49,7.53,7455732
2014-12-09,7.49,7.51,7.45,7.51,8700302
2014-12-10,7.49,7.49,7.33,7.35,19015233
2014-12-11,7.35,7.39,7.3,7.33,8131578
2014-12-12,7.33,7.37,7.31,7.33,13904512
2014-12-15,7.31,7.33,7.26,7.28,12262615
2014-12-16,7.31,7.37,7.28,7.3,13717534
2014-12-17,7.3,7.37,7.22,7.22,25890556
2014-12-18,7.24,7.31,7.22,7.26,19926749
2014-12-19,7.31,7.41,7.3,7.39,16450134
2014-12-22,7.41,7.55,7.41,7.55,21173267
2014-12-23,7.57,7.57,7.53,7.53,21927020
2014-12-24,7.53,7.57,7.53,7.57,10133797
2014-12-25,7.57,7.57,7.53,7.57,4041443
2014-12-26,7.57,7.57,7.51,7.57,5661915
2014-12-29,7.55,7.6,7.53,7.55,16387808
2014-12-30,7.55,7.57,7.49,7.55,10928452
2014-12-31,7.55,7.58,7.53,7.58,11629618
2015-01-05,7.57,7.58,7.37,7.47,9767632
2015-01-06,7.37,7.39,7.28,7.3,29343799
2015-01-07,7.3,7.35,7.3,7.3,11109586
2015-01-08,7.41,7.45,7.33,7.45,15115971
2015-01-09,7.47,7.49,7.41,7.49,8168584
2015-01-12,7.47,7.47,7.39,7.45,5048395
2015-01-13,7.43,7.53,7.43,7.53,10912870
2015-01-14,7.53,7.53,7.47,7.51,16736444
2015-01-15,7.49,7.53,7.41,7.41,16329378
2015-01-16,7.39,7.39,7.28,7.31,24038309
2015-01-19,7.33,7.37,7.26,7.31,15803503
2015-01-20,7.33,7.35,7.26,7.28,19396979
2015-01-21,7.33,7.35,7.3,7.35,14866668
2015-01-22,7.33,7.39,7.3,7.35,21607600
2015-01-23,7.41,7.41,7.33,7.35,18162148
2015-01-26,7.35,7.35,7.3,7.33,21804316
2015-01-27,7.37,7.41,7.33,7.41,16366384
2015-01-28,7.37,7.43,7.35,7.43,12326888
2015-01-29,7.43,7.47,7.35,7.41,18284852
2015-01-30,7.41,7.49,7.39,7.49,22821007
2015-02-02,7.41,7.51,7.39,7.51,13232561
2015-02-03,7.51,7.55,7.49,7.55,14042797
2015-02-04,7.57,7.58,7.53,7.58,29737231
2015-02-05,7.58,7.58,7.49,7.57,6329971
2015-02-06,7.53,7.53,7.47,7.51,13337736
2015-02-09,7.49,7.49,7.45,7.47,8262073
2015-02-10,7.47,7.57,7.47,7.57,13030002
2015-02-11,7.57,7.57,7.51,7.57,11051156
2015-02-12,7.57,7.57,7.53,7.57,9208647
2015-02-13,7.57,7.6,7.55,7.58,24677149
2015-02-24,7.6,7.64,7.58,7.62,24823225
2015-02-25,7.64,7.66,7.58,7.62,20505211
2015-02-26,7.62,7.64,7.55,7.57,23220282
2015-03-02,7.57,7.58,7.45,7.49,22694407
2015-03-03,7.47,7.53,7.43,7.49,28311527
2015-03-04,7.49,7.58,7.47,7.58,20612334
2015-03-05,7.58,7.58,7.45,7.45,17462930
2015-03-06,7.45,7.51,7.45,7.47,16864991
2015-03-09,7.43,7.45,7.37,7.41,22926182
2015-03-10,7.39,7.43,7.35,7.39,31384971
2015-03-11,7.37,7.39,7.33,7.33,25095901
2015-03-12,7.35,7.49,7.35,7.47,28393329
2015-03-13,7.49,7.53,7.45,7.47,26143755
2015-03-16,7.49,7.55,7.45,7.47,44189042
2015-03-17,7.45,7.45,7.33,7.39,76748467
2015-03-18,7.35,7.41,7.35,7.37,39724952
2015-03-19,7.41,7.43,7.39,7.41,34538271
2015-03-20,7.39,7.43,7.37,7.43,41822607
2015-03-23,7.45,7.47,7.39,7.43,58642801
2015-03-24,7.43,7.45,7.39,7.41,44079972
2015-03-25,7.41,7.43,7.35,7.39,41059115
2015-03-26,7.37,7.39,7.35,7.37,27723326
2015-03-27,7.39,7.39,7.33,7.33,39946988
2015-03-30,7.35,7.43,7.33,7.35,30231943
2015-03-31,7.39,7.43,7.33,7.39,46267221
2015-04-01,7.41,7.43,7.37,7.41,26572245
2015-04-02,7.43,7.45,7.39,7.41,12373633
2015-04-07,7.43,7.51,7.43,7.49,26603408
2015-04-08,7.49,7.49,7.43,7.45,15789869
2015-04-09,7.47,7.51,7.45,7.51,23446213
2015-04-10,7.53,7.53,7.39,7.41,33139834
2015-04-13,7.41,7.45,7.37,7.43,25756166
2015-04-14,7.43,7.45,7.41,7.43,25351048
2015-04-15,7.41,7.45,7.35,7.37,42323162
2015-04-16,7.39,7.43,7.35,7.43,58046810
2015-04-17,7.43,7.47,7.41,7.41,20563642
2015-04-20,7.41,7.45,7.39,7.45,21738095
2015-04-21,7.41,7.45,7.39,7.43,14399223
2015-04-22,7.43,7.49,7.41,7.49,18806831
2015-04-23,7.49,7.66,7.47,7.6,99361072
2015-04-24,7.62,7.95,7.62,7.95,170971551
2015-04-27,7.95,8.49,7.95,8.38,151186982
2015-04-28,8.41,8.55,8.28,8.43,92682466
2015-04-29,8.4,8.41,8.2,8.28,61276070
2015-04-30,8.26,8.28,8.09,8.11,85886998
2015-05-04,8.18,8.26,8.09,8.18,54568248
2015-05-05,8.18,8.22,8.13,8.2,37903868
2015-05-06,8.14,8.14,8.07,8.07,35541328
2015-05-07,8.07,8.07,7.89,7.89,37810379
2015-05-08,7.91,8.01,7.91,7.91,16857200
2015-05-11,8.09,8.09,7.87,7.89,23463742
2015-05-12,7.78,7.95,7.78,7.91,25245873
2015-05-13,7.91,7.97,7.89,7.91,13004682
2015-05-14,7.95,7.95,7.76,7.78,27647367
2015-05-15,7.78,7.82,7.74,7.76,21397250
2015-05-18,7.76,7.82,7.74,7.78,17790140
2015-05-19,7.93,7.95,7.8,7.91,18849680
2015-05-20,7.91,7.91,7.82,7.84,26788438
2015-05-21,7.82,7.87,7.76,7.82,32621750
2015-05-22,7.91,7.97,7.85,7.97,19284014
2015-05-25,7.91,7.93,7.84,7.85,14611521
2015-05-26,7.97,7.99,7.93,7.97,18465987
2015-05-27,7.97,8.14,7.93,8.14,40083326
2015-05-28,8.24,8.24,8.11,8.11,38386893
2015-05-29,8.11,8.13,8.07,8.07,28443969
2015-06-01,8.03,8.05,7.93,7.99,16568943
2015-06-02,7.95,8.03,7.91,7.97,23905867
2015-06-03,8.03,8.07,7.95,8.01,19095088
2015-06-04,8.01,8.05,7.87,7.93,28703011
2015-06-05,7.91,8.11,7.85,8.01,32187417
2015-06-08,7.93,8.09,7.89,8.01,22571703
2015-06-09,7.95,8.07,7.95,8.01,22310714
2015-06-10,8.07,8.09,8.01,8.03,18140723
2015-06-11,8.11,8.11,7.91,7.93,22486005
2015-06-12,7.93,8.11,7.93,8.09,34912226
2015-06-15,8.09,8.11,8.03,8.03,16407285
2015-06-16,7.99,8.03,7.93,7.95,18152410
2015-06-17,7.95,7.97,7.85,7.85,24281769
2015-06-18,7.91,7.93,7.82,7.82,28921152
2015-06-22,7.85,8.03,7.85,7.93,15396437
2015-06-23,7.95,7.99,7.91,7.91,16504669
2015-06-24,7.97,7.99,7.91,7.97,9903970
2015-06-25,7.99,8.11,7.97,8.11,27565564
2015-06-26,8.14,8.24,8.09,8.09,23413103
2015-06-29,8.03,8.03,7.97,7.99,14634893
2015-06-30,7.95,7.97,7.91,7.95,36782002
2015-07-01,7.95,8.03,7.95,7.99,10885602
2015-07-02,8.03,8.05,7.95,7.95,20139047
2015-07-03,7.95,8.07,7.93,8.05,18929535
2015-07-06,7.91,8.16,7.91,7.91,24860231
2015-07-07,7.91,8.11,7.91,8.11,33315125
2015-07-08,8.11,8.14,7.91,7.91,42854879
2015-07-09,7.87,7.91,7.7,7.84,44325380
2015-07-10,7.84,7.84,7.84,7.84,0
2015-07-13,7.91,7.99,7.91,7.95,17747291
2015-07-14,8.05,8.2,8.01,8.14,37841542
2015-07-15,8.18,8.18,8.11,8.18,25315989
2015-07-16,8.16,8.47,8.14,8.45,67763803
2015-07-17,8.43,8.45,8.24,8.28,30438397
2015-07-20,8.36,8.4,8.22,8.3,25779538
2015-07-21,8.28,8.28,8.13,8.16,27140969
2015-07-22,8.2,8.22,8.13,8.2,21350506
2015-07-23,8.18,8.24,8.09,8.14,29746969
2015-07-24,8.13,8.16,8.07,8.11,37529913
2015-07-27,8.11,8.13,7.95,7.99,31854363
2015-07-28,7.99,8.03,7.82,7.84,45525153
2015-07-29,7.85,7.91,7.82,7.89,74779359
2015-07-30,7.94,8.24,7.94,8.13,66042424
2015-07-31,8.13,8.22,8.07,8.22,50786151
2015-08-03,8.28,8.52,8.22,8.52,52615685
2015-08-04,8.52,8.69,8.34,8.54,38147850
2015-08-05,8.54,8.71,8.49,8.67,43625701
2015-08-06,8.67,8.69,8.58,8.67,28697347
2015-08-07,8.58,8.67,8.49,8.54,20949152
2015-08-10,8.45,8.58,8.45,8.47,7108484
2015-08-11,8.52,8.54,8.22,8.3,26283652
2015-08-12,8.32,8.32,7.89,8.0,69497215
2015-08-13,8.04,8.09,7.87,7.89,57570300
2015-08-14,7.92,8.26,7.92,8.26,51766322
2015-08-17,8.28,8.34,8.13,8.13,20192969
2015-08-18,8.13,8.17,7.96,8.04,26048912
2015-08-19,8.0,8.0,7.89,7.89,30706071
2015-08-20,7.92,8.19,7.89,8.19,41059694
2015-08-21,8.02,8.19,7.92,8.07,39052761
2015-08-24,7.92,7.98,7.68,7.79,70968369
2015-08-25,7.81,8.02,7.79,7.98,42125877
2015-08-26,7.98,8.32,7.94,8.24,53938110
2015-08-27,8.24,8.32,8.09,8.3,38438138
2015-08-28,8.34,8.37,8.28,8.32,25855386
2015-08-31,8.32,8.37,8.15,8.37,64074913
2015-09-01,8.37,8.45,8.37,8.45,39871662
2015-09-02,8.34,8.49,8.19,8.37,42727957
2015-09-03,8.41,8.43,8.26,8.34,20698286
2015-09-04,8.43,8.43,8.22,8.22,29369311
2015-09-07,8.22,8.34,8.22,8.24,15112920
2015-09-08,8.24,8.3,8.11,8.11,19936727
2015-09-09,8.3,8.47,8.3,8.43,44722347
2015-09-10,8.43,8.54,8.41,8.54,29306594
2015-09-11,8.43,8.56,8.43,8.54,14410494
2015-09-14,8.54,8.56,8.43,8.56,17560661
2015-09-15,8.56,8.56,8.43,8.54,21863024
2015-09-16,8.54,8.54,8.43,8.54,19667941
2015-09-17,8.54,8.6,8.52,8.54,36766292
2015-09-18,8.6,8.62,8.54,8.54,36639066
2015-09-21,8.39,8.47,8.13,8.13,58175964
2015-09-22,8.34,8.34,8.19,8.28,22762560
2015-09-23,8.22,8.26,8.13,8.26,25092035
2015-09-24,8.26,8.28,8.11,8.11,34252250
2015-09-25,8.0,8.07,7.94,7.96,40552585
2015-09-29,7.96,7.96,7.96,7.96,0
2015-09-30,8.34,8.34,8.07,8.28,78033847
2015-10-01,8.26,8.32,8.11,8.24,43437551
2015-10-02,8.32,8.34,8.26,8.3,31926358
2015-10-05,8.37,8.43,8.32,8.41,22549323
2015-10-06,8.45,8.54,8.43,8.54,38819814
2015-10-07,8.43,8.49,8.41,8.47,25948565
2015-10-08,8.56,8.56,8.39,8.41,21488516
2015-10-12,8.39,8.54,8.39,8.49,23133484
2015-10-13,8.39,8.41,8.26,8.28,50259331
2015-10-14,8.28,8.41,8.28,8.41,17571413
2015-10-15,8.45,8.47,8.3,8.39,26874980
2015-10-16,8.39,8.43,8.32,8.32,13731362
2015-10-19,8.41,8.47,8.37,8.47,17257830
2015-10-20,8.47,8.54,8.43,8.54,23787529
2015-10-21,8.56,8.56,8.47,8.49,20877476
2015-10-22,8.52,8.52,8.43,8.49,8384320
2015-10-23,8.56,8.56,8.49,8.56,26242438
2015-10-26,8.56,8.62,8.56,8.62,16892281
2015-10-27,8.62,8.64,8.56,8.64,18818578
2015-10-28,8.6,8.6,8.41,8.49,15840433
2015-10-29,8.52,8.54,8.34,8.41,23357472
2015-10-30,8.37,8.45,8.34,8.37,19051526
2015-11-02,8.37,8.49,8.37,8.45,10712003
2015-11-03,8.49,8.56,8.47,8.52,23341345
2015-11-04,8.6,8.69,8.56,8.62,32383294
2015-11-05,8.64,8.64,8.52,8.62,23296547
2015-11-06,8.62,8.62,8.47,8.54,25285561
2015-11-09,8.45,8.56,8.45,8.56,15998121
2015-11-10,8.45,8.45,8.37,8.37,24350187
2015-11-11,8.37,8.45,8.34,8.41,16429970
2015-11-12,8.45,8.49,8.39,8.49,11917955
2015-11-13,8.47,8.56,8.45,8.52,28448272
2015-11-16,8.45,8.47,8.37,8.39,24511458
2015-11-17,8.43,8.49,8.43,8.47,8486458
2015-11-18,8.49,8.54,8.37,8.52,25489838
2015-11-19,8.52,8.52,8.39,8.47,17316963
2015-11-20,8.43,8.47,8.39,8.43,9097498
2015-11-23,8.45,8.49,8.41,8.45,9575936
2015-11-24,8.43,8.47,8.39,8.39,7518830
2015-11-25,8.39,8.49,8.39,8.49,12120440
2015-11-26,8.52,8.56,8.47,8.49,16025000
2015-11-27,8.54,8.6,8.45,8.45,24880590
2015-11-30,8.39,8.45,8.37,8.41,55889494
2015-12-01,8.45,8.56,8.43,8.56,31055493
2015-12-02,8.56,8.6,8.47,8.56,19295225
2015-12-03,8.45,8.62,8.45,8.62,23817991
2015-12-04,8.52,8.54,8.41,8.45,28245787
2015-12-07,8.54,8.6,8.52,8.52,30926476
2015-12-08,8.52,8.54,8.41,8.43,30697112
2015-12-09,8.41,8.43,8.37,8.37,44996508
2015-12-10,8.37,8.39,8.3,8.34,29458906
2015-12-11,8.34,8.34,8.15,8.22,38853860
2015-12-14,8.15,8.17,8.09,8.09,36047738
2015-12-15,8.15,8.28,8.11,8.17,26582900
2015-12-16,8.26,8.3,8.13,8.17,33336587
2015-12-17,8.17,8.37,8.17,8.37,37746463
2015-12-18,8.32,8.32,8.19,8.19,24869839
2015-12-21,8.13,8.19,8.09,8.11,29718732
2015-12-22,8.15,8.28,8.13,8.22,22889785
2015-12-23,8.28,8.28,8.17,8.26,11407262
2015-12-24,8.28,8.28,8.17,8.17,13095236
2015-12-25,8.22,8.26,8.17,8.24,10620616
2015-12-28,8.26,8.28,8.22,8.26,11880325
2015-12-29,8.28,8.28,8.19,8.19,9629693
2015-12-30,8.19,8.26,8.15,8.15,15163094
2015-12-31,8.15,8.26,8.15,8.19,11376800
2016-01-04,8.19,8.26,8.02,8.02,37888024
2016-01-05,8.02,8.13,8.02,8.11,31541099
2016-01-06,8.13,8.19,8.11,8.13,33058842
2016-01-07,8.04,8.11,7.96,7.96,38957791
2016-01-08,7.98,8.02,7.87,7.87,40538250
2016-01-11,7.79,7.79,7.19,7.49,70032995
2016-01-12,7.51,7.6,7.34,7.38,70497098
2016-01-13,7.4,7.45,7.23,7.23,55878743
2016-01-14,7.17,7.17,7.06,7.1,41337439
2016-01-15,7.15,7.17,7.0,7.04,43308534
2016-01-18,6.97,7.02,6.87,6.97,43197436
2016-01-19,6.97,7.08,6.89,7.06,27625788
2016-01-20,7.02,7.04,6.8,6.85,51348809
2016-01-21,6.87,6.93,6.8,6.8,41665358
2016-01-22,6.87,6.91,6.78,6.8,33961961
2016-01-25,6.93,7.34,6.91,7.27,49044420
2016-01-26,7.19,7.19,7.04,7.12,37026118
2016-01-27,7.19,7.19,7.0,7.02,34985139
2016-01-28,7.08,7.12,7.0,7.02,53224932
2016-01-29,7.04,7.53,7.02,7.36,65354333
2016-02-01,7.38,7.42,7.25,7.32,57398278
2016-02-02,7.25,7.27,7.12,7.12,53065453
2016-02-03,7.02,7.08,6.97,7.08,41219174
2016-02-15,6.93,7.1,6.87,7.1,35402652
2016-02-16,7.12,7.21,7.02,7.12,53246435
2016-02-17,7.15,7.19,7.02,7.04,34116065
2016-02-18,7.12,7.34,7.1,7.3,65205604
2016-02-19,7.3,7.42,7.21,7.42,26197640
2016-02-22,7.42,7.53,7.38,7.38,28215324
2016-02-23,7.4,7.47,7.3,7.32,33169940
2016-02-24,7.32,7.42,7.3,7.3,17159275
2016-02-25,7.25,7.27,7.17,7.23,52621061
2016-02-26,7.27,7.36,7.25,7.36,46077026
2016-03-01,7.32,7.36,7.23,7.34,44492983
2016-03-02,7.4,7.42,7.34,7.36,31786590
2016-03-03,7.4,7.62,7.38,7.62,44371133
2016-03-04,7.62,7.75,7.55,7.72,48153843
2016-03-07,7.77,7.81,7.72,7.81,43141887
2016-03-08,7.81,7.83,7.7,7.75,49488812
2016-03-09,7.72,7.77,7.66,7.77,34049765
2016-03-10,7.7,7.77,7.66,7.75,19884761
2016-03-11,7.75,7.83,7.7,7.79,22853947
2016-03-14,7.83,7.89,7.79,7.83,32134219
2016-03-15,7.83,7.87,7.72,7.77,28505613
2016-03-16,7.75,7.83,7.72,7.83,14681071
2016-03-17,7.87,8.0,7.85,7.92,32630577
2016-03-18,7.92,7.96,7.79,7.83,40020390
2016-03-21,7.92,7.96,7.72,7.77,49818522
2016-03-22,7.87,7.87,7.68,7.75,44718763
2016-03-23,7.72,7.79,7.66,7.75,36303980
2016-03-24,7.72,7.79,7.62,7.79,32179017
2016-03-25,7.81,7.81,7.72,7.72,17761355
2016-03-28,7.77,7.79,7.7,7.75,16539276
2016-03-29,7.79,7.79,7.68,7.7,28521740
2016-03-30,7.75,7.77,7.7,7.75,31834971
2016-03-31,7.77,7.81,7.7,7.7,32856356
2016-04-01,7.7,7.75,7.68,7.72,18859792
2016-04-06,7.62,7.62,7.47,7.57,43924949
2016-04-07,7.57,7.6,7.49,7.51,24482788
2016-04-08,7.49,7.6,7.49,7.55,21311117
2016-04-11,7.53,7.57,7.47,7.55,15659451
2016-04-12,7.55,7.6,7.49,7.49,27469892
2016-04-13,7.49,7.66,7.49,7.66,26647408
2016-04-14,7.7,7.81,7.68,7.68,28815612
2016-04-15,7.72,7.75,7.66,7.72,17062512
2016-04-18,7.7,7.75,7.68,7.75,10294490
2016-04-19,7.77,7.77,7.68,7.7,19021063
2016-04-20,7.7,7.77,7.57,7.57,35623057
2016-04-21,7.57,7.6,7.49,7.6,39106519
2016-04-22,7.55,7.62,7.51,7.53,29044976
2016-04-25,7.55,7.66,7.55,7.66,12557665
2016-04-26,7.66,7.7,7.62,7.7,16702339
2016-04-27,7.7,7.77,7.66,7.75,26047120
2016-04-28,7.77,7.77,7.62,7.62,27068506
2016-04-29,7.62,7.66,7.57,7.66,29270756
2016-05-03,7.62,7.68,7.57,7.57,41418075
2016-05-04,7.57,7.57,7.49,7.55,30392488
2016-05-05,7.53,7.53,7.4,7.4,49035460
2016-05-06,7.34,7.36,7.19,7.21,86828513
2016-05-09,7.23,7.3,7.23,7.23,33838320
2016-05-10,7.23,7.34,7.19,7.3,37728544
2016-05-11,7.32,7.34,7.17,7.17,56140361
2016-05-12,7.17,7.25,7.17,7.19,41808710
2016-05-13,7.19,7.25,7.12,7.19,46134367
2016-05-16,7.19,7.3,7.19,7.27,35856004
2016-05-17,7.34,7.55,7.32,7.49,47825925
2016-05-18,7.4,7.49,7.38,7.47,49116096
2016-05-19,7.4,7.42,7.32,7.38,44611249
2016-05-20,7.34,7.45,7.32,7.4,31417457
2016-05-23,7.38,7.68,7.34,7.53,76254486
2016-05-24,7.53,7.57,7.4,7.4,34659012
2016-05-25,7.42,7.64,7.42,7.62,43500268
2016-05-26,7.62,7.62,7.53,7.55,16664709
2016-05-27,7.6,7.64,7.57,7.6,33395720
2016-05-30,7.62,7.79,7.6,7.75,40224667
2016-05-31,7.75,7.81,7.7,7.81,32877859
2016-06-01,7.77,7.81,7.75,7.77,18750486
2016-06-02,7.79,7.83,7.77,7.79,25722785
2016-06-03,7.79,7.89,7.75,7.89,25454000
2016-06-06,7.83,7.85,7.77,7.81,19112451
2016-06-07,7.81,7.89,7.81,7.85,29030641
2016-06-08,7.85,8.09,7.85,8.02,56376892
2016-06-13,7.92,7.94,7.81,7.92,54568861
2016-06-14,7.92,8.04,7.89,8.04,22477647
2016-06-15,8.04,8.09,7.96,8.04,25511341
2016-06-16,8.0,8.02,7.92,7.94,34304215
2016-06-17,7.98,8.09,7.98,8.09,29768905
2016-06-20,8.13,8.17,8.11,8.17,24599262
2016-06-21,8.17,8.17,8.13,8.15,26034577
2016-06-22,8.15,8.17,8.07,8.17,27003997
2016-06-23,8.13,8.17,8.09,8.13,21601406
2016-06-24,8.11,8.19,7.92,8.13,52535049
2016-06-27,8.0,8.04,7.96,7.98,30926476
2016-06-28,7.94,8.0,7.87,7.94,57229839
2016-06-29,7.98,8.04,7.96,8.02,18057019
2016-06-30,8.07,8.13,8.02,8.13,22733889
2016-07-01,8.13,8.15,8.09,8.13,17635921
2016-07-04,8.13,8.19,8.11,8.19,17573205
2016-07-05,8.17,8.17,8.13,8.17,8628019
2016-07-06,8.09,8.11,7.96,7.96,35393693
2016-07-07,7.98,8.0,7.81,7.87,54758803
2016-07-08,7.87,7.87,7.87,7.87,0
2016-07-11,7.98,8.07,7.98,8.04,42018363
2016-07-12,8.07,8.11,8.04,8.11,20415165
2016-07-13,8.15,8.17,8.11,8.17,34676931
2016-07-14,8.17,8.17,8.11,8.15,36687448
2016-07-15,8.17,8.22,8.15,8.22,38104844
2016-07-18,8.24,8.32,8.24,8.32,31978323
2016-07-19,8.32,8.34,8.28,8.34,37009991
2016-07-20,8.34,8.34,8.19,8.3,47591185
2016-07-21,8.3,8.34,8.28,8.3,32227398
2016-07-22,8.3,8.32,8.22,8.22,36467044
2016-07-25,8.24,8.3,8.19,8.3,43652580
2016-07-26,8.3,8.39,8.28,8.39,71222819
2016-07-27,8.41,8.52,8.39,8.52,87285449
2016-07-28,8.67,8.76,8.64,8.71,118928687
2016-07-29,8.71,8.71,8.55,8.55,45783154
2016-08-01,8.55,8.64,8.5,8.64,23887713
2016-08-02,8.64,8.64,8.52,8.62,21611994
2016-08-03,8.52,8.55,8.45,8.47,27346088
2016-08-04,8.5,8.52,8.43,8.52,30713239
2016-08-05,8.52,8.67,8.52,8.64,23846988
2016-08-08,8.69,8.71,8.59,8.69,17350520
2016-08-09,8.69,8.71,8.62,8.71,21322031
2016-08-10,8.71,8.71,8.64,8.69,17143636
2016-08-11,8.69,8.74,8.59,8.74,28631372
2016-08-12,8.74,8.74,8.67,8.71,19401436
2016-08-15,8.71,8.71,8.64,8.67,10106340
2016-08-16,8.69,8.71,8.64,8.71,17682837
2016-08-17,8.71,8.71,8.64,8.67,16752676
2016-08-18,8.69,8.74,8.64,8.74,21556608
2016-08-19,8.74,8.79,8.64,8.64,25319607
2016-08-22,8.64,8.69,8.57,8.67,19792397
2016-08-23,8.64,8.71,8.62,8.71,10878488
2016-08-24,8.71,8.71,8.64,8.69,8881329
2016-08-25,8.67,8.71,8.64,8.69,10067244
2016-08-26,8.76,8.79,8.71,8.79,22353191
2016-08-29,8.74,8.76,8.67,8.74,20522191
2016-08-30,8.74,8.76,8.67,8.71,21932908
2016-08-31,8.71,8.74,8.57,8.62,42857463
2016-09-01,8.59,8.67,8.55,8.67,24788552
2016-09-02,8.67,8.69,8.59,8.62,15350103
2016-09-05,8.67,8.71,8.67,8.69,13739018
2016-09-06,8.69,8.74,8.67,8.69,20465175
2016-09-07,8.74,8.79,8.74,8.79,20072585
2016-09-08,8.79,8.79,8.71,8.76,21589188
2016-09-09,8.74,8.74,8.67,8.74,13800920
2016-09-12,8.64,8.67,8.59,8.64,21129809
2016-09-13,8.59,8.62,8.47,8.5,39133560
2016-09-14,8.47,8.55,8.45,8.45,32439983
2016-09-19,8.47,8.64,8.47,8.62,30250602
2016-09-20,8.62,8.64,8.57,8.59,13822098
2016-09-21,8.57,8.59,8.55,8.57,17177846
2016-09-22,8.62,8.64,8.55,8.57,19955297
2016-09-23,8.62,8.67,8.57,8.62,18060766
2016-09-26,8.67,8.67,8.55,8.57,17720304
2016-09-27,8.57,8.57,8.57,8.57,0
2016-09-28,8.57,8.57,8.57,8.57,0
2016-09-29,8.62,8.69,8.57,8.69,27587180
2016-09-30,8.59,8.64,8.55,8.59,22659444
2016-10-03,8.62,8.69,8.59,8.69,22345046
2016-10-04,8.67,8.71,8.64,8.69,15975641
2016-10-05,8.64,8.71,8.62,8.69,13383895
2016-10-06,8.69,8.71,8.67,8.71,10849165
2016-10-07,8.69,8.71,8.64,8.71,11692989
2016-10-11,8.69,8.69,8.59,8.64,19321615
2016-10-12,8.59,8.64,8.57,8.64,11585475
2016-10-13,8.64,8.64,8.57,8.57,22423238
2016-10-14,8.62,8.62,8.55,8.57,18609740
2016-10-17,8.57,8.59,8.43,8.52,32396000
2016-10-18,8.52,8.64,8.5,8.64,21888925
2016-10-19,8.64,8.67,8.62,8.67,19039797
2016-10-20,8.67,8.67,8.59,8.64,8353531
2016-10-21,8.64,8.64,8.59,8.64,6494838
2016-10-24,8.64,8.64,8.59,8.62,7662834
2016-10-25,8.62,8.64,8.59,8.62,7293050
2016-10-26,8.62,8.62,8.57,8.57,9827780
2016-10-27,8.57,8.57,8.5,8.52,19474741
2016-10-28,8.52,8.57,8.5,8.57,18148732
2016-10-31,8.5,8.64,8.47,8.62,17646999
2016-11-01,8.62,8.62,8.57,8.59,10827988
2016-11-02,8.57,8.59,8.52,8.55,11570814
2016-11-03,8.55,8.57,8.5,8.52,11877067
2016-11-04,8.5,8.52,8.47,8.47,15025931
2016-11-07,8.5,8.55,8.5,8.52,13328509
2016-11-08,8.52,8.62,8.52,8.59,15622147
2016-11-09,8.64,8.64,8.43,8.43,44198133
2016-11-10,8.57,8.57,8.52,8.52,14020836
2016-11-11,8.52,8.57,8.47,8.47,51022030
2016-11-14,8.5,8.59,8.45,8.55,38125207
2016-11-15,8.59,8.67,8.57,8.67,39689050
2016-11-16,8.67,8.76,8.67,8.76,57334421
2016-11-17,8.76,8.76,8.62,8.76,31728108
2016-11-18,8.79,8.79,8.69,8.74,30644821
2016-11-21,8.74,8.79,8.71,8.76,13432766
2016-11-22,8.76,8.79,8.71,8.79,15444585
2016-11-23,8.79,8.81,8.74,8.79,15170913
2016-11-24,8.81,8.81,8.71,8.76,17330972
2016-11-25,8.76,8.79,8.74,8.76,14887466
2016-11-28,8.76,8.88,8.76,8.88,25331010
2016-11-29,8.86,8.88,8.79,8.79,28266475
2016-11-30,8.79,8.88,8.74,8.88,51039950
2016-12-01,8.83,8.83,8.79,8.83,18591821
2016-12-02,8.79,8.81,8.76,8.79,14936336
2016-12-05,8.79,8.79,8.69,8.69,14794613
2016-12-06,8.79,8.79,8.69,8.71,15051995
2016-12-07,8.79,8.79,8.71,8.74,9870134
2016-12-08,8.79,8.93,8.76,8.93,49274109
2016-12-09,8.93,8.98,8.88,8.98,23415301
2016-12-12,9.03,9.07,8.93,8.93,25946774
2016-12-13,8.93,8.98,8.91,8.98,15223041
2016-12-14,8.98,8.98,8.83,8.86,25436895
2016-12-15,8.83,8.93,8.83,8.91,16951414
2016-12-16,8.93,8.93,8.86,8.86,21488190
2016-12-19,8.83,8.86,8.76,8.76,15227928
2016-12-20,8.76,8.81,8.74,8.79,11407914
2016-12-21,8.81,8.83,8.76,8.76,11722312
2016-12-22,8.79,8.79,8.71,8.71,10422366
2016-12-23,8.71,8.74,8.67,8.67,11603394
2016-12-26,8.67,8.74,8.67,8.74,4072509
2016-12-27,8.74,8.74,8.67,8.69,5579338
2016-12-28,8.69,8.76,8.69,8.76,6274923
2016-12-29,8.74,8.74,8.69,8.71,16584888
2016-12-30,8.76,8.81,8.69,8.81,14125092
2017-01-03,8.76,8.83,8.74,8.83,5996363
2017-01-04,8.86,8.86,8.81,8.83,10197564
2017-01-05,8.83,8.88,8.83,8.86,15861610
2017-01-06,8.88,8.88,8.83,8.88,10722103
2017-01-09,8.88,8.88,8.76,8.79,13554941
2017-01-10,8.79,8.83,8.74,8.76,17948364
2017-01-11,8.76,8.86,8.76,8.83,14985206
2017-01-12,8.81,8.91,8.81,8.91,21079310
2017-01-13,8.91,8.91,8.81,8.88,15038963
2017-01-16,8.88,8.88,8.79,8.79,11564298
2017-01-17,8.83,8.88,8.81,8.88,13146061
2017-01-18,8.88,8.88,8.81,8.88,18469646
2017-01-19,8.83,8.83,8.76,8.79,18759608
2017-01-20,8.79,8.88,8.76,8.86,17930445
2017-01-23,8.91,8.93,8.88,8.88,15604228
2017-01-24,8.88,8.91,8.83,8.86,13993143
2017-02-02,8.93,8.93,8.76,8.76,47610896
2017-02-03,8.76,8.81,8.76,8.76,24391075
2017-02-06,8.81,8.88,8.79,8.83,13493039
2017-02-07,8.79,8.86,8.76,8.83,31578240
2017-02-08,8.83,8.83,8.76,8.81,27556229
2017-02-09,8.81,8.86,8.79,8.83,20598754
2017-02-10,8.86,8.93,8.83,8.93,29077719
2017-02-13,8.93,8.98,8.93,8.98,29056542
2017-02-14,8.98,8.98,8.93,8.98,24177675
2017-02-15,8.91,9.1,8.86,9.07,69156102
2017-02-16,9.12,9.24,9.1,9.12,106141006
2017-02-17,9.12,9.15,9.03,9.03,43075749
2017-02-20,9.07,9.1,9.0,9.0,17023090
2017-02-21,8.98,9.0,8.93,8.98,29778191
2017-02-22,9.03,9.05,8.95,8.98,54369633
2017-02-23,8.98,9.0,8.91,8.93,35228838
2017-02-24,8.91,9.0,8.91,8.95,25893016
2017-03-01,8.93,8.95,8.93,8.95,32910765
2017-03-02,9.0,9.1,8.79,8.81,176426008
2017-03-03,8.69,8.81,8.69,8.69,156143281
2017-03-06,8.69,8.74,8.64,8.69,115172204
2017-03-07,8.71,8.81,8.71,8.79,39625519
2017-03-08,8.79,8.83,8.76,8.81,34155324
2017-03-09,8.83,8.86,8.76,8.79,50429073
2017-03-10,8.79,8.79,8.71,8.74,51202850
2017-03-13,8.76,8.79,8.74,8.74,51729018
2017-03-14,8.76,8.86,8.74,8.81,50577312
2017-03-15,8.81,8.83,8.76,8.76,61323851
2017-03-16,8.79,8.81,8.76,8.76,74386833
2017-03-17,8.76,8.83,8.76,8.81,76809162
2017-03-20,8.83,8.83,8.76,8.79,60528897
2017-03-21,8.81,8.83,8.79,8.83,31250810
2017-03-22,8.81,8.88,8.79,8.86,58204309
2017-03-23,8.88,8.88,8.81,8.83,37805922
2017-03-24,8.83,8.86,8.79,8.79,46714944
2017-03-27,8.79,8.79,8.67,8.76,80129072
2017-03-28,8.76,8.81,8.76,8.79,36523896
2017-03-29,8.81,8.83,8.79,8.79,35450382
2017-03-30,8.81,8.83,8.79,8.81,37155949
2017-03-31,8.83,8.86,8.81,8.86,90642663
2017-04-05,8.88,8.93,8.86,8.91,72559091
2017-04-06,8.91,8.93,8.88,8.91,65225315
2017-04-07,8.91,8.95,8.88,8.91,76590876
2017-04-10,8.93,9.0,8.93,9.0,31521225
2017-04-11,9.0,9.03,8.98,9.0,27974883
2017-04-12,8.98,9.0,8.95,9.0,29269941
2017-04-13,8.98,9.03,8.98,9.03,30341826
2017-04-14,9.03,9.06,8.99,9.01,24366922
2017-04-17,9.01,9.01,8.94,8.99,18728921
2017-04-18,8.99,8.99,8.94,8.96,14641732
2017-04-19,8.94,8.96,8.89,8.89,26384750
2017-04-20,8.86,8.91,8.84,8.89,28206109
2017-04-21,8.91,8.94,8.91,8.94,23284735
2017-04-24,8.89,8.91,8.84,8.86,41667421
2017-04-25,8.86,8.96,8.84,8.96,49588966
2017-04-26,8.94,8.96,8.89,8.96,32462390
2017-04-27,8.91,8.94,8.89,8.91,13158556
2017-04-28,8.89,8.91,8.86,8.86,26748700
2017-05-02,8.91,8.96,8.89,8.94,36960229
2017-05-03,8.94,9.01,8.91,8.99,32721664
2017-05-04,8.99,8.99,8.94,8.96,30871317
2017-05-05,8.96,8.96,8.91,8.96,23843543
2017-05-08,8.99,9.01,8.96,8.96,29004866
2017-05-09,8.96,8.96,8.89,8.89,49518108
2017-05-10,8.89,8.91,8.86,8.89,120125980
2017-05-11,8.89,8.94,8.86,8.94,59325428
2017-05-12,8.91,8.96,8.89,8.96,42301917
2017-05-15,8.96,9.01,8.94,8.96,54621457
2017-05-16,8.99,9.01,8.94,8.99,53304152
2017-05-17,8.99,9.08,8.99,9.08,44103952
2017-05-18,9.03,9.08,9.01,9.08,37559297
2017-05-19,9.08,9.08,9.03,9.06,21187998
2017-05-22,9.06,9.08,9.03,9.06,19332820
2017-05-23,9.06,9.08,9.06,9.08,18456764
2017-05-24,9.08,9.08,9.03,9.06,22487588
2017-05-25,9.06,9.08,9.03,9.08,24589157
2017-05-26,9.06,9.11,9.06,9.11,36209784
2017-05-31,9.11,9.11,9.01,9.03,50381281
2017-06-01,9.03,9.08,9.01,9.03,31613710
2017-06-02,9.03,9.08,9.01,9.06,35253208
2017-06-05,9.06,9.08,9.06,9.08,22213821
2017-06-06,9.06,9.08,9.03,9.03,23105981
2017-06-07,9.03,9.06,9.01,9.03,34736271
2017-06-08,9.03,9.06,9.01,9.03,27573223
2017-06-09,9.03,9.06,9.01,9.01,35792691
2017-06-12,9.01,9.03,8.99,9.01,36626877
2017-06-13,9.03,9.03,9.01,9.01,26647245
2017-06-14,9.03,9.03,8.94,8.94,44276265
2017-06-15,8.96,9.01,8.94,9.01,25750253
2017-06-16,9.01,9.03,8.99,8.99,26542569
2017-06-19,8.99,9.03,8.99,8.99,30180456
2017-06-20,9.01,9.01,8.96,8.99,32029193
2017-06-21,8.99,9.01,8.96,8.96,42318021
2017-06-22,8.96,8.99,8.91,8.94,75102491
2017-06-23,8.94,8.96,8.91,8.94,28673125
2017-06-26,8.94,9.06,8.94,9.03,57555601
2017-06-27,9.06,9.08,9.03,9.08,37631765
2017-06-28,9.08,9.08,9.01,9.03,37283919
2017-06-29,9.06,9.11,9.03,9.08,41871941
2017-06-30,9.06,9.13,9.03,9.08,30225548
2017-07-03,9.11,9.16,9.08,9.11,42235891
2017-07-04,9.13,9.16,9.11,9.11,34169411
2017-07-05,9.13,9.13,9.08,9.13,25880696
2017-07-06,9.13,9.13,9.06,9.06,36908697
2017-07-07,9.06,9.11,9.03,9.03,35739548
2017-07-10,9.06,9.08,9.03,9.06,25988592
2017-07-11,9.08,9.11,9.06,9.11,26329996
2017-07-12,9.11,9.13,9.11,9.13,21340985
2017-07-13,9.13,9.23,9.13,9.2,52806539
2017-07-14,9.2,9.3,9.2,9.28,47042927
2017-07-17,9.3,9.35,9.28,9.3,41654538
2017-07-18,9.3,9.35,9.28,9.33,37040749
2017-07-19,9.35,9.42,9.35,9.42,36478721
2017-07-20,9.45,9.52,9.45,9.45,42487113
2017-07-21,9.45,9.5,9.42,9.45,27964550
2017-07-24,9.45,9.45,9.37,9.42,31322228
2017-07-25,9.42,9.45,9.4,9.4,15558048
2017-07-26,9.4,9.45,9.37,9.37,23131747
2017-07-27,9.4,9.45,9.37,9.45,28059563
2017-07-28,9.45,9.45,9.37,9.4,18914117
2017-07-31,9.4,9.42,9.35,9.35,30473549
2017-08-01,9.37,9.45,9.35,9.42,38797693
2017-08-02,9.45,9.47,9.42,9.45,37663973
2017-08-03,9.45,9.45,9.4,9.42,32939067
2017-08-04,9.42,9.54,9.4,9.52,74453501
2017-08-07,9.57,9.59,9.54,9.57,73907576
2017-08-08,9.57,9.59,9.5,9.52,118312673
2017-08-09,9.6,9.7,9.6,9.68,152561972
2017-08-10,9.68,9.7,9.57,9.62,102732018
2017-08-11,9.6,9.6,9.54,9.6,44921175
2017-08-14,9.6,9.6,9.49,9.52,49786473
2017-08-15,9.54,9.57,9.52,9.54,31893569
2017-08-16,9.54,9.57,9.52,9.54,29034363
2017-08-17,9.54,9.7,9.54,9.65,32413834
2017-08-18,9.65,9.68,9.6,9.65,15267592
2017-08-21,9.65,9.68,9.6,9.62,15897434
2017-08-22,9.68,9.7,9.65,9.65,18662014
2017-08-23,9.7,9.73,9.68,9.73,31379467
2017-08-24,9.73,9.81,9.73,9.81,20269159
2017-08-25,9.81,9.86,9.81,9.86,17409954
2017-08-28,9.89,9.94,9.86,9.92,26718843
2017-08-29,9.92,9.94,9.86,9.89,21044740
2017-08-30,9.92,10.02,9.92,10.02,34461688
2017-08-31,10.05,10.05,9.97,9.97,36384370
2017-09-01,9.97,9.97,9.92,9.97,20869861
2017-09-04,9.92,9.94,9.86,9.92,19793724
2017-09-05,9.92,9.92,9.86,9.89,18642759
2017-09-06,9.86,9.86,9.81,9.84,25156598
2017-09-07,9.84,9.86,9.76,9.78,27892686
2017-09-08,9.84,9.86,9.81,9.84,18562511
2017-09-11,9.86,9.86,9.76,9.76,30579013
2017-09-12,9.78,9.81,9.76,9.78,20294941
2017-09-13,9.81,9.81,9.78,9.78,16415568
2017-09-14,9.78,9.81,9.76,9.76,23852842
2017-09-15,9.76,9.81,9.73,9.81,33914496
2017-09-18,9.84,9.86,9.81,9.84,26829973
2017-09-19,9.84,9.86,9.78,9.81,23366279
2017-09-20,9.81,9.81,9.78,9.81,27227329
2017-09-21,9.81,9.84,9.76,9.78,20196428
2017-09-22,9.81,9.81,9.76,9.78,19010690
2017-09-25,9.78,9.78,9.7,9.7,31329091
2017-09-26,9.7,9.73,9.68,9.73,18680112
2017-09-27,9.7,9.73,9.7,9.73,12290551
2017-09-28,9.7,9.76,9.7,9.73,14739661
2017-09-29,9.7,9.73,9.7,9.7,11633294
2017-10-02,9.73,9.76,9.73,9.73,7076351
2017-10-03,9.73,9.76,9.73,9.76,12864780
2017-10-05,9.76,9.84,9.76,9.81,13775979
2017-10-06,9.81,9.84,9.78,9.84,11788005
2017-10-11,9.86,9.89,9.84,9.89,30057032
2017-10-12,9.89,9.92,9.84,9.84,29976743
2017-10-13,9.86,9.89,9.84,9.86,12824891
2017-10-16,9.86,9.92,9.84,9.92,19755225
2017-10-17,9.92,9.92,9.86,9.92,16233616
2017-10-18,9.92,9.92,9.84,9.86,30498171
2017-10-19,9.86,9.89,9.84,9.89,7670370
2017-10-20,9.86,9.89,9.84,9.86,9244500
2017-10-23,9.86,9.89,9.84,9.86,7370224
2017-10-24,9.86,9.89,9.81,9.84,13936479
2017-10-25,9.84,9.86,9.81,9.86,19883606
2017-10-26,9.86,9.86,9.81,9.81,12817920
2017-10-27,9.81,9.86,9.81,9.84,12355477
2017-10-30,9.84,9.86,9.81,9.86,15398737
2017-10-31,9.81,9.86,9.81,9.84,17230730
2017-11-01,9.84,9.89,9.84,9.89,16874854
2017-11-02,9.86,9.92,9.86,9.86,12270407
2017-11-03,9.86,9.92,9.86,9.92,9105621
2017-11-06,9.89,9.92,9.86,9.92,11957853
2017-11-07,9.89,9.92,9.86,9.89,12960179
2017-11-08,9.89,9.89,9.86,9.86,13177404
2017-11-09,9.86,9.89,9.84,9.89,16195493
2017-11-10,9.86,9.89,9.84,9.84,7355554
2017-11-13,9.86,9.89,9.84,9.84,18119817
2017-11-14,9.86,9.92,9.86,9.89,26619392
2017-11-15,9.89,9.92,9.84,9.84,20108582
2017-11-16,9.84,9.86,9.81,9.81,19395468
2017-11-17,9.84,9.86,9.81,9.86,23562274
2017-11-20,9.86,9.92,9.84,9.89,18873754
2017-11-21,9.89,10.02,9.89,10.0,53844174
2017-11-22,10.05,10.16,10.02,10.11,66115084
2017-11-23,10.13,10.16,10.08,10.11,32343321
2017-11-24,10.11,10.13,10.05,10.08,21371600
2017-11-27,10.08,10.11,10.0,10.02,20116533
2017-11-28,10.02,10.05,10.0,10.02,13343812
2017-11-29,10.05,10.05,9.97,10.02,18585144
2017-11-30,10.02,10.02,9.94,9.94,38913468
2017-12-01,9.97,10.11,9.97,10.02,39524186
2017-12-04,10.0,10.11,10.0,10.08,23974304
2017-12-05,10.08,10.13,10.08,10.11,30746969
2017-12-06,10.11,10.13,10.0,10.02,32001477
2017-12-07,10.02,10.05,9.97,9.97,16097046
2017-12-08,10.0,10.02,9.97,10.02,12423936
2017-12-11,10.0,10.08,10.0,10.0,13121722
2017-12-12,10.0,10.02,9.97,10.0,13992287
2017-12-13,10.0,10.05,9.97,10.02,12330137
2017-12-14,10.05,10.08,10.02,10.08,14318424
2017-12-15,10.08,10.11,10.02,10.11,38721286
2017-12-18,10.13,10.13,10.05,10.08,15333467
2017-12-19,10.08,10.13,10.05,10.08,17959919
2017-12-20,10.08,10.11,10.08,10.08,15441741
2017-12-21,10.08,10.11,10.02,10.08,14395679
2017-12-22,10.08,10.11,10.05,10.11,13815734
2017-12-25,10.11,10.11,10.05,10.08,10583738
2017-12-26,10.08,10.08,10.0,10.02,13204805
2017-12-27,10.02,10.08,10.0,10.08,8952720
2017-12-28,10.08,10.11,10.02,10.11,12030613
2017-12-29,10.11,10.13,10.08,10.13,16337112
2018-01-02,10.13,10.13,10.08,10.13,10810204
2018-01-03,10.16,10.37,10.16,10.37,51178178
2018-01-04,10.35,10.37,10.29,10.35,22987533
2018-01-05,10.35,10.37,10.32,10.37,23863987
2018-01-08,10.37,10.53,10.35,10.51,47354122
2018-01-09,10.45,10.51,10.45,10.51,19158952
2018-01-10,10.51,10.51,10.43,10.51,24346609
2018-01-11,10.51,10.51,10.43,10.48,17595552
2018-01-12,10.51,10.51,10.43,10.45,25012714
2018-01-15,10.45,10.48,10.43,10.45,25436384
2018-01-16,10.45,10.48,10.43,10.43,19988551
2018-01-17,10.43,10.45,10.4,10.45,28360843
2018-01-18,10.45,10.51,10.43,10.48,19823286
2018-01-19,10.48,10.51,10.45,10.51,14739547
2018-01-22,10.48,10.51,10.45,10.51,18461358
2018-01-23,10.51,10.51,10.4,10.48,16684576
2018-01-24,10.45,10.45,10.32,10.43,31943640
2018-01-25,10.35,10.45,10.35,10.45,25337631
2018-01-26,10.43,10.45,10.37,10.43,20669303
2018-01-29,10.4,10.45,10.4,10.45,11967946
2018-01-30,10.43,10.45,10.35,10.35,17391079
2018-01-31,10.29,10.37,10.27,10.29,23699330
2018-02-01,10.32,10.4,10.32,10.35,10549205
2018-02-02,10.32,10.35,10.29,10.35,12420243
2018-02-05,10.16,10.27,10.16,10.24,24287139
2018-02-06,10.11,10.11,9.86,9.92,121298509
2018-02-07,10.11,10.21,10.0,10.0,67694820
2018-02-08,10.05,10.16,10.05,10.13,24827587
2018-02-09,9.92,10.11,9.92,10.02,41659207
2018-02-12,10.02,10.16,10.02,10.08,49168408
2018-02-21,10.21,10.37,10.19,10.35,53855860
2018-02-22,10.35,10.35,10.27,10.35,28650593
2018-02-23,10.35,10.4,10.35,10.35,25142945
2018-02-26,10.43,10.45,10.37,10.45,26003542
2018-02-27,10.45,10.48,10.37,10.37,44352476
2018-03-01,10.35,10.45,10.35,10.4,31040635
2018-03-02,10.35,10.4,10.32,10.37,20822481
2018-03-05,10.37,10.4,10.29,10.29,14731703
2018-03-06,10.4,10.4,10.32,10.37,19225985
2018-03-07,10.37,10.4,10.35,10.4,18295185
2018-03-08,10.4,10.43,10.35,10.37,20409350
2018-03-09,10.4,10.43,10.37,10.4,11966219
2018-03-12,10.4,10.45,10.37,10.45,23775894
2018-03-13,10.45,10.48,10.43,10.48,17225797
2018-03-14,10.45,10.48,10.43,10.43,12009377
2018-03-15,10.37,10.43,10.37,10.37,13233105
2018-03-16,10.37,10.43,10.35,10.35,48354498
2018-03-19,10.4,10.51,10.4,10.51,39232637
2018-03-20,10.45,10.48,10.43,10.45,22993257
2018-03-21,10.51,10.51,10.48,10.51,23028500
2018-03-22,10.51,10.56,10.48,10.51,28018371
2018-03-23,10.37,10.43,10.37,10.4,40063528
2018-03-26,10.35,10.4,10.35,10.37,29121553
2018-03-27,10.45,10.45,10.4,10.43,42022752
2018-03-28,10.45,10.45,10.4,10.45,20708421
2018-03-29,10.45,10.53,10.43,10.51,21508167
2018-03-30,10.51,10.51,10.45,10.45,21004846
2018-04-02,10.51,10.53,10.43,10.45,22280483
2018-04-03,10.45,10.48,10.4,10.43,29697121
2018-04-09,10.45,10.51,10.43,10.51,30934290
2018-04-10,10.51,10.61,10.48,10.61,35218013
2018-04-11,10.64,10.72,10.64,10.72,39023127
2018-04-12,10.72,10.8,10.67,10.78,28711863
2018-04-13,10.78,10.83,10.75,10.75,25428112
2018-04-16,10.75,10.8,10.72,10.8,18155002
2018-04-17,10.8,10.8,10.67,10.75,24161849
2018-04-18,10.75,10.78,10.72,10.78,16465010
2018-04-19,10.78,10.83,10.75,10.83,23609992
2018-04-20,10.83,10.91,10.78,10.91,31601341
2018-04-23,10.88,10.91,10.8,10.8,38396178
2018-04-24,10.88,10.94,10.78,10.86,36127688
2018-04-25,10.8,10.86,10.75,10.86,20274092
2018-04-26,10.86,11.07,10.86,11.02,63476208
2018-04-27,11.04,11.07,11.02,11.04,27747628
2018-04-30,11.07,11.26,11.07,11.26,50927289
2018-05-02,11.26,11.26,11.15,11.18,34517853
2018-05-03,11.15,11.15,11.02,11.02,35275185
2018-05-04,11.02,11.15,10.99,11.1,44404708
2018-05-07,11.15,11.15,11.04,11.1,34727137
2018-05-08,11.1,11.18,11.07,11.1,26394781
2018-05-09,11.1,11.12,11.07,11.1,20372585
2018-05-10,11.1,11.15,11.1,11.15,23054468
2018-05-11,11.18,11.2,11.15,11.2,23603902
2018-05-14,11.23,11.42,11.2,11.36,52274804
2018-05-15,11.36,11.42,11.31,11.34,32784054
2018-05-16,11.31,11.34,11.28,11.31,21405667
2018-05-17,11.34,11.42,11.31,11.34,27190376
2018-05-18,11.34,11.36,11.34,11.34,17498065
2018-05-21,11.34,11.39,11.34,11.39,21255891
2018-05-22,11.39,11.39,11.34,11.39,19055052
2018-05-23,11.39,11.39,11.34,11.34,22768069
2018-05-24,11.36,11.36,11.31,11.36,21924091
2018-05-25,11.36,11.36,11.34,11.34,18393824
2018-05-28,11.34,11.39,11.34,11.39,19718848
2018-05-29,11.39,11.42,11.36,11.42,19771647
2018-05-30,11.34,11.36,11.26,11.26,62873312
2018-05-31,11.28,11.34,11.2,11.2,113367584
2018-06-01,11.2,11.31,11.18,11.31,36167724
2018-06-04,11.31,11.39,11.31,11.39,25550029
2018-06-05,11.39,11.53,11.39,11.53,35479536
2018-06-06,11.53,11.71,11.53,11.69,46232636
2018-06-07,11.77,11.77,11.66,11.74,27369056
2018-06-08,11.71,11.74,11.66,11.71,23507388
2018-06-11,11.71,11.77,11.69,11.74,20466630
2018-06-12,11.74,11.77,11.69,11.77,18936662
2018-06-13,11.77,11.77,11.66,11.66,22059520
2018-06-14,11.61,11.63,11.47,11.47,42277044
2018-06-15,11.47,11.55,11.47,11.53,48951565
2018-06-19,11.45,11.47,11.36,11.36,46472700
2018-06-20,11.36,11.5,11.31,11.36,45339757
2018-06-21,11.36,11.42,11.23,11.28,74679112
2018-06-22,11.23,11.26,11.15,11.2,60722497
2018-06-25,11.2,11.42,11.2,11.34,31965667
2018-06-26,11.36,11.36,11.23,11.31,29663201
2018-06-27,11.34,11.36,11.26,11.26,24328923
2018-06-28,11.23,11.31,11.15,11.2,31814384
2018-06-29,11.2,11.39,11.2,11.39,29780113
2018-07-02,11.42,11.45,11.28,11.28,23866993
2018-07-03,11.31,11.36,11.23,11.23,25834890
2018-07-04,11.23,11.31,11.2,11.2,16011613
2018-07-05,11.26,11.28,11.18,11.2,22011198
2018-07-06,11.2,11.26,11.15,11.23,27317743
2018-07-09,11.28,11.34,11.26,11.28,19233416
2018-07-10,11.34,11.39,11.28,11.34,26831721
2018-07-11,11.31,11.42,11.31,11.39,23796580
2018-07-12,11.42,11.63,11.39,11.61,32589365
2018-07-13,11.61,11.69,11.61,11.69,31441627
2018-07-16,11.69,11.69,11.61,11.63,24820858
2018-07-17,11.66,11.69,11.63,11.63,23168462
2018-07-18,11.66,11.69,11.63,11.63,26958071
2018-07-19,11.66,11.71,11.63,11.69,40762083
2018-07-20,11.69,11.77,11.66,11.74,57602194
2018-07-23,11.74,11.9,11.71,11.9,78297383
2018-07-24,11.9,12.01,11.9,11.98,53123984
2018-07-25,12.01,12.06,11.98,12.04,84178033
2018-07-26,12.33,12.39,12.19,12.36,97344749
2018-07-27,12.33,12.33,12.25,12.27,53054589
2018-07-30,12.25,12.33,12.19,12.3,32868221
2018-07-31,12.3,12.6,12.3,12.51,43742667
2018-08-01,12.51,12.54,12.39,12.54,20548419
2018-08-02,12.54,12.54,12.42,12.45,26247100
2018-08-03,12.45,12.51,12.42,12.48,27070076
2018-08-06,12.54,12.77,12.51,12.68,25675693
2018-08-07,12.71,12.92,12.68,12.68,39551353
2018-08-08,12.77,12.86,12.77,12.86,21033812
2018-08-09,12.86,12.89,12.71,12.71,28795226
2018-08-10,12.71,12.8,12.66,12.77,17898374
2018-08-13,12.66,12.74,12.6,12.66,35337016
2018-08-14,12.68,12.77,12.66,12.71,17835690
2018-08-15,12.71,12.77,12.63,12.63,20464165
2018-08-16,12.6,12.77,12.54,12.77,27738210
2018-08-17,12.83,12.86,12.71,12.74,30287530
2018-08-20,12.77,12.83,12.74,12.77,18111748
2018-08-21,12.8,12.89,12.8,12.89,22595126
2018-08-22,12.89,13.09,12.89,13.04,29900599
2018-08-23,13.07,13.15,13.04,13.09,30687202
2018-08-24,13.09,13.15,12.98,13.04,13242652
2018-08-27,13.04,13.07,12.92,13.04,21929955
2018-08-28,13.04,13.15,13.04,13.15,25305745
2018-08-29,13.15,13.24,13.15,13.24,34507302
2018-08-30,13.24,13.24,13.09,13.15,21755790
2018-08-31,13.12,13.24,13.09,13.24,26903278
2018-09-03,13.21,13.21,13.09,13.15,17282821
2018-09-04,13.15,13.18,13.12,13.15,10435297
2018-09-05,13.12,13.15,13.04,13.04,22456289
2018-09-06,13.01,13.01,12.89,12.89,37200950
2018-09-07,12.89,13.24,12.89,13.07,52336977
2018-09-10,13.07,13.07,12.92,13.07,25246978
2018-09-11,12.95,13.09,12.92,13.07,21163287
2018-09-12,13.04,13.07,12.95,13.04,26200982
2018-09-13,13.07,13.12,13.07,13.12,20045709
2018-09-14,13.12,13.18,13.09,13.09,30695824
2018-09-17,13.12,13.12,13.04,13.07,12613926
2018-09-18,13.04,13.18,13.04,13.12,15858383
2018-09-19,13.12,13.18,13.04,13.07,19208561
2018-09-20,13.07,13.07,13.01,13.01,20981240
2018-09-21,13.01,13.27,13.01,13.27,37558769
2018-09-25,13.24,13.33,13.21,13.33,23088421
2018-09-26,13.33,13.33,13.21,13.21,12197456
2018-09-27,13.18,13.21,13.15,13.18,27916178
2018-09-28,13.15,13.21,13.12,13.21,19713096
2018-10-01,13.21,13.27,13.18,13.24,9915405
2018-10-02,13.18,13.21,13.09,13.15,23550361
2018-10-03,13.18,13.18,13.07,13.07,13812243
2018-10-04,13.07,13.12,12.95,13.01,30015353
2018-10-05,12.95,12.98,12.89,12.92,31363749
2018-10-08,12.86,13.01,12.83,12.92,27202485
2018-10-09,12.92,13.21,12.89,13.09,31413934
2018-10-11,12.89,12.89,12.48,12.66,110041286
2018-10-12,12.51,12.74,12.39,12.74,52459971
2018-10-15,12.66,12.66,12.48,12.6,49628158
2018-10-16,12.57,12.6,12.39,12.45,45536525
2018-10-17,12.51,12.57,12.42,12.48,38276864
2018-10-18,12.45,12.54,12.42,12.48,21719477
2018-10-19,12.42,12.42,12.3,12.42,30026405
2018-10-22,12.33,12.36,12.25,12.25,34903162
2018-10-23,12.19,12.22,12.01,12.04,49960527
2018-10-24,11.92,11.95,11.75,11.95,55752612
2018-10-25,11.66,11.81,11.51,11.69,54454991
2018-10-26,11.75,11.81,11.63,11.63,41666953
2018-10-29,11.6,11.63,11.48,11.48,46406805
2018-10-30,11.48,11.72,11.48,11.63,26159003
2018-10-31,11.72,12.01,11.72,12.01,48838981
2018-11-01,12.01,12.04,11.86,11.92,24360269
2018-11-02,11.95,12.27,11.86,12.27,32194420
2018-11-05,12.13,12.25,12.07,12.25,24692480
2018-11-06,12.25,12.27,12.16,12.27,23042223
2018-11-07,12.22,12.42,12.22,12.36,29252603
2018-11-08,12.48,12.51,12.33,12.51,32087924
2018-11-09,12.48,12.51,12.36,12.42,18965222
2018-11-12,12.39,12.42,12.33,12.36,14291574
2018-11-13,12.27,12.42,12.19,12.36,23172851
2018-11-14,12.36,12.45,12.3,12.45,17692956
2018-11-15,12.48,12.48,12.25,12.45,19293212
2018-11-16,12.48,12.48,12.36,12.48,20716759
2018-11-19,12.51,12.54,12.39,12.39,24531774
2018-11-20,12.36,12.39,12.27,12.3,20461470
2018-11-21,12.25,12.27,12.19,12.27,23170935
2018-11-22,12.27,12.27,12.19,12.22,22377585
2018-11-23,12.19,12.25,12.13,12.16,17833038
2018-11-26,12.22,12.33,12.16,12.16,23453257
2018-11-27,12.19,12.22,12.04,12.13,25281410
2018-11-28,12.13,12.19,12.1,12.16,22384309
2018-11-29,12.19,12.22,12.1,12.1,19693611
2018-11-30,12.1,12.22,12.1,12.19,33828228
2018-12-03,12.27,12.3,12.22,12.3,36244372
2018-12-04,12.27,12.27,12.19,12.25,20277749
2018-12-05,12.19,12.19,12.07,12.1,21048488
2018-12-06,12.1,12.1,11.98,11.98,39681167
2018-12-07,11.98,11.98,11.92,11.92,29501930
2018-12-10,11.92,11.95,11.84,11.84,15039581
2018-12-11,11.84,11.86,11.81,11.84,20164539
2018-12-12,11.89,11.98,11.86,11.98,10606007
2018-12-13,12.01,12.13,12.01,12.07,18416117
2018-12-14,12.1,12.13,11.98,12.01,15813055
2018-12-17,11.98,12.01,11.95,11.95,11275522
2018-12-18,11.92,11.92,11.72,11.75,48475577
2018-12-19,11.78,11.84,11.75,11.84,17943320
2018-12-20,11.75,11.84,11.75,11.75,12293690
2018-12-21,11.75,11.84,11.72,11.72,21186596
2018-12-24,11.72,11.84,11.72,11.84,14998553
2018-12-25,11.72,11.78,11.69,11.75,8112824
2018-12-26,11.75,11.81,11.72,11.72,6699762
2018-12-27,11.84,11.86,11.81,11.86,11945503
2018-12-28,11.86,11.89,11.75,11.78,23855935
2019-01-02,11.81,11.92,11.78,11.78,15021552
2019-01-03,11.78,11.86,11.78,11.78,12079096
2019-01-04,11.75,11.84,11.72,11.84,18991037
2019-01-07,11.92,11.92,11.84,11.89,24215648
2019-01-08,11.92,11.95,11.84,11.89,25518274
2019-01-09,11.95,12.16,11.95,12.13,43147032
2019-01-10,12.13,12.25,12.07,12.25,20412165
2019-01-11,12.27,12.3,12.22,12.3,29192368
2019-01-14,12.3,12.33,12.25,12.3,14708063
2019-01-15,12.3,12.39,12.27,12.36,25260342
2019-01-16,12.36,12.36,12.27,12.3,17501525
2019-01-17,12.16,12.3,12.16,12.27,29097822
2019-01-18,12.27,12.42,12.25,12.42,24288323
2019-01-21,12.42,12.54,12.42,12.54,24410639
2019-01-22,12.51,12.54,12.42,12.51,22320509
2019-01-23,12.39,12.42,12.33,12.39,12048553
2019-01-24,12.33,12.39,12.27,12.39,23140989
2019-01-25,12.33,12.45,12.3,12.42,27922800
2019-01-28,12.42,12.48,12.36,12.48,18221063
2019-01-29,12.48,12.51,12.36,12.45,24898044
2019-01-30,12.42,12.54,12.39,12.51,32411491
2019-02-11,12.63,12.63,12.54,12.57,28554516
2019-02-12,12.57,12.71,12.57,12.66,27360239
2019-02-13,12.71,12.86,12.71,12.83,49860661
2019-02-14,12.83,12.86,12.77,12.77,20243341
2019-02-15,12.77,12.77,12.6,12.63,24577408
2019-02-18,12.71,12.77,12.63,12.71,20840928
2019-02-19,12.71,12.71,12.66,12.66,17453692
2019-02-20,12.68,12.77,12.66,12.77,26257532
2019-02-21,12.77,12.8,12.71,12.77,14075877
2019-02-22,12.77,12.8,12.71,12.8,12211266
2019-02-25,12.8,12.89,12.77,12.89,23165334
2019-02-26,12.89,12.95,12.89,12.89,24635202
2019-02-27,12.89,12.95,12.86,12.95,22541835
2019-03-04,12.95,12.98,12.83,12.98,29965408
2019-03-05,12.95,13.01,12.92,12.98,14869559
2019-03-06,12.98,13.01,12.95,13.01,11503361
2019-03-07,13.04,13.12,13.01,13.01,26818006
2019-03-08,13.01,13.01,12.92,12.95,20479107
2019-03-11,12.95,13.04,12.95,12.95,18499845
2019-03-12,13.01,13.12,12.98,13.12,21886718
2019-03-13,13.12,13.12,13.07,13.12,13707289
2019-03-14,13.12,13.15,13.09,13.09,16024209
2019-03-15,13.12,13.21,13.12,13.18,34687760
2019-03-18,13.42,13.56,13.42,13.53,61969719
2019-03-19,13.53,13.65,13.53,13.65,43235622
2019-03-20,13.65,13.68,13.56,13.65,41441668
2019-03-21,13.65,13.68,13.56,13.68,28681601
2019-03-22,13.68,13.83,13.65,13.83,36798095
2019-03-25,13.71,13.83,13.68,13.74,33459062
2019-03-26,13.77,13.86,13.74,13.8,30242180
2019-03-27,13.83,13.83,13.74,13.74,38504558
2019-03-28,13.71,13.83,13.68,13.83,27600959
2019-03-29,13.83,13.91,13.77,13.91,28172763
2019-04-01,13.94,14.03,13.91,13.97,27871831
2019-04-02,14.0,14.06,13.97,14.06,24408890
2019-04-03,14.06,14.06,13.94,14.06,33953837
2019-04-08,14.06,14.15,14.0,14.03,34287763
2019-04-09,14.06,14.06,13.94,14.06,37984638
2019-04-10,14.03,14.06,14.0,14.06,19524446
2019-04-11,14.03,14.06,13.94,14.0,24538019
2019-04-12,14.0,14.0,13.89,13.97,37202011
2019-04-15,13.97,14.06,13.89,14.06,28671730
2019-04-16,14.03,14.06,14.0,14.0,11523167
2019-04-17,14.03,14.06,14.03,14.03,12621737
2019-04-18,14.0,14.06,14.0,14.06,14823385
2019-04-19,14.06,14.12,14.03,14.12,11810307
2019-04-22,14.15,14.18,14.12,14.18,15623078
2019-04-23,14.18,14.24,14.15,14.21,21415887
2019-04-24,14.24,14.3,14.21,14.21,24760964
2019-04-25,14.21,14.27,14.18,14.21,15382685
2019-04-26,14.27,14.53,14.24,14.5,32702440
2019-04-29,14.62,15.12,14.62,14.88,42387719
2019-04-30,14.88,14.91,14.79,14.85,25242499
2019-05-02,14.85,14.97,14.85,14.94,25140958
2019-05-03,14.94,14.97,14.79,14.82,30311793
2019-05-06,14.71,14.71,14.47,14.65,52459402
2019-05-07,14.65,14.79,14.65,14.74,26198772
2019-05-08,14.65,14.74,14.62,14.71,23177146
2019-05-09,14.71,14.79,14.65,14.65,31870464
2019-05-10,14.65,14.79,14.65,14.65,25220252
2019-05-13,14.68,14.76,14.65,14.76,25012017
2019-05-14,14.59,14.76,14.59,14.65,36565669
2019-05-15,14.68,14.79,14.68,14.74,22054150
2019-05-16,14.82,14.82,14.71,14.71,21725401
2019-05-17,14.74,14.82,14.74,14.74,22820267
2019-05-20,14.76,14.94,14.74,14.94,22217607
2019-05-21,14.94,15.53,14.91,15.35,67728627
2019-05-22,15.32,15.38,15.15,15.26,34851924
2019-05-23,15.23,15.23,15.12,15.2,24271557
2019-05-24,15.2,15.35,15.17,15.29,29932834
2019-05-27,15.35,15.47,15.32,15.44,25188763
2019-05-28,15.47,15.64,15.47,15.61,58637410
2019-05-29,15.58,15.61,15.53,15.58,26295530
2019-05-30,15.64,15.94,15.61,15.94,47004094
2019-05-31,15.94,16.2,15.85,16.05,43083969
2019-06-03,15.99,16.02,15.76,15.94,44039225
2019-06-04,15.94,16.05,15.85,16.05,25167553
2019-06-05,16.05,16.11,15.97,15.97,22958833
2019-06-06,15.91,16.08,15.88,16.05,35339914
2019-06-10,16.05,16.08,15.94,15.99,33972545
2019-06-11,15.99,15.99,15.41,15.56,99090512
2019-06-12,15.44,15.44,14.76,15.12,136210609
2019-06-13,14.97,15.15,14.88,14.97,59508811
2019-06-14,14.97,15.26,14.97,15.17,36558516
2019-06-17,15.2,15.41,15.12,15.17,37404661
2019-06-18,15.2,15.26,15.12,15.2,27153809
2019-06-19,15.29,15.44,15.23,15.44,42250898
2019-06-20,15.53,15.56,15.35,15.41,33875091
2019-06-21,15.41,15.44,15.32,15.38,38943886
2019-06-24,15.32,15.53,15.32,15.53,25321181
2019-06-25,15.53,15.53,15.41,15.5,20420772
2019-06-26,15.5,15.5,15.41,15.41,14503759
2019-06-27,15.41,15.5,15.38,15.44,34294007
2019-06-28,15.41,15.44,15.23,15.23,37040373
2019-07-01,15.32,15.35,15.09,15.23,49879384
2019-07-02,15.17,15.17,15.12,15.17,24027150
2019-07-03,15.12,15.29,15.12,15.29,18917611
2019-07-04,15.32,15.47,15.32,15.47,16360897
2019-07-05,15.47,15.53,15.47,15.5,14295288
2019-07-08,15.5,15.53,15.41,15.44,15239674
2019-07-09,15.5,15.5,15.35,15.35,16640798
2019-07-10,15.47,15.53,15.44,15.53,23543109
2019-07-11,15.64,15.94,15.61,15.94,51435679
2019-07-12,16.02,16.08,15.94,16.02,29971827
2019-07-15,16.05,16.11,15.94,16.11,29047741
2019-07-16,16.11,16.11,15.97,16.02,22303339
2019-07-17,15.97,15.99,15.91,15.91,25343202
2019-07-18,15.91,15.99,15.88,15.94,20203844
2019-07-19,15.99,16.11,15.99,16.11,26635202
2019-07-22,16.14,16.4,16.14,16.38,50043228
2019-07-23,16.38,16.46,16.35,16.46,52397986
2019-07-24,16.49,16.58,16.4,16.46,74056189
2019-07-25,16.74,17.32,16.74,16.93,142401080
2019-07-26,16.96,16.96,16.77,16.84,51543867
2019-07-29,16.84,16.84,16.61,16.64,47217740
2019-07-30,16.64,16.71,16.48,16.51,31235180
2019-07-31,16.51,16.84,16.48,16.74,37032084
2019-08-01,16.61,16.64,16.48,16.48,52468468
2019-08-02,16.26,16.35,16.16,16.26,50007255
2019-08-05,16.22,16.22,16.03,16.1,47530356
2019-08-06,15.77,16.22,15.68,16.1,47166701
2019-08-07,16.16,16.19,16.0,16.06,26829372
2019-08-08,16.1,16.35,16.1,16.26,23888544
2019-08-12,16.26,16.29,16.19,16.19,23470990
2019-08-13,16.19,16.22,16.06,16.06,22771287
2019-08-14,16.13,16.32,16.13,16.13,20483803
2019-08-15,15.97,16.06,15.93,16.06,17801970
2019-08-16,16.06,16.26,15.97,16.16,27351823
2019-08-19,16.22,16.42,16.13,16.35,28730121
2019-08-20,16.42,16.42,16.26,16.26,21452806
2019-08-21,16.22,16.22,16.1,16.1,21093898
2019-08-22,16.13,16.16,16.0,16.0,23717624
2019-08-23,15.97,16.1,15.97,16.06,20441795
2019-08-26,15.9,16.03,15.87,15.93,20289902
2019-08-27,15.97,16.1,15.97,16.03,30843552
2019-08-28,16.06,16.16,16.03,16.06,14949371
2019-08-29,16.06,16.06,15.97,16.06,18391197
2019-08-30,16.13,16.26,16.1,16.26,22095185
2019-09-02,16.26,16.45,16.22,16.35,20679952
2019-09-03,16.39,16.58,16.35,16.42,26875786
2019-09-04,16.42,16.45,16.26,16.29,18814384
2019-09-05,16.39,16.42,16.26,16.32,19585429
2019-09-06,16.32,16.42,16.32,16.42,11182584
2019-09-10,16.77,17.06,16.77,17.06,51388671
2019-09-11,17.13,17.19,16.96,17.09,32610414
2019-09-12,17.16,17.16,17.0,17.0,24629579
2019-09-16,17.06,17.06,16.87,16.96,23667463
2019-09-17,16.93,16.96,16.8,16.96,23789981
2019-09-18,17.0,17.13,16.96,17.13,21641382
2019-09-19,17.13,17.13,17.0,17.13,19021131
2019-09-20,17.13,17.25,17.03,17.25,37012453
2019-09-23,17.22,17.22,17.13,17.13,17834720
2019-09-24,17.13,17.25,17.06,17.22,25659875
2019-09-25,17.19,17.19,17.06,17.09,19131805
2019-09-26,17.09,17.13,17.0,17.0,15452677
2019-09-27,17.0,17.03,16.9,16.9,18542471
2019-10-01,16.96,17.06,16.93,17.06,20710107
2019-10-02,16.96,17.03,16.93,17.0,13921895
2019-10-03,16.87,16.93,16.8,16.87,16830836
2019-10-04,16.87,16.93,16.84,16.84,17510683
2019-10-07,16.87,16.93,16.87,16.9,10623893
2019-10-08,17.06,17.16,16.93,16.93,22192720
2019-10-09,16.93,17.03,16.8,16.9,24910204
2019-10-14,17.03,17.06,16.9,16.93,22095549
2019-10-15,16.93,17.0,16.87,17.0,17858685
2019-10-16,17.0,17.09,16.93,17.0,29512590
2019-10-17,17.0,17.03,16.96,16.96,19790627
2019-10-18,17.03,17.03,16.93,17.0,19719731
2019-10-21,16.96,17.03,16.9,16.93,20397074
2019-10-22,16.93,17.09,16.93,17.09,20746685
2019-10-23,17.06,17.09,16.96,16.96,14641275
2019-10-24,17.0,17.19,17.0,17.19,20109965
2019-10-25,17.22,17.22,17.13,17.19,13816979
2019-10-28,17.19,17.25,17.19,17.25,11925905
2019-10-29,17.32,17.32,17.25,17.32,16020608
2019-10-30,17.35,17.7,17.32,17.64,53232881
2019-10-31,17.7,17.96,17.67,17.74,52560452
2019-11-01,17.67,17.7,17.51,17.7,27213911
2019-11-04,17.74,17.87,17.7,17.87,18892612
2019-11-05,17.93,17.96,17.87,17.96,25579749
2019-11-06,17.99,17.99,17.83,17.99,19627752
2019-11-07,17.93,17.93,17.74,17.77,29888675
2019-11-08,17.9,17.9,17.77,17.77,17329236
2019-11-11,17.77,17.77,17.51,17.58,33198520
2019-11-12,17.58,17.67,17.51,17.54,21447906
2019-11-13,17.54,17.58,17.48,17.48,18896372
2019-11-14,17.48,17.51,17.38,17.42,18037995
2019-11-15,17.48,17.61,17.48,17.54,15862138
2019-11-18,17.61,17.7,17.58,17.7,13726063
2019-11-19,17.67,17.8,17.64,17.8,14389675
2019-11-20,17.74,17.77,17.58,17.74,18986740
2019-11-21,17.58,17.61,17.51,17.61,29318109
2019-11-22,17.64,17.64,17.51,17.58,15927781
2019-11-25,17.58,17.58,17.45,17.48,23383120
2019-11-26,17.58,17.64,17.51,17.51,52903888
2019-11-27,17.54,17.58,17.45,17.58,24524056
2019-11-28,17.58,17.58,17.48,17.48,12876478
2019-11-29,17.48,17.48,17.38,17.42,23719077
2019-12-02,17.42,17.54,17.38,17.54,20567270
2019-12-03,17.54,17.64,17.51,17.61,17837418
2019-12-04,17.54,17.58,17.45,17.54,20538049
2019-12-05,17.58,17.67,17.48,17.48,17942185
2019-12-06,17.58,17.58,17.48,17.48,10428669
2019-12-09,17.54,17.54,17.48,17.54,12188772
2019-12-10,17.51,17.58,17.48,17.58,10965778
2019-12-11,17.54,17.58,17.51,17.58,11426700
2019-12-12,17.61,17.7,17.61,17.64,20388649
2019-12-13,17.7,17.74,17.64,17.74,25097644
2019-12-16,17.8,17.87,17.74,17.77,105103
2019-12-17,17.8,17.87,17.74,17.87,21317074
2019-12-18,17.87,17.93,17.8,17.93,23472458
2019-12-19,17.93,17.93,17.8,17.87,18335598
2019-12-20,17.87,17.93,17.8,17.87,30820716
2019-12-23,17.87,17.96,17.83,17.96,16801573
2019-12-24,17.96,17.99,17.93,17.96,12354939
2019-12-25,17.99,17.99,17.93,17.96,6425640
2019-12-26,17.99,17.99,17.93,17.93,7485202
2019-12-27,17.96,17.99,17.93,17.99,8975686
2019-12-30,17.99,18.03,17.96,18.03,15856754
2019-12-31,17.99,18.03,17.96,17.96,11832430
2020-01-02,17.99,17.99,17.9,17.99,13560907
2020-01-03,17.99,18.03,17.93,18.03,16487764
2020-01-06,17.96,17.96,17.9,17.9,15751610
2020-01-07,17.9,17.93,17.8,17.9,15940570
2020-01-08,17.9,17.93,17.8,17.83,18929361
2020-01-09,17.87,17.99,17.87,17.96,16721230
2020-01-10,18.03,18.16,17.99,18.09,33281794
2020-01-13,18.16,18.38,18.12,18.38,35675469
2020-01-14,18.38,18.64,18.35,18.45,42626301
2020-01-15,18.51,18.54,18.35,18.41,26485063
2020-01-16,18.48,18.57,18.41,18.57,20493732
2020-01-17,18.61,18.67,18.51,18.67,29870637
2020-01-20,18.7,18.9,18.7,18.86,33322808
2020-01-30,18.16,18.48,18.09,18.09,134516759
2020-01-31,18.06,18.41,18.06,18.09,66295264
2020-02-03,17.7,18.09,17.51,18.06,63067025
2020-02-04,17.8,18.45,17.77,18.45,37625423
2020-02-05,18.61,18.64,18.35,18.57,38481673
2020-02-06,18.67,18.77,18.64,18.74,31972288
2020-02-07,18.64,18.67,18.38,18.48,31278159
2020-02-10,18.35,18.48,18.25,18.48,29400514
2020-02-11,18.54,18.61,18.45,18.51,16063179
2020-02-12,18.51,18.57,18.48,18.51,17012592
2020-02-13,18.61,18.74,18.61,18.67,28234863
2020-02-14,18.67,18.7,18.57,18.61,23202332
2020-02-17,18.61,18.67,18.51,18.67,19276971
2020-02-18,18.64,18.74,18.61,18.74,19926055
2020-02-19,18.8,19.25,18.77,19.22,53411169
2020-02-20,19.31,19.51,19.31,19.31,43676384
2020-02-21,19.31,19.38,19.22,19.22,22047399
2020-02-24,19.09,19.15,18.99,18.99,35142986
2020-02-25,18.7,19.12,18.67,19.02,35228714
2020-02-26,18.83,18.96,18.8,18.86,42890841
2020-02-27,18.9,18.96,18.61,18.7,60232388
2020-03-02,18.35,18.61,18.35,18.45,71049796
2020-03-03,18.74,18.83,18.54,18.54,28677282
2020-03-04,18.51,18.67,18.41,18.67,28049742
2020-03-05,18.74,18.99,18.74,18.99,36634185
2020-03-06,18.86,18.9,18.67,18.74,34681107
2020-03-09,18.35,18.41,18.06,18.12,99706373
2020-03-10,17.67,18.22,17.67,18.03,79142701
2020-03-11,18.06,18.12,17.9,17.9,56776632
2020-03-12,17.93,17.96,17.22,17.42,171562817
2020-03-13,16.26,17.19,16.1,17.06,170725851
2020-03-16,16.77,16.87,16.22,16.22,116187064
2020-03-17,15.39,15.71,15.16,15.16,215797993
2020-03-18,14.68,14.97,14.29,14.29,214667222
2020-03-19,13.33,13.36,12.88,12.88,290413097
2020-03-20,13.13,14.16,13.13,14.16,246463087
2020-03-23,13.17,14.04,13.04,13.65,89907399
2020-03-24,14.26,14.87,14.26,14.52,109822639
2020-03-25,15.32,15.84,15.32,15.58,160481524
2020-03-26,15.74,15.81,15.03,15.52,87513395
2020-03-27,16.03,16.03,15.52,15.58,91118779
2020-03-30,15.07,15.68,15.0,15.52,63552399
2020-03-31,15.77,15.87,15.52,15.61,54302885
2020-04-01,15.64,15.74,15.52,15.61,42624606
2020-04-06,15.68,15.74,15.26,15.61,73469978
2020-04-07,15.77,15.84,15.71,15.84,57479548
2020-04-08,15.77,16.1,15.71,16.1,56033496
2020-04-09,16.13,16.58,16.13,16.42,64192886
2020-04-10,16.45,16.67,16.42,16.64,45592429
2020-04-13,16.61,16.64,16.29,16.42,47021999
2020-04-14,16.42,16.93,16.35,16.77,68462967
2020-04-15,16.96,17.16,16.93,17.16,62483713
2020-04-16,17.0,17.06,16.84,17.0,49993377
2020-04-17,17.16,17.29,16.9,16.93,57438135
2020-04-20,16.93,16.93,16.71,16.87,36714657
2020-04-21,16.74,16.8,16.42,16.48,67894240
2020-04-22,16.1,16.42,16.1,16.32,47257252
2020-04-23,16.45,16.64,16.29,16.42,40627493
2020-04-24,16.42,16.58,16.42,16.55,23701081
2020-04-27,16.8,16.9,16.64,16.87,35176901
2020-04-28,17.0,17.06,16.87,17.0,29475573
2020-04-29,17.06,17.29,17.03,17.22,46766861
2020-04-30,17.38,17.64,17.35,17.58,63255903
2020-05-04,17.09,17.38,17.06,17.25,46374458
2020-05-05,17.35,17.48,17.19,17.29,24654091
2020-05-06,17.25,17.32,17.09,17.29,27805713
2020-05-07,17.29,17.38,17.19,17.25,26609630
2020-05-08,17.29,17.38,17.25,17.29,29208998
2020-05-11,17.42,17.48,17.38,17.42,40554390
2020-05-12,17.35,17.38,17.29,17.29,34254002
2020-05-13,17.25,17.48,17.22,17.48,23533425
2020-05-14,17.42,17.42,17.25,17.32,29366872
2020-05-15,17.38,17.45,17.25,17.35,24512581
2020-05-18,17.35,17.38,17.22,17.25,35990974
2020-05-19,17.45,17.48,17.32,17.32,33207813
2020-05-20,17.45,17.48,17.32,17.38,30627112
2020-05-21,17.42,17.45,17.32,17.38,31072232
2020-05-22,17.35,17.38,17.22,17.22,55446700
2020-05-25,17.22,17.29,17.09,17.29,23917211
2020-05-26,17.38,17.45,17.32,17.32,35845120
2020-05-27,17.32,17.38,17.32,17.35,31102908
2020-05-28,17.35,17.38,17.22,17.25,53316853
2020-05-29,17.25,17.38,17.16,17.16,114878545
2020-06-01,17.25,17.48,17.22,17.42,33900442
2020-06-02,17.42,17.77,17.38,17.74,57238148
2020-06-03,17.9,18.25,17.9,18.16,58336372
2020-06-04,18.22,18.25,17.9,18.09,57857256
2020-06-05,18.03,18.09,17.96,18.03,37939519
2020-06-08,18.09,18.12,18.03,18.09,37673633
2020-06-09,18.09,18.16,17.99,18.16,40056234
2020-06-10,18.16,18.25,18.09,18.25,38721689
2020-06-11,18.25,18.32,18.03,18.03,57395443
2020-06-12,17.64,17.93,17.51,17.8,85518546
2020-06-15,17.8,17.9,17.7,17.7,43728057
2020-06-16,17.87,18.16,17.87,18.06,40614955
2020-06-17,18.06,18.12,17.96,18.06,33727772
2020-06-18,18.06,18.06,17.93,18.03,18573699
2020-06-19,18.03,18.03,17.9,17.9,40288211
2020-06-22,17.9,17.93,17.83,17.9,23142951
2020-06-23,17.9,18.03,17.83,17.99,24816289
2020-06-24,17.99,18.06,17.93,17.99,22477272
2020-06-29,17.9,17.93,17.8,17.9,31403503
2020-06-30,17.9,17.93,17.83,17.9,32599646
2020-07-01,17.9,18.03,17.9,18.03,16758930
2020-07-02,18.06,18.09,17.96,18.06,22195543
2020-07-03,18.06,18.12,18.03,18.09,29845023
2020-07-06,18.09,18.28,18.09,18.28,40833375
2020-07-07,18.35,18.35,18.09,18.22,36360905
2020-07-08,18.22,18.35,18.22,18.32,30966491
2020-07-09,18.35,18.41,18.22,18.22,27705189
2020-07-10,18.19,18.25,18.03,18.22,36594233
2020-07-13,18.35,18.57,18.32,18.54,47303949
2020-07-14,18.67,18.67,18.54,18.54,32445570
2020-07-15,18.57,18.67,18.54,18.57,32917144
2020-07-16,18.64,18.67,18.57,18.64,35664682
2020-07-17,18.67,18.86,18.64,18.77,36813038
2020-07-20,18.77,18.86,18.74,18.83,35793065
2020-07-21,18.83,18.9,18.8,18.83,39680590
2020-07-22,18.83,18.86,18.67,18.8,53510481
2020-07-23,18.7,18.77,18.7,18.74,39466710
2020-07-24,18.67,18.7,18.61,18.64,69800684
2020-07-27,18.67,18.7,18.57,18.64,112660748
2020-07-28,18.94,19.34,18.77,19.3,207433072
2020-07-29,19.3,19.88,19.3,19.48,64304845
2020-07-30,19.63,19.66,19.34,19.52,34807761
2020-07-31,19.52,19.52,19.41,19.41,27882673
2020-08-03,19.37,19.37,19.2,19.2,45223372
2020-08-04,19.23,19.41,19.23,19.41,27917377
2020-08-05,19.41,19.41,19.27,19.27,30467345
2020-08-06,19.3,19.37,19.23,19.34,25492326
2020-08-07,19.34,19.34,19.27,19.27,14926219
2020-08-10,19.27,19.34,19.23,19.23,23224369
2020-08-11,19.23,19.34,19.2,19.23,19637780
2020-08-12,19.27,19.3,19.2,19.23,17391341
2020-08-13,19.37,19.37,19.27,19.34,14356951
2020-08-14,19.34,19.37,19.23,19.3,16230800
2020-08-17,19.3,19.41,19.23,19.41,23789843
2020-08-18,19.48,19.7,19.41,19.7,28992464
2020-08-19,19.84,20.06,19.73,19.73,36551145
2020-08-20,19.73,19.88,19.23,19.37,51165960
2020-08-21,19.48,19.63,19.41,19.63,22864031
2020-08-24,19.59,19.59,19.37,19.37,17209954
2020-08-25,19.41,19.66,19.37,19.52,14788764
2020-08-26,19.63,19.63,19.52,19.59,23810465
2020-08-27,19.59,19.59,19.45,19.48,19738643
2020-08-28,19.48,19.55,19.41,19.48,20147056
2020-08-31,19.48,19.55,19.37,19.48,30480351
2020-09-01,19.48,19.48,19.34,19.48,28055946
2020-09-02,19.41,19.41,19.2,19.27,49844718
2020-09-03,19.3,19.3,19.12,19.23,25673657
2020-09-04,19.12,19.16,19.09,19.09,33020689
2020-09-07,19.05,19.16,18.98,19.12,28158837
2020-09-08,18.98,19.09,18.98,19.05,22738621
2020-09-09,18.94,19.05,18.8,19.05,35173528
2020-09-10,19.12,19.12,18.98,19.12,14502255
2020-09-11,19.05,19.12,19.02,19.12,12807181
2020-09-14,19.09,19.12,18.98,19.05,13835220
2020-09-15,19.02,19.05,18.98,19.05,13938504
2020-09-16,19.05,19.12,19.02,19.12,13876747
2020-09-17,19.05,19.05,18.98,19.05,17505428
2020-09-18,19.05,19.05,18.91,18.91,32884101
2020-09-21,18.87,18.87,18.66,18.66,38498248
2020-09-22,18.62,18.62,18.3,18.34,51492681
2020-09-23,18.34,18.41,18.26,18.3,31417181
2020-09-24,18.16,18.16,17.8,17.83,74957041
2020-09-25,17.87,18.34,17.87,18.12,34875571
2020-09-28,18.26,18.59,18.26,18.55,23785609
2020-09-29,18.62,18.66,18.44,18.48,16536669
2020-09-30,18.55,18.59,18.34,18.34,16370444
2020-10-05,18.34,18.41,18.19,18.23,27371058
2020-10-06,18.34,18.55,18.3,18.44,19536976
2020-10-07,18.41,18.44,18.34,18.34,13806877
2020-10-08,18.26,18.26,18.12,18.16,30985243
2020-10-12,18.12,18.19,17.94,18.16,30409446
2020-10-13,18.12,18.16,17.94,18.01,19310725
2020-10-14,18.05,18.09,17.98,18.01,20724463
2020-10-15,17.98,18.01,17.83,17.94,31989987
2020-10-16,17.91,17.91,17.8,17.83,31414904
2020-10-19,17.83,17.91,17.73,17.73,33798803
2020-10-20,17.73,17.73,17.55,17.69,30777870
2020-10-21,17.69,17.69,17.55,17.55,34307596
2020-10-22,17.55,17.76,17.55,17.76,28214446
2020-10-23,17.76,17.87,17.62,17.73,24041905
2020-10-26,17.69,18.01,17.69,17.87,27847323
2020-10-27,17.8,17.8,17.69,17.73,20369347
2020-10-28,17.73,17.76,17.62,17.69,20037947
2020-10-29,17.55,17.58,17.41,17.44,40301388
2020-10-30,17.41,17.48,17.33,17.41,41793946
2020-11-02,17.37,17.62,17.37,17.62,18289843
2020-11-03,17.73,17.83,17.66,17.83,17802007
2020-11-04,17.87,17.94,17.76,17.8,20874349
2020-11-05,17.87,17.94,17.83,17.94,23140139
2020-11-06,17.98,18.12,17.94,18.12,24894566
2020-11-09,18.19,18.26,18.05,18.23,36463371
2020-11-10,18.3,18.55,18.26,18.48,35634351
2020-11-11,18.55,18.98,18.55,18.98,85421349
2020-11-12,18.98,19.02,18.62,18.73,28158450
2020-11-13,18.69,18.73,18.55,18.69,23397505
2020-11-16,18.77,18.8,18.62,18.73,30709067
2020-11-17,18.66,18.69,18.55,18.69,23920417
2020-11-18,18.59,18.62,18.44,18.52,47455987
2020-11-19,18.34,18.44,18.19,18.37,45949281
2020-11-20,18.34,18.34,18.09,18.16,48138077
2020-11-23,18.16,18.37,18.16,18.34,27316673
2020-11-24,18.37,18.44,18.26,18.44,22514244
2020-11-25,18.37,18.41,18.19,18.19,36213339
2020-11-26,18.19,18.34,18.19,18.3,17122293
2020-11-27,18.26,18.3,18.19,18.23,25051215
2020-11-30,18.23,18.26,18.01,18.01,64803774
2020-12-01,18.05,18.12,18.01,18.12,29260802
2020-12-02,18.05,18.12,17.98,18.12,32426297
2020-12-03,18.09,18.12,18.01,18.09,18243743
2020-12-04,18.12,18.19,18.09,18.19,27126059
2020-12-07,18.19,18.23,18.01,18.01,28719744
2020-12-08,17.91,17.94,17.83,17.94,46619009
2020-12-09,17.91,17.98,17.91,17.98,29049487
2020-12-10,17.98,18.05,17.91,17.91,20630386
2020-12-11,17.94,18.09,17.91,17.98,23679089
2020-12-14,17.98,18.05,17.91,17.91,26527317
2020-12-15,17.91,17.91,17.8,17.8,35047999
2020-12-16,17.8,18.09,17.8,18.09,22549122
2020-12-17,18.09,18.19,18.01,18.12,21230240
2020-12-18,18.12,18.16,18.01,18.01,20869544
2020-12-21,18.01,18.12,17.94,18.12,15412309
2020-12-22,18.05,18.05,17.91,17.91,16268812
2020-12-23,17.87,17.98,17.83,17.87,16089099
2020-12-24,17.91,17.94,17.87,17.87,13571060
2020-12-25,17.91,17.98,17.87,17.91,14822486
2020-12-28,17.91,17.91,17.83,17.87,17774452
2020-12-29,17.87,17.91,17.83,17.91,16929268
2020-12-30,17.94,18.41,17.91,18.41,40137384
2020-12-31,18.48,18.48,18.19,18.3,22539519
2021-01-04,18.23,18.26,18.05,18.16,24400910
2021-01-05,18.12,18.16,18.01,18.12,20106128
2021-01-06,18.01,18.12,17.98,18.05,29692426
2021-01-07,18.05,18.09,18.01,18.05,26020055
2021-01-08,18.01,18.26,17.98,18.26,39799070
2021-01-11,18.23,18.26,18.16,18.26,23207955
2021-01-12,18.16,18.23,18.05,18.12,21467605
2021-01-13,18.12,18.23,18.05,18.12,19377293
2021-01-14,18.12,18.19,17.98,18.05,27999051
2021-01-15,18.01,18.05,17.91,17.91,30896150
2021-01-18,17.91,17.91,17.76,17.83,35218934
2021-01-19,17.83,17.87,17.8,17.83,24790045
2021-01-20,17.8,17.8,17.58,17.58,59141531
2021-01-21,17.58,17.69,17.55,17.55,39451303
2021-01-22,17.55,17.58,17.41,17.41,44964152
2021-01-25,17.33,17.41,17.26,17.37,38066323
2021-01-26,17.3,17.41,17.19,17.26,41639642
2021-01-27,17.33,17.55,17.3,17.33,29882775
2021-01-28,17.19,17.3,17.19,17.19,51981920
2021-01-29,17.19,17.19,16.9,16.9,83921901
2021-02-01,16.9,17.19,16.9,17.12,28039217
2021-02-02,17.12,17.33,16.98,17.26,26566018
2021-02-03,17.26,17.3,17.15,17.15,26067728
2021-02-04,17.12,17.3,17.05,17.19,27509612
2021-02-05,17.19,17.3,17.15,17.26,22997070
2021-02-17,17.33,17.83,17.33,17.69,60084127
2021-02-18,17.73,17.91,17.73,17.83,26242787
2021-02-19,17.83,17.87,17.69,17.83,22620450
2021-02-22,17.8,17.91,17.76,17.8,26757691
2021-02-23,17.8,18.12,17.8,18.09,40068124
2021-02-24,18.12,18.26,18.12,18.16,30164594
2021-02-25,18.23,18.44,18.19,18.44,42090828
2021-02-26,18.3,18.3,18.01,18.09,67194158
2021-03-02,18.16,18.3,17.98,18.01,35262873
2021-03-03,18.05,18.19,18.05,18.09,30191578
2021-03-04,18.09,18.12,17.91,17.98,34704703
2021-03-05,17.91,18.09,17.83,17.94,25546215
2021-03-08,18.01,18.19,17.98,18.01,29722603
2021-03-09,18.16,18.41,18.12,18.41,52535938
2021-03-10,18.59,18.77,18.52,18.62,50248568
2021-03-11,18.69,18.77,18.55,18.55,38067203
2021-03-12,18.59,18.59,18.44,18.59,22701032
2021-03-15,18.59,18.69,18.52,18.69,30383111
2021-03-16,18.73,18.77,18.69,18.77,31509613
2021-03-17,18.77,18.77,18.62,18.62,26063523
2021-03-18,18.66,18.77,18.66,18.69,24108075
2021-03-19,18.66,18.69,18.55,18.66,49165842
2021-03-22,18.62,18.69,18.48,18.59,28045693
2021-03-23,18.59,18.66,18.52,18.55,26751151
2021-03-24,18.52,18.62,18.52,18.62,15703670
2021-03-25,18.55,18.69,18.55,18.66,23578338
2021-03-26,18.66,18.77,18.66,18.77,21776955
2021-03-29,18.8,18.84,18.73,18.77,27536890
2021-03-30,18.77,18.8,18.66,18.77,31152338
2021-03-31,18.77,18.77,18.66,18.69,31904636
2021-04-01,18.69,18.73,18.62,18.69,17513434
2021-04-07,18.69,18.77,18.69,18.73,16147563
2021-04-08,18.73,18.77,18.66,18.77,23075110
2021-04-09,18.77,18.84,18.73,18.73,20931668
2021-04-12,18.69,18.77,18.66,18.77,31135896
2021-04-13,18.77,18.84,18.73,18.8,32638421
2021-04-14,18.84,18.87,18.77,18.87,44000419
2021-04-15,18.94,19.27,18.91,19.27,52550464
2021-04-16,19.3,19.3,19.16,19.3,40416154
2021-04-19,19.34,19.52,19.3,19.52,38012889
2021-04-20,19.52,19.55,19.37,19.48,24687396
2021-04-21,19.37,19.41,19.34,19.34,27239873
2021-04-22,19.34,19.37,19.16,19.23,44157909
2021-04-23,19.2,19.23,19.02,19.2,31756591
2021-04-26,19.2,19.34,19.16,19.34,26695030
2021-04-27,19.3,19.34,19.2,19.34,20270226
2021-04-28,19.3,19.34,19.23,19.3,18550305
2021-04-29,19.2,19.3,19.2,19.3,31147473
2021-05-03,19.27,19.27,19.05,19.05,35329565
2021-05-04,18.98,19.05,18.48,18.8,64611894
2021-05-05,18.73,18.94,18.62,18.84,29124089
2021-05-06,18.87,19.09,18.87,19.05,21325818
2021-05-07,19.09,19.16,18.98,19.09,19855075
2021-05-10,19.09,19.23,18.98,19.2,32490884
2021-05-11,19.05,19.12,18.66,18.8,42266880
2021-05-12,18.69,18.8,17.48,18.19,129559789
2021-05-13,18.05,18.34,17.69,18.16,57043769
2021-05-14,18.19,18.41,18.16,18.3,27617582
2021-05-17,17.62,18.09,17.62,17.87,68397749
2021-05-18,17.91,18.41,17.91,18.34,31484305
2021-05-19,18.26,18.37,18.19,18.19,16170251
2021-05-20,18.19,18.19,18.01,18.09,18807854
2021-05-21,18.16,18.34,18.09,18.23,18927403
2021-05-24,18.09,18.16,18.05,18.09,17060104
2021-05-25,18.09,18.26,18.09,18.19,22610391
2021-05-26,18.19,18.34,18.16,18.3,15018028
2021-05-27,18.19,18.3,18.12,18.12,54749927
2021-05-28,18.19,18.26,18.12,18.19,26243264
2021-05-31,18.23,18.37,18.19,18.3,22410566
2021-06-01,18.34,18.55,18.3,18.55,16038152
2021-06-02,18.55,18.69,18.48,18.62,22094685
2021-06-03,18.62,18.62,18.52,18.59,16576360
2021-06-04,18.52,18.59,18.48,18.59,11747802
2021-06-07,18.55,18.59,18.41,18.55,12780244
2021-06-08,18.59,18.59,18.41,18.59,13880264
2021-06-09,18.52,18.55,18.41,18.41,13869972
2021-06-10,18.41,18.55,18.41,18.52,11595720
2021-06-11,18.52,18.55,18.44,18.48,12795885
2021-06-15,18.48,18.48,18.37,18.44,13100962
2021-06-16,18.37,18.44,18.34,18.34,26653678
2021-06-17,18.26,18.37,18.23,18.37,21523275
2021-06-18,18.34,18.37,18.26,18.26,40489300
2021-06-21,18.19,18.37,18.16,18.23,25609989
2021-06-22,18.3,18.34,18.19,18.19,15438107
2021-06-23,18.26,18.55,18.23,18.55,19767669
2021-06-24,18.59,18.62,18.48,18.59,14059708
2021-06-25,18.62,18.77,18.59,18.73,21668335
2021-06-28,18.77,18.84,18.77,18.8,17179625
2021-06-29,18.8,18.8,18.62,18.73,22998537
2021-06-30,18.73,18.84,18.69,18.84,21410148
2021-07-01,18.77,18.8,18.62,18.62,17219897
2021-07-02,18.62,18.69,18.59,18.62,15864400
2021-07-05,18.62,18.69,18.59,18.66,20168053
2021-07-06,18.69,18.77,18.66,18.73,14519116
2021-07-07,18.73,18.73,18.66,18.73,17661850
2021-07-08,18.73,18.8,18.66,18.77,21800030
2021-07-09,18.66,18.77,18.62,18.77,24605345
2021-07-12,18.77,18.87,18.77,18.8,23573700
2021-07-13,18.84,18.84,18.73,18.8,30022874
2021-07-14,18.69,18.84,18.69,18.84,27334636
2021-07-15,18.87,18.91,18.84,18.87,15696363
2021-07-16,18.84,18.98,18.77,18.98,30870220
2021-07-19,18.94,18.94,18.8,18.91,22791945
2021-07-20,18.84,18.98,18.8,18.91,27987197
2021-07-21,18.91,18.91,18.8,18.87,22138489
2021-07-22,18.77,18.94,18.77,18.94,27672923
2021-07-23,18.94,19.05,18.91,19.05,26099185
2021-07-26,18.98,19.09,18.98,18.98,24282086
2021-07-27,19.02,19.02,18.94,18.98,18207541
2021-07-28,18.98,19.02,18.8,18.98,24838166
2021-07-29,18.98,19.05,18.91,19.05,21103466
2021-07-30,19.05,19.09,18.98,18.98,23446894
2021-08-02,19.05,19.27,19.05,19.27,29912833
2021-08-03,19.27,19.3,19.2,19.3,14415251
2021-08-04,19.27,19.3,19.23,19.27,17782294
2021-08-05,19.2,19.3,19.2,19.27,19390797
2021-08-06,19.27,19.3,19.2,19.23,18480286
2021-08-09,19.23,19.27,19.09,19.27,26083490
2021-08-10,19.27,19.34,19.2,19.34,21584307
2021-08-11,19.34,19.34,19.27,19.34,16848017
2021-08-12,19.34,19.34,19.27,19.34,20869642
2021-08-13,19.34,19.34,19.23,19.3,21564135
2021-08-16,19.27,19.27,19.05,19.12,30633893
2021-08-17,19.12,19.12,19.12,19.12,0
2021-08-18,19.27,19.34,19.16,19.34,34830964
2021-08-19,19.3,19.34,19.2,19.3,43366757
2021-08-20,19.3,19.3,19.16,19.23,27328917
2021-08-23,19.3,19.34,19.23,19.27,31233099
2021-08-24,19.34,19.55,19.27,19.55,64185899
2021-08-25,19.59,19.66,19.48,19.59,33059471
2021-08-26,19.59,19.63,19.52,19.63,39953727
2021-08-27,19.63,19.84,19.55,19.84,75599326
2021-08-30,19.91,19.98,19.84,19.95,92128013
2021-08-31,20.23,20.7,20.15,20.7,120252272
2021-09-01,20.66,20.66,20.23,20.27,62983375
2021-09-02,20.31,20.43,20.19,20.43,38512850
2021-09-03,20.43,20.54,20.35,20.46,26160269
2021-09-06,20.46,20.5,20.31,20.43,24154725
2021-09-07,20.43,20.43,20.27,20.43,18897747
2021-09-08,20.43,20.46,20.35,20.43,31344044
2021-09-09,20.43,20.46,20.31,20.43,22256971
2021-09-10,20.43,20.46,20.31,20.46,19110062
2021-09-13,20.46,20.46,20.39,20.46,15828943
2021-09-14,20.46,20.54,20.43,20.5,16724050
2021-09-15,20.54,20.54,20.46,20.46,11876724
2021-09-16,20.46,20.54,20.39,20.5,16858837
2021-09-17,20.5,20.54,20.43,20.43,36456917
2021-09-22,20.19,20.23,20.08,20.15,47069756
2021-09-23,20.23,20.43,20.23,20.43,14621035
2021-09-24,20.54,20.58,20.39,20.46,14101923
2021-09-27,20.5,20.58,20.46,20.54,18641188
2021-09-28,20.54,20.58,20.43,20.54,10838870
2021-09-29,20.54,20.54,20.31,20.5,24982837
2021-09-30,20.5,20.5,20.35,20.46,21567200
2021-10-01,20.35,20.43,20.23,20.31,27290394
2021-10-04,20.31,20.35,20.23,20.23,18272547
2021-10-05,20.15,20.23,20.11,20.15,19684546
2021-10-06,20.19,20.31,20.15,20.27,19638595
2021-10-07,20.35,20.5,20.31,20.43,16587252
2021-10-08,20.39,20.39,20.23,20.23,14397336
2021-10-12,20.15,20.35,20.11,20.35,27971734
2021-10-13,20.39,20.46,20.27,20.35,13230409
2021-10-14,20.35,20.46,20.23,20.31,12054345
2021-10-15,20.35,20.43,20.31,20.39,17470264
2021-10-18,20.39,20.43,20.35,20.39,13887212
2021-10-19,20.46,20.46,20.35,20.43,13936181
2021-10-20,20.46,20.46,20.39,20.46,14557337
2021-10-21,20.54,20.62,20.46,20.62,26412591
2021-10-22,20.62,20.62,20.54,20.58,9679389
2021-10-25,20.58,20.58,20.46,20.5,10753596
2021-10-26,20.58,20.74,20.58,20.74,20778574
2021-10-27,20.74,20.85,20.7,20.81,16222820
2021-10-28,20.85,20.85,20.7,20.7,17656499
2021-10-29,20.54,20.7,20.5,20.66,23835888
2021-11-01,20.85,20.89,20.7,20.74,13651258
2021-11-02,20.81,20.81,20.74,20.78,11007440
2021-11-03,20.74,20.78,20.66,20.78,8055098
2021-11-04,20.81,20.85,20.78,20.78,12724392
2021-11-05,20.78,20.85,20.74,20.85,10580705
2021-11-08,20.85,20.93,20.78,20.93,17042512
2021-11-09,20.89,21.01,20.85,21.01,17323661
2021-11-10,21.01,21.36,20.97,21.28,39407546
2021-11-11,21.4,21.63,21.36,21.59,46409887
2021-11-12,21.59,21.63,21.4,21.48,22493105
2021-11-15,21.48,21.75,21.48,21.75,29519907
2021-11-16,21.75,21.75,21.67,21.71,20588186
2021-11-17,21.71,21.75,21.67,21.75,14956418
2021-11-18,21.75,21.75,21.67,21.75,16534698
2021-11-19,21.75,21.75,21.51,21.51,20758112
2021-11-22,21.48,21.48,21.13,21.4,19742000
2021-11-23,21.28,21.32,21.16,21.32,13948637
2021-11-24,21.48,21.98,21.44,21.79,39505580
2021-11-25,21.79,21.79,21.59,21.71,13820907
2021-11-26,21.55,21.59,21.4,21.48,21904594
2021-11-29,21.13,21.32,21.09,21.16,21286953
2021-11-30,21.16,21.4,20.97,20.97,49410795
2021-12-01,21.01,21.44,20.97,21.44,13938583
2021-12-02,21.44,21.55,21.28,21.55,14151301
2021-12-03,21.71,21.75,21.55,21.67,17860395
2021-12-06,21.59,21.75,21.48,21.71,16551530
2021-12-07,21.63,21.79,21.51,21.79,21578079
2021-12-08,21.83,21.83,21.71,21.79,15336303
2021-12-09,21.79,21.79,21.71,21.79,12949123
2021-12-10,21.75,21.79,21.71,21.75,11248290
2021-12-13,21.79,21.79,21.67,21.67,16379711
2021-12-14,21.67,21.67,21.48,21.59,15365104
2021-12-15,21.55,21.63,21.48,21.55,10963588
2021-12-16,21.59,21.67,21.55,21.67,9416874
2021-12-17,21.67,21.79,21.63,21.79,18649756
2021-12-20,21.71,21.75,21.55,21.63,10228138
2021-12-21,21.63,21.75,21.55,21.75,9280672
2021-12-22,21.75,21.79,21.63,21.71,8450236
2021-12-23,21.63,21.79,21.63,21.71,9642750
2021-12-24,21.75,21.79,21.71,21.75,8513364
2021-12-27,21.75,21.75,21.71,21.75,6880073
2021-12-28,21.75,21.79,21.71,21.79,17104105
2021-12-29,21.79,21.9,21.75,21.83,20995707
2021-12-30,21.83,21.9,21.79,21.83,16105623
2022-01-03,21.86,21.94,21.79,21.79,11335680
2022-01-04,21.83,21.9,21.79,21.86,12269970
2022-01-05,21.79,21.94,21.79,21.94,20071988
2022-01-06,22.02,22.22,21.94,22.22,34142949
2022-01-07,22.29,22.57,22.29,22.53,35005839
2022-01-10,22.49,22.53,22.41,22.53,16707470
2022-01-11,22.49,22.8,22.45,22.8,30610253
2022-01-12,22.8,22.92,22.64,22.88,28283552
2022-01-13,22.92,23.27,22.88,23.27,36356786
2022-01-14,23.27,23.27,22.6,22.95,27954867
2022-01-17,22.84,22.92,22.64,22.72,19342602
2022-01-18,22.72,22.88,22.57,22.72,15230254
2022-01-19,22.64,22.68,22.57,22.57,17911151
2022-01-20,22.57,22.6,22.37,22.53,19026382
2022-01-21,22.37,22.49,22.29,22.45,22630863
2022-01-24,22.22,22.45,22.06,22.45,21028049
2022-01-25,22.18,22.45,22.1,22.45,30297504
2022-01-26,22.45,22.6,22.33,22.57,15876748
2022-02-07,22.8,23.3,22.76,23.3,45238165
2022-02-08,23.3,23.58,23.19,23.42,36343806
2022-02-09,23.42,23.62,23.38,23.62,35238481
2022-02-10,23.62,23.65,23.42,23.58,23177502
2022-02-11,23.46,23.65,23.34,23.65,21213334
2022-02-14,23.54,23.62,23.42,23.62,22313164
2022-02-15,23.62,23.69,23.54,23.54,24234501
2022-02-16,23.62,24.08,23.58,23.85,30835697
2022-02-17,24.08,24.08,23.62,23.73,33329801
2022-02-18,23.46,23.85,23.46,23.62,14486199
2022-02-21,23.46,23.58,23.42,23.5,16379782
2022-02-22,23.34,23.38,23.19,23.34,36238087
2022-02-23,23.27,23.38,23.27,23.34,15211436
2022-02-24,23.15,23.15,22.76,23.03,48490546
2022-02-25,23.03,23.03,22.64,22.92,50696534
2022-03-01,22.68,23.34,22.68,23.19,29747846
2022-03-02,23.15,23.3,22.99,23.27,24142383
2022-03-03,23.3,23.3,23.11,23.3,18615231
2022-03-04,22.95,23.19,22.72,23.11,15502786
2022-03-07,22.84,22.88,22.49,22.72,41007069
2022-03-08,22.06,22.72,22.06,22.53,35622427
2022-03-09,22.57,22.88,22.41,22.41,25726478
2022-03-10,22.88,23.3,22.88,23.27,33345317
2022-03-11,23.27,23.38,23.15,23.3,20764212
2022-03-14,23.3,23.42,23.3,23.38,19221821
2022-03-15,23.34,23.46,23.27,23.42,22957421
2022-03-16,23.54,23.81,23.54,23.73,29468558
2022-03-17,24.43,24.51,23.85,24.04,39457798
2022-03-18,24.16,24.35,24.08,24.16,41531982
2022-03-21,24.2,24.35,24.16,24.24,21576875
2022-03-22,24.2,24.43,24.12,24.43,30275974
2022-03-23,24.47,24.67,24.47,24.67,27228251
2022-03-24,24.67,24.74,24.55,24.74,19863751
2022-03-25,24.67,24.74,24.59,24.74,16757862
2022-03-28,24.47,24.98,24.47,24.98,20916588
2022-03-29,24.98,25.29,24.9,25.13,25853861
2022-03-30,25.37,25.68,25.33,25.56,30984249
2022-03-31,25.56,25.79,25.56,25.72,28233971
2022-04-01,25.64,25.83,25.48,25.68,23915838
2022-04-06,25.6,26.49,25.56,26.49,42458663
2022-04-07,26.65,27.2,26.26,26.26,80797496
2022-04-08,26.42,27.16,26.22,27.12,46637553
2022-04-11,27.23,27.78,27.08,27.51,62461805
2022-04-12,27.47,27.47,27.12,27.35,41078574
2022-04-13,27.47,27.7,27.27,27.43,34192295
2022-04-14,27.47,27.47,25.68,25.95,82275414
2022-04-15,25.68,26.38,25.68,25.91,40057905
2022-04-18,25.72,25.76,24.67,25.06,54533136
2022-04-19,25.09,25.52,24.94,25.02,26778639
2022-04-20,25.06,25.29,24.78,25.29,27151550
2022-04-21,25.56,25.56,24.94,25.06,21127140
2022-04-22,24.98,25.76,24.94,25.68,35596123
2022-04-25,25.41,25.52,24.98,25.25,31425806
2022-04-26,25.29,26.11,25.29,26.03,38819329
2022-04-27,25.6,25.87,25.48,25.83,37183391
2022-04-28,25.99,26.07,25.41,25.91,46353603
2022-04-29,26.03,26.34,25.95,26.34,23582888
2022-05-03,26.14,26.18,25.37,25.44,35782967
2022-05-04,25.44,25.52,25.17,25.21,24504163
2022-05-05,25.48,25.52,24.9,24.98,30039268
2022-05-06,24.55,24.78,24.28,24.74,33701402
2022-05-09,24.16,24.43,23.89,23.89,37660460
2022-05-10,22.95,23.81,22.72,23.62,61622105
2022-05-11,23.54,23.89,23.5,23.85,31148293
2022-05-12,23.65,23.65,22.84,22.95,46672955
2022-05-13,22.99,23.15,22.49,22.92,54668889
2022-05-16,22.57,22.95,22.49,22.64,32114745
2022-05-17,22.95,22.95,22.25,22.25,37104086
2022-05-18,22.29,23.19,22.22,23.03,50495166
2022-05-19,22.53,22.57,22.25,22.37,41484579
2022-05-20,22.49,22.72,22.41,22.49,30005135
2022-05-23,22.76,23.19,22.41,22.92,38505696
2022-05-24,22.92,23.23,22.84,22.92,18386128
2022-05-25,23.07,23.15,22.8,22.99,21351443
2022-05-26,22.84,22.88,22.33,22.41,69740468
2022-05-27,22.49,22.95,22.33,22.88,26842089
2022-05-30,23.07,23.38,22.95,23.38,30269265
2022-05-31,23.34,23.81,23.03,23.81,73041634
2022-06-01,23.58,23.62,23.19,23.19,29655061
2022-06-02,23.03,23.19,22.88,22.99,23545552
2022-06-06,23.15,23.15,22.84,23.03,14996684
2022-06-07,23.03,23.03,22.8,22.84,17662944
2022-06-08,22.99,23.03,22.84,22.95,17617984
2022-06-09,22.8,22.92,22.57,22.68,24579456
2022-06-10,22.45,22.84,22.41,22.68,15435535
2022-06-13,22.53,22.57,22.41,22.49,33024897
2022-06-14,22.49,22.92,22.41,22.92,24933260
2022-06-15,22.6,22.84,22.49,22.68,29628871
2022-06-16,22.92,23.27,22.84,22.95,33220358
2022-06-17,22.8,22.92,22.49,22.64,45538198
2022-06-20,22.64,23.07,22.49,22.57,30805201
2022-06-21,22.88,23.03,22.64,22.95,27364101
2022-06-22,22.68,22.88,22.41,22.53,29278854
2022-06-23,22.84,22.95,22.64,22.88,25078062
2022-06-24,23.11,23.15,22.95,23.07,15921064
2022-06-27,23.27,23.3,23.11,23.11,17485576
2022-06-28,23.11,23.27,22.88,23.11,14432487
2022-06-29,22.88,23.11,22.8,22.88,21312215
2022-06-30,22.88,22.88,22.57,22.57,19897253
2022-07-01,22.53,22.8,22.41,22.64,38911187
2022-07-04,22.76,22.92,22.49,22.53,20884449
2022-07-05,22.84,22.84,22.49,22.6,15039947
2022-07-06,22.68,22.76,22.25,22.25,33833537
2022-07-07,22.33,22.37,21.94,22.25,26622001
2022-07-08,22.25,22.41,21.94,22.02,23247820
2022-07-11,21.63,21.67,21.01,21.05,57288206
2022-07-12,20.81,20.85,20.39,20.62,49368679
2022-07-13,20.97,21.28,20.89,21.09,42189708
2022-07-14,21.09,21.51,21.05,21.32,28179638
2022-07-15,21.24,21.24,21.01,21.16,20398933
2022-07-18,21.2,21.83,21.16,21.79,32008610
2022-07-19,21.63,21.75,21.48,21.67,28716348
2022-07-20,21.79,22.02,21.63,21.67,31816271
2022-07-21,21.86,22.22,21.67,22.14,38027312
2022-07-22,22.22,22.68,22.06,22.6,36283073
2022-07-25,22.68,22.95,22.57,22.68,38160497
2022-07-26,22.88,22.88,22.64,22.72,31433603
2022-07-27,22.64,22.84,22.6,22.84,44204285
2022-07-28,23.16,23.54,23.11,23.54,40035081
2022-07-29,23.67,23.67,22.98,23.41,37580772
2022-08-01,23.41,23.45,23.07,23.16,13941758
2022-08-02,23.03,23.41,22.98,23.28,25599287
2022-08-03,23.16,23.24,22.9,23.16,29937942
2022-08-04,23.16,23.24,22.98,23.24,13452079
2022-08-05,23.24,23.5,23.24,23.45,12859759
2022-08-08,23.41,23.5,23.16,23.5,14262258
2022-08-09,23.58,23.92,23.54,23.92,24152104
2022-08-10,23.92,24.13,23.75,23.96,16541657
2022-08-11,24.05,24.35,23.96,24.26,19434374
2022-08-12,24.26,24.35,24.05,24.22,16074686
2022-08-15,24.22,24.3,24.09,24.13,13787405
2022-08-16,24.13,24.13,23.96,24.09,14321553
2022-08-17,24.01,24.13,23.92,24.05,18090565
2022-08-18,23.88,24.05,23.75,23.88,18646052
2022-08-19,23.79,24.01,23.75,23.88,13600303
2022-08-22,23.67,23.79,23.58,23.71,7405587
2022-08-23,23.5,23.54,23.41,23.45,19341811
2022-08-24,23.5,23.71,23.41,23.54,14993508
2022-08-25,23.67,23.84,23.62,23.67,10232738
2022-08-26,23.84,23.88,23.67,23.84,10148964
2022-08-29,23.41,23.62,23.41,23.58,17736453
2022-08-30,23.58,23.67,23.45,23.54,17634465
2022-08-31,23.58,24.01,23.54,24.01,31401111
2022-09-01,23.92,23.96,23.5,23.54,34262716
2022-09-02,23.54,23.62,23.5,23.5,14290884
2022-09-05,23.5,23.67,23.37,23.45,26386619
2022-09-06,23.5,23.79,23.5,23.67,16609966
2022-09-07,23.41,23.54,23.24,23.24,27221262
2022-09-08,23.45,23.45,23.24,23.41,13088312
2022-09-12,23.41,23.67,23.33,23.62,22911263
2022-09-13,23.71,23.79,23.58,23.62,23481894
2022-09-14,23.45,23.58,23.33,23.33,25735653
2022-09-15,23.33,23.58,23.24,23.45,20747947
2022-09-16,23.33,23.45,23.24,23.33,41336569
2022-09-19,23.41,23.45,23.33,23.33,9652334
2022-09-20,23.37,23.41,23.24,23.33,15243953
2022-09-21,23.33,23.33,23.16,23.24,16558856
2022-09-22,23.03,23.11,22.73,22.81,39434475
2022-09-23,22.81,22.94,22.69,22.77,20642060
2022-09-26,22.69,22.69,22.43,22.43,32699220
2022-09-27,22.3,22.52,22.22,22.26,29852453
2022-09-28,22.26,22.69,22.13,22.22,32425111
2022-09-29,22.22,22.22,22.05,22.22,38237898
2022-09-30,22.13,22.13,21.92,21.92,33274711
2022-10-03,21.84,21.84,21.54,21.58,31762238
2022-10-04,21.67,21.79,21.54,21.54,25307978
2022-10-05,21.58,21.67,21.5,21.5,27438500
2022-10-06,21.5,21.67,21.37,21.67,48666841
2022-10-07,21.54,21.62,21.5,21.54,16872420
2022-10-11,21.28,21.28,20.73,20.77,55491496
2022-10-12,20.64,21.03,20.52,20.94,25468394
2022-10-13,20.9,20.94,20.01,20.22,62648246
2022-10-14,20.35,20.47,20.05,20.05,47276269
2022-10-17,19.79,19.84,19.58,19.66,39294239
2022-10-18,19.75,19.88,19.41,19.58,55450604
2022-10-19,19.62,19.62,19.15,19.15,44953012
2022-10-20,18.81,19.32,18.73,19.2,47090902
2022-10-21,19.28,19.71,19.11,19.54,37965035
2022-10-24,19.79,19.79,19.28,19.45,38659966
2022-10-25,19.37,19.45,19.15,19.41,39032828
2022-10-26,19.49,20.01,19.37,19.75,28460683
2022-10-27,19.79,20.05,19.66,19.66,30531373
2022-10-28,19.75,19.88,19.58,19.71,16301099
2022-10-31,19.88,20.01,19.75,19.75,19371071
2022-11-01,19.79,20.01,19.75,19.92,13556116
2022-11-02,19.92,20.01,19.75,19.79,15766666
2022-11-03,19.66,19.75,19.58,19.62,14184301
2022-11-04,19.58,19.62,19.45,19.62,18355946
2022-11-07,19.79,20.01,19.66,20.01,17544189
2022-11-08,20.05,20.09,19.92,20.01,20087733
2022-11-09,19.96,20.01,19.88,19.96,32896825
2022-11-10,19.84,19.88,19.75,19.75,18661300
2022-11-11,20.05,20.52,20.01,20.43,56806009
2022-11-14,20.47,20.47,20.35,20.47,47826426
2022-11-15,20.43,20.64,20.26,20.6,39803304
2022-11-16,20.56,20.6,20.35,20.43,33955968
2022-11-17,20.35,20.39,20.05,20.22,28571266
2022-11-18,20.18,20.18,19.96,20.18,23633482
2022-11-21,20.13,20.22,19.96,20.22,22525611
2022-11-22,20.18,20.22,20.01,20.22,18740457
2022-11-23,20.22,20.47,20.22,20.43,26414767
2022-11-24,20.56,20.64,20.47,20.64,19071998
2022-11-25,20.56,20.6,20.3,20.56,32369330
2022-11-28,20.35,20.56,20.22,20.52,29474815
2022-11-29,20.64,20.86,20.47,20.86,34433359
2022-11-30,20.77,21.24,20.69,21.11,46469793
2022-12-01,21.2,21.28,20.81,20.94,26780319
2022-12-02,20.81,20.9,20.52,20.56,33609326
2022-12-05,20.56,20.86,20.56,20.64,17351995
2022-12-06,20.64,20.69,20.47,20.6,19407954
2022-12-07,20.6,20.86,20.47,20.77,36943121
2022-12-08,20.86,21.03,20.6,20.98,28104849
2022-12-09,21.07,21.07,20.86,20.98,13460561
2022-12-12,20.98,20.98,20.69,20.9,18298687
2022-12-13,20.9,20.98,20.52,20.6,32650579
2022-12-14,20.86,20.98,20.73,20.98,18414925
2022-12-15,20.98,20.98,20.73,20.94,13606394
2022-12-16,20.64,20.86,20.56,20.64,24310294
2022-12-19,20.47,20.69,20.47,20.69,17414389
2022-12-20,20.52,20.69,20.26,20.43,30082292
2022-12-21,20.43,20.56,20.39,20.52,9808888
2022-12-22,20.6,20.73,20.52,20.73,9676258
2022-12-23,20.47,20.56,20.43,20.52,10951913
2022-12-26,20.56,20.64,20.52,20.56,5710417
2022-12-27,20.6,20.73,20.56,20.69,6151540
2022-12-28,20.6,20.6,20.47,20.47,9533002
2022-12-29,20.43,20.6,20.3,20.52,16345893
2022-12-30,20.6,20.6,20.47,20.47,10841854
2023-01-03,20.43,20.56,20.26,20.43,10701513
2023-01-04,20.3,20.47,20.26,20.26,21436721
2023-01-05,20.35,20.52,20.35,20.43,14118552
2023-01-06,20.39,20.47,20.35,20.39,12557457
2023-01-09,20.6,20.94,20.47,20.94,44791509
2023-01-10,20.94,20.94,20.69,20.86,19453930
2023-01-11,20.94,20.94,20.6,20.6,19346251
2023-01-12,20.64,20.77,20.47,20.47,21307267
2023-01-13,20.64,20.77,20.6,20.64,14328919
2023-01-16,20.86,20.94,20.73,20.81,24677175
2023-01-17,20.81,20.86,20.56,20.56,35469980
2023-01-30,20.94,21.2,20.73,21.2,64879713
2023-01-31,21.11,21.11,20.86,20.86,41324111
2023-02-01,20.94,21.03,20.9,20.98,23577705
2023-02-02,20.98,21.07,20.9,20.98,21662190
2023-02-03,21.03,21.07,20.94,21.03,14519896
2023-02-06,20.94,21.03,20.86,20.86,21201366
2023-02-07,20.86,20.94,20.77,20.77,21896555
2023-02-08,21.11,21.15,20.77,20.86,30006640
2023-02-09,20.81,20.98,20.77,20.94,15402645
2023-02-10,20.9,21.11,20.86,21.03,17579621
2023-02-13,21.07,21.5,21.03,21.45,42162285
2023-02-14,21.5,21.62,21.45,21.5,32853914
2023-02-15,21.5,21.5,21.28,21.32,26127313
2023-02-16,21.32,21.45,21.28,21.37,20763317
2023-02-17,21.5,21.71,21.45,21.62,29514644
2023-02-20,21.67,22.22,21.67,22.13,40584195
2023-02-21,21.2,21.2,20.9,21.07,175001090
2023-02-22,21.03,21.2,20.9,21.2,48657120
2023-02-23,21.28,21.28,21.11,21.24,36056879
2023-02-24,21.28,21.28,21.15,21.24,58919361
2023-03-01,21.24,21.28,21.03,21.11,31040077
2023-03-02,21.11,21.15,20.94,21.03,23088123
2023-03-03,21.11,21.11,20.98,20.98,17849882
2023-03-06,21.07,21.2,21.03,21.15,24709721
2023-03-07,21.15,21.28,21.11,21.28,23673369
2023-03-08,21.28,21.32,21.2,21.28,25364892
2023-03-09,21.28,21.28,21.11,21.15,26021111
2023-03-10,21.03,21.07,20.9,20.9,33298698
2023-03-13,20.73,20.77,20.56,20.73,44562628
2023-03-14,20.56,20.56,20.43,20.47,32133912
2023-03-15,20.6,20.6,20.43,20.43,27140070
2023-03-16,20.26,20.26,20.01,20.05,62231146
2023-03-17,20.05,20.39,20.05,20.18,33497262
2023-03-20,20.09,20.26,20.09,20.22,21245964
2023-03-21,20.26,20.69,20.26,20.39,20152470
2023-03-22,20.6,20.81,20.52,20.81,18264515
2023-03-23,20.73,20.98,20.6,20.98,20598184
2023-03-24,20.98,21.03,20.86,21.03,13624097
2023-03-27,21.03,21.07,20.94,21.03,14640937
2023-03-28,21.03,21.15,20.98,21.11,13766869
2023-03-29,21.2,21.24,21.15,21.2,16622236
2023-03-30,21.28,21.28,21.2,21.28,23470442
2023-03-31,21.28,21.54,21.24,21.54,34043079
2023-04-06,21.54,21.79,21.41,21.67,47892675
2023-04-07,21.73,21.77,21.38,21.47,18152045
2023-04-10,21.42,21.55,21.38,21.47,8414160
2023-04-11,21.55,21.68,21.47,21.68,16904482
2023-04-12,21.68,21.73,21.55,21.73,14682659
2023-04-13,21.73,21.73,21.6,21.73,12309966
2023-04-14,21.73,21.85,21.64,21.85,14294145
2023-04-17,21.77,21.77,21.55,21.68,15989289
2023-04-18,21.64,21.73,21.55,21.73,12615623
2023-04-19,21.6,21.64,21.47,21.51,16931045
2023-04-20,21.42,21.47,21.3,21.38,13271075
2023-04-21,21.38,21.47,21.21,21.34,13515579
2023-04-24,21.34,21.47,21.21,21.47,10715410
2023-04-25,21.42,21.51,21.34,21.42,12922761
2023-04-26,21.42,21.47,21.3,21.42,15165356
2023-04-27,21.34,21.38,21.21,21.3,14258922
2023-04-28,21.34,21.42,21.25,21.42,15057482
2023-05-02,21.34,21.38,21.04,21.38,27514144
2023-05-03,21.21,21.34,21.12,21.3,29551371
2023-05-04,21.25,21.38,21.21,21.38,15981491
2023-05-05,21.3,21.42,21.3,21.42,10648983
2023-05-08,21.47,21.51,21.38,21.42,22068562
2023-05-09,21.42,21.51,21.38,21.51,16418780
2023-05-10,21.55,21.98,21.51,21.9,44519672
2023-05-11,21.9,21.94,21.73,21.85,13744686
2023-05-12,21.81,21.81,21.55,21.68,16251643
2023-05-15,21.6,21.81,21.55,21.73,12121959
2023-05-16,21.81,22.07,21.73,22.07,32475252
2023-05-17,22.03,22.28,21.94,22.24,33499439
2023-05-18,22.24,22.33,22.2,22.33,26995904
2023-05-19,22.33,22.58,22.33,22.58,39006164
2023-05-22,22.5,22.67,22.41,22.5,19570887
2023-05-23,22.5,22.54,22.33,22.41,17027793
2023-05-24,22.41,22.41,22.28,22.41,15298521
2023-05-25,22.33,22.33,22.11,22.15,15736286
2023-05-26,22.07,22.33,22.03,22.11,15292953
2023-05-29,22.15,22.28,22.15,22.15,11947189
2023-05-30,22.2,22.33,22.2,22.24,17814882
2023-05-31,22.24,22.33,22.2,22.24,44685694
2023-06-01,22.24,22.28,22.15,22.2,11822403
2023-06-02,22.28,22.41,22.24,22.33,20731470
2023-06-05,22.46,22.76,22.46,22.63,23801199
2023-06-06,22.71,22.97,22.67,22.8,18647392
2023-06-07,22.88,22.93,22.76,22.93,14680320
2023-06-08,22.93,22.93,22.76,22.84,12269388
2023-06-09,22.88,22.93,22.76,22.76,13348132
2023-06-12,22.76,22.76,22.41,22.5,16587771
2023-06-13,22.5,22.67,22.41,22.58,15789029
2023-06-14,22.58,22.63,22.46,22.54,10720761
2023-06-15,22.54,22.58,22.41,22.54,13337250
2023-06-16,22.54,22.67,22.46,22.5,25422341
2023-06-19,22.5,22.58,22.37,22.58,9681546
2023-06-20,22.58,22.58,22.46,22.58,12071537
2023-06-21,22.54,22.71,22.5,22.67,11688375
2023-06-26,22.71,22.71,22.54,22.63,18179679
2023-06-27,22.54,22.63,22.41,22.5,9985442
2023-06-28,22.46,22.5,22.37,22.41,11586354
2023-06-29,22.41,22.46,22.24,22.28,17344922
2023-06-30,22.2,22.58,22.2,22.37,24967855
2023-07-03,22.37,22.67,22.37,22.5,12405373
2023-07-04,22.37,22.46,22.28,22.37,13224811
2023-07-05,22.37,22.46,22.37,22.46,17329499
2023-07-06,22.37,22.41,22.15,22.15,43214031
2023-07-07,22.07,22.07,21.81,21.94,19689886
2023-07-10,21.94,22.07,21.73,21.85,17462585
2023-07-11,21.94,22.2,21.9,22.15,15212809
2023-07-12,21.9,22.28,21.9,22.28,15862649
2023-07-13,22.33,22.46,22.28,22.33,16585458
2023-07-14,22.37,22.58,22.33,22.58,20195240
2023-07-17,22.54,22.76,22.46,22.71,23940402
2023-07-18,22.67,22.76,22.54,22.71,14260269
2023-07-19,22.71,22.8,22.58,22.71,18732793
2023-07-20,22.71,22.84,22.63,22.84,20371894
2023-07-21,22.76,22.88,22.71,22.71,28016002
2023-07-24,22.71,22.71,22.37,22.54,18679320
2023-07-25,22.54,22.84,22.5,22.8,28506329
2023-07-26,22.8,23.14,22.76,23.14,50249960
2023-07-27,23.34,23.39,23.21,23.34,46710520
2023-07-28,23.34,23.43,23.25,23.3,14043871
2023-07-31,23.34,23.43,23.21,23.21,19730664
2023-08-01,23.21,23.34,23.21,23.3,11202291
2023-08-02,23.21,23.25,22.98,23.03,27864326
2023-08-04,23.03,23.12,22.89,22.94,15524040
2023-08-07,22.94,23.16,22.94,23.12,11429042
2023-08-08,23.12,23.16,22.94,22.98,19922228
2023-08-09,22.98,23.25,22.98,23.25,13067743
2023-08-10,23.21,23.25,23.07,23.21,15814362
2023-08-11,23.16,23.3,23.07,23.07,9572235
2023-08-14,23.07,23.12,22.71,22.76,23193289
2023-08-15,22.71,22.76,22.44,22.44,20906762
2023-08-16,22.35,22.35,22.0,22.04,31056030
2023-08-17,21.95,22.09,21.82,22.0,17226706
2023-08-18,22.0,22.31,21.95,22.09,13542364
2023-08-21,22.13,22.35,22.13,22.31,10862808
2023-08-22,22.4,22.4,22.09,22.13,12974887
2023-08-23,22.09,22.13,22.04,22.04,12572182
2023-08-24,22.04,22.09,21.86,21.91,22106285
2023-08-25,21.91,21.95,21.86,21.86,12139228
2023-08-28,21.86,22.13,21.86,22.0,9599519
2023-08-29,22.0,22.18,22.0,22.09,8610529
2023-08-30,22.22,22.35,22.18,22.27,9977747
2023-08-31,22.27,22.27,21.95,21.95,37093340
2023-09-01,22.0,22.13,22.0,22.04,10089967
2023-09-04,22.04,22.18,22.04,22.09,6889456
2023-09-05,22.0,22.09,22.0,22.0,9517688
2023-09-06,22.0,22.04,21.86,21.86,19293898
2023-09-07,21.86,21.86,21.73,21.73,18891290
2023-09-08,21.73,21.82,21.64,21.73,12729265
2023-09-11,21.73,21.77,21.64,21.68,12822223
2023-09-12,21.68,21.82,21.64,21.77,17774836
2023-09-13,21.77,21.91,21.73,21.82,9851587
2023-09-14,21.95,22.27,21.86,22.27,20278060
2023-09-15,22.35,22.4,21.86,21.91,41877744
2023-09-18,21.91,21.95,21.86,21.95,7462440
2023-09-19,21.91,22.0,21.91,21.95,6876652
2023-09-20,21.95,21.95,21.82,21.86,14700075
2023-09-21,21.86,21.91,21.55,21.59,23392834
2023-09-22,21.59,21.73,21.55,21.64,11789834
2023-09-25,21.64,21.91,21.64,21.82,8148363
2023-09-26,21.73,21.77,21.64,21.68,13368588
2023-09-27,21.68,21.73,21.64,21.68,8684104
2023-09-28,21.68,21.77,21.68,21.77,7971984
2023-10-02,21.77,21.82,21.68,21.68,10495833
2023-10-03,21.64,21.68,21.59,21.64,14472457
2023-10-04,21.55,21.59,21.37,21.37,32917913
2023-10-05,21.55,21.68,21.46,21.55,16419920
2023-10-06,21.55,21.73,21.55,21.73,9763833
2023-10-11,22.04,22.09,21.82,22.09,29266065
2023-10-12,22.18,22.27,22.04,22.22,18024538
2023-10-13,22.18,22.22,21.91,22.13,12303394
2023-10-16,22.13,22.18,22.04,22.18,11970027
2023-10-17,22.13,22.18,22.09,22.18,13538502
2023-10-18,22.18,22.18,21.91,22.0,9762766
2023-10-19,21.82,21.91,21.73,21.73,12825718
2023-10-20,21.55,21.73,21.41,21.55,24022541
2023-10-23,21.55,21.64,21.46,21.59,11797165
2023-10-24,21.55,21.59,21.46,21.5,11159718
2023-10-25,21.55,21.59,21.5,21.5,11104889
2023-10-26,21.46,21.55,21.37,21.37,15282465
2023-10-27,21.41,21.59,21.41,21.55,6589405
2023-10-30,21.5,21.55,21.37,21.41,13466612
2023-10-31,21.41,21.55,21.37,21.41,14517140
2023-11-01,21.41,21.5,21.37,21.41,7709973
2023-11-02,21.59,21.82,21.55,21.68,13125546
2023-11-03,21.73,22.0,21.73,21.86,16470034
2023-11-06,22.04,22.22,21.91,22.04,24182145
2023-11-07,21.91,22.0,21.82,22.0,14355019
2023-11-08,22.13,22.18,21.95,22.04,17574520
2023-11-09,22.04,22.04,21.95,21.95,8837496
2023-11-10,21.91,22.04,21.86,22.0,15460865
2023-11-13,22.09,22.13,21.95,22.0,11917106
2023-11-14,22.04,22.04,21.91,22.0,19593958
2023-11-15,22.13,22.18,21.95,22.09,30485135
2023-11-16,22.27,22.58,22.22,22.58,44041927
2023-11-17,22.53,22.67,22.44,22.58,19138001
2023-11-20,22.58,22.62,22.49,22.62,14598790
2023-11-21,22.71,23.07,22.67,23.07,36464958
2023-11-22,22.98,23.07,22.89,22.89,13900964
2023-11-23,22.89,22.94,22.76,22.94,12145487
2023-11-24,22.94,22.94,22.8,22.89,7627638
2023-11-27,22.89,23.07,22.76,22.76,12331678
2023-11-28,22.85,23.07,22.8,23.07,22372860
2023-11-29,23.03,23.07,22.94,22.94,18865813
2023-11-30,23.03,23.03,22.89,22.98,40755073
2023-12-01,22.89,22.98,22.58,22.67,16437696
2023-12-04,22.67,22.71,22.53,22.67,13888907
2023-12-05,22.62,22.89,22.58,22.85,15121307
2023-12-06,22.94,23.07,22.85,22.94,22028812
2023-12-07,22.89,22.94,22.8,22.89,9217710
2023-12-08,22.98,23.03,22.94,22.98,13940212
2023-12-11,22.94,22.98,22.8,22.98,9953669
2023-12-12,22.98,22.98,22.8,22.89,10658237
2023-12-13,22.89,22.89,22.76,22.85,13446068
2023-12-14,22.98,23.12,22.85,23.12,26653598
2023-12-15,23.12,23.16,22.98,23.07,30049901
2023-12-18,23.07,23.07,22.94,23.03,9897681
2023-12-19,22.89,22.94,22.71,22.89,12900793
2023-12-20,22.89,22.89,22.76,22.8,16653632
2023-12-21,22.67,22.8,22.62,22.8,13754060
2023-12-22,22.71,22.8,22.67,22.8,11733065
2023-12-25,22.8,22.85,22.71,22.76,5133589
2023-12-26,22.76,22.89,22.71,22.89,9505067
2023-12-27,22.89,23.12,22.85,23.07,15967325
2023-12-28,23.07,23.16,22.98,23.16,15989112
2023-12-29,23.12,23.21,23.03,23.16,11666946
2024-01-02,23.16,23.25,23.07,23.25,12780585
2024-01-03,23.07,23.16,22.76,22.98,12951139
2024-01-04,22.98,23.12,22.89,23.07,9836037
2024-01-05,22.98,23.12,22.98,23.03,9310242
2024-01-08,23.07,23.3,23.03,23.16,15526042
2024-01-09,23.16,23.21,22.89,22.89,11728367
2024-01-10,22.89,22.94,22.8,22.8,8544086
2024-01-11,22.8,22.89,22.8,22.8,14381458
2024-01-12,22.76,22.8,22.67,22.76,9744992
2024-01-15,22.76,22.85,22.71,22.8,10886575
2024-01-16,22.58,22.58,22.35,22.44,23577736
2024-01-17,22.35,22.4,22.09,22.09,26485043
2024-01-18,22.09,22.27,22.04,22.04,17932815
2024-01-19,22.0,22.27,22.0,22.18,19115308
2024-01-22,22.18,22.22,22.0,22.04,17070677
2024-01-23,22.04,22.27,22.04,22.13,16070983
2024-01-24,22.04,22.18,22.04,22.13,17715545
2024-01-25,22.09,22.22,22.09,22.13,11337361
2024-01-26,22.09,22.4,22.04,22.31,11843914
2024-01-29,22.22,22.44,22.22,22.44,9278477
2024-01-30,22.44,22.44,22.22,22.22,17251837
2024-01-31,22.18,22.27,22.18,22.22,13082113
2024-02-01,22.18,22.35,22.18,22.35,15150634
2024-02-02,22.31,22.35,22.22,22.31,12066176
2024-02-05,22.04,22.09,21.95,22.0,39183451
2024-02-15,22.09,22.4,22.04,22.13,25940325
2024-02-16,22.18,22.22,22.04,22.13,14582058
2024-02-19,22.18,22.27,22.13,22.27,16808130
2024-02-20,22.27,22.31,22.22,22.22,15058925
2024-02-21,22.22,22.27,22.09,22.13,18394731
2024-02-22,22.09,22.13,22.0,22.0,19944038
2024-02-23,22.0,22.04,21.91,21.91,26859276
2024-02-26,21.86,21.91,21.82,21.86,31680728
2024-02-27,22.31,22.71,22.31,22.53,53520949
2024-02-29,22.53,22.76,22.53,22.67,50655745
2024-03-01,22.62,22.76,22.53,22.76,18428165
2024-03-04,22.71,22.8,22.67,22.76,20066662
2024-03-05,22.8,22.85,22.71,22.71,17164446
2024-03-06,22.71,22.85,22.67,22.8,20715651
2024-03-07,22.67,22.85,22.67,22.8,22307388
2024-03-08,22.62,22.8,22.62,22.71,30099424
2024-03-11,22.71,22.89,22.67,22.89,24065008
2024-03-12,22.89,23.03,22.89,23.03,21576146
2024-03-13,22.94,23.07,22.94,23.07,20471049
2024-03-14,23.12,23.52,23.07,23.39,43445213
2024-03-15,23.48,23.52,23.21,23.52,49450711
2024-03-18,23.97,24.06,23.61,23.79,47319377
2024-03-19,23.7,23.97,23.61,23.84,28700221
2024-03-20,23.84,23.88,23.66,23.79,25917382
2024-03-21,23.79,24.11,23.79,24.02,28981349
2024-03-22,24.11,24.46,24.06,24.33,35480465
2024-03-25,24.33,24.42,24.24,24.29,16744286
2024-03-26,24.24,24.55,24.24,24.55,36836398
2024-03-27,24.55,24.64,24.33,24.42,19821545
2024-03-28,24.42,24.51,24.33,24.37,23039284
2024-03-29,24.37,24.55,24.29,24.51,11133900
2024-04-01,24.46,24.6,24.42,24.55,15007766
2024-04-02,24.51,24.55,24.42,24.51,16398321
2024-04-03,24.51,24.51,24.15,24.15,30320403
2024-04-08,24.15,24.37,24.15,24.37,19528135
2024-04-09,24.33,24.51,24.29,24.51,19587327
2024-04-10,24.51,24.51,24.29,24.37,17362837
2024-04-11,24.33,24.46,24.2,24.46,14116969
2024-04-12,24.42,24.46,24.24,24.33,18322396
2024-04-15,24.29,24.37,24.11,24.29,21100595
2024-04-16,24.15,24.24,23.52,23.61,52576051
2024-04-17,23.57,23.88,23.48,23.79,31066534
2024-04-18,23.79,24.29,23.7,24.24,25463135
2024-04-19,24.15,24.2,23.61,23.84,40897042
2024-04-22,24.2,24.33,24.02,24.29,24636152
2024-04-23,24.29,24.51,24.29,24.42,28114329
2024-04-24,24.46,24.55,24.29,24.29,19165485
2024-04-25,24.24,24.37,24.02,24.37,21389323
2024-04-26,24.2,24.42,24.2,24.33,12191226
2024-04-29,24.37,24.87,24.33,24.82,44822099
2024-04-30,24.78,24.91,24.6,24.6,25390065
2024-05-02,24.64,24.96,24.6,24.64,22054541
2024-05-03,24.78,24.96,24.69,24.78,18939846
2024-05-06,24.87,25.36,24.87,25.23,41863054
2024-05-07,25.27,25.32,25.09,25.32,23964399
2024-05-08,25.36,25.36,25.18,25.36,20262753
2024-05-09,25.27,25.36,25.05,25.05,18756348
2024-05-10,25.09,25.59,25.09,25.59,26754751
2024-05-13,25.59,25.59,25.32,25.41,17235763
2024-05-14,25.32,25.36,25.05,25.05,18866746
2024-05-15,25.18,25.45,25.05,25.14,22201499
2024-05-16,25.41,25.45,25.18,25.41,29101826
2024-05-17,25.41,26.13,25.23,26.04,85718642
2024-05-20,26.17,26.44,25.86,26.39,89523086
2024-05-21,26.31,26.35,25.5,25.9,71123528
2024-05-22,25.95,26.13,25.59,25.59,58079339
2024-05-23,25.32,25.81,25.27,25.72,76038847
2024-05-24,25.41,25.54,25.32,25.41,33880174
2024-05-27,25.36,25.72,25.23,25.72,37486707
2024-05-28,25.68,25.68,25.45,25.5,21291578
2024-05-29,25.5,25.5,25.05,25.05,33874990
2024-05-30,24.96,25.14,24.87,24.87,29829228
2024-05-31,24.91,25.99,24.91,25.68,124003073
2024-06-03,25.63,25.86,25.27,25.68,50177395
2024-06-04,25.32,25.68,25.32,25.45,23961265
2024-06-05,25.59,25.81,25.36,25.68,25585014
2024-06-06,25.5,25.9,25.5,25.9,27903005
2024-06-07,25.95,26.04,25.81,25.99,23013775
2024-06-11,25.68,25.95,25.59,25.68,22946732
2024-06-12,25.86,25.9,25.72,25.81,14356428
2024-06-13,25.99,26.04,25.77,25.77,19991681
2024-06-14,25.77,25.86,25.63,25.81,9690207
2024-06-17,25.81,25.86,25.72,25.77,12945169
2024-06-18,25.77,25.95,25.72,25.9,20966643
2024-06-19,25.99,26.08,25.81,25.99,36194910
2024-06-20,26.04,26.08,25.81,26.04,18716426
2024-06-21,25.99,26.04,25.81,25.95,29310702
2024-06-24,25.9,26.04,25.77,26.04,19904362
2024-06-25,26.04,26.13,25.95,26.13,25606351
2024-06-26,25.95,26.04,25.68,25.86,21652714
2024-06-27,25.59,25.72,25.45,25.68,26864826
2024-06-28,25.59,25.99,25.59,25.63,26956383
2024-07-01,25.63,25.9,25.63,25.81,15244564
2024-07-02,25.68,25.86,25.63,25.81,13475746
2024-07-03,25.81,26.08,25.72,26.08,29767644
2024-07-04,26.13,26.31,26.04,26.26,24778320
2024-07-05,26.26,26.31,26.08,26.26,13458771
2024-07-08,26.22,26.31,26.04,26.26,21057966
2024-07-09,26.26,26.39,26.17,26.26,26203219
2024-07-10,26.26,26.57,26.22,26.57,30806119
2024-07-11,26.57,26.89,26.53,26.8,26578513
2024-07-12,26.75,26.93,26.62,26.84,22546181
2024-07-15,26.93,27.11,26.66,26.93,34362791
2024-07-16,26.93,26.93,26.71,26.93,39727537
2024-07-17,26.84,27.02,26.75,26.98,48261057
2024-07-18,26.98,27.47,26.75,27.34,65412118
2024-07-19,27.43,27.43,26.84,27.16,50416217
2024-07-22,27.02,27.07,26.39,26.66,52765759
2024-07-23,26.75,27.02,26.71,26.75,54960852
2024-07-26,25.26,26.26,25.26,25.78,88301828
2024-07-29,25.83,25.98,25.5,25.5,58437198
2024-07-30,25.5,25.55,24.88,25.07,48449736
2024-07-31,24.97,25.55,24.73,25.36,35555097
2024-08-01,25.36,25.45,25.16,25.45,34744717
2024-08-02,25.12,25.26,24.93,25.26,34172622
2024-08-05,24.83,24.88,23.73,24.21,69325941
2024-08-06,24.64,24.93,23.68,24.59,43662612
2024-08-07,24.5,24.78,24.4,24.73,24530998
2024-08-08,24.5,24.93,24.45,24.64,23601492
2024-08-09,24.88,25.78,24.88,25.45,43406495
2024-08-12,25.64,26.07,25.55,25.78,29009840
2024-08-13,25.78,25.78,25.5,25.59,21529635
2024-08-14,25.74,26.17,25.64,26.02,28282692
2024-08-15,26.21,26.21,25.5,25.5,22090976
2024-08-16,25.88,26.12,25.83,26.07,26306208
2024-08-19,26.12,26.12,25.83,25.93,10834959
2024-08-20,26.07,26.12,25.83,26.07,14380433
2024-08-21,26.02,26.12,25.88,26.12,13017412
2024-08-22,26.12,26.17,25.93,26.17,16161152
2024-08-23,26.07,26.26,25.93,26.17,13686132
2024-08-26,26.26,26.64,26.21,26.64,23113417
2024-08-27,26.41,26.64,26.41,26.64,10069028
2024-08-28,26.55,26.6,26.41,26.6,7780866
2024-08-29,26.6,26.74,26.45,26.69,19047029
2024-08-30,26.74,26.93,26.69,26.93,35584781
2024-09-02,26.93,26.98,26.74,26.84,11736111
2024-09-03,26.84,26.84,26.41,26.41,18435122
2024-09-04,26.12,26.17,25.69,26.02,34439433
2024-09-05,26.02,26.45,25.93,26.07,15219542
2024-09-06,25.98,26.26,25.78,26.26,10495587
2024-09-09,25.64,26.64,25.64,26.64,25686027
2024-09-10,26.64,26.74,26.36,26.69,20811061
2024-09-11,26.69,26.69,26.36,26.36,10098411
2024-09-12,26.74,26.74,26.21,26.45,14319008
2024-09-13,26.41,26.55,26.41,26.55,6591412
2024-09-16,26.55,26.55,26.41,26.45,6471592
2024-09-18,26.41,26.6,26.36,26.6,10712848
2024-09-19,26.5,26.74,26.45,26.6,14406219
2024-09-20,26.64,26.93,26.64,26.93,29481969
2024-09-23,26.93,27.12,26.84,27.12,16238272
2024-09-24,27.12,27.22,27.03,27.22,16905671
2024-09-25,27.36,27.46,27.07,27.22,21233662
2024-09-26,27.41,27.46,27.22,27.36,15430494
2024-09-27,27.55,27.55,26.88,27.03,18122400
2024-09-30,27.12,27.17,26.79,26.79,20130108
2024-10-01,26.84,27.36,26.64,27.36,20104377
2024-10-04,26.93,26.98,26.55,26.74,29264709
2024-10-07,26.79,26.88,26.55,26.84,18730541
2024-10-08,26.6,26.84,26.45,26.69,18114627
2024-10-09,26.69,26.93,26.69,26.79,15141308
2024-10-11,26.88,27.03,26.84,26.88,12264456
2024-10-14,26.93,27.03,26.84,27.03,10930569
2024-10-15,27.07,27.36,27.03,27.36,21695103
2024-10-16,27.12,27.36,26.93,27.07,21870992
2024-10-17,27.07,27.17,26.88,26.98,11618701
2024-10-18,27.12,27.55,27.03,27.5,32755699
2024-10-21,27.55,27.55,26.88,26.88,23143334
2024-10-22,26.88,26.93,26.79,26.93,13378432
2024-10-23,26.88,26.93,26.64,26.64,14230053
2024-10-24,26.55,26.64,26.45,26.6,19565975
2024-10-25,26.6,26.69,26.41,26.41,11517259
2024-10-28,26.45,26.64,26.26,26.26,17343473
2024-10-29,26.21,26.26,25.88,26.07,22737107
2024-10-30,26.26,26.31,25.93,26.17,18023886
2024-11-01,24.88,26.12,24.88,25.64,47590639
2024-11-04,25.69,26.26,25.69,26.12,12928828
2024-11-05,26.07,26.12,25.88,26.07,13850797
2024-11-06,25.98,26.12,25.83,25.83,10562024
2024-11-07,25.83,26.36,25.83,26.17,13595691
2024-11-08,26.31,26.36,26.07,26.21,9739930
2024-11-11,26.21,26.36,26.07,26.21,11049051
2024-11-12,25.88,25.98,25.78,25.93,36719254
2024-11-13,25.93,25.93,25.78,25.88,18099814
2024-11-14,25.78,25.88,25.5,25.5,38279891
2024-11-15,25.74,25.98,25.59,25.64,34338413
2024-11-18,25.64,25.93,25.59,25.93,53366699
2024-11-19,26.07,26.07,25.59,25.88,77080589
2024-11-20,25.78,26.12,25.78,25.83,77018270
2024-11-21,25.83,26.12,25.64,26.12,60425083
2024-11-22,26.07,26.21,25.88,26.21,45717718
2024-11-25,26.36,26.55,26.21,26.55,47361781
2024-11-26,26.31,26.36,26.12,26.21,11167591
2024-11-27,26.31,26.36,26.07,26.12,14348267
2024-11-28,26.12,26.21,25.93,26.07,11751924
2024-11-29,25.88,25.98,25.69,25.78,25123195
2024-12-02,25.88,26.17,25.88,26.12,15131807
2024-12-03,26.36,26.55,26.21,26.55,21902120
2024-12-04,26.64,26.64,26.17,26.31,15482994
2024-12-05,26.45,26.5,26.31,26.45,11438373
2024-12-06,26.45,26.5,26.21,26.31,8443068
2024-12-09,26.26,26.41,26.17,26.31,12592403
2024-12-10,26.31,26.36,26.12,26.26,9474733
2024-12-11,26.17,26.31,26.12,26.26,11115350
2024-12-12,26.21,26.31,26.17,26.31,9612063
2024-12-13,26.36,26.36,26.12,26.12,11170359
2024-12-16,26.26,26.36,26.12,26.12,16244381
2024-12-17,26.12,26.31,25.88,26.31,43300787
2024-12-18,26.17,26.21,25.88,26.12,33257883
2024-12-19,25.88,25.93,25.69,25.78,39070265
2024-12-20,25.64,25.88,25.59,25.64,44688082
2024-12-23,25.88,26.12,25.83,26.12,26306637
2024-12-24,26.17,26.41,25.98,26.41,22567115
2024-12-25,26.41,26.41,26.17,26.36,9997236
2024-12-26,26.36,26.41,26.12,26.17,6725248
2024-12-27,26.07,26.07,25.98,26.02,6710093
2024-12-30,25.93,26.07,25.88,25.88,8965558
2024-12-31,25.78,25.88,25.74,25.74,12560880
2025-01-02,25.74,25.78,25.64,25.78,12785958
2025-01-03,25.78,25.88,25.74,25.74,6263143
2025-01-06,25.78,26.07,25.78,26.02,14481224
2025-01-07,26.07,26.12,25.88,25.88,11381036
2025-01-08,26.02,26.17,25.93,26.07,15690849
2025-01-09,26.07,26.6,26.02,26.12,23159072
2025-01-10,25.93,26.17,25.88,26.12,19949987
2025-01-13,26.17,26.26,25.69,25.83,24725784
2025-01-14,25.93,26.31,25.93,26.31,21583043
2025-01-15,26.36,26.5,26.21,26.21,21295414
2025-01-16,26.45,26.55,26.31,26.5,24949111
2025-01-17,26.5,26.5,26.17,26.36,15694799
2025-01-20,26.36,26.41,26.26,26.31,11533058
2025-01-21,26.45,26.6,26.31,26.5,15680280
2025-01-22,26.5,26.64,26.45,26.55,22448301
2025-02-03,26.36,26.84,26.36,26.74,35652496
2025-02-04,27.03,27.46,26.93,27.31,49917952
2025-02-05,27.41,27.46,27.03,27.17,16141724
2025-02-06,27.22,27.36,27.12,27.36,12849053
2025-02-07,27.27,27.36,27.17,27.27,8485418
2025-02-10,27.22,27.41,27.12,27.41,16236212
2025-02-11,27.41,27.41,27.27,27.41,8697867
2025-02-12,27.5,27.69,27.41,27.65,21683498
2025-02-13,27.69,27.89,27.6,27.89,27743018
2025-02-14,27.93,27.98,27.74,27.93,15316736
2025-02-17,27.98,28.12,27.89,28.12,18002675
2025-02-18,28.12,28.17,27.98,28.17,13556957
2025-02-19,28.12,28.17,28.08,28.17,13177758
2025-02-20,28.12,28.12,27.89,27.98,15778084
2025-02-21,27.98,28.32,27.98,28.32,22847193
2025-02-24,28.12,28.32,28.03,28.27,15013671
2025-02-25,27.93,28.22,27.93,28.22,11975709
2025-02-26,28.17,28.65,28.17,28.65,29395836
2025-02-27,28.6,28.6,27.84,27.84,41930696
2025-03-03,27.69,28.12,27.46,28.12,34677614
2025-03-04,27.69,28.08,27.65,27.93,24564895
2025-03-05,28.08,28.08,27.69,27.69,16827302
2025-03-06,27.69,27.89,27.69,27.74,13154321
2025-03-07,27.79,27.79,27.46,27.46,20808440
2025-03-10,27.5,27.74,27.22,27.65,29878639
2025-03-11,27.55,27.69,27.22,27.65,26704898
2025-03-12,27.69,27.89,27.5,27.79,23956397
2025-03-13,27.98,28.41,27.93,28.27,31826688
2025-03-14,28.36,28.46,28.32,28.32,19720323
2025-03-17,28.32,28.55,28.32,28.55,36505507
2025-03-18,28.6,28.65,28.41,28.65,27368191
2025-03-19,28.6,28.65,28.51,28.51,30814127
2025-03-20,28.6,28.65,28.51,28.6,17850302
2025-03-21,28.55,28.65,28.41,28.55,44281350
2025-03-24,28.46,28.65,28.36,28.6,17633411
2025-03-25,28.6,28.79,28.32,28.32,32376943
2025-03-26,28.32,28.65,28.32,28.65,17502494
2025-03-27,28.6,28.65,28.36,28.65,18699548
2025-03-28,28.36,28.46,28.03,28.32,22541502
2025-03-31,27.69,27.79,27.46,27.46,45333488
2025-04-01,27.5,27.93,27.5,27.74,21566557
2025-04-02,27.69,27.98,27.6,27.98,12737129
2025-04-07,25.21,25.21,25.21,25.21,20239589
2025-04-08,25.31,25.98,25.02,25.55,80790010
2025-04-09,25.55,25.98,24.35,24.73,65699358
2025-04-10,27.17,27.17,26.26,26.55,61387299
2025-04-11,26.45,26.45,25.93,26.36,47304347
2025-04-14,26.26,26.74,26.21,26.31,34480499
2025-04-15,26.41,26.64,26.41,26.5,18175284
2025-04-16,26.45,26.74,26.26,26.6,23565460
2025-04-17,26.69,26.69,26.31,26.36,16552909
2025-04-18,26.6,26.6,26.31,26.41,7617064
2025-04-21,26.41,26.55,26.26,26.31,7481726
2025-04-22,26.26,26.26,25.93,25.98,16799778
2025-04-23,26.17,26.6,26.17,26.55,15801130
2025-04-24,26.26,26.45,26.12,26.17,15233633
2025-04-25,26.41,26.5,26.31,26.31,8688949
2025-04-28,26.41,26.79,26.41,26.55,17127736
2025-04-29,26.55,26.79,26.36,26.55,21862178
2025-04-30,26.5,27.07,26.45,27.03,32060372
2025-05-02,26.84,26.98,26.74,26.74,19369390
2025-05-05,26.74,26.88,26.45,26.6,30965180
2025-05-06,26.93,27.41,26.84,27.31,33311193
2025-05-07,27.41,28.12,27.31,27.55,42749338
2025-05-08,27.55,27.89,27.46,27.55,23695696
2025-05-09,28.41,28.46,28.12,28.46,65787608
2025-05-12,28.46,28.51,28.03,28.17,19185125
2025-05-13,28.22,28.27,27.98,28.17,25325182
2025-05-14,28.22,28.55,28.17,28.36,25946391
2025-05-15,28.41,28.6,28.32,28.6,28551730
2025-05-16,28.6,28.75,28.51,28.75,44343345
2025-05-19,28.75,28.84,28.6,28.75,25642680
2025-05-20,28.75,28.89,28.6,28.75,17544782
2025-05-21,28.75,28.79,28.6,28.79,19777611
2025-05-22,28.6,28.79,28.55,28.7,19572253
2025-05-23,28.7,28.75,28.51,28.7,23751705
2025-05-26,28.55,28.89,28.51,28.89,26351113
2025-05-27,28.7,28.94,28.7,28.79,27602893
2025-05-28,28.79,28.89,28.65,28.89,30790236
2025-05-29,28.94,28.98,28.27,28.46,78588151
2025-06-02,28.27,28.94,28.27,28.94,46985287
2025-06-03,28.94,29.08,28.6,29.08,74422953
2025-06-04,29.08,29.13,28.84,29.13,31613238
2025-06-05,29.13,29.22,28.98,29.13,18712332
2025-06-06,29.18,29.51,29.03,29.51,22901539
2025-06-09,29.51,29.7,29.46,29.7,20663314
2025-06-10,29.7,29.89,29.7,29.8,21917656
2025-06-11,29.84,29.89,29.65,29.89,23554756
2025-06-12,29.7,29.89,29.7,29.89,13413235
2025-06-13,29.84,30.13,29.75,30.13,30818577
2025-06-16,30.13,30.32,30.13,30.32,28068528
2025-06-17,30.37,30.56,30.13,30.37,29843033
2025-06-18,30.37,30.56,30.27,30.56,35572781
2025-06-19,30.27,30.61,30.27,30.56,33171956
2025-06-20,30.56,30.7,30.18,30.37,39665065
2025-06-23,29.94,30.32,29.75,30.18,24595565
2025-06-24,30.32,30.56,30.32,30.46,25100736
2025-06-25,30.56,30.85,30.42,30.85,42033321
2025-06-26,30.8,31.04,30.7,30.94,39267307
2025-06-27,30.75,31.51,30.75,31.51,50554499
2025-06-30,31.42,31.42,31.09,31.37,45449023
2025-07-01,31.37,31.66,30.75,31.56,57733518
2025-07-02,31.32,31.51,31.18,31.51,20666563
2025-07-03,31.51,31.66,31.42,31.66,21497449
2025-07-04,31.71,32.09,31.71,31.85,25602870
2025-07-07,31.8,32.47,31.8,32.47,37118706
2025-07-08,32.47,32.66,32.42,32.47,38827651
2025-07-09,32.33,32.66,32.18,32.66,30831719
2025-07-10,32.52,33.23,32.28,33.14,37411287
2025-07-11,33.19,33.42,33.14,33.23,47915232
2025-07-14,33.33,33.62,33.28,33.57,44266045
2025-07-15,33.57,33.71,33.23,33.71,50499833
2025-07-16,33.33,33.71,33.14,33.66,45387267
2025-07-17,33.52,33.81,33.52,33.66,36815810
2025-07-18,33.66,33.66,33.28,33.42,48970277
2025-07-21,33.23,33.38,32.61,32.66,63616764
2025-07-22,33.0,33.3,32.9,33.2,43030397
2025-07-23,33.3,33.35,32.9,33.05,28434294
2025-07-24,33.0,33.0,32.65,32.85,25405255
2025-07-25,32.75,32.8,32.35,32.55,26145751
2025-07-28,32.55,33.0,32.15,32.2,29126990
2025-07-29,32.2,32.3,31.85,31.95,27714813
2025-07-30,31.95,32.25,31.9,32.15,31010241
2025-07-31,31.95,32.15,31.65,32.05,17494084
2025-08-04,32.05,32.7,32.0,32.6,29069748
2025-08-05,32.6,32.9,32.45,32.65,31704744
2025-08-06,32.65,32.9,32.55,32.9,28973947
2025-08-07,33.25,33.4,32.8,33.15,31968925
2025-08-08,33.3,33.4,32.95,33.25,28663969
2025-08-11,33.25,33.25,32.95,33.15,19476023
2025-08-12,33.1,33.2,32.95,33.2,26414277
2025-08-13,33.25,34.05,33.25,34.05,33563077
2025-08-14,34.25,34.5,34.15,34.5,32261832
2025-08-15,34.5,34.55,34.0,34.0,30516886
2025-08-18,34.0,34.35,33.55,34.35,34052733
2025-08-19,34.05,34.35,34.0,34.2,23636208
2025-08-20,34.4,34.4,33.8,33.9,24167844
2025-08-21,34.2,34.35,33.6,33.75,20276026
2025-08-22,34.1,34.1,33.55,33.65,13885256
2025-08-25,33.8,33.9,33.25,33.4,24404962
2025-08-26,33.25,33.7,33.05,33.7,68894201
2025-08-27,33.7,33.75,33.4,33.4,13357926
2025-08-28,33.55,33.8,33.45,33.6,18086667
2025-08-29,33.65,33.7,33.4,33.45,17684112
2025-09-01,33.5,33.65,33.4,33.65,14846255
2025-09-02,33.7,34.0,33.6,34.0,14673250
2025-09-03,34.4,34.4,33.75,33.95,19369307
2025-09-04,34.05,34.1,33.65,34.0,14683116
2025-09-05,34.1,34.3,34.0,34.3,23644431
2025-09-08,34.3,34.4,33.5,33.6,22354855
2025-09-09,33.8,34.0,33.7,33.9,23210133
2025-09-10,33.9,33.95,33.6,33.8,28371300
2025-09-11,34.0,34.1,33.75,33.9,26336345
2025-09-12,34.0,34.05,33.75,33.85,22795404
2025-09-15,34.0,34.2,33.5,33.55,20202457
2025-09-16,33.5,33.55,33.2,33.4,25306080
2025-09-17,33.6,33.6,33.15,33.15,16175770
2025-09-18,33.25,33.35,33.0,33.35,22253472
2025-09-19,33.5,33.7,33.15,33.55,29669743
2025-09-22,33.55,33.65,33.4,33.55,11406898
2025-09-23,33.45,33.45,33.0,33.15,27332864
2025-09-24,33.3,33.55,33.15,33.4,15569550
2025-09-25,33.5,33.55,33.0,33.05,24096771
2025-09-26,33.05,33.1,32.7,32.9,25032560
2025-09-30,33.35,33.4,33.0,33.35,33003145
2025-10-01,33.35,33.4,33.05,33.35,21777108
2025-10-02,33.25,33.45,33.0,33.0,25858145
2025-10-03,33.0,33.05,32.6,32.6,29326302
2025-10-07,32.5,32.8,32.2,32.7,30267228
2025-10-08,32.75,33.05,32.7,32.8,27101733
2025-10-09,32.95,33.15,32.9,33.0,25717122
2025-10-13,33.0,33.0,32.35,32.5,26430757
2025-10-14,32.5,33.1,32.5,32.8,30992753
2025-10-15,32.95,33.0,32.7,32.95,18259469
2025-10-16,33.0,33.0,32.3,32.4,34579499
2025-10-17,32.65,32.65,32.35,32.55,17063654
2025-10-20,32.55,32.55,32.2,32.3,15969714
2025-10-21,32.45,32.6,32.3,32.5,14971531
2025-10-22,32.6,32.6,32.4,32.6,19827967
2025-10-23,32.55,32.65,32.3,32.65,17239976
2025-10-27,31.1,31.45,29.9,30.3,276409514
2025-10-28,30.3,30.5,30.0,30.0,173375511
2025-10-29,30.05,30.3,29.95,30.2,117359695
2025-10-30,30.2,30.2,29.8,29.8,104930416
2025-10-31,29.7,29.9,29.55,29.75,93874810
2025-11-03,29.6,30.35,29.5,30.15,59818806
2025-11-04,30.15,30.5,30.1,30.3,53301988
2025-11-05,30.3,30.3,30.3,30.3,0
2025-11-06,30.7,30.7,29.95,29.95,80039479
2025-11-07,29.95,30.1,29.6,29.6,76054756
2025-11-10,29.6,29.8,29.4,29.5,43124791
2025-11-11,29.8,30.2,29.75,30.15,60132445
2025-11-12,30.3,30.5,30.2,30.2,42070776
2025-11-13,30.25,30.45,30.1,30.1,43668054
2025-11-14,30.15,30.25,29.8,30.0,47655028
2025-11-17,30.1,30.2,29.95,30.2,36370975
2025-11-18,30.0,30.2,29.9,29.9,33888452
2025-11-19,30.15,30.15,29.9,30.0,23322461
2025-11-20,30.2,30.2,29.95,30.2,21497264
2025-11-21,30.1,30.25,29.9,30.05,38013729
2025-11-24,30.25,30.8,30.25,30.8,103508478
2025-11-25,30.7,30.7,30.1,30.1,38953291
2025-11-26,30.45,30.5,30.3,30.5,30191825
2025-11-27,30.4,30.5,30.3,30.4,16467139
2025-11-28,30.5,30.55,30.3,30.35,25910367
2025-12-01,30.5,30.7,30.4,30.55,26860170
2025-12-02,30.6,30.85,30.55,30.85,37988537
2025-12-03,31.0,31.0,30.3,30.4,35205111
2025-12-04,30.4,30.8,30.4,30.8,22067491
2025-12-05,30.8,30.8,30.5,30.65,25061158
2025-12-08,31.85,32.95,31.35,32.0,139745945
2025-12-09,32.45,32.55,32.0,32.1,61989610
2025-12-10,32.1,32.45,32.1,32.1,24932149
2025-12-11,32.15,32.45,31.95,32.35,38112456
2025-12-12,32.55,33.15,32.5,32.8,40187691
2025-12-15,33.0,33.05,32.6,33.0,49462241
2025-12-16,33.0,33.45,32.95,32.95,58286172
2025-12-17,33.2,33.8,33.1,33.5,66595979
2025-12-18,33.8,34.2,32.9,33.25,76037139
2025-12-19,33.2,33.7,32.9,33.55,139849807
2025-12-22,33.45,33.6,33.1,33.3,112693819
2025-12-23,33.2,33.55,32.75,33.55,105691812
2025-12-24,33.15,33.95,32.85,33.95,107139802
2025-12-26,33.65,34.15,33.2,34.15,91300382
2025-12-29,33.95,33.95,33.6,33.65,33560540
2025-12-30,33.55,34.15,33.2,33.85,60237692
2025-12-31,33.85,34.05,33.4,33.75,59752525
2026-01-02,33.8,34.1,33.4,34.1,61401106
2026-01-05,33.95,34.2,33.7,33.85,54916136
2026-01-06,33.9,34.05,33.65,33.7,34316462
2026-01-07,33.75,33.75,33.2,33.25,43970526
2026-01-08,33.2,33.4,32.8,32.8,39961393
2026-01-09,32.85,33.05,32.65,32.85,22653667
2026-01-12,32.6,32.7,32.5,32.5,28479591
2026-01-13,32.6,32.6,32.4,32.4,25962019
2026-01-14,32.5,32.65,32.3,32.3,28618845
2026-01-15,32.45,32.7,32.45,32.45,30974461
2026-01-16,32.5,32.95,32.45,32.65,27570684
2026-01-19,32.65,33.5,32.6,33.0,36411174
2026-01-20,33.05,33.4,33.0,33.1,28815546
2026-01-21,33.0,33.35,32.85,33.35,32972521
2026-01-22,33.55,33.6,33.3,33.5,38419212
2026-01-23,33.65,33.65,33.0,33.25,33382923
2026-01-26,33.3,33.65,33.0,33.65,29923666
2026-01-27,33.75,33.8,33.6,33.6,27100993
2026-01-28,33.6,33.7,33.25,33.5,24938132
2026-01-29,33.5,33.75,33.3,33.7,35250612
2026-01-30,33.65,33.65,33.1,33.4,36105582
2026-02-02,33.45,33.45,32.7,33.3,29342179
2026-02-03,33.35,33.6,33.3,33.4,27776212
2026-02-04,33.4,33.9,33.4,33.7,26411876
2026-02-05,33.7,34.0,33.6,33.95,33145350
2026-02-06,33.7,34.0,33.45,34.0,22139971
2026-02-09,34.1,34.2,33.7,33.7,29639253
2026-02-10,33.7,33.9,33.7,33.8,22076186
2026-02-11,34.0,34.15,33.9,34.15,34396865
2026-02-23,34.7,34.9,34.45,34.85,71275747
2026-02-24,34.9,34.9,34.25,34.7,32673975
2026-02-25,34.6,35.0,34.2,34.95,38677536
2026-02-26,34.8,35.5,34.75,35.1,95524125
2026-03-02,34.5,35.1,34.5,34.9,37337604
2026-03-03,34.6,35.1,34.6,34.9,35330852
2026-03-04,34.45,34.55,33.35,33.65,49100765
2026-03-05,33.75,34.05,33.75,34.05,30011738
2026-03-06,33.9,34.0,33.65,34.0,21907865
2026-03-09,32.65,33.5,32.6,33.35,42981891
2026-03-10,33.45,33.85,33.2,33.4,23612947
2026-03-11,33.4,34.0,33.3,33.3,23226940
2026-03-12,33.0,33.1,32.65,33.05,43744951
2026-03-13,32.95,33.25,32.85,33.05,27365397
2026-03-16,33.05,33.05,32.1,32.2,66828822
2026-03-17,32.3,32.55,32.0,32.25,54230037
2026-03-18,32.7,32.75,32.0,32.25,35704968
