date,open,high,low,close,volume
2000-01-04,65.63,66.69,61.93,62.46,71505593
2000-01-05,60.34,64.58,60.34,63.52,57598803
2000-01-06,63.52,64.58,62.46,62.99,43747437
2000-01-07,61.4,64.05,59.81,62.46,37015484
2000-01-10,64.05,66.69,63.52,66.69,50225134
2000-01-11,67.75,68.28,62.46,62.46,55912163
2000-01-12,61.93,62.99,60.87,61.93,34840193
2000-01-13,61.93,62.46,58.22,58.75,43002631
2000-01-14,59.81,61.4,59.28,60.34,37181583
2000-01-17,63.52,64.05,61.93,62.46,23447100
2000-01-18,61.4,61.93,60.34,60.34,17343226
2000-01-19,60.34,61.4,59.28,60.34,19127054
2000-01-20,60.87,61.93,60.34,61.4,21684763
2000-01-21,61.93,63.52,61.93,61.93,21291039
2000-01-24,62.46,62.99,61.4,61.4,16527358
2000-01-25,62.46,65.11,61.93,63.52,51280429
2000-01-26,64.58,65.11,62.99,64.58,37665221
2000-01-27,64.58,66.69,64.58,64.58,60980596
2000-01-28,64.58,64.58,62.99,63.52,31694831
2000-01-31,67.22,70.93,66.69,69.87,61764517
2000-02-01,70.93,72.52,70.4,70.93,42476361
2000-02-02,70.93,70.93,70.93,70.93,0
2000-02-03,70.93,70.93,70.93,70.93,0
2000-02-04,70.93,70.93,70.93,70.93,0
2000-02-07,70.93,70.93,70.93,70.93,0
2000-02-08,70.93,70.93,70.93,70.93,0
2000-02-09,73.57,73.57,70.93,72.52,39326539
2000-02-10,72.52,74.1,70.93,71.99,31234237
2000-02-11,73.04,73.57,70.93,70.93,30793493
2000-02-14,69.87,69.87,67.75,68.28,28878670
2000-02-15,67.22,69.34,67.22,68.28,20435391
2000-02-16,68.81,70.4,68.81,69.87,21911032
2000-02-17,70.4,73.57,70.4,73.57,47072944
2000-02-18,78.34,78.34,74.1,75.16,59131782
2000-02-21,76.22,76.22,70.93,71.46,27982859
2000-02-22,69.87,71.46,67.75,71.46,26589741
2000-02-23,70.93,73.57,70.4,71.46,27333464
2000-02-24,74.1,74.63,71.99,72.52,27686344
2000-02-25,75.16,76.22,74.1,74.63,54275149
2000-02-28,74.63,74.63,74.63,74.63,0
2000-02-29,77.81,78.87,76.75,76.75,41764841
2000-03-01,79.93,80.46,77.81,79.4,33122963
2000-03-02,79.4,79.4,76.22,76.75,21149581
2000-03-03,77.28,78.34,76.22,77.81,18150257
2000-03-06,78.34,78.34,76.75,76.75,14620934
2000-03-07,76.75,77.81,75.16,75.69,18462782
2000-03-08,76.22,77.28,75.16,75.69,15507248
2000-03-09,76.75,79.4,76.22,79.4,26808670
2000-03-10,80.46,83.1,80.46,81.51,63216232
2000-03-13,80.98,80.98,76.22,76.22,37358782
2000-03-14,76.22,78.34,74.1,77.28,34628197
2000-03-15,76.75,78.87,75.16,75.16,30458810
2000-03-16,71.99,75.16,70.4,73.57,32392425
2000-03-17,74.63,75.69,73.57,74.1,33150375
2000-03-20,71.99,73.57,71.99,71.99,42883869
2000-03-21,73.04,76.75,73.04,76.75,30535988
2000-03-22,78.87,82.04,78.34,82.04,76335424
2000-03-23,85.22,87.34,85.22,87.34,49006852
2000-03-24,87.87,89.98,85.22,88.39,55067887
2000-03-27,88.39,93.16,87.34,89.98,44355645
2000-03-28,89.98,92.1,87.34,89.98,33001697
2000-03-29,89.98,95.81,88.39,95.81,39693244
2000-03-30,95.28,98.45,94.22,95.28,33184538
2000-03-31,93.69,95.81,90.51,92.1,38578031
2000-04-03,92.1,92.1,92.1,92.1,0
2000-04-04,92.1,92.1,92.1,92.1,0
2000-04-05,97.39,105.33,96.86,104.27,48969877
2000-04-06,107.45,108.51,101.1,104.27,62293966
2000-04-07,105.33,106.92,102.69,102.69,35797862
2000-04-10,102.69,107.98,101.1,106.39,37812605
2000-04-11,104.8,108.51,103.75,105.33,32445682
2000-04-12,105.33,106.92,100.57,100.57,30325453
2000-04-13,93.69,100.57,93.69,100.57,37327798
2000-04-14,96.33,100.04,94.22,94.22,26325234
2000-04-17,93.69,98.45,93.69,98.45,40264121
2000-04-18,104.27,104.27,100.57,100.57,39158016
2000-04-19,103.22,103.22,98.98,99.51,27274705
2000-04-20,99.51,101.63,97.39,100.04,26368656
2000-04-21,100.57,101.63,98.45,98.45,18657694
2000-04-24,97.39,98.45,93.16,93.16,18566566
2000-04-25,91.04,97.39,90.51,96.86,26419662
2000-04-26,97.39,97.92,90.51,92.1,32168413
2000-04-27,93.69,94.22,91.04,92.63,16878350
2000-04-28,94.22,98.45,93.16,97.92,28034504
2000-05-01,97.92,97.92,97.92,97.92,0
2000-05-02,98.98,100.04,96.86,97.92,18562203
2000-05-03,96.86,97.92,95.28,96.33,15491475
2000-05-04,97.39,98.98,93.16,93.69,25067549
2000-05-05,93.16,97.39,92.1,97.39,17418862
2000-05-08,98.45,99.51,95.81,96.33,12356329
2000-05-09,96.33,96.33,96.33,96.33,0
2000-05-10,95.81,95.81,93.16,93.16,7967615
2000-05-11,89.98,91.57,88.92,90.51,15761882
2000-05-12,92.63,94.75,91.57,93.69,15263220
2000-05-15,95.28,96.33,93.69,95.28,14583708
2000-05-16,96.86,101.63,96.33,101.63,38192817
2000-05-17,103.75,107.98,103.75,105.33,57313901
2000-05-18,104.27,105.86,103.75,104.8,25202841
2000-05-19,103.75,107.98,103.75,107.98,30507956
2000-05-22,104.8,105.86,101.1,101.1,22729177
2000-05-23,101.63,102.69,99.51,100.04,20291162
2000-05-24,95.81,97.92,94.75,94.75,20317930
2000-05-25,96.33,97.39,93.16,93.16,15934062
2000-05-26,92.1,95.81,92.1,94.75,14479591
2000-05-29,97.39,100.04,96.33,96.33,23515289
2000-05-30,96.33,96.33,96.33,96.33,0
2000-05-31,103.75,104.27,101.1,101.1,31512171
2000-06-01,101.63,103.75,101.1,103.22,19621696
2000-06-02,104.8,105.86,103.75,104.27,19227468
2000-06-05,107.45,111.16,105.86,111.16,39533604
2000-06-06,111.16,111.16,111.16,111.16,0
2000-06-07,110.84,112.54,109.13,112.54,45709808
2000-06-08,113.68,113.68,109.7,110.27,27855534
2000-06-09,111.41,112.54,110.84,110.84,18294430
2000-06-12,110.84,111.98,110.27,111.98,11238390
2000-06-13,110.84,112.54,110.27,110.84,12809659
2000-06-14,111.98,113.68,111.41,112.54,19754329
2000-06-15,112.54,113.11,111.41,111.98,10968815
2000-06-16,111.41,112.54,109.13,109.7,11407246
2000-06-19,106.29,109.13,104.59,108.0,11743883
2000-06-20,110.27,110.84,106.86,106.86,14353105
2000-06-21,108.56,109.7,106.86,107.43,9006152
2000-06-22,108.0,108.56,106.86,107.43,6922559
2000-06-23,105.72,107.43,104.59,104.59,12450809
2000-06-26,104.02,104.02,100.04,101.18,10887241
2000-06-27,101.18,102.31,98.9,99.47,7999054
2000-06-28,99.47,101.18,96.63,97.77,14987417
2000-06-29,97.77,97.77,90.94,91.51,21890158
2000-06-30,90.38,90.94,86.4,87.53,15550516
2000-07-03,86.97,89.24,82.99,86.4,19072118
2000-07-04,87.53,88.67,86.4,88.1,16549186
2000-07-05,88.67,93.79,87.53,93.79,20433312
2000-07-06,90.94,93.79,89.81,90.38,14663204
2000-07-07,91.51,92.08,88.67,88.67,10092918
2000-07-10,88.67,89.24,84.12,85.26,11389220
2000-07-11,85.26,90.38,84.69,88.1,14223005
2000-07-12,88.67,89.24,87.53,88.1,8764267
2000-07-13,89.24,92.65,89.24,91.51,14185523
2000-07-14,92.08,93.79,91.51,93.22,14419335
2000-07-17,92.08,92.08,87.53,88.67,12714091
2000-07-18,87.53,88.67,86.4,86.4,7056415
2000-07-19,87.53,88.67,86.4,86.4,7056415
2000-07-20,86.4,86.97,82.42,82.99,14416404
2000-07-21,82.99,84.12,77.87,78.44,17818543
2000-07-24,78.44,80.14,77.3,78.44,11847738
2000-07-25,77.3,80.71,77.3,77.3,11955747
2000-07-26,77.87,80.71,77.87,77.87,13013857
2000-07-27,77.87,77.87,72.76,75.6,13487893
2000-07-28,73.32,76.17,72.19,75.6,12883113
2000-07-31,75.6,75.6,72.76,73.32,6547220
2000-08-01,74.46,75.03,69.35,69.35,9292294
2000-08-02,69.35,71.05,68.78,69.35,17448578
2000-08-03,69.35,69.91,65.93,68.78,13592643
2000-08-04,69.91,71.62,68.78,69.91,13156914
2000-08-07,69.91,71.62,69.35,70.48,7781383
2000-08-08,71.62,72.19,69.91,72.19,12031118
2000-08-09,73.32,76.73,72.76,76.73,22619075
2000-08-10,77.87,79.01,76.73,77.3,18342136
2000-08-11,76.73,77.87,76.17,76.73,9931249
2000-08-14,76.73,76.73,73.89,73.89,6323626
2000-08-15,75.03,75.6,73.89,73.89,8678199
2000-08-16,75.03,77.87,75.03,77.3,17088552
2000-08-17,78.44,81.85,76.73,81.85,21815212
2000-08-18,82.99,82.99,79.58,79.58,17535068
2000-08-21,81.85,83.56,80.71,81.85,10861267
2000-08-22,80.71,81.28,77.87,79.01,9150677
2000-08-23,79.01,79.01,79.01,79.01,0
2000-08-24,80.14,82.99,80.14,81.28,16033863
2000-08-25,82.42,83.56,81.85,82.42,16107014
2000-08-28,81.85,81.85,79.58,79.58,7169494
2000-08-29,78.44,80.71,77.3,80.71,9653563
2000-08-30,79.58,80.14,76.17,76.73,11215438
2000-08-31,75.03,78.44,75.03,76.73,7517900
2000-09-01,77.3,77.87,71.62,73.32,11152527
2000-09-04,79.58,81.85,78.44,81.28,16682115
2000-09-05,81.85,81.85,79.01,79.58,9894943
2000-09-06,79.01,80.71,77.87,77.87,13587667
2000-09-07,73.89,75.6,72.76,74.46,17888340
2000-09-08,74.46,75.6,72.19,72.19,9253608
2000-09-11,71.05,73.89,70.48,72.19,8543491
2000-09-12,72.19,72.19,72.19,72.19,0
2000-09-13,71.05,73.32,69.35,73.32,11356266
2000-09-14,73.32,75.03,69.35,70.48,12263483
2000-09-15,69.35,73.89,69.35,69.91,15225013
2000-09-18,71.62,71.62,68.21,68.21,9751388
2000-09-19,66.5,69.35,65.93,65.93,12163286
2000-09-20,68.21,68.78,61.96,62.52,19954265
2000-09-21,61.39,62.52,59.68,61.39,12705458
2000-09-22,57.98,57.98,57.41,57.41,10662416
2000-09-25,55.7,56.73,53.43,54.57,20087612
2000-09-26,53.09,57.98,51.16,57.98,33411510
2000-09-27,57.98,59.11,55.14,56.16,23223519
2000-09-28,57.41,59.11,55.7,55.7,19955536
2000-09-29,56.16,57.41,53.77,56.73,20593114
2000-10-02,57.98,58.55,55.93,55.93,20104471
2000-10-03,55.93,57.98,55.48,56.61,23027671
2000-10-04,54.68,54.68,54.68,54.68,1980301
2000-10-05,53.09,56.04,53.09,55.36,24955305
2000-10-06,55.48,59.11,55.48,59.11,19458386
2000-10-09,59.68,60.25,57.98,57.98,10343613
2000-10-10,57.98,57.98,57.98,57.98,0
2000-10-11,56.04,56.04,56.04,56.04,1587082
2000-10-12,52.18,54.57,52.18,52.18,18126895
2000-10-13,48.54,52.29,48.54,52.18,19703211
2000-10-16,52.18,52.18,52.18,52.18,0
2000-10-17,45.24,47.4,45.24,45.24,20417625
2000-10-18,42.18,42.63,42.18,42.18,7581305
2000-10-19,39.33,39.33,39.33,39.33,2268774
2000-10-20,40.13,42.06,40.13,42.06,18565441
2000-10-23,45.47,47.97,44.34,46.84,36173056
2000-10-24,47.75,50.02,46.84,50.02,24248139
2000-10-25,52.29,53.43,51.95,53.43,11824163
2000-10-26,53.43,56.84,53.43,55.14,67834473
2000-10-27,55.14,55.14,55.14,55.14,0
2000-10-30,53.32,53.32,53.32,53.32,2644082
2000-10-31,51.5,54.34,51.5,52.29,57554106
2000-11-01,53.43,53.66,50.47,50.47,29210123
2000-11-02,50.02,54.0,49.79,54.0,39397541
2000-11-03,56.5,57.41,55.7,57.41,46119394
2000-11-06,59.11,60.25,56.84,59.68,40230250
2000-11-07,60.82,63.66,60.82,63.66,41386567
2000-11-08,64.8,67.64,63.66,67.64,46914696
2000-11-09,65.93,68.78,64.23,68.78,36078257
2000-11-10,68.21,69.35,65.93,67.64,28574079
2000-11-13,63.09,64.8,63.09,63.09,20905155
2000-11-14,61.39,64.8,61.39,63.09,27565462
2000-11-15,66.5,66.5,62.52,62.52,29221900
2000-11-16,61.39,61.96,59.11,59.68,21531982
2000-11-17,57.98,61.39,56.61,61.39,26783406
2000-11-20,55.7,56.84,54.0,54.0,25370577
2000-11-21,53.43,57.41,53.43,57.41,31335192
2000-11-22,59.68,61.39,59.11,59.68,38409602
2000-11-23,59.11,60.82,58.55,60.82,24948156
2000-11-24,62.52,64.8,61.96,64.8,41781673
2000-11-27,64.8,65.37,63.09,63.66,29503643
2000-11-28,62.52,62.52,61.96,61.96,14583935
2000-11-29,60.25,61.39,60.25,60.25,20367300
2000-11-30,62.52,62.52,59.68,60.82,30252687
2000-12-01,60.25,62.52,59.68,62.52,21188878
2000-12-04,59.68,59.68,59.11,59.11,5986165
2000-12-05,57.41,58.55,57.41,57.41,33844974
2000-12-06,59.11,59.11,55.48,55.48,38435939
2000-12-07,53.54,56.27,53.54,54.91,25517023
2000-12-08,55.36,56.84,55.14,55.48,25666583
2000-12-11,56.04,56.27,55.02,55.59,13770665
2000-12-12,56.61,57.41,56.27,56.39,22742894
2000-12-13,56.39,56.61,55.14,55.93,10738995
2000-12-14,55.14,55.48,54.34,54.45,8397608
2000-12-15,53.66,54.45,53.43,53.43,8885174
2000-12-18,50.7,51.16,49.91,49.91,9170211
2000-12-19,48.77,48.88,48.2,48.2,5259109
2000-12-20,46.61,46.61,46.61,46.61,1602016
2000-12-21,45.02,45.02,45.02,45.02,582418
2000-12-22,43.54,46.72,43.54,46.04,32039024
2000-12-25,46.04,46.04,46.04,46.04,0
2000-12-26,46.27,46.95,44.45,44.45,14958058
2000-12-27,42.97,43.31,42.97,42.97,2333889
2000-12-28,41.61,45.93,41.61,45.93,34421444
2000-12-29,45.93,47.18,45.24,45.24,30920062
2001-01-01,45.24,45.24,45.24,45.24,0
2001-01-02,46.04,49.22,45.93,49.22,31902804
2001-01-03,49.79,52.41,49.79,51.61,53486457
2001-01-04,55.14,55.14,53.77,55.14,54854256
2001-01-05,55.59,57.98,55.02,57.41,67927430
2001-01-08,55.93,57.98,55.48,55.48,41361514
2001-01-09,55.7,59.11,55.7,59.11,53870634
2001-01-10,58.55,59.11,56.27,56.84,38363767
2001-01-11,56.84,57.41,55.14,55.14,38090140
2001-01-12,55.7,56.5,54.79,55.14,31819932
2001-01-15,54.57,57.41,53.77,57.41,25716115
2001-01-16,57.98,60.82,57.98,59.68,54038083
2001-01-17,60.25,60.82,59.11,59.68,51062755
2001-01-18,59.68,59.68,56.84,57.41,34442403
2001-01-19,57.41,57.41,57.41,57.41,0
2001-01-22,57.41,57.41,57.41,57.41,0
2001-01-23,57.41,57.41,57.41,57.41,0
2001-01-24,57.41,57.41,57.41,57.41,0
2001-01-25,57.41,57.41,57.41,57.41,0
2001-01-26,57.41,57.41,57.41,57.41,0
2001-01-29,57.41,57.98,55.7,55.7,18420912
2001-01-30,56.04,59.11,55.7,59.11,33627283
2001-01-31,60.25,61.96,59.68,59.68,53752899
2001-02-01,59.68,60.25,57.41,58.55,29561027
2001-02-02,59.68,60.82,59.11,60.82,36323993
2001-02-05,59.11,60.25,58.55,59.11,18464672
2001-02-06,59.11,63.09,59.11,60.82,77666075
2001-02-07,60.82,61.96,59.68,60.82,37257005
2001-02-08,61.39,62.52,58.55,59.68,33295223
2001-02-09,59.11,60.25,57.41,59.11,28377173
2001-02-12,59.11,61.96,59.11,60.82,26330367
2001-02-13,62.52,64.8,61.96,64.8,58369806
2001-02-14,65.93,66.5,61.39,61.96,52991174
2001-02-15,63.66,65.37,63.09,65.37,37545483
2001-02-16,65.93,66.5,62.52,63.09,30136763
2001-02-19,60.82,62.52,60.82,61.96,15178653
2001-02-20,61.39,63.09,61.39,61.96,26793285
2001-02-21,60.82,61.96,60.25,61.39,12218212
2001-02-22,60.25,60.82,58.55,59.11,17449604
2001-02-23,58.55,59.11,57.98,57.98,15436297
2001-02-26,57.98,58.55,56.84,56.84,11344611
2001-02-27,57.41,57.98,55.14,55.7,14594410
2001-02-28,55.7,55.7,55.7,55.7,0
2001-03-01,53.77,54.57,53.09,53.2,16509364
2001-03-02,53.54,54.45,53.54,53.88,13147038
2001-03-05,54.45,56.73,53.66,56.5,11496948
2001-03-06,57.41,58.55,56.84,56.84,18300112
2001-03-07,58.55,59.11,57.98,58.55,14247771
2001-03-08,58.55,58.55,56.84,56.84,9726433
2001-03-09,55.7,56.27,55.25,55.7,7689456
2001-03-12,54.57,57.98,54.11,57.98,8445444
2001-03-13,56.84,57.98,56.61,57.41,8975558
2001-03-14,57.41,57.41,57.41,57.41,0
2001-03-15,55.93,57.98,55.59,57.98,10108653
2001-03-16,57.98,59.11,57.41,58.55,30604262
2001-03-19,57.98,58.55,55.7,55.82,13205791
2001-03-20,56.27,56.84,55.25,55.25,9887612
2001-03-21,54.79,55.93,54.57,55.02,8974722
2001-03-22,56.73,57.98,56.73,57.98,16787295
2001-03-23,60.25,60.25,58.55,58.55,26326292
2001-03-26,59.68,61.96,59.11,61.39,34369115
2001-03-27,62.52,62.52,59.68,59.68,23744093
2001-03-28,60.25,60.82,59.11,59.68,12269133
2001-03-29,59.68,60.82,59.11,60.25,9227816
2001-03-30,60.82,60.82,59.11,59.11,7877189
2001-04-02,59.11,59.68,56.84,56.84,8608490
2001-04-03,55.7,56.73,55.14,56.27,11270684
2001-04-04,55.7,56.84,55.7,55.93,8919753
2001-04-05,55.93,55.93,55.93,55.93,0
2001-04-06,57.98,58.55,56.84,56.84,11453465
2001-04-09,56.27,56.39,55.7,55.7,5194852
2001-04-10,55.7,57.41,55.14,55.25,9756707
2001-04-11,56.39,56.5,55.14,56.04,8638010
2001-04-12,56.84,57.98,56.73,56.84,11178765
2001-04-13,57.98,57.98,56.27,56.27,9181783
2001-04-16,56.27,56.84,56.27,56.27,4748976
2001-04-17,56.27,56.84,55.93,56.5,4286823
2001-04-18,56.84,58.55,56.84,57.98,12200027
2001-04-19,60.82,60.82,59.11,59.11,27242966
2001-04-20,60.25,60.82,59.68,59.68,18807401
2001-04-23,59.68,60.25,59.11,59.68,7873725
2001-04-24,59.11,59.68,57.98,57.98,10598806
2001-04-25,57.98,59.11,57.98,57.98,8766157
2001-04-26,57.98,59.11,57.98,57.98,8766157
2001-04-27,59.68,59.68,57.98,57.98,6593185
2001-04-30,57.98,59.11,57.41,57.41,8969072
2001-05-01,57.41,57.41,57.41,57.41,0
2001-05-02,58.55,60.25,57.98,59.11,18197350
2001-05-03,59.11,59.68,57.98,59.11,10386991
2001-05-04,59.11,59.11,55.7,56.39,13719574
2001-05-07,56.84,57.98,56.39,56.84,9148471
2001-05-08,56.84,57.41,55.36,56.5,9363400
2001-05-09,56.84,57.41,56.04,56.04,7360213
2001-05-10,55.7,56.04,54.57,54.57,8282770
2001-05-11,54.0,55.14,51.16,54.23,14476281
2001-05-14,52.41,54.0,52.41,53.2,4787555
2001-05-15,52.98,54.0,52.98,53.43,4592614
2001-05-16,53.43,53.43,49.79,50.13,15486780
2001-05-17,50.25,50.59,47.52,48.2,14473677
2001-05-18,48.43,49.34,47.63,48.66,11551736
2001-05-21,48.31,48.31,45.47,45.47,19906406
2001-05-22,47.0,47.14,46.55,47.14,4208414
2001-05-23,48.47,50.39,48.03,50.39,14676331
2001-05-24,51.72,53.35,50.99,53.05,17731996
2001-05-25,52.91,53.35,51.72,52.91,8030619
2001-05-28,52.61,52.61,51.72,51.87,4002198
2001-05-29,51.87,53.94,51.87,52.46,9788701
2001-05-30,53.2,54.53,52.76,54.53,13307231
2001-05-31,54.53,54.98,53.65,53.94,6842668
2001-06-01,54.98,55.27,53.65,54.09,7464732
2001-06-04,53.94,54.09,52.46,53.2,4589565
2001-06-05,53.65,54.68,53.05,54.38,8786469
2001-06-06,56.01,57.04,55.42,56.31,13150684
2001-06-07,56.16,56.31,55.42,56.01,4690990
2001-06-08,57.04,58.38,56.45,57.04,10775360
2001-06-11,57.04,57.64,56.45,57.64,4201368
2001-06-12,57.34,58.08,56.9,57.34,4451331
2001-06-13,57.64,57.93,56.75,56.75,5435335
2001-06-14,56.16,56.45,54.68,54.83,4871792
2001-06-15,53.94,54.98,53.94,54.83,2604174
2001-06-18,54.24,54.38,53.5,53.65,2520227
2001-06-19,53.2,53.79,52.91,53.35,2251602
2001-06-20,53.2,53.94,53.2,53.79,3118083
2001-06-21,54.38,55.57,54.09,55.57,7419937
2001-06-22,55.57,55.86,54.09,55.42,4727745
2001-06-25,55.42,55.42,55.42,55.42,0
2001-06-26,55.42,55.42,53.05,53.2,3698742
2001-06-27,53.2,54.53,53.05,53.2,4301158
2001-06-28,53.2,53.5,52.02,52.61,2281358
2001-06-29,53.79,54.53,53.5,53.94,4779739
2001-07-02,53.94,53.94,53.2,53.5,2268112
2001-07-03,53.5,54.09,52.76,52.91,2566065
2001-07-04,52.46,52.61,50.99,51.13,4911350
2001-07-05,50.54,51.13,48.03,48.77,7781672
2001-07-06,47.29,48.33,45.81,47.0,8428488
2001-07-09,46.11,46.7,45.52,45.67,4573521
2001-07-10,45.81,46.26,44.48,44.78,4614739
2001-07-11,44.34,44.78,43.89,44.34,4127547
2001-07-12,45.22,46.85,45.07,46.85,6853781
2001-07-13,47.88,47.88,43.6,43.6,7343618
2001-07-16,43.6,44.48,40.79,42.12,6104087
2001-07-17,42.12,43.74,41.68,43.01,5514968
2001-07-18,43.6,43.6,41.08,41.38,4787247
2001-07-19,40.2,42.41,40.2,41.82,6301051
2001-07-20,41.82,42.86,41.38,41.53,7095159
2001-07-23,42.12,42.12,38.72,39.02,4476869
2001-07-24,37.24,38.28,36.36,36.65,7047240
2001-07-25,36.65,39.02,36.65,39.02,10947773
2001-07-26,39.02,40.94,37.83,40.49,12296632
2001-07-27,40.94,42.12,39.9,40.05,11474226
2001-07-30,40.05,40.05,40.05,40.05,0
2001-07-31,39.61,41.23,39.16,41.23,5030248
2001-08-01,41.38,42.27,40.64,40.64,9668712
2001-08-02,41.68,43.15,41.08,43.15,14593570
2001-08-03,45.37,45.81,44.34,45.37,17178543
2001-08-06,45.37,45.37,43.74,44.19,6193896
2001-08-07,43.45,43.6,42.56,43.6,5498303
2001-08-08,43.01,44.04,42.86,43.74,7742544
2001-08-09,42.86,43.6,41.53,41.53,7130942
2001-08-10,41.53,42.12,40.64,41.97,6898372
2001-08-13,41.97,42.27,41.08,41.08,4397447
2001-08-14,41.97,43.6,41.53,43.6,12383875
2001-08-15,42.86,43.6,42.27,42.41,9810836
2001-08-16,42.41,43.3,42.12,42.41,6404158
2001-08-17,42.56,43.3,41.53,41.68,6644371
2001-08-20,39.9,41.53,39.9,40.05,5166297
2001-08-21,41.08,41.08,40.2,40.2,4963543
2001-08-22,40.2,40.79,39.9,40.2,4303352
2001-08-23,40.64,41.08,39.9,39.9,5229451
2001-08-24,38.13,38.57,37.24,37.24,9834343
2001-08-27,37.39,38.13,36.5,37.09,8414051
2001-08-28,37.24,37.69,36.65,36.65,5050917
2001-08-29,36.36,36.5,34.88,35.91,7233358
2001-08-30,35.91,37.09,35.91,36.65,11187320
2001-08-31,36.36,36.36,35.47,36.21,5100595
2001-09-03,36.5,37.24,36.36,36.36,6275902
2001-09-04,36.65,38.42,36.36,38.42,7845345
2001-09-05,38.42,38.42,36.36,36.5,5758911
2001-09-06,36.5,37.24,36.36,36.5,7819123
2001-09-07,35.91,36.06,34.88,35.62,5659827
2001-09-10,35.47,35.91,34.73,35.62,3859463
2001-09-11,35.76,36.21,33.25,33.25,6176729
2001-09-12,33.25,33.25,33.25,33.25,0
2001-09-13,31.03,31.03,31.03,31.03,326799
2001-09-14,28.97,29.7,28.97,28.97,9014669
2001-09-17,28.97,28.97,28.97,28.97,0
2001-09-18,28.97,28.97,28.97,28.97,0
2001-09-19,28.97,28.97,28.97,28.97,0
2001-09-20,27.19,27.19,27.19,27.19,978466
2001-09-21,26.31,26.31,26.31,26.31,304612
2001-09-24,26.31,26.31,26.31,26.31,0
2001-09-25,26.6,27.04,24.68,24.83,17196713
2001-09-26,24.68,26.45,23.65,26.45,18134144
2001-09-27,26.16,26.16,25.27,25.57,6842509
2001-09-28,25.57,25.57,25.57,25.57,0
2001-10-01,25.57,25.57,25.57,25.57,0
2001-10-02,26.31,26.31,24.98,24.98,6539983
2001-10-03,24.38,24.98,23.65,23.65,6389046
2001-10-04,25.27,25.27,23.94,24.24,7173656
2001-10-05,24.53,25.86,24.38,25.86,12552221
2001-10-08,25.42,25.71,24.68,24.83,5848610
2001-10-09,25.57,26.45,25.42,26.45,11282041
2001-10-10,26.45,26.45,26.45,26.45,0
2001-10-11,28.08,28.23,27.78,28.23,5920289
2001-10-12,30.15,30.15,29.56,29.56,25305632
2001-10-15,29.26,29.26,27.64,27.64,10130302
2001-10-16,27.49,29.56,27.49,29.56,10444930
2001-10-17,30.3,31.48,29.7,29.85,20057205
2001-10-18,28.97,31.03,28.97,31.03,13693127
2001-10-19,30.89,31.63,30.15,31.33,14153237
2001-10-22,31.77,32.51,31.33,31.48,10981347
2001-10-23,32.51,32.51,30.74,30.89,9310273
2001-10-24,31.03,32.22,30.89,31.92,14708341
2001-10-25,31.77,32.51,31.48,31.92,10063111
2001-10-26,32.51,33.55,32.07,32.22,18376946
2001-10-29,32.22,32.66,31.77,32.22,7066814
2001-10-30,31.33,31.63,30.0,30.3,7413178
2001-10-31,30.15,30.89,29.56,30.15,9588174
2001-11-01,30.59,30.74,30.0,30.0,6238425
2001-11-02,30.44,31.63,30.44,31.63,14227740
2001-11-05,31.77,33.1,31.33,32.81,15624100
2001-11-06,33.99,33.99,32.22,32.51,20835378
2001-11-07,33.25,34.73,33.1,34.73,34565732
2001-11-08,35.03,36.65,34.73,35.32,28633889
2001-11-09,35.32,35.32,35.32,35.32,0
2001-11-12,35.62,37.69,35.47,37.09,19326116
2001-11-13,37.09,38.13,35.62,35.62,18814637
2001-11-14,36.36,36.5,34.73,35.47,32519587
2001-11-15,35.47,36.65,34.73,36.21,34354400
2001-11-16,36.21,36.21,34.88,34.88,16605025
2001-11-19,34.73,36.65,34.43,36.5,24715156
2001-11-20,36.5,37.09,33.99,33.99,23333493
2001-11-21,33.25,34.58,32.81,34.43,14879811
2001-11-22,34.29,34.73,33.25,33.25,11417590
2001-11-23,33.25,34.88,33.25,34.29,15354604
2001-11-26,34.73,36.06,34.43,36.06,19586231
2001-11-27,37.09,37.09,34.58,34.73,25568535
2001-11-28,34.88,35.76,32.96,33.1,15815050
2001-11-29,32.66,33.55,32.36,32.51,11985444
2001-11-30,32.96,33.1,32.22,32.66,10656767
2001-12-03,33.69,34.88,33.25,34.88,14465604
2001-12-04,35.47,36.95,35.03,36.5,34020641
2001-12-05,39.02,39.02,37.09,38.72,60657366
2001-12-06,40.35,41.38,40.35,41.38,31699149
2001-12-07,42.86,44.19,42.12,44.19,52847542
2001-12-10,43.6,44.63,42.12,42.12,40960860
2001-12-11,39.9,40.94,39.31,40.2,27880362
2001-12-12,39.9,42.86,39.9,42.41,39658670
2001-12-13,43.6,43.6,39.46,40.05,39313961
2001-12-14,38.42,39.9,38.13,38.72,20954363
2001-12-17,39.02,39.75,38.42,38.72,21673426
2001-12-18,39.75,39.75,37.39,37.39,17361179
2001-12-19,37.98,38.42,36.95,36.95,12336867
2001-12-20,36.95,39.02,36.36,38.87,15907051
2001-12-21,38.28,38.87,36.95,37.09,13010431
2001-12-24,34.58,35.76,34.58,34.88,23604523
2001-12-25,34.29,35.91,34.29,35.47,19806703
2001-12-26,35.91,37.24,35.62,36.5,25719236
2001-12-27,37.24,37.69,34.73,34.88,19100268
2001-12-28,35.17,37.24,34.88,37.24,24463786
2001-12-31,38.57,39.75,38.13,39.75,29541922
2002-01-01,39.75,39.75,39.75,39.75,0
2002-01-02,41.38,41.38,39.02,39.75,39609199
2002-01-03,39.75,39.75,39.75,39.75,0
2002-01-04,39.31,40.35,38.72,40.35,31354183
2002-01-07,40.64,42.56,39.61,41.53,49618087
2002-01-08,41.08,43.6,41.08,43.45,44945943
2002-01-09,44.34,45.07,43.3,44.93,51992598
2002-01-10,44.93,46.26,44.04,44.93,51498543
2002-01-11,44.78,45.07,41.82,41.82,30739100
2002-01-14,39.16,39.9,39.02,39.02,15688020
2002-01-15,38.87,39.75,38.13,38.87,17128766
2002-01-16,39.31,39.75,36.95,37.09,15584575
2002-01-17,35.76,37.54,35.62,37.24,11022427
2002-01-18,38.13,38.72,36.95,37.09,13245599
2002-01-21,37.39,39.61,37.39,39.61,13294699
2002-01-22,39.61,40.64,38.72,40.2,21952693
2002-01-23,40.2,41.82,39.61,39.75,21526761
2002-01-24,40.64,40.94,39.16,39.16,9824580
2002-01-25,39.9,41.38,39.9,41.08,16240543
2002-01-28,41.68,42.86,41.08,42.12,27733872
2002-01-29,42.12,42.12,39.46,39.61,13483433
2002-01-30,38.42,40.05,38.42,39.31,9223656
2002-01-31,39.31,39.31,39.31,39.31,0
2002-02-01,38.87,39.46,38.13,38.13,8736609
2002-02-04,38.28,38.42,37.69,37.69,6411066
2002-02-05,37.69,38.28,37.24,37.98,5851925
2002-02-06,39.16,39.16,38.42,38.42,8561194
2002-02-07,38.42,38.42,38.42,38.42,0
2002-02-08,38.42,38.42,38.42,38.42,0
2002-02-11,38.42,38.42,38.42,38.42,0
2002-02-12,38.42,38.42,38.42,38.42,0
2002-02-13,38.42,38.42,38.42,38.42,0
2002-02-14,38.42,38.42,38.42,38.42,0
2002-02-15,38.42,38.42,38.42,38.42,0
2002-02-18,39.75,41.08,39.31,40.64,23855309
2002-02-19,40.64,40.64,38.87,39.02,12695441
2002-02-20,39.02,40.2,38.42,38.42,14196073
2002-02-21,39.16,39.16,38.42,38.72,8421921
2002-02-22,38.13,39.16,37.83,38.57,10076562
2002-02-25,39.02,39.16,37.09,37.09,9177720
2002-02-26,38.13,38.28,36.5,36.5,9179076
2002-02-27,36.65,38.57,36.65,38.57,8764915
2002-02-28,38.57,38.57,38.57,38.57,0
2002-03-01,37.69,38.42,37.09,37.39,6085751
2002-03-04,38.87,39.9,38.42,39.9,14783403
2002-03-05,42.12,42.56,40.79,42.27,50982179
2002-03-06,42.86,45.22,42.41,45.22,68113031
2002-03-07,45.81,46.55,44.19,44.34,59255658
2002-03-08,45.22,47.0,44.78,45.22,43511662
2002-03-11,46.26,47.59,45.81,46.55,39901525
2002-03-12,46.7,46.7,44.63,45.37,20482461
2002-03-13,45.67,46.4,45.07,46.26,26791116
2002-03-14,45.52,45.96,44.78,45.67,11481022
2002-03-15,46.11,46.4,43.01,43.15,16124324
2002-03-18,43.89,44.78,43.3,44.04,17146665
2002-03-19,44.34,44.34,42.12,42.71,11956896
2002-03-20,43.15,45.67,42.86,45.67,25362530
2002-03-21,44.93,46.26,44.63,45.37,16578575
2002-03-22,46.85,46.85,45.07,45.22,16981003
2002-03-25,45.37,45.52,44.34,45.22,9460649
2002-03-26,45.22,46.55,44.04,46.11,13898203
2002-03-27,46.55,46.55,44.34,45.07,10591344
2002-03-28,44.93,45.81,44.78,45.52,10427407
2002-03-29,46.55,46.55,45.07,45.07,15660654
2002-04-01,44.78,46.11,44.78,45.22,10037626
2002-04-02,45.81,47.88,45.81,46.7,28999866
2002-04-03,46.55,48.33,46.26,48.33,26459123
2002-04-04,48.33,48.62,47.0,47.0,19109101
2002-04-05,47.0,47.0,47.0,47.0,0
2002-04-08,47.0,47.59,45.81,45.96,12019632
2002-04-09,46.26,46.7,44.78,44.93,8770551
2002-04-10,44.48,45.37,44.48,44.78,8665189
2002-04-11,44.93,46.26,44.78,44.93,11332249
2002-04-12,44.63,44.63,42.56,44.34,13092828
2002-04-15,44.34,45.52,44.34,44.34,13496850
2002-04-16,44.34,45.22,43.89,44.19,10385302
2002-04-17,45.22,46.7,45.07,45.81,28342782
2002-04-18,45.67,45.96,45.22,45.37,11556122
2002-04-19,45.07,45.67,44.93,45.37,7527746
2002-04-22,45.67,46.11,45.07,45.07,6975099
2002-04-23,45.07,45.81,44.78,45.52,8295916
2002-04-24,45.81,46.7,45.67,45.96,14470699
2002-04-25,46.7,48.03,46.55,47.14,32973729
2002-04-26,47.29,47.59,45.96,45.96,10691171
2002-04-29,44.34,44.34,42.86,42.86,18102548
2002-04-30,40.64,41.23,39.9,39.9,17683888
2002-05-01,39.9,39.9,39.9,39.9,0
2002-05-02,39.9,40.05,37.69,38.28,12833567
2002-05-03,37.98,38.87,37.83,38.42,11934718
2002-05-06,37.39,37.39,35.76,36.21,9178062
2002-05-07,35.17,37.54,35.17,36.65,11544727
2002-05-08,37.09,37.54,36.36,37.24,7242136
2002-05-09,38.28,38.57,37.69,37.69,9070073
2002-05-10,36.95,38.13,35.76,37.98,5047715
2002-05-13,37.24,37.83,37.09,37.69,2162649
2002-05-14,38.28,39.02,37.83,37.83,7597302
2002-05-15,38.72,39.61,38.13,39.31,11523219
2002-05-16,37.98,39.16,36.95,36.95,7594798
2002-05-17,37.24,37.39,36.21,36.36,5589233
2002-05-20,36.36,36.36,33.84,34.29,6257948
2002-05-21,33.25,33.99,31.92,32.22,8703495
2002-05-22,32.22,33.4,31.92,33.25,6335847
2002-05-23,33.25,34.14,33.1,33.55,4797401
2002-05-24,33.99,35.17,33.84,34.58,5819416
2002-05-27,33.69,34.58,33.69,33.84,3016505
2002-05-28,34.14,34.58,33.25,33.4,3505516
2002-05-29,32.96,33.4,32.51,32.81,2295382
2002-05-30,33.4,34.73,33.25,34.73,6138068
2002-05-31,35.17,35.76,34.43,35.03,9433965
2002-06-03,35.47,35.47,34.14,34.58,2662242
2002-06-04,33.4,34.73,33.4,34.58,2275597
2002-06-05,35.17,35.62,35.03,35.03,3997476
2002-06-06,35.03,35.47,34.43,34.43,2081630
2002-06-07,33.99,34.29,32.96,33.25,3834754
2002-06-10,33.55,34.29,33.4,33.84,2489082
2002-06-11,34.14,34.29,32.51,32.66,2659076
2002-06-12,31.33,32.81,31.33,32.22,3203130
2002-06-13,33.25,33.4,32.81,33.25,4100025
2002-06-14,33.4,34.29,33.4,33.84,4591056
2002-06-17,33.99,34.58,33.25,33.25,2256247
2002-06-18,34.58,34.58,33.4,33.4,2562211
2002-06-19,33.69,33.99,32.22,32.22,4174712
2002-06-20,31.77,32.22,31.33,31.92,4494231
2002-06-21,31.63,32.66,31.33,31.92,4608813
2002-06-24,31.77,32.22,31.03,31.03,2513968
2002-06-25,31.03,31.92,31.03,31.03,5508835
2002-06-26,30.59,30.59,28.97,28.97,7299710
2002-06-27,28.97,29.26,27.04,27.64,7952961
2002-06-28,28.37,28.82,28.08,28.52,5128968
2002-07-01,28.08,28.08,26.6,26.6,4342823
2002-07-02,25.12,26.6,25.12,25.57,4222171
2002-07-03,23.79,23.79,23.79,23.79,1266773
2002-07-04,22.17,22.17,22.17,22.17,1566774
2002-07-05,20.65,23.57,20.65,23.49,31099666
2002-07-08,23.9,24.71,23.57,24.22,19084920
2002-07-09,24.06,24.06,23.25,23.57,8104465
2002-07-10,23.25,23.33,22.35,22.43,6928629
2002-07-11,21.62,23.9,21.46,23.33,11012873
2002-07-12,24.06,24.87,24.06,24.87,14270927
2002-07-15,25.2,26.5,24.38,26.17,15951663
2002-07-16,26.82,26.82,25.36,25.36,9255654
2002-07-17,24.38,24.87,23.65,23.98,10350936
2002-07-18,23.73,24.06,22.92,23.25,8239080
2002-07-19,22.43,23.9,22.43,23.65,8174350
2002-07-22,22.76,23.41,22.76,22.92,3348412
2002-07-23,22.92,24.38,22.76,24.38,5060839
2002-07-24,24.06,25.2,24.06,24.55,12863378
2002-07-25,25.52,25.68,24.14,24.22,10948315
2002-07-26,22.76,23.73,22.76,23.08,5222679
2002-07-29,23.41,24.3,23.25,23.49,5357408
2002-07-30,24.22,24.55,23.33,23.49,10113040
2002-07-31,23.57,24.14,23.41,23.57,7320894
2002-08-01,23.57,23.98,23.25,23.41,3324713
2002-08-02,23.08,23.25,22.68,22.92,2829678
2002-08-05,21.46,21.95,21.38,21.38,4074687
2002-08-06,20.48,21.62,20.48,20.81,4021998
2002-08-07,21.62,21.86,21.3,21.46,3755310
2002-08-08,21.13,21.46,20.81,21.05,2730338
2002-08-09,22.52,22.52,22.35,22.52,5005106
2002-08-12,21.78,22.43,21.62,22.27,4301128
2002-08-13,22.68,22.92,22.52,22.76,3825274
2002-08-14,22.76,23.17,22.52,23.17,3295889
2002-08-15,23.57,23.73,22.92,22.92,5167085
2002-08-16,23.0,23.41,22.76,23.08,2936719
2002-08-19,23.25,23.49,22.84,23.08,2610313
2002-08-20,23.41,23.49,22.92,23.0,2929364
2002-08-21,22.76,22.84,22.35,22.52,2493747
2002-08-22,22.52,23.33,22.27,23.25,5257967
2002-08-23,23.25,23.25,23.25,23.25,0
2002-08-26,22.6,22.84,22.43,22.6,1892205
2002-08-27,22.68,22.92,22.35,22.35,1984585
2002-08-28,22.27,22.35,21.3,21.54,3121273
2002-08-29,21.38,21.86,21.3,21.7,3440439
2002-08-30,21.7,21.7,21.3,21.3,2051981
2002-09-02,21.13,21.21,19.83,19.91,2375416
2002-09-03,19.67,19.83,18.53,18.53,3658252
2002-09-04,17.31,17.88,17.31,17.31,6535282
2002-09-05,17.72,18.04,17.23,17.31,5963008
2002-09-06,17.31,17.31,17.31,17.31,0
2002-09-09,17.72,18.04,17.39,18.04,3600567
2002-09-10,18.21,19.26,18.04,19.26,4615701
2002-09-11,19.67,19.83,19.26,19.35,4084986
2002-09-12,19.35,19.35,18.45,18.69,2896082
2002-09-13,17.88,18.04,17.56,18.04,4024170
2002-09-16,18.04,18.13,17.07,17.07,3351823
2002-09-17,16.91,18.21,16.91,18.21,3868193
2002-09-18,18.13,18.94,17.72,18.53,7728139
2002-09-19,19.18,19.75,18.86,19.18,9209276
2002-09-20,18.69,19.02,18.21,18.94,3815001
2002-09-23,19.1,19.35,17.88,18.04,4105182
2002-09-24,17.72,18.37,17.56,17.88,2945700
2002-09-25,17.88,18.04,17.07,17.56,3123599
2002-09-26,18.37,18.61,17.88,17.88,3553241
2002-09-27,17.96,18.21,17.56,17.56,2985458
2002-09-30,17.07,18.21,16.83,18.13,2635157
2002-10-01,18.04,19.02,18.04,18.69,6059223
2002-10-02,19.35,19.51,18.13,18.13,5060227
2002-10-03,17.8,17.88,17.39,17.48,2925205
2002-10-04,17.23,18.13,17.23,17.72,4838806
2002-10-07,17.56,17.56,16.91,16.91,2980913
2002-10-08,16.91,17.56,16.91,17.48,3740376
2002-10-09,17.39,17.64,17.07,17.07,5559953
2002-10-10,17.07,17.07,17.07,17.07,0
2002-10-11,17.23,17.39,15.93,15.93,7493998
2002-10-14,15.93,16.09,14.87,14.96,6034149
2002-10-15,15.28,15.93,15.28,15.93,4927881
2002-10-16,16.99,16.99,16.42,16.99,8634714
2002-10-17,16.99,17.56,16.66,17.23,6475437
2002-10-18,17.64,18.21,17.48,18.21,10807053
2002-10-21,18.21,18.29,17.48,17.72,6391203
2002-10-22,18.04,18.86,17.56,17.64,12750651
2002-10-23,18.13,18.86,17.64,18.86,11962820
2002-10-24,19.18,20.16,19.18,20.16,20476294
2002-10-25,20.65,20.97,20.0,20.16,29255704
2002-10-28,20.48,20.65,19.83,19.83,19333497
2002-10-29,19.83,20.16,19.18,19.26,13926275
2002-10-30,19.1,19.26,18.04,18.21,11672410
2002-10-31,18.61,19.02,18.45,18.69,7720206
2002-11-01,18.69,19.18,18.37,18.37,7018359
2002-11-04,18.86,19.1,18.45,18.53,5307555
2002-11-05,18.86,19.26,18.78,18.86,10876238
2002-11-06,18.86,19.75,18.69,19.51,18811851
2002-11-07,19.83,20.81,19.83,20.73,41658508
2002-11-08,20.73,22.11,20.73,22.11,44943147
2002-11-11,22.68,23.08,21.3,21.46,27439478
2002-11-12,21.13,21.78,21.13,21.46,18078015
2002-11-13,21.78,21.78,20.0,20.16,20501334
2002-11-14,20.16,20.4,19.59,19.67,11099273
2002-11-15,20.32,20.56,20.08,20.56,13889086
2002-11-18,20.65,21.05,20.4,20.73,11254166
2002-11-19,20.73,20.89,19.59,19.67,10973197
2002-11-20,19.59,20.0,19.18,19.67,9493347
2002-11-21,20.24,20.24,19.18,19.18,8650543
2002-11-22,19.75,20.08,19.67,19.67,7777116
2002-11-25,20.08,20.97,19.83,20.97,21981462
2002-11-26,22.27,22.27,21.62,21.86,29842029
2002-11-27,21.62,22.43,21.46,21.62,26324757
2002-11-28,22.35,22.35,21.13,21.13,20717143
2002-11-29,21.62,22.6,21.54,22.6,25905602
2002-12-02,22.6,22.6,22.6,22.6,0
2002-12-03,23.73,24.55,23.57,23.73,35605616
2002-12-04,22.11,22.68,22.11,22.11,13995726
2002-12-05,20.65,21.38,20.65,21.13,20279659
2002-12-06,20.97,21.46,20.81,21.13,11506416
2002-12-09,21.46,21.7,20.97,20.97,12134428
2002-12-10,19.51,20.32,19.51,20.08,13286900
2002-12-11,20.08,20.32,19.51,19.51,11516414
2002-12-12,19.51,19.91,18.69,18.69,11606686
2002-12-13,18.69,19.18,18.69,18.94,8871551
2002-12-16,18.78,19.26,18.45,19.02,5792613
2002-12-17,19.35,19.75,18.78,18.86,13482994
2002-12-18,18.94,19.02,18.45,18.45,7219941
2002-12-19,18.21,18.78,18.04,18.13,7007841
2002-12-20,18.21,18.86,17.23,18.53,14966190
2002-12-23,18.69,18.69,17.88,17.88,6536787
2002-12-24,18.29,18.69,18.21,18.21,6718895
2002-12-25,18.37,18.53,18.13,18.21,4612695
2002-12-26,18.37,18.94,18.21,18.94,5782218
2002-12-27,18.86,18.86,18.04,18.04,4262112
2002-12-30,17.56,17.88,17.56,17.64,4522144
2002-12-31,17.64,17.8,17.56,17.56,3853375
2003-01-01,17.56,17.56,17.56,17.56,0
2003-01-02,17.56,18.04,17.56,17.56,4000717
2003-01-03,18.04,18.45,17.8,18.04,7741484
2003-01-06,18.21,18.37,17.96,18.04,4275635
2003-01-07,18.37,18.86,18.29,18.29,9236851
2003-01-08,18.37,18.94,18.13,18.69,10729473
2003-01-09,18.69,19.02,18.45,18.61,7870439
2003-01-10,18.94,19.1,18.53,18.53,8558688
2003-01-13,18.53,19.35,18.53,19.1,10646909
2003-01-14,19.43,20.4,19.26,20.4,21996818
2003-01-15,20.89,21.38,20.48,20.56,30535407
2003-01-16,20.48,20.65,19.51,19.51,11988305
2003-01-17,19.51,20.16,19.26,19.51,11460323
2003-01-20,19.51,19.75,19.26,19.26,5801879
2003-01-21,19.26,20.16,19.26,19.59,9053783
2003-01-22,20.0,20.08,19.18,19.43,6830743
2003-01-23,19.67,20.73,19.51,20.73,20091816
2003-01-24,20.73,20.73,19.83,19.83,12951384
2003-01-27,19.51,20.24,19.35,19.35,11166431
2003-01-28,19.02,19.59,18.86,18.94,9638504
2003-01-29,18.94,18.94,18.94,18.94,0
2003-01-30,18.94,18.94,18.94,18.94,0
2003-01-31,18.94,18.94,18.94,18.94,0
2003-02-03,18.94,18.94,18.94,18.94,0
2003-02-04,18.94,18.94,18.94,18.94,0
2003-02-05,18.94,18.94,18.94,18.94,0
2003-02-06,18.94,18.94,17.64,17.64,7959950
2003-02-07,17.15,17.48,16.74,17.23,6350916
2003-02-10,17.07,17.39,16.83,17.23,3665158
2003-02-11,17.39,17.72,17.39,17.39,6828368
2003-02-12,17.39,17.64,17.07,17.07,3385291
2003-02-13,17.07,17.39,16.91,16.91,4488222
2003-02-14,17.07,17.23,16.74,16.74,3772712
2003-02-17,17.39,17.88,17.31,17.88,4969503
2003-02-18,17.72,17.72,17.15,17.23,3251537
2003-02-19,17.72,17.72,17.07,17.07,4897140
2003-02-20,17.07,17.56,17.07,17.31,4432463
2003-02-21,17.64,17.64,17.07,17.07,4149737
2003-02-24,17.15,17.23,16.83,17.07,2946355
2003-02-25,16.91,16.91,16.42,16.42,3770407
2003-02-26,16.58,16.74,16.42,16.42,2703781
2003-02-27,16.34,16.42,15.93,16.18,3240006
2003-02-28,16.18,16.18,16.18,16.18,0
2003-03-03,16.26,16.66,16.26,16.58,2599616
2003-03-04,16.42,16.42,15.93,16.09,3713570
2003-03-05,15.93,16.09,15.61,15.61,3421749
2003-03-06,15.69,15.85,15.61,15.61,2487570
2003-03-07,15.44,15.69,15.12,15.61,2919235
2003-03-10,15.44,15.44,14.79,14.87,4274805
2003-03-11,14.63,15.12,14.47,14.71,4616547
2003-03-12,14.71,15.04,14.71,14.96,2118558
2003-03-13,14.96,15.61,14.79,15.28,5149136
2003-03-14,15.93,15.93,15.44,15.44,4489370
2003-03-17,15.12,15.28,14.87,14.87,2150313
2003-03-18,15.2,15.69,15.2,15.52,4592508
2003-03-19,15.52,15.69,15.36,15.36,3654829
2003-03-20,15.61,15.85,15.36,15.77,6133713
2003-03-21,15.77,15.93,15.52,15.61,2460029
2003-03-24,15.85,15.85,15.52,15.69,2313729
2003-03-25,15.28,15.44,15.12,15.2,1744034
2003-03-26,15.28,15.36,15.04,15.04,1711773
2003-03-27,15.04,15.2,14.96,15.2,1438302
2003-03-28,15.2,15.2,14.96,14.96,1510855
2003-03-31,14.71,14.79,14.31,14.31,3013143
2003-04-01,14.31,14.47,14.14,14.22,2570048
2003-04-02,14.31,14.39,14.14,14.22,2198462
2003-04-03,14.39,14.63,14.31,14.31,2206407
2003-04-04,14.31,14.87,14.22,14.87,3883878
2003-04-07,14.87,15.36,14.71,15.2,4374493
2003-04-08,15.2,15.28,14.96,14.96,2862988
2003-04-09,14.96,14.96,14.71,14.71,1760896
2003-04-10,14.63,14.96,14.63,14.63,2705415
2003-04-11,14.79,14.87,14.63,14.63,1460419
2003-04-14,14.71,14.96,14.55,14.55,2114964
2003-04-15,14.79,14.87,14.63,14.63,1615125
2003-04-16,14.79,15.28,14.79,15.28,5037116
2003-04-17,15.36,15.61,15.12,15.12,4689048
2003-04-18,15.61,15.61,15.28,15.28,5100640
2003-04-21,15.28,15.61,15.2,15.61,3411146
2003-04-22,15.28,15.44,14.79,14.79,2757965
2003-04-23,14.79,15.04,13.82,13.82,3413066
2003-04-24,12.92,12.92,12.92,12.92,1584780
2003-04-25,12.03,12.03,12.03,12.03,1183102
2003-04-28,11.22,11.22,11.22,11.22,674647
2003-04-29,10.49,10.97,10.49,10.49,16289264
2003-04-30,10.0,10.4,9.75,9.75,10249795
2003-05-01,9.75,9.75,9.75,9.75,0
2003-05-02,9.1,9.1,9.1,9.1,2452157
2003-05-05,8.53,9.1,8.53,9.02,11987298
2003-05-06,9.02,9.27,8.7,9.1,10140850
2003-05-07,9.27,9.67,9.27,9.67,7859359
2003-05-08,9.67,9.67,9.27,9.27,4564571
2003-05-09,9.18,9.51,9.1,9.18,5125147
2003-05-12,9.35,9.67,9.35,9.35,4461082
2003-05-13,9.51,9.75,9.35,9.43,4964267
2003-05-14,9.43,9.43,8.94,9.02,5408957
2003-05-15,9.02,9.1,8.78,8.94,3222481
2003-05-16,8.94,9.1,8.7,8.7,3837461
2003-05-19,8.7,8.7,8.13,8.29,4550080
2003-05-20,8.05,8.05,7.72,7.72,5427535
2003-05-21,7.19,7.19,7.19,7.19,2608746
2003-05-22,6.7,6.7,6.7,6.7,3601757
2003-05-23,6.31,7.15,6.31,7.15,32883846
2003-05-26,7.64,7.64,7.64,7.64,2962429
2003-05-27,8.13,8.13,8.13,8.13,2016459
2003-05-28,8.7,8.7,8.7,8.7,1536091
2003-05-29,9.27,9.27,8.53,9.1,42179107
2003-05-30,9.1,9.67,8.86,9.67,33993299
2003-06-02,9.75,9.75,9.02,9.43,26310966
2003-06-03,9.1,9.59,9.02,9.59,10123760
2003-06-04,9.59,9.59,9.59,9.59,0
2003-06-05,9.92,10.24,9.92,10.24,14148916
2003-06-06,10.49,10.89,10.08,10.89,16758238
2003-06-09,10.89,11.62,10.73,11.62,16519607
2003-06-10,11.62,12.44,11.62,12.44,12258826
2003-06-11,13.25,13.25,12.52,12.52,26514200
2003-06-12,12.52,12.92,11.79,11.79,20994399
2003-06-13,11.79,12.6,11.7,12.6,14338438
2003-06-16,13.33,13.41,13.01,13.41,17299559
2003-06-17,13.82,13.82,12.76,13.01,23000142
2003-06-18,13.17,13.9,13.17,13.57,18167620
2003-06-19,14.22,14.47,14.14,14.47,20385726
2003-06-20,14.63,15.44,14.47,15.44,27070459
2003-06-23,15.61,15.69,14.39,14.39,17272547
2003-06-24,13.41,14.14,13.41,14.14,17671237
2003-06-25,14.14,14.31,13.33,13.33,10102906
2003-06-26,13.01,13.49,12.52,12.68,11622418
2003-06-27,12.68,13.17,12.52,12.68,10855862
2003-06-30,12.35,12.6,11.95,12.03,9087571
2003-07-01,11.87,12.84,11.87,12.84,5877294
2003-07-02,13.74,13.74,13.66,13.74,5333125
2003-07-03,14.63,14.63,13.9,13.98,22248271
2003-07-04,13.9,14.55,13.66,14.39,16284130
2003-07-07,14.55,14.96,13.98,14.39,20302765
2003-07-08,14.71,15.04,14.06,14.14,19272574
2003-07-09,14.14,15.12,13.66,15.12,22469231
2003-07-10,15.77,16.09,15.2,15.44,30166786
2003-07-11,14.47,14.96,14.39,14.87,21178510
2003-07-14,15.77,15.85,15.52,15.85,14296311
2003-07-15,16.83,16.83,15.93,15.93,30631462
2003-07-16,16.26,16.99,16.09,16.99,22465282
2003-07-17,16.66,16.74,15.85,15.93,22042580
2003-07-18,15.44,15.93,14.87,15.2,16063151
2003-07-21,15.61,15.77,14.47,14.47,12145295
2003-07-22,14.63,15.28,14.55,15.28,9047766
2003-07-23,15.44,15.61,14.71,14.79,8717377
2003-07-24,14.96,15.52,14.79,15.28,7299358
2003-07-25,14.96,15.44,14.79,15.28,6714704
2003-07-28,15.77,15.77,14.47,14.63,10685773
2003-07-29,13.9,14.22,13.66,13.74,11166522
2003-07-30,13.74,14.22,13.66,14.06,6195573
2003-07-31,13.9,14.14,13.17,13.33,9779054
2003-08-01,13.33,13.66,13.33,13.49,5797410
2003-08-04,13.25,13.49,13.01,13.01,5036262
2003-08-05,13.01,13.25,12.68,12.68,7023955
2003-08-06,12.52,12.6,12.27,12.27,6535721
2003-08-07,12.27,13.09,12.19,13.09,5910983
2003-08-08,13.09,13.57,13.09,13.09,8578416
2003-08-11,12.84,13.01,12.68,12.76,2978828
2003-08-12,13.01,13.17,12.92,13.01,2567782
2003-08-13,13.33,13.66,13.25,13.49,6775633
2003-08-14,13.66,13.74,13.01,13.01,6922283
2003-08-15,13.17,13.33,12.68,12.76,5351657
2003-08-18,12.84,13.09,12.76,12.84,3430887
2003-08-19,13.17,13.74,13.01,13.74,13280821
2003-08-20,13.9,14.22,13.82,13.9,10151414
2003-08-21,13.9,13.9,13.49,13.49,4586967
2003-08-22,13.57,13.82,13.25,13.25,6149426
2003-08-25,13.41,13.9,13.25,13.57,5559289
2003-08-26,13.49,13.49,13.25,13.25,4119809
2003-08-27,13.33,13.49,12.92,12.92,3995819
2003-08-28,13.01,13.25,12.84,12.92,4787218
2003-08-29,13.33,13.41,13.09,13.25,3635434
2003-09-01,13.25,13.33,12.92,13.01,4161704
2003-09-02,12.84,13.82,12.84,13.82,6326399
2003-09-03,14.22,14.22,13.33,13.33,11855729
2003-09-04,13.33,13.82,13.33,13.66,6779072
2003-09-05,13.82,13.9,13.33,13.33,4421087
2003-09-08,13.17,13.49,13.17,13.33,4019027
2003-09-09,13.49,13.82,13.33,13.33,6198830
2003-09-10,13.17,13.57,13.17,13.33,3411103
2003-09-11,13.33,13.33,13.33,13.33,0
2003-09-12,13.33,13.41,13.01,13.09,3652436
2003-09-15,13.01,13.25,13.01,13.09,2733648
2003-09-16,13.09,13.98,13.09,13.74,7407718
2003-09-17,13.98,13.98,13.41,13.49,7526807
2003-09-18,13.49,13.49,13.25,13.33,2912453
2003-09-19,13.33,13.74,13.33,13.33,4440631
2003-09-22,13.49,13.49,13.09,13.09,3469104
2003-09-23,13.01,13.25,13.01,13.17,2095295
2003-09-24,13.33,13.41,13.17,13.33,2519645
2003-09-25,13.33,13.98,13.17,13.82,11008097
2003-09-26,13.82,13.98,13.49,13.49,6084722
2003-09-29,13.49,13.57,13.25,13.33,2589106
2003-09-30,13.66,14.14,13.41,13.82,12114369
2003-10-01,13.82,13.98,13.49,13.98,5446227
2003-10-02,14.63,14.96,14.63,14.96,22436190
2003-10-03,15.69,15.93,15.61,15.93,18377951
2003-10-06,16.91,16.91,15.77,16.42,33943886
2003-10-07,16.42,16.74,15.93,16.58,18083711
2003-10-08,16.34,16.42,15.93,15.93,15430389
2003-10-09,15.85,15.93,15.28,15.61,15432343
2003-10-10,15.61,15.61,15.61,15.61,0
2003-10-13,15.77,15.85,15.52,15.52,10886818
2003-10-14,15.12,15.28,14.55,14.55,15438744
2003-10-15,14.55,15.52,14.55,15.52,17199323
2003-10-16,15.52,15.77,15.2,15.28,13558951
2003-10-17,15.61,15.85,15.28,15.28,8609725
2003-10-20,15.28,15.52,15.04,15.44,7676255
2003-10-21,15.44,15.77,15.2,15.2,8470816
2003-10-22,15.2,15.2,14.79,14.96,7366216
2003-10-23,14.71,15.28,14.63,15.28,6873139
2003-10-24,15.44,15.85,15.12,15.69,12243239
2003-10-27,15.69,15.77,15.2,15.2,6492793
2003-10-28,15.2,15.52,15.04,15.04,11019099
2003-10-29,15.44,15.44,15.12,15.12,7708038
2003-10-30,15.36,15.44,15.2,15.28,5513533
2003-10-31,15.44,15.44,14.87,14.87,6204200
2003-11-03,14.87,15.04,14.71,14.87,4477410
2003-11-04,15.04,15.2,14.79,14.79,5414723
2003-11-05,14.79,14.96,14.71,14.79,5733282
2003-11-06,14.87,14.96,14.55,14.63,5712097
2003-11-07,14.79,14.96,14.63,14.96,4446978
2003-11-10,14.87,14.87,14.63,14.63,6342123
2003-11-11,14.63,14.79,14.55,14.63,3920223
2003-11-12,14.79,14.96,14.63,14.79,5071166
2003-11-13,14.96,15.36,14.79,15.36,14083139
2003-11-14,14.31,14.31,14.31,14.31,8195527
2003-11-17,13.66,14.63,13.66,14.63,28090501
2003-11-18,14.47,14.55,13.98,14.14,13301024
2003-11-19,14.14,14.31,13.82,14.14,8222147
2003-11-20,14.14,14.14,13.82,13.82,6285600
2003-11-21,13.66,13.74,13.33,13.49,6008576
2003-11-24,13.49,13.57,13.25,13.25,4114158
2003-11-25,13.49,13.57,13.17,13.17,6347432
2003-11-26,13.17,13.33,13.09,13.17,3230530
2003-11-27,13.17,13.57,13.09,13.33,7585375
2003-11-28,13.49,13.57,13.17,13.33,4092696
2003-12-01,13.41,13.98,13.33,13.9,8993605
2003-12-02,13.82,13.82,13.49,13.49,5228378
2003-12-03,13.33,13.74,13.33,13.49,5606286
2003-12-04,13.66,13.66,13.49,13.49,3039731
2003-12-05,13.57,13.82,13.57,13.57,3987713
2003-12-08,13.49,13.66,13.41,13.49,3337658
2003-12-09,13.49,13.57,13.17,13.25,6672439
2003-12-10,13.17,13.33,13.09,13.17,4003721
2003-12-11,13.25,13.33,13.17,13.17,2276939
2003-12-12,13.33,13.33,13.09,13.09,4589925
2003-12-15,13.17,13.33,13.09,13.17,3522126
2003-12-16,13.17,13.33,13.17,13.17,2489273
2003-12-17,13.25,13.33,12.68,12.68,7982395
2003-12-18,12.68,12.84,12.52,12.52,6034073
2003-12-19,12.6,12.68,12.03,12.03,10827629
2003-12-22,12.03,12.03,11.38,11.62,14323779
2003-12-23,11.7,12.44,11.7,12.44,11558173
2003-12-24,12.68,13.01,12.52,12.6,8989565
2003-12-25,12.6,12.6,12.19,12.19,3937951
2003-12-26,12.35,12.52,12.27,12.44,2673276
2003-12-29,12.52,12.6,12.19,12.19,2092438
2003-12-30,12.52,12.52,12.35,12.52,4207955
2003-12-31,12.6,12.68,12.52,12.52,2051966
2004-01-01,12.52,12.52,12.52,12.52,0
2004-01-02,12.6,13.25,12.6,13.01,6886597
2004-01-05,13.17,13.66,13.09,13.41,10591839
2004-01-06,13.57,13.66,13.09,13.17,7661687
2004-01-07,13.33,14.06,13.17,13.74,12832077
2004-01-08,14.14,14.22,13.9,13.98,12306981
2004-01-09,14.22,14.22,13.66,13.74,8678706
2004-01-12,13.74,13.82,13.66,13.74,3866498
2004-01-13,13.74,13.9,13.49,13.57,4498964
2004-01-14,13.49,14.22,13.33,13.9,11196529
2004-01-15,13.98,14.06,13.74,13.82,5587967
2004-01-16,13.82,13.9,13.57,13.57,5994462
2004-01-19,13.57,13.57,13.57,13.57,0
2004-01-20,13.57,13.57,13.57,13.57,0
2004-01-21,13.57,13.57,13.57,13.57,0
2004-01-22,13.57,13.57,13.57,13.57,0
2004-01-23,13.57,13.57,13.57,13.57,0
2004-01-26,13.57,13.57,13.57,13.57,0
2004-01-27,13.98,14.14,13.74,14.06,8006450
2004-01-28,14.06,14.96,13.82,14.71,17761479
2004-01-29,14.96,15.44,14.63,15.04,25689349
2004-01-30,15.04,15.36,14.87,14.96,13452705
2004-02-02,14.71,14.79,14.14,14.31,15198933
2004-02-03,13.82,14.06,13.82,13.9,10304472
2004-02-04,13.9,14.47,13.82,14.22,8709297
2004-02-05,13.98,14.63,13.98,14.14,11112431
2004-02-06,14.14,14.39,13.9,13.98,9378829
2004-02-09,13.98,14.96,13.98,14.87,18979348
2004-02-10,14.96,15.04,14.39,14.71,16134521
2004-02-11,14.71,15.12,14.39,14.79,14044370
2004-02-12,14.96,15.44,14.71,15.12,25604478
2004-02-13,15.2,15.36,14.96,15.2,15010622
2004-02-16,15.28,15.93,14.96,15.44,18248533
2004-02-17,15.44,15.77,15.12,15.12,13667370
2004-02-18,15.2,15.61,15.12,15.52,17862530
2004-02-19,15.69,15.85,15.28,15.61,22675799
2004-02-20,15.52,16.58,15.44,16.26,31451286
2004-02-23,16.34,17.39,16.34,17.39,34969723
2004-02-24,17.56,17.8,16.58,16.58,38375879
2004-02-25,16.5,17.07,16.34,16.74,18708719
2004-02-26,17.07,17.39,16.74,17.07,19124573
2004-02-27,17.07,17.23,16.74,16.74,15851045
2004-03-01,16.91,17.23,16.74,16.91,16505616
2004-03-02,17.15,18.04,17.07,18.04,32199142
2004-03-03,18.45,19.26,18.37,19.26,41164912
2004-03-04,19.91,20.56,19.91,20.56,44859525
2004-03-05,21.86,21.86,20.4,20.4,51650783
2004-03-08,20.89,21.13,19.67,20.08,24212940
2004-03-09,20.08,20.65,19.83,20.56,14500865
2004-03-10,20.56,21.7,20.56,21.13,25215842
2004-03-11,21.13,21.78,20.81,21.38,20084635
2004-03-12,20.73,21.21,20.73,20.81,16642298
2004-03-15,21.13,21.13,19.43,19.43,23912641
2004-03-16,19.02,20.16,18.86,19.51,19611306
2004-03-17,20.16,20.16,19.51,19.83,12822826
2004-03-18,20.16,20.89,20.16,20.81,18006565
2004-03-19,20.81,21.05,20.24,20.32,15849591
2004-03-22,18.94,18.94,18.94,18.94,651773
2004-03-23,17.64,19.67,17.64,18.37,30117054
2004-03-24,19.18,19.35,17.96,19.1,21412142
2004-03-25,19.35,19.51,18.45,18.45,13339503
2004-03-26,18.53,18.86,17.96,18.04,11263568
2004-03-29,19.26,19.26,18.69,19.26,8297875
2004-03-30,20.0,20.4,19.51,20.0,18651048
2004-03-31,20.32,20.4,19.67,19.67,13350442
2004-04-01,18.94,19.43,18.78,19.43,37477629
2004-04-02,19.43,20.0,19.26,19.51,33975654
2004-04-05,20.0,20.81,19.59,20.81,32436173
2004-04-06,21.62,22.19,21.62,22.19,69753736
2004-04-07,22.52,22.6,21.78,22.52,48189865
2004-04-08,22.6,23.08,22.35,22.35,34893129
2004-04-09,22.43,23.82,22.35,23.65,46563006
2004-04-12,24.3,25.2,23.57,25.2,50779101
2004-04-13,26.01,26.82,25.85,26.82,57997034
2004-04-14,26.01,27.31,26.01,27.31,57547807
2004-04-15,26.82,26.82,25.52,25.52,40469844
2004-04-16,23.82,25.85,23.82,24.87,62824118
2004-04-19,24.87,24.87,23.9,23.9,36469337
2004-04-20,23.9,25.03,23.73,24.71,36000741
2004-04-21,24.87,25.2,24.06,24.22,21120211
2004-04-22,24.38,24.71,22.6,22.84,31909528
2004-04-23,22.84,23.41,22.6,23.08,20963130
2004-04-26,23.25,23.57,22.76,22.92,15356652
2004-04-27,23.25,23.25,22.52,22.92,16825137
2004-04-28,22.92,23.08,21.46,21.62,21119357
2004-04-29,20.81,21.3,20.32,20.32,21016753
2004-04-30,20.32,21.7,19.18,21.3,29715089
2004-05-03,21.21,21.3,20.0,20.0,15401223
2004-05-04,20.16,20.65,19.35,20.16,25365154
2004-05-05,20.4,20.65,18.78,19.02,20456404
2004-05-06,19.75,19.91,19.02,19.67,16288130
2004-05-07,19.35,20.16,19.35,20.0,10814713
2004-05-10,19.51,19.67,18.94,19.02,9173741
2004-05-11,19.1,19.51,17.88,18.29,10912847
2004-05-12,18.53,19.26,18.53,18.78,9932844
2004-05-13,18.53,19.1,18.37,18.37,7610070
2004-05-14,18.53,18.69,17.23,17.23,14629621
2004-05-17,16.09,16.58,16.09,16.09,11062594
2004-05-18,16.26,16.83,16.09,16.42,10366704
2004-05-19,17.56,17.56,17.56,17.56,3110552
2004-05-20,18.61,18.78,18.04,18.78,24178412
2004-05-21,18.78,19.83,18.21,19.51,19847611
2004-05-24,19.18,19.83,18.78,19.18,11930402
2004-05-25,18.78,19.43,18.78,18.86,8533843
2004-05-26,19.67,19.67,19.02,19.02,8901323
2004-05-27,19.35,19.35,18.78,18.86,5898631
2004-05-28,19.18,19.51,19.02,19.51,11230279
2004-05-31,19.43,19.51,18.69,18.69,7672400
2004-06-01,18.69,19.1,18.29,18.53,6129447
2004-06-02,18.45,18.45,17.88,17.88,5699777
2004-06-03,17.88,18.29,16.91,16.91,6741825
2004-06-04,16.91,17.48,16.91,17.31,4678500
2004-06-07,17.39,18.45,17.39,18.45,8917085
2004-06-08,19.35,19.67,18.94,19.26,16083401
2004-06-09,19.51,19.67,19.02,19.02,7356609
2004-06-10,19.02,19.67,18.69,19.67,10016490
2004-06-11,19.26,19.51,18.94,19.02,8292110
2004-06-14,19.35,19.35,17.88,17.88,6803042
2004-06-15,17.88,18.37,17.64,18.21,8872189
2004-06-16,18.53,18.61,17.39,17.39,8992408
2004-06-17,17.64,18.37,17.56,17.88,7230896
2004-06-18,17.56,17.72,17.39,17.39,4818178
2004-06-21,17.39,17.88,16.26,16.34,10175158
2004-06-22,16.34,16.34,16.34,16.34,0
2004-06-23,16.74,17.07,16.42,16.91,5957332
2004-06-24,17.39,17.88,17.15,17.72,5998169
2004-06-25,17.72,18.53,17.56,18.21,9781164
2004-06-28,18.13,18.61,17.56,17.56,7076836
2004-06-29,17.56,17.56,17.07,17.48,4498749
2004-06-30,17.64,18.04,17.48,17.56,6366182
2004-07-01,17.72,17.8,17.39,17.48,4763596
2004-07-02,17.15,17.39,17.07,17.39,3982634
2004-07-05,16.99,17.15,16.34,16.91,5065657
2004-07-06,16.91,17.15,16.74,16.91,4145713
2004-07-07,16.42,16.91,16.42,16.66,2672785
2004-07-08,16.74,17.07,16.66,16.66,2859972
2004-07-09,16.91,17.39,16.74,17.15,3671378
2004-07-12,17.64,17.72,17.23,17.56,7309857
2004-07-13,17.56,17.8,17.23,17.56,6963350
2004-07-14,17.8,17.88,17.39,17.39,5709577
2004-07-15,17.56,17.64,17.07,17.15,4552642
2004-07-16,16.99,17.39,16.91,16.99,3299098
2004-07-19,17.07,17.31,16.91,17.15,3065959
2004-07-20,17.23,17.31,16.26,16.26,5432352
2004-07-21,16.99,16.99,16.66,16.74,3685548
2004-07-22,16.26,16.74,16.26,16.58,3556719
2004-07-23,16.74,16.99,16.58,16.58,3567899
2004-07-26,16.42,16.58,16.34,16.42,2707296
2004-07-27,16.42,16.83,16.34,16.58,3591143
2004-07-28,16.91,16.91,16.42,16.42,3179680
2004-07-29,16.5,16.66,16.42,16.42,2605588
2004-07-30,16.74,17.39,16.66,17.23,10676399
2004-08-02,17.07,17.07,16.34,16.42,5563065
2004-08-03,16.42,16.66,16.42,16.5,3424924
2004-08-04,16.42,16.5,16.26,16.34,3296823
2004-08-05,16.34,16.42,15.2,15.61,16211349
2004-08-06,15.28,15.36,14.63,14.71,9209820
2004-08-09,14.31,15.28,14.31,15.12,4972785
2004-08-10,14.71,15.36,14.63,14.96,6622850
2004-08-11,15.36,15.36,15.04,15.04,3730203
2004-08-12,15.04,15.2,14.87,14.96,2200375
2004-08-13,14.79,15.12,14.63,14.71,2660935
2004-08-16,14.71,14.79,14.31,14.31,3054971
2004-08-17,14.55,14.63,13.33,13.33,5460467
2004-08-18,12.44,12.76,12.44,12.44,17204466
2004-08-19,12.84,13.25,12.84,13.25,4565637
2004-08-20,13.98,14.06,13.57,13.74,12068855
2004-08-23,13.66,13.74,13.01,13.17,7286751
2004-08-24,13.17,13.17,13.17,13.17,0
2004-08-25,13.17,13.17,13.17,13.17,0
2004-08-26,13.49,13.98,13.49,13.9,9287374
2004-08-27,14.22,14.71,13.98,14.39,9354721
2004-08-30,14.39,14.55,14.14,14.14,4344192
2004-08-31,14.06,14.55,13.82,14.06,4438277
2004-09-01,14.14,14.55,14.14,14.47,5138108
2004-09-02,14.63,14.79,14.47,14.55,5430706
2004-09-03,14.63,14.79,13.98,13.98,6342726
2004-09-06,13.49,13.82,13.25,13.41,4449423
2004-09-07,13.41,13.66,12.92,13.17,9858150
2004-09-08,13.01,13.09,12.44,12.92,10741243
2004-09-09,12.92,13.33,12.84,13.17,5968383
2004-09-10,13.33,13.41,13.01,13.01,5395580
2004-09-13,13.33,13.33,13.01,13.09,5352792
2004-09-14,13.17,13.33,13.01,13.01,5091751
2004-09-15,12.92,13.09,12.84,12.92,4102212
2004-09-16,12.92,13.74,12.84,13.74,8013346
2004-09-17,13.82,13.9,13.01,13.01,9281325
2004-09-20,13.09,13.17,12.11,12.11,12078329
2004-09-21,11.95,12.44,11.3,11.54,17339055
2004-09-22,11.62,12.19,11.62,12.11,8893622
2004-09-23,12.03,12.44,11.87,12.35,5429072
2004-09-24,12.35,12.6,11.95,12.03,5049533
2004-09-27,12.03,12.19,11.87,11.87,2904224
2004-09-28,11.87,11.87,11.87,11.87,0
2004-09-29,11.87,12.27,11.87,12.03,4265797
2004-09-30,12.35,12.35,11.79,11.87,5298415
2004-10-01,11.87,12.03,11.62,11.7,4339556
2004-10-04,11.95,12.27,11.87,12.19,7687722
2004-10-05,12.44,12.52,12.19,12.35,6200330
2004-10-06,12.44,13.17,12.19,12.92,16027391
2004-10-07,13.09,13.25,12.68,12.84,8085210
2004-10-08,12.68,13.01,12.44,12.68,6062314
2004-10-11,12.68,12.76,12.44,12.52,3136123
2004-10-12,12.35,12.6,11.87,11.87,7105968
2004-10-13,11.95,12.19,11.95,12.19,4176673
2004-10-14,12.03,12.27,11.87,11.87,3660370
2004-10-15,11.87,11.95,11.62,11.7,4143188
2004-10-18,11.7,11.87,11.54,11.54,2104003
2004-10-19,11.62,11.87,11.62,11.79,2375495
2004-10-20,11.79,11.87,11.54,11.54,2827930
2004-10-21,11.38,11.7,11.38,11.46,3623224
2004-10-22,11.62,11.7,11.46,11.46,2549509
2004-10-25,11.46,11.46,11.46,11.46,0
2004-10-26,11.46,11.46,10.89,10.89,4476805
2004-10-27,10.97,11.05,10.73,10.89,3025224
2004-10-28,11.22,11.22,11.05,11.05,4472713
2004-10-29,11.05,11.14,10.81,11.05,2969810
2004-11-01,11.14,11.22,10.65,10.65,2365309
2004-11-02,10.73,10.89,10.57,10.81,3279731
2004-11-03,10.89,11.38,10.81,11.38,5675654
2004-11-04,11.38,11.38,10.97,10.97,3932528
2004-11-05,11.22,11.38,11.05,11.14,3886567
2004-11-08,11.3,11.3,11.05,11.22,3221922
2004-11-09,11.22,11.3,11.05,11.14,2077612
2004-11-10,11.22,11.87,11.14,11.87,8259120
2004-11-11,11.7,11.87,11.54,11.62,6552136
2004-11-12,11.79,11.87,11.7,11.7,3361044
2004-11-15,11.87,11.95,11.54,11.54,3551339
2004-11-16,11.7,11.95,11.62,11.7,3586458
2004-11-17,11.79,12.52,11.79,12.52,9451217
2004-11-18,12.6,13.01,12.6,12.68,9245156
2004-11-19,12.92,12.92,12.52,12.6,5922513
2004-11-22,12.52,12.52,11.87,11.87,4631781
2004-11-23,11.87,12.03,11.62,11.87,3120356
2004-11-24,11.95,12.11,11.87,11.95,2182280
2004-11-25,11.95,12.03,11.54,11.62,2628743
2004-11-26,11.7,12.03,11.3,11.3,3866035
2004-11-29,11.38,11.46,11.14,11.22,2983127
2004-11-30,11.22,11.54,10.89,11.54,4240237
2004-12-01,11.38,11.46,11.22,11.22,2892719
2004-12-02,11.54,11.54,11.3,11.38,2221710
2004-12-03,11.54,11.54,11.3,11.38,2784423
2004-12-06,11.38,11.54,11.3,11.54,1950974
2004-12-07,11.46,11.62,11.38,11.46,2559856
2004-12-08,11.3,11.46,11.3,11.3,2881597
2004-12-09,11.3,11.7,11.22,11.38,4614107
2004-12-10,11.38,11.46,11.22,11.22,3810635
2004-12-13,11.38,11.7,11.05,11.05,5256569
2004-12-14,11.22,11.62,11.14,11.62,4378160
2004-12-15,12.44,12.44,12.44,12.44,7434505
2004-12-16,13.09,13.17,12.68,13.17,23679243
2004-12-17,13.17,13.66,13.17,13.33,20521807
2004-12-20,12.68,13.25,12.68,13.01,11001771
2004-12-21,12.11,12.11,12.11,12.11,3669275
2004-12-22,11.3,12.03,11.3,11.87,27226527
2004-12-23,11.7,11.79,11.54,11.54,7147539
2004-12-24,11.54,11.87,11.54,11.7,7610287
2004-12-27,11.7,11.79,11.38,11.46,4669134
2004-12-28,11.38,11.62,11.38,11.54,5754883
2004-12-29,11.62,11.87,11.62,11.7,6805058
2004-12-30,11.79,11.79,11.54,11.62,3553512
2004-12-31,11.62,11.79,11.46,11.7,4813487
2005-01-03,11.87,11.87,11.7,11.7,4327180
2005-01-04,11.7,11.7,11.54,11.54,2667199
2005-01-05,11.54,11.79,11.46,11.7,4748867
2005-01-06,11.79,11.79,11.46,11.46,3351716
2005-01-07,11.46,11.62,11.38,11.46,2862591
2005-01-10,11.46,11.54,10.73,10.97,7699884
2005-01-11,10.89,11.22,10.89,11.14,3070744
2005-01-12,11.05,11.22,10.65,10.73,4904485
2005-01-13,10.73,10.97,10.57,10.57,4175333
2005-01-14,10.4,10.49,10.24,10.32,5626562
2005-01-17,10.4,10.81,10.4,10.73,3977465
2005-01-18,10.57,10.65,10.08,10.24,8295638
2005-01-19,10.24,10.32,9.59,9.59,15074063
2005-01-20,9.18,9.35,8.94,9.02,11871668
2005-01-21,9.02,9.51,9.02,9.43,10342158
2005-01-24,9.27,9.43,8.94,8.94,4313747
2005-01-25,9.02,9.18,8.94,9.02,3186659
2005-01-26,9.18,9.35,9.18,9.27,3367711
2005-01-27,9.43,9.43,9.18,9.18,3055210
2005-01-28,9.18,9.75,9.18,9.59,6325411
2005-01-31,9.75,10.08,9.75,10.08,7282676
2005-02-01,10.0,10.0,9.59,9.59,5319868
2005-02-02,9.67,9.92,9.59,9.59,4142746
2005-02-03,9.51,9.67,9.43,9.51,3524592
2005-02-04,9.51,9.51,9.51,9.51,0
2005-02-07,9.51,9.51,9.51,9.51,0
2005-02-08,9.51,9.51,9.51,9.51,0
2005-02-09,9.51,9.51,9.51,9.51,0
2005-02-10,9.51,9.51,9.51,9.51,0
2005-02-11,9.51,9.51,9.51,9.51,0
2005-02-14,9.67,10.08,9.67,10.0,6667604
2005-02-15,10.0,10.08,9.75,9.84,4090829
2005-02-16,9.92,10.49,9.67,10.49,12783002
2005-02-17,10.4,10.57,10.16,10.16,6760687
2005-02-18,10.08,10.4,10.0,10.32,5578650
2005-02-21,10.24,10.4,10.16,10.24,5728947
2005-02-22,10.24,10.32,9.92,9.92,4348214
2005-02-23,9.84,10.08,9.75,10.08,4876962
2005-02-24,10.0,10.08,9.84,9.84,4297612
2005-02-25,10.0,10.08,9.92,9.92,4686935
2005-02-28,9.92,9.92,9.92,9.92,0
2005-03-01,9.92,9.92,9.67,9.67,4660754
2005-03-02,9.67,9.75,9.51,9.53,2596969
2005-03-03,9.53,9.74,9.49,9.57,2563745
2005-03-04,9.57,9.67,9.53,9.54,1993353
2005-03-07,9.54,9.67,9.44,9.44,2354570
2005-03-08,9.35,9.35,8.79,8.79,5398080
2005-03-09,8.19,9.27,8.19,8.88,16626936
2005-03-10,8.75,8.75,8.39,8.39,9555896
2005-03-11,8.47,8.86,8.39,8.65,9234519
2005-03-14,8.52,8.53,8.29,8.29,5678841
2005-03-15,8.16,8.45,8.06,8.13,6699692
2005-03-16,8.21,8.37,8.16,8.21,4227613
2005-03-17,8.16,8.16,7.67,7.79,7772150
2005-03-18,7.84,7.88,7.64,7.64,6974687
2005-03-21,7.64,7.74,7.15,7.15,9981596
2005-03-22,7.15,7.15,6.67,6.67,11851477
2005-03-23,6.5,7.12,6.36,7.12,12180386
2005-03-24,7.32,7.61,7.28,7.61,17470593
2005-03-25,7.61,7.61,7.33,7.43,8093505
2005-03-28,7.54,7.77,7.49,7.49,5236300
2005-03-29,7.49,7.49,7.07,7.09,5621868
2005-03-30,7.09,7.32,6.89,6.91,7807522
2005-03-31,7.12,7.12,6.96,6.99,3670991
2005-04-01,6.99,7.04,6.8,6.83,5517734
2005-04-04,6.68,6.8,6.58,6.6,4628928
2005-04-05,6.6,6.6,6.6,6.6,0
2005-04-06,6.6,7.06,6.6,6.94,6856371
2005-04-07,6.94,7.27,6.83,6.84,8077535
2005-04-08,7.04,7.04,6.84,6.84,3662334
2005-04-11,7.12,7.15,6.96,7.04,4974749
2005-04-12,7.04,7.2,6.99,7.12,5298021
2005-04-13,7.23,7.3,7.19,7.28,5379762
2005-04-14,7.25,7.75,7.2,7.62,8766287
2005-04-15,7.62,7.62,7.4,7.4,7843643
2005-04-18,7.25,7.28,6.94,7.02,5703134
2005-04-19,7.32,7.51,7.15,7.51,9405743
2005-04-20,7.56,7.61,7.28,7.36,9662011
2005-04-21,7.32,7.87,7.32,7.87,15133374
2005-04-22,8.05,8.18,7.61,7.61,16634072
2005-04-25,7.71,7.75,7.4,7.43,6940476
2005-04-26,7.48,7.88,7.48,7.8,7897014
2005-04-27,7.79,7.88,7.61,7.87,5383370
2005-04-28,7.87,8.03,7.72,7.87,8040017
2005-04-29,7.41,7.8,7.41,7.71,5436484
2005-05-02,7.71,7.71,7.71,7.71,0
2005-05-03,7.72,7.84,7.48,7.48,4071891
2005-05-04,7.49,7.64,7.48,7.53,2724761
2005-05-05,7.59,7.8,7.59,7.67,5313457
2005-05-06,7.64,7.72,7.58,7.58,3497217
2005-05-09,7.64,7.69,7.58,7.58,2255553
2005-05-10,7.59,7.8,7.59,7.74,4060388
2005-05-11,7.74,7.87,7.67,7.67,4719157
2005-05-12,7.74,7.77,7.61,7.61,25531958
2005-05-13,7.49,7.71,7.49,7.59,5167593
2005-05-16,7.72,7.87,7.66,7.67,5023956
2005-05-17,7.75,7.79,7.64,7.69,2507298
2005-05-18,7.75,7.77,7.56,7.59,2492735
2005-05-19,7.77,7.79,7.67,7.67,3994898
2005-05-20,7.64,7.72,7.61,7.62,2135709
2005-05-23,7.64,7.75,7.62,7.69,2506319
2005-05-24,8.01,8.23,7.87,8.16,12670236
2005-05-25,8.19,8.23,7.88,7.88,8635315
2005-05-26,7.88,8.0,7.75,7.85,4806837
2005-05-27,7.88,7.97,7.84,7.87,5127334
2005-05-30,7.97,8.11,7.87,8.06,4661936
2005-05-31,8.03,8.08,7.9,7.97,4348893
2005-06-01,7.97,8.45,7.97,8.18,10140001
2005-06-02,8.26,8.4,8.18,8.19,8342004
2005-06-03,8.29,8.73,8.24,8.7,12685299
2005-06-06,8.7,8.97,8.57,8.79,12743102
2005-06-07,8.7,8.75,8.4,8.45,9180881
2005-06-08,8.62,8.78,8.55,8.65,7459498
2005-06-09,8.7,8.73,8.34,8.37,6927357
2005-06-10,8.55,8.55,8.39,8.4,4204793
2005-06-13,8.37,8.4,8.18,8.29,5267111
2005-06-14,8.42,8.57,8.32,8.34,6169526
2005-06-15,8.34,8.6,8.32,8.52,4620127
2005-06-16,8.6,8.6,8.39,8.4,4138230
2005-06-17,8.52,8.91,8.42,8.53,10516162
2005-06-20,8.53,8.94,8.42,8.83,9991956
2005-06-21,8.91,8.91,8.7,8.83,4747566
2005-06-22,8.86,9.41,8.83,9.28,15613231
2005-06-23,9.67,9.92,9.59,9.92,10178491
2005-06-24,9.92,10.4,9.84,10.01,26953301
2005-06-27,9.75,9.9,9.51,9.56,10843568
2005-06-28,9.43,9.87,9.43,9.77,8542251
2005-06-29,10.05,10.06,9.61,9.62,10556295
2005-06-30,9.66,9.72,9.49,9.53,5817915
2005-07-01,9.43,9.51,9.12,9.36,7802693
2005-07-04,9.43,9.59,9.36,9.38,3712852
2005-07-05,9.38,9.79,9.35,9.61,6295236
2005-07-06,9.66,9.72,9.43,9.43,4496766
2005-07-07,9.36,9.43,9.18,9.25,5677464
2005-07-08,9.1,9.43,9.1,9.2,5490674
2005-07-11,9.61,9.61,9.43,9.49,5687970
2005-07-12,10.08,10.08,9.77,9.85,10546355
2005-07-13,9.92,10.19,9.84,10.05,12112536
2005-07-14,10.24,10.32,10.1,10.14,10042861
2005-07-15,10.14,10.14,9.8,9.84,9371710
2005-07-18,9.84,9.84,9.84,9.84,0
2005-07-19,9.92,10.16,9.85,10.03,6967387
2005-07-20,10.24,10.32,10.08,10.1,9746370
2005-07-21,10.08,10.24,9.92,9.97,6829247
2005-07-22,9.92,9.97,9.67,9.74,6788208
2005-07-25,9.79,9.88,9.79,9.8,3458831
2005-07-26,9.8,9.9,9.59,9.59,4488526
2005-07-27,9.59,9.66,9.44,9.46,4604162
2005-07-28,9.46,9.75,9.46,9.75,5852921
2005-07-29,10.08,10.21,9.75,9.75,9666412
2005-08-01,9.75,10.16,9.51,9.93,7795551
2005-08-02,10.08,10.14,9.84,9.87,6972470
2005-08-03,9.92,10.03,9.8,9.82,5715929
2005-08-04,9.85,9.88,9.67,9.67,5354154
2005-08-05,9.67,9.67,9.67,9.67,0
2005-08-08,9.59,9.67,9.48,9.49,4498054
2005-08-09,9.46,9.64,9.46,9.54,3203617
2005-08-10,8.94,9.2,8.88,8.88,4732843
2005-08-11,8.26,8.26,8.26,8.26,1690608
2005-08-12,7.69,7.69,7.69,7.69,2401058
2005-08-15,7.15,7.69,7.15,7.33,23311536
2005-08-16,7.12,7.38,6.91,7.28,12848098
2005-08-17,7.28,7.58,7.19,7.38,7355717
2005-08-18,7.4,7.45,7.01,7.02,7826048
2005-08-19,6.93,7.15,6.93,6.99,3926363
2005-08-22,7.33,7.33,7.14,7.14,2845239
2005-08-23,7.09,7.1,6.91,6.91,3773629
2005-08-24,6.91,6.99,6.44,6.5,7585041
2005-08-25,6.5,6.62,6.47,6.52,5117429
2005-08-26,6.6,6.71,6.6,6.67,3683411
2005-08-29,6.7,6.75,6.58,6.6,3131254
2005-08-30,6.14,6.44,6.14,6.19,8736584
2005-08-31,6.23,6.42,6.21,6.29,3566026
2005-09-01,6.29,6.29,6.29,6.29,0
2005-09-02,6.45,6.57,6.34,6.5,3789758
2005-09-05,6.52,6.58,6.44,6.44,1696637
2005-09-06,6.44,6.5,6.42,6.42,1884346
2005-09-07,6.5,6.5,6.34,6.36,2257135
2005-09-08,6.5,6.57,6.39,6.42,2154196
2005-09-09,6.5,6.5,6.36,6.36,2040997
2005-09-12,6.36,6.42,6.18,6.23,3026021
2005-09-13,6.23,6.31,6.1,6.19,2819310
2005-09-14,6.18,6.21,6.13,6.14,1886638
2005-09-15,6.18,6.19,6.01,6.01,2140307
2005-09-16,6.03,6.06,5.79,5.82,2992481
2005-09-19,5.84,5.87,5.54,5.56,3324106
2005-09-20,5.4,5.51,5.22,5.45,5482890
2005-09-21,5.45,5.45,5.14,5.14,4438937
2005-09-22,4.89,5.02,4.84,4.93,5580146
2005-09-23,4.93,5.27,4.93,5.27,3219420
2005-09-26,5.45,5.62,5.45,5.62,4992514
2005-09-27,5.79,5.79,5.49,5.53,6952450
2005-09-28,5.54,5.54,5.35,5.35,2980623
2005-09-29,5.39,5.66,5.35,5.62,5952113
2005-09-30,5.83,5.84,5.7,5.8,6894161
2005-10-03,5.8,5.8,5.66,5.78,4012146
2005-10-04,5.75,5.86,5.66,5.66,4202504
2005-10-05,5.66,5.73,5.58,5.65,3579779
2005-10-06,5.65,5.78,5.65,5.71,2813147
2005-10-07,5.75,5.83,5.71,5.76,3181520
2005-10-10,5.76,5.76,5.76,5.76,0
2005-10-11,5.91,6.16,5.91,6.16,4299958
2005-10-12,6.16,6.27,5.96,5.99,8781179
2005-10-13,5.99,6.22,5.99,6.09,6780790
2005-10-14,6.16,6.24,5.96,5.98,5760131
2005-10-17,5.98,6.06,5.57,5.6,4706337
2005-10-18,5.6,5.75,5.34,5.4,6644681
2005-10-19,5.4,5.42,5.07,5.11,5577569
2005-10-20,5.11,5.27,5.09,5.19,5326789
2005-10-21,5.19,5.55,5.17,5.55,6943537
2005-10-24,5.71,5.93,5.65,5.86,9015391
2005-10-25,5.98,6.07,5.89,5.93,6574189
2005-10-26,5.99,6.03,5.66,5.66,5637340
2005-10-27,6.01,6.06,5.76,6.06,5385911
2005-10-28,6.16,6.24,5.89,5.89,9892794
2005-10-31,5.94,6.04,5.81,5.84,6188275
2005-11-01,5.89,5.91,5.71,5.75,4428596
2005-11-02,5.76,5.83,5.75,5.78,4081338
2005-11-03,5.88,5.96,5.81,5.83,3826985
2005-11-04,5.89,5.93,5.75,5.75,4731025
2005-11-07,5.75,5.83,5.63,5.66,3851023
2005-11-08,5.75,6.06,5.73,6.06,8582374
2005-11-09,6.04,6.37,5.91,6.34,15903055
2005-11-10,6.57,6.73,6.5,6.57,16395519
2005-11-11,6.65,6.72,6.4,6.57,10915078
2005-11-14,6.57,7.03,6.5,6.86,12358034
2005-11-15,6.9,6.99,6.65,6.7,9840170
2005-11-16,6.65,7.13,6.65,6.96,13106150
2005-11-17,6.96,7.09,6.73,6.93,16808395
2005-11-18,6.94,7.04,6.73,6.73,12954123
2005-11-21,6.67,6.83,6.55,6.58,7643575
2005-11-22,6.67,6.8,6.6,6.6,7237845
2005-11-23,6.65,6.72,6.58,6.58,5124411
2005-11-24,6.65,6.9,6.65,6.68,9068665
2005-11-25,6.7,6.76,6.65,6.65,5147150
2005-11-28,6.73,6.78,6.65,6.67,5551906
2005-11-29,6.67,6.72,6.58,6.58,6024879
2005-11-30,6.62,6.72,6.58,6.63,5982649
2005-12-01,6.63,6.63,6.53,6.53,7143641
2005-12-02,6.65,6.67,6.52,6.57,8042484
2005-12-05,6.68,6.9,6.62,6.73,13427745
2005-12-06,6.7,6.85,6.7,6.72,10113363
2005-12-07,6.86,7.13,6.81,7.13,20118554
2005-12-08,7.06,7.06,6.88,6.88,10969977
2005-12-09,6.85,6.91,6.81,6.81,6940938
2005-12-12,6.83,6.88,6.78,6.81,5467771
2005-12-13,6.8,6.94,6.75,6.81,7198864
2005-12-14,6.88,6.9,6.78,6.8,5419045
2005-12-15,6.83,7.03,6.81,6.99,11619989
2005-12-16,6.98,7.09,6.9,6.91,10975499
2005-12-19,6.94,6.98,6.86,6.9,8314703
2005-12-20,6.9,7.37,6.9,7.37,19184953
2005-12-21,7.52,7.88,7.49,7.88,38885433
2005-12-22,7.9,8.34,7.85,8.21,25578734
2005-12-23,8.18,8.34,7.72,8.24,30158828
2005-12-26,8.13,8.29,7.84,7.9,11229019
2005-12-27,7.9,8.52,7.9,8.27,22740369
2005-12-28,8.21,8.36,8.11,8.23,14749860
2005-12-29,8.37,8.69,8.26,8.64,25233545
2005-12-30,8.64,8.82,8.52,8.64,22112771
2006-01-02,8.5,8.72,8.41,8.41,15427484
2006-01-03,8.41,8.78,8.36,8.67,16179822
2006-01-04,8.9,9.03,8.7,8.78,24212886
2006-01-05,8.95,9.37,8.95,9.34,26853867
2006-01-06,9.72,9.97,9.52,9.77,41060913
2006-01-09,9.85,10.0,9.36,9.49,26511156
2006-01-10,9.49,9.49,8.83,8.83,35290386
2006-01-11,8.5,8.73,8.29,8.65,24911300
2006-01-12,8.7,9.24,8.7,9.08,27318718
2006-01-13,9.08,9.24,8.78,9.08,21050206
2006-01-16,9.08,9.15,8.87,8.88,10068210
2006-01-17,8.8,9.15,8.8,8.92,11999407
2006-01-18,8.87,8.95,8.31,8.36,22204701
2006-01-19,8.54,8.62,8.13,8.34,13450159
2006-01-20,8.6,8.6,8.04,8.04,11294820
2006-01-23,7.67,7.88,7.49,7.49,10650980
2006-01-24,7.39,7.86,7.39,7.77,9288910
2006-01-25,7.77,7.93,7.55,7.6,7371356
2006-02-03,7.88,7.88,7.63,7.78,7667289
2006-02-06,7.86,8.04,7.63,8.04,10188077
2006-02-07,8.03,8.32,7.9,8.16,15955030
2006-02-08,8.34,8.7,8.19,8.5,20316709
2006-02-09,8.65,8.69,8.24,8.27,11012856
2006-02-10,8.13,8.24,8.0,8.11,10547680
2006-02-13,8.04,8.37,8.04,8.11,5260846
2006-02-14,8.04,8.19,7.9,7.95,8076267
2006-02-15,8.04,8.08,7.75,7.77,7118628
2006-02-16,7.85,8.0,7.85,7.86,5381688
2006-02-17,7.91,7.96,7.72,7.75,6606674
2006-02-20,7.68,7.75,7.55,7.55,7022149
2006-02-21,7.59,7.67,7.55,7.55,4792746
2006-02-22,7.55,7.62,7.09,7.16,9565027
2006-02-23,7.16,7.37,7.16,7.21,4916836
2006-02-24,7.22,7.32,6.99,7.06,7499345
2006-02-27,6.9,6.99,6.83,6.9,6076854
2006-03-01,6.9,7.31,6.9,7.31,6668719
2006-03-02,7.45,7.47,7.19,7.19,6942238
2006-03-03,7.14,7.26,6.9,6.9,5450230
2006-03-06,6.93,7.09,6.91,6.94,3813342
2006-03-07,6.94,7.24,6.94,7.06,8426124
2006-03-08,6.98,7.13,6.98,6.98,5520721
2006-03-09,6.9,6.96,6.58,6.76,7495772
2006-03-10,6.76,6.86,6.75,6.8,4584846
2006-03-13,6.86,7.14,6.67,7.09,6669369
2006-03-14,7.16,7.39,7.06,7.08,8594069
2006-03-15,7.13,7.19,6.85,6.9,6734338
2006-03-16,6.81,6.9,6.6,6.65,11114532
2006-03-17,6.73,6.83,6.68,6.75,6343550
2006-03-20,6.78,6.88,6.6,6.62,6521240
2006-03-21,6.57,6.73,6.55,6.57,6881492
2006-03-22,6.57,6.63,6.49,6.49,7782609
2006-03-23,6.55,6.57,6.24,6.26,7567562
2006-03-24,6.24,6.32,6.11,6.14,7446395
2006-03-27,6.16,6.39,5.89,6.27,10750382
2006-03-28,6.37,6.37,6.14,6.16,5888444
2006-03-29,6.07,6.49,6.06,6.39,9479593
2006-03-30,6.57,6.72,6.49,6.65,12683203
2006-03-31,6.73,6.85,6.7,6.75,8201982
2006-04-03,6.81,6.86,6.75,6.76,6857778
2006-04-04,6.76,6.78,6.58,6.6,5893966
2006-04-06,6.73,6.86,6.68,6.78,6971149
2006-04-07,6.86,6.86,6.7,6.78,6911702
2006-04-10,6.75,7.04,6.67,6.93,11695028
2006-04-11,6.9,6.93,6.76,6.76,5776048
2006-04-12,6.9,7.17,6.86,7.17,12645196
2006-04-13,7.19,7.21,7.04,7.06,11889934
2006-04-14,7.04,7.21,6.93,7.11,14326263
2006-04-17,7.22,7.49,7.16,7.32,18022012
2006-04-18,7.29,7.31,7.03,7.08,10380060
2006-04-19,7.11,7.19,6.93,6.93,11486153
2006-04-20,6.98,7.14,6.94,6.99,8477125
2006-04-21,7.01,7.08,6.9,6.91,10758828
2006-04-24,6.9,7.08,6.86,6.96,9620250
2006-04-25,6.96,7.16,6.9,7.06,20643177
2006-04-26,7.55,7.55,7.55,7.55,18575871
2006-04-27,7.55,7.55,7.55,7.55,0
2006-04-28,7.42,7.42,7.42,7.42,0
2006-05-02,7.42,7.42,7.42,7.42,0
2006-05-03,7.42,7.42,7.42,7.42,0
2006-05-04,7.42,7.42,7.42,7.42,0
2006-05-05,7.42,7.42,7.42,7.42,0
2006-05-08,7.42,7.42,7.42,7.42,0
2006-05-09,7.42,7.42,7.42,7.42,0
2006-05-10,7.42,7.42,7.42,7.42,0
2006-05-11,7.42,7.42,7.42,7.42,0
2006-05-12,7.42,7.42,7.42,7.42,0
2006-05-15,7.42,7.42,7.42,7.42,0
2006-05-16,7.42,7.42,7.42,7.42,0
2006-05-17,8.08,8.08,8.08,8.08,4235692
2006-05-18,8.49,8.49,8.49,8.49,10674837420
2006-05-19,9.09,9.09,8.66,9.09,92959997040
2006-05-22,9.39,9.73,9.26,9.39,47444100
2006-05-23,9.25,9.25,8.74,8.74,29802336
2006-05-24,8.63,8.86,8.24,8.6,24038989
2006-05-25,8.58,8.6,8.24,8.25,12721548
2006-05-26,8.53,8.83,8.4,8.83,25994609
2006-05-29,8.67,8.68,8.46,8.66,15637929631
2006-05-30,8.83,8.84,8.61,8.81,15367812
2006-06-01,9.01,9.05,8.67,8.69,14135671
2006-06-02,8.69,8.71,8.41,8.49,11125441
2006-06-05,8.24,8.37,7.9,7.94,13024852
2006-06-06,7.84,8.15,7.84,8.06,8178654
2006-06-07,8.0,8.05,7.76,7.76,5826234
2006-06-08,7.67,7.76,7.23,7.23,12452191
2006-06-09,7.23,7.28,6.8,7.08,12786661
2006-06-12,7.04,7.05,6.71,6.82,9862691
2006-06-13,6.71,7.09,6.67,6.82,11905686
2006-06-14,6.84,7.07,6.83,6.95,8220950
2006-06-15,7.0,7.03,6.75,6.75,10174344
2006-06-16,7.0,7.0,6.83,6.85,8838133
2006-06-19,6.85,7.0,6.85,6.87,7630480
2006-06-20,7.0,7.24,6.91,7.02,13135044
2006-06-21,7.1,7.51,7.08,7.48,16825344
2006-06-22,8.0,8.0,8.0,8.0,5043206
2006-06-23,8.15,8.56,7.78,8.46,34413125
2006-06-26,8.15,8.43,8.15,8.27,11716468
2006-06-27,8.27,8.53,8.19,8.39,10418657
2006-06-28,8.36,8.53,8.19,8.53,8027837
2006-06-29,8.71,8.75,8.41,8.45,10137614
2006-06-30,8.58,8.62,8.24,8.46,15190838
2006-07-03,9.01,9.01,8.73,8.87,17812059
2006-07-04,8.74,8.87,8.64,8.77,11248432
2006-07-05,8.72,8.72,8.4,8.45,8977264
2006-07-06,8.34,8.72,8.34,8.53,9550482
2006-07-07,8.53,8.63,8.42,8.53,5913608
2006-07-10,8.43,8.6,8.43,8.53,4719867
2006-07-11,8.48,8.55,8.47,8.5,3733152
2006-07-12,8.58,8.78,8.5,8.5,8408498
2006-07-13,8.47,8.59,8.41,8.43,4309710
2006-07-14,8.19,8.38,8.05,8.08,8583246
2006-07-17,8.08,8.23,7.76,7.83,7078966
2006-07-18,7.91,8.19,7.91,8.17,7160218
2006-07-19,8.34,8.34,8.07,8.07,5402720
2006-07-20,8.34,8.39,8.24,8.29,4906858
2006-07-21,8.23,8.34,8.15,8.25,4006405
2006-07-24,8.1,8.19,8.0,8.1,3115412
2006-07-25,8.2,8.33,8.16,8.27,6413921
2006-07-26,8.45,8.59,8.39,8.49,15195079071
2006-07-27,8.49,8.6,8.38,8.55,15947697850
2006-07-28,8.72,8.75,8.64,8.74,7698375
2006-07-31,8.77,9.34,8.75,9.34,32982306
2006-08-01,9.49,9.97,9.35,9.58,41002352
2006-08-02,9.58,9.87,9.3,9.58,20119958
2006-08-03,9.68,9.87,9.58,9.87,17809276
2006-08-04,10.06,10.16,9.73,9.73,17326771
2006-08-07,9.73,9.78,9.45,9.5,8401263
2006-08-08,9.54,10.01,9.54,9.92,12875704
2006-08-09,9.82,10.06,9.78,9.87,11827216
2006-08-10,9.87,9.97,9.56,9.58,14725585
2006-08-11,9.58,9.63,9.39,9.39,13086626
2006-08-14,9.44,9.63,9.44,9.44,5264146
2006-08-15,9.58,9.58,9.5,9.54,3192213
2006-08-16,9.68,9.87,9.63,9.68,11624642
2006-08-17,9.68,9.87,9.63,9.63,8535942
2006-08-18,9.63,9.73,9.54,9.54,5049885
2006-08-21,9.58,9.58,8.87,8.87,12800
2006-08-22,8.94,9.25,8.92,9.15,8904
2006-08-23,9.1,9.22,8.96,9.21,11185545
2006-08-24,9.21,9.34,9.06,9.08,6713331
2006-08-25,9.15,9.22,9.0,9.02,5178441
2006-08-28,8.96,9.01,8.54,8.72,14639324
2006-08-29,8.82,9.04,8.77,8.96,8123002
2006-08-30,9.1,9.16,9.03,9.1,8104080
2006-08-31,9.2,9.21,9.06,9.07,8412394
2006-09-01,9.07,9.14,9.03,9.04,6492391
2006-09-04,9.04,9.15,8.9,9.09,10311249
2006-09-05,9.09,9.09,8.91,9.01,4510614
2006-09-06,9.01,9.06,8.92,8.98,4717641
2006-09-07,8.91,9.15,8.91,9.11,8094063
2006-09-08,9.11,9.58,9.11,9.31,12569617
2006-09-11,9.49,9.57,9.32,9.34,8593264
2006-09-12,9.39,9.39,9.05,9.07,5875208
2006-09-13,9.15,9.2,9.0,9.02,3968005
2006-09-14,9.1,9.1,8.63,8.77,7211975
2006-09-15,8.77,9.15,8.72,9.01,6344356
2006-09-18,9.63,9.63,9.39,9.63,17581102
2006-09-19,9.73,9.87,9.55,9.56,17986807
2006-09-20,9.52,9.68,9.39,9.57,7046687
2006-09-21,9.73,9.73,9.49,9.56,5915834
2006-09-22,9.49,9.68,9.46,9.57,4615241
2006-09-25,9.57,9.78,9.52,9.73,8186446
2006-09-26,9.73,9.87,9.55,9.73,11513894
2006-09-27,9.92,9.97,9.73,9.82,13472296
2006-09-28,9.97,9.97,9.63,9.78,12037025
2006-09-29,9.78,9.82,9.63,9.73,3601257
2006-10-02,9.63,9.78,9.54,9.68,7090653
2006-10-03,9.56,9.68,9.55,9.58,3922927
2006-10-04,9.58,9.73,9.58,9.58,7773506
2006-10-05,9.73,9.78,9.63,9.68,11946868
2006-10-09,9.51,9.51,9.51,9.51,0
2006-10-11,9.78,10.35,9.78,10.35,25241078
2006-10-12,10.45,11.02,10.4,10.83,24713494
2006-10-13,11.02,11.07,10.64,10.73,18910634
2006-10-16,10.83,10.83,10.64,10.69,9893857
2006-10-17,10.73,10.83,10.59,10.69,8741855
2006-10-18,10.64,10.69,10.45,10.54,10161544
2006-10-19,10.54,10.73,10.49,10.54,9235491
2006-10-20,10.59,10.78,10.49,10.64,8783038
2006-10-23,10.64,10.69,10.45,10.49,7424010
2006-10-24,10.54,10.97,10.54,10.83,11191111
2006-10-25,10.93,10.97,10.73,10.78,7954376
2006-10-26,10.64,10.74,10.6,10.69,8683145
2006-10-27,11.12,11.5,11.02,11.12,20745489
2006-10-30,11.02,11.02,10.69,10.73,10214970
2006-10-31,10.83,10.83,10.64,10.73,6187417
2006-11-01,10.78,10.93,10.73,10.73,5061015
2006-11-02,10.73,11.02,10.73,10.88,6630965
2006-11-03,11.12,11.21,11.02,11.07,10822136
2006-11-06,10.4,10.88,10.4,10.73,8978934
2006-11-07,10.93,11.26,10.88,11.07,12753269
2006-11-08,11.07,11.16,10.97,11.02,8420742
2006-11-09,11.02,11.12,10.78,10.97,7691141
2006-11-10,10.88,10.97,10.78,10.88,5638129
2006-11-13,10.93,11.6,10.78,11.6,14830211
2006-11-14,12.17,12.36,11.88,12.36,22299300
2006-11-15,13.23,13.23,13.23,13.23,19489974
2006-11-16,14.14,14.14,12.99,13.13,69262008
2006-11-17,13.08,13.56,12.84,13.37,27221741
2006-11-20,13.32,13.56,13.03,13.03,18601764
2006-11-21,13.03,13.37,12.94,13.03,12276329
2006-11-22,13.03,13.32,12.84,12.84,12831739
2006-11-23,12.84,13.03,12.36,12.55,16166978
2006-11-24,12.55,13.37,12.51,13.13,20696515
2006-11-27,13.23,13.7,13.23,13.56,20398219
2006-11-28,13.56,14.42,13.42,14.14,32363453
2006-11-29,14.14,14.28,13.46,13.66,22152934
2006-11-30,13.9,14.09,13.61,13.9,20617489
2006-12-01,13.9,13.94,13.42,13.46,20318636
2006-12-04,13.42,13.51,12.99,13.08,19133800
2006-12-05,13.23,13.32,12.75,12.84,12146660
2006-12-06,12.94,13.46,12.84,13.32,12201755
2006-12-07,13.32,13.32,12.94,12.99,8078480
2006-12-08,12.84,12.94,12.7,12.79,13489549
2006-12-11,12.84,13.03,12.79,12.94,6078338
2006-12-12,13.42,13.42,12.94,12.99,13736088
2006-12-13,13.18,13.32,12.99,13.32,14457341
2006-12-14,13.32,13.32,12.94,13.08,9123073
2006-12-15,13.13,13.27,12.99,12.99,8720151
2006-12-18,13.08,13.85,13.08,13.85,20007540
2006-12-19,13.94,13.94,13.46,13.51,18876130
2006-12-20,13.51,13.66,13.32,13.37,8325576
2006-12-21,13.42,13.61,13.18,13.18,9058516
2006-12-22,13.18,13.66,13.13,13.37,8194793
2006-12-25,13.27,13.37,13.18,13.18,5813990
2006-12-26,13.13,13.32,13.13,13.27,7642167
2006-12-27,13.32,13.61,13.27,13.27,7337749
2006-12-28,13.32,13.46,13.18,13.18,7913193
2006-12-29,13.18,13.61,13.18,13.51,19543957
2007-01-02,13.7,13.99,13.46,13.66,31483591
2007-01-03,13.61,13.66,13.27,13.27,18360790
2007-01-04,13.18,13.32,13.03,13.18,11864503
2007-01-05,13.18,13.27,12.84,12.84,12817269
2007-01-08,12.65,12.84,12.55,12.55,7323836
2007-01-09,12.46,12.79,12.46,12.55,11231180
2007-01-10,12.55,12.7,12.46,12.46,10345196
2007-01-11,12.46,12.65,11.64,11.79,13893584
2007-01-12,11.79,12.08,11.79,11.98,8496985
2007-01-15,12.08,12.31,11.98,12.17,6178512
2007-01-16,12.22,12.65,12.17,12.41,7806341
2007-01-17,12.36,12.41,12.12,12.22,6812948
2007-01-18,12.53,12.57,12.24,12.43,9880313
2007-01-19,12.65,12.75,12.51,12.51,5240772
2007-01-22,12.51,12.65,12.31,12.31,4052040
2007-01-23,12.75,12.84,12.55,12.65,6704983
2007-01-24,12.7,13.03,12.51,12.89,12705965
2007-01-25,13.03,13.03,12.84,12.89,8211489
2007-01-26,12.89,12.89,12.55,12.84,6444530
2007-01-29,12.84,13.7,12.7,13.18,19696444
2007-01-30,12.95,13.19,12.67,12.76,11075215
2007-01-31,13.18,13.23,12.75,12.84,7508601
2007-02-01,12.99,13.03,12.51,12.51,6676044
2007-02-02,12.65,12.84,12.65,12.7,7303801
2007-02-05,13.03,13.03,12.7,12.7,3822196
2007-02-06,12.7,12.84,12.6,12.79,4852876
2007-02-07,12.79,12.94,12.65,12.75,4387623
2007-02-08,12.75,12.89,12.65,12.79,3596804
2007-02-09,12.79,12.79,12.6,12.7,4139970
2007-02-12,12.51,12.65,12.46,12.55,4240144
2007-02-13,12.55,12.7,12.46,12.51,3759866
2007-02-14,12.7,12.7,12.51,12.6,5375450
2007-02-26,12.94,13.37,12.75,13.18,11975251
2007-02-27,13.18,13.18,12.94,12.94,6177399
2007-03-01,12.46,12.75,12.46,12.46,9553265
2007-03-02,12.15,12.34,12.1,12.2,5711179
2007-03-05,12.01,12.1,11.3,11.3,14311078
2007-03-06,11.5,12.22,11.4,12.22,9026238
2007-03-07,12.01,12.05,11.54,11.54,9077859
2007-03-08,11.93,12.27,11.93,11.98,8579907
2007-03-09,11.98,12.17,11.79,11.84,6878061
2007-03-12,12.01,12.43,11.82,12.43,18830187
2007-03-13,12.75,12.94,12.51,12.94,18042459
2007-03-14,12.65,12.79,12.51,12.6,9141995
2007-03-15,12.7,12.89,12.7,12.7,6995487
2007-03-16,12.7,12.7,12.51,12.51,5953677
2007-03-19,12.51,12.84,12.51,12.7,4034788
2007-03-20,12.94,13.18,12.79,13.03,13424992
2007-03-21,13.18,13.94,13.13,13.61,51963063
2007-03-22,13.9,14.23,13.7,13.7,34547804
2007-03-23,13.7,13.8,13.23,13.37,13614766
2007-03-26,13.42,13.7,13.37,13.51,8645577
2007-03-27,13.51,13.66,13.23,13.27,7622132
2007-03-28,13.23,13.32,13.03,13.03,6834096
2007-03-29,12.94,13.37,12.89,13.32,8038967
2007-03-30,13.42,13.51,13.13,13.13,6071660
2007-04-02,13.23,13.32,13.03,13.03,6266443
2007-04-03,13.03,13.51,12.94,13.13,10174901
2007-04-04,13.32,13.42,13.23,13.27,9422482
2007-04-09,13.37,13.94,13.37,13.46,15296577
2007-04-10,13.51,13.61,13.27,13.42,7215870
2007-04-11,13.51,13.61,13.42,13.42,5674303
2007-04-12,13.42,13.61,13.32,13.42,5384911
2007-04-13,13.42,13.46,13.13,13.13,6878061
2007-04-16,13.27,13.42,13.13,13.13,5451694
2007-04-17,13.23,13.32,12.84,12.84,7752915
2007-04-18,12.84,13.18,12.75,12.99,3992492
2007-04-19,12.99,13.08,12.84,12.84,4651971
2007-04-20,12.84,12.94,12.75,12.79,5079937
2007-04-23,12.94,13.13,12.84,12.84,4738789
2007-04-24,12.84,12.99,12.84,12.84,3679170
2007-04-25,12.94,12.99,12.7,12.75,4007518
2007-04-26,12.94,12.94,12.75,12.79,4680354
2007-04-27,12.84,13.32,12.75,13.03,6861922
2007-04-30,13.32,13.66,13.08,13.42,20542358
2007-05-02,13.42,13.51,13.08,13.13,10576153
2007-05-03,13.23,13.27,12.55,12.79,8239315
2007-05-04,12.94,13.18,12.84,13.18,6049956
2007-05-07,13.18,13.27,12.99,13.27,6682165
2007-05-08,13.32,13.9,13.23,13.51,21391055
2007-05-09,13.51,13.56,13.13,13.27,8482516
2007-05-10,13.32,13.37,13.18,13.18,4308597
2007-05-11,12.99,13.13,12.99,13.03,4130510
2007-05-14,13.13,13.37,13.08,13.18,5394372
2007-05-15,13.23,13.42,13.18,13.18,5682651
2007-05-16,13.32,13.37,13.18,13.18,3092595
2007-05-17,13.23,13.32,13.13,13.13,2575586
2007-05-18,13.13,13.42,13.03,13.18,5172320
2007-05-21,13.32,13.32,13.13,13.18,4887380
2007-05-22,13.27,13.61,13.18,13.51,11340815
2007-05-23,13.56,13.56,13.13,13.23,10393057
2007-05-24,13.23,13.32,13.08,13.18,8003906
2007-05-25,13.18,13.23,13.03,13.08,5559103
2007-05-28,13.03,13.51,12.89,13.42,10410866
2007-05-29,13.42,13.42,13.13,13.23,6813505
2007-05-30,13.23,13.27,13.03,13.08,4053153
2007-05-31,13.18,13.51,13.13,13.13,13450035
2007-06-01,13.42,13.56,13.32,13.42,14511324
2007-06-04,13.7,13.99,13.51,13.56,17986807
2007-06-05,13.66,13.7,13.32,13.37,6331556
2007-06-06,13.37,13.61,13.23,13.23,8912707
2007-06-07,13.23,13.51,13.23,13.37,10539423
2007-06-08,13.27,13.51,13.23,13.32,8695664
2007-06-11,13.42,13.51,13.23,13.23,6000425
2007-06-12,13.23,13.32,13.08,13.08,8163628
2007-06-13,13.46,13.7,13.37,13.46,28978683
2007-06-14,13.61,13.66,13.32,13.32,10758136
2007-06-15,13.42,13.46,13.23,13.23,7515279
2007-06-20,13.23,13.42,13.13,13.23,9814830
2007-06-21,13.23,13.51,13.23,13.32,10696919
2007-06-22,13.37,13.7,13.37,13.51,17014006
2007-06-25,13.37,14.28,13.27,14.28,62391738
2007-06-26,14.42,15.24,14.42,15.24,113072017
2007-06-27,15.43,15.91,14.9,15.05,63208156
2007-06-28,15.33,15.53,15.09,15.24,27364768
2007-06-29,15.29,15.29,14.57,14.9,27164420
2007-07-02,14.71,14.76,13.9,14.09,26383619
2007-07-03,14.28,14.57,14.18,14.33,28359273
2007-07-04,14.38,14.42,14.09,14.09,18531086
2007-07-05,14.18,14.95,14.14,14.66,32917749
2007-07-06,15.14,15.19,14.76,14.85,26509949
2007-07-09,15.43,15.43,14.81,14.85,36258554
2007-07-10,14.9,15.53,14.9,15.19,43320825
2007-07-11,15.14,15.43,14.95,15.05,22922605
2007-07-12,15.14,15.57,15.05,15.19,39730141
2007-07-13,15.38,15.43,15.0,15.14,36836781
2007-07-16,15.33,15.33,14.57,14.71,23796345
2007-07-17,14.66,14.95,14.61,14.71,16479187
2007-07-18,14.74,15.45,14.6,15.45,68250439
2007-07-19,16.77,16.77,16.77,16.77,38213061
2007-07-20,17.92,17.92,17.92,17.92,22683300
2007-07-23,19.17,19.17,18.4,19.17,170281417
2007-07-24,18.93,20.06,18.36,19.4,132447842322
2007-07-25,19.55,21.08,19.36,21.08,95798114
2007-07-26,22.47,22.52,21.66,22.52,122659230
2007-07-27,21.95,23.91,21.08,21.56,167091987
2007-07-30,21.08,21.66,20.08,20.22,81392529
2007-07-31,19.93,20.94,19.55,20.56,85492431
2007-08-01,20.56,21.51,20.13,20.13,75443304
2007-08-02,20.72,20.91,18.88,20.72,73134247782
2007-08-03,21.47,21.66,20.6,20.65,51230679
2007-08-06,20.17,21.13,20.17,20.75,33467037
2007-08-07,21.04,21.28,19.93,19.93,32960045
2007-08-08,20.08,20.51,19.84,20.27,27483307
2007-08-09,20.46,20.7,19.98,20.27,40550456
2007-08-10,19.36,19.98,19.36,19.36,25893322
2007-08-13,19.65,20.17,19.36,19.84,27210054
2007-08-14,19.69,20.46,19.55,19.84,30229189
2007-08-15,19.65,20.03,18.54,18.74,28719900
2007-08-16,17.92,18.54,17.44,17.44,31855904
2007-08-17,17.06,17.73,16.24,16.24,42370841
2007-08-20,17.15,17.35,16.58,17.35,27434890
2007-08-21,17.54,18.16,17.39,17.59,29696597
2007-08-22,17.83,18.69,17.49,18.69,20656445
2007-08-23,19.98,19.98,19.93,19.98,16256578
2007-08-24,20.7,21.28,20.22,20.6,72780343
2007-08-27,21.18,21.23,19.93,20.13,35891249
2007-08-28,20.03,20.6,19.84,20.32,22070569
2007-08-29,19.41,19.89,19.17,19.65,24799199
2007-08-30,19.93,20.32,19.36,19.36,21026533
2007-08-31,19.36,19.84,19.36,19.65,17602806
2007-09-03,19.31,19.54,19.02,19.07,15605650
2007-09-04,19.41,19.55,18.21,18.4,27945777
2007-09-05,18.5,18.83,18.21,18.26,12968643
2007-09-06,18.21,19.5,17.87,19.5,16929414
2007-09-07,19.65,20.32,19.55,19.69,33032393
2007-09-10,18.84,19.59,18.6,19.35,15584697140
2007-09-11,20.03,20.13,19.65,19.93,25839340
2007-09-12,20.13,20.56,19.79,20.22,42202214
2007-09-13,20.5,21.04,20.21,20.21,47782793
2007-09-14,20.45,20.45,19.96,19.96,18149684
2007-09-17,19.96,20.25,19.71,19.76,12826630
2007-09-18,19.76,19.76,19.76,19.76,0
2007-09-19,20.16,20.4,19.27,19.27,17936390
2007-09-20,19.37,19.91,18.68,19.03,23842448
2007-09-21,19.07,19.57,19.07,19.47,11456079
2007-09-26,19.57,19.81,19.47,19.57,10490786
2007-09-27,19.66,20.84,19.66,20.6,38555910
2007-09-28,20.6,20.65,19.86,19.86,18653386
2007-10-01,21.19,21.43,20.65,20.65,34558561
2007-10-02,21.04,21.34,20.7,20.94,32736264
2007-10-03,20.94,21.24,20.55,20.65,28370298
2007-10-04,20.65,21.73,20.6,21.53,50468658
2007-10-05,21.83,22.61,21.58,21.58,81502398
2007-10-08,21.98,22.32,21.19,21.29,38889524
2007-10-09,21.48,21.78,21.24,21.43,25570677
2007-10-11,21.83,22.02,21.43,21.43,29831636
2007-10-12,21.19,21.48,20.65,20.65,22730584
2007-10-15,20.75,20.94,20.25,20.55,14600252
2007-10-16,20.16,21.34,20.16,21.24,24498191
2007-10-17,21.34,21.53,20.84,20.89,23380858
2007-10-18,20.89,21.19,20.65,20.89,28015355
2007-10-19,20.65,20.65,20.21,20.25,22011947
2007-10-22,18.93,19.47,18.93,19.27,26190870
2007-10-23,19.47,19.86,19.37,19.57,14351409
2007-10-24,19.76,19.96,19.37,19.37,20697728
2007-10-25,19.66,19.96,19.57,19.66,12639587
2007-10-26,19.66,21.04,19.62,20.94,48188052
2007-10-29,21.34,21.39,20.75,20.99,32075599
2007-10-30,21.04,21.39,20.84,21.19,37069415
2007-10-31,21.19,21.39,20.65,20.65,28861968
2007-11-01,20.65,20.65,19.27,19.37,43458939
2007-11-02,18.73,19.32,18.58,18.98,21519730
2007-11-05,18.98,19.32,18.88,19.17,12150652
2007-11-06,19.27,19.57,18.98,19.17,12719983
2007-11-07,19.57,19.86,19.22,19.22,16353092
2007-11-08,18.44,18.68,17.89,17.99,25231594
2007-11-09,17.99,18.19,16.76,17.31,18625494
2007-11-12,16.72,16.81,16.13,16.13,23803618
2007-11-13,16.13,16.62,16.13,16.47,18428607
2007-11-14,17.11,17.55,16.86,17.21,13596676
2007-11-15,17.16,17.4,16.91,16.91,11504206
2007-11-16,16.52,16.76,16.32,16.32,12284644
2007-11-19,16.52,16.76,16.32,16.32,6718763
2007-11-20,15.78,16.42,15.44,16.42,20439040
2007-11-21,16.27,16.62,15.78,15.78,11147623
2007-11-22,15.78,16.81,15.78,16.52,21642785
2007-11-23,16.57,16.62,15.93,15.93,10588136
2007-11-26,16.22,16.32,15.93,16.03,7267858
2007-11-27,15.63,15.73,15.04,15.34,11984939
2007-11-28,15.54,15.83,15.09,15.09,11987126
2007-11-29,15.83,15.83,15.44,15.49,8973117
2007-11-30,15.58,16.03,15.58,16.03,10578838
2007-12-03,16.03,16.13,15.73,15.73,5828944
2007-12-04,15.78,16.17,15.78,15.98,7880395
2007-12-05,16.13,17.01,16.03,17.01,26829659
2007-12-06,17.21,17.21,16.42,16.42,19897602
2007-12-07,16.62,16.72,16.22,16.22,10318510
2007-12-10,15.93,15.98,15.58,15.58,12479890
2007-12-11,15.83,15.93,15.29,15.39,17047118
2007-12-12,15.19,15.68,15.09,15.68,9155784
2007-12-13,15.73,15.73,14.6,14.65,14755574
2007-12-14,14.6,14.75,13.67,13.72,31372822
2007-12-17,13.37,13.62,12.78,12.78,25258939
2007-12-18,11.9,12.98,11.9,12.29,32719310
2007-12-19,12.49,13.13,12.49,13.13,28843374
2007-12-20,13.27,13.47,12.54,12.68,20371771
2007-12-21,12.83,13.52,12.59,13.32,26331426
2007-12-24,13.57,13.77,13.47,13.52,15379596
2007-12-25,13.57,13.62,13.27,13.42,9972864
2007-12-26,13.18,13.37,13.08,13.22,6028565
2007-12-27,14.11,14.11,14.11,14.11,11489987
2007-12-28,14.26,15.04,14.21,14.85,44206562
2007-12-31,14.85,14.85,14.5,14.7,12111821
2008-01-02,14.7,15.19,14.45,14.5,17094699
2008-01-03,14.26,14.36,14.01,14.26,13040471
2008-01-04,14.26,14.75,14.06,14.06,26237358
2008-01-07,13.37,13.57,13.08,13.08,13992090
2008-01-08,13.18,13.42,12.88,12.93,11512957
2008-01-09,12.63,13.42,12.54,13.42,12867648
2008-01-10,13.62,13.86,13.47,13.52,11011989
2008-01-11,13.77,13.86,13.52,13.57,8579890
2008-01-14,13.86,13.91,13.37,13.37,7630458
2008-01-15,13.57,14.16,13.52,13.72,14810265
2008-01-16,13.42,13.57,13.08,13.13,9806604
2008-01-17,13.37,13.62,13.18,13.47,8821623
2008-01-18,13.13,13.86,13.03,13.86,9238367
2008-01-21,13.86,13.96,13.47,13.47,6421792
2008-01-22,12.54,12.78,12.54,12.54,11867900
2008-01-23,12.63,12.78,11.7,11.75,18484939
2008-01-24,12.29,12.29,11.31,11.5,16354185
2008-01-25,12.09,12.29,12.09,12.29,4883340
2008-01-28,12.49,12.68,12.09,12.14,16335044
2008-01-29,12.29,12.63,12.19,12.63,11990408
2008-01-30,12.73,12.83,12.44,12.44,9669331
2008-01-31,12.63,12.73,12.29,12.44,8121034
2008-02-01,12.78,12.83,12.49,12.59,7446697
2008-02-12,12.39,12.49,12.09,12.14,6131931
2008-02-13,12.34,12.44,11.75,11.85,6042785
2008-02-14,12.19,12.63,12.09,12.63,7393647
2008-02-15,12.34,13.03,12.29,12.78,13839503
2008-02-18,12.83,13.13,12.73,12.98,11126840
2008-02-19,13.27,13.37,12.88,13.13,12458561
2008-02-20,13.03,13.22,12.59,12.59,9347202
2008-02-21,12.93,12.98,12.78,12.83,6235296
2008-02-22,12.83,12.93,12.68,12.78,6866428
2008-02-25,12.98,13.13,12.88,13.08,10841901
2008-02-26,13.08,13.47,13.08,13.08,22121876
2008-02-27,13.18,13.86,13.13,13.77,31350399
2008-02-29,13.62,14.06,13.62,13.91,19384055
2008-03-03,13.57,13.62,13.03,13.18,14473369
2008-03-04,13.22,13.47,13.18,13.42,10169204
2008-03-05,13.57,13.57,13.18,13.18,8366596
2008-03-06,13.32,13.77,13.27,13.77,12878039
2008-03-07,13.62,14.01,13.62,13.67,17316743
2008-03-10,13.77,14.16,13.72,13.81,17929827
2008-03-11,13.81,14.06,13.72,13.96,9702145
2008-03-12,14.26,14.4,13.81,13.81,12654901
2008-03-13,12.88,13.27,12.88,12.93,35194615
2008-03-14,12.98,13.22,12.93,12.98,11731173
2008-03-17,12.83,12.83,12.39,12.49,9335170
2008-03-18,12.73,12.73,12.49,12.73,5084602
2008-03-19,12.98,13.08,12.73,12.78,7048548
2008-03-20,12.68,12.78,12.54,12.68,6224358
2008-03-21,12.78,12.98,12.73,12.98,10084434
2008-03-24,13.86,13.86,13.27,13.42,13454480
2008-03-25,13.57,13.62,13.42,13.42,8698569
2008-03-26,13.52,13.62,13.27,13.47,5990281
2008-03-27,13.42,13.47,13.18,13.27,4604964
2008-03-28,13.18,13.47,13.18,13.37,5951451
2008-03-31,13.37,13.57,13.22,13.57,4430500
2008-04-01,13.67,13.77,13.37,13.37,7448885
2008-04-02,13.67,14.31,13.57,14.31,16222928
2008-04-03,14.21,14.4,13.81,13.81,29080732
2008-04-07,13.86,14.21,13.86,14.11,9900126
2008-04-08,14.06,14.11,13.77,13.77,9544636
2008-04-09,13.86,13.91,13.52,13.67,7192932
2008-04-10,13.67,13.96,13.67,13.86,9681909
2008-04-11,13.86,14.26,13.67,13.91,17409718
2008-04-14,13.86,14.06,13.77,13.77,12292301
2008-04-15,13.86,14.21,13.86,13.91,11768910
2008-04-16,14.36,14.85,14.21,14.85,59698822
2008-04-17,15.24,15.68,15.24,15.49,50122465
2008-04-18,15.73,15.73,15.04,15.34,20174884
2008-04-21,15.63,16.03,15.44,15.68,29275431
2008-04-22,15.73,15.73,15.29,15.29,14344299
2008-04-23,15.63,15.98,15.49,15.58,34367143
2008-04-24,15.83,16.22,15.49,16.03,28370845
2008-04-25,16.32,16.76,16.32,16.52,40446571
2008-04-28,16.72,16.96,16.42,16.42,26677071
2008-04-29,16.47,16.62,15.93,15.93,15263651
2008-04-30,16.03,16.13,15.54,15.63,11795708
2008-05-02,15.98,16.42,15.83,16.32,13677618
2008-05-05,16.37,16.42,15.83,15.88,9116407
2008-05-06,15.98,16.17,15.78,16.03,8560748
2008-05-07,16.17,16.62,16.08,16.22,18249221
2008-05-08,16.03,16.08,15.68,15.83,11740471
2008-05-09,15.93,15.93,15.54,15.54,9141565
2008-05-12,15.54,15.98,15.34,15.93,8119394
2008-05-13,15.93,16.08,15.78,15.83,6783845
2008-05-14,15.93,16.32,15.88,16.08,14135380
2008-05-15,16.22,16.37,16.13,16.22,9785822
2008-05-16,16.37,16.67,16.27,16.62,16242069
2008-05-19,16.62,16.81,16.37,16.37,12822254
2008-05-20,16.52,16.91,16.47,16.62,34811779
2008-05-21,16.81,17.16,16.76,16.76,29559823
2008-05-22,16.76,16.76,16.27,16.37,13756920
2008-05-23,16.62,16.76,15.73,15.73,15275136
2008-05-26,15.63,15.93,15.24,15.24,17434328
2008-05-27,15.44,15.54,15.19,15.49,7726167
2008-05-28,15.54,15.63,14.9,14.95,10441565
2008-05-29,15.24,15.24,14.85,14.85,7729448
2008-05-30,15.04,15.09,14.26,14.26,12344804
2008-06-02,14.45,15.19,14.36,15.19,7177071
2008-06-03,14.99,15.09,14.7,14.85,4771771
2008-06-04,14.85,15.09,14.85,14.95,3647328
2008-06-05,14.99,15.39,14.85,15.19,6550862
2008-06-06,15.34,15.88,15.24,15.78,16557088
2008-06-09,15.24,15.63,15.14,15.24,9464240
2008-06-10,15.34,15.39,14.6,14.6,10782835
2008-06-11,14.75,14.8,14.06,14.26,10171939
2008-06-12,14.11,14.16,13.42,13.62,14111863
2008-06-13,13.81,13.96,13.67,13.91,6710559
2008-06-16,14.26,14.45,13.86,13.96,8084392
2008-06-17,13.77,13.96,13.52,13.72,8524652
2008-06-18,13.67,14.11,13.62,13.96,5223517
2008-06-19,13.72,14.26,13.62,13.91,12818426
2008-06-20,14.11,14.11,13.57,13.62,6801893
2008-06-23,13.27,13.62,13.22,13.57,4761379
2008-06-24,13.57,13.81,12.98,13.08,7619520
2008-06-25,13.13,13.47,13.08,13.47,5732141
2008-06-26,13.67,14.01,13.57,13.86,7381068
2008-06-27,12.98,13.52,12.98,13.18,10157172
2008-06-30,13.37,13.57,13.03,13.08,6597896
2008-07-01,13.37,13.52,13.08,13.13,7090660
2008-07-02,13.32,13.77,13.27,13.67,11002145
2008-07-03,13.57,14.36,13.32,14.31,11849852
2008-07-04,14.4,14.45,13.57,13.57,11594993
2008-07-07,13.62,13.96,13.52,13.86,5630416
2008-07-08,13.86,14.06,12.93,13.08,10544930
2008-07-09,13.47,13.67,13.13,13.13,6986201
2008-07-10,13.18,13.52,13.13,13.37,5227345
2008-07-11,13.47,13.72,13.37,13.67,5661043
2008-07-14,13.52,13.86,13.47,13.57,4719267
2008-07-15,13.27,13.37,12.68,12.98,7302860
2008-07-16,13.18,13.22,12.09,12.09,19278502
2008-07-17,12.39,12.59,12.14,12.54,12780143
2008-07-18,12.73,12.88,12.04,12.78,12251830
2008-07-21,12.83,13.03,12.68,12.98,8909129
2008-07-22,12.98,13.42,12.88,13.08,10188346
2008-07-23,13.47,13.67,13.37,13.57,9542448
2008-07-24,13.62,13.77,13.32,13.42,8069078
2008-07-25,12.98,13.22,12.88,13.08,6795877
2008-07-28,12.95,12.95,12.95,12.95,0
2008-07-29,12.78,13.08,12.68,13.08,5799957
2008-07-30,13.47,13.57,13.18,13.18,7427555
2008-07-31,13.57,13.96,13.37,13.52,19293268
2008-08-01,13.37,13.67,13.32,13.47,9328060
2008-08-04,13.37,13.57,13.13,13.18,5851367
2008-08-05,13.27,13.32,12.68,12.68,9369625
2008-08-06,12.98,13.22,12.93,13.13,9607530
2008-08-07,13.09,13.14,12.75,12.75,6054379
2008-08-08,12.93,13.52,12.93,13.37,9931846
2008-08-11,13.62,13.96,13.62,13.72,14112410
2008-08-12,13.77,13.86,13.67,13.72,6597896
2008-08-13,13.67,13.91,13.57,13.86,9359234
2008-08-14,13.81,14.01,13.62,13.77,8733571
2008-08-15,13.91,14.16,13.62,13.62,10286790
2008-08-18,13.62,13.77,13.27,13.27,5655574
2008-08-19,13.08,13.77,13.08,13.72,6936432
2008-08-20,13.62,13.77,13.52,13.57,4268068
2008-08-21,13.47,13.57,13.18,13.18,6511485
2008-08-22,13.37,13.42,12.98,13.08,5220782
2008-08-25,13.32,13.32,12.98,13.03,12863273
2008-08-26,13.22,13.33,13.11,13.28,7652416
2008-08-27,13.33,13.54,13.17,13.49,8461952
2008-08-28,13.65,13.76,13.44,13.44,9324554
2008-08-29,13.6,13.71,13.54,13.6,4388280
2008-09-01,13.87,13.97,13.44,13.44,8816631
2008-09-02,13.65,13.65,13.17,13.17,8334700
2008-09-03,13.22,13.38,12.31,12.63,9559022
2008-09-04,12.58,12.79,11.77,11.77,12808537
2008-09-05,10.96,11.23,10.96,10.96,17014333
2008-09-08,11.29,11.72,11.23,11.72,11012396
2008-09-09,11.82,11.99,11.56,11.66,12610349
2008-09-10,11.72,12.09,11.72,12.04,8324412
2008-09-11,11.93,11.93,11.29,11.29,7040526
2008-09-12,11.82,11.99,11.02,11.93,8604365
2008-09-15,11.72,11.72,11.13,11.13,13198414
2008-09-16,10.35,10.48,10.35,10.35,9914243
2008-09-17,10.64,10.91,9.63,9.63,17633804
2008-09-18,8.97,8.99,8.97,8.97,10238057
2008-09-19,9.41,9.59,9.2,9.59,31823697
2008-09-22,9.94,10.2,9.67,10.0,15882066
2008-09-23,9.67,10.37,9.62,10.32,15488399
2008-09-24,10.21,10.91,10.08,10.74,21709100
2008-09-25,10.64,11.18,10.45,10.91,25639817
2008-09-26,10.91,10.91,10.15,10.15,14355590
2008-09-29,10.15,10.15,10.15,10.15,0
2008-09-30,9.44,9.86,9.44,9.8,12262709
2008-10-01,10.32,10.48,10.21,10.48,11697388
2008-10-02,10.37,11.18,10.32,10.75,15771059
2008-10-03,10.64,11.39,10.64,11.18,14657744
2008-10-06,11.07,11.34,10.96,10.96,14092423
2008-10-07,10.96,11.39,10.75,11.34,16365622
2008-10-08,11.07,11.13,10.56,10.56,15242560
2008-10-09,10.91,10.96,10.53,10.56,10944709
2008-10-13,10.19,10.56,10.19,10.39,9986803
2008-10-14,11.07,11.07,10.96,11.07,9631582
2008-10-15,11.02,11.61,10.96,11.56,18558137
2008-10-16,11.18,11.18,11.18,11.18,1723039
2008-10-17,11.13,11.13,10.8,10.8,10374514
2008-10-20,10.53,11.07,10.43,10.96,8074241
2008-10-21,11.07,11.29,10.64,10.71,13050044
2008-10-22,10.37,10.86,10.34,10.34,9499457
2008-10-23,9.99,10.0,9.99,9.99,2615965
2008-10-24,9.64,9.73,9.64,9.64,4506868
2008-10-27,8.98,9.26,8.98,8.98,6840714
2008-10-28,8.35,9.35,8.35,9.2,12668831
2008-10-29,9.78,9.78,8.66,8.67,10748146
2008-10-30,8.71,9.28,8.71,9.28,8083988
2008-10-31,9.67,9.92,9.46,9.89,19416949
2008-11-03,9.89,10.32,9.46,10.16,14645290
2008-11-04,10.1,10.1,9.72,9.79,12238342
2008-11-05,9.92,10.19,9.8,9.8,11630784
2008-11-06,9.13,9.57,9.13,9.19,8931970
2008-11-07,8.6,9.59,8.6,9.46,8994783
2008-11-10,9.46,9.67,9.34,9.5,6195792
2008-11-11,9.41,9.73,9.24,9.57,6890531
2008-11-12,9.67,9.84,9.46,9.62,6212579
2008-11-13,9.03,9.35,8.97,9.19,7866848
2008-11-14,9.57,9.57,9.01,9.03,5710612
2008-11-17,8.81,9.16,8.49,8.62,6744869
2008-11-18,8.77,8.87,8.38,8.49,8117019
2008-11-19,8.65,8.71,8.4,8.6,6608954026
2008-11-20,8.16,8.43,8.0,8.01,8611404824
2008-11-21,7.71,8.28,7.65,8.26,7776418580
2008-11-24,8.26,8.36,8.06,8.06,4835555
2008-11-25,8.36,8.55,8.26,8.31,6742703
2008-11-26,8.31,8.49,8.15,8.15,6031719
2008-11-27,8.36,8.72,8.36,8.72,9946733
2008-11-28,9.14,9.28,9.02,9.21,13260686
2008-12-01,9.14,9.61,9.14,9.41,11169971
2008-12-02,8.76,8.92,8.75,8.75,9832477
2008-12-03,8.81,8.92,8.7,8.71,8262140
2008-12-04,8.92,8.97,8.76,8.76,7476971503
2008-12-05,8.81,8.92,8.66,8.73,7275535
2008-12-08,8.92,9.33,8.88,9.33,11918318
2008-12-09,9.46,9.75,9.44,9.45,18653441
2008-12-10,9.57,9.94,9.57,9.84,17212521
2008-12-11,9.89,9.94,9.57,9.69,12229137
2008-12-12,9.59,9.86,9.01,9.14,11035680
2008-12-15,9.67,9.71,9.46,9.6,7809449
2008-12-16,9.49,9.71,9.46,9.67,8828544
2008-12-17,9.89,10.1,9.78,9.84,15941631
2008-12-18,10.0,10.1,9.72,10.08,12836695
2008-12-19,9.89,9.89,9.89,9.89,16857300105
2008-12-22,9.94,10.08,9.3,9.33,11184050
2008-12-23,9.31,9.33,8.78,8.81,8648768
2008-12-24,8.62,9.05,8.62,9.01,5902302
2008-12-25,9.14,9.18,9.01,9.08,3858697
2008-12-26,8.98,9.21,8.98,9.08,4921112
2008-12-29,9.02,9.06,8.89,8.91,2827148
2008-12-30,8.97,9.34,8.97,9.33,7767213
2008-12-31,9.51,9.55,9.24,9.3,5714403
2009-01-02,9.3,9.3,9.3,9.3,0
2009-01-05,9.62,9.73,9.4,9.43,9689522
2009-01-06,9.62,9.74,9.44,9.63,13637025
2009-01-07,9.84,9.86,9.62,9.62,8194453
2009-01-08,9.46,9.53,9.03,9.07,9111746
2009-01-09,9.51,9.71,9.15,9.71,10290041
2009-01-12,9.8,9.93,9.48,9.57,9937527
2009-01-13,9.57,9.76,9.46,9.64,6780066
2009-01-14,9.73,10.0,9.69,9.81,14918204
2009-01-15,9.35,9.51,9.34,9.34,9865508
2009-01-16,9.41,9.67,9.41,9.67,9439893
2009-01-19,9.84,9.84,9.67,9.67,7012909
2009-01-20,9.57,9.59,9.44,9.46,8531263
2009-01-21,9.0,9.44,8.94,9.33,6630072
2009-02-02,9.38,9.63,9.33,9.48,9379787
2009-02-03,9.46,10.0,9.38,9.73,13882864
2009-02-04,10.0,10.05,9.83,10.01,17853652
2009-02-05,10.01,10.37,10.0,10.1,31854562
2009-02-06,10.37,10.64,10.27,10.27,18898738
2009-02-09,10.51,10.52,10.0,10.0,12287077
2009-02-10,10.16,10.7,10.03,10.7,15989282
2009-02-11,10.75,11.39,10.75,11.18,54136024
2009-02-12,11.18,11.39,10.7,10.73,29392923
2009-02-13,10.96,11.13,10.91,10.96,15053036
2009-02-16,11.13,11.23,10.75,10.86,11349748
2009-02-17,10.86,10.96,10.53,10.75,13367902
2009-02-18,10.75,10.8,10.59,10.71,9635373
2009-02-19,10.53,11.45,10.5,11.45,46703997
2009-02-20,11.5,11.82,11.39,11.45,38024363
2009-02-23,11.5,12.04,11.39,12.04,30154266
2009-02-24,11.82,11.82,11.5,11.5,18545683
2009-02-25,11.82,11.93,11.56,11.56,18294970
2009-02-26,11.82,12.36,11.77,12.2,28474005
2009-02-27,12.25,12.36,11.99,12.2,22419543
2009-03-02,12.15,12.74,12.04,12.47,37265728
2009-03-03,12.74,12.9,12.36,12.68,38183563
2009-03-04,12.58,13.06,12.47,12.74,25678263
2009-03-05,12.9,13.11,12.47,12.68,30883119
2009-03-06,12.47,13.22,12.47,13.17,33716224
2009-03-09,13.17,13.33,12.95,13.28,21964686
2009-03-10,13.54,14.19,13.54,14.03,56535391
2009-03-11,14.08,14.3,13.81,13.97,37485034
2009-03-12,14.19,14.3,13.81,13.87,17027871
2009-03-13,14.14,14.3,14.03,14.14,22387594
2009-03-16,14.14,14.51,13.49,13.54,49806225
2009-03-17,13.33,13.38,13.01,13.22,42666605
2009-03-18,13.22,13.49,13.11,13.11,23098578
2009-03-19,13.11,13.33,12.9,12.9,29616561
2009-03-20,12.95,13.28,12.95,13.17,21948441
2009-03-23,13.22,13.44,13.17,13.44,18478537
2009-03-24,13.76,13.97,13.44,13.44,30564178
2009-03-25,13.44,13.76,13.33,13.71,21834727
2009-03-26,13.81,14.35,13.81,14.08,42505781
2009-03-27,14.35,14.4,13.65,13.65,40340340
2009-03-30,13.54,14.51,13.22,13.97,55431823
2009-03-31,14.4,14.46,13.65,13.81,38750509
2009-04-02,14.94,15.0,14.46,14.62,38765671
2009-04-03,14.67,14.83,14.4,14.4,27862115
2009-04-06,14.62,14.73,14.3,14.4,17544999
2009-04-07,14.4,14.78,14.24,14.78,16626081
2009-04-08,14.62,14.67,14.19,14.19,21716681
2009-04-09,14.51,15.05,14.35,14.78,46295709
2009-04-10,14.89,14.94,14.51,14.57,24245466
2009-04-13,14.67,15.16,14.57,15.16,38588602
2009-04-14,15.26,15.69,15.21,15.21,49785648
2009-04-15,15.21,15.53,15.05,15.21,32302921
2009-04-16,15.48,15.53,15.1,15.16,22300414
2009-04-17,15.37,15.53,14.14,14.4,37025845
2009-04-20,14.4,14.73,14.14,14.62,16052096
2009-04-21,14.4,15.0,14.35,15.0,15119640
2009-04-22,15.16,15.48,14.89,15.1,20274137
2009-04-23,15.16,15.21,14.78,14.89,13243899
2009-04-24,15.05,15.43,14.89,15.16,28886083
2009-04-27,15.32,15.37,14.35,14.51,23248031
2009-04-28,14.51,14.73,13.54,13.6,26453143
2009-04-29,13.76,13.92,13.44,13.92,20619070
2009-04-30,14.89,14.89,14.4,14.89,27039583
2009-05-04,15.43,15.91,15.16,15.43,49845754
2009-05-05,15.37,15.48,14.51,14.62,27931427
2009-05-06,14.73,15.26,14.62,15.16,28226542
2009-05-07,15.16,15.43,14.83,14.94,31002248
2009-05-08,14.94,15.59,14.83,15.48,34296166
2009-05-11,15.59,16.55,15.26,16.34,89536842
2009-05-12,16.12,16.18,15.37,15.48,40406403
2009-05-13,15.53,16.12,15.53,16.12,27711579
2009-05-14,15.8,16.29,15.69,15.69,31851855
2009-05-15,16.12,16.55,15.96,16.34,43133916
2009-05-18,16.18,16.5,16.02,16.12,33187183
2009-05-19,16.55,16.55,15.86,15.96,26821360
2009-05-20,16.12,16.39,15.91,16.12,25281888
2009-05-21,16.18,16.82,16.07,16.5,33965854
2009-05-22,16.34,16.66,16.23,16.23,22046452
2009-05-25,16.29,16.39,15.64,15.69,24446361
2009-05-26,15.75,16.02,15.37,15.48,15659511
2009-05-27,15.86,16.07,15.8,16.07,16869213
2009-06-01,16.18,16.23,15.75,15.8,13048961
2009-06-02,16.02,16.45,15.8,16.02,23662817
2009-06-03,16.07,16.12,15.86,15.86,9642412
2009-06-04,16.02,16.45,15.96,16.12,18846213
2009-06-05,16.34,16.45,16.12,16.12,10947416
2009-06-08,16.23,16.34,15.91,15.91,11197046
2009-06-09,15.91,16.02,15.16,15.37,13288302
2009-06-10,15.59,15.75,15.48,15.53,7975147
2009-06-11,15.59,15.86,15.48,15.8,7795370
2009-06-12,15.8,15.86,15.43,15.43,5915298
2009-06-15,15.26,15.43,14.73,15.37,10338775
2009-06-16,15.26,15.75,15.21,15.59,8639562
2009-06-17,15.8,15.8,15.26,15.26,5306115
2009-06-18,15.37,15.48,14.83,14.94,6161137
2009-06-19,15.21,15.21,14.83,14.94,4627080
2009-06-22,15.05,15.26,14.89,15.16,5481560
2009-06-23,14.89,15.0,14.83,15.0,4520405
2009-06-24,15.05,15.59,14.89,15.21,9247120
2009-06-25,15.48,15.91,15.43,15.86,11725546
2009-06-26,15.96,16.18,15.86,16.02,14120039
2009-06-29,16.34,16.34,15.69,15.69,9657574
2009-06-30,16.07,16.18,15.8,16.02,5632637
2009-07-01,16.12,16.34,16.02,16.12,11229536
2009-07-02,16.34,17.25,16.23,17.25,45924243
2009-07-03,17.41,17.47,17.04,17.31,21943568
2009-07-06,17.36,17.41,16.98,16.98,10363684
2009-07-07,16.98,17.52,16.98,17.41,21771372
2009-07-08,17.31,17.47,17.04,17.04,10926840
2009-07-09,17.15,17.74,17.04,17.04,22369725
2009-07-10,17.2,17.36,16.88,16.98,10362601
2009-07-13,17.15,17.25,16.45,16.45,14014989
2009-07-14,16.55,16.88,16.39,16.82,13117189
2009-07-15,16.93,17.31,16.77,17.04,17974405
2009-07-16,17.31,17.68,17.31,17.31,30956763
2009-07-17,17.52,17.58,17.25,17.36,12686700
2009-07-20,17.74,18.27,17.74,17.95,29508262
2009-07-21,18.27,18.65,17.95,18.33,27510684
2009-07-22,18.49,19.56,18.49,19.56,23637366
2009-07-23,19.89,19.99,19.08,19.13,31421907
2009-07-24,19.56,19.78,19.03,19.03,15790553
2009-07-27,19.3,20.32,19.24,20.32,33275447
2009-07-28,20.64,21.12,20.32,20.42,34526843
2009-07-29,20.53,20.91,19.56,19.73,33861887
2009-07-30,19.19,19.35,18.38,18.92,46636851
2009-07-31,19.13,19.46,18.38,18.44,41584697
2009-08-03,18.27,18.33,17.95,18.06,23034682
2009-08-04,18.27,18.38,17.58,17.68,23979591
2009-08-05,17.74,17.9,16.98,17.09,19472182
2009-08-06,17.2,17.79,17.15,17.74,15990907
2009-08-07,17.74,17.74,17.74,17.74,0
2009-08-10,17.74,17.74,17.31,17.31,15453201
2009-08-11,17.31,17.52,17.15,17.41,23716966
2009-08-12,17.2,17.41,17.09,17.15,15389305
2009-08-13,17.36,18.01,17.31,17.84,20052665
2009-08-14,18.17,18.17,17.79,17.84,18219161
2009-08-17,17.58,17.68,17.31,17.31,11190006
2009-08-18,17.2,17.47,17.09,17.2,13611033
2009-08-19,17.36,17.47,17.2,17.36,7304234
2009-08-20,17.25,17.31,16.88,16.98,11771573
2009-08-21,17.04,17.2,16.66,16.66,9055972
2009-08-24,16.88,17.15,16.88,16.98,11597753
2009-08-25,16.98,17.15,16.72,16.82,16960725
2009-08-26,17.05,17.46,17.05,17.46,17919819
2009-08-27,17.28,18.28,17.22,17.98,24658891
2009-08-28,18.16,18.57,18.16,18.57,26834415
2009-08-31,18.57,18.69,18.16,18.34,12472935
2009-09-01,18.45,19.57,18.34,19.39,37069848
2009-09-02,19.27,19.92,19.1,19.51,23085972
2009-09-03,19.86,20.04,19.57,19.92,27842750
2009-09-04,20.15,20.62,20.09,20.45,29727649
2009-09-07,20.56,20.56,20.09,20.39,16259920
2009-09-08,20.45,21.03,20.21,21.03,34338073
2009-09-09,21.62,21.62,20.5,20.5,41952668
2009-09-10,21.21,21.21,20.15,20.21,21776074
2009-09-11,20.21,20.86,20.21,20.68,14735439
2009-09-14,20.33,20.5,20.15,20.15,12328664
2009-09-15,20.27,21.03,20.27,21.03,15398461
2009-09-16,21.21,21.32,20.74,20.74,17609922
2009-09-17,21.09,21.27,20.39,20.39,20016697
2009-09-18,20.45,20.86,20.45,20.86,8960951
2009-09-21,20.91,20.97,20.62,20.74,7213552
2009-09-22,20.74,20.91,20.62,20.68,5667716
2009-09-23,20.68,20.91,19.92,20.04,12724498
2009-09-24,20.15,20.21,19.92,20.15,5875008
2009-09-25,20.33,20.8,20.15,20.56,12251060
2009-09-28,20.68,20.68,20.21,20.27,4934903
2009-09-29,20.74,20.97,20.45,20.97,15118773
2009-09-30,20.97,21.21,20.56,20.74,18634924
2009-10-01,20.86,21.15,20.62,20.62,18990654
2009-10-02,20.62,20.74,20.39,20.5,11516163
2009-10-05,20.5,20.62,20.33,20.39,8550533
2009-10-06,20.86,21.32,20.74,21.09,37339119
2009-10-07,21.32,21.44,20.86,21.15,19088570
2009-10-08,21.44,21.56,20.56,20.56,20301072
2009-10-09,20.86,21.09,20.56,20.97,11114600
2009-10-12,21.09,21.15,20.86,21.03,6130217
2009-10-13,20.86,21.03,20.68,20.8,8855742
2009-10-14,20.91,21.21,20.8,20.97,18700028
2009-10-15,21.09,21.21,20.74,20.74,14718772
2009-10-16,20.8,20.91,20.39,20.39,16955234
2009-10-19,20.39,20.68,20.33,20.68,7253656
2009-10-20,20.68,20.74,20.45,20.5,9769285
2009-10-21,20.5,20.62,20.15,20.21,15611482
2009-10-22,20.04,20.27,19.92,20.04,12164081
2009-10-23,20.27,20.5,20.21,20.39,12143768
2009-10-26,20.56,20.74,20.5,20.62,12618769
2009-10-27,20.62,20.68,20.15,20.27,9431264
2009-10-28,20.21,20.39,19.92,19.92,8940117
2009-10-29,19.68,19.68,18.86,19.39,13762000
2009-10-30,20.27,20.27,19.68,19.68,14523980
2009-11-02,19.33,19.45,19.22,19.39,7819282
2009-11-03,19.39,19.45,19.16,19.22,6925010
2009-11-04,19.22,19.68,19.22,19.51,14597418
2009-11-05,19.51,19.68,19.39,19.39,9092201
2009-11-06,19.74,19.74,19.45,19.45,8263033
2009-11-09,19.57,19.63,19.33,19.33,6219280
2009-11-10,19.45,19.57,19.22,19.22,11692205
2009-11-11,19.16,19.27,18.98,19.1,10541161
2009-11-12,19.1,19.33,19.04,19.1,11334913
2009-11-13,19.04,19.57,19.04,19.33,18527632
2009-11-16,19.33,19.57,19.22,19.51,12710956
2009-11-17,19.63,19.68,19.22,19.22,12899498
2009-11-18,19.45,19.51,19.27,19.27,10208869
2009-11-19,19.33,19.51,19.27,19.39,7123969
2009-11-20,19.39,19.51,19.16,19.22,5706779
2009-11-23,19.27,19.33,19.1,19.1,4517194
2009-11-24,19.22,19.33,19.1,19.22,3868755
2009-11-25,19.33,19.63,19.16,19.33,12716686
2009-11-26,19.39,19.57,19.04,19.1,14838564
2009-11-27,18.86,18.86,18.16,18.16,23420348
2009-11-30,18.39,18.51,18.16,18.45,10741162
2009-12-01,18.45,18.63,18.28,18.45,11699497
2009-12-02,18.51,18.63,18.28,18.28,11549496
2009-12-03,18.39,18.63,18.28,18.45,9274493
2009-12-04,18.39,18.51,18.34,18.39,6732301
2009-12-07,18.45,18.92,18.45,18.86,13094290
2009-12-08,18.98,18.98,18.69,18.86,8550533
2009-12-09,18.75,18.75,18.63,18.69,7129698
2009-12-10,18.75,18.8,18.28,18.34,10814079
2009-12-11,18.51,19.1,18.45,19.1,15401065
2009-12-14,19.33,19.63,19.22,19.39,16798983
2009-12-15,19.57,19.57,19.16,19.33,7790116
2009-12-16,19.27,19.51,19.04,19.33,9099493
2009-12-17,19.45,19.45,19.1,19.1,6306780
2009-12-18,18.98,19.1,18.8,19.04,5540112
2009-12-21,19.1,19.39,19.04,19.1,7163552
2009-12-22,19.39,19.57,19.27,19.51,13136478
2009-12-23,19.63,19.68,19.51,19.57,11403142
2009-12-24,19.68,20.21,19.63,20.04,29440149
2009-12-25,20.21,20.39,19.86,20.04,14678668
2009-12-28,20.21,20.45,20.04,20.21,16243774
2009-12-29,20.27,21.32,19.98,21.03,49759971
2009-12-30,21.09,21.32,20.8,20.97,28499522
2009-12-31,21.09,21.68,20.8,21.44,43681316
2010-01-04,21.44,21.56,20.91,21.09,20053676
2010-01-05,21.27,21.56,20.74,20.86,19370342
2010-01-06,20.86,21.32,20.74,20.97,24282849
2010-01-07,21.09,21.32,20.68,20.68,17205234
2010-01-08,20.74,20.91,20.39,20.56,17254713
2010-01-11,20.56,20.74,20.33,20.39,12056268
2010-01-12,20.5,21.21,20.45,21.09,22837014
2010-01-13,20.74,21.27,20.74,20.97,23137535
2010-01-14,21.09,21.32,20.97,20.97,10993766
2010-01-15,20.97,21.15,20.86,20.86,11289600
2010-01-18,20.62,21.03,20.56,20.74,14128667
2010-01-19,20.8,21.44,20.8,21.15,36779222
2010-01-20,21.44,21.62,21.15,21.32,35632866
2010-01-21,21.27,21.32,20.8,20.86,15359398
2010-01-22,20.62,20.97,20.56,20.91,18043777
2010-01-25,20.86,21.38,20.74,21.27,17933360
2010-01-26,21.27,21.27,19.86,20.27,23913578
2010-01-27,20.39,20.5,19.63,19.74,15693253
2010-01-28,19.8,20.33,19.8,20.15,12247414
2010-01-29,20.15,21.21,19.8,20.91,29714628
2010-02-01,21.09,21.09,20.45,20.45,12026060
2010-02-02,20.8,20.8,19.98,19.98,10183348
2010-02-03,20.27,20.56,20.09,20.33,6831781
2010-02-04,20.39,20.68,20.33,20.56,7235948
2010-02-05,19.8,20.15,19.22,19.39,14700022
2010-02-08,19.27,19.68,19.22,19.57,5490633
2010-02-09,19.57,20.04,19.45,19.92,7419282
2010-02-10,20.15,20.45,20.09,20.15,8385950
2010-02-22,20.86,20.97,20.33,20.33,9010430
2010-02-23,20.68,20.74,20.39,20.5,7036469
2010-02-24,20.5,20.62,20.09,20.09,7228656
2010-02-25,20.15,20.39,19.92,19.98,7412511
2010-02-26,19.98,20.15,19.68,20.15,6026571
2010-03-01,20.04,20.5,19.98,20.5,8023449
2010-03-02,20.74,20.74,20.33,20.33,8016678
2010-03-03,20.56,20.62,20.27,20.33,4403131
2010-03-04,20.62,20.62,20.09,20.15,6842197
2010-03-05,20.33,20.62,20.33,20.39,7654699
2010-03-08,20.62,20.8,20.5,20.56,8583346
2010-03-09,20.62,21.09,20.56,20.97,18578153
2010-03-10,21.32,21.32,20.74,20.8,9662514
2010-03-11,21.09,21.27,20.97,21.09,16935963
2010-03-12,21.32,21.32,20.8,20.8,13927625
2010-03-15,20.97,21.56,20.91,21.09,21430241
2010-03-16,21.56,21.68,21.32,21.32,19876072
2010-03-17,21.56,22.03,21.44,22.03,36843806
2010-03-18,22.09,22.38,22.09,22.26,26775561
2010-03-19,22.5,22.85,22.38,22.38,26835457
2010-03-22,22.38,22.61,22.14,22.44,13184395
2010-03-23,22.5,22.85,21.97,22.03,23517223
2010-03-24,22.26,22.67,22.26,22.55,22284929
2010-03-25,22.61,23.78,22.44,23.43,48102156
2010-03-26,23.55,23.96,23.02,23.55,35513075
2010-03-29,23.96,24.84,23.78,24.6,30891713
2010-03-30,24.84,24.96,24.02,24.08,26940666
2010-03-31,24.37,24.84,24.08,24.6,25526601
2010-04-01,24.84,25.66,24.78,25.42,31612548
2010-04-02,25.42,26.01,25.07,25.42,20361489
2010-04-06,25.89,27.07,25.89,26.71,26385456
2010-04-07,26.66,26.66,25.78,26.24,19149508
2010-04-08,26.24,26.36,24.96,25.07,32175569
2010-04-09,25.07,25.6,25.01,25.6,21997950
2010-04-12,25.78,25.83,25.31,25.37,12544289
2010-04-13,25.31,25.6,24.96,25.01,13642208
2010-04-14,25.25,26.24,25.07,26.24,31428693
2010-04-15,26.36,26.54,25.78,26.01,26797957
2010-04-16,25.95,26.07,25.48,25.48,15353148
2010-04-19,25.19,25.37,23.96,24.08,24050036
2010-04-20,24.31,25.72,24.31,25.72,29888587
2010-04-21,25.89,26.3,25.6,25.66,30468796
2010-04-22,25.54,25.89,25.37,25.6,13113040
2010-04-23,25.83,26.24,25.78,25.89,14278146
2010-04-26,26.3,26.6,26.13,26.54,25800039
2010-04-27,26.54,26.6,25.89,26.13,11197412
2010-04-28,24.66,26.36,24.66,26.36,16721900
2010-04-29,26.66,26.71,26.01,26.07,24584933
2010-04-30,26.07,26.6,24.6,24.6,19161487
2010-05-03,25.42,25.78,25.19,25.6,15593252
2010-05-04,25.89,26.36,25.78,25.83,19856801
2010-05-05,25.31,25.54,24.96,25.07,17767214
2010-05-06,25.07,25.31,24.49,24.6,16316691
2010-05-07,23.43,24.49,23.26,24.43,23740661
2010-05-10,24.6,25.13,24.49,25.07,12896894
2010-05-11,25.19,25.48,24.6,24.6,13113040
2010-05-12,24.96,25.07,24.6,24.66,7976053
2010-05-13,25.25,25.89,25.01,25.78,22755763
2010-05-14,25.66,26.48,25.48,26.48,19240654
2010-05-17,26.24,26.24,25.66,25.78,15463565
2010-05-18,26.13,26.36,25.66,25.72,10509391
2010-05-19,25.19,25.48,24.25,24.84,26541707
2010-05-20,24.96,25.31,24.66,24.66,12603665
2010-05-21,23.67,24.66,23.55,24.66,17565130
2010-05-24,25.13,25.13,24.49,24.49,9144805
2010-05-25,24.25,24.43,22.91,23.2,28739627
2010-05-26,23.43,23.73,23.26,23.49,13476062
2010-05-27,23.49,24.25,23.43,24.14,9563556
2010-05-28,24.6,24.84,24.25,24.25,13416687
2010-05-31,24.37,24.78,24.25,24.78,5520841
2010-06-01,24.78,24.84,24.08,24.14,10550016
2010-06-02,24.14,24.6,23.84,24.25,7991158
2010-06-03,24.84,24.9,24.49,24.49,10093765
2010-06-04,24.6,24.72,24.37,24.37,5222403
2010-06-07,23.49,23.84,23.49,23.73,9745327
2010-06-08,23.84,24.14,23.67,23.84,8906263
2010-06-09,23.84,23.96,23.43,23.67,11527100
2010-06-10,24.14,24.72,23.73,24.55,12493248
2010-06-11,24.84,25.25,24.78,24.9,16260962
2010-06-14,25.19,25.25,24.9,24.96,6593760
2010-06-15,24.96,25.19,24.72,24.78,8396366
2010-06-17,25.13,25.95,24.96,25.6,20572427
2010-06-18,25.78,25.89,25.42,25.72,12072414
2010-06-21,26.13,26.36,25.89,26.13,16179191
2010-06-22,26.13,26.24,25.95,26.19,7105219
2010-06-23,26.01,26.36,25.78,26.36,10154182
2010-06-24,26.36,26.66,26.13,26.24,10884391
2010-06-25,25.89,26.3,25.78,25.89,9207826
2010-06-28,26.13,26.13,25.54,26.07,6753656
2010-06-29,25.89,26.19,25.42,25.42,10510432
2010-06-30,24.49,25.19,24.49,25.01,8564596
2010-07-01,25.01,25.01,24.49,24.6,2635420
2010-07-02,24.31,24.78,24.31,24.37,6507822
2010-07-05,24.43,25.31,24.43,25.13,7351052
2010-07-06,25.07,25.6,24.9,25.48,7292719
2010-07-07,25.66,25.72,25.13,25.42,5102091
2010-07-08,25.95,25.95,25.54,25.54,7935949
2010-07-09,25.89,26.01,25.66,25.72,6895323
2010-07-12,25.78,25.89,25.42,25.42,5727612
2010-07-13,25.78,25.83,25.37,25.54,5041674
2010-07-14,25.78,25.89,25.6,25.72,9555222
2010-07-15,25.78,25.95,25.6,25.6,8710429
2010-07-16,25.78,26.13,25.66,25.66,12097935
2010-07-19,25.37,25.42,24.66,25.01,12897936
2010-07-20,25.13,25.37,24.9,25.13,14261480
2010-07-21,25.19,25.25,24.66,24.9,18264611
2010-07-22,24.72,24.84,24.02,24.19,29708378
2010-07-23,24.37,24.72,24.25,24.25,13904187
2010-07-26,24.37,24.55,24.31,24.37,6451051
2010-07-27,24.43,24.84,24.43,24.6,19404196
2010-07-28,25.19,25.66,24.96,25.42,36658389
2010-07-29,25.42,25.42,24.72,24.9,14611480
2010-07-30,24.9,25.01,24.84,25.01,6251051
2010-08-02,25.42,25.42,24.9,25.01,11059912
2010-08-03,25.13,25.37,24.78,24.9,16507316
2010-08-04,24.9,24.9,24.55,24.66,19606279
2010-08-05,24.66,24.9,23.9,24.25,36095888
2010-08-06,24.14,24.19,23.78,23.84,21472949
2010-08-09,23.84,24.19,23.84,24.14,9368243
2010-08-10,24.19,24.25,23.49,23.55,18951070
2010-08-11,23.43,24.02,23.43,24.02,14625022
2010-08-12,24.02,24.43,23.84,24.08,27678688
2010-08-13,24.31,24.5,24.0,24.06,23120868
2010-08-16,24.12,24.19,23.87,23.87,9085430
2010-08-17,24.0,24.19,23.74,23.74,13469291
2010-08-18,23.74,23.93,23.36,23.49,16759921
2010-08-19,23.55,23.93,23.55,23.87,10054182
2010-08-20,23.81,23.87,23.62,23.68,4381256
2010-08-23,23.62,23.93,23.55,23.62,6513551
2010-08-24,23.62,23.68,22.86,22.86,13556270
2010-08-25,22.61,22.61,21.72,21.72,15934399
2010-08-26,21.72,23.17,21.72,22.73,20261489
2010-08-27,22.67,22.92,22.35,22.73,9896369
2010-08-30,22.8,23.05,22.1,22.1,7939074
2010-08-31,21.85,21.97,21.41,21.53,13693250
2010-09-01,21.6,22.1,21.6,21.91,6146884
2010-09-02,22.29,22.42,22.1,22.1,5205737
2010-09-03,22.29,22.8,22.16,22.73,7252615
2010-09-06,22.99,22.99,22.48,22.73,6486989
2010-09-07,22.61,22.61,22.16,22.16,6659385
2010-09-08,22.67,23.17,22.48,22.92,19376592
2010-09-09,23.24,23.24,22.73,22.92,7532303
2010-09-10,23.17,23.43,22.99,23.24,14360438
2010-09-13,23.49,23.49,22.99,23.3,8027095
2010-09-14,23.49,23.49,23.05,23.17,7275011
2010-09-15,23.17,23.49,23.11,23.43,8139074
2010-09-16,23.43,23.68,23.11,23.55,8942201
2010-09-17,23.74,24.0,23.55,23.62,12269810
2010-09-20,23.62,23.74,23.55,23.55,4255214
2010-09-21,23.87,24.12,23.74,24.0,13563562
2010-09-23,24.25,24.5,24.19,24.31,21803679
2010-09-24,24.37,24.63,24.12,24.5,12371373
2010-09-27,24.75,25.38,24.69,25.26,25854726
2010-09-28,25.26,25.64,25.13,25.26,18060444
2010-09-29,25.32,25.51,25.01,25.07,15238564
2010-09-30,25.2,25.26,24.5,24.56,23808369
2010-10-01,24.12,24.56,24.12,24.31,12109914
2010-10-04,24.31,24.5,24.0,24.06,8201054
2010-10-05,23.93,24.0,23.81,24.0,3655734
2010-10-06,24.25,24.37,24.12,24.37,4551569
2010-10-07,24.37,24.56,24.12,24.44,5565112
2010-10-08,24.63,25.07,24.37,25.07,12923457
2010-10-11,25.2,25.2,24.75,24.88,11215642
2010-10-12,25.01,25.26,24.82,24.94,10064077
2010-10-13,24.94,25.07,24.63,24.63,6807302
2010-10-14,25.01,25.01,24.63,24.63,4188548
2010-10-15,24.63,24.75,24.19,24.19,5267716
2010-10-18,24.25,24.31,22.99,23.24,11744288
2010-10-19,23.24,23.62,22.99,23.55,5387508
2010-10-20,23.36,23.74,23.17,23.55,4514590
2010-10-21,23.74,23.74,23.36,23.36,2779691
2010-10-22,23.68,24.06,23.43,23.87,6118759
2010-10-25,23.93,24.37,23.87,24.37,6164071
2010-10-26,24.5,24.5,24.25,24.31,4184902
2010-10-27,24.44,24.56,24.19,24.25,3260942
2010-10-28,24.37,24.5,24.25,24.25,14995335
2010-10-29,24.25,24.31,23.62,23.81,10488557
2010-11-01,23.62,24.0,23.62,23.68,6554697
2010-11-02,23.87,23.87,23.49,23.49,4447402
2010-11-03,23.87,23.87,23.11,23.17,11091162
2010-11-04,23.17,23.49,23.05,23.17,11896893
2010-11-05,23.55,23.55,23.11,23.36,7164594
2010-11-08,23.36,23.81,22.99,22.99,7707303
2010-11-09,22.61,22.67,22.35,22.48,11302621
2010-11-10,22.35,22.35,22.04,22.23,15622940
2010-11-11,22.23,22.86,22.23,22.61,9993244
2010-11-12,22.67,22.8,22.42,22.8,6546364
2010-11-15,22.73,22.73,22.54,22.61,2743754
2010-11-16,22.48,22.67,22.29,22.61,6294280
2010-11-17,22.35,22.61,22.29,22.54,3877610
2010-11-18,22.48,22.92,22.48,22.8,3916151
2010-11-19,22.92,23.05,22.73,22.73,5894279
2010-11-22,22.99,22.99,22.73,22.73,2165107
2010-11-23,22.99,23.24,22.86,22.92,7894803
2010-11-24,22.8,23.3,22.8,23.05,10113557
2010-11-25,23.11,23.3,23.11,23.11,5294278
2010-11-26,23.3,23.3,22.8,22.86,6495843
2010-11-29,23.24,23.24,22.86,23.11,3717714
2010-11-30,23.24,23.36,23.11,23.11,7333865
2010-12-01,23.11,23.62,23.11,23.62,8622929
2010-12-02,23.87,24.12,23.74,23.81,10197932
2010-12-03,24.12,24.44,23.81,24.0,13965125
2010-12-06,24.25,24.25,23.68,23.74,7221886
2010-12-07,23.87,24.0,23.74,24.0,5969800
2010-12-08,23.87,23.93,23.49,23.55,9783869
2010-12-09,23.55,24.12,23.43,23.87,17373464
2010-12-10,23.87,24.5,23.81,24.19,19944822
2010-12-13,24.37,24.44,24.25,24.25,5032820
2010-12-14,24.31,24.37,23.81,24.0,9591681
2010-12-15,24.25,25.13,24.25,25.01,31374527
2010-12-16,25.26,25.7,25.13,25.26,25316705
2010-12-17,25.51,26.08,25.51,25.51,32975571
2010-12-20,25.76,25.76,25.2,25.32,10216682
2010-12-21,25.38,25.89,25.32,25.83,16888046
2010-12-22,26.02,26.14,25.57,25.89,19142216
2010-12-23,25.89,26.08,25.64,25.7,16364608
2010-12-24,25.7,25.7,25.07,25.13,14968252
2010-12-27,25.13,25.76,25.13,25.45,11968768
2010-12-28,25.51,25.57,25.13,25.2,6510426
2010-12-29,25.2,25.32,24.82,24.88,11576580
2010-12-30,25.01,25.57,25.01,25.51,15009397
2010-12-31,25.76,25.83,25.38,25.76,14015646
2011-01-03,25.95,26.02,25.51,25.64,12939082
2011-01-04,25.76,26.02,25.57,25.83,19322946
2011-01-05,25.95,25.95,25.57,25.57,18919820
2011-01-06,25.83,27.34,25.76,27.34,53387581
2011-01-07,27.72,28.23,27.28,27.34,61740719
2011-01-10,27.34,28.16,26.84,27.91,32960467
2011-01-11,28.1,28.67,27.66,27.66,37830266
2011-01-12,27.91,28.29,27.66,27.91,21062011
2011-01-13,28.16,28.29,27.59,27.66,15028147
2011-01-14,27.66,28.23,27.66,27.97,16414087
2011-01-17,28.1,28.35,27.85,27.85,18591695
2011-01-18,27.78,28.1,27.72,27.72,16273462
2011-01-19,27.78,28.04,27.72,27.91,12684394
2011-01-20,27.78,28.98,27.41,28.98,46703717
2011-01-21,28.92,29.99,28.61,29.11,64496452
2011-01-24,29.24,29.74,28.92,28.98,20505760
2011-01-25,29.11,29.49,28.61,29.17,26617228
2011-01-26,28.92,29.49,28.54,28.54,44173504
2011-01-27,28.67,29.05,28.48,28.86,16293254
2011-01-28,28.79,28.98,28.29,28.48,15452106
2011-02-08,28.79,28.98,28.61,28.86,19708363
2011-02-09,28.98,28.98,28.42,28.54,13348978
2011-02-10,28.61,28.98,27.78,27.85,19038570
2011-02-11,27.78,27.85,25.95,25.95,32292236
2011-02-14,26.14,27.28,26.08,26.77,29695878
2011-02-15,26.77,27.09,26.14,26.96,14101063
2011-02-16,26.96,27.66,26.65,27.09,11395329
2011-02-17,27.28,27.47,26.71,26.71,11050016
2011-02-18,27.09,27.59,27.03,27.22,13409916
2011-02-21,27.34,27.41,26.96,27.03,6455218
2011-02-22,26.52,26.65,25.95,26.65,11866163
2011-02-23,26.52,26.65,25.64,25.95,16608879
2011-02-24,26.14,26.65,25.7,26.27,14988564
2011-02-25,26.71,27.66,26.71,27.15,30375046
2011-03-01,27.53,28.29,27.41,27.41,21540657
2011-03-02,27.28,27.28,26.52,26.58,14056792
2011-03-03,27.03,27.03,26.33,26.65,12069810
2011-03-04,27.09,27.15,26.71,26.77,14003667
2011-03-07,27.03,27.03,26.58,26.9,10095848
2011-03-08,27.22,27.34,26.52,26.58,16102628
2011-03-09,26.84,26.9,26.52,26.65,11476580
2011-03-10,26.77,26.77,25.89,26.02,12693248
2011-03-11,25.51,25.76,25.38,25.7,12783352
2011-03-14,25.26,25.38,23.93,23.93,35249533
2011-03-15,23.36,23.55,22.29,22.73,58292276
2011-03-16,23.11,23.81,22.67,23.55,40781312
2011-03-17,22.73,23.43,22.73,23.36,22406805
2011-03-18,23.81,24.25,23.36,24.25,25926602
2011-03-21,24.25,24.25,23.81,24.06,18070860
2011-03-22,24.25,24.56,24.06,24.19,33135988
2011-03-23,24.12,24.25,23.93,24.12,14691689
2011-03-24,24.25,24.69,24.25,24.5,16565129
2011-03-25,24.75,24.82,24.5,24.5,13109395
2011-03-28,24.69,24.69,24.31,24.37,9545847
2011-03-29,24.37,24.44,23.87,24.37,14256792
2011-03-30,24.5,24.75,24.25,24.56,12808352
2011-03-31,24.69,24.69,24.31,24.63,8205741
2011-04-01,24.75,24.75,24.44,24.56,4668236
2011-04-06,24.75,24.82,24.56,24.69,11229704
2011-04-07,24.69,24.75,24.37,24.56,8187512
2011-04-08,24.25,24.25,23.74,24.12,24577120
2011-04-11,24.12,24.31,23.81,24.31,11205225
2011-04-12,24.19,24.25,23.93,23.93,6426572
2011-04-13,24.0,24.06,23.93,24.0,6462509
2011-04-14,24.19,24.31,24.0,24.0,6291155
2011-04-15,24.0,24.19,23.87,23.87,6772406
2011-04-18,23.93,24.12,23.62,23.62,10166682
2011-04-19,23.36,23.49,22.8,23.49,17622943
2011-04-20,23.68,23.93,23.55,23.87,10728662
2011-04-21,24.06,24.12,23.87,24.0,12081789
2011-04-22,24.06,24.12,23.93,24.0,4488548
2011-04-25,24.06,24.12,23.87,23.87,3819276
2011-04-26,23.11,23.62,23.11,23.55,12862519
2011-04-27,23.62,23.93,23.55,23.62,8575013
2011-04-28,23.93,23.93,23.68,23.87,5225528
2011-04-29,23.62,23.74,23.05,23.74,22867743
2011-05-03,23.62,23.62,23.05,23.11,13885437
2011-05-04,23.11,23.24,22.99,23.24,6492718
2011-05-05,23.11,23.43,23.05,23.17,5934904
2011-05-06,23.11,23.17,22.99,23.05,8223450
2011-05-09,23.05,23.55,22.99,23.24,16729192
2011-05-10,23.05,23.49,23.05,23.3,9732827
2011-05-11,23.36,23.55,23.24,23.43,11329183
2011-05-12,23.36,23.55,23.24,23.49,13956792
2011-05-13,23.49,23.87,23.43,23.55,19121904
2011-05-16,23.43,23.55,23.11,23.17,12193768
2011-05-17,23.17,23.24,22.86,22.99,8347408
2011-05-18,22.99,23.24,22.92,23.05,8973451
2011-05-19,23.11,23.24,22.99,23.05,8170324
2011-05-20,23.17,23.17,22.86,22.92,5782821
2011-05-23,22.73,22.86,22.48,22.54,8155220
2011-05-24,22.48,22.54,22.1,22.29,14226584
2011-05-25,22.1,22.16,21.97,22.16,9369805
2011-05-26,22.48,22.61,22.29,22.29,6714072
2011-05-27,22.29,22.54,22.29,22.29,3801568
2011-05-30,22.29,22.61,22.29,22.35,3850005
2011-05-31,22.35,22.86,22.35,22.73,9976056
2011-06-01,22.73,22.92,22.61,22.73,7855220
2011-06-02,22.61,22.86,22.54,22.8,5929696
2011-06-03,22.8,22.92,22.67,22.8,4932299
2011-06-07,22.8,22.86,22.61,22.86,5158341
2011-06-08,22.73,22.86,22.67,22.73,4138547
2011-06-09,22.73,22.8,22.67,22.67,3918235
2011-06-10,22.86,22.86,22.48,22.48,6484905
2011-06-13,22.42,22.67,22.16,22.29,6032300
2011-06-14,22.48,22.54,22.35,22.48,3163546
2011-06-15,22.61,22.61,22.16,22.29,8743242
2011-06-16,22.29,22.29,22.1,22.16,4393235
2011-06-17,22.23,22.48,22.1,22.42,7748449
2011-06-20,22.35,22.42,21.85,21.91,5528133
2011-06-21,21.97,22.04,21.79,21.91,5098445
2011-06-22,21.97,22.04,21.79,21.85,6183342
2011-06-23,21.72,21.79,21.34,21.41,12400018
2011-06-24,21.41,21.79,21.41,21.66,5839071
2011-06-27,21.66,22.1,21.47,21.97,6454176
2011-06-28,22.23,22.23,21.85,21.85,5472925
2011-06-29,21.91,22.16,21.91,21.97,3960422
2011-06-30,22.1,22.23,21.97,22.23,5759383
2011-07-01,22.48,22.67,22.23,22.67,8439075
2011-07-04,22.73,22.99,22.67,22.8,7690115
2011-07-05,22.92,22.92,22.67,22.67,5190632
2011-07-06,22.73,23.24,22.73,23.05,11297413
2011-07-07,23.17,23.36,22.99,23.05,10085432
2011-07-08,23.05,23.05,22.61,22.61,10831787
2011-07-11,22.61,22.8,22.48,22.73,6157821
2011-07-12,22.48,22.54,22.1,22.23,8771888
2011-07-13,22.23,22.35,21.97,22.04,5765633
2011-07-14,22.1,22.23,21.72,21.97,5403654
2011-07-15,22.1,22.35,21.97,22.29,5774487
2011-07-18,22.23,22.23,21.91,22.04,4854174
2011-07-19,21.97,22.23,21.97,22.1,3504172
2011-07-20,22.16,22.61,22.16,22.42,10090640
2011-07-21,22.54,22.67,22.42,22.67,5975529
2011-07-22,22.73,22.86,22.67,22.73,8672929
2011-07-25,22.73,22.8,22.48,22.61,6493239
2011-07-26,22.8,23.11,22.73,23.11,19092216
2011-07-27,23.24,23.3,22.99,23.11,30024525
2011-07-28,22.06,22.06,21.51,21.51,39249539
2011-07-29,21.16,21.16,20.04,20.04,40271936
2011-08-01,20.11,20.18,19.35,19.63,20520343
2011-08-02,19.42,19.56,18.79,18.79,14497938
2011-08-03,18.09,18.58,17.68,18.51,17245338
2011-08-04,18.51,18.58,17.54,17.61,19935967
2011-08-05,16.42,16.63,16.42,16.42,14565647
2011-08-08,15.59,15.8,15.31,15.31,16642212
2011-08-09,14.27,14.27,14.27,14.27,14097417
2011-08-10,14.55,15.24,14.55,15.24,27918271
2011-08-11,14.62,16.29,14.62,16.29,33618801
2011-08-12,16.56,16.98,16.15,16.15,30247442
2011-08-15,16.42,16.63,16.35,16.63,7324490
2011-08-16,16.91,16.91,16.49,16.77,8768242
2011-08-17,16.63,16.7,16.08,16.08,12176060
2011-08-18,16.08,16.63,15.87,16.22,15269294
2011-08-19,15.45,15.73,15.17,15.31,11246371
2011-08-22,15.31,15.66,14.75,14.82,11156787
2011-08-23,15.52,15.66,15.17,15.45,8335429
2011-08-24,15.66,15.66,15.17,15.24,8301054
2011-08-25,15.31,15.66,15.03,15.03,8641159
2011-08-26,15.1,15.38,15.1,15.1,5016153
2011-08-29,15.31,16.15,15.17,16.15,14196375
2011-08-30,16.29,16.42,15.94,15.94,12092205
2011-08-31,16.22,17.05,15.87,16.98,17257318
2011-09-01,17.19,17.61,16.7,16.77,17401068
2011-09-02,16.7,16.98,16.49,16.7,7075531
2011-09-05,16.42,16.42,16.08,16.15,9023972
2011-09-06,16.01,16.36,15.73,15.87,11745851
2011-09-07,16.29,16.29,16.01,16.22,7017719
2011-09-08,16.42,16.7,16.29,16.42,11628142
2011-09-09,16.35,16.98,16.35,16.98,13603666
2011-09-13,16.7,16.91,16.22,16.35,18968778
2011-09-14,16.49,16.63,15.38,15.52,16807317
2011-09-15,15.87,16.29,15.8,16.01,9992202
2011-09-16,16.35,16.56,16.29,16.56,8516158
2011-09-19,16.56,16.63,16.15,16.29,6810947
2011-09-20,16.29,16.7,16.08,16.63,9324493
2011-09-21,16.7,17.12,16.42,16.91,15222939
2011-09-22,16.42,16.42,16.08,16.15,11661996
2011-09-23,15.38,15.66,15.17,15.45,13267207
2011-09-26,14.89,14.89,14.55,14.55,6393238
2011-09-27,14.89,15.24,14.82,14.96,12951061
2011-09-28,14.96,15.1,14.75,14.96,8838034
2011-09-29,14.75,15.31,14.68,15.1,11288558
2011-09-30,15.1,15.24,14.96,15.24,7344802
2011-10-03,15.03,15.03,14.41,14.62,8608867
2011-10-04,14.27,14.75,14.27,14.75,6882302
2011-10-05,14.89,15.24,14.75,15.03,9391160
2011-10-06,15.31,15.45,15.1,15.1,6615635
2011-10-07,15.24,15.31,15.24,15.31,7283344
2011-10-11,15.52,15.87,15.45,15.87,11584913
2011-10-12,15.87,15.94,15.59,15.73,5532820
2011-10-13,15.94,16.01,15.73,15.87,6393759
2011-10-14,15.87,15.87,15.66,15.73,3482817
2011-10-17,16.01,16.01,15.87,16.01,4915111
2011-10-18,15.87,16.01,15.73,15.8,3967714
2011-10-19,16.01,16.29,15.8,16.15,9727619
2011-10-20,16.01,16.08,15.73,15.73,5477091
2011-10-21,15.59,16.01,15.59,16.01,4607819
2011-10-24,16.29,16.56,16.15,16.49,11597934
2011-10-25,16.7,16.7,16.29,16.35,4956257
2011-10-26,16.22,16.42,16.08,16.29,4276569
2011-10-27,16.29,16.42,16.15,16.15,7100010
2011-10-28,16.42,16.56,15.94,15.94,13716166
2011-10-31,15.94,16.29,15.87,16.01,4538548
2011-11-01,16.01,16.15,15.87,16.15,3698443
2011-11-02,16.01,17.26,15.87,17.26,35925575
2011-11-03,17.4,17.89,17.33,17.33,47319863
2011-11-04,17.82,18.3,17.68,18.16,34203177
2011-11-07,18.23,18.3,17.82,17.82,12956269
2011-11-08,18.44,19.0,18.3,18.37,34733386
2011-11-09,18.51,18.58,17.96,17.96,18126590
2011-11-10,17.54,17.68,16.98,17.47,22151596
2011-11-11,17.68,17.75,17.19,17.61,14229709
2011-11-14,17.96,18.72,17.96,18.51,27802646
2011-11-15,18.37,18.37,17.96,18.09,16166691
2011-11-16,18.37,18.37,17.89,17.96,14246896
2011-11-17,17.82,18.09,17.68,17.82,9556264
2011-11-18,17.47,17.61,17.19,17.26,11830226
2011-11-21,16.98,17.05,16.35,16.35,11353142
2011-11-22,16.35,16.7,16.29,16.35,8522929
2011-11-23,16.35,16.35,15.24,15.38,16949505
2011-11-24,15.1,15.87,15.1,15.59,6956781
2011-11-25,15.73,15.94,15.45,15.66,9015117
2011-11-28,16.01,16.29,15.94,16.15,7439594
2011-11-29,16.29,16.36,16.01,16.29,8456262
2011-11-30,16.7,17.05,16.56,16.84,22759930
2011-12-01,17.68,17.89,17.33,17.68,23062535
2011-12-02,17.4,17.54,17.19,17.26,9090638
2011-12-05,17.12,17.75,16.91,17.54,13644812
2011-12-06,17.26,17.4,16.56,16.63,8992722
2011-12-07,16.84,16.98,16.56,16.7,7251052
2011-12-08,17.26,17.33,16.91,17.19,13369812
2011-12-09,16.7,16.98,16.63,16.84,9264076
2011-12-12,17.05,17.19,16.7,16.7,5286466
2011-12-13,16.42,16.77,16.42,16.56,5061466
2011-12-14,16.7,16.84,16.63,16.7,4745319
2011-12-15,16.56,16.56,15.73,15.87,12853144
2011-12-16,16.22,16.36,16.08,16.15,5208862
2011-12-19,16.01,16.15,15.52,15.52,7322407
2011-12-20,15.73,15.87,15.52,15.73,5178653
2011-12-21,16.42,16.77,16.29,16.77,14566168
2011-12-22,16.7,17.12,16.56,17.12,15834920
2011-12-23,17.33,17.68,17.12,17.26,20356281
2011-12-26,17.26,17.33,16.91,16.91,7276052
2011-12-27,16.91,17.19,16.7,17.12,8956784
2011-12-28,16.98,17.26,16.91,16.91,7098448
2011-12-29,16.84,17.12,16.84,17.12,4523444
2011-12-30,17.26,17.33,16.84,16.84,6671364
2012-01-02,16.84,16.84,16.84,16.84,0
2012-01-03,16.84,16.84,16.84,16.84,0
2012-01-04,16.84,16.84,16.84,16.84,0
2012-01-05,16.84,16.84,16.84,16.84,0
2012-01-06,16.91,16.98,16.63,16.7,4807299
2012-01-09,16.56,16.7,16.22,16.22,8619283
2012-01-10,16.35,16.63,16.35,16.63,6961989
2012-01-11,16.77,17.05,16.7,16.7,8759388
2012-01-12,16.77,17.19,16.77,16.91,15960961
2012-01-13,17.12,17.19,16.42,16.56,11218246
2012-01-16,16.98,16.98,16.42,16.63,10218244
2012-01-17,16.7,17.12,16.63,17.05,13891687
2012-01-18,16.98,17.33,16.91,16.98,13669812
2012-01-30,17.33,17.82,17.19,17.54,29737024
2012-01-31,17.54,18.09,17.4,18.09,25526601
2012-02-01,18.09,18.86,17.89,18.72,40558916
2012-02-02,18.72,18.86,18.23,18.44,22369825
2012-02-03,18.44,18.86,18.23,18.72,22176075
2012-02-06,18.37,18.51,17.96,17.96,13151582
2012-02-07,18.09,18.37,18.03,18.23,10406265
2012-02-08,18.23,18.72,18.09,18.72,27302125
2012-02-09,18.58,19.0,18.44,18.86,26733374
2012-02-10,17.82,18.37,17.61,17.61,53152685
2012-02-13,17.61,17.68,17.19,17.33,23740661
2012-02-14,17.4,17.61,17.19,17.4,16021899
2012-02-15,17.61,17.82,17.47,17.47,18264090
2012-02-16,17.47,17.68,17.05,17.12,12293768
2012-02-17,17.33,17.54,17.12,17.19,10311474
2012-02-20,17.4,17.4,17.05,17.12,8961992
2012-02-21,17.19,17.54,17.12,17.33,11322933
2012-02-22,17.33,17.47,17.19,17.33,8476054
2012-02-23,17.4,17.47,17.12,17.12,10363557
2012-02-24,17.19,17.54,17.12,17.33,13944292
2012-02-29,17.61,17.75,17.19,17.4,11124496
2012-03-01,17.47,17.47,17.19,17.26,8704700
2012-03-02,17.26,17.47,17.05,17.12,12684915
2012-03-05,17.26,17.4,16.77,16.77,22107846
2012-03-06,16.84,16.84,16.29,16.49,19200550
2012-03-07,16.29,16.63,16.15,16.49,9198451
2012-03-08,16.7,16.7,16.49,16.49,8755221
2012-03-09,16.56,16.91,16.42,16.63,13947937
2012-03-12,16.63,16.7,16.42,16.42,4616152
2012-03-13,16.56,16.7,16.49,16.49,7057302
2012-03-14,16.84,16.91,16.56,16.63,8636471
2012-03-15,16.7,16.77,16.56,16.56,5627612
2012-03-16,16.63,16.7,16.35,16.35,9614598
2012-03-19,16.36,16.49,16.15,16.29,7897407
2012-03-20,16.36,16.42,15.87,15.94,13706270
2012-03-21,15.87,16.08,15.73,15.8,10782308
2012-03-22,15.87,16.15,15.8,16.08,11346371
2012-03-23,16.01,16.08,15.87,16.01,3702609
2012-03-26,16.01,16.08,15.87,16.08,5844279
2012-03-27,16.15,16.15,15.8,15.94,5628654
2012-03-28,16.01,16.01,15.8,15.94,4116672
2012-03-29,15.8,15.87,15.31,15.45,11643246
2012-03-30,15.45,15.45,14.96,15.31,13796896
2012-04-02,15.31,15.31,15.03,15.1,3898964
2012-04-03,15.24,15.31,14.96,15.03,6384384
2012-04-05,14.75,14.75,14.41,14.62,10105223
2012-04-06,14.68,15.24,14.68,15.03,8606783
2012-04-09,14.62,14.68,14.48,14.55,8830221
2012-04-10,14.68,14.82,14.55,14.62,5396362
2012-04-11,14.48,14.62,14.41,14.41,7129698
2012-04-12,14.41,14.62,14.41,14.41,7684907
2012-04-13,14.48,14.75,14.48,14.62,9867723
2012-04-16,14.62,14.62,14.48,14.48,4758340
2012-04-17,14.55,14.62,14.34,14.34,6513551
2012-04-18,14.55,14.55,14.41,14.48,5128653
2012-04-19,14.55,15.31,14.34,15.24,17888048
2012-04-20,15.24,15.24,14.62,14.68,9857306
2012-04-23,14.68,14.82,14.48,14.48,4461465
2012-04-24,14.55,14.75,14.48,14.48,4793236
2012-04-25,14.68,15.03,14.62,14.75,6554697
2012-04-26,14.68,14.68,14.2,14.27,15069293
2012-04-27,14.34,14.41,13.92,13.92,9935431
2012-04-30,13.92,13.99,13.22,13.42,16192733
2012-05-02,13.56,13.78,13.52,13.71,8014074
2012-05-03,13.71,13.71,13.53,13.53,6169801
2012-05-04,13.47,14.34,13.36,14.06,12692727
2012-05-07,13.85,13.85,13.49,13.57,9616160
2012-05-08,13.57,13.7,13.5,13.5,9206784
2012-05-09,13.36,13.42,13.24,13.25,7040635
2012-05-10,13.25,13.42,13.24,13.24,5643758
2012-05-11,13.25,13.28,12.94,12.97,7877616
2012-05-14,12.97,13.08,12.6,12.68,9184909
2012-05-15,12.53,12.56,12.39,12.47,7242198
2012-05-16,12.33,12.54,11.98,11.98,10564078
2012-05-17,12.04,12.36,12.04,12.36,8721888
2012-05-18,12.11,12.17,11.51,11.55,13754187
2012-05-21,11.69,12.08,11.62,11.93,10510953
2012-05-22,12.15,12.6,12.08,12.51,10852099
2012-05-23,12.39,12.39,12.14,12.28,8924492
2012-05-24,12.39,12.4,11.97,12.01,5556779
2012-05-25,12.04,12.14,11.76,11.79,6087509
2012-05-28,11.79,11.93,11.69,11.9,3106254
2012-05-29,11.97,12.46,11.97,12.43,7865637
2012-05-30,12.43,12.43,12.18,12.25,7586469
2012-05-31,12.11,12.17,11.98,11.98,9581785
2012-06-01,11.98,12.19,11.93,12.07,6143238
2012-06-04,11.69,11.86,11.53,11.69,7827616
2012-06-05,11.97,12.5,11.94,12.5,21491699
2012-06-06,12.53,12.65,12.29,12.29,12320852
2012-06-07,12.46,12.46,12.19,12.21,7097406
2012-06-08,12.25,12.36,12.18,12.25,3645838
2012-06-11,12.49,12.67,12.36,12.4,7020323
2012-06-12,12.36,12.37,12.19,12.37,3516151
2012-06-13,12.5,12.5,12.26,12.26,4257819
2012-06-14,12.26,12.32,12.19,12.19,3170317
2012-06-15,12.25,12.32,12.04,12.04,8147408
2012-06-18,12.39,12.42,12.25,12.26,5380737
2012-06-19,12.37,12.9,12.29,12.82,17314088
2012-06-20,13.08,13.5,12.94,13.47,23217222
2012-06-21,13.47,13.47,13.03,13.17,14502626
2012-06-22,12.92,12.97,12.85,12.85,10396370
2012-06-25,12.67,13.29,12.58,13.2,10011994
2012-06-26,13.08,13.33,12.82,12.82,12858873
2012-06-27,12.83,13.04,12.83,12.83,4713028
2012-06-28,13.08,13.08,12.81,12.82,4180214
2012-06-29,12.82,13.04,12.82,13.04,4763028
2012-07-02,13.22,13.47,13.08,13.21,9884390
2012-07-03,13.22,13.36,13.17,13.29,7666157
2012-07-04,13.45,13.45,13.28,13.28,6579697
2012-07-05,13.29,13.36,13.24,13.24,4019797
2012-07-06,13.26,13.35,13.0,13.08,6803656
2012-07-09,12.97,13.07,12.85,12.93,3885422
2012-07-10,12.88,12.92,12.46,12.53,10989600
2012-07-11,12.25,12.58,12.17,12.25,19688571
2012-07-12,12.4,12.6,12.34,12.42,12047155
2012-07-13,12.42,12.51,12.34,12.36,4735768
2012-07-16,12.48,12.51,12.34,12.36,3345846
2012-07-17,12.36,12.45,12.36,12.42,4099013
2012-07-18,12.42,12.43,12.1,12.1,10215670
2012-07-19,12.19,12.33,12.12,12.12,6774988
2012-07-20,12.13,12.28,12.13,12.27,6132212
2012-07-23,12.15,12.22,11.83,11.83,9599489
2012-07-24,11.72,11.87,11.69,11.71,7450379
2012-07-25,11.71,11.84,11.62,11.69,4675554
2012-07-26,11.8,11.83,11.57,11.57,4353414
2012-07-27,11.72,11.89,11.65,11.8,12501765
2012-07-30,11.74,11.8,11.06,11.06,16993669
2012-07-31,11.04,11.24,10.92,11.24,10139400
2012-08-01,11.12,11.19,11.07,11.12,4774906
2012-08-02,11.12,11.12,11.12,11.12,0
2012-08-03,11.03,11.04,10.63,10.63,11935259
2012-08-06,10.75,10.86,10.69,10.69,5571727
2012-08-07,10.74,10.8,10.68,10.68,3932925
2012-08-08,11.09,11.42,11.01,11.42,14308662
2012-08-09,11.53,11.78,11.5,11.69,11682865
2012-08-10,11.75,11.77,11.48,11.62,6093073
2012-08-13,11.65,11.8,11.62,11.74,6090564
2012-08-14,11.75,11.9,11.68,11.68,5208943
2012-08-15,11.72,12.09,11.66,12.07,9815754
2012-08-16,12.33,12.58,12.28,12.49,17783466
2012-08-17,12.48,12.49,12.27,12.27,8203044
2012-08-20,12.27,12.27,12.02,12.04,5666563
2012-08-21,12.27,12.51,12.27,12.37,8821233
2012-08-22,12.48,12.57,12.33,12.34,5928491
2012-08-23,12.37,12.45,12.34,12.39,2933888
2012-08-24,12.36,12.37,12.33,12.34,2768803
2012-08-27,12.37,12.43,12.22,12.22,3286637
2012-08-28,12.24,12.3,12.04,12.04,5890356
2012-08-29,12.1,12.15,12.07,12.1,2281578
2012-08-30,12.1,12.37,12.1,12.15,6424246
2012-08-31,12.18,12.3,12.16,12.22,3362405
2012-09-03,12.22,12.46,12.19,12.3,5629432
2012-09-04,12.4,13.13,12.31,13.13,23851953
2012-09-05,13.11,13.11,12.72,12.8,14601700
2012-09-06,12.86,12.86,12.55,12.57,7411241
2012-09-07,12.78,12.84,12.64,12.77,6975197
2012-09-10,12.86,13.02,12.81,12.86,7777538
2012-09-11,12.86,12.93,12.71,12.74,4628889
2012-09-12,12.87,13.08,12.8,12.9,8999364
2012-09-13,12.95,13.25,12.89,13.05,11723007
2012-09-14,13.36,13.61,13.22,13.43,21505143
2012-09-17,13.45,13.45,13.08,13.19,10695871
2012-09-18,13.2,13.51,13.2,13.33,10166496
2012-09-19,13.6,14.04,13.54,13.9,26358829
2012-09-20,14.87,14.87,14.67,14.87,61444558
2012-09-21,14.87,14.97,14.7,14.78,21526218
2012-09-24,14.82,15.28,14.55,15.13,25231337
2012-09-25,15.13,15.13,14.76,14.78,15573140
2012-09-26,14.67,14.72,14.28,14.4,16821058
2012-09-27,14.4,14.9,14.4,14.9,13482738
2012-09-28,14.97,15.28,14.64,14.81,13468187
2012-10-01,14.67,14.75,14.46,14.54,6147265
2012-10-02,14.67,14.76,14.37,14.41,7510592
2012-10-03,14.44,14.55,14.26,14.28,8414794
2012-10-04,14.28,14.52,14.28,14.34,11886587
2012-10-05,14.37,14.55,14.31,14.4,7630517
2012-10-08,14.55,14.55,14.16,14.17,6155294
2012-10-09,14.34,14.64,14.34,14.38,12303563
2012-10-11,14.35,14.35,14.07,14.07,8033444
2012-10-12,14.08,14.23,13.14,13.49,16486373
2012-10-15,13.46,13.46,13.16,13.26,5217473
2012-10-16,13.39,13.84,13.39,13.76,10420897
2012-10-17,14.04,14.05,13.64,13.64,8459954
2012-10-18,13.76,13.79,13.49,13.49,5334889
2012-10-19,13.54,13.6,13.39,13.4,4074928
2012-10-22,13.05,13.45,13.05,13.39,4742291
2012-10-23,13.54,13.54,13.33,13.36,3724186
2012-10-24,13.23,13.33,13.17,13.17,6403673
2012-10-25,12.86,12.87,12.27,12.27,22735500
2012-10-26,12.18,12.21,11.42,11.42,21378696
2012-10-29,11.42,11.86,11.19,11.78,13320664
2012-10-30,12.1,12.27,11.81,11.93,9302939
2012-10-31,12.1,12.1,11.43,11.5,8956713
2012-11-01,11.21,11.78,11.21,11.63,7088598
2012-11-02,11.8,11.89,11.66,11.8,7816676
2012-11-05,11.8,11.8,11.56,11.63,3656446
2012-11-06,11.65,11.72,11.51,11.66,4107543
2012-11-07,11.65,11.89,11.62,11.84,4461296
2012-11-08,11.65,11.65,11.28,11.5,9317490
2012-11-09,11.31,11.74,11.27,11.65,8278311
2012-11-12,11.65,11.75,11.57,11.59,5073463
2012-11-13,11.6,11.71,11.34,11.34,6491986
2012-11-14,11.34,11.5,11.33,11.37,4423662
2012-11-15,11.33,11.34,11.13,11.27,5463344
2012-11-16,11.19,11.43,11.19,11.24,4249546
2012-11-19,11.31,11.36,11.19,11.25,3681535
2012-11-20,11.37,11.51,11.21,11.21,7137271
2012-11-21,11.24,11.31,10.92,10.98,5502984
2012-11-22,11.04,11.16,10.98,10.98,3442187
2012-11-23,11.09,11.65,11.09,11.54,11349184
2012-11-26,11.87,11.87,11.59,11.69,9045527
2012-11-27,11.72,12.31,11.69,12.27,18830674
2012-11-28,12.27,12.27,12.04,12.15,9679271
2012-11-29,12.21,12.33,12.18,12.25,9349102
2012-11-30,12.4,12.6,12.33,12.33,11012492
2012-12-03,12.36,12.48,12.18,12.33,6899428
2012-12-04,12.13,12.68,12.13,12.68,10230724
2012-12-05,12.83,13.55,12.83,13.55,31431289
2012-12-06,13.7,13.81,13.02,13.13,23485656
2012-12-07,13.13,13.39,13.01,13.04,12619181
2012-12-10,12.96,13.04,12.69,12.69,11130911
2012-12-11,12.68,12.86,12.42,12.86,10133379
2012-12-12,12.99,13.08,12.87,12.87,9693823
2012-12-13,13.01,13.22,12.98,13.02,9392255
2012-12-14,13.02,13.1,12.87,12.93,5893868
2012-12-17,13.02,13.25,12.93,13.17,11638709
2012-12-18,13.23,13.25,13.02,13.07,6417723
2012-12-19,13.16,13.19,12.95,12.96,6444819
2012-12-20,13.01,13.3,12.89,13.23,13210273
2012-12-21,13.45,13.45,12.78,12.78,13889679
2012-12-24,12.86,12.92,12.57,12.57,4925439
2012-12-25,12.6,13.02,12.6,12.89,6424246
2012-12-26,12.89,12.93,12.75,12.8,4585736
2012-12-27,12.8,13.02,12.77,12.87,5031816
2012-12-28,12.95,13.16,12.89,13.11,10527274
2013-01-02,13.31,13.36,13.16,13.2,7721339
2013-01-03,13.28,13.55,13.23,13.46,15885245
2013-01-04,13.51,13.51,13.16,13.26,10430431
2013-01-07,13.26,13.72,13.1,13.57,11724011
2013-01-08,13.37,13.37,13.16,13.23,10909126
2013-01-09,13.23,13.67,13.23,13.52,13999568
2013-01-10,13.61,13.67,13.31,13.31,12362271
2013-01-11,13.55,13.64,13.43,13.46,5421194
2013-01-14,13.51,13.7,13.34,13.64,12008017
2013-01-15,13.64,13.7,13.42,13.45,7183936
2013-01-16,13.6,13.84,13.55,13.61,13030136
2013-01-17,13.76,13.79,12.99,13.33,11672328
2013-01-18,13.48,13.6,13.33,13.33,4889311
2013-01-21,13.43,13.43,13.17,13.22,3570642
2013-01-22,13.23,13.31,13.14,13.22,3417600
2013-01-23,13.23,13.31,13.16,13.17,3167716
2013-01-24,13.14,13.26,13.1,13.17,3458244
2013-01-25,13.13,13.2,13.04,13.04,4558640
2013-01-28,13.16,13.81,13.16,13.78,17436738
2013-01-29,13.92,14.14,13.67,13.67,19443343
2013-01-30,13.67,13.73,13.49,13.52,9743499
2013-01-31,12.78,13.08,12.72,12.86,20763016
2013-02-01,12.86,13.01,12.74,12.86,6638505
2013-02-04,12.87,12.99,12.78,12.8,5547642
2013-02-05,12.74,12.75,12.49,12.54,8673711
2013-02-06,12.57,12.69,12.48,12.48,8135806
2013-02-18,12.71,12.78,12.55,12.69,4816052
2013-02-19,12.71,12.9,12.71,12.9,3894790
2013-02-20,12.93,12.96,12.89,12.95,4621362
2013-02-21,13.16,13.28,13.04,13.14,8655145
2013-02-22,13.14,13.17,12.96,13.07,4092992
2013-02-25,13.14,13.34,13.05,13.05,6342958
2013-02-26,12.93,13.08,12.89,12.89,4560146
2013-02-27,12.93,13.01,12.78,12.78,3682037
2013-03-01,12.8,13.17,12.8,13.14,7233612
2013-03-04,13.16,13.39,12.99,13.01,8399741
2013-03-05,13.08,13.3,13.05,13.16,5783477
2013-03-06,13.4,13.42,13.16,13.17,4957553
2013-03-07,13.16,13.34,13.16,13.19,3611286
2013-03-08,13.23,13.3,13.17,13.17,4839134
2013-03-11,13.31,13.84,13.23,13.64,18097076
2013-03-12,13.73,14.04,13.55,13.55,15644392
2013-03-13,13.55,13.66,13.39,13.46,6164326
2013-03-14,13.46,13.51,13.25,13.26,5484418
2013-03-15,13.28,13.39,13.17,13.39,5973651
2013-03-18,13.39,13.39,13.1,13.1,5039342
2013-03-19,13.13,13.23,13.11,13.11,3487347
2013-03-20,13.13,13.25,12.99,12.99,4913898
2013-03-21,13.05,13.11,12.92,12.92,3680531
2013-03-22,12.92,13.01,12.86,12.86,3828555
2013-03-25,12.9,13.01,12.84,12.86,3421113
2013-03-26,12.86,13.07,12.8,12.96,5575240
2013-03-27,12.96,13.31,12.96,13.08,5875804
2013-03-28,13.16,13.17,12.92,12.95,3384985
2013-03-29,12.96,13.11,12.95,13.02,3152160
2013-04-01,12.98,13.11,12.93,12.95,2234913
2013-04-02,12.95,13.1,12.9,12.9,5909423
2013-04-03,12.93,13.04,12.64,12.78,13329696
2013-04-08,12.48,12.49,12.02,12.1,14840546
2013-04-09,12.12,12.18,11.68,11.89,12984474
2013-04-10,11.89,12.04,11.8,11.92,8877432
2013-04-11,12.02,12.13,11.95,12.1,10964321
2013-04-12,12.1,12.1,11.72,11.78,10388783
2013-04-15,11.68,11.72,11.34,11.45,7019855
2013-04-16,11.34,11.62,11.24,11.6,5041851
2013-04-17,11.62,11.89,11.51,11.86,7651592
2013-04-18,11.74,11.83,11.66,11.71,6135724
2013-04-19,11.81,12.07,11.78,11.99,8280820
2013-04-22,12.01,12.63,11.99,12.43,17145206
2013-04-23,12.4,12.86,12.31,12.48,22648692
2013-04-24,12.63,12.68,12.19,12.3,11746591
2013-04-25,12.33,12.52,12.25,12.31,6728323
2013-04-26,12.33,12.48,12.22,12.22,5326860
2013-04-29,12.28,12.31,12.13,12.15,3999661
2013-04-30,12.31,12.37,12.16,12.16,7364074
2013-05-02,12.16,12.25,12.15,12.15,4075429
2013-05-03,12.19,12.45,12.19,12.22,7065015
2013-05-06,12.39,12.39,12.16,12.19,5513020
2013-05-07,12.25,12.28,12.1,12.1,5870285
2013-05-08,12.22,12.37,12.18,12.21,9181509
2013-05-09,12.25,12.33,12.19,12.22,5592802
2013-05-10,12.18,12.25,12.15,12.21,4735768
2013-05-13,12.25,12.25,12.12,12.13,4078942
2013-05-14,12.16,12.4,12.15,12.18,8936140
2013-05-15,12.21,12.31,12.18,12.19,4274635
2013-05-16,12.19,12.19,11.83,11.9,17878803
2013-05-17,11.9,11.9,11.72,11.74,12188154
2013-05-20,11.74,11.9,11.72,11.81,8103692
2013-05-21,11.74,11.75,11.59,11.69,10965325
2013-05-22,11.75,12.31,11.75,12.28,21884988
2013-05-23,12.04,12.04,11.72,11.78,14819973
2013-05-24,11.72,11.95,11.71,11.72,7914021
2013-05-27,11.62,12.1,11.51,12.01,11519788
2013-05-28,11.98,12.33,11.8,12.18,16797976
2013-05-29,12.18,12.28,11.99,12.02,13152569
2013-05-30,11.92,12.07,11.8,11.8,13253426
2013-05-31,11.83,11.92,11.07,11.12,143290351
2013-06-03,11.12,11.4,11.12,11.37,18127183
2013-06-04,11.42,11.45,11.21,11.21,10815795
2013-06-05,11.21,11.27,11.09,11.1,15036239
2013-06-06,11.04,11.09,10.75,10.8,17853715
2013-06-07,10.83,10.92,10.39,10.42,23486157
2013-06-10,10.45,10.71,10.45,10.65,10158970
2013-06-11,10.63,10.69,10.47,10.51,8656149
2013-06-13,10.59,10.97,10.59,10.81,18577778
2013-06-14,10.88,10.91,10.51,10.51,13349767
2013-06-17,10.53,10.66,10.53,10.56,6146262
2013-06-18,10.59,10.77,10.56,10.62,8118244
2013-06-19,10.66,10.71,10.51,10.57,10724472
2013-06-20,10.53,11.15,10.51,10.75,19119195
2013-06-21,10.51,10.59,10.35,10.41,16091475
2013-06-24,10.44,10.65,10.44,10.44,9532251
2013-06-25,10.45,10.51,10.16,10.18,12818386
2013-06-26,10.39,10.45,10.18,10.18,9780630
2013-06-27,10.36,10.65,10.27,10.38,11778705
2013-06-28,10.59,10.59,10.42,10.51,5333384
2013-07-01,10.51,11.01,10.42,10.98,14438121
2013-07-02,11.0,11.12,10.8,10.8,14276047
2013-07-03,10.8,10.84,10.6,10.62,7434322
2013-07-04,10.66,10.71,10.54,10.54,6332923
2013-07-05,10.57,10.66,10.53,10.56,6337940
2013-07-08,10.77,10.77,10.57,10.59,6267190
2013-07-09,10.66,10.74,10.57,10.59,5282202
2013-07-10,10.59,10.81,10.59,10.63,7485504
2013-07-11,10.74,10.89,10.68,10.89,12835948
2013-07-12,10.92,11.63,10.86,11.59,39177215
2013-07-15,11.56,11.59,11.36,11.45,16400569
2013-07-16,11.45,11.53,11.22,11.34,12001995
2013-07-17,11.27,11.43,11.27,11.34,6710259
2013-07-18,11.36,11.42,11.09,11.09,11007976
2013-07-19,11.04,11.31,11.04,11.12,7410739
2013-07-22,11.22,11.31,11.18,11.22,5068445
2013-07-23,11.27,11.31,11.19,11.25,5362988
2013-07-24,11.25,11.31,11.12,11.13,4731753
2013-07-25,11.13,11.24,11.06,11.07,4965079
2013-07-26,11.07,11.33,11.07,11.16,6082536
2013-07-29,11.19,11.27,10.91,10.91,9183516
2013-07-30,10.97,11.47,10.92,11.4,11689388
2013-07-31,11.31,11.31,10.92,10.92,16335840
2013-08-01,10.92,10.98,10.71,10.8,9208103
2013-08-02,10.92,10.94,10.78,10.81,4966585
2013-08-05,10.84,10.92,10.84,10.91,4933969
2013-08-06,10.91,10.95,10.81,10.86,4097508
2013-08-07,10.86,10.86,10.74,10.77,3975074
2013-08-08,10.68,10.75,10.65,10.69,4410616
2013-08-09,10.72,10.77,10.59,10.62,6339446
2013-08-12,10.65,10.72,10.59,10.6,4349901
2013-08-13,10.6,10.78,10.6,10.66,4743796
2013-08-14,10.68,10.77,10.63,10.63,2739700
2013-08-15,10.66,10.71,10.6,10.65,3206854
2013-08-16,10.59,10.62,10.45,10.51,7387155
2013-08-19,10.47,10.56,10.44,10.45,3854648
2013-08-20,10.57,10.57,10.42,10.44,3447707
2013-08-22,10.44,10.45,10.19,10.41,7836245
2013-08-23,10.44,10.75,10.44,10.66,7517617
2013-08-26,10.71,10.78,10.63,10.65,2951952
2013-08-27,10.6,10.65,10.51,10.53,3976078
2013-08-28,10.45,10.5,10.38,10.38,4753831
2013-08-29,10.38,10.47,10.38,10.44,2257994
2013-08-30,10.56,10.57,10.47,10.57,4348396
2013-09-02,10.57,10.62,10.48,10.5,3452223
2013-09-03,10.5,10.59,10.5,10.59,4065394
2013-09-04,10.59,10.62,10.48,10.56,3482831
2013-09-05,10.56,10.65,10.53,10.54,6347976
2013-09-06,10.54,10.71,10.54,10.54,4998197
2013-09-09,10.71,11.04,10.68,10.81,12997520
2013-09-10,10.97,10.98,10.75,10.75,6520085
2013-09-11,10.74,10.78,10.68,10.74,3827050
2013-09-12,10.74,10.95,10.74,10.95,7853306
2013-09-13,10.95,10.97,10.8,10.86,3870203
2013-09-16,11.16,11.16,11.0,11.04,7757968
2013-09-17,11.04,11.07,10.84,11.03,6423744
2013-09-18,11.06,11.1,10.97,11.04,4058369
2013-09-23,11.04,11.07,10.95,10.97,4041810
2013-09-24,10.97,11.03,10.95,10.95,4249546
2013-09-25,10.94,11.12,10.84,11.09,8742454
2013-09-26,11.09,11.12,10.88,10.89,6433278
2013-09-27,10.86,10.95,10.84,10.86,3726695
2013-09-30,10.75,10.89,10.75,10.89,4143671
2013-10-01,10.86,10.94,10.86,10.86,3005642
2013-10-02,10.89,10.94,10.74,10.77,6156799
2013-10-03,10.77,10.88,10.75,10.78,4802504
2013-10-04,10.81,10.88,10.74,10.77,3709634
2013-10-07,10.81,10.81,10.62,10.65,5516532
2013-10-08,10.6,10.69,10.59,10.68,5443774
2013-10-09,10.68,10.68,10.51,10.56,6080529
2013-10-11,10.62,10.68,10.51,10.51,5826128
2013-10-14,10.51,10.53,10.38,10.38,4920923
2013-10-15,10.39,10.48,10.39,10.42,3491863
2013-10-16,10.48,10.59,10.42,10.59,4085465
2013-10-17,10.68,10.69,10.56,10.6,4317286
2013-10-18,10.62,10.88,10.62,10.81,9240718
2013-10-21,10.81,10.81,10.71,10.75,3166712
2013-10-22,10.75,10.78,10.68,10.68,2145095
2013-10-23,10.66,10.8,10.66,10.71,3408067
2013-10-24,10.74,10.75,10.68,10.71,2852098
2013-10-25,10.71,10.74,10.6,10.6,3089940
2013-10-28,10.6,10.62,10.51,10.59,1869118
2013-10-29,10.59,10.84,10.53,10.78,6374068
2013-10-30,10.84,10.92,10.81,10.86,8999866
2013-10-31,10.59,10.59,10.35,10.39,15917860
2013-11-01,10.39,10.44,10.26,10.32,5828637
2013-11-04,10.32,10.39,10.3,10.3,3322764
2013-11-05,10.39,10.39,10.3,10.32,2658412
2013-11-06,10.39,10.39,10.22,10.26,3807481
2013-11-07,10.26,10.42,10.26,10.42,4385026
2013-11-08,10.29,10.41,10.26,10.27,2438634
2013-11-11,10.27,10.3,10.1,10.13,4989165
2013-11-12,10.13,10.19,9.45,9.59,11670321
2013-11-13,9.59,9.65,9.53,9.65,4254564
2013-11-14,9.6,9.79,9.59,9.76,3166712
2013-11-15,9.77,10.09,9.67,9.95,5366501
2013-11-18,9.98,10.07,9.92,9.97,3521468
2013-11-19,10.19,10.32,10.12,10.13,5049880
2013-11-20,10.21,10.21,10.06,10.07,2121009
2013-11-21,10.07,10.1,9.91,9.95,2481787
2013-11-22,9.98,10.04,9.8,9.91,2212333
2013-11-25,9.98,10.01,9.89,9.92,2039722
2013-11-26,10.01,10.04,9.94,9.94,3082915
2013-11-27,9.98,10.03,9.95,10.0,2944927
2013-11-28,10.03,10.06,9.98,10.04,2176707
2013-11-29,10.04,10.18,10.03,10.1,3172733
2013-12-02,10.13,10.21,10.07,10.1,1898221
2013-12-03,10.1,10.13,9.98,10.07,2568594
2013-12-04,10.0,10.09,10.0,10.07,3108506
2013-12-05,10.09,10.1,10.01,10.03,3412583
2013-12-06,10.03,10.09,10.0,10.01,2001587
2013-12-09,10.06,10.07,9.92,9.98,3389501
2013-12-10,9.98,9.98,9.86,9.89,3233950
2013-12-11,9.86,9.95,9.77,9.8,2885215
2013-12-12,9.68,9.76,9.62,9.65,4342375
2013-12-13,9.65,9.73,9.6,9.68,2765291
2013-12-16,10.35,10.35,10.1,10.15,8880443
2013-12-17,10.18,10.18,9.94,9.98,3918373
2013-12-18,10.07,10.07,9.91,9.95,2349318
2013-12-19,9.98,10.13,9.97,9.98,3926904
2013-12-20,9.95,10.03,9.91,10.03,4041810
2013-12-23,10.03,10.06,9.95,9.97,2643359
2013-12-24,9.98,10.01,9.92,9.95,2537986
2013-12-25,9.95,10.03,9.92,9.97,2295126
2013-12-26,9.98,10.03,9.95,9.97,2184735
2013-12-27,10.0,10.1,9.97,10.03,4961567
2013-12-30,10.03,10.12,10.03,10.1,3169221
2013-12-31,10.13,10.29,10.1,10.15,4696629
2014-01-02,10.18,10.27,10.18,10.19,2994603
2014-01-03,10.19,10.22,10.13,10.21,2728661
2014-01-06,10.16,10.24,10.13,10.13,3390504
2014-01-07,10.13,10.74,10.13,10.69,17171800
2014-01-08,10.59,11.1,10.44,10.77,22479092
2014-01-09,10.89,11.01,10.72,10.74,13471699
2014-01-10,10.86,10.86,10.71,10.71,7171893
2014-01-13,10.74,10.83,10.69,10.69,6192927
2014-01-14,10.74,10.94,10.71,10.77,10088721
2014-01-15,10.84,10.88,10.74,10.74,4901354
2014-01-16,10.89,10.89,10.72,10.72,4894329
2014-01-17,10.77,10.78,10.69,10.72,3189292
2014-01-20,10.72,10.78,10.42,10.44,9436913
2014-01-21,10.29,10.29,10.06,10.16,10134884
2014-01-22,10.29,10.41,10.22,10.29,4955044
2014-01-23,10.32,10.35,10.21,10.21,3007147
2014-01-24,10.21,10.24,10.06,10.12,3938444
2014-01-27,10.06,10.21,10.03,10.04,6241599
2014-02-05,9.83,9.92,9.68,9.76,6739362
2014-02-06,9.83,9.89,9.79,9.79,4829600
2014-02-07,9.85,9.92,9.82,9.85,5475386
2014-02-10,9.86,9.92,9.83,9.85,3395522
2014-02-11,9.85,9.88,9.8,9.82,2879696
2014-02-12,9.91,9.91,9.82,9.83,4064892
2014-02-13,9.83,10.32,9.83,10.01,8719372
2014-02-14,10.07,10.13,9.92,9.92,3174740
2014-02-17,9.98,10.0,9.86,9.86,3064851
2014-02-18,9.83,9.92,9.83,9.86,2482790
2014-02-19,9.91,10.09,9.88,10.01,5553663
2014-02-20,10.0,10.04,9.92,9.94,2279571
2014-02-21,9.97,10.06,9.97,10.0,5292238
2014-02-24,10.01,10.06,9.95,9.95,2781347
2014-02-25,9.98,10.03,9.95,9.95,3061841
2014-02-26,9.95,9.98,9.92,9.92,4528534
2014-02-27,9.92,10.29,9.92,10.13,10939232
2014-03-03,10.13,10.16,9.97,10.0,5053392
2014-03-04,9.92,10.06,9.91,9.92,4038298
2014-03-05,10.04,10.04,9.89,9.91,4658494
2014-03-06,9.91,10.01,9.91,10.01,4228973
2014-03-07,10.03,10.07,9.91,9.94,4401584
2014-03-10,10.03,10.03,9.91,9.91,2792387
2014-03-11,9.92,10.0,9.91,9.92,2565082
2014-03-12,9.94,9.97,9.88,9.88,3309718
2014-03-13,9.88,10.0,9.88,9.89,3671499
2014-03-14,9.89,9.94,9.85,9.86,3422116
2014-03-17,9.86,9.97,9.85,9.88,3558098
2014-03-18,9.95,9.97,9.89,9.89,3851637
2014-03-19,9.91,9.95,9.85,9.85,3346850
2014-03-20,9.85,9.85,9.65,9.68,7047453
2014-03-21,9.68,9.79,9.51,9.51,11595556
2014-03-24,9.51,9.59,9.32,9.41,6903443
2014-03-25,9.41,9.56,9.41,9.47,5100057
2014-03-26,9.53,9.85,9.53,9.6,9216633
2014-03-27,9.68,9.68,9.56,9.59,4197863
2014-03-28,9.6,9.62,9.51,9.56,3306206
2014-03-31,9.56,9.6,9.5,9.54,2156134
2014-04-01,9.54,9.57,9.47,9.47,4078942
2014-04-02,9.47,9.53,9.47,9.5,4061881
2014-04-03,9.51,9.76,9.51,9.65,7556254
2014-04-07,9.62,9.77,9.56,9.71,4154710
2014-04-08,9.71,9.79,9.63,9.65,3607272
2014-04-09,9.65,9.76,9.65,9.7,4339866
2014-04-10,9.71,9.76,9.68,9.71,4130123
2014-04-11,9.71,9.76,9.67,9.76,4906372
2014-04-14,9.79,9.8,9.68,9.68,2929873
2014-04-15,9.71,9.76,9.65,9.74,3587201
2014-04-16,10.13,10.42,10.07,10.42,19637531
2014-04-17,10.89,11.13,10.78,10.97,63628290
2014-04-18,11.06,11.53,10.97,10.98,38714577
2014-04-21,11.09,11.34,10.83,11.1,25735622
2014-04-22,11.19,11.19,10.92,10.92,12628714
2014-04-23,10.94,11.16,10.89,10.89,10533797
2014-04-24,10.92,11.1,10.91,10.95,14290097
2014-04-25,10.92,10.94,10.22,10.42,19099626
2014-04-28,10.22,10.44,10.15,10.36,8288848
2014-04-29,10.44,10.84,10.44,10.66,8766038
2014-04-30,10.77,11.0,10.71,10.75,13351774
2014-05-02,10.75,10.75,10.32,10.42,12527355
2014-05-05,10.42,10.54,10.41,10.45,5003214
2014-05-06,10.47,10.62,10.38,10.44,6565245
2014-05-07,10.45,10.88,10.44,10.77,18806588
2014-05-08,10.74,10.95,10.66,10.8,13303604
2014-05-09,10.8,10.86,10.54,10.56,7678186
2014-05-12,10.56,10.66,10.47,10.47,6312350
2014-05-13,10.5,10.59,10.36,10.36,5963113
2014-05-14,10.41,10.45,10.3,10.33,3610283
2014-05-15,10.33,10.44,10.3,10.44,3144634
2014-05-16,10.36,10.44,10.32,10.33,2572608
2014-05-19,10.36,10.41,10.3,10.3,2932382
2014-05-20,10.32,10.42,10.3,10.33,2514402
2014-05-21,10.33,10.41,10.32,10.32,2201294
2014-05-22,10.38,10.48,10.35,10.35,4158724
2014-05-23,10.39,10.42,10.32,10.36,2921343
2014-05-26,10.36,10.81,10.36,10.68,12155539
2014-05-27,10.69,10.75,10.54,10.54,5466354
2014-05-28,10.66,10.66,10.5,10.53,4927446
2014-05-29,10.59,10.77,10.56,10.69,11615627
2014-05-30,10.89,11.3,10.89,11.07,36295512
2014-06-03,11.18,11.24,10.89,10.91,11093278
2014-06-04,10.92,11.3,10.81,11.21,29714711
2014-06-05,11.21,11.63,11.15,11.5,33878955
2014-06-06,11.63,11.87,11.19,11.19,34059595
2014-06-09,11.19,11.28,10.92,11.03,13294572
2014-06-10,11.16,11.27,11.01,11.06,6682661
2014-06-11,11.06,11.13,10.98,11.01,5646994
2014-06-12,11.04,11.09,10.95,10.98,5373024
2014-06-13,10.97,11.12,10.95,11.0,4432193
2014-06-16,11.04,11.25,11.01,11.12,9634613
2014-06-17,11.15,11.19,11.0,11.0,5873797
2014-06-18,11.04,11.13,10.89,10.92,8682241
2014-06-19,11.04,11.56,11.04,11.39,28770367
2014-06-20,11.39,11.42,11.19,11.3,12610149
2014-06-23,11.34,11.37,10.97,10.97,10928695
2014-06-24,10.95,11.09,10.95,11.0,4853685
2014-06-25,10.98,11.13,10.97,10.98,4386029
2014-06-26,11.0,11.1,11.0,11.0,6172856
2014-06-27,11.04,11.12,11.0,11.04,4563658
2014-06-30,11.07,11.25,11.07,11.13,5865267
2014-07-01,11.18,11.31,11.15,11.16,9145883
2014-07-02,11.19,11.45,11.04,11.07,15560595
2014-07-03,11.07,11.27,11.07,11.19,7664136
2014-07-04,11.24,11.96,11.24,11.96,65857683
2014-07-07,12.05,12.8,12.05,12.77,82700820
2014-07-08,12.86,13.22,12.45,12.48,62771255
2014-07-09,12.48,12.84,12.34,12.49,24657806
2014-07-10,12.63,12.81,12.51,12.52,16681564
2014-07-11,12.55,12.68,12.07,12.12,23114341
2014-07-14,12.21,12.95,12.21,12.86,26861609
2014-07-15,12.86,13.22,12.6,12.6,30425227
2014-07-16,12.71,12.83,12.51,12.74,16499921
2014-07-17,12.8,13.14,12.72,12.74,22255299
2014-07-18,12.52,12.71,12.52,12.57,15532998
2014-07-21,12.69,12.77,12.43,12.45,9911092
2014-07-22,12.48,12.68,12.43,12.54,8839799
2014-07-23,12.54,12.54,12.54,12.54,0
2014-07-24,12.63,12.66,12.46,12.46,6786027
2014-07-25,12.49,12.52,12.24,12.37,11663798
2014-07-28,12.37,12.39,12.22,12.25,7040428
2014-07-29,12.4,12.42,11.93,12.05,11591040
2014-07-30,12.1,12.21,12.1,12.18,4955044
2014-07-31,11.8,11.95,11.34,11.8,16575689
2014-08-01,11.5,11.74,11.5,11.71,7296836
2014-08-04,11.8,12.34,11.77,12.22,8613498
2014-08-05,12.22,12.33,11.92,11.96,7630015
2014-08-06,11.96,12.1,11.66,11.75,7183936
2014-08-07,11.81,11.92,11.65,11.68,4238507
2014-08-08,11.69,11.8,11.36,11.56,6161315
2014-08-11,11.71,11.8,11.65,11.72,3922889
2014-08-12,11.72,11.75,11.53,11.53,5192384
2014-08-13,11.54,11.62,11.51,11.53,4711180
2014-08-14,11.65,11.72,11.53,11.54,3889772
2014-08-15,11.56,11.63,11.51,11.54,2863137
2014-08-18,11.62,11.62,11.19,11.19,6805094
2014-08-19,11.34,11.45,11.27,11.28,4143169
2014-08-20,11.34,11.4,11.21,11.22,3547059
2014-08-21,11.28,11.33,11.12,11.15,3567130
2014-08-22,11.15,11.31,11.13,11.21,4483374
2014-08-25,11.22,11.27,11.07,11.07,5531084
2014-08-26,11.12,11.24,11.1,11.22,3935936
2014-08-27,11.57,11.99,11.57,11.99,19139266
2014-08-28,12.02,12.07,11.71,11.74,14959969
2014-08-29,11.74,11.95,11.68,11.72,10965826
2014-09-01,11.87,11.87,11.75,11.8,3571144
2014-09-02,11.84,11.93,11.72,11.78,5354960
2014-09-03,11.92,11.92,11.71,11.75,4145176
2014-09-04,11.75,11.83,11.71,11.74,3031734
2014-09-05,11.72,11.78,11.62,11.62,3075389
2014-09-09,11.69,11.71,11.54,11.56,3055318
2014-09-10,11.53,11.53,11.31,11.36,5707709
2014-09-11,11.37,11.48,11.34,11.36,2928368
2014-09-12,11.42,11.45,11.27,11.28,2790379
2014-09-15,11.31,11.4,11.25,11.27,2620779
2014-09-16,11.19,11.31,11.13,11.19,3211370
2014-09-17,11.21,11.31,11.13,11.13,2750739
2014-09-18,11.13,11.24,11.12,11.13,3503906
2014-09-19,11.21,11.24,11.07,11.07,4001668
2014-09-22,11.07,11.12,10.83,10.84,5210448
2014-09-23,10.8,10.84,10.69,10.72,5022784
2014-09-24,10.72,10.86,10.72,10.78,2408026
2014-09-25,10.83,10.86,10.41,10.59,7603923
2014-09-26,10.59,10.71,10.48,10.59,3157178
2014-09-29,10.6,10.68,10.51,10.51,2615259
2014-09-30,10.44,10.51,10.1,10.32,6398655
2014-10-01,10.32,10.36,10.21,10.33,4521007
2014-10-02,10.29,10.5,10.21,10.47,2822493
2014-10-03,10.51,10.72,10.5,10.62,4863219
2014-10-06,10.66,10.81,10.65,10.69,3250007
2014-10-07,10.72,10.72,10.59,10.59,2297133
2014-10-08,11.27,11.27,10.89,10.92,10466559
2014-10-09,11.07,11.1,10.68,10.71,6094579
2014-10-13,10.56,10.56,10.36,10.38,5396607
2014-10-14,10.36,10.5,10.3,10.44,2803426
2014-10-15,10.45,10.45,10.16,10.19,5547642
2014-10-16,10.29,10.42,10.13,10.21,8246699
2014-10-17,10.24,10.33,10.12,10.15,5054396
2014-10-20,10.56,10.56,10.26,10.29,5599827
2014-10-21,10.29,10.48,10.29,10.29,3793933
2014-10-22,10.38,10.41,10.29,10.3,5383561
2014-10-23,10.29,10.29,10.16,10.18,3318750
2014-10-24,10.21,10.26,10.1,10.1,3476810
2014-10-27,10.13,10.21,9.98,10.13,3709634
2014-10-28,10.22,10.44,10.22,10.38,5450799
2014-10-29,10.44,10.66,10.39,10.54,7860331
2014-10-30,10.66,10.66,10.53,10.6,3945971
2014-10-31,10.36,10.42,10.03,10.33,8428342
2014-11-03,10.39,10.41,10.24,10.3,4676056
2014-11-04,10.32,10.33,10.21,10.22,2903279
2014-11-05,10.29,10.42,10.22,10.29,4143169
2014-11-06,10.36,10.41,10.24,10.24,3517454
2014-11-07,10.24,10.38,10.22,10.24,3438173
2014-11-10,10.22,10.38,10.21,10.24,4154710
2014-11-11,10.24,10.3,10.21,10.21,2730166
2014-11-12,10.15,10.33,10.15,10.18,3339323
2014-11-13,10.18,10.24,10.07,10.07,3574656
2014-11-14,10.07,10.09,9.97,9.98,5340910
2014-11-17,9.98,10.06,9.62,9.7,5393095
2014-11-18,9.73,9.82,9.62,9.67,4180803
2014-11-19,9.73,9.77,9.67,9.68,2336773
2014-11-20,9.7,9.97,9.7,9.97,3978587
2014-11-21,9.98,9.98,9.85,9.88,3123559
2014-11-24,9.97,9.98,9.89,9.94,2022159
2014-11-25,9.91,10.03,9.82,9.85,2105454
2014-11-26,9.86,9.92,9.79,9.79,2213336
2014-11-27,9.83,9.95,9.79,9.83,3330291
2014-11-28,9.86,9.89,9.76,9.77,2222368
2014-12-01,9.23,9.76,9.23,9.71,3010659
2014-12-02,9.68,9.77,9.63,9.68,2131045
2014-12-03,9.74,9.86,9.68,9.83,3067360
2014-12-04,9.86,9.89,9.73,9.74,2244948
2014-12-05,9.74,9.8,9.71,9.76,3367924
2014-12-08,9.83,9.83,9.73,9.74,2466232
2014-12-09,9.6,9.73,9.56,9.65,3920380
2014-12-10,9.65,9.65,9.53,9.54,3228932
2014-12-11,9.48,9.71,9.45,9.54,4238507
2014-12-12,9.54,9.62,9.45,9.47,3044278
2014-12-15,9.45,9.47,9.38,9.39,3054816
2014-12-16,9.38,9.57,9.38,9.51,3128577
2014-12-17,9.56,9.56,9.44,9.44,3932423
2014-12-18,9.57,9.6,9.45,9.45,2491321
2014-12-19,9.53,9.6,9.48,9.53,3443693
2014-12-22,9.54,9.89,9.53,9.83,5660542
2014-12-23,10.01,10.41,10.01,10.19,14909289
2014-12-24,10.16,10.24,10.04,10.15,5073463
2014-12-25,10.15,10.53,10.15,10.29,7259202
2014-12-26,10.36,10.44,10.26,10.29,4102525
2014-12-29,10.33,10.57,10.32,10.44,12315104
2014-12-30,10.44,10.48,10.29,10.36,4659497
2014-12-31,10.44,10.57,10.42,10.48,6608900
2015-01-05,10.48,10.71,10.36,10.68,7467440
2015-01-06,10.57,10.62,10.44,10.48,6646533
2015-01-07,10.48,10.56,10.48,10.51,3662969
2015-01-08,10.59,10.6,10.44,10.44,7267733
2015-01-09,10.59,10.59,10.36,10.38,4865226
2015-01-12,10.35,10.36,10.19,10.21,4106038
2015-01-13,10.21,10.33,10.21,10.26,2147102
2015-01-14,10.22,10.26,10.15,10.19,3551073
2015-01-15,10.26,10.5,10.21,10.36,7159851
2015-01-16,10.36,10.38,10.18,10.18,3651930
2015-01-19,10.26,10.29,10.06,10.07,2970016
2015-01-20,10.1,10.18,10.1,10.12,2194269
2015-01-21,10.36,10.71,10.3,10.62,18101592
2015-01-22,10.63,10.66,10.51,10.54,6555210
2015-01-23,10.57,10.62,10.44,10.45,5388077
2015-01-26,10.44,10.48,10.32,10.39,3436668
2015-01-27,10.44,10.57,10.42,10.44,4138653
2015-01-28,10.59,10.77,10.48,10.59,15796932
2015-01-29,10.59,10.6,10.41,10.48,4891318
2015-01-30,10.44,10.44,10.18,10.44,9367166
2015-02-02,10.41,10.41,10.27,10.27,2287599
2015-02-03,10.27,10.36,10.27,10.27,2230397
2015-02-04,10.33,10.36,10.22,10.24,2476769
2015-02-05,10.29,10.3,10.21,10.27,1737652
2015-02-06,10.27,10.36,10.21,10.35,2263514
2015-02-09,10.35,10.36,10.22,10.22,2446161
2015-02-10,10.36,10.38,10.29,10.3,3273590
2015-02-11,10.38,10.38,10.27,10.27,2056280
2015-02-12,10.3,10.35,10.24,10.29,1573069
2015-02-13,10.29,10.35,10.24,10.29,2249464
2015-02-24,10.44,10.47,10.32,10.35,3275096
2015-02-25,10.36,10.41,10.29,10.3,2193767
2015-02-26,10.3,10.35,10.29,10.33,1930334
2015-03-02,10.36,10.41,10.26,10.33,2843066
2015-03-03,10.33,10.36,10.27,10.27,1852057
2015-03-04,10.27,10.51,10.26,10.3,5833655
2015-03-05,10.33,10.38,10.3,10.3,2867151
2015-03-06,10.33,10.48,10.3,10.41,4879276
2015-03-09,10.32,10.36,10.3,10.33,2363368
2015-03-10,10.32,10.36,10.29,10.3,2736689
2015-03-11,10.29,10.29,10.21,10.22,3100477
2015-03-12,10.21,10.3,10.21,10.24,4020736
2015-03-13,10.26,10.3,10.22,10.24,2559562
2015-03-16,10.59,10.59,10.32,10.32,6085045
2015-03-17,10.36,10.5,10.32,10.32,4745301
2015-03-18,10.32,10.39,10.27,10.33,4291193
2015-03-19,10.41,10.48,10.36,10.48,9429386
2015-03-20,10.59,11.21,10.56,11.21,37989008
2015-03-23,11.4,11.92,11.36,11.5,48844946
2015-03-24,11.78,11.86,11.37,11.39,24359751
2015-03-25,11.34,11.63,11.04,11.25,18573262
2015-03-26,11.19,11.34,11.12,11.13,9432899
2015-03-27,11.13,11.3,11.1,11.12,8661166
2015-03-30,11.33,11.62,11.31,11.34,13348764
2015-03-31,11.65,11.74,11.5,11.53,19070021
2015-04-01,11.4,11.6,11.36,11.45,7481991
2015-04-02,11.45,11.65,11.37,11.42,8318453
2015-04-07,11.42,11.45,11.22,11.24,8207560
2015-04-08,11.39,11.51,11.28,11.3,9102730
2015-04-09,11.37,11.45,11.22,11.27,6412203
2015-04-10,11.34,11.34,11.1,11.1,6824162
2015-04-13,11.1,11.16,10.8,10.95,10296456
2015-04-14,11.03,11.19,11.0,11.01,8219101
2015-04-15,11.04,11.06,10.89,10.92,4508463
2015-04-16,10.92,11.09,10.89,11.0,8394221
2015-04-17,10.98,11.04,10.89,10.94,4078440
2015-04-20,10.89,11.0,10.86,10.89,3644905
2015-04-21,10.98,11.1,10.97,11.0,6577790
2015-04-22,11.54,11.54,11.22,11.27,10381758
2015-04-23,11.47,11.47,11.16,11.16,10235741
2015-04-24,11.19,11.33,11.16,11.19,6905952
2015-04-27,11.34,11.34,11.19,11.21,7223576
2015-04-28,11.28,11.54,11.27,11.43,15477802
2015-04-29,11.48,11.51,11.16,11.16,9873459
2015-04-30,11.5,11.5,11.24,11.25,11868523
2015-05-04,11.34,11.34,11.12,11.13,7082577
2015-05-05,11.12,11.13,10.95,11.01,5351447
2015-05-06,10.97,11.12,10.94,11.01,5217975
2015-05-07,10.98,11.07,10.94,10.95,2971019
2015-05-08,11.12,11.16,10.94,10.95,3683040
2015-05-11,10.97,11.04,10.62,10.65,6072501
2015-05-12,10.65,10.74,10.41,10.53,5839676
2015-05-13,10.66,10.77,10.62,10.74,3533009
2015-05-14,10.74,10.74,10.59,10.59,2371396
2015-05-15,10.59,10.66,10.54,10.56,2342293
2015-05-18,10.78,10.84,10.59,10.63,3599243
2015-05-19,10.74,10.77,10.63,10.68,3844612
2015-05-20,10.68,10.77,10.6,10.65,3717663
2015-05-21,10.59,10.68,10.56,10.65,1965960
2015-05-22,10.65,10.71,10.59,10.62,2775326
2015-05-25,10.71,10.71,10.51,10.53,3219900
2015-05-26,10.53,10.59,10.44,10.44,3546557
2015-05-27,10.44,10.47,10.26,10.41,5787993
2015-05-28,10.44,10.54,10.42,10.51,2943421
2015-05-29,10.53,10.59,10.48,10.56,2757262
2015-06-01,10.59,10.66,10.51,10.53,1900228
2015-06-02,10.51,10.62,10.44,10.44,2727657
2015-06-03,10.44,10.44,10.3,10.3,3456739
2015-06-04,10.33,10.35,10.07,10.1,5045364
2015-06-05,10.1,10.1,9.79,9.85,6195436
2015-06-08,9.85,9.85,9.47,9.54,4902357
2015-06-09,9.53,9.53,9.0,9.01,13382885
2015-06-10,9.01,9.2,9.01,9.15,5119627
2015-06-11,9.17,9.24,9.04,9.08,4763365
2015-06-12,9.08,9.17,9.04,9.17,3400540
2015-06-15,9.17,9.17,9.06,9.08,3664976
2015-06-16,9.09,9.09,8.85,8.86,5072460
2015-06-17,8.89,8.94,8.86,8.86,3377458
2015-06-18,8.97,9.2,8.91,9.06,4927446
2015-06-22,9.14,9.27,9.11,9.24,3832068
2015-06-23,9.38,9.38,9.08,9.11,5262633
2015-06-24,9.11,9.14,9.0,9.03,2920841
2015-06-25,9.08,9.21,9.06,9.12,2805433
2015-06-26,9.15,9.17,9.04,9.12,1781808
2015-06-29,9.11,9.11,8.94,8.97,2507879
2015-06-30,8.92,9.03,8.92,9.03,3639887
2015-07-01,9.03,9.06,8.98,9.0,2091405
2015-07-02,9.08,9.12,9.04,9.04,2273048
2015-07-03,9.09,9.09,8.98,9.0,1459166
2015-07-06,8.97,9.0,8.89,8.91,3129079
2015-07-07,8.92,8.98,8.83,8.85,2845575
2015-07-08,8.94,9.01,8.71,8.73,3943462
2015-07-09,8.62,8.68,8.47,8.52,4630394
2015-07-10,8.52,8.52,8.52,8.52,0
2015-07-13,8.56,8.61,8.52,8.56,2981556
2015-07-14,8.62,8.71,8.56,8.58,2230898
2015-07-15,8.59,8.68,8.53,8.55,2051262
2015-07-16,8.58,8.59,8.49,8.5,2105454
2015-07-17,8.55,8.55,8.41,8.44,2762280
2015-07-20,8.44,8.44,7.97,7.97,6859788
2015-07-21,7.97,8.0,7.59,7.68,7875384
2015-07-22,7.71,8.06,7.71,7.96,5451301
2015-07-23,7.99,8.0,7.65,7.68,3265562
2015-07-24,7.64,7.64,7.35,7.38,6790543
2015-07-27,7.38,7.38,6.76,6.76,7488012
2015-07-28,6.73,6.94,6.72,6.9,4490399
2015-07-29,6.96,6.97,6.81,6.84,2075348
2015-07-30,6.93,7.14,6.9,7.0,2633825
2015-07-31,7.03,7.12,6.96,7.03,2463221
2015-08-03,7.03,7.03,6.91,6.97,1730125
2015-08-04,6.96,7.08,6.9,6.94,2797906
2015-08-05,6.96,7.29,6.96,7.2,3466273
2015-08-06,7.26,7.29,7.17,7.18,2975033
2015-08-07,7.15,7.17,7.06,7.12,1304117
2015-08-10,7.12,7.25,7.06,7.25,1617226
2015-08-11,7.29,7.38,7.14,7.18,1718585
2015-08-12,7.08,7.12,6.82,6.87,3348355
2015-08-13,6.84,6.93,6.79,6.87,2447666
2015-08-14,6.91,6.91,6.82,6.85,1522390
2015-08-17,6.82,6.85,6.79,6.85,1936356
2015-08-18,7.12,7.23,7.02,7.12,5372020
2015-08-19,7.15,7.17,6.82,6.84,3285633
2015-08-20,6.84,6.91,6.82,6.85,2008611
2015-08-21,6.79,6.79,6.58,6.59,3847623
2015-08-24,6.13,6.19,5.94,5.97,9703858
2015-08-25,5.79,6.17,5.79,6.08,4421154
2015-08-26,6.05,6.23,5.96,6.23,4593263
2015-08-27,6.35,6.53,6.29,6.44,5000706
2015-08-28,6.5,6.76,6.5,6.75,4325816
2015-08-31,6.61,6.93,6.53,6.88,5790502
2015-09-01,6.84,6.91,6.75,6.81,2402506
2015-09-02,6.66,6.81,6.59,6.81,2180721
2015-09-03,6.84,7.32,6.84,7.23,7492027
2015-09-04,7.31,7.53,7.03,7.08,6631982
2015-09-07,7.03,7.23,7.03,7.18,1712563
2015-09-08,7.23,7.29,7.05,7.05,2236920
2015-09-09,7.26,7.26,7.12,7.14,2495837
2015-09-10,7.14,7.18,7.12,7.14,1474721
2015-09-11,7.18,7.23,7.14,7.18,1988039
2015-09-14,7.18,7.23,7.06,7.08,1747186
2015-09-15,7.14,7.15,7.02,7.05,1477230
2015-09-16,7.08,7.17,7.05,7.05,1921302
2015-09-17,7.12,7.21,7.11,7.15,2640348
2015-09-18,7.17,7.34,7.09,7.14,4100017
2015-09-21,7.11,7.14,7.0,7.08,2156134
2015-09-22,7.11,7.12,7.05,7.06,1703531
2015-09-23,6.99,7.02,6.78,6.81,5184356
2015-09-24,6.81,6.91,6.61,6.62,3251010
2015-09-25,6.62,6.62,6.38,6.5,3616304
2015-09-29,6.5,6.5,6.5,6.5,0
2015-09-30,6.5,6.5,6.29,6.35,2928870
2015-10-01,6.41,6.44,6.34,6.38,4871247
2015-10-02,6.44,6.44,6.28,6.29,3903320
2015-10-05,6.32,6.47,6.32,6.44,3041268
2015-10-06,6.58,6.59,6.46,6.46,2278065
2015-10-07,6.46,6.55,6.46,6.55,2035206
2015-10-08,6.47,6.49,6.31,6.35,3888769
2015-10-12,6.38,6.43,6.35,6.38,1608695
2015-10-13,6.38,6.43,6.38,6.4,1817936
2015-10-14,6.41,6.46,6.38,6.41,1889189
2015-10-15,6.64,7.05,6.59,7.05,5975156
2015-10-16,7.31,7.49,7.21,7.38,15544538
2015-10-19,7.5,8.02,7.49,7.97,16301719
2015-10-20,8.09,8.11,7.64,7.68,13600656
2015-10-21,7.67,7.67,7.41,7.43,8568338
2015-10-22,7.38,7.52,7.32,7.4,6833194
2015-10-23,7.47,7.55,7.41,7.43,3489856
2015-10-26,7.56,7.61,7.47,7.49,3215886
2015-10-27,7.49,7.52,7.4,7.5,3594727
2015-10-28,7.56,7.56,7.43,7.44,2009615
2015-10-29,7.62,7.7,7.52,7.53,4933969
2015-10-30,7.43,7.44,7.11,7.21,6351488
2015-11-02,7.17,7.34,7.15,7.29,2674469
2015-11-03,7.34,7.34,7.25,7.31,2428097
2015-11-04,7.31,7.43,7.31,7.35,3546055
2015-11-05,7.37,7.44,7.35,7.37,2663932
2015-11-06,7.37,7.41,7.28,7.31,1997572
2015-11-09,7.34,7.43,7.25,7.26,2794394
2015-11-10,7.21,7.25,7.12,7.17,1567550
2015-11-11,7.14,7.17,6.97,7.02,3087431
2015-11-12,6.97,7.02,6.84,6.85,2201294
2015-11-13,6.85,6.85,6.75,6.76,1572066
2015-11-16,6.64,6.7,6.61,6.67,1931840
2015-11-17,6.79,6.96,6.79,6.82,1419526
2015-11-18,6.82,6.87,6.73,6.75,1516369
2015-11-19,6.79,6.87,6.78,6.82,1355298
2015-11-20,7.29,7.5,7.28,7.5,9622069
2015-11-23,7.4,7.47,7.2,7.23,6444819
2015-11-24,7.17,7.31,7.08,7.11,2426090
2015-11-25,7.11,7.26,6.94,7.26,2563075
2015-11-26,7.25,7.29,7.17,7.17,1483251
2015-11-27,7.18,7.25,7.11,7.12,1294081
2015-11-30,7.12,7.12,6.9,6.96,2281578
2015-12-01,6.97,7.23,6.96,7.15,1970476
2015-12-02,7.15,7.25,7.05,7.06,1406981
2015-12-03,7.06,7.18,7.06,7.14,1589126
2015-12-04,7.11,7.23,7.09,7.2,2144593
2015-12-07,7.26,7.26,7.11,7.11,1540956
2015-12-08,7.31,7.31,7.14,7.14,2437129
2015-12-09,7.14,7.18,7.0,7.06,1666902
2015-12-10,7.02,7.06,6.96,7.05,1807901
2015-12-11,7.03,7.11,6.88,6.9,1766253
2015-12-14,6.66,6.79,6.64,6.73,1612710
2015-12-15,6.81,6.9,6.79,6.9,1482248
2015-12-16,6.93,6.97,6.87,6.9,1299099
2015-12-17,6.91,7.09,6.91,7.03,2000583
2015-12-18,6.96,7.18,6.93,7.09,2303154
2015-12-21,7.06,7.37,7.02,7.31,4063387
2015-12-22,7.34,7.34,7.18,7.21,1769766
2015-12-23,7.28,7.46,7.21,7.29,2981556
2015-12-24,7.31,7.32,7.17,7.18,1663389
2015-12-25,7.26,7.32,7.15,7.28,1567048
2015-12-28,7.28,7.34,7.21,7.28,1120467
2015-12-29,7.32,7.32,7.21,7.25,1022620
2015-12-30,7.26,7.31,7.21,7.26,1228349
2015-12-31,7.26,7.29,7.2,7.23,1311644
2016-01-04,7.26,7.32,7.08,7.09,1752204
2016-01-05,7.09,7.17,6.99,7.0,1246914
2016-01-06,7.0,7.09,6.91,6.96,2265521
2016-01-07,6.96,7.0,6.73,6.79,3233950
2016-01-08,6.53,6.79,6.53,6.79,1863096
2016-01-11,6.81,6.81,6.62,6.62,1929833
2016-01-12,6.67,6.72,6.53,6.59,1552998
2016-01-13,6.59,6.7,6.53,6.56,1902235
2016-01-14,6.47,6.49,6.32,6.34,2447666
2016-01-15,6.4,6.43,6.28,6.28,1953416
2016-01-18,6.17,6.5,6.17,6.43,1877648
2016-01-19,6.43,6.62,6.37,6.61,2206813
2016-01-20,6.58,6.58,6.41,6.43,1853562
2016-01-21,6.38,6.5,6.37,6.38,2017643
2016-01-22,6.44,6.56,6.41,6.49,1207274
2016-01-25,6.56,6.62,6.52,6.56,1568052
2016-01-26,6.55,6.56,6.47,6.49,991510
2016-01-27,6.5,6.58,6.47,6.49,1004055
2016-01-28,6.49,6.58,6.44,6.56,2030690
2016-01-29,5.91,5.91,5.91,5.91,8371139
2016-02-01,5.67,5.72,5.48,5.54,13633773
2016-02-02,5.51,5.79,5.45,5.7,6641515
2016-02-03,5.64,5.66,5.54,5.55,4069408
2016-02-15,5.52,5.55,5.45,5.51,2817475
2016-02-16,5.55,5.69,5.54,5.67,3706122
2016-02-17,5.84,5.84,5.67,5.72,2803426
2016-02-18,5.75,5.78,5.67,5.67,2674971
2016-02-19,5.67,5.75,5.67,5.75,1923811
2016-02-22,5.75,5.76,5.67,5.69,1817936
2016-02-23,5.73,5.73,5.66,5.69,2503865
2016-02-24,5.69,5.72,5.61,5.63,2405015
2016-02-25,5.64,5.67,5.58,5.63,2995104
2016-02-26,5.61,5.73,5.6,5.72,3032236
2016-03-01,5.64,5.7,5.64,5.66,2389460
2016-03-02,5.67,5.82,5.67,5.82,5857238
2016-03-03,5.93,6.4,5.93,6.4,20974765
2016-03-04,6.4,6.76,6.25,6.62,13386899
2016-03-07,6.62,6.73,6.52,6.66,6345467
2016-03-08,6.78,6.78,6.64,6.69,4168760
2016-03-09,6.69,6.7,6.56,6.66,3231943
2016-03-10,6.66,6.91,6.61,6.88,5617389
2016-03-11,6.91,6.91,6.73,6.73,3284629
2016-03-14,6.73,6.73,6.58,6.64,3494372
2016-03-15,6.58,6.7,6.22,6.35,3991633
2016-03-16,6.4,6.61,6.4,6.53,2121511
2016-03-17,6.53,6.69,6.4,6.4,2596694
2016-03-18,6.46,6.66,6.43,6.43,3655442
2016-03-21,6.43,6.44,6.35,6.38,1742168
2016-03-22,6.29,6.38,6.28,6.29,2394478
2016-03-23,6.28,6.35,6.25,6.28,1677439
2016-03-24,6.28,6.29,6.2,6.23,2032195
2016-03-25,6.23,6.28,6.13,6.17,2326738
2016-03-28,6.17,6.25,6.13,6.16,2206311
2016-03-29,6.16,6.23,6.13,6.14,2021156
2016-03-30,6.16,6.23,6.16,6.2,1537443
2016-03-31,6.23,6.37,6.23,6.35,3026214
2016-04-01,6.37,6.44,6.26,6.26,2556050
2016-04-06,6.22,6.25,6.16,6.17,1683460
2016-04-07,6.17,6.2,6.11,6.11,1754712
2016-04-08,6.07,6.16,6.07,6.14,2013127
2016-04-11,6.13,6.13,6.05,6.13,1592639
2016-04-12,6.08,6.16,6.08,6.1,2384944
2016-04-13,6.1,6.14,6.08,6.1,1485258
2016-04-14,6.14,6.19,6.1,6.14,1320676
2016-04-15,6.14,6.14,6.08,6.1,1149068
2016-04-18,6.07,6.11,6.05,6.08,1496799
2016-04-19,6.1,6.13,6.05,6.08,1298597
2016-04-20,6.1,6.1,6.02,6.02,1863096
2016-04-21,6.05,6.08,6.04,6.04,1098890
2016-04-22,6.05,6.41,6.05,6.34,8331499
2016-04-25,6.34,6.34,6.19,6.2,2178714
2016-04-26,6.2,6.2,6.13,6.16,2002088
2016-04-27,6.16,6.17,6.08,6.11,1540454
2016-04-28,6.11,6.16,6.04,6.05,1913274
2016-04-29,5.45,5.57,5.45,5.45,15680520
2016-05-03,5.02,5.14,4.95,5.07,12391876
2016-05-04,5.04,5.13,5.01,5.02,3602254
2016-05-05,5.02,5.07,4.96,4.96,2990087
2016-05-06,4.99,5.1,4.93,5.1,3019190
2016-05-09,5.1,5.13,5.02,5.04,1745179
2016-05-10,5.02,5.02,4.92,4.93,3123559
2016-05-11,4.96,4.99,4.93,4.95,1932341
2016-05-12,4.92,4.95,4.89,4.89,1968971
2016-05-13,4.89,4.89,4.6,4.61,5226505
2016-05-16,4.61,4.66,4.52,4.54,3758808
2016-05-17,4.54,4.58,4.46,4.57,3945469
2016-05-18,4.24,4.39,4.11,4.36,21823270
2016-05-19,4.1,4.27,4.08,4.11,3884253
2016-05-20,4.08,4.24,4.08,4.14,1561027
2016-05-23,4.08,4.19,4.08,4.13,1749193
2016-05-24,4.07,4.19,3.96,4.17,1670916
2016-05-25,4.1,4.34,4.1,4.31,1544970
2016-05-26,4.34,4.73,4.34,4.73,3631357
2016-05-27,4.73,5.04,4.69,4.99,3764830
2016-05-30,4.86,4.96,4.76,4.83,1550489
2016-05-31,4.89,4.89,4.36,4.36,7225583
2016-06-01,3.93,4.19,3.93,4.01,7376116
2016-06-02,4.01,4.16,3.98,4.05,4788956
2016-06-03,4.04,4.17,4.04,4.14,4065896
2016-06-06,4.01,4.08,3.93,3.96,3960523
2016-06-07,3.96,4.01,3.78,3.84,5546137
2016-06-08,3.81,3.84,3.75,3.83,7439340
2016-06-13,3.75,3.98,3.65,3.93,5851217
2016-06-14,3.9,3.9,3.54,3.54,11239796
2016-06-15,3.57,3.57,3.19,3.42,8100180
2016-06-16,3.55,3.65,3.42,3.51,4833112
2016-06-17,3.54,3.61,3.33,3.39,21132825
2016-06-20,3.39,3.46,3.39,3.46,4786949
2016-06-21,3.43,3.61,3.43,3.58,3471792
2016-06-22,3.69,3.93,3.6,3.92,6533633
2016-06-23,3.84,4.2,3.84,4.11,6350485
2016-06-24,4.19,4.19,3.84,3.92,4923934
2016-06-27,3.93,4.17,3.81,4.16,2381933
2016-06-28,4.17,4.34,4.01,4.13,34120
2016-06-29,4.22,4.22,4.07,4.16,2315699
2016-06-30,4.27,4.31,4.14,4.28,3468280
2016-07-01,4.3,4.31,4.19,4.28,2777835
2016-07-04,4.3,4.33,4.22,4.27,1791844
2016-07-05,4.28,4.33,4.25,4.33,2271542
2016-07-06,4.27,4.33,4.25,4.31,2147102
2016-07-07,4.73,4.73,4.55,4.66,5828637
2016-07-08,4.66,4.66,4.66,4.66,0
2016-07-11,4.69,5.11,4.67,5.04,10499676
2016-07-12,5.25,5.25,4.78,5.04,9043520
2016-07-13,5.05,5.11,4.96,5.04,5380551
2016-07-14,5.05,5.05,4.93,5.04,2629309
2016-07-15,5.05,5.17,5.05,5.1,4627886
2016-07-18,5.07,5.35,5.07,5.34,5804050
2016-07-19,5.35,5.81,5.34,5.75,10267353
2016-07-20,5.85,6.05,5.73,6.05,7571809
2016-07-21,6.17,6.64,5.93,6.2,13842512
2016-07-22,6.19,6.2,5.96,6.08,6005262
2016-07-25,6.19,6.2,5.67,5.72,7389162
2016-07-26,5.6,5.87,5.43,5.85,4694120
2016-07-27,5.87,6.1,5.87,6.05,4332339
2016-07-28,6.13,6.19,5.97,6.02,3830562
2016-07-29,6.1,6.17,6.02,6.17,5431230
2016-08-01,6.2,6.47,6.2,6.32,6111639
2016-08-02,6.34,6.4,6.25,6.38,3237964
2016-08-03,6.34,6.4,6.2,6.31,3359896
2016-08-04,6.34,6.46,6.31,6.35,3176246
2016-08-05,6.37,6.43,6.29,6.35,2748732
2016-08-08,6.35,6.69,6.35,6.66,11154494
2016-08-09,6.72,6.75,6.43,6.55,8010864
2016-08-10,6.55,6.61,6.44,6.47,2932884
2016-08-11,6.59,6.59,5.84,6.17,8448413
2016-08-12,6.2,6.2,5.9,6.13,3587201
2016-08-15,6.07,6.28,6.07,6.28,1947395
2016-08-16,6.35,6.38,6.23,6.34,3551073
2016-08-17,6.43,6.53,6.23,6.44,4507961
2016-08-18,6.37,6.76,6.37,6.73,8251717
2016-08-19,6.81,6.87,6.55,6.62,5197402
2016-08-22,6.53,6.61,6.26,6.28,3000122
2016-08-23,6.35,6.43,6.28,6.32,1144050
2016-08-24,6.17,6.4,6.17,6.35,1134517
2016-08-25,6.35,6.4,6.32,6.32,1693997
2016-08-26,6.38,6.43,6.35,6.37,1323686
2016-08-29,6.37,6.58,6.23,6.56,4143671
2016-08-30,6.5,6.58,6.47,6.49,4730248
2016-08-31,6.37,6.43,6.26,6.32,1683962
2016-09-01,6.28,6.38,6.25,6.35,1310138
2016-09-02,6.32,6.37,6.22,6.25,1616724
2016-09-05,6.26,6.28,6.14,6.2,3261548
2016-09-06,6.16,6.19,5.99,6.05,3036752
2016-09-07,6.04,6.13,5.54,6.02,4332841
2016-09-08,6.13,6.37,6.13,6.29,2839554
2016-09-09,6.26,6.31,6.17,6.2,1301106
2016-09-12,6.14,6.2,6.07,6.08,1199747
2016-09-13,6.05,6.13,5.94,5.99,2137568
2016-09-14,5.82,6.04,5.78,5.94,2813461
2016-09-19,5.82,6.13,5.79,6.05,2260002
2016-09-20,6.11,6.17,6.07,6.08,1067278
2016-09-21,6.04,6.13,6.02,6.07,1452643
2016-09-22,6.13,6.14,5.99,6.0,1621240
2016-09-23,6.0,6.08,6.0,6.05,1680951
2016-09-26,5.99,6.2,5.99,6.16,2663430
2016-09-27,6.16,6.16,6.16,6.16,0
2016-09-28,6.16,6.16,6.16,6.16,0
2016-09-29,6.28,6.35,6.22,6.35,2955464
2016-09-30,6.22,6.46,6.22,6.32,2121009
2016-10-03,6.32,6.5,6.32,6.49,4039302
2016-10-04,6.5,6.75,6.5,6.72,6513060
2016-10-05,6.76,6.82,6.5,6.5,4615843
2016-10-06,6.52,6.58,6.5,6.58,2049757
2016-10-07,6.66,6.66,6.58,6.59,2431107
2016-10-11,7.25,7.25,6.58,6.58,8724390
2016-10-12,6.5,6.66,6.2,6.61,2258998
2016-10-13,6.79,6.79,6.58,6.59,1686973
2016-10-14,6.59,6.62,6.41,6.44,2177710
2016-10-17,6.43,6.49,6.34,6.47,1397949
2016-10-18,6.32,6.64,6.32,6.56,1033158
2016-10-19,6.5,6.64,6.5,6.58,1446120
2016-10-20,6.59,6.73,6.55,6.72,2971019
2016-10-21,6.82,6.96,6.78,6.85,4388036
2016-10-24,6.82,7.0,6.82,6.99,3605767
2016-10-25,7.06,7.23,7.06,7.15,5183854
2016-10-26,7.15,7.18,7.0,7.08,4036291
2016-10-27,7.0,7.11,6.96,7.06,2141080
2016-10-28,7.06,7.06,6.5,6.66,7023367
2016-10-31,6.53,6.64,6.43,6.61,1846538
2016-11-01,6.5,6.61,6.5,6.53,1279530
2016-11-02,6.46,6.5,6.31,6.32,2875180
2016-11-03,6.17,6.32,6.14,6.19,3605265
2016-11-04,6.14,6.26,6.07,6.25,1919797
2016-11-07,6.17,6.35,6.17,6.29,1446622
2016-11-08,6.29,6.4,6.23,6.32,1510849
2016-11-09,6.29,6.31,5.87,6.02,3661464
2016-11-10,6.16,6.28,6.07,6.11,2487306
2016-11-11,5.99,6.11,5.99,6.0,2498847
2016-11-14,6.04,6.17,6.04,6.14,1293078
2016-11-15,6.1,6.28,6.02,6.22,1286555
2016-11-16,6.2,6.35,6.1,6.17,866568
2016-11-17,6.2,6.25,6.17,6.22,644281
2016-11-18,6.2,6.29,6.14,6.28,1023624
2016-11-21,6.19,6.25,6.17,6.2,920258
2016-11-22,6.22,6.28,6.19,6.19,1477230
2016-11-23,6.26,6.26,6.08,6.1,1307629
2016-11-24,6.0,6.1,6.0,6.04,1966462
2016-11-25,5.97,6.05,5.97,6.04,900689
2016-11-28,5.99,6.05,5.97,6.0,1043193
2016-11-29,5.97,6.16,5.97,6.14,1225338
2016-11-30,6.14,6.17,6.04,6.11,1147061
2016-12-01,6.11,6.13,6.04,6.08,833952
2016-12-02,6.07,6.08,5.99,6.0,1341750
2016-12-05,6.05,6.07,5.99,6.04,867571
2016-12-06,6.04,6.1,6.02,6.08,2812959
2016-12-07,6.08,6.2,6.02,6.2,1416013
2016-12-08,6.05,6.11,6.04,6.07,1678944
2016-12-09,6.07,6.19,6.05,6.16,1252936
2016-12-12,6.16,6.26,6.16,6.19,2538989
2016-12-13,6.16,6.26,6.13,6.16,2795397
2016-12-14,6.16,6.22,6.16,6.2,3493870
2016-12-15,6.17,6.34,6.17,6.31,3931921
2016-12-16,6.34,6.81,6.34,6.73,8388702
2016-12-19,6.82,6.85,6.69,6.76,4860710
2016-12-20,6.76,6.99,6.72,6.9,4813041
2016-12-21,6.96,7.09,6.9,7.05,6846240
2016-12-22,7.05,7.14,6.69,7.0,4733760
2016-12-23,6.94,7.0,6.81,6.82,3063346
2016-12-26,7.02,7.02,6.81,6.84,2058789
2016-12-27,6.88,6.97,6.81,6.96,2238425
2016-12-28,6.99,7.09,6.96,7.05,3215384
2016-12-29,7.0,7.09,6.99,7.02,1645827
2016-12-30,7.0,7.06,7.0,7.0,2143589
2017-01-03,6.96,6.96,6.9,6.96,1285551
2017-01-04,6.96,6.97,6.9,6.93,1358811
2017-01-05,6.96,7.18,6.94,7.18,9319497
2017-01-06,7.34,7.7,7.29,7.62,14618760
2017-01-09,7.62,7.85,7.59,7.74,9074630
2017-01-10,7.8,8.26,7.8,8.23,14513889
2017-01-11,8.56,8.56,8.26,8.47,13464172
2017-01-12,8.47,8.62,8.39,8.59,10931204
2017-01-13,8.62,9.44,8.59,9.44,28392028
2017-01-16,9.74,10.12,8.5,9.15,26140556
2017-01-17,8.97,9.6,8.97,9.56,10802749
2017-01-18,9.76,10.06,9.62,9.91,9740990
2017-01-19,10.06,10.06,9.35,9.45,9240718
2017-01-20,9.45,9.5,9.03,9.5,11582510
2017-01-23,9.68,9.98,9.54,9.98,9741491
2017-01-24,10.24,10.66,10.1,10.53,12192169
2017-02-02,10.74,11.18,10.65,11.15,17781459
2017-02-03,11.28,11.34,10.5,10.81,17618883
2017-02-06,10.81,11.04,10.57,10.68,10999445
2017-02-07,10.77,11.34,10.74,11.28,13922294
2017-02-08,11.57,12.19,11.5,12.12,30072980
2017-02-09,12.25,12.31,12.04,12.16,18041379
2017-02-10,12.25,12.93,12.18,12.86,22647689
2017-02-13,13.16,14.14,13.08,14.1,29457300
2017-02-14,14.38,14.44,12.74,12.98,40238473
2017-02-15,13.92,13.92,13.16,13.61,22621596
2017-02-16,13.36,13.66,12.48,12.93,14695031
2017-02-17,13.1,13.3,12.6,13.04,6674131
2017-02-20,13.31,13.61,13.1,13.33,6706244
2017-02-21,13.45,13.48,12.8,13.01,6721298
2017-02-22,13.02,13.19,12.95,13.11,5567713
2017-02-23,13.14,13.58,13.14,13.45,8323972
2017-02-24,13.46,13.61,13.4,13.57,10856439
2017-03-01,13.9,14.91,13.9,14.9,28875239
2017-03-02,15.13,15.2,14.54,14.81,16474331
2017-03-03,14.82,14.82,14.23,14.61,12028088
2017-03-06,14.75,15.13,14.75,15.13,13142032
2017-03-07,13.61,13.61,13.61,13.61,23440998
2017-03-08,13.46,14.44,13.46,13.66,44558268
2017-03-09,13.69,13.92,12.95,13.31,17797014
2017-03-10,13.16,13.16,12.09,12.89,18822645
2017-03-13,12.71,13.4,12.68,13.36,8549772
2017-03-14,13.39,14.07,13.39,13.76,12936805
2017-03-15,14.11,14.19,13.78,14.14,12361769
2017-03-16,14.26,14.75,14.19,14.52,15717150
2017-03-17,14.52,14.63,14.04,14.14,7728865
2017-03-20,14.51,14.61,14.07,14.6,12560473
2017-03-21,14.46,14.63,14.31,14.58,12326143
2017-03-22,14.31,14.79,14.1,14.67,8106201
2017-03-23,14.6,15.2,14.51,15.05,19319404
2017-03-24,15.13,15.58,15.05,15.05,16529526
2017-03-27,15.28,16.49,15.2,16.41,52468275
2017-03-28,16.64,16.86,16.03,16.64,25315635
2017-03-29,17.24,18.15,17.09,18.15,40049303
2017-03-30,18.3,19.81,18.15,19.81,39584658
2017-03-31,20.12,20.34,18.23,19.21,33157902
2017-04-05,19.21,19.21,17.32,19.06,24671856
2017-04-06,19.06,19.66,18.53,19.66,22086702
2017-04-07,19.66,21.55,19.36,21.55,26089876
2017-04-10,20.87,23.07,20.87,21.18,31919016
2017-04-11,21.18,21.48,20.42,20.65,14248951
2017-04-12,20.65,20.95,19.66,19.66,13211277
2017-04-13,19.66,20.34,19.51,19.81,14070319
2017-04-14,19.66,19.66,18.76,18.91,13449119
2017-04-17,18.91,20.04,18.23,19.97,12761685
2017-04-18,20.57,21.1,20.57,20.87,11849455
2017-04-19,20.57,21.18,19.97,20.42,12005508
2017-04-20,20.12,20.65,19.89,20.04,8866895
2017-04-21,20.42,20.42,19.89,20.04,5201416
2017-04-24,19.66,19.97,19.36,19.66,5386572
2017-04-25,20.19,20.19,19.36,19.81,9218640
2017-04-26,20.19,20.72,20.04,20.42,9307956
2017-04-27,20.42,20.57,19.66,20.27,7422782
2017-04-28,19.06,21.02,19.06,20.34,19541189
2017-05-02,20.34,20.72,20.19,20.19,5406643
2017-05-03,20.34,20.34,18.76,19.21,12684913
2017-05-04,19.36,19.89,19.21,19.44,4398072
2017-05-05,19.59,19.74,19.36,19.44,4899347
2017-05-08,19.21,19.44,17.55,17.55,22756574
2017-05-09,17.39,18.68,17.39,18.68,14274040
2017-05-10,18.76,19.66,18.68,19.66,8457445
2017-05-11,19.66,19.66,18.76,19.21,4594768
2017-05-12,19.21,19.21,18.53,18.83,6697714
2017-05-15,19.06,19.59,18.91,19.36,6123180
2017-05-16,19.36,19.36,18.23,18.91,5978167
2017-05-17,19.51,19.81,19.06,19.81,9620061
2017-05-18,21.63,21.63,20.27,20.34,17409642
2017-05-19,20.34,21.18,20.34,21.1,16123087
2017-05-22,21.18,21.48,21.1,21.33,11067185
2017-05-23,21.25,21.25,20.65,21.18,8135806
2017-05-24,21.1,21.33,21.1,21.18,8319456
2017-05-25,21.18,21.33,21.1,21.18,7896459
2017-05-26,21.18,21.18,21.02,21.02,4989165
2017-05-31,21.4,21.78,21.4,21.78,15821519
2017-06-01,22.54,23.9,21.93,22.99,67614905
2017-06-02,23.44,25.26,23.44,25.26,85382816
2017-06-05,25.41,25.64,24.96,25.41,40257038
2017-06-06,25.64,27.68,25.64,27.15,51520921
2017-06-07,27.23,27.91,26.47,27.0,46139366
2017-06-08,26.7,27.45,26.62,27.0,21849362
2017-06-09,26.77,26.85,24.81,25.71,52000619
2017-06-12,24.96,25.79,24.5,25.41,21428873
2017-06-13,25.56,25.71,24.81,24.88,16389028
2017-06-14,25.94,26.02,24.05,24.35,37300570
2017-06-15,24.35,24.5,23.75,24.2,21368660
2017-06-16,24.35,25.64,24.28,25.34,30068965
2017-06-19,25.49,26.17,25.03,25.56,23890589
2017-06-20,25.71,25.94,24.96,25.11,34372704
2017-06-21,24.96,25.34,24.73,25.34,15622314
2017-06-22,25.34,25.41,24.73,24.81,14014621
2017-06-23,24.88,25.26,24.05,24.5,20643091
2017-06-26,24.43,24.5,23.9,24.13,15430635
2017-06-27,24.35,25.41,24.35,24.58,27607249
2017-06-28,23.9,24.81,22.91,24.58,43241606
2017-06-29,24.65,25.34,24.65,25.11,39724152
2017-06-30,25.11,25.34,24.58,25.26,31653074
2017-07-03,26.17,26.47,25.41,25.41,45373153
2017-07-04,25.18,25.64,25.03,25.11,9854893
2017-07-05,25.11,25.26,24.35,24.5,13770256
2017-07-06,24.73,25.18,24.65,25.11,12850500
2017-07-07,25.11,25.56,24.81,25.41,17680602
2017-07-10,25.71,25.86,24.88,24.96,19727850
2017-07-11,25.11,25.34,24.96,25.26,12716023
2017-07-12,25.34,25.41,25.11,25.18,20415284
2017-07-13,24.96,25.11,24.43,24.43,22726468
2017-07-14,24.5,24.73,23.22,23.44,37534398
2017-07-17,23.52,24.05,22.23,22.31,58558338
2017-07-18,22.23,22.61,22.01,22.54,25951888
2017-07-19,23.07,23.82,23.07,23.6,35793233
2017-07-20,23.6,23.6,22.54,22.69,25841497
2017-07-21,22.99,23.67,22.69,23.44,26657386
2017-07-24,23.37,23.75,23.14,23.44,13961935
2017-07-25,24.5,24.81,24.35,24.43,41677568
2017-07-26,24.96,25.56,24.81,25.49,49023077
2017-07-27,25.71,26.02,25.03,25.11,29592278
2017-07-28,25.26,25.34,24.58,25.34,18172343
2017-07-31,25.56,25.64,24.88,24.96,14702557
2017-08-01,24.96,24.96,24.05,24.05,19508072
2017-08-02,24.28,24.96,24.05,24.73,19160341
2017-08-03,24.81,25.18,24.58,24.65,15507909
2017-08-04,24.96,25.56,24.88,25.41,33610505
2017-08-07,25.71,25.86,25.49,25.71,33336033
2017-08-08,26.39,26.85,25.71,26.62,70439908
2017-08-09,26.55,27.0,25.94,26.02,38242405
2017-08-10,26.24,26.47,24.96,25.49,31835721
2017-08-11,25.26,25.79,24.96,25.56,22854421
2017-08-14,25.56,26.02,24.96,25.03,28693596
2017-08-15,25.03,25.03,25.03,25.03,0
2017-08-16,25.03,25.03,25.03,25.03,0
2017-08-17,25.03,25.03,25.03,25.03,0
2017-08-18,25.03,25.03,25.03,25.03,0
2017-08-21,25.03,25.03,25.03,25.03,0
2017-08-22,25.03,25.03,25.03,25.03,0
2017-08-23,25.03,25.03,25.03,25.03,0
2017-08-24,25.03,25.03,25.03,25.03,0
2017-08-25,25.03,25.03,25.03,25.03,0
2017-08-28,27.53,27.53,27.53,27.53,3418319
2017-08-29,30.28,30.28,30.21,30.28,85592385
2017-08-30,30.73,32.93,30.73,32.44,159887450
2017-08-31,33.19,33.48,31.1,31.33,81647988
2017-09-01,31.25,32.44,31.21,31.85,49234398
2017-09-04,32.0,33.86,32.0,33.59,78380821
2017-09-05,33.86,36.24,33.86,36.09,91315739
2017-09-06,35.94,37.13,35.12,35.72,68627083
2017-09-07,36.5,36.79,34.04,34.6,68528869
2017-09-08,35.75,36.12,35.05,35.38,46613545
2017-09-11,35.72,36.16,35.27,35.94,40282306
2017-09-12,36.5,37.28,35.86,35.98,68760076
2017-09-13,36.76,36.98,35.75,35.94,36937053
2017-09-14,35.6,35.64,34.79,35.19,33328155
2017-09-15,35.64,35.98,35.38,35.98,73779745
2017-09-18,36.39,37.28,36.24,36.24,70005606
2017-09-19,36.76,37.72,36.39,36.83,85087581
2017-09-20,37.2,37.35,36.24,36.65,26283710
2017-09-21,36.94,37.28,36.72,37.13,30334091
2017-09-22,37.35,37.72,36.12,36.24,51002101
2017-09-25,36.39,36.5,34.9,35.01,33204954
2017-09-26,34.6,35.12,33.89,34.08,39477993
2017-09-27,34.3,34.82,33.97,34.0,23232302
2017-09-28,34.6,34.67,32.55,33.48,59744028
2017-09-29,33.52,34.45,33.15,34.45,30435219
2017-10-02,36.2,36.27,35.57,35.98,25251511
2017-10-03,35.86,36.12,35.49,35.6,15994248
2017-10-05,36.46,36.65,36.16,36.53,33618650
2017-10-06,36.53,37.43,36.16,37.43,39039482
2017-10-11,40.18,41.15,39.14,40.63,108102672
2017-10-12,40.92,41.97,40.85,41.67,63936132
2017-10-13,41.37,44.64,41.0,44.42,87377019
2017-10-16,44.64,44.94,43.6,43.6,50502285
2017-10-17,43.3,43.3,41.74,42.04,51508073
2017-10-18,42.49,43.01,41.44,42.41,30190664
2017-10-19,42.78,44.12,42.56,43.23,25955372
2017-10-20,43.23,44.72,42.64,44.72,46290871
2017-10-23,45.24,45.31,43.53,43.53,42817978
2017-10-24,43.3,44.2,42.86,43.9,23384899
2017-10-25,44.64,44.79,42.64,42.64,37980868
2017-10-26,42.34,44.2,42.04,44.12,38313642
2017-10-27,42.49,42.86,40.18,40.55,122338330
2017-10-30,41.0,41.3,38.02,39.21,70891652
2017-10-31,39.96,41.07,39.36,40.92,39562658
2017-11-01,41.97,42.11,40.55,40.78,26960263
2017-11-02,40.78,41.37,40.4,40.7,16429946
2017-11-03,41.07,41.52,40.55,40.7,18563870
2017-11-06,41.07,41.44,40.55,40.63,20311518
2017-11-07,41.3,43.38,40.92,43.08,56948003
2017-11-08,42.41,42.93,40.55,40.63,61008524
2017-11-09,40.11,41.37,38.47,38.91,50035885
2017-11-10,38.32,38.99,37.05,38.69,61214665
2017-11-13,38.62,39.14,35.12,35.57,95293529
2017-11-14,36.83,38.1,35.9,37.13,90696343
2017-11-15,37.05,37.58,36.46,37.09,33703913
2017-11-16,37.35,37.8,36.39,36.72,34024416
2017-11-17,37.17,38.32,37.13,38.1,42527829
2017-11-20,38.32,39.06,38.25,38.47,30997985
2017-11-21,39.14,39.14,38.17,38.47,22901806
2017-11-22,38.91,38.99,37.09,37.2,35612399
2017-11-23,36.68,36.98,34.45,34.49,97273279
2017-11-24,34.67,35.49,33.04,35.31,73333966
2017-11-27,35.64,36.05,35.38,35.72,36803367
2017-11-28,36.09,36.61,34.15,34.15,66178110
2017-11-29,34.23,35.05,33.22,33.59,88261682
2017-11-30,32.59,35.27,32.37,35.27,219513408
2017-12-01,35.6,35.6,34.19,34.34,77092712
2017-12-04,34.93,35.31,34.08,34.6,29996388
2017-12-05,34.38,35.08,34.15,34.6,30911229
2017-12-06,34.6,34.97,32.44,32.44,51139338
2017-12-07,32.44,33.07,29.2,29.24,113839877
2017-12-08,28.42,30.28,26.86,29.65,150852361
2017-12-11,30.13,31.06,28.76,30.66,54367754
2017-12-12,30.8,31.25,30.36,30.47,34877757
2017-12-13,30.54,33.19,30.54,32.52,64515243
2017-12-14,33.11,33.67,31.1,31.62,58314292
2017-12-15,31.47,31.77,30.95,31.55,29255095
2017-12-18,32.0,32.14,31.25,31.25,17283782
2017-12-19,31.7,32.74,31.55,32.52,32162838
2017-12-20,32.59,32.74,32.0,32.07,15588950
2017-12-21,32.14,33.37,31.36,32.66,35184660
2017-12-22,32.37,32.48,31.1,31.25,41062527
2017-12-25,30.99,31.18,30.13,30.13,31444636
2017-12-26,30.36,31.33,29.99,29.99,29863957
2017-12-27,30.36,30.73,30.28,30.43,13572830
2017-12-28,30.8,31.85,30.62,31.85,28217181
2017-12-29,32.44,34.79,32.4,32.89,88105664
2018-01-02,33.45,33.45,31.85,32.44,27452819
2018-01-03,33.19,33.45,32.81,33.0,18277142
2018-01-04,33.48,33.86,33.3,33.41,20522711
2018-01-05,33.74,34.15,32.44,32.74,22255959
2018-01-08,32.7,32.81,31.21,31.25,29804458
2018-01-09,31.25,32.55,31.25,31.92,26447797
2018-01-10,32.0,32.0,30.21,30.58,32522680
2018-01-11,30.62,31.1,30.21,30.58,23177192
2018-01-12,31.18,31.21,30.36,30.51,17893050
2018-01-15,30.88,31.03,30.32,30.88,16349824
2018-01-16,30.99,30.99,30.43,30.88,16422207
2018-01-17,30.88,32.33,30.54,31.77,33395404
2018-01-18,32.29,32.52,31.85,32.0,29039947
2018-01-19,32.29,32.33,30.88,30.92,20248228
2018-01-22,30.99,31.55,30.58,31.14,14374054
2018-01-23,31.73,34.23,31.55,33.19,98090504
2018-01-24,33.52,33.86,32.29,32.29,45121926
2018-01-25,32.37,33.04,31.44,32.14,29328618
2018-01-26,32.22,32.29,31.47,31.77,13900303
2018-01-29,32.07,33.37,31.85,32.74,24135522
2018-01-30,32.93,33.19,32.4,32.93,21073222
2018-01-31,33.11,35.12,32.96,34.0,96868488
2018-02-01,35.34,35.45,33.89,34.0,89260177
2018-02-02,34.38,34.71,34.04,34.3,26102127
2018-02-05,32.48,33.19,31.73,31.92,60862855
2018-02-06,29.84,30.43,28.8,29.73,76896200
2018-02-07,31.62,31.96,30.66,31.85,46419738
2018-02-08,31.25,31.59,29.69,29.69,43868647
2018-02-09,27.01,28.65,27.01,28.27,66217167
2018-02-12,28.94,29.09,27.98,27.98,31184818
2018-02-21,29.39,30.36,28.76,30.28,35328511
2018-02-22,30.25,31.62,29.54,31.62,40669306
2018-02-23,32.0,33.11,31.25,31.33,42402477
2018-02-26,32.11,32.29,31.33,31.51,17113883
2018-02-27,32.0,32.7,31.77,32.33,29956446
2018-03-01,31.85,32.55,31.73,32.0,19212187
2018-03-02,31.33,31.55,30.66,31.25,24833844
2018-03-05,31.51,32.14,31.25,31.25,15046393
2018-03-06,31.96,32.29,31.73,31.92,20862178
2018-03-07,32.11,32.52,31.25,31.36,24148247
2018-03-08,31.62,33.0,31.51,32.89,54990020
2018-03-09,34.23,35.12,33.93,34.71,83291937
2018-03-12,35.72,36.79,35.64,36.2,60818535
2018-03-13,36.31,37.13,35.9,37.02,55430847
2018-03-14,37.09,37.58,36.61,36.83,41288378
2018-03-15,36.39,36.76,35.86,36.27,31984420
2018-03-16,36.46,36.79,35.12,35.64,31819379
2018-03-19,35.57,35.6,34.56,34.6,34411392
2018-03-20,33.86,35.27,33.52,34.97,32997302
2018-03-21,35.34,35.9,34.71,34.93,30956894
2018-03-22,35.34,35.72,34.82,35.42,18046841
2018-03-23,34.3,34.79,33.78,33.89,32361537
2018-03-26,33.89,34.79,33.89,34.79,20007919
2018-03-27,36.42,38.25,36.16,38.25,95249745
2018-03-28,38.25,38.25,35.68,35.94,83892959
2018-03-29,36.16,36.61,35.53,36.53,34621451
2018-03-30,37.2,37.72,36.91,37.2,36448758
2018-04-02,40.11,41.3,38.39,38.47,81495627
2018-04-03,38.02,39.73,37.43,39.73,45443569
2018-04-09,39.73,39.88,38.69,38.77,20855693
2018-04-10,38.39,39.21,37.43,37.5,25847026
2018-04-11,38.47,38.99,36.65,36.76,26088691
2018-04-12,37.13,37.43,35.57,35.98,24529998
2018-04-13,36.53,38.32,35.79,37.8,33010550
2018-04-16,37.58,37.65,36.46,36.57,28945494
2018-04-17,36.83,36.98,34.79,34.86,36103471
2018-04-18,35.34,36.16,34.71,35.05,27370645
2018-04-19,35.72,35.98,35.12,35.27,17322214
2018-04-20,33.97,34.52,33.56,34.08,37639494
2018-04-23,34.0,34.45,33.71,34.38,20502231
2018-04-24,34.3,34.45,31.92,32.33,45291512
2018-04-25,31.66,34.45,31.66,34.38,44816575
2018-04-26,34.6,34.75,31.85,32.18,46042446
2018-04-27,33.48,34.41,32.44,33.89,58892927
2018-04-30,33.71,35.49,33.04,35.38,51804156
2018-05-02,34.97,35.08,33.33,33.33,36029990
2018-05-03,33.07,33.67,32.07,32.11,44154934
2018-05-04,32.11,32.89,32.11,32.26,34853259
2018-05-07,32.74,32.85,31.77,31.77,22566576
2018-05-08,32.0,32.33,31.7,31.7,27971127
2018-05-09,32.0,32.4,31.25,31.25,27530122
2018-05-10,31.66,31.88,31.25,31.33,21548966
2018-05-11,31.66,31.85,30.36,30.36,36058490
2018-05-14,30.62,31.88,30.51,31.21,37459861
2018-05-15,31.51,31.92,31.25,31.92,29183420
2018-05-16,32.22,33.82,32.11,33.33,59848920
2018-05-17,34.0,34.08,32.78,32.78,33098280
2018-05-18,32.93,34.08,32.07,33.63,37099426
2018-05-21,33.59,35.01,33.59,34.23,41602678
2018-05-22,34.75,34.82,33.26,34.23,36720828
2018-05-23,34.67,35.08,33.86,33.86,25828634
2018-05-24,34.23,34.75,33.89,34.52,26796907
2018-05-25,34.97,35.31,34.41,34.41,37053949
2018-05-28,35.34,37.2,35.12,35.9,74910235
2018-05-29,36.46,37.35,36.01,36.16,49491620
2018-05-30,35.72,37.05,35.27,36.79,37216598
2018-05-31,37.95,38.32,36.83,36.83,65444085
2018-06-01,36.83,36.83,36.09,36.16,24579765
2018-06-04,36.76,36.98,35.6,35.79,36013671
2018-06-05,36.12,36.76,35.57,36.68,27538175
2018-06-06,36.98,37.35,36.53,36.68,28667158
2018-06-07,36.79,37.13,36.53,36.83,26215204
2018-06-08,37.35,37.65,35.94,36.24,33775875
2018-06-11,36.24,36.57,35.72,35.72,27306804
2018-06-12,35.57,36.53,35.42,35.83,25416340
2018-06-13,36.24,36.39,35.6,35.72,18649532
2018-06-14,35.79,35.83,34.52,34.52,25862498
2018-06-15,34.97,35.49,34.49,35.23,32040584
2018-06-19,34.82,34.82,34.26,34.26,24377264
2018-06-20,34.3,34.45,33.11,33.59,34185551
2018-06-21,33.52,34.12,33.48,33.52,27813724
2018-06-22,33.07,33.07,32.26,32.29,24851125
2018-06-25,32.4,33.04,32.37,32.78,17828694
2018-06-26,32.48,33.71,32.14,33.71,20899523
2018-06-27,33.33,33.52,32.33,32.33,25477591
2018-06-28,32.0,32.55,31.7,32.07,17996157
2018-06-29,32.37,32.52,31.96,32.29,23476523
2018-07-02,32.37,32.85,30.84,30.88,39445682
2018-07-03,31.25,31.73,30.66,30.92,31426010
2018-07-04,31.29,32.03,30.92,32.0,15400155
2018-07-05,31.66,32.14,31.1,31.1,15330101
2018-07-06,31.4,31.7,30.51,30.51,18790152
2018-07-09,30.4,30.99,30.17,30.47,25296189
2018-07-10,30.69,32.52,30.58,32.4,33616624
2018-07-11,31.85,32.07,30.88,30.95,26545198
2018-07-12,30.95,32.52,30.95,32.37,41590157
2018-07-13,32.85,33.3,32.11,32.14,53065237
2018-07-16,32.14,32.33,31.14,31.14,24665153
2018-07-17,31.4,31.59,30.77,31.25,15721904
2018-07-18,31.47,31.88,31.21,31.4,18140715
2018-07-19,31.4,31.55,30.8,30.8,12801505
2018-07-20,31.18,31.33,30.32,30.4,18003451
2018-07-23,30.51,30.88,30.02,30.36,14587886
2018-07-24,30.66,31.55,30.62,31.14,13721399
2018-07-25,30.88,32.11,30.69,32.0,19714152
2018-07-26,31.85,32.26,31.1,31.1,22165732
2018-07-27,32.96,33.33,32.22,32.66,57100545
2018-07-30,32.74,33.07,32.0,32.22,28564851
2018-07-31,32.22,32.44,31.55,31.62,18779233
2018-08-01,31.7,32.07,31.36,31.81,23494202
2018-08-02,31.92,31.92,30.95,30.99,23081522
2018-08-03,31.33,31.62,31.1,31.4,16410218
2018-08-06,31.51,31.73,31.1,31.14,14725190
2018-08-07,31.4,31.7,31.25,31.47,9819362
2018-08-08,31.66,31.85,30.88,30.88,26497956
2018-08-09,30.84,30.84,30.13,30.21,27867821
2018-08-10,29.91,29.99,29.09,29.17,35328339
2018-08-13,28.57,28.61,26.38,26.41,67645859
2018-08-14,26.49,26.86,25.19,25.34,74167379
2018-08-15,25.56,25.63,24.55,24.59,41096676
2018-08-16,24.11,25.48,23.62,25.41,50632480
2018-08-17,25.6,25.71,24.67,24.7,30780764
2018-08-20,24.85,24.89,23.85,23.88,24480391
2018-08-21,24.26,24.41,23.96,24.41,20303700
2018-08-22,24.63,25.0,24.48,24.78,16640772
2018-08-23,24.78,25.15,24.55,24.74,16750364
2018-08-24,24.86,25.09,24.27,24.35,17060133
2018-08-27,24.9,25.8,24.74,25.64,25952196
2018-08-28,25.64,25.92,25.37,25.84,16989269
2018-08-29,25.88,26.54,25.88,26.31,14867793
2018-08-30,26.23,26.23,25.84,26.11,10556949
2018-08-31,25.76,25.84,25.6,25.84,11776865
2018-09-03,25.84,26.11,25.49,25.49,10150974
2018-09-04,25.76,26.11,25.56,25.96,8889430
2018-09-05,25.84,25.96,25.53,25.53,12568865
2018-09-06,25.09,25.13,24.19,24.35,32583923
2018-09-07,23.33,23.45,21.92,21.92,60822816
2018-09-10,21.92,22.67,20.67,20.91,53497703
2018-09-11,21.3,22.39,21.06,22.04,35399296
2018-09-12,22.12,22.12,20.91,20.98,35875978
2018-09-13,21.06,21.53,20.59,20.83,26243198
2018-09-14,21.41,22.0,21.18,21.81,28225595
2018-09-17,21.81,22.2,21.45,22.04,19850049
2018-09-18,21.38,22.0,21.22,21.38,30986010
2018-09-19,21.73,22.0,21.53,21.53,23100484
2018-09-20,21.53,21.88,21.18,21.61,19563110
2018-09-21,21.3,21.3,20.2,20.36,93125324
2018-09-25,20.04,20.79,19.93,20.71,43387529
2018-09-26,20.44,20.63,20.2,20.36,19889838
2018-09-27,20.04,20.32,19.89,19.97,20791440
2018-09-28,20.2,20.44,19.93,19.93,18027539
2018-10-01,20.12,20.51,20.12,20.2,17400298
2018-10-02,20.2,20.79,20.12,20.75,43542269
2018-10-03,20.91,21.02,20.32,20.32,24747709
2018-10-04,20.28,20.28,18.32,18.32,82096113
2018-10-05,18.01,18.87,17.77,18.44,77194833
2018-10-08,18.01,18.4,17.81,18.4,39846315
2018-10-09,18.36,18.36,16.6,16.64,79843531
2018-10-11,15.11,15.54,14.99,14.99,67483070
2018-10-12,15.15,15.74,15.07,15.46,91648028
2018-10-15,15.23,15.7,14.8,14.88,70912449
2018-10-16,14.88,15.54,14.88,14.95,57171990
2018-10-17,15.39,15.42,14.8,14.95,45820180
2018-10-18,15.07,15.31,14.92,14.95,28279296
2018-10-19,14.8,14.84,14.33,14.8,52769053
2018-10-22,14.8,15.39,14.6,15.23,41130173
2018-10-23,14.88,15.15,14.88,14.99,25497540
2018-10-24,14.99,15.15,14.6,14.8,32991890
2018-10-25,13.35,13.51,13.35,13.35,68417699
2018-10-26,13.27,13.31,12.61,12.65,73572023
2018-10-29,12.49,12.61,11.86,11.86,83304844
2018-10-30,11.98,12.41,11.98,12.29,60872728
2018-10-31,12.61,13.51,12.53,13.43,68138591
2018-11-01,13.47,14.02,13.19,13.94,52959508
2018-11-02,14.64,15.31,14.33,15.31,73071876
2018-11-05,15.58,16.05,15.15,15.42,118931686
2018-11-06,15.62,15.82,14.76,14.8,52359557
2018-11-07,14.76,15.35,14.72,15.31,34198545
2018-11-08,15.78,15.89,14.76,14.84,58557252
2018-11-09,14.84,14.84,14.41,14.6,38700612
2018-11-12,14.41,15.15,14.37,14.84,31991135
2018-11-13,14.13,15.15,14.09,15.15,46292380
2018-11-14,15.03,15.07,14.49,14.49,65811387
2018-11-15,14.41,14.88,14.29,14.76,35562613
2018-11-16,14.99,15.11,14.52,14.52,42011426
2018-11-19,14.68,15.07,14.64,14.84,28538912
2018-11-20,14.68,14.88,14.6,14.88,16778495
2018-11-21,14.84,15.03,14.64,14.95,36228999
2018-11-22,15.27,15.54,14.92,14.92,57833428
2018-11-23,14.99,15.07,14.68,14.76,20737662
2018-11-26,14.88,15.11,14.64,14.64,25556535
2018-11-27,14.72,15.19,14.68,15.19,35033565
2018-11-28,15.39,15.86,15.19,15.78,48590734
2018-11-29,16.25,17.19,16.13,16.21,95670904
2018-11-30,16.13,16.6,15.89,16.05,204213054
2018-12-03,16.76,17.66,16.6,17.66,101423505
2018-12-04,17.66,17.89,17.23,17.38,68704119
2018-12-05,16.44,16.79,16.29,16.48,57921063
2018-12-06,16.05,16.21,14.88,14.95,92674123
2018-12-07,15.19,15.39,15.03,15.23,37050791
2018-12-10,14.84,15.15,14.8,15.15,34181646
2018-12-11,15.27,15.42,14.99,15.07,24005112
2018-12-12,15.31,15.5,15.15,15.31,27296983
2018-12-13,15.42,15.46,15.19,15.31,22469058
2018-12-14,15.23,15.23,14.8,14.92,33989478
2018-12-17,14.8,14.95,14.52,14.68,24248677
2018-12-18,14.41,14.64,14.33,14.52,20976451
2018-12-19,14.45,14.6,14.09,14.13,31355749
2018-12-20,13.82,13.9,13.39,13.43,39039392
2018-12-21,13.31,14.29,13.23,14.02,51788432
2018-12-24,14.21,14.8,14.02,14.8,34166140
2018-12-25,14.45,15.11,14.29,15.11,40085389
2018-12-26,15.23,15.54,14.45,14.45,52010987
2018-12-27,15.03,15.11,14.49,14.6,38863578
2018-12-28,14.6,14.68,14.33,14.37,23146605
2019-01-02,14.52,14.56,13.9,13.9,38475577
2019-01-03,13.66,14.05,13.58,13.66,31098244
2019-01-04,13.58,13.7,13.19,13.7,29671227
2019-01-07,14.17,14.17,14.02,14.05,21187239
2019-01-08,13.78,14.29,13.7,14.21,23894760
2019-01-09,14.29,14.45,14.25,14.25,20575995
2019-01-10,14.33,14.52,14.25,14.29,16175184
2019-01-11,14.49,14.6,14.29,14.29,18011362
2019-01-14,14.45,14.6,14.33,14.37,12618674
2019-01-15,14.37,14.64,14.33,14.56,17938033
2019-01-16,14.72,15.35,14.72,14.84,78728606
2019-01-17,14.8,15.15,14.76,14.88,33916071
2019-01-18,15.11,15.23,14.92,15.03,19101388
2019-01-21,15.23,15.23,15.03,15.07,15370729
2019-01-22,15.11,15.15,14.8,14.8,14098376
2019-01-23,14.8,15.03,14.64,15.03,14303899
2019-01-24,15.11,15.31,15.07,15.11,23057459
2019-01-25,15.86,16.05,15.5,15.54,64098696
2019-01-28,15.7,15.74,15.54,15.58,21190112
2019-01-29,15.58,15.58,15.31,15.35,20483589
2019-01-30,15.42,15.46,15.19,15.19,21023550
2019-02-11,15.35,15.39,14.99,15.03,16906143
2019-02-12,15.07,15.39,15.03,15.19,20322902
2019-02-13,15.39,15.89,15.23,15.86,59331156
2019-02-14,15.93,16.05,15.66,15.66,33258978
2019-02-15,15.66,15.89,15.39,15.39,23280870
2019-02-18,15.54,15.7,15.42,15.54,19707309
2019-02-19,15.66,15.86,15.66,15.86,35654779
2019-02-20,15.74,15.78,15.54,15.58,32912842
2019-02-21,15.66,16.09,15.58,16.09,55765870
2019-02-22,16.68,17.7,16.68,17.7,230340632
2019-02-25,18.24,19.14,18.2,18.56,166806108
2019-02-26,18.67,18.79,18.01,18.09,85326608
2019-02-27,18.05,18.32,17.81,18.28,53692275
2019-03-04,18.52,18.52,18.01,18.13,35673228
2019-03-05,18.01,18.01,17.73,17.81,33243712
2019-03-06,17.81,18.28,17.73,18.09,51312279
2019-03-07,18.01,18.24,17.73,17.77,38522302
2019-03-08,17.19,17.23,16.79,16.91,58383753
2019-03-11,16.76,17.23,16.72,17.19,21228596
2019-03-12,17.46,17.54,17.07,17.07,24318077
2019-03-13,16.95,17.11,16.48,16.48,53308767
2019-03-14,16.44,16.76,16.17,16.21,61086093
2019-03-15,16.33,16.56,16.29,16.4,23246656
2019-03-18,16.56,16.6,16.44,16.52,16044789
2019-03-19,16.6,16.95,16.52,16.76,26533078
2019-03-20,16.76,16.83,16.6,16.76,13910803
2019-03-21,16.83,17.03,16.79,16.83,27745049
2019-03-22,17.07,17.19,16.72,16.72,29172548
2019-03-25,16.33,16.48,16.25,16.29,18942194
2019-03-26,16.4,16.48,16.29,16.33,12532091
2019-03-27,16.33,16.4,16.21,16.36,10176677
2019-03-28,16.36,16.44,16.25,16.25,7663680
2019-03-29,16.33,16.36,16.17,16.36,10026481
2019-04-01,16.56,16.87,16.52,16.64,22901157
2019-04-02,16.76,17.07,16.72,16.99,39961314
2019-04-03,17.11,17.23,16.95,16.99,24663482
2019-04-08,17.11,17.42,17.07,17.15,41356482
2019-04-09,17.11,17.19,16.76,16.76,33864242
2019-04-10,16.68,16.83,16.6,16.83,18409836
2019-04-11,16.91,17.19,16.83,16.87,29571108
2019-04-12,16.91,16.99,16.4,16.44,26465674
2019-04-15,16.64,16.64,16.44,16.44,11035352
2019-04-16,16.52,16.68,16.48,16.64,15541746
2019-04-17,16.72,17.3,16.68,17.11,52079558
2019-04-18,17.46,17.62,16.72,16.72,47033747
2019-04-19,18.36,18.36,17.89,18.36,188802949
2019-04-22,18.79,19.42,18.79,19.26,179141791
2019-04-23,18.95,18.95,18.44,18.6,95010404
2019-04-24,19.34,19.42,18.71,18.79,89529145
2019-04-25,19.18,19.65,18.95,19.65,110452922
2019-04-26,19.14,19.3,18.87,18.95,97889604
2019-04-29,18.83,18.91,18.01,18.13,66560532
2019-04-30,18.17,18.83,18.17,18.75,39138587
2019-05-02,18.6,18.79,18.52,18.56,27660880
2019-05-03,18.71,18.99,18.6,18.79,38473200
2019-05-06,18.17,18.36,18.05,18.13,43381852
2019-05-07,18.24,18.48,18.2,18.2,19540542
2019-05-08,17.93,18.01,17.7,17.93,21293216
2019-05-09,18.05,18.17,17.15,17.42,39037698
2019-05-10,17.46,17.89,17.15,17.5,32751561
2019-05-13,17.38,17.77,17.26,17.58,34774320
2019-05-14,17.15,17.5,16.83,17.38,25813979
2019-05-15,17.54,17.81,17.54,17.7,24630736
2019-05-16,17.7,17.77,17.34,17.34,27648338
2019-05-17,17.7,17.97,17.42,17.42,77174731
2019-05-20,17.42,17.73,17.26,17.3,32115890
2019-05-21,17.11,17.11,16.17,16.36,75159581
2019-05-22,16.44,16.99,16.36,16.6,33014430
2019-05-23,16.33,16.4,15.97,16.36,47409572
2019-05-24,16.36,16.52,16.05,16.05,28771742
2019-05-27,16.21,16.29,15.62,15.66,34941454
2019-05-28,15.82,15.89,15.66,15.82,14592998
2019-05-29,15.62,15.89,15.42,15.86,21191751
2019-05-30,15.86,16.33,15.86,16.33,21855256
2019-05-31,16.33,16.68,16.33,16.52,50495096
2019-06-03,16.21,16.36,16.13,16.33,15847814
2019-06-04,17.03,17.15,16.6,16.6,52019340
2019-06-05,17.19,17.3,16.91,16.95,39233336
2019-06-06,17.07,17.23,16.95,17.03,21799046
2019-06-10,17.23,17.3,16.95,17.15,22197587
2019-06-11,17.23,17.46,17.07,17.34,25403184
2019-06-12,17.34,17.42,17.07,17.11,15472980
2019-06-13,16.95,17.15,16.76,16.76,18947741
2019-06-14,16.76,16.95,16.72,16.72,9041334
2019-06-17,16.68,16.91,16.56,16.6,9728476
2019-06-18,16.76,16.91,16.64,16.87,14592331
2019-06-19,17.34,17.58,17.26,17.46,47763011
2019-06-20,17.46,17.62,17.42,17.46,19276496
2019-06-21,17.54,17.89,17.3,17.3,59964697
2019-06-24,17.54,17.97,17.34,17.66,63353996
2019-06-25,17.7,17.85,17.34,17.34,38391810
2019-06-26,17.5,17.81,17.5,17.77,40192564
2019-06-27,18.24,18.4,18.05,18.09,52317371
2019-06-28,18.17,18.24,17.89,18.13,41494180
2019-07-01,18.75,18.87,18.44,18.56,51592264
2019-07-02,18.6,18.67,18.36,18.44,25015068
2019-07-03,18.48,18.56,18.17,18.24,27389692
2019-07-04,18.48,18.56,18.4,18.56,24774564
2019-07-05,18.67,18.87,18.6,18.79,58495710
2019-07-08,18.79,19.1,18.79,18.95,31665702
2019-07-09,19.07,19.57,18.87,18.87,83025676
2019-07-10,19.18,19.42,18.99,19.42,62857286
2019-07-11,19.61,20.16,19.5,19.97,108289945
2019-07-12,20.12,21.81,19.89,20.83,201767513
2019-07-15,21.41,22.67,21.3,22.67,209484560
2019-07-16,23.02,23.22,22.04,22.59,190204001
2019-07-17,22.0,22.55,21.88,22.28,88246280
2019-07-18,22.9,23.02,22.47,22.71,97115758
2019-07-19,23.22,23.37,22.59,22.78,80877258
2019-07-22,23.02,23.69,22.98,23.69,80643660
2019-07-23,24.04,24.82,23.84,24.66,120314768
2019-07-24,24.74,24.74,23.76,23.92,90874812
2019-07-25,24.43,25.45,24.16,25.37,125552853
2019-07-26,25.06,25.72,24.66,25.21,140957080
2019-07-29,25.29,25.45,24.86,24.98,55893685
2019-07-30,25.21,25.37,23.84,24.23,121473090
2019-07-31,24.55,24.7,23.65,24.7,92291182
2019-08-01,24.0,24.82,24.0,24.23,54541344
2019-08-02,23.72,23.72,22.47,22.47,128221735
2019-08-05,22.47,23.29,22.47,22.51,69245997
2019-08-06,21.18,22.78,21.18,22.67,65672737
2019-08-07,23.1,23.29,22.47,22.47,42580393
2019-08-08,22.82,22.94,22.0,22.16,56398702
2019-08-12,22.36,22.65,21.71,21.71,50809359
2019-08-13,21.42,21.95,21.38,21.46,45438555
2019-08-14,22.32,23.22,22.12,23.18,84667033
2019-08-15,22.49,22.77,22.4,22.53,53067818
2019-08-16,22.61,22.73,22.08,22.36,42218394
2019-08-19,22.77,23.14,22.77,23.14,40679312
2019-08-20,23.63,23.67,22.57,22.57,49287473
2019-08-21,22.69,22.77,22.32,22.4,26031791
2019-08-22,22.53,22.69,21.95,22.0,35801242
2019-08-23,22.12,22.65,22.08,22.53,31270246
2019-08-26,21.67,21.95,21.38,21.63,45558918
2019-08-27,22.04,22.4,21.95,22.2,30866388
2019-08-28,22.28,22.44,22.12,22.32,24500141
2019-08-29,22.4,22.44,22.04,22.12,18550404
2019-08-30,22.4,22.81,22.4,22.53,34268008
2019-09-02,22.85,24.73,22.65,24.73,133543124
2019-09-03,24.73,24.78,23.75,23.75,96396118
2019-09-04,23.83,24.33,23.79,24.16,50698786
2019-09-05,24.45,25.02,24.16,24.16,93770528
2019-09-06,24.53,24.98,24.37,24.61,67415179
2019-09-10,25.1,25.14,24.41,24.69,45159931
2019-09-11,24.98,25.02,24.45,24.53,38054443
2019-09-12,25.18,25.18,24.57,24.73,55559839
2019-09-16,24.82,24.9,24.33,24.78,37353745
2019-09-17,25.02,26.0,25.02,25.67,107589917
2019-09-18,26.0,26.66,25.67,25.67,103490155
2019-09-19,26.0,26.41,25.8,26.25,96933577
2019-09-20,26.66,27.64,26.33,27.64,155939243
2019-09-23,27.51,27.96,27.06,27.43,78094399
2019-09-24,27.35,27.51,26.33,26.41,88941172
2019-09-25,26.04,26.37,25.67,25.84,59038802
2019-09-26,26.17,26.33,25.43,25.76,55059835
2019-09-27,26.04,26.45,25.72,25.76,88587589
2019-10-01,25.92,26.08,25.51,25.51,41557477
2019-10-02,25.18,26.53,25.1,26.49,78314086
2019-10-03,26.04,26.66,26.04,26.33,50854582
2019-10-04,26.57,27.15,26.45,26.7,71553027
2019-10-07,27.06,27.47,26.94,27.06,63406140
2019-10-08,27.56,27.64,26.7,26.7,106754561
2019-10-09,26.49,26.53,26.0,26.08,72016735
2019-10-14,26.57,26.86,26.21,26.66,63840014
2019-10-15,26.78,26.9,25.88,25.88,68907665
2019-10-16,26.08,26.41,25.96,26.0,43950660
2019-10-17,26.21,26.74,25.88,26.74,45917402
2019-10-18,26.82,27.31,26.74,26.82,101339575
2019-10-21,26.9,27.06,26.61,26.61,42829612
2019-10-22,26.82,26.98,26.7,26.9,38244078
2019-10-23,27.15,27.31,26.82,27.02,57750742
2019-10-24,27.15,27.23,26.86,26.94,36801990
2019-10-25,26.94,27.31,25.88,25.88,137883651
2019-10-28,25.92,25.96,25.18,25.35,73341195
2019-10-29,25.51,25.8,25.18,25.35,36506480
2019-10-30,25.43,25.63,25.31,25.47,20092186
2019-10-31,25.59,25.63,25.31,25.43,24420368
2019-11-01,25.72,26.49,25.67,26.17,81845466
2019-11-04,26.49,26.57,25.76,25.8,40755759
2019-11-05,26.0,26.25,25.88,25.92,28808795
2019-11-06,26.04,26.12,25.63,25.67,20014052
2019-11-07,25.72,25.8,25.31,25.39,25158187
2019-11-08,24.9,24.9,23.75,24.2,95551370
2019-11-11,23.96,24.04,23.51,23.51,37301684
2019-11-12,23.79,24.37,23.79,24.37,22981100
2019-11-13,24.37,24.61,24.12,24.24,21096263
2019-11-14,24.24,24.37,23.71,23.75,17837683
2019-11-15,24.0,24.37,23.83,24.04,16559304
2019-11-18,24.45,26.17,24.45,26.04,103179069
2019-11-19,26.17,26.78,26.08,26.33,102438583
2019-11-20,26.37,26.82,26.12,26.74,77388494
2019-11-21,26.57,26.9,26.33,26.9,55118300
2019-11-22,26.98,27.23,26.61,26.61,43298328
2019-11-25,26.9,26.98,26.45,26.53,26058288
2019-11-26,26.86,27.06,26.66,26.94,39748309
2019-11-27,27.06,27.51,26.98,26.98,62808148
2019-11-28,27.23,27.64,27.11,27.43,58131770
2019-11-29,27.76,27.96,26.9,27.02,52566584
2019-12-02,27.23,27.56,26.7,27.56,47751688
2019-12-03,27.47,29.31,27.31,29.23,157966339
2019-12-04,28.95,29.39,28.54,29.03,78870670
2019-12-05,29.44,29.44,28.58,28.62,68795161
2019-12-06,28.95,29.44,28.74,29.07,61999287
2019-12-09,28.74,28.99,28.13,28.78,60782961
2019-12-10,29.11,29.8,28.95,29.31,79815455
2019-12-11,29.44,31.77,29.31,31.64,178963862
2019-12-12,31.64,31.97,30.99,31.07,84439816
2019-12-13,31.23,31.48,29.84,29.93,93805907
2019-12-16,29.84,30.99,29.72,30.42,386294
2019-12-17,30.66,30.95,30.34,30.38,44847166
2019-12-18,30.42,30.62,29.89,30.05,37073530
2019-12-19,30.66,31.32,30.25,30.29,89511437
2019-12-20,30.42,30.62,30.09,30.46,37428163
2019-12-23,30.66,30.78,29.89,29.93,28853094
2019-12-24,30.05,30.21,29.72,29.93,21715393
2019-12-25,29.97,30.34,29.93,30.34,20369427
2019-12-26,30.58,30.7,30.09,30.09,24805158
2019-12-27,30.29,31.23,30.29,31.11,79553280
2019-12-30,31.11,31.19,30.5,30.58,40724541
2019-12-31,30.25,30.66,30.13,30.42,32447169
2020-01-02,30.95,31.64,30.62,31.07,72998501
2020-01-03,31.77,31.89,30.42,31.07,72591071
2020-01-06,31.4,32.26,31.23,31.85,123542783
2020-01-07,32.3,32.58,30.74,30.74,101521085
2020-01-08,30.17,31.56,30.13,31.48,69631645
2020-01-09,31.97,32.05,31.28,31.36,67056500
2020-01-10,31.48,31.64,30.91,31.03,34772033
2020-01-13,31.4,31.73,31.11,31.73,30759597
2020-01-14,31.81,32.42,31.6,32.09,61141970
2020-01-15,32.22,32.38,31.68,31.68,32829918
2020-01-16,31.68,32.67,31.56,32.67,71910194
2020-01-17,32.71,32.79,32.01,32.13,55748761
2020-01-20,32.3,32.62,32.22,32.46,29131095
2020-01-30,31.03,31.4,29.44,29.84,79692661
2020-01-31,30.91,31.4,30.34,31.07,67256206
2020-02-03,30.25,31.23,29.44,31.23,60895074
2020-02-04,29.84,31.44,29.72,31.44,58873016
2020-02-05,31.73,33.16,31.56,32.91,120991527
2020-02-06,32.91,33.44,32.79,33.44,67445747
2020-02-07,32.95,33.03,32.22,32.26,62861371
2020-02-10,31.52,32.22,31.23,31.23,86073489
2020-02-11,31.68,31.93,31.52,31.77,34219291
2020-02-12,31.97,32.22,31.64,31.81,31089916
2020-02-13,32.13,32.62,31.77,31.77,52229534
2020-02-14,31.73,31.89,31.36,31.44,42451379
2020-02-17,31.15,31.89,31.07,31.64,34884800
2020-02-18,31.48,31.6,31.07,31.19,35999683
2020-02-19,29.27,30.09,28.25,28.9,211671796
2020-02-20,29.27,29.68,29.07,29.11,88574529
2020-02-21,28.99,29.64,28.99,29.27,49213358
2020-02-24,28.95,29.8,28.9,29.44,49540201
2020-02-25,29.11,29.56,28.82,29.11,50528843
2020-02-26,28.82,29.27,28.45,28.5,50713648
2020-02-27,28.86,28.99,26.94,26.98,109721998
2020-03-02,25.02,26.86,24.9,25.92,88957176
2020-03-03,27.47,27.51,26.86,26.86,60638618
2020-03-04,26.86,27.47,26.33,27.39,58098019
2020-03-05,27.88,28.74,27.84,28.62,65888662
2020-03-06,28.21,28.58,28.05,28.58,40736351
2020-03-09,28.58,28.78,27.39,27.39,75495261
2020-03-10,26.9,28.45,26.74,28.45,61293454
2020-03-11,28.45,28.66,27.11,27.31,46882209
2020-03-12,26.94,26.94,24.73,25.06,77115376
2020-03-13,22.65,24.16,22.57,23.79,80956299
2020-03-16,24.0,24.69,22.24,22.24,67385870
2020-03-17,21.18,22.49,20.73,20.73,78379653
2020-03-18,21.38,21.5,20.03,20.03,57693817
2020-03-19,19.62,19.87,18.03,18.03,86167950
2020-03-20,18.93,19.83,18.68,19.83,59392634
2020-03-23,18.81,19.21,18.23,18.32,48915939
2020-03-24,19.3,20.11,18.97,19.79,51119683
2020-03-25,21.26,21.75,21.26,21.75,35127858
2020-03-26,22.04,22.16,20.77,21.63,69451615
2020-03-27,22.69,22.89,21.14,21.18,63772156
2020-03-30,20.32,21.1,20.2,20.93,40199987
2020-03-31,21.38,21.59,20.6,20.85,30466220
2020-04-01,20.89,21.18,20.52,21.18,24135613
2020-04-06,21.75,21.91,20.85,21.91,50859820
2020-04-07,22.73,24.08,22.69,24.08,114953258
2020-04-08,24.82,26.29,24.61,25.67,147474393
2020-04-09,26.57,26.66,25.47,25.51,92577698
2020-04-10,25.51,25.84,25.35,25.55,38811816
2020-04-13,25.55,25.8,25.1,25.14,37999120
2020-04-14,25.35,25.88,25.31,25.55,51816422
2020-04-15,25.63,26.12,25.59,25.76,66685167
2020-04-16,25.76,26.04,25.59,25.96,53225324
2020-04-17,26.57,26.7,25.35,25.59,66996687
2020-04-20,25.47,26.0,25.27,25.84,30201660
2020-04-21,25.92,26.41,25.43,25.47,65508295
2020-04-22,25.35,26.53,25.31,26.53,76065554
2020-04-23,26.86,27.23,26.57,26.74,76654913
2020-04-24,27.15,28.21,26.9,27.92,133151600
2020-04-27,28.62,28.95,28.37,28.7,87898023
2020-04-28,28.78,28.82,27.84,28.21,65579485
2020-04-29,28.45,28.78,28.0,28.74,75363766
2020-04-30,29.97,30.25,29.44,29.52,143263270
2020-05-04,28.78,30.17,28.74,29.76,95024204
2020-05-05,30.21,30.58,29.56,29.8,85693344
2020-05-06,30.01,30.05,28.86,29.19,70905045
2020-05-07,29.23,29.72,28.95,29.39,47349017
2020-05-08,29.93,30.05,29.27,29.39,64904906
2020-05-11,29.68,29.8,29.27,29.35,45899556
2020-05-12,29.31,29.52,28.7,28.78,53659543
2020-05-13,28.5,28.62,27.88,28.25,69083637
2020-05-14,27.84,28.0,26.57,26.7,102406262
2020-05-15,27.31,27.35,26.33,26.57,49704586
2020-05-18,26.57,27.27,26.08,26.57,49020078
2020-05-19,27.23,27.27,26.74,26.82,34230307
2020-05-20,26.98,27.27,26.82,26.86,27049761
2020-05-21,27.11,27.56,26.98,27.31,37295530
2020-05-22,27.51,28.05,27.47,27.56,75974959
2020-05-25,27.76,27.8,26.74,27.15,41663664
2020-05-26,27.23,27.31,26.74,26.9,40341322
2020-05-27,27.39,27.88,27.15,27.68,72955575
2020-05-28,27.68,27.88,26.86,26.9,73228684
2020-05-29,26.53,26.7,26.04,26.25,63591649
2020-06-01,26.29,26.53,25.84,26.08,57660964
2020-06-02,26.0,26.45,25.76,25.92,44500800
2020-06-03,26.12,26.29,25.92,26.25,30485418
2020-06-04,26.33,26.49,26.08,26.12,33590233
2020-06-05,26.25,27.31,26.21,27.19,89607481
2020-06-08,27.35,27.51,26.78,26.86,52390790
2020-06-09,26.45,26.49,26.08,26.21,45422319
2020-06-10,26.21,26.49,26.17,26.25,25648628
2020-06-11,26.37,26.7,25.84,25.88,39104269
2020-06-12,25.02,25.43,24.69,25.43,40790192
2020-06-15,25.55,26.04,25.22,25.43,31575680
2020-06-16,25.92,26.82,25.92,26.41,53564244
2020-06-17,26.49,26.57,26.08,26.21,37171951
2020-06-18,26.12,26.37,25.92,26.25,29056432
2020-06-19,26.53,26.94,26.45,26.49,50390866
2020-06-22,26.33,26.61,26.17,26.21,20475681
2020-06-23,26.45,26.45,25.67,25.88,22232920
2020-06-24,26.0,26.08,25.76,25.8,17209328
2020-06-29,25.14,25.55,25.14,25.27,22074833
2020-06-30,25.67,25.72,25.27,25.35,17475078
2020-07-01,25.51,25.96,25.51,25.72,21234613
2020-07-02,25.96,26.53,25.8,26.49,38056078
2020-07-03,26.7,26.82,26.17,26.21,31274877
2020-07-06,26.29,26.86,26.17,26.49,44685749
2020-07-07,26.82,26.98,26.49,26.49,49530115
2020-07-08,26.74,26.9,26.53,26.57,32275476
2020-07-09,26.66,26.7,26.0,26.04,50814089
2020-07-10,26.04,26.08,25.39,25.43,36347691
2020-07-13,25.72,26.33,25.51,26.33,29653318
2020-07-14,26.29,26.33,25.88,25.96,20107423
2020-07-15,26.21,26.29,25.84,25.84,18011278
2020-07-16,26.12,26.49,25.92,26.04,18356246
2020-07-17,26.25,26.37,26.0,26.04,19914243
2020-07-20,26.29,26.53,26.17,26.41,29234199
2020-07-21,26.82,26.86,26.33,26.37,30549196
2020-07-22,26.45,26.57,26.33,26.37,20093927
2020-07-23,26.49,26.66,26.37,26.61,39881691
2020-07-24,27.16,27.41,26.52,26.61,56815786
2020-07-27,26.73,26.82,25.93,25.97,31517142
2020-07-28,26.01,26.56,24.87,24.95,46359056
2020-07-29,24.44,25.21,24.44,24.82,36368973
2020-07-30,26.78,27.28,26.31,27.28,156161509
2020-07-31,27.11,27.24,26.65,26.9,78078798
2020-08-03,26.9,26.9,26.39,26.44,32048721
2020-08-04,26.73,26.73,26.01,26.14,31763704
2020-08-05,26.27,26.56,26.18,26.31,21932069
2020-08-06,26.52,26.56,26.05,26.1,31678823
2020-08-07,26.31,26.35,25.67,25.76,27666693
2020-08-10,25.93,26.18,25.76,25.88,15147808
2020-08-11,25.97,26.65,25.88,25.97,23182609
2020-08-12,25.97,25.97,25.5,25.67,17146248
2020-08-13,25.88,26.05,25.63,25.63,12049390
2020-08-14,25.54,25.76,25.5,25.71,10141302
2020-08-17,25.93,25.93,25.63,25.8,11639354
2020-08-18,26.01,26.14,25.71,25.84,16215616
2020-08-19,25.67,25.71,24.95,25.04,45657601
2020-08-20,24.78,24.82,22.74,23.97,49430239
2020-08-21,24.19,24.61,24.02,24.61,19570618
2020-08-24,24.7,25.21,24.7,24.82,17132441
2020-08-25,25.12,25.25,24.87,24.99,11836328
2020-08-26,25.12,25.12,24.82,24.99,9805514
2020-08-27,25.16,25.46,25.08,25.46,17359454
2020-08-28,25.59,25.76,25.46,25.59,15821662
2020-08-31,25.76,25.88,25.46,25.63,11981722
2020-09-01,25.63,25.67,25.25,25.5,12439340
2020-09-02,25.33,25.38,24.82,24.87,24478029
2020-09-03,25.12,26.14,25.04,25.59,51634727
2020-09-04,25.16,26.18,24.95,26.1,36628896
2020-09-07,26.39,28.26,26.35,27.71,168364570
2020-09-08,28.35,28.43,27.16,27.16,78673076
2020-09-09,26.86,27.75,26.61,27.67,45327045
2020-09-10,27.92,27.92,27.16,27.28,34265895
2020-09-11,27.28,27.88,26.9,26.99,39173871
2020-09-14,27.41,27.79,27.03,27.33,39008020
2020-09-15,27.5,27.54,27.11,27.45,25130556
2020-09-16,27.84,28.05,27.37,27.5,52003990
2020-09-17,27.28,27.58,27.2,27.54,17426533
2020-09-18,27.67,27.71,27.28,27.54,15322640
2020-09-21,27.62,27.62,26.82,26.95,21651413
2020-09-22,26.78,26.82,26.22,26.48,18734249
2020-09-23,26.69,26.78,26.05,26.22,17834755
2020-09-24,25.59,25.84,25.38,25.38,26339315
2020-09-25,25.46,25.63,24.36,24.65,33470420
2020-09-28,26.1,27.11,25.8,27.11,89651740
2020-09-29,27.11,27.45,26.56,27.16,64432799
2020-09-30,27.16,27.33,26.73,27.11,25612971
2020-10-05,27.33,27.54,26.56,26.61,36835766
2020-10-06,26.9,26.95,26.61,26.61,15953721
2020-10-07,26.69,27.24,26.56,27.07,32903356
2020-10-08,27.33,27.33,26.86,26.99,36669972
2020-10-12,27.24,27.41,26.73,26.78,29106613
2020-10-13,26.86,27.03,26.44,26.78,15401545
2020-10-14,26.86,27.24,26.82,26.82,15965240
2020-10-15,26.73,26.99,26.61,26.69,9850141
2020-10-16,26.56,26.95,26.39,26.44,15998629
2020-10-19,26.65,26.99,26.48,26.9,15631493
2020-10-20,26.95,27.28,26.82,26.99,21907986
2020-10-21,27.2,27.28,26.99,27.03,16480309
2020-10-22,26.99,27.16,26.86,27.03,12615955
2020-10-23,27.16,28.22,27.03,27.92,112571775
2020-10-26,28.3,28.85,27.84,28.85,144284813
2020-10-27,29.15,29.87,27.92,28.01,322431296
2020-10-28,28.39,28.77,28.09,28.26,83029533
2020-10-29,27.84,28.13,27.67,28.05,44937384
2020-10-30,28.01,28.13,27.16,27.16,46945469
2020-11-02,27.41,27.58,26.65,26.65,31405485
2020-11-03,26.95,27.2,26.73,26.99,27533370
2020-11-04,27.24,27.33,26.86,27.16,24184551
2020-11-05,26.99,27.11,26.73,27.11,21520525
2020-11-06,27.33,27.45,26.86,26.9,24376604
2020-11-09,27.16,27.24,26.95,27.11,23707333
2020-11-10,27.11,27.16,26.65,26.73,24176477
2020-11-11,26.61,26.69,26.31,26.35,33850047
2020-11-12,26.52,26.69,26.31,26.44,20225699
2020-11-13,26.48,26.61,25.97,26.61,22508013
2020-11-16,26.9,27.45,26.78,27.37,66021063
2020-11-17,27.96,28.81,27.92,28.56,137351718
2020-11-18,28.73,29.19,28.69,28.81,103865664
2020-11-19,28.94,29.32,28.81,29.28,75829146
2020-11-20,29.53,30.47,29.49,29.92,120847496
2020-11-23,30.55,32.08,30.13,31.15,164349095
2020-11-24,31.87,32.04,30.3,30.47,101396989
2020-11-25,31.15,31.57,30.13,30.68,75824141
2020-11-26,30.85,31.06,30.21,30.89,43916105
2020-11-27,32.25,32.84,31.49,32.38,184834114
2020-11-30,32.63,33.23,32.29,32.67,94657093
2020-12-01,33.52,33.78,32.55,33.61,113997092
2020-12-02,33.9,35.56,33.78,35.35,178503860
2020-12-03,36.11,36.15,34.46,34.88,119024290
2020-12-04,35.43,37.55,35.26,37.0,182072029
2020-12-07,38.19,39.8,37.21,37.72,160039740
2020-12-08,36.28,36.58,35.22,35.69,128523635
2020-12-09,35.98,36.75,35.86,36.49,71485806
2020-12-10,35.9,35.98,34.46,35.43,69959388
2020-12-11,36.15,36.28,34.54,35.43,58634966
2020-12-14,35.47,35.9,34.63,35.18,37336266
2020-12-15,35.35,35.39,33.99,33.99,42831413
2020-12-16,34.71,35.01,34.24,34.37,30161060
2020-12-17,34.58,35.01,34.03,34.97,37852844
2020-12-18,35.6,35.6,34.54,34.58,47364835
2020-12-21,34.46,34.88,33.86,34.41,39798088
2020-12-22,34.16,34.92,32.97,33.06,63333824
2020-12-23,33.1,34.03,32.93,34.03,37789431
2020-12-24,34.12,34.71,33.52,34.24,55421883
2020-12-25,34.54,34.88,34.12,34.29,31026374
2020-12-28,34.8,37.43,34.75,37.17,163408434
2020-12-29,37.17,37.17,35.47,35.52,100978234
2020-12-30,35.73,36.7,35.13,35.94,74929240
2020-12-31,36.62,37.21,35.56,35.9,70895435
2021-01-04,36.11,36.24,34.54,34.71,68511838
2021-01-05,34.71,35.01,34.12,34.37,41086823
2021-01-06,34.5,34.75,32.84,33.27,80873401
2021-01-07,33.65,33.82,32.97,33.56,36083674
2021-01-08,34.37,34.88,34.03,34.16,56760724
2021-01-11,34.12,34.12,33.52,33.86,33079239
2021-01-12,33.99,34.58,33.18,33.35,40812947
2021-01-13,33.52,34.07,33.31,33.73,27269603
2021-01-14,33.95,34.97,33.73,34.29,53261652
2021-01-15,34.58,34.71,33.61,33.9,60621719
2021-01-18,33.9,33.9,31.61,32.42,66474535
2021-01-19,32.84,33.1,32.55,32.67,31689796
2021-01-20,33.1,33.82,32.5,32.5,67600639
2021-01-21,33.1,34.33,33.1,33.61,49277051
2021-01-22,33.95,34.63,33.95,34.63,59280832
2021-01-25,34.67,36.28,34.54,36.28,99152444
2021-01-26,36.87,36.92,35.22,35.64,90477890
2021-01-27,35.9,36.03,34.2,34.54,62117063
2021-01-28,33.61,34.33,33.27,33.61,53457008
2021-01-29,34.37,34.54,33.18,33.35,38482416
2021-02-01,33.4,34.33,32.76,34.33,32823833
2021-02-02,34.54,34.92,33.9,34.16,45985076
2021-02-03,34.46,34.71,33.86,34.16,21973749
2021-02-04,34.16,34.41,33.86,33.95,16623008
2021-02-05,34.29,34.8,34.03,34.75,36428469
2021-02-17,36.49,36.49,35.09,35.35,62135527
2021-02-18,35.81,38.87,35.81,38.87,226157243
2021-02-19,38.87,39.63,37.85,39.34,162385565
2021-02-22,40.44,42.43,39.72,40.06,169431810
2021-02-23,39.46,40.01,38.78,39.51,77279099
2021-02-24,39.59,40.74,38.74,38.74,94567586
2021-02-25,39.97,41.08,39.68,41.08,116815054
2021-02-26,39.72,40.44,39.51,40.06,104274488
2021-03-02,41.37,41.37,38.19,38.27,99043821
2021-03-03,38.36,38.57,36.83,37.51,63824170
2021-03-04,37.09,37.09,35.39,35.56,94908210
2021-03-05,34.5,35.09,34.2,34.24,72618359
2021-03-08,35.01,35.13,33.99,34.07,56182845
2021-03-09,34.37,34.58,33.82,34.29,47457931
2021-03-10,34.67,35.77,34.58,35.6,56291076
2021-03-11,36.07,36.87,35.94,36.87,62770541
2021-03-12,37.77,38.27,37.3,37.85,94204110
2021-03-15,37.85,37.85,37.13,37.34,35597213
2021-03-16,37.68,37.72,36.79,37.0,44247493
2021-03-17,37.04,37.3,36.66,37.26,27195010
2021-03-18,37.68,37.85,37.34,37.64,28200326
2021-03-19,37.68,38.27,37.38,37.98,74064883
2021-03-22,38.02,38.06,37.21,37.85,38039255
2021-03-23,38.15,38.27,37.26,37.3,41060148
2021-03-24,37.21,37.89,36.62,36.87,39852550
2021-03-25,36.92,37.09,36.37,36.45,24674719
2021-03-26,36.58,37.47,36.58,37.38,25590737
2021-03-29,37.68,38.27,37.17,38.23,60009214
2021-03-30,38.44,38.78,37.51,37.89,64465615
2021-03-31,37.72,38.32,37.51,37.64,37016290
2021-04-01,38.27,39.0,38.06,38.44,100666755
2021-04-07,38.87,38.91,38.19,38.49,31113574
2021-04-08,38.61,39.21,38.57,38.91,46146020
2021-04-09,39.25,41.71,38.78,40.48,164705584
2021-04-12,40.74,40.82,39.38,39.72,98281449
2021-04-13,39.97,40.65,38.02,38.15,81140581
2021-04-14,38.57,38.7,37.26,37.94,67268065
2021-04-15,38.19,38.7,38.06,38.44,39947616
2021-04-16,39.42,40.61,39.29,40.01,131617280
2021-04-19,40.31,40.61,39.51,39.89,66349567
2021-04-20,39.89,41.08,39.34,39.8,76300798
2021-04-21,39.55,40.23,39.51,39.85,42054779
2021-04-22,40.31,40.44,37.43,38.11,72273185
2021-04-23,38.4,39.72,38.23,39.68,46789566
2021-04-26,40.31,41.29,40.23,40.78,116838791
2021-04-27,40.86,41.37,40.35,41.25,102673999
2021-04-28,40.48,40.61,39.68,39.72,126263884
2021-04-29,39.85,39.97,38.87,38.91,55043009
2021-05-03,39.04,39.97,38.44,38.66,66475586
2021-05-04,39.34,39.59,35.94,38.11,75720378
2021-05-05,37.85,38.32,35.64,35.64,65743667
2021-05-06,36.07,36.32,34.37,34.75,50924681
2021-05-07,35.39,37.09,35.35,36.58,64289963
2021-05-10,36.75,37.13,35.64,36.15,41344302
2021-05-11,34.46,34.88,33.1,33.69,67256474
2021-05-12,33.44,33.86,30.34,31.27,73016015
2021-05-13,29.87,32.55,29.75,32.25,48533060
2021-05-14,33.4,34.24,32.42,32.5,47672972
2021-05-17,29.7,31.83,29.32,29.62,49166902
2021-05-18,30.51,32.55,30.34,32.55,49933440
2021-05-19,32.55,33.23,31.74,32.59,34798587
2021-05-20,32.33,32.63,31.74,31.91,23501975
2021-05-21,32.63,33.1,31.99,32.93,22271038
2021-05-24,32.5,33.61,32.12,33.14,23068038
2021-05-25,33.69,35.22,33.52,34.24,53754637
2021-05-26,35.01,35.56,34.46,34.63,35225442
2021-05-27,34.37,34.75,34.03,34.54,19805201
2021-05-28,35.56,36.87,35.3,36.07,80862613
2021-05-31,36.45,36.54,35.69,35.81,35832966
2021-06-01,36.62,38.02,36.37,36.49,69265629
2021-06-02,37.26,37.43,36.2,36.7,46172797
2021-06-03,36.92,37.04,36.37,36.7,32900897
2021-06-04,36.66,36.7,35.86,36.2,25893349
2021-06-07,36.24,36.75,35.22,36.7,24743298
2021-06-08,37.26,37.38,36.49,36.54,24730771
2021-06-09,36.49,36.62,35.86,35.94,16975274
2021-06-10,36.24,37.47,36.2,37.38,52861793
2021-06-11,37.47,38.44,37.17,37.51,76166717
2021-06-15,38.23,38.49,37.64,37.85,30655591
2021-06-16,37.77,38.11,36.96,37.26,23278918
2021-06-17,37.34,38.02,37.17,37.94,24082318
2021-06-18,38.57,38.74,38.06,38.27,44853249
2021-06-21,37.85,38.02,36.92,36.96,32816395
2021-06-22,37.34,37.47,35.81,35.9,35054693
2021-06-23,36.07,36.54,35.56,36.37,49732375
2021-06-24,37.43,38.74,37.26,38.53,114386240
2021-06-25,38.95,39.46,38.11,38.15,77328896
2021-06-28,38.49,38.57,37.55,38.27,29983368
2021-06-29,38.53,38.95,37.6,37.6,34591555
2021-06-30,38.06,38.78,37.6,38.78,33029792
2021-07-01,38.53,38.57,37.34,37.51,31078791
2021-07-02,37.55,38.44,37.26,38.27,27050747
2021-07-05,38.49,38.87,38.11,38.32,21607402
2021-07-06,38.32,38.53,37.72,37.77,14377905
2021-07-07,37.85,38.15,37.47,37.77,15142352
2021-07-08,38.27,38.4,37.3,37.34,36007398
2021-07-09,36.75,37.34,36.32,36.49,37631605
2021-07-12,36.96,37.13,36.54,36.54,19557602
2021-07-13,36.96,38.44,36.79,37.72,92816665
2021-07-14,37.17,37.55,36.45,36.54,43351946
2021-07-15,36.58,36.79,36.37,36.58,24813853
2021-07-16,36.79,37.51,36.7,37.17,34301059
2021-07-19,36.92,36.92,36.49,36.62,18414297
2021-07-20,36.28,36.28,35.47,35.64,31770566
2021-07-21,36.07,36.11,34.03,34.37,46586617
2021-07-22,35.05,35.43,34.33,34.75,33501273
2021-07-23,35.56,36.28,35.3,35.9,34181546
2021-07-26,35.9,36.66,35.69,36.49,31278482
2021-07-27,36.92,37.17,36.07,36.41,31413286
2021-07-28,36.07,36.49,34.54,34.92,59824373
2021-07-29,35.3,35.3,34.46,35.13,28375957
2021-07-30,34.84,36.07,34.75,35.22,36472355
2021-08-02,35.9,37.47,35.81,37.43,86508794
2021-08-03,37.04,37.04,36.37,36.79,41051876
2021-08-04,37.26,37.6,37.04,37.55,38556261
2021-08-05,37.6,38.61,37.21,38.57,84193320
2021-08-06,39.46,40.74,37.34,37.34,242493944
2021-08-09,37.09,37.26,36.45,36.58,35100990
2021-08-10,36.7,37.09,36.07,36.24,27937630
2021-08-11,35.98,35.98,34.8,35.26,44926942
2021-08-12,34.84,35.01,34.37,34.63,35773762
2021-08-13,34.46,34.5,32.38,32.42,86565065
2021-08-16,32.04,32.8,31.57,32.21,37202739
2021-08-17,32.21,32.21,32.21,32.21,0
2021-08-18,31.66,33.73,31.57,33.69,48460353
2021-08-19,33.01,33.1,32.29,32.42,27317561
2021-08-20,32.55,32.8,31.87,32.04,18654552
2021-08-23,32.55,33.14,32.46,32.93,15326813
2021-08-24,33.23,33.4,32.33,32.76,19027258
2021-08-25,32.89,33.48,32.67,33.35,16963149
2021-08-26,33.65,33.73,32.97,33.31,14729563
2021-08-27,33.35,33.61,33.01,33.23,15628557
2021-08-30,33.56,33.69,33.23,33.65,16278220
2021-08-31,33.78,34.2,33.52,34.2,22923691
2021-09-01,34.2,35.39,34.12,35.3,30608023
2021-09-02,34.8,35.13,34.37,34.71,24064717
2021-09-03,35.09,35.56,34.92,35.22,21451011
2021-09-06,35.47,35.47,34.88,34.92,17791855
2021-09-07,35.05,35.43,34.67,35.22,26868323
2021-09-08,35.53,35.66,33.95,34.0,43819655
2021-09-09,34.0,34.43,33.91,34.0,14825697
2021-09-10,34.13,35.13,34.13,35.0,18462599
2021-09-13,35.0,35.22,34.48,34.52,10292430
2021-09-14,34.7,34.7,34.08,34.13,8985176
2021-09-15,34.17,34.21,33.21,33.21,20809818
2021-09-16,33.47,33.6,33.21,33.38,8174322
2021-09-17,32.77,33.17,32.34,32.47,39996745
2021-09-22,31.2,32.16,30.63,31.81,28058596
2021-09-23,32.03,32.38,31.37,31.68,18731192
2021-09-24,31.81,32.25,31.77,32.2,10530996
2021-09-27,32.2,32.9,32.03,32.77,11963753
2021-09-28,32.6,32.86,32.25,32.69,8105838
2021-09-29,31.81,32.99,31.81,32.2,14617471
2021-09-30,32.25,32.47,31.9,32.2,10117857
2021-10-01,32.16,32.64,31.64,31.72,14700623
2021-10-04,32.12,32.16,30.85,30.98,12495557
2021-10-05,30.63,31.16,30.06,31.07,11607563
2021-10-06,31.16,31.33,29.71,29.85,21060190
2021-10-07,30.19,30.89,30.06,30.76,13356487
2021-10-08,32.03,32.2,30.98,31.11,35738336
2021-10-12,30.59,31.46,30.5,31.07,13333439
2021-10-13,31.07,31.2,30.19,30.28,15941899
2021-10-14,30.76,31.07,30.33,31.02,13537691
2021-10-15,31.46,31.72,31.29,31.55,14454296
2021-10-18,31.81,31.99,31.2,31.59,9902185
2021-10-19,30.24,31.11,29.89,30.94,35873364
2021-10-20,30.76,31.33,30.37,31.16,26179877
2021-10-21,31.42,32.12,31.29,31.46,23460495
2021-10-22,31.86,32.55,31.64,32.47,27704281
2021-10-25,32.16,32.6,31.77,32.6,18228260
2021-10-26,32.95,33.78,32.55,33.6,51914812
2021-10-27,33.21,33.87,32.9,33.3,61344091
2021-10-28,33.6,34.52,33.38,34.26,50032231
2021-10-29,34.61,34.87,34.17,34.26,29863072
2021-11-01,34.7,35.35,34.65,35.18,33469875
2021-11-02,35.57,35.74,34.13,34.48,31849143
2021-11-03,34.96,35.22,34.21,34.83,21689146
2021-11-04,35.26,35.31,34.35,34.43,19325516
2021-11-05,34.52,34.78,34.3,34.7,14476078
2021-11-08,34.91,35.48,34.65,35.26,19843322
2021-11-09,35.83,36.44,35.83,35.92,33418578
2021-11-10,36.01,36.79,35.53,36.79,39998344
2021-11-11,36.88,37.36,36.75,37.1,42981641
2021-11-12,37.4,37.93,37.19,37.49,40247365
2021-11-15,38.15,38.28,37.23,37.45,30026100
2021-11-16,37.67,37.97,37.45,37.71,20800518
2021-11-17,38.23,38.63,37.45,37.71,40631657
2021-11-18,37.71,37.75,36.75,37.4,33057387
2021-11-19,37.71,37.8,36.88,37.01,19496111
2021-11-22,37.06,38.45,37.06,38.15,48704681
2021-11-23,38.37,38.67,37.62,38.28,34292818
2021-11-24,38.58,38.63,37.62,37.67,22758484
2021-11-25,38.06,38.1,37.19,37.32,16672830
2021-11-26,37.4,37.4,36.27,36.53,23389746
2021-11-29,35.96,37.06,35.61,36.79,21050576
2021-11-30,37.36,37.8,37.01,37.06,24916514
2021-12-01,37.01,37.58,36.62,37.58,16055533
2021-12-02,37.58,38.02,36.88,37.19,22218733
2021-12-03,37.49,37.49,36.97,37.06,19195260
2021-12-06,36.36,37.14,36.36,37.01,14496499
2021-12-07,37.1,37.14,36.62,36.97,12667873
2021-12-08,37.14,37.27,36.62,36.66,19344772
2021-12-09,36.71,36.84,36.18,36.18,15840368
2021-12-10,36.14,36.27,35.66,36.18,11279383
2021-12-13,36.14,36.53,35.88,35.88,6326553
2021-12-14,35.66,35.66,35.0,35.05,14843752
2021-12-15,35.0,35.48,34.87,35.31,10601819
2021-12-16,35.57,35.79,35.39,35.57,9046847
2021-12-17,35.39,35.48,35.13,35.26,9022515
2021-12-20,35.26,35.7,35.13,35.22,6127727
2021-12-21,35.53,36.09,35.48,36.01,10138795
2021-12-22,36.57,36.75,36.01,36.18,13847536
2021-12-23,36.31,36.4,35.96,36.14,7431801
2021-12-24,36.27,36.36,36.01,36.05,5992783
2021-12-27,36.14,36.22,35.92,36.09,5054645
2021-12-28,36.18,36.44,36.14,36.44,8869417
2021-12-29,36.57,36.62,36.31,36.57,7299943
2021-12-30,36.79,37.14,36.49,36.88,22563564
2022-01-03,36.88,37.06,35.92,35.92,17436115
2022-01-04,36.09,36.36,35.88,36.14,9114262
2022-01-05,36.14,36.71,35.92,36.66,12295659
2022-01-06,36.09,36.62,35.88,36.27,12160234
2022-01-07,36.18,36.36,35.53,35.61,11535384
2022-01-10,34.96,35.48,34.96,35.35,9995956
2022-01-11,35.26,35.31,34.52,34.74,14279238
2022-01-12,34.78,35.0,34.35,35.0,10180710
2022-01-13,35.09,35.96,35.0,35.09,13912218
2022-01-14,35.05,35.05,34.35,34.48,12630437
2022-01-17,34.74,35.48,34.65,35.48,7701303
2022-01-18,35.53,35.92,35.18,35.31,7015805
2022-01-19,35.09,35.66,35.0,35.13,6275162
2022-01-20,35.13,35.26,34.91,35.0,6472628
2022-01-21,34.78,34.87,34.3,34.39,10380736
2022-01-24,34.21,34.26,33.38,33.78,19187113
2022-01-25,33.38,34.48,33.38,33.73,16043733
2022-01-26,35.0,36.57,34.96,35.83,76803215
2022-02-07,36.66,36.97,35.61,35.83,39313819
2022-02-08,36.05,36.88,35.88,36.79,25300368
2022-02-09,37.01,37.06,36.53,36.88,17294888
2022-02-10,37.14,37.58,36.97,37.49,35176940
2022-02-11,37.4,38.41,37.32,38.06,47584649
2022-02-14,37.67,37.67,36.92,37.45,20849982
2022-02-15,37.84,38.06,37.23,37.49,17990015
2022-02-16,38.23,38.32,37.58,37.8,20388386
2022-02-17,38.28,39.33,38.23,39.02,89558893
2022-02-18,38.76,39.46,38.58,39.41,48880611
2022-02-21,39.33,39.37,38.8,39.07,24390773
2022-02-22,38.76,38.8,37.67,38.58,28359700
2022-02-23,38.58,39.15,38.41,38.63,16434450
2022-02-24,38.02,38.19,37.23,37.67,36165444
2022-02-25,38.15,38.89,37.97,38.02,20518384
2022-03-01,38.5,38.85,38.28,38.63,17544957
2022-03-02,38.41,38.63,38.02,38.5,11712938
2022-03-03,39.07,39.33,38.54,39.33,33162257
2022-03-04,38.89,39.33,38.67,38.98,16979460
2022-03-07,38.41,38.41,36.88,37.93,29226692
2022-03-08,37.58,38.23,36.31,36.31,25154728
2022-03-09,36.79,36.92,36.01,36.27,13689493
2022-03-10,37.14,37.32,36.79,36.88,13161544
2022-03-11,36.62,36.62,36.01,36.05,14538402
2022-03-14,36.49,36.53,36.09,36.44,10887053
2022-03-15,36.31,36.31,35.39,35.39,15662851
2022-03-16,35.92,36.09,34.96,35.31,11088947
2022-03-17,36.27,36.66,36.01,36.66,14944715
2022-03-18,36.84,37.1,36.49,37.1,13458992
2022-03-21,37.19,37.27,36.84,36.92,7739522
2022-03-22,36.84,37.01,36.66,36.92,4649600
2022-03-23,37.27,37.32,36.79,36.97,7001587
2022-03-24,36.84,36.88,36.27,36.57,8752211
2022-03-25,36.14,36.36,35.83,36.05,11245910
2022-03-28,36.05,36.18,35.66,36.01,7438009
2022-03-29,36.27,36.27,35.35,35.48,11796774
2022-03-30,35.79,36.01,35.18,35.39,11725521
2022-03-31,35.48,35.57,35.05,35.05,12424608
2022-04-01,34.87,35.31,34.52,35.26,12591884
2022-04-06,34.96,35.0,34.35,34.48,13861948
2022-04-07,34.26,34.65,34.17,34.39,11064264
2022-04-08,35.0,35.13,34.65,34.87,12306791
2022-04-11,34.96,35.05,34.56,34.74,13361520
2022-04-12,34.65,35.13,33.73,33.87,14265014
2022-04-13,34.26,34.87,33.65,34.87,11243874
2022-04-14,34.96,34.96,33.91,33.91,12876875
2022-04-15,33.69,33.87,33.38,33.38,9459462
2022-04-18,33.34,33.73,32.99,33.56,6295379
2022-04-19,33.82,34.21,33.73,34.08,8095656
2022-04-20,34.78,35.35,34.48,35.35,17732960
2022-04-21,35.31,35.31,34.87,35.0,8777969
2022-04-22,34.61,35.09,34.52,34.78,6537249
2022-04-25,34.17,34.21,33.34,33.34,12808605
2022-04-26,33.56,33.69,33.04,33.21,10580512
2022-04-27,32.34,33.82,32.34,33.43,24827553
2022-04-28,33.52,33.56,32.77,32.99,17362885
2022-04-29,33.6,34.21,33.25,33.38,15122754
2022-05-03,33.56,33.56,33.12,33.47,7212029
2022-05-04,33.56,33.73,33.34,33.56,4795536
2022-05-05,34.26,34.52,33.95,34.26,10345190
2022-05-06,33.43,33.65,33.25,33.52,8461648
2022-05-09,33.25,33.65,32.86,32.86,7760032
2022-05-10,32.42,33.17,32.12,33.17,6527071
2022-05-11,33.04,33.08,32.51,32.86,6083401
2022-05-12,32.64,33.34,32.55,32.69,6759488
2022-05-13,33.3,33.34,33.04,33.21,4750446
2022-05-16,33.69,33.91,33.43,33.52,6523577
2022-05-17,33.6,34.08,33.56,34.0,5954651
2022-05-18,34.35,34.56,34.21,34.26,7240056
2022-05-19,33.6,34.74,33.56,34.74,11921251
2022-05-20,34.91,34.91,34.21,34.35,7614201
2022-05-23,34.39,34.56,34.17,34.35,4101309
2022-05-24,34.43,34.43,33.82,33.82,5122834
2022-05-25,34.0,34.21,33.65,34.04,3750353
2022-05-26,34.39,34.39,33.73,33.73,3014353
2022-05-27,34.13,34.17,33.91,34.08,3473411
2022-05-30,34.39,34.7,34.08,34.48,8915183
2022-05-31,34.43,34.7,34.17,34.52,5706048
2022-06-01,34.65,34.74,34.48,34.61,5310773
2022-06-02,34.91,35.83,34.87,35.61,24792556
2022-06-06,35.83,35.83,35.0,35.57,9605829
2022-06-07,35.39,35.74,35.35,35.39,4111708
2022-06-08,35.13,35.22,34.52,34.87,17026657
2022-06-09,34.56,34.83,34.52,34.52,4451320
2022-06-10,34.08,34.26,33.87,34.17,6052018
2022-06-13,33.3,33.6,33.21,33.21,9081623
2022-06-14,32.9,33.69,32.77,33.6,8928227
2022-06-15,33.47,33.65,33.3,33.34,6580121
2022-06-16,33.65,34.08,32.95,33.04,7016141
2022-06-17,32.51,33.04,31.99,33.04,18027336
2022-06-20,33.04,33.04,31.9,32.07,9401194
2022-06-21,32.42,32.6,31.9,32.6,8565085
2022-06-22,32.42,32.42,30.89,31.2,13829824
2022-06-23,31.33,31.68,30.63,30.81,7424607
2022-06-24,30.94,31.72,30.94,31.46,6595222
2022-06-27,31.81,32.34,31.68,32.16,5706043
2022-06-28,32.07,32.25,31.59,31.64,2761774
2022-06-29,31.46,31.99,31.29,31.9,4361175
2022-06-30,31.29,31.33,30.06,31.02,15551545
2022-07-01,30.68,30.68,28.36,28.4,16840322
2022-07-04,28.84,29.01,28.05,28.14,7343033
2022-07-05,28.75,28.84,26.74,27.31,22780871
2022-07-06,27.0,27.22,25.69,25.96,25169980
2022-07-07,26.22,26.61,25.69,26.61,9487432
2022-07-08,27.22,27.7,26.96,27.09,13523202
2022-07-11,27.49,27.49,27.0,27.09,8145100
2022-07-12,26.74,26.74,25.56,25.61,19213469
2022-07-13,26.54,27.47,26.44,27.0,12692340
2022-07-14,27.05,27.38,26.26,27.24,11122869
2022-07-15,27.1,28.21,26.82,28.21,11211011
2022-07-18,28.21,28.63,27.98,28.35,8634193
2022-07-19,27.93,29.19,27.93,29.1,8973508
2022-07-20,29.52,30.36,29.47,29.89,14815691
2022-07-21,29.8,30.17,29.7,30.12,8229615
2022-07-22,30.26,30.31,29.8,30.31,7071141
2022-07-25,30.17,30.22,29.56,29.98,5928380
2022-07-26,29.98,29.98,29.33,29.38,6193871
2022-07-27,30.96,31.8,29.8,30.59,35106304
2022-07-28,30.73,30.73,29.94,30.26,14106032
2022-07-29,30.36,30.68,30.12,30.4,8738195
2022-08-01,30.5,30.91,29.89,30.82,9939512
2022-08-02,30.36,30.36,29.8,29.84,10211694
2022-08-03,29.7,30.03,29.66,29.84,5233479
2022-08-04,29.75,29.98,29.47,29.94,7308056
2022-08-05,30.36,30.82,30.31,30.77,8777776
2022-08-08,30.59,31.24,30.45,31.19,10752886
2022-08-09,30.54,30.54,29.75,29.89,17812747
2022-08-10,29.42,29.42,28.96,29.01,15603221
2022-08-11,29.42,30.5,29.42,30.5,15376977
2022-08-12,30.5,31.19,30.26,31.15,12300809
2022-08-15,31.29,31.33,31.01,31.15,6472371
2022-08-16,31.29,31.38,30.77,30.96,6650205
2022-08-17,30.73,30.91,30.4,30.54,9772449
2022-08-18,30.45,30.45,29.98,30.45,7994558
2022-08-19,30.63,31.19,30.5,31.01,6673137
2022-08-22,30.73,30.91,30.59,30.87,2224000
2022-08-23,30.68,30.73,30.45,30.59,3382648
2022-08-24,30.68,30.68,30.12,30.31,5992890
2022-08-25,30.54,30.73,30.36,30.63,2813144
2022-08-26,30.96,31.38,30.91,31.1,10119276
2022-08-29,30.36,30.5,30.08,30.36,5805267
2022-08-30,30.36,30.5,30.08,30.45,3248718
2022-08-31,30.31,30.77,30.26,30.68,3621939
2022-09-01,30.63,30.63,30.36,30.54,2988305
2022-09-02,30.45,30.63,30.08,30.08,4256600
2022-09-05,30.17,30.22,29.42,29.52,5218038
2022-09-06,29.61,29.7,28.87,28.87,6009432
2022-09-07,28.59,28.82,28.17,28.63,4871498
2022-09-08,28.87,30.26,28.59,30.03,10643955
2022-09-12,30.26,30.54,30.12,30.31,4139218
2022-09-13,30.4,30.5,29.61,29.66,6693768
2022-09-14,28.82,29.28,28.68,29.19,5534114
2022-09-15,29.47,29.56,29.14,29.14,4408156
2022-09-16,29.19,29.61,29.05,29.61,6728035
2022-09-19,29.66,29.7,29.05,29.1,4094156
2022-09-20,29.38,29.42,28.96,29.14,3024727
2022-09-21,29.05,29.47,28.77,29.24,5723582
2022-09-22,28.96,29.01,28.45,28.77,7355271
2022-09-23,28.77,29.24,28.59,28.87,3839727
2022-09-26,28.4,28.49,27.56,27.61,9034727
2022-09-27,27.56,28.17,27.28,27.93,6640249
2022-09-28,28.31,28.31,27.05,27.1,6523558
2022-09-29,27.42,29.14,27.38,28.59,12919787
2022-09-30,27.42,29.01,27.05,29.01,13891865
2022-10-03,28.45,29.14,28.26,28.87,5282689
2022-10-04,29.42,29.98,29.42,29.98,9401634
2022-10-05,30.36,30.59,29.89,30.26,10932894
2022-10-06,30.26,30.31,29.52,29.8,6095311
2022-10-07,29.61,30.17,29.56,29.94,5310840
2022-10-11,29.38,29.42,28.12,28.31,8873682
2022-10-12,28.49,29.28,28.35,29.28,7024384
2022-10-13,29.05,29.33,28.26,28.45,6906057
2022-10-14,29.33,30.36,29.24,30.22,13479082
2022-10-17,29.61,30.36,28.91,30.36,9676147
2022-10-18,30.68,30.82,30.26,30.68,12016816
2022-10-19,30.63,30.73,29.8,29.8,11592383
2022-10-20,29.47,29.94,29.14,29.94,12971086
2022-10-21,29.8,30.03,29.47,29.61,3430536
2022-10-24,30.17,30.54,29.84,29.89,6518643
2022-10-25,29.84,30.12,29.33,29.42,6048872
2022-10-26,28.21,28.31,27.38,27.98,26639692
2022-10-27,27.89,28.12,27.75,27.93,12360313
2022-10-28,27.75,27.75,26.63,26.72,20042384
2022-10-31,27.05,27.75,26.91,27.75,12996974
2022-11-01,27.66,28.45,27.52,28.21,8351006
2022-11-02,28.31,28.4,28.03,28.12,5804825
2022-11-03,27.7,28.54,27.7,28.45,6686044
2022-11-04,28.31,29.01,28.31,28.87,7667368
2022-11-07,29.24,30.63,29.19,30.63,17668748
2022-11-08,30.54,30.73,29.89,30.08,10221398
2022-11-09,30.45,30.63,30.12,30.31,8219973
2022-11-10,30.12,30.5,30.03,30.5,4725772
2022-11-11,32.12,32.22,31.33,31.43,18360295
2022-11-14,31.47,31.66,31.01,31.43,11753400
2022-11-15,31.43,31.57,31.05,31.33,9304486
2022-11-16,31.47,31.89,31.38,31.75,13645804
2022-11-17,31.66,31.71,31.24,31.38,7286392
2022-11-18,31.47,32.59,31.43,32.45,23139398
2022-11-21,32.5,32.68,31.8,31.85,14650184
2022-11-22,31.75,32.31,31.47,32.31,10406713
2022-11-23,32.36,32.78,32.22,32.31,12444897
2022-11-24,32.5,32.59,31.98,32.36,6372007
2022-11-25,32.4,32.5,31.66,31.85,7558250
2022-11-28,31.52,31.85,31.24,31.61,5701196
2022-11-29,31.43,31.85,31.15,31.85,5833533
2022-11-30,31.66,32.26,31.66,32.26,8725565
2022-12-01,32.64,33.29,32.45,32.73,17140603
2022-12-02,33.01,33.38,32.64,32.73,11713992
2022-12-05,33.15,33.94,32.96,33.38,20995385
2022-12-06,33.2,33.2,32.12,32.12,18652834
2022-12-07,31.8,32.03,31.47,31.47,12181994
2022-12-08,30.91,31.66,30.45,31.38,12487607
2022-12-09,31.33,31.75,31.24,31.61,8036895
2022-12-12,31.43,32.36,31.29,32.22,10531616
2022-12-13,32.45,32.64,32.12,32.36,9726363
2022-12-14,32.5,32.96,32.4,32.87,9376112
2022-12-15,32.73,33.06,32.59,32.82,6541871
2022-12-16,32.17,33.06,32.08,32.45,32498587
2022-12-19,32.17,32.96,31.85,32.78,33592318
2022-12-20,32.64,33.06,31.98,32.36,33878548
2022-12-21,32.36,32.45,31.89,32.45,33676637
2022-12-22,32.59,32.78,32.08,32.4,23672247
2022-12-23,31.98,32.64,31.66,32.59,15875980
2022-12-26,32.59,32.59,31.8,31.85,7979939
2022-12-27,31.89,32.4,31.89,31.94,4894396
2022-12-28,31.75,31.89,31.19,31.29,7193319
2022-12-29,31.01,31.8,30.82,31.43,6300351
2022-12-30,31.75,31.89,31.38,31.43,5260057
2023-01-03,31.24,31.89,31.19,31.89,3010115
2023-01-04,31.89,32.08,31.71,31.85,2382800
2023-01-05,32.22,32.5,31.8,31.85,6278978
2023-01-06,31.85,32.36,31.8,32.36,5491192
2023-01-09,32.54,32.78,32.36,32.78,8242530
2023-01-10,32.78,32.96,32.59,32.78,4748070
2023-01-11,32.78,32.87,32.59,32.59,3978522
2023-01-12,32.73,32.82,32.4,32.54,3123260
2023-01-13,32.64,32.73,32.03,32.12,3773710
2023-01-16,32.08,32.26,31.94,32.08,2900427
2023-01-17,32.17,32.26,31.98,32.22,3795473
2023-01-30,33.15,33.34,32.68,33.06,13566469
2023-01-31,33.15,33.34,32.82,33.34,9026452
2023-02-01,33.47,33.52,32.92,33.24,5667410
2023-02-02,33.47,34.87,33.38,34.73,24828062
2023-02-03,34.5,34.87,34.03,34.69,11903938
2023-02-06,34.27,34.36,33.71,33.8,6516984
2023-02-07,33.71,33.94,33.71,33.75,3363663
2023-02-08,33.99,34.22,33.89,33.94,3624927
2023-02-09,33.99,34.22,33.89,33.89,2445281
2023-02-10,33.85,33.85,33.34,33.34,4903083
2023-02-13,33.29,33.38,32.82,33.15,3551335
2023-02-14,33.61,34.17,33.38,33.85,6249271
2023-02-15,31.85,32.87,31.85,32.87,16806100
2023-02-16,32.64,32.87,32.64,32.68,6868900
2023-02-17,32.59,32.78,32.5,32.64,3275102
2023-02-20,32.64,32.96,32.5,32.78,3795863
2023-02-21,32.78,32.87,32.64,32.64,3660010
2023-02-22,32.45,32.45,32.03,32.22,4488469
2023-02-23,32.4,32.45,32.26,32.26,3762868
2023-02-24,32.31,32.31,31.94,32.08,6866550
2023-03-01,31.75,31.94,31.47,31.94,6038672
2023-03-02,32.12,32.68,31.98,32.4,7893136
2023-03-03,32.59,33.52,32.54,33.29,19256696
2023-03-06,33.47,33.52,32.87,32.92,8083578
2023-03-07,32.96,32.96,32.59,32.64,8124459
2023-03-08,32.5,32.54,32.31,32.5,6630091
2023-03-09,32.68,32.82,32.4,32.4,4701456
2023-03-10,32.22,32.26,31.66,31.75,7587720
2023-03-13,31.47,31.66,31.24,31.66,5620953
2023-03-14,31.47,31.47,31.24,31.24,4820042
2023-03-15,31.47,31.52,31.24,31.29,3429078
2023-03-16,31.19,31.38,30.82,30.96,4616840
2023-03-17,31.24,31.85,31.24,31.57,10395262
2023-03-20,31.75,32.03,31.57,31.89,2333845
2023-03-21,32.17,32.26,31.8,31.89,3106607
2023-03-22,32.03,32.12,31.75,31.75,2988576
2023-03-23,31.75,31.89,31.61,31.71,4167052
2023-03-24,32.12,32.4,32.03,32.31,7718632
2023-03-27,32.31,32.4,32.03,32.31,3776300
2023-03-28,32.26,32.36,31.43,31.57,7354962
2023-03-29,31.75,31.8,31.29,31.38,3497677
2023-03-30,31.94,32.54,31.94,32.36,13489522
2023-03-31,32.73,33.52,32.45,32.64,29041605
2023-04-06,32.59,32.59,31.75,31.98,11715392
2023-04-07,32.12,33.1,32.12,32.73,11455928
2023-04-10,32.78,32.96,32.4,32.45,6497751
2023-04-11,32.87,33.01,32.68,32.73,8870355
2023-04-12,32.78,32.92,32.54,32.78,5000081
2023-04-13,32.78,32.78,32.26,32.26,6916103
2023-04-14,32.4,32.45,32.12,32.26,3785128
2023-04-17,32.26,32.31,31.94,32.31,4803148
2023-04-18,32.31,32.5,31.94,31.94,5303315
2023-04-19,32.08,32.08,31.57,31.61,7369048
2023-04-20,31.61,31.98,31.47,31.75,4562692
2023-04-21,31.75,31.89,31.29,31.38,10068116
2023-04-24,31.52,31.94,31.43,31.89,12317924
2023-04-25,32.12,32.12,30.63,30.91,24245761
2023-04-26,30.54,30.73,29.24,29.61,26908412
2023-04-27,29.84,30.36,29.84,30.26,15830783
2023-04-28,30.45,30.59,29.98,29.98,9505751
2023-05-02,30.22,30.68,29.98,30.54,5720821
2023-05-03,30.36,30.36,29.84,29.98,8609725
2023-05-04,30.03,30.45,30.03,30.36,8699200
2023-05-05,30.17,30.4,29.94,30.26,7371261
2023-05-08,30.45,30.5,30.17,30.26,5073295
2023-05-09,30.82,31.1,30.26,30.4,11883213
2023-05-10,30.4,30.4,30.03,30.08,5609399
2023-05-11,30.26,30.26,29.66,29.66,6641727
2023-05-12,29.89,29.94,29.66,29.7,7726522
2023-05-15,29.7,30.4,29.42,30.22,9057779
2023-05-16,30.26,30.4,29.84,29.84,8158514
2023-05-17,29.94,30.12,29.84,29.98,7262324
2023-05-18,30.22,30.63,30.17,30.63,11238499
2023-05-19,30.59,30.63,30.31,30.54,6996051
2023-05-22,30.73,30.77,30.4,30.45,5332937
2023-05-23,30.45,30.77,30.17,30.54,9610547
2023-05-24,30.59,30.73,30.31,30.63,6038182
2023-05-25,30.68,30.73,30.5,30.63,4023936
2023-05-26,30.77,30.96,30.63,30.68,7711925
2023-05-29,30.96,31.38,30.91,31.1,7732821
2023-05-30,31.29,31.29,30.63,30.82,6524696
2023-05-31,30.96,31.29,30.82,31.01,8446257
2023-06-01,31.1,31.43,30.91,31.33,6417961
2023-06-02,31.52,31.85,31.33,31.52,15653457
2023-06-05,31.61,31.61,31.01,31.1,15475901
2023-06-06,31.19,31.52,30.91,31.01,13493175
2023-06-07,31.19,31.24,30.73,30.73,10634803
2023-06-08,30.59,30.59,29.98,30.08,16507016
2023-06-09,30.12,30.12,29.84,29.89,12402854
2023-06-12,30.03,30.26,29.94,30.17,9233472
2023-06-13,30.4,30.73,30.31,30.54,11412162
2023-06-14,30.73,31.47,30.73,31.29,17299893
2023-06-15,31.71,31.94,31.47,31.57,18221523
2023-06-16,31.85,32.45,31.66,32.45,52307994
2023-06-19,32.45,32.78,32.4,32.5,51224132
2023-06-20,32.55,32.69,32.01,32.01,46929037
2023-06-21,32.01,32.01,31.61,31.66,27319590
2023-06-26,31.91,32.25,31.61,32.25,29824667
2023-06-27,32.1,32.25,31.76,32.15,8581666
2023-06-28,32.25,32.3,31.81,31.81,7086798
2023-06-29,32.01,32.6,32.01,32.1,9654900
2023-06-30,32.15,32.2,31.91,32.1,4452530
2023-07-03,32.3,32.3,31.81,31.91,5660013
2023-07-04,31.91,31.96,31.66,31.66,5558858
2023-07-05,31.76,32.01,31.76,31.91,4371391
2023-07-06,31.91,32.01,31.76,31.76,3925714
2023-07-07,31.81,31.81,31.27,31.66,5593680
2023-07-10,31.52,31.61,31.12,31.22,6648579
2023-07-11,31.27,31.52,31.27,31.37,3230287
2023-07-12,31.37,31.52,31.22,31.27,4596530
2023-07-13,31.52,31.81,31.32,31.47,6151745
2023-07-14,31.71,31.71,31.47,31.56,3554607
2023-07-17,31.66,31.91,31.12,31.91,8436917
2023-07-18,32.01,32.01,31.22,31.56,9910368
2023-07-19,31.42,32.01,31.22,31.22,7742590
2023-07-20,31.42,31.42,30.78,30.78,7300814
2023-07-21,30.68,30.93,30.34,30.53,7342244
2023-07-24,30.68,30.68,30.09,30.14,5833963
2023-07-25,30.39,30.68,30.24,30.44,4602189
2023-07-26,30.24,30.44,29.31,29.55,17260867
2023-07-27,29.55,30.09,29.4,30.04,9520699
2023-07-28,30.34,30.98,30.34,30.58,8272062
2023-07-31,30.88,31.27,30.63,30.63,11584003
2023-08-01,30.93,31.32,30.68,31.22,5965038
2023-08-02,31.22,31.22,30.53,30.63,8568504
2023-08-04,30.63,31.42,30.48,31.32,7100058
2023-08-07,31.32,31.52,30.98,31.07,4509322
2023-08-08,31.07,31.07,30.24,30.39,9898774
2023-08-09,30.39,30.58,30.14,30.34,5052830
2023-08-10,30.34,30.34,29.85,29.9,4895359
2023-08-11,30.14,30.14,29.75,29.9,3529823
2023-08-14,29.9,29.9,29.36,29.6,7208530
2023-08-15,29.8,30.19,29.55,29.8,4729941
2023-08-16,29.6,29.65,29.4,29.5,5112656
2023-08-17,29.5,29.94,29.21,29.8,5483364
2023-08-18,29.8,29.94,29.5,29.6,3894109
2023-08-21,29.65,29.94,29.55,29.8,3482282
2023-08-22,30.09,30.24,29.65,29.65,5503788
2023-08-23,29.85,30.83,29.85,30.63,7235142
2023-08-24,30.98,31.07,30.34,30.58,6298718
2023-08-25,30.44,30.58,30.19,30.39,3937015
2023-08-28,30.58,31.02,30.58,30.58,4829185
2023-08-29,30.73,31.91,30.68,31.76,14258779
2023-08-30,34.56,34.9,32.89,34.12,141433116
2023-08-31,34.36,34.8,32.99,33.09,70582929
2023-09-01,33.28,33.82,32.45,32.6,29483998
2023-09-04,32.69,33.18,32.45,32.89,12031312
2023-09-05,33.04,33.68,32.89,33.23,14880483
2023-09-06,33.33,33.63,33.09,33.33,12361291
2023-09-07,33.48,34.17,33.38,33.72,21713310
2023-09-08,33.82,34.07,33.33,33.92,12878124
2023-09-11,33.92,33.97,33.14,33.14,11693850
2023-09-12,33.18,33.77,32.89,33.38,9199134
2023-09-13,33.53,33.82,33.38,33.53,7240328
2023-09-14,33.77,34.26,33.58,33.72,13390500
2023-09-15,33.72,34.36,33.48,34.36,29892554
2023-09-18,34.02,34.51,33.87,34.07,10924659
2023-09-19,34.07,34.22,33.53,33.72,10565247
2023-09-20,33.58,33.82,33.23,33.43,8761286
2023-09-21,33.33,33.38,32.94,32.94,7094743
2023-09-22,32.4,32.84,31.81,32.69,10222656
2023-09-25,32.94,33.53,32.69,33.18,6955207
2023-09-26,33.18,33.23,31.91,32.15,10743771
2023-09-27,31.81,31.86,31.12,31.47,13991569
2023-09-28,31.42,31.71,31.07,31.07,9457833
2023-10-02,31.32,31.37,30.73,31.12,10462092
2023-10-03,31.27,32.2,31.17,31.61,9872518
2023-10-04,31.17,31.22,30.83,31.07,5843395
2023-10-05,31.37,32.06,31.27,31.76,7167469
2023-10-06,31.86,32.4,31.61,32.1,5954609
2023-10-11,32.15,32.4,31.96,32.15,8013736
2023-10-12,32.25,32.35,31.61,32.2,4658567
2023-10-13,32.15,32.6,31.71,32.3,5234781
2023-10-16,32.15,32.35,31.56,31.66,5021850
2023-10-17,31.96,32.35,31.81,31.86,3700309
2023-10-18,31.71,32.2,31.47,31.61,8782925
2023-10-19,31.56,32.3,31.47,32.2,4630357
2023-10-20,32.01,32.3,31.71,32.06,4257997
2023-10-23,32.06,32.3,31.91,32.1,3478148
2023-10-24,32.35,32.5,31.81,31.81,5313030
2023-10-25,29.94,30.04,28.82,29.11,37034806
2023-10-26,28.28,28.62,27.98,28.13,19357017
2023-10-27,28.28,28.47,27.64,27.98,19091342
2023-10-30,27.78,27.78,26.9,27.24,18900029
2023-10-31,27.29,27.44,26.51,26.51,16789555
2023-11-01,26.61,27.0,26.12,26.9,13654283
2023-11-02,27.05,27.49,27.0,27.44,9904250
2023-11-03,27.64,27.69,27.34,27.34,7175334
2023-11-06,27.49,27.78,27.49,27.78,6059447
2023-11-07,27.78,27.78,27.54,27.64,4368654
2023-11-08,27.39,27.39,27.0,27.2,8812050
2023-11-09,27.24,27.29,26.9,26.9,6905300
2023-11-10,26.9,27.1,26.85,26.95,2802123
2023-11-13,27.24,27.49,26.9,27.05,4492649
2023-11-14,27.1,27.34,26.95,27.29,3739612
2023-11-15,27.44,28.18,27.44,27.83,15606740
2023-11-16,27.93,27.98,27.69,27.83,5151935
2023-11-17,27.88,27.98,27.74,27.88,5027782
2023-11-20,28.03,28.32,27.98,28.18,6329543
2023-11-21,28.37,28.37,28.13,28.13,5488951
2023-11-22,28.13,28.13,27.78,27.88,3452794
2023-11-23,27.83,28.47,27.83,28.32,6282572
2023-11-24,28.37,28.52,27.98,28.18,5061516
2023-11-27,28.28,28.37,27.74,27.74,5067065
2023-11-28,27.83,28.23,27.69,28.13,5430014
2023-11-29,28.32,28.42,28.23,28.32,4819323
2023-11-30,28.52,28.67,28.08,28.28,8283791
2023-12-01,28.13,28.28,28.03,28.18,4431848
2023-12-04,28.42,28.72,28.32,28.47,6562168
2023-12-05,28.47,28.47,28.03,28.13,6595427
2023-12-06,28.23,28.28,27.98,27.98,3544403
2023-12-07,28.18,28.47,27.93,27.93,4682386
2023-12-08,27.69,28.03,27.2,27.93,10548757
2023-12-11,28.08,28.08,27.69,27.83,3115716
2023-12-12,27.98,28.37,27.93,28.37,9033790
2023-12-13,28.42,28.47,28.18,28.47,7495346
2023-12-14,28.57,28.91,28.57,28.67,10575241
2023-12-15,29.01,30.78,28.96,29.55,41306531
2023-12-18,29.75,29.8,29.01,29.36,15234276
2023-12-19,29.21,29.21,28.67,28.91,7570891
2023-12-20,29.11,29.75,29.06,29.5,8826168
2023-12-21,29.21,29.8,29.06,29.75,8645838
2023-12-22,30.24,30.63,29.45,29.8,15408339
2023-12-25,29.99,30.09,29.65,29.94,9143627
2023-12-26,30.14,30.34,29.85,30.34,11678091
2023-12-27,30.68,31.56,30.44,31.37,34373354
2023-12-28,31.47,32.01,31.02,31.17,24489787
2023-12-29,31.17,31.32,30.73,30.78,8324804
2024-01-02,30.93,31.27,30.48,30.83,11137250
2024-01-03,30.58,30.98,30.19,30.83,12136774
2024-01-04,30.83,30.83,30.34,30.63,7853724
2024-01-05,30.78,31.22,30.48,30.48,5941571
2024-01-08,30.24,30.48,29.94,30.24,9252524
2024-01-09,30.44,30.53,29.7,29.7,5386765
2024-01-10,29.7,29.75,29.31,29.5,4777051
2024-01-11,29.55,29.9,29.45,29.7,4061570
2024-01-12,29.85,30.09,29.7,29.8,4559509
2024-01-15,29.85,29.99,29.5,29.75,6346256
2024-01-16,29.45,29.7,29.26,29.36,7432742
2024-01-17,29.16,29.31,28.47,28.47,11137330
2024-01-18,28.47,28.82,28.28,28.47,6604875
2024-01-19,28.72,29.21,28.67,29.16,4653446
2024-01-22,29.16,29.9,29.16,29.5,6408513
2024-01-23,29.5,29.94,29.45,29.75,6610650
2024-01-24,29.85,30.19,29.55,29.55,4799323
2024-01-25,29.75,29.94,29.45,29.45,2907035
2024-01-26,29.55,29.99,29.36,29.99,8092667
2024-01-29,29.99,29.99,28.96,28.96,15746021
2024-01-30,29.01,29.01,28.32,28.32,13107672
2024-01-31,28.08,29.21,27.78,28.67,18413424
2024-02-01,28.32,28.37,28.03,28.37,10037511
2024-02-02,28.42,28.47,27.88,28.18,9284378
2024-02-05,28.03,28.13,27.83,27.98,10286520
2024-02-15,27.98,28.28,27.88,28.03,6359626
2024-02-16,28.23,28.57,28.08,28.47,8098851
2024-02-19,28.47,28.77,28.37,28.62,4742474
2024-02-20,28.62,28.62,28.08,28.23,6397235
2024-02-21,28.08,28.28,27.88,28.23,7652887
2024-02-22,28.28,28.62,28.28,28.47,3745868
2024-02-23,28.67,28.77,28.18,28.18,4135852
2024-02-26,28.08,28.13,27.69,27.74,8062965
2024-02-27,27.83,28.03,27.49,27.69,4532867
2024-02-29,27.74,27.93,27.49,27.93,4861890
2024-03-01,27.93,27.98,27.69,27.69,3578880
2024-03-04,27.88,28.32,27.78,27.83,4956190
2024-03-05,27.83,27.93,27.29,27.39,9301473
2024-03-06,27.29,27.39,27.15,27.29,4762878
2024-03-07,27.34,27.64,26.8,26.8,10027613
2024-03-08,26.8,27.24,26.61,26.75,10705810
2024-03-11,26.75,27.15,26.7,26.95,5243480
2024-03-12,27.2,27.24,26.95,27.05,3951073
2024-03-13,27.15,27.29,26.41,26.46,9784238
2024-03-14,26.51,26.51,26.21,26.21,6545183
2024-03-15,26.21,26.51,26.12,26.26,6265848
2024-03-18,26.21,26.41,25.92,26.21,6970959
2024-03-19,26.21,26.61,26.12,26.12,6914744
2024-03-20,26.12,26.41,25.97,25.97,6528996
2024-03-21,26.61,27.1,26.56,26.56,12388571
2024-03-22,26.95,27.34,26.9,26.95,12687943
2024-03-25,27.0,27.15,26.36,26.36,11518417
2024-03-26,26.51,26.85,26.26,26.26,8243157
2024-03-27,26.31,26.46,26.16,26.21,6337249
2024-03-28,26.41,26.46,26.12,26.16,5295353
2024-03-29,26.36,26.46,26.21,26.26,1694000
2024-04-01,26.31,26.9,26.16,26.8,8484547
2024-04-02,26.9,27.2,26.66,26.95,8291442
2024-04-03,26.95,26.95,26.56,26.66,4028896
2024-04-08,26.85,27.44,26.8,27.29,12908489
2024-04-09,27.34,27.39,27.05,27.34,6773697
2024-04-10,27.2,27.64,27.1,27.34,7329069
2024-04-11,27.29,27.34,26.8,26.9,6266472
2024-04-12,26.9,27.05,26.41,26.41,8477799
2024-04-15,26.41,26.41,26.16,26.21,9169338
2024-04-16,26.21,26.21,25.53,25.82,13502565
2024-04-17,25.97,26.07,25.87,25.92,5753305
2024-04-18,25.92,25.92,25.58,25.77,10390534
2024-04-19,25.67,25.82,24.64,25.48,18283272
2024-04-22,25.58,25.92,25.33,25.62,8747377
2024-04-23,25.67,26.02,25.43,25.48,7100950
2024-04-24,25.77,25.77,25.48,25.72,9245155
2024-04-25,25.58,25.62,25.38,25.38,6118349
2024-04-26,25.43,25.62,25.33,25.53,5298042
2024-04-29,25.72,26.31,25.72,26.31,10295755
2024-04-30,26.36,27.1,26.21,27.1,12634221
2024-05-02,26.75,26.75,25.82,26.21,14043408
2024-05-03,26.51,27.1,26.46,26.7,11890150
2024-05-06,27.1,27.2,26.36,26.41,11290791
2024-05-07,26.61,26.75,26.31,26.46,6458021
2024-05-08,26.36,26.51,26.16,26.51,3644923
2024-05-09,26.61,26.61,25.87,25.87,5905483
2024-05-10,26.02,26.66,25.92,26.41,9217922
2024-05-13,26.61,26.7,26.36,26.56,4458843
2024-05-14,26.56,27.05,26.41,26.9,8147822
2024-05-15,27.0,27.1,26.56,26.61,6945687
2024-05-16,26.8,26.9,26.61,26.7,7161174
2024-05-17,26.7,27.0,26.7,26.8,7112688
2024-05-20,26.8,27.29,26.8,27.2,9650681
2024-05-21,27.2,27.59,26.8,26.9,8310991
2024-05-22,26.75,27.0,26.61,26.7,6526432
2024-05-23,26.7,26.8,26.21,26.21,8150780
2024-05-24,26.07,26.21,25.97,26.02,5113561
2024-05-27,26.12,26.51,26.07,26.36,5578948
2024-05-28,26.46,27.1,26.21,26.95,10262585
2024-05-29,26.9,26.9,26.51,26.51,5397526
2024-05-30,26.46,26.51,26.21,26.21,4627278
2024-05-31,26.21,26.7,26.16,26.66,7806239
2024-06-03,26.7,26.75,26.07,26.12,10158835
2024-06-04,26.16,26.21,25.53,26.02,11304539
2024-06-05,26.02,26.16,25.67,25.67,8912897
2024-06-06,25.77,26.02,25.53,25.82,8144524
2024-06-07,25.82,26.07,25.67,25.92,7004882
2024-06-11,26.12,26.21,25.62,25.82,7041493
2024-06-12,25.82,25.87,25.48,25.58,6079579
2024-06-13,25.67,26.02,25.48,25.77,8382276
2024-06-14,25.77,25.77,25.53,25.53,6811394
2024-06-17,25.67,26.31,25.62,26.26,12826670
2024-06-18,26.51,27.0,26.07,26.95,16566025
2024-06-19,27.15,27.49,26.56,26.56,15146966
2024-06-20,26.61,27.0,26.51,26.66,9369802
2024-06-21,26.66,26.95,26.56,26.95,15366573
2024-06-24,27.0,27.05,26.8,26.95,8384651
2024-06-25,27.05,27.05,26.45,26.65,6690316
2024-06-26,26.7,26.85,26.25,26.3,6265398
2024-06-27,26.1,26.1,25.85,26.1,9355122
2024-06-28,26.2,26.2,25.7,26.05,51157302
2024-07-01,26.15,26.6,25.6,25.95,45312969
2024-07-02,26.0,26.6,25.45,26.6,31018990
2024-07-03,26.5,27.1,26.3,26.8,38127761
2024-07-04,27.0,27.45,26.8,27.4,38266139
2024-07-05,27.4,28.25,27.0,27.85,39347537
2024-07-08,28.0,28.4,27.55,28.2,31246113
2024-07-09,28.2,28.25,27.2,27.6,22325922
2024-07-10,27.55,27.6,27.05,27.05,8715258
2024-07-11,27.2,28.5,27.05,28.25,31880098
2024-07-12,27.95,28.45,27.7,28.15,13879024
2024-07-15,28.25,28.3,27.7,27.7,9962278
2024-07-16,27.95,28.05,27.5,27.55,7426935
2024-07-17,27.8,28.35,27.65,27.9,12792135
2024-07-18,27.8,28.1,27.35,27.65,14924086
2024-07-19,27.6,27.6,26.35,26.35,19123666
2024-07-22,26.4,26.6,25.8,26.0,13610749
2024-07-23,26.4,26.55,26.0,26.0,8321909
2024-07-26,25.7,26.0,25.2,25.7,12735673
2024-07-29,26.2,26.6,25.8,26.0,10596181
2024-07-30,26.85,27.45,26.0,26.75,43606747
2024-07-31,26.6,29.4,26.55,29.4,113844119
2024-08-01,30.45,31.0,29.7,29.75,159548376
2024-08-02,29.0,29.2,28.1,28.15,43192141
2024-08-05,27.0,28.8,26.45,27.5,74270734
2024-08-06,28.2,28.4,25.15,26.5,56431857
2024-08-07,26.5,27.35,26.2,26.9,25100153
2024-08-08,26.95,27.3,26.5,27.0,15811730
2024-08-09,27.5,28.2,27.35,27.35,20928953
2024-08-12,27.5,28.15,27.45,27.6,15284140
2024-08-13,27.85,27.85,27.3,27.85,13694931
2024-08-14,28.1,28.4,27.9,28.05,18457191
2024-08-15,28.15,28.25,27.65,27.8,11836869
2024-08-16,28.15,28.3,27.8,27.8,10876405
2024-08-19,27.85,27.85,27.2,27.55,10454678
2024-08-20,27.7,28.0,27.7,27.9,8046447
2024-08-21,28.0,28.0,27.5,27.55,6534137
2024-08-22,27.7,27.85,27.5,27.75,4477354
2024-08-23,27.55,27.55,26.8,27.2,10602986
2024-08-26,27.3,28.1,27.3,27.8,12845401
2024-08-27,27.7,27.85,27.4,27.7,5612502
2024-08-28,27.85,27.85,27.3,27.4,5376764
2024-08-29,27.2,27.75,27.15,27.65,4160891
2024-08-30,27.8,27.95,27.7,27.7,6572247
2024-09-02,28.1,28.1,27.45,27.65,8725249
2024-09-03,27.65,27.85,27.1,27.1,7556151
2024-09-04,26.15,26.55,25.65,26.15,15358922
2024-09-05,26.35,26.7,25.6,25.65,13986680
2024-09-06,25.65,25.9,25.5,25.55,8838476
2024-09-09,25.2,26.05,25.2,25.7,6168782
2024-09-10,25.9,25.9,24.5,24.55,19016113
2024-09-11,24.7,25.45,24.65,25.35,7326158
2024-09-12,25.9,25.95,25.45,25.6,7275083
2024-09-13,25.7,26.2,25.45,26.2,8499059
2024-09-16,26.25,26.65,26.1,26.35,7577680
2024-09-18,26.65,26.7,26.0,26.0,6250713
2024-09-19,26.1,26.2,25.75,26.0,6672547
2024-09-20,26.2,26.5,25.8,25.8,8256198
2024-09-23,26.05,26.4,26.0,26.25,5346669
2024-09-24,26.35,26.55,26.05,26.15,5939732
2024-09-25,26.35,26.8,26.3,26.45,6548696
2024-09-26,26.9,27.35,26.75,26.8,12480360
2024-09-27,27.15,27.6,27.05,27.35,14504920
2024-09-30,27.0,27.35,26.7,26.8,5940588
2024-10-01,26.95,27.1,26.5,26.6,5216330
2024-10-04,26.6,26.85,26.3,26.35,4803889
2024-10-07,26.4,26.5,26.05,26.4,6686703
2024-10-08,26.4,26.6,26.0,26.05,4215817
2024-10-09,26.3,26.3,25.8,25.8,5634187
2024-10-11,26.2,26.2,25.75,25.8,3589610
2024-10-14,25.6,25.8,25.4,25.6,6191967
2024-10-15,25.7,26.0,25.6,25.75,4210073
2024-10-16,25.65,26.1,25.35,25.75,13450894
2024-10-17,25.9,26.45,25.85,26.25,4614246
2024-10-18,26.2,26.35,26.0,26.0,3582191
2024-10-21,26.0,26.45,26.0,26.4,4055347
2024-10-22,26.35,26.35,26.05,26.25,2689861
2024-10-23,26.15,26.4,25.8,25.8,5577888
2024-10-24,25.7,25.7,25.55,25.55,3561696
2024-10-25,25.55,25.8,25.4,25.45,3935538
2024-10-28,25.5,25.5,25.2,25.4,4037523
2024-10-29,25.6,25.65,25.2,25.55,6603462
2024-10-30,25.1,25.25,24.0,24.15,26438347
2024-11-01,23.5,23.55,22.2,22.9,28538290
2024-11-04,22.95,22.95,22.15,22.2,16382104
2024-11-05,22.05,22.65,22.05,22.4,11759323
2024-11-06,22.4,22.5,22.15,22.3,6796445
2024-11-07,22.35,23.3,22.3,23.3,11243963
2024-11-08,23.3,23.4,22.65,22.8,7909664
2024-11-11,22.55,22.55,22.05,22.2,12956140
2024-11-12,22.15,22.35,21.95,22.2,6287984
2024-11-13,22.05,22.2,22.0,22.0,5787302
2024-11-14,22.05,22.05,21.0,21.0,14614145
2024-11-15,21.15,21.75,21.15,21.6,5653932
2024-11-18,21.6,21.95,21.4,21.85,5643376
2024-11-19,21.8,21.95,21.45,21.7,4421413
2024-11-20,21.4,21.4,21.4,21.4,3695104
2024-11-21,21.35,21.7,21.25,21.5,3031634
2024-11-22,21.6,21.9,21.6,21.6,3041969
2024-11-25,21.85,21.9,21.55,21.75,5382282
2024-11-26,21.75,22.15,21.55,22.1,4777054
2024-11-27,21.9,22.0,21.2,21.3,6009812
2024-11-28,21.3,21.4,20.75,21.3,5713639
2024-11-29,21.0,21.0,20.7,20.95,4437831
2024-12-02,21.05,21.35,20.15,20.2,17667514
2024-12-03,20.45,20.8,20.3,20.45,8152415
2024-12-04,20.8,21.95,20.8,21.9,21614826
2024-12-05,21.7,22.15,21.4,21.5,16331734
2024-12-06,21.55,23.35,21.55,22.65,31911058
2024-12-09,22.2,22.45,22.05,22.2,12999389
2024-12-10,22.2,22.55,21.9,21.9,8166713
2024-12-11,21.9,21.9,21.0,21.0,11336734
2024-12-12,21.3,21.45,20.65,20.75,8704121
2024-12-13,20.6,20.7,20.25,20.35,6813417
2024-12-16,20.5,20.8,20.25,20.3,7315150
2024-12-17,20.5,20.95,20.45,20.5,7270151
2024-12-18,20.5,21.15,20.4,20.95,5306656
2024-12-19,20.5,20.95,20.45,20.85,4152950
2024-12-20,20.75,20.85,20.2,20.2,8783464
2024-12-23,20.4,20.75,20.25,20.4,3025534
2024-12-24,20.6,21.15,20.6,20.85,7147108
2024-12-25,20.85,21.15,20.7,20.75,2600171
2024-12-26,20.85,21.2,20.6,20.7,3375391
2024-12-27,20.8,20.8,20.4,20.6,3894542
2024-12-30,20.45,20.45,20.0,20.1,7740630
2024-12-31,19.95,19.95,19.5,19.8,9593637
2025-01-02,19.65,19.75,19.3,19.55,7728347
2025-01-03,19.65,19.95,19.5,19.65,3834030
2025-01-06,19.8,20.3,19.8,20.1,6194032
2025-01-07,20.2,20.75,19.95,20.1,6453089
2025-01-08,20.0,20.0,19.4,19.45,7267755
2025-01-09,19.4,19.4,18.35,18.4,15499075
2025-01-10,18.3,18.55,18.25,18.3,4973370
2025-01-13,18.2,18.3,17.6,17.75,10588443
2025-01-14,17.95,18.3,17.85,18.25,4786835
2025-01-15,18.2,18.35,17.9,18.0,6560761
2025-01-16,18.3,18.6,18.15,18.45,6253737
2025-01-17,18.85,19.1,18.5,19.0,7759833
2025-01-20,19.4,19.65,19.05,19.5,7705057
2025-01-21,19.6,20.1,19.15,19.2,12280634
2025-01-22,19.25,19.35,19.0,19.2,5332073
2025-02-03,19.2,19.2,18.6,18.8,7656599
2025-02-04,18.85,18.95,18.4,18.5,7047126
2025-02-05,18.85,19.1,18.7,18.75,4965749
2025-02-06,18.85,19.45,18.8,19.4,8698050
2025-02-07,19.65,19.75,19.45,19.55,5888062
2025-02-10,19.6,19.8,19.3,19.4,6338055
2025-02-11,19.65,19.7,19.2,19.3,4219554
2025-02-12,19.3,19.8,19.3,19.5,4314199
2025-02-13,19.5,21.4,19.45,20.9,37969160
2025-02-14,20.5,21.45,19.8,21.1,42385168
2025-02-17,21.0,21.4,20.4,21.0,19611318
2025-02-18,21.25,22.65,21.05,22.15,42423316
2025-02-19,22.0,23.05,21.9,22.3,36584801
2025-02-20,22.3,22.65,21.8,22.4,21331488
2025-02-21,22.2,22.25,21.7,22.0,19027618
2025-02-24,21.65,22.2,21.65,21.7,8812830
2025-02-25,21.5,22.8,21.2,22.45,27483485
2025-02-26,22.45,23.65,22.05,22.2,40656486
2025-02-27,22.2,22.5,21.8,22.0,17788942
2025-03-03,21.8,21.9,21.35,21.5,13128412
2025-03-04,21.05,21.15,20.75,21.1,11924298
2025-03-05,20.9,21.4,20.75,21.0,9502605
2025-03-06,21.3,21.3,20.8,20.85,6357569
2025-03-07,20.65,21.8,20.65,21.5,14301155
2025-03-10,21.75,22.05,21.55,21.65,15741910
2025-03-11,21.1,21.65,20.8,21.5,8326095
2025-03-12,21.25,22.5,21.15,21.95,24550740
2025-03-13,22.0,22.3,21.05,21.1,23072323
2025-03-14,21.15,21.95,20.95,21.8,11293378
2025-03-17,22.45,22.45,21.85,22.1,19190249
2025-03-18,22.8,23.6,22.15,22.35,57440289
2025-03-19,22.35,22.5,21.6,21.7,19139312
2025-03-20,21.95,22.3,21.9,22.05,12822266
2025-03-21,22.1,22.15,21.5,21.65,13449970
2025-03-24,21.65,21.65,20.8,20.8,15242773
2025-03-25,21.05,21.1,20.65,20.65,7586685
2025-03-26,20.75,21.45,20.7,21.3,15440971
2025-03-27,21.8,23.3,21.1,23.25,108036171
2025-03-28,23.3,23.5,22.55,22.85,103445512
2025-03-31,22.2,22.5,20.65,20.7,51908008
2025-04-01,20.95,22.2,20.7,21.75,39679872
2025-04-02,21.45,22.1,21.0,21.75,29121563
2025-04-07,19.6,19.6,19.6,19.6,3340825
2025-04-08,18.0,19.1,17.7,18.1,32383138
2025-04-09,18.8,18.8,16.9,17.05,43236053
2025-04-10,18.75,18.75,18.75,18.75,3575731
2025-04-11,17.2,18.95,17.2,18.85,30774015
2025-04-14,19.35,20.2,19.15,19.25,23341643
2025-04-15,19.6,19.9,19.45,19.8,12873493
2025-04-16,19.55,19.75,19.15,19.2,14927416
2025-04-17,18.9,19.35,18.7,19.15,9824245
2025-04-18,19.25,19.85,19.05,19.55,12424698
2025-04-21,19.7,19.8,19.15,19.25,9602343
2025-04-22,19.1,19.65,18.9,19.1,8734507
2025-04-23,19.6,19.85,19.45,19.6,10396506
2025-04-24,19.7,20.05,19.4,19.8,13961776
2025-04-25,20.25,21.55,20.05,21.25,35156516
2025-04-28,21.3,21.35,20.75,20.9,22279774
2025-04-29,20.85,21.3,20.8,21.0,12469026
2025-04-30,20.85,20.95,19.85,19.85,25292113
2025-05-02,20.0,20.3,19.95,20.0,7745458
2025-05-05,20.15,20.3,19.5,19.7,10558377
2025-05-06,19.7,20.55,19.65,20.55,12002219
2025-05-07,20.45,20.6,20.3,20.4,6715863
2025-05-08,20.5,20.65,20.2,20.2,6642150
2025-05-09,20.4,20.45,20.1,20.25,4432839
2025-05-12,20.45,20.95,20.4,20.75,9860668
2025-05-13,21.15,21.7,20.95,21.2,27218574
2025-05-14,21.25,21.5,21.2,21.4,11379082
2025-05-15,21.7,21.95,21.45,21.55,11601808
2025-05-16,21.5,21.6,21.1,21.4,6513619
2025-05-19,21.4,21.8,21.2,21.35,8837929
2025-05-20,21.5,22.1,21.5,21.9,13255091
2025-05-21,22.05,22.35,21.8,22.0,10901760
2025-05-22,21.8,22.2,21.55,21.6,7028633
2025-05-23,21.7,21.75,21.1,21.1,6290740
2025-05-26,21.15,21.3,21.05,21.1,4435542
2025-05-27,21.15,21.6,20.7,21.2,8562557
2025-05-28,22.65,23.2,21.5,21.7,52354973
2025-05-29,21.85,22.3,21.4,21.55,19776476
2025-06-02,21.5,21.85,21.15,21.6,12859975
2025-06-03,21.7,21.75,21.2,21.25,8596619
2025-06-04,21.5,21.8,21.2,21.6,14587890
2025-06-05,21.8,22.5,21.55,22.05,21001694
2025-06-06,22.15,22.45,21.8,21.85,24662699
2025-06-09,21.8,22.15,21.8,21.85,10561413
2025-06-10,22.1,22.25,21.8,21.8,11888807
2025-06-11,22.0,22.2,21.7,22.05,13263534
2025-06-12,22.1,22.45,21.85,22.1,15476522
2025-06-13,21.95,22.15,21.6,21.6,12458661
2025-06-16,21.5,21.9,21.3,21.9,7620466
2025-06-17,22.15,22.55,21.95,22.1,13633628
2025-06-18,22.1,23.5,22.1,22.8,45309311
2025-06-19,23.05,23.15,22.15,22.2,19383835
2025-06-20,22.3,22.4,21.25,21.25,16319344
2025-06-23,20.95,21.55,20.8,21.35,13973267
2025-06-24,21.65,22.45,21.65,22.15,14334666
2025-06-25,22.05,22.45,21.7,21.7,8937444
2025-06-26,21.85,22.3,21.7,21.7,9123340
2025-06-27,21.95,22.15,21.75,21.85,5674783
2025-06-30,21.9,21.95,21.05,21.25,9552935
2025-07-01,21.35,21.45,20.9,21.25,12189128
2025-07-02,21.05,21.45,20.6,21.15,13109834
2025-07-03,21.4,22.35,21.35,22.25,18008730
2025-07-04,22.1,22.25,21.3,21.35,11426614
2025-07-07,21.4,21.65,21.2,21.45,6068375
2025-07-08,21.55,21.6,20.85,20.9,9558979
2025-07-09,21.05,21.2,20.85,21.0,3895709
2025-07-10,21.05,21.2,20.85,20.9,3449244
2025-07-11,21.1,21.1,20.55,20.75,7169114
2025-07-14,20.6,20.7,20.25,20.4,5807982
2025-07-15,20.4,20.55,20.0,20.15,8295557
2025-07-16,20.1,20.5,20.1,20.25,6889019
2025-07-17,20.35,21.0,20.3,20.85,7395120
2025-07-18,21.0,21.05,20.6,20.75,5469488
2025-07-21,20.75,20.75,20.4,20.4,3733019
2025-07-22,20.5,20.55,19.9,19.9,8091483
2025-07-23,20.0,20.55,20.0,20.5,7441539
2025-07-24,20.5,20.6,20.05,20.2,5836498
2025-07-25,20.2,20.35,20.0,20.1,5194600
2025-07-28,20.1,20.2,19.8,19.9,7490043
2025-07-29,19.9,20.15,19.5,19.5,9762534
2025-07-30,19.55,19.8,19.25,19.6,5767516
2025-07-31,19.4,19.45,18.95,18.95,13432726
2025-08-04,18.6,18.65,18.2,18.45,8130077
2025-08-05,18.6,18.9,18.55,18.65,7196768
2025-08-06,18.7,18.75,18.25,18.3,7091551
2025-08-07,18.35,18.45,18.15,18.3,6288188
2025-08-08,18.6,19.25,18.6,19.05,15487410
2025-08-11,19.05,19.15,18.8,19.0,6212567
2025-08-12,19.1,19.55,19.1,19.25,8865192
2025-08-13,19.45,19.8,19.25,19.35,9920576
2025-08-14,19.45,19.8,19.45,19.5,7315278
2025-08-15,19.65,19.75,19.3,19.65,5465164
2025-08-18,19.65,19.95,19.45,19.75,8221047
2025-08-19,19.75,20.0,19.45,19.55,7241010
2025-08-20,19.4,19.4,19.0,19.0,11035180
2025-08-21,19.1,20.15,19.1,20.1,13632141
2025-08-22,20.05,20.1,19.65,19.7,6009294
2025-08-25,20.1,20.25,19.95,20.0,5963034
2025-08-26,20.0,20.25,19.85,20.15,5945532
2025-08-27,20.2,20.5,20.2,20.4,6982371
2025-08-28,20.4,20.4,19.95,20.1,5582857
2025-08-29,20.45,20.7,20.1,20.1,5931214
2025-09-01,20.1,20.25,19.75,19.95,4354152
2025-09-02,20.1,20.2,19.65,19.75,4259880
2025-09-03,19.9,20.15,19.6,19.7,4889295
2025-09-04,19.95,20.2,19.75,19.9,5604091
2025-09-05,20.0,20.8,19.95,20.45,22387595
2025-09-08,20.9,21.5,20.3,20.7,27818185
2025-09-09,20.4,20.5,20.0,20.1,11661661
2025-09-10,20.2,20.55,19.9,20.3,10110384
2025-09-11,20.55,22.3,20.45,22.3,71715292
2025-09-12,23.65,24.0,22.05,22.6,147388749
2025-09-15,22.9,23.3,22.2,22.8,54287358
2025-09-16,23.4,23.9,22.6,23.6,84150584
2025-09-17,23.85,24.7,23.65,24.6,91987174
2025-09-18,25.5,27.05,25.2,27.05,110876074
2025-09-19,28.1,28.9,27.15,27.85,230135494
2025-09-22,27.8,28.1,26.0,26.1,112765463
2025-09-23,26.35,27.65,26.35,26.75,114060565
2025-09-24,26.6,26.8,25.75,26.25,56476869
2025-09-25,26.0,26.35,25.3,25.5,43129569
2025-09-26,25.25,25.3,24.15,24.3,42050489
2025-09-30,25.3,25.8,24.75,25.05,44245216
2025-10-01,25.0,26.2,24.8,25.5,39849304
2025-10-02,26.45,26.9,25.0,25.15,83814111
2025-10-03,25.1,25.5,24.55,25.3,42742947
2025-10-07,25.7,27.35,25.6,27.1,106609696
2025-10-08,26.55,26.9,25.5,26.85,64841645
2025-10-09,27.2,27.6,26.45,27.5,94568322
2025-10-13,25.8,26.75,25.75,26.75,43137219
2025-10-14,27.35,28.0,25.7,25.7,76339512
2025-10-15,25.8,26.2,25.1,25.9,25191199
2025-10-16,26.15,27.8,26.15,27.0,83322341
2025-10-17,26.7,27.25,26.65,26.75,33429110
2025-10-20,27.55,29.4,26.8,29.4,120074633
2025-10-21,30.0,30.2,27.85,28.25,164312365
2025-10-22,27.7,28.2,27.4,27.9,37338546
2025-10-23,27.6,30.45,27.5,30.15,159074573
2025-10-27,33.15,33.15,32.55,33.15,121397236
2025-10-28,33.6,36.45,33.5,36.45,197058550
2025-10-29,38.0,39.7,36.9,38.5,412061832
2025-10-30,35.9,36.1,34.65,34.65,238859020
2025-10-31,33.1,33.4,31.2,31.2,257625951
2025-11-03,31.25,32.35,30.8,30.95,153097812
2025-11-04,31.15,31.25,29.55,29.7,111160757
2025-11-05,28.8,31.6,28.5,31.35,135847681
2025-11-06,31.85,34.45,31.4,34.45,294060962
2025-11-07,34.35,36.0,34.1,35.25,366325111
2025-11-10,36.0,38.5,35.05,37.9,373760141
2025-11-11,38.9,41.65,38.8,40.2,435540803
2025-11-12,40.1,42.0,39.1,40.65,376408496
2025-11-13,40.65,41.25,38.0,38.9,272488272
2025-11-14,37.0,38.5,36.35,38.05,137296530
2025-11-17,40.6,40.9,37.35,38.75,235821509
2025-11-18,38.5,39.35,36.6,37.65,143517789
2025-11-19,37.05,38.0,36.2,36.4,99466754
2025-11-20,38.1,38.5,35.3,37.55,147095431
2025-11-21,34.3,35.5,34.0,34.5,91792999
2025-11-24,35.35,35.4,33.3,33.85,103884924
2025-11-25,35.6,36.2,34.4,34.5,98954888
2025-11-26,34.25,34.6,32.3,32.85,95795905
2025-11-27,33.4,33.85,32.55,33.7,77148441
2025-11-28,33.8,35.35,33.25,34.1,70967375
2025-12-01,34.1,34.45,33.1,33.85,49266433
2025-12-02,36.05,36.05,33.35,33.5,122919304
2025-12-03,33.75,34.35,32.8,32.8,74711291
2025-12-04,32.8,33.0,31.85,32.9,53274394
2025-12-05,33.0,34.1,32.25,33.9,73987944
2025-12-08,34.15,37.25,34.1,37.25,155950460
2025-12-09,37.6,39.45,37.35,38.75,282338999
2025-12-10,39.0,39.6,36.5,37.0,170558327
2025-12-11,37.55,37.8,36.3,36.4,84131721
2025-12-12,36.4,39.2,36.3,38.1,158889970
2025-12-15,36.95,38.45,35.85,37.95,84971608
2025-12-16,37.6,37.7,36.0,37.15,87367490
2025-12-17,37.4,38.35,36.5,37.65,99931767
2025-12-18,37.75,39.2,37.7,37.95,160797874
2025-12-19,39.2,39.8,37.05,37.15,135679520
2025-12-22,38.15,39.7,38.1,38.95,140446678
2025-12-23,39.4,39.5,38.35,38.5,84431244
2025-12-24,38.75,39.15,38.0,38.95,68665993
2025-12-26,39.55,40.1,38.6,39.2,91939826
2025-12-29,39.2,39.3,38.0,38.15,72033688
2025-12-30,38.25,39.5,38.25,38.75,97373538
2025-12-31,39.15,42.25,39.15,39.45,257186471
2026-01-02,40.55,43.35,40.05,43.35,171000281
2026-01-05,47.65,47.65,47.65,47.65,35149787
2026-01-06,49.4,52.4,47.7,52.4,376374262
2026-01-07,57.0,57.6,53.0,57.6,464396791
2026-01-08,57.3,63.3,57.0,63.3,527306444
2026-01-09,63.3,64.0,57.0,58.3,735439805
2026-01-12,60.0,61.2,58.6,61.2,60516562
2026-01-13,62.8,62.8,58.6,60.9,39143029
2026-01-14,60.0,60.9,59.2,60.1,27600667
2026-01-15,60.3,62.0,59.8,61.9,34623912
2026-01-16,64.0,67.8,63.0,67.0,69517417
2026-01-19,73.0,73.7,73.0,73.7,45468378
2026-01-20,66.4,76.8,66.4,76.8,69705694
2026-01-21,78.8,78.8,69.2,73.3,87528436
2026-01-22,78.5,78.5,72.8,73.4,66543167
2026-01-23,74.0,74.0,67.4,69.3,51472396
2026-01-26,72.5,76.2,69.8,76.2,206594251
2026-01-27,76.9,80.9,73.0,76.2,349241577
2026-01-28,81.7,83.8,81.4,83.8,207246371
2026-01-29,89.4,92.1,85.5,92.1,458760716
2026-01-30,93.9,95.5,90.5,92.8,395892486
2026-02-02,87.0,89.4,83.6,84.8,241465093
2026-02-03,92.0,93.2,82.1,84.5,399712074
2026-02-04,82.8,91.9,82.7,89.7,250607793
2026-02-05,87.5,91.7,86.1,87.9,229124963
2026-02-06,85.0,85.8,79.5,80.8,234140868
2026-02-09,88.8,88.8,87.3,88.8,123907496
2026-02-10,91.5,95.3,89.3,89.6,271835715
2026-02-11,89.1,98.5,88.8,98.5,345272475
2026-02-23,106.0,108.0,103.0,103.5,191468129
2026-02-24,103.0,113.5,101.5,113.5,121657201
2026-02-25,114.5,117.5,105.5,108.0,223469894
2026-02-26,110.0,113.0,107.0,110.0,143339483
2026-03-02,105.5,120.5,105.5,116.0,176612499
2026-03-03,116.5,117.5,104.5,104.5,228206911
2026-03-04,97.0,103.0,94.2,98.0,209068319
2026-03-05,107.5,107.5,105.0,107.5,79660540
2026-03-06,107.0,110.5,102.5,102.5,172718919
2026-03-09,92.3,92.3,92.3,92.3,31979696
2026-03-10,97.8,98.8,88.8,90.7,315844331
2026-03-11,93.3,99.7,93.3,99.7,130474935
2026-03-12,102.5,109.0,98.5,99.0,269829466
2026-03-13,108.0,108.5,104.5,108.5,235674254
2026-03-16,119.0,119.0,119.0,119.0,26742034
2026-03-17,130.5,130.5,130.5,130.5,61678842
2026-03-18,137.0,143.5,135.0,143.5,242398978
