date,open,high,low,close,volume
2000-01-04,22.46,22.97,22.36,22.97,36745
2000-01-05,23.17,24.48,23.07,24.48,125041
2000-01-06,24.89,25.5,23.88,24.08,113187
2000-01-07,23.68,23.68,22.46,22.46,66370
2000-01-10,22.46,23.27,22.46,22.66,62492
2000-01-11,23.47,23.88,21.75,22.06,71833
2000-01-12,22.06,22.46,21.25,21.65,48248
2000-01-13,21.25,21.55,20.24,20.24,56502
2000-01-14,20.24,21.04,20.03,20.44,67256
2000-01-17,20.84,21.45,20.24,21.15,56983
2000-01-18,21.35,21.35,20.34,20.44,29756
2000-01-19,20.44,20.84,20.34,20.34,23926
2000-01-20,20.54,21.55,20.54,21.35,58230
2000-01-21,21.45,22.36,21.45,21.55,85761
2000-01-24,21.85,21.85,20.84,20.84,30872
2000-01-25,20.44,20.64,20.24,20.54,21999
2000-01-26,20.74,21.04,20.34,20.44,21462
2000-01-27,20.54,20.74,20.24,20.24,23713
2000-01-28,20.34,20.54,18.82,19.22,28998
2000-01-31,19.02,19.43,18.82,19.22,24588
2000-02-01,19.43,19.63,19.12,19.53,22826
2000-02-02,19.53,19.53,19.53,19.53,0
2000-02-03,19.53,19.53,19.53,19.53,0
2000-02-04,19.53,19.53,19.53,19.53,0
2000-02-07,19.53,19.53,19.53,19.53,0
2000-02-08,19.53,19.53,19.53,19.53,0
2000-02-09,20.03,20.64,19.83,19.83,27992
2000-02-10,19.83,19.83,19.02,19.32,15411
2000-02-11,19.73,20.44,19.43,19.83,37633
2000-02-14,19.93,19.93,19.22,19.22,13966
2000-02-15,19.22,20.54,19.22,20.54,35630
2000-02-16,21.25,21.25,20.64,20.74,53711
2000-02-17,21.04,21.65,20.84,21.55,54290
2000-02-18,22.06,22.16,20.54,20.54,35478
2000-02-21,20.84,20.94,19.32,19.53,23172
2000-02-22,19.02,20.03,19.02,19.93,23466
2000-02-23,19.93,20.03,19.22,19.43,10770
2000-02-24,19.93,20.44,19.83,19.93,23658
2000-02-25,20.13,20.34,19.22,19.32,19069
2000-02-28,19.32,19.32,19.32,19.32,0
2000-02-29,19.83,19.83,19.12,19.22,9831
2000-03-01,19.73,19.73,19.43,19.53,8887
2000-03-02,19.73,20.24,19.43,19.43,28339
2000-03-03,19.73,19.83,19.53,19.63,11573
2000-03-06,20.24,20.54,19.83,20.24,22856
2000-03-07,20.44,21.65,20.44,21.65,88831
2000-03-08,22.06,22.76,21.45,21.55,144342
2000-03-09,21.45,22.97,21.45,22.97,129489
2000-03-10,24.48,24.48,23.57,23.68,172190
2000-03-13,23.68,23.68,22.06,22.16,71574
2000-03-14,22.26,22.87,21.15,22.46,50893
2000-03-15,22.06,22.66,20.94,20.94,36079
2000-03-16,19.53,20.84,19.53,20.74,27772
2000-03-17,20.74,20.84,19.83,20.24,24680
2000-03-20,19.53,20.13,19.53,19.53,28615
2000-03-21,19.53,20.84,19.53,20.84,47440
2000-03-22,22.26,22.26,22.26,22.26,25652
2000-03-23,23.78,23.78,23.78,23.78,9561
2000-03-24,25.09,25.4,24.18,25.4,124045
2000-03-27,25.6,27.12,25.5,25.9,93854
2000-03-28,26.1,26.41,24.48,26.41,76643
2000-03-29,25.5,27.01,25.19,26.1,70699
2000-03-30,25.29,26.71,25.09,25.6,50436
2000-03-31,24.89,25.29,23.88,24.08,59821
2000-04-03,24.08,24.08,24.08,24.08,0
2000-04-04,24.08,24.08,24.08,24.08,0
2000-04-05,23.07,23.98,22.97,23.47,34899
2000-04-06,23.07,23.27,21.85,22.06,50709
2000-04-07,22.46,23.57,22.26,23.57,70992
2000-04-10,21.85,23.37,21.85,22.56,46932
2000-04-11,22.16,23.27,22.16,22.26,45234
2000-04-12,22.46,23.17,22.26,22.46,37938
2000-04-13,21.85,23.07,21.85,22.76,69086
2000-04-14,22.26,22.66,21.25,21.25,26153
2000-04-17,18.52,19.53,18.52,19.22,41657
2000-04-18,19.63,20.13,19.12,19.12,47247
2000-04-19,19.63,20.24,18.62,18.92,70943
2000-04-20,18.92,19.32,18.41,19.12,52422
2000-04-21,19.22,19.63,18.82,19.22,49440
2000-04-24,19.02,19.02,17.91,17.91,24485
2000-04-25,16.9,18.11,16.69,17.81,30897
2000-04-26,17.91,17.91,16.59,16.59,13582
2000-04-27,16.39,16.59,15.48,15.48,27291
2000-04-28,15.38,16.09,15.38,15.58,53367
2000-05-01,15.58,15.58,15.58,15.58,0
2000-05-02,16.9,16.9,15.58,15.58,37481
2000-05-03,15.18,15.38,14.57,14.57,20816
2000-05-04,14.97,15.58,14.77,15.38,50993
2000-05-05,15.38,16.19,15.28,15.88,47689
2000-05-08,16.49,16.69,15.99,15.99,25612
2000-05-09,15.99,15.99,15.99,15.99,0
2000-05-10,16.19,16.59,15.78,15.99,19798
2000-05-11,15.68,15.88,14.97,15.28,11755
2000-05-12,15.68,16.19,15.48,15.78,22001
2000-05-15,15.99,15.99,14.77,14.77,9012
2000-05-16,15.18,15.78,15.08,15.78,18841
2000-05-17,16.19,16.8,16.19,16.8,29738
2000-05-18,16.59,17.2,16.29,16.8,40069
2000-05-19,16.8,16.8,16.39,16.8,15353
2000-05-22,15.88,16.29,15.58,15.68,11776
2000-05-23,15.78,16.19,15.58,15.78,17823
2000-05-24,15.18,15.58,14.97,14.97,10791
2000-05-25,15.28,15.58,14.77,14.87,13405
2000-05-26,14.87,15.08,14.67,15.08,9875
2000-05-29,15.18,15.58,15.08,15.08,11851
2000-05-30,15.08,15.08,15.08,15.08,0
2000-05-31,15.88,16.39,15.78,16.29,33095
2000-06-01,16.19,16.29,15.78,15.88,9325
2000-06-02,16.39,16.59,15.99,16.09,14587
2000-06-05,16.69,16.69,15.58,15.88,24083
2000-06-06,15.88,15.88,15.88,15.88,0
2000-06-07,15.68,16.9,15.28,16.9,28838
2000-06-08,17.0,17.0,16.39,16.9,41664
2000-06-09,17.24,17.48,17.0,17.0,48476
2000-06-12,17.0,17.12,16.75,17.0,13550
2000-06-13,16.75,17.0,16.39,16.51,9530
2000-06-14,16.75,17.0,16.63,16.75,7995
2000-06-15,16.75,16.88,16.39,16.39,5264
2000-06-16,16.51,16.88,16.39,16.63,8226
2000-06-19,16.88,17.12,16.51,17.12,12254
2000-06-20,17.36,17.48,16.75,16.75,10839
2000-06-21,17.12,17.48,16.75,16.75,19653
2000-06-22,17.0,17.85,16.88,17.85,32889
2000-06-23,17.6,17.97,17.48,17.48,18732
2000-06-26,17.36,17.36,16.63,16.63,11606
2000-06-27,16.75,17.24,16.75,16.88,11394
2000-06-28,17.0,17.12,16.51,16.88,11487
2000-06-29,17.12,17.12,16.15,16.63,14799
2000-06-30,16.75,17.0,16.51,16.63,7317
2000-07-03,16.63,16.75,15.54,15.66,7382
2000-07-04,15.54,15.66,14.57,14.57,7593
2000-07-05,14.21,15.54,13.72,15.54,22073
2000-07-06,15.3,15.9,14.93,14.93,18719
2000-07-07,15.06,15.42,14.57,14.69,10133
2000-07-10,14.69,15.54,14.21,15.3,16602
2000-07-11,15.3,15.78,15.18,15.3,13104
2000-07-12,15.3,15.66,15.06,15.3,9780
2000-07-13,15.78,16.27,15.66,16.27,26667
2000-07-14,16.51,17.0,16.39,16.75,21117
2000-07-17,16.75,16.88,16.39,16.51,5656
2000-07-18,16.51,17.0,16.27,16.88,20098
2000-07-19,16.51,17.0,16.27,16.88,20098
2000-07-20,16.63,16.75,16.03,16.27,5124
2000-07-21,16.63,16.63,16.03,16.27,11740
2000-07-24,16.15,16.51,16.03,16.15,4876655
2000-07-25,15.78,16.15,15.06,15.06,7454
2000-07-26,14.81,15.42,14.57,14.81,9372
2000-07-27,14.57,15.18,14.08,15.18,10218
2000-07-28,14.69,15.66,14.69,15.42,10677
2000-07-31,15.3,15.54,15.06,15.54,9843
2000-08-01,15.66,15.78,15.06,15.06,7578
2000-08-02,15.06,15.3,14.69,14.93,5215
2000-08-03,14.81,15.3,14.45,15.18,8330
2000-08-04,15.42,15.78,15.18,15.42,16796
2000-08-07,14.57,14.93,14.45,14.81,8810
2000-08-08,14.93,15.78,14.81,15.78,18435
2000-08-09,15.78,16.39,15.54,16.15,33676
2000-08-10,16.15,16.15,15.66,15.9,12706
2000-08-11,16.03,16.27,15.78,15.78,17301
2000-08-14,15.78,15.9,15.42,15.42,7577
2000-08-15,15.42,15.66,15.06,15.06,6139
2000-08-16,15.06,15.54,14.93,15.42,9964
2000-08-17,15.42,16.39,15.42,16.15,22924
2000-08-18,16.39,16.88,15.78,15.78,28907
2000-08-21,17.0,17.85,16.88,17.36,61522
2000-08-22,17.24,17.24,16.51,16.63,19047
2000-08-23,16.63,16.63,16.63,16.63,0
2000-08-24,17.0,17.36,16.75,17.24,25873
2000-08-25,17.48,17.73,17.12,17.12,27812
2000-08-28,17.12,17.36,16.88,16.88,20579
2000-08-29,16.63,17.24,16.27,17.24,25301
2000-08-30,17.24,17.24,16.15,16.15,18404
2000-08-31,16.03,16.75,16.03,16.39,29332
2000-09-01,16.75,17.48,16.39,17.48,42236
2000-09-04,18.94,19.3,18.45,18.94,69347
2000-09-05,18.82,19.18,18.45,19.06,30164
2000-09-06,19.06,19.79,18.21,18.45,57894
2000-09-07,17.97,18.45,17.6,17.97,29173
2000-09-08,18.21,18.45,17.73,17.73,28110
2000-09-11,17.73,18.21,17.73,18.21,21846
2000-09-12,18.21,18.21,18.21,18.21,0
2000-09-13,18.21,19.43,17.97,19.43,37429
2000-09-14,19.43,19.43,18.09,18.21,28539
2000-09-15,18.21,19.06,17.48,17.6,34732
2000-09-18,17.0,17.48,16.88,17.0,14696
2000-09-19,17.0,17.48,15.9,15.9,24397
2000-09-20,16.51,16.51,15.06,15.42,22522
2000-09-21,15.18,15.9,15.06,15.66,17463
2000-09-22,15.3,15.54,14.57,14.57,16385
2000-09-25,14.81,14.93,14.08,14.69,12080
2000-09-26,14.57,14.69,13.72,14.57,19311
2000-09-27,14.33,15.42,14.08,15.3,26918
2000-09-28,15.78,15.78,15.06,15.18,24582
2000-09-29,15.3,15.54,14.57,14.69,17933
2000-10-02,13.6,14.08,12.87,12.87,13380
2000-10-03,12.51,13.23,11.97,12.51,22099
2000-10-04,12.07,12.07,12.07,12.07,2131973
2000-10-05,11.66,12.04,11.66,11.83,18995
2000-10-06,11.92,12.63,11.92,12.63,21772
2000-10-09,13.11,13.11,12.75,12.75,7482
2000-10-10,12.75,12.75,12.75,12.75,0
2000-10-11,12.38,12.38,12.38,12.38,1654911
2000-10-12,11.53,11.85,11.53,11.53,11349
2000-10-13,10.73,11.53,10.73,11.46,17691
2000-10-16,11.46,11.46,11.46,11.46,0
2000-10-17,9.96,10.66,9.93,9.93,25006
2000-10-18,9.25,9.35,9.25,9.25,7941
2000-10-19,8.62,8.62,8.62,8.62,1701572
2000-10-20,8.5,9.2,8.38,9.11,60163
2000-10-23,8.98,9.45,8.84,9.13,19673
2000-10-24,9.11,9.76,9.11,9.76,11772
2000-10-25,10.39,10.44,10.17,10.44,32410
2000-10-26,10.08,10.49,10.08,10.2,29237
2000-10-27,10.2,10.2,10.2,10.2,0
2000-10-30,9.83,9.83,9.83,9.83,623768
2000-10-31,9.49,9.79,9.49,9.49,19103
2000-11-01,9.71,9.79,9.18,9.23,39243
2000-11-02,9.28,9.62,9.15,9.42,63016
2000-11-03,9.86,10.08,9.76,10.08,91306
2000-11-06,10.44,10.81,10.2,10.78,73655
2000-11-07,10.81,11.53,10.81,11.53,71611
2000-11-08,11.56,12.26,11.56,12.26,73908
2000-11-09,11.9,12.14,11.46,12.07,45717
2000-11-10,11.95,12.38,11.73,12.26,66732
2000-11-13,11.78,11.83,11.41,11.41,18335
2000-11-14,11.29,11.78,11.17,11.36,45404
2000-11-15,12.02,12.02,11.12,11.19,43364
2000-11-16,11.12,11.12,10.42,10.42,26417
2000-11-17,9.71,10.47,9.69,10.47,30017
2000-11-20,10.44,10.68,10.27,10.44,142098
2000-11-21,10.44,11.17,10.25,11.17,109012
2000-11-22,11.29,11.78,10.93,11.12,124924
2000-11-23,10.93,11.12,10.73,11.1,33171
2000-11-24,11.41,11.83,11.34,11.73,88533
2000-11-27,11.9,11.9,11.44,11.49,45465
2000-11-28,11.41,11.78,11.34,11.58,66855
2000-11-29,11.53,12.02,11.49,12.02,108302
2000-11-30,12.26,12.26,11.61,11.61,50514
2000-12-01,11.22,11.61,11.22,11.61,39084
2000-12-04,11.58,11.58,11.22,11.22,24870
2000-12-05,11.22,11.32,10.83,10.83,45077
2000-12-06,11.58,11.58,10.59,10.59,94197
2000-12-07,10.59,10.83,10.51,10.59,52920
2000-12-08,10.88,10.88,10.51,10.54,49674
2000-12-11,10.59,10.66,10.32,10.34,29584
2000-12-12,10.44,10.76,10.39,10.76,42814
2000-12-13,10.76,10.76,10.47,10.51,14405
2000-12-14,10.44,10.66,10.37,10.56,24501
2000-12-15,10.51,10.56,10.39,10.44,11398
2000-12-18,9.79,9.98,9.74,9.74,7156
2000-12-19,9.4,9.4,9.4,9.4,2107545
2000-12-20,9.08,9.08,9.08,9.08,703933
2000-12-21,8.77,8.77,8.77,8.77,335434
2000-12-22,8.47,8.77,8.47,8.47,19510
2000-12-25,8.47,8.47,8.47,8.47,0
2000-12-26,8.6,8.62,8.18,8.18,11786
2000-12-27,7.92,7.92,7.92,7.92,762638
2000-12-28,7.65,8.01,7.65,8.01,42555
2000-12-29,8.01,8.01,7.75,7.75,9594
2001-01-01,7.75,7.75,7.75,7.75,0
2001-01-02,6.97,7.94,6.97,7.7,72027
2001-01-03,7.24,8.04,7.24,7.96,73459
2001-01-04,8.5,8.5,8.35,8.5,70509
2001-01-05,8.55,9.08,8.47,9.08,121993
2001-01-08,8.94,9.71,8.84,9.47,108272
2001-01-09,9.66,10.08,9.57,10.05,83360
2001-01-10,9.98,10.05,9.47,9.71,54870
2001-01-11,9.71,10.08,9.49,9.64,73833
2001-01-12,9.79,9.96,9.62,9.83,86350
2001-01-15,9.71,9.91,9.49,9.83,21648
2001-01-16,9.83,10.51,9.83,10.51,27153
2001-01-17,11.24,11.24,10.98,11.24,85623
2001-01-18,11.17,11.87,11.0,11.61,89167
2001-01-19,11.61,11.61,11.61,11.61,0
2001-01-22,11.61,11.61,11.61,11.61,0
2001-01-23,11.61,11.61,11.61,11.61,0
2001-01-24,11.61,11.61,11.61,11.61,0
2001-01-25,11.61,11.61,11.61,11.61,0
2001-01-26,11.61,11.61,11.61,11.61,0
2001-01-29,11.46,12.09,11.0,11.0,55935
2001-01-30,11.24,11.75,11.1,11.75,55313
2001-01-31,11.9,12.38,11.85,11.85,76027
2001-02-01,11.68,12.07,11.49,11.73,41642
2001-02-02,11.9,12.38,11.8,11.95,57745
2001-02-05,11.85,11.9,11.17,11.49,31742
2001-02-06,11.49,12.02,11.12,11.34,54615
2001-02-07,10.93,11.56,10.93,11.27,41703
2001-02-08,11.27,11.66,11.27,11.53,41627
2001-02-09,11.53,12.26,11.41,12.26,80082
2001-02-12,12.38,13.11,12.38,12.75,88339
2001-02-13,13.36,13.6,12.99,13.6,63690
2001-02-14,13.72,14.21,13.11,13.23,72995
2001-02-15,13.48,14.08,13.48,13.6,60474
2001-02-16,13.72,14.08,12.99,13.36,42018
2001-02-19,12.63,13.72,12.63,13.72,39238
2001-02-20,13.96,14.21,13.36,13.6,60650
2001-02-21,13.11,13.48,12.87,13.36,22437
2001-02-22,13.23,13.6,13.11,13.36,50129
2001-02-23,13.48,13.6,13.23,13.36,32088
2001-02-26,13.48,13.84,13.36,13.72,35673
2001-02-27,14.08,14.57,13.84,13.96,74252
2001-02-28,13.96,13.96,13.96,13.96,0
2001-03-01,13.84,13.96,12.99,12.99,34572
2001-03-02,12.99,13.11,12.09,12.51,34407
2001-03-05,12.51,13.11,12.38,13.11,34582
2001-03-06,13.36,13.48,12.87,12.87,34908
2001-03-07,13.36,13.72,13.23,13.72,40591
2001-03-08,13.96,14.08,13.48,14.08,36012
2001-03-09,13.84,14.08,13.6,13.96,27164
2001-03-12,13.23,13.6,12.99,12.99,19758
2001-03-13,12.51,13.6,12.51,13.48,16906
2001-03-14,13.48,13.48,13.48,13.48,0
2001-03-15,13.84,14.21,13.6,14.21,53583
2001-03-16,14.08,14.08,13.36,13.36,28974
2001-03-19,12.99,13.36,12.63,12.63,14583
2001-03-20,12.87,13.11,12.75,12.99,17133
2001-03-21,12.99,13.23,12.99,12.99,9572
2001-03-22,12.99,13.48,12.87,13.48,25384
2001-03-23,13.72,13.72,12.87,12.99,26069
2001-03-26,13.11,13.72,12.99,13.6,37454
2001-03-27,13.6,14.33,13.48,14.08,73994
2001-03-28,14.45,15.06,14.45,14.57,72860
2001-03-29,14.57,15.06,14.33,15.06,48157
2001-03-30,15.3,15.42,14.33,14.33,45003
2001-04-02,14.33,14.57,13.48,13.72,19074
2001-04-03,13.72,14.21,13.36,13.84,28257
2001-04-04,13.84,14.08,13.23,13.6,23282
2001-04-05,13.6,13.6,13.6,13.6,0
2001-04-06,14.21,14.45,13.96,14.08,41053
2001-04-09,13.96,13.96,13.6,13.72,16911
2001-04-10,13.84,14.21,13.48,13.6,24088
2001-04-11,14.08,14.33,13.84,14.33,33959
2001-04-12,14.57,14.81,14.33,14.57,34049
2001-04-13,14.81,15.18,14.57,14.57,62147
2001-04-16,14.57,14.57,13.72,13.84,25339
2001-04-17,13.6,13.96,13.6,13.84,23550
2001-04-18,13.84,14.21,13.72,14.21,28763
2001-04-19,14.57,14.69,13.84,14.08,30246
2001-04-20,14.08,14.33,13.96,14.08,23286
2001-04-23,14.08,14.21,13.84,13.96,9957
2001-04-24,13.84,14.33,13.84,14.08,18391
2001-04-25,14.33,14.33,13.84,13.84,12908
2001-04-26,14.33,14.33,13.84,13.84,12908
2001-04-27,13.6,13.6,13.36,13.48,8519
2001-04-30,13.48,13.6,12.63,12.75,13911
2001-05-01,12.75,12.75,12.75,12.75,0
2001-05-02,12.75,13.11,12.14,12.26,24465
2001-05-03,11.53,12.51,11.53,12.51,21443
2001-05-04,12.38,12.51,11.63,11.63,19040
2001-05-07,11.66,12.02,11.56,11.83,24006
2001-05-08,11.9,12.0,11.0,11.41,21659
2001-05-09,11.41,11.78,11.41,11.49,24262
2001-05-10,11.46,11.46,10.68,10.68,17039
2001-05-11,10.51,11.17,9.96,11.05,30493
2001-05-14,10.44,10.9,10.44,10.66,11767
2001-05-15,10.61,10.93,10.56,10.73,12241
2001-05-16,10.73,10.73,10.0,10.08,20933
2001-05-17,10.2,10.66,9.76,10.64,33718
2001-05-18,10.72,10.9,10.4,10.43,42564
2001-05-21,10.43,10.64,10.32,10.52,27083
2001-05-22,10.93,11.25,10.78,10.84,40888
2001-05-23,10.93,11.6,10.66,11.6,40210
2001-05-24,11.66,12.15,11.6,11.71,60879
2001-05-25,11.6,11.66,11.22,11.31,20737
2001-05-28,11.22,11.51,11.04,11.19,14674
2001-05-29,11.36,11.57,11.19,11.28,22457
2001-05-30,11.51,11.95,11.51,11.95,48869
2001-05-31,11.83,12.12,11.74,11.95,30188
2001-06-01,12.09,12.3,11.74,11.86,34720
2001-06-04,12.01,12.01,11.74,11.86,19247
2001-06-05,11.95,12.03,11.86,11.92,21513
2001-06-06,12.21,12.68,12.18,12.53,41960
2001-06-07,12.53,12.85,12.5,12.53,37108
2001-06-08,12.85,13.0,12.41,12.59,36916
2001-06-11,12.53,12.73,12.44,12.73,16119
2001-06-12,12.68,13.05,12.59,12.82,24074
2001-06-13,12.91,12.94,12.44,12.44,15705
2001-06-14,12.09,12.35,11.83,11.86,17902
2001-06-15,11.8,12.15,11.8,12.15,17301
2001-06-18,12.09,12.09,11.89,11.89,6389
2001-06-19,12.01,12.06,11.8,12.01,8854
2001-06-20,11.95,12.15,11.95,11.95,7888
2001-06-21,12.03,12.24,11.95,11.95,17374
2001-06-22,11.95,12.03,11.36,11.45,16087
2001-06-25,11.45,11.45,11.45,11.45,0
2001-06-26,11.54,11.54,10.72,10.99,14467
2001-06-27,11.07,11.57,11.07,11.57,22418
2001-06-28,11.57,11.86,11.36,11.74,11757
2001-06-29,12.01,12.24,11.89,12.03,26526
2001-07-02,12.06,12.3,11.89,12.27,15748
2001-07-03,12.27,12.41,12.03,12.03,17728
2001-07-04,12.03,12.03,11.57,11.8,10177
2001-07-05,11.8,12.09,11.68,11.98,11379
2001-07-06,11.98,12.59,11.89,12.27,25849
2001-07-09,12.18,12.44,12.18,12.27,14737
2001-07-10,12.27,12.38,11.83,11.86,15387
2001-07-11,11.86,12.18,11.8,12.01,22767
2001-07-12,12.33,12.79,12.21,12.79,46013
2001-07-13,12.85,12.88,11.95,11.95,31233
2001-07-16,12.21,12.41,11.8,12.41,28691
2001-07-17,12.35,12.59,12.15,12.3,21374
2001-07-18,12.53,12.65,12.3,12.3,39874
2001-07-19,12.3,12.65,12.01,12.3,39671
2001-07-20,12.3,12.41,12.12,12.15,21473
2001-07-23,12.27,12.3,11.83,11.95,22251
2001-07-24,11.8,11.8,11.13,11.16,23038
2001-07-25,11.01,11.57,10.93,11.48,31957
2001-07-26,11.48,12.27,11.25,12.27,40665
2001-07-27,12.38,12.94,12.38,12.47,67856
2001-07-30,12.47,12.47,12.47,12.47,0
2001-07-31,12.44,12.82,12.33,12.82,26705
2001-08-01,12.88,12.94,12.33,12.38,19319
2001-08-02,12.53,12.94,12.47,12.88,41527
2001-08-03,12.88,13.35,12.68,12.88,52351
2001-08-06,12.88,13.23,12.76,13.23,30122
2001-08-07,13.08,13.32,13.0,13.2,22851
2001-08-08,13.4,14.1,13.4,13.84,80469
2001-08-09,13.67,14.28,13.67,14.07,52091
2001-08-10,14.07,14.07,13.32,13.61,34045
2001-08-13,13.78,14.02,13.55,13.78,30981
2001-08-14,13.96,13.99,13.58,13.93,27463
2001-08-15,13.93,14.13,13.81,13.99,36929
2001-08-16,13.99,14.19,13.87,13.93,35560
2001-08-17,13.99,14.04,13.4,13.49,27259
2001-08-20,13.11,13.43,13.11,13.29,18156
2001-08-21,13.32,13.64,13.32,13.43,28242
2001-08-22,13.37,13.55,13.29,13.35,27026
2001-08-23,13.49,13.81,13.35,13.55,43508
2001-08-24,13.72,13.81,13.43,13.46,34547
2001-08-27,13.67,13.78,13.11,13.26,36464
2001-08-28,13.11,13.26,12.94,12.94,16484
2001-08-29,12.79,13.4,12.79,13.4,36170
2001-08-30,13.35,13.46,13.11,13.11,17117
2001-08-31,12.85,13.03,12.24,12.62,24153
2001-09-03,12.79,12.79,12.3,12.3,14082
2001-09-04,12.38,12.76,12.24,12.76,24859
2001-09-05,12.7,12.76,12.38,12.38,10510
2001-09-06,12.38,12.47,11.6,11.68,20853
2001-09-07,11.28,11.51,10.9,11.48,22815
2001-09-10,11.42,11.8,11.07,11.68,21958
2001-09-11,11.77,11.98,11.48,11.68,25602
2001-09-12,11.68,11.68,11.68,11.68,0
2001-09-13,10.87,10.87,10.87,10.87,3882994
2001-09-14,10.72,11.1,10.43,10.78,40426
2001-09-17,10.78,10.78,10.78,10.78,0
2001-09-18,10.78,10.78,10.78,10.78,0
2001-09-19,10.78,10.78,10.78,10.78,0
2001-09-20,11.04,11.25,10.87,11.07,20770
2001-09-21,10.72,11.07,10.69,10.69,9636
2001-09-24,10.69,10.69,10.69,10.69,0
2001-09-25,11.51,11.89,11.28,11.28,47369
2001-09-26,11.39,12.06,11.36,12.06,40981
2001-09-27,12.01,12.06,11.8,11.83,14233
2001-09-28,11.83,11.83,11.83,11.83,0
2001-10-01,11.83,11.83,11.83,11.83,0
2001-10-02,11.8,11.8,11.42,11.45,11086
2001-10-03,11.45,11.63,11.36,11.57,24570
2001-10-04,12.35,12.35,11.89,11.92,29084
2001-10-05,12.06,12.24,11.89,12.09,24877
2001-10-08,11.95,12.33,11.95,12.33,19912
2001-10-09,12.59,12.59,12.24,12.59,26249
2001-10-10,12.59,12.59,12.59,12.59,0
2001-10-11,12.85,13.46,12.82,13.26,53132
2001-10-12,13.67,13.67,13.11,13.11,43170
2001-10-15,12.97,12.97,12.41,12.47,14234
2001-10-16,12.47,12.97,12.47,12.91,23551
2001-10-17,12.94,13.17,12.7,12.79,24107
2001-10-18,12.53,13.0,12.53,12.91,15729
2001-10-19,12.91,13.35,12.91,13.03,26693
2001-10-22,13.11,13.43,13.05,13.26,24755
2001-10-23,13.46,13.58,13.17,13.26,23357
2001-10-24,13.4,13.49,13.11,13.29,26324
2001-10-25,13.4,13.67,13.29,13.32,31650
2001-10-26,13.4,13.96,13.29,13.96,61578
2001-10-29,13.93,14.02,13.64,13.78,25446
2001-10-30,13.49,13.7,12.82,12.82,19091
2001-10-31,12.82,13.08,12.68,12.88,24691
2001-11-01,13.11,13.17,12.85,12.94,16495
2001-11-02,13.14,13.46,13.14,13.29,27474
2001-11-05,12.94,13.55,12.94,13.52,19091
2001-11-06,13.81,14.39,13.64,13.87,67205
2001-11-07,14.1,14.25,13.78,13.87,35101
2001-11-08,13.87,14.02,13.67,13.78,16915
2001-11-09,13.78,13.78,13.78,13.78,0
2001-11-12,13.84,14.13,13.64,13.96,23552
2001-11-13,13.93,14.19,13.78,13.78,25414
2001-11-14,14.22,14.72,13.99,14.72,58956
2001-11-15,15.01,15.73,15.01,15.59,49338
2001-11-16,15.73,15.88,15.01,15.44,29030
2001-11-19,15.59,16.17,15.44,15.88,30361
2001-11-20,16.17,16.32,15.15,15.15,28719
2001-11-21,15.01,15.59,15.01,15.59,18827
2001-11-22,15.44,15.44,15.01,15.3,12902
2001-11-23,15.3,16.03,15.15,15.88,29416
2001-11-26,16.03,16.75,15.88,16.75,35253
2001-11-27,16.9,17.19,15.88,16.17,26040
2001-11-28,16.32,16.46,15.88,16.03,24272
2001-11-29,16.03,16.9,15.88,16.61,37722
2001-11-30,16.75,17.19,16.46,16.9,37231
2001-12-03,17.63,18.07,17.48,18.07,28966
2001-12-04,18.21,19.23,17.77,19.23,43525
2001-12-05,19.96,20.25,19.09,19.81,39958
2001-12-06,20.4,21.13,20.25,21.13,39953
2001-12-07,21.13,21.56,20.4,20.98,28965
2001-12-10,20.54,20.69,19.52,19.67,26864
2001-12-11,19.23,20.98,19.23,20.98,44084
2001-12-12,21.13,22.44,21.13,22.44,35253
2001-12-13,22.87,23.31,20.98,21.71,42796
2001-12-14,21.42,22.73,21.13,22.73,29111
2001-12-17,22.73,22.73,21.56,22.0,18167
2001-12-18,22.44,22.87,21.27,22.0,26040
2001-12-19,22.15,23.46,22.15,22.73,51819
2001-12-20,22.58,23.31,21.85,22.87,27824
2001-12-21,22.58,23.89,22.44,22.87,25869
2001-12-24,23.31,24.33,22.87,24.04,22247
2001-12-25,24.19,25.64,23.89,25.64,27726
2001-12-26,26.08,26.81,25.79,26.08,29875
2001-12-27,26.22,26.81,24.33,25.06,24826
2001-12-28,25.5,26.52,25.06,26.52,35317
2001-12-31,26.52,27.1,25.93,26.22,31255
2002-01-01,26.22,26.22,26.22,26.22,0
2002-01-02,26.52,27.68,26.22,26.22,40595
2002-01-03,26.22,26.22,26.22,26.22,0
2002-01-04,26.22,26.81,25.93,26.22,24848
2002-01-07,26.66,27.24,26.52,26.81,22257
2002-01-08,26.81,27.1,26.22,26.81,22285
2002-01-09,26.95,27.39,25.93,27.24,42203
2002-01-10,27.24,27.24,26.22,26.81,29271
2002-01-11,26.81,27.1,25.06,25.06,34363
2002-01-14,24.19,24.19,23.31,23.75,26451
2002-01-15,23.75,24.62,23.75,24.48,35545
2002-01-16,24.48,24.91,23.89,24.19,29925
2002-01-17,23.6,24.62,23.46,24.33,19407
2002-01-18,24.62,25.93,24.48,25.64,53030
2002-01-21,27.39,27.39,27.39,27.39,23689
2002-01-22,29.28,29.28,29.28,29.28,9421
2002-01-23,30.6,31.32,29.28,29.58,95747
2002-01-24,29.87,31.62,29.14,31.62,59939
2002-01-25,31.76,32.05,30.3,30.6,39676
2002-01-28,30.89,31.18,30.16,30.16,20596
2002-01-29,30.16,31.03,29.43,30.45,23916
2002-01-30,29.87,30.6,29.72,30.01,17744
2002-01-31,30.01,30.01,30.01,30.01,0
2002-02-01,30.16,30.16,28.26,28.26,24550
2002-02-04,28.12,29.14,28.12,28.85,13574
2002-02-05,28.56,28.7,26.95,27.97,28975
2002-02-06,27.97,28.85,27.68,28.56,23444
2002-02-07,28.56,28.56,28.56,28.56,0
2002-02-08,28.56,28.56,28.56,28.56,0
2002-02-11,28.56,28.56,28.56,28.56,0
2002-02-12,28.56,28.56,28.56,28.56,0
2002-02-13,28.56,28.56,28.56,28.56,0
2002-02-14,28.56,28.56,28.56,28.56,0
2002-02-15,28.56,28.56,28.56,28.56,0
2002-02-18,29.43,30.3,29.28,29.87,24166
2002-02-19,30.01,30.01,28.85,29.58,16343
2002-02-20,29.14,29.87,28.56,29.28,17559
2002-02-21,29.72,29.72,28.56,28.85,13760
2002-02-22,27.97,28.26,27.1,27.39,15023
2002-02-25,27.39,27.68,25.5,25.5,14230
2002-02-26,26.08,26.95,25.93,26.22,27088
2002-02-27,26.66,27.97,26.52,27.97,19923
2002-02-28,27.97,27.97,27.97,27.97,0
2002-03-01,28.26,28.99,27.68,28.85,24832
2002-03-04,30.3,30.74,29.72,29.72,29391
2002-03-05,30.45,31.03,29.87,30.45,24754
2002-03-06,30.6,30.89,30.01,30.6,23244
2002-03-07,30.89,32.2,30.89,30.89,44042
2002-03-08,31.18,31.32,29.43,29.72,19901
2002-03-11,30.01,31.18,30.01,30.6,16193
2002-03-12,30.6,30.74,29.72,30.01,9090
2002-03-13,29.87,30.89,29.28,29.43,14290
2002-03-14,29.14,29.72,29.14,29.72,12782
2002-03-15,29.87,29.87,27.83,27.97,26056
2002-03-18,27.97,28.12,27.39,27.83,12066
2002-03-19,27.68,28.41,27.54,28.26,14797
2002-03-20,28.85,29.58,28.7,29.58,22565
2002-03-21,29.43,29.87,28.99,29.43,10670
2002-03-22,30.16,30.6,29.14,29.14,22934
2002-03-25,29.28,29.43,27.97,28.26,17552
2002-03-26,27.97,28.99,27.97,28.26,20809
2002-03-27,28.26,28.56,27.39,27.97,19055
2002-03-28,27.97,28.12,26.81,27.97,15998
2002-03-29,27.39,27.97,27.1,27.54,6124
2002-04-01,27.54,27.68,27.39,27.54,4459782
2002-04-02,27.68,28.12,27.39,27.39,12851
2002-04-03,27.1,27.24,26.08,26.37,25314
2002-04-04,26.22,26.22,24.77,25.5,24646
2002-04-05,25.5,25.5,25.5,25.5,0
2002-04-08,25.21,25.35,24.33,24.48,17443
2002-04-09,24.62,25.06,23.89,23.89,20032
2002-04-10,23.89,24.77,23.75,24.33,11849
2002-04-11,24.77,25.21,24.48,25.06,13282
2002-04-12,24.77,25.79,24.48,25.79,13868
2002-04-15,25.79,26.08,25.06,25.21,11990
2002-04-16,25.06,25.35,24.48,24.91,11440
2002-04-17,25.21,25.79,24.77,24.91,18370
2002-04-18,25.5,25.79,25.06,25.64,15776
2002-04-19,25.79,25.79,25.35,25.5,7645
2002-04-22,25.64,25.79,25.21,25.5,7884
2002-04-23,25.06,25.21,24.62,24.62,6308
2002-04-24,24.48,24.91,24.19,24.33,7088
2002-04-25,24.19,24.33,23.75,23.75,9636
2002-04-26,24.04,24.91,23.75,24.77,8879
2002-04-29,24.62,24.77,24.04,24.62,5717
2002-04-30,24.33,24.62,23.89,24.48,7119
2002-05-01,24.48,24.48,24.48,24.48,0
2002-05-02,24.48,24.77,23.75,24.33,10225
2002-05-03,24.04,24.77,23.75,24.33,11989
2002-05-06,23.89,23.89,22.73,22.73,12835
2002-05-07,21.56,22.73,21.56,22.15,11098
2002-05-08,22.73,23.46,22.44,23.17,21986
2002-05-09,24.77,24.77,23.89,23.89,21381
2002-05-10,23.31,24.33,23.31,24.33,8250
2002-05-13,24.19,24.19,23.6,23.89,6981
2002-05-14,24.33,24.33,22.73,23.02,7033
2002-05-15,23.46,24.19,23.17,23.46,23584
2002-05-16,23.46,23.89,22.87,23.02,12903
2002-05-17,23.31,24.19,23.02,23.17,16844
2002-05-20,23.02,23.17,22.29,22.29,7947
2002-05-21,21.85,22.0,20.83,20.83,16780
2002-05-22,20.4,21.27,20.11,21.13,17804
2002-05-23,20.54,21.27,20.54,20.83,6257
2002-05-24,21.13,21.56,20.4,20.98,30715
2002-05-27,20.4,20.83,20.25,20.54,15710
2002-05-28,20.69,21.27,20.54,20.69,20412
2002-05-29,20.4,20.98,20.4,20.83,14581
2002-05-30,20.98,20.98,19.38,19.38,22247
2002-05-31,19.23,19.96,18.94,19.96,17568
2002-06-03,19.96,19.96,19.52,19.81,6354
2002-06-04,19.52,19.96,19.52,19.81,8679
2002-06-05,20.4,20.69,20.25,20.54,12767
2002-06-06,20.83,20.98,20.54,20.69,8507
2002-06-07,20.25,20.4,19.52,19.52,6910
2002-06-10,19.81,20.4,19.81,20.25,5649
2002-06-11,20.25,20.4,19.23,20.11,6777
2002-06-12,19.96,20.11,19.52,19.52,3079953
2002-06-13,19.96,20.83,19.81,20.54,10412
2002-06-14,20.25,21.71,20.25,21.42,18961
2002-06-17,21.56,22.29,21.56,21.71,20131
2002-06-18,22.29,22.58,22.0,22.29,21340
2002-06-19,22.29,22.29,20.83,20.83,18262
2002-06-20,19.67,20.11,19.38,19.96,14346
2002-06-21,19.52,20.4,19.38,20.25,12016
2002-06-24,19.96,20.25,19.67,19.81,9538
2002-06-25,20.25,20.25,18.79,19.23,10027
2002-06-26,18.65,18.65,17.92,17.92,10727
2002-06-27,17.48,17.92,16.75,16.75,19710
2002-06-28,16.75,17.05,16.17,16.75,28405
2002-07-01,16.61,16.61,15.59,15.59,7059
2002-07-02,14.72,15.3,14.51,14.51,11593
2002-07-03,13.58,14.86,13.58,14.72,22148
2002-07-04,14.72,15.44,14.42,15.44,19789
2002-07-05,15.01,16.32,14.86,16.32,22196
2002-07-08,16.32,17.34,15.59,17.34,33976
2002-07-09,17.34,18.5,16.75,18.36,22944
2002-07-10,18.07,18.07,17.19,17.19,12652
2002-07-11,16.32,17.34,16.32,16.46,20237
2002-07-12,17.13,17.13,16.63,17.13,14480
2002-07-15,17.24,18.2,17.24,18.2,17818
2002-07-16,18.74,18.74,17.78,17.85,15186
2002-07-17,17.67,18.03,17.49,17.53,11501
2002-07-18,17.67,18.38,17.56,18.03,13511
2002-07-19,17.7,18.56,17.67,18.56,12972
2002-07-22,18.2,18.92,18.2,18.56,15118
2002-07-23,18.56,19.81,18.38,19.81,22462
2002-07-24,19.63,20.17,19.45,19.99,22351
2002-07-25,20.52,20.7,18.74,18.74,21180
2002-07-26,17.7,18.03,17.49,17.49,12744
2002-07-29,17.85,18.38,17.63,17.63,12887
2002-07-30,18.38,18.74,18.03,18.74,14998
2002-07-31,18.92,19.45,18.74,18.92,18022
2002-08-01,18.74,19.45,18.56,18.74,10755
2002-08-02,18.2,18.56,17.85,18.38,8544
2002-08-05,17.1,17.74,17.1,17.1,5669
2002-08-06,15.92,16.96,15.92,16.56,10392
2002-08-07,17.2,17.7,17.2,17.38,18231
2002-08-08,17.38,17.78,17.03,17.28,17736
2002-08-09,17.85,18.38,17.67,18.38,14924
2002-08-12,18.38,18.56,17.67,17.85,7996
2002-08-13,18.03,18.38,17.67,17.85,7766
2002-08-14,17.81,18.38,17.78,18.2,7912
2002-08-15,18.74,18.74,17.85,17.85,16871
2002-08-16,17.85,18.56,17.85,18.2,11929
2002-08-19,18.38,18.56,18.2,18.38,5785
2002-08-20,18.74,18.74,18.38,18.74,12055
2002-08-21,18.74,19.45,18.38,19.45,21717
2002-08-22,19.99,20.7,19.81,20.7,35082
2002-08-23,20.7,20.7,20.7,20.7,0
2002-08-26,20.35,20.7,19.99,19.99,8534
2002-08-27,19.99,20.35,19.99,19.99,8410
2002-08-28,19.63,19.81,18.74,18.74,11944
2002-08-29,18.56,19.63,18.38,19.28,15927
2002-08-30,19.45,19.63,18.92,18.92,10558
2002-09-02,18.92,19.1,18.38,18.56,8573
2002-09-03,18.56,19.28,18.38,19.1,11013
2002-09-04,18.74,20.17,18.56,19.45,24471
2002-09-05,19.81,19.81,18.92,18.92,14626
2002-09-06,18.92,18.92,18.92,18.92,0
2002-09-09,19.1,19.28,18.56,19.1,8283
2002-09-10,19.28,20.35,19.1,20.35,22826
2002-09-11,20.35,20.7,19.99,20.35,17993
2002-09-12,20.35,20.88,20.17,20.88,20602
2002-09-13,20.52,20.88,20.17,20.17,13976
2002-09-16,20.17,20.35,19.28,19.28,14034
2002-09-17,19.45,20.52,19.45,20.52,15593
2002-09-18,20.17,20.7,19.99,20.52,20201
2002-09-19,20.7,20.88,20.17,20.17,16753
2002-09-20,19.63,20.35,19.63,19.81,10620
2002-09-23,19.99,20.17,18.92,19.28,11848
2002-09-24,19.1,19.45,18.56,18.56,8973
2002-09-25,18.56,18.74,17.28,18.03,12232
2002-09-26,18.38,18.92,18.2,18.2,10026
2002-09-27,18.38,18.74,18.03,18.2,11345
2002-09-30,17.85,18.92,17.85,18.92,5910
2002-10-01,18.92,19.1,18.56,18.74,7074
2002-10-02,19.1,19.45,18.74,18.74,8929
2002-10-03,18.56,18.74,17.85,18.38,7990
2002-10-04,18.03,18.38,17.67,17.85,5921
2002-10-07,17.31,17.63,16.6,16.85,10447
2002-10-08,16.99,17.63,16.6,17.42,13736
2002-10-09,17.42,17.6,16.71,16.78,12751
2002-10-10,16.78,16.78,16.78,16.78,0
2002-10-11,17.1,17.13,15.63,16.06,13085
2002-10-14,16.06,16.24,15.35,15.35,17013
2002-10-15,15.46,16.42,15.46,16.42,29198
2002-10-16,16.42,16.78,15.6,16.17,41338
2002-10-17,15.17,16.13,15.17,15.71,30619
2002-10-18,16.03,16.78,16.03,16.78,55108
2002-10-21,16.78,17.2,16.46,16.78,34108
2002-10-22,16.99,17.42,16.28,16.31,44665
2002-10-23,16.42,17.42,16.21,17.13,48727
2002-10-24,17.31,18.2,17.24,17.85,51716
2002-10-25,17.85,18.2,17.53,17.85,27783
2002-10-28,18.2,18.38,17.31,17.31,16291
2002-10-29,16.85,17.13,16.13,16.13,28736
2002-10-30,15.35,15.71,15.17,15.35,24690
2002-10-31,15.53,15.88,15.28,15.35,32551
2002-11-01,15.53,16.03,15.49,15.6,39156
2002-11-04,15.96,15.99,15.42,15.6,17549
2002-11-05,15.78,15.96,15.56,15.56,20504
2002-11-06,15.71,16.63,15.46,16.42,34391
2002-11-07,16.6,17.13,16.49,16.78,30149
2002-11-08,16.53,16.78,16.46,16.49,11038
2002-11-11,16.46,16.49,15.53,15.63,9860
2002-11-12,15.35,16.28,15.35,16.17,14838
2002-11-13,16.24,16.6,15.67,16.06,17502
2002-11-14,16.35,16.35,15.53,15.71,17428
2002-11-15,16.06,16.1,15.63,15.67,19177
2002-11-18,15.78,15.96,15.56,15.71,12428
2002-11-19,15.81,15.99,15.71,15.71,10351
2002-11-20,15.71,15.71,15.38,15.38,7045
2002-11-21,15.53,15.67,14.31,14.31,31687
2002-11-22,14.31,14.6,14.14,14.31,48511
2002-11-25,14.35,14.46,13.96,14.1,16822
2002-11-26,14.28,14.42,13.99,14.1,22306
2002-11-27,14.1,14.28,13.64,13.78,16057
2002-11-28,13.92,14.49,13.81,14.28,31662
2002-11-29,14.6,15.03,14.46,14.99,41950
2002-12-02,14.99,14.99,14.99,14.99,0
2002-12-03,14.81,15.28,14.74,15.06,26510
2002-12-04,15.1,15.42,15.1,15.35,27118
2002-12-05,15.35,15.38,14.99,15.21,8806
2002-12-06,15.06,15.17,14.49,14.85,11506
2002-12-09,15.13,15.17,14.46,14.63,15577
2002-12-10,14.31,14.6,14.06,14.28,8016
2002-12-11,14.35,14.46,14.1,14.28,9110
2002-12-12,14.35,14.46,13.92,13.96,7685
2002-12-13,13.92,14.1,13.81,13.81,5824
2002-12-16,13.74,13.99,13.67,13.99,4827531
2002-12-17,14.21,14.21,13.67,13.71,4991624
2002-12-18,13.74,13.89,13.53,13.67,6094
2002-12-19,13.56,13.74,13.28,13.39,6838
2002-12-20,13.49,13.56,12.46,13.39,11045
2002-12-23,13.31,13.31,12.85,13.06,4563500
2002-12-24,13.03,13.35,12.85,12.92,9221
2002-12-25,12.89,12.96,12.6,12.67,7127
2002-12-26,12.74,13.35,12.53,13.35,8208
2002-12-27,13.35,13.35,12.92,13.03,4112202
2002-12-30,12.89,12.89,12.42,12.6,4034418
2002-12-31,12.31,12.71,12.31,12.67,5559
2003-01-01,12.67,12.67,12.67,12.67,0
2003-01-02,12.67,12.89,12.49,12.49,5951
2003-01-03,12.85,13.14,12.71,13.03,8256
2003-01-06,13.06,13.1,12.81,12.92,4452954
2003-01-07,13.1,13.39,12.92,12.92,9196
2003-01-08,13.06,13.67,12.85,13.56,11034
2003-01-09,13.56,14.46,13.56,13.92,23487
2003-01-10,14.46,14.63,14.03,14.14,18220
2003-01-13,14.31,15.1,14.24,15.1,23946
2003-01-14,15.28,15.31,14.85,15.1,16964
2003-01-15,15.21,15.28,14.85,14.96,14265
2003-01-16,14.81,14.92,14.1,14.31,10580
2003-01-17,14.21,14.35,14.1,14.1,4350419
2003-01-20,13.81,14.03,13.56,13.85,4134411
2003-01-21,13.92,14.21,13.78,13.81,6306
2003-01-22,13.92,14.06,13.49,13.71,5492
2003-01-23,13.78,14.24,13.78,13.78,14088
2003-01-24,13.96,14.14,13.71,13.85,11545
2003-01-27,13.81,14.21,13.64,13.89,12242
2003-01-28,14.03,14.06,13.78,13.81,8636
2003-01-29,13.81,13.81,13.81,13.81,0
2003-01-30,13.81,13.81,13.81,13.81,0
2003-01-31,13.81,13.81,13.81,13.81,0
2003-02-03,13.81,13.81,13.81,13.81,0
2003-02-04,13.81,13.81,13.81,13.81,0
2003-02-05,13.81,13.81,13.81,13.81,0
2003-02-06,13.92,13.92,12.85,12.85,6120
2003-02-07,12.6,12.78,11.96,12.17,15148
2003-02-10,12.1,12.17,11.82,11.96,8790
2003-02-11,11.99,12.21,11.71,11.71,9914
2003-02-12,11.71,11.92,11.53,11.57,5076
2003-02-13,11.57,11.71,11.17,11.17,11697
2003-02-14,11.42,11.46,11.17,11.17,7436
2003-02-17,11.57,11.74,11.42,11.64,10670
2003-02-18,11.64,11.64,11.35,11.35,5710
2003-02-19,11.53,11.57,11.14,11.14,9003
2003-02-20,11.1,11.32,10.92,10.96,11549
2003-02-21,10.92,11.1,10.85,10.89,7786
2003-02-24,10.89,11.21,10.89,11.21,7760
2003-02-25,11.07,11.21,10.92,11.1,5474
2003-02-26,11.14,11.39,11.14,11.21,9137
2003-02-27,10.85,11.03,10.46,10.71,10470
2003-02-28,10.71,10.71,10.71,10.71,0
2003-03-03,10.71,10.78,10.57,10.67,7864
2003-03-04,10.49,10.57,10.24,10.35,8788
2003-03-05,10.17,10.28,9.82,9.89,16494
2003-03-06,9.92,10.32,9.92,10.28,15602
2003-03-07,10.24,10.42,9.99,10.28,12426
2003-03-10,10.35,10.49,10.28,10.32,9282
2003-03-11,10.17,10.67,10.17,10.53,12213
2003-03-12,10.71,10.82,10.42,10.67,9000
2003-03-13,10.67,10.78,10.53,10.64,7462
2003-03-14,11.14,11.14,10.53,10.6,10981
2003-03-17,10.6,10.6,10.14,10.14,3838633
2003-03-18,10.46,10.82,10.46,10.82,13664
2003-03-19,10.82,11.17,10.64,10.92,21657
2003-03-20,11.24,11.24,10.71,11.14,17887
2003-03-21,11.17,11.28,11.07,11.1,8540
2003-03-24,11.14,11.21,10.85,10.85,5768
2003-03-25,10.6,10.85,10.53,10.67,5180
2003-03-26,10.89,10.92,10.67,10.67,5093
2003-03-27,10.71,10.92,10.71,10.92,7122
2003-03-28,10.92,10.92,10.71,10.71,5442
2003-03-31,10.67,10.67,10.1,10.28,8078
2003-04-01,10.24,10.49,10.24,10.42,6428
2003-04-02,10.46,10.53,10.35,10.49,6457
2003-04-03,10.74,10.96,10.67,10.89,11503
2003-04-04,10.85,11.35,10.78,11.21,14696
2003-04-07,11.17,11.32,11.1,11.17,8851
2003-04-08,11.17,11.35,11.1,11.14,11042
2003-04-09,11.03,11.07,10.74,10.74,7725
2003-04-10,10.74,10.96,10.74,10.78,8872
2003-04-11,10.82,10.92,10.53,10.57,8694
2003-04-14,10.64,10.67,10.35,10.35,5426
2003-04-15,10.53,10.53,10.39,10.42,3856024
2003-04-16,10.57,10.99,10.57,10.89,23216
2003-04-17,10.85,10.92,10.67,10.71,7839
2003-04-18,10.96,11.28,10.92,11.07,35646
2003-04-21,11.07,11.24,10.89,11.24,12984
2003-04-22,11.24,11.49,11.17,11.17,37622
2003-04-23,11.32,11.35,10.71,10.74,23294
2003-04-24,10.74,10.74,10.17,10.35,14136
2003-04-25,9.99,10.46,9.99,9.99,13193
2003-04-28,9.32,9.53,9.32,9.32,10384
2003-04-29,9.32,9.39,9.0,9.0,17591
2003-04-30,9.14,9.32,8.39,8.39,14534
2003-05-01,8.39,8.39,8.39,8.39,0
2003-05-02,8.07,8.42,7.96,8.25,13110
2003-05-05,8.32,8.6,8.21,8.42,13944
2003-05-06,8.57,8.82,8.53,8.6,10698
2003-05-07,8.75,8.82,8.64,8.78,7387
2003-05-08,8.75,8.75,8.57,8.67,5161
2003-05-09,8.67,8.82,8.6,8.71,5651
2003-05-12,8.75,8.85,8.71,8.75,4822713
2003-05-13,8.92,9.1,8.89,8.89,8988
2003-05-14,8.92,9.0,8.82,8.89,5282
2003-05-15,8.78,8.89,8.71,8.82,4403109
2003-05-16,8.82,8.96,8.78,8.78,8696
2003-05-19,8.67,8.78,8.57,8.75,4523029
2003-05-20,8.57,8.71,8.57,8.67,4795298
2003-05-21,8.64,8.67,8.21,8.21,5907
2003-05-22,8.17,8.46,8.17,8.46,8078
2003-05-23,8.53,8.82,8.5,8.75,11969
2003-05-26,8.85,9.35,8.85,9.35,24817
2003-05-27,9.35,9.35,9.14,9.32,14265
2003-05-28,9.64,9.64,9.1,9.1,18058
2003-05-29,9.14,9.32,9.03,9.28,10926
2003-05-30,9.35,9.92,9.25,9.92,32195
2003-06-02,10.17,10.6,10.1,10.6,31821
2003-06-03,10.42,10.99,10.35,10.78,22157
2003-06-04,10.78,10.78,10.78,10.78,0
2003-06-05,10.89,11.03,10.6,10.67,16864
2003-06-06,10.78,10.96,10.71,10.89,22741
2003-06-09,10.93,11.5,10.93,11.5,22408
2003-06-10,11.58,11.99,11.42,11.87,20846
2003-06-11,11.87,11.91,11.42,11.66,12651
2003-06-12,11.79,12.07,11.54,11.66,16702
2003-06-13,11.66,11.87,11.66,11.75,8448
2003-06-16,11.71,12.03,11.58,11.83,8907
2003-06-17,12.19,12.19,11.83,11.87,12441
2003-06-18,11.91,12.68,11.79,12.15,53470
2003-06-19,12.23,12.56,12.11,12.36,25432
2003-06-20,12.36,12.4,11.5,11.58,22982
2003-06-23,11.42,11.58,11.1,11.1,10807
2003-06-24,10.89,11.22,10.81,11.1,9495
2003-06-25,11.06,11.46,10.97,11.1,15065
2003-06-26,11.1,11.3,11.01,11.1,10315
2003-06-27,11.14,11.38,10.89,10.93,17314
2003-06-30,10.85,10.93,10.77,10.77,7641
2003-07-01,10.81,11.34,10.81,11.34,12900
2003-07-02,11.58,11.58,11.26,11.26,27437
2003-07-03,11.5,11.62,11.18,11.38,26351
2003-07-04,11.26,11.46,11.26,11.26,9302
2003-07-07,11.46,11.79,11.34,11.54,20275
2003-07-08,11.75,12.32,11.71,12.32,47736
2003-07-09,12.4,13.05,12.19,13.05,44359
2003-07-10,13.21,13.74,13.01,13.09,60771
2003-07-11,12.92,13.21,12.88,12.88,20119
2003-07-14,13.13,13.33,12.88,12.88,19111
2003-07-15,13.09,13.33,12.88,12.97,22128
2003-07-16,13.25,13.53,13.17,13.37,23574
2003-07-17,13.25,13.37,12.76,12.76,12056
2003-07-18,12.4,12.76,12.32,12.48,13636
2003-07-21,12.48,12.56,11.62,11.62,22441
2003-07-22,11.62,11.99,11.18,11.99,15091
2003-07-23,12.03,12.11,11.79,11.87,10070
2003-07-24,12.03,12.11,11.91,12.07,11596
2003-07-25,11.99,12.4,11.87,11.99,10455
2003-07-28,12.19,12.56,11.99,11.99,18469
2003-07-29,12.11,12.11,11.91,11.91,6922
2003-07-30,11.99,12.27,11.99,12.03,10424
2003-07-31,12.19,12.27,11.99,12.11,7557
2003-08-01,12.19,12.4,12.11,12.11,9418
2003-08-04,12.11,12.15,11.62,11.62,10764
2003-08-05,11.71,11.79,11.18,11.18,8839
2003-08-06,11.01,11.34,11.01,11.26,6606
2003-08-07,11.26,11.38,11.18,11.34,6551
2003-08-08,11.34,11.34,10.73,10.93,12213
2003-08-11,10.93,10.97,10.61,10.85,6074
2003-08-12,10.97,11.06,10.85,10.93,3629265
2003-08-13,11.06,11.46,11.01,11.42,11852
2003-08-14,11.38,11.54,11.1,11.1,12860
2003-08-15,11.18,11.34,11.1,11.14,6760
2003-08-18,11.18,11.42,11.14,11.14,9590
2003-08-19,11.3,11.71,11.22,11.66,30236
2003-08-20,11.66,11.71,11.42,11.5,9781
2003-08-21,11.58,11.71,11.34,11.46,12709
2003-08-22,11.54,11.71,11.3,11.3,11973
2003-08-25,11.38,11.38,11.1,11.14,5871
2003-08-26,11.3,11.38,11.1,11.1,13363
2003-08-27,11.26,11.3,10.97,10.97,10549
2003-08-28,11.01,11.1,10.61,10.65,8854
2003-08-29,10.65,10.73,10.4,10.65,21227
2003-09-01,10.77,10.89,10.57,10.61,10779
2003-09-02,10.61,10.73,10.57,10.61,7134
2003-09-03,10.69,10.89,10.61,10.61,10173
2003-09-04,10.61,10.81,10.61,10.61,10434
2003-09-05,10.65,10.81,10.45,10.49,9101
2003-09-08,10.45,10.65,10.4,10.49,5007
2003-09-09,10.61,10.77,10.57,10.65,9227
2003-09-10,10.65,10.73,10.16,10.2,8038
2003-09-11,10.2,10.2,10.2,10.2,0
2003-09-12,10.12,10.28,10.08,10.2,5506
2003-09-15,10.24,10.32,10.12,10.28,4258515
2003-09-16,10.28,10.49,10.24,10.49,5758
2003-09-17,10.73,10.73,10.57,10.57,6876
2003-09-18,10.57,10.65,10.32,10.36,4438610
2003-09-19,10.57,10.65,10.45,10.49,7058
2003-09-22,10.49,10.49,10.28,10.4,3169385
2003-09-23,10.4,10.45,10.32,10.36,3167982
2003-09-24,10.45,10.53,10.32,10.32,4384663
2003-09-25,10.28,10.45,10.2,10.32,5977
2003-09-26,10.32,10.32,10.12,10.12,4965202
2003-09-29,10.12,10.2,10.04,10.04,3263391
2003-09-30,10.16,10.16,10.04,10.04,2110032
2003-10-01,10.0,10.04,9.63,9.88,5074
2003-10-02,10.0,10.04,9.84,10.0,3498265
2003-10-03,10.0,10.08,9.92,10.04,4036073
2003-10-06,10.08,10.12,10.0,10.0,3775779
2003-10-07,10.04,10.69,10.0,10.61,23335
2003-10-08,10.61,10.85,10.57,10.65,19771
2003-10-09,10.73,10.77,10.4,10.61,8223
2003-10-10,10.61,10.61,10.61,10.61,0
2003-10-13,10.73,10.77,10.45,10.45,6496
2003-10-14,10.49,10.73,10.4,10.4,14084
2003-10-15,10.4,10.57,10.28,10.28,8302
2003-10-16,10.32,10.65,10.32,10.65,12317
2003-10-17,10.81,11.1,10.73,10.89,21478
2003-10-20,10.77,10.81,10.49,10.53,9980
2003-10-21,10.53,10.65,10.32,10.32,8173
2003-10-22,10.32,10.4,10.12,10.28,9467
2003-10-23,10.16,10.45,10.08,10.16,12570
2003-10-24,10.16,10.24,10.08,10.08,5213
2003-10-27,10.08,10.2,10.04,10.04,6207
2003-10-28,10.04,10.16,9.96,9.96,21071
2003-10-29,9.96,10.08,9.27,9.39,45381
2003-10-30,9.1,9.31,9.06,9.19,25633
2003-10-31,8.7,9.06,8.58,8.58,25529
2003-11-03,8.33,8.66,8.33,8.58,17085
2003-11-04,8.62,8.9,8.62,8.86,18608
2003-11-05,8.86,8.86,8.66,8.66,7093
2003-11-06,8.7,8.9,8.54,8.58,12195
2003-11-07,8.62,8.74,8.54,8.58,7888
2003-11-10,8.78,9.14,8.66,9.14,16930
2003-11-11,9.31,9.55,9.23,9.35,25702
2003-11-12,9.35,9.35,9.14,9.19,8057
2003-11-13,9.35,9.51,9.23,9.39,12482
2003-11-14,9.39,9.84,9.31,9.59,17793
2003-11-17,9.55,9.67,9.39,9.39,8279
2003-11-18,9.31,9.43,9.02,9.1,9387
2003-11-19,8.94,9.23,8.9,8.98,9333
2003-11-20,8.98,9.27,8.98,9.06,11465
2003-11-21,9.06,9.39,9.02,9.39,9130
2003-11-24,9.39,9.55,9.31,9.43,7735
2003-11-25,9.59,9.8,9.51,9.55,13525
2003-11-26,9.67,9.84,9.43,9.67,20348
2003-11-27,9.55,9.59,9.39,9.43,9430
2003-11-28,9.35,9.88,9.35,9.88,19407
2003-12-01,9.92,10.0,9.75,9.88,14562
2003-12-02,10.04,10.2,9.92,9.96,16977
2003-12-03,10.0,10.2,10.0,10.08,16640
2003-12-04,10.16,10.28,10.08,10.08,14681
2003-12-05,10.16,10.2,9.96,9.96,9880
2003-12-08,9.92,10.16,9.84,10.12,8476
2003-12-09,10.12,10.32,10.04,10.2,12306
2003-12-10,10.12,10.24,10.12,10.16,7894
2003-12-11,10.16,10.24,10.04,10.16,13200
2003-12-12,10.32,10.49,10.24,10.24,17885
2003-12-15,10.32,10.32,10.16,10.32,7629
2003-12-16,10.24,10.45,10.24,10.45,8213
2003-12-17,10.53,10.53,10.16,10.32,20418
2003-12-18,10.32,10.32,10.24,10.28,4430362
2003-12-19,10.36,10.36,10.12,10.12,7402
2003-12-22,10.08,10.36,10.08,10.36,4283815
2003-12-23,10.28,10.36,10.24,10.36,2909496
2003-12-24,10.36,10.49,10.28,10.4,5128
2003-12-25,10.45,10.65,10.45,10.53,11975
2003-12-26,10.61,10.65,10.53,10.65,4323216
2003-12-29,10.69,10.73,10.61,10.65,7335
2003-12-30,10.69,10.69,10.57,10.69,9704
2003-12-31,10.73,10.81,10.69,10.77,6435
2004-01-01,10.77,10.77,10.77,10.77,0
2004-01-02,10.77,10.97,10.73,10.97,9914
2004-01-05,11.01,11.01,10.69,10.85,8154
2004-01-06,10.85,10.97,10.65,10.65,9355
2004-01-07,10.65,10.77,10.4,10.57,9159
2004-01-08,10.77,11.3,10.73,11.3,26111
2004-01-09,11.66,11.91,11.5,11.66,36359
2004-01-12,11.66,12.03,11.58,11.75,16749
2004-01-13,11.87,12.32,11.79,12.11,28393
2004-01-14,12.23,12.27,11.95,12.19,14872
2004-01-15,12.19,12.32,12.11,12.15,16005
2004-01-16,12.27,12.4,11.79,11.79,13297
2004-01-19,11.79,11.79,11.79,11.79,0
2004-01-20,11.79,11.79,11.79,11.79,0
2004-01-21,11.79,11.79,11.79,11.79,0
2004-01-22,11.79,11.79,11.79,11.79,0
2004-01-23,11.79,11.79,11.79,11.79,0
2004-01-26,11.79,11.79,11.79,11.79,0
2004-01-27,12.11,12.11,11.79,11.87,11027
2004-01-28,11.87,12.68,11.75,12.56,29030
2004-01-29,12.56,12.56,11.99,11.99,17062
2004-01-30,11.83,12.27,11.83,12.03,8516
2004-02-02,12.03,12.11,11.58,11.62,9168
2004-02-03,11.58,11.62,11.34,11.38,9443
2004-02-04,11.5,11.62,11.38,11.38,6231
2004-02-05,11.26,11.54,11.26,11.3,4923851
2004-02-06,11.42,11.71,11.34,11.54,8434
2004-02-09,11.66,11.75,11.38,11.38,7844
2004-02-10,11.42,11.71,11.42,11.58,7523
2004-02-11,11.66,12.11,11.58,11.91,19532
2004-02-12,12.32,12.36,11.99,12.11,24903
2004-02-13,12.4,12.48,12.19,12.36,17884
2004-02-16,12.44,12.44,12.03,12.19,9929
2004-02-17,12.19,12.23,11.83,11.91,11604
2004-02-18,11.91,12.11,11.75,11.95,12953
2004-02-19,11.95,12.27,11.95,12.07,13299
2004-02-20,12.11,12.27,12.03,12.07,11879
2004-02-23,12.03,12.19,11.87,12.07,5587
2004-02-24,11.99,12.11,11.87,11.87,4972673
2004-02-25,11.87,12.03,11.83,11.87,4454369
2004-02-26,12.03,12.32,11.95,12.11,11321
2004-02-27,12.23,12.27,11.99,12.07,6349
2004-03-01,12.19,12.19,11.99,11.99,10456
2004-03-02,12.07,12.48,11.99,11.99,27180
2004-03-03,11.99,12.03,11.71,11.71,21282
2004-03-04,11.79,11.99,11.79,11.87,8287
2004-03-05,11.99,12.15,11.87,12.11,16680
2004-03-08,12.15,12.56,12.15,12.4,30287
2004-03-09,12.4,12.56,12.23,12.44,14617
2004-03-10,12.48,12.68,12.27,12.27,13683
2004-03-11,12.23,12.36,12.07,12.07,7424
2004-03-12,11.99,12.19,11.79,11.79,8422
2004-03-15,12.03,12.03,11.79,11.79,9534
2004-03-16,11.91,11.99,11.38,11.58,9472
2004-03-17,11.58,11.66,11.46,11.46,6162
2004-03-18,11.5,11.66,11.5,11.54,7414
2004-03-19,11.58,11.66,11.5,11.54,5604
2004-03-22,10.77,10.77,10.77,10.77,934597
2004-03-23,10.04,10.36,10.04,10.04,11323
2004-03-24,10.36,10.36,10.04,10.36,6151
2004-03-25,10.61,10.73,10.16,10.16,6125
2004-03-26,10.36,10.36,9.96,9.96,5985
2004-03-29,10.36,10.65,10.16,10.65,5889
2004-03-30,10.53,10.73,10.4,10.49,4491850
2004-03-31,10.53,10.73,10.49,10.73,3102229
2004-04-01,10.61,11.1,10.61,10.97,9137
2004-04-02,11.18,11.18,10.97,11.1,5003
2004-04-05,11.3,11.58,11.22,11.54,9065
2004-04-06,11.75,12.03,11.66,11.71,12420
2004-04-07,11.71,11.91,11.62,11.71,7512
2004-04-08,11.79,11.83,11.54,11.62,4924486
2004-04-09,11.62,11.87,11.54,11.79,7445
2004-04-12,12.15,12.15,11.91,12.07,8785
2004-04-13,12.15,12.32,11.95,12.23,14021
2004-04-14,12.19,12.52,12.15,12.4,16286
2004-04-15,12.4,12.4,11.79,11.79,10123
2004-04-16,11.87,12.15,11.83,11.99,9438
2004-04-19,12.15,12.32,11.99,12.07,7818
2004-04-20,12.23,12.23,11.95,11.95,5215
2004-04-21,11.95,11.99,11.79,11.79,3087719
2004-04-22,11.99,12.07,11.58,11.62,5267
2004-04-23,11.79,11.83,11.54,11.58,3547288
2004-04-26,11.66,11.75,11.54,11.58,3836782
2004-04-27,11.66,11.83,11.46,11.5,7759
2004-04-28,11.54,11.54,10.77,10.97,7201
2004-04-29,10.77,10.81,10.24,10.24,7241
2004-04-30,10.16,10.4,9.75,9.75,6362
2004-05-03,9.67,9.75,9.27,9.35,3847064
2004-05-04,9.39,9.84,9.39,9.84,5563
2004-05-05,9.84,9.84,9.19,9.19,7120
2004-05-06,9.19,9.47,8.74,9.14,5267
2004-05-07,9.14,9.55,9.02,9.35,3418097
2004-05-10,9.27,9.27,8.7,8.7,7013
2004-05-11,8.45,8.7,8.13,8.54,7882
2004-05-12,8.66,8.86,8.62,8.62,4617691
2004-05-13,8.54,8.54,8.25,8.37,3235024
2004-05-14,8.37,8.45,7.93,7.93,4604905
2004-05-17,7.4,7.48,7.4,7.4,4164794
2004-05-18,6.91,7.23,6.91,6.91,13393
2004-05-19,6.99,7.36,6.99,7.36,7189
2004-05-20,7.28,7.52,7.07,7.19,4992805
2004-05-21,7.32,7.68,7.23,7.68,4681773
2004-05-24,7.72,8.21,7.6,8.21,10077
2004-05-25,8.05,8.62,8.05,8.41,12304
2004-05-26,8.74,8.78,8.54,8.7,6609
2004-05-27,8.62,8.7,8.49,8.54,4929349
2004-05-28,8.54,8.7,8.41,8.7,5943
2004-05-31,8.62,8.66,8.21,8.21,2839429
2004-06-01,8.21,8.37,8.01,8.05,3598844
2004-06-02,7.93,8.21,7.88,8.05,3684098
2004-06-03,8.21,8.29,7.72,7.76,2708596
2004-06-04,7.68,7.84,7.44,7.64,3488548
2004-06-07,7.76,8.17,7.76,8.17,3237299
2004-06-08,8.37,8.37,8.17,8.33,4514095
2004-06-09,8.33,8.37,8.13,8.13,1632605
2004-06-10,8.13,8.13,7.93,7.93,1495089
2004-06-11,7.93,7.93,7.72,7.72,1558758
2004-06-14,7.72,7.84,7.52,7.52,1593686
2004-06-15,7.72,8.01,7.6,8.01,3319112
2004-06-16,8.33,8.41,7.97,8.13,10633
2004-06-17,8.13,8.7,8.13,8.7,16471
2004-06-18,8.7,8.7,8.37,8.41,5047
2004-06-21,8.49,8.62,7.84,7.84,6448
2004-06-22,7.84,7.84,7.84,7.84,0
2004-06-23,7.76,8.01,7.6,7.68,7524
2004-06-24,7.8,8.01,7.72,8.01,4329529
2004-06-25,8.01,8.05,7.8,7.8,4129951
2004-06-28,7.72,7.8,7.56,7.56,3200693
2004-06-29,7.56,7.72,7.44,7.72,3318567
2004-06-30,7.8,7.93,7.6,7.64,3368465
2004-07-01,7.64,7.72,7.44,7.44,4381290
2004-07-02,7.23,7.36,7.11,7.23,4881883
2004-07-05,7.11,7.15,7.03,7.03,1592060
2004-07-06,7.11,7.23,6.99,7.15,4489039
2004-07-07,6.99,7.28,6.99,7.15,7521
2004-07-08,7.15,7.23,7.03,7.03,4852653
2004-07-09,7.03,7.36,6.99,7.15,15557
2004-07-12,7.19,7.23,7.11,7.19,4294397
2004-07-13,7.19,7.19,6.95,6.95,2985166
2004-07-14,6.95,7.07,6.83,6.83,4810287
2004-07-15,6.83,6.83,6.42,6.42,5398
2004-07-16,6.42,6.67,6.34,6.38,6908
2004-07-19,6.38,6.46,5.97,6.02,4451879
2004-07-20,5.93,6.08,5.61,5.61,6147
2004-07-21,5.71,6.0,5.67,6.0,6879
2004-07-22,5.85,6.3,5.79,6.1,8646
2004-07-23,6.26,6.3,6.1,6.14,4386769
2004-07-26,6.04,6.1,5.95,6.06,1609617
2004-07-27,6.1,6.38,6.02,6.38,4305836
2004-07-28,6.42,6.46,6.18,6.26,2915906
2004-07-29,6.22,6.26,6.06,6.06,2113003
2004-07-30,6.18,6.38,6.1,6.14,5249
2004-08-02,6.1,6.18,5.93,5.97,1907091
2004-08-03,5.97,6.1,5.97,6.08,3392832
2004-08-04,6.02,6.06,5.93,5.97,1639647
2004-08-05,6.02,6.34,5.89,6.3,5041
2004-08-06,6.14,6.34,6.1,6.18,3440590
2004-08-09,6.02,6.22,6.0,6.1,2233284
2004-08-10,6.1,6.22,6.06,6.14,2288864
2004-08-11,6.22,6.26,5.93,5.95,3433076
2004-08-12,5.95,6.02,5.89,5.91,2022495
2004-08-13,5.81,5.91,5.81,5.81,2840806
2004-08-16,5.77,5.85,5.73,5.75,1417256
2004-08-17,5.77,5.85,5.69,5.69,2289034
2004-08-18,5.69,5.71,5.32,5.43,4597170
2004-08-19,5.47,5.75,5.47,5.71,5358
2004-08-20,5.71,5.93,5.67,5.81,5906
2004-08-23,5.81,6.02,5.79,6.0,7916
2004-08-24,6.0,6.0,6.0,6.0,0
2004-08-25,6.0,6.0,6.0,6.0,0
2004-08-26,6.22,6.38,6.22,6.38,8522
2004-08-27,6.58,6.71,6.5,6.62,17082
2004-08-30,6.67,6.71,6.5,6.62,4936394
2004-08-31,6.54,6.62,6.34,6.42,5701
2004-09-01,6.46,6.62,6.46,6.58,5008
2004-09-02,6.67,6.79,6.54,6.67,7324
2004-09-03,6.71,6.71,6.3,6.3,4194176
2004-09-06,6.3,6.54,6.18,6.5,4163151
2004-09-07,6.46,6.58,6.42,6.5,2841630
2004-09-08,6.67,6.95,6.67,6.95,12567
2004-09-09,7.07,7.11,6.83,6.87,14359
2004-09-10,7.03,7.07,6.87,6.87,10050
2004-09-13,7.03,7.03,6.87,6.95,4853835
2004-09-14,7.03,7.28,6.99,7.03,10034
2004-09-15,7.07,7.19,6.95,6.99,6094
2004-09-16,6.91,6.99,6.87,6.95,3983582
2004-09-17,6.95,7.03,6.5,6.5,3954590
2004-09-20,6.1,6.34,6.06,6.1,11925
2004-09-21,6.1,6.22,5.93,6.08,6067
2004-09-22,6.1,6.26,6.08,6.22,6045
2004-09-23,6.18,6.3,6.14,6.22,2055241
2004-09-24,6.3,6.3,6.14,6.22,2793489
2004-09-27,6.14,6.22,5.81,5.89,3351782
2004-09-28,5.89,5.89,5.89,5.89,0
2004-09-29,5.89,6.08,5.85,5.93,6092
2004-09-30,6.1,6.1,5.89,5.91,3601996
2004-10-01,5.93,5.97,5.77,5.81,3629318
2004-10-04,5.95,6.1,5.89,6.1,5394
2004-10-05,6.34,6.5,6.3,6.5,6257
2004-10-06,6.54,6.67,6.34,6.42,10421
2004-10-07,6.42,6.54,6.38,6.42,3539176
2004-10-08,6.42,6.5,6.38,6.42,3738104
2004-10-11,6.46,6.46,6.3,6.38,2800448
2004-10-12,6.34,6.58,6.3,6.3,7054
2004-10-13,6.34,6.46,6.34,6.34,4874580
2004-10-14,6.34,6.46,6.18,6.18,4364777
2004-10-15,6.14,6.34,5.93,6.14,5883
2004-10-18,6.14,6.18,5.89,5.89,1877843
2004-10-19,6.02,6.14,5.95,6.06,4024711
2004-10-20,6.04,6.08,5.95,5.95,1504256
2004-10-21,5.93,6.1,5.89,5.95,1975218
2004-10-22,6.06,6.1,5.97,6.0,2176001
2004-10-25,6.0,6.0,6.0,6.0,0
2004-10-26,5.93,5.93,5.59,5.61,3960999
2004-10-27,5.61,5.69,5.53,5.57,3811185
2004-10-28,5.63,5.71,5.53,5.53,4660596
2004-10-29,5.53,5.65,5.49,5.59,6448
2004-11-01,5.59,5.61,5.2,5.2,5365
2004-11-02,5.2,5.2,4.86,4.96,7590
2004-11-03,5.0,5.24,5.0,5.24,6950
2004-11-04,5.32,5.32,5.12,5.16,3252502
2004-11-05,5.3,5.34,5.16,5.2,6930
2004-11-08,5.2,5.2,5.0,5.0,3617035
2004-11-09,5.0,5.08,4.98,5.04,4229396
2004-11-10,5.06,5.08,5.0,5.06,5236
2004-11-11,5.04,5.04,4.94,4.94,4054609
2004-11-12,4.96,5.28,4.96,5.28,14284
2004-11-15,5.41,5.49,5.32,5.34,13012
2004-11-16,5.39,5.41,5.26,5.28,4460641
2004-11-17,5.28,5.57,5.26,5.57,8875
2004-11-18,5.63,5.77,5.47,5.57,12232
2004-11-19,5.57,5.63,5.49,5.53,3938819
2004-11-22,5.49,5.49,5.24,5.24,4615114
2004-11-23,5.32,5.37,5.24,5.32,3095670
2004-11-24,5.34,5.51,5.34,5.49,3712377
2004-11-25,5.51,5.53,5.34,5.41,1801116
2004-11-26,5.43,5.61,5.32,5.34,8011
2004-11-29,5.41,5.43,5.28,5.28,3483688
2004-11-30,5.28,5.32,5.16,5.32,3305688
2004-12-01,5.32,5.41,5.26,5.28,3666801
2004-12-02,5.43,5.55,5.39,5.55,6936
2004-12-03,5.61,5.61,5.47,5.47,2861405
2004-12-06,5.47,5.55,5.45,5.45,2698105
2004-12-07,5.45,5.55,5.45,5.45,2553672
2004-12-08,5.45,5.47,5.41,5.41,1538740
2004-12-09,5.41,5.49,5.22,5.28,5340
2004-12-10,5.28,5.32,5.24,5.28,2505652
2004-12-13,5.28,5.47,5.24,5.32,4076762
2004-12-14,5.43,5.57,5.34,5.55,8760
2004-12-15,5.61,5.85,5.57,5.79,15278
2004-12-16,5.79,5.95,5.73,5.93,9962
2004-12-17,6.0,6.02,5.81,5.81,5339
2004-12-20,5.69,5.93,5.65,5.85,8113
2004-12-21,5.89,5.91,5.79,5.79,4099485
2004-12-22,5.85,5.97,5.85,5.89,5252
2004-12-23,5.89,5.93,5.77,5.87,2841169
2004-12-24,5.89,6.14,5.85,6.1,7221
2004-12-27,6.1,6.14,5.97,6.08,3402566
2004-12-28,6.08,6.42,6.08,6.34,10271
2004-12-29,6.46,6.54,6.26,6.26,11514
2004-12-30,6.3,6.3,6.18,6.3,3766571
2004-12-31,6.3,6.5,6.26,6.42,7862
2005-01-03,6.5,6.5,6.3,6.3,3605376
2005-01-04,6.26,6.34,6.22,6.22,3241682
2005-01-05,6.22,6.26,6.1,6.26,3370022
2005-01-06,6.34,6.34,6.22,6.34,3381480
2005-01-07,6.38,6.42,6.22,6.22,3486016
2005-01-10,6.34,6.46,6.26,6.42,7153
2005-01-11,6.42,6.46,6.34,6.46,3740852
2005-01-12,6.42,6.46,6.3,6.3,2922880
2005-01-13,6.3,6.38,6.14,6.22,4610237
2005-01-14,6.18,6.3,6.14,6.22,5888
2005-01-17,6.3,6.3,6.1,6.26,3688265
2005-01-18,6.22,6.3,6.22,6.22,2882795
2005-01-19,6.3,6.42,6.22,6.38,5562
2005-01-20,6.34,6.79,6.34,6.75,14443
2005-01-21,6.75,6.75,6.3,6.3,12209
2005-01-24,6.22,6.22,5.87,5.87,6215
2005-01-25,5.61,5.71,5.47,5.59,8386
2005-01-26,5.61,5.67,5.51,5.55,5053
2005-01-27,5.59,5.75,5.57,5.61,8368
2005-01-28,5.61,5.71,5.53,5.63,5405
2005-01-31,5.65,5.75,5.63,5.71,5629
2005-02-01,5.75,5.81,5.71,5.71,4914974
2005-02-02,5.77,5.85,5.71,5.71,4910660
2005-02-03,5.73,5.77,5.69,5.73,2699501
2005-02-04,5.73,5.73,5.73,5.73,0
2005-02-07,5.73,5.73,5.73,5.73,0
2005-02-08,5.73,5.73,5.73,5.73,0
2005-02-09,5.73,5.73,5.73,5.73,0
2005-02-10,5.73,5.73,5.73,5.73,0
2005-02-11,5.73,5.73,5.73,5.73,0
2005-02-14,5.85,5.97,5.79,5.89,4409102
2005-02-15,5.91,6.08,5.91,6.06,5397
2005-02-16,6.1,6.1,5.91,6.06,4706264
2005-02-17,6.06,6.1,5.91,5.91,3536824
2005-02-18,5.93,6.08,5.93,6.04,6133
2005-02-21,6.06,6.34,6.04,6.18,8685
2005-02-22,6.18,6.22,5.97,5.97,3164627
2005-02-23,5.89,6.18,5.89,6.18,7089
2005-02-24,6.18,6.38,6.02,6.18,13016
2005-02-25,6.26,6.34,6.02,6.02,8172
2005-02-28,6.02,6.02,6.02,6.02,0
2005-03-01,6.06,6.1,6.0,6.02,3756181
2005-03-02,6.02,6.14,5.95,5.95,3689889
2005-03-03,5.97,6.14,5.97,6.14,5570
2005-03-04,6.14,6.22,6.06,6.2,6146
2005-03-07,6.26,6.42,6.22,6.34,9831
2005-03-08,6.34,6.36,6.02,6.1,6604
2005-03-09,6.04,6.18,6.04,6.1,5280
2005-03-10,6.1,6.42,6.04,6.38,20321
2005-03-11,6.38,6.4,6.18,6.18,9066
2005-03-14,6.1,6.34,6.1,6.1,5642
2005-03-15,6.14,6.24,5.93,5.93,9316
2005-03-16,5.93,6.02,5.77,5.79,6696
2005-03-17,5.71,5.89,5.71,5.79,3728970
2005-03-18,5.81,5.89,5.81,5.83,2110211
2005-03-21,5.83,6.04,5.83,5.95,6682
2005-03-22,5.95,6.0,5.89,5.91,3190110
2005-03-23,5.91,6.04,5.89,6.0,4322628
2005-03-24,6.02,6.24,6.02,6.18,8472
2005-03-25,6.22,6.24,6.1,6.2,4228937
2005-03-28,6.24,6.62,6.22,6.58,25141
2005-03-29,6.58,6.58,6.34,6.38,9199
2005-03-30,6.38,6.54,6.38,6.44,9988
2005-03-31,6.54,6.6,6.44,6.46,10701
2005-04-01,6.54,6.58,6.42,6.48,10534
2005-04-04,6.48,6.67,6.48,6.5,7678
2005-04-05,6.5,6.5,6.5,6.5,0
2005-04-06,6.42,6.54,6.26,6.26,8424
2005-04-07,6.26,6.42,6.22,6.42,3934037
2005-04-08,6.42,6.56,6.3,6.54,3393900
2005-04-11,6.42,6.5,6.42,6.46,2452714
2005-04-12,6.42,6.52,6.3,6.48,2037218
2005-04-13,6.52,6.62,6.48,6.52,6070
2005-04-14,6.46,6.52,6.42,6.44,3051971
2005-04-15,6.36,6.46,6.18,6.18,4105579
2005-04-18,6.1,6.1,5.83,5.89,3801087
2005-04-19,5.69,6.14,5.69,6.1,3541649
2005-04-20,6.1,6.22,5.97,6.04,4145865
2005-04-21,5.81,6.12,5.77,6.06,2678688
2005-04-22,6.18,6.22,5.95,6.04,2007439
2005-04-25,5.95,6.16,5.95,6.08,2219941
2005-04-26,6.14,6.26,6.04,6.26,3580945
2005-04-27,6.22,6.24,6.12,6.14,1826403
2005-04-28,6.14,6.2,6.1,6.16,2330179
2005-04-29,6.1,6.22,6.06,6.22,1766381
2005-05-02,6.22,6.22,6.22,6.22,0
2005-05-03,6.26,6.42,6.26,6.3,5512
2005-05-04,6.34,6.54,6.32,6.48,8863
2005-05-05,6.54,6.73,6.52,6.6,7800
2005-05-06,6.6,6.67,6.46,6.46,4367568
2005-05-09,6.46,6.71,6.46,6.54,6261
2005-05-10,6.5,6.58,6.34,6.38,5062
2005-05-11,6.3,6.44,6.3,6.38,2877535
2005-05-12,6.38,6.44,6.18,6.18,3850708
2005-05-13,6.18,6.4,6.18,6.3,3603617
2005-05-16,6.3,6.46,6.26,6.26,2220344
2005-05-17,6.3,6.38,6.28,6.28,1702227
2005-05-18,6.4,6.4,6.2,6.3,2685718
2005-05-19,6.38,6.56,6.36,6.5,6709
2005-05-20,6.54,6.6,6.44,6.5,7302
2005-05-23,6.5,6.54,6.4,6.5,2580655
2005-05-24,6.5,6.56,6.42,6.46,4124620
2005-05-25,6.46,6.54,6.26,6.28,4970062
2005-05-26,6.28,6.34,6.2,6.26,3773214
2005-05-27,6.26,6.38,6.26,6.28,5222
2005-05-30,6.28,6.4,6.22,6.36,3982668
2005-05-31,6.36,6.54,6.26,6.46,9675
2005-06-01,6.58,6.91,6.58,6.91,21713
2005-06-02,7.11,7.38,7.11,7.38,18717
2005-06-03,7.42,7.58,7.23,7.32,25337
2005-06-06,7.32,7.54,7.3,7.3,10306
2005-06-07,7.32,7.38,7.09,7.21,7748
2005-06-08,7.23,7.6,7.23,7.44,20793
2005-06-09,7.5,7.52,6.95,6.95,12505
2005-06-10,7.07,7.09,6.85,6.99,6881
2005-06-13,7.07,7.07,6.91,6.99,5808
2005-06-14,6.99,7.23,6.93,7.03,16235
2005-06-15,7.03,7.09,6.95,7.05,6453
2005-06-16,7.11,7.11,6.99,7.03,4028342
2005-06-17,7.05,7.19,6.91,6.97,9785
2005-06-20,6.97,7.03,6.89,7.01,5545
2005-06-21,7.01,7.21,6.95,7.15,7796
2005-06-22,7.32,7.52,7.32,7.36,16928
2005-06-23,7.4,7.4,7.23,7.25,5522
2005-06-24,7.25,7.28,7.11,7.13,3033223
2005-06-27,7.07,7.23,6.99,7.19,3785142
2005-06-28,7.19,7.23,7.11,7.11,1741585
2005-06-29,7.21,7.25,6.97,6.97,4704361
2005-06-30,6.97,7.03,6.93,6.93,2091697
2005-07-01,6.83,6.93,6.62,6.75,5648
2005-07-04,6.75,6.83,6.67,6.73,2129158
2005-07-05,6.73,6.79,6.71,6.75,2386148
2005-07-06,6.79,6.95,6.75,6.75,4502307
2005-07-07,6.75,6.85,6.71,6.73,1925413
2005-07-08,6.79,6.99,6.75,6.83,7943
2005-07-11,6.95,6.99,6.83,6.85,9535
2005-07-12,6.91,7.03,6.87,7.03,6404
2005-07-13,7.07,7.19,6.91,6.91,8152
2005-07-14,6.99,7.11,6.95,7.03,8453
2005-07-15,7.07,7.09,6.83,6.83,6169
2005-07-18,6.83,6.83,6.83,6.83,0
2005-07-19,6.79,6.95,6.79,6.83,4346631
2005-07-20,6.95,7.03,6.79,6.81,8122
2005-07-21,6.85,6.97,6.81,6.83,7566
2005-07-22,6.85,6.87,6.62,6.62,3456555
2005-07-25,6.65,6.65,6.54,6.56,3238122
2005-07-26,6.56,6.67,6.52,6.62,4141071
2005-07-27,6.69,6.75,6.58,6.65,6593
2005-07-28,6.69,6.71,6.54,6.56,4783149
2005-07-29,6.56,6.62,6.2,6.24,7468
2005-08-01,6.2,6.3,6.14,6.3,2367321
2005-08-02,6.38,6.5,6.24,6.26,6963
2005-08-03,6.3,6.4,6.3,6.34,2920235
2005-08-04,6.38,6.38,6.2,6.2,2157870
2005-08-05,6.2,6.2,6.2,6.2,0
2005-08-08,6.18,6.3,6.18,6.2,1488505
2005-08-09,6.24,6.26,6.06,6.08,2906983
2005-08-10,6.1,6.14,5.95,5.95,1977586
2005-08-11,6.02,6.08,5.93,5.93,1792282
2005-08-12,6.0,6.02,5.93,6.0,1563373
2005-08-15,5.93,5.97,5.77,5.77,1717454
2005-08-16,5.77,5.83,5.69,5.71,1438338
2005-08-17,5.69,5.77,5.67,5.71,1808018
2005-08-18,5.73,5.79,5.69,5.69,1487859
2005-08-19,5.69,5.69,5.53,5.53,2522057
2005-08-22,5.55,5.61,5.26,5.43,2832646
2005-08-23,5.43,5.45,5.3,5.3,2363049
2005-08-24,5.28,5.28,5.04,5.08,3502103
2005-08-25,5.04,5.26,5.04,5.16,4436686
2005-08-26,5.22,5.26,5.1,5.24,2005292
2005-08-29,5.18,5.2,4.9,4.98,2713772
2005-08-30,5.04,5.12,4.98,5.08,2439265
2005-08-31,5.12,5.16,4.96,4.96,2376577
2005-09-01,4.96,4.96,4.96,4.96,0
2005-09-02,5.04,5.14,5.0,5.02,2117768
2005-09-05,5.04,5.34,5.04,5.28,4340095
2005-09-06,5.37,5.43,5.24,5.39,4434925
2005-09-07,5.43,5.57,5.26,5.51,6604
2005-09-08,5.49,5.53,5.37,5.39,2361012
2005-09-09,5.41,5.45,5.22,5.34,3382970
2005-09-12,5.34,5.34,5.16,5.16,1848575
2005-09-13,5.2,5.26,5.04,5.04,3394352
2005-09-14,5.06,5.12,5.04,5.1,1422743
2005-09-15,5.08,5.12,5.02,5.08,1369790
2005-09-16,5.08,5.12,4.98,4.98,1403509
2005-09-19,5.02,5.06,4.96,4.98,941465
2005-09-20,5.04,5.18,4.94,5.16,2031276
2005-09-21,5.16,5.32,5.12,5.18,3574395
2005-09-22,5.18,5.24,5.1,5.12,2129893
2005-09-23,5.12,5.18,4.98,4.98,1460820
2005-09-26,5.02,5.12,4.96,5.12,2012716
2005-09-27,5.18,5.26,5.12,5.14,2345643
2005-09-28,5.18,5.2,5.08,5.12,1219782
2005-09-29,5.1,5.2,5.1,5.18,2314797
2005-09-30,5.24,5.34,5.2,5.2,5496
2005-10-03,5.24,5.34,5.2,5.26,3174667
2005-10-04,5.28,5.34,5.24,5.26,2950846
2005-10-05,5.26,5.43,5.22,5.28,5749
2005-10-06,5.2,5.45,5.18,5.32,6552
2005-10-07,5.32,5.34,5.18,5.22,3197047
2005-10-10,5.22,5.22,5.22,5.22,0
2005-10-11,5.22,5.26,5.12,5.12,1197749
2005-10-12,5.16,5.18,5.0,5.0,1689851
2005-10-13,4.94,5.14,4.94,5.14,3567051
2005-10-14,5.16,5.24,5.1,5.12,1719070
2005-10-17,5.22,5.32,5.04,5.04,5142
2005-10-18,5.08,5.14,4.96,4.96,1910273
2005-10-19,4.92,5.08,4.92,4.98,5419
2005-10-20,5.0,5.1,4.63,4.96,4223683
2005-10-21,4.96,5.02,4.82,4.86,3340947
2005-10-24,4.86,5.14,4.86,5.14,7145
2005-10-25,4.8,4.82,4.8,4.8,9110
2005-10-26,4.55,4.69,4.47,4.47,4722957
2005-10-27,4.21,4.45,4.19,4.27,8375
2005-10-28,4.23,4.27,3.97,4.17,9335
2005-10-31,4.23,4.31,4.08,4.17,5512
2005-11-01,4.19,4.21,3.99,4.06,3973246
2005-11-02,4.06,4.06,3.98,4.0,2777757
2005-11-03,4.01,4.27,4.01,4.27,10699
2005-11-04,4.43,4.45,4.33,4.43,9196
2005-11-07,4.57,4.63,4.47,4.57,10131
2005-11-08,4.78,4.88,4.76,4.88,4978102
2005-11-09,5.2,5.2,5.06,5.2,25603
2005-11-10,5.3,5.55,5.26,5.51,25165
2005-11-11,5.55,5.61,5.43,5.55,13684
2005-11-14,5.65,5.93,5.65,5.93,22011
2005-11-15,6.1,6.3,5.95,6.2,38548
2005-11-16,6.18,6.2,5.89,6.18,23627
2005-11-17,6.34,6.46,6.24,6.4,39211
2005-11-18,6.42,6.42,6.3,6.4,19614
2005-11-21,6.44,6.62,6.42,6.54,23675
2005-11-22,6.54,6.62,6.42,6.58,15541
2005-11-23,6.73,6.73,6.38,6.38,15190
2005-11-24,6.38,6.38,6.1,6.12,16210
2005-11-25,6.12,6.32,6.1,6.22,14406
2005-11-28,6.3,6.42,6.16,6.42,14367
2005-11-29,6.42,6.5,6.28,6.3,10912
2005-11-30,6.28,6.36,6.02,6.14,10826
2005-12-01,6.1,6.22,6.06,6.06,7758
2005-12-02,6.14,6.18,6.02,6.1,8650
2005-12-05,6.16,6.52,6.14,6.52,16649
2005-12-06,6.65,6.97,6.65,6.97,30732
2005-12-07,7.09,7.25,6.81,6.83,31800
2005-12-08,6.81,6.91,6.69,6.69,12026
2005-12-09,6.79,6.97,6.56,6.97,14150
2005-12-12,7.11,7.44,6.85,7.32,25781
2005-12-13,7.3,7.3,7.03,7.03,12510
2005-12-14,7.03,7.23,7.01,7.01,11599
2005-12-15,7.03,7.11,6.95,6.95,8912
2005-12-16,7.05,7.23,7.03,7.05,15252
2005-12-19,7.11,7.19,6.99,6.99,9221
2005-12-20,6.99,7.36,6.93,7.15,17916
2005-12-21,7.19,7.25,7.09,7.15,9363
2005-12-22,7.23,7.42,7.15,7.15,16124
2005-12-23,7.15,7.25,7.07,7.17,9766
2005-12-26,7.3,7.66,7.23,7.66,27450
2005-12-27,8.13,8.17,7.91,7.91,33542
2005-12-28,7.88,7.88,7.64,7.74,11902
2005-12-29,7.84,8.05,7.74,7.82,12692
2005-12-30,7.74,7.84,7.32,7.5,19065
2006-01-02,7.23,7.42,7.23,7.42,7671
2006-01-03,7.52,7.93,7.44,7.84,26391
2006-01-04,7.97,8.05,7.7,7.72,20269
2006-01-05,7.76,7.84,7.44,7.6,12574
2006-01-06,7.6,7.84,7.52,7.52,11281
2006-01-09,7.64,7.82,7.6,7.6,11556
2006-01-10,7.62,7.68,7.5,7.58,6741
2006-01-11,7.6,7.78,7.56,7.64,12016
2006-01-12,7.8,7.93,7.56,7.6,16231
2006-01-13,7.8,8.05,7.8,7.91,28145
2006-01-16,8.01,8.03,7.68,7.76,10389
2006-01-17,7.8,7.99,7.72,7.78,14109
2006-01-18,7.78,7.93,7.68,7.78,15187
2006-01-19,7.91,8.31,7.84,8.21,48352
2006-01-20,8.25,8.25,7.93,7.95,16980
2006-01-23,7.62,7.72,7.4,7.4,12845
2006-01-24,7.4,7.48,7.11,7.32,10445
2006-01-25,7.36,7.52,7.32,7.32,7741
2006-02-03,7.5,7.64,7.32,7.58,9636
2006-02-06,7.58,7.82,7.48,7.82,8634
2006-02-07,7.76,7.86,7.68,7.72,6166
2006-02-08,7.8,8.05,7.8,7.97,15808
2006-02-09,8.09,8.19,7.84,7.84,19589
2006-02-10,7.84,7.93,7.76,7.8,7483
2006-02-13,7.8,7.91,7.72,7.72,3969953
2006-02-14,7.8,7.84,7.68,7.84,4129455
2006-02-15,7.84,8.07,7.78,7.78,11566
2006-02-16,7.97,7.97,7.78,7.8,5233
2006-02-17,7.86,7.91,7.66,7.66,4521997
2006-02-20,7.56,7.64,7.4,7.42,5765
2006-02-21,7.38,7.6,7.36,7.42,7490
2006-02-22,7.42,7.52,7.15,7.15,8139
2006-02-23,7.11,7.23,6.91,6.91,7094
2006-02-24,6.91,7.09,6.91,7.01,5815
2006-02-27,7.01,7.11,6.91,6.97,4462960
2006-03-01,6.91,7.32,6.91,7.32,7876
2006-03-02,7.4,7.4,7.15,7.15,4492996
2006-03-03,7.15,7.17,6.91,6.91,4562390
2006-03-06,6.91,6.97,6.75,6.91,3730699
2006-03-07,6.89,7.07,6.79,7.01,4818215
2006-03-08,7.01,7.07,6.91,6.97,2400822
2006-03-09,7.07,7.4,7.07,7.25,11991
2006-03-10,7.25,7.3,7.11,7.11,4121169
2006-03-13,7.23,7.38,7.15,7.23,6938
2006-03-14,7.44,7.72,7.42,7.48,20847
2006-03-15,7.56,7.6,7.38,7.44,10548
2006-03-16,7.48,7.52,7.25,7.25,5370
2006-03-17,7.23,7.36,7.23,7.25,3430337
2006-03-20,7.32,7.44,7.28,7.36,4557212
2006-03-21,7.4,7.42,7.15,7.19,3617804
2006-03-22,6.91,7.07,6.83,6.87,6013
2006-03-23,6.87,6.99,6.71,6.75,5884
2006-03-24,6.79,6.95,6.79,6.83,4747786
2006-03-27,6.95,7.07,6.89,7.01,6923
2006-03-28,7.03,7.09,6.95,7.05,2242355
2006-03-29,7.01,7.17,6.97,6.99,4766429
2006-03-30,7.03,7.09,6.95,6.95,3917130
2006-03-31,7.03,7.09,6.99,7.09,4055918
2006-04-03,7.13,7.13,7.03,7.09,1901600
2006-04-04,7.11,7.11,6.83,6.87,3503874
2006-04-06,6.91,7.03,6.91,7.01,2297249
2006-04-07,7.11,7.5,7.11,7.5,23976
2006-04-10,7.46,7.58,7.36,7.48,10346
2006-04-11,7.5,7.91,7.5,7.76,22173
2006-04-12,7.72,8.21,7.7,8.07,38924
2006-04-13,8.21,8.25,7.97,8.01,22301
2006-04-14,8.01,8.56,7.93,8.56,39281
2006-04-17,8.54,8.54,8.25,8.33,20360
2006-04-18,8.43,8.66,8.27,8.45,25310
2006-04-19,8.62,8.82,8.37,8.41,27126
2006-04-20,8.41,8.62,8.13,8.19,22565
2006-04-21,8.19,8.58,8.05,8.29,27801
2006-04-24,8.29,8.47,8.09,8.09,13244
2006-04-25,8.13,8.27,8.01,8.09,13049
2006-04-26,8.17,8.37,8.09,8.29,24933
2006-04-27,8.27,8.27,7.74,7.74,20131
2006-04-28,7.64,7.84,7.64,7.82,8043
2006-05-02,7.82,7.86,7.5,7.6,7317
2006-05-03,7.64,8.13,7.64,8.13,20093
2006-05-04,8.25,8.68,8.25,8.37,26606
2006-05-05,8.33,8.54,8.17,8.33,18285
2006-05-08,8.45,8.88,8.45,8.88,28118
2006-05-09,9.25,9.45,9.02,9.12,44196
2006-05-10,9.21,9.29,8.64,8.82,30687
2006-05-11,8.66,9.12,8.45,9.06,32062
2006-05-12,8.94,9.17,8.74,8.74,13112
2006-05-15,8.54,8.64,8.21,8.29,12571
2006-05-16,8.33,8.82,8.33,8.74,16793
2006-05-17,9.04,9.04,8.58,8.58,15420
2006-05-18,8.37,8.66,8.37,8.45,6651
2006-05-19,8.33,8.78,8.33,8.45,13178
2006-05-22,8.49,8.62,8.19,8.21,10494
2006-05-23,8.17,8.43,8.05,8.39,15124
2006-05-24,8.41,8.43,7.99,7.99,10891
2006-05-25,8.09,8.13,7.99,7.99,4814073
2006-05-26,8.09,8.17,7.99,7.99,7089
2006-05-29,8.05,8.15,8.01,8.01,5566
2006-05-30,8.09,8.25,8.03,8.17,12078
2006-06-01,8.29,8.41,8.19,8.29,13553
2006-06-02,8.6,8.6,8.29,8.29,17854
2006-06-05,8.37,8.37,7.72,7.72,9068
2006-06-06,7.52,7.72,7.19,7.52,11118
2006-06-07,7.44,7.44,7.01,7.01,6196
2006-06-08,6.97,7.07,6.52,6.52,9612
2006-06-09,6.5,6.67,6.1,6.5,11462
2006-06-12,6.38,6.48,6.08,6.16,5402
2006-06-13,6.1,6.4,5.97,6.18,7488
2006-06-14,6.26,6.58,6.22,6.48,7058
2006-06-15,6.58,6.62,6.34,6.36,3979274
2006-06-16,6.58,6.69,6.5,6.69,7200
2006-06-19,6.67,6.71,6.56,6.65,2838935
2006-06-20,6.62,6.65,6.24,6.24,3348515
2006-06-21,5.89,6.34,5.89,5.97,6546
2006-06-22,6.18,6.34,6.12,6.32,3154833
2006-06-23,6.28,6.4,6.22,6.32,1586738
2006-06-26,6.48,6.56,6.32,6.48,2352142
2006-06-27,6.48,6.58,6.38,6.5,2553074
2006-06-28,6.36,6.54,6.36,6.46,1586738
2006-06-29,6.5,6.58,6.38,6.42,3866380
2006-06-30,6.54,6.69,6.46,6.65,7129
2006-07-03,6.71,6.71,6.54,6.62,2046602
2006-07-04,6.67,6.83,6.65,6.71,6445
2006-07-05,6.79,6.99,6.73,6.75,7468
2006-07-06,6.75,6.89,6.75,6.83,3329871
2006-07-07,6.87,6.99,6.77,6.83,6336
2006-07-10,6.65,6.75,6.62,6.67,2397714
2006-07-11,6.69,6.83,6.65,6.65,1844635
2006-07-12,6.69,6.87,6.65,6.71,12209
2006-07-13,6.65,6.71,6.54,6.54,2236141
2006-07-14,6.42,6.58,6.38,6.42,3201441
2006-07-17,6.36,6.42,6.02,6.04,3746235
2006-07-18,6.0,6.16,6.0,6.16,3123761
2006-07-19,6.18,6.26,6.1,6.1,2654575
2006-07-20,6.24,6.34,6.22,6.26,3106154
2006-07-21,6.24,6.56,6.18,6.54,6380
2006-07-24,6.42,6.58,6.38,6.46,3567054
2006-07-25,6.6,6.62,6.42,6.42,3218013
2006-07-26,6.46,6.48,6.22,6.26,4215421
2006-07-27,6.26,6.34,6.24,6.3,3315371
2006-07-28,6.34,6.46,6.34,6.38,2916615
2006-07-31,6.56,6.56,6.4,6.4,3684091
2006-08-01,6.4,6.5,6.4,6.42,2959080
2006-08-02,6.46,6.85,6.44,6.83,15245
2006-08-03,6.87,6.95,6.73,6.73,10369
2006-08-04,6.79,6.87,6.6,6.6,4867931
2006-08-07,6.69,6.83,6.62,6.83,4299315
2006-08-08,6.83,7.3,6.83,7.3,23209
2006-08-09,7.25,7.64,7.11,7.28,32892
2006-08-10,7.09,7.25,7.09,7.11,13689
2006-08-11,7.11,7.32,7.11,7.15,10805
2006-08-14,7.3,7.42,7.19,7.21,9891
2006-08-15,7.46,7.6,7.38,7.54,17228
2006-08-16,7.56,7.7,7.44,7.52,15826
2006-08-17,7.56,7.66,7.48,7.48,9331
2006-08-18,7.5,7.56,7.38,7.4,5557
2006-08-21,7.4,7.4,6.89,6.89,9180
2006-08-22,6.83,6.99,6.83,6.93,4715678
2006-08-23,6.93,7.05,6.65,7.05,7425
2006-08-24,7.05,7.28,6.99,7.28,12265
2006-08-25,7.4,7.64,7.21,7.4,28429
2006-08-28,7.28,7.32,6.89,6.89,9537
2006-08-29,6.65,6.87,6.42,6.46,15097
2006-08-30,6.46,6.6,6.46,6.5,8570
2006-08-31,6.67,6.67,6.54,6.54,5619
2006-09-01,6.58,6.6,6.4,6.42,5723
2006-09-04,6.46,6.58,6.46,6.46,6335
2006-09-05,6.67,6.83,6.6,6.62,8246
2006-09-06,6.67,6.73,6.52,6.56,4461924
2006-09-07,6.5,6.6,6.5,6.58,1684096
2006-09-08,6.56,6.65,6.52,6.52,2688755
2006-09-11,6.52,6.71,6.52,6.62,7082
2006-09-12,6.71,6.71,6.46,6.46,5550
2006-09-13,6.5,6.58,6.42,6.42,2937330
2006-09-14,6.44,6.5,6.02,6.04,5117
2006-09-15,6.04,6.26,6.02,6.26,4163634
2006-09-18,6.6,6.65,6.44,6.65,6900
2006-09-19,6.85,6.99,6.75,6.85,17768
2006-09-20,7.23,7.23,7.01,7.01,17051
2006-09-21,7.01,7.09,6.83,6.83,7619
2006-09-22,6.79,7.03,6.75,7.03,5662
2006-09-25,7.03,7.03,6.87,6.95,4325208
2006-09-26,6.95,7.01,6.79,6.79,3319514
2006-09-27,6.89,6.95,6.81,6.83,4833751
2006-09-28,6.83,6.91,6.77,6.81,3114440
2006-09-29,6.85,6.91,6.79,6.89,1894350
2006-10-02,6.89,6.93,6.79,6.91,2287927
2006-10-03,6.91,7.09,6.87,6.91,7304
2006-10-04,6.99,7.01,6.75,6.75,3656126
2006-10-05,6.87,6.95,6.83,6.89,3836343
2006-10-09,6.89,6.89,6.89,6.89,0
2006-10-11,6.83,6.95,6.83,6.87,2792328
2006-10-12,6.89,6.97,6.77,6.83,2450537
2006-10-13,6.91,6.93,6.83,6.83,4413245
2006-10-16,6.85,7.28,6.83,7.28,20368
2006-10-17,7.32,7.44,7.03,7.03,14186
2006-10-18,6.95,7.25,6.93,7.23,7716
2006-10-19,7.36,7.46,7.11,7.11,10964
2006-10-20,7.19,7.4,7.15,7.15,10330
2006-10-23,7.23,7.38,7.19,7.25,8690
2006-10-24,7.32,7.36,7.15,7.15,6237
2006-10-25,7.15,7.25,7.11,7.11,4396673
2006-10-26,7.19,7.32,7.15,7.17,4863788
2006-10-27,7.3,7.38,7.17,7.19,9012
2006-10-30,7.19,7.25,7.09,7.09,3982381
2006-10-31,7.11,7.15,7.03,7.03,4086990
2006-11-01,7.07,7.11,6.93,6.93,2447429
2006-11-02,6.87,7.07,6.87,7.03,4237171
2006-11-03,7.11,7.32,7.03,7.17,10673
2006-11-06,7.05,7.44,7.05,7.32,17214
2006-11-07,7.4,7.44,7.23,7.23,15252
2006-11-08,7.23,7.72,7.23,7.72,40666
2006-11-09,8.05,8.25,7.97,7.97,39209
2006-11-10,8.11,8.35,7.88,7.88,23404
2006-11-13,8.13,8.43,7.97,8.43,26532
2006-11-14,8.51,8.51,8.21,8.25,19370
2006-11-15,8.33,8.58,8.23,8.23,21474
2006-11-16,8.25,8.31,7.91,7.91,13081
2006-11-17,8.01,8.23,7.95,7.97,11209
2006-11-20,8.07,8.17,8.01,8.11,6918
2006-11-21,8.17,8.37,8.13,8.21,14402
2006-11-22,8.29,8.29,8.01,8.03,9636
2006-11-23,8.07,8.19,8.03,8.03,7942
2006-11-24,8.11,8.37,8.09,8.33,12716
2006-11-27,8.35,8.35,8.13,8.29,9643
2006-11-28,8.21,8.7,8.17,8.56,30693
2006-11-29,8.56,8.56,8.17,8.31,16473
2006-11-30,8.37,8.88,8.29,8.76,74172
2006-12-01,8.64,8.66,8.15,8.21,32710
2006-12-04,8.21,8.29,7.99,8.05,12356
2006-12-05,8.13,8.27,7.95,7.97,12629
2006-12-06,8.05,8.25,8.01,8.23,9871
2006-12-07,8.23,8.23,7.97,7.97,6671
2006-12-08,8.25,8.41,8.21,8.23,20561
2006-12-11,8.27,8.49,8.21,8.35,17998
2006-12-12,8.39,8.39,8.05,8.05,9544
2006-12-13,8.13,8.21,8.05,8.17,7824
2006-12-14,8.23,8.51,8.19,8.33,20940
2006-12-15,8.41,8.58,8.23,8.25,14301
2006-12-18,8.37,8.39,8.19,8.27,9255
2006-12-19,8.29,8.6,8.27,8.6,30334
2006-12-20,8.64,8.7,8.49,8.54,22291
2006-12-21,8.66,8.7,8.39,8.41,10318
2006-12-22,8.41,8.84,8.29,8.66,27687
2006-12-25,8.66,8.66,8.23,8.25,21612
2006-12-26,8.21,8.45,8.21,8.37,13044
2006-12-27,8.45,8.47,8.21,8.21,10156
2006-12-28,8.23,8.31,8.07,8.09,10478
2006-12-29,8.09,8.27,8.09,8.17,6550
2007-01-02,8.25,8.27,8.11,8.11,8229
2007-01-03,8.13,8.23,8.05,8.05,7680
2007-01-04,8.13,8.37,8.07,8.17,17129
2007-01-05,8.23,8.39,8.23,8.39,19888
2007-01-08,8.49,8.96,8.49,8.96,56994
2007-01-09,9.08,9.25,8.86,9.1,61290
2007-01-10,9.1,9.41,9.08,9.1,36414
2007-01-11,9.14,9.31,8.47,8.84,25682
2007-01-12,8.94,9.06,8.8,8.84,24807
2007-01-15,9.43,9.45,9.33,9.45,20755
2007-01-16,9.84,9.9,9.43,9.67,55743
2007-01-17,9.51,9.8,9.43,9.69,22216
2007-01-18,9.75,10.08,9.71,10.08,32189
2007-01-19,10.08,10.22,9.8,9.82,16086
2007-01-22,9.82,10.0,9.43,9.47,13572
2007-01-23,9.43,9.61,9.21,9.35,12838
2007-01-24,9.53,9.55,9.31,9.35,10061
2007-01-25,9.43,9.55,9.17,9.17,11282
2007-01-26,9.17,9.51,9.17,9.35,12134
2007-01-29,9.35,9.47,8.94,9.21,8346
2007-01-30,9.21,9.27,8.86,8.88,7010
2007-01-31,8.94,9.04,8.66,8.78,6495
2007-02-01,8.86,9.04,8.8,8.86,5620
2007-02-02,8.98,9.0,8.9,8.98,3845665
2007-02-05,9.06,9.27,9.02,9.1,7748
2007-02-06,9.02,9.08,8.84,8.94,7959
2007-02-07,8.94,9.19,8.78,8.78,8735
2007-02-08,8.86,8.94,8.8,8.8,5983
2007-02-09,8.86,9.02,8.82,8.84,5943
2007-02-12,8.86,8.9,8.64,8.66,4953896
2007-02-13,8.7,8.76,8.56,8.56,3888130
2007-02-14,8.66,8.7,8.6,8.64,4150170
2007-02-26,8.78,8.78,8.58,8.58,5397
2007-02-27,8.58,8.94,8.56,8.82,9690
2007-03-01,8.62,8.66,8.31,8.45,8417
2007-03-02,8.45,8.62,8.45,8.47,5741
2007-03-05,8.39,8.39,7.97,7.97,7158
2007-03-06,7.97,8.05,7.72,7.97,6043
2007-03-07,8.05,8.51,8.03,8.51,14801
2007-03-08,8.51,8.82,8.45,8.6,13899
2007-03-09,8.6,8.74,8.33,8.35,6290
2007-03-12,8.37,8.6,8.37,8.39,7088
2007-03-13,8.39,8.51,8.35,8.39,5902
2007-03-14,8.23,8.6,8.15,8.54,10136
2007-03-15,8.62,8.88,8.62,8.74,19799
2007-03-16,8.74,8.82,8.47,8.49,8442
2007-03-19,8.49,8.62,8.41,8.49,5388
2007-03-20,8.74,8.94,8.66,8.68,17461
2007-03-21,8.74,8.8,8.56,8.58,5996
2007-03-22,8.86,8.94,8.72,8.72,16338
2007-03-23,8.74,8.78,8.64,8.66,6227
2007-03-26,8.74,8.84,8.66,8.72,7531
2007-03-27,8.74,8.92,8.62,8.62,11208
2007-03-28,8.54,8.74,8.54,8.66,5358
2007-03-29,8.66,9.06,8.66,8.9,30656
2007-03-30,8.94,8.98,8.74,8.78,9987
2007-04-02,8.86,9.0,8.76,8.78,11924
2007-04-03,8.82,8.86,8.64,8.66,6515
2007-04-04,8.74,8.86,8.68,8.7,8729
2007-04-09,8.82,8.82,8.56,8.58,6196
2007-04-10,8.58,8.84,8.56,8.84,7247
2007-04-11,8.84,8.84,8.66,8.66,4152241
2007-04-12,8.66,8.68,8.6,8.62,6370
2007-04-13,8.74,8.78,8.45,8.47,5526
2007-04-16,8.6,8.74,8.41,8.41,9593
2007-04-17,8.45,8.54,7.84,7.84,17158
2007-04-18,7.84,8.03,7.82,7.88,12787
2007-04-19,8.09,8.25,8.01,8.09,11722
2007-04-20,8.21,8.21,7.97,8.05,4257886
2007-04-23,8.13,8.17,7.99,7.99,5474
2007-04-24,7.99,8.17,7.91,7.97,15240
2007-04-25,7.99,7.99,7.8,7.8,10371
2007-04-26,7.86,8.01,7.8,7.8,7999
2007-04-27,7.86,7.95,7.74,7.74,7298
2007-04-30,7.76,7.82,7.46,7.48,7400
2007-05-02,7.56,7.64,7.48,7.48,4636963
2007-05-03,7.52,7.58,7.11,7.48,6994
2007-05-04,7.56,7.68,7.5,7.52,6353
2007-05-07,7.54,7.7,7.44,7.56,7700
2007-05-08,7.62,7.82,7.54,7.76,8768
2007-05-09,7.78,7.88,7.62,7.62,7181
2007-05-10,7.68,7.84,7.68,7.72,5444
2007-05-11,7.72,7.78,7.64,7.66,3292585
2007-05-14,7.76,7.86,7.66,7.72,7090
2007-05-15,7.76,7.88,7.72,7.74,5013
2007-05-16,7.78,7.8,7.6,7.6,2975652
2007-05-17,7.76,7.82,7.62,7.68,8511
2007-05-18,7.68,7.76,7.58,7.62,3256335
2007-05-21,7.64,7.82,7.6,7.66,5486
2007-05-22,7.72,7.8,7.7,7.74,4149134
2007-05-23,7.82,8.05,7.8,7.95,22461
2007-05-24,7.95,7.97,7.84,7.86,5093
2007-05-25,7.82,7.82,7.68,7.68,6387
2007-05-28,7.7,7.93,7.64,7.93,20819
2007-05-29,7.97,7.97,7.74,7.74,6800
2007-05-30,7.74,7.82,7.68,7.68,6486
2007-05-31,7.72,7.82,7.15,7.15,20420
2007-06-01,7.4,7.52,7.3,7.42,14816
2007-06-04,7.46,7.52,7.4,7.48,10005
2007-06-05,7.52,7.52,7.32,7.34,9471
2007-06-06,7.4,7.6,7.4,7.44,17782
2007-06-07,7.52,7.82,7.46,7.68,24987
2007-06-08,7.68,7.78,7.62,7.62,9316
2007-06-11,7.68,7.88,7.64,7.7,13914
2007-06-12,7.82,7.82,7.58,7.6,8559
2007-06-13,7.72,7.76,7.56,7.62,12406
2007-06-14,7.72,7.82,7.64,7.66,9757
2007-06-15,7.72,7.76,7.56,7.56,8143
2007-06-20,7.6,7.66,7.48,7.48,6976
2007-06-21,7.52,7.99,7.52,7.99,21112
2007-06-22,8.09,8.45,8.09,8.25,60991
2007-06-25,8.51,8.64,8.37,8.39,24083
2007-06-26,8.62,8.64,8.33,8.39,19232
2007-06-27,8.54,8.62,8.37,8.39,19669
2007-06-28,8.49,8.49,8.21,8.21,13725
2007-06-29,8.21,8.39,8.13,8.21,17257
2007-07-02,8.31,8.41,8.21,8.33,10517
2007-07-03,8.41,8.54,8.33,8.33,14619
2007-07-04,8.39,8.47,8.29,8.31,10890
2007-07-05,8.37,8.78,8.31,8.76,33856
2007-07-06,8.86,8.86,8.45,8.45,29528
2007-07-09,8.58,8.7,8.45,8.45,18473
2007-07-10,8.54,8.72,8.49,8.54,17090
2007-07-11,8.54,9.12,8.54,9.12,56603
2007-07-12,9.27,9.33,8.86,8.86,45456
2007-07-13,8.98,9.04,8.49,8.49,25112
2007-07-16,8.66,8.72,8.47,8.47,13894
2007-07-17,8.49,8.78,8.49,8.58,14971
2007-07-18,8.64,8.82,8.49,8.56,23827
2007-07-19,8.58,8.82,8.58,8.76,20670
2007-07-20,8.8,8.98,8.66,8.74,35055
2007-07-23,8.76,8.86,8.58,8.58,19113
2007-07-24,8.66,8.82,8.56,8.56,21988
2007-07-25,8.56,8.72,8.56,8.58,13429
2007-07-26,8.74,8.84,8.45,8.45,26151
2007-07-27,8.37,8.7,8.23,8.33,22546
2007-07-30,8.33,8.49,8.13,8.13,8637
2007-07-31,8.29,8.51,8.25,8.33,15698
2007-08-01,8.33,8.54,8.15,8.17,9901
2007-08-02,8.29,8.35,7.64,7.95,10035
2007-08-03,8.09,8.31,8.03,8.21,7761
2007-08-06,8.09,8.19,7.99,7.99,5325
2007-08-07,8.13,8.13,7.86,7.93,4804751
2007-08-08,7.97,8.17,7.95,8.09,6781
2007-08-09,8.17,8.33,8.13,8.13,11912
2007-08-10,7.84,7.99,7.84,7.84,4659749
2007-08-13,7.88,8.01,7.58,7.58,6080
2007-08-14,7.6,7.74,7.58,7.6,5768
2007-08-15,7.52,7.54,7.07,7.13,6750
2007-08-16,6.91,6.99,6.65,6.65,11602
2007-08-17,6.38,6.65,6.2,6.2,17665
2007-08-20,6.42,6.46,6.24,6.36,9357
2007-08-21,6.38,6.4,5.97,6.02,7982
2007-08-22,5.97,6.2,5.97,6.18,6524
2007-08-23,6.34,6.46,6.24,6.38,9241
2007-08-24,6.38,6.58,6.3,6.54,8777
2007-08-27,6.65,6.67,6.46,6.46,6942
2007-08-28,6.58,6.83,6.56,6.73,11559
2007-08-29,6.58,6.71,6.5,6.52,4916610
2007-08-30,6.67,6.67,6.42,6.42,7095
2007-08-31,6.44,6.62,6.42,6.58,5959
2007-09-03,6.69,6.69,6.52,6.52,4090097
2007-09-04,6.65,6.79,6.58,6.71,19343
2007-09-05,6.83,6.85,6.58,6.58,6705
2007-09-06,6.58,6.58,6.44,6.46,5276
2007-09-07,6.5,6.65,6.48,6.48,3645769
2007-09-10,6.38,6.46,6.38,6.4,2477466
2007-09-11,6.42,6.5,6.38,6.42,3943024
2007-09-12,6.5,6.62,6.44,6.56,9958
2007-09-13,6.6,6.62,6.4,6.4,3255299
2007-09-14,6.46,6.5,6.38,6.38,2777827
2007-09-17,6.42,6.46,6.38,6.38,1630239
2007-09-18,6.38,6.38,6.38,6.38,0
2007-09-19,6.5,6.5,6.22,6.22,3390980
2007-09-20,6.26,6.4,6.22,6.24,2355250
2007-09-21,6.24,6.38,6.24,6.36,2474358
2007-09-26,6.38,6.48,6.34,6.4,3097868
2007-09-27,6.44,6.6,6.44,6.58,6121
2007-09-28,6.65,6.65,6.5,6.52,3977203
2007-10-01,6.83,6.83,6.62,6.65,4494032
2007-10-02,6.75,6.95,6.69,6.87,16829
2007-10-03,6.91,6.93,6.71,6.73,6921
2007-10-04,6.73,6.81,6.65,6.71,4496103
2007-10-05,6.71,6.81,6.6,6.62,3589840
2007-10-08,6.71,6.79,6.62,6.62,8538
2007-10-09,6.69,6.71,6.54,6.56,2551002
2007-10-11,6.6,6.69,6.54,6.54,1965815
2007-10-12,6.58,6.65,6.52,6.52,2503359
2007-10-15,6.54,6.62,6.52,6.52,1815634
2007-10-16,6.52,6.58,6.5,6.52,1927493
2007-10-17,6.56,6.73,6.56,6.62,5310
2007-10-18,6.79,7.07,6.75,7.07,13862
2007-10-19,7.17,7.25,7.03,7.07,22293
2007-10-22,6.83,6.99,6.83,6.87,6736
2007-10-23,7.03,7.32,6.99,7.28,12493
2007-10-24,7.44,7.5,7.07,7.09,13765
2007-10-25,7.3,7.38,7.17,7.21,7451
2007-10-26,7.28,7.3,7.15,7.17,4538568
2007-10-29,7.23,7.36,7.15,7.15,7489
2007-10-30,7.15,7.32,7.15,7.15,6485
2007-10-31,7.15,7.21,6.93,6.95,9589
2007-11-01,6.99,7.03,6.6,6.65,7299
2007-11-02,6.52,6.75,6.46,6.69,4369744
2007-11-05,6.69,6.77,6.58,6.65,2540645
2007-11-06,6.52,6.73,6.52,6.65,4196777
2007-11-07,7.09,7.09,7.09,7.09,2761256
2007-11-08,7.58,7.58,7.58,7.58,5935
2007-11-09,7.66,7.66,7.11,7.28,26000
2007-11-12,7.32,7.48,7.32,7.4,35980
2007-11-13,7.44,7.44,7.28,7.32,14671
2007-11-14,7.4,7.6,7.4,7.44,19946
2007-11-15,7.4,7.4,7.23,7.25,4702214
2007-11-16,7.23,7.4,7.15,7.19,5788
2007-11-19,7.25,7.32,7.05,7.07,9322
2007-11-20,7.07,7.23,7.03,7.17,5980
2007-11-21,7.19,7.23,7.11,7.11,3272906
2007-11-22,7.11,7.17,7.11,7.11,3600197
2007-11-23,7.13,7.19,7.11,7.11,3205584
2007-11-26,7.19,7.21,7.11,7.15,2694969
2007-11-27,7.11,7.11,6.99,7.03,5937
2007-11-28,7.07,7.11,6.93,6.93,1774205
2007-11-29,6.99,7.03,6.91,6.91,2599682
2007-11-30,6.93,7.11,6.93,7.03,2264105
2007-12-03,7.07,7.17,6.99,7.17,3523553
2007-12-04,7.17,7.21,7.13,7.19,1919207
2007-12-05,7.23,7.23,7.15,7.17,1590881
2007-12-06,7.21,7.23,7.09,7.09,2202997
2007-12-07,7.11,7.15,7.09,7.13,1665453
2007-12-10,7.11,7.13,7.05,7.07,986014
2007-12-11,7.07,7.13,7.07,7.09,1184875
2007-12-12,7.07,7.13,7.07,7.11,1506987
2007-12-13,7.11,7.15,7.03,7.05,3678912
2007-12-14,7.05,7.11,6.95,6.95,4466067
2007-12-17,6.95,6.99,6.81,6.81,5285
2007-12-18,6.77,6.81,6.69,6.71,4571712
2007-12-19,6.71,6.77,6.67,6.73,2033137
2007-12-20,6.73,6.83,6.71,6.71,1812527
2007-12-21,6.73,6.75,6.62,6.62,1283269
2007-12-24,6.71,6.75,6.65,6.67,737439
2007-12-25,6.67,6.83,6.67,6.69,2073531
2007-12-26,6.71,6.73,6.62,6.62,969443
2007-12-27,6.65,6.73,6.65,6.67,1260483
2007-12-28,6.67,6.79,6.67,6.75,1895385
2007-12-31,6.79,6.99,6.75,6.91,2483680
2008-01-02,6.99,7.03,6.87,6.91,1675811
2008-01-03,6.85,6.97,6.85,6.93,1142410
2008-01-04,6.95,6.95,6.91,6.93,1135160
2008-01-07,6.85,6.93,6.79,6.79,1784562
2008-01-08,6.79,6.99,6.79,6.99,2326249
2008-01-09,6.99,6.99,6.87,6.95,990157
2008-01-10,6.97,7.01,6.93,6.93,1751419
2008-01-11,6.97,7.03,6.93,7.01,1822884
2008-01-14,7.01,7.07,6.95,7.01,1616774
2008-01-15,7.03,7.15,7.01,7.03,4916610
2008-01-16,7.01,7.07,6.91,6.93,3891237
2008-01-17,6.93,7.03,6.87,6.87,1904707
2008-01-18,6.87,6.87,6.77,6.77,1612631
2008-01-21,6.87,6.91,6.83,6.83,1688239
2008-01-22,6.71,6.73,6.36,6.36,4388388
2008-01-23,6.4,6.46,5.93,5.93,6750
2008-01-24,6.12,6.26,5.53,5.53,7101
2008-01-25,5.37,5.69,5.37,5.59,5530
2008-01-28,5.39,5.55,5.2,5.2,4081811
2008-01-29,5.02,5.18,4.86,4.86,6981
2008-01-30,4.55,4.76,4.53,4.53,11293
2008-01-31,4.59,4.82,4.57,4.63,8367
2008-02-01,4.76,4.94,4.67,4.94,8017
2008-02-12,4.94,4.94,4.63,4.65,2647325
2008-02-13,4.67,4.74,4.33,4.47,3778343
2008-02-14,4.51,4.59,4.47,4.57,5292
2008-02-15,4.55,4.57,4.43,4.53,3429302
2008-02-18,4.57,4.74,4.55,4.71,4217492
2008-02-19,4.78,4.98,4.69,4.88,7611
2008-02-20,4.88,4.88,4.65,4.67,4874145
2008-02-21,4.76,4.82,4.69,4.78,4050740
2008-02-22,4.71,4.96,4.71,4.86,5457
2008-02-25,4.92,4.96,4.76,4.8,4785072
2008-02-26,4.92,4.96,4.82,4.84,3459338
2008-02-27,4.88,5.0,4.88,4.94,4325208
2008-02-29,4.98,5.16,4.94,5.14,4924896
2008-03-03,5.0,5.04,4.94,4.98,2427751
2008-03-04,4.98,5.08,4.98,5.06,3059546
2008-03-05,5.08,5.14,4.94,5.0,2861721
2008-03-06,5.08,5.12,5.04,5.12,3966845
2008-03-07,5.06,5.28,5.04,5.16,5768
2008-03-10,5.16,5.18,5.02,5.02,2653540
2008-03-11,4.98,5.06,4.94,5.0,2168818
2008-03-12,5.08,5.16,5.06,5.06,4380102
2008-03-13,5.1,5.1,4.94,4.94,1891242
2008-03-14,5.0,5.04,4.86,4.86,1852920
2008-03-17,4.76,4.8,4.59,4.61,2381143
2008-03-18,4.67,4.82,4.67,4.8,2996366
2008-03-19,4.98,4.98,4.84,4.84,3216977
2008-03-20,4.88,5.02,4.88,5.0,2805792
2008-03-21,5.06,5.08,4.96,4.98,2893829
2008-03-24,5.2,5.2,5.0,5.02,3592947
2008-03-25,5.08,5.1,4.98,4.98,2806828
2008-03-26,4.94,5.02,4.88,4.88,2487823
2008-03-27,4.86,4.86,4.78,4.8,1618845
2008-03-28,4.8,4.9,4.78,4.84,1287412
2008-03-31,4.84,4.88,4.8,4.84,1066801
2008-04-01,4.88,4.92,4.84,4.84,1818741
2008-04-02,4.9,4.96,4.9,4.9,2310713
2008-04-03,4.96,5.08,4.92,5.08,4830644
2008-04-07,5.14,5.14,5.02,5.06,3587768
2008-04-08,5.08,5.08,4.94,4.94,1961672
2008-04-09,4.96,5.0,4.88,4.9,1680989
2008-04-10,4.92,4.98,4.92,4.92,1341270
2008-04-11,4.96,5.04,4.9,4.92,3735878
2008-04-14,4.88,4.92,4.78,4.8,3037796
2008-04-15,4.84,4.92,4.82,4.9,2591396
2008-04-16,4.92,5.0,4.92,4.94,3712056
2008-04-17,5.0,5.02,4.92,4.94,3551518
2008-04-18,4.96,4.98,4.9,4.9,2311749
2008-04-21,4.96,5.22,4.94,5.22,9878
2008-04-22,5.45,5.57,5.32,5.57,21328
2008-04-23,5.57,5.81,5.49,5.57,17794
2008-04-24,5.69,5.73,5.49,5.51,6332
2008-04-25,5.51,5.81,5.43,5.69,12077
2008-04-28,5.69,5.69,5.49,5.49,4962182
2008-04-29,5.57,5.77,5.57,5.57,6918
2008-04-30,5.18,5.18,5.18,5.18,2668040
2008-05-02,5.02,5.24,5.0,5.2,20860
2008-05-05,5.2,5.2,5.08,5.08,4932146
2008-05-06,5.1,5.32,5.08,5.22,5117
2008-05-07,5.3,5.41,5.28,5.39,5567
2008-05-08,5.41,5.57,5.39,5.51,7399
2008-05-09,5.57,5.63,5.37,5.37,4338672
2008-05-12,5.37,5.45,5.26,5.3,3902630
2008-05-13,5.3,5.41,5.28,5.32,3307085
2008-05-14,5.32,5.45,5.32,5.34,2614182
2008-05-15,5.43,5.49,5.41,5.43,3578447
2008-05-16,5.51,5.73,5.49,5.63,9677
2008-05-19,5.69,5.81,5.67,5.71,7294
2008-05-20,5.77,5.81,5.55,5.57,6699
2008-05-21,5.53,5.95,5.53,5.95,13397
2008-05-22,5.95,5.95,5.77,5.83,9336
2008-05-23,5.89,6.08,5.71,5.71,9694
2008-05-26,5.69,5.77,5.61,5.61,4727071
2008-05-27,5.69,5.85,5.67,5.69,6147
2008-05-28,5.77,5.77,5.49,5.53,4916610
2008-05-29,5.67,5.73,5.59,5.61,4060061
2008-05-30,5.69,5.75,5.53,5.65,4125312
2008-06-02,5.71,5.81,5.63,5.65,4249600
2008-06-03,5.65,5.71,5.61,5.65,3527696
2008-06-04,5.69,5.71,5.61,5.63,2155354
2008-06-05,5.69,5.79,5.69,5.71,4155348
2008-06-06,5.77,5.89,5.71,5.77,7092
2008-06-09,5.49,5.73,5.49,5.67,3318478
2008-06-10,5.67,5.73,5.49,5.49,2733291
2008-06-11,5.51,5.85,5.51,5.69,13213
2008-06-12,5.63,5.63,5.3,5.32,7143
2008-06-13,5.32,5.41,4.96,5.02,5158
2008-06-16,5.1,5.16,4.86,5.0,5239
2008-06-17,5.0,5.0,4.78,4.88,3244942
2008-06-18,4.92,5.2,4.92,5.2,7177
2008-06-19,5.1,5.22,5.06,5.12,3486267
2008-06-20,5.14,5.18,4.94,4.98,2468144
2008-06-23,4.8,4.94,4.8,4.92,2086995
2008-06-24,4.92,5.0,4.8,4.8,1696525
2008-06-25,4.8,4.88,4.74,4.86,2302427
2008-06-26,4.92,5.0,4.84,4.84,2592432
2008-06-27,4.63,4.65,4.51,4.51,4444317
2008-06-30,4.45,4.57,4.21,4.21,4313815
2008-07-01,4.17,4.21,3.91,3.91,5471
2008-07-02,3.93,4.17,3.93,4.05,3617804
2008-07-03,3.94,4.33,3.92,4.33,4387352
2008-07-04,4.39,4.51,4.29,4.33,3847736
2008-07-07,4.47,4.55,4.41,4.47,3302942
2008-07-08,4.45,4.63,4.31,4.31,3634376
2008-07-09,4.39,4.47,4.31,4.33,3476945
2008-07-10,4.33,4.41,4.29,4.35,2871043
2008-07-11,4.39,4.47,4.33,4.45,2627647
2008-07-14,4.43,4.55,4.39,4.43,3373372
2008-07-15,4.39,4.41,4.13,4.13,3667519
2008-07-16,4.08,4.15,3.84,3.84,5209
2008-07-17,3.92,4.02,3.92,3.98,4040382
2008-07-18,4.04,4.04,3.71,3.71,3915059
2008-07-21,3.71,3.77,3.45,3.53,12309
2008-07-22,3.5,3.65,3.45,3.63,4820287
2008-07-23,3.66,3.86,3.66,3.82,4948717
2008-07-24,3.86,3.9,3.74,3.82,3757628
2008-07-25,3.7,3.74,3.67,3.7,2220605
2008-07-28,3.7,3.7,3.7,3.7,0
2008-07-29,3.62,3.69,3.62,3.64,1669596
2008-07-30,3.73,3.84,3.73,3.74,3677877
2008-07-31,3.81,3.84,3.62,3.66,2612111
2008-08-01,3.62,3.66,3.5,3.5,1978244
2008-08-04,3.5,3.62,3.5,3.54,1726561
2008-08-05,3.66,3.66,3.54,3.58,2251677
2008-08-06,3.74,3.78,3.66,3.74,4096312
2008-08-07,3.77,3.9,3.74,3.84,5777
2008-08-08,3.84,4.06,3.82,3.99,5387
2008-08-11,4.06,4.13,3.96,3.96,2343856
2008-08-12,4.0,4.06,3.97,4.0,2742613
2008-08-13,4.0,4.13,3.95,4.11,4749857
2008-08-14,4.06,4.15,4.02,4.05,2962187
2008-08-15,4.08,4.19,3.98,3.98,5333
2008-08-18,3.98,4.04,3.71,3.71,2645254
2008-08-19,3.66,3.74,3.56,3.65,2130496
2008-08-20,3.65,3.78,3.62,3.73,2213355
2008-08-21,3.74,3.77,3.69,3.73,2056959
2008-08-22,3.74,3.76,3.66,3.73,1701704
2008-08-25,3.76,3.77,3.72,3.75,1270840
2008-08-26,3.72,3.8,3.71,3.76,1387878
2008-08-27,3.74,3.89,3.73,3.84,2411179
2008-08-28,3.9,4.11,3.9,4.11,9607
2008-08-29,4.15,4.17,4.02,4.06,6676
2008-09-01,4.06,4.08,3.85,3.9,3426194
2008-09-02,3.93,3.98,3.82,3.86,2866900
2008-09-03,3.89,3.95,3.78,3.91,3047117
2008-09-04,3.91,3.95,3.64,3.64,4128419
2008-09-05,3.41,3.61,3.41,3.49,3653019
2008-09-08,3.5,3.74,3.5,3.74,2527181
2008-09-09,3.74,3.74,3.57,3.58,2088031
2008-09-10,3.58,3.68,3.58,3.65,1271876
2008-09-11,3.66,3.68,3.5,3.58,1359913
2008-09-12,3.62,3.76,3.34,3.69,2792328
2008-09-15,3.65,3.65,3.43,3.43,1527701
2008-09-16,3.19,3.25,3.19,3.19,1840492
2008-09-17,3.21,3.29,2.97,3.19,6871
2008-09-18,2.97,2.97,2.97,2.97,497150
2008-09-19,3.05,3.15,3.01,3.1,3670627
2008-09-22,3.19,3.24,3.1,3.21,4440174
2008-09-23,3.15,3.29,3.05,3.22,2958044
2008-09-24,3.25,3.4,3.17,3.32,5461
2008-09-25,3.29,3.36,3.25,3.26,3167262
2008-09-26,3.29,3.29,3.03,3.03,2536502
2008-09-29,3.03,3.03,3.03,3.03,0
2008-09-30,2.82,2.82,2.82,2.82,940442
2008-10-01,2.85,2.97,2.85,2.96,2018637
2008-10-02,2.93,3.03,2.89,2.91,1984458
2008-10-03,2.76,3.02,2.76,3.0,2540645
2008-10-06,2.97,3.09,2.93,3.05,2386321
2008-10-07,2.93,3.05,2.93,3.0,2115996
2008-10-08,2.87,2.98,2.79,2.79,2640075
2008-10-09,2.85,2.91,2.62,2.65,2152246
2008-10-13,2.56,2.56,2.56,2.56,653545
2008-10-14,2.74,2.74,2.72,2.74,1409628
2008-10-15,2.84,2.84,2.69,2.76,1412735
2008-10-16,2.67,2.67,2.67,2.67,746761
2008-10-17,2.64,2.72,2.58,2.58,1753490
2008-10-20,2.52,2.57,2.49,2.54,1436557
2008-10-21,2.58,2.64,2.55,2.61,1699632
2008-10-22,2.53,2.63,2.52,2.52,2184354
2008-10-23,2.44,2.44,2.44,2.44,402898
2008-10-24,2.35,2.35,2.35,2.35,363541
2008-10-27,2.19,2.19,2.19,2.19,694974
2008-10-28,2.04,2.19,2.04,2.16,4708428
2008-10-29,2.27,2.27,2.01,2.01,3413766
2008-10-30,2.01,2.15,2.01,2.15,2238212
2008-10-31,2.29,2.29,2.29,2.29,1114445
2008-11-03,2.45,2.45,2.45,2.45,420506
2008-11-04,2.62,2.62,2.62,2.62,536508
2008-11-05,2.8,2.8,2.8,2.8,500257
2008-11-06,2.99,3.0,2.75,2.99,27526
2008-11-07,2.81,3.04,2.81,2.94,8223
2008-11-10,2.94,2.94,2.78,2.82,5614
2008-11-11,2.69,2.8,2.65,2.72,4138777
2008-11-12,2.72,2.91,2.69,2.91,7342
2008-11-13,2.72,2.79,2.7,2.7,3764878
2008-11-14,2.8,2.8,2.52,2.56,4151205
2008-11-17,2.74,2.74,2.68,2.74,4125312
2008-11-18,2.78,2.78,2.55,2.55,4632820
2008-11-19,2.44,2.62,2.44,2.46,2961152
2008-11-20,2.29,2.37,2.29,2.29,5343
2008-11-21,2.22,2.41,2.15,2.4,4102527
2008-11-24,2.41,2.43,2.32,2.35,2684612
2008-11-25,2.43,2.47,2.4,2.42,2929044
2008-11-26,2.43,2.48,2.4,2.44,1899528
2008-11-27,2.51,2.61,2.48,2.61,4246493
2008-11-28,2.59,2.67,2.58,2.6,3786628
2008-12-01,2.62,2.71,2.59,2.67,4594498
2008-12-02,2.48,2.53,2.48,2.49,3231477
2008-12-03,2.52,2.62,2.5,2.52,2350071
2008-12-04,2.7,2.7,2.7,2.7,3218013
2008-12-05,2.68,2.74,2.61,2.65,5587
2008-12-08,2.74,2.83,2.72,2.83,6703
2008-12-09,2.9,2.99,2.83,2.84,9582
2008-12-10,2.85,3.03,2.84,3.01,9997
2008-12-11,2.98,3.04,2.93,2.96,8871
2008-12-12,2.89,2.96,2.76,2.76,8034
2008-12-15,2.87,2.91,2.82,2.91,4918681
2008-12-16,2.89,3.12,2.85,3.12,11838
2008-12-17,3.33,3.33,3.11,3.13,28512
2008-12-18,3.15,3.21,3.09,3.18,4276529
2008-12-19,3.16,3.16,3.16,3.16,5977
2008-12-22,3.21,3.3,3.13,3.14,9104
2008-12-23,3.13,3.17,3.04,3.1,6012
2008-12-24,3.1,3.22,3.1,3.17,4704285
2008-12-25,3.23,3.31,3.15,3.29,10074
2008-12-26,3.28,3.29,3.19,3.22,4378030
2008-12-29,3.25,3.25,3.13,3.15,2943545
2008-12-30,3.19,3.37,3.17,3.37,17309
2008-12-31,3.45,3.59,3.44,3.54,43875
2009-01-02,3.54,3.54,3.54,3.54,0
2009-01-05,3.59,3.61,3.46,3.48,15547
2009-01-06,3.48,3.48,3.42,3.43,8220
2009-01-07,3.45,3.52,3.39,3.39,7711
2009-01-08,3.31,3.51,3.31,3.35,14340
2009-01-09,3.41,3.43,3.35,3.36,5975
2009-01-12,3.34,3.35,3.26,3.26,2968402
2009-01-13,3.25,3.32,3.25,3.32,2120139
2009-01-14,3.32,3.46,3.32,3.38,6729
2009-01-15,3.14,3.21,3.14,3.14,7118
2009-01-16,3.09,3.18,2.97,2.99,6846
2009-01-19,3.04,3.09,3.02,3.02,2595539
2009-01-20,3.02,3.02,2.92,2.93,2078710
2009-01-21,2.73,2.95,2.73,2.91,2874150
2009-02-02,2.91,2.96,2.89,2.91,1978244
2009-02-03,2.93,3.04,2.93,3.03,2173997
2009-02-04,3.06,3.07,3.01,3.02,2379071
2009-02-05,3.0,3.04,2.98,3.0,1385806
2009-02-06,3.04,3.05,2.95,2.95,2254784
2009-02-09,2.96,3.0,2.86,2.89,3671662
2009-02-10,2.8,2.85,2.74,2.83,5697
2009-02-11,2.85,3.03,2.83,3.03,8029
2009-02-12,3.07,3.08,2.89,2.89,8275
2009-02-13,2.89,3.01,2.89,2.91,8877
2009-02-16,3.12,3.12,3.12,3.12,1065766
2009-02-17,3.33,3.33,3.33,3.33,2428786
2009-02-18,3.56,3.56,3.32,3.34,38511
2009-02-19,3.29,3.32,3.25,3.3,7086
2009-02-20,3.3,3.41,3.28,3.31,8903
2009-02-23,3.27,3.3,3.2,3.24,4698071
2009-02-24,3.13,3.22,3.12,3.15,4912467
2009-02-25,3.21,3.28,3.19,3.21,5472
2009-02-26,3.22,3.27,3.19,3.22,3521482
2009-02-27,3.21,3.27,3.2,3.23,3331943
2009-03-02,3.21,3.37,3.1,3.37,8801
2009-03-03,3.37,3.39,3.21,3.32,6719
2009-03-04,3.34,3.45,3.32,3.36,9449
2009-03-05,3.41,3.48,3.36,3.41,8384
2009-03-06,3.41,3.57,3.34,3.52,9144
2009-03-09,3.52,3.56,3.46,3.56,7491
2009-03-10,3.61,3.81,3.61,3.81,24917
2009-03-11,3.86,3.89,3.71,3.77,16531
2009-03-12,3.77,3.82,3.66,3.7,7784
2009-03-13,3.75,3.76,3.62,3.63,9427
2009-03-16,3.65,3.8,3.65,3.76,7723
2009-03-17,3.81,3.84,3.7,3.83,9542
2009-03-18,3.96,4.08,3.9,4.06,30126
2009-03-19,4.04,4.13,3.99,4.06,14628
2009-03-20,4.06,4.15,3.96,3.98,10003
2009-03-23,4.02,4.04,3.93,4.02,7526
2009-03-24,4.06,4.13,4.0,4.02,9914
2009-03-25,4.06,4.27,4.03,4.27,19781
2009-03-26,4.27,4.27,4.06,4.27,23037
2009-03-27,4.43,4.47,4.13,4.13,19896
2009-03-30,4.13,4.25,4.03,4.06,9341
2009-03-31,4.06,4.15,4.02,4.04,6283
2009-04-02,4.23,4.33,4.17,4.23,15986
2009-04-03,4.33,4.37,4.23,4.23,11951
2009-04-06,4.31,4.43,4.27,4.31,13645
2009-04-07,4.31,4.35,4.23,4.31,6762
2009-04-08,4.31,4.49,4.31,4.33,20205
2009-04-09,4.41,4.45,4.35,4.41,13727
2009-04-10,4.45,4.47,4.27,4.33,13413
2009-04-13,4.37,4.39,4.27,4.29,9596
2009-04-14,4.29,4.43,4.27,4.33,7887
2009-04-15,4.31,4.47,4.31,4.37,10871
2009-04-16,4.43,4.63,4.41,4.49,22411
2009-04-17,4.57,4.57,4.19,4.19,15607
2009-04-20,4.19,4.23,3.98,4.04,5805
2009-04-21,4.0,4.17,3.94,4.15,4684606
2009-04-22,4.19,4.23,4.11,4.17,5941
2009-04-23,4.17,4.27,4.13,4.25,8642
2009-04-24,4.29,4.31,4.11,4.15,7128
2009-04-27,4.19,4.23,3.88,4.02,6924
2009-04-28,4.03,4.19,3.95,3.98,9216
2009-04-29,4.06,4.06,3.93,3.94,4779893
2009-04-30,4.08,4.21,4.08,4.21,12090
2009-05-04,4.25,4.39,4.19,4.21,12077
2009-05-05,4.27,4.27,4.04,4.06,7803
2009-05-06,3.95,4.29,3.95,4.21,11404
2009-05-07,4.21,4.37,4.15,4.37,15226
2009-05-08,4.33,4.41,4.27,4.29,11290
2009-05-11,4.35,4.37,4.25,4.27,8602
2009-05-12,4.27,4.27,4.08,4.11,5510
2009-05-13,4.13,4.37,4.11,4.29,12713
2009-05-14,4.27,4.35,4.19,4.21,6683
2009-05-15,4.27,4.33,4.23,4.25,7108
2009-05-18,4.27,4.53,4.21,4.53,21537
2009-05-19,4.71,4.78,4.53,4.55,41149
2009-05-20,4.55,4.61,4.39,4.49,12776
2009-05-21,4.55,4.57,4.47,4.55,8976
2009-05-22,4.47,4.63,4.45,4.51,10863
2009-05-25,4.67,4.69,4.55,4.61,14133
2009-05-26,4.65,4.67,4.45,4.47,10896
2009-05-27,4.55,4.65,4.51,4.61,9180
2009-06-01,4.71,4.92,4.65,4.92,27287
2009-06-02,5.12,5.16,4.8,4.82,24626
2009-06-03,4.82,4.9,4.69,4.78,11005
2009-06-04,4.82,5.02,4.82,4.96,15026
2009-06-05,5.06,5.06,4.84,4.86,11973
2009-06-08,4.98,5.0,4.63,4.65,10599
2009-06-09,4.65,4.71,4.43,4.45,8610
2009-06-10,4.53,4.53,4.41,4.45,5135
2009-06-11,4.47,4.57,4.43,4.55,4268243
2009-06-12,4.59,4.67,4.53,4.63,6180
2009-06-15,4.55,4.57,4.33,4.33,9014
2009-06-16,4.27,4.29,4.08,4.23,4587248
2009-06-17,4.23,4.33,4.19,4.33,4875181
2009-06-18,4.33,4.37,4.19,4.23,5591
2009-06-19,4.23,4.31,4.22,4.22,6286
2009-06-22,4.24,4.32,4.22,4.28,3002581
2009-06-23,4.25,4.31,4.21,4.23,4222671
2009-06-24,4.25,4.38,4.23,4.34,7914
2009-06-25,4.34,4.56,4.31,4.47,12499
2009-06-26,4.49,4.54,4.38,4.41,3610554
2009-06-29,4.43,4.43,4.32,4.33,2266177
2009-06-30,4.34,4.62,4.33,4.62,20873
2009-07-01,4.67,4.82,4.62,4.71,28354
2009-07-02,4.71,4.73,4.64,4.67,8469
2009-07-03,4.58,4.62,4.47,4.6,6465
2009-07-06,4.64,4.75,4.56,4.62,6228
2009-07-07,4.67,4.73,4.62,4.64,4199885
2009-07-08,4.69,4.84,4.64,4.77,18237
2009-07-09,4.77,4.86,4.71,4.73,9286
2009-07-10,4.75,4.84,4.71,4.73,8841
2009-07-13,4.71,4.8,4.47,4.75,12551
2009-07-14,4.77,4.88,4.71,4.75,22383
2009-07-15,4.77,4.8,4.71,4.71,7881
2009-07-16,4.77,4.82,4.67,4.67,7128
2009-07-17,4.69,4.84,4.69,4.75,11892
2009-07-20,4.84,4.84,4.73,4.75,7915
2009-07-21,4.8,4.99,4.75,4.88,16076
2009-07-22,4.93,4.97,4.8,4.82,8002
2009-07-23,4.84,4.88,4.75,4.75,7249
2009-07-24,4.82,4.84,4.71,4.71,6356
2009-07-27,4.75,4.82,4.71,4.75,3937845
2009-07-28,4.77,4.95,4.75,4.84,11427
2009-07-29,4.82,4.9,4.8,4.82,7704
2009-07-30,4.82,4.88,4.73,4.77,5303
2009-07-31,4.86,4.93,4.8,4.8,8909
2009-08-03,4.84,4.93,4.8,4.88,7267
2009-08-04,4.95,4.97,4.73,4.73,9296
2009-08-05,4.73,4.77,4.43,4.49,9647
2009-08-06,4.49,4.58,4.47,4.51,3711020
2009-08-07,4.51,4.51,4.51,4.51,0
2009-08-10,4.51,4.67,4.49,4.62,3986524
2009-08-11,4.49,4.69,4.49,4.62,7470
2009-08-12,4.6,4.67,4.56,4.56,2630754
2009-08-13,4.62,4.69,4.6,4.67,4196777
2009-08-14,4.71,4.71,4.64,4.67,4136705
2009-08-17,4.64,4.67,4.54,4.67,8303
2009-08-18,4.6,4.71,4.49,4.71,12252
2009-08-19,4.73,4.86,4.71,4.77,29227
2009-08-20,4.75,4.75,4.6,4.6,5088
2009-08-21,4.64,4.71,4.49,4.51,4937324
2009-08-24,4.56,4.62,4.56,4.58,2483680
2009-08-25,4.6,4.6,4.51,4.51,2137746
2009-08-26,4.51,4.56,4.43,4.43,3630233
2009-08-27,4.45,4.58,4.45,4.47,3983417
2009-08-28,4.51,4.56,4.45,4.47,3171405
2009-08-31,4.58,4.64,4.56,4.56,5139
2009-09-01,4.56,4.73,4.54,4.67,8001
2009-09-02,4.62,4.67,4.58,4.6,4804751
2009-09-03,4.6,4.71,4.6,4.62,5192
2009-09-04,4.69,4.77,4.67,4.71,9977
2009-09-07,4.77,4.77,4.67,4.69,5039
2009-09-08,4.69,4.82,4.64,4.71,11754
2009-09-09,4.71,4.75,4.6,4.67,5879
2009-09-10,4.71,4.75,4.62,4.62,4531318
2009-09-11,4.62,4.75,4.62,4.67,5842
2009-09-14,4.71,4.73,4.62,4.62,3040903
2009-09-15,4.64,4.75,4.62,4.71,7024
2009-09-16,4.75,4.86,4.73,4.8,12705
2009-09-17,4.86,4.88,4.73,4.75,6939
2009-09-18,4.77,4.82,4.73,4.75,4141884
2009-09-21,4.77,4.88,4.75,4.84,8993
2009-09-22,4.86,4.86,4.75,4.8,6916
2009-09-23,4.82,5.08,4.82,4.93,24662
2009-09-24,4.93,4.99,4.86,4.93,7460
2009-09-25,4.9,4.97,4.86,4.9,4270314
2009-09-28,4.9,5.03,4.9,4.97,10763
2009-09-29,5.03,5.06,4.95,4.97,7784
2009-09-30,4.97,5.1,4.97,4.99,10599
2009-10-01,5.03,5.03,4.95,4.97,7584
2009-10-02,4.88,5.01,4.88,4.93,6177
2009-10-05,4.97,5.01,4.93,4.95,2726041
2009-10-06,5.01,5.19,4.99,5.08,9691
2009-10-07,5.38,5.43,5.38,5.43,14789
2009-10-08,5.49,5.49,5.21,5.23,14713
2009-10-09,5.27,5.36,5.25,5.27,6880
2009-10-12,5.32,5.36,5.3,5.34,4978754
2009-10-13,5.21,5.6,5.21,5.58,14476
2009-10-14,5.58,5.73,5.51,5.58,27101
2009-10-15,5.62,5.66,5.47,5.49,11530
2009-10-16,5.45,5.6,5.45,5.51,9116
2009-10-19,5.51,5.64,5.47,5.53,7509
2009-10-20,5.58,5.62,5.53,5.56,6691
2009-10-21,5.56,5.69,5.49,5.58,12778
2009-10-22,5.58,5.58,5.47,5.49,6851
2009-10-23,5.51,5.58,5.49,5.53,4812001
2009-10-26,5.56,5.62,5.53,5.53,7799
2009-10-27,5.58,5.62,5.49,5.51,4941467
2009-10-28,5.56,5.56,5.45,5.49,5407
2009-10-29,5.25,5.36,5.16,5.25,9315
2009-10-30,5.3,5.36,5.27,5.36,4831680
2009-11-02,5.25,5.32,5.23,5.3,2250641
2009-11-03,5.32,5.4,5.25,5.3,2310713
2009-11-04,5.38,5.4,5.32,5.36,2824435
2009-11-05,5.32,5.36,5.25,5.25,2859650
2009-11-06,5.36,5.45,5.32,5.32,5152
2009-11-09,5.43,5.43,5.3,5.3,1791812
2009-11-10,5.38,5.38,5.3,5.3,1729669
2009-11-11,5.34,5.38,5.3,5.34,1638524
2009-11-12,5.38,5.43,5.34,5.34,2797506
2009-11-13,5.34,5.4,5.34,5.36,1800098
2009-11-16,5.45,5.6,5.43,5.53,7912
2009-11-17,5.6,5.6,5.47,5.51,4133598
2009-11-18,5.58,5.69,5.56,5.58,7930
2009-11-19,5.6,5.79,5.56,5.66,13053
2009-11-20,5.69,5.79,5.58,5.69,12264
2009-11-23,5.73,5.73,5.6,5.6,3381658
2009-11-24,5.62,5.69,5.51,5.58,4723964
2009-11-25,5.62,5.64,5.53,5.56,3540125
2009-11-26,5.6,5.6,5.51,5.51,3813557
2009-11-27,5.43,5.47,5.32,5.32,5479
2009-11-30,5.36,5.51,5.36,5.45,2865864
2009-12-01,5.49,5.53,5.43,5.45,2720862
2009-12-02,5.51,5.6,5.47,5.47,4475389
2009-12-03,5.53,5.56,5.47,5.56,4371816
2009-12-04,5.64,5.69,5.51,5.53,8216
2009-12-07,5.56,5.64,5.56,5.58,6250
2009-12-08,5.64,5.69,5.56,5.58,7678
2009-12-09,5.62,5.64,5.53,5.58,5727
2009-12-10,5.62,5.66,5.49,5.51,5721
2009-12-11,5.51,5.62,5.51,5.56,4042454
2009-12-14,5.62,5.66,5.56,5.58,6051
2009-12-15,5.64,5.95,5.62,5.95,27627
2009-12-16,6.05,6.25,5.99,6.08,26690
2009-12-17,6.16,6.21,5.84,5.84,13502
2009-12-18,5.9,6.23,5.86,6.23,21340
2009-12-21,6.32,6.36,6.1,6.1,15235
2009-12-22,6.14,6.16,6.03,6.03,7981
2009-12-23,6.1,6.25,6.08,6.12,9713
2009-12-24,6.21,6.21,5.95,5.99,9566
2009-12-25,6.08,6.16,6.01,6.1,6404
2009-12-28,6.16,6.25,6.14,6.16,8324
2009-12-29,6.25,6.38,6.18,6.34,10209
2009-12-30,6.38,6.77,6.36,6.77,22361
2009-12-31,6.79,6.97,6.73,6.75,15837
2010-01-04,6.77,6.9,6.64,6.77,14832
2010-01-05,6.9,6.99,6.66,6.73,13616
2010-01-06,6.73,6.81,6.6,6.68,10326
2010-01-07,6.9,6.9,6.64,6.66,12721
2010-01-08,6.71,6.73,6.47,6.6,11587
2010-01-11,6.58,6.64,6.51,6.55,6652
2010-01-12,6.55,6.64,6.49,6.62,8862
2010-01-13,6.6,6.66,6.53,6.58,6729
2010-01-14,6.62,6.73,6.58,6.58,9405
2010-01-15,6.62,6.66,6.53,6.53,7470
2010-01-18,6.53,6.79,6.53,6.66,11469
2010-01-19,6.77,6.86,6.66,6.66,10307
2010-01-20,6.68,6.77,6.55,6.6,5955
2010-01-21,6.6,6.6,6.36,6.38,6143
2010-01-22,6.25,6.29,6.12,6.16,5679
2010-01-25,6.01,6.21,6.01,6.12,3179691
2010-01-26,6.14,6.23,5.71,5.71,7177
2010-01-27,5.71,5.77,5.6,5.64,3715163
2010-01-28,5.69,5.92,5.69,5.88,3574304
2010-01-29,5.86,6.16,5.71,6.16,9565
2010-02-01,6.16,6.34,6.12,6.34,9745
2010-02-02,6.4,6.4,5.9,5.95,7177
2010-02-03,6.18,6.18,5.95,6.08,3636448
2010-02-04,6.12,6.23,6.03,6.03,3801129
2010-02-05,5.64,5.84,5.62,5.62,6141
2010-02-08,5.38,5.53,5.34,5.43,2453644
2010-02-09,5.43,5.64,5.36,5.6,2546860
2010-02-10,5.66,5.77,5.64,5.69,3382694
2010-02-22,5.82,5.82,5.69,5.71,2189533
2010-02-23,5.71,5.77,5.66,5.71,1489379
2010-02-24,5.64,5.86,5.62,5.84,4302422
2010-02-25,5.88,5.97,5.82,5.82,7651
2010-02-26,5.82,6.08,5.69,6.08,7021
2010-03-01,6.12,6.18,5.99,6.12,13053
2010-03-02,6.16,6.16,6.03,6.03,3181762
2010-03-03,6.03,6.21,6.03,6.08,5172
2010-03-04,6.18,6.29,6.03,6.29,9073
2010-03-05,6.38,6.4,6.23,6.23,12440
2010-03-08,6.23,6.29,6.21,6.21,5538
2010-03-09,6.21,6.21,6.08,6.08,4751929
2010-03-10,6.1,6.27,6.1,6.18,3517339
2010-03-11,6.23,6.29,6.18,6.18,5044
2010-03-12,6.18,6.21,6.08,6.08,2610039
2010-03-15,6.12,6.16,5.99,5.99,2164675
2010-03-16,6.1,6.25,6.1,6.12,4700142
2010-03-17,6.14,6.36,6.14,6.25,8866
2010-03-18,6.32,6.36,6.27,6.29,5646
2010-03-19,6.34,6.4,6.32,6.36,5326
2010-03-22,6.25,6.38,6.25,6.29,4360423
2010-03-23,6.34,6.42,6.29,6.29,6438
2010-03-24,6.36,6.45,6.29,6.42,8391
2010-03-25,6.45,6.66,6.36,6.62,12244
2010-03-26,6.55,6.6,6.47,6.49,6030
2010-03-29,6.53,6.55,6.42,6.42,3936809
2010-03-30,6.51,6.53,6.34,6.34,3144476
2010-03-31,6.36,6.42,6.36,6.4,2432929
2010-04-01,6.42,6.55,6.4,6.4,6897
2010-04-02,6.4,6.47,6.32,6.32,5425
2010-04-06,6.38,6.45,6.36,6.38,3367158
2010-04-07,6.4,6.45,6.36,6.36,3683055
2010-04-08,6.36,6.42,6.32,6.4,8950
2010-04-09,6.4,6.47,6.36,6.45,9959
2010-04-12,6.51,6.64,6.49,6.49,8536
2010-04-13,6.51,6.51,6.32,6.32,4175027
2010-04-14,6.38,6.55,6.36,6.53,11636
2010-04-15,6.58,6.58,6.4,6.42,5370
2010-04-16,6.42,6.49,6.4,6.42,3335050
2010-04-19,6.38,6.4,6.08,6.25,4722928
2010-04-20,6.51,6.53,6.38,6.4,6351
2010-04-21,6.47,6.6,6.47,6.51,7096
2010-04-22,6.55,6.68,6.49,6.6,11350
2010-04-23,6.62,6.73,6.58,6.6,10646
2010-04-26,6.73,6.84,6.66,6.75,13250
2010-04-27,6.81,6.81,6.68,6.71,4951825
2010-04-28,6.51,6.68,6.51,6.64,4931110
2010-04-29,6.71,7.1,6.68,7.1,32149
2010-04-30,7.25,7.51,7.1,7.2,40838
2010-05-03,7.38,7.47,7.16,7.36,14127
2010-05-04,7.47,7.49,7.16,7.18,10991
2010-05-05,6.94,7.01,6.79,6.92,12294
2010-05-06,6.92,7.05,6.86,6.9,8830
2010-05-07,6.6,6.92,6.6,6.88,7651
2010-05-10,6.94,7.16,6.9,7.14,7471
2010-05-11,7.16,7.23,6.92,6.92,7888
2010-05-12,6.97,7.07,6.88,6.9,5405
2010-05-13,7.03,7.12,6.99,7.01,6448
2010-05-14,6.97,7.07,6.97,7.03,3083368
2010-05-17,7.03,7.03,6.77,6.79,5821
2010-05-18,6.86,6.9,6.79,6.81,3442766
2010-05-19,6.81,6.92,6.75,6.86,4385280
2010-05-20,6.9,6.94,6.75,6.77,4078704
2010-05-21,6.51,6.68,6.47,6.58,5511
2010-05-24,6.62,6.66,6.58,6.6,2902115
2010-05-25,6.51,6.62,6.27,6.36,5100
2010-05-26,6.42,6.51,6.36,6.45,2650433
2010-05-27,6.45,6.66,6.42,6.64,2960116
2010-05-28,6.73,6.79,6.68,6.71,5028
2010-05-31,6.73,6.79,6.68,6.71,2431894
2010-06-01,6.73,6.97,6.71,6.81,5815
2010-06-02,6.79,6.9,6.68,6.68,3165190
2010-06-03,6.81,6.86,6.79,6.79,3255299
2010-06-04,7.35,7.42,7.28,7.31,2881400
2010-06-07,7.0,7.17,6.98,7.14,2983938
2010-06-08,7.19,7.33,7.14,7.24,2611075
2010-06-09,7.24,7.31,7.07,7.12,2395643
2010-06-10,7.17,7.19,7.1,7.14,1691347
2010-06-11,7.33,7.45,7.33,7.35,4931110
2010-06-14,7.45,7.49,7.38,7.4,3198334
2010-06-15,7.4,7.7,7.4,7.68,14912
2010-06-17,7.73,7.75,7.59,7.59,8412
2010-06-18,7.63,7.7,7.59,7.59,5343
2010-06-21,7.68,7.7,7.59,7.61,5500
2010-06-22,7.61,7.73,7.61,7.66,5563
2010-06-23,7.63,7.75,7.63,7.7,3725520
2010-06-24,7.7,7.89,7.7,7.8,8094
2010-06-25,7.75,7.8,7.66,7.7,4219564
2010-06-28,7.75,7.77,7.63,7.66,3661305
2010-06-29,7.75,7.75,7.45,7.52,5439
2010-06-30,7.33,7.49,7.31,7.49,4532354
2010-07-01,7.45,7.47,7.38,7.42,916621
2010-07-02,7.68,7.75,7.61,7.7,6284
2010-07-05,7.8,7.84,7.75,7.82,12728
2010-07-06,7.82,7.97,7.74,7.84,10925
2010-07-07,7.89,7.97,7.82,7.87,4973575
2010-07-08,7.97,7.97,7.79,7.79,6452
2010-07-09,7.84,7.87,7.77,7.77,3951309
2010-07-12,7.87,8.02,7.84,7.92,6591
2010-07-13,7.97,7.97,7.77,7.77,4132562
2010-07-14,7.92,7.94,7.82,7.84,4033132
2010-07-15,7.84,7.94,7.84,7.89,4120133
2010-07-16,7.87,7.87,7.49,7.57,14702
2010-07-19,7.49,7.62,7.44,7.57,3543232
2010-07-20,7.62,7.67,7.59,7.62,3838415
2010-07-21,7.67,7.69,7.54,7.57,3355765
2010-07-22,7.59,7.64,7.57,7.64,2146032
2010-07-23,7.69,7.84,7.67,7.77,6311
2010-07-26,7.79,7.84,7.69,7.72,3339193
2010-07-27,7.74,7.74,7.67,7.69,2346964
2010-07-28,7.69,7.79,7.69,7.72,3021224
2010-07-29,7.72,8.09,7.62,7.99,14569
2010-07-30,7.99,8.09,7.92,7.97,9344
2010-08-02,8.07,8.07,7.92,7.94,5023
2010-08-03,7.99,8.04,7.87,7.92,6506
2010-08-04,7.94,8.09,7.94,7.99,7234
2010-08-05,8.07,8.29,8.02,8.07,14191
2010-08-06,8.12,8.44,8.12,8.34,15461
2010-08-09,8.47,8.59,8.34,8.34,12098
2010-08-10,8.34,8.39,8.14,8.14,8512
2010-08-11,8.12,8.29,8.12,8.17,6465
2010-08-12,8.14,8.39,8.14,8.29,7631
2010-08-13,8.34,8.54,8.27,8.52,11958
2010-08-16,8.59,8.64,8.47,8.47,9852
2010-08-17,8.49,8.57,8.42,8.54,7883
2010-08-18,8.59,8.59,8.39,8.39,5706
2010-08-19,8.39,8.44,8.34,8.34,4480567
2010-08-20,8.34,8.49,8.34,8.42,4412209
2010-08-23,8.42,8.44,8.27,8.29,3359908
2010-08-24,8.32,8.57,8.27,8.57,5985
2010-08-25,8.54,8.54,8.24,8.24,3714127
2010-08-26,8.29,8.34,8.12,8.14,3295692
2010-08-27,8.12,8.24,7.97,8.07,4713607
2010-08-30,8.42,8.59,8.34,8.44,12462
2010-08-31,8.37,8.39,8.09,8.12,6500
2010-09-01,8.14,8.24,8.14,8.19,4200920
2010-09-02,8.37,8.59,8.29,8.37,7060
2010-09-03,8.52,8.57,8.37,8.44,6112
2010-09-06,8.57,8.59,8.42,8.44,4918681
2010-09-07,8.49,8.57,8.44,8.49,6167
2010-09-08,8.47,8.49,8.34,8.34,4231992
2010-09-09,8.34,8.42,8.32,8.32,3025367
2010-09-10,8.44,8.54,8.37,8.37,9610
2010-09-13,8.44,8.54,8.42,8.44,6167
2010-09-14,8.49,8.89,8.47,8.69,17365
2010-09-15,8.72,8.87,8.69,8.72,10321
2010-09-16,8.82,9.32,8.82,9.32,22143
2010-09-17,9.69,9.97,9.59,9.97,23361
2010-09-20,10.24,10.64,10.24,10.44,47976
2010-09-21,10.69,10.69,10.24,10.49,26104
2010-09-23,10.39,11.04,10.39,10.61,34403
2010-09-24,10.74,11.06,10.51,11.06,27723
2010-09-27,11.06,11.14,10.49,10.54,21752
2010-09-28,10.49,10.74,10.24,10.42,17621
2010-09-29,10.51,10.74,10.44,10.49,15905
2010-09-30,10.59,11.06,10.59,10.84,30167
2010-10-01,11.11,11.11,10.74,10.79,15711
2010-10-04,10.96,10.96,10.19,10.29,14890
2010-10-05,10.22,10.59,10.22,10.59,12090
2010-10-06,10.79,10.81,10.51,10.66,10712
2010-10-07,10.79,10.81,10.56,10.56,9345
2010-10-08,10.71,10.96,10.64,10.84,17170
2010-10-11,11.19,11.59,11.19,11.41,47739
2010-10-12,11.54,11.79,11.34,11.66,40069
2010-10-13,11.66,11.69,11.36,11.61,21700
2010-10-14,11.69,11.84,11.44,11.44,18957
2010-10-15,11.46,11.61,10.99,11.06,18671
2010-10-18,11.14,11.19,10.59,10.69,10975
2010-10-19,10.74,11.09,10.71,11.04,14559
2010-10-20,10.99,11.46,10.89,11.44,19970
2010-10-21,11.36,11.41,11.14,11.39,13123
2010-10-22,11.49,11.91,11.44,11.91,41372
2010-10-25,11.89,11.89,11.39,11.59,25564
2010-10-26,11.69,11.74,11.46,11.46,11281
2010-10-27,11.56,11.74,11.49,11.49,12729
2010-10-28,11.54,11.59,11.09,11.14,17002
2010-10-29,11.24,11.24,10.99,10.99,7295
2010-11-01,11.06,11.16,10.74,10.79,10483
2010-11-02,10.89,11.14,10.76,10.76,14540
2010-11-03,10.94,10.99,10.02,10.12,18485
2010-11-04,10.12,10.39,10.12,10.29,8000
2010-11-05,10.44,10.54,10.27,10.51,9415
2010-11-08,10.51,10.51,9.99,10.12,8030
2010-11-09,10.14,10.42,10.14,10.29,6072
2010-11-10,10.12,10.27,9.89,10.27,11553
2010-11-11,10.24,10.49,10.12,10.29,9543
2010-11-12,10.24,10.39,10.14,10.17,3580518
2010-11-15,10.22,10.32,10.12,10.22,3398230
2010-11-16,10.27,10.32,10.14,10.14,3156905
2010-11-17,9.99,10.09,9.99,10.07,4303458
2010-11-18,10.12,10.64,10.12,10.59,17903
2010-11-19,10.74,11.04,10.64,10.69,18681
2010-11-22,10.71,10.84,10.51,10.69,5200
2010-11-23,10.69,10.84,10.59,10.59,4555140
2010-11-24,10.39,10.74,10.39,10.49,5574
2010-11-25,10.66,10.69,10.47,10.47,4352137
2010-11-26,10.54,10.76,10.44,10.49,9558
2010-11-29,10.69,10.84,10.54,10.71,7006
2010-11-30,10.74,11.11,10.71,10.86,13092
2010-12-01,10.96,11.06,10.89,10.94,9705
2010-12-02,11.14,11.26,10.89,10.89,9781
2010-12-03,10.99,11.09,10.66,10.94,10097
2010-12-06,10.99,11.11,10.89,10.94,10430
2010-12-07,10.99,11.09,10.89,10.89,6452
2010-12-08,10.99,11.11,10.89,10.94,9133
2010-12-09,11.21,11.49,11.14,11.49,21873
2010-12-10,11.44,11.44,11.14,11.19,9890
2010-12-13,11.31,11.31,11.09,11.14,7680
2010-12-14,11.19,11.29,11.04,11.09,7815
2010-12-15,11.09,11.19,10.66,10.79,10911
2010-12-16,10.79,10.81,10.69,10.74,4582069
2010-12-17,10.79,10.91,10.74,10.74,5094
2010-12-20,10.79,10.84,10.61,10.61,3309157
2010-12-21,10.64,10.76,10.59,10.76,2883472
2010-12-22,10.94,11.06,10.84,10.99,9668
2010-12-23,11.04,11.11,10.89,10.99,7949
2010-12-24,11.04,11.14,10.86,10.91,8401
2010-12-27,10.91,10.94,10.64,10.64,7465
2010-12-28,10.64,10.79,10.64,10.64,4704285
2010-12-29,10.64,10.71,10.39,10.39,5343
2010-12-30,10.39,10.49,10.37,10.39,3531839
2010-12-31,10.42,10.47,10.19,10.19,6046
2011-01-03,10.22,10.27,10.04,10.09,5463
2011-01-04,10.14,10.64,10.14,10.54,11748
2011-01-05,10.54,10.59,10.24,10.29,4962182
2011-01-06,10.37,10.51,10.32,10.47,5178
2011-01-07,10.49,10.54,10.27,10.27,3989631
2011-01-10,10.24,10.39,10.24,10.34,1581559
2011-01-11,10.64,10.79,10.56,10.56,9437
2011-01-12,10.64,10.64,10.47,10.49,3978238
2011-01-13,10.56,10.74,10.54,10.54,6094
2011-01-14,10.54,10.64,10.44,10.47,2217497
2011-01-17,10.49,10.64,10.44,10.44,2588289
2011-01-18,10.44,10.54,10.42,10.44,2337642
2011-01-19,10.49,10.66,10.44,10.56,4532354
2011-01-20,10.54,10.69,10.44,10.69,4448460
2011-01-21,10.69,10.71,10.49,10.59,5095
2011-01-24,10.59,10.59,10.42,10.42,2497145
2011-01-25,10.49,10.54,10.39,10.42,2627647
2011-01-26,10.49,10.61,10.49,10.56,3967881
2011-01-27,10.56,10.61,10.47,10.47,2584146
2011-01-28,10.49,10.54,10.34,10.54,2692898
2011-02-08,10.59,10.61,10.34,10.34,2366643
2011-02-09,10.34,10.39,10.14,10.19,2751934
2011-02-10,10.19,10.19,9.99,9.99,2472287
2011-02-11,9.99,10.04,9.74,9.99,8536
2011-02-14,9.99,10.07,9.87,9.87,3758664
2011-02-15,9.92,9.97,9.79,9.84,2510609
2011-02-16,9.84,9.97,9.82,9.82,2689790
2011-02-17,9.84,9.89,9.49,9.52,5837
2011-02-18,9.57,9.84,9.57,9.79,5424
2011-02-21,9.79,9.79,9.67,9.69,1951315
2011-02-22,9.59,9.62,9.24,9.32,5300
2011-02-23,9.24,9.32,8.94,8.97,9361
2011-02-24,8.97,9.14,8.89,9.12,3455195
2011-02-25,9.19,9.19,8.89,9.07,2974616
2011-03-01,9.17,9.69,9.14,9.69,10027
2011-03-02,9.49,9.62,9.34,9.39,7004
2011-03-03,9.49,9.57,9.39,9.44,4587248
2011-03-04,9.49,9.82,9.44,9.82,12360
2011-03-07,9.79,9.89,9.69,9.77,18508
2011-03-08,9.72,9.77,9.54,9.54,4740536
2011-03-09,9.62,9.69,9.54,9.54,2168818
2011-03-10,9.54,9.54,9.29,9.34,3291549
2011-03-11,9.24,9.29,9.14,9.27,2298284
2011-03-14,9.04,9.14,8.89,8.97,3732770
2011-03-15,8.97,9.04,8.34,8.37,7920
2011-03-16,8.39,8.54,8.39,8.52,3583625
2011-03-17,8.39,8.59,8.12,8.59,3909880
2011-03-18,8.69,8.92,8.67,8.92,6648
2011-03-21,8.92,8.94,8.84,8.92,2931115
2011-03-22,9.04,9.14,8.99,9.02,3278085
2011-03-23,9.02,9.09,8.99,9.02,1865349
2011-03-24,9.19,9.57,9.17,9.42,9992
2011-03-25,9.42,9.42,9.19,9.22,4100455
2011-03-28,9.39,9.69,9.29,9.44,8021
2011-03-29,9.49,9.59,9.34,9.59,4065240
2011-03-30,9.59,9.62,9.44,9.44,4739500
2011-03-31,9.49,9.59,9.44,9.49,3426194
2011-04-01,9.49,9.54,9.24,9.34,3194191
2011-04-06,9.47,9.49,9.34,9.49,3664412
2011-04-07,9.49,9.74,9.44,9.69,10911
2011-04-08,9.64,9.67,9.49,9.49,4229921
2011-04-11,9.54,9.67,9.49,9.57,4780929
2011-04-12,9.59,9.74,9.57,9.57,8075
2011-04-13,9.57,9.64,9.47,9.57,2728112
2011-04-14,9.67,9.72,9.59,9.59,3162083
2011-04-15,9.64,9.69,9.52,9.52,2959080
2011-04-18,9.52,9.59,9.39,9.39,2454680
2011-04-19,9.27,9.34,9.17,9.24,3403408
2011-04-20,9.39,9.59,9.32,9.52,6738
2011-04-21,9.59,9.67,9.47,9.49,5651
2011-04-22,9.57,9.59,9.49,9.49,1998958
2011-04-25,9.59,9.59,9.44,9.44,1796991
2011-04-26,9.44,9.54,9.39,9.44,1294662
2011-04-27,9.52,9.67,9.49,9.49,2814078
2011-04-28,9.64,9.74,9.54,9.54,7994
2011-04-29,9.59,9.64,9.44,9.44,3924380
2011-05-03,9.54,9.54,9.34,9.39,2257891
2011-05-04,9.34,9.44,9.34,9.44,1775241
2011-05-05,9.39,9.49,9.34,9.34,2696005
2011-05-06,9.34,9.44,9.34,9.34,1718276
2011-05-09,9.44,9.49,9.34,9.34,2092174
2011-05-10,9.34,9.34,9.17,9.17,3086475
2011-05-11,9.22,9.24,9.12,9.12,2166747
2011-05-12,9.12,9.37,9.09,9.37,3572232
2011-05-13,9.37,9.54,9.29,9.32,3622983
2011-05-16,9.32,9.44,9.24,9.34,2873115
2011-05-17,9.32,9.49,9.32,9.37,2310713
2011-05-18,9.42,9.54,9.39,9.49,9690
2011-05-19,9.49,9.64,9.39,9.39,4186420
2011-05-20,9.42,9.49,9.37,9.39,3367158
2011-05-23,9.34,9.49,9.27,9.42,3022260
2011-05-24,9.42,9.47,9.27,9.47,2646290
2011-05-25,9.49,9.57,9.44,9.54,4776786
2011-05-26,9.59,9.69,9.52,9.67,8312
2011-05-27,9.69,9.99,9.69,9.84,21074
2011-05-30,9.87,10.12,9.82,9.92,8393
2011-05-31,9.99,10.04,9.82,9.92,5429
2011-06-01,9.92,9.99,9.82,9.82,4103562
2011-06-02,9.74,9.89,9.67,9.79,4757107
2011-06-03,9.94,9.94,9.72,9.72,2473323
2011-06-07,9.72,9.92,9.69,9.89,4475389
2011-06-08,9.92,9.99,9.82,9.84,5358
2011-06-09,9.84,9.89,9.74,9.74,3068867
2011-06-10,9.84,9.87,9.59,9.59,3352658
2011-06-13,9.49,9.59,9.39,9.42,2846186
2011-06-14,9.44,9.54,9.44,9.44,1807348
2011-06-15,9.49,9.57,9.42,9.57,2519931
2011-06-16,9.49,9.52,9.32,9.32,2455715
2011-06-17,9.34,9.42,9.24,9.42,2294141
2011-06-20,9.42,9.47,9.09,9.09,2654575
2011-06-21,9.12,9.22,9.04,9.17,1903671
2011-06-22,9.29,9.29,9.17,9.19,1195232
2011-06-23,9.19,9.22,9.09,9.09,736404
2011-06-24,9.07,9.12,9.04,9.09,1202482
2011-06-27,9.07,9.14,8.99,9.09,1615738
2011-06-28,9.14,9.19,9.04,9.07,777833
2011-06-29,9.09,9.19,9.09,9.12,964264
2011-06-30,9.14,9.24,9.14,9.17,1064730
2011-07-01,9.17,9.24,9.17,9.22,1393056
2011-07-04,9.29,9.34,9.19,9.19,1388913
2011-07-05,9.22,9.24,9.12,9.17,1164160
2011-07-06,9.24,9.24,9.12,9.19,2064209
2011-07-07,9.22,9.44,9.22,9.37,3510088
2011-07-08,9.42,9.42,9.14,9.14,3103047
2011-07-11,9.14,9.22,9.14,9.14,1801134
2011-07-12,9.09,9.12,8.99,8.99,2647325
2011-07-13,9.09,9.09,8.82,8.82,2280677
2011-07-14,8.82,8.92,8.59,8.69,2448465
2011-07-15,8.79,9.04,8.74,9.02,1876742
2011-07-18,9.09,9.12,8.99,9.02,1131017
2011-07-19,9.04,9.09,9.02,9.02,1004658
2011-07-20,9.09,9.19,9.04,9.07,2129460
2011-07-21,9.09,9.17,9.07,9.12,1392021
2011-07-22,9.17,9.32,9.14,9.24,4244421
2011-07-25,9.32,9.32,9.14,9.17,1423093
2011-07-26,9.19,9.22,9.14,9.17,2032102
2011-07-27,9.17,9.24,9.14,9.24,1581559
2011-07-28,9.19,9.19,9.12,9.17,1649917
2011-07-29,9.14,9.17,8.89,8.94,4190563
2011-08-01,9.02,9.07,8.79,8.84,6661
2011-08-02,8.86,9.03,8.86,8.91,3327000
2011-08-03,8.75,8.8,8.55,8.61,2147000
2011-08-04,8.63,8.69,8.35,8.35,2097000
2011-08-05,7.79,7.88,7.79,7.79,2563000
2011-08-08,7.26,7.57,7.26,7.26,2991000
2011-08-09,6.76,7.18,6.76,6.76,4887000
2011-08-10,7.01,7.2,7.01,7.2,5348
2011-08-11,7.01,7.46,6.95,7.43,4262000
2011-08-12,7.74,7.74,7.46,7.46,3286000
2011-08-15,7.68,7.82,7.62,7.74,3058000
2011-08-16,7.85,7.85,7.62,7.71,2071000
2011-08-17,7.65,7.68,7.57,7.57,1695000
2011-08-18,7.74,7.74,7.51,7.51,2401000
2011-08-19,7.23,7.29,7.01,7.01,2618000
2011-08-22,7.04,7.23,6.9,7.06,2042000
2011-08-23,7.29,7.48,7.15,7.48,2124000
2011-08-24,7.57,7.57,7.34,7.34,1888000
2011-08-25,7.4,7.46,7.2,7.26,1155000
2011-08-26,7.43,7.43,7.15,7.26,1187000
2011-08-29,7.46,7.62,7.4,7.51,2784000
2011-08-30,7.62,7.68,7.54,7.54,1410000
2011-08-31,7.46,7.79,7.46,7.79,2616000
2011-09-01,7.79,7.85,7.65,7.65,2160000
2011-09-02,7.65,7.79,7.62,7.74,2261000
2011-09-05,7.62,7.62,7.4,7.48,1342000
2011-09-06,7.37,7.46,7.34,7.4,1531000
2011-09-07,7.48,7.54,7.43,7.51,935000
2011-09-08,7.57,7.62,7.48,7.51,852000
2011-09-09,7.51,7.68,7.51,7.6,1210000
2011-09-13,7.62,7.62,7.51,7.51,1451000
2011-09-14,7.62,7.62,7.32,7.48,1880000
2011-09-15,7.57,7.68,7.54,7.62,1233000
2011-09-16,7.74,7.88,7.68,7.82,2653000
2011-09-19,7.88,7.88,7.71,7.74,1017000
2011-09-20,7.74,7.79,7.62,7.74,1040000
2011-09-21,7.79,7.82,7.74,7.76,987000
2011-09-22,7.68,7.68,7.48,7.51,1610000
2011-09-23,7.18,7.26,7.01,7.23,2563000
2011-09-26,7.23,7.23,7.2,7.2,10650
2011-09-27,7.23,7.43,7.23,7.37,1364000
2011-09-28,7.51,7.71,7.34,7.71,2215000
2011-09-29,7.65,7.79,7.6,7.68,4598000
2011-09-30,7.74,7.74,7.57,7.6,1175000
2011-10-03,7.57,7.57,7.37,7.37,839000
2011-10-04,7.29,7.57,7.29,7.51,1118000
2011-10-05,7.68,7.68,7.51,7.51,1044000
2011-10-06,7.68,7.71,7.6,7.62,890000
2011-10-07,7.62,7.62,7.6,7.6,6705
2011-10-11,7.79,7.79,7.68,7.74,1732000
2011-10-12,7.76,7.93,7.74,7.85,2822000
2011-10-13,7.9,7.96,7.79,7.79,1188000
2011-10-14,7.79,7.9,7.79,7.79,772000
2011-10-17,7.9,7.96,7.85,7.85,1477000
2011-10-18,7.85,7.85,7.74,7.79,620000
2011-10-19,7.85,7.93,7.79,7.79,880000
2011-10-20,7.85,7.85,7.68,7.68,788000
2011-10-21,7.62,7.76,7.62,7.71,352000
2011-10-24,7.88,7.93,7.85,7.88,1615000
2011-10-25,7.93,7.93,7.79,7.79,1139000
2011-10-26,7.85,8.33,7.85,8.33,4787000
2011-10-27,8.86,8.89,8.75,8.89,13770
2011-10-28,9.14,9.17,8.8,8.86,11882
2011-10-31,8.86,9.11,8.86,8.97,7961
2011-11-01,8.94,9.19,8.86,9.03,6367
2011-11-02,8.75,9.05,8.75,8.86,4435000
2011-11-03,8.91,9.03,8.58,8.58,4738000
2011-11-04,8.8,8.94,8.72,8.75,3424000
2011-11-07,8.75,9.33,8.75,9.33,7101
2011-11-08,9.47,9.64,9.17,9.17,13691
2011-11-09,9.25,9.33,9.03,9.05,4035000
2011-11-10,8.75,8.94,8.66,8.72,4025000
2011-11-11,8.75,8.89,8.44,8.77,5400
2011-11-14,8.97,8.97,8.8,8.8,2412000
2011-11-15,8.75,8.86,8.69,8.69,1488000
2011-11-16,8.66,8.77,8.44,8.44,2352000
2011-11-17,8.38,8.41,8.16,8.38,2172000
2011-11-18,8.3,8.35,8.02,8.07,2397000
2011-11-21,8.07,8.13,7.57,7.57,3276000
2011-11-22,7.57,7.96,7.57,7.85,3464000
2011-11-23,7.74,7.85,7.46,7.51,2967000
2011-11-24,7.37,7.74,7.37,7.65,1959000
2011-11-25,7.74,7.74,7.48,7.51,1350000
2011-11-28,7.62,7.68,7.6,7.68,912000
2011-11-29,7.96,7.96,7.76,7.93,1831000
2011-11-30,7.93,7.93,7.65,7.68,1280000
2011-12-01,8.07,8.13,7.93,8.02,2379000
2011-12-02,8.02,8.04,7.93,8.02,949000
2011-12-05,8.24,8.24,8.02,8.13,1528000
2011-12-06,8.13,8.13,7.85,7.88,1463000
2011-12-07,7.96,7.96,7.76,7.82,911000
2011-12-08,7.76,7.82,7.62,7.71,1007000
2011-12-09,7.51,7.65,7.48,7.65,1143000
2011-12-12,7.82,7.85,7.65,7.65,1050000
2011-12-13,7.51,7.62,7.48,7.6,554000
2011-12-14,7.54,7.71,7.54,7.71,641000
2011-12-15,7.62,7.65,7.57,7.57,599000
2011-12-16,7.57,7.65,7.54,7.57,793000
2011-12-19,7.54,7.54,7.06,7.06,2518000
2011-12-20,7.01,7.23,7.01,7.09,1296000
2011-12-21,7.4,7.57,7.34,7.54,1319000
2011-12-22,7.46,7.51,7.4,7.46,675000
2011-12-23,7.57,7.76,7.57,7.71,1177000
2011-12-26,7.96,8.1,7.9,7.96,2329000
2011-12-27,7.96,7.99,7.79,7.82,1150000
2011-12-28,7.74,7.85,7.71,7.74,891000
2011-12-29,7.68,7.74,7.62,7.71,697000
2011-12-30,7.85,7.85,7.71,7.71,951000
2012-01-02,7.71,7.71,7.71,7.71,0
2012-01-03,7.71,7.71,7.71,7.71,0
2012-01-04,7.71,7.71,7.71,7.71,0
2012-01-05,7.71,7.71,7.71,7.71,0
2012-01-06,7.76,7.85,7.68,7.68,1557000
2012-01-09,7.68,7.88,7.68,7.85,3604000
2012-01-10,7.96,8.24,7.93,8.21,7963
2012-01-11,8.33,8.33,8.04,8.3,5945
2012-01-12,8.35,8.66,8.24,8.3,14543
2012-01-13,8.41,8.47,7.96,7.96,5542
2012-01-16,8.13,8.19,7.93,8.07,4678000
2012-01-17,8.24,8.47,8.24,8.47,8325
2012-01-18,8.52,8.61,8.33,8.35,5145
2012-01-30,8.52,8.8,8.49,8.75,9266
2012-01-31,8.75,8.86,8.66,8.75,5420
2012-02-01,8.8,8.97,8.75,8.89,5598
2012-02-02,9.03,9.08,8.8,8.83,6012
2012-02-03,8.86,9.25,8.8,9.14,14879
2012-02-06,9.33,9.33,9.08,9.19,4737000
2012-02-07,9.17,9.28,9.08,9.19,3295000
2012-02-08,9.28,9.47,9.28,9.39,6155
2012-02-09,9.45,9.61,9.39,9.56,8760
2012-02-10,9.59,9.64,9.39,9.45,4736000
2012-02-13,9.42,9.64,9.36,9.59,5696
2012-02-14,9.64,9.75,9.47,9.5,3515000
2012-02-15,9.64,10.09,9.5,10.01,11667
2012-02-16,10.04,10.23,10.01,10.09,22078
2012-02-17,10.6,10.65,10.26,10.43,14980
2012-02-20,10.65,10.82,10.43,10.54,11937
2012-02-21,10.48,10.48,10.15,10.2,6227
2012-02-22,10.2,10.4,10.15,10.26,4709000
2012-02-23,10.2,10.46,10.18,10.26,4781000
2012-02-24,10.37,10.37,10.12,10.12,3215000
2012-02-29,10.2,10.43,10.06,10.43,5436
2012-03-01,10.48,10.54,10.23,10.26,6098
2012-03-02,10.32,10.37,10.23,10.29,3143000
2012-03-05,10.32,10.6,10.29,10.37,7179
2012-03-06,10.37,10.4,9.67,9.87,5736
2012-03-07,9.53,9.98,9.47,9.89,3582000
2012-03-08,10.01,10.06,9.92,9.92,2727000
2012-03-09,10.23,10.48,10.2,10.43,8837
2012-03-12,10.54,10.6,10.32,10.37,6533
2012-03-13,10.48,10.51,10.26,10.26,3562000
2012-03-14,10.37,10.46,10.26,10.26,3544000
2012-03-15,10.32,10.46,10.26,10.37,3828000
2012-03-16,10.4,10.62,10.34,10.62,9416
2012-03-19,10.65,10.74,10.32,10.37,10447
2012-03-20,10.37,10.4,10.26,10.26,2711000
2012-03-21,10.23,10.34,10.2,10.23,1960000
2012-03-22,10.4,10.62,10.4,10.51,6651
2012-03-23,10.6,10.6,10.4,10.43,3012000
2012-03-26,10.51,10.51,10.37,10.4,1675000
2012-03-27,10.46,10.48,10.2,10.2,3134000
2012-03-28,10.26,10.4,10.23,10.26,2108000
2012-03-29,10.26,10.26,9.56,9.64,7139
2012-03-30,9.67,10.09,9.67,10.01,4268000
2012-04-02,10.09,10.12,9.98,10.09,2977000
2012-04-03,10.09,10.18,9.67,9.75,4058000
2012-04-05,9.53,9.56,9.08,9.42,5237
2012-04-06,9.47,9.78,9.47,9.67,3036000
2012-04-09,9.53,9.75,9.42,9.73,1830000
2012-04-10,9.81,10.09,9.81,9.92,4053000
2012-04-11,9.7,9.95,9.7,9.87,2133000
2012-04-12,9.92,9.95,9.84,9.84,2593000
2012-04-13,9.92,10.01,9.89,9.95,2722000
2012-04-16,9.98,9.98,9.73,9.73,1890000
2012-04-17,9.84,9.84,9.45,9.45,2514000
2012-04-18,9.59,9.81,9.53,9.67,2975000
2012-04-19,9.87,10.34,9.87,10.29,14963
2012-04-20,10.29,10.34,10.04,10.18,7568
2012-04-23,10.15,10.26,9.95,10.04,3748000
2012-04-24,9.92,10.12,9.84,10.04,3429000
2012-04-25,10.06,10.18,10.06,10.12,3668000
2012-04-26,10.15,10.29,9.98,9.98,4215000
2012-04-27,10.09,10.2,9.98,9.98,4380000
2012-04-30,9.92,10.04,9.53,9.61,5269
2012-05-02,9.61,10.01,9.61,9.95,4931000
2012-05-03,9.98,10.23,9.89,10.04,6022
2012-05-04,10.04,10.2,10.04,10.12,2696000
2012-05-07,9.95,9.95,9.81,9.89,1441000
2012-05-08,10.01,10.04,9.81,9.92,1318000
2012-05-09,9.81,10.06,9.81,10.06,2543000
2012-05-10,10.18,10.23,10.04,10.04,5720
2012-05-11,9.81,9.95,9.67,9.67,4815000
2012-05-14,9.67,9.73,9.56,9.56,1420000
2012-05-15,9.5,9.64,9.42,9.64,1327000
2012-05-16,9.64,9.7,9.56,9.61,1525000
2012-05-17,9.75,9.75,9.53,9.61,1224000
2012-05-18,9.53,9.53,9.17,9.19,2230000
2012-05-21,9.25,9.36,9.25,9.25,1052000
2012-05-22,9.5,9.61,9.39,9.61,1889000
2012-05-23,9.59,9.59,9.39,9.42,944000
2012-05-24,9.45,9.59,9.39,9.45,2221000
2012-05-25,9.45,9.5,9.25,9.25,1201000
2012-05-28,9.25,9.36,9.22,9.33,915000
2012-05-29,9.33,9.81,9.33,9.81,2411000
2012-05-30,9.81,9.87,9.67,9.75,2067000
2012-05-31,9.73,9.81,9.61,9.81,1267000
2012-06-01,9.78,9.78,9.5,9.53,1329000
2012-06-04,9.25,9.31,8.89,8.97,2750000
2012-06-05,9.22,9.22,9.08,9.14,1169000
2012-06-06,9.14,9.25,9.11,9.22,1214000
2012-06-07,9.31,9.36,9.17,9.17,829000
2012-06-08,9.19,9.25,9.14,9.14,487000
2012-06-11,9.31,9.39,9.31,9.31,1014000
2012-06-12,9.22,9.31,9.19,9.25,860000
2012-06-13,9.25,9.36,9.25,9.31,644000
2012-06-14,9.33,9.36,9.25,9.31,671000
2012-06-15,9.22,9.36,8.89,8.89,3419000
2012-06-18,9.31,9.33,9.22,9.31,2041000
2012-06-19,9.33,9.33,9.25,9.25,1357000
2012-06-20,9.36,9.42,9.33,9.33,1231000
2012-06-21,9.39,9.39,9.25,9.33,1059000
2012-06-22,9.19,9.28,9.14,9.28,993000
2012-06-25,9.28,9.33,9.22,9.33,528000
2012-06-26,9.25,9.28,9.19,9.19,1057000
2012-06-27,9.17,9.31,9.17,9.25,760000
2012-06-28,9.31,9.53,9.31,9.39,3062000
2012-06-29,9.45,9.47,9.36,9.47,1306000
2012-07-02,9.53,9.53,9.47,9.5,1416000
2012-07-03,9.5,9.61,9.5,9.56,1089000
2012-07-04,9.61,9.64,9.56,9.56,1292000
2012-07-05,9.59,9.73,9.56,9.59,1780000
2012-07-06,9.64,9.67,9.53,9.59,1309000
2012-07-09,9.56,9.7,9.56,9.61,1214000
2012-07-10,9.64,9.67,9.5,9.53,814000
2012-07-11,9.56,9.59,9.47,9.5,1245000
2012-07-12,9.5,9.56,9.42,9.42,835000
2012-07-13,9.42,9.45,9.31,9.33,855000
2012-07-16,9.36,9.45,9.36,9.39,652000
2012-07-17,9.39,9.47,9.39,9.45,884000
2012-07-18,9.5,9.5,9.25,9.28,1949000
2012-07-19,9.42,9.42,9.25,9.33,1221000
2012-07-20,9.31,9.39,9.31,9.33,536000
2012-07-23,9.33,9.33,9.25,9.25,1058000
2012-07-24,9.19,9.33,9.19,9.28,675000
2012-07-25,9.28,9.33,9.25,9.33,1032000
2012-07-26,9.36,9.42,9.28,9.31,1283000
2012-07-27,9.31,9.39,9.31,9.33,2322000
2012-07-30,9.42,9.53,9.36,9.5,4121000
2012-07-31,9.52,9.89,9.52,9.86,5439
2012-08-01,9.86,9.86,9.7,9.73,4449000
2012-08-02,9.73,9.73,9.73,9.73,0
2012-08-03,9.67,9.92,9.55,9.89,4901000
2012-08-06,10.04,10.04,9.86,9.92,3628000
2012-08-07,9.92,9.92,9.73,9.76,1567000
2012-08-08,9.82,9.89,9.76,9.82,2008000
2012-08-09,9.82,9.92,9.76,9.89,2975000
2012-08-10,9.92,10.07,9.89,10.04,5577
2012-08-13,9.98,10.01,9.76,9.76,3763000
2012-08-14,9.79,9.86,9.76,9.79,1200000
2012-08-15,9.82,9.82,9.7,9.7,1325000
2012-08-16,9.76,9.86,9.73,9.76,1533000
2012-08-17,9.82,9.89,9.79,9.86,1390000
2012-08-20,9.86,9.89,9.76,9.76,2013000
2012-08-21,9.76,9.89,9.73,9.73,1630000
2012-08-22,9.73,9.82,9.7,9.73,1343000
2012-08-23,9.73,9.82,9.73,9.76,1576000
2012-08-24,9.76,9.79,9.73,9.76,1139000
2012-08-27,9.82,9.92,9.79,9.79,1957000
2012-08-28,9.82,9.92,9.7,9.7,1808000
2012-08-29,9.7,9.76,9.64,9.67,1108000
2012-08-30,9.67,9.73,9.58,9.58,1595000
2012-08-31,9.58,9.64,9.52,9.52,1453000
2012-09-03,9.64,9.82,9.61,9.82,2919000
2012-09-04,9.89,9.89,9.73,9.79,2315000
2012-09-05,9.76,9.76,9.61,9.61,1715000
2012-09-06,9.61,9.7,9.55,9.55,1506000
2012-09-07,9.67,9.67,9.55,9.55,1003000
2012-09-10,9.55,9.61,9.55,9.55,886000
2012-09-11,9.55,9.61,9.52,9.55,994000
2012-09-12,9.58,9.64,9.58,9.61,1374000
2012-09-13,9.7,9.89,9.64,9.82,4335000
2012-09-14,9.92,9.92,9.76,9.79,2818000
2012-09-17,9.89,10.01,9.67,9.92,6519
2012-09-18,9.86,9.86,9.76,9.79,1899000
2012-09-19,9.82,9.92,9.76,9.82,1478000
2012-09-20,9.89,9.89,9.76,9.76,972000
2012-09-21,9.76,9.86,9.76,9.76,1120000
2012-09-24,9.86,9.95,9.86,9.86,2579000
2012-09-25,9.89,9.89,9.76,9.86,2068000
2012-09-26,9.82,9.82,9.7,9.7,939000
2012-09-27,9.7,9.76,9.7,9.73,761000
2012-09-28,9.76,9.82,9.67,9.7,958000
2012-10-01,9.61,9.79,9.61,9.7,649000
2012-10-02,9.7,9.76,9.67,9.67,494000
2012-10-03,9.7,9.73,9.64,9.64,481000
2012-10-04,9.7,9.73,9.61,9.7,932000
2012-10-05,9.67,9.73,9.64,9.64,709000
2012-10-08,9.64,9.67,9.55,9.55,718000
2012-10-09,9.55,9.61,9.49,9.52,829000
2012-10-11,9.21,9.46,9.21,9.27,1788000
2012-10-12,9.24,9.36,9.21,9.24,663000
2012-10-15,9.24,9.3,9.06,9.06,1003000
2012-10-16,9.09,9.18,9.09,9.12,712000
2012-10-17,9.15,9.24,9.15,9.15,740000
2012-10-18,9.27,9.36,9.18,9.24,943000
2012-10-19,9.21,9.24,9.12,9.12,540000
2012-10-22,8.96,9.03,8.87,9.0,720000
2012-10-23,9.03,9.21,9.0,9.12,768000
2012-10-24,9.03,9.15,9.03,9.06,319000
2012-10-25,9.03,9.18,8.9,8.9,555000
2012-10-26,8.9,9.0,8.32,8.38,2553000
2012-10-29,8.41,8.5,8.14,8.17,1356000
2012-10-30,8.72,8.72,8.6,8.72,855000
2012-10-31,8.9,9.06,8.78,8.9,3074000
2012-11-01,8.9,8.96,8.72,8.96,1938000
2012-11-02,9.09,9.12,8.9,8.93,1279000
2012-11-05,8.93,8.93,8.81,8.93,884000
2012-11-06,9.03,9.03,8.93,9.0,517000
2012-11-07,9.06,9.09,9.0,9.06,881000
2012-11-08,8.87,9.0,8.87,8.93,1063000
2012-11-09,8.9,9.03,8.87,9.03,861000
2012-11-12,8.93,8.96,8.81,8.87,886000
2012-11-13,8.87,8.9,8.75,8.75,708000
2012-11-14,8.66,8.87,8.66,8.87,836000
2012-11-15,8.78,8.93,8.69,8.87,684000
2012-11-16,8.81,8.93,8.81,8.84,488000
2012-11-19,8.9,8.9,8.78,8.81,367000
2012-11-20,8.87,8.9,8.72,8.75,466000
2012-11-21,8.78,8.78,8.53,8.6,1056000
2012-11-22,8.6,8.69,8.53,8.63,757000
2012-11-23,8.63,8.87,8.63,8.84,1282000
2012-11-26,8.9,9.0,8.87,8.96,1023000
2012-11-27,9.0,9.0,8.9,8.96,570000
2012-11-28,8.96,9.12,8.9,9.03,958000
2012-11-29,9.12,9.43,9.06,9.21,5832
2012-11-30,9.27,9.36,9.21,9.27,1714000
2012-12-03,9.33,9.39,9.21,9.27,2036000
2012-12-04,9.27,9.52,9.27,9.46,2301000
2012-12-05,9.46,9.49,9.33,9.43,1118000
2012-12-06,9.43,9.49,9.36,9.36,978000
2012-12-07,9.43,9.46,9.3,9.3,1022000
2012-12-10,9.3,9.36,9.09,9.18,1135000
2012-12-11,9.27,9.36,9.18,9.33,1827000
2012-12-12,9.43,9.49,9.36,9.46,1418000
2012-12-13,9.46,9.55,9.46,9.52,1453000
2012-12-14,9.49,9.55,9.46,9.49,926000
2012-12-17,9.52,9.64,9.46,9.61,1522000
2012-12-18,9.64,9.7,9.55,9.61,1309000
2012-12-19,9.64,9.7,9.55,9.55,763000
2012-12-20,9.55,9.61,9.39,9.49,944000
2012-12-21,9.46,9.49,9.39,9.46,647000
2012-12-24,9.79,10.07,9.7,9.92,6327
2012-12-25,9.92,10.01,9.82,9.89,2258000
2012-12-26,9.89,9.95,9.82,9.82,1244000
2012-12-27,9.82,9.92,9.79,9.86,908000
2012-12-28,9.86,9.95,9.79,9.92,1661000
2013-01-02,10.01,10.28,9.95,10.1,3768000
2013-01-03,10.19,10.19,10.01,10.04,2494000
2013-01-04,10.01,10.1,10.01,10.04,1207000
2013-01-07,10.13,10.22,10.04,10.04,2376000
2013-01-08,10.04,10.07,9.92,9.98,1448000
2013-01-09,9.95,10.13,9.89,9.98,1469000
2013-01-10,9.98,10.1,9.95,9.95,1986000
2013-01-11,10.07,10.07,9.95,10.01,1578000
2013-01-14,9.92,10.04,9.89,9.92,1120000
2013-01-15,9.92,9.98,9.86,9.92,1148000
2013-01-16,9.92,10.04,9.89,9.92,1121000
2013-01-17,9.95,9.98,9.55,9.64,1693000
2013-01-18,9.79,9.95,9.73,9.95,1862000
2013-01-21,9.82,9.95,9.79,9.89,619000
2013-01-22,9.98,10.01,9.92,9.98,1656000
2013-01-23,9.98,10.04,9.92,9.95,747000
2013-01-24,9.89,9.95,9.82,9.89,728000
2013-01-25,9.95,9.95,9.73,9.76,1159000
2013-01-28,9.82,9.82,9.76,9.79,461000
2013-01-29,9.89,10.04,9.86,9.98,1476000
2013-01-30,10.01,10.01,9.89,9.95,841000
2013-01-31,9.95,9.95,9.82,9.82,1090000
2013-02-01,9.89,10.01,9.86,9.92,1628000
2013-02-04,10.07,10.16,10.04,10.07,4517000
2013-02-05,10.07,10.07,9.92,9.95,1347000
2013-02-06,10.04,10.04,9.95,9.95,962000
2013-02-18,9.89,9.89,9.7,9.73,2664000
2013-02-19,9.73,9.73,9.58,9.67,2159000
2013-02-20,9.7,9.79,9.7,9.73,1614000
2013-02-21,9.73,9.76,9.64,9.76,1143000
2013-02-22,9.7,9.73,9.64,9.64,1559000
2013-02-25,9.64,9.76,9.64,9.73,978000
2013-02-26,9.73,9.86,9.67,9.76,1319000
2013-02-27,9.7,9.82,9.67,9.67,1111000
2013-03-01,9.7,9.79,9.67,9.76,1040000
2013-03-04,9.76,9.79,9.67,9.73,1608000
2013-03-05,9.76,9.86,9.73,9.76,1627000
2013-03-06,9.82,9.82,9.64,9.7,1764000
2013-03-07,9.76,9.76,9.67,9.73,977000
2013-03-08,9.76,9.92,9.7,9.86,2677000
2013-03-11,9.92,9.92,9.7,9.82,1687000
2013-03-12,9.95,9.95,9.82,9.89,1986000
2013-03-13,9.95,9.98,9.82,9.86,1281000
2013-03-14,9.95,9.95,9.82,9.89,990000
2013-03-15,9.89,10.13,9.86,10.04,4043000
2013-03-18,10.01,10.01,9.67,9.73,2975000
2013-03-19,9.76,9.92,9.76,9.89,920000
2013-03-20,9.89,9.92,9.7,9.89,1983000
2013-03-21,9.89,9.98,9.86,9.89,1520000
2013-03-22,9.86,9.95,9.82,9.86,1488000
2013-03-25,9.89,9.92,9.82,9.89,1455000
2013-03-26,9.89,9.95,9.86,9.92,1909000
2013-03-27,10.22,10.59,10.22,10.59,14964
2013-03-28,10.75,10.81,10.62,10.71,16270
2013-03-29,10.71,10.71,10.5,10.65,6822
2013-04-01,10.65,10.65,10.44,10.56,4879000
2013-04-02,10.5,10.71,10.47,10.53,5970
2013-04-03,10.62,10.68,10.59,10.65,3308000
2013-04-08,10.53,10.65,10.28,10.53,5428
2013-04-09,10.53,10.65,10.5,10.56,2444000
2013-04-10,10.62,10.65,10.53,10.56,2591000
2013-04-11,10.56,10.84,10.47,10.75,5740
2013-04-12,10.75,10.75,10.56,10.56,1765000
2013-04-15,10.56,10.65,10.53,10.56,1672000
2013-04-16,10.5,10.62,10.44,10.56,1258000
2013-04-17,10.62,10.71,10.59,10.68,1949000
2013-04-18,10.68,10.9,10.65,10.71,4062000
2013-04-19,10.81,10.84,10.71,10.81,2411000
2013-04-22,10.93,10.93,10.81,10.84,2963000
2013-04-23,10.93,11.24,10.87,11.02,7562
2013-04-24,11.05,11.36,11.05,11.18,6854
2013-04-25,11.05,11.21,10.96,11.05,3337000
2013-04-26,11.05,11.18,10.87,10.87,4098000
2013-04-29,10.9,11.02,10.84,10.96,1943000
2013-04-30,10.99,11.11,10.99,10.99,2364000
2013-05-02,10.84,10.87,10.5,10.65,6412
2013-05-03,10.68,10.78,10.65,10.71,2441000
2013-05-06,10.81,10.87,10.71,10.78,2687000
2013-05-07,10.84,11.05,10.81,10.9,3631000
2013-05-08,10.93,11.02,10.84,10.84,2377000
2013-05-09,10.99,11.18,10.9,11.08,6809
2013-05-10,10.84,10.96,10.84,10.9,2328000
2013-05-13,10.9,10.93,10.65,10.71,2024000
2013-05-14,10.84,10.84,10.71,10.81,1889000
2013-05-15,10.87,10.93,10.81,10.93,1427000
2013-05-16,11.05,11.05,10.84,10.84,3271000
2013-05-17,10.93,10.99,10.87,10.96,2169000
2013-05-20,10.96,11.02,10.93,10.99,2000000
2013-05-21,11.05,11.05,10.93,10.96,1903000
2013-05-22,11.02,11.21,10.99,11.18,5543
2013-05-23,11.18,11.27,11.05,11.05,3853000
2013-05-24,11.05,11.08,10.87,10.93,2141000
2013-05-27,10.87,10.99,10.87,10.9,825000
2013-05-28,10.9,10.96,10.87,10.9,945000
2013-05-29,10.96,11.05,10.93,10.93,1343000
2013-05-30,10.99,11.02,10.87,10.9,1087000
2013-05-31,10.93,11.14,10.93,10.99,2888000
2013-06-03,10.93,11.11,10.87,11.05,1415000
2013-06-04,11.05,11.08,10.93,10.96,1745000
2013-06-05,10.93,11.11,10.9,11.11,2407000
2013-06-06,11.05,11.18,11.05,11.14,4028000
2013-06-07,11.18,11.24,10.93,10.93,2758000
2013-06-10,11.11,11.45,11.11,11.27,7696
2013-06-11,11.27,11.39,11.14,11.14,2778000
2013-06-13,10.96,11.08,10.96,10.99,2798000
2013-06-14,11.05,11.11,10.96,10.99,1505000
2013-06-17,11.11,11.21,11.08,11.11,1637000
2013-06-18,11.11,11.27,11.08,11.18,2256000
2013-06-19,11.27,11.33,11.14,11.18,2545000
2013-06-20,11.05,11.27,11.05,11.24,2258000
2013-06-21,11.05,11.42,10.96,11.33,3377000
2013-06-24,11.36,11.61,11.3,11.39,5350
2013-06-25,11.36,11.51,11.14,11.36,3409000
2013-06-26,11.54,11.54,11.3,11.39,4009000
2013-06-27,11.39,11.48,11.33,11.42,3399000
2013-06-28,11.42,11.54,11.39,11.42,2368000
2013-07-01,11.42,11.79,11.42,11.73,5256
2013-07-02,11.79,11.79,11.54,11.67,3123000
2013-07-03,11.67,11.67,11.48,11.64,1948000
2013-07-04,11.67,11.67,11.57,11.61,1462000
2013-07-05,11.61,11.7,11.61,11.61,1464000
2013-07-08,11.67,11.7,11.54,11.61,1392000
2013-07-09,11.64,11.64,11.42,11.54,1743000
2013-07-10,11.48,11.64,11.48,11.51,1377000
2013-07-11,11.57,11.61,11.45,11.51,2658000
2013-07-12,11.51,11.54,11.45,11.48,1925000
2013-07-15,11.48,11.67,11.48,11.67,3034000
2013-07-16,11.67,11.67,11.57,11.64,3499000
2013-07-17,11.61,11.67,11.54,11.61,5034
2013-07-18,11.73,11.87,11.67,11.67,3300000
2013-07-19,11.77,11.77,11.53,11.57,2024000
2013-07-22,11.6,11.8,11.57,11.7,3040000
2013-07-23,11.77,11.8,11.67,11.73,1547000
2013-07-24,11.8,11.8,11.67,11.7,1209000
2013-07-25,11.77,11.87,11.67,11.77,2043000
2013-07-26,11.87,12.07,11.83,11.97,4101000
2013-07-29,11.87,11.97,11.6,11.7,2025000
2013-07-30,11.7,11.83,11.63,11.83,1204000
2013-07-31,11.8,11.8,11.5,11.57,1495000
2013-08-01,11.57,11.6,11.4,11.4,1451000
2013-08-02,11.47,11.57,11.4,11.4,1702000
2013-08-05,11.47,11.6,11.43,11.57,1051000
2013-08-06,11.53,11.8,11.53,11.7,2925000
2013-08-07,11.6,11.63,11.4,11.47,1597000
2013-08-08,11.4,11.53,11.33,11.4,1314000
2013-08-09,11.47,11.53,11.37,11.37,964000
2013-08-12,11.33,11.33,10.77,10.8,3066000
2013-08-13,10.8,10.87,10.73,10.8,1069000
2013-08-14,10.87,10.87,10.7,10.73,1137000
2013-08-15,10.67,10.9,10.67,10.8,1121000
2013-08-16,10.67,10.87,10.67,10.8,1196000
2013-08-19,10.8,10.9,10.73,10.77,546000
2013-08-20,10.77,10.93,10.7,10.77,833000
2013-08-22,10.77,10.87,10.67,10.83,679000
2013-08-23,10.9,11.0,10.9,10.93,982000
2013-08-26,11.0,11.17,11.0,11.1,1155000
2013-08-27,11.1,11.2,10.97,11.0,580000
2013-08-28,11.0,11.0,10.87,10.9,589000
2013-08-29,10.87,10.97,10.87,10.87,620000
2013-08-30,10.87,11.07,10.83,10.97,657000
2013-09-02,10.97,11.2,10.97,10.97,713000
2013-09-03,11.07,11.1,10.9,10.97,951000
2013-09-04,11.03,11.03,10.8,10.87,856000
2013-09-05,10.87,10.93,10.8,10.87,1189000
2013-09-06,10.93,10.93,10.87,10.9,749000
2013-09-09,10.9,11.13,10.87,11.1,2214000
2013-09-10,11.13,11.17,10.9,10.9,1323000
2013-09-11,10.9,10.9,10.73,10.8,858000
2013-09-12,10.73,10.83,10.7,10.73,1415000
2013-09-13,10.73,10.8,10.67,10.77,701000
2013-09-16,10.7,10.8,10.7,10.77,1026000
2013-09-17,10.77,10.77,10.7,10.73,588000
2013-09-18,10.7,10.8,10.7,10.73,586000
2013-09-23,10.8,10.83,10.73,10.73,934000
2013-09-24,10.73,10.83,10.7,10.83,625000
2013-09-25,10.87,10.87,10.77,10.8,705000
2013-09-26,10.87,10.87,10.73,10.73,688000
2013-09-27,10.73,10.8,10.7,10.8,624000
2013-09-30,10.8,10.8,10.7,10.73,507000
2013-10-01,10.7,10.8,10.7,10.73,561000
2013-10-02,10.73,10.8,10.73,10.73,581000
2013-10-03,10.8,10.93,10.77,10.87,1340000
2013-10-04,10.9,10.9,10.8,10.83,921000
2013-10-07,10.93,11.0,10.87,10.97,1120000
2013-10-08,10.97,11.0,10.8,10.87,884000
2013-10-09,10.87,10.93,10.77,10.77,576000
2013-10-11,10.77,10.83,10.73,10.73,847000
2013-10-14,10.73,10.73,10.4,10.4,1534000
2013-10-15,10.4,10.53,10.4,10.5,1020000
2013-10-16,10.5,10.53,10.43,10.5,623000
2013-10-17,10.53,10.6,10.53,10.6,383000
2013-10-18,10.6,10.8,10.6,10.8,1012000
2013-10-21,10.67,10.77,10.67,10.7,520000
2013-10-22,10.7,10.77,10.63,10.67,410000
2013-10-23,10.6,10.7,10.6,10.6,437000
2013-10-24,10.53,10.63,10.5,10.57,795000
2013-10-25,10.53,10.67,10.5,10.53,589000
2013-10-28,10.57,10.57,10.47,10.53,788000
2013-10-29,10.47,10.53,10.4,10.53,836000
2013-10-30,10.5,10.9,10.5,10.83,2403000
2013-10-31,10.77,10.93,10.7,10.7,1617000
2013-11-01,10.7,10.8,10.53,10.57,766000
2013-11-04,10.57,10.6,10.47,10.47,663000
2013-11-05,10.63,10.67,10.5,10.5,731000
2013-11-06,10.5,10.73,10.5,10.67,1483000
2013-11-07,10.67,10.73,10.6,10.7,726000
2013-11-08,10.7,10.7,10.53,10.57,648000
2013-11-11,10.47,10.57,10.43,10.57,1219000
2013-11-12,10.73,10.93,10.6,10.6,3784000
2013-11-13,10.53,10.6,10.47,10.53,739000
2013-11-14,10.47,10.57,10.43,10.43,1172000
2013-11-15,10.47,10.53,10.4,10.4,784000
2013-11-18,10.43,10.5,9.87,9.93,2162000
2013-11-19,9.93,10.1,9.93,10.1,876000
2013-11-20,10.07,10.13,10.0,10.07,797000
2013-11-21,10.03,10.07,9.93,10.0,791000
2013-11-22,10.0,10.1,9.97,9.97,459000
2013-11-25,9.97,10.07,9.93,10.0,656000
2013-11-26,9.97,10.1,9.93,10.1,502000
2013-11-27,10.2,10.23,10.17,10.17,883000
2013-11-28,10.2,10.3,10.17,10.17,606000
2013-11-29,10.2,10.27,10.13,10.2,554000
2013-12-02,10.2,10.2,10.13,10.2,392000
2013-12-03,10.27,10.27,10.13,10.2,450000
2013-12-04,10.13,10.2,10.1,10.17,860000
2013-12-05,10.17,10.23,10.13,10.13,666000
2013-12-06,10.13,10.2,10.1,10.13,1099000
2013-12-09,10.2,10.63,10.2,10.5,3621000
2013-12-10,10.5,10.53,10.27,10.33,1166000
2013-12-11,10.37,10.5,10.3,10.4,889000
2013-12-12,10.33,10.33,10.2,10.27,916000
2013-12-13,10.2,10.3,10.2,10.23,547000
2013-12-16,10.27,10.27,10.1,10.1,702000
2013-12-17,10.13,10.17,10.0,10.07,1485000
2013-12-18,10.07,10.1,9.97,10.07,1692000
2013-12-19,10.07,10.13,10.03,10.07,667000
2013-12-20,10.1,10.13,10.07,10.1,573000
2013-12-23,10.1,10.17,10.1,10.1,567000
2013-12-24,10.13,10.17,10.1,10.17,492000
2013-12-25,10.17,10.33,10.17,10.27,1139000
2013-12-26,10.3,10.33,10.27,10.3,543000
2013-12-27,10.3,10.6,10.23,10.6,2453000
2013-12-30,10.67,10.67,10.5,10.5,3234000
2013-12-31,10.5,10.6,10.5,10.5,872000
2014-01-02,10.53,10.77,10.53,10.7,2419000
2014-01-03,10.6,10.67,10.5,10.57,1363000
2014-01-06,10.57,10.63,10.5,10.53,438000
2014-01-07,10.5,10.87,10.5,10.73,3162000
2014-01-08,10.8,11.07,10.7,10.87,4098000
2014-01-09,10.97,10.97,10.77,10.8,2833000
2014-01-10,10.9,11.07,10.83,11.07,4310000
2014-01-13,11.3,11.57,11.27,11.27,15014
2014-01-14,11.07,11.3,11.07,11.3,4182000
2014-01-15,11.33,11.43,11.2,11.2,3797000
2014-01-16,11.4,11.4,11.13,11.13,3170000
2014-01-17,11.13,11.2,11.07,11.07,1882000
2014-01-20,11.13,11.13,10.93,10.97,2411000
2014-01-21,10.93,11.13,10.93,11.07,1900000
2014-01-22,10.93,11.37,10.93,11.33,4871000
2014-01-23,11.3,11.4,11.2,11.33,4140000
2014-01-24,11.2,11.33,11.13,11.17,3691000
2014-01-27,11.0,11.03,10.87,10.9,1556000
2014-02-05,10.73,10.83,10.67,10.77,1355000
2014-02-06,10.77,10.93,10.77,10.9,1155000
2014-02-07,11.0,11.13,10.97,11.07,1275000
2014-02-10,11.07,11.23,10.97,11.23,2203000
2014-02-11,11.07,11.23,11.07,11.1,3461000
2014-02-12,11.13,11.17,11.07,11.13,1075000
2014-02-13,11.13,11.17,11.07,11.13,757000
2014-02-14,11.17,11.43,11.17,11.23,4895000
2014-02-17,11.27,11.67,11.23,11.47,6180
2014-02-18,11.47,11.87,11.43,11.6,9699
2014-02-19,11.63,11.67,11.47,11.47,2789000
2014-02-20,11.47,11.63,11.37,11.37,2542000
2014-02-21,11.43,11.5,11.37,11.37,1589000
2014-02-24,11.37,11.43,11.27,11.27,1786000
2014-02-25,11.3,11.43,11.3,11.3,1768000
2014-02-26,11.33,11.63,11.33,11.57,3581000
2014-02-27,11.67,11.67,11.43,11.43,2412000
2014-03-03,11.4,11.43,11.33,11.33,1397000
2014-03-04,11.33,11.57,11.23,11.5,2291000
2014-03-05,11.63,11.8,11.5,11.67,7786
2014-03-06,11.67,12.33,11.67,11.87,11561
2014-03-07,12.0,12.0,11.47,11.57,3949000
2014-03-10,11.53,11.63,11.47,11.6,1233000
2014-03-11,11.6,11.6,11.47,11.53,1825000
2014-03-12,11.5,11.53,11.4,11.47,1229000
2014-03-13,11.47,11.57,11.4,11.4,1599000
2014-03-14,11.33,11.6,11.33,11.43,1358000
2014-03-17,11.43,11.53,11.43,11.5,778000
2014-03-18,11.53,11.67,11.47,11.47,1593000
2014-03-19,11.53,11.53,11.3,11.33,1384000
2014-03-20,11.23,11.27,11.17,11.2,1255000
2014-03-21,11.2,11.33,11.07,11.33,1686000
2014-03-24,11.2,11.27,11.07,11.2,662000
2014-03-25,11.2,11.4,11.2,11.4,924000
2014-03-26,11.4,11.43,11.27,11.27,1012000
2014-03-27,11.3,11.43,11.27,11.4,950000
2014-03-28,11.4,11.53,11.27,11.33,1916000
2014-03-31,11.27,11.4,11.23,11.33,3371000
2014-04-01,11.33,11.5,11.3,11.3,7186
2014-04-02,11.3,11.4,11.23,11.3,2948000
2014-04-03,11.23,11.3,11.2,11.23,2742000
2014-04-07,11.23,11.37,11.13,11.33,1964000
2014-04-08,11.33,11.97,11.3,11.83,13565
2014-04-09,12.1,12.43,11.93,12.33,19592
2014-04-10,12.57,12.7,12.17,12.6,17687
2014-04-11,12.5,13.17,12.37,12.77,30145
2014-04-14,13.0,13.13,12.77,12.9,12747
2014-04-15,13.0,13.0,12.7,12.9,9829
2014-04-16,13.0,13.4,13.0,13.03,11950
2014-04-17,13.2,13.33,12.93,12.97,9285
2014-04-18,13.07,13.13,12.67,12.87,5993
2014-04-21,12.9,12.97,12.67,12.97,5031
2014-04-22,13.07,13.87,12.93,13.77,37969
2014-04-23,13.4,13.4,12.87,12.87,23695
2014-04-24,12.87,12.97,12.37,12.73,9538
2014-04-25,12.73,12.8,11.87,11.93,13026
2014-04-28,11.87,12.3,11.7,12.2,6754
2014-04-29,12.27,12.47,12.03,12.23,10246
2014-04-30,12.23,12.27,11.83,11.97,4183000
2014-05-02,12.0,12.27,12.0,12.17,3003000
2014-05-05,12.27,12.33,11.93,12.0,3329000
2014-05-06,11.93,12.3,11.93,12.2,5517
2014-05-07,12.2,12.2,12.0,12.03,3980000
2014-05-08,12.13,12.13,11.93,11.97,3564000
2014-05-09,12.0,12.1,11.87,11.87,2828000
2014-05-12,11.83,12.1,11.73,11.87,3075000
2014-05-13,12.07,12.07,11.77,11.87,2278000
2014-05-14,11.9,11.9,11.73,11.8,1659000
2014-05-15,11.8,11.87,11.57,11.7,2593000
2014-05-16,11.7,12.07,11.6,11.93,4910000
2014-05-19,12.0,12.1,11.9,11.97,2321000
2014-05-20,12.03,12.1,11.93,11.97,1829000
2014-05-21,11.93,12.2,11.93,12.17,6749
2014-05-22,12.23,12.27,12.1,12.17,4925000
2014-05-23,12.27,12.27,12.1,12.2,3260000
2014-05-26,12.2,12.33,12.2,12.27,4808000
2014-05-27,12.3,12.33,12.13,12.13,2504000
2014-05-28,12.13,12.33,12.13,12.3,3920000
2014-05-29,12.33,12.6,12.27,12.53,6898
2014-05-30,12.8,13.13,12.8,12.87,17563
2014-06-03,12.87,12.87,12.57,12.7,4934000
2014-06-04,12.87,12.93,12.7,12.8,3205000
2014-06-05,12.8,13.0,12.8,12.83,4111000
2014-06-06,13.0,13.0,12.73,12.73,3405000
2014-06-09,12.87,12.93,12.73,12.73,3270000
2014-06-10,12.77,12.83,12.6,12.7,3338000
2014-06-11,12.77,12.9,12.73,12.73,3576000
2014-06-12,12.8,12.87,12.73,12.83,4263000
2014-06-13,12.83,12.97,12.77,12.87,3601000
2014-06-16,12.97,13.07,12.77,12.83,5271
2014-06-17,12.83,12.83,12.6,12.7,3263000
2014-06-18,12.73,12.83,12.67,12.7,4367000
2014-06-19,12.73,12.9,12.7,12.87,3604000
2014-06-20,12.9,13.2,12.9,12.97,13036
2014-06-23,12.9,12.97,12.4,12.47,6966
2014-06-24,12.47,12.77,12.47,12.7,2968000
2014-06-25,12.67,12.87,12.53,12.83,3528000
2014-06-26,13.07,13.2,12.97,13.0,8033
2014-06-27,13.0,13.07,12.9,12.93,2667000
2014-06-30,12.93,13.07,12.83,13.0,3592000
2014-07-01,13.13,13.17,13.0,13.0,4132000
2014-07-02,13.03,13.1,12.77,12.93,6900
2014-07-03,13.02,13.12,13.02,13.05,5718
2014-07-04,13.05,13.12,12.95,13.05,2447000
2014-07-07,12.98,13.44,12.95,13.19,5055
2014-07-08,13.19,13.19,13.02,13.05,2144000
2014-07-09,13.09,13.19,12.88,13.19,7810
2014-07-10,13.23,13.37,12.98,12.98,11775
2014-07-11,12.88,12.98,12.46,12.53,4853000
2014-07-14,12.6,12.67,12.42,12.56,2453000
2014-07-15,12.74,12.74,12.6,12.7,1445000
2014-07-16,12.7,12.88,12.63,12.84,3063000
2014-07-17,12.84,12.95,12.7,12.95,2486000
2014-07-18,12.88,13.02,12.81,12.95,4621000
2014-07-21,13.12,13.33,13.05,13.12,9459
2014-07-22,13.16,13.19,13.02,13.09,2105000
2014-07-23,13.09,13.09,13.09,13.09,0
2014-07-24,13.3,13.3,13.02,13.05,1783000
2014-07-25,13.05,13.09,12.81,12.91,2506000
2014-07-28,12.81,12.88,12.74,12.74,1549000
2014-07-29,12.77,12.88,12.6,12.6,1425000
2014-07-30,12.6,12.7,12.6,12.67,1180000
2014-07-31,12.7,12.81,12.6,12.74,957000
2014-08-01,12.6,12.7,12.53,12.63,895000
2014-08-04,12.6,12.74,12.49,12.7,1119000
2014-08-05,12.67,12.7,12.56,12.56,1173000
2014-08-06,12.6,12.6,12.25,12.35,1399000
2014-08-07,12.35,12.46,12.11,12.11,1757000
2014-08-08,12.11,12.14,11.9,12.07,1813000
2014-08-11,12.07,12.25,12.07,12.18,977000
2014-08-12,12.18,12.21,12.11,12.18,664000
2014-08-13,12.18,12.67,12.18,12.67,2790000
2014-08-14,12.74,12.77,12.53,12.53,3102000
2014-08-15,12.53,12.53,12.39,12.39,931000
2014-08-18,12.49,12.49,12.11,12.18,834000
2014-08-19,12.25,12.53,12.25,12.42,955000
2014-08-20,12.56,12.56,12.14,12.32,804000
2014-08-21,12.32,12.56,12.25,12.32,712000
2014-08-22,12.18,12.39,12.18,12.28,951000
2014-08-25,12.25,12.39,12.14,12.35,844000
2014-08-26,12.35,12.53,12.35,12.49,1678000
2014-08-27,12.56,12.74,12.42,12.74,2691000
2014-08-28,12.77,12.95,12.74,12.77,9129
2014-08-29,12.74,12.77,12.63,12.74,1437000
2014-09-01,12.6,12.88,12.6,12.7,2071000
2014-09-02,12.7,12.7,12.46,12.49,1461000
2014-09-03,12.56,12.6,12.49,12.56,984000
2014-09-04,12.6,12.67,12.53,12.53,781000
2014-09-05,12.56,12.7,12.35,12.7,1068000
2014-09-09,12.81,12.88,12.67,12.74,4686000
2014-09-10,12.81,13.09,12.63,12.95,7539
2014-09-11,13.02,13.05,12.74,12.74,9119
2014-09-12,12.74,12.88,12.46,12.49,2189000
2014-09-15,12.46,12.53,12.32,12.35,1389000
2014-09-16,12.35,12.49,12.32,12.32,925000
2014-09-17,12.53,12.53,12.18,12.28,2550000
2014-09-18,12.32,12.35,12.21,12.28,823000
2014-09-19,12.32,12.46,12.32,12.42,978000
2014-09-22,12.39,12.39,12.25,12.25,732000
2014-09-23,12.25,12.42,12.25,12.25,622000
2014-09-24,12.25,12.42,12.25,12.42,835000
2014-09-25,12.46,12.53,12.25,12.35,1306000
2014-09-26,12.25,12.32,12.11,12.14,1170000
2014-09-29,12.25,12.32,12.14,12.28,595000
2014-09-30,12.32,12.46,12.11,12.42,1220000
2014-10-01,12.28,12.42,12.28,12.28,689000
2014-10-02,12.25,12.32,12.18,12.25,1026000
2014-10-03,12.28,12.46,12.28,12.39,725000
2014-10-06,12.46,12.46,12.25,12.32,708000
2014-10-07,12.25,12.32,12.14,12.25,917000
2014-10-08,12.11,12.18,12.04,12.04,784000
2014-10-09,12.07,12.14,11.72,11.76,1580000
2014-10-13,11.41,11.41,10.95,10.95,2872000
2014-10-14,10.57,10.95,10.57,10.92,1745000
2014-10-15,10.92,10.92,10.78,10.78,759000
2014-10-16,10.57,10.78,10.29,10.67,1809000
2014-10-17,10.67,10.78,10.29,10.29,2840000
2014-10-20,10.46,10.57,10.39,10.43,1425000
2014-10-21,10.43,10.71,10.39,10.71,1047000
2014-10-22,10.78,10.95,10.71,10.81,1876000
2014-10-23,10.78,10.95,10.78,10.95,1589000
2014-10-24,10.95,10.95,10.5,10.53,3558000
2014-10-27,10.6,10.64,10.22,10.25,1444000
2014-10-28,10.32,10.5,10.32,10.5,996000
2014-10-29,10.6,10.88,10.57,10.71,2673000
2014-10-30,10.71,10.81,10.64,10.71,1047000
2014-10-31,10.85,10.88,10.74,10.85,892000
2014-11-03,10.99,10.99,10.81,10.88,1001000
2014-11-04,10.92,10.99,10.78,10.81,423000
2014-11-05,10.81,10.88,10.74,10.74,524000
2014-11-06,10.74,10.85,10.6,10.6,453000
2014-11-07,10.6,10.92,10.6,10.78,820000
2014-11-10,10.85,10.88,10.78,10.81,758000
2014-11-11,10.85,10.92,10.78,10.78,1246000
2014-11-12,10.71,10.74,10.57,10.57,972000
2014-11-13,10.5,10.5,10.29,10.43,1818000
2014-11-14,10.39,10.39,10.29,10.32,1072000
2014-11-17,10.29,10.39,10.22,10.22,991000
2014-11-18,10.22,10.29,9.9,9.97,1700000
2014-11-19,9.94,10.11,9.87,9.87,1463000
2014-11-20,9.9,10.04,9.87,9.97,1114000
2014-11-21,10.04,10.22,10.01,10.22,980000
2014-11-24,10.25,10.29,10.08,10.11,982000
2014-11-25,10.11,10.11,10.01,10.08,719000
2014-11-26,10.15,10.15,9.97,9.97,904000
2014-11-27,10.08,10.08,9.94,9.97,633000
2014-11-28,9.97,10.15,9.94,10.08,1907000
2014-12-01,9.8,10.01,9.8,9.97,818000
2014-12-02,10.04,10.04,9.9,10.01,894000
2014-12-03,10.04,10.25,9.97,10.25,1820000
2014-12-04,10.46,10.46,10.29,10.32,4203000
2014-12-05,10.29,10.36,10.18,10.29,3566000
2014-12-08,10.36,10.46,10.29,10.32,2001000
2014-12-09,10.32,10.39,10.18,10.32,1539000
2014-12-10,10.29,10.5,10.29,10.46,2230000
2014-12-11,10.46,10.46,10.36,10.39,886000
2014-12-12,10.39,10.64,10.39,10.5,2392000
2014-12-15,10.46,10.53,10.36,10.46,1431000
2014-12-16,10.46,10.64,10.43,10.57,2053000
2014-12-17,10.57,10.64,10.39,10.39,1316000
2014-12-18,10.5,10.53,10.39,10.39,868000
2014-12-19,10.5,10.57,10.39,10.43,1680000
2014-12-22,10.39,10.67,10.36,10.5,2868000
2014-12-23,10.64,10.64,10.5,10.5,893000
2014-12-24,10.57,10.74,10.53,10.64,2001000
2014-12-25,10.71,10.71,10.64,10.64,872000
2014-12-26,10.64,10.74,10.64,10.71,622000
2014-12-29,10.78,11.34,10.74,11.27,7063
2014-12-30,11.34,11.37,10.99,11.02,3319000
2014-12-31,11.02,11.3,10.95,11.2,2925000
2015-01-05,11.2,11.34,11.09,11.27,1802000
2015-01-06,11.13,11.13,10.99,10.99,1845000
2015-01-07,10.99,11.13,10.99,11.06,945000
2015-01-08,11.2,11.23,11.06,11.06,1066000
2015-01-09,11.2,11.2,11.06,11.16,1009000
2015-01-12,11.2,11.2,11.06,11.06,1054000
2015-01-13,11.06,11.3,11.02,11.2,1885000
2015-01-14,11.2,11.27,11.09,11.16,938000
2015-01-15,11.2,11.62,11.16,11.41,4197000
2015-01-16,11.41,11.41,11.06,11.13,2459000
2015-01-19,11.23,11.27,11.06,11.13,1250000
2015-01-20,11.13,11.13,11.06,11.09,2360000
2015-01-21,11.16,11.16,10.95,10.99,1183000
2015-01-22,11.09,11.13,10.99,11.06,785000
2015-01-23,11.06,11.16,10.99,11.06,1581000
2015-01-26,11.06,11.13,11.02,11.06,801000
2015-01-27,11.13,11.13,11.02,11.02,899000
2015-01-28,11.02,11.23,11.02,11.09,1114000
2015-01-29,11.09,11.13,11.02,11.06,877000
2015-01-30,11.06,11.09,10.95,10.95,763000
2015-02-02,10.95,11.02,10.92,10.92,480000
2015-02-03,10.92,11.02,10.92,10.95,425000
2015-02-04,11.06,11.06,10.92,10.95,617000
2015-02-05,10.95,10.99,10.92,10.99,312000
2015-02-06,10.99,11.37,10.99,11.34,4944000
2015-02-09,11.34,11.37,11.2,11.23,4815000
2015-02-10,11.23,11.27,11.06,11.06,1709000
2015-02-11,10.99,10.99,10.88,10.92,1798000
2015-02-12,10.95,10.99,10.88,10.88,528000
2015-02-13,10.99,10.99,10.88,10.92,711000
2015-02-24,10.95,11.06,10.95,11.02,668000
2015-02-25,11.16,11.44,11.06,11.41,4885000
2015-02-26,11.48,11.55,11.34,11.37,10001
2015-03-02,11.37,11.37,11.16,11.2,2122000
2015-03-03,11.23,11.27,11.16,11.23,1024000
2015-03-04,11.2,11.27,11.16,11.23,784000
2015-03-05,11.23,11.34,11.23,11.27,784000
2015-03-06,11.27,11.34,11.23,11.3,716000
2015-03-09,11.23,11.3,11.23,11.3,1009000
2015-03-10,11.41,11.62,11.41,11.41,2913000
2015-03-11,11.27,11.41,11.27,11.37,1135000
2015-03-12,11.37,11.37,11.2,11.27,2059000
2015-03-13,11.34,11.34,11.23,11.23,939000
2015-03-16,11.3,11.3,11.23,11.23,806000
2015-03-17,11.23,11.3,11.16,11.2,1043000
2015-03-18,11.2,11.23,11.13,11.13,1348000
2015-03-19,11.2,11.41,11.16,11.37,3499000
2015-03-20,11.37,11.41,11.23,11.23,1293000
2015-03-23,11.44,11.48,11.3,11.34,3228000
2015-03-24,11.41,11.55,11.37,11.55,3351000
2015-03-25,11.55,11.58,11.37,11.44,1928000
2015-03-26,11.37,11.55,11.34,11.48,1670000
2015-03-27,11.48,11.55,11.37,11.48,3047000
2015-03-30,11.48,11.51,11.37,11.41,1501000
2015-03-31,11.44,11.51,11.34,11.37,1868000
2015-04-01,11.37,11.41,11.3,11.3,1011000
2015-04-02,11.3,11.37,11.27,11.27,1705000
2015-04-07,11.27,11.34,11.23,11.27,2034000
2015-04-08,11.27,11.34,11.27,11.3,1064000
2015-04-09,11.34,11.41,11.27,11.3,1744000
2015-04-10,11.34,11.37,11.3,11.37,1229000
2015-04-13,11.37,11.44,11.34,11.37,1450000
2015-04-14,11.41,11.55,11.34,11.34,3881000
2015-04-15,11.34,11.37,11.27,11.34,1999000
2015-04-16,11.41,11.48,11.34,11.37,4019000
2015-04-17,11.37,11.44,11.27,11.3,2210000
2015-04-20,11.27,11.34,11.2,11.27,2501000
2015-04-21,11.37,11.44,11.16,11.2,3657000
2015-04-22,11.2,11.27,11.09,11.16,2186000
2015-04-23,11.2,11.3,11.16,11.23,1850000
2015-04-24,11.27,11.3,11.2,11.2,1313000
2015-04-27,11.27,11.37,11.2,11.2,1976000
2015-04-28,11.27,11.27,11.16,11.2,1401000
2015-04-29,11.2,11.27,11.13,11.13,1530000
2015-04-30,11.23,11.23,11.09,11.16,1029000
2015-05-04,11.13,11.2,11.06,11.06,1202000
2015-05-05,11.09,11.13,11.02,11.06,836000
2015-05-06,11.02,11.2,10.99,11.2,1505000
2015-05-07,11.2,11.2,11.06,11.06,785000
2015-05-08,11.09,11.09,10.95,10.99,1233000
2015-05-11,11.02,11.06,10.5,10.74,2385000
2015-05-12,10.71,10.78,10.53,10.74,2310000
2015-05-13,10.74,10.92,10.67,10.88,1565000
2015-05-14,10.85,10.85,10.71,10.78,679000
2015-05-15,10.78,10.85,10.71,10.81,829000
2015-05-18,10.81,10.81,10.43,10.6,1887000
2015-05-19,10.67,10.74,10.57,10.71,706000
2015-05-20,10.74,10.78,10.64,10.78,734000
2015-05-21,10.67,10.71,10.64,10.71,850000
2015-05-22,10.57,10.81,10.57,10.78,684000
2015-05-25,10.78,10.78,10.71,10.71,425000
2015-05-26,10.78,10.78,10.67,10.71,369000
2015-05-27,10.71,10.78,10.67,10.74,822000
2015-05-28,10.81,10.92,10.78,10.85,912000
2015-05-29,10.88,10.92,10.81,10.81,605000
2015-06-01,10.81,10.81,10.6,10.64,636000
2015-06-02,10.6,10.78,10.57,10.71,651000
2015-06-03,10.81,10.88,10.67,10.67,922000
2015-06-04,10.67,10.78,10.57,10.57,936000
2015-06-05,10.5,10.64,10.43,10.5,1699000
2015-06-08,10.5,10.57,10.39,10.5,691000
2015-06-09,10.43,10.46,9.83,9.87,2205000
2015-06-10,10.01,10.22,10.01,10.18,831000
2015-06-11,10.25,10.25,10.04,10.11,577000
2015-06-12,10.11,10.18,10.01,10.04,763000
2015-06-15,10.08,10.11,10.01,10.11,373000
2015-06-16,10.08,10.11,9.97,10.01,420000
2015-06-17,10.01,10.11,9.94,10.11,771000
2015-06-18,10.08,10.25,10.01,10.15,732000
2015-06-22,10.25,10.29,10.18,10.29,694000
2015-06-23,10.36,10.39,10.25,10.36,774000
2015-06-24,10.36,10.39,10.25,10.29,463000
2015-06-25,10.32,10.39,10.29,10.32,403000
2015-06-26,10.32,10.39,10.29,10.32,442000
2015-06-29,10.29,10.29,10.18,10.22,772000
2015-06-30,10.29,10.36,10.22,10.29,505000
2015-07-01,10.29,10.46,10.29,10.43,930000
2015-07-02,10.43,10.5,10.39,10.43,486000
2015-07-03,10.43,10.5,10.36,10.43,903000
2015-07-06,10.29,10.36,10.29,10.29,651000
2015-07-07,10.32,10.39,10.29,10.36,1356000
2015-07-08,10.32,10.32,10.01,10.01,2694000
2015-07-09,10.1,10.1,9.61,10.06,2079000
2015-07-10,10.06,10.06,10.06,10.06,0
2015-07-13,10.18,10.33,10.18,10.21,1168000
2015-07-14,10.29,10.37,10.14,10.14,1574000
2015-07-15,10.21,10.25,10.06,10.18,785000
2015-07-16,10.18,10.25,10.14,10.21,774000
2015-07-17,10.25,10.29,10.18,10.21,362000
2015-07-20,10.29,10.33,10.18,10.25,392000
2015-07-21,10.25,10.25,10.14,10.18,487000
2015-07-22,10.1,10.18,10.06,10.06,554000
2015-07-23,9.95,10.06,9.87,9.91,569000
2015-07-24,9.95,9.95,9.76,9.8,601000
2015-07-27,9.76,9.84,9.38,9.53,1601000
2015-07-28,9.57,9.72,9.53,9.65,613000
2015-07-29,9.76,9.76,9.57,9.65,728000
2015-07-30,9.76,9.8,9.68,9.8,536000
2015-07-31,9.84,9.91,9.72,9.87,439000
2015-08-03,9.91,9.91,9.72,9.84,407000
2015-08-04,9.87,9.91,9.68,9.68,591000
2015-08-05,9.68,9.95,9.61,9.91,1402000
2015-08-06,9.84,9.91,9.68,9.72,499000
2015-08-07,9.53,9.8,9.53,9.76,434000
2015-08-10,9.8,9.99,9.8,9.87,646000
2015-08-11,9.87,9.95,9.76,9.8,1021000
2015-08-12,10.06,10.14,9.99,10.03,1911000
2015-08-13,10.06,10.18,10.03,10.14,960000
2015-08-14,10.14,10.21,10.06,10.21,475000
2015-08-17,10.18,10.44,10.18,10.44,1007000
2015-08-18,10.52,10.59,10.37,10.37,2795000
2015-08-19,10.29,10.44,10.21,10.21,1370000
2015-08-20,10.21,10.48,10.18,10.33,969000
2015-08-21,10.29,10.52,10.21,10.4,1877000
2015-08-24,10.33,10.48,9.38,9.72,4732000
2015-08-25,9.46,9.95,9.46,9.87,1560000
2015-08-26,9.84,9.95,9.68,9.91,1041000
2015-08-27,10.14,10.33,10.1,10.21,2159000
2015-08-28,10.37,10.44,10.25,10.25,1684000
2015-08-31,10.25,10.48,10.25,10.4,1528000
2015-09-01,10.4,10.63,10.4,10.48,1513000
2015-09-02,10.29,10.48,10.21,10.48,1227000
2015-09-03,10.55,10.59,10.4,10.55,1819000
2015-09-04,10.55,10.59,10.33,10.33,1047000
2015-09-07,10.25,10.4,10.25,10.33,659000
2015-09-08,10.33,10.52,10.29,10.33,421000
2015-09-09,10.52,10.55,10.4,10.52,1313000
2015-09-10,10.55,10.9,10.55,10.82,2858000
2015-09-11,10.86,10.97,10.82,10.9,1792000
2015-09-14,10.93,10.93,10.63,10.67,1651000
2015-09-15,10.78,10.86,10.67,10.74,731000
2015-09-16,10.86,10.9,10.71,10.82,935000
2015-09-17,10.86,10.9,10.78,10.82,918000
2015-09-18,10.82,11.08,10.78,10.97,2739000
2015-09-21,10.9,11.2,10.82,11.12,2032000
2015-09-22,11.12,11.35,11.12,11.35,2445000
2015-09-23,11.24,11.46,11.24,11.35,3015000
2015-09-24,11.43,11.54,11.16,11.27,3057000
2015-09-25,11.35,11.43,11.24,11.27,1373000
2015-09-29,11.27,11.27,11.27,11.27,0
2015-09-30,11.16,11.77,11.16,11.69,3782000
2015-10-01,11.73,11.88,11.65,11.73,2143000
2015-10-02,11.73,11.99,11.61,11.84,2696000
2015-10-05,11.95,12.07,11.88,11.92,1945000
2015-10-06,11.99,12.11,11.84,11.95,1759000
2015-10-07,11.95,12.11,11.95,12.03,1626000
2015-10-08,12.07,12.11,11.73,11.8,2101000
2015-10-12,12.14,12.41,12.11,12.26,4955000
2015-10-13,12.48,12.64,12.33,12.64,5587
2015-10-14,12.64,12.82,12.56,12.6,4295000
2015-10-15,12.71,13.01,12.64,12.86,6117
2015-10-16,13.01,13.01,12.67,12.9,3659000
2015-10-19,12.94,13.01,12.75,12.86,3675000
2015-10-20,13.01,13.69,13.01,13.39,11529
2015-10-21,13.54,14.07,13.54,13.92,11859
2015-10-22,14.0,14.34,13.88,14.04,10660
2015-10-23,14.26,14.45,14.15,14.38,12143
2015-10-26,14.68,15.36,14.68,15.13,15207
2015-10-27,15.28,15.47,14.91,15.32,13602
2015-10-28,15.4,15.62,15.02,15.28,10769
2015-10-29,15.44,15.47,14.64,14.75,11479
2015-10-30,15.09,15.59,14.6,15.44,15930
2015-11-02,15.78,15.96,15.51,15.78,11481
2015-11-03,15.59,15.66,15.02,15.13,12054
2015-11-04,15.4,15.85,15.25,15.59,16245
2015-11-05,15.89,17.14,15.81,16.8,31524
2015-11-06,16.8,17.44,16.46,17.36,22157
2015-11-09,17.93,18.01,16.68,17.4,26437
2015-11-10,16.27,17.14,16.27,16.99,14721
2015-11-11,17.36,17.59,16.95,16.95,13207
2015-11-12,17.25,17.36,16.27,17.21,15460
2015-11-13,17.18,18.92,17.18,18.61,46072
2015-11-16,18.84,20.43,18.54,20.43,32408
2015-11-17,20.05,20.32,19.67,19.97,24536
2015-11-18,19.79,19.94,19.03,19.29,24657
2015-11-19,19.75,20.09,19.48,19.67,18904
2015-11-20,19.71,19.9,19.18,19.75,16108
2015-11-23,20.39,20.58,18.95,18.95,28765
2015-11-24,18.92,19.67,18.31,19.41,26022
2015-11-25,20.05,21.34,19.97,21.34,42792
2015-11-26,21.45,21.9,20.88,21.19,24337
2015-11-27,20.88,20.96,20.43,20.77,13031
2015-11-30,20.88,21.34,20.32,20.62,12491
2015-12-01,20.88,21.11,20.47,20.96,9593
2015-12-02,21.49,22.47,20.96,21.26,20905
2015-12-03,20.92,21.45,20.81,21.11,8923
2015-12-04,21.11,21.37,20.96,21.11,6291
2015-12-07,21.37,21.56,21.19,21.41,5913
2015-12-08,21.45,22.51,21.45,21.94,14217
2015-12-09,21.94,21.94,20.62,20.77,12400
2015-12-10,21.19,22.09,21.19,21.79,17494
2015-12-11,22.24,22.32,21.07,21.07,9218
2015-12-14,20.66,20.77,19.94,20.28,16188
2015-12-15,20.73,22.24,20.54,22.02,16406
2015-12-16,22.02,24.21,21.87,24.21,36191
2015-12-17,24.14,24.51,23.53,24.36,19851
2015-12-18,24.14,24.63,23.64,24.36,13607
2015-12-21,24.21,24.55,23.76,23.91,8521
2015-12-22,23.99,24.17,23.3,23.46,7431
2015-12-23,23.8,25.38,23.68,24.63,20136
2015-12-24,24.74,24.82,23.61,23.99,7622
2015-12-25,23.95,24.33,23.49,24.21,4018000
2015-12-28,24.36,24.4,23.91,24.06,2986000
2015-12-29,24.06,24.06,23.15,23.34,5690
2015-12-30,23.34,24.17,23.3,23.61,6034
2015-12-31,23.8,24.33,23.57,24.17,4811000
2016-01-04,24.21,24.55,23.91,24.17,5034
2016-01-05,24.1,25.73,23.8,25.16,12782
2016-01-06,25.38,27.2,25.12,26.71,20412
2016-01-07,26.48,26.52,24.06,24.7,18481
2016-01-08,23.83,25.54,23.72,25.35,15012
2016-01-11,25.35,25.99,24.33,25.08,11198
2016-01-12,25.23,25.57,23.95,24.1,10529
2016-01-13,24.74,25.12,24.51,24.74,7980
2016-01-14,24.21,24.33,23.08,23.49,11825
2016-01-15,24.1,24.1,22.09,22.13,15811
2016-01-18,22.02,24.33,22.02,24.33,15239
2016-01-19,24.97,26.71,24.74,26.48,20432
2016-01-20,26.03,26.48,24.29,24.51,13183
2016-01-21,25.2,26.22,24.55,25.73,16501
2016-01-22,26.48,26.9,25.04,25.73,13905
2016-01-25,25.57,26.75,25.42,26.33,10057
2016-01-26,26.25,27.43,26.18,26.67,15102
2016-01-27,26.94,27.58,26.29,27.5,14533
2016-01-28,27.5,27.77,26.9,26.94,11685
2016-01-29,26.86,26.94,25.61,25.73,13124
2016-02-01,25.61,25.69,24.82,24.82,12474
2016-02-02,25.35,25.54,24.67,24.74,10754
2016-02-03,24.93,25.2,24.59,25.16,7979
2016-02-15,24.51,24.89,23.72,23.91,12584
2016-02-16,24.06,24.55,23.87,24.36,9270
2016-02-17,24.59,24.63,24.06,24.21,6695
2016-02-18,24.44,25.95,24.21,25.88,18552
2016-02-19,25.38,25.5,24.86,24.93,10183
2016-02-22,24.78,25.61,24.78,24.86,7662
2016-02-23,25.12,25.2,24.74,24.78,5522
2016-02-24,24.74,25.12,24.21,24.25,6687
2016-02-25,24.51,24.59,23.95,23.95,6794
2016-02-26,24.14,24.7,24.14,24.48,8331
2016-03-01,24.74,26.33,24.51,25.88,18833
2016-03-02,26.48,27.01,25.88,25.88,23264
2016-03-03,25.88,25.88,25.01,25.04,8581
2016-03-04,25.42,26.18,25.01,26.1,11893
2016-03-07,26.18,27.58,26.1,26.94,21544
2016-03-08,26.94,26.97,25.73,25.99,12397
2016-03-09,26.1,27.2,26.1,26.33,16415
2016-03-10,26.52,27.01,26.22,26.41,8691
2016-03-11,26.75,26.78,25.88,26.48,6723
2016-03-14,26.86,27.09,26.25,26.56,7065
2016-03-15,26.71,26.86,25.57,25.73,7371
2016-03-16,26.1,26.6,25.5,26.41,5861
2016-03-17,26.6,26.63,25.38,25.57,6828
2016-03-18,25.65,25.95,24.82,25.88,10386
2016-03-21,25.88,26.63,25.5,26.44,7745
2016-03-22,26.41,29.05,26.37,28.71,43402
2016-03-23,29.05,29.51,28.15,28.15,19147
2016-03-24,28.0,28.83,27.24,27.47,18814
2016-03-25,27.62,28.64,27.5,27.96,12261
2016-03-28,28.37,28.37,27.73,27.73,5617
2016-03-29,27.73,27.73,26.14,26.63,11877
2016-03-30,26.94,27.2,26.52,26.63,8111
2016-03-31,26.75,26.86,25.91,26.63,9811
2016-04-01,26.63,26.67,26.22,26.56,5969
2016-04-06,26.25,26.56,26.07,26.29,5573
2016-04-07,26.48,26.6,25.99,26.25,4993000
2016-04-08,26.37,26.75,26.18,26.25,7738
2016-04-11,26.03,26.07,25.01,25.42,11296
2016-04-12,25.73,25.73,22.89,23.68,17407
2016-04-13,24.21,24.86,23.95,24.7,7260
2016-04-14,25.04,25.2,24.36,24.48,3891000
2016-04-15,24.14,24.14,23.19,23.61,9443
2016-04-18,23.61,24.14,23.38,23.49,6475
2016-04-19,23.68,24.36,23.3,23.99,10105
2016-04-20,23.99,23.99,23.34,23.49,7384
2016-04-21,23.42,23.49,22.55,22.77,11337
2016-04-22,22.77,23.08,22.02,22.7,10626
2016-04-25,22.93,23.3,22.77,22.93,5416
2016-04-26,23.23,23.64,23.11,23.61,6308
2016-04-27,23.68,24.06,23.46,23.68,5797
2016-04-28,23.76,24.02,23.3,23.3,4737000
2016-04-29,22.93,23.38,22.81,22.89,5006
2016-05-03,22.89,22.89,22.09,22.17,7180
2016-05-04,21.75,22.43,21.41,21.94,11178
2016-05-05,21.94,22.62,21.87,22.62,4560000
2016-05-06,22.62,24.14,22.4,23.72,13416
2016-05-09,24.44,24.82,23.68,23.99,10694
2016-05-10,23.83,24.59,23.64,24.14,6534
2016-05-11,25.42,26.52,25.42,26.52,26315
2016-05-12,26.94,28.11,26.94,27.62,32906
2016-05-13,27.47,27.84,27.09,27.5,13287
2016-05-16,27.69,29.89,27.58,29.51,22118
2016-05-17,29.89,30.27,29.17,30.27,21094
2016-05-18,30.04,30.45,29.43,30.15,15945
2016-05-19,30.11,30.11,29.43,29.58,9863
2016-05-20,29.81,30.15,29.21,29.92,10439
2016-05-23,29.62,31.02,29.28,30.76,15688
2016-05-24,30.49,30.53,30.0,30.27,12698
2016-05-25,30.64,32.69,30.19,31.7,20702
2016-05-26,31.55,31.85,31.06,31.1,13510
2016-05-27,30.68,31.02,30.38,30.64,10252
2016-05-30,30.72,33.1,30.72,32.8,17738
2016-05-31,32.57,32.95,32.04,32.53,8903
2016-06-01,32.5,33.63,32.19,32.19,12148
2016-06-02,32.19,32.38,31.36,31.59,9198
2016-06-03,31.78,31.93,31.1,31.36,6065
2016-06-06,33.75,33.93,33.06,33.37,7049
2016-06-07,33.67,34.24,33.29,33.29,8798
2016-06-08,33.44,34.58,33.37,34.5,12171
2016-06-13,34.54,35.67,34.05,34.77,13737
2016-06-14,34.24,35.75,34.24,35.75,10850
2016-06-15,35.75,37.15,35.75,36.92,17923
2016-06-16,36.7,36.85,35.83,35.98,11668
2016-06-17,36.32,36.32,34.58,34.69,15517
2016-06-20,34.31,34.8,33.52,33.97,15846
2016-06-21,34.2,35.11,34.2,34.5,10520
2016-06-22,34.28,34.84,34.28,34.58,6594
2016-06-23,34.5,34.5,33.56,34.09,9055
2016-06-24,34.35,34.43,32.35,32.84,8052
2016-06-27,32.61,33.37,32.61,32.95,5172
2016-06-28,32.72,34.2,32.12,34.01,5511
2016-06-29,33.86,34.35,32.61,32.61,10853
2016-06-30,32.99,32.99,32.23,32.69,7726
2016-07-01,33.14,33.56,32.72,32.72,5254
2016-07-04,32.91,35.98,32.88,35.98,19833
2016-07-05,36.55,36.85,36.02,36.02,15834
2016-07-06,35.56,36.7,35.41,36.7,13716
2016-07-07,36.62,36.66,34.99,34.99,11176
2016-07-08,34.99,34.99,34.99,34.99,0
2016-07-11,36.7,37.07,35.56,36.02,14482
2016-07-12,36.81,36.81,35.99,35.99,10146
2016-07-13,36.3,38.35,36.07,37.8,17015
2016-07-14,37.64,39.14,37.6,38.51,14549
2016-07-15,38.51,39.3,38.16,38.99,9517
2016-07-18,38.99,39.26,38.55,39.06,5110
2016-07-19,38.99,40.56,38.47,40.25,9211
2016-07-20,40.41,40.41,39.62,40.33,5788
2016-07-21,40.8,42.38,40.56,41.83,11470
2016-07-22,41.35,41.83,41.04,41.67,7339
2016-07-25,41.83,42.77,41.35,42.77,9044
2016-07-26,42.69,45.38,42.38,45.06,14031
2016-07-27,44.98,45.69,44.11,44.27,10862
2016-07-28,44.04,44.04,41.83,43.17,13167
2016-07-29,43.56,44.27,43.17,43.64,10328
2016-08-01,43.56,43.64,42.77,43.09,7823
2016-08-02,43.25,44.35,41.19,41.51,18993
2016-08-03,40.88,42.22,40.48,42.22,11159
2016-08-04,42.22,42.46,41.19,41.43,5751
2016-08-05,41.43,42.38,39.85,40.33,14521
2016-08-08,39.46,40.17,39.06,39.62,14684
2016-08-09,40.25,41.12,40.01,40.25,8682
2016-08-10,39.77,39.93,37.8,37.88,18605
2016-08-11,38.04,38.47,37.33,38.04,9682
2016-08-12,38.27,39.1,37.88,37.88,7464
2016-08-15,38.27,39.06,37.96,38.99,6737
2016-08-16,39.3,39.77,38.79,39.46,8232
2016-08-17,39.46,39.62,38.79,39.42,5442
2016-08-18,39.85,40.56,39.06,39.14,7541
2016-08-19,39.62,39.93,39.34,39.38,4961000
2016-08-22,39.62,39.85,38.83,39.1,3834000
2016-08-23,39.22,39.7,39.02,39.46,3007000
2016-08-24,39.46,39.62,38.91,39.06,3419000
2016-08-25,38.99,39.62,38.39,39.38,4956000
2016-08-26,40.01,40.8,39.85,40.41,8016
2016-08-29,40.48,40.48,38.75,39.02,6608
2016-08-30,39.62,40.01,38.83,39.62,5443
2016-08-31,39.85,40.01,39.3,39.46,5036
2016-09-01,39.22,39.38,38.35,38.67,6598
2016-09-02,38.39,38.63,36.46,36.7,11977
2016-09-05,36.7,38.0,36.42,37.96,7511
2016-09-06,37.96,38.99,37.96,38.83,8488
2016-09-07,39.18,39.46,38.12,38.99,8634
2016-09-08,38.99,39.42,38.59,39.3,3729000
2016-09-09,39.06,39.7,38.71,39.46,3865000
2016-09-12,39.02,39.22,37.09,37.17,9873
2016-09-13,37.56,38.99,37.17,38.79,12482
2016-09-14,38.95,38.95,38.35,38.79,9848
2016-09-19,38.75,40.56,38.75,39.7,9094
2016-09-20,39.7,40.17,39.3,39.62,3942000
2016-09-21,40.01,40.64,39.46,39.54,5927
2016-09-22,39.93,40.17,38.71,38.83,5219
2016-09-23,38.75,38.99,38.35,38.59,3845000
2016-09-26,38.12,38.31,37.92,38.0,3458000
2016-09-27,38.0,38.0,38.0,38.0,0
2016-09-28,38.0,38.0,38.0,38.0,0
2016-09-29,38.39,38.51,37.76,37.92,4316000
2016-09-30,37.72,38.51,37.25,38.16,5154
2016-10-03,38.43,38.67,37.68,37.72,3310000
2016-10-04,38.04,38.12,37.45,37.45,4059000
2016-10-05,37.25,37.25,36.22,36.26,11742
2016-10-06,36.26,36.97,35.67,36.97,5750
2016-10-07,37.01,37.17,36.54,36.97,3961000
2016-10-11,37.33,38.04,36.97,38.0,10291
2016-10-12,37.88,38.16,37.49,37.84,5618
2016-10-13,37.8,38.27,37.33,37.53,5088
2016-10-14,37.41,37.84,35.99,36.34,6685
2016-10-17,36.14,36.74,35.51,36.74,4693000
2016-10-18,36.78,37.29,36.5,36.97,2254000
2016-10-19,37.17,37.25,36.66,36.78,2872000
2016-10-20,36.3,36.78,36.14,36.46,3479000
2016-10-21,36.46,36.78,35.99,36.46,3895000
2016-10-24,36.46,37.09,36.34,37.05,3104000
2016-10-25,37.17,37.29,36.85,36.89,3570000
2016-10-26,36.7,37.29,36.54,36.93,2374000
2016-10-27,36.93,38.75,36.85,38.43,9744
2016-10-28,38.35,39.7,38.04,39.02,13604
2016-10-31,38.75,40.01,38.55,39.77,8044
2016-11-01,39.85,40.17,38.99,38.99,6919
2016-11-02,38.67,39.06,38.12,38.12,4724000
2016-11-03,38.12,38.47,36.46,36.93,7574
2016-11-04,36.62,37.76,36.14,37.41,4734000
2016-11-07,37.6,39.42,37.49,39.02,7863
2016-11-08,39.22,39.62,38.71,38.95,9467
2016-11-09,39.06,39.7,36.97,37.53,11935
2016-11-10,37.88,38.75,37.49,38.27,12316
2016-11-11,37.56,37.56,35.71,36.3,13525
2016-11-14,36.22,36.22,34.41,34.88,9879
2016-11-15,34.09,34.88,34.09,34.45,7967
2016-11-16,35.0,35.39,34.25,34.29,7269
2016-11-17,34.33,34.57,33.07,33.18,10439
2016-11-18,33.26,34.05,33.22,33.66,6010
2016-11-21,33.66,34.05,33.66,33.78,2533000
2016-11-22,33.93,35.28,33.93,34.8,7093
2016-11-23,34.96,35.39,34.57,34.61,5998
2016-11-24,34.33,34.49,33.46,33.74,6692
2016-11-25,33.74,34.17,33.38,34.13,3774000
2016-11-28,34.64,35.04,34.41,34.72,3358000
2016-11-29,34.57,35.32,34.41,34.72,3188000
2016-11-30,34.72,35.0,34.33,34.33,2780000
2016-12-01,34.41,35.67,34.33,35.51,7047
2016-12-02,35.35,35.43,34.8,34.8,4123000
2016-12-05,34.96,35.51,34.61,35.12,2390000
2016-12-06,35.43,35.99,35.28,35.51,4037000
2016-12-07,35.67,35.99,35.35,35.51,5328
2016-12-08,35.87,36.62,35.51,36.62,7852
2016-12-09,36.46,37.41,35.99,37.01,9619
2016-12-12,37.25,37.45,36.3,36.3,4772000
2016-12-13,36.34,37.09,36.22,36.81,4007000
2016-12-14,37.01,37.56,36.93,37.01,5396
2016-12-15,36.85,37.25,36.7,37.13,1494000
2016-12-16,36.93,37.8,36.93,37.17,6024
2016-12-19,37.17,37.68,36.93,36.97,2453000
2016-12-20,37.37,38.12,36.97,38.0,4998000
2016-12-21,37.88,39.3,37.56,39.02,10715
2016-12-22,39.06,39.46,38.67,39.02,7498
2016-12-23,39.02,39.38,38.39,38.55,4065000
2016-12-26,38.63,39.46,38.55,39.46,4972000
2016-12-27,39.46,40.48,39.46,40.17,10396
2016-12-28,40.33,40.64,39.77,40.48,6343
2016-12-29,40.09,40.48,39.85,40.41,4083000
2016-12-30,40.17,40.64,40.17,40.17,4510000
2017-01-03,40.33,40.8,39.93,40.8,4592000
2017-01-04,40.88,42.46,40.88,42.22,11152
2017-01-05,42.3,42.62,41.83,42.62,5465
2017-01-06,42.54,43.33,42.46,43.33,5341
2017-01-09,43.09,43.17,41.35,42.22,6250
2017-01-10,42.93,43.96,42.46,43.8,14230
2017-01-11,44.27,45.3,44.11,45.06,10857
2017-01-12,44.59,44.82,43.88,44.59,5557
2017-01-13,44.19,44.98,43.8,44.9,6385
2017-01-16,44.67,44.98,43.56,44.82,5969
2017-01-17,45.06,45.54,44.04,44.04,4499000
2017-01-18,43.88,44.04,42.77,43.09,8866
2017-01-19,43.4,43.72,42.85,43.56,4089000
2017-01-20,43.56,43.72,42.85,42.85,4249000
2017-01-23,43.01,45.54,43.01,44.82,8780
2017-01-24,45.14,45.3,44.27,44.59,5322
2017-02-02,44.98,45.3,44.35,44.59,8686
2017-02-03,44.35,44.98,43.56,44.19,3825000
2017-02-06,44.19,44.27,42.77,43.33,8785
2017-02-07,43.33,43.4,42.22,42.93,6095
2017-02-08,42.69,46.8,42.62,46.17,15842
2017-02-09,46.32,48.3,45.77,47.9,15974
2017-02-10,47.43,47.82,46.09,46.72,9534
2017-02-13,46.56,47.9,46.01,46.64,5664
2017-02-14,46.8,47.03,44.98,45.77,5678
2017-02-15,45.77,46.8,45.77,46.4,4015000
2017-02-16,46.56,46.56,45.77,45.85,2353000
2017-02-17,45.61,45.85,45.06,45.14,5412
2017-02-20,46.25,46.25,44.67,44.75,4826000
2017-02-21,44.75,45.3,42.85,43.48,10114
2017-02-22,43.96,44.98,43.48,44.75,6721
2017-02-23,44.59,45.38,44.27,44.59,5355
2017-02-24,44.59,44.98,44.04,44.59,4138000
2017-03-01,44.27,46.25,44.27,45.22,5859
2017-03-02,45.22,46.01,45.06,45.93,6896
2017-03-03,45.93,49.17,45.77,48.85,18680
2017-03-06,49.01,49.4,47.82,48.3,9072
2017-03-07,47.74,48.38,47.43,48.3,3628000
2017-03-08,48.46,49.17,48.14,48.85,5602
2017-03-09,48.3,48.53,46.72,47.03,7669
2017-03-10,47.03,47.03,45.22,46.48,7798
2017-03-13,46.4,47.27,45.61,46.48,6800
2017-03-14,46.48,47.59,45.93,47.35,3938000
2017-03-15,47.35,48.14,46.88,46.88,5396
2017-03-16,47.43,48.61,47.43,47.82,7969
2017-03-17,47.9,48.85,47.59,48.53,5507
2017-03-20,48.69,51.3,48.53,50.51,13729
2017-03-21,51.3,53.66,50.59,52.09,16910
2017-03-22,50.59,51.53,50.19,51.22,12439
2017-03-23,51.38,51.45,50.19,50.19,8731
2017-03-24,50.74,51.45,49.88,50.82,6506
2017-03-27,50.82,51.61,49.88,49.95,4743000
2017-03-28,50.51,51.06,48.53,50.51,9199
2017-03-29,50.51,52.4,50.51,51.77,8615
2017-03-30,51.61,53.43,51.61,53.35,9164
2017-03-31,53.98,55.16,52.64,52.8,9663
2017-04-05,53.03,55.72,53.03,55.72,9898
2017-04-06,55.79,56.74,54.37,54.69,10241
2017-04-07,55.32,56.82,54.53,56.82,9504
2017-04-10,57.53,57.53,54.85,55.16,6359
2017-04-11,55.64,55.64,52.32,52.4,10291
2017-04-12,52.87,55.64,52.64,53.74,12153
2017-04-13,53.51,55.64,53.51,55.64,7516
2017-04-14,55.08,55.4,53.66,53.82,4978000
2017-04-17,54.22,54.53,52.56,53.51,5157
2017-04-18,54.3,55.08,53.82,54.69,4532000
2017-04-19,54.69,54.85,53.9,54.37,2969000
2017-04-20,54.37,54.37,52.09,52.87,6209
2017-04-21,53.27,53.51,51.77,52.72,5512
2017-04-24,52.72,52.95,50.9,50.98,5968
2017-04-25,51.38,53.19,51.3,52.64,7019
2017-04-26,53.03,54.77,52.72,54.69,7682
2017-04-27,54.69,54.77,53.35,53.66,5843
2017-04-28,53.74,54.61,53.19,54.06,5658
2017-05-02,54.06,54.37,51.06,51.45,11582
2017-05-03,50.59,50.9,48.38,48.61,17998
2017-05-04,48.53,50.66,47.11,50.59,19115
2017-05-05,50.51,50.9,49.95,50.51,5146
2017-05-08,51.06,51.53,49.8,50.9,6622
2017-05-09,51.22,51.3,50.35,50.59,4883000
2017-05-10,52.48,53.11,51.77,52.16,12723
2017-05-11,52.56,53.19,51.77,52.4,6560
2017-05-12,52.48,52.95,51.85,52.01,4234000
2017-05-15,52.32,53.27,51.93,52.87,4825000
2017-05-16,53.51,53.51,50.9,51.69,5831
2017-05-17,51.69,51.69,50.66,50.9,5426
2017-05-18,50.27,51.38,49.8,51.22,6849
2017-05-19,51.45,51.77,51.3,51.61,3062000
2017-05-22,51.85,51.85,51.14,51.45,1784000
2017-05-23,51.45,52.95,51.45,51.77,4542000
2017-05-24,51.77,52.24,51.06,52.24,5738
2017-05-25,52.4,54.22,52.01,53.66,13157
2017-05-26,53.82,54.22,53.11,53.27,5134
2017-05-31,53.27,53.82,52.87,52.95,3270000
2017-06-01,53.27,53.98,53.11,53.66,3661000
2017-06-02,53.66,53.98,53.35,53.9,3201000
2017-06-05,55.56,56.19,55.24,56.03,6949
2017-06-06,56.27,56.5,55.4,56.43,4190000
2017-06-07,56.19,57.14,55.16,55.16,5730
2017-06-08,55.16,55.79,54.77,55.24,2856000
2017-06-09,56.03,56.74,55.56,56.19,6551
2017-06-12,56.9,61.79,56.9,61.79,26602
2017-06-13,62.66,62.98,60.92,61.4,15277
2017-06-14,61.16,61.32,57.61,58.79,12262
2017-06-15,58.79,59.19,56.98,58.4,11113
2017-06-16,58.32,61.08,57.61,59.35,12523
2017-06-19,59.58,61.0,59.58,60.85,6346
2017-06-20,60.92,61.24,59.98,60.37,4277000
2017-06-21,60.21,61.87,59.27,61.79,6153
2017-06-22,61.95,67.55,61.87,64.63,19275
2017-06-23,64.71,66.13,63.21,63.92,11412
2017-06-26,64.0,65.11,63.37,64.32,4354000
2017-06-27,64.4,64.95,63.53,64.4,5465
2017-06-28,63.92,64.24,61.16,61.4,10662
2017-06-29,62.34,62.5,61.56,61.95,3687000
2017-06-30,61.48,61.48,60.37,61.24,4838000
2017-07-03,61.56,61.95,61.16,61.56,3567000
2017-07-04,61.63,61.87,59.82,59.9,5142
2017-07-05,60.37,61.0,59.35,60.77,4336000
2017-07-06,62.03,62.03,60.21,60.21,3734000
2017-07-07,59.58,60.92,59.58,60.61,2414000
2017-07-10,60.69,60.69,59.42,59.82,6550
2017-07-11,60.06,62.04,60.06,60.15,9322
2017-07-12,60.56,62.53,60.56,61.96,9396
2017-07-13,63.19,66.07,62.94,65.82,12745
2017-07-14,65.82,65.91,64.67,64.92,6354
2017-07-17,64.92,68.79,64.92,67.8,14260
2017-07-18,68.21,69.03,67.3,68.7,7418
2017-07-19,68.7,69.28,67.88,68.05,4784000
2017-07-20,68.05,68.54,66.56,66.56,6212
2017-07-21,66.32,67.63,65.49,65.58,6929
2017-07-24,65.66,67.47,65.08,67.47,6355
2017-07-25,67.88,68.13,66.65,66.65,3989000
2017-07-26,66.48,67.96,66.15,67.22,4444000
2017-07-27,67.3,68.13,67.06,67.22,4690000
2017-07-28,67.39,68.7,67.22,67.39,6120
2017-07-31,67.47,68.13,66.24,66.24,3688000
2017-08-01,66.32,66.89,65.49,66.65,4105000
2017-08-02,67.06,68.13,66.56,66.81,8066
2017-08-03,66.48,66.48,65.0,65.0,7349
2017-08-04,65.41,65.74,64.34,64.92,5563
2017-08-07,65.74,65.91,64.43,64.43,4437000
2017-08-08,64.75,64.75,63.68,64.59,6509
2017-08-09,64.43,65.58,63.36,63.36,6413
2017-08-10,64.18,66.07,64.1,64.92,15256
2017-08-11,65.17,66.07,64.34,65.82,6521
2017-08-14,66.32,66.65,63.11,63.36,5134
2017-08-15,64.92,65.25,64.01,64.84,3740000
2017-08-16,64.59,65.25,63.44,63.93,4787000
2017-08-17,64.34,64.43,63.44,63.77,3991000
2017-08-18,63.11,63.19,62.2,62.94,5308
2017-08-21,63.27,63.6,61.87,62.12,3824713
2017-08-22,62.45,63.03,62.2,62.37,2617870
2017-08-23,62.86,65.82,62.53,64.59,9073
2017-08-24,64.59,65.82,64.59,65.08,5465
2017-08-25,65.25,65.49,63.77,64.26,4332108
2017-08-28,63.93,65.66,63.85,65.25,4016759
2017-08-29,65.25,65.25,64.01,64.43,1945765
2017-08-30,64.84,65.66,64.67,64.75,2960031
2017-08-31,65.08,65.66,64.43,65.0,3036388
2017-09-01,65.66,71.25,65.58,69.53,26796
2017-09-04,69.77,70.76,68.37,70.68,10388
2017-09-05,72.41,75.62,71.58,73.64,13155
2017-09-06,73.06,74.79,71.83,73.39,8748
2017-09-07,73.72,76.11,72.57,72.57,8216
2017-09-08,73.23,74.38,72.41,74.05,5661
2017-09-11,75.29,75.29,73.23,73.64,3777700
2017-09-12,74.3,75.62,73.72,73.89,5378
2017-09-13,74.38,78.08,74.05,76.03,9270
2017-09-14,75.45,76.77,74.46,76.52,5244
2017-09-15,76.68,80.96,76.19,80.96,14084
2017-09-18,80.22,80.39,77.92,78.74,8342
2017-09-19,78.74,78.99,75.29,75.45,7481
2017-09-20,75.94,77.1,75.12,75.62,4341938
2017-09-21,75.7,77.67,74.87,77.67,3397705
2017-09-22,77.34,77.34,75.7,76.6,3534174
2017-09-25,76.19,76.44,73.72,74.55,4254164
2017-09-26,74.05,76.52,73.97,75.62,4520054
2017-09-27,77.34,79.07,76.68,78.49,11461
2017-09-28,78.66,79.48,78.0,78.99,5554
2017-09-29,79.48,83.51,79.24,80.22,19212
2017-10-02,80.96,82.2,80.31,81.87,4297117
2017-10-03,81.87,83.1,80.63,82.28,7352
2017-10-05,82.69,83.93,81.46,82.2,5429
2017-10-06,82.2,82.69,79.73,80.31,5162
2017-10-11,80.31,81.05,78.99,80.88,5566
2017-10-12,81.13,83.1,80.22,82.69,5934
2017-10-13,82.69,82.69,81.37,81.95,3065066
2017-10-16,82.28,85.16,81.13,81.13,7337
2017-10-17,81.37,81.7,79.4,79.4,4502348
2017-10-18,80.14,80.22,76.93,77.43,6056
2017-10-19,78.17,80.55,78.17,79.48,5134
2017-10-20,79.73,79.73,78.82,78.82,3208590
2017-10-23,80.63,82.03,80.22,81.87,6958
2017-10-24,83.1,84.34,80.22,80.31,10280
2017-10-25,81.05,81.37,79.4,79.89,4562319
2017-10-26,79.4,80.39,78.0,79.56,5073
2017-10-27,80.22,80.55,76.52,76.68,7566
2017-10-30,78.17,80.8,77.34,80.8,7100
2017-10-31,80.8,81.29,79.56,79.98,3594184
2017-11-01,80.47,81.87,80.06,80.39,2274318
2017-11-02,80.63,82.03,80.39,81.46,4322424
2017-11-03,81.87,81.95,79.4,80.14,3914276
2017-11-06,80.31,80.39,79.07,79.4,1848172
2017-11-07,79.81,80.55,79.4,80.22,2039839
2017-11-08,80.22,80.22,79.15,79.32,2136683
2017-11-09,79.15,79.15,76.52,77.51,4314420
2017-11-10,77.51,79.15,75.86,79.15,3136130
2017-11-13,80.72,80.96,76.77,76.77,6119
2017-11-14,78.17,84.34,78.17,82.28,24889
2017-11-15,83.1,84.34,81.46,81.46,12719
2017-11-16,81.54,85.57,81.29,84.34,16814
2017-11-17,85.98,87.63,85.57,85.98,13948
2017-11-20,86.81,88.04,85.16,85.57,5986
2017-11-21,86.39,87.22,85.16,85.98,4898395
2017-11-22,86.39,87.63,85.16,86.39,7259
2017-11-23,86.39,89.27,85.57,87.63,8256
2017-11-24,88.04,91.33,87.22,90.1,8306
2017-11-27,90.51,92.98,86.81,88.45,9298
2017-11-28,88.04,88.86,86.39,88.86,3641490
2017-11-29,88.86,92.56,88.45,90.1,7338
2017-11-30,88.04,90.51,85.57,90.51,8925
2017-12-01,89.27,90.51,84.75,86.39,7462
2017-12-04,85.98,87.22,85.16,85.98,2746227
2017-12-05,84.75,85.57,82.03,82.69,6352
2017-12-06,82.69,85.16,82.28,82.28,5183
2017-12-07,82.28,83.51,80.22,83.51,5039
2017-12-08,84.34,84.75,80.72,84.75,6037
2017-12-11,85.57,85.57,81.87,82.28,6478
2017-12-12,82.28,85.98,81.79,85.57,6236
2017-12-13,85.16,85.57,81.62,81.87,6510
2017-12-14,82.28,83.1,79.48,79.81,6581
2017-12-15,78.99,80.55,77.18,80.55,15920
2017-12-18,80.47,82.69,79.48,81.54,7152
2017-12-19,82.28,82.69,79.32,79.65,4405367
2017-12-20,79.81,82.69,79.81,81.87,4798080
2017-12-21,81.29,83.1,80.8,81.95,3751163
2017-12-22,81.37,81.87,80.8,81.37,1655928
2017-12-25,82.28,83.93,82.03,83.1,3126174
2017-12-26,83.1,83.51,81.46,81.46,2371986
2017-12-27,81.54,83.93,81.54,83.93,2942802
2017-12-28,85.57,88.45,83.51,88.45,9163
2017-12-29,88.45,89.27,85.98,87.22,6608
2018-01-02,87.63,92.56,86.39,91.74,9287
2018-01-03,91.74,94.21,90.92,92.98,7569
2018-01-04,94.62,100.79,94.62,99.15,14866
2018-01-05,99.56,101.62,98.74,99.97,8910
2018-01-08,100.79,101.2,97.5,99.97,4633470
2018-01-09,98.74,99.56,96.27,97.91,5002
2018-01-10,97.09,97.09,92.98,95.86,7267
2018-01-11,95.86,97.91,93.8,93.8,5840
2018-01-12,92.98,93.39,88.04,88.86,15857
2018-01-15,87.22,89.69,85.57,88.86,9804
2018-01-16,88.04,88.45,85.16,85.57,5977
2018-01-17,86.39,90.51,85.98,86.81,8578
2018-01-18,87.63,89.27,87.22,88.86,5529
2018-01-19,90.1,91.33,87.63,90.1,6219
2018-01-22,90.51,94.62,89.27,94.62,9289
2018-01-23,94.62,97.5,93.39,94.62,9110
2018-01-24,94.21,94.21,91.33,92.56,5783
2018-01-25,92.56,92.98,88.04,88.45,7486
2018-01-26,87.63,95.44,87.22,95.44,10897
2018-01-29,95.03,96.68,92.98,94.62,6216
2018-01-30,92.98,94.62,91.33,91.74,6107
2018-01-31,90.51,97.91,90.1,96.27,6291
2018-02-01,96.68,97.09,94.62,96.27,4142931
2018-02-02,94.62,95.44,93.39,94.21,4134634
2018-02-05,91.33,95.86,90.51,95.44,5300
2018-02-06,92.56,93.39,85.98,87.22,11887
2018-02-07,90.1,92.98,89.27,89.69,6237
2018-02-08,89.69,89.69,84.34,85.57,6668
2018-02-09,80.8,86.81,80.14,86.81,5855
2018-02-12,86.81,88.45,83.51,84.75,4752333
2018-02-21,87.22,89.69,85.98,89.27,5054
2018-02-22,88.04,88.45,85.57,86.39,5337
2018-02-23,87.22,88.86,87.22,88.45,3022426
2018-02-26,90.1,91.33,89.69,90.1,3980645
2018-02-27,92.56,94.62,91.74,92.15,7151
2018-03-01,90.92,95.86,90.51,95.86,6564
2018-03-02,94.21,97.09,93.39,96.27,4967181
2018-03-05,96.27,96.68,91.33,91.33,4515891
2018-03-06,92.56,93.8,91.74,92.98,2567378
2018-03-07,92.15,94.62,91.33,92.15,2424604
2018-03-08,95.03,96.27,92.15,92.15,5855
2018-03-09,93.8,95.03,92.98,94.21,3949423
2018-03-12,97.09,97.09,94.62,94.62,3379552
2018-03-13,94.62,95.44,93.8,95.44,2381592
2018-03-14,95.03,95.03,92.15,92.98,2759229
2018-03-15,92.98,93.39,91.74,92.56,3291916
2018-03-16,92.56,93.8,90.51,90.92,3474702
2018-03-19,91.33,92.56,90.51,91.33,1779235
2018-03-20,90.51,93.8,89.69,93.39,2986565
2018-03-21,93.39,94.21,90.51,91.33,6245
2018-03-22,92.98,93.8,90.51,90.51,5949
2018-03-23,85.16,88.04,83.93,86.39,8547
2018-03-26,85.57,85.57,77.75,78.17,20931
2018-03-27,78.99,79.07,75.45,77.75,21248
2018-03-28,76.19,77.1,74.22,74.22,11818
2018-03-29,75.04,79.32,74.96,78.17,15714
2018-03-30,78.82,81.62,78.66,81.13,12223
2018-04-02,79.81,80.06,77.1,77.18,5630
2018-04-03,75.7,76.19,74.55,76.11,8197
2018-04-09,75.7,76.03,70.02,70.76,16441
2018-04-10,69.77,73.39,68.54,69.94,12043
2018-04-11,71.34,73.64,70.93,70.93,7464
2018-04-12,70.93,72.82,70.84,71.67,5592
2018-04-13,71.99,72.32,71.17,71.75,2883715
2018-04-16,72.24,72.49,70.02,70.1,4079910
2018-04-17,70.02,70.1,66.56,67.96,11188
2018-04-18,69.44,70.27,68.54,69.77,6168
2018-04-19,69.2,70.51,68.7,68.79,4732720
2018-04-20,68.29,68.29,62.86,62.86,17418
2018-04-23,61.79,61.87,56.61,56.69,29656
2018-04-24,57.18,58.01,56.03,56.77,17482
2018-04-25,56.61,58.83,56.36,57.84,9723
2018-04-26,58.99,61.3,57.84,58.25,23101
2018-04-27,59.57,60.39,58.83,59.24,9604
2018-04-30,59.24,59.49,55.87,56.28,18615
2018-05-02,57.6,60.48,57.6,59.41,17948
2018-05-03,60.89,65.25,60.56,63.93,26239
2018-05-04,64.59,65.41,61.46,61.46,18157
2018-05-07,62.53,63.52,61.46,61.96,7369
2018-05-08,58.83,64.59,58.42,64.51,17023
2018-05-09,65.0,65.0,61.71,61.96,13831
2018-05-10,61.71,63.03,60.97,61.3,6855
2018-05-11,62.37,62.45,59.9,59.9,8779
2018-05-14,60.39,61.38,59.65,60.06,7247
2018-05-15,60.56,61.46,58.75,58.99,11534
2018-05-16,59.41,60.06,59.24,59.49,5427
2018-05-17,59.98,61.13,59.74,60.89,6066
2018-05-18,61.46,61.46,59.16,59.49,5432
2018-05-21,60.06,62.53,59.57,61.71,9029
2018-05-22,61.96,67.72,61.96,65.99,18439
2018-05-23,67.47,71.75,66.65,70.51,24922
2018-05-24,71.67,71.99,68.95,69.77,9409
2018-05-25,69.36,71.01,68.7,70.1,6627
2018-05-28,70.76,71.17,68.95,69.12,5523
2018-05-29,69.86,72.24,69.77,70.18,10025
2018-05-30,69.12,69.94,67.47,68.21,7734
2018-05-31,69.53,71.17,69.28,71.01,8301
2018-06-01,72.41,75.62,72.41,74.22,17746
2018-06-04,74.71,75.7,73.15,74.22,12695
2018-06-05,74.38,75.94,73.97,75.7,8953
2018-06-06,76.52,78.33,75.86,75.86,11832
2018-06-07,77.01,77.59,75.29,75.45,7859
2018-06-08,76.68,77.18,74.87,74.87,6135
2018-06-11,75.37,75.7,73.72,75.7,3434460
2018-06-12,76.52,78.0,74.87,74.87,6864
2018-06-13,75.04,75.53,72.98,73.64,7152
2018-06-14,73.23,74.55,73.06,73.39,6088
2018-06-15,73.97,74.05,72.82,73.39,4833286
2018-06-19,73.97,74.55,72.32,72.41,4465312
2018-06-20,72.49,72.82,66.65,68.29,10717
2018-06-21,68.7,71.01,68.7,70.27,7351
2018-06-22,68.87,69.44,67.47,68.54,7109
2018-06-25,68.54,69.44,67.47,67.96,3598557
2018-06-26,65.91,66.98,65.91,66.24,7664
2018-06-27,66.73,67.14,66.15,66.32,3819296
2018-06-28,67.06,70.02,66.4,69.12,7144
2018-06-29,70.76,73.97,70.35,72.57,11041
2018-07-02,72.57,74.38,71.99,72.08,6105
2018-07-03,72.41,74.87,72.08,74.13,12558
2018-07-04,74.22,75.29,72.74,72.9,7649
2018-07-05,73.81,74.3,72.9,73.64,6361
2018-07-06,75.04,78.99,74.46,77.18,19652
2018-07-09,80.14,80.22,78.0,79.24,12465
2018-07-10,80.22,82.12,79.4,79.98,10901
2018-07-11,80.26,82.07,78.63,79.49,12797
2018-07-12,79.92,82.41,78.71,81.98,8396
2018-07-13,82.49,88.94,81.98,85.93,20474
2018-07-16,88.94,93.67,87.65,88.94,26187
2018-07-17,91.09,92.38,87.65,89.37,15430
2018-07-18,91.09,91.95,85.93,88.94,13398
2018-07-19,87.65,88.08,84.47,85.93,15048
2018-07-20,86.36,88.51,85.5,87.65,12176
2018-07-23,87.22,87.65,83.87,85.42,11993
2018-07-24,85.93,91.09,85.59,91.09,11787
2018-07-25,90.23,90.66,86.79,87.22,9141
2018-07-26,86.36,88.94,85.85,87.22,5619
2018-07-27,88.08,91.09,88.08,89.37,9816
2018-07-30,90.23,91.09,88.08,88.51,6195
2018-07-31,88.94,89.37,86.36,87.65,4333366
2018-08-01,88.51,91.09,88.08,90.23,9077
2018-08-02,91.09,91.09,84.64,85.33,12190
2018-08-03,86.79,87.22,83.27,85.33,7308
2018-08-06,86.36,86.79,85.33,85.67,2864303
2018-08-07,86.36,86.36,83.61,83.87,5001
2018-08-08,84.21,88.51,83.96,86.79,10541
2018-08-09,85.93,86.79,85.16,86.36,3414769
2018-08-10,85.93,90.23,85.76,88.94,8901
2018-08-13,88.08,90.66,86.79,90.23,8829
2018-08-14,90.66,91.52,88.94,91.09,5751
2018-08-15,91.52,94.95,82.49,82.58,31138
2018-08-16,80.78,85.5,77.0,85.07,20767
2018-08-17,84.9,87.22,84.21,87.22,10529
2018-08-20,88.08,89.37,86.79,88.51,6303
2018-08-21,88.08,88.51,86.79,87.65,4119590
2018-08-22,87.65,88.08,84.73,85.93,5039
2018-08-23,85.93,88.51,85.67,88.51,5456
2018-08-24,86.79,88.51,86.36,88.51,3893901
2018-08-27,89.37,90.66,88.94,89.8,4617289
2018-08-28,91.09,91.95,88.94,89.8,4556812
2018-08-29,91.09,91.09,89.8,90.23,2930818
2018-08-30,91.09,92.81,89.8,92.38,5271
2018-08-31,92.38,94.1,92.38,94.1,7895
2018-09-03,94.95,97.96,91.09,93.67,16570
2018-09-04,94.53,94.95,92.38,93.67,4413054
2018-09-05,94.1,96.24,92.81,94.53,8945
2018-09-06,93.67,94.53,91.95,94.53,5338
2018-09-07,94.1,94.1,88.51,90.23,14710
2018-09-10,90.23,90.23,84.21,84.47,11214
2018-09-11,85.5,85.5,78.03,82.49,16601
2018-09-12,81.55,81.55,77.51,78.2,12849
2018-09-13,79.83,80.69,78.63,78.63,7345
2018-09-14,80.09,84.56,79.57,83.7,10796
2018-09-17,83.35,85.07,81.72,84.99,3871301
2018-09-18,83.78,84.04,82.07,82.92,4523046
2018-09-19,84.21,84.64,80.0,82.75,11142
2018-09-20,83.61,83.96,74.5,74.5,25676
2018-09-21,74.33,79.06,72.78,79.06,16747
2018-09-25,76.91,79.49,75.79,78.97,8403
2018-09-26,78.28,78.28,74.59,75.28,14337
2018-09-27,74.5,75.02,70.55,70.72,24035
2018-09-28,71.75,74.16,70.03,73.04,16868
2018-10-01,71.75,75.19,71.15,74.93,8672
2018-10-02,74.16,76.31,73.47,76.05,7882
2018-10-03,75.71,76.05,71.58,71.58,11909
2018-10-04,70.89,72.87,69.86,72.61,7524
2018-10-05,71.41,72.18,67.89,71.24,11130
2018-10-08,70.29,72.78,70.29,72.44,6091
2018-10-09,73.04,73.21,69.26,70.64,7119
2018-10-11,64.53,71.67,64.53,71.67,16818
2018-10-12,70.72,72.35,69.43,70.29,11419
2018-10-15,70.81,72.78,70.38,72.27,5602
2018-10-16,72.35,75.1,72.35,73.64,8850
2018-10-17,75.1,78.8,74.59,78.2,12569
2018-10-18,77.51,79.32,75.79,78.63,12197
2018-10-19,76.57,76.82,75.02,75.79,8035
2018-10-22,75.45,77.34,74.5,75.28,5735
2018-10-23,74.59,76.65,74.5,75.19,4409964
2018-10-24,75.36,77.94,74.85,76.22,7735
2018-10-25,73.04,75.02,71.58,73.64,8327
2018-10-26,75.19,76.05,70.98,72.18,7692
2018-10-29,72.18,72.96,65.22,67.37,13421
2018-10-30,66.94,69.0,64.53,68.23,9458
2018-10-31,69.95,73.21,69.35,73.21,7393
2018-11-01,73.9,77.6,73.9,76.48,8868
2018-11-02,77.34,77.77,75.28,76.57,5691
2018-11-05,76.57,77.94,75.28,76.65,4333519
2018-11-06,78.2,78.89,75.1,75.1,5253
2018-11-07,77.17,78.11,76.31,77.6,6077
2018-11-08,79.49,79.92,77.34,77.51,5652
2018-11-09,77.85,78.97,77.0,78.71,4349632
2018-11-12,79.74,79.74,77.6,78.63,4117511
2018-11-13,76.39,79.57,75.79,79.57,4709855
2018-11-14,79.92,81.64,79.66,79.74,6024
2018-11-15,79.74,81.29,79.74,80.95,3573888
2018-11-16,81.64,82.32,80.95,81.81,4068106
2018-11-19,82.75,87.65,82.15,87.22,9867
2018-11-20,85.93,85.93,80.78,80.95,11864
2018-11-21,80.43,83.1,79.92,81.64,10735
2018-11-22,82.32,83.27,79.49,79.92,5621
2018-11-23,81.12,81.12,79.49,79.49,2478126
2018-11-26,79.92,80.95,79.49,80.78,2975069
2018-11-27,81.55,83.7,81.21,83.7,5338
2018-11-28,83.7,85.33,82.07,82.67,6350
2018-11-29,84.21,85.67,82.49,82.75,10385
2018-11-30,84.04,84.56,83.44,83.78,4158090
2018-12-03,86.79,89.37,85.85,87.22,11382
2018-12-04,88.94,89.37,86.36,87.65,6017
2018-12-05,85.93,88.94,84.21,84.81,8849
2018-12-06,83.53,84.99,81.03,84.99,6542
2018-12-07,85.93,88.08,82.07,82.32,11888
2018-12-10,80.86,82.84,77.77,79.06,10760
2018-12-11,80.78,84.39,80.52,84.39,8858
2018-12-12,85.85,87.22,84.39,85.16,6742
2018-12-13,86.36,87.22,84.81,85.59,5961
2018-12-14,85.93,85.93,84.47,85.07,3736311
2018-12-17,85.85,86.36,83.44,83.53,3898127
2018-12-18,82.92,84.64,81.98,83.18,4263875
2018-12-19,83.96,84.13,81.12,81.64,5252
2018-12-20,80.95,83.7,80.52,83.7,4590953
2018-12-21,83.35,85.07,82.84,83.27,7528
2018-12-24,84.39,84.39,80.95,80.95,6923
2018-12-25,79.66,80.52,77.85,77.85,8597
2018-12-26,79.23,81.89,78.54,80.78,9728
2018-12-27,84.13,86.36,82.92,84.3,18409
2018-12-28,85.33,85.5,83.78,84.73,10182
2019-01-02,86.79,87.65,82.67,84.39,13835
2019-01-03,84.47,86.36,83.96,85.85,11446
2019-01-04,85.67,86.79,84.39,86.79,10003
2019-01-07,88.94,88.94,85.5,85.67,10099
2019-01-08,86.36,88.51,85.67,87.65,9942
2019-01-09,89.8,90.23,87.65,88.08,11322
2019-01-10,88.51,88.94,85.5,85.93,5532
2019-01-11,87.22,88.51,86.36,88.51,6965
2019-01-14,89.37,90.23,88.51,90.23,7784
2019-01-15,91.09,98.82,91.09,93.24,28172
2019-01-16,93.67,96.67,92.38,96.24,14444
2019-01-17,95.81,95.81,89.8,89.8,15344
2019-01-18,91.09,91.95,89.37,91.95,6103
2019-01-21,92.81,93.24,90.66,91.95,5463
2019-01-22,92.81,93.67,88.08,89.8,9492
2019-01-23,89.8,91.95,89.37,91.95,7157
2019-01-24,92.81,93.24,91.52,91.52,4247637
2019-01-25,92.81,93.24,90.66,91.52,4336199
2019-01-28,91.95,92.38,91.09,91.52,2328800
2019-01-29,90.66,90.66,88.51,89.37,6107
2019-01-30,90.23,93.67,89.8,92.38,11051
2019-02-11,94.1,95.81,92.38,93.67,13022
2019-02-12,94.53,94.95,93.67,94.1,6209
2019-02-13,95.38,95.81,90.23,91.09,9548
2019-02-14,91.09,91.52,88.08,88.51,7170
2019-02-15,89.37,90.66,85.07,85.5,14184
2019-02-18,86.36,87.65,85.85,86.36,6602
2019-02-19,87.22,87.65,86.36,87.22,3950388
2019-02-20,88.08,88.51,86.79,87.22,3976948
2019-02-21,87.65,88.08,85.5,87.65,6308
2019-02-22,86.79,91.95,86.79,91.52,14312
2019-02-25,91.95,93.67,90.23,93.24,10888
2019-02-26,93.67,94.1,92.38,92.81,5885
2019-02-27,92.81,94.1,90.66,93.24,7042
2019-03-04,94.1,94.95,92.38,92.81,8321
2019-03-05,92.38,93.24,91.52,91.95,5556
2019-03-06,91.95,92.81,90.23,90.66,4196699
2019-03-07,89.8,91.95,88.94,91.52,6432
2019-03-08,90.23,93.24,89.8,92.81,5929
2019-03-11,91.95,93.24,91.52,93.24,3144120
2019-03-12,93.67,94.1,91.09,91.09,3276024
2019-03-13,91.95,94.1,91.09,93.67,4496400
2019-03-14,94.95,95.38,92.38,92.81,3716451
2019-03-15,92.81,96.24,92.81,94.53,5755
2019-03-18,95.81,102.26,94.95,101.83,20328
2019-03-19,102.26,104.41,99.68,100.11,14226
2019-03-20,101.83,103.98,100.97,103.12,9362
2019-03-21,102.26,105.27,101.83,101.83,6373
2019-03-22,103.12,105.27,100.54,101.83,11522
2019-03-25,100.54,103.12,99.25,103.12,5252
2019-03-26,103.98,108.27,103.12,103.98,11652
2019-03-27,104.41,104.84,102.26,103.98,4509759
2019-03-28,103.98,106.56,103.55,105.27,4358207
2019-03-29,107.42,109.13,105.7,106.99,8105
2019-04-01,107.84,112.14,106.99,112.14,10256
2019-04-02,113.0,116.01,108.7,110.85,9396
2019-04-03,110.85,111.28,108.27,111.28,4434213
2019-04-08,111.71,113.43,109.99,110.85,3881268
2019-04-09,112.57,116.01,111.28,113.0,5499
2019-04-10,113.0,116.01,112.14,114.29,6323
2019-04-11,114.29,115.15,110.85,112.14,4873008
2019-04-12,111.71,114.29,110.85,114.29,4161974
2019-04-15,116.44,118.16,112.14,112.57,5508
2019-04-16,113.0,114.72,112.57,113.86,2986538
2019-04-17,115.15,115.58,113.0,113.0,2917576
2019-04-18,113.0,113.43,109.99,109.99,4211663
2019-04-19,112.14,113.0,109.56,110.42,3518938
2019-04-22,111.28,113.43,110.85,112.57,3093113
2019-04-23,113.43,119.88,111.71,119.88,13157
2019-04-24,121.16,121.59,116.87,117.3,7064
2019-04-25,117.3,118.16,114.29,114.29,4805933
2019-04-26,113.0,114.29,107.84,110.42,9722
2019-04-29,110.42,112.57,106.13,111.28,6167
2019-04-30,109.99,112.57,108.7,112.57,3258351
2019-05-02,112.57,115.58,111.28,115.15,4777297
2019-05-03,115.58,117.73,115.15,117.3,5042
2019-05-06,114.29,115.58,113.43,114.72,4907996
2019-05-07,115.58,119.02,114.72,116.01,8591
2019-05-08,113.0,116.44,111.71,114.72,7201
2019-05-09,114.72,116.44,110.42,110.85,5348
2019-05-10,112.57,114.72,107.84,111.71,8118
2019-05-13,110.85,113.0,109.56,112.14,4125979
2019-05-14,105.7,108.7,100.97,108.27,9666
2019-05-15,109.56,113.43,108.7,112.57,5298
2019-05-16,112.14,113.86,107.84,107.84,3808494
2019-05-17,109.56,110.42,103.12,104.41,9189
2019-05-20,104.84,105.7,100.54,101.83,6049
2019-05-21,100.97,105.27,100.11,104.84,4116013
2019-05-22,106.56,106.99,102.26,102.26,3104748
2019-05-23,100.54,103.55,99.25,102.69,3336655
2019-05-24,103.12,104.41,101.4,101.83,2803659
2019-05-27,101.83,101.83,95.38,95.81,8274
2019-05-28,96.24,100.11,96.24,100.11,5646
2019-05-29,97.96,100.97,97.53,100.11,2695622
2019-05-30,99.68,102.69,99.68,102.26,3774097
2019-05-31,101.4,105.27,100.54,105.27,5732
2019-06-03,103.98,104.84,102.26,103.55,3878808
2019-06-04,104.41,106.56,101.4,101.4,5736
2019-06-05,103.98,104.41,101.83,103.12,2835471
2019-06-06,103.12,103.55,98.82,100.97,4876506
2019-06-10,104.84,106.56,102.69,106.13,6478
2019-06-11,106.99,107.42,104.41,106.13,5084
2019-06-12,106.13,107.42,105.7,106.56,3138223
2019-06-13,106.99,109.56,106.13,108.27,4833443
2019-06-14,108.27,109.13,103.12,103.98,7469
2019-06-17,103.98,104.41,101.4,102.26,4788229
2019-06-18,103.55,104.41,101.83,104.41,3909797
2019-06-19,106.56,108.27,104.84,106.99,6423
2019-06-20,107.42,108.27,105.7,107.84,5133
2019-06-21,108.7,109.13,103.98,105.7,5260
2019-06-24,105.7,105.7,103.12,104.84,2811132
2019-06-25,107.84,112.14,107.42,110.85,19360
2019-06-26,111.71,112.57,109.13,112.57,9585
2019-06-27,113.0,114.72,110.42,110.42,6945
2019-06-28,110.85,113.0,109.99,113.0,3862701
2019-07-01,115.15,118.16,114.29,115.15,8855
2019-07-02,116.01,118.59,114.72,117.3,12466
2019-07-03,116.01,116.01,109.13,109.56,13042
2019-07-04,110.85,112.14,110.42,111.71,3505425
2019-07-05,111.28,112.57,109.99,112.14,3958183
2019-07-08,112.57,114.29,111.71,111.71,3281857
2019-07-09,112.57,113.0,110.85,111.71,1770185
2019-07-10,113.0,114.29,111.28,114.29,4227827
2019-07-11,115.17,116.5,114.29,114.29,4506869
2019-07-12,114.73,115.62,113.85,113.85,2612226
2019-07-15,114.29,114.29,111.63,114.29,2741689
2019-07-16,114.73,115.62,112.52,113.85,2985579
2019-07-17,114.29,115.62,113.4,115.17,2759081
2019-07-18,115.17,115.62,113.85,113.85,2198681
2019-07-19,115.17,116.95,114.29,116.95,3865030
2019-07-22,117.39,120.93,116.95,120.93,8551
2019-07-23,122.26,124.03,118.72,118.72,6089
2019-07-24,119.16,120.49,117.83,120.49,3400023
2019-07-25,120.49,122.7,119.16,119.16,4210706
2019-07-26,119.16,121.82,117.83,120.93,3739972
2019-07-29,121.38,122.26,120.49,121.82,3099913
2019-07-30,123.15,124.92,116.95,117.83,7334
2019-07-31,117.83,119.6,116.06,118.72,3204648
2019-08-01,116.95,121.38,116.5,120.93,3696341
2019-08-02,118.72,119.6,114.29,117.83,5760
2019-08-05,117.83,123.59,116.5,122.26,10661
2019-08-06,118.72,124.92,117.83,124.48,9577
2019-08-07,125.81,131.12,123.59,130.68,15055
2019-08-08,128.46,133.78,128.02,133.78,11036
2019-08-12,129.35,138.21,126.69,138.21,13272
2019-08-13,135.55,136.44,132.01,132.01,9423
2019-08-14,135.55,135.55,132.01,133.34,4260794
2019-08-15,130.24,136.44,130.24,134.67,6444
2019-08-16,135.55,135.99,133.78,135.55,3836219
2019-08-19,135.55,135.99,134.22,134.67,4011240
2019-08-20,135.55,137.32,134.22,135.55,6220
2019-08-21,135.55,138.21,134.22,138.21,5793
2019-08-22,139.98,142.2,136.44,137.32,5443
2019-08-23,137.32,138.21,135.11,135.99,3876056
2019-08-26,134.22,138.65,133.78,135.55,5716
2019-08-27,136.88,143.08,135.99,138.65,11730
2019-08-28,138.65,144.85,137.77,143.08,10463
2019-08-29,142.64,144.41,141.75,143.97,5011
2019-08-30,145.74,150.17,143.52,146.63,8773
2019-09-02,147.95,150.61,143.08,145.3,9964
2019-09-03,145.74,147.95,141.31,143.08,8471
2019-09-04,144.85,145.74,142.64,144.41,4598462
2019-09-05,145.3,146.18,141.31,143.97,5333
2019-09-06,144.85,147.07,143.52,145.3,3944914
2019-09-10,147.07,149.28,145.74,148.84,5588
2019-09-11,148.84,151.06,146.63,147.07,6658
2019-09-12,147.51,151.5,147.51,151.06,5426
2019-09-16,151.06,152.83,149.73,151.5,4846456
2019-09-17,150.61,155.04,150.61,152.83,4750455
2019-09-18,153.27,157.7,152.83,157.26,7995
2019-09-19,156.81,157.26,148.84,152.38,11495
2019-09-20,150.61,153.27,148.84,149.73,7279
2019-09-23,149.73,149.73,144.41,144.85,10478
2019-09-24,146.18,147.51,145.3,146.18,5418
2019-09-25,144.41,145.3,142.64,143.97,7451
2019-09-26,146.18,146.63,144.85,146.18,5583
2019-09-27,146.63,146.63,144.85,144.85,3481014
2019-10-01,146.18,146.63,142.2,143.52,5448
2019-10-02,144.41,148.4,143.97,147.95,7262
2019-10-03,147.95,155.04,146.63,155.04,10287
2019-10-04,155.49,156.81,152.83,152.83,5433
2019-10-07,154.6,160.8,154.6,156.81,8115
2019-10-08,157.7,160.36,156.37,159.47,6205
2019-10-09,158.59,163.9,158.14,163.9,8971
2019-10-14,165.67,167.89,162.57,165.23,7348
2019-10-15,165.23,172.76,164.79,172.76,8943
2019-10-16,171.43,171.43,164.79,168.33,7060
2019-10-17,167.0,167.89,163.46,165.67,7745
2019-10-18,166.12,168.77,166.12,167.89,7709
2019-10-21,167.45,167.89,164.79,165.67,2477381
2019-10-22,167.0,169.66,166.12,167.0,4525105
2019-10-23,167.0,169.66,166.12,169.22,2759422
2019-10-24,169.22,170.1,165.67,167.0,3337081
2019-10-25,167.45,167.45,164.34,166.56,2201563
2019-10-28,167.0,169.22,166.56,167.45,2028253
2019-10-29,167.45,167.45,160.36,161.69,6810
2019-10-30,162.57,166.12,160.36,161.69,6503
2019-10-31,162.13,164.79,160.8,160.8,4190091
2019-11-01,161.24,162.13,153.71,154.6,10904
2019-11-04,155.49,157.26,149.28,153.27,12177
2019-11-05,154.6,156.81,153.27,155.49,6278
2019-11-06,156.81,160.36,155.93,159.91,8506
2019-11-07,156.81,156.81,151.5,154.16,11555
2019-11-08,156.37,160.36,152.38,152.38,14182
2019-11-11,152.38,155.93,151.06,153.27,6403
2019-11-12,155.04,155.93,149.73,154.16,7419
2019-11-13,155.93,157.7,154.16,155.93,6040
2019-11-14,154.16,158.14,153.71,155.49,4750090
2019-11-15,156.37,158.14,154.6,157.7,4984762
2019-11-18,156.81,157.7,151.5,151.5,7745
2019-11-19,152.38,154.16,150.17,153.27,4452270
2019-11-20,153.27,153.27,148.84,149.73,5139
2019-11-21,148.84,150.17,146.18,147.51,6333
2019-11-22,147.51,149.28,144.41,147.51,9006
2019-11-25,148.84,151.5,147.95,151.5,7234
2019-11-26,153.27,153.71,147.07,150.61,57403
2019-11-27,149.73,149.73,144.41,144.85,10613
2019-11-28,144.85,146.18,141.75,141.75,7832
2019-11-29,142.2,143.97,140.42,140.87,5818
2019-12-02,141.75,142.2,136.88,139.98,5055
2019-12-03,139.98,141.75,138.65,139.09,4424522
2019-12-04,139.09,143.08,138.65,139.54,6406
2019-12-05,141.31,146.18,140.87,145.74,8206
2019-12-06,147.51,147.51,141.31,142.2,10010
2019-12-09,143.08,146.63,141.31,145.74,7462
2019-12-10,145.3,147.07,144.41,145.74,3948401
2019-12-11,146.18,147.07,144.41,146.63,4473850
2019-12-12,147.07,147.51,144.41,145.3,4385294
2019-12-13,146.18,146.63,143.97,145.74,3147831
2019-12-16,146.18,147.51,144.85,147.51,18515
2019-12-17,148.4,148.84,146.18,147.07,4742616
2019-12-18,147.07,147.95,145.3,146.63,3263832
2019-12-19,147.51,147.95,146.63,147.95,1973129
2019-12-20,149.28,149.28,147.07,149.28,3579693
2019-12-23,150.17,150.61,147.95,148.84,2127719
2019-12-24,149.28,149.28,141.75,142.2,6906
2019-12-25,141.75,142.64,139.98,141.75,4271745
2019-12-26,142.64,143.52,139.09,139.54,4486915
2019-12-27,140.42,144.41,139.98,143.97,4844839
2019-12-30,144.85,146.18,142.2,145.3,3498567
2019-12-31,146.18,151.94,145.3,148.84,11519
2020-01-02,151.5,155.04,150.61,155.04,7847
2020-01-03,157.26,157.7,150.17,151.94,7772
2020-01-06,150.61,151.5,149.28,150.61,2382958
2020-01-07,152.38,152.83,143.52,143.52,6863
2020-01-08,140.42,146.63,139.98,146.18,4033239
2020-01-09,147.07,149.28,145.3,148.84,5417
2020-01-10,151.06,151.5,145.3,146.63,4697637
2020-01-13,148.4,148.84,145.74,148.84,2675453
2020-01-14,149.73,153.27,148.4,149.28,5347
2020-01-15,149.73,150.17,147.07,148.84,4804539
2020-01-16,149.73,151.06,148.4,149.28,3190523
2020-01-17,150.61,154.16,150.61,153.71,6797
2020-01-20,155.04,155.49,151.94,154.16,5082
2020-01-30,147.95,148.4,139.98,140.87,7847
2020-01-31,142.64,146.63,142.64,144.41,5199
2020-02-03,140.42,146.18,133.78,145.3,6575
2020-02-04,146.18,151.5,145.74,151.5,6145
2020-02-05,151.5,155.04,149.28,153.71,6116
2020-02-06,155.04,157.26,154.6,155.93,5316
2020-02-07,156.81,159.03,153.71,154.16,9352
2020-02-10,153.27,160.8,151.06,160.8,10084
2020-02-11,163.02,164.79,160.36,163.02,9742
2020-02-12,164.79,167.89,160.36,162.13,10819
2020-02-13,162.57,163.46,158.14,159.03,7100
2020-02-14,159.47,161.69,158.59,161.69,4398721
2020-02-17,160.36,163.02,159.03,162.57,4799215
2020-02-18,162.13,163.9,159.47,159.91,4909960
2020-02-19,160.36,163.46,160.36,161.24,4340194
2020-02-20,162.57,166.56,161.69,162.57,8662
2020-02-21,162.57,165.23,159.03,159.03,5611
2020-02-24,156.37,157.26,153.27,155.93,5812
2020-02-25,154.6,157.26,152.83,155.49,4049767
2020-02-26,154.16,155.49,151.94,151.94,5020
2020-02-27,152.83,154.6,144.85,144.85,8681
2020-03-02,141.75,146.63,139.98,143.52,6166
2020-03-03,147.07,148.4,144.85,146.63,5955
2020-03-04,146.18,149.28,143.97,149.28,4341308
2020-03-05,152.83,158.59,151.94,158.59,9884
2020-03-06,157.26,158.59,153.27,157.7,5509
2020-03-09,154.16,155.49,148.84,148.84,6905
2020-03-10,146.63,152.38,146.18,151.5,4730544
2020-03-11,153.27,155.93,151.94,152.83,5659
2020-03-12,152.83,152.83,141.31,145.3,10203
2020-03-13,132.89,150.61,132.89,149.73,13248
2020-03-16,149.28,152.83,144.41,144.41,6361
2020-03-17,138.21,150.17,138.21,149.28,10555
2020-03-18,151.94,152.83,146.18,146.63,9023
2020-03-19,146.18,146.63,132.01,132.01,11555
2020-03-20,135.99,142.64,124.48,134.67,22624
2020-03-23,123.59,125.81,121.38,121.38,9161
2020-03-24,124.48,128.46,122.7,127.58,11866
2020-03-25,132.89,137.77,131.12,136.44,11729
2020-03-26,134.67,137.32,131.12,137.32,6539
2020-03-27,139.98,142.64,137.32,138.65,8193
2020-03-30,134.67,139.98,133.78,139.98,4444941
2020-03-31,141.75,144.85,139.98,144.41,6999
2020-04-01,147.95,147.95,142.64,147.51,6366
2020-04-06,150.17,155.93,148.4,155.93,9270
2020-04-07,156.37,160.36,152.83,154.6,10971
2020-04-08,156.81,158.59,154.16,157.26,6322
2020-04-09,159.03,159.91,152.83,154.6,5427
2020-04-10,155.49,160.36,155.04,158.14,10597
2020-04-13,159.47,161.24,155.49,157.7,4506562
2020-04-14,160.36,162.13,158.14,159.03,3685881
2020-04-15,161.69,163.9,159.91,162.13,5783
2020-04-16,163.02,167.0,161.24,166.56,7967
2020-04-17,172.76,182.95,171.88,182.51,19220
2020-04-20,177.19,178.52,169.66,170.99,18603
2020-04-21,170.1,172.32,160.36,163.02,13038
2020-04-22,163.46,166.56,160.8,165.23,9778
2020-04-23,167.89,175.42,167.45,168.33,11966
2020-04-24,168.33,173.65,167.0,172.76,8956
2020-04-27,176.31,178.52,171.88,174.09,8512
2020-04-28,176.75,191.37,175.42,188.27,18327
2020-04-29,190.92,202.88,189.15,198.01,20685
2020-04-30,194.91,200.23,191.37,192.7,8445
2020-05-04,185.61,187.82,182.51,184.72,7404
2020-05-05,185.16,190.92,182.95,185.61,7535
2020-05-06,184.28,190.48,183.84,188.27,6748
2020-05-07,187.38,191.37,185.61,187.38,4476666
2020-05-08,189.59,190.04,183.39,185.61,5226
2020-05-11,187.82,189.59,183.84,185.16,4316436
2020-05-12,182.95,183.84,178.08,181.18,6641
2020-05-13,180.73,185.61,180.29,185.61,4716530
2020-05-14,185.61,191.37,184.28,186.94,7618
2020-05-15,190.04,192.25,184.28,185.16,5725
2020-05-18,186.05,199.34,185.61,193.14,11068
2020-05-19,196.68,198.9,186.05,187.82,7816
2020-05-20,188.71,190.92,186.49,190.48,4186307
2020-05-21,192.25,194.91,191.37,191.81,3161850
2020-05-22,191.37,196.24,190.04,192.7,4649717
2020-05-25,194.02,203.77,192.7,202.88,10815
2020-05-26,203.77,207.31,201.55,202.88,5395
2020-05-27,206.87,208.2,199.78,202.88,3178298
2020-05-28,208.64,218.83,205.1,209.09,9884
2020-05-29,207.76,213.96,204.66,213.96,6819
2020-06-01,217.06,217.06,212.19,214.84,3389496
2020-06-02,212.19,214.84,197.13,202.0,11222
2020-06-03,202.0,202.44,197.13,198.01,8455
2020-06-04,198.45,201.55,195.8,201.11,6358
2020-06-05,200.23,201.11,197.57,198.01,4579053
2020-06-08,194.02,195.35,187.82,188.71,12600
2020-06-09,185.16,192.7,185.16,185.61,8986
2020-06-10,186.05,193.14,185.61,192.7,6768
2020-06-11,192.25,201.11,191.81,198.01,7864
2020-06-12,194.02,201.11,191.37,200.67,5373
2020-06-15,200.23,201.11,194.02,195.35,3603428
2020-06-16,198.01,201.11,196.68,200.67,3459833
2020-06-17,200.67,201.55,195.8,198.9,3388081
2020-06-18,199.34,199.34,195.35,197.57,2271327
2020-06-19,197.13,207.31,197.13,203.77,7932
2020-06-22,202.88,204.21,200.67,202.88,2049262
2020-06-23,203.77,207.31,199.34,199.34,2577856
2020-06-24,201.11,204.21,198.01,198.01,3156590
2020-06-29,194.02,202.0,193.58,199.78,3232080
2020-06-30,201.55,204.66,198.45,202.0,3693920
2020-07-01,202.44,207.76,202.0,204.21,3776363
2020-07-02,206.43,210.41,202.0,210.41,4803075
2020-07-03,214.84,217.5,211.74,214.4,6280
2020-07-06,221.49,235.66,219.72,227.25,7734
2020-07-07,231.68,236.99,224.59,227.25,5531
2020-07-08,227.25,229.91,222.82,226.36,4148031
2020-07-09,228.13,232.12,225.92,228.58,3189056
2020-07-10,230.35,230.79,223.26,225.92,3031613
2020-07-13,227.25,234.34,226.8,231.68,3653477
2020-07-14,230.35,231.68,226.8,229.46,2600428
2020-07-15,233.01,236.55,223.7,223.7,4137977
2020-07-16,219.27,220.6,213.96,213.96,4670211
2020-07-17,211.74,217.06,208.64,209.53,3803394
2020-07-20,210.41,213.52,204.66,210.41,2544380
2020-07-21,214.4,217.5,213.96,214.4,2629688
2020-07-22,216.17,221.05,215.29,218.83,3273310
2020-07-23,220.82,221.73,216.28,218.55,2706712
2020-07-24,218.55,221.28,214.91,214.91,2845272
2020-07-27,215.37,219.91,213.55,213.55,2220290
2020-07-28,213.1,215.37,205.37,208.1,3573792
2020-07-29,206.74,217.19,206.74,210.83,4158817
2020-07-30,212.64,214.46,210.37,210.83,3247813
2020-07-31,211.73,213.55,208.55,208.55,2572211
2020-08-03,210.83,218.55,210.37,211.73,4513160
2020-08-04,215.82,223.09,214.01,223.09,4583757
2020-08-05,224.91,228.09,224.46,224.46,3890865
2020-08-06,225.82,226.73,214.91,215.37,3473042
2020-08-07,209.46,213.1,205.37,205.37,4777445
2020-08-10,205.37,205.37,198.1,199.92,3286315
2020-08-11,198.56,200.37,188.11,189.92,8093
2020-08-12,189.02,196.74,188.56,195.38,5617
2020-08-13,197.19,200.83,190.38,199.92,6483
2020-08-14,203.56,207.64,201.74,207.64,7393
2020-08-17,208.1,217.19,205.37,216.28,6386
2020-08-18,213.55,217.64,212.19,213.55,3963652
2020-08-19,214.91,218.1,210.83,211.28,3392781
2020-08-20,209.01,212.19,199.92,201.74,5605
2020-08-21,207.19,210.83,203.1,207.19,3692082
2020-08-24,207.19,221.73,204.92,221.73,6414
2020-08-25,223.09,225.36,214.91,215.82,5352
2020-08-26,214.46,214.46,206.74,209.01,5592
2020-08-27,209.46,217.64,209.46,214.46,4452586
2020-08-28,213.1,220.82,210.83,219.0,4999243
2020-08-31,219.0,219.91,211.28,212.64,5194
2020-09-01,213.1,217.64,212.64,215.37,2493664
2020-09-02,216.28,218.1,214.91,218.1,2276685
2020-09-03,218.1,219.46,211.73,212.19,2837458
2020-09-04,201.74,211.28,199.92,209.01,4349062
2020-09-07,208.1,209.01,203.1,203.56,2304902
2020-09-08,204.01,206.28,200.37,202.19,2855486
2020-09-09,197.65,199.92,195.83,198.56,3390571
2020-09-10,204.46,210.37,200.37,201.74,5311
2020-09-11,199.01,202.65,195.83,195.83,3822869
2020-09-14,199.01,202.65,197.65,198.56,3296759
2020-09-15,200.83,202.65,198.56,200.37,2835748
2020-09-16,201.28,202.65,199.01,199.47,1975305
2020-09-17,198.1,199.92,196.29,196.29,3014589
2020-09-18,197.19,200.37,196.74,199.47,2431771
2020-09-21,198.56,199.47,196.29,198.1,1565447
2020-09-22,197.65,200.83,196.74,196.74,1838294
2020-09-23,197.19,198.1,188.11,190.83,6513
2020-09-24,188.11,194.47,183.56,187.65,6698
2020-09-25,189.02,193.56,187.2,192.2,3709605
2020-09-28,195.38,200.83,194.47,199.01,5076
2020-09-29,198.56,204.92,198.1,200.83,4761974
2020-09-30,200.83,204.01,199.47,202.19,2696946
2020-10-05,204.46,208.55,198.1,198.56,5721
2020-10-06,202.19,206.28,199.47,205.37,3825702
2020-10-07,203.1,204.46,199.01,199.01,3399239
2020-10-08,199.92,201.74,197.19,199.01,2732368
2020-10-12,198.56,200.83,195.83,197.65,2722415
2020-10-13,195.38,200.83,193.56,199.01,2175717
2020-10-14,197.65,202.65,197.65,199.92,2080951
2020-10-15,198.56,201.28,197.65,201.28,1647895
2020-10-16,201.74,202.65,198.1,198.1,1853466
2020-10-19,199.01,202.65,197.65,200.83,1468517
2020-10-20,200.83,203.56,199.92,201.74,1177909
2020-10-21,201.28,203.1,198.1,198.1,1519341
2020-10-22,197.65,199.01,192.65,194.47,2369588
2020-10-23,194.47,194.92,189.02,189.47,4476615
2020-10-26,192.2,194.92,190.83,194.47,2341449
2020-10-27,191.74,192.65,189.02,190.83,2139223
2020-10-28,189.92,190.83,188.56,189.92,1276750
2020-10-29,186.29,189.47,184.47,187.65,1905833
2020-10-30,188.11,190.38,187.65,188.56,1722166
2020-11-02,189.02,191.29,187.2,187.2,1237007
2020-11-03,189.02,190.83,188.56,190.38,1142089
2020-11-04,189.92,193.56,189.02,191.29,1459105
2020-11-05,191.74,194.01,191.74,192.65,1032529
2020-11-06,192.2,194.92,192.2,194.92,1411356
2020-11-09,195.83,198.1,195.38,197.65,1392971
2020-11-10,199.92,202.65,196.29,197.65,3077200
2020-11-11,196.74,199.92,192.2,199.92,1909955
2020-11-12,203.1,213.1,201.74,202.65,7779
2020-11-13,205.37,209.92,203.56,208.55,3399234
2020-11-16,214.46,217.19,211.28,217.19,4738446
2020-11-17,219.0,222.64,216.73,221.73,4683320
2020-11-18,218.55,223.55,218.1,223.55,2829109
2020-11-19,223.55,226.73,218.55,220.37,2917171
2020-11-20,221.28,223.09,219.91,221.28,1325790
2020-11-23,221.28,221.28,214.01,215.82,2815591
2020-11-24,216.28,217.19,213.1,214.91,1225709
2020-11-25,212.64,214.46,207.19,207.19,3922964
2020-11-26,208.1,215.37,208.1,215.37,3826658
2020-11-27,215.37,221.28,213.55,221.28,2461481
2020-11-30,222.64,224.46,215.37,217.19,4067484
2020-12-01,216.28,222.18,215.37,220.82,2165547
2020-12-02,220.82,223.09,217.64,222.64,1515216
2020-12-03,225.36,230.36,221.28,229.0,4660503
2020-12-04,225.82,228.55,224.91,227.18,2851590
2020-12-07,228.55,234.45,226.27,232.63,2692176
2020-12-08,232.63,238.54,230.82,235.36,2476371
2020-12-09,235.36,238.54,233.54,235.36,1680230
2020-12-10,240.81,248.08,236.72,240.81,5469
2020-12-11,244.9,253.54,243.99,251.72,5729
2020-12-14,248.99,263.08,248.08,258.99,4760660
2020-12-15,254.9,266.26,254.9,261.71,5153
2020-12-16,263.53,278.07,261.71,277.16,5583
2020-12-17,272.62,276.25,259.44,261.26,7689
2020-12-18,263.53,271.26,262.62,266.71,4494501
2020-12-21,266.71,266.71,258.53,261.26,3599467
2020-12-22,259.44,263.99,258.53,259.44,1726899
2020-12-23,258.08,261.71,256.26,259.44,1870816
2020-12-24,258.99,266.26,258.99,262.62,1440131
2020-12-25,263.53,266.26,260.81,261.26,617294
2020-12-28,262.17,276.25,262.17,271.26,3966249
2020-12-29,273.53,279.89,272.62,278.53,2767785
2020-12-30,281.71,288.07,278.53,287.16,3323298
2020-12-31,286.7,291.25,279.89,287.16,2682356
2021-01-04,284.89,294.43,272.16,273.53,3322823
2021-01-05,274.44,274.89,268.08,270.35,3844531
2021-01-06,268.53,273.07,263.99,268.98,3112394
2021-01-07,270.8,272.16,267.17,268.98,2600189
2021-01-08,267.17,268.98,263.99,264.89,2864696
2021-01-11,266.26,270.35,262.62,267.17,4247338
2021-01-12,266.26,267.17,260.81,260.81,2756393
2021-01-13,262.62,266.71,259.44,264.89,4651721
2021-01-14,263.53,264.44,256.72,256.72,3207504
2021-01-15,257.62,261.26,250.36,251.72,3701081
2021-01-18,251.72,258.08,248.54,256.26,2641754
2021-01-19,255.35,258.99,254.9,257.17,1187857
2021-01-20,254.44,259.9,251.72,255.35,2179982
2021-01-21,258.53,264.89,257.17,259.44,3266407
2021-01-22,257.62,267.17,255.35,264.89,3270165
2021-01-25,264.89,268.08,260.81,262.17,2368558
2021-01-26,267.62,269.89,261.26,264.44,3082497
2021-01-27,265.35,268.08,259.9,261.71,1982769
2021-01-28,256.26,257.17,245.36,248.08,4413712
2021-01-29,247.63,252.63,243.99,244.9,5347
2021-02-01,248.99,252.17,246.27,249.9,3950209
2021-02-02,248.99,266.26,248.99,266.26,4816988
2021-02-03,264.44,264.44,254.44,254.9,3026208
2021-02-04,248.54,251.72,245.36,247.17,3005664
2021-02-05,248.08,250.36,246.27,246.72,1556389
2021-02-17,240.81,247.17,234.91,244.9,5752
2021-02-18,244.9,252.63,244.9,250.36,2109056
2021-02-19,249.45,254.44,246.27,250.36,2141527
2021-02-22,253.99,255.35,246.72,248.99,2530353
2021-02-23,247.17,248.99,245.81,247.17,1548659
2021-02-24,249.9,252.63,242.63,243.99,2577783
2021-02-25,246.27,249.9,244.45,247.17,1471380
2021-02-26,247.17,247.17,236.27,238.54,3780648
2021-03-02,243.54,248.99,241.72,242.18,2590501
2021-03-03,245.36,245.36,234.45,241.27,2874642
2021-03-04,240.81,240.81,230.36,233.09,2962600
2021-03-05,227.18,235.36,224.0,232.63,2483308
2021-03-08,234.45,239.9,234.0,235.82,1782141
2021-03-09,234.91,234.91,227.18,228.09,1418887
2021-03-10,232.63,239.0,229.0,230.36,1710643
2021-03-11,232.63,233.09,228.09,231.27,1398101
2021-03-12,232.18,239.9,231.73,238.54,2742538
2021-03-15,238.09,239.9,234.45,238.09,1146415
2021-03-16,239.0,242.18,237.63,241.27,1284051
2021-03-17,237.18,243.09,237.18,241.27,2008099
2021-03-18,241.27,243.54,237.18,238.54,2328322
2021-03-19,240.81,249.9,239.9,248.54,4297743
2021-03-22,248.54,248.99,241.27,241.72,3107150
2021-03-23,241.72,247.17,240.81,244.45,1847071
2021-03-24,243.54,247.63,241.72,243.54,1359336
2021-03-25,241.72,245.81,237.18,245.36,2341906
2021-03-26,244.45,245.36,239.0,243.54,2436877
2021-03-29,245.81,254.44,243.09,253.99,4094717
2021-03-30,251.72,253.99,249.9,253.08,1867876
2021-03-31,253.08,256.26,249.9,250.81,3182881
2021-04-01,249.9,258.99,249.9,250.36,2948273
2021-04-07,253.54,254.9,251.26,253.99,1617792
2021-04-08,249.9,257.17,249.9,251.72,2116428
2021-04-09,253.54,257.17,252.63,253.99,1295169
2021-04-12,253.54,254.9,245.36,245.81,2074363
2021-04-13,246.72,249.45,241.72,241.72,1588745
2021-04-14,242.63,244.9,240.36,241.72,1379420
2021-04-15,244.45,244.9,240.81,243.09,1124934
2021-04-16,243.09,252.63,243.09,250.36,1951243
2021-04-19,248.54,253.08,247.17,248.54,1406837
2021-04-20,248.08,250.81,247.63,250.81,936910
2021-04-21,248.54,250.81,245.81,246.27,1371020
2021-04-22,249.45,258.08,248.99,249.9,2490559
2021-04-23,252.63,264.89,250.81,264.89,5090
2021-04-26,263.53,272.16,259.9,268.98,5141
2021-04-27,268.53,272.16,264.44,268.98,2221892
2021-04-28,269.89,278.07,268.08,275.8,3830698
2021-04-29,278.07,290.79,276.25,288.98,4767846
2021-05-03,281.71,289.43,274.89,286.7,4031555
2021-05-04,286.7,293.52,264.89,275.35,3602305
2021-05-05,272.62,276.71,262.62,264.44,2327278
2021-05-06,264.44,274.89,259.44,264.44,2303486
2021-05-07,268.08,273.98,262.62,263.53,1919145
2021-05-10,268.08,270.8,258.99,259.44,1362081
2021-05-11,249.9,249.9,233.54,235.36,4026618
2021-05-12,234.0,248.99,228.55,239.9,5584
2021-05-13,239.9,248.08,232.18,244.9,2860832
2021-05-14,240.81,258.08,240.81,246.72,3461757
2021-05-17,240.81,248.08,236.72,248.08,2594963
2021-05-18,255.35,268.08,251.26,268.08,3632128
2021-05-19,268.98,275.35,266.71,268.53,2448669
2021-05-20,262.17,273.07,261.71,268.53,1593594
2021-05-21,270.8,275.8,264.44,268.08,1547412
2021-05-24,269.89,279.43,268.08,279.43,1965483
2021-05-25,275.35,280.8,274.89,275.35,1654266
2021-05-26,277.16,278.53,269.44,272.62,1207194
2021-05-27,271.71,276.25,268.08,268.08,3706750
2021-05-28,267.62,268.98,262.62,266.26,1810302
2021-05-31,267.62,279.43,267.17,279.43,1881290
2021-06-01,277.16,282.16,277.16,278.53,847747
2021-06-02,283.52,283.52,269.44,269.89,1104091
2021-06-03,268.08,269.89,263.99,266.26,1787385
2021-06-04,261.71,265.35,261.71,264.44,916366
2021-06-07,259.44,267.62,255.35,266.71,2371031
2021-06-08,266.71,267.62,257.62,260.35,1783656
2021-06-09,255.81,262.17,255.81,261.71,1481000
2021-06-10,261.71,268.53,260.81,265.8,1810929
2021-06-11,264.44,270.8,263.08,268.08,1995708
2021-06-15,268.08,273.07,266.26,270.8,1793683
2021-06-16,268.53,274.44,266.71,268.08,1504931
2021-06-17,261.71,268.98,261.71,266.26,1183543
2021-06-18,266.71,269.89,263.53,268.08,3356922
2021-06-21,268.08,272.16,263.53,270.8,1697102
2021-06-22,271.26,273.07,266.26,272.62,1648404
2021-06-23,274.44,287.16,273.07,286.7,3639297
2021-06-24,286.25,288.98,283.98,285.34,1212881
2021-06-25,289.43,310.79,288.98,300.79,5022
2021-06-28,301.24,306.24,297.15,300.79,2375391
2021-06-29,304.42,306.7,295.34,299.88,2391925
2021-06-30,299.88,302.61,297.15,300.34,2096936
2021-07-01,299.43,300.34,284.43,290.79,1738030
2021-07-02,295.34,304.42,294.43,296.25,2242749
2021-07-05,299.88,300.34,290.79,298.06,1534435
2021-07-06,300.79,309.42,298.97,303.97,1820307
2021-07-07,298.97,305.33,293.07,302.15,2409296
2021-07-08,298.97,305.33,295.79,303.97,1729345
2021-07-09,297.15,303.52,296.7,300.79,1391661
2021-07-12,304.88,315.33,298.97,310.79,1547571
2021-07-13,313.51,321.69,310.79,317.6,2845504
2021-07-14,317.15,317.15,296.7,304.42,4265707
2021-07-15,303.97,315.33,301.7,315.33,1803540
2021-07-16,310.79,318.51,308.06,318.06,1728527
2021-07-19,310.79,314.42,306.7,308.97,1553976
2021-07-20,307.15,319.87,306.7,311.69,927501
2021-07-21,312.15,318.06,307.15,310.33,1058147
2021-07-22,315.33,318.51,308.06,309.88,1202128
2021-07-23,308.97,314.42,301.7,306.7,1651532
2021-07-26,307.15,312.15,306.7,310.33,688649
2021-07-27,313.51,313.51,299.88,304.88,1153129
2021-07-28,304.42,304.42,295.34,297.61,1213236
2021-07-29,303.52,309.88,298.97,304.88,1175196
2021-07-30,298.97,308.06,295.34,296.25,837677
2021-08-02,284.43,295.34,281.71,293.52,2585323
2021-08-03,303.52,306.24,294.43,301.24,1085131
2021-08-04,304.42,307.15,300.34,301.7,469707
2021-08-05,304.42,305.33,300.79,302.61,927212
2021-08-06,298.97,306.24,298.52,302.15,1140358
2021-08-09,299.37,304.0,291.95,301.69,1313787
2021-08-10,304.93,304.93,301.22,303.54,508515
2021-08-11,298.44,304.93,298.44,301.22,871624
2021-08-12,297.98,307.25,297.98,305.86,641241
2021-08-13,287.32,287.32,275.27,275.27,3662819
2021-08-16,253.03,256.27,247.93,247.93,7750
2021-08-17,247.93,247.93,247.93,247.93,0
2021-08-18,253.49,266.93,248.39,265.08,4338289
2021-08-19,262.29,269.25,259.05,267.86,3797980
2021-08-20,261.83,266.93,261.83,263.68,1704627
2021-08-23,266.0,270.17,263.22,266.93,1609833
2021-08-24,273.42,277.12,268.78,274.34,2452434
2021-08-25,268.78,275.73,268.78,272.03,1437939
2021-08-26,270.17,272.03,262.29,266.93,1843337
2021-08-27,265.08,272.49,264.15,270.17,1473706
2021-08-30,270.17,270.64,263.68,266.0,1440220
2021-08-31,264.15,264.15,252.56,259.98,3938722
2021-09-01,253.49,263.22,253.49,259.51,2914880
2021-09-02,257.66,280.83,256.73,264.15,5497
2021-09-03,263.68,266.93,256.27,262.29,2967029
2021-09-06,268.32,269.25,261.37,265.54,1987039
2021-09-07,267.39,268.32,248.86,257.66,3639312
2021-09-08,258.59,260.44,251.64,253.03,1889474
2021-09-09,251.17,259.51,251.17,255.81,1202745
2021-09-10,253.49,256.27,250.25,255.81,1648423
2021-09-13,255.81,260.44,251.64,255.34,898728
2021-09-14,259.51,259.51,255.81,258.12,1054440
2021-09-15,255.34,257.66,249.78,249.78,2307745
2021-09-16,249.78,252.1,247.93,248.39,2041127
2021-09-17,246.54,251.17,244.68,246.54,3095666
2021-09-22,241.9,251.64,241.44,249.78,2115742
2021-09-23,248.39,254.88,247.47,251.17,1814218
2021-09-24,251.17,255.81,251.17,254.42,970446
2021-09-27,252.1,256.73,251.17,251.64,1318710
2021-09-28,250.25,251.64,244.22,247.93,1376536
2021-09-29,244.68,250.25,242.83,242.83,2437051
2021-09-30,243.76,249.32,242.83,243.76,1458917
2021-10-01,242.37,247.47,233.1,235.42,4425545
2021-10-04,235.88,239.59,225.22,229.39,2886254
2021-10-05,229.39,229.86,223.37,228.47,1408871
2021-10-06,230.32,231.71,209.46,212.25,3533684
2021-10-07,228.93,233.1,224.76,232.17,4103449
2021-10-08,227.07,240.98,227.07,238.66,2605271
2021-10-12,232.17,240.98,230.78,238.66,1963142
2021-10-13,240.05,245.61,234.03,236.81,1521003
2021-10-14,238.2,240.51,229.39,233.1,1157762
2021-10-15,235.42,236.34,224.29,227.07,2999999
2021-10-18,231.71,232.17,215.03,215.95,4028941
2021-10-19,218.27,225.22,215.95,223.37,2506336
2021-10-20,221.98,222.9,216.88,219.2,1690432
2021-10-21,219.2,221.05,217.34,219.2,1481523
2021-10-22,218.73,224.29,218.73,222.9,990210
2021-10-25,222.44,222.44,216.88,216.88,1052187
2021-10-26,219.66,228.47,218.27,227.07,1825506
2021-10-27,224.76,235.88,224.76,231.71,3024362
2021-10-28,230.32,234.49,226.15,229.86,2163597
2021-10-29,229.86,233.1,224.29,225.68,1979702
2021-11-01,231.25,235.88,228.93,233.56,2154841
2021-11-02,236.34,241.9,230.78,232.64,2693359
2021-11-03,233.56,245.61,233.56,241.44,3663433
2021-11-04,241.44,254.42,240.98,251.64,4376104
2021-11-05,256.27,276.2,253.95,262.29,8131
2021-11-08,265.54,269.71,258.59,261.83,4936204
2021-11-09,262.29,268.78,260.44,268.78,2650845
2021-11-10,259.98,276.2,259.98,274.34,4340622
2021-11-11,270.64,273.88,268.32,269.71,1748840
2021-11-12,256.73,267.86,253.49,266.93,4134292
2021-11-15,261.83,266.0,258.59,259.98,3231707
2021-11-16,259.51,275.27,259.51,270.64,3568948
2021-11-17,278.05,278.05,268.78,270.17,1979474
2021-11-18,268.32,273.88,267.86,272.49,1197314
2021-11-19,268.78,273.88,268.78,270.64,1329823
2021-11-22,269.25,274.34,267.39,270.64,927760
2021-11-23,266.93,275.73,266.0,273.42,1395534
2021-11-24,273.88,288.25,273.88,278.05,2177564
2021-11-25,279.44,282.69,277.12,278.98,832177
2021-11-26,277.12,282.69,274.34,277.59,1086667
2021-11-29,266.0,273.42,265.54,269.25,1686358
2021-11-30,269.71,275.73,267.39,267.39,2645687
2021-12-01,266.93,275.27,266.93,273.42,1302200
2021-12-02,268.78,272.49,263.22,263.22,2042767
2021-12-03,264.61,267.86,255.81,256.73,2736111
2021-12-06,256.73,265.08,255.81,262.76,1623537
2021-12-07,262.76,272.49,259.98,271.56,2258732
2021-12-08,269.71,275.73,269.25,274.81,1397069
2021-12-09,274.81,282.69,272.49,280.37,1936842
2021-12-10,278.98,284.54,275.27,281.76,1638590
2021-12-13,281.76,284.54,273.88,275.27,1291341
2021-12-14,272.95,280.37,268.78,276.2,2190560
2021-12-15,276.2,278.98,269.25,271.1,1479834
2021-12-16,260.44,262.29,254.88,255.34,6331
2021-12-17,249.32,250.25,234.03,238.66,9061
2021-12-20,237.27,243.76,234.95,241.44,4217045
2021-12-21,240.98,243.29,239.59,240.05,1717294
2021-12-22,242.37,247.0,237.27,238.66,1891048
2021-12-23,241.9,245.61,236.81,240.98,2111047
2021-12-24,240.98,243.29,239.59,240.05,812585
2021-12-27,241.9,244.22,239.59,240.51,1034105
2021-12-28,239.12,244.68,239.12,242.83,1409106
2021-12-29,244.68,244.68,240.51,240.51,953551
2021-12-30,241.44,242.37,240.51,240.98,1141067
2022-01-03,243.76,243.76,240.98,241.9,1020358
2022-01-04,242.83,248.39,241.9,247.0,1937938
2022-01-05,247.47,254.88,243.29,253.95,3329890
2022-01-06,249.32,251.17,245.61,246.54,2130100
2022-01-07,248.39,248.86,240.05,240.05,1582525
2022-01-10,246.54,250.25,237.73,243.29,3846382
2022-01-11,246.54,247.47,238.66,238.66,2010510
2022-01-12,240.51,240.98,234.49,236.81,2389200
2022-01-13,240.05,246.54,237.27,246.54,2495855
2022-01-14,244.68,245.61,240.51,240.98,1047504
2022-01-17,239.12,250.71,239.12,250.71,1575948
2022-01-18,248.86,253.49,247.93,249.32,1178008
2022-01-19,249.32,250.25,246.54,247.93,961221
2022-01-20,248.39,249.32,242.83,244.22,917117
2022-01-21,242.37,245.61,238.2,244.22,1664256
2022-01-24,240.98,247.0,236.34,246.54,1520178
2022-01-25,244.22,258.59,244.22,254.42,4172084
2022-01-26,256.73,258.59,245.61,245.61,2649306
2022-02-07,238.66,249.78,238.2,239.59,3791449
2022-02-08,239.59,244.22,239.59,241.44,2569214
2022-02-09,241.9,247.47,241.44,245.15,1505079
2022-02-10,245.61,254.88,245.61,254.42,1762957
2022-02-11,252.56,253.03,247.93,251.64,1109368
2022-02-14,249.32,249.32,237.27,237.27,1605919
2022-02-15,242.37,242.83,239.12,240.51,843038
2022-02-16,245.61,254.42,243.29,253.95,2223938
2022-02-17,256.73,257.2,250.25,252.56,1256536
2022-02-18,250.25,254.88,248.86,254.88,855375
2022-02-21,252.1,253.95,247.0,253.03,856382
2022-02-22,247.47,250.71,240.98,242.83,1376212
2022-02-23,246.54,248.86,244.68,245.61,577919
2022-02-24,240.98,246.54,234.49,235.88,1935041
2022-02-25,237.73,239.12,232.17,233.56,1351921
2022-03-01,239.59,247.47,236.81,247.47,1800151
2022-03-02,242.83,245.61,240.98,242.83,938149
2022-03-03,243.76,247.47,240.98,247.47,1361200
2022-03-04,241.9,242.83,234.95,234.95,2312284
2022-03-07,228.93,232.64,218.73,219.66,3529869
2022-03-08,208.54,221.98,208.54,209.93,4086348
2022-03-09,213.17,218.73,208.54,211.32,2514249
2022-03-10,215.03,222.9,215.03,218.27,2132585
2022-03-11,218.27,220.59,214.1,217.34,2444019
2022-03-14,217.34,220.59,210.39,212.71,1495780
2022-03-15,211.78,211.78,202.05,202.98,1629242
2022-03-16,205.29,209.93,198.34,203.44,1950378
2022-03-17,213.64,219.66,213.17,219.2,2709781
2022-03-18,218.73,218.73,197.88,200.2,6044
2022-03-21,201.12,205.76,201.12,202.98,3825780
2022-03-22,202.05,207.61,197.88,201.59,2953265
2022-03-23,201.59,203.9,197.88,200.66,2461493
2022-03-24,200.66,201.59,197.88,199.73,2182358
2022-03-25,198.34,199.27,188.15,188.15,4916767
2022-03-28,185.37,190.0,181.66,189.07,5297
2022-03-29,189.07,192.32,187.68,191.86,1996641
2022-03-30,193.71,201.12,192.78,199.27,6175
2022-03-31,204.37,213.17,202.51,206.22,6892
2022-04-01,204.83,214.1,202.05,213.17,5814
2022-04-06,213.17,221.51,212.25,221.05,6024
2022-04-07,218.73,220.59,212.71,214.1,3786410
2022-04-08,213.17,215.95,207.15,209.46,3125255
2022-04-11,213.17,215.95,200.66,200.66,3879607
2022-04-12,198.34,205.29,196.03,199.27,3563609
2022-04-13,203.44,207.61,200.66,205.76,1854663
2022-04-14,204.37,210.86,203.44,209.46,1598076
2022-04-15,209.93,211.32,206.22,207.61,1471868
2022-04-18,203.9,207.61,202.05,202.98,895241
2022-04-19,203.44,210.86,203.44,205.29,1505027
2022-04-20,205.29,209.46,205.29,206.68,1675223
2022-04-21,208.54,213.17,208.54,209.0,1068981
2022-04-22,204.37,208.54,202.98,205.29,1325260
2022-04-25,201.12,202.51,194.17,195.56,1670200
2022-04-26,198.81,207.61,198.34,204.83,2257406
2022-04-27,195.1,202.51,195.1,199.73,2730559
2022-04-28,201.12,206.22,201.12,203.44,1512331
2022-04-29,208.07,220.59,206.68,215.95,5522
2022-05-03,216.42,217.34,211.32,215.49,2628085
2022-05-04,217.81,218.73,213.17,216.88,1995460
2022-05-05,220.59,221.98,215.03,215.03,1668718
2022-05-06,207.61,210.39,205.76,209.46,2162071
2022-05-09,202.51,207.61,202.05,202.51,1865526
2022-05-10,195.56,197.42,188.61,191.86,4064294
2022-05-11,191.86,205.76,191.86,202.98,5696
2022-05-12,199.27,211.32,199.27,207.15,3844376
2022-05-13,210.86,219.2,204.83,217.34,4891112
2022-05-16,221.05,221.51,216.42,218.27,2979813
2022-05-17,215.49,216.88,208.54,209.0,3806856
2022-05-18,209.93,214.56,209.93,213.17,2174355
2022-05-19,208.54,217.34,206.68,208.54,2853242
2022-05-20,209.46,209.93,202.51,202.51,2341757
2022-05-23,205.29,205.29,197.42,197.88,2342326
2022-05-24,199.73,201.59,195.56,195.56,2145601
2022-05-25,195.56,199.27,192.78,197.42,2328304
2022-05-26,198.34,202.05,190.93,190.93,4035114
2022-05-27,196.49,196.49,191.39,192.78,2628156
2022-05-30,194.64,207.61,194.64,201.59,4008730
2022-05-31,203.9,215.03,202.05,215.03,5776
2022-06-01,211.32,215.95,209.0,209.0,2396559
2022-06-02,207.61,211.78,205.76,209.46,1634416
2022-06-06,204.83,205.29,199.27,203.44,2219087
2022-06-07,201.12,208.54,200.2,207.15,2678374
2022-06-08,211.78,215.95,209.46,211.78,4043635
2022-06-09,209.93,216.88,209.93,216.88,3975001
2022-06-10,214.1,227.07,211.78,224.29,5417
2022-06-13,218.73,223.83,217.81,218.73,3560969
2022-06-14,219.2,226.15,217.81,220.59,3485265
2022-06-15,222.44,226.15,220.59,222.44,3901880
2022-06-16,227.07,235.42,224.29,224.76,6733
2022-06-17,221.05,222.44,210.39,210.86,4396596
2022-06-20,211.78,220.59,211.32,216.42,4393335
2022-06-21,218.73,233.56,218.27,233.56,5439
2022-06-22,229.86,234.49,222.44,227.07,3576125
2022-06-23,230.78,230.78,220.59,222.44,3686562
2022-06-24,226.61,229.39,221.51,224.76,2534447
2022-06-27,228.0,232.64,225.22,227.54,3088515
2022-06-28,227.54,230.32,221.98,222.9,1699064
2022-06-29,221.05,226.61,219.66,225.68,2114118
2022-06-30,223.37,225.22,218.27,221.05,2872399
2022-07-01,216.88,218.27,199.27,199.27,4399110
2022-07-04,195.1,198.81,184.9,189.07,5376
2022-07-05,192.78,198.34,190.46,197.42,6284
2022-07-06,196.49,201.59,192.32,192.78,3838898
2022-07-07,198.34,208.54,197.42,205.76,6203
2022-07-08,211.78,217.81,210.39,213.17,3788198
2022-07-11,215.49,216.88,204.37,205.76,2929012
2022-07-12,202.98,202.98,192.78,196.03,2880154
2022-07-13,202.98,215.49,202.98,215.49,3931421
2022-07-14,209.46,234.03,207.15,230.78,8244
2022-07-15,225.22,234.49,225.22,228.93,9909
2022-07-18,231.25,245.61,231.25,245.61,8010
2022-07-19,240.98,242.83,237.27,240.98,3523449
2022-07-20,241.44,245.61,232.64,234.95,7064
2022-07-21,237.27,240.05,230.78,232.17,3977534
2022-07-22,231.71,234.49,227.54,229.86,3186194
2022-07-25,226.15,234.03,226.15,231.25,2690299
2022-07-26,228.93,230.32,225.22,227.07,1530147
2022-07-27,226.15,229.39,224.76,228.93,1878075
2022-07-28,232.64,235.88,226.15,229.86,3395015
2022-07-29,235.88,238.2,228.0,229.86,3448833
2022-08-01,230.32,238.66,225.68,234.49,4461700
2022-08-02,230.78,239.59,230.32,236.34,5597
2022-08-03,238.66,242.37,233.56,234.49,3077943
2022-08-04,240.18,247.3,237.34,240.66,4627470
2022-08-05,244.93,248.73,242.08,244.46,4157465
2022-08-08,244.46,253.95,243.03,248.25,3846819
2022-08-09,248.25,271.99,246.36,265.82,11145
2022-08-10,263.44,268.66,259.65,265.82,7373
2022-08-11,271.04,272.46,254.42,264.39,7967
2022-08-12,264.39,264.39,257.75,262.49,5676
2022-08-15,262.97,268.66,258.7,264.87,3292408
2022-08-16,264.87,268.66,261.07,265.34,3561174
2022-08-17,264.87,270.56,262.97,270.09,3906021
2022-08-18,266.29,271.99,266.29,271.04,3799448
2022-08-19,272.46,280.06,267.24,268.66,5603
2022-08-22,263.92,266.77,259.17,263.44,2448000
2022-08-23,257.27,264.87,256.8,261.54,2962899
2022-08-24,262.02,264.39,258.22,259.65,1931155
2022-08-25,262.02,274.36,262.02,272.94,3571894
2022-08-26,273.41,276.26,268.66,271.04,3309890
2022-08-29,262.02,265.82,258.22,262.02,1672275
2022-08-30,262.49,275.31,262.49,271.99,3063491
2022-08-31,267.72,272.46,263.92,269.14,3561218
2022-09-01,258.7,260.6,243.03,252.53,8708
2022-09-02,247.78,251.1,243.98,248.73,6544
2022-09-05,250.63,255.85,247.78,250.15,3520278
2022-09-06,253.0,257.27,245.41,248.73,2675504
2022-09-07,246.36,254.42,244.93,250.63,3804111
2022-09-08,254.42,259.17,251.58,256.8,4014256
2022-09-12,265.82,273.89,263.92,270.09,5584
2022-09-13,274.36,274.36,264.39,265.82,3008584
2022-09-14,258.7,273.41,258.7,271.99,3725799
2022-09-15,271.99,274.84,267.24,270.09,3380245
2022-09-16,266.29,271.99,266.29,269.61,2996795
2022-09-19,270.09,270.09,262.49,266.77,2213509
2022-09-20,270.56,276.73,267.72,275.78,4004799
2022-09-21,273.41,273.89,267.24,268.19,2126405
2022-09-22,264.39,275.31,263.92,272.46,3851211
2022-09-23,272.46,274.84,264.39,268.19,2877179
2022-09-26,264.87,264.87,255.37,260.12,3185284
2022-09-27,264.87,268.66,259.65,265.34,2922700
2022-09-28,269.61,269.61,248.73,248.73,3973695
2022-09-29,256.32,261.07,255.85,258.22,4330248
2022-09-30,252.53,260.6,249.2,258.7,2751473
2022-10-03,253.48,257.75,249.68,253.0,2432160
2022-10-04,262.02,269.61,262.02,268.66,4240257
2022-10-05,271.51,276.26,269.61,270.56,3548094
2022-10-06,272.46,275.31,269.14,274.36,2536041
2022-10-07,272.94,277.21,268.66,271.51,4008456
2022-10-11,264.39,268.66,254.42,256.8,4169569
2022-10-12,257.75,257.75,245.88,253.0,3897041
2022-10-13,253.0,254.9,239.24,241.61,2975359
2022-10-14,247.78,249.2,234.49,234.96,4367698
2022-10-17,230.69,237.34,225.47,231.17,5530
2022-10-18,236.39,239.24,232.59,236.39,3027646
2022-10-19,234.49,235.91,229.27,229.27,2650524
2022-10-20,222.15,223.57,217.4,221.2,5215
2022-10-21,215.98,220.72,213.6,213.6,5560
2022-10-24,218.35,219.77,212.65,214.08,3190000
2022-10-25,211.23,213.6,206.96,209.81,3504489
2022-10-26,208.86,208.86,196.51,204.58,8399
2022-10-27,216.45,224.52,211.7,221.2,10761
2022-10-28,219.3,227.37,219.3,224.99,3839846
2022-10-31,228.32,233.06,227.37,230.69,3864367
2022-11-01,228.32,235.44,227.84,231.64,1990375
2022-11-02,231.64,233.06,226.89,230.22,1646189
2022-11-03,226.42,236.39,224.99,234.96,2175766
2022-11-04,231.64,239.24,231.17,237.34,1825644
2022-11-07,236.39,238.76,232.59,236.86,2429115
2022-11-08,239.24,242.08,235.44,236.39,1931625
2022-11-09,240.18,243.03,238.76,241.13,2085102
2022-11-10,237.34,238.29,227.37,232.59,4168460
2022-11-11,246.83,249.68,242.08,248.25,4098615
2022-11-14,249.2,249.2,240.18,241.13,3271362
2022-11-15,243.51,244.93,239.24,243.51,2146410
2022-11-16,246.36,249.2,242.56,247.78,2689447
2022-11-17,250.63,252.53,245.41,245.88,1971096
2022-11-18,247.78,250.15,243.98,246.36,2130272
2022-11-21,242.56,247.3,239.71,243.51,2274460
2022-11-22,243.51,249.68,241.13,247.3,2022148
2022-11-23,248.73,251.1,247.78,249.2,1059853
2022-11-24,252.53,257.27,250.15,255.37,2393439
2022-11-25,257.27,258.22,251.1,252.05,1350772
2022-11-28,247.3,255.37,247.3,253.0,1007280
2022-11-29,254.9,256.32,252.53,254.42,970921
2022-11-30,258.22,260.6,255.37,257.75,2861173
2022-12-01,264.87,265.34,257.75,258.22,2426123
2022-12-02,255.85,256.8,242.56,245.88,5928
2022-12-05,246.36,247.78,241.61,244.93,4256405
2022-12-06,245.41,249.2,242.56,246.83,3389547
2022-12-07,245.88,245.88,235.44,235.91,3768291
2022-12-08,239.24,239.24,232.59,235.91,2281311
2022-12-09,240.66,240.66,231.64,237.81,3071274
2022-12-12,235.91,238.29,233.54,236.39,1705245
2022-12-13,239.71,241.61,234.49,235.44,2103048
2022-12-14,238.29,244.93,236.86,244.93,2420120
2022-12-15,244.93,249.68,243.51,249.2,2059939
2022-12-16,243.51,246.83,241.13,242.08,2182788
2022-12-19,238.76,243.98,238.29,243.03,751736
2022-12-20,241.13,244.46,233.06,233.06,1735112
2022-12-21,236.86,242.08,236.39,240.18,1866308
2022-12-22,243.03,244.46,240.18,241.13,1162200
2022-12-23,234.49,235.91,221.2,225.47,4049903
2022-12-26,223.1,226.89,220.25,224.52,2266200
2022-12-27,226.89,228.32,225.47,225.94,1481929
2022-12-28,225.94,227.84,220.72,221.67,1749281
2022-12-29,218.35,222.15,218.35,220.72,1322022
2022-12-30,223.57,226.89,222.62,222.62,946176
2023-01-03,225.94,230.69,225.47,229.74,1547122
2023-01-04,231.17,234.01,228.79,232.11,1716993
2023-01-05,234.49,236.39,231.17,235.91,2389284
2023-01-06,237.34,244.46,235.91,242.56,4762190
2023-01-09,240.18,241.13,230.69,235.44,6093
2023-01-10,236.86,245.41,236.39,240.18,4199442
2023-01-11,241.13,243.98,238.76,240.66,2231215
2023-01-12,241.13,243.03,238.76,240.18,2092070
2023-01-13,243.03,243.03,230.69,230.69,2763360
2023-01-16,233.54,235.44,231.64,234.96,1774447
2023-01-17,234.49,240.18,234.49,239.71,1763514
2023-01-30,248.73,248.73,237.81,238.76,4895727
2023-01-31,239.24,244.46,230.69,231.17,5545
2023-02-01,235.91,238.76,232.59,234.96,4516746
2023-02-02,239.71,243.98,237.34,242.56,5273
2023-02-03,244.46,244.93,238.76,243.51,2256246
2023-02-06,243.51,246.36,240.66,244.46,1751651
2023-02-07,246.83,259.65,245.88,259.17,7317
2023-02-08,261.54,263.44,256.8,260.12,4264339
2023-02-09,260.6,261.54,256.8,260.12,2656719
2023-02-10,261.07,261.54,253.95,259.65,3847044
2023-02-13,258.7,259.17,254.9,257.27,1677713
2023-02-14,261.07,262.97,258.22,262.97,2697576
2023-02-15,260.6,265.34,259.65,260.6,2865226
2023-02-16,264.87,270.56,262.02,269.14,3148765
2023-02-17,267.24,275.31,266.29,268.66,5375
2023-02-20,268.66,268.66,260.12,262.49,3038495
2023-02-21,262.49,264.39,260.12,262.49,1576298
2023-02-22,258.22,262.02,254.42,262.02,3158112
2023-02-23,261.07,270.09,260.6,269.14,3408655
2023-02-24,269.61,273.41,265.34,268.66,3204450
2023-03-01,258.22,275.31,258.22,272.94,3177216
2023-03-02,273.41,276.73,268.66,270.09,2134436
2023-03-03,275.31,275.31,269.61,271.04,2430201
2023-03-06,277.21,293.35,275.78,290.03,5858
2023-03-07,295.25,301.42,286.23,288.13,7019
2023-03-08,285.75,286.7,280.06,284.8,3212054
2023-03-09,287.65,290.97,287.18,290.03,3276133
2023-03-10,284.33,292.4,281.96,282.9,3794026
2023-03-13,281.01,285.75,276.73,285.28,3243318
2023-03-14,277.21,280.06,274.84,275.78,4380559
2023-03-15,280.06,293.35,279.58,286.7,5376
2023-03-16,286.7,289.08,277.21,280.53,4407660
2023-03-17,285.28,285.75,277.68,279.58,4359318
2023-03-20,282.43,282.9,276.73,279.58,2203486
2023-03-21,281.96,292.4,281.96,289.08,5728
2023-03-22,290.97,296.67,288.6,293.82,4767364
2023-03-23,293.35,297.62,292.4,297.15,2063284
2023-03-24,299.04,302.84,294.3,299.52,3458362
2023-03-27,300.94,300.94,288.6,289.55,3199633
2023-03-28,292.4,296.2,286.23,290.03,4209903
2023-03-29,294.3,295.25,288.13,291.45,1839473
2023-03-30,292.87,297.15,291.45,296.2,2890824
2023-03-31,296.2,302.84,295.25,302.84,3787021
2023-04-06,300.94,307.11,290.03,300.47,7444
2023-04-07,305.21,307.11,290.97,293.35,3910240
2023-04-10,291.92,293.35,288.13,292.87,3290159
2023-04-11,293.82,297.62,291.92,295.72,2988108
2023-04-12,298.09,298.09,293.82,297.15,2975778
2023-04-13,299.52,300.47,286.23,287.18,3477219
2023-04-14,290.03,299.99,289.08,299.52,3103792
2023-04-17,299.52,299.52,295.72,297.15,1959949
2023-04-18,298.57,300.47,292.4,297.62,2192110
2023-04-19,299.52,306.16,299.52,303.32,2429719
2023-04-20,299.99,299.99,282.9,283.38,4542120
2023-04-21,284.8,286.7,274.36,280.53,3618669
2023-04-24,278.16,284.8,276.73,283.38,1394462
2023-04-25,280.06,282.43,271.99,272.94,2609660
2023-04-26,275.31,278.63,270.56,277.68,3378360
2023-04-27,273.89,279.58,272.46,274.36,3456150
2023-04-28,278.63,283.85,276.26,283.85,2421314
2023-05-02,289.08,289.08,281.96,282.9,2456201
2023-05-03,278.16,281.48,273.89,280.06,3003426
2023-05-04,276.73,284.33,276.73,282.9,2234218
2023-05-05,280.53,280.53,271.04,273.89,5327
2023-05-08,275.78,281.96,275.78,280.06,2363041
2023-05-09,280.06,281.01,276.73,277.68,1230195
2023-05-10,273.41,274.84,269.14,271.99,1995321
2023-05-11,270.56,272.46,265.34,267.72,2270329
2023-05-12,270.09,273.89,266.77,273.41,2193350
2023-05-15,270.56,277.68,269.14,272.94,2095357
2023-05-16,277.21,281.48,275.78,280.53,2205366
2023-05-17,281.96,284.8,279.11,280.53,2011648
2023-05-18,284.33,285.75,281.48,281.48,1917203
2023-05-19,282.9,284.33,272.94,276.26,3101309
2023-05-22,274.36,274.36,266.77,269.61,2641078
2023-05-23,271.99,274.36,271.51,271.51,1425010
2023-05-24,272.46,272.94,266.77,268.66,1729292
2023-05-25,272.46,283.38,269.14,280.53,4394876
2023-05-26,297.15,308.54,294.3,308.54,10635
2023-05-29,339.39,339.39,328.95,339.39,9358
2023-05-30,355.06,359.33,328.95,336.07,16795
2023-05-31,339.87,346.04,326.1,335.12,9956
2023-06-01,329.42,329.9,319.45,324.68,8820
2023-06-02,318.51,330.37,316.13,325.63,6891
2023-06-05,323.73,330.37,321.83,327.52,3175522
2023-06-06,329.42,341.29,328.0,336.07,5673
2023-06-07,338.92,340.34,331.32,337.49,4097660
2023-06-08,331.32,334.64,322.3,322.3,4403470
2023-06-09,325.63,331.32,323.73,325.63,2931709
2023-06-12,329.9,336.54,324.68,330.85,2366672
2023-06-13,334.17,345.56,332.27,340.82,3976280
2023-06-14,340.34,351.26,340.34,351.26,3605897
2023-06-15,356.95,365.5,351.26,362.65,5244
2023-06-16,362.65,362.65,338.44,344.61,7094
2023-06-19,341.76,348.88,337.49,346.04,2594820
2023-06-20,344.14,345.09,337.97,340.82,1937044
2023-06-21,340.81,340.81,334.17,339.87,2496578
2023-06-26,316.13,332.75,312.33,332.27,3604373
2023-06-27,328.0,332.75,323.73,323.73,2151230
2023-06-28,329.9,335.12,321.83,323.73,2353337
2023-06-29,326.1,330.37,325.15,329.42,2317195
2023-06-30,327.52,332.75,323.25,331.32,2034357
2023-07-03,335.12,355.06,331.8,348.88,5156
2023-07-04,346.99,356.95,346.99,351.73,2741025
2023-07-05,349.83,356.95,345.56,352.21,2192239
2023-07-06,342.71,349.36,339.87,342.71,3164049
2023-07-07,331.32,340.82,330.85,333.22,3617579
2023-07-10,335.12,343.19,331.32,339.39,2145331
2023-07-11,342.71,353.63,341.76,350.78,2710975
2023-07-12,348.41,372.62,348.41,370.24,6318
2023-07-13,372.14,400.15,372.14,387.81,6275
2023-07-14,387.81,389.23,366.45,382.59,4178598
2023-07-17,375.94,379.74,371.67,374.52,3005065
2023-07-18,374.04,378.79,365.5,374.04,2830047
2023-07-19,375.94,377.36,363.6,365.97,3318463
2023-07-20,360.75,365.5,360.75,364.55,2220119
2023-07-21,356.95,370.24,354.11,369.3,2810528
2023-07-24,367.87,385.43,367.4,381.16,3074531
2023-07-25,383.54,384.96,373.09,379.74,2400370
2023-07-26,380.69,387.33,373.09,374.52,1789688
2023-07-27,373.57,377.84,349.36,363.12,5100
2023-07-28,363.12,374.04,358.85,370.24,2705100
2023-07-31,376.42,389.23,361.23,362.65,3910765
2023-08-01,398.73,398.73,368.35,374.52,7692
2023-08-02,372.58,374.52,354.19,354.19,5310
2023-08-04,355.16,367.74,349.36,357.1,3092211
2023-08-07,365.81,384.68,361.45,377.42,3376445
2023-08-08,390.0,390.0,372.58,375.48,3132724
2023-08-09,377.42,384.68,366.29,367.74,2365104
2023-08-10,362.9,364.84,349.36,354.19,2434349
2023-08-11,363.87,375.97,363.39,371.61,3614808
2023-08-14,371.13,383.23,362.9,372.58,3215097
2023-08-15,383.23,386.61,368.71,371.61,3202691
2023-08-16,382.26,385.65,372.58,385.65,5473
2023-08-17,385.16,390.97,379.36,390.0,3609524
2023-08-18,391.94,406.45,385.65,398.23,5256
2023-08-21,405.0,437.9,398.23,437.9,6531
2023-08-22,449.52,465.97,427.74,457.74,12208
2023-08-23,450.0,460.16,450.0,452.9,6414
2023-08-24,465.48,497.42,461.61,497.42,8214
2023-08-25,473.23,483.87,450.97,456.77,7575
2023-08-28,456.77,470.32,450.97,464.52,3826510
2023-08-29,460.16,465.97,448.07,458.23,3807349
2023-08-30,464.52,468.39,458.71,461.61,2818799
2023-08-31,465.0,476.13,462.58,462.58,4007912
2023-09-01,467.42,467.9,447.58,454.84,2934989
2023-09-04,462.58,462.58,448.55,454.84,3043677
2023-09-05,455.32,465.48,453.87,456.77,2902259
2023-09-06,461.61,463.55,454.84,461.61,1945736
2023-09-07,457.26,457.74,451.45,454.84,2057178
2023-09-08,449.03,450.0,440.81,445.65,3049241
2023-09-11,448.07,449.52,434.52,440.32,1871850
2023-09-12,438.87,443.71,429.19,437.9,2138382
2023-09-13,433.55,439.36,426.77,439.36,3587690
2023-09-14,437.9,472.74,437.9,466.94,7845
2023-09-15,465.0,487.74,465.0,486.77,14510
2023-09-18,479.03,485.81,475.16,477.58,3711881
2023-09-19,478.55,516.77,476.13,486.77,6906
2023-09-20,483.39,483.87,453.39,456.77,7581
2023-09-21,448.07,453.39,436.94,438.87,7445
2023-09-22,433.55,452.9,430.65,448.55,4530654
2023-09-25,459.68,477.58,458.71,465.97,5970
2023-09-26,462.1,475.65,461.61,470.81,3647603
2023-09-27,464.52,474.68,456.77,470.81,3782854
2023-09-28,468.87,480.97,465.97,477.1,4264177
2023-10-02,480.0,496.45,480.0,483.87,3640200
2023-10-03,479.52,483.39,465.97,466.45,3319661
2023-10-04,460.65,475.65,450.97,474.68,4715632
2023-10-05,488.71,504.19,481.94,499.36,7075
2023-10-06,498.39,510.0,493.55,505.16,3801295
2023-10-11,524.52,534.19,514.84,518.71,6841
2023-10-12,516.77,522.58,506.13,512.9,3720807
2023-10-13,517.74,533.23,513.87,527.42,4470945
2023-10-16,522.58,530.32,510.97,516.77,2166692
2023-10-17,522.58,524.52,506.13,509.03,2761011
2023-10-18,479.03,494.52,465.48,468.39,8555
2023-10-19,461.61,483.87,461.61,480.0,6888
2023-10-20,470.32,490.65,470.32,490.65,3081981
2023-10-23,494.52,497.42,482.42,483.87,2430630
2023-10-24,487.74,494.52,474.19,494.52,3489395
2023-10-25,494.52,500.32,488.71,489.68,2044440
2023-10-26,478.55,491.61,475.16,475.16,2229524
2023-10-27,479.52,497.42,473.23,494.52,3778755
2023-10-30,496.45,500.32,488.71,490.65,1519499
2023-10-31,498.39,510.97,481.45,482.42,4292594
2023-11-01,491.61,491.61,476.61,481.45,4172399
2023-11-02,487.74,505.16,486.77,494.52,2839610
2023-11-03,505.16,521.61,495.48,518.71,4859561
2023-11-06,522.58,527.42,516.77,517.74,2300565
2023-11-07,516.77,532.26,509.03,532.26,2637770
2023-11-08,529.36,543.87,528.39,536.13,2436537
2023-11-09,534.19,541.94,528.39,536.13,1853887
2023-11-10,536.13,540.0,522.58,527.42,2708580
2023-11-13,522.58,531.29,512.9,515.81,4212632
2023-11-14,523.55,525.48,507.1,507.1,3688728
2023-11-15,520.65,538.07,515.81,516.77,5337
2023-11-16,516.77,524.52,506.13,508.07,3123389
2023-11-17,508.07,524.52,506.13,514.84,2147125
2023-11-20,524.52,541.94,518.71,537.1,4961777
2023-11-21,538.07,557.42,538.07,541.94,4519494
2023-11-22,541.94,547.74,530.32,543.87,2363662
2023-11-23,545.81,545.81,528.39,531.29,2196790
2023-11-24,533.23,533.23,521.61,522.58,1783757
2023-11-27,522.58,529.36,510.0,510.0,1934449
2023-11-28,508.07,525.48,505.16,520.65,2978719
2023-11-29,519.68,536.13,515.81,520.65,3103454
2023-11-30,523.55,523.55,509.03,515.81,4567245
2023-12-01,510.97,525.48,510.97,518.71,1653989
2023-12-04,518.71,518.71,498.39,504.19,4109365
2023-12-05,508.07,513.87,503.23,510.0,2558196
2023-12-06,514.84,519.68,510.97,516.77,2407808
2023-12-07,521.61,521.61,507.1,510.97,1656177
2023-12-08,518.71,522.58,514.84,514.84,1710922
2023-12-11,514.84,520.65,509.03,515.81,2550799
2023-12-12,525.48,531.29,508.07,509.03,3056335
2023-12-13,509.03,517.74,499.36,515.81,5179
2023-12-14,521.61,527.42,509.03,512.9,3150755
2023-12-15,510.0,514.84,489.68,489.68,5702
2023-12-18,485.81,499.36,481.94,497.42,3268553
2023-12-19,493.55,500.32,490.65,495.48,1759415
2023-12-20,494.52,494.52,470.81,480.0,7000
2023-12-21,467.9,479.52,467.9,472.74,4602363
2023-12-22,474.68,487.74,472.74,473.71,2569974
2023-12-25,479.03,484.84,478.55,481.94,1318167
2023-12-26,483.87,494.52,480.48,493.55,2345899
2023-12-27,493.55,504.19,493.55,502.26,2697744
2023-12-28,503.23,510.0,502.26,506.13,2664446
2023-12-29,506.13,509.03,497.42,506.13,1465626
2024-01-02,508.07,508.07,476.61,477.58,3069906
2024-01-03,470.32,478.55,465.48,474.19,3980899
2024-01-04,475.16,480.0,472.26,475.16,1508146
2024-01-05,475.16,485.81,470.81,470.81,2376871
2024-01-08,476.13,483.39,473.71,480.48,1902200
2024-01-09,491.61,505.16,491.61,499.36,4261069
2024-01-10,494.52,501.29,489.68,491.61,1293935
2024-01-11,501.29,507.1,492.58,503.23,2503197
2024-01-12,496.45,500.32,488.71,493.55,2369395
2024-01-15,505.16,505.16,491.61,499.36,1810869
2024-01-16,494.52,501.29,492.58,496.45,1437312
2024-01-17,489.68,498.39,489.68,492.58,2136824
2024-01-18,493.55,497.42,485.81,487.74,1643803
2024-01-19,493.55,503.23,489.68,500.32,1917624
2024-01-22,510.97,525.48,502.26,524.52,3860346
2024-01-23,521.61,523.55,505.16,505.16,2643413
2024-01-24,503.23,509.03,499.36,505.16,1588215
2024-01-25,504.19,512.9,496.45,496.45,1768369
2024-01-26,495.48,499.36,492.58,493.55,1055779
2024-01-29,493.55,507.1,491.61,502.26,1288766
2024-01-30,502.26,505.16,494.52,498.39,2279533
2024-01-31,499.36,515.81,497.42,511.94,2324047
2024-02-01,515.81,526.45,511.94,524.52,2604462
2024-02-02,530.32,545.81,524.52,543.87,3509998
2024-02-05,535.16,540.97,518.71,530.32,2757010
2024-02-15,512.9,521.61,481.94,521.61,11166
2024-02-16,521.61,540.0,521.61,540.0,3709724
2024-02-19,542.9,551.61,536.13,545.81,3768718
2024-02-20,542.9,561.29,540.97,550.65,3260104
2024-02-21,537.1,542.9,524.52,529.36,2948898
2024-02-22,532.26,537.1,509.03,517.74,4251988
2024-02-23,527.42,532.26,513.87,514.84,2591176
2024-02-26,517.74,526.45,497.42,503.23,6020
2024-02-27,498.39,501.29,483.87,485.81,6132
2024-02-29,488.71,502.26,481.94,502.26,5152
2024-03-01,493.55,495.48,487.74,487.74,2921243
2024-03-04,492.58,499.36,491.61,491.61,2135120
2024-03-05,492.58,503.23,488.71,497.42,3243779
2024-03-06,492.58,500.32,486.77,498.39,2503104
2024-03-07,494.52,511.94,487.74,490.65,4034853
2024-03-08,498.39,500.32,468.87,475.16,8500
2024-03-11,469.36,480.48,461.13,475.16,5120
2024-03-12,462.58,470.81,452.9,460.16,8103
2024-03-13,456.77,460.16,447.1,450.0,5990
2024-03-14,451.94,458.23,445.16,450.48,3538384
2024-03-15,444.19,450.0,435.97,439.36,5337
2024-03-18,443.23,452.9,438.39,442.74,4915940
2024-03-19,440.81,444.19,429.68,429.68,3437217
2024-03-20,431.61,438.39,423.39,423.39,7244
2024-03-21,431.13,449.52,429.68,444.19,7305
2024-03-22,452.9,468.39,450.0,465.48,6493
2024-03-25,470.32,470.32,455.81,459.68,2713750
2024-03-26,464.52,464.52,448.55,450.48,3165418
2024-03-27,445.16,451.45,437.42,438.39,3115865
2024-03-28,436.45,447.1,433.55,443.71,2004724
2024-03-29,443.71,449.03,443.23,449.03,1013000
2024-04-01,450.48,454.84,443.23,445.65,2116026
2024-04-02,450.97,455.81,436.94,441.29,2615134
2024-04-03,439.84,448.55,434.52,446.13,2118910
2024-04-08,442.26,461.61,442.26,450.97,2803468
2024-04-09,481.94,481.94,447.58,450.0,3463501
2024-04-10,453.39,466.94,450.97,460.65,2731182
2024-04-11,460.65,468.39,457.26,457.74,2388662
2024-04-12,453.39,456.29,441.29,441.29,3981347
2024-04-15,435.48,436.94,417.1,417.1,4698754
2024-04-16,417.1,417.1,402.1,403.06,4340905
2024-04-17,396.29,406.45,394.36,394.84,4204970
2024-04-18,391.45,398.71,388.55,395.81,3771326
2024-04-19,389.03,393.39,374.52,388.06,4521982
2024-04-22,382.74,386.61,370.65,372.1,3262948
2024-04-23,384.19,397.26,381.29,391.94,6519
2024-04-24,411.77,413.23,394.84,398.71,4072261
2024-04-25,396.77,401.61,388.06,388.06,2313541
2024-04-26,391.94,418.07,391.94,414.19,4930262
2024-04-29,435.48,451.94,432.58,433.07,7605
2024-04-30,433.55,466.45,433.55,446.61,6025
2024-05-02,441.29,462.58,437.42,453.87,4816894
2024-05-03,454.84,455.32,421.45,428.23,7111
2024-05-06,435.48,449.52,431.61,443.71,3715510
2024-05-07,443.23,445.16,425.81,431.61,3584894
2024-05-08,431.61,440.32,423.87,430.65,3737076
2024-05-09,429.19,439.84,427.74,429.68,2899118
2024-05-10,440.32,459.68,439.84,446.61,6242
2024-05-13,446.61,448.07,435.48,439.36,2919735
2024-05-14,447.58,456.77,447.58,454.84,3269381
2024-05-15,453.39,458.71,446.61,454.36,2015745
2024-05-16,469.36,487.74,468.87,478.55,9127
2024-05-17,477.58,488.71,473.23,483.39,4767073
2024-05-20,483.87,489.68,480.48,487.74,3230728
2024-05-21,487.74,488.71,479.03,483.87,2839194
2024-05-22,481.94,495.48,481.94,489.68,2314212
2024-05-23,489.68,498.39,483.87,493.55,2896657
2024-05-24,493.55,509.03,489.68,495.48,3389697
2024-05-27,496.45,506.13,494.52,497.42,2295114
2024-05-28,498.39,501.29,485.81,485.81,2518380
2024-05-29,481.45,517.74,477.1,510.0,6214
2024-05-30,503.23,518.71,500.32,508.07,4465134
2024-05-31,507.1,511.94,487.74,487.74,5674
2024-06-03,503.23,512.9,494.52,508.07,2470831
2024-06-04,508.07,519.68,508.07,517.74,4758086
2024-06-05,513.87,521.61,505.16,510.97,2971374
2024-06-06,536.13,541.94,516.77,526.45,9191
2024-06-07,522.58,522.58,505.16,514.84,4882568
2024-06-11,527.42,530.32,507.1,511.94,3822751
2024-06-12,509.03,530.32,508.07,518.71,2620987
2024-06-13,529.36,536.13,519.68,525.48,4010680
2024-06-14,562.26,562.26,528.39,538.07,6267
2024-06-17,539.03,540.97,521.61,525.48,2237010
2024-06-18,525.48,531.29,518.71,527.42,1316045
2024-06-19,532.26,536.13,525.48,534.19,1947916
2024-06-20,534.19,540.0,530.32,535.16,1533851
2024-06-21,533.23,544.84,531.29,537.1,2913561
2024-06-24,537.1,539.03,519.68,519.68,1412185
2024-06-25,513.87,516.77,504.19,514.84,2699321
2024-06-26,510.97,522.58,509.03,517.74,1333310
2024-06-27,511.94,521.61,511.94,517.74,1316575
2024-06-28,523.55,543.87,523.55,537.1,3108989
2024-07-01,537.1,544.84,529.36,531.29,2183777
2024-07-02,528.39,536.13,520.65,533.23,1870111
2024-07-03,534.19,538.07,525.48,525.48,1292867
2024-07-04,536.13,555.48,532.26,552.58,3533560
2024-07-05,550.65,551.61,539.03,539.03,1806068
2024-07-08,539.03,546.77,529.36,544.84,2754722
2024-07-09,541.94,551.61,540.97,548.71,1972164
2024-07-10,551.61,557.42,545.81,556.45,1552806
2024-07-11,557.42,564.19,554.52,559.36,2251972
2024-07-12,559.36,569.03,547.74,552.58,2947605
2024-07-15,552.58,552.58,521.61,524.52,3492691
2024-07-16,524.52,530.32,517.74,526.45,2062481
2024-07-17,522.58,527.42,506.13,509.03,2094798
2024-07-18,498.39,498.39,480.97,486.77,4416200
2024-07-19,484.84,506.13,479.03,504.19,3809253
2024-07-22,499.36,510.97,484.84,494.52,3904249
2024-07-23,501.29,505.16,484.84,495.48,3471627
2024-07-26,469.36,499.36,469.36,494.52,3981855
2024-07-29,505.16,518.71,486.77,488.71,2899141
2024-07-30,488.71,495.48,481.45,493.55,1788438
2024-07-31,491.57,504.4,489.6,500.45,2117216
2024-08-01,514.27,521.18,508.35,513.29,2265510
2024-08-02,503.42,514.27,488.61,489.6,2294102
2024-08-05,463.93,463.93,440.74,440.74,2513042
2024-08-06,459.0,462.45,420.99,447.64,3579672
2024-08-07,445.67,492.06,444.19,489.1,5407
2024-08-08,483.18,504.4,483.18,484.66,3128323
2024-08-09,495.52,498.48,484.66,486.63,3821221
2024-08-12,489.1,511.31,489.1,502.43,2324669
2024-08-13,505.39,508.35,495.52,495.52,1555053
2024-08-14,505.39,508.35,494.53,495.52,1892120
2024-08-15,499.47,504.4,493.54,493.54,1489088
2024-08-16,502.43,517.23,498.48,508.35,3134346
2024-08-19,512.3,518.22,511.31,518.22,925430
2024-08-20,523.16,537.96,521.18,526.12,2113039
2024-08-21,528.09,530.07,519.21,523.16,1207378
2024-08-22,523.16,526.12,511.31,513.29,1016286
2024-08-23,513.29,513.29,504.4,508.35,1488618
2024-08-26,509.34,521.18,505.39,512.3,1150362
2024-08-27,512.3,525.13,509.34,515.26,993003
2024-08-28,516.25,517.23,503.42,503.42,1140245
2024-08-29,503.42,510.33,495.52,507.36,972111
2024-08-30,510.33,517.23,501.44,501.44,3049858
2024-09-02,512.3,533.03,508.35,524.14,5025
2024-09-03,522.17,525.13,514.27,520.2,1860329
2024-09-04,497.49,510.33,491.57,495.52,2839469
2024-09-05,505.39,521.18,500.45,507.36,2439178
2024-09-06,509.34,518.22,496.51,513.29,3181130
2024-09-09,500.45,510.33,500.45,508.35,1446615
2024-09-10,510.33,513.29,488.61,488.61,2171030
2024-09-11,492.56,497.49,487.62,488.12,2037492
2024-09-12,498.48,517.23,498.48,511.31,3698553
2024-09-13,509.34,519.21,508.35,519.21,1648173
2024-09-16,522.17,544.87,514.27,542.9,4482402
2024-09-18,538.95,539.94,513.29,514.27,2468018
2024-09-19,516.25,539.94,512.3,539.94,2409347
2024-09-20,544.87,551.78,535.99,537.96,2844925
2024-09-23,537.96,554.74,537.96,544.87,2272975
2024-09-24,542.9,558.69,538.95,558.69,2279215
2024-09-25,572.51,575.47,535.99,542.9,7518
2024-09-26,538.95,547.83,523.16,525.13,6903
2024-09-27,535.0,540.92,529.08,535.0,4507243
2024-09-30,523.16,537.96,521.18,525.13,2981090
2024-10-01,525.13,529.08,510.33,517.23,2283339
2024-10-04,508.35,521.18,485.65,485.65,5030
2024-10-07,500.45,514.27,495.52,499.47,3949678
2024-10-08,489.1,513.29,489.1,513.29,5821
2024-10-09,526.12,541.91,522.17,525.13,5798
2024-10-11,520.2,531.05,518.22,530.07,2259929
2024-10-14,526.12,549.81,525.13,548.82,2544377
2024-10-15,554.74,554.74,538.95,550.8,2969488
2024-10-16,538.95,547.83,529.08,546.85,2943399
2024-10-17,546.85,546.85,533.03,535.99,2410222
2024-10-18,545.86,568.56,545.86,561.65,5359
2024-10-21,555.73,574.49,555.73,570.54,3736877
2024-10-22,565.6,578.43,560.67,578.43,3665918
2024-10-23,572.51,577.45,555.73,557.71,2829061
2024-10-24,554.74,565.6,548.82,562.64,2202690
2024-10-25,572.51,588.31,569.55,588.31,5386
2024-10-28,582.38,590.28,565.6,565.6,4108135
2024-10-29,559.68,559.68,541.91,545.86,4311895
2024-10-30,545.86,560.67,540.92,544.87,4375211
2024-11-01,523.16,545.86,523.16,545.86,4399358
2024-11-04,545.86,545.86,528.09,535.0,2931274
2024-11-05,532.04,548.82,532.04,543.89,3648764
2024-11-06,560.67,578.43,551.78,566.59,5565
2024-11-07,564.62,586.33,562.64,580.41,4427140
2024-11-08,586.33,595.21,571.52,576.46,8832
2024-11-11,579.42,591.27,564.62,571.52,3255171
2024-11-12,567.58,568.56,556.72,556.72,3426718
2024-11-13,559.68,609.03,559.68,600.15,7939
2024-11-14,600.15,613.97,585.34,586.33,4931034
2024-11-15,592.25,598.18,583.37,592.25,2912926
2024-11-18,592.25,598.18,582.38,584.36,3945807
2024-11-19,597.19,604.1,588.31,598.18,2229508
2024-11-20,616.93,616.93,616.93,616.93,4204044
2024-11-21,608.05,629.76,598.18,621.87,5344
2024-11-22,624.83,653.45,624.83,631.74,5167
2024-11-25,637.66,657.4,631.74,631.74,6576
2024-11-26,633.71,644.57,623.84,623.84,3609985
2024-11-27,628.78,666.29,628.78,649.5,7957
2024-11-28,650.49,660.36,633.71,638.65,4227557
2024-11-29,626.8,654.44,625.81,648.52,4062523
2024-12-02,642.6,712.68,642.6,694.91,12753
2024-12-03,708.73,708.73,689.98,698.86,6685
2024-12-04,693.92,725.51,693.92,725.51,6145
2024-12-05,720.58,723.54,693.92,699.85,8755
2024-12-06,710.7,715.64,694.91,695.9,6926
2024-12-09,691.95,723.54,691.95,710.7,6358
2024-12-10,708.73,724.52,689.98,696.89,7530
2024-12-11,698.86,735.38,698.86,720.58,10056
2024-12-12,730.45,736.37,702.81,702.81,6755
2024-12-13,709.72,752.16,709.72,736.37,11357
2024-12-16,742.29,755.12,720.58,726.5,8276
2024-12-17,724.52,731.43,715.64,730.45,4722098
2024-12-18,723.54,727.48,708.73,725.51,4730269
2024-12-19,705.77,745.25,704.78,732.42,6543
2024-12-20,730.45,776.84,730.45,747.23,10728
2024-12-23,759.07,762.03,740.32,753.15,3721085
2024-12-24,757.1,764.01,743.28,745.25,4048423
2024-12-25,755.12,764.01,742.29,750.19,2903401
2024-12-26,753.15,755.12,743.28,744.27,2011150
2024-12-27,744.27,773.88,744.27,766.97,3998246
2024-12-30,763.02,764.99,750.19,751.17,1551000
2024-12-31,748.21,776.84,746.24,763.02,3446051
2025-01-02,759.07,773.88,735.38,744.27,5131
2025-01-03,751.17,757.1,739.33,756.11,4355724
2025-01-06,769.93,770.92,744.27,764.01,4440662
2025-01-07,765.98,771.9,752.16,756.11,3926077
2025-01-08,774.87,795.59,745.25,758.08,16303
2025-01-09,761.05,769.93,733.41,733.41,4916320
2025-01-10,736.37,736.37,711.69,719.59,6490
2025-01-13,705.77,718.6,681.09,689.98,8017
2025-01-14,690.96,733.41,686.03,727.48,6534
2025-01-15,725.51,730.45,707.74,714.65,4166525
2025-01-16,738.34,742.29,718.6,721.56,4253353
2025-01-17,721.56,727.48,708.73,724.52,2842345
2025-01-20,718.6,729.46,716.63,726.5,2325242
2025-01-21,726.5,741.3,722.55,733.41,3435483
2025-01-22,739.33,758.08,731.43,753.15,6513
2025-02-03,690.96,715.64,679.12,704.78,9729
2025-02-04,719.59,731.43,710.7,724.52,7209
2025-02-05,734.39,750.19,730.45,749.2,4852889
2025-02-06,755.12,760.06,737.36,749.2,4695691
2025-02-07,750.19,767.96,745.25,764.01,5016
2025-02-10,770.92,770.92,740.32,745.25,4520636
2025-02-11,750.19,767.96,749.2,763.02,4753580
2025-02-12,771.9,771.9,722.55,722.55,6363
2025-02-13,718.6,731.43,712.68,715.64,6006
2025-02-14,715.64,727.48,706.76,715.64,4511847
2025-02-17,719.59,748.21,719.59,748.21,5039
2025-02-18,754.14,757.1,735.38,748.21,2945539
2025-02-19,690.96,716.63,690.96,703.79,13686
2025-02-20,711.69,714.65,696.89,696.89,7608
2025-02-21,710.7,723.54,697.87,711.69,9755
2025-02-24,688.99,699.85,670.23,695.9,10066
2025-02-25,690.96,695.9,669.25,671.22,7704
2025-02-26,668.26,688.0,667.27,686.03,4963563
2025-02-27,690.96,695.9,660.36,664.31,8078
2025-03-03,649.5,664.31,647.53,647.53,7278
2025-03-04,639.63,673.19,639.63,672.21,7607
2025-03-05,681.09,683.07,664.31,678.13,4830804
2025-03-06,672.21,695.9,672.21,686.03,6872
2025-03-07,672.21,677.14,653.45,653.45,8885
2025-03-10,649.5,656.41,640.62,640.62,7191
2025-03-11,621.87,625.81,605.09,625.81,5323
2025-03-12,626.8,642.6,626.8,630.75,3915859
2025-03-13,644.57,656.41,636.67,641.61,5642
2025-03-14,632.72,637.66,597.19,630.75,9010
2025-03-17,644.57,652.47,638.65,644.57,3885896
2025-03-18,651.48,660.36,648.52,658.39,3838923
2025-03-19,656.41,660.36,633.71,635.69,3584342
2025-03-20,645.56,651.48,633.71,633.71,3748539
2025-03-21,641.61,655.43,638.65,654.44,4536734
2025-03-24,658.39,659.38,634.7,634.7,1993848
2025-03-25,646.54,655.43,643.58,650.49,2844567
2025-03-26,647.53,656.41,639.63,646.54,1879310
2025-03-27,623.84,626.8,608.05,625.81,5654
2025-03-28,602.12,618.9,599.16,602.12,4668633
2025-03-31,578.43,590.28,568.56,568.56,5233
2025-04-01,583.37,584.36,572.51,581.4,2446578
2025-04-02,587.32,599.16,574.49,581.4,3286441
2025-04-07,524.14,524.14,524.14,524.14,644542
2025-04-08,471.83,482.69,471.83,471.83,7291
2025-04-09,436.29,459.98,424.94,429.38,11498
2025-04-10,472.32,472.32,472.32,472.32,529016
2025-04-11,474.3,505.39,459.0,502.43,10715
2025-04-14,522.17,532.04,512.3,518.22,8368
2025-04-15,518.22,542.9,509.34,538.95,4486868
2025-04-16,536.98,537.96,514.27,514.27,4376597
2025-04-17,519.21,522.17,507.36,516.25,3499567
2025-04-18,519.21,528.09,512.3,518.22,1842769
2025-04-21,516.25,516.25,498.48,499.47,2435518
2025-04-22,483.67,493.54,476.27,477.75,4144724
2025-04-23,498.48,506.38,492.56,500.45,3790493
2025-04-24,515.26,517.23,506.38,509.34,3170609
2025-04-25,533.03,549.81,529.08,544.87,7839
2025-04-28,557.71,560.67,546.85,547.83,4551800
2025-04-29,552.77,590.28,549.81,590.28,6728
2025-04-30,585.34,589.29,578.43,586.33,4253318
2025-05-02,602.12,637.66,600.15,612.98,8324
2025-05-05,614.96,620.88,592.25,604.1,4924694
2025-05-06,607.06,640.62,602.12,629.76,6928
2025-05-07,641.61,655.43,618.9,623.84,6256
2025-05-08,638.65,643.58,626.8,639.63,4191296
2025-05-09,667.27,699.85,652.47,657.4,14193
2025-05-12,676.16,686.03,661.35,665.3,5221
2025-05-13,688.99,689.98,669.25,672.21,5179
2025-05-14,682.08,708.73,677.14,708.73,7541
2025-05-15,708.73,715.64,703.79,714.65,4291303
2025-05-16,704.78,710.7,701.82,706.76,2597531
2025-05-19,701.82,712.68,691.95,695.9,3040212
2025-05-20,705.77,709.72,691.95,694.91,3125013
2025-05-21,697.87,728.47,697.87,725.51,6166
2025-05-22,720.58,733.41,713.67,733.41,4489212
2025-05-23,734.39,746.24,713.67,716.63,4087828
2025-05-26,715.64,737.36,713.67,717.61,3444754
2025-05-27,715.64,722.55,708.73,711.69,2796599
2025-05-28,725.51,738.34,722.55,726.5,4532068
2025-05-29,740.32,742.29,731.43,735.38,5553
2025-06-02,732.42,736.37,708.73,715.64,4289171
2025-06-03,720.58,731.43,713.67,714.65,3501980
2025-06-04,723.54,738.34,714.65,723.54,5338
2025-06-05,720.58,727.48,716.63,723.54,3537213
2025-06-06,727.48,729.46,709.72,713.67,3605942
2025-06-09,720.58,737.36,716.63,727.48,4185971
2025-06-10,730.45,779.8,727.48,775.85,8329
2025-06-11,784.74,798.56,781.77,794.61,6131
2025-06-12,792.63,801.52,782.76,784.74,3499338
2025-06-13,789.67,796.58,777.83,786.71,3792883
2025-06-16,779.8,785.72,772.89,776.84,2776541
2025-06-17,780.79,780.79,737.36,739.33,8011
2025-06-18,735.38,744.27,719.59,720.58,5835
2025-06-19,718.6,724.52,703.79,705.77,4270940
2025-06-20,708.73,721.56,693.92,703.79,4925606
2025-06-23,694.91,710.7,689.98,704.78,3011336
2025-06-24,720.58,726.5,711.69,713.67,4336053
2025-06-25,724.52,739.33,724.52,733.41,4297991
2025-06-26,744.27,746.24,730.45,733.41,3505016
2025-06-27,734.39,738.34,719.59,722.55,2967432
2025-06-30,722.55,729.46,715.64,720.58,3092657
2025-07-01,726.5,776.84,726.5,753.15,8165
2025-07-02,753.15,767.96,748.21,758.08,5058
2025-07-03,760.06,770.92,752.16,770.92,4302048
2025-07-04,774.87,776.84,756.11,758.08,3097596
2025-07-07,759.07,759.07,717.61,728.47,4962618
2025-07-08,728.47,752.16,728.47,750.19,3680921
2025-07-09,780.79,787.7,769.93,785.72,10656
2025-07-10,788.68,808.43,780.79,802.5,6627
2025-07-11,801.52,802.5,771.9,786.71,6284
2025-07-14,780.79,780.79,749.2,751.17,4746670
2025-07-15,755.12,769.93,755.12,765.98,4439751
2025-07-16,762.03,772.89,759.07,759.07,3994514
2025-07-17,765.98,772.89,740.32,754.14,4327158
2025-07-18,764.99,797.57,758.08,787.7,5195
2025-07-21,797.57,797.57,773.88,782.76,4015095
2025-07-22,788.68,794.61,759.07,759.07,4479608
2025-07-23,775.85,789.67,760.06,766.97,4961100
2025-07-24,772.89,779.8,763.02,763.02,3172229
2025-07-25,769.93,782.76,762.03,782.76,3225870
2025-07-28,784.74,845.94,780.79,840.01,7781
2025-07-29,841.99,852.85,835.08,841.0,5405
2025-07-30,857.0,885.0,843.0,843.0,6949
2025-07-31,841.0,901.0,841.0,892.0,6357
2025-08-04,876.0,886.0,870.0,885.0,3666146
2025-08-05,895.0,930.0,893.0,901.0,7404
2025-08-06,903.0,923.0,892.0,901.0,5221
2025-08-07,920.0,986.0,910.0,975.0,8013
2025-08-08,975.0,1000.0,966.0,989.0,7745
2025-08-11,989.0,1020.0,988.0,1020.0,4432519
2025-08-12,1030.0,1030.0,1010.0,1020.0,2890237
2025-08-13,1030.0,1060.0,1020.0,1045.0,3987962
2025-08-14,1055.0,1055.0,1015.0,1035.0,4031974
2025-08-15,1025.0,1050.0,1005.0,1035.0,2925543
2025-08-18,1045.0,1085.0,1040.0,1080.0,4666920
2025-08-19,1075.0,1075.0,1005.0,1015.0,5144
2025-08-20,967.0,993.0,956.0,956.0,7175
2025-08-21,961.0,966.0,940.0,950.0,5951
2025-08-22,964.0,970.0,940.0,940.0,4048279
2025-08-25,961.0,972.0,950.0,962.0,4237648
2025-08-26,962.0,987.0,942.0,981.0,5675
2025-08-27,983.0,994.0,976.0,983.0,2945160
2025-08-28,986.0,996.0,974.0,984.0,2948625
2025-08-29,997.0,1045.0,997.0,1015.0,5260
2025-09-01,1035.0,1050.0,935.0,944.0,8011
2025-09-02,957.0,968.0,945.0,963.0,4260893
2025-09-03,961.0,975.0,952.0,970.0,3334059
2025-09-04,985.0,990.0,961.0,975.0,3414594
2025-09-05,995.0,1025.0,992.0,1020.0,4297984
2025-09-08,1035.0,1035.0,1000.0,1020.0,4387975
2025-09-09,1025.0,1040.0,1010.0,1020.0,3719361
2025-09-10,1050.0,1110.0,1050.0,1090.0,6739
2025-09-11,1100.0,1170.0,1090.0,1120.0,8398
2025-09-12,1140.0,1145.0,1085.0,1105.0,3882532
2025-09-15,1100.0,1105.0,1060.0,1070.0,3066238
2025-09-16,1070.0,1105.0,1060.0,1070.0,3565915
2025-09-17,1070.0,1085.0,1050.0,1065.0,2948021
2025-09-18,1060.0,1090.0,1055.0,1080.0,2743806
2025-09-19,1080.0,1085.0,1010.0,1015.0,6732
2025-09-22,1015.0,1020.0,985.0,989.0,5316
2025-09-23,992.0,1020.0,992.0,1005.0,3944303
2025-09-24,1015.0,1020.0,988.0,1005.0,2382803
2025-09-25,992.0,995.0,975.0,976.0,3098784
2025-09-26,999.0,1010.0,970.0,984.0,5173
2025-09-30,1020.0,1070.0,1010.0,1045.0,6422
2025-10-01,1060.0,1065.0,1030.0,1040.0,4004162
2025-10-02,1075.0,1090.0,1035.0,1075.0,4995342
2025-10-03,1085.0,1115.0,1070.0,1105.0,4471318
2025-10-07,1115.0,1130.0,1020.0,1025.0,5928
2025-10-08,1035.0,1055.0,1025.0,1045.0,3168726
2025-10-09,1070.0,1080.0,1040.0,1050.0,2998799
2025-10-13,1005.0,1040.0,1000.0,1035.0,3948772
2025-10-14,1050.0,1055.0,1000.0,1000.0,3986561
2025-10-15,1000.0,1020.0,987.0,1020.0,4021368
2025-10-16,1025.0,1030.0,998.0,1000.0,2999343
2025-10-17,1000.0,1005.0,954.0,956.0,6436
2025-10-20,966.0,992.0,966.0,979.0,3021005
2025-10-21,976.0,977.0,960.0,960.0,3736401
2025-10-22,926.0,934.0,884.0,904.0,12320
2025-10-23,904.0,945.0,904.0,934.0,5584
2025-10-27,970.0,971.0,956.0,962.0,4659298
2025-10-28,959.0,987.0,959.0,965.0,4478278
2025-10-29,970.0,990.0,964.0,973.0,4436849
2025-10-30,987.0,1030.0,983.0,1020.0,6556
2025-10-31,1055.0,1105.0,1035.0,1080.0,9492
2025-11-03,1075.0,1090.0,1065.0,1075.0,4671891
2025-11-04,1145.0,1180.0,1120.0,1150.0,12082
2025-11-05,1095.0,1100.0,1035.0,1045.0,10518
2025-11-06,1060.0,1085.0,1045.0,1055.0,5866
2025-11-07,1065.0,1080.0,1000.0,1005.0,7059
2025-11-10,994.0,1030.0,992.0,998.0,5750
2025-11-11,1010.0,1010.0,979.0,979.0,4819477
2025-11-12,985.0,999.0,957.0,983.0,5442
2025-11-13,980.0,996.0,974.0,980.0,2917861
2025-11-14,965.0,1005.0,965.0,983.0,4890894
2025-11-17,999.0,1020.0,985.0,998.0,3422706
2025-11-18,996.0,996.0,919.0,921.0,9148
2025-11-19,912.0,940.0,912.0,914.0,4140066
2025-11-20,958.0,964.0,938.0,945.0,4048956
2025-11-21,913.0,919.0,888.0,907.0,6338
2025-11-24,914.0,952.0,911.0,944.0,5311
2025-11-25,966.0,971.0,939.0,965.0,5224
2025-11-26,985.0,999.0,975.0,999.0,3722566
2025-11-27,1025.0,1080.0,1015.0,1030.0,7944
2025-11-28,1030.0,1040.0,1010.0,1025.0,4540150
2025-12-01,1035.0,1060.0,1000.0,1020.0,6927
2025-12-02,1045.0,1075.0,1035.0,1050.0,6516
2025-12-03,1060.0,1065.0,985.0,986.0,6405
2025-12-04,989.0,992.0,965.0,965.0,4323155
2025-12-05,974.0,995.0,951.0,990.0,4545585
2025-12-08,994.0,1005.0,977.0,977.0,3977017
2025-12-09,994.0,1055.0,991.0,995.0,9920
2025-12-10,1045.0,1090.0,1045.0,1090.0,11393
2025-12-11,1120.0,1195.0,1115.0,1135.0,15782
2025-12-12,1160.0,1160.0,1120.0,1155.0,5427
2025-12-15,1100.0,1215.0,1095.0,1210.0,8769
2025-12-16,1185.0,1190.0,1130.0,1160.0,7816
2025-12-17,1160.0,1205.0,1140.0,1185.0,6484
2025-12-18,1165.0,1185.0,1155.0,1180.0,4505017
2025-12-19,1200.0,1210.0,1165.0,1175.0,6190
2025-12-22,1180.0,1215.0,1145.0,1170.0,4331476
2025-12-23,1175.0,1205.0,1170.0,1185.0,2900635
2025-12-24,1200.0,1230.0,1185.0,1190.0,4538255
2025-12-26,1205.0,1215.0,1180.0,1215.0,2608307
2025-12-29,1230.0,1230.0,1185.0,1215.0,3196339
2025-12-30,1200.0,1210.0,1190.0,1190.0,2008936
2025-12-31,1190.0,1195.0,1165.0,1185.0,3178871
2026-01-02,1190.0,1190.0,1145.0,1145.0,3913197
2026-01-05,1145.0,1200.0,1145.0,1185.0,4548684
2026-01-06,1195.0,1270.0,1185.0,1240.0,6507
2026-01-07,1265.0,1265.0,1190.0,1205.0,3867893
2026-01-08,1235.0,1270.0,1195.0,1265.0,7355
2026-01-09,1250.0,1320.0,1210.0,1215.0,8871
2026-01-12,1235.0,1240.0,1180.0,1205.0,3999314
2026-01-13,1225.0,1245.0,1170.0,1180.0,4268166
2026-01-14,1205.0,1225.0,1185.0,1215.0,3142346
2026-01-15,1225.0,1285.0,1215.0,1240.0,7130
2026-01-16,1265.0,1270.0,1220.0,1230.0,3257786
2026-01-19,1230.0,1235.0,1160.0,1165.0,4321291
2026-01-20,1165.0,1220.0,1160.0,1185.0,3453877
2026-01-21,1175.0,1230.0,1150.0,1150.0,3658005
2026-01-22,1185.0,1195.0,1125.0,1150.0,6532
2026-01-23,1175.0,1190.0,1145.0,1175.0,4066113
2026-01-26,1185.0,1185.0,1135.0,1150.0,4601117
2026-01-27,1160.0,1195.0,1155.0,1155.0,3695494
2026-01-28,1180.0,1190.0,1150.0,1170.0,3285885
2026-01-29,1165.0,1195.0,1135.0,1170.0,4640809
2026-01-30,1175.0,1180.0,1110.0,1115.0,4027897
2026-02-02,1091.36,1150.89,1091.36,1131.05,4253773
2026-02-03,1180.65,1195.54,1150.89,1175.69,5276
2026-02-04,1145.93,1180.65,1131.05,1175.69,3216396
2026-02-05,1160.81,1175.69,1116.16,1116.16,3392723
2026-02-06,1116.16,1185.62,1081.44,1180.65,5761
2026-02-09,1260.03,1294.75,1235.22,1294.75,7487
2026-02-10,1354.28,1384.04,1314.59,1379.08,9320
2026-02-11,1344.36,1443.57,1344.36,1438.61,7404
2026-02-23,1463.42,1468.38,1344.36,1389.01,7522836
2026-02-24,1393.97,1428.69,1374.12,1393.97,3252325
2026-02-25,1398.93,1483.26,1393.97,1438.61,4723251
2026-02-26,1438.61,1448.53,1389.01,1389.01,5547248
2026-03-02,1349.32,1423.73,1349.32,1403.89,4046997
2026-03-03,1403.89,1463.42,1403.89,1408.85,4680672
2026-03-04,1349.32,1369.16,1279.87,1294.75,4818570
2026-03-05,1364.2,1423.73,1339.4,1408.85,4318470
2026-03-06,1423.73,1503.1,1403.89,1453.49,6137414
2026-03-09,1344.36,1369.16,1319.56,1369.16,5593062
2026-03-10,1418.77,1443.57,1389.01,1423.73,5264312
2026-03-11,1493.18,1503.1,1453.49,1473.34,4005897
2026-03-12,1458.46,1498.14,1433.65,1493.18,3820804
2026-03-13,1468.38,1478.3,1408.85,1408.85,6278564
2026-03-16,1423.73,1433.65,1369.16,1379.08,4192882
2026-03-17,1408.85,1453.49,1408.85,1443.57,3451522
2026-03-18,1458.46,1587.43,1453.49,1587.43,7985448
2026-03-19,1572.55,1607.28,1547.75,1577.51,7056954
2026-03-20,1597.36,1661.85,1567.59,1597.36,5574007
2026-03-23,1527.91,1597.36,1522.95,1552.71,3184223
2026-03-24,1587.43,1597.36,1503.1,1522.95,4222449
2026-03-25,1567.59,1671.77,1567.59,1671.77,6739032
2026-03-26,1676.73,1736.26,1646.96,1661.85,6934901
2026-03-27,1612.24,1656.88,1587.43,1642.0,4372366
2026-03-30,1607.28,1637.04,1577.51,1622.16,3829260
2026-03-31,1587.43,1597.36,1483.26,1498.14,5071126
2026-04-01,1572.55,1646.96,1562.63,1646.96,4168739
2026-04-02,1656.88,1671.77,1567.59,1577.51,3219664
2026-04-07,1646.96,1671.77,1587.43,1602.32,3245867
2026-04-08,1666.81,1751.14,1666.81,1696.57,5219110
2026-04-09,1716.41,1746.18,1656.88,1676.73,3153701
2026-04-10,1736.26,1840.43,1706.49,1820.59,5517060
2026-04-13,1805.71,1840.43,1770.98,1805.71,2860404
2026-04-14,1870.2,1895.0,1835.47,1875.16,3716906
2026-04-15,1885.08,2058.7,1855.31,1954.53,7025204
2026-04-16,2009.1,2033.9,1959.49,2019.02,3738466
2026-04-17,2019.02,2093.43,2004.14,2053.74,3265578
2026-04-20,2028.94,2043.82,1979.33,1989.25,3816176
2026-04-21,2083.51,2187.68,2043.82,2172.8,6139445
2026-04-22,2133.12,2232.33,2113.27,2182.72,4604068
2026-04-23,2202.57,2212.49,1994.21,2063.67,6242141
2026-04-24,2088.47,2152.96,2033.9,2123.19,4827960
2026-04-27,2187.68,2207.53,2088.47,2157.92,4841215
2026-04-28,2232.33,2321.62,2177.76,2276.98,5738981
2026-04-29,2227.37,2252.17,2172.8,2192.64,4360317
2026-04-30,2207.53,2296.82,2197.6,2262.09,3652277
2026-05-04,2361.31,2485.33,2341.47,2485.33,4261874
2026-05-05,2500.21,2529.97,2420.84,2475.41,3325662
2026-05-06,2525.01,2599.42,2306.74,2465.48,6017301
2026-05-07,2475.41,2539.9,2445.64,2539.9,3654358
2026-05-08,2381.15,2405.96,2286.9,2356.35,10164816
2026-05-11,2470.45,2589.5,2465.48,2569.66,8063084
2026-05-12,2653.99,2673.84,2500.21,2505.17,5559522
2026-05-13,2490.29,2534.93,2415.88,2415.88,3697745
2026-05-14,2604.38,2653.99,2584.54,2653.99,6883618
2026-05-15,2619.27,2619.27,2480.37,2485.33,6760600
2026-05-18,2356.35,2510.13,2356.35,2475.41,3039506
2026-05-19,2440.68,2485.33,2356.35,2371.23,4082653
2026-05-20,2311.7,2455.56,2306.74,2336.51,4201941
2026-05-21,2460.52,2510.13,2430.76,2460.52,5317039
2026-05-22,2515.09,2515.09,2430.76,2450.6,2584018
2026-05-25,2515.09,2579.58,2485.33,2520.05,2529671
2026-05-26,2589.5,2673.84,2539.9,2599.42,3372224
2026-05-27,2624.23,2649.03,2549.82,2599.42,3795174
2026-05-28,2554.78,2559.74,2376.19,2415.88,4511170
2026-05-29,2485.33,2510.13,2371.23,2410.92,6138040
2026-06-01,2440.68,2520.05,2410.92,2490.29,2374400
2026-06-02,2485.33,2500.21,2371.23,2405.96,3599143
2026-06-03,2450.6,2624.23,2450.6,2564.7,3818033
2026-06-04,2505.17,2529.97,2440.68,2490.29,2155489
2026-06-05,2440.68,2525.01,2410.92,2470.45,2436614
2026-06-08,2247.21,2415.88,2242.25,2400.99,3091255
2026-06-09,2400.99,2455.56,2326.58,2455.56,2425178
2026-06-10,2569.66,2609.35,2341.47,2346.43,3795901
2026-06-11,2311.7,2326.58,2152.96,2257.13,3415277
2026-06-12,2346.43,2371.23,2252.17,2316.66,2727344
2026-06-15,2415.88,2455.56,2316.66,2410.92,3232354
2026-06-16,2475.41,2534.93,2391.07,2500.21,2898710
2026-06-17,2534.93,2579.58,2450.6,2475.41,2493970
2026-06-18,2460.52,2470.45,2396.03,2415.88,4075666
2026-06-22,2475.41,2584.54,2465.48,2574.62,3153980
2026-06-23,2653.99,2698.64,2415.88,2415.88,3747091
2026-06-24,2391.07,2425.8,2321.62,2356.35,2867427
2026-06-25,2465.48,2525.01,2356.35,2361.31,4499168
2026-06-26,2376.19,2500.21,2316.66,2361.31,4724775
2026-06-29,2376.19,2410.92,2272.02,2321.62,2925407
2026-06-30,2425.8,2505.17,2400.99,2475.41,3278649
2026-07-01,2579.58,2673.84,2520.05,2639.11,4250261
2026-07-02,2639.11,2758.17,2589.5,2728.4,4005048
2026-07-03,2728.4,2778.01,2653.99,2713.52,2924605
2026-07-06,2802.81,2802.81,2579.58,2624.23,2189561
2026-07-07,2678.8,2678.8,2430.76,2435.72,3746417
2026-07-08,2420.84,2505.17,2351.39,2396.03,3465804
2026-07-09,2465.48,2520.05,2445.64,2450.6,2765797
2026-07-10,2450.6,2450.6,2450.6,2450.6,0
2026-07-13,2544.86,2544.86,2381.15,2386.11,2027080
2026-07-14,2331.54,2396.03,2177.76,2262.09,2869461
2026-07-15,2376.19,2400.99,2296.82,2321.62,1959848
2026-07-16,2331.54,2331.54,2237.29,2301.78,1209181
2026-07-17,2172.8,2187.68,2073.59,2073.59,3214713
2026-07-20,2019.02,2133.12,1984.29,2073.59,3853337
2026-07-21,2133.12,2202.57,2123.19,2202.57,1863406
2026-07-22,2276.98,2291.86,2222.41,2267.05,2816541
2026-07-23,2286.9,2371.23,2262.09,2306.74,1761522
2026-07-24,2296.82,2311.7,2187.68,2202.57,1533398
2026-07-27,2262.09,2267.06,2152.96,2222.41,1770502
2026-07-28,2148.0,2162.88,2023.98,2023.98,2568271
2026-07-29,2023.98,2093.43,1825.55,1895.0,3723989
2026-07-30,1910.0,2050.0,1855.0,1935.0,3232432
2026-07-31,2125.0,2125.0,2125.0,2125.0,900478
2026-08-03,2335.0,2335.0,2215.0,2335.0,3599414
2026-08-04,2355.0,2360.0,2280.0,2320.0,4363693
2026-08-05,2420.0,2480.0,2375.0,2385.0,2784758
2026-08-06,2590.0,2595.0,2390.0,2410.0,3933883
2026-08-07,2395.0,2395.0,2185.0,2215.0,3927680
2026-08-10,2255.0,2280.0,2135.0,2165.0,2612233
2026-08-11,2140.0,2150.0,2075.0,2135.0,3243848
2026-08-12,2140.0,2255.0,2125.0,2215.0,2759857
2026-08-13,2275.0,2310.0,2235.0,2270.0,2890391
2026-08-14,2305.0,2385.0,2275.0,2300.0,3322925