date,open,high,low,close,volume
2000-01-04,3.59,3.6,3.54,3.57,12923075289
2000-01-05,3.57,3.79,3.57,3.73,26351729278
2000-01-06,3.81,3.96,3.73,3.91,35143233
2000-01-07,4.04,4.16,3.98,3.98,48238585499
2000-01-10,3.94,3.98,3.87,3.94,25268062
2000-01-11,3.94,4.04,3.85,3.85,24747161902
2000-01-12,3.91,4.12,3.91,4.12,65570051
2000-01-13,4.19,4.22,4.1,4.12,58223756
2000-01-14,4.13,4.15,3.93,3.94,30081655
2000-01-17,3.98,4.1,3.98,4.07,24076930
2000-01-18,4.12,4.13,3.99,4.04,14158976785
2000-01-19,4.04,4.09,3.99,3.99,14754453749
2000-01-20,3.99,4.12,3.99,4.02,26844093
2000-01-21,4.02,4.1,3.99,4.04,30884261702
2000-01-24,4.1,4.18,4.04,4.16,40821297445
2000-01-25,4.16,4.18,4.09,4.09,24391207
2000-01-26,4.1,4.37,4.09,4.29,64351511
2000-01-27,4.44,4.57,4.44,4.57,97595016
2000-01-28,4.6,4.66,4.5,4.5,78419656
2000-01-31,4.32,4.41,4.29,4.32,19674239
2000-02-01,4.41,4.5,4.35,4.43,30271475
2000-02-02,4.43,4.43,4.43,4.43,0
2000-02-03,4.43,4.43,4.43,4.43,0
2000-02-04,4.43,4.43,4.43,4.43,0
2000-02-07,4.43,4.43,4.43,4.43,0
2000-02-08,4.43,4.43,4.43,4.43,0
2000-02-09,4.57,4.57,4.43,4.44,36254194
2000-02-10,4.47,4.57,4.44,4.44,37071496
2000-02-11,4.5,4.54,4.37,4.38,29576187
2000-02-14,4.41,4.5,4.35,4.37,27969713
2000-02-15,4.37,4.4,4.19,4.27,22912595
2000-02-16,4.33,4.35,4.29,4.3,17183996
2000-02-17,4.32,4.5,4.32,4.4,43326853
2000-02-18,4.43,4.47,4.27,4.29,29366952
2000-02-21,4.38,4.63,4.35,4.52,106380801
2000-02-22,4.52,4.52,4.22,4.3,37340599
2000-02-23,4.32,4.38,4.22,4.26,18808635
2000-02-24,4.26,4.32,4.19,4.21,20226732
2000-02-25,4.21,4.26,4.07,4.07,17815073
2000-02-28,4.07,4.07,4.07,4.07,0
2000-02-29,4.16,4.16,4.01,4.01,13598727
2000-03-01,4.07,4.13,4.06,4.09,9580978
2000-03-02,4.13,4.13,4.04,4.04,10037757502
2000-03-03,4.07,4.1,4.04,4.06,9391193081
2000-03-06,4.04,4.06,3.94,3.96,10424700556
2000-03-07,3.96,4.04,3.96,3.98,11387665845
2000-03-08,3.98,4.02,3.94,3.94,10707645
2000-03-09,3.96,4.01,3.94,3.94,11370259
2000-03-10,3.98,4.01,3.88,3.88,13350249
2000-03-13,3.88,3.88,3.62,3.62,29377669499
2000-03-14,3.62,3.73,3.54,3.67,14732322898
2000-03-15,3.63,3.71,3.6,3.6,12270673196
2000-03-16,3.48,3.62,3.48,3.62,22526679446
2000-03-17,3.63,3.67,3.57,3.62,20361366747
2000-03-20,3.49,3.49,3.49,3.49,1360016221
2000-03-21,3.39,3.62,3.39,3.57,33358319589
2000-03-22,3.57,3.57,3.45,3.48,21804427294
2000-03-23,3.51,3.71,3.51,3.71,26934090272
2000-03-24,3.71,3.71,3.59,3.62,14075340550
2000-03-27,3.63,3.73,3.56,3.68,18288438961
2000-03-28,3.68,3.79,3.63,3.63,17642361534
2000-03-29,3.63,3.71,3.6,3.62,10902937092
2000-03-30,3.67,3.73,3.63,3.63,17633695848
2000-03-31,3.67,3.74,3.67,3.68,23354419956
2000-04-03,3.68,3.68,3.68,3.68,0
2000-04-04,3.68,3.68,3.68,3.68,0
2000-04-05,3.63,3.7,3.63,3.67,12254990717
2000-04-06,3.7,3.79,3.67,3.67,23022782890
2000-04-07,3.73,3.73,3.65,3.68,12604787513
2000-04-10,3.67,3.79,3.63,3.71,32330820468
2000-04-11,3.73,3.76,3.71,3.73,19590479
2000-04-12,3.79,3.82,3.73,3.76,21358069
2000-04-13,3.73,3.79,3.7,3.7,20249328
2000-04-14,3.74,3.82,3.73,3.77,37209092
2000-04-17,3.76,3.81,3.7,3.79,19776024
2000-04-18,3.85,4.06,3.79,4.02,74022904
2000-04-19,4.04,4.09,3.88,3.88,49935741355
2000-04-20,3.94,4.1,3.94,3.99,72556081
2000-04-21,4.07,4.07,3.94,3.96,31885593
2000-04-24,3.99,3.99,3.73,3.73,28791659
2000-04-25,3.67,3.76,3.6,3.68,20512046950
2000-04-26,3.7,3.71,3.43,3.45,24242286291
2000-04-27,3.45,3.54,3.42,3.49,10997114959
2000-04-28,3.51,3.54,3.42,3.51,13282757607
2000-05-01,3.51,3.51,3.51,3.51,0
2000-05-02,3.49,3.49,3.39,3.39,12007003980
2000-05-03,3.36,3.42,3.32,3.37,11044816943
2000-05-04,3.46,3.6,3.45,3.54,18198659704
2000-05-05,3.6,3.6,3.54,3.59,12765923225
2000-05-08,3.56,3.6,3.48,3.48,8583305040
2000-05-09,3.48,3.48,3.48,3.48,0
2000-05-10,3.54,3.56,3.51,3.54,23901119164
2000-05-11,3.39,3.42,3.39,3.39,13967987208
2000-05-12,3.42,3.57,3.42,3.46,16668013725
2000-05-15,3.52,3.52,3.46,3.47,5968336594
2000-05-16,3.47,3.49,3.42,3.46,7946261284
2000-05-17,3.49,3.59,3.49,3.59,15174836578
2000-05-18,3.57,3.69,3.56,3.56,20340789267
2000-05-19,3.59,3.65,3.56,3.59,14145434890
2000-05-22,3.52,3.56,3.46,3.46,5631256464
2000-05-23,3.46,3.49,3.42,3.42,6233560748
2000-05-24,3.46,3.46,3.39,3.39,7448408731
2000-05-25,3.42,3.46,3.39,3.39,6076964578
2000-05-26,3.39,3.49,3.39,3.46,9579883918
2000-05-29,3.47,3.49,3.44,3.47,7681901507
2000-05-30,3.47,3.47,3.47,3.47,0
2000-05-31,3.49,3.51,3.42,3.46,8811226346
2000-06-01,3.46,3.47,3.41,3.41,8040767991
2000-06-02,3.42,3.46,3.39,3.39,9316311787
2000-06-05,3.42,3.44,3.39,3.39,8728008206
2000-06-06,3.39,3.39,3.39,3.39,0
2000-06-07,3.39,3.42,3.39,3.39,5738011633
2000-06-08,3.42,3.44,3.39,3.41,4480802948
2000-06-09,3.41,3.41,3.33,3.34,8254189072
2000-06-12,3.34,3.34,3.26,3.28,12790755252
2000-06-13,3.28,3.33,3.25,3.25,7891556601
2000-06-14,3.28,3.28,3.23,3.23,6591268467
2000-06-15,3.26,3.26,3.23,3.25,3868752508
2000-06-16,3.25,3.26,3.23,3.23,5969586182
2000-06-19,3.23,3.29,3.23,3.25,6073649570
2000-06-20,3.26,3.28,3.25,3.26,6063787538
2000-06-21,3.28,3.28,3.25,3.25,8028168767
2000-06-22,3.23,3.28,3.23,3.28,9838000456
2000-06-23,3.28,3.34,3.26,3.33,16178948997
2000-06-26,3.33,3.34,3.26,3.28,8242911467
2000-06-27,3.28,3.33,3.25,3.25,10186893729
2000-06-28,3.26,3.29,3.2,3.21,9769912033
2000-06-29,3.25,3.26,3.07,3.07,7948047975
2000-06-30,3.13,3.15,3.07,3.13,8032894650
2000-07-03,3.18,3.34,3.13,3.34,35886410388
2000-07-04,3.33,3.44,3.29,3.33,40217383417
2000-07-05,3.36,3.56,3.34,3.56,57917332455
2000-07-06,3.56,3.72,3.56,3.59,74830426608
2000-07-07,3.6,3.6,3.46,3.49,26641542745
2000-07-10,3.52,3.56,3.47,3.49,24462677189
2000-07-11,3.49,3.56,3.42,3.52,24499547849
2000-07-12,3.52,3.52,3.29,3.31,22595320632
2000-07-13,3.31,3.39,3.26,3.39,24490807000
2000-07-14,3.36,3.59,3.36,3.52,43433035441
2000-07-17,3.62,3.62,3.49,3.52,34198214606
2000-07-18,3.52,3.52,3.39,3.41,18167318234
2000-07-19,3.52,3.52,3.39,3.41,18167318234
2000-07-20,3.41,3.44,3.36,3.39,9769273146
2000-07-21,3.42,3.42,3.31,3.33,10177791158
2000-07-24,3.39,3.39,3.29,3.31,6547620597
2000-07-25,3.29,3.34,3.23,3.25,14123011215
2000-07-26,3.25,3.29,3.2,3.21,15375423551
2000-07-27,3.26,3.36,3.25,3.26,23076663911
2000-07-28,3.29,3.47,3.29,3.42,34652538297
2000-07-31,3.56,3.57,3.49,3.51,19380691140
2000-08-01,3.54,3.56,3.42,3.42,13480081245
2000-08-02,3.46,3.54,3.46,3.49,24755800967
2000-08-03,3.52,3.62,3.51,3.52,70844392957
2000-08-04,3.91,3.95,3.84,3.86,30272789222
2000-08-07,3.8,3.89,3.79,3.89,26617286115
2000-08-08,3.93,3.95,3.84,3.87,19740838245
2000-08-09,3.91,3.96,3.84,3.84,17644879500
2000-08-10,3.84,3.86,3.75,3.77,20800050808
2000-08-11,3.77,3.82,3.7,3.71,9408136536
2000-08-14,3.71,3.71,3.66,3.66,4489351476
2000-08-15,3.66,3.7,3.64,3.66,6170953399
2000-08-16,3.68,3.7,3.66,3.7,5471096165
2000-08-17,3.68,3.7,3.61,3.68,10966075139
2000-08-18,3.68,3.73,3.66,3.66,9169795310
2000-08-21,3.64,3.64,3.59,3.59,17399296702
2000-08-22,3.59,3.61,3.53,3.57,17174238571
2000-08-23,3.57,3.57,3.57,3.57,0
2000-08-24,3.59,3.61,3.52,3.52,13955968648
2000-08-25,3.52,3.55,3.5,3.52,11606402584
2000-08-28,3.53,3.53,3.44,3.48,10092576781
2000-08-29,3.44,3.44,3.37,3.37,13463479157
2000-08-30,3.37,3.43,3.16,3.23,14987789366
2000-08-31,3.16,3.23,3.12,3.23,9115475695
2000-09-01,3.23,3.23,3.14,3.17,7163608134
2000-09-04,3.37,3.37,3.25,3.34,12108525202
2000-09-05,3.34,3.34,3.19,3.19,9419507810
2000-09-06,3.23,3.23,3.12,3.21,8290128733
2000-09-07,3.21,3.23,3.19,3.21,5662434796
2000-09-08,3.21,3.28,3.16,3.23,5721474884
2000-09-11,3.23,3.26,3.21,3.23,5386514839
2000-09-12,3.23,3.23,3.23,3.23,0
2000-09-13,3.23,3.25,3.16,3.21,3704669490
2000-09-14,3.21,3.21,3.09,3.1,6387938609
2000-09-15,3.1,3.16,3.09,3.1,6378409401
2000-09-18,2.87,2.87,2.69,2.69,24370872941
2000-09-19,2.55,2.71,2.53,2.62,19570354543
2000-09-20,2.69,2.8,2.64,2.8,17759412204
2000-09-21,2.82,2.98,2.82,2.98,27404139007
2000-09-22,2.98,3.01,2.83,2.91,14611856860
2000-09-25,2.91,3.05,2.85,3.01,18804682572
2000-09-26,3.05,3.05,2.85,2.89,12577783869
2000-09-27,2.91,2.94,2.8,2.82,13206560674
2000-09-28,2.87,2.89,2.83,2.89,10435151367
2000-09-29,2.92,2.96,2.76,2.82,19507769828
2000-10-02,2.76,2.76,2.69,2.71,7638128222
2000-10-03,2.71,2.89,2.71,2.89,22442768
2000-10-04,2.8,3.05,2.8,3.01,48801460731
2000-10-05,3.07,3.16,2.94,3.14,43059932373
2000-10-06,3.14,3.21,3.09,3.12,28744360698
2000-10-09,3.01,3.16,3.01,3.05,24651274215
2000-10-10,3.05,3.05,3.05,3.05,0
2000-10-11,3.01,3.09,2.96,3.0,11860911007
2000-10-12,3.0,3.07,2.94,2.94,11055106466
2000-10-13,2.87,3.14,2.87,3.14,37118472869
2000-10-16,3.14,3.14,3.14,3.14,0
2000-10-17,2.94,3.09,2.92,3.01,20941996711
2000-10-18,3.01,3.01,2.89,2.91,12400907028
2000-10-19,2.83,2.91,2.71,2.73,25200956035
2000-10-20,2.91,2.91,2.8,2.91,14151801409
2000-10-23,2.87,2.91,2.83,2.85,6101529976
2000-10-24,2.82,2.91,2.82,2.91,8676586928
2000-10-25,2.91,2.94,2.85,2.87,10343920664
2000-10-26,2.83,2.91,2.83,2.83,8728832439
2000-10-27,2.83,2.83,2.83,2.83,0
2000-10-30,2.69,2.69,2.69,2.69,1208694711
2000-10-31,2.6,2.73,2.6,2.62,10886618573
2000-11-01,2.65,2.67,2.55,2.55,8417392197
2000-11-02,2.51,2.71,2.51,2.71,12715412161
2000-11-03,2.74,2.87,2.73,2.83,12394861234
2000-11-06,2.85,2.85,2.69,2.69,4377463717
2000-11-07,2.83,2.83,2.73,2.78,6765136646
2000-11-08,2.87,2.91,2.78,2.87,10816049197
2000-11-09,2.94,2.94,2.85,2.89,10746100485
2000-11-10,2.91,2.92,2.83,2.87,7513034240
2000-11-13,2.8,2.8,2.71,2.73,4881320212
2000-11-14,2.83,2.87,2.69,2.8,8037213258
2000-11-15,2.8,2.83,2.73,2.73,5221570149
2000-11-16,2.55,2.62,2.55,2.55,17911021128
2000-11-17,2.51,2.53,2.4,2.42,13490431127
2000-11-20,2.39,2.44,2.31,2.31,10736962753
2000-11-21,2.24,2.4,2.24,2.37,15622918027
2000-11-22,2.31,2.46,2.31,2.39,16707875394
2000-11-23,2.35,2.37,2.31,2.35,11880524604
2000-11-24,2.35,2.51,2.35,2.49,13586688366
2000-11-27,2.51,2.58,2.51,2.56,15745160649
2000-11-28,2.56,2.56,2.49,2.49,7362450268
2000-11-29,2.46,2.58,2.46,2.51,9193705165
2000-11-30,2.51,2.53,2.44,2.44,6983284892
2000-12-01,2.39,2.44,2.37,2.4,7796439194
2000-12-04,2.46,2.51,2.44,2.46,4488021885
2000-12-05,2.46,2.55,2.44,2.55,8523662649
2000-12-06,2.55,2.56,2.47,2.51,7627137034
2000-12-07,2.49,2.51,2.46,2.49,4441266986
2000-12-08,2.47,2.55,2.47,2.55,8779432332
2000-12-11,2.55,2.58,2.53,2.55,10744789401
2000-12-12,2.56,2.6,2.55,2.58,12933671444
2000-12-13,2.56,2.64,2.55,2.62,16833013506
2000-12-14,2.6,2.6,2.53,2.53,6486332588
2000-12-15,2.51,2.51,2.46,2.47,7226611371
2000-12-18,2.42,2.47,2.4,2.46,2969047121
2000-12-19,2.47,2.53,2.46,2.53,5869821044
2000-12-20,2.51,2.6,2.49,2.51,16213583695
2000-12-21,2.47,2.56,2.44,2.55,9657846189
2000-12-22,2.55,2.56,2.49,2.49,6450201603
2000-12-25,2.49,2.49,2.49,2.49,0
2000-12-26,2.51,2.55,2.46,2.51,5324239033
2000-12-27,2.49,2.51,2.44,2.44,4525203447
2000-12-28,2.42,2.55,2.42,2.55,6528478050
2000-12-29,2.55,2.55,2.47,2.49,7299263394
2001-01-01,2.49,2.49,2.49,2.49,0
2001-01-02,2.53,2.58,2.51,2.56,7040474373
2001-01-03,2.56,2.62,2.53,2.58,14359694439
2001-01-04,2.76,2.76,2.65,2.76,47591407958
2001-01-05,2.94,2.94,2.94,2.94,37616593903
2001-01-08,3.14,3.14,3.09,3.12,71140354715
2001-01-09,3.12,3.21,3.01,3.16,55004305800
2001-01-10,3.26,3.37,3.26,3.37,53552165032
2001-01-11,3.5,3.55,3.3,3.34,71011529623
2001-01-12,3.34,3.34,3.12,3.16,41125693989
2001-01-15,3.12,3.37,3.09,3.37,66014648906
2001-01-16,3.48,3.61,3.48,3.61,90649355910
2001-01-17,3.64,3.77,3.48,3.7,102269915646
2001-01-18,3.77,3.95,3.73,3.95,96360554226
2001-01-19,3.95,3.95,3.95,3.95,0
2001-01-22,3.95,3.95,3.95,3.95,0
2001-01-23,3.95,3.95,3.95,3.95,0
2001-01-24,3.95,3.95,3.95,3.95,0
2001-01-25,3.95,3.95,3.95,3.95,0
2001-01-26,3.95,3.95,3.95,3.95,0
2001-01-29,4.02,4.22,3.87,3.95,96276963687
2001-01-30,3.96,4.13,3.87,4.13,70617139437
2001-01-31,4.2,4.2,3.98,3.98,71314233
2001-02-01,3.95,3.98,3.73,3.84,76530355815
2001-02-02,3.87,3.91,3.77,3.79,92655010679
2001-02-05,3.66,3.71,3.59,3.62,38949060124
2001-02-06,3.61,3.8,3.59,3.62,40279778231
2001-02-07,3.66,3.8,3.66,3.77,42315187930
2001-02-08,3.84,3.89,3.77,3.77,38180454227
2001-02-09,3.86,4.02,3.84,3.98,75701773137
2001-02-12,3.95,3.98,3.77,3.8,39181280108
2001-02-13,3.82,3.86,3.77,3.84,34894360945
2001-02-14,3.95,3.98,3.64,3.75,31349225251
2001-02-15,3.75,3.8,3.7,3.73,30509928976
2001-02-16,3.73,3.79,3.62,3.62,25411768755
2001-02-19,3.59,3.59,3.48,3.48,25028243062
2001-02-20,3.48,3.59,3.48,3.52,26534672127
2001-02-21,3.52,3.57,3.52,3.53,12335892323
2001-02-22,3.55,3.77,3.52,3.77,28262342801
2001-02-23,3.77,3.8,3.59,3.62,32670715943
2001-02-26,3.75,3.87,3.7,3.82,45056869355
2001-02-27,3.98,3.98,3.77,3.8,40963173595
2001-02-28,3.8,3.8,3.8,3.8,0
2001-03-01,3.8,3.95,3.77,3.84,46691417435
2001-03-02,3.91,3.91,3.8,3.84,23267324081
2001-03-05,3.87,4.05,3.86,4.05,63952855231
2001-03-06,4.13,4.13,3.86,3.87,72580315636
2001-03-07,3.91,3.95,3.84,3.86,47402210339
2001-03-08,3.89,3.96,3.86,3.87,48929340589
2001-03-09,3.91,3.93,3.84,3.86,20456102502
2001-03-12,3.84,3.89,3.77,3.79,18796959842
2001-03-13,3.75,3.89,3.73,3.84,25972186948
2001-03-14,3.84,3.84,3.84,3.84,0
2001-03-15,3.82,4.05,3.82,4.05,93673682116
2001-03-16,4.13,4.27,3.96,3.96,117417261586
2001-03-19,3.98,4.02,3.84,3.84,41545446045
2001-03-20,3.91,3.96,3.86,3.95,46686050672
2001-03-21,3.87,4.05,3.84,3.84,56069236742
2001-03-22,3.84,3.89,3.8,3.82,33956956823
2001-03-23,3.84,3.95,3.84,3.86,34097284156
2001-03-26,3.95,3.98,3.89,3.93,37374821935
2001-03-27,3.98,4.02,3.91,3.91,57357094769
2001-03-28,3.96,3.98,3.91,3.93,26873828782
2001-03-29,3.96,4.02,3.89,3.91,42143294920
2001-03-30,3.87,3.89,3.73,3.73,52249467976
2001-04-02,3.71,3.71,3.61,3.61,27598017240
2001-04-03,3.59,3.64,3.57,3.59,16840176782
2001-04-04,3.62,3.68,3.61,3.62,14897086798
2001-04-05,3.62,3.62,3.62,3.62,0
2001-04-06,3.7,3.79,3.66,3.68,21068370460
2001-04-09,3.68,3.68,3.59,3.59,10477839199
2001-04-10,3.59,3.64,3.53,3.53,12986957565
2001-04-11,3.62,3.62,3.55,3.59,10205506575
2001-04-12,3.62,3.62,3.55,3.57,9041580918
2001-04-13,3.59,3.68,3.57,3.59,14220113044
2001-04-16,3.59,3.59,3.48,3.52,8300549080
2001-04-17,3.48,3.52,3.44,3.48,9570133065
2001-04-18,3.48,3.53,3.48,3.5,5060457642
2001-04-19,3.7,3.7,3.59,3.61,23419910980
2001-04-20,3.66,3.66,3.53,3.55,10257581260
2001-04-23,3.59,3.62,3.52,3.52,8485490301
2001-04-24,3.52,3.55,3.5,3.5,7555535588
2001-04-25,3.53,3.55,3.48,3.48,7205807690
2001-04-26,3.53,3.55,3.48,3.48,7205807690
2001-04-27,3.44,3.48,3.43,3.43,5414957260
2001-04-30,3.43,3.46,3.3,3.32,6591377368
2001-05-01,3.32,3.32,3.32,3.32,0
2001-05-02,3.32,3.37,3.1,3.12,14261388719
2001-05-03,3.12,3.19,3.1,3.16,16967238103
2001-05-04,3.17,3.3,3.16,3.21,30900805854
2001-05-07,3.21,3.23,3.16,3.16,10689372233
2001-05-08,3.16,3.16,3.05,3.07,12815861739
2001-05-09,3.12,3.14,3.07,3.14,20873467274
2001-05-10,3.12,3.12,3.07,3.09,12979871160
2001-05-11,3.05,3.23,3.03,3.21,42471666800
2001-05-14,3.12,3.17,3.1,3.1,11508595105
2001-05-15,3.1,3.17,3.1,3.14,6175555719
2001-05-16,3.23,3.26,3.17,3.21,26680881547
2001-05-17,3.26,3.28,3.17,3.17,17342847465
2001-05-18,3.21,3.21,3.1,3.12,14382306022
2001-05-21,3.1,3.1,2.94,2.98,13436811896
2001-05-22,2.98,3.03,2.96,2.98,9061833687
2001-05-23,2.98,3.12,2.94,3.12,11995018873
2001-05-24,3.1,3.12,3.05,3.05,8744417405
2001-05-25,3.05,3.09,3.01,3.03,6429161614
2001-05-28,3.03,3.21,3.01,3.16,14981118636
2001-05-29,3.21,3.23,3.17,3.17,19753721324
2001-05-30,3.17,3.19,3.12,3.12,11443712789
2001-05-31,3.12,3.23,3.12,3.19,16286584486
2001-06-01,3.23,3.23,3.14,3.19,8182027603
2001-06-04,3.23,3.3,3.23,3.3,22753629469
2001-06-05,3.37,3.43,3.34,3.35,39042504439
2001-06-06,3.37,3.39,3.32,3.35,29729194479
2001-06-07,3.3,3.32,3.25,3.25,21371732086
2001-06-08,3.3,3.32,3.26,3.26,12349208159
2001-06-11,3.28,3.32,3.26,3.3,5493464322
2001-06-12,3.32,3.39,3.32,3.37,16267195808
2001-06-13,3.41,3.46,3.35,3.35,25587300346
2001-06-14,3.35,3.35,3.3,3.34,9958171394
2001-06-15,3.34,3.35,3.3,3.3,7636842761
2001-06-18,3.32,3.34,3.3,3.32,6048653835
2001-06-19,3.34,3.39,3.34,3.39,25157597713
2001-06-20,3.16,3.19,3.16,3.16,16428306892
2001-06-21,3.16,3.21,3.14,3.14,8696479541
2001-06-22,3.14,3.17,3.12,3.16,8117185146
2001-06-25,3.16,3.16,3.16,3.16,0
2001-06-26,3.19,3.19,3.09,3.12,6503486301
2001-06-27,3.14,3.16,3.09,3.1,7639493401
2001-06-28,3.16,3.16,3.07,3.1,7988145099
2001-06-29,3.16,3.17,3.12,3.16,12593599450
2001-07-02,3.17,3.17,3.05,3.1,6928199410
2001-07-03,3.1,3.16,3.09,3.12,8333793117
2001-07-04,3.12,3.16,3.1,3.14,11514330567
2001-07-05,3.12,3.16,3.09,3.1,8549401759
2001-07-06,3.09,3.14,3.07,3.09,6028529185
2001-07-09,3.09,3.16,3.09,3.12,9544032374
2001-07-10,3.12,3.16,3.1,3.1,7759341622
2001-07-11,3.1,3.12,3.05,3.07,11247875758
2001-07-12,3.1,3.1,3.05,3.07,6283706673
2001-07-13,3.09,3.14,2.96,2.96,14447843168
2001-07-16,2.96,3.0,2.76,2.8,22208337861
2001-07-17,2.76,2.85,2.73,2.78,11579420720
2001-07-18,2.78,2.8,2.6,2.6,13753902186
2001-07-19,2.55,2.62,2.51,2.53,24640039601
2001-07-20,2.53,2.67,2.49,2.58,16245180691
2001-07-23,2.62,2.64,2.55,2.55,7334934574
2001-07-24,2.51,2.55,2.46,2.49,13113739871
2001-07-25,2.49,2.55,2.49,2.51,18761581912
2001-07-26,2.51,2.62,2.49,2.62,12264796235
2001-07-27,2.62,2.64,2.55,2.58,11644819783
2001-07-30,2.58,2.58,2.58,2.58,0
2001-07-31,2.55,2.58,2.53,2.56,4684926575
2001-08-01,2.56,2.58,2.55,2.55,7483347641
2001-08-02,2.8,2.88,2.8,2.88,9957896391
2001-08-03,2.94,3.08,2.94,3.08,30809786222
2001-08-06,3.16,3.24,3.12,3.14,27762707115
2001-08-07,3.14,3.14,3.02,3.06,13611488324
2001-08-08,3.08,3.18,3.06,3.18,17364322022
2001-08-09,3.16,3.2,3.08,3.12,12786237517
2001-08-10,3.12,3.12,3.04,3.1,7896848395
2001-08-13,3.12,3.29,3.12,3.24,20605483319
2001-08-14,3.24,3.24,3.16,3.18,11273923259
2001-08-15,3.18,3.26,3.18,3.22,13384599903
2001-08-16,3.22,3.31,3.22,3.29,20590349746
2001-08-17,3.29,3.29,3.2,3.22,12491742374
2001-08-20,3.16,3.31,3.16,3.24,21211936615
2001-08-21,3.28,3.29,3.22,3.24,7217456556
2001-08-22,3.24,3.29,3.22,3.24,16812434485
2001-08-23,3.24,3.26,3.22,3.24,9305392721
2001-08-24,3.24,3.26,3.12,3.14,11184216655
2001-08-27,3.16,3.24,3.16,3.2,8512620731
2001-08-28,3.24,3.24,3.2,3.22,5604753933
2001-08-29,3.2,3.39,3.2,3.39,40733090479
2001-08-30,3.43,3.51,3.31,3.33,50576469178
2001-08-31,3.28,3.33,3.26,3.29,14299866612
2001-09-03,3.24,3.24,3.14,3.16,21656237827
2001-09-04,3.16,3.2,3.14,3.2,15642732473
2001-09-05,3.2,3.24,3.16,3.16,8557991686
2001-09-06,3.16,3.24,3.12,3.12,12810058594
2001-09-07,3.08,3.14,3.08,3.1,6324692204
2001-09-10,3.1,3.12,3.06,3.1,4293589116
2001-09-11,3.1,3.12,3.02,3.02,6121213327
2001-09-12,3.02,3.02,3.02,3.02,0
2001-09-13,2.82,2.92,2.82,2.9,28755720065
2001-09-14,2.92,3.08,2.88,2.9,39175530798
2001-09-17,2.9,2.9,2.9,2.9,0
2001-09-18,2.9,2.9,2.9,2.9,0
2001-09-19,2.9,2.9,2.9,2.9,0
2001-09-20,3.04,3.16,3.0,3.08,21605343519
2001-09-21,3.06,3.08,2.98,2.98,9108675680
2001-09-24,2.98,2.98,2.98,2.98,0
2001-09-25,3.1,3.12,2.96,2.98,14258706761
2001-09-26,2.98,3.06,2.98,3.04,11322547660
2001-09-27,3.04,3.06,3.0,3.02,5688671887
2001-09-28,3.02,3.02,3.02,3.02,0
2001-10-01,3.02,3.02,3.02,3.02,0
2001-10-02,3.08,3.08,3.02,3.04,5602062139
2001-10-03,3.08,3.12,3.04,3.08,12419648898
2001-10-04,3.28,3.28,3.28,3.28,30889144951
2001-10-05,3.31,3.35,3.26,3.31,65751873958
2001-10-08,3.31,3.35,3.28,3.28,23053466268
2001-10-09,3.31,3.33,3.26,3.33,16533505156
2001-10-10,3.33,3.33,3.33,3.33,0
2001-10-11,3.37,3.47,3.35,3.39,41958073906
2001-10-12,3.31,3.31,3.16,3.16,43485172321
2001-10-15,3.0,3.08,3.0,3.04,16305454604
2001-10-16,3.06,3.12,3.04,3.12,8328124174
2001-10-17,3.12,3.12,3.04,3.12,8806538691
2001-10-18,3.1,3.14,3.08,3.08,9056165002
2001-10-19,3.08,3.12,3.04,3.12,8721928377
2001-10-22,3.12,3.18,3.1,3.16,11885185547
2001-10-23,3.16,3.18,3.12,3.12,14816357065
2001-10-24,3.12,3.16,3.08,3.14,7214393347
2001-10-25,3.14,3.2,3.12,3.14,5915377836
2001-10-26,3.14,3.2,3.14,3.18,10345488762
2001-10-29,3.2,3.22,3.16,3.2,7883569312
2001-10-30,3.16,3.18,3.1,3.16,5744019301
2001-10-31,3.14,3.18,3.12,3.16,5099367127
2001-11-01,3.18,3.18,3.12,3.16,5515970044
2001-11-02,3.16,3.2,3.16,3.18,5962308219
2001-11-05,3.2,3.24,3.18,3.24,13647824947
2001-11-06,3.28,3.28,3.2,3.22,14664488150
2001-11-07,3.26,3.26,3.2,3.22,14372600682
2001-11-08,3.24,3.24,3.12,3.12,11977340649
2001-11-09,3.12,3.12,3.12,3.12,0
2001-11-12,3.1,3.12,3.06,3.1,9455911857
2001-11-13,3.1,3.1,3.06,3.06,5134034321
2001-11-14,3.08,3.12,3.08,3.1,7440403053
2001-11-15,3.12,3.18,3.1,3.14,14046319082
2001-11-16,3.16,3.2,3.14,3.16,10827375435
2001-11-19,3.18,3.2,3.1,3.14,13092207723
2001-11-20,3.16,3.24,3.16,3.16,34353097449
2001-11-21,3.2,3.22,3.16,3.18,10698232762
2001-11-22,3.2,3.26,3.16,3.18,21620055206
2001-11-23,3.18,3.2,3.14,3.16,16038891995
2001-11-26,3.18,3.2,3.16,3.18,12640172781
2001-11-27,3.2,3.22,3.12,3.12,15421382934
2001-11-28,3.14,3.14,3.06,3.06,9965234116
2001-11-29,3.06,3.12,3.06,3.12,7666307934
2001-11-30,3.12,3.12,3.06,3.06,7818712620
2001-12-03,3.08,3.14,3.06,3.12,14634583360
2001-12-04,3.1,3.18,3.1,3.16,15601159794
2001-12-05,3.2,3.28,3.2,3.22,37584163226
2001-12-06,3.28,3.43,3.28,3.43,64196307239
2001-12-07,3.59,3.67,3.51,3.67,93199755125
2001-12-10,3.93,3.93,3.91,3.93,43288733519
2001-12-11,4.18,4.18,3.85,4.16,159766937078
2001-12-12,4.14,4.38,4.01,4.32,106001759045
2001-12-13,4.32,4.32,4.03,4.16,73041354106
2001-12-14,4.06,4.3,4.05,4.22,63302900998
2001-12-17,4.42,4.5,4.42,4.5,107685600075
2001-12-18,4.58,4.58,4.2,4.22,74114908622
2001-12-19,4.22,4.32,3.95,3.95,47832750014
2001-12-20,3.83,4.16,3.79,4.16,44409653246
2001-12-21,4.1,4.14,3.95,4.06,30140042133
2001-12-24,4.08,4.14,4.03,4.14,22677948143
2001-12-25,4.14,4.22,4.1,4.16,27582696017
2001-12-26,4.18,4.22,4.06,4.06,20545543032
2001-12-27,4.1,4.16,4.03,4.03,23738154987
2001-12-28,4.1,4.1,3.95,3.99,15484774669
2001-12-31,4.03,4.08,4.01,4.01,16346152450
2002-01-01,4.01,4.01,4.01,4.01,0
2002-01-02,4.06,4.12,4.01,4.05,29495295488
2002-01-03,4.05,4.05,4.05,4.05,0
2002-01-04,4.08,4.1,3.97,3.97,16914194630
2002-01-07,4.06,4.12,4.05,4.1,18543623902
2002-01-08,4.12,4.3,4.08,4.14,56470244078
2002-01-09,4.18,4.2,4.06,4.06,19691026736
2002-01-10,4.06,4.12,4.03,4.05,13659400953
2002-01-11,4.06,4.14,4.01,4.03,18716205391
2002-01-14,4.03,4.1,3.99,4.03,12773547264
2002-01-15,4.3,4.3,4.1,4.16,83641455469
2002-01-16,4.2,4.24,4.14,4.14,23012551008
2002-01-17,4.08,4.16,4.08,4.1,11602997595
2002-01-18,4.2,4.22,4.1,4.12,13604987902
2002-01-21,4.14,4.28,4.1,4.2,35715665167
2002-01-22,4.24,4.24,4.14,4.18,13400697604
2002-01-23,4.14,4.22,4.12,4.12,13230489552
2002-01-24,4.18,4.2,4.12,4.14,10125971714
2002-01-25,4.18,4.3,4.18,4.24,38051505155
2002-01-28,4.3,4.32,4.22,4.22,21577407103
2002-01-29,4.22,4.26,4.14,4.16,15189046219
2002-01-30,4.12,4.16,4.1,4.1,10476277570
2002-01-31,4.1,4.1,4.1,4.1,0
2002-02-01,4.22,4.22,4.18,4.18,12323555755
2002-02-04,4.2,4.24,4.14,4.14,11910946528
2002-02-05,4.01,4.03,3.95,3.99,10888163
2002-02-06,3.99,4.13,3.99,4.05,22302106
2002-02-07,4.05,4.05,4.05,4.05,0
2002-02-08,4.05,4.05,4.05,4.05,0
2002-02-11,4.05,4.05,4.05,4.05,0
2002-02-12,4.05,4.05,4.05,4.05,0
2002-02-13,4.05,4.05,4.05,4.05,0
2002-02-14,4.05,4.05,4.05,4.05,0
2002-02-15,4.05,4.05,4.05,4.05,0
2002-02-18,4.11,4.11,3.97,3.99,11812388
2002-02-19,4.01,4.03,3.89,3.89,23537375
2002-02-20,3.93,3.93,3.75,3.79,16735877
2002-02-21,3.83,3.83,3.73,3.75,10930727
2002-02-22,3.75,3.75,3.69,3.71,7527161
2002-02-25,3.73,3.75,3.64,3.64,10098338
2002-02-26,3.67,3.71,3.58,3.58,10658598
2002-02-27,3.58,3.65,3.58,3.65,9711894
2002-02-28,3.65,3.65,3.65,3.65,0
2002-03-01,3.65,3.65,3.58,3.6,12076754
2002-03-04,3.65,3.73,3.64,3.71,18158586
2002-03-05,3.77,3.77,3.65,3.67,9887649
2002-03-06,3.67,3.77,3.65,3.75,15219653
2002-03-07,3.77,3.87,3.75,3.75,22583414
2002-03-08,3.79,3.81,3.73,3.73,11446480
2002-03-11,3.77,3.83,3.73,3.81,16107273
2002-03-12,3.87,3.99,3.83,3.85,28024073
2002-03-13,3.85,3.87,3.77,3.77,15889925
2002-03-14,3.77,3.83,3.73,3.75,11186820
2002-03-15,3.79,3.81,3.71,3.73,10485288
2002-03-18,3.77,3.77,3.67,3.67,12514761
2002-03-19,3.67,3.71,3.6,3.62,10379382
2002-03-20,3.62,3.67,3.6,3.67,7783650
2002-03-21,3.65,3.65,3.62,3.62,8265556
2002-03-22,3.62,3.71,3.62,3.67,22297667
2002-03-25,3.67,3.77,3.67,3.75,31497192
2002-03-26,3.75,3.75,3.69,3.69,15548715
2002-03-27,3.71,3.93,3.71,3.77,49592585
2002-03-28,3.85,3.85,3.73,3.79,20708749
2002-03-29,3.85,3.85,3.71,3.71,20011356
2002-04-01,3.67,3.71,3.65,3.67,11858602
2002-04-02,3.69,3.75,3.69,3.71,11935786
2002-04-03,3.73,3.85,3.67,3.83,22215523
2002-04-04,3.83,3.95,3.81,3.83,42395535
2002-04-05,3.83,3.83,3.83,3.83,0
2002-04-08,3.85,3.99,3.85,3.87,37498234
2002-04-09,3.89,3.91,3.69,3.69,21418852
2002-04-10,3.71,3.79,3.69,3.77,12711579
2002-04-11,3.79,3.83,3.75,3.77,19017081
2002-04-12,3.73,3.81,3.71,3.79,14826461
2002-04-15,3.79,3.85,3.77,3.79,17808875
2002-04-16,3.83,3.91,3.83,3.87,38978259
2002-04-17,3.93,4.05,3.91,4.01,79048977
2002-04-18,4.07,4.21,4.01,4.03,95170952
2002-04-19,4.31,4.31,4.27,4.31,69116347
2002-04-22,4.61,4.61,4.43,4.55,199231751
2002-04-23,4.47,4.55,4.33,4.35,71992623
2002-04-24,4.41,4.51,4.33,4.49,75606663
2002-04-25,4.47,4.67,4.19,4.31,148518461
2002-04-26,4.31,4.33,4.21,4.23,35677376
2002-04-29,4.23,4.29,4.17,4.21,32331655
2002-04-30,4.25,4.25,4.03,4.05,32525198
2002-05-01,4.05,4.05,4.05,4.05,0
2002-05-02,4.07,4.13,3.89,3.93,52164367
2002-05-03,3.93,4.07,3.85,4.07,38912087
2002-05-06,4.01,4.07,3.83,3.85,30699438
2002-05-07,3.81,3.93,3.77,3.81,32675787
2002-05-08,4.07,4.07,4.03,4.07,36538299
2002-05-09,4.17,4.17,4.03,4.05,53351995
2002-05-10,4.03,4.15,3.99,4.13,39448309
2002-05-13,4.13,4.21,4.11,4.13,37186428
2002-05-14,4.17,4.19,4.03,4.09,26372228
2002-05-15,4.13,4.25,4.09,4.17,45140704
2002-05-16,4.19,4.23,4.11,4.17,31465764
2002-05-17,4.21,4.23,4.11,4.11,26219333
2002-05-20,4.09,4.09,3.87,3.89,32027271
2002-05-21,3.89,3.97,3.85,3.89,20789627
2002-05-22,3.91,4.01,3.91,3.99,23146360
2002-05-23,3.99,4.05,3.97,3.99,18491531
2002-05-24,4.03,4.19,4.01,4.11,36086770
2002-05-27,4.01,4.29,4.01,4.23,48874754
2002-05-28,4.23,4.25,4.11,4.11,26186053
2002-05-29,4.07,4.15,4.07,4.11,12764450
2002-05-30,4.17,4.33,4.17,4.29,57537100
2002-05-31,4.27,4.27,4.15,4.25,26362586
2002-06-03,4.21,4.21,4.05,4.09,24019682
2002-06-04,4.03,4.13,4.03,4.11,11927061
2002-06-05,4.17,4.19,4.11,4.13,14315806
2002-06-06,4.17,4.19,4.13,4.13,11986394
2002-06-07,4.09,4.21,4.07,4.09,16670789
2002-06-10,4.09,4.17,4.09,4.17,11754676
2002-06-11,4.21,4.27,4.13,4.17,35491090
2002-06-12,4.17,4.21,4.13,4.19,16651298
2002-06-13,4.23,4.47,4.19,4.47,119080962
2002-06-14,4.57,4.77,4.53,4.59,219005585
2002-06-17,4.67,4.85,4.59,4.75,174316132
2002-06-18,4.77,4.83,4.59,4.65,108957488
2002-06-19,4.65,4.73,4.53,4.59,81458271
2002-06-20,4.65,4.89,4.51,4.89,111294871
2002-06-21,4.83,4.87,4.67,4.73,119227985
2002-06-24,4.77,4.81,4.65,4.71,42601221
2002-06-25,4.77,4.77,4.41,4.47,69448465
2002-06-26,4.37,4.45,4.27,4.33,40710660
2002-06-27,4.41,4.45,4.33,4.39,45595983
2002-06-28,4.45,4.53,4.43,4.51,41202097
2002-07-01,4.41,4.51,4.31,4.51,34857382
2002-07-02,4.47,4.61,4.47,4.61,48145998
2002-07-03,4.57,4.71,4.49,4.63,65564233
2002-07-04,4.61,4.63,4.49,4.63,41958586
2002-07-05,4.63,4.73,4.51,4.63,63087289
2002-07-08,4.59,4.65,4.51,4.63,51120025
2002-07-09,4.61,4.67,4.49,4.49,31967115
2002-07-10,4.49,4.55,4.37,4.37,29332624
2002-07-11,4.31,4.45,4.29,4.43,38203512
2002-07-12,4.45,4.59,4.43,4.53,55408208
2002-07-15,4.53,4.61,4.47,4.49,28569106
2002-07-16,4.51,4.55,4.45,4.45,25347654
2002-07-17,4.45,4.49,4.37,4.39,20088792
2002-07-18,4.41,4.47,4.39,4.41,19088539
2002-07-19,4.35,4.41,4.27,4.29,16786238
2002-07-22,4.25,4.25,3.99,3.99,51202021
2002-07-23,3.95,4.09,3.83,4.09,42224542
2002-07-24,5.0,5.0,4.81,4.86,36235272
2002-07-25,4.86,4.94,4.81,4.81,75831733
2002-07-26,4.76,4.84,4.68,4.7,39343687
2002-07-29,4.7,4.89,4.7,4.81,46327352
2002-07-30,4.94,5.13,4.89,5.13,88551465
2002-07-31,5.21,5.21,5.02,5.02,43379015
2002-08-01,5.02,5.24,5.02,5.1,51794101
2002-08-02,5.05,5.16,5.02,5.1,26329445
2002-08-05,4.81,4.92,4.76,4.76,35927958
2002-08-06,4.76,4.86,4.76,4.78,27383091
2002-08-07,4.92,4.97,4.86,4.94,30510926
2002-08-08,4.94,5.0,4.86,4.89,22690909
2002-08-09,4.97,5.16,4.94,5.08,40891997
2002-08-12,5.1,5.4,5.1,5.29,55537043
2002-08-13,5.26,5.26,5.08,5.1,26169003
2002-08-14,5.05,5.13,5.02,5.13,15674496
2002-08-15,5.21,5.21,5.08,5.13,21027704
2002-08-16,5.13,5.13,4.89,4.94,35573889
2002-08-19,4.94,4.97,4.86,4.92,8292105
2002-08-20,4.87,4.93,4.85,4.85,11861486
2002-08-21,4.85,4.87,4.74,4.74,13880973
2002-08-22,4.74,4.85,4.69,4.77,39627525
2002-08-23,4.77,4.77,4.77,4.77,0
2002-08-26,4.69,4.74,4.66,4.66,20642218
2002-08-27,4.66,4.77,4.64,4.72,21319638
2002-08-28,4.72,4.74,4.66,4.66,11297410
2002-08-29,4.72,4.72,4.61,4.64,10488214
2002-08-30,4.64,4.72,4.64,4.64,11727481
2002-09-02,4.66,4.66,4.32,4.32,35899360
2002-09-03,4.35,4.4,4.14,4.14,46717257
2002-09-04,4.01,4.22,4.01,4.14,24562020
2002-09-05,4.19,4.22,4.06,4.06,19131734
2002-09-06,4.06,4.06,4.06,4.06,0
2002-09-09,4.11,4.17,4.06,4.11,23847289
2002-09-10,4.14,4.27,4.11,4.27,25320571
2002-09-11,4.27,4.3,4.19,4.22,11981198
2002-09-12,4.19,4.32,4.19,4.22,17426043
2002-09-13,4.17,4.22,4.14,4.14,10498310
2002-09-16,4.17,4.19,4.06,4.06,17680993
2002-09-17,4.09,4.22,4.06,4.22,23212706
2002-09-18,4.14,4.17,4.06,4.06,12266085
2002-09-19,4.11,4.14,4.06,4.09,9129700
2002-09-20,4.06,4.09,3.96,4.01,13155511
2002-09-23,4.01,4.09,3.96,3.96,12591872
2002-09-24,3.92,4.14,3.89,4.14,62401499
2002-09-25,4.09,4.09,3.85,3.88,50318479
2002-09-26,3.88,3.93,3.82,3.92,61237116
2002-09-27,3.92,3.98,3.85,3.86,29330190
2002-09-30,3.82,3.82,3.65,3.82,24835053
2002-10-01,3.77,3.82,3.72,3.82,13737724
2002-10-02,3.82,3.88,3.8,3.8,31225915
2002-10-03,3.75,3.8,3.69,3.8,16300734
2002-10-04,3.76,3.96,3.76,3.9,47891805
2002-10-07,3.89,3.9,3.8,3.9,16044074
2002-10-08,3.88,3.93,3.85,3.9,20285369
2002-10-09,3.96,4.01,3.89,3.9,22494532
2002-10-10,3.9,3.9,3.9,3.9,0
2002-10-11,3.96,3.98,3.82,3.82,19831099
2002-10-14,3.85,3.88,3.8,3.82,12911346
2002-10-15,3.85,4.06,3.85,4.03,38205792
2002-10-16,4.09,4.19,3.96,4.03,46584938
2002-10-17,3.98,4.14,3.98,4.03,42015196
2002-10-18,4.11,4.27,4.11,4.24,70761026
2002-10-21,4.27,4.27,4.14,4.22,45395666
2002-10-22,4.19,4.32,4.14,4.14,56574197
2002-10-23,4.19,4.32,4.14,4.32,84905213
2002-10-24,4.38,4.4,4.22,4.27,58248993
2002-10-25,4.27,4.43,4.27,4.3,69553935
2002-10-28,4.38,4.56,4.35,4.43,84913219
2002-10-29,4.43,4.48,4.32,4.35,32440996
2002-10-30,4.32,4.38,4.11,4.11,63265693
2002-10-31,4.11,4.14,4.06,4.11,47256689
2002-11-01,4.14,4.27,4.14,4.14,81042512
2002-11-04,4.24,4.43,4.19,4.4,174137714
2002-11-05,4.4,4.4,4.3,4.3,48698473
2002-11-06,4.32,4.43,4.3,4.32,106185241
2002-11-07,4.38,4.51,4.35,4.43,121373025
2002-11-08,4.43,4.66,4.43,4.66,210236015
2002-11-11,4.66,4.69,4.48,4.48,94586277
2002-11-12,4.48,4.53,4.4,4.48,109776743
2002-11-13,4.53,4.58,4.45,4.45,89947816
2002-11-14,4.51,4.64,4.48,4.58,137110360
2002-11-15,4.66,4.9,4.66,4.87,232753813
2002-11-18,4.87,4.9,4.72,4.72,140902347
2002-11-19,4.61,4.64,4.4,4.4,137933470
2002-11-20,4.45,4.51,4.32,4.43,99913810
2002-11-21,4.48,4.48,4.27,4.27,76443546
2002-11-22,4.35,4.45,4.32,4.38,81756822
2002-11-25,4.35,4.35,4.27,4.35,35378406
2002-11-26,4.32,4.4,4.27,4.27,57355100
2002-11-27,4.27,4.32,4.24,4.27,43599173
2002-11-28,4.32,4.35,4.19,4.19,53730336
2002-11-29,4.22,4.27,4.17,4.22,34879555
2002-12-02,4.22,4.22,4.22,4.22,0
2002-12-03,4.11,4.24,4.09,4.22,52467513
2002-12-04,4.19,4.19,4.11,4.14,33194708
2002-12-05,4.14,4.27,4.14,4.17,38283604
2002-12-06,4.19,4.22,4.14,4.14,30168091
2002-12-09,4.22,4.38,4.19,4.27,75509687
2002-12-10,4.24,4.3,4.19,4.3,50191290
2002-12-11,4.32,4.51,4.24,4.24,132596005
2002-12-12,4.27,4.3,4.19,4.27,55862053
2002-12-13,4.27,4.27,4.09,4.11,42699328
2002-12-16,4.09,4.17,4.09,4.14,28716846
2002-12-17,4.17,4.27,4.14,4.17,78036309
2002-12-18,4.19,4.22,4.11,4.22,52038208
2002-12-19,4.19,4.35,4.19,4.35,115869826
2002-12-20,4.35,4.53,4.32,4.32,209985011
2002-12-23,4.4,4.56,4.4,4.56,182778186
2002-12-24,4.58,4.64,4.45,4.51,144416334
2002-12-25,4.48,4.53,4.35,4.38,77720226
2002-12-26,4.38,4.51,4.35,4.48,93655161
2002-12-27,4.48,4.58,4.45,4.53,137284658
2002-12-30,4.51,4.56,4.4,4.4,90830321
2002-12-31,4.43,4.45,4.35,4.4,72227445
2003-01-01,4.4,4.4,4.4,4.4,0
2003-01-02,4.38,4.69,4.35,4.66,199955736
2003-01-03,4.72,4.74,4.58,4.58,157206608
2003-01-06,4.61,4.66,4.56,4.61,112467704
2003-01-07,4.66,4.74,4.61,4.61,151245732
2003-01-08,4.61,4.85,4.61,4.77,184550227
2003-01-09,4.77,4.79,4.53,4.66,172376461
2003-01-10,4.66,4.69,4.58,4.61,86790466
2003-01-13,4.61,4.69,4.58,4.64,75873390
2003-01-14,4.66,4.72,4.56,4.58,107086776
2003-01-15,4.61,4.61,4.53,4.56,72402539
2003-01-16,4.58,4.74,4.58,4.64,164365896
2003-01-17,4.74,4.74,4.58,4.58,74190146
2003-01-20,4.58,4.69,4.58,4.66,42846991
2003-01-21,4.69,4.82,4.66,4.66,196307751
2003-01-22,4.72,4.98,4.72,4.98,237887486
2003-01-23,5.08,5.24,5.03,5.19,444949848
2003-01-24,5.24,5.34,5.13,5.21,281255805
2003-01-27,5.27,5.4,5.16,5.32,231583182
2003-01-28,5.32,5.58,5.21,5.55,197949993
2003-01-29,5.55,5.55,5.55,5.55,0
2003-01-30,5.55,5.55,5.55,5.55,0
2003-01-31,5.55,5.55,5.55,5.55,0
2003-02-03,5.55,5.55,5.55,5.55,0
2003-02-04,5.55,5.55,5.55,5.55,0
2003-02-05,5.55,5.55,5.55,5.55,0
2003-02-06,5.53,5.58,5.19,5.21,197991609
2003-02-07,5.27,5.32,4.93,5.03,186304864
2003-02-10,4.98,5.03,4.79,4.79,114564512
2003-02-11,4.85,4.9,4.77,4.82,90134859
2003-02-12,4.77,4.93,4.77,4.82,66863385
2003-02-13,4.79,4.82,4.58,4.58,96561864
2003-02-14,4.64,4.66,4.51,4.56,77474957
2003-02-17,4.69,4.79,4.66,4.79,82662961
2003-02-18,4.72,4.74,4.61,4.61,40259762
2003-02-19,4.66,4.69,4.56,4.61,42583106
2003-02-20,4.61,4.66,4.48,4.53,55176136
2003-02-21,4.53,4.58,4.48,4.51,31455768
2003-02-24,4.56,4.58,4.51,4.58,29943553
2003-02-25,4.56,4.56,4.4,4.4,45482678
2003-02-26,4.43,4.48,4.38,4.43,37715786
2003-02-27,4.4,4.48,4.32,4.43,41856860
2003-02-28,4.43,4.43,4.43,4.43,0
2003-03-03,4.48,4.53,4.45,4.51,29361939
2003-03-04,4.45,4.51,4.43,4.45,23617907
2003-03-05,4.43,4.45,4.38,4.4,24711615
2003-03-06,4.4,4.45,4.35,4.38,21813547
2003-03-07,4.35,4.38,4.27,4.3,32992360
2003-03-10,4.3,4.35,4.27,4.32,19130010
2003-03-11,4.3,4.3,4.14,4.14,53121211
2003-03-12,4.14,4.27,4.11,4.27,31089447
2003-03-13,4.22,4.32,4.19,4.3,23179284
2003-03-14,4.43,4.45,4.35,4.35,52052296
2003-03-17,4.32,4.35,4.22,4.22,21234124
2003-03-18,4.35,4.43,4.32,4.35,28692204
2003-03-19,4.35,4.35,4.24,4.24,20668594
2003-03-20,4.32,4.35,4.24,4.32,35192283
2003-03-21,4.3,4.4,4.27,4.32,29228172
2003-03-24,4.38,4.38,4.27,4.3,17579136
2003-03-25,4.24,4.24,4.19,4.22,15078540
2003-03-26,4.27,4.27,4.19,4.22,16650414
2003-03-27,4.19,4.27,4.19,4.24,11821545
2003-03-28,4.24,4.27,4.19,4.22,20941305
2003-03-31,4.19,4.19,4.06,4.09,43012764
2003-04-01,4.06,4.11,4.03,4.09,18455531
2003-04-02,4.11,4.11,4.06,4.06,14128508
2003-04-03,4.06,4.14,4.06,4.06,16818669
2003-04-04,4.06,4.27,4.06,4.27,45108612
2003-04-07,4.27,4.35,4.22,4.32,39037021
2003-04-08,4.32,4.45,4.3,4.45,71346963
2003-04-09,4.4,4.48,4.38,4.43,50859952
2003-04-10,4.43,4.51,4.4,4.4,35950991
2003-04-11,4.43,4.53,4.43,4.43,44290490
2003-04-14,4.48,4.51,4.4,4.43,47292823
2003-04-15,4.48,4.53,4.45,4.45,30549651
2003-04-16,4.51,4.58,4.48,4.53,49582803
2003-04-17,4.53,4.58,4.48,4.48,23381279
2003-04-18,4.53,4.61,4.53,4.58,50386392
2003-04-21,4.61,4.64,4.58,4.61,30610088
2003-04-22,4.61,4.61,4.45,4.45,35568066
2003-04-23,4.48,4.51,4.35,4.43,47598958
2003-04-24,4.38,4.38,4.14,4.17,75337016
2003-04-25,4.09,4.22,4.06,4.06,85841183
2003-04-28,4.06,4.19,4.01,4.14,60022114
2003-04-29,4.19,4.19,4.06,4.14,43020519
2003-04-30,4.14,4.14,4.03,4.06,34160897
2003-05-01,4.06,4.06,4.06,4.06,0
2003-05-02,4.06,4.17,4.06,4.14,28215978
2003-05-05,4.14,4.14,4.06,4.11,19280425
2003-05-06,4.11,4.19,4.11,4.14,36756186
2003-05-07,4.17,4.19,4.14,4.17,33096158
2003-05-08,4.17,4.17,4.06,4.09,21665702
2003-05-09,4.09,4.17,4.06,4.11,22684481
2003-05-12,4.11,4.14,4.09,4.09,26626483
2003-05-13,4.14,4.24,4.14,4.19,61374587
2003-05-14,4.19,4.22,4.17,4.19,27869827
2003-05-15,4.19,4.19,4.09,4.14,38230904
2003-05-16,4.17,4.17,4.06,4.06,39328661
2003-05-19,4.06,4.09,4.03,4.06,19343658
2003-05-20,4.03,4.11,4.01,4.09,18396906
2003-05-21,4.09,4.09,4.03,4.06,13484666
2003-05-22,4.06,4.11,4.03,4.11,19217863
2003-05-23,4.14,4.19,4.09,4.17,31054551
2003-05-26,4.19,4.24,4.19,4.24,32269569
2003-05-27,4.24,4.27,4.19,4.22,21608262
2003-05-28,4.27,4.3,4.19,4.22,33333782
2003-05-29,4.24,4.3,4.19,4.3,35196305
2003-05-30,4.27,4.35,4.22,4.22,49737446
2003-06-02,4.3,4.38,4.27,4.32,60136749
2003-06-03,4.32,4.38,4.3,4.32,38345497
2003-06-04,4.32,4.32,4.32,4.32,0
2003-06-05,4.38,4.45,4.35,4.38,53676234
2003-06-06,4.4,4.4,4.32,4.35,31719184
2003-06-09,4.35,4.38,4.3,4.38,48401374
2003-06-10,4.38,4.43,4.32,4.32,39572216
2003-06-11,4.35,4.4,4.32,4.32,47601229
2003-06-12,4.35,4.4,4.32,4.38,38263469
2003-06-13,4.4,4.43,4.35,4.38,38747984
2003-06-16,4.38,4.4,4.35,4.35,32919330
2003-06-17,4.4,4.45,4.4,4.45,64154166
2003-06-18,4.48,4.51,4.4,4.4,69272331
2003-06-19,4.43,4.45,4.38,4.38,41819877
2003-06-20,4.4,4.51,4.4,4.43,75169665
2003-06-23,4.48,4.51,4.38,4.38,42661931
2003-06-24,4.38,4.43,4.32,4.35,28416316
2003-06-25,4.35,4.4,4.32,4.35,30896522
2003-06-26,4.35,4.38,4.32,4.32,20191121
2003-06-27,4.38,4.38,4.27,4.32,31853713
2003-06-30,4.32,4.35,4.27,4.27,20888933
2003-07-01,4.3,4.38,4.3,4.38,22062552
2003-07-02,4.4,4.45,4.38,4.43,44654686
2003-07-03,4.48,4.56,4.4,4.48,107980954
2003-07-04,4.51,4.51,4.4,4.4,35414609
2003-07-07,4.48,4.66,4.48,4.66,109864859
2003-07-08,4.66,4.69,4.56,4.56,80672983
2003-07-09,4.61,4.69,4.58,4.61,65364021
2003-07-10,4.66,4.69,4.53,4.53,48584950
2003-07-11,4.48,4.48,4.32,4.35,55040187
2003-07-14,4.4,4.45,4.35,4.43,32298387
2003-07-15,4.48,4.53,4.43,4.43,36096821
2003-07-16,4.43,4.48,4.4,4.45,28992378
2003-07-17,4.43,4.45,4.38,4.38,33198604
2003-07-18,4.4,4.43,4.38,4.38,24747484
2003-07-21,4.4,4.43,4.35,4.35,17673823
2003-07-22,4.35,4.4,4.35,4.38,27028345
2003-07-23,4.4,4.43,4.38,4.38,22068733
2003-07-24,4.4,4.48,4.38,4.45,39206972
2003-07-25,4.48,4.51,4.43,4.45,36405192
2003-07-28,4.51,4.51,4.45,4.45,44667128
2003-07-29,4.48,4.51,4.4,4.4,30604492
2003-07-30,4.4,4.43,4.35,4.35,38446224
2003-07-31,4.35,4.35,4.3,4.32,33004900
2003-08-01,4.32,4.35,4.3,4.32,51502568
2003-08-04,4.56,4.59,4.53,4.56,24503438
2003-08-05,4.56,4.59,4.47,4.47,20882020
2003-08-06,4.47,4.5,4.44,4.47,18876845
2003-08-07,4.5,4.53,4.44,4.5,18886244
2003-08-08,4.53,4.56,4.44,4.53,20700668
2003-08-11,4.53,4.53,4.44,4.44,13239456
2003-08-12,4.5,4.5,4.44,4.5,10208737
2003-08-13,4.53,4.65,4.5,4.65,47016828
2003-08-14,4.65,4.73,4.59,4.65,41801269
2003-08-15,4.65,4.7,4.59,4.65,26753913
2003-08-18,4.68,4.76,4.65,4.76,42419527
2003-08-19,4.76,4.76,4.7,4.73,23290062
2003-08-20,4.76,4.82,4.7,4.7,22389873
2003-08-21,4.7,4.73,4.65,4.68,33821506
2003-08-22,4.68,4.88,4.65,4.79,76769862
2003-08-25,4.85,4.88,4.76,4.76,45299310
2003-08-26,4.79,4.79,4.7,4.76,28477033
2003-08-27,4.76,4.91,4.73,4.79,62234102
2003-08-28,4.85,4.91,4.76,4.76,54042805
2003-08-29,4.79,4.85,4.76,4.82,25824817
2003-09-01,4.88,4.97,4.88,4.91,64640111
2003-09-02,4.91,5.05,4.91,5.05,97172251
2003-09-03,5.05,5.14,4.99,4.99,111984393
2003-09-04,4.99,5.2,4.99,4.99,153870637
2003-09-05,4.99,4.99,4.88,4.91,63582355
2003-09-08,4.91,5.02,4.82,4.97,72912547
2003-09-09,5.02,5.14,4.99,4.99,94926245
2003-09-10,4.97,4.99,4.85,4.91,47896615
2003-09-11,4.91,4.91,4.91,4.91,0
2003-09-12,4.91,4.94,4.85,4.88,29362791
2003-09-15,4.91,4.94,4.85,4.85,27864124
2003-09-16,4.88,4.99,4.88,4.99,36435441
2003-09-17,5.05,5.05,4.97,4.99,50551031
2003-09-18,5.05,5.14,5.02,5.08,89013445
2003-09-19,5.08,5.17,5.02,5.05,79713554
2003-09-22,5.05,5.31,5.02,5.23,189667030
2003-09-23,5.23,5.26,5.17,5.2,54347556
2003-09-24,5.2,5.29,5.17,5.26,96784859
2003-09-25,5.17,5.29,5.14,5.26,106356690
2003-09-26,5.26,5.26,5.14,5.14,56950105
2003-09-29,5.14,5.14,5.08,5.14,44797711
2003-09-30,5.14,5.14,5.05,5.05,36161062
2003-10-01,5.02,5.05,4.99,5.02,28118021
2003-10-02,5.02,5.23,5.02,5.23,68949218
2003-10-03,5.23,5.29,5.2,5.2,74446870
2003-10-06,5.29,5.55,5.29,5.55,261023060
2003-10-07,5.55,5.6,5.49,5.55,175355477
2003-10-08,5.55,5.63,5.49,5.55,127698259
2003-10-09,5.55,5.81,5.55,5.69,233554181
2003-10-10,5.69,5.69,5.69,5.69,0
2003-10-13,5.69,5.98,5.66,5.95,218159940
2003-10-14,5.95,5.95,5.81,5.81,146391054
2003-10-15,5.81,5.87,5.72,5.72,107157922
2003-10-16,5.72,5.87,5.69,5.87,102604324
2003-10-17,5.87,6.01,5.81,5.87,137990486
2003-10-20,5.95,6.13,5.92,6.1,220143407
2003-10-21,6.1,6.16,5.98,6.1,109443161
2003-10-22,6.13,6.21,6.01,6.01,141138036
2003-10-23,5.92,5.95,5.81,5.81,118933744
2003-10-24,5.87,5.92,5.81,5.84,57776338
2003-10-27,5.84,5.87,5.78,5.84,51032331
2003-10-28,5.9,6.19,5.9,6.07,174388857
2003-10-29,6.19,6.3,6.13,6.16,214891914
2003-10-30,6.1,6.13,6.01,6.07,85036599
2003-10-31,6.1,6.19,6.01,6.1,80253779
2003-11-03,6.1,6.21,5.98,6.21,68483842
2003-11-04,6.21,6.24,6.1,6.1,73182120
2003-11-05,6.1,6.16,6.04,6.07,58050033
2003-11-06,6.07,6.1,5.66,5.72,168237187
2003-11-07,5.75,5.78,5.63,5.72,100127001
2003-11-10,5.69,5.75,5.6,5.69,70457953
2003-11-11,5.63,5.72,5.6,5.69,73728379
2003-11-12,5.69,5.72,5.58,5.58,61476198
2003-11-13,5.66,5.75,5.6,5.75,88002006
2003-11-14,5.72,5.78,5.63,5.75,74222733
2003-11-17,5.69,5.72,5.63,5.72,33272545
2003-11-18,5.69,5.72,5.63,5.69,43707462
2003-11-19,5.69,5.72,5.6,5.6,42041147
2003-11-20,5.63,5.72,5.63,5.66,45751070
2003-11-21,5.63,5.69,5.6,5.66,42721001
2003-11-24,5.69,5.81,5.66,5.75,69335379
2003-11-25,5.84,5.98,5.81,5.84,120084147
2003-11-26,5.87,5.92,5.81,5.9,55158194
2003-11-27,5.9,5.92,5.81,5.81,67402877
2003-11-28,5.87,5.92,5.81,5.81,41729391
2003-12-01,5.81,5.92,5.81,5.92,54307524
2003-12-02,5.95,5.98,5.9,5.95,50314396
2003-12-03,5.92,5.95,5.81,5.81,33342047
2003-12-04,5.81,5.87,5.81,5.84,25896796
2003-12-05,5.87,5.9,5.84,5.9,27187915
2003-12-08,5.87,5.9,5.84,5.84,16375035
2003-12-09,5.9,6.01,5.84,5.98,81689632
2003-12-10,5.98,6.04,5.92,5.98,52597280
2003-12-11,6.01,6.13,5.98,6.01,111797903
2003-12-12,6.04,6.07,5.9,5.9,65100324
2003-12-15,5.95,6.04,5.92,6.04,47806067
2003-12-16,6.01,6.07,5.98,6.04,44017898
2003-12-17,6.1,6.1,5.84,5.98,98794677
2003-12-18,5.95,6.04,5.92,5.98,50020553
2003-12-19,6.04,6.04,5.9,5.9,32849427
2003-12-22,5.92,6.04,5.92,6.01,34824211
2003-12-23,6.01,6.04,5.98,5.98,21229727
2003-12-24,5.98,6.07,5.95,6.01,31716684
2003-12-25,6.01,6.1,6.01,6.04,29357016
2003-12-26,6.04,6.07,5.98,6.01,18631711
2003-12-29,6.01,6.01,5.87,5.9,36416551
2003-12-30,5.92,5.95,5.87,5.9,49354466
2003-12-31,5.92,6.01,5.9,5.92,26981648
2004-01-01,5.92,5.92,5.92,5.92,0
2004-01-02,5.98,6.19,5.98,6.19,117051319
2004-01-05,6.24,6.3,6.16,6.21,131603727
2004-01-06,6.24,6.3,6.16,6.24,80704375
2004-01-07,6.27,6.45,6.21,6.24,152012718
2004-01-08,6.27,6.33,6.21,6.24,66535458
2004-01-09,6.3,6.36,6.19,6.19,78083306
2004-01-12,6.16,6.24,6.16,6.21,49145910
2004-01-13,6.24,6.3,6.24,6.3,47545769
2004-01-14,6.3,6.48,6.3,6.39,121404489
2004-01-15,6.42,6.48,6.36,6.42,94498899
2004-01-16,6.5,6.56,6.48,6.5,112617776
2004-01-19,6.5,6.5,6.5,6.5,0
2004-01-20,6.5,6.5,6.5,6.5,0
2004-01-21,6.5,6.5,6.5,6.5,0
2004-01-22,6.5,6.5,6.5,6.5,0
2004-01-23,6.5,6.5,6.5,6.5,0
2004-01-26,6.5,6.5,6.5,6.5,0
2004-01-27,6.59,6.71,6.53,6.59,118958570
2004-01-28,6.53,6.59,6.42,6.42,79380777
2004-01-29,6.39,6.39,6.24,6.27,118057971
2004-01-30,6.27,6.39,6.27,6.33,60838167
2004-02-02,6.33,6.33,6.21,6.24,52405525
2004-02-03,6.19,6.24,6.07,6.24,72863983
2004-02-04,6.24,6.3,6.13,6.16,51642036
2004-02-05,6.19,6.42,6.19,6.3,129790437
2004-02-06,6.36,6.45,6.3,6.42,73791178
2004-02-09,6.5,6.53,6.45,6.53,93391260
2004-02-10,6.56,6.59,6.45,6.56,76209199
2004-02-11,6.59,6.74,6.5,6.59,164190093
2004-02-12,6.71,6.91,6.5,6.53,270809594
2004-02-13,6.59,6.97,6.59,6.94,279782257
2004-02-16,6.94,6.97,6.8,6.94,186094516
2004-02-17,7.03,7.09,6.91,7.0,177425545
2004-02-18,6.94,7.0,6.77,6.77,142185996
2004-02-19,6.77,6.97,6.74,6.88,110632469
2004-02-20,6.88,6.91,6.77,6.77,67977619
2004-02-23,6.82,7.03,6.82,7.03,140631257
2004-02-24,7.03,7.09,6.91,6.94,98190987
2004-02-25,6.94,6.97,6.85,6.91,51591761
2004-02-26,6.97,7.03,6.88,6.94,86826842
2004-02-27,6.97,7.06,6.91,7.06,109127806
2004-03-01,7.14,7.41,7.14,7.41,270462832
2004-03-02,7.49,7.52,7.26,7.41,142456426
2004-03-03,7.41,7.43,7.29,7.32,104093952
2004-03-04,7.32,7.49,7.29,7.41,141298244
2004-03-05,7.41,7.43,7.06,7.09,141768410
2004-03-08,7.2,7.2,7.0,7.0,100614173
2004-03-09,7.06,7.23,7.03,7.23,86095934
2004-03-10,7.29,7.35,7.17,7.2,117165707
2004-03-11,7.14,7.23,7.09,7.2,77231367
2004-03-12,7.09,7.17,7.03,7.11,80162155
2004-03-15,7.2,7.2,6.62,6.65,136094812
2004-03-16,6.56,6.68,6.48,6.5,134021731
2004-03-17,6.59,6.62,6.42,6.42,88595314
2004-03-18,6.45,6.68,6.42,6.62,115767155
2004-03-19,6.62,6.65,6.48,6.48,100677162
2004-03-22,6.04,6.19,6.04,6.04,235316651
2004-03-23,6.1,6.42,5.98,6.21,243664562
2004-03-24,6.36,6.42,6.24,6.39,119380288
2004-03-25,6.39,6.45,6.3,6.39,102124781
2004-03-26,6.42,6.45,6.27,6.27,56436140
2004-03-29,6.62,6.68,6.45,6.65,109959439
2004-03-30,6.62,6.65,6.53,6.56,80418808
2004-03-31,6.59,6.71,6.53,6.56,97506129
2004-04-01,6.56,6.59,6.45,6.45,51985410
2004-04-02,6.48,6.56,6.45,6.5,40942837
2004-04-05,6.59,6.65,6.5,6.62,55893486
2004-04-06,6.62,6.71,6.56,6.56,48959117
2004-04-07,6.59,6.62,6.53,6.56,28551923
2004-04-08,6.56,6.68,6.56,6.62,64264214
2004-04-09,6.62,6.62,6.53,6.53,38107400
2004-04-12,6.65,6.85,6.62,6.77,106306605
2004-04-13,6.8,7.03,6.77,6.88,139737294
2004-04-14,6.82,6.88,6.77,6.82,47870184
2004-04-15,6.85,6.91,6.62,6.62,77082570
2004-04-16,6.62,6.77,6.62,6.71,60520911
2004-04-19,6.74,6.8,6.62,6.62,55486686
2004-04-20,6.68,6.77,6.62,6.62,72366149
2004-04-21,6.74,6.91,6.71,6.82,121913633
2004-04-22,6.88,6.88,6.65,6.65,92901198
2004-04-23,6.68,6.74,6.59,6.68,54452262
2004-04-26,6.74,6.8,6.68,6.68,37012706
2004-04-27,6.74,6.74,6.62,6.74,49463257
2004-04-28,6.74,6.8,6.68,6.77,64852391
2004-04-29,6.71,6.71,6.48,6.48,86085690
2004-04-30,6.45,6.48,6.04,6.48,120521417
2004-05-03,6.45,6.45,6.27,6.33,46961600
2004-05-04,6.45,6.53,6.36,6.48,78720536
2004-05-05,6.48,6.48,6.1,6.13,84492518
2004-05-06,6.3,6.48,6.19,6.33,70154683
2004-05-07,6.33,6.48,6.3,6.42,43709150
2004-05-10,6.33,6.36,6.24,6.24,32106110
2004-05-11,6.27,6.36,6.1,6.21,51573444
2004-05-12,6.3,6.33,6.24,6.24,25705465
2004-05-13,6.24,6.33,6.21,6.3,43949788
2004-05-14,6.36,6.39,6.27,6.33,36387720
2004-05-17,6.24,6.24,5.95,5.95,56780622
2004-05-18,5.98,6.13,5.98,6.01,42441512
2004-05-19,6.16,6.42,6.13,6.42,77034309
2004-05-20,6.33,6.59,6.24,6.45,163434551
2004-05-21,6.45,6.53,6.39,6.45,67203414
2004-05-24,6.42,6.45,6.33,6.36,32957398
2004-05-25,6.36,6.48,6.33,6.33,33868168
2004-05-26,6.45,6.5,6.36,6.36,41089345
2004-05-27,6.39,6.42,6.33,6.36,26395028
2004-05-28,6.45,6.48,6.36,6.48,41597022
2004-05-31,6.45,6.45,6.36,6.36,33221252
2004-06-01,6.36,6.42,6.27,6.36,22071375
2004-06-02,6.3,6.36,6.27,6.27,22754832
2004-06-03,6.3,6.36,5.98,5.98,50104864
2004-06-04,6.01,6.07,5.95,6.04,37469611
2004-06-07,6.13,6.45,6.1,6.45,85762123
2004-06-08,6.62,6.68,6.45,6.62,114446379
2004-06-09,6.62,6.68,6.56,6.62,38960555
2004-06-10,6.53,6.62,6.45,6.5,33587977
2004-06-11,6.48,6.56,6.42,6.45,61262658
2004-06-14,6.53,6.56,6.16,6.19,45961948
2004-06-15,6.19,6.39,6.04,6.39,45041201
2004-06-16,6.39,6.45,6.1,6.19,41311612
2004-06-17,6.1,6.3,6.1,6.16,46633965
2004-06-18,6.16,6.21,6.07,6.07,25845296
2004-06-21,6.24,6.24,6.13,6.16,24273526
2004-06-22,6.16,6.16,6.16,6.16,0
2004-06-23,6.21,6.56,6.19,6.5,65859039
2004-06-24,6.53,6.53,6.45,6.5,39984429
2004-06-25,6.48,6.56,6.45,6.5,35277436
2004-06-28,6.45,6.5,6.27,6.33,30544335
2004-06-29,6.27,6.39,6.19,6.39,25080106
2004-06-30,6.39,6.5,6.36,6.45,27178040
2004-07-01,6.45,6.5,6.39,6.39,13879533
2004-07-02,6.33,6.36,6.27,6.3,18013849
2004-07-05,6.27,6.33,6.21,6.27,14315501
2004-07-06,6.36,6.39,6.3,6.39,16425328
2004-07-07,6.36,6.5,6.3,6.48,35143736
2004-07-08,6.48,6.5,6.42,6.45,21873881
2004-07-09,6.45,6.5,6.42,6.48,21061453
2004-07-12,6.53,6.53,6.45,6.45,16750358
2004-07-13,6.45,6.56,6.45,6.45,86821216
2004-07-14,6.48,6.5,6.33,6.33,23946220
2004-07-15,6.33,6.39,6.24,6.3,30446501
2004-07-16,6.24,6.33,6.24,6.24,15680772
2004-07-19,6.24,6.33,6.24,6.33,17440485
2004-07-20,6.33,6.36,6.04,6.13,37340857
2004-07-21,6.24,6.24,6.1,6.13,27873390
2004-07-22,6.04,6.16,6.04,6.13,27544438
2004-07-23,6.07,6.13,6.04,6.07,23887142
2004-07-26,6.04,6.07,5.92,6.01,24592993
2004-07-27,6.01,6.19,5.95,6.13,34096396
2004-07-28,6.19,6.19,6.1,6.13,22828475
2004-07-29,6.13,6.19,6.1,6.19,28442951
2004-07-30,6.19,6.21,6.16,6.16,25795628
2004-08-02,6.1,6.13,5.98,6.01,25008431
2004-08-03,6.01,6.07,5.98,5.98,52433616
2004-08-04,5.99,6.02,5.9,5.9,32620527
2004-08-05,5.9,5.96,5.71,5.93,49808017
2004-08-06,5.81,5.93,5.81,5.84,16745170
2004-08-09,5.81,5.87,5.71,5.84,14842513
2004-08-10,5.84,5.99,5.81,5.87,30208128
2004-08-11,5.9,5.96,5.81,5.81,21225287
2004-08-12,5.81,5.87,5.77,5.84,27072477
2004-08-13,5.84,5.9,5.77,5.84,26268250
2004-08-16,5.87,5.87,5.81,5.84,24159076
2004-08-17,5.87,5.87,5.81,5.81,13852482
2004-08-18,5.81,5.93,5.74,5.9,27308133
2004-08-19,5.93,6.09,5.93,6.06,46909307
2004-08-20,6.06,6.18,6.02,6.09,41727818
2004-08-23,6.12,6.12,6.02,6.02,17926320
2004-08-24,6.02,6.02,6.02,6.02,0
2004-08-25,6.02,6.02,6.02,6.02,0
2004-08-26,6.15,6.43,6.15,6.37,92913434
2004-08-27,6.37,6.43,6.31,6.43,39460275
2004-08-30,6.37,6.46,6.34,6.46,29650244
2004-08-31,6.43,6.53,6.37,6.46,52056495
2004-09-01,6.5,6.62,6.5,6.62,51028537
2004-09-02,6.65,6.68,6.62,6.65,52704421
2004-09-03,6.68,6.78,6.62,6.62,69463889
2004-09-06,6.62,6.72,6.59,6.68,43958482
2004-09-07,6.68,6.81,6.68,6.75,39681427
2004-09-08,6.75,6.84,6.68,6.75,38756160
2004-09-09,6.78,6.87,6.68,6.87,47617987
2004-09-10,6.81,6.84,6.72,6.75,24749057
2004-09-13,6.75,6.81,6.75,6.78,28428703
2004-09-14,6.84,6.87,6.75,6.81,24003910
2004-09-15,6.78,6.81,6.68,6.72,21446727
2004-09-16,6.59,6.65,6.56,6.59,56688375
2004-09-17,6.59,6.59,6.37,6.4,48305288
2004-09-20,6.4,6.53,6.37,6.43,23140204
2004-09-21,6.46,6.65,6.46,6.65,39189231
2004-09-22,6.65,6.68,6.59,6.65,17380738
2004-09-23,6.59,6.62,6.53,6.62,21170475
2004-09-24,6.62,6.62,6.46,6.53,27504411
2004-09-27,6.53,6.62,6.5,6.62,26731580
2004-09-28,6.62,6.62,6.62,6.62,0
2004-09-29,6.62,6.68,6.59,6.65,52337781
2004-09-30,6.72,6.78,6.68,6.72,48058469
2004-10-01,6.78,6.84,6.75,6.84,36622638
2004-10-04,6.9,7.0,6.9,6.97,85714972
2004-10-05,7.0,7.03,6.93,7.0,68020883
2004-10-06,7.0,7.06,6.93,6.93,69270075
2004-10-07,6.97,7.06,6.97,7.06,83040017
2004-10-08,7.06,7.12,7.0,7.09,61488401
2004-10-11,7.06,7.06,6.93,7.0,35878831
2004-10-12,6.97,6.97,6.84,6.84,41243017
2004-10-13,6.87,6.9,6.84,6.87,26472310
2004-10-14,6.84,6.84,6.72,6.75,42448359
2004-10-15,6.75,6.81,6.68,6.78,35605660
2004-10-18,6.84,6.84,6.75,6.81,18062728
2004-10-19,6.84,6.93,6.81,6.84,48041302
2004-10-20,6.84,6.93,6.84,6.9,32974156
2004-10-21,6.9,7.12,6.87,6.93,104965296
2004-10-22,6.97,7.0,6.87,6.93,25499272
2004-10-25,6.93,6.93,6.93,6.93,0
2004-10-26,6.9,6.9,6.81,6.81,35935640
2004-10-27,6.84,6.9,6.78,6.9,34114277
2004-10-28,6.97,6.97,6.84,6.93,40133836
2004-10-29,6.97,7.03,6.93,7.0,44936009
2004-11-01,7.03,7.06,6.93,7.0,28939159
2004-11-02,7.0,7.09,6.93,7.06,44610149
2004-11-03,7.03,7.09,7.0,7.09,43354233
2004-11-04,7.09,7.15,7.06,7.09,59044947
2004-11-05,7.15,7.19,7.09,7.15,98619847
2004-11-08,7.19,7.25,7.15,7.19,77356500
2004-11-09,7.19,7.19,7.09,7.15,31162390
2004-11-10,7.15,7.19,7.09,7.15,47526099
2004-11-11,7.15,7.15,7.03,7.03,30446619
2004-11-12,7.06,7.15,7.06,7.15,42088401
2004-11-15,7.15,7.15,7.0,7.03,37633768
2004-11-16,7.03,7.09,7.03,7.09,29066509
2004-11-17,7.09,7.15,7.06,7.15,40562693
2004-11-18,7.19,7.19,7.06,7.12,40057064
2004-11-19,7.12,7.15,7.06,7.12,38853465
2004-11-22,7.06,7.09,6.84,6.84,51583726
2004-11-23,6.84,6.93,6.78,6.81,41242542
2004-11-24,6.81,6.84,6.75,6.81,45502502
2004-11-25,6.84,6.84,6.75,6.78,28245514
2004-11-26,6.78,6.87,6.59,6.59,39899105
2004-11-29,6.59,6.65,6.53,6.56,35846978
2004-11-30,6.56,6.59,6.46,6.59,52894438
2004-12-01,6.53,6.56,6.43,6.53,47621491
2004-12-02,6.59,6.65,6.56,6.65,57675482
2004-12-03,6.65,6.68,6.62,6.65,32800008
2004-12-06,6.59,6.75,6.59,6.62,44449181
2004-12-07,6.62,6.72,6.62,6.68,36716791
2004-12-08,6.68,6.75,6.65,6.72,29098827
2004-12-09,6.72,6.78,6.72,6.75,34294728
2004-12-10,6.75,6.78,6.65,6.75,44639632
2004-12-13,6.65,6.75,6.46,6.56,44843047
2004-12-14,6.59,6.62,6.46,6.53,33768420
2004-12-15,6.56,6.62,6.5,6.62,27289340
2004-12-16,6.65,6.68,6.59,6.65,20858032
2004-12-17,6.68,6.72,6.62,6.72,17244974
2004-12-20,6.56,6.68,6.56,6.68,21735554
2004-12-21,6.68,6.68,6.62,6.62,12172080
2004-12-22,6.65,6.72,6.62,6.68,22424878
2004-12-23,6.68,6.72,6.65,6.68,19684894
2004-12-24,6.68,6.75,6.65,6.68,21089554
2004-12-27,6.72,6.72,6.62,6.72,9905853
2004-12-28,6.72,6.72,6.65,6.72,19966125
2004-12-29,6.72,6.81,6.72,6.78,50529040
2004-12-30,6.78,6.81,6.72,6.75,21853240
2004-12-31,6.75,6.9,6.75,6.87,59742033
2005-01-03,6.87,6.9,6.81,6.84,24223889
2005-01-04,6.84,6.87,6.75,6.75,17784435
2005-01-05,6.65,6.72,6.65,6.68,26225748
2005-01-06,6.72,6.72,6.65,6.72,12993688
2005-01-07,6.72,6.75,6.62,6.62,20668111
2005-01-10,6.65,6.72,6.65,6.68,8428818
2005-01-11,6.72,6.75,6.68,6.72,16970356
2005-01-12,6.72,6.72,6.59,6.59,18847368
2005-01-13,6.62,6.65,6.53,6.53,50979212
2005-01-14,6.53,6.62,6.5,6.56,24979737
2005-01-17,6.62,6.65,6.59,6.59,13837612
2005-01-18,6.62,6.65,6.56,6.56,18628732
2005-01-19,6.59,6.65,6.53,6.56,24545418
2005-01-20,6.53,6.59,6.5,6.53,27693703
2005-01-21,6.53,6.56,6.46,6.5,25598802
2005-01-24,6.5,6.5,6.31,6.34,50212957
2005-01-25,6.34,6.4,6.31,6.37,23629841
2005-01-26,6.4,6.5,6.37,6.5,21290904
2005-01-27,6.46,6.46,6.4,6.46,16931628
2005-01-28,6.46,6.5,6.4,6.4,26790882
2005-01-31,6.43,6.65,6.43,6.62,54725915
2005-02-01,6.5,6.65,6.5,6.62,16858317
2005-02-02,6.65,6.75,6.62,6.68,40618905
2005-02-03,6.68,6.75,6.65,6.68,19997438
2005-02-04,6.68,6.68,6.68,6.68,0
2005-02-07,6.68,6.68,6.68,6.68,0
2005-02-08,6.68,6.68,6.68,6.68,0
2005-02-09,6.68,6.68,6.68,6.68,0
2005-02-10,6.68,6.68,6.68,6.68,0
2005-02-11,6.68,6.68,6.68,6.68,0
2005-02-14,6.75,6.75,6.65,6.68,46614923
2005-02-15,6.68,6.72,6.65,6.68,26701981
2005-02-16,6.68,6.72,6.62,6.65,24486216
2005-02-17,6.62,6.68,6.59,6.59,44514178
2005-02-18,6.59,6.62,6.56,6.56,24267042
2005-02-21,6.59,6.65,6.56,6.62,15529809
2005-02-22,6.65,6.68,6.56,6.59,40117029
2005-02-23,6.59,6.59,6.46,6.53,24761863
2005-02-24,6.53,6.56,6.5,6.53,36463932
2005-02-25,6.56,6.62,6.56,6.59,53622714
2005-02-28,6.59,6.59,6.59,6.59,0
2005-03-01,6.59,6.67,6.56,6.67,61533235
2005-03-02,6.67,6.68,6.61,6.62,30842759
2005-03-03,6.62,6.62,6.56,6.61,34742120
2005-03-04,6.61,6.64,6.57,6.59,39601196
2005-03-07,6.64,6.65,6.59,6.62,26526481
2005-03-08,6.65,6.65,6.57,6.57,32435723
2005-03-09,6.59,6.67,6.57,6.64,28824642
2005-03-10,6.64,6.67,6.61,6.64,29105814
2005-03-11,6.65,6.7,6.62,6.64,24665166
2005-03-14,6.62,6.65,6.59,6.61,28074749
2005-03-15,6.61,6.62,6.54,6.56,37068330
2005-03-16,6.56,6.57,6.53,6.54,20766354
2005-03-17,6.51,6.57,6.5,6.51,56534748
2005-03-18,6.51,6.59,6.5,6.51,15240778
2005-03-21,6.53,6.59,6.53,6.56,16528179
2005-03-22,6.56,6.56,6.51,6.51,33401450
2005-03-23,6.51,6.51,6.46,6.48,27686897
2005-03-24,6.48,6.51,6.45,6.45,18881388
2005-03-25,6.46,6.51,6.45,6.5,13238255
2005-03-28,6.5,6.5,6.46,6.46,7690169
2005-03-29,6.45,6.45,6.21,6.28,42396535
2005-03-30,6.28,6.32,6.26,6.31,27563916
2005-03-31,6.34,6.39,6.31,6.37,18578255
2005-04-01,6.37,6.37,6.32,6.35,16788202
2005-04-04,6.34,6.39,6.32,6.32,12756190
2005-04-05,6.32,6.32,6.32,6.32,0
2005-04-06,6.32,6.43,6.32,6.34,11411411
2005-04-07,6.37,6.37,6.28,6.29,15063959
2005-04-08,6.29,6.32,6.29,6.31,14531108
2005-04-11,6.32,6.34,6.28,6.29,115893352
2005-04-12,6.29,6.32,6.28,6.28,19229268
2005-04-13,6.34,6.35,6.31,6.34,26258846
2005-04-14,6.28,6.28,6.2,6.26,25433727
2005-04-15,6.23,6.23,6.12,6.12,42359150
2005-04-18,6.06,6.06,5.85,5.93,36023273
2005-04-19,5.93,6.13,5.93,6.1,43407074
2005-04-20,6.17,6.18,6.02,6.07,18988101
2005-04-21,5.84,6.12,5.84,6.1,32023239
2005-04-22,6.12,6.17,6.07,6.1,17352286
2005-04-25,6.12,6.17,6.09,6.13,16851603
2005-04-26,6.13,6.2,6.13,6.15,22794620
2005-04-27,6.2,6.23,6.17,6.23,28207357
2005-04-28,6.23,6.31,6.2,6.31,22996161
2005-04-29,6.28,6.28,6.15,6.15,23031320
2005-05-02,6.15,6.15,6.15,6.15,0
2005-05-03,6.26,6.37,6.24,6.35,25060795
2005-05-04,6.35,6.37,6.29,6.32,14205410
2005-05-05,6.35,6.4,6.35,6.37,24956229
2005-05-06,6.37,6.42,6.35,6.4,14051131
2005-05-09,6.4,6.5,6.39,6.45,34245634
2005-05-10,6.5,6.53,6.46,6.51,27221132
2005-05-11,6.48,6.51,6.46,6.51,30825447
2005-05-12,6.51,6.56,6.5,6.56,24938363
2005-05-13,6.54,6.64,6.53,6.61,38226450
2005-05-16,6.61,6.61,6.54,6.54,31003270
2005-05-17,6.56,6.57,6.51,6.51,14332747
2005-05-18,6.51,6.56,6.46,6.46,21391670
2005-05-19,6.53,6.56,6.51,6.53,14094326
2005-05-20,6.57,6.57,6.46,6.46,15850019
2005-05-23,6.46,6.48,6.39,6.4,15459184
2005-05-24,6.4,6.46,6.39,6.43,12521075
2005-05-25,6.46,6.51,6.46,6.5,10385563
2005-05-26,6.5,6.56,6.5,6.56,13653542
2005-05-27,6.56,6.59,6.53,6.56,11200038
2005-05-30,6.56,6.57,6.48,6.54,13885504
2005-05-31,6.54,6.54,6.4,6.4,21466511
2005-06-01,6.43,6.5,6.37,6.4,35412769
2005-06-02,6.46,6.51,6.43,6.5,18216108
2005-06-03,6.51,6.54,6.43,6.53,18793571
2005-06-06,6.51,6.56,6.5,6.56,16809370
2005-06-07,6.56,6.57,6.54,6.54,17056878
2005-06-08,6.54,6.59,6.51,6.59,15511524
2005-06-09,6.59,6.61,6.53,6.53,16321951
2005-06-10,6.57,6.62,6.53,6.54,16861712
2005-06-13,6.56,6.59,6.53,6.57,12527722
2005-06-14,6.57,6.62,6.56,6.57,18636516
2005-06-15,6.59,6.61,6.57,6.59,15775053
2005-06-16,6.61,6.61,6.53,6.53,15269326
2005-06-17,6.56,6.62,6.56,6.56,16328696
2005-06-20,6.59,6.59,6.48,6.5,13378326
2005-06-21,6.5,6.5,6.43,6.43,16992859
2005-06-22,6.48,6.57,6.46,6.48,22299549
2005-06-23,6.54,6.62,6.53,6.59,25141138
2005-06-24,6.57,6.61,6.54,6.57,19982157
2005-06-27,6.59,6.62,6.53,6.54,17933924
2005-06-28,6.56,6.59,6.53,6.59,16401393
2005-06-29,6.65,6.68,6.56,6.56,62768930
2005-06-30,6.65,6.65,6.53,6.54,12002356
2005-07-01,6.54,6.57,6.51,6.56,8384107
2005-07-04,6.54,6.56,6.5,6.5,9922338
2005-07-05,6.5,6.53,6.43,6.43,20452445
2005-07-06,6.43,6.48,6.42,6.43,32484604
2005-07-07,6.42,6.45,6.42,6.45,17385959
2005-07-08,6.45,6.45,6.4,6.42,17735057
2005-07-11,6.43,6.51,6.43,6.5,18476076
2005-07-12,6.53,6.53,6.46,6.5,20793179
2005-07-13,6.5,6.56,6.48,6.51,18063352
2005-07-14,6.53,6.59,6.53,6.57,16348393
2005-07-15,6.59,6.65,6.59,6.59,30711339
2005-07-18,6.59,6.59,6.59,6.59,0
2005-07-19,6.65,6.67,6.61,6.65,17784605
2005-07-20,6.68,6.78,6.64,6.75,54492284
2005-07-21,6.53,6.78,6.53,6.67,40669779
2005-07-22,6.72,6.76,6.68,6.73,26134133
2005-07-25,6.78,6.9,6.78,6.89,57292591
2005-07-26,6.9,6.9,6.78,6.78,31477711
2005-07-27,6.81,6.84,6.78,6.82,17144358
2005-07-28,6.82,6.86,6.72,6.75,29497587
2005-07-29,6.78,6.84,6.73,6.73,21256822
2005-08-01,6.75,6.76,6.73,6.75,26884711
2005-08-02,6.79,6.79,6.73,6.75,26502462
2005-08-03,6.75,6.78,6.72,6.76,28997948
2005-08-04,6.76,6.78,6.65,6.72,35833446
2005-08-05,6.72,6.72,6.72,6.72,0
2005-08-08,6.72,6.73,6.65,6.65,17686001
2005-08-09,6.65,6.68,6.64,6.65,13811263
2005-08-10,6.7,6.73,6.59,6.59,16557408
2005-08-11,6.59,6.65,6.59,6.64,14689296
2005-08-12,6.65,6.72,6.64,6.67,27244605
2005-08-15,6.67,6.68,6.62,6.65,21149805
2005-08-16,6.65,6.68,6.65,6.67,23241455
2005-08-17,6.65,6.67,6.59,6.64,25530043
2005-08-18,6.61,6.72,6.59,6.68,46108885
2005-08-19,6.67,6.76,6.67,6.72,51209352
2005-08-22,6.73,6.78,6.68,6.76,34876040
2005-08-23,6.75,6.81,6.73,6.76,30389981
2005-08-24,6.76,6.82,6.73,6.78,50214470
2005-08-25,6.75,6.81,6.72,6.81,46744421
2005-08-26,6.82,6.82,6.76,6.79,21045573
2005-08-29,6.75,6.82,6.73,6.78,42297724
2005-08-30,6.75,6.82,6.73,6.76,48936477
2005-08-31,6.76,6.81,6.73,6.81,53246572
2005-09-01,6.81,6.81,6.81,6.81,0
2005-09-02,6.79,6.89,6.79,6.86,47849883
2005-09-05,6.82,6.9,6.81,6.87,47857641
2005-09-06,6.86,6.9,6.86,6.9,35591525
2005-09-07,6.89,6.93,6.86,6.9,64027071
2005-09-08,6.87,6.9,6.84,6.86,26324679
2005-09-09,6.86,6.87,6.81,6.82,24563094
2005-09-12,6.82,6.92,6.82,6.87,44922050
2005-09-13,6.89,6.93,6.89,6.92,37779650
2005-09-14,6.92,7.0,6.9,6.98,73263436
2005-09-15,6.98,7.0,6.9,6.92,41500978
2005-09-16,6.92,6.93,6.9,6.9,26507958
2005-09-19,6.86,6.92,6.86,6.92,44190599
2005-09-20,6.92,6.92,6.87,6.9,58135469
2005-09-21,6.89,6.92,6.89,6.92,36302210
2005-09-22,6.9,6.92,6.84,6.86,50922685
2005-09-23,6.86,6.89,6.86,6.87,27600770
2005-09-26,6.87,6.93,6.79,6.82,26718756
2005-09-27,6.82,6.9,6.81,6.9,50896093
2005-09-28,6.9,6.9,6.86,6.87,58729122
2005-09-29,7.05,7.05,6.93,6.97,35592997
2005-09-30,6.95,7.12,6.92,7.09,54391779
2005-10-03,7.09,7.12,7.02,7.09,23124196
2005-10-04,7.07,7.17,6.95,7.15,36656977
2005-10-05,7.07,7.15,6.98,7.0,17363179
2005-10-06,6.92,6.93,6.83,6.85,27814554
2005-10-07,6.75,6.78,6.73,6.78,54494829
2005-10-10,6.78,6.78,6.78,6.78,0
2005-10-11,6.8,7.02,6.8,7.02,21592372
2005-10-12,7.0,7.09,6.92,7.09,33830768
2005-10-13,7.02,7.14,6.93,7.12,31855286
2005-10-14,7.12,7.15,7.05,7.07,46597829
2005-10-17,7.03,7.14,7.03,7.12,45296048
2005-10-18,7.1,7.19,7.07,7.17,33765387
2005-10-19,7.12,7.14,7.02,7.1,53810480
2005-10-20,7.1,7.19,7.03,7.19,51905573
2005-10-21,7.1,7.24,7.09,7.17,47923801
2005-10-24,7.1,7.22,7.1,7.19,20415165
2005-10-25,7.19,7.39,7.17,7.35,66148531
2005-10-26,7.39,7.44,7.35,7.39,50416148
2005-10-27,7.39,7.39,7.24,7.24,28759333
2005-10-28,7.24,7.34,7.24,7.27,67422252
2005-10-31,7.29,7.42,7.29,7.41,48447548
2005-11-01,7.42,7.47,7.34,7.46,36594652
2005-11-02,7.46,7.56,7.41,7.46,40434188
2005-11-03,7.42,7.46,7.35,7.44,29221173
2005-11-04,7.51,7.52,7.42,7.47,38797769
2005-11-07,7.42,7.52,7.39,7.41,40481956
2005-11-08,7.42,7.52,7.37,7.51,36415816
2005-11-09,7.47,7.62,7.47,7.59,44322022
2005-11-10,7.59,7.66,7.52,7.64,52469206
2005-11-11,7.74,7.76,7.68,7.76,51871802
2005-11-14,7.62,7.76,7.62,7.74,41769218
2005-11-15,7.83,7.83,7.59,7.68,37511243
2005-11-16,7.68,7.73,7.61,7.73,35547792
2005-11-17,7.83,7.83,7.64,7.74,32545996
2005-11-18,7.83,7.83,7.76,7.81,46314559
2005-11-21,7.79,7.79,7.66,7.71,9448434
2005-11-22,7.62,7.68,7.51,7.57,23577379
2005-11-23,7.57,7.66,7.54,7.66,22156863
2005-11-24,7.59,7.61,7.42,7.42,16693230
2005-11-25,7.46,7.52,7.41,7.42,12034330
2005-11-28,7.44,7.57,7.42,7.49,15108845
2005-11-29,7.49,7.56,7.42,7.42,14389599
2005-11-30,7.44,7.44,7.35,7.42,15422860
2005-12-01,7.39,7.41,7.24,7.24,17860930
2005-12-02,7.25,7.29,7.07,7.25,46004215
2005-12-05,7.22,7.22,7.07,7.22,29703289
2005-12-06,7.12,7.17,7.1,7.17,34217793
2005-12-07,7.19,7.19,7.1,7.19,28553528
2005-12-08,7.17,7.25,7.02,7.25,57112693
2005-12-09,7.29,7.32,7.15,7.32,23393130
2005-12-12,7.29,7.42,7.27,7.42,28317940
2005-12-13,7.41,7.49,7.37,7.46,32839207
2005-12-14,7.49,7.52,7.39,7.47,45563230
2005-12-15,7.42,7.56,7.42,7.47,37140666
2005-12-16,7.47,7.71,7.47,7.71,37486721
2005-12-19,7.56,7.66,7.39,7.46,46498820
2005-12-20,7.34,7.46,7.22,7.27,47932640
2005-12-21,7.25,7.29,7.19,7.25,31837111
2005-12-22,7.22,7.25,7.17,7.19,15193755
2005-12-23,7.17,7.3,7.15,7.3,17915983
2005-12-26,7.3,7.32,7.29,7.3,18346580
2005-12-27,7.32,7.32,7.27,7.27,8085526
2005-12-28,7.25,7.27,7.12,7.19,19090543
2005-12-29,7.24,7.27,7.15,7.27,24478640
2005-12-30,7.25,7.27,7.19,7.2,10253164
2006-01-02,7.17,7.17,7.09,7.12,10966692
2006-01-03,7.12,7.2,7.09,7.2,46647612
2006-01-04,7.25,7.3,7.25,7.3,15735946
2006-01-05,7.32,7.37,7.25,7.35,20506328
2006-01-06,7.35,7.37,7.25,7.35,11662185
2006-01-09,7.35,7.35,7.29,7.3,11042215
2006-01-10,7.34,7.35,7.27,7.35,13360900
2006-01-11,7.35,7.42,7.3,7.42,16748187
2006-01-12,7.46,7.52,7.37,7.47,40016196
2006-01-13,7.46,7.49,7.32,7.32,12834490
2006-01-16,7.39,7.39,7.25,7.25,11914681
2006-01-17,7.22,7.27,7.22,7.24,6969581
2006-01-18,7.19,7.22,7.1,7.12,20496183
2006-01-19,7.12,7.12,7.02,7.07,20351899
2006-01-20,7.09,7.12,7.02,7.03,15316621
2006-01-23,6.98,7.03,6.97,6.98,17533857
2006-01-24,7.02,7.1,7.0,7.03,17240780
2006-01-25,7.14,7.24,7.07,7.24,17477496
2006-02-03,7.22,7.29,7.19,7.22,34933575
2006-02-06,7.24,7.32,7.14,7.32,32892186
2006-02-07,7.29,7.29,7.22,7.27,18821138
2006-02-08,7.27,7.27,7.2,7.2,20652866
2006-02-09,7.22,7.25,7.19,7.2,17496659
2006-02-10,7.44,7.69,7.44,7.69,224971056
2006-02-13,7.98,8.22,7.79,8.22,332047634
2006-02-14,8.35,8.35,8.0,8.1,171839692
2006-02-15,8.06,8.06,7.91,8.03,52753746
2006-02-16,8.05,8.06,7.91,8.0,68828985
2006-02-17,8.01,8.01,7.89,7.96,47709451
2006-02-20,7.95,8.27,7.91,8.22,116264522
2006-02-21,8.23,8.3,8.16,8.16,111017328
2006-02-22,8.18,8.23,8.06,8.23,120652777
2006-02-23,8.28,8.28,8.13,8.28,106728268
2006-02-24,8.28,8.32,8.22,8.28,99104901
2006-02-27,8.28,8.33,8.03,8.33,137664733
2006-03-01,8.33,8.38,8.2,8.37,120144402
2006-03-02,8.37,8.37,8.27,8.32,86923069
2006-03-03,8.3,8.3,8.1,8.1,37979315
2006-03-06,8.1,8.1,8.05,8.08,23105689
2006-03-07,8.08,8.11,8.03,8.1,42184961
2006-03-08,8.16,8.16,8.1,8.11,32416500
2006-03-09,8.1,8.11,8.06,8.1,9617413
2006-03-10,8.06,8.06,7.66,7.71,24506820
2006-03-13,7.62,7.86,7.59,7.86,24578962
2006-03-14,7.93,7.95,7.66,7.78,43119424
2006-03-15,7.83,7.84,7.71,7.74,32636308
2006-03-16,7.68,7.76,7.59,7.74,25469463
2006-03-17,7.86,7.86,7.66,7.76,24105531
2006-03-20,7.76,7.81,7.69,7.81,21541113
2006-03-21,7.76,7.89,7.74,7.74,15844159
2006-03-22,7.73,7.79,7.68,7.74,27819710
2006-03-23,7.78,7.78,7.71,7.76,21036119
2006-03-24,7.76,7.89,7.73,7.88,24770589
2006-03-27,7.93,7.95,7.88,7.88,21786846
2006-03-28,7.88,8.05,7.84,8.05,32194439
2006-03-29,8.06,8.06,8.0,8.06,22254641
2006-03-30,8.06,8.2,8.01,8.2,48745363
2006-03-31,8.13,8.27,8.08,8.25,28676395
2006-04-03,8.1,8.16,8.08,8.1,16154143
2006-04-04,8.06,8.1,7.93,7.98,11921444
2006-04-06,8.03,8.13,8.01,8.13,24206980
2006-04-07,8.1,8.1,7.98,8.06,13863639
2006-04-10,8.05,8.16,8.0,8.06,15280550
2006-04-11,8.05,8.05,7.88,7.93,13903092
2006-04-12,7.88,7.96,7.86,7.89,12098417
2006-04-13,7.91,8.11,7.91,8.1,17622907
2006-04-14,8.1,8.25,8.08,8.25,23997318
2006-04-17,8.16,8.25,8.15,8.25,21837571
2006-04-18,8.25,8.25,8.06,8.16,11973296
2006-04-19,8.18,8.2,8.13,8.16,14695525
2006-04-20,8.16,8.16,8.08,8.15,14607602
2006-04-21,8.15,8.15,8.01,8.01,9398733
2006-04-24,8.0,8.11,7.95,7.96,10271199
2006-04-25,7.98,8.11,7.98,8.08,8268135
2006-04-26,8.08,8.18,8.01,8.16,15081033
2006-04-27,8.18,8.55,8.18,8.33,62825428
2006-04-28,8.33,8.43,8.33,8.4,31863037
2006-05-02,8.27,8.43,8.18,8.42,16698589
2006-05-03,8.42,8.43,8.3,8.3,15659295
2006-05-04,8.32,8.43,8.15,8.43,32202329
2006-05-05,8.43,8.65,8.33,8.45,52758255
2006-05-08,8.47,8.7,8.47,8.7,30469797
2006-05-09,8.7,8.7,8.37,8.47,17080716
2006-05-10,8.47,8.57,8.27,8.4,14071047
2006-05-11,8.27,8.42,8.15,8.38,15304222
2006-05-12,8.2,8.28,8.16,8.27,13722737
2006-05-15,8.2,8.2,7.78,7.81,27198614
2006-05-16,7.83,7.88,7.64,7.68,28834205
2006-05-17,7.71,7.78,7.64,7.69,16203741
2006-05-18,7.59,7.69,7.54,7.62,18365743
2006-05-19,7.66,7.73,7.59,7.69,13949307
2006-05-22,7.69,7.69,7.52,7.56,15391018
2006-05-23,7.49,7.73,7.44,7.62,12674425
2006-05-24,7.74,8.03,7.62,7.86,23159796
2006-05-25,8.0,8.08,7.84,7.89,29459811
2006-05-26,7.96,8.16,7.95,8.16,18743360
2006-05-29,8.06,8.1,7.93,7.93,9105657
2006-05-30,7.93,7.96,7.73,7.73,20365425
2006-06-01,7.76,7.78,7.61,7.61,17621780
2006-06-02,7.79,7.79,7.62,7.76,7794704
2006-06-05,7.69,7.93,7.61,7.62,18865100
2006-06-06,7.62,7.71,7.59,7.69,8277152
2006-06-07,7.68,7.79,7.61,7.64,16607285
2006-06-08,7.59,7.62,7.32,7.32,31131473
2006-06-09,7.49,7.49,7.25,7.34,26861576
2006-06-12,7.47,7.84,7.32,7.79,26995715
2006-06-13,7.66,7.68,7.34,7.34,28648215
2006-06-14,7.49,7.74,7.42,7.68,20323718
2006-06-15,7.79,7.79,7.62,7.68,8188102
2006-06-16,7.83,8.0,7.83,7.93,28485895
2006-06-19,8.03,8.03,7.91,7.93,11885373
2006-06-20,7.93,7.96,7.78,7.78,26365600
2006-06-21,7.76,7.81,7.64,7.71,15114850
2006-06-22,7.83,7.93,7.73,7.76,17192310
2006-06-23,7.68,7.79,7.59,7.76,15686349
2006-06-26,7.62,7.79,7.62,7.73,11098576
2006-06-27,7.83,7.88,7.66,7.88,11522410
2006-06-28,7.84,7.93,7.73,7.93,14313398
2006-06-29,7.93,8.03,7.83,8.03,19393765
2006-06-30,8.13,8.16,8.03,8.08,17026609
2006-07-03,8.03,8.1,8.03,8.06,5771350
2006-07-04,8.06,8.15,7.93,7.95,10993745
2006-07-05,8.03,8.06,7.86,7.98,14484735
2006-07-06,7.96,8.0,7.83,7.98,16964612
2006-07-07,7.86,8.0,7.83,7.98,6428517
2006-07-10,7.96,8.13,7.84,8.05,17443680
2006-07-11,8.03,8.13,8.01,8.08,14448664
2006-07-12,8.1,8.18,7.96,8.03,15428216
2006-07-13,8.0,8.03,7.95,7.95,5371188
2006-07-14,7.81,7.91,7.76,7.76,15839650
2006-07-17,7.76,7.86,7.69,7.73,9043660
2006-07-18,7.84,7.93,7.78,7.78,49600920
2006-07-19,7.79,7.84,7.76,7.76,10071682
2006-07-20,7.93,7.98,7.79,7.86,13009209
2006-07-21,7.76,7.76,7.59,7.71,30570119
2006-07-24,7.68,7.68,7.57,7.62,24066078
2006-07-25,7.79,7.86,7.79,7.79,13766698
2006-07-26,7.79,7.86,7.77,7.77,4432216
2006-07-27,7.77,7.91,7.77,7.88,11623859
2006-07-28,7.9,7.95,7.79,7.95,11017417
2006-07-31,7.97,7.97,7.79,7.93,6174893
2006-08-01,7.93,8.04,7.91,8.01,7707908
2006-08-02,8.01,8.06,7.91,7.95,7144300
2006-08-03,8.08,8.17,7.97,8.06,10750266
2006-08-04,8.02,8.13,7.86,7.88,7378761
2006-08-07,7.82,7.86,7.77,7.77,8667169
2006-08-08,7.84,7.93,7.77,7.93,3878753
2006-08-09,7.81,8.15,7.81,8.13,12426438
2006-08-10,8.08,8.13,8.04,8.11,6416118
2006-08-11,8.13,8.13,7.95,8.11,4055726
2006-08-14,8.1,8.17,8.02,8.1,2922873
2006-08-15,8.1,8.1,7.95,7.99,2692920
2006-08-16,8.08,8.08,7.93,8.02,7276184
2006-08-17,7.61,8.04,7.61,7.81,16026768
2006-08-18,7.82,8.01,7.82,7.93,8507105
2006-08-21,7.82,7.93,7.61,7.61,12728532
2006-08-22,7.68,8.01,7.64,7.9,15504867
2006-08-23,7.88,7.88,7.61,7.73,14179260
2006-08-24,7.79,7.79,7.68,7.73,7686491
2006-08-25,7.77,7.88,7.75,7.75,8925302
2006-08-28,7.7,7.75,7.66,7.7,3380523
2006-08-29,7.75,7.75,7.64,7.66,5828838
2006-08-30,7.75,7.84,7.68,7.82,6466842
2006-08-31,7.93,8.06,7.86,7.91,16556560
2006-09-01,7.97,8.02,7.93,7.93,6238017
2006-09-04,8.04,8.04,7.95,8.02,4096305
2006-09-05,8.04,8.1,7.97,8.01,5177306
2006-09-06,8.06,8.06,7.86,7.88,7914189
2006-09-07,7.81,7.97,7.79,7.88,4205645
2006-09-08,7.86,7.88,7.81,7.82,9112420
2006-09-11,7.79,7.97,7.77,7.82,17022100
2006-09-12,7.88,7.88,7.77,7.81,15774271
2006-09-13,7.81,7.82,7.72,7.81,14917587
2006-09-14,7.81,7.88,7.79,7.84,11384889
2006-09-15,7.79,8.02,7.79,8.01,13315812
2006-09-18,8.15,8.31,8.1,8.26,17885548
2006-09-19,8.26,8.46,8.24,8.37,16884580
2006-09-20,8.28,8.37,8.19,8.19,4026418
2006-09-21,8.26,8.4,8.22,8.35,10306143
2006-09-22,8.35,8.48,8.33,8.42,9603887
2006-09-25,8.44,8.55,8.37,8.55,14348342
2006-09-26,8.55,8.62,8.51,8.6,11177481
2006-09-27,8.68,8.69,8.64,8.69,17293760
2006-09-28,8.49,8.71,8.49,8.57,23812454
2006-09-29,8.48,8.58,8.42,8.49,12239320
2006-10-02,8.51,8.58,8.4,8.51,20616795
2006-10-03,8.42,8.48,8.29,8.29,17986998
2006-10-04,8.33,8.33,8.19,8.19,15449633
2006-10-05,8.26,8.58,8.22,8.55,16246575
2006-10-09,8.55,8.55,8.55,8.55,0
2006-10-11,8.48,8.62,8.48,8.6,7685364
2006-10-12,8.6,8.6,8.44,8.55,8502596
2006-10-13,8.55,8.62,8.48,8.51,10280217
2006-10-16,8.55,8.58,8.4,8.51,13976361
2006-10-17,8.48,8.48,8.33,8.46,7182625
2006-10-18,8.33,8.49,8.33,8.49,10137060
2006-10-19,8.33,8.44,8.29,8.31,11586661
2006-10-20,8.28,8.33,8.19,8.2,16814693
2006-10-23,8.2,8.33,8.19,8.24,8281661
2006-10-24,8.29,8.49,8.29,8.48,16789894
2006-10-25,8.48,8.48,8.31,8.31,15273787
2006-10-26,8.33,8.46,8.26,8.44,14055266
2006-10-27,8.46,8.48,8.42,8.42,5262975
2006-10-30,8.48,8.49,8.37,8.37,20323718
2006-10-31,8.48,8.53,8.4,8.49,13801642
2006-11-01,8.55,8.55,8.35,8.37,11445759
2006-11-02,8.4,8.55,8.35,8.42,9225142
2006-11-03,8.39,8.64,8.39,8.6,15455269
2006-11-06,8.49,8.69,8.48,8.6,11782797
2006-11-07,8.66,8.69,8.6,8.64,8333513
2006-11-08,8.68,8.75,8.68,8.71,9756061
2006-11-09,8.71,8.87,8.71,8.77,11786178
2006-11-10,8.77,8.77,8.58,8.6,6482623
2006-11-13,8.53,8.62,8.53,8.53,6944782
2006-11-14,8.55,8.69,8.55,8.69,9242050
2006-11-15,8.71,8.77,8.62,8.77,8660406
2006-11-16,8.78,8.84,8.64,8.78,8155413
2006-11-17,8.86,8.86,8.62,8.62,6186165
2006-11-20,8.62,8.68,8.39,8.4,14670726
2006-11-21,8.33,8.58,8.33,8.57,12660899
2006-11-22,8.57,8.58,8.48,8.55,4843650
2006-11-23,8.57,8.69,8.53,8.69,16182324
2006-11-24,8.58,8.69,8.58,8.69,10465080
2006-11-27,8.69,8.8,8.62,8.73,20993285
2006-11-28,8.71,8.71,8.66,8.68,19729675
2006-11-29,8.69,8.86,8.69,8.86,20706972
2006-11-30,8.87,8.91,8.73,8.87,20564943
2006-12-01,8.87,8.91,8.77,8.91,12791656
2006-12-04,8.91,9.06,8.8,8.98,11602442
2006-12-05,9.04,9.04,8.8,8.93,9376189
2006-12-06,8.8,8.98,8.78,8.89,10276835
2006-12-07,8.8,8.95,8.73,8.77,15126122
2006-12-08,8.77,8.78,8.69,8.73,23044820
2006-12-11,8.69,8.77,8.68,8.69,16288282
2006-12-12,8.69,8.71,8.53,8.55,19176212
2006-12-13,8.55,8.69,8.48,8.6,22682983
2006-12-14,8.6,8.64,8.53,8.58,6724975
2006-12-15,8.6,8.68,8.6,8.64,14556877
2006-12-18,8.64,8.73,8.6,8.68,11027561
2006-12-19,8.68,8.73,8.66,8.69,18315018
2006-12-20,8.73,8.82,8.71,8.8,22839666
2006-12-21,8.8,8.8,8.64,8.69,23407784
2006-12-22,8.69,8.69,8.62,8.68,5038659
2006-12-25,8.68,8.69,8.62,8.64,2845095
2006-12-26,8.64,8.75,8.64,8.73,13029499
2006-12-27,8.69,8.71,8.6,8.6,22896797
2006-12-28,8.58,8.6,8.53,8.53,20287647995
2006-12-29,8.53,8.68,8.53,8.68,22225333
2007-01-02,8.68,8.87,8.64,8.82,26632751
2007-01-03,8.87,8.95,8.82,8.82,13823059
2007-01-04,8.87,8.91,8.73,8.77,12024021
2007-01-05,8.68,8.68,8.46,8.48,21877023
2007-01-08,8.42,8.42,8.33,8.35,20765587
2007-01-09,8.37,8.48,8.35,8.46,20421786
2007-01-10,8.4,8.4,8.28,8.29,24776225
2007-01-11,8.29,8.31,8.11,8.11,20076858
2007-01-12,8.13,8.28,8.13,8.22,10572166
2007-01-15,8.22,8.22,7.9,7.91,37332293
2007-01-16,7.93,8.2,7.93,8.17,37425852
2007-01-17,8.15,8.15,8.04,8.04,36882533
2007-01-18,8.04,8.19,7.97,8.19,20195216
2007-01-19,8.22,8.35,8.2,8.31,20517600
2007-01-22,8.31,8.42,8.17,8.4,19763492
2007-01-23,8.4,8.4,8.31,8.4,10317415
2007-01-24,8.4,8.55,8.39,8.53,19186357
2007-01-25,8.44,8.44,8.33,8.37,11591170
2007-01-26,8.29,8.33,8.15,8.15,13773462
2007-01-29,8.15,8.19,8.01,8.02,14945767
2007-01-30,8.01,8.08,7.99,8.02,15814851
2007-01-31,8.02,8.06,7.95,7.99,22802468
2007-02-01,8.04,8.13,8.04,8.08,13796006
2007-02-02,8.1,8.19,8.1,8.17,10806627
2007-02-05,8.17,8.24,8.15,8.19,15172338
2007-02-06,8.24,8.33,8.2,8.33,14071047
2007-02-07,8.33,8.37,8.26,8.26,12309207
2007-02-08,8.26,8.28,8.15,8.26,16157525
2007-02-09,8.26,8.28,8.22,8.24,16003096
2007-02-12,8.24,8.24,8.11,8.11,16999556
2007-02-13,8.11,8.15,8.04,8.1,12314843
2007-02-14,8.1,8.11,8.04,8.08,20321464
2007-02-26,8.15,8.2,8.11,8.15,39038899
2007-02-27,8.13,8.15,7.97,7.97,39597999
2007-03-01,7.97,8.04,7.72,7.79,34041947
2007-03-02,7.79,7.79,7.72,7.79,17210346
2007-03-05,7.72,7.72,7.5,7.52,37287204
2007-03-06,7.61,7.64,7.53,7.61,41016037
2007-03-07,7.64,7.64,7.41,7.44,37449523
2007-03-08,7.52,7.52,7.44,7.5,24135966
2007-03-09,7.52,7.53,7.48,7.5,20768969
2007-03-12,7.5,7.52,7.46,7.48,12451236
2007-03-13,7.5,7.5,7.37,7.43,20496183
2007-03-14,7.35,7.35,7.26,7.32,24422279
2007-03-15,7.32,7.44,7.32,7.37,13215489
2007-03-16,7.39,7.52,7.39,7.48,19657533
2007-03-19,7.48,7.57,7.48,7.53,20003589
2007-03-20,7.59,7.64,7.55,7.57,20447712
2007-03-21,7.61,7.77,7.59,7.77,30470924
2007-03-22,7.81,7.9,7.81,7.88,32215856
2007-03-23,7.9,7.91,7.82,7.9,19822107
2007-03-26,7.88,7.9,7.81,7.81,7598568
2007-03-27,7.81,7.9,7.79,7.79,10485370
2007-03-28,7.79,7.86,7.72,7.84,8401146
2007-03-29,7.82,7.84,7.72,7.75,12823218
2007-03-30,7.79,7.84,7.77,7.82,10019830
2007-04-02,7.79,7.82,7.77,7.79,5506454
2007-04-03,7.81,7.88,7.79,7.86,19913412
2007-04-04,7.88,8.08,7.88,7.99,31745806
2007-04-09,8.01,8.13,8.01,8.08,26464796
2007-04-10,8.1,8.1,7.97,7.99,11963151
2007-04-11,8.01,8.06,8.01,8.02,14284091
2007-04-12,7.99,8.02,7.91,7.93,14190532
2007-04-13,7.93,7.97,7.9,7.93,14073301
2007-04-16,7.93,8.01,7.93,7.99,16043676
2007-04-17,7.99,8.04,7.95,7.97,12951721
2007-04-18,7.97,7.99,7.95,7.97,8226428
2007-04-19,7.93,7.93,7.7,7.81,40835683
2007-04-20,7.81,7.81,7.73,7.75,31647738
2007-04-23,7.75,7.86,7.75,7.82,34784783
2007-04-24,7.79,7.86,7.79,7.82,66096611
2007-04-25,7.84,7.84,7.77,7.79,5383587
2007-04-26,7.81,7.84,7.79,7.81,11577643
2007-04-27,7.81,7.82,7.73,7.73,8801308
2007-04-30,7.75,7.77,7.64,7.7,12363313
2007-05-02,7.7,7.72,7.61,7.62,18648674
2007-05-03,7.64,7.7,7.64,7.64,14958166
2007-05-04,7.66,7.72,7.66,7.68,19441108
2007-05-07,7.7,7.73,7.68,7.68,20133219
2007-05-08,7.68,7.72,7.61,7.64,16226285
2007-05-09,7.64,7.64,7.59,7.62,13409371
2007-05-10,7.64,7.68,7.59,7.61,15800197
2007-05-11,7.59,7.59,7.53,7.53,10081827
2007-05-14,7.61,7.61,7.55,7.55,10780701
2007-05-15,7.57,7.57,7.53,7.53,9815803
2007-05-16,7.53,7.55,7.52,7.53,13834331
2007-05-17,7.53,7.59,7.53,7.57,21642562
2007-05-18,7.57,7.61,7.55,7.57,21294252
2007-05-21,7.57,7.64,7.55,7.62,16029022
2007-05-22,7.62,7.7,7.61,7.66,23181213
2007-05-23,7.66,7.73,7.66,7.66,23132743
2007-05-24,7.66,7.72,7.62,7.62,12907759
2007-05-25,7.62,7.62,7.57,7.59,12345278
2007-05-28,7.61,7.61,7.57,7.59,20533381
2007-05-29,7.59,7.62,7.59,7.59,17842714
2007-05-30,7.59,7.61,7.53,7.57,33356599
2007-05-31,7.57,7.61,7.24,7.24,28963835
2007-06-01,7.52,7.53,7.46,7.52,28502804
2007-06-04,7.5,7.57,7.5,7.53,15404544
2007-06-05,7.53,7.59,7.48,7.59,16571214
2007-06-06,7.59,7.61,7.55,7.55,14370887
2007-06-07,7.55,7.57,7.5,7.53,16113564
2007-06-08,7.53,7.53,7.43,7.44,24539509
2007-06-11,7.44,7.53,7.44,7.5,20985395
2007-06-12,7.5,7.52,7.41,7.43,33655312
2007-06-13,7.44,7.5,7.41,7.48,24037898
2007-06-14,7.5,7.75,7.5,7.72,54489660
2007-06-15,7.72,8.06,7.72,7.97,68676810
2007-06-20,8.02,8.15,8.02,8.1,53457129
2007-06-21,8.15,8.17,7.99,8.15,42434076
2007-06-22,8.22,8.24,7.97,8.01,26920191
2007-06-25,8.01,8.06,7.95,7.97,31208124
2007-06-26,7.99,8.02,7.95,8.01,17527094
2007-06-27,7.99,8.04,7.95,8.01,18729834
2007-06-28,8.01,8.08,7.99,8.08,14600839
2007-06-29,8.08,8.08,8.01,8.06,14165733
2007-07-02,8.06,8.06,7.97,8.04,18610349
2007-07-03,8.08,8.1,8.04,8.06,16586995
2007-07-04,8.11,8.13,8.04,8.08,24008590
2007-07-05,8.08,8.15,8.06,8.15,20301174
2007-07-06,8.15,8.17,8.02,8.1,26942735
2007-07-09,8.1,8.26,8.1,8.26,24193454
2007-07-10,8.26,8.46,8.19,8.46,33257404
2007-07-11,8.39,8.4,8.29,8.37,17150603
2007-07-12,8.4,8.48,8.33,8.44,16672663
2007-07-13,8.55,8.58,8.4,8.46,22708909
2007-07-16,8.46,8.53,8.37,8.4,20891836
2007-07-17,8.42,8.48,8.33,8.48,15900520
2007-07-18,8.46,8.69,8.4,8.55,32755793
2007-07-19,8.44,8.51,8.4,8.46,16174433
2007-07-20,8.46,8.51,8.44,8.51,17943037
2007-07-23,8.55,8.62,8.46,8.62,19410673
2007-07-24,8.66,8.69,8.58,8.69,25058029
2007-07-25,8.62,8.68,8.58,8.66,13883929
2007-07-26,8.66,8.69,8.55,8.55,22004399
2007-07-27,8.22,8.4,8.15,8.19,62199823
2007-07-30,8.08,8.31,8.08,8.29,37720055
2007-07-31,8.35,8.37,8.29,8.37,27473655
2007-08-01,8.22,8.31,7.97,7.99,65811425
2007-08-02,8.16,8.2,7.77,7.95,64968267
2007-08-03,7.99,8.03,7.81,7.85,77882790
2007-08-06,7.79,7.79,7.75,7.77,41824252
2007-08-07,7.77,7.81,7.58,7.62,45115725
2007-08-08,7.62,7.87,7.62,7.79,39113295
2007-08-09,7.81,7.83,7.73,7.79,22340309
2007-08-10,7.7,7.7,7.54,7.58,41368856
2007-08-13,7.68,7.79,7.6,7.79,11514519
2007-08-14,7.81,7.81,7.68,7.77,11133520
2007-08-15,7.58,7.66,7.48,7.6,41832142
2007-08-16,7.46,7.54,7.4,7.46,37559991
2007-08-17,7.58,7.58,7.38,7.42,26525665
2007-08-20,7.62,7.62,7.46,7.56,22783305
2007-08-21,7.62,7.64,7.54,7.62,12377967
2007-08-22,7.58,7.68,7.56,7.58,24553036
2007-08-23,7.77,7.83,7.75,7.79,24243051
2007-08-24,7.87,7.87,7.7,7.71,14864607
2007-08-27,7.79,7.81,7.66,7.68,6173766
2007-08-28,7.73,7.77,7.7,7.73,9924016
2007-08-29,7.58,7.73,7.58,7.68,12396003
2007-08-30,7.77,7.79,7.7,7.73,17982489
2007-08-31,7.75,7.97,7.7,7.97,33782687
2007-09-03,7.95,7.97,7.77,7.81,11414197
2007-09-04,7.85,7.91,7.68,7.68,12699224
2007-09-05,7.79,7.87,7.7,7.73,13332720
2007-09-06,7.71,7.81,7.66,7.77,21156732
2007-09-07,7.81,7.83,7.73,7.77,12433201
2007-09-10,7.77,7.89,7.66,7.79,16658009
2007-09-11,7.91,7.91,7.79,7.89,9228523
2007-09-12,7.93,7.95,7.79,7.91,13815169
2007-09-13,7.95,7.97,7.89,7.91,16748187
2007-09-14,7.95,8.05,7.93,8.01,17601490
2007-09-17,7.97,8.01,7.81,7.85,9134964
2007-09-18,7.85,7.85,7.85,7.85,0
2007-09-19,8.03,8.08,8.01,8.01,29393305
2007-09-20,8.05,8.1,7.93,7.97,26028563
2007-09-21,7.97,8.01,7.75,7.83,31652247
2007-09-26,7.81,7.83,7.73,7.77,46257595
2007-09-27,7.81,8.01,7.79,8.01,35004590
2007-09-28,8.01,8.05,7.91,8.01,21218729
2007-10-01,8.06,8.08,8.01,8.01,16505835
2007-10-02,8.06,8.14,8.01,8.1,44731344
2007-10-03,8.16,8.36,8.12,8.32,38071747
2007-10-04,8.28,8.38,8.24,8.36,22847557
2007-10-05,8.38,8.4,8.22,8.3,12904377
2007-10-08,8.43,8.43,8.24,8.32,20201979
2007-10-09,8.36,8.36,8.18,8.24,13356391
2007-10-11,8.36,8.36,8.16,8.32,23756094
2007-10-12,8.32,8.34,7.99,8.16,21473480
2007-10-15,8.2,8.32,8.08,8.32,12538032
2007-10-16,8.24,8.34,8.2,8.3,21707941
2007-10-17,8.3,8.3,8.12,8.22,18696017
2007-10-18,8.26,8.26,8.06,8.12,24678157
2007-10-19,8.2,8.2,8.08,8.16,9088749
2007-10-22,7.95,8.05,7.83,8.05,29111501
2007-10-23,8.1,8.1,7.99,8.06,9000826
2007-10-24,8.14,8.14,7.99,8.01,7652674
2007-10-25,8.05,8.12,7.97,8.12,17202455
2007-10-26,8.01,8.12,7.99,8.1,14710179
2007-10-29,8.16,8.28,8.14,8.24,22469939
2007-10-30,8.24,8.3,8.18,8.2,12290044
2007-10-31,8.22,8.26,8.16,8.2,20749806
2007-11-01,8.26,8.3,8.14,8.16,23742567
2007-11-02,8.08,8.12,7.89,7.97,24184436
2007-11-05,7.91,7.91,7.73,7.79,43303160
2007-11-06,7.81,7.89,7.79,7.79,20442076
2007-11-07,8.01,8.01,7.83,7.85,14161224
2007-11-08,7.7,7.79,7.68,7.68,25475099
2007-11-09,7.77,7.87,7.75,7.83,30736947
2007-11-12,7.81,7.81,7.54,7.62,32634053
2007-11-13,7.62,7.73,7.54,7.56,34244846
2007-11-14,7.73,7.77,7.66,7.71,25783957
2007-11-15,7.77,7.83,7.66,7.73,15810342
2007-11-16,7.73,7.75,7.62,7.75,15315494
2007-11-19,7.73,7.89,7.73,7.77,16741423
2007-11-20,7.7,7.85,7.58,7.81,20120819
2007-11-21,7.81,7.81,7.6,7.6,20143364
2007-11-22,7.64,7.71,7.54,7.66,15386509
2007-11-23,7.62,7.68,7.6,7.66,10485370
2007-11-26,7.7,7.85,7.7,7.81,15633369
2007-11-27,7.71,7.85,7.66,7.73,13756553
2007-11-28,7.81,7.81,7.68,7.68,9686173
2007-11-29,7.73,7.77,7.7,7.77,17199073
2007-11-30,7.73,7.85,7.71,7.73,25673489
2007-12-03,7.73,7.81,7.73,7.79,8530776
2007-12-04,7.77,7.81,7.73,7.73,15507121
2007-12-05,7.77,7.81,7.73,7.77,13133202
2007-12-06,7.89,7.95,7.85,7.91,24416643
2007-12-07,7.91,7.99,7.89,7.89,27327116
2007-12-10,7.95,8.01,7.89,7.89,21663979
2007-12-11,7.97,7.99,7.93,7.97,18047868
2007-12-12,7.91,7.93,7.81,7.81,34039692
2007-12-13,7.97,7.97,7.71,7.71,32789609
2007-12-14,7.85,7.85,7.7,7.77,24735645
2007-12-17,7.75,7.81,7.7,7.77,30734693
2007-12-18,7.77,7.77,7.7,7.7,28255943
2007-12-19,7.77,7.77,7.7,7.75,20456730
2007-12-20,7.75,7.79,7.68,7.7,19322750
2007-12-21,7.7,7.81,7.64,7.64,23349168
2007-12-24,7.68,7.79,7.68,7.75,6014828
2007-12-25,7.77,7.77,7.71,7.75,3157334
2007-12-26,7.75,7.75,7.64,7.75,9203725
2007-12-27,7.75,7.81,7.73,7.77,24843858
2007-12-28,7.77,7.83,7.71,7.83,17178784
2007-12-31,7.75,7.75,7.64,7.75,9203725
2008-01-02,7.75,7.77,7.62,7.62,14401321
2008-01-03,7.6,7.64,7.56,7.58,10943020
2008-01-04,7.58,7.83,7.56,7.77,22491356
2008-01-07,7.68,7.77,7.58,7.58,13647213
2008-01-08,7.71,7.83,7.7,7.77,15518393
2008-01-09,7.71,7.81,7.7,7.81,22765270
2008-01-10,7.81,7.81,7.73,7.77,20199725
2008-01-11,7.77,7.83,7.77,7.77,23983791
2008-01-14,7.97,8.03,7.87,8.01,51132808
2008-01-15,8.12,8.55,8.08,8.55,82236101
2008-01-16,8.43,8.55,8.16,8.16,50161147
2008-01-17,8.2,8.41,8.08,8.4,62713833
2008-01-18,8.28,8.55,8.1,8.51,40556133
2008-01-21,8.47,8.63,8.41,8.47,26840159
2008-01-22,7.89,8.08,7.89,7.89,37021181
2008-01-23,8.05,8.1,7.81,7.85,25814391
2008-01-24,8.03,8.16,7.93,8.01,17266706
2008-01-25,8.08,8.14,7.97,8.01,11011780
2008-01-28,7.97,8.08,7.89,7.93,12707115
2008-01-29,7.93,8.06,7.91,8.06,13143347
2008-01-30,8.1,8.14,7.97,8.01,26690239
2008-01-31,7.93,8.16,7.89,8.16,22067523
2008-02-01,8.2,8.24,8.12,8.2,12948339
2008-02-12,8.12,8.4,8.05,8.32,21085717
2008-02-13,8.36,8.4,8.14,8.24,11602442
2008-02-14,8.28,8.53,8.28,8.53,30224064
2008-02-15,8.32,8.47,8.28,8.47,18696017
2008-02-18,8.36,8.45,8.26,8.28,12225793
2008-02-19,8.4,8.47,8.32,8.4,16949959
2008-02-20,8.36,8.38,8.05,8.16,16659137
2008-02-21,8.28,8.4,8.2,8.4,17045772
2008-02-22,8.32,8.38,8.2,8.38,8547685
2008-02-25,8.4,8.55,8.4,8.51,27717133
2008-02-26,8.4,8.57,8.4,8.53,33451285
2008-02-27,8.63,8.8,8.59,8.8,43580455
2008-02-29,8.63,8.78,8.63,8.69,21021466
2008-03-03,8.47,8.59,8.41,8.51,16231921
2008-03-04,8.47,8.74,8.47,8.74,22577025
2008-03-05,8.65,8.84,8.65,8.84,22085558
2008-03-06,8.84,9.0,8.82,9.0,37293967
2008-03-07,8.8,8.98,8.8,8.98,25542732
2008-03-10,8.94,8.94,8.73,8.8,20968486
2008-03-11,8.69,8.94,8.67,8.94,22104721
2008-03-12,9.11,9.11,8.92,9.02,19915666
2008-03-13,8.96,9.06,8.9,8.94,25650945
2008-03-14,9.0,9.02,8.74,8.82,20739661
2008-03-17,8.71,9.0,8.57,8.74,35656121
2008-03-18,8.82,8.98,8.74,8.94,29734852
2008-03-19,9.08,9.08,8.84,8.94,29827283
2008-03-20,8.88,9.33,8.8,9.33,59434760
2008-03-21,9.6,9.64,9.31,9.33,49874834
2008-03-24,9.77,9.87,9.6,9.66,84084737
2008-03-25,9.52,9.81,9.52,9.64,69760066
2008-03-26,9.58,9.7,9.56,9.68,41512013
2008-03-27,9.64,9.64,9.41,9.58,15226444
2008-03-28,9.58,9.6,9.44,9.52,37007654
2008-03-31,9.52,9.6,9.17,9.27,35127457
2008-04-01,9.27,9.27,9.06,9.21,30483323
2008-04-02,9.33,9.66,9.21,9.64,41703640
2008-04-03,9.64,9.64,9.46,9.46,18386033
2008-04-07,9.33,9.44,9.25,9.37,38158543
2008-04-08,9.33,9.43,9.25,9.33,31507964
2008-04-09,9.27,9.58,9.27,9.44,24496675
2008-04-10,9.44,9.72,9.39,9.72,21452062
2008-04-11,9.72,10.24,9.6,10.16,61542655
2008-04-14,10.14,10.36,9.83,10.05,32059173
2008-04-15,10.07,10.16,10.03,10.07,18581041
2008-04-16,10.18,10.69,10.12,10.57,58257945
2008-04-17,10.57,10.61,10.32,10.57,36439537
2008-04-18,10.42,10.53,10.32,10.49,26420834
2008-04-21,10.49,10.61,10.38,10.38,22161082
2008-04-22,10.38,10.46,10.32,10.46,13832077
2008-04-23,10.46,10.46,10.16,10.16,20002462
2008-04-24,10.3,10.38,10.14,10.32,39089624
2008-04-25,10.32,10.47,10.14,10.16,26150302
2008-04-28,10.2,10.57,10.18,10.57,45851797
2008-04-29,10.57,10.63,10.22,10.22,38958867
2008-04-30,10.42,10.49,10.14,10.42,39751300
2008-05-02,10.49,10.59,10.34,10.36,21213092
2008-05-05,10.36,10.42,9.99,10.07,20908744
2008-05-06,10.07,10.18,9.91,10.18,12733040
2008-05-07,10.22,10.28,10.07,10.2,10773938
2008-05-08,10.09,10.09,9.93,10.03,25959802
2008-05-09,10.03,10.03,9.76,9.76,16426930
2008-05-12,9.74,9.87,9.68,9.76,21163495
2008-05-13,9.83,10.11,9.76,10.11,18062522
2008-05-14,10.07,10.14,10.03,10.09,10162986
2008-05-15,10.14,10.3,10.14,10.28,23851907
2008-05-16,10.3,10.42,10.28,10.3,25476226
2008-05-19,10.32,10.38,10.11,10.2,27482672
2008-05-20,10.22,10.26,9.56,9.79,45858561
2008-05-21,9.72,9.85,9.64,9.83,17294887
2008-05-22,9.56,9.76,9.43,9.7,43419263
2008-05-23,9.72,9.76,9.5,9.54,21131933
2008-05-26,9.5,9.54,9.37,9.41,21461080
2008-05-27,9.48,9.56,9.33,9.5,19240463
2008-05-28,9.5,9.52,9.33,9.33,11343182
2008-05-29,9.44,9.5,9.39,9.39,15264769
2008-05-30,9.46,9.54,9.25,9.25,28183801
2008-06-02,9.33,9.62,9.33,9.62,21506169
2008-06-03,9.41,9.56,9.29,9.41,16730151
2008-06-04,9.41,9.46,9.39,9.44,7482465
2008-06-05,9.37,9.52,9.11,9.48,25163987
2008-06-06,9.5,9.52,9.33,9.37,16208250
2008-06-09,9.13,9.31,9.11,9.27,11918063
2008-06-10,9.21,9.23,8.88,8.9,29448538
2008-06-11,8.94,9.08,8.88,8.94,12675552
2008-06-12,8.74,8.96,8.74,8.82,25680253
2008-06-13,8.94,8.94,8.76,8.84,16048185
2008-06-16,8.98,9.02,8.88,9.02,9705336
2008-06-17,9.09,9.19,8.94,9.19,9514837
2008-06-18,9.13,9.21,9.06,9.06,18104229
2008-06-19,8.98,9.02,8.84,8.98,26801833
2008-06-20,8.98,9.13,8.9,8.98,20034024
2008-06-23,8.82,9.13,8.82,9.08,26503121
2008-06-24,9.04,9.11,8.94,9.02,16529507
2008-06-25,9.06,9.39,9.06,9.31,28111659
2008-06-26,9.33,9.37,9.19,9.29,17150603
2008-06-27,8.65,9.02,8.65,9.02,43765319
2008-06-30,9.09,9.33,8.92,9.33,13675394
2008-07-01,9.25,9.33,9.13,9.17,25805374
2008-07-02,9.09,9.19,8.53,8.53,51712197
2008-07-03,8.28,8.51,8.18,8.45,42342771
2008-07-04,8.38,8.53,8.24,8.24,19383620
2008-07-07,8.22,8.38,8.2,8.28,17086352
2008-07-08,8.24,8.24,7.85,8.01,54274361
2008-07-09,8.06,8.18,7.75,7.77,43547766
2008-07-10,7.77,7.93,7.71,7.77,26258515
2008-07-11,7.77,8.08,7.71,8.03,19357694
2008-07-14,7.97,8.01,7.79,7.91,14544478
2008-07-15,7.81,7.83,7.58,7.64,31948705
2008-07-16,7.68,7.81,7.64,7.73,15812597
2008-07-17,7.97,8.16,7.87,8.16,22773161
2008-07-18,8.16,8.18,7.6,7.64,56448762
2008-07-21,7.85,8.14,7.85,8.01,28650469
2008-07-22,8.05,8.18,7.97,7.99,11294712
2008-07-23,8.22,8.53,8.22,8.53,23717768
2008-07-24,8.59,8.67,8.4,8.51,16403258
2008-07-25,8.36,8.4,8.05,8.14,15460905
2008-07-28,8.14,8.14,8.14,8.14,0
2008-07-29,8.08,8.08,7.77,7.97,17527094
2008-07-30,8.08,8.14,7.87,8.01,11790687
2008-07-31,8.08,8.24,7.99,8.06,12451236
2008-08-01,7.99,8.12,7.99,8.1,17609380
2008-08-04,8.1,8.24,8.06,8.2,11982314
2008-08-05,8.12,8.14,7.97,8.05,35794769
2008-08-06,8.19,8.19,8.05,8.11,32264326
2008-08-07,8.13,8.17,7.94,8.07,24420024
2008-08-08,7.9,8.19,7.9,8.17,23850780
2008-08-11,8.19,8.21,8.05,8.09,8070872
2008-08-12,8.09,8.17,8.02,8.09,9823694
2008-08-13,8.09,8.25,8.05,8.21,16458492
2008-08-14,8.21,8.23,8.09,8.17,10830299
2008-08-15,8.23,8.25,7.98,8.15,16379587
2008-08-18,8.09,8.09,7.69,7.86,61795152
2008-08-19,7.84,8.0,7.74,7.9,16552051
2008-08-20,7.9,7.96,7.82,7.86,12595520
2008-08-21,7.82,7.9,7.78,7.88,14170242
2008-08-22,7.98,8.02,7.71,7.9,9336736
2008-08-25,7.94,8.07,7.82,8.07,10643181
2008-08-26,7.98,8.0,7.9,8.0,5593249
2008-08-27,8.02,8.11,7.9,8.07,16173306
2008-08-28,8.07,8.13,8.02,8.09,17025482
2008-08-29,8.09,8.25,8.09,8.25,13552527
2008-09-01,8.21,8.21,7.88,7.9,11999222
2008-09-02,7.9,8.0,7.78,7.86,9190198
2008-09-03,7.86,7.94,7.57,7.65,19327259
2008-09-04,7.61,7.65,7.14,7.14,32460462
2008-09-05,6.83,7.11,6.8,7.01,23042565
2008-09-08,7.49,7.49,7.32,7.49,6289869
2008-09-09,7.57,7.61,7.4,7.51,10468462
2008-09-10,7.61,7.84,7.4,7.4,18387160
2008-09-11,7.49,7.49,7.03,7.22,21420500
2008-09-12,7.28,7.4,7.2,7.4,7985203
2008-09-15,7.22,7.22,6.91,7.09,15855431
2008-09-16,6.6,6.68,6.6,6.6,28099260
2008-09-17,6.76,6.91,6.49,6.7,35240178
2008-09-18,6.25,6.33,6.25,6.25,15502612
2008-09-19,6.68,6.68,6.31,6.62,64529780
2008-09-22,6.7,6.78,6.2,6.41,42798167
2008-09-23,6.02,6.41,6.02,6.37,38505725
2008-09-24,6.41,6.54,6.2,6.25,36556768
2008-09-25,6.04,6.31,6.04,6.14,50740537
2008-09-26,6.16,6.18,5.83,5.94,43976109
2008-09-29,5.94,5.94,5.94,5.94,0
2008-09-30,5.52,5.94,5.52,5.94,37245497
2008-10-01,5.94,5.96,5.65,5.89,23006494
2008-10-02,5.5,6.04,5.5,5.94,59808996
2008-10-03,5.73,5.83,5.52,5.67,40381414
2008-10-06,5.27,5.5,5.27,5.27,36547750
2008-10-07,5.01,5.38,5.01,5.38,23344659
2008-10-08,5.75,5.75,5.01,5.01,43653725
2008-10-09,5.01,5.03,4.69,4.78,49279664
2008-10-13,4.61,4.61,4.61,4.61,9123692
2008-10-14,4.92,4.92,4.67,4.8,56567120
2008-10-15,5.13,5.13,4.63,4.63,13288758
2008-10-16,4.49,4.49,4.49,4.49,1890342
2008-10-17,4.34,4.51,4.34,4.34,94538545
2008-10-20,4.2,4.26,4.2,4.2,59485485
2008-10-21,4.05,4.18,4.05,4.1,119976447
2008-10-22,4.38,4.38,3.96,3.97,88493282
2008-10-23,3.83,3.83,3.83,3.83,14187150
2008-10-24,3.7,3.74,3.7,3.7,40021832
2008-10-27,3.45,3.7,3.45,3.45,57844257
2008-10-28,3.28,3.45,3.23,3.25,102976890
2008-10-29,3.47,3.47,3.31,3.31,112307991
2008-10-30,3.44,3.54,3.41,3.54,44436013
2008-10-31,3.68,3.78,3.62,3.78,63705784
2008-11-03,3.9,4.05,3.8,4.05,69494043
2008-11-04,4.13,4.32,3.99,4.32,101540816
2008-11-05,4.36,4.61,4.26,4.34,106086882
2008-11-06,4.04,4.1,4.04,4.04,57569216
2008-11-07,3.76,4.3,3.76,4.16,59558754
2008-11-10,4.13,4.26,4.08,4.22,33873992
2008-11-11,4.14,4.22,3.93,4.1,60756985
2008-11-12,4.05,4.1,3.89,4.1,48185136
2008-11-13,3.85,4.1,3.81,3.97,46486420
2008-11-14,4.03,4.07,3.85,3.97,22500374
2008-11-17,3.85,4.05,3.85,3.98,13165892
2008-11-18,3.98,4.09,3.93,3.93,21206329
2008-11-19,3.98,4.03,3.95,3.95,14144316426
2008-11-20,3.81,3.89,3.7,3.7,19330640930
2008-11-21,3.5,3.86,3.5,3.7,18234986199
2008-11-24,3.78,3.81,3.7,3.78,14018068
2008-11-25,3.93,4.05,3.88,3.97,20688937
2008-11-26,4.01,4.09,3.97,3.97,18954150
2008-11-27,4.05,4.24,4.05,4.14,26650786
2008-11-28,4.14,4.22,4.12,4.22,21051900
2008-12-01,4.32,4.51,4.22,4.51,35985269
2008-12-02,4.34,4.51,4.22,4.49,56567120
2008-12-03,4.47,4.61,4.32,4.34,32804263
2008-12-04,4.38,4.38,4.24,4.24,34788164930
2008-12-05,4.24,4.32,4.18,4.24,17077334
2008-12-08,4.36,4.53,4.36,4.53,35393480
2008-12-09,4.61,4.72,4.47,4.49,58610764
2008-12-10,4.47,4.74,4.43,4.74,36769812
2008-12-11,4.74,4.78,4.65,4.76,26261897
2008-12-12,4.67,4.74,4.43,4.45,35897346
2008-12-15,4.53,4.76,4.53,4.67,30366093
2008-12-16,4.67,4.72,4.57,4.72,17435789
2008-12-17,4.82,4.84,4.67,4.78,30881231
2008-12-18,4.69,4.82,4.67,4.76,20067840
2008-12-19,4.72,4.72,4.72,4.72,22557862633
2008-12-22,4.76,4.8,4.51,4.53,18617112
2008-12-23,4.49,4.61,4.26,4.49,19606809
2008-12-24,4.3,4.55,4.3,4.55,16655755
2008-12-25,4.53,4.53,4.45,4.53,5933669
2008-12-26,4.49,4.53,4.47,4.47,5081493
2008-12-29,4.47,4.47,4.3,4.47,11698255
2008-12-30,4.51,4.76,4.47,4.69,27046439
2008-12-31,4.72,4.76,4.53,4.74,24512456
2009-01-02,4.74,4.74,4.74,4.74,0
2009-01-05,4.8,4.98,4.76,4.8,26898774
2009-01-06,4.78,4.8,4.67,4.67,13112913
2009-01-07,4.69,4.78,4.67,4.72,11026434
2009-01-08,4.61,4.61,4.41,4.41,24695065
2009-01-09,4.3,4.38,4.26,4.32,16035786
2009-01-12,4.2,4.47,4.2,4.36,23217284
2009-01-13,4.36,4.47,4.28,4.47,13143347
2009-01-14,4.41,4.55,4.41,4.41,18150444
2009-01-15,4.2,4.2,4.12,4.12,29747251
2009-01-16,4.18,4.18,4.01,4.07,17178784
2009-01-19,4.2,4.22,4.14,4.14,9676029024
2009-01-20,4.12,4.12,3.96,3.96,23696351
2009-01-21,3.89,4.05,3.87,4.05,18269929
2009-02-02,4.08,4.1,3.94,4.03,13057679
2009-02-03,4.05,4.18,4.03,4.07,7990839
2009-02-04,4.22,4.22,4.02,4.04,9253322
2009-02-05,4.01,4.18,4.01,4.05,12816455
2009-02-06,4.14,4.32,4.12,4.28,29405704
2009-02-09,4.55,4.55,4.28,4.34,29725834
2009-02-10,4.45,4.51,4.24,4.28,26208917
2009-02-11,4.22,4.3,4.16,4.3,16642228
2009-02-12,4.34,4.38,4.14,4.14,27793784
2009-02-13,4.16,4.28,4.16,4.28,18588932
2009-02-16,4.26,4.28,4.16,4.18,15941100
2009-02-17,4.18,4.18,4.05,4.07,21453190
2009-02-18,4.02,4.12,3.99,4.07,23933067
2009-02-19,4.05,4.12,3.98,4.01,26700384
2009-02-20,4.0,4.05,3.93,3.93,25189913
2009-02-23,3.86,3.95,3.81,3.89,26026308
2009-02-24,3.85,3.9,3.79,3.85,14782321
2009-02-25,3.93,4.12,3.91,4.09,25163987
2009-02-26,4.12,4.22,3.98,4.0,23475417
2009-02-27,3.99,4.05,3.98,3.98,13814041
2009-03-02,3.93,3.93,3.7,3.7,41778036
2009-03-03,3.59,3.75,3.56,3.73,14802611
2009-03-04,3.76,3.81,3.64,3.77,14816137
2009-03-05,3.87,3.96,3.87,3.93,14937877
2009-03-06,3.85,3.93,3.85,3.9,12223538
2009-03-09,3.91,3.98,3.84,3.91,14030467
2009-03-10,3.93,4.09,3.92,4.07,19923556
2009-03-11,4.22,4.28,4.16,4.2,37593807
2009-03-12,4.18,4.22,4.12,4.16,14919841
2009-03-13,4.26,4.32,4.18,4.3,30490087
2009-03-16,4.34,4.45,4.26,4.45,23277026
2009-03-17,4.47,4.67,4.47,4.65,35419406
2009-03-18,4.72,4.72,4.57,4.67,22313256
2009-03-19,4.67,4.78,4.59,4.61,34696860
2009-03-20,4.55,4.59,4.43,4.43,15580390
2009-03-23,4.49,4.72,4.49,4.72,27838873
2009-03-24,4.88,5.03,4.82,5.01,58319942
2009-03-25,5.01,5.05,4.86,5.03,32873023
2009-03-26,5.03,5.17,4.9,5.13,30139522
2009-03-27,5.21,5.32,5.13,5.17,43943419
2009-03-30,5.09,5.11,4.82,4.88,31241940
2009-03-31,4.86,5.13,4.84,5.03,30084289
2009-04-02,5.17,5.34,5.13,5.32,55980968
2009-04-03,5.34,5.67,5.34,5.67,77059922
2009-04-06,5.79,6.06,5.67,6.06,69527859
2009-04-07,6.02,6.18,5.83,6.18,43720230
2009-04-08,6.12,6.12,5.77,5.77,61388227
2009-04-09,5.71,6.06,5.63,6.06,43269344
2009-04-10,6.25,6.41,6.18,6.41,48046488
2009-04-13,6.41,6.51,6.33,6.51,24383953
2009-04-14,6.49,6.49,6.16,6.33,23044820
2009-04-15,6.2,6.2,6.04,6.16,39503312
2009-04-16,6.41,6.54,6.23,6.45,80647853
2009-04-17,6.43,6.43,6.02,6.02,76471515
2009-04-20,6.0,6.08,5.67,5.79,75918051
2009-04-21,5.63,5.79,5.52,5.79,49106072
2009-04-22,5.79,5.79,5.67,5.67,37795579
2009-04-23,5.71,5.79,5.5,5.75,37290586
2009-04-24,5.75,5.87,5.52,5.6,62191932
2009-04-27,5.69,5.69,5.23,5.27,52107851
2009-04-28,5.29,5.42,5.09,5.11,42600904
2009-04-29,5.17,5.25,5.13,5.19,37959025
2009-04-30,5.54,5.54,5.54,5.54,22316638
2009-05-04,5.92,5.92,5.92,5.92,17458333
2009-05-05,6.33,6.33,6.06,6.29,192998679
2009-05-06,6.2,6.39,6.04,6.39,104168359
2009-05-07,6.37,6.39,6.14,6.23,87597144
2009-05-08,6.08,6.2,6.04,6.18,52442634
2009-05-11,6.12,6.47,6.1,6.37,80137224
2009-05-12,6.2,6.25,6.0,6.1,46174181
2009-05-13,6.04,6.18,6.04,6.08,34833253
2009-05-14,5.92,5.96,5.75,5.79,34508615
2009-05-15,5.81,5.98,5.75,5.96,29565769
2009-05-18,5.96,6.1,5.81,6.1,35922145
2009-05-19,6.25,6.51,6.25,6.29,78702277
2009-05-20,6.45,6.72,6.33,6.72,96462705
2009-05-21,6.68,6.76,6.54,6.76,91664143
2009-05-22,6.62,6.78,6.6,6.7,50946817
2009-05-25,6.95,7.01,6.7,6.83,65864404
2009-05-26,6.89,6.89,6.62,6.62,45653407
2009-05-27,6.7,6.93,6.62,6.8,105452259
2009-06-01,6.83,6.87,6.66,6.8,53418804
2009-06-02,6.8,6.87,6.66,6.66,76542529
2009-06-03,6.41,6.56,6.41,6.51,42801549
2009-06-04,6.51,6.56,6.18,6.25,56479197
2009-06-05,6.29,6.29,6.18,6.25,31724389
2009-06-08,6.37,6.39,6.1,6.14,57431696
2009-06-09,6.12,6.18,5.85,5.89,55317037
2009-06-10,5.94,6.06,5.87,6.06,37116994
2009-06-11,6.06,6.29,5.92,6.29,39799770
2009-06-12,6.18,6.2,6.02,6.08,24624051
2009-06-15,6.0,6.04,5.83,5.94,22065268
2009-06-16,5.94,6.0,5.71,5.79,38489944
2009-06-17,5.79,5.96,5.73,5.79,42541162
2009-06-18,5.83,5.85,5.5,5.54,41667569
2009-06-19,5.69,5.77,5.58,5.77,30508122
2009-06-22,5.77,5.85,5.69,5.83,16199232
2009-06-23,5.75,5.75,5.65,5.67,19674442
2009-06-24,5.77,6.06,5.69,6.06,34363204
2009-06-25,6.16,6.33,6.08,6.2,76822079
2009-06-26,6.35,6.39,6.27,6.31,47300271
2009-06-29,6.45,6.45,6.08,6.08,45541813
2009-06-30,6.2,6.29,6.08,6.25,31693954
2009-07-01,6.33,6.68,6.27,6.68,74235116
2009-07-02,6.7,6.91,6.64,6.87,72449605
2009-07-03,6.95,7.16,6.89,6.97,62026231
2009-07-06,7.09,7.09,6.85,6.87,27502962
2009-07-07,6.87,7.03,6.85,6.87,32326323
2009-07-08,6.76,6.8,6.64,6.66,33977696
2009-07-09,6.74,7.03,6.7,6.78,50636833
2009-07-10,6.83,6.87,6.68,6.7,32091862
2009-07-13,6.66,6.66,6.25,6.25,48967425
2009-07-14,6.25,6.41,6.25,6.35,32560784
2009-07-15,6.41,6.62,6.39,6.56,36498152
2009-07-16,6.8,6.85,6.62,6.66,39879803
2009-07-17,6.78,6.8,6.64,6.8,23024530
2009-07-20,6.87,6.99,6.87,6.95,45940847
2009-07-21,7.05,7.05,6.76,6.87,36172387
2009-07-22,7.03,7.16,6.99,6.99,56019293
2009-07-23,6.99,7.07,6.85,7.07,28059807
2009-07-24,7.11,7.18,7.07,7.09,46858402
2009-07-27,7.2,7.3,7.14,7.26,41459033
2009-07-28,7.32,7.47,7.32,7.45,40651946
2009-07-29,7.45,7.49,7.24,7.26,39237289
2009-07-30,7.34,7.36,7.13,7.24,29073175
2009-07-31,7.3,7.36,7.18,7.18,20907617
2009-08-03,7.18,7.34,7.13,7.32,15456396
2009-08-04,7.47,7.57,7.39,7.45,44378525
2009-08-05,7.43,7.45,7.05,7.13,27736296
2009-08-06,7.3,7.45,7.15,7.45,40159352
2009-08-07,7.45,7.45,7.45,7.45,0
2009-08-10,7.39,7.55,7.26,7.53,37003145
2009-08-11,7.57,7.64,7.39,7.45,18487482
2009-08-12,7.43,7.43,7.24,7.26,20843365
2009-08-13,7.39,7.53,7.3,7.41,25450300
2009-08-14,7.49,7.51,7.39,7.43,17782972
2009-08-17,7.3,7.41,7.18,7.18,19834506
2009-08-18,7.13,7.24,6.92,7.03,21263817
2009-08-19,7.09,7.18,7.03,7.09,15261388
2009-08-20,7.09,7.11,6.8,6.88,26843540
2009-08-21,6.97,7.01,6.71,6.78,19177339
2009-08-24,6.88,7.24,6.86,7.24,30304096
2009-08-25,7.22,7.22,7.01,7.01,14053011
2009-08-26,6.97,7.07,6.8,6.9,26813106
2009-08-27,6.9,6.94,6.8,6.84,19397146
2009-08-28,6.9,7.11,6.86,7.01,25694906
2009-08-31,7.05,7.05,6.82,6.88,17865259
2009-09-01,6.94,7.18,6.88,7.18,25413102
2009-09-02,7.05,7.26,7.03,7.18,21936766
2009-09-03,7.18,7.3,7.09,7.22,19982172
2009-09-04,7.3,7.39,7.26,7.34,22104721
2009-09-07,7.51,7.6,7.47,7.53,34660789
2009-09-08,7.6,7.64,7.43,7.57,36822791
2009-09-09,7.72,7.83,7.57,7.57,50472259
2009-09-10,8.1,8.1,7.78,7.91,96844831
2009-09-11,8.06,8.22,8.01,8.18,56449890
2009-09-14,8.18,8.25,7.99,8.04,38222794
2009-09-15,7.97,8.04,7.85,8.01,35600888
2009-09-16,8.12,8.29,8.06,8.27,40793976
2009-09-17,8.37,8.56,8.37,8.5,66883408
2009-09-18,8.48,8.62,8.31,8.62,41691240
2009-09-21,8.64,8.69,8.43,8.43,32103134
2009-09-22,8.5,8.64,8.48,8.48,32506678
2009-09-23,8.52,8.58,8.08,8.22,42252594
2009-09-24,8.22,8.27,7.91,8.12,47446809
2009-09-25,8.1,8.27,8.08,8.16,34784783
2009-09-28,8.16,8.16,8.04,8.14,17577818
2009-09-29,8.18,8.43,8.18,8.43,50609779
2009-09-30,8.48,8.58,8.37,8.54,36506043
2009-10-01,8.73,9.06,8.58,8.73,73581331
2009-10-02,8.5,8.6,8.46,8.5,28969471
2009-10-05,8.5,8.52,8.39,8.5,19263007
2009-10-06,8.54,8.58,8.39,8.5,43144223
2009-10-07,8.6,8.69,8.52,8.64,36832936
2009-10-08,8.52,8.67,8.41,8.46,30278170
2009-10-09,8.54,8.73,8.52,8.58,29756269
2009-10-12,8.64,8.64,8.41,8.54,31271248
2009-10-13,8.39,8.43,8.29,8.43,29799103
2009-10-14,8.48,8.5,8.37,8.46,25042248
2009-10-15,8.56,8.64,8.43,8.5,40777067
2009-10-16,8.46,8.56,8.41,8.46,36181404
2009-10-19,8.43,8.46,8.37,8.41,19657533
2009-10-20,8.46,8.5,8.41,8.41,14211949
2009-10-21,8.43,8.48,8.31,8.33,27416167
2009-10-22,8.29,8.33,8.08,8.18,30045963
2009-10-23,8.29,8.29,8.18,8.22,11470558
2009-10-26,8.29,8.46,8.27,8.27,21680887
2009-10-27,8.22,8.27,8.12,8.27,15805833
2009-10-28,8.2,8.27,8.01,8.04,25238384
2009-10-29,7.89,7.91,7.55,7.72,43791245
2009-10-30,7.85,7.85,7.72,7.76,31563197
2009-11-02,7.6,7.7,7.55,7.7,30545320
2009-11-03,7.7,7.74,7.6,7.62,25860607
2009-11-04,7.72,8.14,7.64,8.14,51322180
2009-11-05,8.14,8.14,7.99,8.01,25629528
2009-11-06,8.14,8.29,8.1,8.16,35589616
2009-11-09,8.52,8.52,8.29,8.33,33631640
2009-11-10,8.39,8.41,8.29,8.37,25223730
2009-11-11,8.31,8.41,8.22,8.39,26192009
2009-11-12,8.39,8.43,8.33,8.37,24701828
2009-11-13,8.35,8.35,8.2,8.25,18433376
2009-11-16,8.31,8.43,8.29,8.43,30828252
2009-11-17,8.52,8.52,8.1,8.12,51682890
2009-11-18,8.14,8.2,8.04,8.08,30955627
2009-11-19,8.01,8.1,7.99,8.04,35374317
2009-11-20,7.97,7.99,7.85,7.91,37222953
2009-11-23,7.91,7.95,7.85,7.89,23031293
2009-11-24,7.91,7.97,7.89,7.97,19743202
2009-11-25,7.95,8.12,7.93,8.12,34595410
2009-11-26,8.12,8.16,7.93,7.95,21497151
2009-11-27,7.76,7.76,7.55,7.55,74837050
2009-11-30,7.6,7.7,7.6,7.62,22510519
2009-12-01,7.6,7.95,7.6,7.95,29011178
2009-12-02,8.04,8.04,7.85,7.87,18636275
2009-12-03,7.97,7.97,7.76,7.8,17574437
2009-12-04,7.76,7.8,7.64,7.66,26919064
2009-12-07,7.7,7.85,7.68,7.76,20387970
2009-12-08,7.76,7.78,7.68,7.74,11913554
2009-12-09,7.68,7.74,7.62,7.64,17392955
2009-12-10,7.66,7.7,7.47,7.62,47101881
2009-12-11,7.62,7.68,7.55,7.68,22803595
2009-12-14,7.6,7.68,7.53,7.64,28101514
2009-12-15,7.64,7.68,7.55,7.6,30933083
2009-12-16,7.57,7.6,7.47,7.47,41335040
2009-12-17,7.55,7.57,7.45,7.47,17342230
2009-12-18,7.43,7.55,7.39,7.55,13053170
2009-12-21,7.51,7.64,7.51,7.53,15818233
2009-12-22,7.62,7.68,7.57,7.6,18464938
2009-12-23,7.64,7.66,7.57,7.62,15852049
2009-12-24,7.64,7.7,7.62,7.66,19978790
2009-12-25,7.66,7.72,7.64,7.68,17810025
2009-12-28,7.68,7.78,7.68,7.76,40341962
2009-12-29,7.76,7.8,7.7,7.74,21226619
2009-12-30,7.74,7.8,7.7,7.8,30576882
2009-12-31,7.8,7.85,7.76,7.76,37546464
2010-01-04,7.8,7.85,7.76,7.8,20845620
2010-01-05,7.85,7.93,7.83,7.89,25156097
2010-01-06,7.89,8.01,7.83,7.97,33631640
2010-01-07,7.97,8.04,7.89,7.89,28543383
2010-01-08,7.89,8.04,7.85,7.95,26777035
2010-01-11,7.95,7.99,7.93,7.95,23566721
2010-01-12,7.99,8.01,7.87,7.91,18717434
2010-01-13,7.85,7.87,7.74,7.76,32371412
2010-01-14,7.76,7.85,7.76,7.78,15658168
2010-01-15,7.8,7.87,7.76,7.8,22950134
2010-01-18,7.74,7.76,7.7,7.76,16628702
2010-01-19,7.76,7.8,7.68,7.7,24391844
2010-01-20,7.72,7.76,7.6,7.64,24875420
2010-01-21,7.64,7.72,7.64,7.7,20577342
2010-01-22,7.62,7.72,7.57,7.57,24693938
2010-01-25,7.55,7.55,7.47,7.51,21962692
2010-01-26,7.51,7.51,7.24,7.26,39452588
2010-01-27,7.3,7.32,7.15,7.2,25012940
2010-01-28,7.24,7.32,7.22,7.22,21421628
2010-01-29,7.18,7.26,7.09,7.26,25705051
2010-02-01,7.26,7.3,7.18,7.22,14145443
2010-02-02,7.34,7.34,7.09,7.15,24149492
2010-02-03,7.28,7.36,7.2,7.32,17256562
2010-02-04,7.32,7.32,7.22,7.24,19742075
2010-02-05,7.11,7.13,6.97,6.97,38164179
2010-02-08,7.13,7.15,7.05,7.11,14748504
2010-02-09,7.15,7.24,7.09,7.22,15127249
2010-02-10,7.34,7.34,7.24,7.26,23783147
2010-02-22,7.39,7.51,7.34,7.47,26187500
2010-02-23,7.55,7.62,7.43,7.62,24649977
2010-02-24,7.55,7.64,7.47,7.55,16094401
2010-02-25,7.55,7.6,7.36,7.41,28650469
2010-02-26,7.43,7.49,7.39,7.45,10873133
2010-03-01,7.45,7.62,7.41,7.49,16574595
2010-03-02,7.57,7.57,7.49,7.53,7838665
2010-03-03,7.57,7.66,7.55,7.62,17911474
2010-03-04,7.68,7.68,7.43,7.45,16067348
2010-03-05,7.53,7.64,7.49,7.57,12975392
2010-03-08,7.62,7.66,7.55,7.66,13916618
2010-03-09,7.66,7.72,7.62,7.72,18317273
2010-03-10,7.72,7.74,7.62,7.68,10744630
2010-03-11,7.64,7.7,7.55,7.57,9752679
2010-03-12,7.64,7.64,7.57,7.57,9062823
2010-03-15,7.57,7.57,7.45,7.45,10072809
2010-03-16,7.49,7.53,7.43,7.47,10731103
2010-03-17,7.55,7.72,7.53,7.72,24722118
2010-03-18,7.72,7.74,7.6,7.68,31824711
2010-03-19,7.68,7.7,7.6,7.64,24142729
2010-03-22,7.6,7.66,7.53,7.62,15946736
2010-03-23,7.66,7.68,7.6,7.64,15548828
2010-03-24,7.7,7.72,7.62,7.64,15679585
2010-03-25,7.64,7.64,7.51,7.6,12681189
2010-03-26,7.55,7.72,7.47,7.6,21596346
2010-03-29,7.64,7.72,7.62,7.7,19675569
2010-03-30,7.76,7.8,7.68,7.8,26895392
2010-03-31,7.72,7.78,7.64,7.72,22378635
2010-04-01,7.72,7.83,7.7,7.8,25496516
2010-04-02,7.83,7.83,7.78,7.8,19382492
2010-04-06,7.8,7.85,7.78,7.8,16800039
2010-04-07,7.8,7.85,7.78,7.85,19300206
2010-04-08,7.83,7.89,7.8,7.85,23712132
2010-04-09,7.85,7.89,7.8,7.87,12978774
2010-04-12,7.87,7.89,7.8,7.87,15699875
2010-04-13,7.83,7.85,7.74,7.76,10560894
2010-04-14,7.76,7.85,7.74,7.83,18469447
2010-04-15,7.87,7.89,7.78,7.87,19086034
2010-04-16,7.85,7.87,7.78,7.85,13931272
2010-04-19,7.7,7.7,7.55,7.62,26921318
2010-04-20,7.66,7.66,7.57,7.64,20581851
2010-04-21,7.64,7.7,7.6,7.64,18384906
2010-04-22,7.6,7.6,7.47,7.55,23601665
2010-04-23,7.6,7.62,7.53,7.57,14507280
2010-04-26,7.64,7.78,7.64,7.72,25120026
2010-04-27,7.76,7.8,7.7,7.72,10509042
2010-04-28,7.51,7.7,7.49,7.64,16450602
2010-04-29,7.72,7.72,7.6,7.62,13030626
2010-04-30,7.62,7.74,7.62,7.72,21151096
2010-05-03,7.68,7.72,7.6,7.66,7395669
2010-05-04,7.66,7.7,7.57,7.62,13351883
2010-05-05,7.49,7.51,7.43,7.43,23973646
2010-05-06,7.43,7.45,7.34,7.34,21423882
2010-05-07,7.26,7.32,7.26,7.28,19259626
2010-05-10,7.3,7.36,7.26,7.32,14910823
2010-05-11,7.36,7.36,7.22,7.22,23449491
2010-05-12,7.26,7.3,7.22,7.22,10443663
2010-05-13,7.34,7.47,7.3,7.45,18189897
2010-05-14,7.39,7.47,7.36,7.45,10993745
2010-05-17,7.34,7.39,7.26,7.34,9407751
2010-05-18,7.34,7.34,7.28,7.32,6885040
2010-05-19,7.28,7.32,7.24,7.3,11418706
2010-05-20,7.28,7.3,7.18,7.2,13283122
2010-05-21,7.09,7.11,7.01,7.05,16562196
2010-05-24,7.07,7.13,7.01,7.05,14691016
2010-05-25,6.99,7.01,6.86,6.88,14757522
2010-05-26,6.92,7.05,6.86,6.94,10675870
2010-05-27,6.99,7.03,6.88,6.99,8420309
2010-05-28,6.97,7.05,6.97,7.05,18690381
2010-05-31,7.11,7.11,7.01,7.11,13053170
2010-06-01,7.09,7.09,6.97,6.97,10726595
2010-06-02,6.97,6.99,6.84,6.86,12682316
2010-06-03,6.97,7.01,6.9,6.99,13190691
2010-06-04,6.99,6.99,6.92,6.94,8260244
2010-06-07,6.78,6.9,6.71,6.9,19624844
2010-06-08,6.9,6.94,6.84,6.86,7526426
2010-06-09,6.88,6.94,6.82,6.86,13426279
2010-06-10,7.07,7.07,6.88,6.97,13684411
2010-06-11,7.09,7.18,7.05,7.15,23127107
2010-06-14,7.22,7.28,7.2,7.24,12607919
2010-06-15,7.26,7.41,7.22,7.36,18978949
2010-06-17,7.41,7.45,7.34,7.43,26008273
2010-06-18,7.41,7.43,7.28,7.36,13838840
2010-06-21,7.43,7.47,7.34,7.41,31519236
2010-06-22,7.43,7.43,7.36,7.41,17853986
2010-06-23,7.41,7.41,7.34,7.39,7428358
2010-06-24,7.41,7.47,7.36,7.47,22838539
2010-06-25,7.45,7.51,7.39,7.41,38856290
2010-06-28,7.47,7.57,7.45,7.49,35191708
2010-06-29,7.55,7.57,7.39,7.41,26609079
2010-06-30,7.3,7.32,7.22,7.26,22694255
2010-07-01,7.28,7.3,7.22,7.24,6676505
2010-07-02,7.3,7.7,7.28,7.55,56028311
2010-07-05,7.7,7.76,7.62,7.76,47727486
2010-07-06,7.64,7.78,7.64,7.76,23168814
2010-07-07,7.76,7.76,7.68,7.72,14897297
2010-07-08,7.8,7.83,7.68,7.72,15579263
2010-07-09,7.78,7.8,7.68,7.72,12315970
2010-07-12,7.74,7.78,7.68,7.68,21731612
2010-07-13,7.72,7.72,7.6,7.66,13819677
2010-07-14,7.83,8.08,7.83,8.08,85080069
2010-07-15,8.06,8.06,7.97,8.01,45388511
2010-07-16,8.08,8.16,7.93,8.01,77602113
2010-07-19,8.01,8.12,7.99,8.06,46036661
2010-07-20,8.1,8.1,7.97,8.04,33305874
2010-07-21,8.04,8.08,7.93,7.99,22746107
2010-07-22,8.04,8.08,7.93,7.93,13112913
2010-07-23,7.99,8.06,7.97,7.99,19931447
2010-07-26,8.08,8.1,7.99,8.01,15457524
2010-07-27,8.06,8.06,7.93,7.93,12253973
2010-07-28,7.95,8.04,7.95,7.99,13274105
2010-07-29,8.04,8.06,7.93,8.01,23834999
2010-07-30,8.01,8.06,7.95,8.04,23324370
2010-08-02,8.1,8.37,8.1,8.33,62854736
2010-08-03,8.37,8.46,8.35,8.46,49974029
2010-08-04,8.5,8.5,8.35,8.39,23779765
2010-08-05,8.46,8.48,8.37,8.41,30260135
2010-08-06,8.48,8.48,8.37,8.41,17762682
2010-08-09,8.43,8.6,8.43,8.58,37490103
2010-08-10,8.64,8.64,8.48,8.58,61788388
2010-08-11,8.63,8.65,8.43,8.49,38068365
2010-08-12,8.38,8.54,8.36,8.49,16785385
2010-08-13,8.49,8.52,8.4,8.49,16518235
2010-08-16,8.49,8.58,8.38,8.49,22429359
2010-08-17,8.52,8.52,8.45,8.47,13328211
2010-08-18,8.47,8.6,8.45,8.6,47270963
2010-08-19,8.52,8.58,8.43,8.47,25141443
2010-08-20,8.49,8.54,8.45,8.47,13947053
2010-08-23,8.52,8.74,8.47,8.67,29272693
2010-08-24,8.78,8.87,8.67,8.78,45675952
2010-08-25,8.74,8.74,8.47,8.47,31413277
2010-08-26,8.47,8.49,8.25,8.34,33486229
2010-08-27,8.38,8.65,8.36,8.56,42157908
2010-08-30,8.6,8.74,8.58,8.69,32258690
2010-08-31,8.65,8.67,8.54,8.54,34319242
2010-09-01,8.67,8.8,8.58,8.69,22552226
2010-09-02,8.78,8.78,8.69,8.71,17249798
2010-09-03,8.78,8.8,8.71,8.76,17119041
2010-09-06,8.8,8.82,8.69,8.76,16683935
2010-09-07,8.78,8.78,8.71,8.76,12126598
2010-09-08,8.76,8.8,8.63,8.8,20560434
2010-09-09,8.82,8.82,8.69,8.71,12267500
2010-09-10,8.76,8.76,8.69,8.74,12921286
2010-09-13,8.82,9.04,8.8,9.04,53867436
2010-09-14,9.13,9.22,9.02,9.22,40690272
2010-09-15,9.27,9.35,9.18,9.35,41187374
2010-09-16,9.33,9.38,9.22,9.22,26924700
2010-09-17,9.35,9.4,9.18,9.18,29212950
2010-09-20,9.18,9.27,9.15,9.22,13340610
2010-09-21,9.31,9.33,9.13,9.31,18144808
2010-09-23,9.13,9.49,9.13,9.49,30952246
2010-09-24,9.38,9.49,9.24,9.35,32578819
2010-09-27,9.4,9.44,9.31,9.4,18169607
2010-09-28,9.4,9.4,9.24,9.29,13832077
2010-09-29,9.29,9.4,9.24,9.33,18469447
2010-09-30,9.27,9.31,9.18,9.27,20279757
2010-10-01,9.27,9.31,9.22,9.29,15011146
2010-10-04,9.31,9.44,9.31,9.42,31700718
2010-10-05,9.42,9.42,9.27,9.31,15208409
2010-10-06,9.4,9.6,9.4,9.57,29303127
2010-10-07,9.57,9.64,9.49,9.57,17306159
2010-10-08,9.57,9.62,9.44,9.55,17422262
2010-10-11,9.57,9.6,9.31,9.38,12778129
2010-10-12,9.42,9.42,9.2,9.27,19093925
2010-10-13,9.31,9.33,9.22,9.27,10661216
2010-10-14,9.35,9.6,9.35,9.49,20072349
2010-10-15,9.57,9.57,9.44,9.53,12019512
2010-10-18,9.53,9.53,9.24,9.24,16371696
2010-10-19,9.24,9.24,9.15,9.22,15776526
2010-10-20,9.13,9.18,9.04,9.09,15595044
2010-10-21,9.09,9.18,9.04,9.11,13597616
2010-10-22,9.11,9.11,9.02,9.07,13500675
2010-10-25,9.04,9.27,9.04,9.2,16552051
2010-10-26,9.24,9.35,9.2,9.35,12521124
2010-10-27,9.4,9.44,9.24,9.35,12173941
2010-10-28,9.27,9.42,9.2,9.35,24661249
2010-10-29,9.4,9.4,9.22,9.38,9660247
2010-11-01,9.35,9.51,9.35,9.46,21578311
2010-11-02,9.53,9.55,9.38,9.46,15937718
2010-11-03,9.46,9.53,9.42,9.46,15264769
2010-11-04,9.46,9.53,9.42,9.44,11538191
2010-11-05,9.53,9.55,9.46,9.55,20150127
2010-11-08,9.55,9.6,9.44,9.49,12522251
2010-11-09,9.4,9.46,9.31,9.44,21549003
2010-11-10,9.42,9.44,9.33,9.42,14595203
2010-11-11,9.31,9.42,9.31,9.4,12389239
2010-11-12,9.31,9.35,9.15,9.2,21718086
2010-11-15,9.2,9.2,8.96,9.02,15941100
2010-11-16,8.98,9.13,8.87,9.13,17707448
2010-11-17,9.04,9.04,8.82,8.85,29642420
2010-11-18,8.85,8.93,8.82,8.87,21568166
2010-11-19,8.93,8.96,8.82,8.93,23883469
2010-11-22,8.96,9.0,8.91,8.93,16513726
2010-11-23,8.93,8.98,8.82,8.89,20072349
2010-11-24,8.82,8.91,8.78,8.82,19469288
2010-11-25,8.82,9.07,8.82,9.04,28936782
2010-11-26,9.04,9.04,8.93,9.0,19128869
2010-11-29,9.13,9.13,8.89,9.02,22436123
2010-11-30,8.96,9.04,8.93,8.93,15935463
2010-12-01,9.09,9.42,9.04,9.38,33326164
2010-12-02,9.46,9.62,9.38,9.49,33783814
2010-12-03,9.46,9.46,9.29,9.33,18452539
2010-12-06,9.35,9.53,9.35,9.46,34828744
2010-12-07,9.46,9.49,9.38,9.49,17743519
2010-12-08,9.44,9.51,9.4,9.4,16021132
2010-12-09,9.49,9.6,9.46,9.49,25700543
2010-12-10,9.46,9.53,9.38,9.53,10831426
2010-12-13,9.53,9.55,9.46,9.49,7851065
2010-12-14,9.49,9.51,9.27,9.38,17025482
2010-12-15,9.31,9.35,9.2,9.31,24141602
2010-12-16,9.31,9.38,9.29,9.33,10418864
2010-12-17,9.33,9.49,9.33,9.42,24442569
2010-12-20,9.46,9.51,9.4,9.42,22750616
2010-12-21,9.44,9.51,9.42,9.51,21053028
2010-12-22,9.49,9.62,9.46,9.57,21552385
2010-12-23,9.6,9.84,9.55,9.77,35200726
2010-12-24,9.79,9.79,9.64,9.64,22495865
2010-12-27,9.71,9.97,9.62,9.84,26237098
2010-12-28,9.86,9.88,9.75,9.77,19019529
2010-12-29,9.75,10.06,9.75,10.02,69348632
2010-12-30,10.02,10.02,9.77,9.82,54508822
2010-12-31,9.82,10.04,9.82,9.9,62948295
2011-01-03,9.93,10.08,9.93,10.08,41942609
2011-01-04,10.1,10.1,9.84,9.88,49793674
2011-01-05,9.88,9.97,9.51,9.64,55917843
2011-01-06,9.64,9.75,9.53,9.75,20713735
2011-01-07,9.71,9.75,9.44,9.57,28456588
2011-01-10,9.57,9.66,9.49,9.6,23287171
2011-01-11,9.6,9.82,9.53,9.77,31833729
2011-01-12,9.77,9.88,9.75,9.84,30032437
2011-01-13,9.86,9.9,9.73,9.88,35877056
2011-01-14,9.93,9.95,9.79,9.79,34005876
2011-01-17,9.79,9.82,9.55,9.57,36513933
2011-01-18,9.53,9.79,9.51,9.73,26412944
2011-01-19,9.73,9.77,9.66,9.75,22506010
2011-01-20,9.71,9.86,9.71,9.79,37057252
2011-01-21,9.77,9.93,9.64,9.82,34772383
2011-01-24,9.97,10.15,9.97,9.97,48741981
2011-01-25,10.06,10.13,9.99,10.02,36961438
2011-01-26,10.04,10.15,10.04,10.13,46283521
2011-01-27,10.15,10.46,10.08,10.37,73016595
2011-01-28,10.37,10.5,10.37,10.41,68162799
2011-02-08,10.46,10.5,10.26,10.3,77295510
2011-02-09,10.3,10.39,10.08,10.08,47636182
2011-02-10,10.02,10.08,9.75,9.75,48575153
2011-02-11,9.75,9.82,9.53,9.66,54035391
2011-02-14,9.71,9.93,9.62,9.84,39847113
2011-02-15,9.66,9.9,9.38,9.88,39198964
2011-02-16,9.88,9.95,9.73,9.82,29944514
2011-02-17,9.82,9.82,9.62,9.66,22543208
2011-02-18,9.88,10.19,9.88,10.15,52511394
2011-02-21,10.15,10.15,9.99,10.06,27557069
2011-02-22,9.93,9.95,9.75,9.84,30121487
2011-02-23,9.79,9.95,9.71,9.75,30910539
2011-02-24,9.88,9.88,9.62,9.62,21260436
2011-02-25,9.71,9.73,9.4,9.46,38521506
2011-03-01,9.51,9.66,9.51,9.62,18714053
2011-03-02,9.49,9.57,9.44,9.44,17904711
2011-03-03,9.49,9.68,9.44,9.6,26956262
2011-03-04,9.68,9.68,9.57,9.68,14489244
2011-03-07,9.68,9.77,9.62,9.73,9646721
2011-03-08,9.75,9.79,9.73,9.75,16187960
2011-03-09,9.84,9.93,9.84,9.93,29279456
2011-03-10,9.95,10.02,9.88,10.02,45104453
2011-03-11,9.88,9.95,9.79,9.84,24573326
2011-03-14,9.75,9.75,9.35,9.71,30003129
2011-03-15,9.49,9.62,9.04,9.13,87010992
2011-03-16,9.22,9.31,9.11,9.27,30743711
2011-03-17,9.15,9.33,9.11,9.31,16830474
2011-03-18,9.33,9.51,9.29,9.4,19056727
2011-03-21,9.4,9.57,9.31,9.53,16983775
2011-03-22,9.57,9.88,9.49,9.75,26857067
2011-03-23,9.75,9.88,9.71,9.88,15123867
2011-03-24,9.93,9.99,9.86,9.93,20269612
2011-03-25,9.97,10.02,9.9,9.97,22982823
2011-03-28,10.02,10.06,9.93,9.97,14852208
2011-03-29,9.99,10.08,9.97,10.04,18449157
2011-03-30,10.04,10.19,10.04,10.15,28552401
2011-03-31,10.15,10.24,10.1,10.21,37779798
2011-04-01,10.21,10.21,10.1,10.15,11657676
2011-04-06,10.24,10.41,10.21,10.41,51804629
2011-04-07,10.41,10.43,10.28,10.35,18219205
2011-04-08,10.24,10.35,10.21,10.35,19407291
2011-04-11,10.28,10.35,10.17,10.3,12000350
2011-04-12,10.21,10.21,10.02,10.06,17327576
2011-04-13,10.06,10.15,9.95,10.13,13815169
2011-04-14,10.13,10.13,10.02,10.06,13541255
2011-04-15,10.06,10.15,9.93,9.93,15706638
2011-04-18,9.95,10.1,9.9,10.08,10061537
2011-04-19,9.95,10.02,9.93,9.95,12393748
2011-04-20,10.02,10.21,9.99,10.17,25383795
2011-04-21,10.24,10.54,10.19,10.54,72854276
2011-04-22,10.68,10.83,10.61,10.74,68567470
2011-04-25,10.85,10.9,10.65,10.68,44119265
2011-04-26,10.48,10.63,10.41,10.59,51928623
2011-04-27,10.65,11.16,10.63,11.1,76194219
2011-04-28,11.12,11.4,11.03,11.05,65806916
2011-04-29,11.05,11.05,10.74,11.03,37725691
2011-05-03,11.03,11.07,10.92,10.99,32930511
2011-05-04,10.99,11.01,10.83,10.92,27588631
2011-05-05,10.9,11.14,10.83,11.14,38435838
2011-05-06,11.03,11.07,10.88,10.9,39331975
2011-05-09,10.92,11.14,10.88,10.99,49801565
2011-05-10,11.01,11.03,10.94,10.96,32768192
2011-05-11,10.99,11.03,10.85,10.94,34490579
2011-05-12,10.85,10.92,10.77,10.83,34275281
2011-05-13,10.88,10.88,10.77,10.79,30135013
2011-05-16,10.74,10.85,10.7,10.7,30384128
2011-05-17,10.72,10.72,10.52,10.7,32227128
2011-05-18,10.65,10.72,10.61,10.72,32976727
2011-05-19,10.72,11.03,10.68,10.83,54460352
2011-05-20,10.94,10.94,10.72,10.74,38179960
2011-05-23,10.72,10.72,10.57,10.61,39450333
2011-05-24,10.59,10.61,10.52,10.61,32304906
2011-05-25,10.59,10.61,10.52,10.57,38680444
2011-05-26,10.61,10.72,10.54,10.65,47608001
2011-05-27,10.7,10.85,10.68,10.7,49165815
2011-05-30,10.7,10.94,10.65,10.94,43238909
2011-05-31,10.94,10.94,10.77,10.81,50732646
2011-06-01,10.81,10.96,10.81,10.94,34151287
2011-06-02,10.81,10.92,10.81,10.88,23380730
2011-06-03,10.85,10.9,10.79,10.83,26412944
2011-06-07,10.83,10.83,10.7,10.81,19201010
2011-06-08,10.72,10.85,10.7,10.72,26852558
2011-06-09,10.74,10.99,10.74,10.92,24619542
2011-06-10,10.99,11.14,10.85,10.85,48341819
2011-06-13,10.77,10.99,10.7,10.79,36867879
2011-06-14,10.81,10.94,10.81,10.94,20728389
2011-06-15,10.92,10.92,10.7,10.77,59609478
2011-06-16,10.68,10.72,10.52,10.59,27165924
2011-06-17,10.59,10.77,10.54,10.77,27881707
2011-06-20,10.77,10.79,10.21,10.28,32875278
2011-06-21,10.35,10.61,10.35,10.54,35937926
2011-06-22,10.63,10.92,10.61,10.79,37221826
2011-06-23,10.79,10.85,10.68,10.68,22067523
2011-06-24,10.68,10.77,10.59,10.61,19371220
2011-06-27,10.5,10.59,10.39,10.5,50751809
2011-06-28,10.59,10.68,10.48,10.59,39156130
2011-06-29,10.77,11.01,10.61,10.99,48025071
2011-06-30,10.94,11.07,10.94,11.07,35735027
2011-07-01,11.16,11.49,11.07,11.45,67910303
2011-07-04,11.52,11.54,11.34,11.4,30395401
2011-07-05,11.4,11.52,11.29,11.45,32424391
2011-07-06,11.47,11.54,11.47,11.47,20189580
2011-07-07,11.38,11.52,11.34,11.47,19533539
2011-07-08,11.47,11.67,11.4,11.54,36397830
2011-07-11,11.52,11.52,11.43,11.49,17479750
2011-07-12,11.36,11.47,11.23,11.34,27312463
2011-07-13,11.29,11.52,11.29,11.49,25178641
2011-07-14,11.47,11.49,11.34,11.43,13350755
2011-07-15,11.45,11.74,11.43,11.67,32652089
2011-07-18,11.65,11.91,11.63,11.71,35804914
2011-07-19,11.71,11.93,11.69,11.74,27387986
2011-07-20,11.78,11.82,11.63,11.78,19826616
2011-07-21,11.69,11.78,11.43,11.58,28939036
2011-07-22,11.63,11.96,11.52,11.89,30387510
2011-07-25,11.91,11.91,11.67,11.76,11928208
2011-07-26,11.82,12.33,11.78,12.2,42031660
2011-07-27,12.13,12.68,12.13,12.44,52760509
2011-07-28,12.22,12.51,12.22,12.44,19594409
2011-07-29,12.27,12.46,12.18,12.24,21661725
2011-08-01,12.29,12.82,12.29,12.66,46414279
2011-08-02,12.66,12.71,12.31,12.44,28733883
2011-08-03,12.27,12.27,12.09,12.22,34816345
2011-08-04,12.35,13.04,12.31,12.44,83797297
2011-08-05,11.71,12.22,11.63,11.74,82201158
2011-08-08,11.47,11.91,10.92,11.34,93646917
2011-08-09,10.68,11.65,10.63,11.18,105436477
2011-08-10,11.91,11.96,11.49,11.78,82932721
2011-08-11,11.52,11.82,11.4,11.56,64160053
2011-08-12,11.69,11.71,11.27,11.27,56924448
2011-08-15,11.43,11.54,11.25,11.52,29158844
2011-08-16,11.6,11.63,11.32,11.38,34430837
2011-08-17,11.34,11.6,11.29,11.45,34917794
2011-08-18,11.38,11.49,11.29,11.4,29958040
2011-08-19,11.05,11.29,10.79,10.88,49319116
2011-08-22,10.88,11.23,10.72,11.01,49696734
2011-08-23,11.21,11.77,11.12,11.73,68672920
2011-08-24,11.77,12.08,11.45,11.89,53687568
2011-08-25,12.15,12.19,11.63,11.7,39768650
2011-08-26,11.87,11.89,11.49,11.68,32763329
2011-08-29,11.87,12.1,11.8,11.84,39203937
2011-08-30,12.05,12.05,11.77,11.87,44886436
2011-08-31,11.96,11.98,11.7,11.98,23335598
2011-09-01,12.05,12.38,12.03,12.05,67174385
2011-09-02,12.24,12.24,12.01,12.08,35147061
2011-09-05,11.87,11.87,11.63,11.63,44300725
2011-09-06,11.45,11.45,10.86,10.89,68160147
2011-09-07,11.12,11.14,10.42,10.89,95465317
2011-09-08,10.98,11.21,10.89,11.07,42685047
2011-09-09,11.17,11.31,11.05,11.17,23816322
2011-09-13,10.93,10.93,10.4,10.47,58405301
2011-09-14,10.56,10.65,9.74,9.88,110020780
2011-09-15,10.16,10.21,9.9,10.12,69839921
2011-09-16,10.33,10.82,10.33,10.72,71040076
2011-09-19,10.63,10.63,10.28,10.33,32601983
2011-09-20,10.33,10.47,9.95,10.16,36165977
2011-09-21,10.35,10.54,10.14,10.37,36497511
2011-09-22,10.09,10.09,9.81,9.86,52308385
2011-09-23,9.39,9.58,9.25,9.39,88750641
2011-09-26,8.88,8.88,8.88,8.88,109929055
2011-09-27,9.32,9.32,9.06,9.18,47581810
2011-09-28,9.32,9.48,9.18,9.39,65391835
2011-09-29,9.34,9.88,9.27,9.76,54568344
2011-09-30,9.93,10.21,9.9,9.97,75746758
2011-10-03,9.72,9.74,9.39,9.41,39405068
2011-10-04,9.16,9.44,9.11,9.44,49743414
2011-10-05,9.46,9.51,9.3,9.3,22864819
2011-10-06,9.58,9.88,9.58,9.72,47575179
2011-10-07,10.09,10.09,10.09,10.09,33719253
2011-10-11,10.51,10.63,10.47,10.51,71893224
2011-10-12,10.47,10.47,10.23,10.35,28279880
2011-10-13,10.61,10.61,10.35,10.44,35040970
2011-10-14,10.28,10.3,10.14,10.14,24892704
2011-10-17,10.28,10.51,10.16,10.42,42711570
2011-10-18,10.19,10.3,10.12,10.19,24691573
2011-10-19,10.35,10.35,10.12,10.28,31345467
2011-10-20,10.26,10.28,10.0,10.02,28179314
2011-10-21,10.14,10.21,10.04,10.21,25171193
2011-10-24,10.44,10.63,10.4,10.54,69285154
2011-10-25,10.63,10.75,10.54,10.65,43472994
2011-10-26,10.51,10.65,10.47,10.61,31911286
2011-10-27,10.63,10.79,10.54,10.63,50025218
2011-10-28,11.12,11.19,10.91,10.98,92994281
2011-10-31,11.03,11.17,10.82,10.91,38786204
2011-11-01,10.75,11.03,10.68,10.89,43277389
2011-11-02,10.4,10.72,10.4,10.65,37299824
2011-11-03,10.58,10.61,10.26,10.28,57464849
2011-11-04,10.51,10.65,10.49,10.58,61926196
2011-11-07,10.51,10.51,10.37,10.44,23704706
2011-11-08,10.58,10.58,10.3,10.33,28963946
2011-11-09,10.47,10.49,10.23,10.3,32594247
2011-11-10,9.9,10.07,9.6,9.6,91015020
2011-11-11,9.6,9.69,9.44,9.65,32747858
2011-11-14,9.83,9.95,9.65,9.67,46158422
2011-11-15,9.6,9.67,9.44,9.55,33949117
2011-11-16,9.51,9.62,9.25,9.25,61824526
2011-11-17,9.04,9.23,8.97,9.13,53658835
2011-11-18,9.02,9.34,8.99,9.2,64365184
2011-11-21,9.16,9.32,9.11,9.2,47990702
2011-11-22,9.58,9.58,9.16,9.25,66236143
2011-11-23,9.16,9.23,8.9,8.9,45647860
2011-11-24,8.95,9.3,8.95,9.25,70047683
2011-11-25,9.3,9.34,8.97,8.99,54483250
2011-11-28,9.13,9.2,9.09,9.13,30046958
2011-11-29,9.3,9.3,9.13,9.25,30669137
2011-11-30,9.25,9.25,9.02,9.11,36173713
2011-12-01,9.74,9.74,9.58,9.74,66904737
2011-12-02,9.74,9.86,9.62,9.69,56847090
2011-12-05,9.76,9.76,9.46,9.6,25008741
2011-12-06,9.6,9.6,9.37,9.41,27983709
2011-12-07,9.53,9.62,9.51,9.62,31973173
2011-12-08,9.58,9.62,9.39,9.55,29880086
2011-12-09,9.37,9.6,9.34,9.51,47301111
2011-12-12,9.74,9.74,9.62,9.69,25035264
2011-12-13,9.48,9.58,9.34,9.37,25381164
2011-12-14,9.51,9.51,9.34,9.37,23943411
2011-12-15,9.27,9.27,8.99,8.99,41119100
2011-12-16,9.11,9.16,8.99,9.09,20293217
2011-12-19,9.04,9.04,8.46,8.5,59276132
2011-12-20,8.64,8.64,8.22,8.25,93807645
2011-12-21,8.81,8.81,8.71,8.81,50994404
2011-12-22,8.92,9.2,8.9,9.16,81329797
2011-12-23,9.39,9.67,9.37,9.53,77283973
2011-12-26,9.53,9.53,9.34,9.37,33048449
2011-12-27,9.34,9.44,9.2,9.41,24236266
2011-12-28,9.46,9.46,9.34,9.34,14378644
2011-12-29,9.34,9.44,9.25,9.44,16267285
2011-12-30,9.58,9.65,9.44,9.44,34324856
2012-01-02,9.44,9.44,9.44,9.44,0
2012-01-03,9.44,9.44,9.44,9.44,0
2012-01-04,9.44,9.44,9.44,9.44,0
2012-01-05,9.44,9.44,9.44,9.44,0
2012-01-06,9.53,9.58,9.41,9.53,39270244
2012-01-09,9.51,9.51,9.3,9.44,24739093
2012-01-10,9.55,9.72,9.51,9.67,77076211
2012-01-11,9.76,9.76,9.55,9.55,46609309
2012-01-12,9.65,9.65,9.53,9.55,33354566
2012-01-13,9.65,9.69,9.53,9.55,54603708
2012-01-16,9.76,9.76,9.11,9.13,73246989
2012-01-17,9.18,9.23,8.97,9.2,49916917
2012-01-18,9.16,9.16,8.85,8.88,67858451
2012-01-30,9.13,9.2,9.02,9.02,56011623
2012-01-31,9.09,9.55,9.06,9.48,90900089
2012-02-01,9.53,10.04,9.44,9.79,106750746
2012-02-02,10.02,10.12,9.83,9.97,52297334
2012-02-03,10.04,10.12,9.81,10.09,55361816
2012-02-06,10.3,10.35,10.02,10.04,44929535
2012-02-07,10.19,10.37,10.12,10.19,32220718
2012-02-08,10.35,10.58,10.33,10.56,58646216
2012-02-09,10.54,10.61,10.42,10.61,45643439
2012-02-10,10.61,10.75,10.49,10.72,53420130
2012-02-13,10.75,10.79,10.58,10.68,27535033
2012-02-14,10.65,10.65,10.35,10.51,32912520
2012-02-15,10.51,10.63,10.33,10.63,45463305
2012-02-16,10.51,10.54,10.23,10.26,35424445
2012-02-17,10.37,10.49,10.02,10.04,56932184
2012-02-20,10.14,10.14,10.0,10.0,38064564
2012-02-21,9.95,9.97,9.79,9.93,31041561
2012-02-22,9.9,10.3,9.86,10.28,42170064
2012-02-23,10.26,10.28,10.04,10.04,37390444
2012-02-24,10.26,10.26,10.04,10.23,25885097
2012-02-29,10.28,10.7,10.28,10.7,81959712
2012-03-01,10.51,10.61,10.33,10.54,41382117
2012-03-02,10.56,10.61,10.19,10.21,44654362
2012-03-05,10.0,10.02,9.83,9.88,42943644
2012-03-06,9.81,9.88,9.58,9.72,53328405
2012-03-07,9.53,9.65,9.48,9.51,28085380
2012-03-08,9.72,10.0,9.58,9.88,51583430
2012-03-09,9.81,9.95,9.67,9.93,33762353
2012-03-12,9.95,9.95,9.76,9.83,14524520
2012-03-13,9.93,10.16,9.93,10.12,40368727
2012-03-14,10.37,10.49,10.23,10.28,48501265
2012-03-15,10.37,10.42,10.21,10.35,22907918
2012-03-16,10.33,10.33,10.09,10.09,16385532
2012-03-19,10.09,10.19,9.9,10.0,20083246
2012-03-20,10.0,10.02,9.88,9.93,16696070
2012-03-21,10.0,10.04,9.93,10.02,15725779
2012-03-22,10.02,10.19,10.02,10.14,21684556
2012-03-23,10.28,10.35,10.21,10.26,30065745
2012-03-26,10.26,10.26,9.95,9.97,33132438
2012-03-27,10.02,10.04,9.95,10.0,15785455
2012-03-28,10.09,10.09,9.88,9.95,20634698
2012-03-29,9.9,9.93,9.72,9.86,29350736
2012-03-30,9.74,9.83,9.72,9.74,32990983
2012-04-02,9.69,9.83,9.65,9.76,18161451
2012-04-03,9.88,10.09,9.88,10.0,47847037
2012-04-05,9.72,9.97,9.69,9.88,33636370
2012-04-06,9.86,9.93,9.72,9.86,29802728
2012-04-09,9.65,9.86,9.6,9.74,17776872
2012-04-10,9.86,9.95,9.72,9.81,27803575
2012-04-11,9.72,10.04,9.67,9.97,25050735
2012-04-12,10.04,10.04,9.86,9.93,16882834
2012-04-13,10.07,10.07,9.97,10.0,19010179
2012-04-16,9.86,10.04,9.81,10.02,14824006
2012-04-17,10.07,10.14,9.93,10.04,30832694
2012-04-18,10.19,10.33,10.07,10.14,52857627
2012-04-19,10.19,10.37,10.07,10.28,44228892
2012-04-20,10.28,10.42,10.07,10.07,34088362
2012-04-23,10.02,10.42,10.0,10.42,55273407
2012-04-24,10.42,10.44,10.3,10.42,28250042
2012-04-25,10.47,10.58,10.35,10.35,33855183
2012-04-26,10.47,10.51,10.4,10.47,29492190
2012-04-27,10.56,10.56,10.4,10.54,24911491
2012-04-30,10.42,10.79,10.42,10.79,38089981
2012-05-02,10.75,10.79,10.63,10.7,26965899
2012-05-03,10.56,10.65,10.51,10.51,18034363
2012-05-04,10.51,10.61,10.42,10.49,23648345
2012-05-07,10.3,10.47,10.19,10.44,32787642
2012-05-08,10.49,10.51,10.33,10.44,19356080
2012-05-09,10.28,10.4,10.21,10.21,17287306
2012-05-10,10.21,10.42,10.21,10.4,15714728
2012-05-11,10.35,10.4,9.9,10.0,42735883
2012-05-14,10.0,10.12,9.95,10.12,10393601
2012-05-15,10.07,10.14,9.95,10.14,16546879
2012-05-16,10.14,10.19,9.81,9.81,29034673
2012-05-17,9.95,10.16,9.86,10.07,26444285
2012-05-18,9.88,9.95,9.69,9.72,37267776
2012-05-21,9.79,9.88,9.74,9.83,12972939
2012-05-22,9.95,9.95,9.83,9.9,10606889
2012-05-23,9.76,9.79,9.53,9.58,25055156
2012-05-24,9.58,9.67,9.18,9.32,45515246
2012-05-25,9.34,9.34,9.2,9.27,26934955
2012-05-28,9.34,9.58,9.27,9.48,22663688
2012-05-29,9.58,9.81,9.55,9.76,23262660
2012-05-30,9.76,9.83,9.62,9.76,39037064
2012-05-31,9.51,9.69,9.39,9.69,42083865
2012-06-01,9.48,9.55,9.39,9.44,15755617
2012-06-04,9.18,9.3,8.97,9.06,33153435
2012-06-05,9.25,9.37,9.23,9.37,20909871
2012-06-06,9.46,9.53,9.34,9.41,17443127
2012-06-07,9.67,9.67,9.53,9.58,18753793
2012-06-08,9.72,9.86,9.67,9.72,31504604
2012-06-11,9.88,9.95,9.86,9.95,21527630
2012-06-12,9.81,9.97,9.81,9.9,12875689
2012-06-13,9.97,10.16,9.83,10.12,26973634
2012-06-14,10.12,10.19,10.0,10.0,23720177
2012-06-15,10.09,10.14,9.95,9.95,36602497
2012-06-18,10.28,10.28,10.14,10.16,30692345
2012-06-19,10.12,10.14,10.0,10.09,19151634
2012-06-20,10.09,10.12,10.0,10.09,28987153
2012-06-21,9.86,9.95,9.79,9.83,29599387
2012-06-22,9.69,9.95,9.62,9.95,27748320
2012-06-25,9.9,10.04,9.83,9.83,27594709
2012-06-26,9.81,9.81,9.74,9.81,15035082
2012-06-27,9.88,10.16,9.79,10.14,41372171
2012-06-28,10.19,10.19,10.02,10.04,24666155
2012-06-29,10.09,10.21,10.02,10.21,26575793
2012-07-02,10.3,10.47,10.28,10.37,43286230
2012-07-03,10.47,10.61,10.4,10.54,53554954
2012-07-04,10.61,10.7,10.56,10.68,45645649
2012-07-05,10.65,10.75,10.65,10.72,36745057
2012-07-06,10.75,10.75,10.61,10.68,26434339
2012-07-09,10.61,10.63,10.49,10.56,14821795
2012-07-10,10.54,10.61,10.42,10.47,25372324
2012-07-11,10.51,10.82,10.44,10.79,41941305
2012-07-12,10.77,10.89,10.72,10.82,38484507
2012-07-13,10.77,10.89,10.72,10.86,34051893
2012-07-16,10.86,10.86,10.68,10.68,20528607
2012-07-17,10.65,10.93,10.65,10.93,27573712
2012-07-18,10.91,10.91,10.68,10.7,30700081
2012-07-19,10.75,10.84,10.7,10.7,21871321
2012-07-20,10.68,10.82,10.68,10.82,14347701
2012-07-23,10.7,10.79,10.63,10.79,18866514
2012-07-24,10.75,10.82,10.65,10.82,20155078
2012-07-25,10.7,10.89,10.65,10.89,36366003
2012-07-26,10.89,10.98,10.77,10.77,38538658
2012-07-27,10.79,10.93,10.79,10.93,25846418
2012-07-30,10.96,11.31,10.93,11.07,43305017
2012-07-31,11.12,11.38,11.05,11.38,52158089
2012-08-01,11.38,11.45,11.28,11.33,26247574
2012-08-02,11.33,11.33,11.33,11.33,0
2012-08-03,11.26,11.28,11.21,11.21,27351584
2012-08-06,11.31,11.45,11.31,11.33,34349169
2012-08-07,11.38,11.4,11.17,11.24,52587979
2012-08-08,11.37,11.47,11.35,11.45,49017000
2012-08-09,11.45,11.64,11.4,11.64,45473012
2012-08-10,11.64,11.64,11.4,11.47,23617875
2012-08-13,11.5,11.5,11.3,11.37,20253537
2012-08-14,11.33,11.45,11.08,11.15,44496374
2012-08-15,11.23,11.28,11.13,11.18,35818775
2012-08-16,11.25,11.33,11.13,11.23,37044744
2012-08-17,11.25,11.28,11.13,11.25,23880272
2012-08-20,11.2,11.25,11.13,11.13,14923945
2012-08-21,11.23,11.45,11.23,11.45,42278523
2012-08-22,11.5,11.6,11.45,11.5,33301509
2012-08-23,11.5,11.57,11.4,11.45,17695986
2012-08-24,11.45,11.45,11.3,11.33,26913621
2012-08-27,11.35,11.4,11.2,11.2,21925907
2012-08-28,11.13,11.15,11.03,11.03,18487531
2012-08-29,11.1,11.2,11.08,11.13,21714683
2012-08-30,11.08,11.15,10.91,10.96,34284680
2012-08-31,11.01,11.08,10.93,11.08,20264424
2012-09-03,11.2,11.28,11.1,11.1,28988841
2012-09-04,11.13,11.13,10.88,10.93,33551929
2012-09-05,10.91,10.93,10.74,10.76,32504520
2012-09-06,10.81,10.86,10.74,10.76,17186436
2012-09-07,11.01,11.03,10.88,10.93,28685070
2012-09-10,10.96,11.08,10.96,11.05,18190293
2012-09-11,11.08,11.08,10.91,10.91,11807849
2012-09-12,10.98,11.1,10.96,11.03,18588788
2012-09-13,11.1,11.13,11.05,11.08,15897317
2012-09-14,11.25,11.47,11.2,11.47,63136335
2012-09-17,11.5,11.69,11.47,11.52,55270968
2012-09-18,11.25,11.4,11.1,11.28,49882582
2012-09-19,11.23,11.35,11.18,11.2,35685944
2012-09-20,11.18,11.3,10.98,11.05,35009809
2012-09-21,11.08,11.15,11.03,11.1,18808722
2012-09-24,11.1,11.1,10.98,11.05,17024207
2012-09-25,11.05,11.15,11.05,11.1,17488028
2012-09-26,11.08,11.15,10.96,11.13,28575103
2012-09-27,11.15,11.2,11.08,11.2,23140988
2012-09-28,11.2,11.2,11.03,11.1,19091805
2012-10-01,11.01,11.08,10.98,10.98,13619583
2012-10-02,11.08,11.15,11.05,11.15,14347979
2012-10-03,11.05,11.08,10.91,10.96,37976743
2012-10-04,10.98,11.03,10.91,10.98,17504360
2012-10-05,10.98,11.18,10.96,11.15,27507007
2012-10-08,11.15,11.15,10.93,10.96,21527412
2012-10-09,11.01,11.05,10.96,10.96,15710046
2012-10-11,10.86,10.93,10.81,10.81,22954807
2012-10-12,10.81,10.86,10.69,10.78,24339738
2012-10-15,10.76,10.78,10.64,10.71,16943637
2012-10-16,10.71,10.83,10.71,10.81,15877719
2012-10-17,10.86,10.86,10.66,10.76,30295380
2012-10-18,10.76,10.88,10.71,10.88,20474559
2012-10-19,10.88,10.88,10.71,10.81,24553140
2012-10-22,10.71,10.86,10.66,10.78,11855755
2012-10-23,10.78,10.83,10.76,10.81,10355412
2012-10-24,10.69,10.81,10.66,10.71,16364405
2012-10-25,10.78,10.81,10.69,10.69,11855755
2012-10-26,10.71,10.71,10.37,10.37,26448711
2012-10-29,10.34,10.47,10.32,10.39,16576717
2012-10-30,10.39,10.54,10.39,10.51,12725693
2012-10-31,10.51,10.51,10.32,10.44,18705287
2012-11-01,10.32,10.37,10.19,10.34,17896322
2012-11-02,10.47,10.61,10.47,10.61,17149417
2012-11-05,10.56,10.56,10.42,10.47,10955332
2012-11-06,10.56,10.56,10.39,10.47,11036990
2012-11-07,10.51,10.61,10.47,10.56,15188519
2012-11-08,10.47,10.49,10.34,10.44,16041036
2012-11-09,10.34,10.42,10.24,10.42,26799299
2012-11-12,10.47,10.47,10.34,10.37,11500812
2012-11-13,10.42,10.42,10.22,10.22,20822970
2012-11-14,10.22,10.27,10.15,10.24,9287317
2012-11-15,10.22,10.22,10.07,10.07,13873270
2012-11-16,10.17,10.24,10.12,10.22,13599985
2012-11-19,10.27,10.42,10.27,10.32,14026788
2012-11-20,10.47,10.51,10.39,10.51,16038858
2012-11-21,10.51,10.59,10.32,10.42,17985602
2012-11-22,10.51,10.64,10.47,10.49,18465755
2012-11-23,10.64,10.76,10.59,10.76,32677637
2012-11-26,10.81,11.01,10.81,11.01,39482529
2012-11-27,11.01,11.05,10.91,11.01,20273135
2012-11-28,11.01,11.03,10.88,11.01,21695085
2012-11-29,11.05,11.13,11.03,11.08,31985171
2012-11-30,11.08,11.18,11.05,11.18,27548381
2012-12-03,11.15,11.25,11.08,11.18,17298580
2012-12-04,11.1,11.15,11.05,11.15,11323340
2012-12-05,11.15,11.25,11.08,11.23,16308877
2012-12-06,11.23,11.25,11.13,11.25,16998076
2012-12-07,11.25,11.3,11.2,11.25,20895918
2012-12-10,11.25,11.3,11.05,11.05,21065769
2012-12-11,11.05,11.08,10.86,10.91,33065243
2012-12-12,11.05,11.28,11.01,11.25,43580707
2012-12-13,11.3,11.3,11.2,11.3,27309938
2012-12-14,11.2,11.3,11.18,11.3,19281254
2012-12-17,11.25,11.28,11.08,11.15,17150506
2012-12-18,11.13,11.25,11.13,11.25,12740935
2012-12-19,11.3,11.4,11.2,11.25,36053952
2012-12-20,11.2,11.2,11.05,11.1,21524146
2012-12-21,11.13,11.15,10.96,11.01,15305019
2012-12-24,11.01,11.05,10.98,11.03,6673149
2012-12-25,10.96,11.18,10.96,11.18,7028092
2012-12-26,11.15,11.2,11.13,11.18,10245445
2012-12-27,11.18,11.18,10.98,11.05,22402794
2012-12-28,11.18,11.2,11.08,11.1,16230484
2013-01-02,11.18,11.25,11.1,11.25,17488028
2013-01-03,11.3,11.35,11.25,11.35,30164726
2013-01-04,11.33,11.33,11.2,11.28,16498325
2013-01-07,11.25,11.25,11.13,11.2,12304334
2013-01-08,11.2,11.25,11.13,11.23,10950977
2013-01-09,11.23,11.3,11.15,11.25,23986973
2013-01-10,11.3,11.5,11.25,11.5,53712920
2013-01-11,11.55,11.62,11.47,11.47,28676360
2013-01-14,11.4,11.55,11.25,11.55,25294601
2013-01-15,11.55,11.55,11.37,11.45,19079829
2013-01-16,11.5,11.55,11.35,11.35,20898096
2013-01-17,11.4,11.45,11.2,11.2,21065769
2013-01-18,11.37,11.45,11.33,11.4,14245633
2013-01-21,11.35,11.4,11.25,11.3,7861011
2013-01-22,11.35,11.45,11.33,11.42,11598802
2013-01-23,11.42,11.42,11.35,11.42,6819046
2013-01-24,11.3,11.37,11.25,11.28,18614919
2013-01-25,11.25,11.4,11.25,11.4,17060137
2013-01-28,11.47,11.6,11.47,11.6,29497302
2013-01-29,11.64,11.69,11.55,11.62,18341634
2013-01-30,11.69,11.69,11.62,11.64,25758422
2013-01-31,11.64,11.87,11.57,11.87,28805925
2013-02-01,11.87,11.89,11.79,11.87,13182981
2013-02-04,11.94,12.68,11.94,12.58,95129128
2013-02-05,12.43,12.65,12.28,12.38,72892917
2013-02-06,12.5,12.73,12.46,12.48,57017376
2013-02-18,12.68,12.68,12.36,12.38,32974874
2013-02-19,12.33,12.38,12.21,12.28,24776340
2013-02-20,12.46,12.55,12.36,12.46,42243682
2013-02-21,12.38,12.38,12.23,12.23,17734093
2013-02-22,12.16,12.26,12.06,12.14,34118096
2013-02-25,12.23,12.23,11.99,11.99,38022471
2013-02-26,11.87,12.09,11.87,11.99,30686253
2013-02-27,12.09,12.11,11.96,12.01,32207283
2013-03-01,12.04,12.26,12.04,12.26,23834543
2013-03-04,12.26,12.26,12.04,12.11,25239073
2013-03-05,12.21,12.38,12.14,12.33,38358905
2013-03-06,12.5,12.5,12.23,12.26,25147615
2013-03-07,12.23,12.36,12.23,12.28,17627393
2013-03-08,12.33,12.55,12.33,12.48,39485795
2013-03-11,12.48,12.58,12.43,12.48,37210239
2013-03-12,12.48,12.48,12.23,12.23,32110381
2013-03-13,12.38,12.41,12.18,12.18,26622916
2013-03-14,12.21,12.33,12.16,12.23,23964108
2013-03-15,12.28,12.43,12.16,12.41,29892530
2013-03-18,12.28,12.28,11.99,12.01,27619152
2013-03-19,12.01,12.09,11.99,11.99,25470984
2013-03-20,11.99,12.09,11.87,11.89,36700689
2013-03-21,11.89,11.96,11.84,11.84,29896886
2013-03-22,11.84,11.84,11.74,11.77,26334388
2013-03-25,11.91,12.04,11.91,11.96,29666064
2013-03-26,11.96,11.96,11.87,11.87,14459035
2013-03-27,11.99,11.99,11.91,11.96,13871092
2013-03-28,11.96,11.99,11.74,11.87,21481684
2013-03-29,11.84,11.89,11.77,11.87,14662637
2013-04-01,11.89,11.91,11.79,11.79,11727279
2013-04-02,11.77,11.84,11.67,11.77,17478229
2013-04-03,11.89,11.89,11.79,11.87,21742991
2013-04-08,11.6,11.6,11.42,11.42,34617848
2013-04-09,11.55,11.69,11.47,11.57,25294601
2013-04-10,11.57,11.6,11.47,11.6,20446251
2013-04-11,11.57,11.62,11.5,11.57,26710018
2013-04-12,11.57,11.6,11.45,11.5,14045297
2013-04-15,11.45,11.5,11.28,11.4,22953718
2013-04-16,11.33,11.35,11.23,11.28,29433064
2013-04-17,11.3,11.3,11.08,11.15,43290002
2013-04-18,11.13,11.28,11.08,11.18,19478323
2013-04-19,11.2,11.37,11.18,11.35,23102881
2013-04-22,11.4,11.5,11.37,11.42,16718259
2013-04-23,11.3,11.4,11.18,11.4,29923016
2013-04-24,11.3,11.52,11.3,11.47,30986757
2013-04-25,11.45,11.47,11.37,11.42,27587577
2013-04-26,11.4,11.45,11.25,11.25,37560827
2013-04-29,11.25,11.28,11.08,11.15,41752641
2013-04-30,11.2,11.3,11.18,11.18,33588948
2013-05-02,11.3,11.45,11.25,11.4,35129576
2013-05-03,11.47,11.57,11.45,11.5,31593209
2013-05-06,11.57,11.62,11.47,11.6,28559860
2013-05-07,11.57,11.6,11.5,11.55,27865217
2013-05-08,11.6,11.72,11.55,11.55,40056318
2013-05-09,11.64,11.72,11.57,11.57,24059921
2013-05-10,11.57,11.64,11.5,11.5,16036681
2013-05-13,11.6,11.6,11.45,11.45,13490018
2013-05-14,11.55,11.6,11.45,11.47,14244544
2013-05-15,11.5,11.64,11.5,11.62,20528999
2013-05-16,11.69,12.01,11.69,11.94,39207067
2013-05-17,11.94,12.04,11.89,11.89,21086455
2013-05-20,11.89,12.09,11.79,12.04,30802753
2013-05-21,12.04,12.06,11.91,11.94,22207902
2013-05-22,11.94,11.99,11.91,11.91,20915517
2013-05-23,11.91,11.94,11.6,11.67,33744644
2013-05-24,11.67,11.69,11.55,11.57,25386059
2013-05-27,11.55,11.79,11.52,11.77,18327480
2013-05-28,11.69,11.84,11.69,11.79,24240659
2013-05-29,11.84,11.87,11.72,11.79,22781690
2013-05-30,11.72,11.77,11.6,11.64,23836721
2013-05-31,11.77,11.84,11.62,11.84,54971553
2013-06-03,11.69,11.74,11.64,11.67,15143879
2013-06-04,11.67,11.69,11.5,11.5,19344403
2013-06-05,11.5,11.52,11.4,11.4,23964108
2013-06-06,11.35,11.4,11.25,11.25,22984204
2013-06-07,11.25,11.35,11.2,11.28,20262247
2013-06-10,11.33,11.52,11.3,11.5,15669761
2013-06-11,11.45,11.5,11.4,11.4,19732010
2013-06-13,11.3,11.35,11.15,11.15,22525826
2013-06-14,11.15,11.2,11.1,11.1,16887020
2013-06-17,11.15,11.2,11.1,11.13,9497452
2013-06-18,11.18,11.2,11.1,11.13,16974123
2013-06-19,11.15,11.23,11.1,11.13,19929079
2013-06-20,11.1,11.18,11.03,11.15,20534443
2013-06-21,11.05,11.2,10.83,11.2,60223841
2013-06-24,11.1,11.1,10.93,10.93,34566675
2013-06-25,10.91,11.05,10.83,10.86,30215899
2013-06-26,10.98,10.98,10.81,10.86,34972791
2013-06-27,10.93,11.05,10.93,11.01,21085367
2013-06-28,11.03,11.2,11.01,11.18,19550183
2013-07-01,11.18,11.35,11.08,11.3,15889695
2013-07-02,11.35,11.37,11.2,11.3,13555345
2013-07-03,11.3,11.33,11.1,11.3,19485945
2013-07-04,11.23,11.52,11.2,11.5,26130786
2013-07-05,11.6,11.6,11.45,11.45,16820605
2013-07-08,11.4,11.45,11.28,11.37,14435081
2013-07-09,11.4,11.64,11.37,11.62,24483458
2013-07-10,11.72,12.04,11.72,11.94,74264783
2013-07-11,11.96,12.18,11.94,12.16,62748728
2013-07-12,12.16,12.21,12.09,12.21,30957360
2013-07-15,11.99,12.21,11.99,12.21,21600361
2013-07-16,12.18,12.21,12.04,12.16,20885031
2013-07-17,12.16,12.38,11.94,12.33,34194311
2013-07-18,12.28,12.33,12.21,12.28,29795629
2013-07-19,12.28,12.33,12.16,12.26,22693499
2013-07-22,12.28,12.38,12.28,12.28,21908486
2013-07-23,12.36,12.5,12.18,12.36,49377387
2013-07-24,12.36,12.38,12.23,12.36,27761783
2013-07-25,12.28,12.36,12.21,12.26,25055069
2013-07-26,12.28,12.38,12.23,12.28,23985884
2013-07-29,12.23,12.31,12.21,12.28,11619489
2013-07-30,12.38,12.5,12.36,12.5,36509063
2013-07-31,12.5,12.5,12.31,12.31,19039544
2013-08-01,12.33,12.5,12.26,12.46,25146526
2013-08-02,12.5,12.6,12.48,12.6,28237581
2013-08-05,12.6,12.7,12.5,12.63,19939967
2013-08-06,12.6,12.6,12.38,12.41,29069411
2013-08-07,12.28,12.48,12.21,12.33,26653402
2013-08-08,12.26,12.38,12.21,12.33,24844934
2013-08-09,12.33,12.33,12.11,12.26,25850969
2013-08-12,12.18,12.26,12.16,12.18,40883793
2013-08-13,12.29,12.31,11.93,11.98,45932478
2013-08-14,11.98,11.98,11.82,11.93,29310032
2013-08-15,11.82,11.93,11.77,11.82,32353180
2013-08-16,11.82,11.98,11.77,11.93,21499104
2013-08-19,11.93,11.93,11.82,11.85,14776959
2013-08-20,11.82,11.93,11.8,11.82,18148919
2013-08-22,11.82,11.85,11.72,11.8,40462434
2013-08-23,11.85,11.85,11.77,11.8,25431787
2013-08-26,11.82,11.85,11.77,11.82,18488620
2013-08-27,11.82,11.88,11.8,11.82,15272355
2013-08-28,11.77,11.82,11.57,11.65,28932224
2013-08-29,11.7,11.75,11.65,11.65,24763275
2013-08-30,11.75,11.75,11.67,11.75,17032917
2013-09-02,11.75,11.75,11.7,11.72,11022836
2013-09-03,11.98,12.0,11.85,11.93,26286482
2013-09-04,11.93,12.13,11.88,12.13,30648146
2013-09-05,12.13,12.13,12.0,12.06,33050000
2013-09-06,12.06,12.06,11.95,12.0,20094574
2013-09-09,12.0,12.03,11.9,11.93,19524052
2013-09-10,12.0,12.11,11.93,12.11,44523593
2013-09-11,12.11,12.11,11.98,12.03,31235000
2013-09-12,12.03,12.11,12.0,12.11,18050929
2013-09-13,12.11,12.13,12.03,12.11,14306605
2013-09-16,12.11,12.34,12.11,12.31,33635766
2013-09-17,12.29,12.42,12.26,12.39,23478511
2013-09-18,12.44,12.49,12.39,12.39,23467623
2013-09-23,12.39,12.72,12.39,12.7,43525180
2013-09-24,12.67,12.72,12.52,12.72,40378597
2013-09-25,12.57,12.75,12.47,12.75,35756714
2013-09-26,12.7,12.7,12.44,12.44,23449114
2013-09-27,12.47,12.65,12.44,12.65,18092303
2013-09-30,12.54,12.6,12.47,12.47,17706874
2013-10-01,12.49,12.62,12.47,12.54,16505946
2013-10-02,12.49,12.54,12.31,12.31,20065177
2013-10-03,12.36,12.78,12.36,12.7,32893216
2013-10-04,12.62,12.83,12.62,12.78,21942239
2013-10-07,12.75,12.85,12.67,12.8,17378061
2013-10-08,12.8,12.9,12.75,12.9,19283431
2013-10-09,12.85,12.96,12.83,12.93,21955304
2013-10-11,13.01,13.06,12.88,12.9,20046668
2013-10-14,12.83,12.98,12.83,12.9,15990952
2013-10-15,12.9,13.03,12.9,13.03,19090717
2013-10-16,13.01,13.06,12.9,12.96,16425376
2013-10-17,12.96,13.01,12.85,12.85,10919402
2013-10-18,12.85,12.93,12.78,12.93,10826855
2013-10-21,12.85,12.93,12.6,12.7,23610254
2013-10-22,12.65,12.75,12.6,12.7,14319670
2013-10-23,12.72,12.83,12.72,12.78,11645620
2013-10-24,12.7,12.83,12.67,12.83,13632649
2013-10-25,12.75,12.85,12.72,12.8,18792390
2013-10-28,12.8,13.01,12.7,13.01,27927278
2013-10-29,13.0,13.05,12.84,12.92,32743160
2013-10-30,12.95,13.05,12.87,13.05,11040722
2013-10-31,12.95,13.21,12.95,13.21,22377543
2013-11-01,13.15,13.15,12.84,12.97,18059882
2013-11-04,12.87,12.89,12.76,12.76,11681372
2013-11-05,12.76,12.84,12.69,12.74,9791723
2013-11-06,12.74,12.74,12.56,12.63,12478148
2013-11-07,12.63,12.63,12.53,12.56,14973993
2013-11-08,12.53,12.66,12.53,12.58,11705060
2013-11-11,12.58,12.58,12.35,12.4,12458767
2013-11-12,12.48,12.63,12.45,12.63,11608155
2013-11-13,12.69,12.69,12.37,12.45,16712901
2013-11-14,12.48,12.5,12.35,12.45,12241269
2013-11-15,12.45,12.5,12.37,12.37,10737086
2013-11-18,12.37,12.5,12.35,12.35,11592004
2013-11-19,12.35,12.43,12.35,12.37,11256067
2013-11-20,12.37,12.58,12.35,12.53,15710472
2013-11-21,12.48,12.48,12.32,12.32,15615720
2013-11-22,12.32,12.48,12.32,12.48,9398719
2013-11-25,12.61,12.82,12.58,12.58,26291433
2013-11-26,12.66,12.79,12.61,12.76,23170012
2013-11-27,12.74,12.82,12.69,12.76,12358631
2013-11-28,12.74,12.89,12.71,12.82,15453135
2013-11-29,12.82,12.92,12.79,12.92,15355153
2013-12-02,12.92,12.92,12.79,12.84,12106678
2013-12-03,12.84,12.95,12.76,12.76,16077634
2013-12-04,12.74,12.76,12.66,12.71,12940062
2013-12-05,12.69,12.87,12.66,12.76,17635653
2013-12-06,12.71,12.79,12.63,12.63,15042903
2013-12-09,12.69,12.84,12.69,12.82,14736037
2013-12-10,12.76,12.97,12.74,12.97,22240799
2013-12-11,12.97,13.15,12.95,13.13,33005881
2013-12-12,13.1,13.1,13.0,13.0,14954612
2013-12-13,12.95,13.13,12.92,13.13,15034289
2013-12-16,13.0,13.15,12.84,13.1,21188841
2013-12-17,13.0,13.18,13.0,13.0,20149802
2013-12-18,13.0,13.02,12.82,12.84,21650755
2013-12-19,12.69,12.79,12.61,12.74,91892964
2013-12-20,12.71,12.79,12.69,12.74,26584302
2013-12-23,12.74,12.95,12.74,12.89,27243257
2013-12-24,12.89,12.95,12.84,12.87,14173987
2013-12-25,12.87,12.95,12.84,12.89,11770740
2013-12-26,12.87,12.97,12.87,12.95,13058502
2013-12-27,12.92,13.0,12.89,12.95,21099473
2013-12-30,13.0,13.08,12.97,13.08,21708898
2013-12-31,13.1,13.15,13.05,13.05,18634853
2014-01-02,13.0,13.23,13.0,13.13,24507302
2014-01-03,13.08,13.15,13.0,13.0,20425444
2014-01-06,12.95,13.0,12.89,12.92,16039949
2014-01-07,12.92,12.97,12.84,12.84,23053726
2014-01-08,12.84,13.0,12.84,12.92,17634576
2014-01-09,12.84,12.95,12.74,12.79,37964192
2014-01-10,12.84,12.87,12.74,12.79,18674691
2014-01-13,12.84,12.92,12.82,12.82,22902984
2014-01-14,12.79,12.84,12.76,12.82,11644764
2014-01-15,12.82,12.97,12.82,12.89,25528036
2014-01-16,12.97,13.0,12.92,12.92,18781287
2014-01-17,12.87,12.89,12.82,12.84,12241269
2014-01-20,12.84,12.97,12.82,12.92,14256895
2014-01-21,12.92,12.92,12.82,12.84,23713757
2014-01-22,12.84,12.92,12.82,12.92,14197675
2014-01-23,12.95,12.95,12.84,12.87,19617901
2014-01-24,12.84,12.87,12.76,12.84,25998564
2014-01-27,12.71,12.71,12.61,12.71,46023467
2014-02-05,12.48,12.58,12.43,12.48,57130947
2014-02-06,12.45,12.63,12.43,12.5,37030673
2014-02-07,12.58,12.66,12.53,12.66,15484360
2014-02-10,12.66,12.71,12.58,12.58,13171558
2014-02-11,12.58,12.66,12.58,12.61,10368846
2014-02-12,12.66,12.71,12.56,12.61,25330996
2014-02-13,12.63,12.63,12.5,12.53,19902156
2014-02-14,12.56,12.63,12.48,12.5,31023633
2014-02-17,12.5,12.56,12.45,12.45,16873333
2014-02-18,12.48,12.58,12.43,12.56,25601253
2014-02-19,12.53,12.53,12.4,12.48,26232213
2014-02-20,12.43,12.48,12.37,12.37,21701361
2014-02-21,12.48,12.61,12.45,12.61,36859474
2014-02-24,12.53,12.56,12.4,12.48,23115099
2014-02-25,12.48,12.53,12.4,12.48,63288728
2014-02-26,12.48,12.56,12.45,12.56,28592391
2014-02-27,12.56,12.61,12.5,12.58,24633279
2014-03-03,12.53,12.56,12.32,12.43,33485023
2014-03-04,12.32,12.4,12.32,12.32,15651252
2014-03-05,12.37,12.43,12.32,12.32,16147621
2014-03-06,12.4,12.45,12.32,12.4,22767317
2014-03-07,12.48,12.58,12.43,12.58,18815742
2014-03-10,12.48,12.53,12.43,12.43,18512106
2014-03-11,12.43,12.45,12.35,12.35,16679523
2014-03-12,12.32,12.35,12.24,12.27,26912703
2014-03-13,12.27,12.37,12.14,12.14,49278402
2014-03-14,12.11,12.14,12.04,12.04,27910825
2014-03-17,12.04,12.04,11.91,12.04,32582728
2014-03-18,12.04,12.27,12.04,12.19,25526959
2014-03-19,12.17,12.17,12.06,12.09,16057177
2014-03-20,12.04,12.04,11.91,11.91,34355015
2014-03-21,11.91,11.93,11.83,11.83,42170951
2014-03-24,11.83,11.93,11.75,11.85,33907098
2014-03-25,11.85,12.04,11.83,11.96,23421965
2014-03-26,11.98,12.11,11.96,12.01,22999889
2014-03-27,11.96,12.09,11.96,11.98,19875238
2014-03-28,11.96,12.14,11.96,12.14,16481406
2014-03-31,12.06,12.27,12.01,12.27,25493581
2014-04-01,12.14,12.19,12.09,12.17,21723972
2014-04-02,12.14,12.22,12.11,12.17,21438640
2014-04-03,12.17,12.22,12.11,12.17,14219210
2014-04-07,12.14,12.19,12.04,12.14,20975649
2014-04-08,12.17,12.22,12.14,12.19,13309378
2014-04-09,12.22,12.32,12.19,12.32,20298390
2014-04-10,12.35,12.4,12.3,12.4,18199856
2014-04-11,12.32,12.4,12.3,12.4,17583970
2014-04-14,12.4,12.43,12.35,12.35,21367577
2014-04-15,12.35,12.4,12.32,12.37,21536622
2014-04-16,12.37,12.43,12.32,12.32,28261837
2014-04-17,12.32,12.43,12.32,12.37,19567295
2014-04-18,12.37,12.43,12.35,12.4,14050164
2014-04-21,12.32,12.37,12.3,12.32,11416498
2014-04-22,12.32,12.32,12.24,12.24,13087573
2014-04-23,12.24,12.3,12.19,12.19,16374810
2014-04-24,12.19,12.27,12.17,12.27,15814914
2014-04-25,12.17,12.19,12.01,12.01,22923442
2014-04-28,11.96,12.06,11.93,12.04,16875486
2014-04-29,12.04,12.06,11.98,12.04,10627260
2014-04-30,12.04,12.04,11.98,12.01,16208995
2014-05-02,12.01,12.11,11.98,12.09,10882444
2014-05-05,12.09,12.09,12.01,12.01,9239364
2014-05-06,12.01,12.22,11.96,12.19,19372408
2014-05-07,12.14,12.27,12.06,12.27,14983683
2014-05-08,12.27,12.35,12.14,12.27,20497584
2014-05-09,12.24,12.3,12.22,12.22,13794981
2014-05-12,12.22,12.24,12.06,12.06,14238591
2014-05-13,12.09,12.24,12.09,12.22,13212473
2014-05-14,12.24,12.27,12.17,12.27,17769167
2014-05-15,12.22,12.35,12.17,12.35,15645868
2014-05-16,12.3,12.35,12.22,12.35,10996576
2014-05-19,12.3,12.37,12.27,12.37,12336020
2014-05-20,12.37,12.4,12.22,12.22,14876011
2014-05-21,12.22,12.24,12.11,12.17,17698103
2014-05-22,12.19,12.4,12.19,12.37,18486265
2014-05-23,12.32,12.58,12.32,12.56,26487397
2014-05-26,12.58,12.71,12.56,12.66,20103503
2014-05-27,12.69,12.74,12.61,12.74,15773998
2014-05-28,12.74,12.92,12.74,12.92,35799978
2014-05-29,12.92,12.95,12.79,12.82,24553601
2014-05-30,12.82,13.02,12.79,13.02,53117998
2014-06-03,13.0,13.0,12.79,12.89,32861600
2014-06-04,12.79,12.97,12.74,12.89,26144999
2014-06-05,12.79,12.97,12.76,12.89,26438944
2014-06-06,12.89,12.95,12.87,12.89,17355705
2014-06-09,12.89,12.92,12.87,12.92,10869523
2014-06-10,12.92,13.0,12.89,13.0,22346318
2014-06-11,12.92,13.0,12.87,12.95,14804947
2014-06-12,12.95,12.97,12.82,12.97,14292427
2014-06-13,12.89,12.95,12.87,12.92,7208663
2014-06-16,12.92,12.97,12.84,12.95,18465807
2014-06-17,12.95,12.95,12.82,12.87,25396676
2014-06-18,12.89,12.92,12.82,12.89,28331824
2014-06-19,12.89,12.89,12.79,12.89,30714613
2014-06-20,12.87,12.95,12.79,12.79,64967340
2014-06-23,12.79,12.89,12.76,12.79,15564037
2014-06-24,12.79,12.92,12.79,12.89,11979625
2014-06-25,12.89,12.92,12.79,12.92,21736893
2014-06-26,12.92,13.0,12.87,13.0,19877391
2014-06-27,13.0,13.0,12.95,12.97,12211120
2014-06-30,12.97,13.0,12.87,12.92,24330720
2014-07-01,13.0,13.0,12.92,13.0,19283040
2014-07-02,13.0,13.02,12.82,12.89,27864526
2014-07-03,12.92,12.92,12.82,12.82,16515861
2014-07-04,12.84,12.89,12.74,12.82,17950056
2014-07-07,12.82,12.87,12.76,12.87,12192816
2014-07-08,12.87,13.08,12.84,13.05,25670164
2014-07-09,13.05,13.08,13.0,13.05,13123105
2014-07-10,13.1,13.21,13.1,13.21,33939400
2014-07-11,13.21,13.21,13.13,13.18,21810110
2014-07-14,13.15,13.28,13.08,13.18,25699235
2014-07-15,13.26,13.67,13.23,13.54,41771486
2014-07-16,13.54,13.65,13.52,13.6,39612656
2014-07-17,13.6,13.62,13.47,13.57,21437564
2014-07-18,13.54,13.57,13.47,13.57,21816570
2014-07-21,13.62,13.67,13.52,13.62,9031556
2014-07-22,13.62,13.67,13.57,13.67,20808757
2014-07-23,13.67,13.67,13.67,13.67,0
2014-07-24,13.7,13.78,13.67,13.78,19108611
2014-07-25,13.83,13.91,13.73,13.83,24353331
2014-07-28,13.83,13.93,13.75,13.93,17109135
2014-07-29,13.96,14.04,13.62,13.78,24653737
2014-07-30,13.78,13.83,13.65,13.73,15865520
2014-07-31,13.75,13.75,13.57,13.75,21224372
2014-08-01,13.52,13.62,13.41,13.47,21145772
2014-08-04,13.39,13.54,13.26,13.54,19754645
2014-08-05,13.41,13.41,13.02,13.15,39195964
2014-08-06,13.1,13.49,13.1,13.49,26295740
2014-08-07,13.52,13.57,13.47,13.57,15463902
2014-08-08,13.54,13.57,13.36,13.52,18939565
2014-08-11,13.62,13.73,13.57,13.7,18530410
2014-08-12,13.7,13.73,13.54,13.65,28959554
2014-08-13,13.68,13.82,13.68,13.82,20340383
2014-08-14,13.82,13.84,13.65,13.65,12183126
2014-08-15,13.71,13.73,13.54,13.57,10778001
2014-08-18,13.57,13.63,13.46,13.49,16372657
2014-08-19,13.63,13.71,13.57,13.63,13974793
2014-08-20,13.63,13.79,13.63,13.73,18252616
2014-08-21,13.82,13.95,13.73,13.87,20941194
2014-08-22,13.84,14.25,13.82,14.17,49786616
2014-08-25,14.3,14.3,13.92,13.98,30629552
2014-08-26,14.09,14.14,14.01,14.11,21806880
2014-08-27,14.17,14.22,14.01,14.22,34995666
2014-08-28,14.22,14.22,13.98,14.06,22004997
2014-08-29,14.03,14.06,13.92,14.01,21542006
2014-09-01,14.09,14.14,14.06,14.11,14057701
2014-09-02,14.06,14.11,13.9,13.92,8562105
2014-09-03,14.01,14.09,13.95,14.09,17465531
2014-09-04,14.09,14.11,14.01,14.11,12247729
2014-09-05,14.11,14.11,13.92,13.92,16164849
2014-09-09,14.06,14.06,13.9,13.95,17839154
2014-09-10,13.95,13.98,13.76,13.92,15623257
2014-09-11,13.95,13.95,13.82,13.82,12380166
2014-09-12,13.82,13.82,13.71,13.79,18233235
2014-09-15,13.79,13.95,13.71,13.95,22732862
2014-09-16,13.98,13.98,13.71,13.71,13260926
2014-09-17,13.76,13.87,13.63,13.63,19903233
2014-09-18,13.68,13.71,13.6,13.68,13036967
2014-09-19,13.68,13.71,13.57,13.6,18985864
2014-09-22,13.57,13.68,13.54,13.68,19833246
2014-09-23,13.68,13.68,13.57,13.63,16331741
2014-09-24,13.65,13.71,13.49,13.54,13665774
2014-09-25,13.63,13.65,13.44,13.44,15220562
2014-09-26,13.41,13.68,13.33,13.63,13431048
2014-09-29,13.63,13.65,13.46,13.46,26848099
2014-09-30,13.52,13.57,13.41,13.54,18808205
2014-10-01,13.54,13.54,13.38,13.44,14868474
2014-10-02,13.54,13.54,13.3,13.35,14115844
2014-10-03,13.41,13.6,13.35,13.6,11203307
2014-10-06,13.57,13.6,13.46,13.49,10261174
2014-10-07,13.49,13.57,13.44,13.52,10652025
2014-10-08,13.52,13.71,13.49,13.65,14836172
2014-10-09,13.73,13.82,13.65,13.73,18136330
2014-10-13,13.57,13.6,13.38,13.38,15372380
2014-10-14,13.38,13.46,13.33,13.44,14343033
2014-10-15,13.44,13.44,13.27,13.3,16618149
2014-10-16,13.16,13.35,13.14,13.19,17018691
2014-10-17,13.3,13.3,12.97,12.97,20215483
2014-10-20,13.08,13.19,13.06,13.14,9802490
2014-10-21,13.08,13.16,13.06,13.11,10445294
2014-10-22,13.19,13.22,13.11,13.16,22362469
2014-10-23,13.11,13.3,13.11,13.25,12381243
2014-10-24,13.22,13.25,13.11,13.22,8762375
2014-10-27,13.25,13.44,13.22,13.44,9787416
2014-10-28,13.52,13.6,13.49,13.54,16603075
2014-10-29,13.65,13.68,13.54,13.63,18826509
2014-10-30,13.57,13.6,13.46,13.57,10852295
2014-10-31,13.68,13.71,13.52,13.68,14472240
2014-11-03,13.68,13.68,13.52,13.57,7456310
2014-11-04,13.63,13.73,13.54,13.57,11525247
2014-11-05,13.6,13.68,13.54,13.63,10071671
2014-11-06,13.68,13.68,13.46,13.49,8440435
2014-11-07,13.49,13.54,13.41,13.44,8484580
2014-11-10,13.44,13.73,13.44,13.73,19429474
2014-11-11,13.73,13.76,13.63,13.68,6989012
2014-11-12,13.68,13.68,13.49,13.63,8520112
2014-11-13,13.63,13.65,13.52,13.65,8447972
2014-11-14,13.57,13.65,13.52,13.65,11357279
2014-11-17,13.57,13.63,13.38,13.41,11908561
2014-11-18,13.52,13.57,13.44,13.57,11729825
2014-11-19,13.63,13.68,13.49,13.63,20284393
2014-11-20,13.52,13.65,13.49,13.52,15237790
2014-11-21,13.54,13.65,13.52,13.6,15441291
2014-11-24,13.65,13.65,13.57,13.65,7503685
2014-11-25,13.6,13.6,13.54,13.57,15032136
2014-11-26,13.63,13.63,13.46,13.57,10910438
2014-11-27,13.57,13.71,13.54,13.63,11986085
2014-11-28,13.65,13.68,13.57,13.68,11441263
2014-12-01,13.46,13.52,13.3,13.33,31599680
2014-12-02,13.3,13.33,12.87,12.92,47151874
2014-12-03,12.92,13.03,12.81,12.97,45217001
2014-12-04,13.06,13.33,13.06,13.27,36077773
2014-12-05,13.27,13.3,13.19,13.27,7896689
2014-12-08,13.33,13.33,13.11,13.14,17754093
2014-12-09,13.14,13.27,13.14,13.22,28533171
2014-12-10,13.14,13.16,12.97,13.03,25087656
2014-12-11,13.03,13.14,12.92,13.03,10614339
2014-12-12,13.14,13.14,12.97,13.11,9161839
2014-12-15,13.03,13.03,12.95,13.0,16362966
2014-12-16,13.06,13.08,12.95,13.0,10695094
2014-12-17,13.08,13.08,12.89,12.89,20733387
2014-12-18,12.97,13.0,12.92,12.95,11598465
2014-12-19,13.0,13.08,12.95,13.03,20465282
2014-12-22,13.03,13.14,12.97,13.08,9558074
2014-12-23,13.11,13.16,13.06,13.16,9184451
2014-12-24,13.16,13.22,13.11,13.19,8919577
2014-12-25,13.19,13.22,13.11,13.16,2880235
2014-12-26,13.16,13.22,13.14,13.19,4187377
2014-12-29,13.19,13.27,13.14,13.27,11589851
2014-12-30,13.27,13.3,13.19,13.27,6691836
2014-12-31,13.25,13.27,13.16,13.27,5067060
2015-01-05,13.16,13.25,13.03,13.08,14354877
2015-01-06,12.97,13.03,12.89,12.92,24834626
2015-01-07,12.92,12.95,12.87,12.87,19475774
2015-01-08,13.03,13.03,12.89,12.92,17824080
2015-01-09,13.03,13.06,12.87,12.92,16228376
2015-01-12,12.87,12.95,12.87,12.87,8413517
2015-01-13,12.87,13.0,12.84,12.97,19080616
2015-01-14,12.92,13.0,12.87,12.92,16682753
2015-01-15,12.92,12.97,12.84,12.87,15371304
2015-01-16,12.87,12.92,12.78,12.78,18403357
2015-01-19,12.89,12.95,12.78,12.81,9018635
2015-01-20,12.87,12.89,12.78,12.81,14814638
2015-01-21,12.89,12.92,12.84,12.92,14100770
2015-01-22,12.95,13.03,12.92,13.0,12142210
2015-01-23,13.16,13.19,13.03,13.03,26469092
2015-01-26,13.03,13.08,12.95,13.08,9188758
2015-01-27,13.11,13.16,13.0,13.16,13794981
2015-01-28,13.16,13.22,13.11,13.16,14738190
2015-01-29,13.16,13.16,13.06,13.16,13114491
2015-01-30,13.14,13.19,13.08,13.14,19905386
2015-02-02,13.14,13.25,13.14,13.25,11792275
2015-02-03,13.25,13.27,13.14,13.16,4613760
2015-02-04,13.25,13.35,13.22,13.35,17262030
2015-02-05,13.35,13.44,13.33,13.44,13068192
2015-02-06,13.38,13.41,13.16,13.22,17490295
2015-02-09,13.22,13.22,13.14,13.16,5494519
2015-02-10,13.14,13.33,13.14,13.22,13549488
2015-02-11,13.3,13.33,13.22,13.22,14874934
2015-02-12,13.25,13.35,13.19,13.35,10846912
2015-02-13,13.22,13.41,13.22,13.41,17852075
2015-02-24,13.49,13.65,13.44,13.6,36490158
2015-02-25,13.65,13.68,13.52,13.63,23020347
2015-02-26,13.52,13.6,13.52,13.54,22261257
2015-03-02,13.54,13.57,13.3,13.3,23749289
2015-03-03,13.35,13.49,13.33,13.46,17502139
2015-03-04,13.33,13.46,13.33,13.41,15695397
2015-03-05,13.38,13.44,13.3,13.33,13979100
2015-03-06,13.44,13.52,13.33,13.46,18999862
2015-03-09,13.46,13.46,13.3,13.35,11907484
2015-03-10,13.46,13.49,13.3,13.35,16042102
2015-03-11,13.3,13.46,13.25,13.38,20586952
2015-03-12,13.46,13.68,13.41,13.68,33348279
2015-03-13,13.68,13.73,13.57,13.57,23103255
2015-03-16,13.68,13.71,13.52,13.52,8060351
2015-03-17,13.65,13.73,13.57,13.6,10786615
2015-03-18,13.6,13.98,13.6,13.92,37871594
2015-03-19,14.01,14.11,13.95,14.06,32936970
2015-03-20,14.01,14.06,13.9,13.95,18546561
2015-03-23,13.95,14.09,13.95,14.06,13869274
2015-03-24,14.06,14.09,13.92,14.03,18273073
2015-03-25,14.03,14.03,13.84,13.84,18182629
2015-03-26,13.76,13.87,13.76,13.84,19945225
2015-03-27,13.76,13.82,13.6,13.6,26473399
2015-03-30,13.79,14.01,13.68,13.92,20845366
2015-03-31,14.09,14.11,13.92,14.09,32481516
2015-04-01,14.09,14.09,13.98,14.01,11310980
2015-04-02,14.06,14.11,14.01,14.09,25740151
2015-04-07,14.11,14.17,14.06,14.14,20006598
2015-04-08,14.14,14.14,14.03,14.03,12295105
2015-04-09,14.06,14.17,14.06,14.06,18780210
2015-04-10,14.11,14.17,14.11,14.17,16571850
2015-04-13,14.17,14.28,14.14,14.28,19348720
2015-04-14,14.28,14.33,14.14,14.22,18841583
2015-04-15,14.22,14.33,14.06,14.11,30522956
2015-04-16,14.22,14.33,14.11,14.33,22693023
2015-04-17,14.25,14.33,14.22,14.22,18296761
2015-04-20,14.17,14.33,14.14,14.25,15972115
2015-04-21,14.25,14.28,14.14,14.25,19431628
2015-04-22,14.2,14.36,14.17,14.36,20788299
2015-04-23,14.33,15.36,14.3,15.34,82748351
2015-04-24,15.36,15.39,14.71,15.34,58646973
2015-04-27,15.39,15.42,15.17,15.2,66413380
2015-04-28,15.31,15.34,15.01,15.23,48805721
2015-04-29,15.34,15.47,15.01,15.04,44441761
2015-04-30,14.98,15.12,14.82,14.82,40626929
2015-05-04,14.96,15.06,14.68,14.68,34289335
2015-05-05,14.77,14.85,14.58,14.68,32001298
2015-05-06,14.68,14.9,14.6,14.9,26679054
2015-05-07,14.87,14.87,14.66,14.85,23159245
2015-05-08,14.87,14.87,14.68,14.77,12763479
2015-05-11,14.93,14.93,14.55,14.6,23334750
2015-05-12,14.82,14.93,14.68,14.79,26830872
2015-05-13,14.93,15.31,14.9,15.09,37597030
2015-05-14,15.06,15.06,14.55,14.6,35311146
2015-05-15,14.68,14.77,14.55,14.74,23582397
2015-05-18,14.74,14.96,14.68,14.96,26043787
2015-05-19,15.12,15.17,14.87,14.9,41136220
2015-05-20,15.09,15.12,14.9,14.98,22076061
2015-05-21,14.85,14.85,14.49,14.66,29754176
2015-05-22,14.71,14.71,14.58,14.63,17335247
2015-05-25,14.63,14.63,14.44,14.49,15056900
2015-05-26,14.63,14.77,14.58,14.77,9526849
2015-05-27,14.77,14.87,14.74,14.87,20069048
2015-05-28,14.93,14.93,14.68,14.79,24398553
2015-05-29,14.9,14.93,14.68,14.93,30515419
2015-06-01,14.85,15.04,14.74,14.87,18182629
2015-06-02,14.93,14.98,14.77,14.93,22101902
2015-06-03,14.93,14.98,14.77,14.82,18599321
2015-06-04,14.77,14.82,14.44,14.66,34544518
2015-06-05,14.77,14.77,14.55,14.58,25825212
2015-06-08,14.77,14.98,14.63,14.9,30623092
2015-06-09,14.82,14.93,14.66,14.66,23175395
2015-06-10,14.71,15.12,14.71,15.04,36408327
2015-06-11,15.04,15.09,14.87,14.87,23398277
2015-06-12,14.93,15.09,14.9,15.09,22100825
2015-06-15,15.17,15.2,14.98,14.98,20738770
2015-06-16,15.15,15.17,15.01,15.15,32422297
2015-06-17,15.15,15.17,14.87,15.01,25672317
2015-06-18,15.09,15.25,14.98,15.09,32703321
2015-06-22,15.25,15.36,15.2,15.2,30363601
2015-06-23,15.34,15.34,15.2,15.23,16116396
2015-06-24,15.2,15.25,15.15,15.25,15053670
2015-06-25,15.31,15.36,15.15,15.2,24842163
2015-06-26,15.28,15.28,15.12,15.17,18511029
2015-06-29,15.09,15.15,14.93,15.01,25916733
2015-06-30,15.12,15.23,14.93,15.09,25628171
2015-07-01,15.01,15.23,14.98,15.15,18193396
2015-07-02,15.2,15.23,15.09,15.2,12600894
2015-07-03,15.17,15.2,14.93,15.2,14273046
2015-07-06,15.01,15.2,15.01,15.04,9708815
2015-07-07,15.12,15.17,14.93,14.93,13278153
2015-07-08,14.93,15.04,14.47,14.47,28771127
2015-07-09,14.11,14.77,13.84,14.6,33708981
2015-07-10,14.6,14.6,14.6,14.6,0
2015-07-13,14.6,14.71,14.44,14.71,23143094
2015-07-14,14.77,14.98,14.74,14.93,26409873
2015-07-15,14.85,15.01,14.77,15.01,25458049
2015-07-16,15.09,15.12,14.9,15.01,15333618
2015-07-17,15.01,15.01,14.6,14.66,20871207
2015-07-20,14.87,14.9,14.6,14.74,16540625
2015-07-21,14.74,14.77,14.52,14.58,12310179
2015-07-22,14.6,14.74,14.52,14.6,13211396
2015-07-23,14.55,14.66,14.47,14.47,13736837
2015-07-24,14.6,14.6,14.33,14.41,15825681
2015-07-27,14.33,14.36,13.98,14.09,17469838
2015-07-28,14.11,14.3,13.98,14.25,23263687
2015-07-29,14.25,14.25,14.03,14.17,12468457
2015-07-30,14.17,14.55,14.14,14.52,17916678
2015-07-31,14.55,14.66,14.36,14.66,24941222
2015-08-03,14.66,14.68,14.36,14.63,15406836
2015-08-04,14.74,14.9,14.63,14.87,19728804
2015-08-05,14.93,14.98,14.79,14.87,19166754
2015-08-06,14.96,14.98,14.71,14.77,17547362
2015-08-07,14.71,14.82,14.55,14.58,18927721
2015-08-10,14.47,14.55,14.41,14.49,17080064
2015-08-11,14.63,14.66,14.22,14.22,22693023
2015-08-12,14.09,14.09,13.33,13.44,53152453
2015-08-13,13.58,13.9,13.58,13.75,37381685
2015-08-14,13.75,13.9,13.75,13.84,13516109
2015-08-17,13.98,13.98,13.69,13.81,11224842
2015-08-18,13.87,13.9,13.58,13.58,20267165
2015-08-19,13.64,13.64,13.06,13.06,27538279
2015-08-20,13.06,13.38,12.98,13.23,27107590
2015-08-21,12.86,13.18,12.83,12.98,32946661
2015-08-24,12.83,13.09,12.17,12.83,45332211
2015-08-25,12.77,13.29,12.72,12.98,29606665
2015-08-26,12.92,13.29,12.51,13.18,39136744
2015-08-27,13.18,13.29,13.09,13.18,26926700
2015-08-28,13.32,13.69,13.29,13.64,24721570
2015-08-31,13.67,14.04,13.26,14.04,30957953
2015-09-01,13.75,13.78,13.52,13.52,21963005
2015-09-02,13.46,13.67,13.26,13.46,25109191
2015-09-03,13.64,13.64,13.41,13.58,13287844
2015-09-04,13.55,13.58,13.44,13.49,15764308
2015-09-07,13.49,13.67,13.49,13.61,10423759
2015-09-08,13.52,13.58,13.44,13.44,14509925
2015-09-09,13.75,13.87,13.69,13.78,26555230
2015-09-10,13.69,13.84,13.69,13.78,18797438
2015-09-11,13.87,13.87,13.75,13.78,11918252
2015-09-14,13.81,13.81,13.61,13.67,12580436
2015-09-15,13.69,13.78,13.58,13.69,12072223
2015-09-16,13.61,13.69,13.61,13.69,11779354
2015-09-17,13.81,13.95,13.75,13.92,26707048
2015-09-18,13.87,13.9,13.75,13.75,15985036
2015-09-21,13.61,13.61,13.38,13.38,20325308
2015-09-22,13.44,13.52,13.38,13.52,10144888
2015-09-23,13.38,13.44,13.21,13.21,18415201
2015-09-24,13.23,13.32,13.09,13.09,15926893
2015-09-25,13.09,13.12,12.89,12.89,24067999
2015-09-29,12.89,12.89,12.89,12.89,0
2015-09-30,12.57,13.12,12.54,13.12,43121698
2015-10-01,13.0,13.21,12.92,13.0,19137682
2015-10-02,13.03,13.18,13.03,13.18,21642141
2015-10-05,13.29,13.29,13.06,13.12,17094061
2015-10-06,13.18,13.32,13.03,13.06,25090886
2015-10-07,12.95,13.23,12.95,13.21,19420861
2015-10-08,13.23,13.26,13.09,13.09,13326606
2015-10-12,13.21,13.21,13.09,13.12,23309986
2015-10-13,13.12,13.21,13.0,13.21,21197454
2015-10-14,13.03,13.09,12.95,12.98,23762210
2015-10-15,13.0,13.26,12.98,13.23,29445156
2015-10-16,13.23,13.38,13.21,13.26,33398885
2015-10-19,13.26,13.35,13.23,13.29,20341459
2015-10-20,13.32,13.55,13.29,13.52,28392121
2015-10-21,13.46,13.49,13.29,13.32,19523149
2015-10-22,13.26,13.52,13.26,13.52,18305375
2015-10-23,13.61,13.72,13.49,13.72,30990254
2015-10-26,13.69,13.92,13.67,13.92,23175395
2015-10-27,13.69,13.92,13.61,13.92,31103310
2015-10-28,13.81,13.9,13.69,13.9,20976726
2015-10-29,13.72,13.9,13.64,13.75,35276690
2015-10-30,13.69,13.72,13.46,13.64,36108998
2015-11-02,13.26,13.41,13.26,13.35,22949054
2015-11-03,13.38,13.61,13.35,13.49,27884323
2015-11-04,13.49,13.61,13.41,13.52,44438772
2015-11-05,13.46,13.55,13.41,13.55,16441288
2015-11-06,13.49,13.52,13.23,13.26,25143930
2015-11-09,13.26,13.41,13.26,13.38,15518928
2015-11-10,13.26,13.26,13.12,13.14,21689349
2015-11-11,13.14,13.14,13.06,13.12,16996413
2015-11-12,13.06,13.12,13.03,13.09,10824924
2015-11-13,13.06,13.09,12.94,12.94,22066193
2015-11-16,12.94,13.06,12.85,13.03,14488745
2015-11-17,13.12,13.26,13.09,13.14,20015435
2015-11-18,13.12,13.12,12.91,12.94,21348801
2015-11-19,12.97,13.17,12.91,13.17,16479720
2015-11-20,13.09,13.17,13.06,13.17,10442743
2015-11-23,13.17,13.2,13.06,13.06,8467781
2015-11-24,13.03,13.23,13.03,13.12,9874808
2015-11-25,13.09,13.12,12.97,13.03,12032320
2015-11-26,13.14,13.2,13.09,13.09,11783581
2015-11-27,13.17,13.17,13.0,13.0,9935658
2015-11-30,12.94,13.06,12.83,13.06,48271265
2015-12-01,13.09,13.12,12.97,13.09,17665765
2015-12-02,13.06,13.06,12.91,12.91,26290475
2015-12-03,12.85,12.97,12.83,12.94,15066288
2015-12-04,12.88,12.97,12.85,12.91,24411593
2015-12-07,12.94,12.97,12.91,12.91,13700896
2015-12-08,12.91,12.91,12.62,12.62,37790090
2015-12-09,12.54,12.59,12.42,12.42,29873163
2015-12-10,12.45,12.65,12.36,12.65,25477005
2015-12-11,12.62,12.71,12.42,12.45,22561534
2015-12-14,12.36,12.48,12.27,12.27,19912951
2015-12-15,12.3,12.33,12.25,12.27,17516308
2015-12-16,12.36,12.54,12.36,12.39,16733796
2015-12-17,12.42,12.62,12.39,12.62,22147326
2015-12-18,12.45,12.54,12.39,12.39,19759224
2015-12-21,12.25,12.3,12.13,12.27,44186831
2015-12-22,12.25,12.33,12.25,12.33,21234574
2015-12-23,12.36,12.48,12.33,12.48,22975742
2015-12-24,12.48,12.51,12.42,12.42,10648779
2015-12-25,12.42,12.45,12.39,12.45,5651592
2015-12-28,12.45,12.51,12.39,12.51,14047848
2015-12-29,12.51,12.51,12.39,12.45,9192645
2015-12-30,12.48,12.48,12.3,12.3,11425953
2015-12-31,12.33,12.36,12.3,12.33,10896450
2016-01-04,12.36,12.42,12.16,12.19,21838805
2016-01-05,12.19,12.25,12.07,12.13,18281739
2016-01-06,12.13,12.13,11.93,11.93,23230886
2016-01-07,11.9,11.9,11.58,11.61,46583473
2016-01-08,11.66,11.84,11.64,11.75,35122290
2016-01-11,11.72,11.78,11.64,11.66,33322406
2016-01-12,11.66,11.78,11.64,11.75,26069493
2016-01-13,11.78,11.87,11.69,11.72,20761650
2016-01-14,11.64,11.66,11.58,11.61,20510777
2016-01-15,11.61,11.66,11.49,11.52,30025822
2016-01-18,11.32,11.46,11.14,11.4,34595990
2016-01-19,11.37,11.61,11.32,11.61,15691870
2016-01-20,11.49,11.58,11.32,11.35,17747966
2016-01-21,11.37,11.4,11.14,11.17,20594045
2016-01-22,11.29,11.37,11.06,11.2,20424306
2016-01-25,11.29,11.61,11.23,11.61,19306584
2016-01-26,11.46,11.58,11.43,11.49,23633351
2016-01-27,11.55,11.58,11.4,11.49,15829584
2016-01-28,11.49,11.9,11.49,11.75,25733216
2016-01-29,11.75,12.36,11.75,12.27,42990111
2016-02-01,12.48,12.59,12.3,12.59,30145387
2016-02-02,12.59,12.68,12.51,12.59,37002240
2016-02-03,12.42,12.54,12.25,12.36,25671298
2016-02-15,12.19,12.42,12.1,12.36,20128595
2016-02-16,12.3,12.65,12.3,12.59,31004762
2016-02-17,12.54,12.65,12.42,12.54,24446822
2016-02-18,12.56,12.65,12.54,12.62,30142184
2016-02-19,12.59,12.59,12.42,12.54,14148198
2016-02-22,12.65,12.71,12.48,12.59,17201382
2016-02-23,12.65,12.65,12.45,12.59,16440221
2016-02-24,12.56,12.59,12.45,12.54,11613842
2016-02-25,12.54,12.62,12.48,12.59,19673820
2016-02-26,12.71,12.71,12.59,12.71,31313283
2016-03-01,12.65,12.71,12.54,12.65,15738842
2016-03-02,12.74,12.8,12.62,12.65,21568716
2016-03-03,12.65,12.94,12.65,12.94,45922662
2016-03-04,13.0,13.14,12.97,13.12,39798145
2016-03-07,13.23,13.35,13.17,13.35,39220603
2016-03-08,13.29,13.32,13.17,13.26,26217882
2016-03-09,13.17,13.26,12.97,13.26,18818715
2016-03-10,13.23,13.29,13.2,13.29,16212833
2016-03-11,13.26,13.32,13.12,13.29,15264852
2016-03-14,13.26,13.35,13.23,13.23,14653147
2016-03-15,13.26,13.26,12.94,13.0,20156351
2016-03-16,13.09,13.17,12.91,13.17,21240979
2016-03-17,13.23,13.35,13.2,13.26,24492727
2016-03-18,13.29,13.35,13.23,13.35,32684013
2016-03-21,13.32,13.32,13.12,13.32,17607049
2016-03-22,13.2,13.29,13.14,13.29,16489328
2016-03-23,13.23,13.35,13.2,13.35,14003011
2016-03-24,13.23,13.32,13.17,13.32,11648003
2016-03-25,13.32,13.35,13.26,13.32,14466327
2016-03-28,13.32,13.35,13.29,13.29,17205652
2016-03-29,13.32,13.35,13.23,13.29,23202062
2016-03-30,13.35,13.41,13.29,13.29,26165572
2016-03-31,13.32,13.35,13.23,13.29,34850066
2016-04-01,13.17,13.29,13.12,13.14,18414115
2016-04-06,13.14,13.14,12.94,12.94,30501948
2016-04-07,12.88,12.94,12.8,12.94,22422753
2016-04-08,12.8,12.94,12.77,12.91,22896744
2016-04-11,12.88,13.09,12.8,13.06,12822305
2016-04-12,13.06,13.17,13.03,13.12,10864424
2016-04-13,13.12,13.26,13.09,13.23,20706138
2016-04-14,13.35,13.41,13.32,13.32,37870156
2016-04-15,13.35,13.38,13.32,13.35,27182945
2016-04-18,13.35,13.38,13.29,13.35,14226129
2016-04-19,13.35,13.38,13.32,13.35,20499034
2016-04-20,13.38,13.38,13.29,13.35,32612488
2016-04-21,13.35,13.38,13.29,13.35,19108020
2016-04-22,13.35,13.41,13.29,13.38,17674305
2016-04-25,13.35,13.38,13.29,13.35,12892763
2016-04-26,13.35,13.38,13.32,13.35,18825120
2016-04-27,13.35,13.49,13.32,13.43,39146942
2016-04-28,13.52,13.64,13.23,13.41,42986908
2016-04-29,13.35,13.41,13.17,13.29,26006508
2016-05-03,13.41,13.46,13.32,13.41,25328616
2016-05-04,13.46,13.46,13.29,13.38,37387625
2016-05-05,13.35,13.35,13.23,13.23,16823470
2016-05-06,13.23,13.29,13.03,13.23,24261069
2016-05-09,13.23,13.32,13.12,13.29,13318714
2016-05-10,13.29,13.41,13.29,13.38,23213805
2016-05-11,13.38,13.38,13.17,13.26,29893446
2016-05-12,13.23,13.35,13.23,13.29,13980593
2016-05-13,13.26,13.43,13.26,13.43,35100939
2016-05-16,13.38,13.43,13.35,13.35,17434107
2016-05-17,13.35,13.41,13.26,13.35,12995247
2016-05-18,13.32,13.46,13.29,13.46,19773102
2016-05-19,13.35,13.41,13.26,13.29,26125006
2016-05-20,13.32,13.46,13.26,13.35,17675372
2016-05-23,13.29,13.64,13.14,13.61,40590265
2016-05-24,13.58,13.64,13.41,13.49,15415376
2016-05-25,13.55,13.7,13.49,13.61,16102876
2016-05-26,13.61,13.7,13.58,13.67,11155864
2016-05-27,13.67,13.7,13.58,13.67,13585601
2016-05-30,13.67,13.81,13.61,13.75,18174984
2016-05-31,13.75,13.93,13.75,13.87,36831433
2016-06-01,13.84,14.02,13.84,14.02,19618308
2016-06-02,14.02,14.1,13.93,14.1,17802411
2016-06-03,14.1,14.13,14.02,14.07,17300663
2016-06-06,14.04,14.16,13.99,14.04,15789017
2016-06-07,14.1,14.22,14.04,14.22,25792999
2016-06-08,14.19,14.39,14.16,14.36,24926151
2016-06-13,14.31,14.31,14.04,14.13,16256603
2016-06-14,14.02,14.19,13.96,14.19,12034455
2016-06-15,14.13,14.19,14.04,14.19,15588318
2016-06-16,14.04,14.07,13.78,13.78,23762524
2016-06-17,13.84,14.04,13.84,14.02,17746898
2016-06-20,14.04,14.16,13.99,14.16,10864424
2016-06-21,14.1,14.25,14.02,14.25,16804254
2016-06-22,14.16,14.25,14.07,14.22,17792803
2016-06-23,14.07,14.19,14.02,14.1,14691579
2016-06-24,14.1,14.19,13.67,13.81,34095310
2016-06-27,13.7,13.72,13.58,13.61,19056778
2016-06-28,13.58,13.96,13.46,13.96,25916834
2016-06-29,13.96,14.07,13.87,14.07,13756408
2016-06-30,14.16,14.16,13.93,14.1,21600742
2016-07-01,14.13,14.19,14.07,14.1,15343850
2016-07-04,14.1,14.22,14.04,14.16,12777468
2016-07-05,14.16,14.16,14.04,14.1,10609280
2016-07-06,14.07,14.1,13.78,13.81,25952063
2016-07-07,13.87,13.93,13.78,13.81,14482340
2016-07-08,13.81,13.81,13.81,13.81,0
2016-07-11,13.99,14.07,13.93,13.96,21216425
2016-07-12,14.04,14.04,13.93,13.96,22374714
2016-07-13,14.1,14.22,14.02,14.22,22251946
2016-07-14,14.1,14.28,14.07,14.28,16066579
2016-07-15,14.28,14.45,14.22,14.45,30259615
2016-07-18,14.48,14.51,14.39,14.45,28257964
2016-07-19,14.39,14.48,14.28,14.48,29185662
2016-07-20,14.45,14.51,14.36,14.48,21638106
2016-07-21,14.48,14.57,14.48,14.57,20917512
2016-07-22,14.48,14.54,14.42,14.48,14894413
2016-07-25,14.54,14.57,14.42,14.54,13788434
2016-07-26,14.51,14.51,14.42,14.51,10640239
2016-07-27,14.54,14.54,14.42,14.51,13943229
2016-07-28,14.45,14.54,14.39,14.51,21290086
2016-07-29,14.45,14.57,14.42,14.51,23379275
2016-08-01,14.51,14.57,14.45,14.51,17509903
2016-08-02,14.51,14.51,14.39,14.45,18168579
2016-08-03,14.33,14.51,14.31,14.48,21237776
2016-08-04,14.48,14.51,14.33,14.51,15673722
2016-08-05,14.48,14.71,14.45,14.71,28075414
2016-08-08,14.74,14.8,14.71,14.8,17760776
2016-08-09,14.8,14.97,14.74,14.97,20673044
2016-08-10,14.97,15.09,14.91,15.03,26549889
2016-08-11,15.09,15.09,14.97,15.09,36355307
2016-08-12,15.09,15.2,15.06,15.09,54023207
2016-08-15,15.15,15.15,14.87,14.87,48039607
2016-08-16,14.93,14.97,14.78,14.87,21068036
2016-08-17,14.87,15.06,14.81,14.93,20810757
2016-08-18,14.87,15.09,14.84,15.0,14073469
2016-08-19,15.0,15.06,14.66,14.66,29004179
2016-08-22,13.92,13.98,13.58,13.7,138690346
2016-08-23,13.61,13.76,13.55,13.7,67792426
2016-08-24,13.67,13.67,13.36,13.4,87603960
2016-08-25,13.27,13.67,13.27,13.61,65768357
2016-08-26,13.49,13.61,13.46,13.61,25743891
2016-08-29,13.55,13.58,13.49,13.55,21188669
2016-08-30,13.55,13.61,13.49,13.52,28200317
2016-08-31,13.49,13.52,13.3,13.3,43962646
2016-09-01,13.27,13.27,12.96,13.09,60124237
2016-09-02,13.12,13.24,13.12,13.21,29154704
2016-09-05,13.3,13.64,13.27,13.58,38426348
2016-09-06,13.61,13.67,13.55,13.58,26214680
2016-09-07,13.64,13.73,13.61,13.7,33104627
2016-09-08,13.7,13.95,13.61,13.92,49961191
2016-09-09,13.83,13.89,13.73,13.8,27212836
2016-09-12,13.58,13.61,13.49,13.52,21140629
2016-09-13,13.52,13.64,13.46,13.61,27583275
2016-09-14,13.55,13.58,13.46,13.52,38267283
2016-09-19,13.49,13.86,13.49,13.86,25567746
2016-09-20,13.76,13.92,13.67,13.86,19031157
2016-09-21,13.86,13.86,13.76,13.83,16435951
2016-09-22,13.89,13.92,13.64,13.7,16003594
2016-09-23,13.61,13.86,13.58,13.8,23376073
2016-09-26,13.83,13.83,13.61,13.76,22292512
2016-09-27,13.76,13.76,13.76,13.76,0
2016-09-28,13.76,13.76,13.76,13.76,0
2016-09-29,13.61,13.8,13.46,13.8,44901019
2016-09-30,13.67,13.73,13.58,13.61,21527081
2016-10-03,13.61,13.61,13.52,13.52,15701478
2016-10-04,13.49,13.55,13.43,13.46,25550665
2016-10-05,13.36,13.55,13.33,13.46,22743017
2016-10-06,13.43,13.58,13.4,13.52,18185660
2016-10-07,13.43,13.52,13.43,13.46,16059107
2016-10-11,13.43,13.49,13.36,13.43,28267572
2016-10-12,13.43,13.52,13.3,13.46,12240492
2016-10-13,13.49,13.49,13.3,13.33,17065803
2016-10-14,13.33,13.4,13.3,13.33,6776787
2016-10-17,13.33,13.36,13.24,13.3,15108990
2016-10-18,13.3,13.43,13.3,13.43,10914598
2016-10-19,13.36,13.49,13.36,13.46,12022712
2016-10-20,13.46,13.52,13.4,13.46,7442936
2016-10-21,13.46,13.55,13.43,13.55,11127040
2016-10-24,13.55,13.55,13.43,13.43,12633349
2016-10-25,13.43,13.55,13.4,13.55,16438086
2016-10-26,13.52,13.52,13.46,13.46,5162656
2016-10-27,13.46,13.46,13.36,13.36,16546975
2016-10-28,13.36,13.4,13.3,13.33,15454875
2016-10-31,13.27,13.33,13.21,13.3,17694588
2016-11-01,13.3,13.3,13.24,13.27,18876363
2016-11-02,13.24,13.27,13.18,13.24,11748352
2016-11-03,13.3,13.58,13.3,13.55,28691388
2016-11-04,13.55,13.61,13.43,13.49,12064346
2016-11-07,13.52,13.58,13.52,13.52,15419646
2016-11-08,13.58,13.92,13.58,13.89,39031647
2016-11-09,13.92,14.07,13.55,13.55,43839878
2016-11-10,13.95,14.13,13.86,14.1,37108995
2016-11-11,14.16,14.26,14.01,14.1,64765931
2016-11-14,14.01,14.66,14.01,14.32,65631711
2016-11-15,14.35,14.47,14.26,14.32,29128015
2016-11-16,14.44,14.47,14.2,14.2,17177896
2016-11-17,14.16,14.16,14.01,14.16,14144995
2016-11-18,14.1,14.1,13.98,13.98,16087930
2016-11-21,14.01,14.29,14.01,14.23,12325895
2016-11-22,14.23,14.32,14.04,14.32,19807263
2016-11-23,14.16,14.2,14.07,14.07,24142571
2016-11-24,14.04,14.29,14.04,14.29,15754856
2016-11-25,14.29,14.29,14.16,14.2,14436435
2016-11-28,14.23,14.29,14.2,14.29,11164404
2016-11-29,14.23,14.32,14.16,14.16,14549595
2016-11-30,14.16,14.2,14.01,14.01,29572114
2016-12-01,14.07,14.23,14.07,14.1,11282902
2016-12-02,14.04,14.23,14.04,14.2,10309299
2016-12-05,14.16,14.2,14.04,14.04,14374518
2016-12-06,14.16,14.32,14.13,14.32,19312989
2016-12-07,14.35,14.35,14.23,14.32,8200894
2016-12-08,14.29,14.47,14.23,14.47,17000683
2016-12-09,14.44,14.63,14.41,14.63,23120929
2016-12-12,14.6,14.63,14.5,14.63,13595208
2016-12-13,14.57,14.6,14.5,14.6,11735542
2016-12-14,14.6,14.6,14.32,14.41,12900235
2016-12-15,14.41,14.47,14.35,14.41,11507087
2016-12-16,14.47,14.66,14.47,14.63,25974482
2016-12-19,14.57,14.6,14.38,14.41,16808524
2016-12-20,14.38,14.41,14.29,14.35,11070460
2016-12-21,14.35,14.35,14.26,14.26,12632281
2016-12-22,14.26,14.29,14.16,14.16,9215064
2016-12-23,14.07,14.26,14.07,14.1,12221276
2016-12-26,14.13,14.26,14.1,14.16,3725738
2016-12-27,14.16,14.16,14.04,14.07,7645770
2016-12-28,14.07,14.23,14.07,14.16,13927216
2016-12-29,14.1,14.16,14.01,14.04,19331138
2016-12-30,14.16,14.26,14.07,14.16,18179255
2017-01-03,14.1,14.23,14.04,14.23,9611124
2017-01-04,14.26,14.44,14.2,14.44,14801536
2017-01-05,14.41,14.6,14.29,14.57,18855012
2017-01-06,14.6,14.6,14.47,14.6,11984280
2017-01-09,14.6,14.6,14.38,14.38,9666636
2017-01-10,14.35,14.57,14.32,14.53,14345694
2017-01-11,14.6,14.6,14.5,14.6,14847441
2017-01-12,14.63,14.72,14.6,14.72,17897422
2017-01-13,14.72,14.75,14.57,14.72,12346179
2017-01-16,14.69,14.69,14.53,14.53,10866559
2017-01-17,14.53,14.63,14.47,14.47,14920034
2017-01-18,14.47,14.5,14.29,14.35,16032418
2017-01-19,14.32,14.5,14.26,14.41,15349188
2017-01-20,14.32,14.41,14.32,14.35,15874421
2017-01-23,14.47,14.53,14.38,14.5,15345985
2017-01-24,14.5,14.53,14.32,14.35,17516308
2017-02-02,14.38,14.41,14.23,14.35,24889854
2017-02-03,14.32,14.38,14.26,14.29,20575897
2017-02-06,14.35,14.57,14.29,14.53,19972733
2017-02-07,14.53,14.6,14.41,14.6,14652080
2017-02-08,14.53,14.57,14.44,14.53,15029991
2017-02-09,14.47,14.53,14.44,14.44,17438377
2017-02-10,14.53,14.69,14.5,14.6,23181779
2017-02-13,14.6,14.72,14.6,14.72,10015724
2017-02-14,14.72,14.75,14.66,14.69,13807650
2017-02-15,14.72,14.9,14.66,14.9,22488941
2017-02-16,14.93,15.06,14.69,14.72,26212544
2017-02-17,14.72,14.75,14.53,14.53,17750101
2017-02-20,14.69,14.72,14.57,14.72,15847732
2017-02-21,14.72,14.81,14.66,14.81,15403633
2017-02-22,14.84,14.93,14.78,14.87,16425275
2017-02-23,14.87,14.93,14.78,14.84,15381214
2017-02-24,14.84,14.84,14.72,14.72,12189249
2017-03-01,14.72,14.84,14.69,14.81,22662951
2017-03-02,14.84,14.87,14.66,14.69,21223898
2017-03-03,14.66,14.78,14.6,14.6,18147228
2017-03-06,14.6,14.75,14.57,14.75,5986802
2017-03-07,14.75,14.78,14.66,14.78,7836861
2017-03-08,14.75,14.81,14.72,14.72,12235154
2017-03-09,14.69,14.72,14.6,14.6,15816773
2017-03-10,14.63,14.78,14.6,14.69,8621508
2017-03-13,14.72,14.75,14.6,14.63,14488745
2017-03-14,14.66,14.75,14.66,14.66,13631505
2017-03-15,14.69,14.75,14.66,14.69,10758736
2017-03-16,14.75,14.75,14.66,14.75,14220791
2017-03-17,14.78,14.87,14.75,14.87,24854625
2017-03-20,14.84,14.93,14.81,14.93,12146547
2017-03-21,14.93,15.0,14.9,15.0,17807748
2017-03-22,14.78,14.93,14.78,14.93,21132089
2017-03-23,15.0,15.0,14.81,14.87,12224478
2017-03-24,14.81,14.9,14.78,14.84,6857920
2017-03-27,14.78,14.9,14.72,14.81,11747285
2017-03-28,14.9,14.9,14.72,14.84,17235543
2017-03-29,14.97,15.12,14.93,15.12,24555712
2017-03-30,15.15,15.27,15.15,15.21,19750683
2017-03-31,15.27,15.27,15.06,15.09,24608022
2017-04-05,15.24,15.3,14.9,15.06,33433431
2017-04-06,15.03,15.06,14.84,14.87,16524557
2017-04-07,14.84,14.87,14.72,14.75,28333760
2017-04-10,14.81,14.97,14.78,14.97,9053864
2017-04-11,14.87,14.93,14.84,14.84,9726419
2017-04-12,14.81,14.84,14.75,14.84,13624032
2017-04-13,14.84,14.87,14.78,14.84,7767470
2017-04-14,14.84,14.84,14.75,14.78,13031544
2017-04-17,14.78,14.81,14.75,14.78,6769314
2017-04-18,14.84,14.87,14.75,14.81,12855398
2017-04-19,14.75,14.78,14.69,14.72,17141599
2017-04-20,14.69,14.78,14.69,14.78,10930612
2017-04-21,14.78,14.9,14.75,14.87,7634027
2017-04-24,14.9,14.9,14.72,14.81,8226515
2017-04-25,14.84,15.0,14.81,15.0,17946529
2017-04-26,14.93,15.12,14.93,15.12,24475646
2017-04-27,15.06,15.12,15.03,15.09,11257281
2017-04-28,15.0,15.12,14.9,14.93,19004468
2017-05-02,14.93,15.09,14.93,15.06,16327061
2017-05-03,15.09,15.15,15.03,15.12,7438666
2017-05-04,15.15,15.18,15.09,15.18,12707009
2017-05-05,15.06,15.15,15.06,15.09,4541344
2017-05-08,15.15,15.18,15.0,15.09,10297556
2017-05-09,15.09,15.09,14.97,15.09,7806969
2017-05-10,15.09,15.09,14.97,15.06,9797944
2017-05-11,15.03,15.15,15.03,15.15,12294936
2017-05-12,15.09,15.21,15.06,15.21,9560949
2017-05-15,15.21,15.27,15.15,15.27,10412851
2017-05-16,15.27,15.37,15.21,15.37,13242918
2017-05-17,15.3,15.37,15.15,15.24,10615685
2017-05-18,15.15,15.24,15.09,15.15,11337347
2017-05-19,15.15,15.18,15.06,15.09,11920227
2017-05-22,15.15,15.21,15.09,15.15,14562406
2017-05-23,15.18,15.27,15.18,15.21,12065414
2017-05-24,15.21,15.24,15.12,15.18,7986317
2017-05-25,15.18,15.18,15.06,15.18,18286009
2017-05-26,15.15,15.15,15.03,15.09,24461768
2017-05-31,15.06,15.06,14.93,14.93,38295040
2017-06-01,14.93,15.0,14.9,14.93,18882768
2017-06-02,14.97,15.03,14.93,15.03,16217103
2017-06-05,15.06,15.15,15.06,15.15,15656641
2017-06-06,15.15,15.21,15.12,15.21,19532904
2017-06-07,15.21,15.21,15.06,15.15,19620443
2017-06-08,15.15,15.27,15.12,15.27,16782903
2017-06-09,15.21,15.3,15.06,15.18,26921396
2017-06-12,15.21,15.21,15.09,15.15,17059398
2017-06-13,15.21,15.24,15.15,15.24,10837735
2017-06-14,15.21,15.24,15.12,15.12,10330650
2017-06-15,15.12,15.21,15.09,15.21,9770188
2017-06-16,15.21,15.27,15.15,15.15,20508642
2017-06-19,15.15,15.3,15.15,15.27,13612289
2017-06-20,15.34,15.34,15.27,15.34,11102487
2017-06-21,15.27,15.4,15.24,15.3,16027080
2017-06-22,15.34,15.37,15.27,15.3,7283872
2017-06-23,15.24,15.3,15.15,15.21,14111901
2017-06-26,15.18,15.46,15.15,15.46,19649267
2017-06-27,15.46,15.58,15.37,15.52,12658970
2017-06-28,15.4,15.46,15.3,15.34,14875197
2017-06-29,15.52,15.67,15.52,15.61,14405476
2017-06-30,15.61,15.64,15.46,15.58,15454875
2017-07-03,15.58,15.77,15.55,15.77,17266502
2017-07-04,15.64,15.77,15.61,15.7,11512425
2017-07-05,15.7,15.83,15.64,15.8,17949732
2017-07-06,15.7,15.8,15.61,15.77,17091424
2017-07-07,15.61,15.74,15.55,15.61,11447304
2017-07-10,15.61,15.64,15.52,15.58,13302701
2017-07-11,15.55,15.77,15.52,15.77,17386067
2017-07-12,15.67,15.77,15.64,15.7,15135679
2017-07-13,15.74,15.77,15.67,15.7,12735833
2017-07-14,15.64,15.7,15.61,15.67,11754758
2017-07-17,15.7,15.74,15.61,15.64,12483892
2017-07-18,15.64,15.77,15.64,15.74,10709629
2017-07-19,15.74,15.77,15.7,15.77,10588997
2017-07-20,15.8,15.86,15.74,15.83,11736609
2017-07-21,15.77,15.77,15.61,15.61,12514851
2017-07-24,15.61,15.83,15.58,15.83,10650914
2017-07-25,15.77,15.86,15.74,15.8,7110929
2017-07-26,15.77,15.8,15.7,15.7,9350642
2017-07-27,15.77,15.83,15.74,15.77,16586475
2017-07-28,15.74,15.8,15.7,15.77,11563667
2017-07-31,15.74,15.74,15.67,15.74,19877722
2017-08-01,15.74,15.77,15.7,15.74,14098023
2017-08-02,15.74,15.77,15.7,15.74,18634029
2017-08-03,15.7,15.74,15.64,15.7,17655089
2017-08-04,15.7,15.89,15.67,15.89,16179739
2017-08-07,15.89,16.14,15.89,16.14,40424795
2017-08-08,16.23,16.26,16.04,16.04,35771359
2017-08-09,15.92,15.95,15.8,15.83,48431397
2017-08-10,15.58,15.71,15.51,15.58,56681399
2017-08-11,15.51,15.61,15.48,15.58,16086863
2017-08-14,15.65,15.68,15.51,15.51,14209048
2017-08-15,15.65,15.65,15.48,15.55,16055904
2017-08-16,15.48,15.58,15.48,15.58,11976807
2017-08-17,15.65,15.74,15.51,15.68,8901205
2017-08-18,15.65,15.68,15.51,15.61,9694392
2017-08-21,15.61,15.65,15.55,15.61,8956702
2017-08-22,15.61,15.91,15.58,15.71,9157256
2017-08-23,15.78,15.78,15.61,15.65,10199280
2017-08-24,15.78,15.78,15.68,15.68,9556911
2017-08-25,15.68,15.74,15.61,15.61,6139051
2017-08-28,15.65,15.87,15.65,15.71,10179548
2017-08-29,15.74,15.74,15.61,15.65,7137351
2017-08-30,15.68,15.78,15.61,15.71,13315330
2017-08-31,15.78,15.81,15.68,15.81,15377155
2017-09-01,15.81,15.81,15.61,15.68,9665193
2017-09-04,15.65,15.68,15.58,15.58,9091601
2017-09-05,15.68,15.68,15.55,15.61,11819734
2017-09-06,15.61,15.65,15.51,15.51,13967515
2017-09-07,15.55,15.61,15.48,15.51,12870244
2017-09-08,15.61,15.61,15.48,15.61,16257714
2017-09-11,15.65,15.65,15.51,15.55,12786109
2017-09-12,15.61,15.61,15.48,15.55,13360956
2017-09-13,15.51,15.58,15.48,15.51,7271600
2017-09-14,15.51,15.58,15.48,15.51,10729716
2017-09-15,15.55,15.55,15.45,15.51,24087816
2017-09-18,15.55,15.55,15.42,15.45,15215324
2017-09-19,15.45,15.51,15.45,15.48,6015080
2017-09-20,15.45,15.55,15.45,15.55,7387474
2017-09-21,15.51,15.58,15.45,15.48,9927856
2017-09-22,15.48,15.51,15.38,15.42,8929493
2017-09-25,15.42,15.45,15.35,15.38,8439551
2017-09-26,15.38,15.58,15.38,15.55,10197523
2017-09-27,15.48,15.58,15.45,15.48,5867193
2017-09-28,15.51,15.55,15.42,15.48,12113025
2017-09-29,15.51,15.51,15.42,15.45,5855095
2017-10-02,15.48,15.58,15.48,15.58,3672923
2017-10-03,15.58,15.58,15.48,15.55,4679911
2017-10-05,15.51,15.58,15.51,15.55,4542853
2017-10-06,15.55,15.65,15.55,15.65,4218837
2017-10-11,15.65,15.71,15.58,15.71,16685471
2017-10-12,15.68,15.68,15.55,15.58,9341993
2017-10-13,15.58,15.65,15.55,15.61,6184493
2017-10-16,15.61,15.65,15.51,15.65,9575322
2017-10-17,15.65,15.74,15.58,15.74,13346974
2017-10-18,15.74,15.78,15.61,15.71,18916996
2017-10-19,15.71,15.71,15.58,15.58,6656919
2017-10-20,15.58,15.61,15.51,15.58,10156629
2017-10-23,15.65,15.68,15.61,15.65,4397035
2017-10-24,15.65,15.71,15.61,15.65,5601878
2017-10-25,15.65,15.68,15.65,15.68,6073382
2017-10-26,15.68,15.68,15.48,15.55,16246007
2017-10-27,15.55,15.58,15.48,15.55,13588342
2017-10-30,15.55,15.55,15.48,15.48,10266068
2017-10-31,15.48,15.51,15.42,15.45,17197796
2017-11-01,15.55,15.55,15.38,15.42,14889495
2017-11-02,15.38,15.45,15.32,15.35,16543271
2017-11-03,15.38,15.42,15.32,15.38,7448098
2017-11-06,15.38,15.45,15.38,15.42,8842990
2017-11-07,15.45,15.51,15.35,15.42,15406326
2017-11-08,15.42,15.45,15.38,15.38,7739457
2017-11-09,15.42,15.48,15.38,15.45,4814666
2017-11-10,15.45,15.45,15.38,15.38,4342813
2017-11-13,15.38,15.45,15.38,15.38,6066265
2017-11-14,15.38,15.45,15.38,15.42,6883023
2017-11-15,15.42,15.45,15.38,15.38,6858352
2017-11-16,15.35,15.38,15.32,15.32,9935700
2017-11-17,15.35,15.42,15.35,15.35,6837824
2017-11-20,15.35,15.42,15.32,15.35,9773318
2017-11-21,15.35,15.58,15.32,15.55,19480476
2017-11-22,15.58,15.71,15.58,15.68,20544633
2017-11-23,15.68,15.68,15.55,15.65,9295720
2017-11-24,15.51,15.55,15.45,15.45,11867365
2017-11-27,15.45,15.48,15.38,15.38,10245375
2017-11-28,15.35,15.42,15.32,15.38,21716028
2017-11-29,15.38,15.45,15.32,15.35,15000551
2017-11-30,15.42,15.42,15.32,15.42,31184253
2017-12-01,15.42,15.45,15.32,15.45,14420590
2017-12-04,15.45,15.55,15.38,15.51,10890661
2017-12-05,15.51,15.58,15.42,15.45,13796245
2017-12-06,15.45,15.48,15.35,15.42,18124901
2017-12-07,15.45,15.45,15.25,15.25,16638401
2017-12-08,15.25,15.35,15.22,15.22,15189648
2017-12-11,15.25,15.42,15.25,15.32,7608877
2017-12-12,15.32,15.38,15.25,15.29,13778426
2017-12-13,15.32,15.45,15.32,15.45,11668043
2017-12-14,15.45,15.51,15.38,15.38,11001476
2017-12-15,15.35,15.45,15.32,15.45,25452745
2017-12-18,15.45,15.48,15.35,15.48,7747001
2017-12-19,15.45,15.48,15.35,15.42,17438454
2017-12-20,15.45,15.48,15.35,15.42,9547180
2017-12-21,15.38,15.45,15.38,15.38,9311775
2017-12-22,15.38,15.51,15.38,15.51,7397751
2017-12-25,15.51,15.55,15.45,15.51,3941176
2017-12-26,15.51,15.55,15.45,15.48,4292897
2017-12-27,15.45,15.55,15.45,15.55,7815888
2017-12-28,15.58,15.61,15.55,15.61,10228600
2017-12-29,15.65,15.68,15.61,15.68,13388606
2018-01-02,15.65,15.78,15.65,15.78,13089412
2018-01-03,15.78,15.97,15.74,15.97,18225841
2018-01-04,15.91,16.04,15.87,16.04,12195820
2018-01-05,16.04,16.23,16.04,16.23,17386402
2018-01-08,16.3,16.39,16.13,16.39,19378465
2018-01-09,16.36,16.36,16.3,16.3,19916107
2018-01-10,16.3,16.53,16.26,16.53,29707321
2018-01-11,16.49,16.56,16.33,16.56,17844597
2018-01-12,16.56,16.62,16.49,16.53,13324254
2018-01-15,16.56,16.95,16.56,16.92,28224170
2018-01-16,16.88,17.01,16.82,16.85,30014085
2018-01-17,16.79,16.88,16.72,16.85,18396475
2018-01-18,16.72,16.88,16.62,16.82,32334997
2018-01-19,16.62,16.66,16.36,16.66,34133299
2018-01-22,16.49,16.62,16.49,16.62,18271136
2018-01-23,16.53,16.59,16.46,16.56,18231737
2018-01-24,16.49,16.53,16.33,16.49,17211831
2018-01-25,16.46,16.72,16.46,16.69,21610426
2018-01-26,16.62,16.72,16.56,16.69,12370429
2018-01-29,16.66,16.75,16.62,16.75,9568563
2018-01-30,16.66,16.69,16.56,16.56,8221466
2018-01-31,16.49,16.56,16.39,16.49,14847274
2018-02-01,16.49,16.62,16.49,16.56,6342854
2018-02-02,16.39,16.53,16.39,16.49,10232084
2018-02-05,16.3,16.33,16.26,16.3,14698277
2018-02-06,15.84,15.97,15.55,15.65,40592361
2018-02-07,15.78,15.97,15.71,15.71,24543096
2018-02-08,15.81,15.84,15.71,15.71,10834537
2018-02-09,15.48,15.74,15.45,15.61,19705637
2018-02-12,15.68,15.94,15.65,15.74,16635294
2018-02-21,15.94,16.1,15.87,16.1,17737188
2018-02-22,15.97,16.13,15.91,16.13,16127451
2018-02-23,16.17,16.3,16.17,16.3,14954610
2018-02-26,16.39,16.43,16.3,16.3,10608171
2018-02-27,16.36,16.46,16.23,16.26,17094848
2018-03-01,16.04,16.43,16.04,16.36,15043165
2018-03-02,16.23,16.33,16.17,16.26,18797013
2018-03-05,16.26,16.33,16.1,16.13,11902842
2018-03-06,16.3,16.33,16.2,16.2,8191547
2018-03-07,16.17,16.26,15.97,15.97,21290003
2018-03-08,16.07,16.26,16.04,16.26,11030504
2018-03-09,16.3,16.3,16.2,16.26,7794793
2018-03-12,16.39,16.62,16.36,16.59,23887119
2018-03-13,16.59,16.72,16.49,16.72,21296507
2018-03-14,16.62,16.66,16.46,16.49,11747158
2018-03-15,16.46,16.49,16.36,16.36,7704908
2018-03-16,16.43,16.62,16.36,16.62,26225706
2018-03-19,16.62,16.62,16.49,16.59,8379655
2018-03-20,16.49,16.56,16.46,16.53,13964738
2018-03-21,16.56,16.62,16.46,16.53,13006804
2018-03-22,16.53,16.69,16.49,16.56,16734307
2018-03-23,16.3,16.46,16.3,16.43,19271387
2018-03-26,16.33,16.46,16.33,16.39,10245541
2018-03-27,16.46,16.56,16.46,16.56,14470468
2018-03-28,16.46,16.49,16.33,16.33,17423469
2018-03-29,16.36,16.39,16.3,16.33,22956332
2018-03-30,16.39,16.46,16.36,16.36,12044662
2018-04-02,16.49,16.56,16.49,16.53,8943272
2018-04-03,16.49,16.53,16.39,16.46,14957088
2018-04-09,16.56,16.59,16.43,16.59,14057056
2018-04-10,16.49,16.75,16.49,16.72,19715118
2018-04-11,16.69,16.72,16.59,16.62,12752075
2018-04-12,16.62,16.72,16.62,16.72,14577094
2018-04-13,16.69,16.72,16.62,16.69,11206525
2018-04-16,16.66,16.72,16.62,16.72,9428049
2018-04-17,16.69,16.69,16.49,16.53,14828314
2018-04-18,16.66,16.66,16.43,16.43,18024193
2018-04-19,16.46,16.79,16.46,16.79,20586749
2018-04-20,16.72,16.79,16.66,16.75,11388318
2018-04-23,16.75,16.85,16.72,16.82,17701440
2018-04-24,16.82,16.98,16.79,16.88,27101364
2018-04-25,16.85,16.95,16.75,16.95,15887195
2018-04-26,16.95,16.95,16.79,16.92,13643510
2018-04-27,16.88,16.95,16.82,16.95,13120682
2018-04-30,16.95,17.11,16.92,17.11,16062373
2018-05-02,17.08,17.11,17.05,17.11,18969979
2018-05-03,17.08,17.11,16.95,17.01,16282151
2018-05-04,16.92,16.95,16.82,16.82,18871087
2018-05-07,16.85,17.01,16.82,16.95,11466204
2018-05-08,16.95,17.11,16.92,17.08,16345408
2018-05-09,17.01,17.14,16.95,17.05,16243663
2018-05-10,17.05,17.08,16.98,17.01,13414540
2018-05-11,17.05,17.21,17.05,17.21,15037560
2018-05-14,17.24,17.34,17.21,17.27,13444388
2018-05-15,17.34,17.34,17.14,17.14,17676349
2018-05-16,17.21,17.27,17.18,17.24,14999070
2018-05-17,17.24,17.34,17.21,17.24,18518422
2018-05-18,17.24,17.41,17.24,17.41,20657523
2018-05-21,17.41,17.67,17.41,17.6,23644717
2018-05-22,17.54,17.6,17.47,17.47,13610760
2018-05-23,17.47,17.57,17.47,17.54,13702845
2018-05-24,17.54,17.63,17.44,17.63,14685600
2018-05-25,17.6,17.63,17.47,17.5,15281082
2018-05-28,17.5,17.7,17.5,17.7,13871121
2018-05-29,17.63,17.67,17.47,17.54,16783288
2018-05-30,17.41,17.44,17.01,17.18,49222386
2018-05-31,17.21,17.27,17.08,17.11,70971801
2018-06-01,17.11,17.47,17.08,17.41,20705683
2018-06-04,17.41,17.67,17.37,17.67,20953940
2018-06-05,17.67,17.86,17.6,17.83,23421764
2018-06-06,17.83,17.93,17.8,17.86,22569880
2018-06-07,17.86,17.89,17.73,17.83,23331364
2018-06-08,17.73,17.73,17.57,17.67,21232189
2018-06-11,17.6,17.63,17.47,17.57,26854281
2018-06-12,17.5,17.5,17.41,17.44,26588166
2018-06-13,17.6,17.6,17.41,17.44,17819534
2018-06-14,17.41,17.44,17.34,17.34,20461313
2018-06-15,17.34,17.44,17.24,17.44,34961208
2018-06-19,17.24,17.34,17.18,17.18,31913312
2018-06-20,17.24,17.44,17.14,17.34,23049570
2018-06-21,17.47,17.47,17.31,17.34,14693635
2018-06-22,17.47,17.47,17.24,17.34,23759919
2018-06-25,17.24,17.37,17.21,17.31,14338187
2018-06-26,17.37,17.47,17.31,17.37,16148788
2018-06-27,17.41,17.47,17.31,17.37,18384511
2018-06-28,17.31,17.34,17.14,17.14,30886602
2018-06-29,17.14,17.57,17.11,17.54,30436068
2018-07-02,17.34,17.47,17.27,17.27,14942317
2018-07-03,17.24,17.31,17.18,17.21,15907553
2018-07-04,17.21,17.34,17.21,17.27,8279180
2018-07-05,17.37,17.41,17.18,17.27,10362775
2018-07-06,17.18,17.27,17.05,17.24,19931127
2018-07-09,17.37,17.37,17.24,17.31,8292703
2018-07-10,17.41,17.41,17.27,17.41,8638571
2018-07-11,17.27,17.34,17.14,17.31,9251436
2018-07-12,17.31,17.54,17.24,17.5,14434502
2018-07-13,17.5,17.6,17.47,17.6,8097479
2018-07-16,17.67,17.67,17.47,17.47,13459459
2018-07-17,17.47,17.63,17.41,17.57,16373572
2018-07-18,17.6,17.63,17.5,17.6,15517868
2018-07-19,17.6,17.67,17.5,17.5,8466918
2018-07-20,17.5,17.6,17.47,17.54,10374178
2018-07-23,17.57,17.67,17.54,17.57,11363514
2018-07-24,17.6,17.67,17.57,17.67,9773823
2018-07-25,17.67,17.8,17.63,17.73,16357246
2018-07-26,17.8,17.83,17.7,17.83,13139715
2018-07-27,17.83,17.83,17.7,17.76,20534994
2018-07-30,17.8,17.83,17.73,17.76,23494103
2018-07-31,17.8,17.83,17.7,17.76,36963268
2018-08-01,17.76,17.89,17.76,17.89,16589263
2018-08-02,17.86,17.93,17.8,17.83,26534441
2018-08-03,17.86,17.93,17.83,17.83,16363309
2018-08-06,17.86,17.89,17.76,17.8,29021366
2018-08-07,17.8,17.83,17.76,17.8,31561932
2018-08-08,17.8,17.89,17.8,17.83,46593834
2018-08-09,18.0,18.1,17.93,17.97,51114940
2018-08-10,18.04,18.17,18.0,18.17,23522399
2018-08-13,18.1,18.14,17.97,18.04,23843885
2018-08-14,18.0,18.04,17.93,17.93,15216900
2018-08-15,17.93,17.97,17.66,17.66,25310641
2018-08-16,17.59,17.59,17.45,17.48,28312292
2018-08-17,17.59,17.69,17.59,17.62,13143288
2018-08-20,17.66,17.69,17.55,17.59,18310598
2018-08-21,17.69,17.83,17.62,17.83,12078628
2018-08-22,17.86,17.97,17.73,17.9,15460830
2018-08-23,17.93,18.0,17.79,18.0,19547030
2018-08-24,18.0,18.0,17.83,17.93,7177771
2018-08-27,17.93,17.97,17.79,17.79,9567037
2018-08-28,17.86,17.93,17.79,17.86,12000604
2018-08-29,17.86,17.9,17.76,17.83,16995780
2018-08-30,17.83,17.83,17.73,17.79,10416151
2018-08-31,17.79,17.79,17.69,17.79,15714350
2018-09-03,17.79,17.83,17.66,17.76,5982655
2018-09-04,17.76,17.97,17.76,17.97,13187792
2018-09-05,17.93,17.93,17.73,17.73,13171836
2018-09-06,17.66,17.86,17.59,17.86,11220704
2018-09-07,17.73,17.86,17.69,17.86,11529639
2018-09-10,17.76,17.86,17.73,17.79,14715917
2018-09-11,17.83,17.93,17.79,17.93,17567833
2018-09-12,17.93,17.93,17.79,17.93,12432542
2018-09-13,17.9,18.0,17.83,18.0,11464788
2018-09-14,17.97,18.0,17.9,17.9,15846795
2018-09-17,17.97,18.24,17.97,18.21,27857844
2018-09-18,18.21,18.52,18.21,18.48,38785117
2018-09-19,18.48,18.62,18.42,18.62,29143571
2018-09-20,18.62,18.73,18.59,18.62,29211158
2018-09-21,18.66,18.76,18.62,18.73,33610310
2018-09-25,18.76,18.83,18.73,18.83,24949882
2018-09-26,18.83,18.83,18.69,18.83,22116097
2018-09-27,18.83,18.83,18.73,18.83,24813670
2018-09-28,18.79,18.97,18.76,18.97,37106626
2018-10-01,18.97,19.14,18.97,18.97,27516976
2018-10-02,19.04,19.04,18.62,18.73,23908658
2018-10-03,18.66,18.83,18.62,18.69,23149089
2018-10-04,18.69,18.83,18.62,18.83,37218032
2018-10-05,18.79,18.83,18.42,18.48,36059070
2018-10-08,18.48,18.79,18.45,18.62,33502773
2018-10-09,18.62,19.17,18.62,19.0,50299801
2018-10-11,18.55,18.69,18.17,18.28,67882079
2018-10-12,18.1,18.66,18.1,18.62,50839155
2018-10-15,18.45,18.52,18.28,18.31,40850787
2018-10-16,18.35,18.45,18.24,18.35,21959957
2018-10-17,18.42,18.45,18.28,18.38,20061225
2018-10-18,18.38,18.38,18.14,18.17,20370494
2018-10-19,18.0,18.24,17.97,18.1,24871898
2018-10-22,18.07,18.1,17.93,18.04,17135688
2018-10-23,17.93,18.07,17.93,18.07,23789071
2018-10-24,17.93,17.97,17.59,17.93,38201974
2018-10-25,17.62,17.76,17.52,17.62,39094378
2018-10-26,17.66,17.76,17.21,17.48,35544001
2018-10-29,17.48,17.59,17.28,17.45,19880230
2018-10-30,17.55,17.59,17.38,17.55,18138442
2018-10-31,17.79,18.04,17.66,18.04,35462386
2018-11-01,17.79,17.9,17.73,17.83,17852486
2018-11-02,17.93,18.1,17.86,18.1,18370657
2018-11-05,18.0,18.14,17.86,18.14,15262277
2018-11-06,18.14,18.14,17.97,18.1,12448415
2018-11-07,18.1,18.28,18.04,18.28,19546520
2018-11-08,18.35,18.42,18.17,18.42,23168430
2018-11-09,18.38,18.38,18.07,18.24,14912449
2018-11-12,18.17,18.31,18.04,18.28,19383680
2018-11-13,18.07,18.31,18.07,18.28,25523725
2018-11-14,18.24,18.28,18.17,18.28,15635038
2018-11-15,18.21,18.28,18.14,18.21,16487918
2018-11-16,18.28,18.31,18.21,18.28,20175893
2018-11-19,18.28,18.31,18.21,18.28,24393399
2018-11-20,18.21,18.24,18.14,18.14,17130885
2018-11-21,18.07,18.14,18.04,18.14,18756165
2018-11-22,18.14,18.14,17.97,18.07,19551999
2018-11-23,18.04,18.17,18.0,18.1,19744611
2018-11-26,18.1,18.35,18.0,18.04,17959342
2018-11-27,18.04,18.07,17.86,17.9,19665714
2018-11-28,17.97,18.04,17.86,18.04,19849763
2018-11-29,18.04,18.07,17.76,17.76,32781510
2018-11-30,17.86,18.04,17.62,17.66,63111374
2018-12-03,17.83,17.93,17.79,17.83,17591587
2018-12-04,17.83,17.97,17.83,17.97,17492180
2018-12-05,17.86,17.93,17.79,17.83,6416000
2018-12-06,17.83,17.83,17.69,17.79,16734106
2018-12-07,17.79,17.83,17.73,17.83,8656889
2018-12-10,17.69,17.73,17.62,17.69,11499994
2018-12-11,17.66,17.79,17.62,17.76,14449157
2018-12-12,17.86,17.86,17.66,17.73,14141156
2018-12-13,17.73,17.76,17.66,17.73,15967653
2018-12-14,17.62,17.73,17.59,17.69,19393591
2018-12-17,17.73,17.79,17.69,17.79,7629692
2018-12-18,17.76,17.79,17.59,17.66,17603504
2018-12-19,17.69,17.73,17.59,17.73,12947186
2018-12-20,17.62,17.73,17.59,17.73,9280825
2018-12-21,17.69,17.69,17.62,17.69,14048701
2018-12-24,17.62,17.66,17.55,17.59,10527734
2018-12-25,17.45,17.55,17.45,17.48,10040952
2018-12-26,17.52,17.55,17.38,17.42,15990276
2018-12-27,17.48,17.62,17.42,17.45,18602207
2018-12-28,17.48,17.9,17.38,17.9,31372989
2019-01-02,17.73,17.73,17.45,17.55,13860045
2019-01-03,17.45,17.59,17.38,17.55,13177596
2019-01-04,17.42,17.52,17.38,17.42,12920884
2019-01-07,17.62,17.66,17.55,17.66,14976331
2019-01-08,17.69,17.69,17.55,17.59,14178831
2019-01-09,17.69,17.83,17.62,17.83,23838464
2019-01-10,17.83,18.0,17.79,18.0,19649099
2019-01-11,18.04,18.04,17.9,17.93,13414400
2019-01-14,17.93,18.0,17.79,17.97,8049134
2019-01-15,18.0,18.07,17.9,18.07,17003085
2019-01-16,18.04,18.04,17.93,17.93,9739204
2019-01-17,17.93,18.0,17.9,18.0,8780133
2019-01-18,18.0,18.1,17.93,18.0,12539875
2019-01-21,18.1,18.14,18.07,18.1,18083414
2019-01-22,18.1,18.24,18.04,18.24,13681923
2019-01-23,18.1,18.35,18.1,18.35,14085391
2019-01-24,18.31,18.35,18.17,18.35,25783727
2019-01-25,18.17,18.31,18.17,18.28,21321395
2019-01-28,18.28,18.31,18.17,18.28,24050751
2019-01-29,18.24,18.42,18.17,18.42,29115098
2019-01-30,18.42,18.52,18.35,18.35,27529934
2019-02-11,18.59,18.59,18.21,18.21,31992409
2019-02-12,18.24,18.45,18.21,18.31,26096313
2019-02-13,18.31,18.42,18.28,18.31,18461736
2019-02-14,18.28,18.38,18.28,18.28,18401938
2019-02-15,18.28,18.38,18.21,18.21,19358232
2019-02-18,18.31,18.45,18.31,18.42,13802157
2019-02-19,18.42,18.52,18.38,18.48,11768219
2019-02-20,18.52,18.59,18.48,18.59,21615184
2019-02-21,18.55,18.62,18.52,18.62,14869936
2019-02-22,18.59,18.62,18.52,18.59,18597922
2019-02-25,18.62,18.69,18.59,18.69,21162766
2019-02-26,18.69,18.69,18.59,18.62,26928995
2019-02-27,18.69,18.79,18.66,18.79,21370367
2019-03-04,18.62,18.79,18.55,18.62,36716038
2019-03-05,18.62,18.69,18.52,18.59,26234964
2019-03-06,18.69,18.69,18.59,18.69,19724811
2019-03-07,18.66,18.73,18.62,18.69,13086576
2019-03-08,18.62,18.69,18.62,18.62,10197188
2019-03-11,18.73,18.9,18.66,18.79,13551258
2019-03-12,18.86,18.97,18.79,18.83,14915939
2019-03-13,18.83,18.93,18.79,18.93,8609849
2019-03-14,18.86,18.93,18.73,18.83,12615425
2019-03-15,18.83,18.93,18.83,18.93,14288888
2019-03-18,18.97,19.21,18.93,19.21,22259340
2019-03-19,19.24,19.38,19.24,19.31,24005378
2019-03-20,19.31,19.31,19.17,19.31,18177413
2019-03-21,19.31,19.38,19.21,19.38,14637437
2019-03-22,19.38,19.45,19.31,19.31,12374230
2019-03-25,19.17,19.24,19.1,19.14,19588282
2019-03-26,19.14,19.35,19.14,19.31,6322877
2019-03-27,19.31,19.38,19.24,19.28,12720708
2019-03-28,19.28,19.35,19.24,19.28,16708522
2019-03-29,19.28,19.35,19.21,19.35,20972930
2019-04-01,19.35,19.38,19.24,19.24,12265238
2019-04-02,19.24,19.31,19.21,19.21,11486183
2019-04-03,19.31,19.38,19.28,19.31,17371339
2019-04-08,19.38,19.42,19.31,19.35,18244889
2019-04-09,19.35,19.45,19.35,19.45,19731899
2019-04-10,19.38,19.48,19.35,19.42,23112633
2019-04-11,19.38,19.48,19.38,19.48,7239835
2019-04-12,19.45,19.52,19.42,19.52,11847853
2019-04-15,19.48,19.52,19.45,19.45,14754569
2019-04-16,19.45,19.48,19.35,19.38,14165653
2019-04-17,19.42,19.45,19.35,19.38,13151968
2019-04-18,19.38,19.45,19.35,19.45,13138848
2019-04-19,19.42,19.42,19.35,19.42,7056289
2019-04-22,19.42,19.42,19.31,19.31,12256783
2019-04-23,19.31,19.45,19.28,19.45,13273042
2019-04-24,19.69,19.83,19.66,19.76,30047376
2019-04-25,19.76,19.86,19.73,19.83,15237050
2019-04-26,19.83,19.97,19.79,19.97,16380227
2019-04-29,19.97,20.24,19.97,20.24,21672517
2019-04-30,20.24,20.45,20.21,20.45,27733900
2019-05-02,20.42,20.83,20.38,20.76,42096543
2019-05-03,20.76,20.83,20.69,20.73,26136958
2019-05-06,20.69,20.73,20.55,20.73,22961305
2019-05-07,20.73,21.21,20.73,21.04,23953239
2019-05-08,20.76,21.04,20.76,21.04,21486895
2019-05-09,20.76,20.86,20.59,20.62,30186848
2019-05-10,20.59,20.73,20.38,20.42,28889603
2019-05-13,20.42,20.42,20.17,20.35,19901558
2019-05-14,20.28,20.59,20.24,20.35,34789017
2019-05-15,20.38,20.59,20.35,20.48,23527531
2019-05-16,20.48,20.52,20.38,20.38,27141848
2019-05-17,20.62,20.86,20.55,20.69,32203153
2019-05-20,20.93,20.97,20.83,20.97,24443092
2019-05-21,21.11,21.21,20.97,21.14,28726480
2019-05-22,21.04,21.11,20.9,21.0,12982450
2019-05-23,21.0,21.07,20.69,21.07,26509049
2019-05-24,20.97,21.14,20.93,21.04,11636057
2019-05-27,21.07,21.11,20.97,21.04,9793558
2019-05-28,21.04,21.07,20.79,20.86,40058955
2019-05-29,20.83,21.07,20.76,21.07,14462597
2019-05-30,20.97,21.17,20.93,21.17,22450871
2019-05-31,21.07,21.38,21.04,21.38,29710613
2019-06-03,21.24,21.38,21.21,21.38,22515043
2019-06-04,21.38,21.42,21.24,21.31,21860586
2019-06-05,21.38,21.45,21.28,21.31,21348402
2019-06-06,21.31,21.86,21.28,21.86,31466272
2019-06-10,21.86,22.11,21.79,22.04,23277247
2019-06-11,22.04,22.04,21.59,21.59,28189148
2019-06-12,21.45,21.45,20.79,21.17,58119199
2019-06-13,21.11,21.31,20.83,21.11,34437085
2019-06-14,20.97,21.14,20.97,21.14,26965314
2019-06-17,21.17,21.28,21.14,21.17,24127470
2019-06-18,21.17,21.24,21.04,21.24,27629012
2019-06-19,21.28,21.59,21.24,21.55,35942990
2019-06-20,21.69,21.73,21.55,21.73,35744294
2019-06-21,21.59,21.62,21.24,21.24,56025994
2019-06-24,21.31,21.38,21.24,21.28,26776468
2019-06-25,21.31,21.42,21.31,21.35,23513182
2019-06-26,21.38,21.45,21.35,21.42,19676013
2019-06-27,21.35,21.45,21.24,21.28,34548065
2019-06-28,21.38,21.48,21.24,21.31,29041417
2019-07-01,21.31,21.45,21.28,21.31,23443475
2019-07-02,21.35,21.55,21.35,21.42,23879459
2019-07-03,21.38,21.48,21.35,21.48,18142701
2019-07-04,21.48,21.55,21.45,21.52,11557313
2019-07-05,21.52,21.66,21.52,21.66,8982170
2019-07-08,21.62,21.66,21.55,21.66,13830727
2019-07-09,21.66,21.79,21.62,21.79,16883423
2019-07-10,21.79,21.86,21.79,21.79,15435161
2019-07-11,21.79,22.04,21.79,21.97,13930719
2019-07-12,22.0,22.07,21.97,21.97,12207794
2019-07-15,22.04,22.07,21.76,21.86,26395432
2019-07-16,21.93,22.04,21.9,22.04,13575555
2019-07-17,21.93,22.04,21.76,22.0,20612734
2019-07-18,21.97,22.0,21.76,21.97,13767078
2019-07-19,22.0,22.04,21.93,21.97,12774542
2019-07-22,22.0,22.11,22.0,22.0,15301096
2019-07-23,22.07,22.17,22.07,22.14,12584665
2019-07-24,22.11,22.21,22.11,22.21,12034695
2019-07-25,22.21,22.42,22.21,22.24,14168165
2019-07-26,22.28,22.35,22.17,22.28,11703893
2019-07-29,22.28,22.28,22.14,22.14,16459890
2019-07-30,22.14,22.24,22.07,22.14,16937624
2019-07-31,22.21,22.21,21.9,22.14,42380585
2019-08-01,21.83,22.04,21.83,21.83,26692869
2019-08-02,21.59,21.62,21.45,21.62,36593703
2019-08-05,21.62,21.66,21.48,21.55,20894990
2019-08-06,21.45,21.69,21.28,21.55,28163512
2019-08-07,21.79,21.79,21.42,21.42,32260913
2019-08-08,21.31,21.55,21.31,21.45,32517031
2019-08-12,21.38,21.38,21.05,21.16,65624291
2019-08-13,21.16,21.19,20.72,20.79,46254199
2019-08-14,20.79,20.9,20.57,20.57,34658304
2019-08-15,20.36,20.43,20.28,20.36,30541027
2019-08-16,20.43,20.72,20.25,20.61,30460541
2019-08-19,20.65,20.76,20.65,20.65,18055929
2019-08-20,20.65,20.83,20.65,20.79,19390191
2019-08-21,20.79,20.83,20.54,20.54,22531255
2019-08-22,20.61,20.72,20.54,20.61,13255470
2019-08-23,20.61,20.72,20.61,20.68,12204642
2019-08-26,20.43,20.54,20.36,20.39,22439082
2019-08-27,20.43,20.5,20.32,20.43,30287484
2019-08-28,20.43,20.61,20.43,20.47,12422131
2019-08-29,20.47,20.5,20.43,20.43,11692408
2019-08-30,20.57,20.98,20.5,20.98,21028622
2019-09-02,20.9,20.9,20.61,20.76,17691444
2019-09-03,20.76,20.76,20.65,20.68,9661028
2019-09-04,20.68,20.79,20.68,20.76,14861965
2019-09-05,20.79,20.87,20.76,20.83,17060142
2019-09-06,20.9,21.05,20.87,21.01,11411271
2019-09-10,21.49,21.6,21.38,21.56,28269481
2019-09-11,21.6,21.6,21.23,21.52,17320915
2019-09-12,21.6,21.6,21.38,21.38,12496755
2019-09-16,21.52,21.52,21.27,21.3,16411256
2019-09-17,21.3,21.34,21.23,21.3,11752370
2019-09-18,21.3,21.56,21.27,21.56,14578241
2019-09-19,21.52,21.56,21.38,21.49,14948022
2019-09-20,21.52,21.52,21.27,21.38,35643619
2019-09-23,21.34,21.34,21.27,21.3,16884881
2019-09-24,21.3,21.34,21.16,21.19,20943567
2019-09-25,21.19,21.23,20.94,21.01,33764850
2019-09-26,21.09,21.09,21.01,21.01,15903215
2019-09-27,21.01,21.09,20.94,20.98,16319635
2019-10-01,20.98,21.19,20.98,20.98,23282573
2019-10-02,20.98,21.16,20.98,21.01,13023379
2019-10-03,20.9,21.01,20.87,20.98,12330190
2019-10-04,20.94,21.05,20.94,21.05,16887686
2019-10-07,21.12,21.12,21.05,21.12,11227907
2019-10-08,21.3,21.49,21.19,21.23,25570554
2019-10-09,21.27,21.3,21.16,21.16,14864586
2019-10-14,21.3,21.3,21.12,21.27,25664661
2019-10-15,21.27,21.3,21.12,21.27,11490318
2019-10-16,21.3,21.3,21.19,21.27,16219861
2019-10-17,21.27,21.34,21.23,21.34,12794601
2019-10-18,21.41,21.41,21.16,21.23,20572327
2019-10-21,21.23,21.3,21.12,21.3,15838758
2019-10-22,21.3,21.38,21.16,21.27,20807806
2019-10-23,21.27,21.3,21.23,21.3,13797946
2019-10-24,21.34,21.49,21.34,21.49,20360234
2019-10-25,21.52,21.52,21.38,21.49,10844204
2019-10-28,21.52,21.6,21.45,21.6,15422005
2019-10-29,21.63,21.67,21.56,21.67,11487160
2019-10-30,21.67,21.78,21.6,21.78,19740631
2019-10-31,21.81,21.92,21.81,21.81,27594292
2019-11-01,21.78,21.78,21.6,21.63,17304430
2019-11-04,21.67,21.85,21.63,21.85,16430519
2019-11-05,21.92,22.03,21.89,22.03,19722386
2019-11-06,22.33,22.62,22.11,22.36,44053190
2019-11-07,22.43,22.43,22.18,22.25,18249913
2019-11-08,22.33,22.36,22.18,22.25,15499471
2019-11-11,22.29,22.33,22.0,22.18,19622947
2019-11-12,22.33,22.36,22.14,22.33,15375392
2019-11-13,22.25,22.33,22.22,22.25,16308725
2019-11-14,22.29,22.29,22.14,22.18,10598206
2019-11-15,22.33,22.36,22.22,22.29,10898548
2019-11-18,22.25,22.4,22.18,22.4,9337193
2019-11-19,22.33,22.43,22.25,22.4,16451209
2019-11-20,22.4,22.43,22.29,22.36,13275593
2019-11-21,22.22,22.25,22.11,22.14,19689846
2019-11-22,22.14,22.22,22.11,22.18,13086559
2019-11-25,22.18,22.22,22.14,22.18,11083656
2019-11-26,22.25,22.4,22.18,22.18,42740455
2019-11-27,22.18,22.43,22.18,22.4,14479354
2019-11-28,22.4,22.4,22.25,22.36,9126424
2019-11-29,22.36,22.36,22.11,22.11,16960098
2019-12-02,22.0,22.11,22.0,22.11,14777025
2019-12-03,22.0,22.0,21.92,21.92,20920975
2019-12-04,21.96,22.0,21.89,22.0,12990990
2019-12-05,22.03,22.03,21.92,22.0,12758170
2019-12-06,22.07,22.07,21.92,21.92,9120063
2019-12-09,21.96,22.0,21.92,22.0,8691066
2019-12-10,22.0,22.03,21.96,22.03,7536918
2019-12-11,21.96,22.0,21.89,21.96,15542815
2019-12-12,21.96,22.11,21.92,22.0,16989803
2019-12-13,22.07,22.22,22.03,22.11,20688610
2019-12-16,22.11,22.22,22.11,22.14,33065
2019-12-17,22.14,22.36,22.11,22.36,22981253
2019-12-18,22.29,22.36,22.25,22.36,22642745
2019-12-19,22.29,22.33,22.22,22.29,16876460
2019-12-20,22.33,22.4,22.22,22.29,29033322
2019-12-23,22.29,22.51,22.29,22.51,13584435
2019-12-24,22.47,22.51,22.4,22.47,8964276
2019-12-25,22.47,22.51,22.4,22.47,6367103
2019-12-26,22.51,22.51,22.43,22.47,6733423
2019-12-27,22.51,22.54,22.47,22.54,7279682
2019-12-30,22.54,22.58,22.4,22.4,13132967
2019-12-31,22.4,22.4,22.33,22.33,11292731
2020-01-02,22.33,22.36,22.29,22.33,8560464
2020-01-03,22.4,22.47,22.33,22.47,11955930
2020-01-06,22.43,22.43,22.33,22.33,13441785
2020-01-07,22.33,22.36,22.29,22.33,18139072
2020-01-08,22.33,22.47,22.25,22.4,23560461
2020-01-09,22.4,22.54,22.4,22.54,15119502
2020-01-10,22.54,22.69,22.54,22.58,16879729
2020-01-13,22.69,23.16,22.65,23.13,30416247
2020-01-14,23.2,23.38,23.16,23.35,22124320
2020-01-15,23.35,23.35,23.13,23.2,22435687
2020-01-16,23.24,23.31,23.16,23.31,15015081
2020-01-17,23.35,23.42,23.27,23.42,15918344
2020-01-20,23.42,23.64,23.42,23.6,21587575
2020-01-30,23.31,23.31,22.76,22.76,63801699
2020-01-31,22.8,23.35,22.8,23.02,29901849
2020-02-03,22.73,23.16,22.43,23.06,31664572
2020-02-04,22.11,23.2,22.11,23.2,21795752
2020-02-05,23.24,23.38,23.06,23.35,18417353
2020-02-06,23.42,23.6,23.35,23.6,19033654
2020-02-07,23.46,23.53,23.31,23.35,23967169
2020-02-10,23.02,23.42,23.02,23.38,19195353
2020-02-11,23.31,23.46,23.27,23.46,15298091
2020-02-12,23.38,23.53,23.38,23.42,15623520
2020-02-13,23.42,23.49,23.38,23.49,13787208
2020-02-14,23.42,23.57,23.38,23.57,8977197
2020-02-17,23.53,23.75,23.49,23.71,17260026
2020-02-18,23.68,24.11,23.64,24.0,20059172
2020-02-19,24.08,24.4,24.08,24.4,21369599
2020-02-20,24.48,24.66,24.22,24.51,28020438
2020-02-21,24.48,24.55,24.19,24.22,24479215
2020-02-24,24.04,24.04,23.78,23.86,27644592
2020-02-25,23.6,23.89,23.6,23.86,26349884
2020-02-26,23.6,23.68,23.53,23.6,33054127
2020-02-27,23.57,23.64,23.42,23.6,27715316
2020-03-02,23.09,23.49,23.09,23.31,32601596
2020-03-03,23.49,23.68,23.42,23.53,24303297
2020-03-04,23.42,23.6,23.42,23.6,16334138
2020-03-05,23.6,24.04,23.6,24.0,19232335
2020-03-06,23.93,23.93,23.49,23.68,33692131
2020-03-09,23.13,23.46,22.91,23.16,56627296
2020-03-10,22.69,23.06,22.69,22.87,51150911
2020-03-11,22.84,22.95,22.76,22.76,34127633
2020-03-12,22.43,22.51,21.81,22.03,65433640
2020-03-13,20.68,22.03,20.47,21.89,101615172
2020-03-16,21.23,21.56,21.16,21.16,57591159
2020-03-17,20.28,20.9,20.14,20.43,76694769
2020-03-18,20.14,20.76,20.14,20.43,50334503
2020-03-19,20.06,20.25,19.26,19.26,74544918
2020-03-20,19.48,20.43,19.48,20.39,67394144
2020-03-23,19.37,19.84,19.12,19.7,48227490
2020-03-24,20.5,20.65,19.95,19.95,42232345
2020-03-25,20.39,20.68,20.25,20.39,37051507
2020-03-26,20.5,20.65,20.28,20.54,36143975
2020-03-27,20.68,21.01,20.65,20.9,32463912
2020-03-30,20.65,21.01,20.36,20.9,26942136
2020-03-31,21.05,21.09,20.57,20.76,28213946
2020-04-01,20.65,20.68,20.47,20.47,26312312
2020-04-06,21.19,21.49,20.47,20.76,34776678
2020-04-07,20.9,20.98,20.65,20.72,36033706
2020-04-08,20.72,20.87,20.68,20.72,29115437
2020-04-09,20.72,20.9,20.72,20.79,17827607
2020-04-10,20.87,21.38,20.83,21.27,23591452
2020-04-13,20.94,21.09,20.79,20.87,22927098
2020-04-14,20.87,21.05,20.83,21.05,35072509
2020-04-15,21.09,21.34,21.09,21.3,29690257
2020-04-16,21.01,21.09,20.87,21.01,27791673
2020-04-17,21.19,21.49,21.19,21.19,23574025
2020-04-20,21.12,21.23,20.98,21.09,21377941
2020-04-21,21.05,21.05,20.57,20.68,35329886
2020-04-22,20.43,20.79,20.43,20.65,25024485
2020-04-23,20.57,20.87,20.57,20.65,27753223
2020-04-24,20.65,20.68,20.57,20.57,25813786
2020-04-27,20.83,21.05,20.68,20.94,23641115
2020-04-28,21.19,21.49,21.16,21.49,29736614
2020-04-29,21.74,21.92,21.52,21.85,40019243
2020-04-30,21.92,22.36,21.92,21.96,41321257
2020-05-04,20.94,21.56,20.94,21.41,38445534
2020-05-05,21.49,21.85,21.45,21.78,22259901
2020-05-06,21.78,21.78,21.45,21.56,25715502
2020-05-07,21.56,21.78,21.45,21.56,25888810
2020-05-08,21.89,22.0,21.78,21.89,20056409
2020-05-11,22.11,22.25,22.03,22.18,22321614
2020-05-12,22.14,22.14,21.96,22.11,21275116
2020-05-13,22.11,22.22,22.0,22.11,17338727
2020-05-14,22.0,22.14,21.92,22.07,26064774
2020-05-15,22.11,22.18,21.96,22.07,27348926
2020-05-18,21.96,22.07,21.89,21.92,21187476
2020-05-19,22.33,22.4,22.11,22.29,29494411
2020-05-20,22.36,22.47,22.29,22.47,20946015
2020-05-21,22.47,22.62,22.33,22.62,14154214
2020-05-22,22.43,22.54,22.22,22.22,21600642
2020-05-25,22.25,22.29,21.96,22.14,9919973
2020-05-26,22.4,22.47,22.22,22.36,17554172
2020-05-27,22.36,22.47,22.33,22.4,10754146
2020-05-28,22.4,22.43,22.18,22.22,17659741
2020-05-29,22.14,22.43,22.11,22.43,31403097
2020-06-01,22.54,22.65,22.36,22.4,19422211
2020-06-02,22.4,22.58,22.4,22.54,11409640
2020-06-03,22.76,22.98,22.65,22.84,27419345
2020-06-04,22.98,22.98,22.84,22.91,20621505
2020-06-05,22.91,22.98,22.76,22.98,20718875
2020-06-08,22.98,23.2,22.91,23.2,24934603
2020-06-09,23.16,23.24,23.02,23.24,20707505
2020-06-10,23.24,23.42,23.13,23.42,20698081
2020-06-11,23.35,23.42,23.16,23.2,23201777
2020-06-12,22.62,23.13,22.54,22.98,27424223
2020-06-15,22.95,23.09,22.84,22.84,16620744
2020-06-16,22.98,23.35,22.98,23.13,17025625
2020-06-17,23.02,23.13,22.95,23.13,18267688
2020-06-18,23.16,23.16,22.95,23.09,17224639
2020-06-19,23.02,23.06,22.8,22.8,38199132
2020-06-22,22.8,22.95,22.69,22.73,20038809
2020-06-23,22.73,22.91,22.54,22.73,17707873
2020-06-24,22.8,22.95,22.69,22.8,17437129
2020-06-29,22.54,22.65,22.51,22.54,27197021
2020-06-30,22.62,22.69,22.54,22.54,21769498
2020-07-01,22.54,22.98,22.54,22.8,17387384
2020-07-02,22.8,23.09,22.76,23.02,15294158
2020-07-03,23.13,23.27,23.02,23.02,27964957
2020-07-06,23.06,23.35,23.02,23.31,21495278
2020-07-07,23.35,23.42,23.2,23.35,26663237
2020-07-08,23.31,23.46,23.27,23.38,20274194
2020-07-09,23.42,23.57,23.38,23.53,24357634
2020-07-10,23.49,23.53,23.27,23.35,22570410
2020-07-13,23.42,23.49,23.35,23.38,17806764
2020-07-14,23.42,23.53,23.38,23.49,17229924
2020-07-15,23.49,23.57,23.35,23.46,28280326
2020-07-16,23.49,23.53,23.27,23.46,29413854
2020-07-17,23.49,23.57,23.38,23.53,23755719
2020-07-20,23.49,23.71,23.46,23.68,29192483
2020-07-21,23.71,23.82,23.68,23.75,25780541
2020-07-22,23.71,23.89,23.68,23.86,24607276
2020-07-23,23.71,23.93,23.57,23.86,19384156
2020-07-24,23.68,23.78,23.42,23.46,30725989
2020-07-27,23.42,23.49,23.02,23.06,29401808
2020-07-28,22.84,23.2,22.76,23.09,25854092
2020-07-29,23.06,23.57,23.02,23.49,23631085
2020-07-30,23.57,23.6,23.35,23.6,21694034
2020-07-31,23.64,23.71,23.49,23.6,27058633
2020-08-03,23.57,23.57,23.2,23.42,27467109
2020-08-04,23.42,23.57,23.42,23.53,13666802
2020-08-05,23.57,23.57,23.46,23.49,18194825
2020-08-06,23.53,23.68,23.49,23.68,19560822
2020-08-07,23.71,23.78,23.64,23.68,31724271
2020-08-10,23.68,23.75,23.57,23.71,27938979
2020-08-11,23.64,23.71,23.6,23.68,29894769
2020-08-12,23.68,23.71,23.57,23.6,42554083
2020-08-13,23.49,23.53,23.18,23.41,90312935
2020-08-14,23.33,23.33,23.1,23.14,36392588
2020-08-17,23.14,23.18,23.06,23.1,35222893
2020-08-18,23.14,23.14,23.02,23.06,30272029
2020-08-19,23.06,23.33,23.02,23.02,29207751
2020-08-20,23.02,23.06,22.6,22.64,56524887
2020-08-21,22.83,22.95,22.68,22.79,25169463
2020-08-24,22.87,22.87,22.72,22.79,23943775
2020-08-25,22.79,22.83,22.72,22.72,33634763
2020-08-26,22.72,22.83,22.72,22.76,27325898
2020-08-27,22.83,22.87,22.6,22.64,26094621
2020-08-28,22.72,22.76,22.6,22.64,24986775
2020-08-31,22.76,22.79,22.52,22.52,24626251
2020-09-01,22.52,22.56,22.33,22.37,46971028
2020-09-02,22.49,22.49,22.18,22.25,39060494
2020-09-03,22.25,22.29,22.14,22.25,25163564
2020-09-04,22.14,22.25,22.02,22.06,40780067
2020-09-07,22.06,22.22,22.02,22.22,19115248
2020-09-08,22.29,22.33,22.14,22.22,17415257
2020-09-09,22.1,22.22,22.02,22.14,21908152
2020-09-10,22.14,22.18,22.02,22.14,22465488
2020-09-11,22.1,22.14,21.99,22.06,27360185
2020-09-14,22.06,22.1,21.95,22.06,18074898
2020-09-15,22.02,22.06,21.99,22.06,17055182
2020-09-16,22.06,22.14,21.99,22.14,12757904
2020-09-17,22.1,22.14,21.99,21.99,18393857
2020-09-18,21.99,22.02,21.91,21.91,40431032
2020-09-21,21.87,21.91,21.72,21.72,37236110
2020-09-22,21.68,21.68,21.45,21.45,49324423
2020-09-23,21.45,21.48,21.18,21.18,51006703
2020-09-24,21.02,21.02,20.79,20.79,57286733
2020-09-25,20.83,21.45,20.79,21.14,34073241
2020-09-28,21.29,21.52,21.25,21.48,20355670
2020-09-29,21.6,21.64,21.33,21.41,23293911
2020-09-30,21.48,21.52,21.41,21.41,14615705
2020-10-05,21.48,21.64,21.41,21.41,18574216
2020-10-06,21.56,21.56,21.45,21.52,18047644
2020-10-07,21.56,21.56,21.45,21.52,11168958
2020-10-08,21.56,21.6,21.48,21.56,11047864
2020-10-12,21.6,21.75,21.52,21.75,18922845
2020-10-13,21.75,21.79,21.6,21.68,11589900
2020-10-14,21.64,21.68,21.56,21.56,15379177
2020-10-15,21.56,21.56,21.29,21.37,21013140
2020-10-16,21.41,21.45,21.33,21.33,14853860
2020-10-19,21.33,21.48,21.33,21.41,10448425
2020-10-20,21.41,21.45,21.29,21.33,14437909
2020-10-21,21.37,21.41,21.29,21.29,15011441
2020-10-22,21.25,21.41,21.25,21.41,12907025
2020-10-23,21.37,21.41,21.29,21.37,11947423
2020-10-26,21.37,21.45,21.33,21.41,14103598
2020-10-27,21.29,21.41,21.29,21.33,13266878
2020-10-28,21.33,21.37,21.25,21.29,15118401
2020-10-29,21.25,21.29,21.18,21.18,17153257
2020-10-30,21.18,21.37,21.1,21.22,19195756
2020-11-02,21.29,21.52,21.22,21.52,12293997
2020-11-03,21.56,21.64,21.48,21.64,12190531
2020-11-04,21.72,21.72,21.6,21.64,12278545
2020-11-05,21.72,21.91,21.64,21.87,12429953
2020-11-06,21.91,21.99,21.87,21.95,12677399
2020-11-09,22.02,22.18,21.99,22.14,17073011
2020-11-10,22.22,22.33,22.14,22.33,25160979
2020-11-11,22.45,22.87,22.41,22.87,45040018
2020-11-12,22.87,22.87,22.37,22.49,19609779
2020-11-13,22.49,22.6,22.33,22.6,15941712
2020-11-16,22.72,22.76,22.49,22.68,22564513
2020-11-17,22.72,22.72,22.49,22.68,21364037
2020-11-18,22.68,22.83,22.6,22.83,20991951
2020-11-19,22.6,22.79,22.6,22.79,15490135
2020-11-20,22.79,22.83,22.72,22.76,13560794
2020-11-23,22.79,22.91,22.76,22.87,16649634
2020-11-24,22.87,22.87,22.56,22.56,14704875
2020-11-25,22.68,22.68,22.52,22.52,13315100
2020-11-26,22.52,22.56,22.49,22.56,15043493
2020-11-27,22.49,22.52,22.41,22.41,17857454
2020-11-30,22.41,22.45,21.91,21.91,63862256
2020-12-01,22.06,22.45,22.06,22.45,15632961
2020-12-02,22.33,22.52,22.33,22.49,12620697
2020-12-03,22.41,22.49,22.33,22.49,12341382
2020-12-04,22.49,22.49,22.37,22.41,20919005
2020-12-07,22.41,22.45,22.25,22.33,25967637
2020-12-08,22.22,22.25,22.02,22.1,30639530
2020-12-09,22.06,22.25,22.06,22.14,26115470
2020-12-10,22.14,22.33,22.06,22.18,15003960
2020-12-11,22.29,22.56,22.29,22.56,21353098
2020-12-14,22.6,22.64,22.56,22.56,17911164
2020-12-15,22.41,22.49,22.25,22.37,15296765
2020-12-16,22.33,22.68,22.33,22.64,20887044
2020-12-17,22.68,22.72,22.6,22.72,17896086
2020-12-18,22.68,22.72,22.6,22.72,20050742
2020-12-21,22.64,22.83,22.49,22.83,20426388
2020-12-22,22.83,22.83,22.68,22.83,18441613
2020-12-23,22.64,22.68,22.45,22.68,14085805
2020-12-24,22.72,22.72,22.56,22.68,11085568
2020-12-25,22.64,22.68,22.56,22.6,6731476
2020-12-28,22.6,22.76,22.52,22.76,13709581
2020-12-29,22.72,22.76,22.64,22.76,11873800
2020-12-30,22.72,23.1,22.68,23.02,29368360
2020-12-31,23.02,23.1,22.91,22.95,18466314
2021-01-04,22.83,23.02,22.76,23.02,21042750
2021-01-05,22.99,23.02,22.91,22.99,13294183
2021-01-06,22.91,22.99,22.64,22.68,27795192
2021-01-07,22.68,22.95,22.68,22.91,24253532
2021-01-08,22.91,23.1,22.87,23.1,42310627
2021-01-11,23.06,23.14,23.02,23.14,20551020
2021-01-12,23.06,23.1,22.91,22.91,15175022
2021-01-13,22.91,23.02,22.83,22.95,17052868
2021-01-14,22.91,22.99,22.76,22.91,22220672
2021-01-15,22.79,22.79,22.56,22.56,24011080
2021-01-18,22.49,22.52,22.33,22.45,24523915
2021-01-19,22.41,22.45,22.37,22.41,15746852
2021-01-20,22.37,22.37,22.02,22.1,41370843
2021-01-21,22.1,22.33,22.1,22.1,20545645
2021-01-22,22.1,22.1,21.99,22.02,21901519
2021-01-25,22.1,22.29,22.02,22.22,22281025
2021-01-26,22.25,22.25,22.02,22.1,20382219
2021-01-27,22.18,22.22,22.06,22.1,16059046
2021-01-28,22.02,22.1,21.95,21.99,30877456
2021-01-29,21.99,22.06,21.68,21.68,40119662
2021-02-01,21.72,22.14,21.68,22.06,15662134
2021-02-02,22.1,22.25,22.02,22.1,19565029
2021-02-03,22.14,22.22,22.02,22.18,14342797
2021-02-04,22.1,22.29,22.06,22.18,14492523
2021-02-05,22.22,22.33,22.1,22.18,21554865
2021-02-17,22.33,22.76,22.29,22.64,51279824
2021-02-18,22.64,22.64,22.45,22.52,18530214
2021-02-19,22.49,22.49,22.33,22.45,18991542
2021-02-22,22.45,22.56,22.37,22.41,20659464
2021-02-23,22.45,22.79,22.41,22.76,25062886
2021-02-24,22.79,22.87,22.52,22.56,34995927
2021-02-25,22.64,22.87,22.6,22.83,27463626
2021-02-26,22.83,22.83,22.49,22.49,47949430
2021-03-02,22.79,22.95,22.76,22.83,25594407
2021-03-03,22.87,22.95,22.76,22.91,22096784
2021-03-04,22.91,22.91,22.56,22.79,26558890
2021-03-05,22.68,22.95,22.6,22.87,22349355
2021-03-08,22.91,23.1,22.87,23.02,33914791
2021-03-09,23.1,23.56,23.06,23.56,60212444
2021-03-10,23.56,23.6,23.41,23.56,29117739
2021-03-11,23.6,23.95,23.56,23.68,43836401
2021-03-12,23.72,23.72,23.45,23.6,16515354
2021-03-15,23.64,23.95,23.6,23.87,26011517
2021-03-16,23.95,24.22,23.91,24.14,26295084
2021-03-17,24.14,24.22,23.99,24.22,31381222
2021-03-18,24.22,24.33,24.18,24.18,26856559
2021-03-19,24.03,24.14,23.91,23.91,42390729
2021-03-22,23.83,24.14,23.72,24.06,19406079
2021-03-23,24.03,24.14,23.91,24.14,16924683
2021-03-24,24.06,24.18,23.99,24.18,14230850
2021-03-25,24.14,24.33,24.1,24.33,13320185
2021-03-26,24.33,24.41,24.22,24.33,17150035
2021-03-29,24.33,24.49,24.3,24.49,15629888
2021-03-30,24.45,24.53,24.33,24.49,15830518
2021-03-31,24.49,24.56,24.45,24.56,18572425
2021-04-01,24.56,24.64,24.53,24.56,16899269
2021-04-07,24.64,24.64,24.56,24.64,15911139
2021-04-08,24.56,24.6,24.45,24.45,12445817
2021-04-09,24.41,24.49,24.26,24.3,16235467
2021-04-12,24.26,24.49,24.18,24.37,14386041
2021-04-13,24.41,24.6,24.41,24.53,12316341
2021-04-14,24.53,24.6,24.45,24.56,18311573
2021-04-15,24.56,24.6,24.53,24.56,10921433
2021-04-16,24.56,24.68,24.53,24.68,21998761
2021-04-19,24.68,25.03,24.64,24.99,30990932
2021-04-20,24.99,25.07,24.95,25.07,18921763
2021-04-21,24.95,24.99,24.87,24.87,15540660
2021-04-22,24.76,24.95,24.72,24.91,20871912
2021-04-23,24.91,24.95,24.72,24.83,13105181
2021-04-26,24.83,25.1,24.72,25.1,22931298
2021-04-27,25.1,25.14,24.95,25.1,15444258
2021-04-28,25.03,25.1,24.87,25.1,19257799
2021-04-29,25.07,25.26,24.99,25.14,24419161
2021-05-03,25.03,25.18,24.99,24.99,21952325
2021-05-04,25.03,25.1,24.72,24.72,26821502
2021-05-05,24.72,24.8,24.6,24.68,19553971
2021-05-06,24.68,24.99,24.56,24.91,18443846
2021-05-07,24.91,25.1,24.87,25.1,16320411
2021-05-10,25.14,25.41,25.1,25.41,34758876
2021-05-11,25.37,25.41,24.87,24.99,30418046
2021-05-12,24.87,25.1,23.14,24.14,70186133
2021-05-13,23.95,24.64,23.72,24.18,41392248
2021-05-14,24.22,24.49,24.18,24.41,26856945
2021-05-17,23.91,24.26,23.72,23.95,36106616
2021-05-18,23.99,24.72,23.99,24.64,21572198
2021-05-19,24.6,24.8,24.53,24.72,18568066
2021-05-20,24.72,24.76,24.53,24.72,17342220
2021-05-21,24.8,25.1,24.8,25.03,20685237
2021-05-24,24.8,25.18,24.8,25.1,17022968
2021-05-25,25.03,25.37,25.03,25.18,17206837
2021-05-26,25.18,25.3,25.18,25.22,12481069
2021-05-27,25.1,25.57,24.99,25.57,95541607
2021-05-28,25.41,25.49,25.3,25.49,23361760
2021-05-31,25.49,25.49,25.37,25.49,17248343
2021-06-01,25.41,25.53,25.37,25.41,13121587
2021-06-02,25.41,25.53,25.33,25.53,20777292
2021-06-03,25.41,25.53,25.33,25.41,17846345
2021-06-04,25.41,25.41,25.3,25.41,11832163
2021-06-07,25.45,25.49,25.22,25.49,19451998
2021-06-08,25.53,25.57,25.41,25.49,12058939
2021-06-09,25.33,25.37,25.18,25.37,20760113
2021-06-10,25.37,25.49,25.18,25.49,18716946
2021-06-11,25.41,25.45,25.3,25.33,12308903
2021-06-15,25.33,25.33,25.18,25.22,10029085
2021-06-16,25.14,25.49,25.1,25.41,23104052
2021-06-17,25.18,25.41,25.14,25.33,11739934
2021-06-18,25.22,25.41,25.18,25.22,32768789
2021-06-21,25.22,25.3,25.03,25.03,21133440
2021-06-22,25.18,25.22,25.03,25.03,16506894
2021-06-23,25.03,25.37,25.03,25.22,17612935
2021-06-24,25.22,25.37,25.1,25.1,14792920
2021-06-25,25.14,25.41,25.14,25.33,12576037
2021-06-28,25.33,25.37,25.18,25.22,11663236
2021-06-29,25.18,25.22,25.07,25.07,16517562
2021-06-30,25.07,25.33,25.07,25.3,10813224
2021-07-01,25.18,25.26,25.03,25.14,14926295
2021-07-02,25.14,25.18,25.07,25.07,9658484
2021-07-05,25.22,25.26,25.1,25.22,12118759
2021-07-06,25.22,25.33,25.18,25.3,12163430
2021-07-07,25.18,25.26,25.03,25.26,13767118
2021-07-08,25.26,25.33,25.14,25.26,10800254
2021-07-09,25.1,25.33,25.03,25.33,16409748
2021-07-12,25.3,25.33,25.26,25.26,15018211
2021-07-13,25.26,25.37,25.26,25.37,14500943
2021-07-14,25.26,25.37,25.22,25.37,18071507
2021-07-15,25.26,25.33,25.26,25.3,14772969
2021-07-16,25.22,25.41,25.22,25.41,16941753
2021-07-19,25.3,25.49,25.22,25.49,17725726
2021-07-20,25.33,25.41,25.26,25.26,9976707
2021-07-21,25.26,25.37,25.18,25.33,17439272
2021-07-22,25.33,25.49,25.3,25.45,13622249
2021-07-23,25.45,25.49,25.37,25.49,12181190
2021-07-26,25.49,25.53,25.3,25.41,11452934
2021-07-27,25.41,25.45,25.3,25.45,8716639
2021-07-28,25.45,25.49,25.3,25.41,16163882
2021-07-29,25.41,25.49,25.33,25.49,11119900
2021-07-30,25.49,25.49,25.33,25.49,21711956
2021-08-02,25.49,25.49,25.33,25.41,15913211
2021-08-03,25.45,25.49,25.37,25.49,19384201
2021-08-04,25.45,25.53,25.45,25.53,15609749
2021-08-05,25.53,25.53,25.45,25.53,13743249
2021-08-06,25.49,25.6,25.45,25.57,22491853
2021-08-09,25.49,25.57,25.33,25.57,22936982
2021-08-10,25.57,25.57,25.41,25.45,26344590
2021-08-11,25.45,25.49,25.37,25.45,46427215
2021-08-12,24.87,25.03,24.75,24.83,108142505
2021-08-13,24.91,25.19,24.83,25.11,25383655
2021-08-16,25.11,25.15,24.95,25.11,25969652
2021-08-17,25.11,25.11,25.11,25.11,0
2021-08-18,25.43,25.47,25.31,25.43,20140541
2021-08-19,25.39,25.43,25.23,25.31,23247478
2021-08-20,25.43,25.52,25.11,25.43,19087979
2021-08-23,25.52,25.52,25.11,25.11,26714423
2021-08-24,25.19,25.35,25.11,25.35,11085263
2021-08-25,25.43,25.43,25.31,25.43,13226871
2021-08-26,25.39,25.47,25.23,25.43,12228104
2021-08-27,25.43,25.88,25.39,25.88,17254670
2021-08-30,25.88,26.24,25.8,26.24,15464236
2021-08-31,26.2,26.53,26.08,26.53,25614607
2021-09-01,26.36,26.4,26.24,26.32,13176927
2021-09-02,26.28,26.32,25.88,25.96,14414243
2021-09-03,26.04,26.32,26.0,26.32,20299302
2021-09-06,26.32,26.36,26.16,26.28,13267430
2021-09-07,26.28,26.28,26.12,26.24,7715337
2021-09-08,26.24,26.28,26.04,26.28,14232068
2021-09-09,26.12,26.2,26.04,26.12,8898900
2021-09-10,26.12,26.28,26.04,26.24,14422984
2021-09-13,26.2,26.2,26.04,26.12,12132422
2021-09-14,26.24,26.28,26.16,26.28,13642363
2021-09-15,26.28,26.28,26.08,26.16,11324208
2021-09-16,26.16,26.28,26.08,26.16,9411059
2021-09-17,26.16,26.28,26.0,26.0,26370266
2021-09-22,25.88,26.04,25.8,25.96,27874718
2021-09-23,26.04,26.2,25.96,26.2,12191050
2021-09-24,26.24,26.28,26.12,26.2,9262559
2021-09-27,26.2,26.28,26.04,26.16,11937662
2021-09-28,26.12,26.2,25.96,26.2,6784790
2021-09-29,26.0,26.04,25.88,25.92,22490396
2021-09-30,25.88,26.04,25.88,25.92,13089913
2021-10-01,25.88,25.96,25.76,25.92,24973844
2021-10-04,25.92,26.0,25.88,25.96,9966815
2021-10-05,25.92,25.96,25.8,25.92,15930938
2021-10-06,25.92,26.16,25.8,26.08,15920391
2021-10-07,26.16,26.28,26.08,26.2,13136667
2021-10-08,26.2,26.2,26.0,26.08,11062156
2021-10-12,25.96,26.24,25.8,26.24,22481223
2021-10-13,26.24,26.28,26.12,26.28,14489591
2021-10-14,26.28,26.36,26.12,26.12,12213278
2021-10-15,26.16,26.28,26.08,26.28,12670759
2021-10-18,26.28,26.65,26.2,26.65,21400336
2021-10-19,26.65,26.65,26.45,26.49,11567563
2021-10-20,26.49,26.65,26.49,26.61,12056043
2021-10-21,26.61,26.69,26.53,26.65,21717558
2021-10-22,26.65,26.77,26.53,26.73,14861222
2021-10-25,26.69,26.77,26.61,26.77,8655976
2021-10-26,26.77,27.09,26.73,27.05,22364312
2021-10-27,26.97,27.09,26.93,26.97,9615028
2021-10-28,26.97,27.01,26.85,27.01,8151968
2021-10-29,26.93,27.01,26.73,27.01,14859613
2021-11-01,27.01,27.01,26.89,26.93,8962430
2021-11-02,26.97,27.01,26.89,26.93,13813259
2021-11-03,26.89,27.01,26.81,27.01,9817388
2021-11-04,27.01,27.05,26.89,27.05,8673364
2021-11-05,27.01,27.25,26.97,27.25,16505109
2021-11-08,27.25,27.25,27.09,27.17,8358872
2021-11-09,27.17,27.25,27.05,27.25,12726097
2021-11-10,27.25,27.5,27.09,27.5,24247041
2021-11-11,27.5,27.5,27.25,27.33,9716568
2021-11-12,27.42,27.5,27.29,27.42,9914772
2021-11-15,27.46,27.5,27.33,27.46,13031802
2021-11-16,27.46,27.66,27.42,27.66,17989998
2021-11-17,27.54,27.7,27.54,27.66,13757588
2021-11-18,27.7,28.1,27.66,28.06,16678335
2021-11-19,28.02,28.06,27.7,28.02,15559437
2021-11-22,27.9,27.94,27.54,27.62,15972767
2021-11-23,27.58,27.7,27.5,27.58,12134334
2021-11-24,27.58,27.98,27.5,27.78,12101399
2021-11-25,27.74,27.9,27.58,27.9,10589442
2021-11-26,27.62,27.78,27.38,27.42,22225529
2021-11-29,27.33,27.58,27.25,27.42,16814393
2021-11-30,27.29,27.66,27.13,27.66,56178049
2021-12-01,27.29,27.66,27.29,27.62,9562556
2021-12-02,27.46,27.7,27.33,27.7,13332890
2021-12-03,27.66,27.74,27.54,27.62,14406714
2021-12-06,27.5,27.98,27.42,27.98,18888212
2021-12-07,27.86,28.39,27.74,28.39,22599660
2021-12-08,28.39,28.55,28.26,28.47,24203039
2021-12-09,28.47,28.55,28.26,28.55,12747218
2021-12-10,28.47,28.87,28.39,28.83,17413398
2021-12-13,28.83,28.95,28.59,28.71,15384898
2021-12-14,28.59,28.63,28.39,28.63,11634911
2021-12-15,28.55,28.59,28.39,28.47,8335621
2021-12-16,28.47,28.79,28.43,28.79,24020656
2021-12-17,28.51,29.03,28.51,29.03,30758207
2021-12-20,28.87,29.11,28.71,29.11,22232603
2021-12-21,29.07,29.07,28.87,28.91,16675974
2021-12-22,28.87,28.87,28.75,28.83,13865489
2021-12-23,28.79,28.83,28.63,28.71,16125622
2021-12-24,28.71,28.79,28.59,28.71,10206324
2021-12-27,28.71,28.79,28.59,28.79,11188673
2021-12-28,28.79,28.79,28.63,28.79,9350806
2021-12-29,28.79,28.91,28.71,28.79,12205631
2021-12-30,28.79,28.87,28.71,28.75,9223535
2022-01-03,28.79,28.87,28.47,28.59,16884834
2022-01-04,28.63,28.75,28.51,28.75,16412832
2022-01-05,28.63,28.75,28.55,28.75,15274886
2022-01-06,28.63,29.11,28.59,29.11,19564501
2022-01-07,29.11,29.52,29.03,29.28,24779667
2022-01-10,29.28,29.28,28.95,29.24,15192165
2022-01-11,29.11,29.92,29.07,29.92,27580059
2022-01-12,29.92,29.92,29.68,29.92,22516443
2022-01-13,29.92,30.61,29.92,30.61,36607607
2022-01-14,30.53,30.61,29.96,30.29,26781581
2022-01-17,30.17,30.21,29.8,29.96,20470690
2022-01-18,29.96,30.25,29.76,30.12,17233760
2022-01-19,29.96,29.96,29.76,29.92,17420120
2022-01-20,29.76,30.0,29.72,29.88,14207939
2022-01-21,29.72,29.8,29.4,29.8,21262836
2022-01-24,29.52,29.88,29.4,29.84,13840089
2022-01-25,29.44,29.84,29.36,29.84,26055415
2022-01-26,29.76,30.08,29.6,29.88,14089651
2022-02-07,29.92,30.73,29.92,30.73,31410640
2022-02-08,30.81,31.54,30.73,31.5,42106947
2022-02-09,31.5,31.62,31.3,31.38,25473111
2022-02-10,31.38,31.38,30.81,31.3,20110257
2022-02-11,31.14,31.42,31.01,31.38,16829008
2022-02-14,31.1,31.14,30.77,31.1,23601513
2022-02-15,30.97,31.01,30.77,30.81,12134199
2022-02-16,30.89,31.05,30.77,30.89,18773822
2022-02-17,30.97,31.05,30.81,31.05,15745945
2022-02-18,30.81,30.97,30.73,30.81,13954773
2022-02-21,30.73,30.73,30.45,30.73,24781216
2022-02-22,30.49,30.53,30.12,30.41,35292480
2022-02-23,30.41,30.85,30.37,30.77,21683515
2022-02-24,30.57,30.57,30.33,30.49,29600879
2022-02-25,30.37,30.45,30.12,30.41,38908206
2022-03-01,30.37,30.89,30.29,30.89,24752688
2022-03-02,30.85,30.85,30.57,30.81,17260138
2022-03-03,30.81,30.85,30.69,30.81,12492259
2022-03-04,30.73,30.73,30.33,30.73,16107159
2022-03-07,30.33,30.45,29.92,30.45,37161236
2022-03-08,30.33,30.57,30.17,30.21,29677253
2022-03-09,30.33,30.69,30.25,30.25,17047621
2022-03-10,30.33,30.93,30.33,30.93,18126836
2022-03-11,30.73,30.89,30.57,30.69,8463070
2022-03-14,30.73,31.14,30.73,31.14,16835595
2022-03-15,31.14,31.3,30.97,31.22,16091812
2022-03-16,31.34,31.94,31.14,31.94,41621331
2022-03-17,32.67,32.83,31.98,32.39,33320481
2022-03-18,32.67,33.0,32.47,32.71,40818320
2022-03-21,32.71,32.83,32.71,32.83,16074376
2022-03-22,32.75,33.28,32.71,33.28,19676894
2022-03-23,33.32,34.33,33.32,34.25,34898185
2022-03-24,34.13,34.37,33.84,34.17,15383946
2022-03-25,34.05,34.33,33.56,34.13,31294709
2022-03-28,33.72,34.37,33.64,34.29,23172635
2022-03-29,34.21,34.25,33.97,33.97,11004634
2022-03-30,34.13,34.29,33.76,34.17,21162755
2022-03-31,34.21,34.77,34.09,34.69,24337103
2022-04-01,34.57,34.94,34.41,34.86,21735415
2022-04-06,34.94,35.62,34.61,35.62,29986403
2022-04-07,35.75,36.72,35.5,35.66,55351367
2022-04-08,35.71,35.95,35.38,35.87,20280929
2022-04-11,35.91,36.27,35.66,36.11,24012941
2022-04-12,36.07,36.11,35.71,35.95,17122725
2022-04-13,35.99,36.39,35.83,36.35,21820648
2022-04-14,36.43,36.47,34.73,34.86,36919342
2022-04-15,34.69,35.38,34.29,34.65,27534568
2022-04-18,34.45,34.49,33.32,33.89,40321549
2022-04-19,33.93,34.21,33.44,33.56,25635217
2022-04-20,33.6,33.97,33.16,33.76,32959837
2022-04-21,33.72,33.72,32.91,33.16,30427408
2022-04-22,32.91,33.6,32.87,33.6,28044752
2022-04-25,33.28,33.8,33.16,33.6,29075792
2022-04-26,33.72,33.97,33.44,33.93,22223003
2022-04-27,33.6,33.93,33.6,33.64,23675369
2022-04-28,33.56,33.76,33.0,33.16,26970249
2022-04-29,33.16,33.8,33.08,33.64,18833768
2022-05-03,33.48,33.48,33.0,33.04,11545878
2022-05-04,33.4,33.4,32.83,33.04,14498923
2022-05-05,33.24,33.28,31.98,32.23,35454531
2022-05-06,31.42,31.94,31.22,31.82,33690150
2022-05-09,31.18,31.46,30.73,30.73,32713657
2022-05-10,30.41,31.1,30.17,30.89,32811792
2022-05-11,30.73,31.01,30.65,31.01,25610553
2022-05-12,30.69,30.73,29.72,29.92,34215106
2022-05-13,29.92,30.08,29.36,29.88,31434296
2022-05-16,29.96,30.08,29.32,29.84,26154009
2022-05-17,29.72,29.76,29.44,29.48,22668840
2022-05-18,29.48,30.41,29.48,30.33,26428644
2022-05-19,29.84,29.88,29.52,29.6,24021258
2022-05-20,29.76,30.17,29.56,30.0,23345697
2022-05-23,30.08,30.49,29.64,30.08,22489855
2022-05-24,30.17,30.57,30.0,30.08,17393158
2022-05-25,30.17,30.45,29.92,30.41,21389724
2022-05-26,30.45,30.49,30.12,30.17,16634582
2022-05-27,30.33,30.77,30.17,30.69,19648671
2022-05-30,30.89,31.14,30.57,31.1,27421884
2022-05-31,31.05,31.34,30.57,31.34,50843896
2022-06-01,31.3,31.3,30.85,30.89,17395312
2022-06-02,30.69,30.85,30.41,30.65,18659956
2022-06-06,30.17,30.73,29.92,30.57,27564753
2022-06-07,30.29,30.53,30.21,30.49,19418893
2022-06-08,30.57,30.61,30.37,30.49,11888433
2022-06-09,30.33,30.33,29.96,30.04,21751369
2022-06-10,29.76,30.04,29.64,30.0,17781878
2022-06-13,29.36,29.52,28.95,29.52,33933948
2022-06-14,29.36,29.92,29.28,29.84,17852759
2022-06-15,29.4,29.44,29.11,29.28,29842407
2022-06-16,29.52,29.8,29.19,29.24,23563630
2022-06-17,28.99,29.11,28.35,28.55,70885167
2022-06-20,28.55,28.95,27.98,27.98,55935129
2022-06-21,28.43,29.19,28.31,28.79,55793288
2022-06-22,28.79,29.11,28.35,28.63,48393737
2022-06-23,29.15,29.4,28.39,28.59,41591542
2022-06-24,29.32,29.52,28.99,29.24,21605704
2022-06-27,29.6,29.68,29.28,29.28,17892796
2022-06-28,29.48,29.52,29.28,29.4,11720195
2022-06-29,28.95,29.19,28.75,28.87,19861723
2022-06-30,28.71,28.87,28.47,28.55,20717009
2022-07-01,28.55,28.75,28.39,28.51,18158871
2022-07-04,28.71,29.11,28.63,28.91,18724623
2022-07-05,29.11,29.28,28.71,28.75,10992366
2022-07-06,28.91,28.95,28.39,28.47,14942177
2022-07-07,28.51,28.63,28.14,28.43,13730735
2022-07-08,28.51,28.63,28.31,28.35,8442980
2022-07-11,28.22,28.26,27.74,27.74,12693636
2022-07-12,27.42,27.46,26.97,27.05,15351514
2022-07-13,27.74,28.51,27.66,28.18,25165069
2022-07-14,28.14,28.31,27.9,27.94,10284224
2022-07-15,27.74,27.82,27.42,27.42,14182903
2022-07-18,27.42,27.82,27.25,27.62,15699459
2022-07-19,27.5,27.78,27.42,27.62,8364785
2022-07-20,27.78,28.1,27.5,27.62,16858017
2022-07-21,27.5,27.86,27.38,27.86,10164835
2022-07-22,27.9,28.31,27.58,28.22,12456910
2022-07-25,28.06,28.1,27.78,27.86,15061543
2022-07-26,27.82,28.14,27.7,27.98,15235506
2022-07-27,28.02,28.47,27.94,28.43,13132268
2022-07-28,28.51,28.87,28.43,28.79,15374677
2022-07-29,28.95,29.03,28.43,28.63,23425867
2022-08-01,28.63,28.79,28.47,28.75,9010673
2022-08-02,28.55,28.87,28.31,28.87,15949883
2022-08-03,28.91,28.91,28.63,28.79,17093792
2022-08-04,28.79,29.03,28.67,28.83,17208358
2022-08-05,29.19,29.19,28.95,28.99,18283591
2022-08-08,28.99,29.11,28.79,29.11,14308217
2022-08-09,29.15,30.04,29.15,29.84,32793950
2022-08-10,29.84,30.21,29.72,30.08,50821072
2022-08-11,30.95,31.08,30.52,30.87,43435224
2022-08-12,31.04,31.04,30.69,30.78,19320368
2022-08-15,30.78,30.82,30.56,30.69,17860692
2022-08-16,30.69,31.0,30.69,30.87,14848789
2022-08-17,30.78,30.87,30.65,30.82,17848583
2022-08-18,30.87,31.08,30.69,31.08,13088452
2022-08-19,30.91,31.04,30.74,30.87,11840472
2022-08-22,30.65,31.0,30.48,30.91,7318684
2022-08-23,30.74,30.74,30.35,30.35,17977281
2022-08-24,30.44,30.48,30.26,30.26,12548673
2022-08-25,30.31,30.69,30.26,30.65,10669918
2022-08-26,30.82,31.0,30.69,30.91,11609440
2022-08-29,30.26,30.78,30.26,30.61,14543080
2022-08-30,30.44,30.87,30.35,30.56,16164849
2022-08-31,30.56,30.95,30.44,30.95,18705233
2022-09-01,30.44,30.52,30.22,30.31,18570194
2022-09-02,30.35,30.44,30.18,30.18,14099923
2022-09-05,30.31,30.44,30.05,30.44,10705065
2022-09-06,30.61,30.61,30.35,30.48,9471528
2022-09-07,30.18,30.35,30.05,30.13,17248919
2022-09-08,30.18,30.26,30.05,30.18,11988589
2022-09-12,30.35,30.65,30.26,30.65,13308263
2022-09-13,30.65,30.69,30.13,30.22,16298478
2022-09-14,29.92,30.13,29.79,29.96,14745523
2022-09-15,29.92,29.96,29.7,29.79,13033616
2022-09-16,29.66,29.96,29.57,29.75,31647521
2022-09-19,29.92,30.05,29.62,29.7,10989066
2022-09-20,29.88,29.92,29.7,29.7,12182236
2022-09-21,29.7,29.79,29.49,29.53,18967809
2022-09-22,29.4,29.49,28.97,29.01,22155742
2022-09-23,29.14,29.36,29.06,29.23,10508207
2022-09-26,29.06,29.06,28.62,28.75,19459988
2022-09-27,28.71,28.88,27.98,27.98,32541918
2022-09-28,27.76,27.98,27.16,27.55,37465249
2022-09-29,27.55,27.76,26.99,27.42,34902356
2022-09-30,27.2,27.25,26.77,26.86,35379997
2022-10-03,26.6,26.69,26.34,26.43,26439079
2022-10-04,26.51,26.69,26.34,26.47,23071976
2022-10-05,26.6,26.94,26.6,26.6,17138640
2022-10-06,26.73,27.03,26.47,27.03,13938316
2022-10-07,26.9,26.94,26.6,26.73,12458601
2022-10-11,26.12,26.17,25.91,25.91,31406482
2022-10-12,25.91,26.21,25.78,26.08,14423050
2022-10-13,26.08,26.08,25.43,25.65,30782481
2022-10-14,25.69,25.91,25.35,25.35,30135666
2022-10-17,25.26,25.31,25.0,25.22,20094916
2022-10-18,25.43,25.61,25.18,25.61,17015186
2022-10-19,25.61,25.65,25.0,25.0,20230769
2022-10-20,24.57,25.26,24.49,25.18,37787268
2022-10-21,25.39,25.65,25.22,25.61,20223286
2022-10-24,25.78,25.82,25.43,25.52,17216046
2022-10-25,25.82,25.91,25.35,25.82,22032463
2022-10-26,25.87,26.3,25.74,26.0,18331968
2022-10-27,26.12,26.25,25.61,25.61,20532117
2022-10-28,25.74,25.91,25.52,25.69,13249290
2022-10-31,25.87,26.12,25.78,25.78,14347119
2022-11-01,25.82,25.87,25.52,25.65,24331665
2022-11-02,25.52,25.56,25.26,25.31,21352384
2022-11-03,25.31,25.35,25.05,25.09,17610547
2022-11-04,24.96,25.48,24.83,25.48,15725414
2022-11-07,25.69,26.04,25.52,26.04,18130042
2022-11-08,26.21,26.21,25.87,26.21,15926089
2022-11-09,26.21,26.43,26.08,26.3,16462739
2022-11-10,26.21,26.21,25.82,25.87,13627456
2022-11-11,26.38,26.86,26.17,26.6,33505972
2022-11-14,26.6,27.07,26.47,26.99,26749571
2022-11-15,26.81,27.03,26.6,26.86,21231889
2022-11-16,26.81,27.07,26.47,26.6,24627519
2022-11-17,26.6,26.69,26.34,26.6,16790935
2022-11-18,26.47,26.6,25.87,26.04,24909147
2022-11-21,26.04,26.34,25.91,26.34,14210880
2022-11-22,26.47,26.64,26.21,26.64,15884331
2022-11-23,26.69,27.03,26.64,26.81,19158004
2022-11-24,27.03,27.29,26.86,27.29,23460475
2022-11-25,27.12,27.29,26.9,27.03,17652325
2022-11-28,26.64,26.86,26.43,26.69,20698967
2022-11-29,26.94,27.16,26.73,27.16,21278181
2022-11-30,27.16,27.59,27.03,27.59,51604765
2022-12-01,27.72,27.72,27.12,27.2,24831410
2022-12-02,27.03,27.12,26.77,26.81,19918522
2022-12-05,26.81,26.99,26.77,26.77,13298415
2022-12-06,26.73,26.94,26.56,26.69,17558336
2022-12-07,26.64,26.94,26.6,26.69,18625173
2022-12-08,26.77,26.86,26.43,26.81,14919055
2022-12-09,26.81,26.9,26.64,26.86,9431228
2022-12-12,26.77,26.86,26.56,26.86,10572578
2022-12-13,26.73,26.99,26.43,26.56,24622568
2022-12-14,26.64,26.99,26.6,26.9,22303932
2022-12-15,26.9,26.99,26.64,26.86,12495362
2022-12-16,26.47,26.77,26.47,26.56,20758525
2022-12-19,26.3,26.51,26.3,26.43,13050887
2022-12-20,26.3,26.47,26.12,26.43,17966095
2022-12-21,26.21,26.38,26.21,26.3,9518541
2022-12-22,26.34,26.6,26.3,26.6,6773682
2022-12-23,26.25,26.34,26.12,26.34,8643081
2022-12-26,26.34,26.47,26.21,26.47,6564344
2022-12-27,26.47,26.56,26.38,26.43,8000942
2022-12-28,26.38,26.38,26.25,26.3,8607510
2022-12-29,26.21,26.25,25.95,26.08,13389254
2022-12-30,26.12,26.51,26.08,26.17,11039137
2023-01-03,26.12,26.38,25.91,26.3,10097843
2023-01-04,26.21,26.38,26.08,26.21,12027777
2023-01-05,26.38,26.81,26.34,26.81,20472308
2023-01-06,26.77,26.81,26.56,26.69,9964200
2023-01-09,27.12,27.33,26.9,27.33,22235943
2023-01-10,27.37,27.37,27.07,27.37,13437076
2023-01-11,27.29,27.37,27.12,27.12,10256445
2023-01-12,27.12,27.25,27.03,27.12,10401915
2023-01-13,27.33,27.46,27.25,27.29,9949710
2023-01-16,27.5,27.59,27.42,27.59,12263451
2023-01-17,27.55,27.59,27.46,27.59,12559577
2023-01-30,28.71,28.93,27.72,28.11,42481306
2023-01-31,28.11,28.15,27.55,27.55,23522761
2023-02-01,27.72,28.11,27.5,28.11,16850558
2023-02-02,28.06,28.32,27.76,28.32,22907509
2023-02-03,28.11,28.19,27.94,27.98,11134731
2023-02-06,27.94,28.02,27.68,27.68,14438944
2023-02-07,27.72,27.94,27.68,27.81,11314698
2023-02-08,27.94,27.98,27.59,27.72,17115551
2023-02-09,27.59,27.81,27.59,27.68,6187583
2023-02-10,27.89,28.19,27.81,28.11,13737625
2023-02-13,28.15,28.71,28.02,28.71,20306849
2023-02-14,28.71,29.01,28.54,28.93,15605757
2023-02-15,28.93,28.93,28.62,28.8,13944339
2023-02-16,28.67,29.4,28.62,28.8,35024151
2023-02-17,28.71,29.01,28.71,28.88,9140725
2023-02-20,28.88,29.4,28.88,29.36,12465099
2023-02-21,29.23,29.27,28.97,29.01,7721711
2023-02-22,28.67,29.19,28.54,29.14,15565503
2023-02-23,29.14,29.19,29.01,29.01,11876748
2023-02-24,29.01,29.06,28.62,28.71,23630382
2023-03-01,28.11,29.06,28.11,29.06,27949405
2023-03-02,28.97,28.97,28.28,28.41,18324869
2023-03-03,28.45,28.54,28.28,28.28,12495295
2023-03-06,28.32,28.62,28.24,28.41,14948786
2023-03-07,28.41,28.62,28.32,28.58,12005548
2023-03-08,28.71,29.01,28.62,28.71,20150364
2023-03-09,28.71,28.71,28.37,28.41,15188320
2023-03-10,28.11,28.28,28.11,28.15,18344426
2023-03-13,27.98,28.28,27.85,28.06,18685825
2023-03-14,27.68,27.98,27.68,27.68,21304491
2023-03-15,27.85,27.94,27.59,27.59,17430089
2023-03-16,27.42,27.5,27.16,27.29,20795655
2023-03-17,27.55,27.68,27.37,27.37,16925061
2023-03-20,27.5,27.68,27.37,27.59,8241539
2023-03-21,27.72,28.02,27.68,27.76,8300734
2023-03-22,28.19,28.19,27.94,28.19,10903718
2023-03-23,28.32,28.58,28.11,28.58,12612997
2023-03-24,28.58,28.62,28.37,28.54,8626359
2023-03-27,28.67,28.67,28.28,28.5,9141333
2023-03-28,28.5,28.62,28.28,28.32,9249894
2023-03-29,28.45,28.45,28.19,28.28,10443314
2023-03-30,28.32,28.41,28.15,28.19,7108955
2023-03-31,28.19,28.54,28.15,28.45,14714582
2023-04-06,28.41,28.54,28.24,28.45,14047917
2023-04-07,28.45,28.45,28.19,28.28,6384661
2023-04-10,28.45,28.54,28.37,28.45,7950255
2023-04-11,28.41,28.58,28.41,28.58,11479753
2023-04-12,28.58,28.62,28.5,28.58,8390776
2023-04-13,28.58,28.75,28.54,28.71,12586459
2023-04-14,28.71,28.84,28.62,28.84,15180322
2023-04-17,28.88,28.93,28.75,28.84,8914573
2023-04-18,29.31,29.75,29.27,29.49,23378868
2023-04-19,29.53,29.57,29.31,29.36,14018601
2023-04-20,29.19,29.27,29.06,29.23,8079051
2023-04-21,29.23,29.4,29.19,29.36,8665859
2023-04-24,29.27,29.4,29.19,29.4,4420451
2023-04-25,29.4,29.49,29.1,29.23,9944343
2023-04-26,29.23,29.31,29.14,29.31,10720652
2023-04-27,29.19,29.27,29.01,29.19,7893811
2023-04-28,29.19,29.36,29.14,29.36,8405671
2023-05-02,29.31,29.4,29.23,29.4,8809120
2023-05-03,29.4,29.49,29.27,29.44,7865661
2023-05-04,29.4,29.75,29.36,29.57,10753251
2023-05-05,29.66,29.75,29.44,29.53,6513313
2023-05-08,29.57,29.7,29.49,29.57,8770277
2023-05-09,29.7,29.79,29.62,29.75,15765566
2023-05-10,29.79,30.0,29.79,30.0,13076711
2023-05-11,30.05,30.22,29.79,30.0,10014286
2023-05-12,29.92,29.96,29.53,29.57,12898201
2023-05-15,29.57,29.88,29.49,29.75,11778557
2023-05-16,29.96,30.35,29.92,30.31,19572313
2023-05-17,30.26,30.87,30.22,30.69,23976942
2023-05-18,30.61,31.04,30.61,31.0,21585716
2023-05-19,31.0,31.25,30.82,31.04,24662896
2023-05-22,31.04,31.21,30.95,31.21,24402354
2023-05-23,31.21,31.21,30.87,31.21,21873211
2023-05-24,30.95,31.0,30.69,30.95,22353048
2023-05-25,30.91,31.21,30.48,31.21,26447294
2023-05-26,30.78,31.17,30.56,31.17,25682795
2023-05-29,30.95,31.21,30.87,31.21,20468466
2023-05-30,31.21,31.3,31.04,31.21,23810933
2023-05-31,31.17,31.21,30.87,30.87,76103054
2023-06-01,30.82,31.04,30.69,30.91,14207747
2023-06-02,30.91,31.21,30.87,31.13,24125247
2023-06-05,31.3,31.82,31.25,31.64,30662793
2023-06-06,31.82,31.82,31.43,31.47,18272021
2023-06-07,31.56,31.9,31.56,31.9,18223553
2023-06-08,31.9,32.16,31.77,32.16,16722116
2023-06-09,32.16,32.55,32.12,32.46,16542691
2023-06-12,32.46,32.72,32.38,32.46,17527134
2023-06-13,32.5,32.76,32.42,32.55,15052063
2023-06-14,32.5,32.55,32.25,32.33,13573879
2023-06-15,32.2,32.5,32.12,32.25,16641211
2023-06-16,32.29,32.29,31.73,31.73,55896534
2023-06-19,31.73,32.03,31.47,31.9,50124552
2023-06-20,31.77,32.29,31.77,32.29,47194731
2023-06-21,32.2,32.55,32.07,32.55,41664442
2023-06-26,32.46,32.72,32.2,32.55,40666005
2023-06-27,32.38,32.68,32.33,32.38,12661211
2023-06-28,32.38,32.76,32.38,32.72,16174874
2023-06-29,32.76,33.37,32.68,33.24,27024738
2023-06-30,33.11,33.37,32.85,32.94,22500938
2023-07-03,32.98,33.19,32.94,33.02,14164737
2023-07-04,33.15,33.24,33.02,33.19,13763377
2023-07-05,33.37,33.37,32.85,32.98,14998275
2023-07-06,32.76,32.89,32.12,32.29,26783666
2023-07-07,31.9,32.29,31.69,32.16,20726560
2023-07-10,32.16,32.42,31.73,31.77,21069536
2023-07-11,31.9,32.46,31.86,32.46,14782098
2023-07-12,32.16,32.94,32.16,32.94,18148210
2023-07-13,33.07,33.19,32.76,32.85,13822239
2023-07-14,32.94,33.54,32.89,33.54,32997032
2023-07-17,33.45,33.63,33.37,33.54,18599173
2023-07-18,33.41,33.88,33.24,33.88,34552207
2023-07-19,33.84,33.84,33.24,33.5,28440976
2023-07-20,33.28,34.06,33.28,33.93,27206173
2023-07-21,33.76,34.06,33.58,33.93,23422491
2023-07-24,33.63,33.88,33.45,33.63,20884069
2023-07-25,33.67,33.76,33.54,33.76,9079679
2023-07-26,33.8,34.27,33.76,34.19,14536459
2023-07-27,34.27,34.75,34.27,34.57,19669366
2023-07-28,34.49,34.66,34.23,34.53,14344711
2023-07-31,34.57,34.92,34.53,34.7,14533546
2023-08-01,34.88,35.01,34.62,35.01,18384391
2023-08-02,34.92,34.96,33.97,34.14,32019310
2023-08-04,34.14,34.36,33.8,34.14,24452785
2023-08-07,34.06,34.49,34.06,34.44,16066293
2023-08-08,34.44,34.49,34.19,34.23,20248716
2023-08-09,34.23,34.49,34.06,34.44,33640485
2023-08-10,34.77,34.81,33.78,34.18,44347743
2023-08-11,34.14,34.27,33.69,33.78,19387142
2023-08-14,33.73,33.73,32.84,33.24,28495889
2023-08-15,33.2,33.24,32.84,32.84,18769751
2023-08-16,32.57,32.61,31.94,32.12,38287164
2023-08-17,31.85,32.16,31.58,31.98,29307348
2023-08-18,31.8,32.57,31.67,32.03,18166937
2023-08-21,32.39,32.39,31.85,31.94,15968371
2023-08-22,31.94,32.03,31.45,31.67,25426496
2023-08-23,31.67,31.85,31.58,31.67,12106414
2023-08-24,31.85,32.34,31.67,32.16,19736946
2023-08-25,32.07,32.3,31.85,31.98,16601534
2023-08-28,32.03,32.75,32.03,32.48,12716508
2023-08-29,32.66,32.84,32.43,32.84,16716784
2023-08-30,32.97,33.02,32.57,32.7,14068021
2023-08-31,32.7,32.7,32.21,32.21,29569430
2023-09-01,32.25,32.48,32.21,32.3,9963111
2023-09-04,32.3,32.48,32.3,32.48,5719059
2023-09-05,32.34,32.52,32.25,32.3,13767343
2023-09-06,32.3,32.34,31.89,31.89,17941216
2023-09-07,31.89,32.34,31.89,32.16,14683136
2023-09-08,32.12,32.39,31.98,32.39,10473184
2023-09-11,32.48,32.61,32.3,32.48,11901930
2023-09-12,32.52,32.84,32.43,32.79,13281912
2023-09-13,32.75,32.84,32.66,32.84,8703067
2023-09-14,33.02,33.64,32.88,33.64,18948426
2023-09-15,33.64,33.73,33.42,33.69,33561172
2023-09-18,33.64,34.05,33.55,33.96,13669317
2023-09-19,33.91,34.09,33.82,33.91,14531742
2023-09-20,33.78,34.0,33.73,33.96,13499227
2023-09-21,33.73,33.78,33.28,33.55,20784724
2023-09-22,33.28,33.96,33.24,33.91,11551792
2023-09-25,33.91,34.09,33.82,34.09,13292454
2023-09-26,33.82,34.09,33.73,33.96,11521182
2023-09-27,33.78,33.96,33.6,33.82,12642502
2023-09-28,33.82,33.96,33.64,33.82,9903915
2023-10-02,33.96,33.96,33.42,33.73,12977891
2023-10-03,33.73,34.0,33.42,33.78,15830590
2023-10-04,33.33,33.51,33.02,33.06,25096678
2023-10-05,33.24,33.69,33.06,33.64,20190546
2023-10-06,33.64,33.91,33.42,33.64,13212942
2023-10-11,34.09,34.54,33.82,34.54,39682644
2023-10-12,34.54,34.94,34.41,34.94,22443217
2023-10-13,34.59,34.68,34.36,34.54,14121254
2023-10-16,34.32,34.81,34.27,34.81,15508526
2023-10-17,34.81,34.81,34.41,34.77,13050078
2023-10-18,34.85,34.85,34.59,34.85,15440859
2023-10-19,34.68,34.81,34.18,34.41,16338640
2023-10-20,33.73,33.87,33.24,33.64,22489433
2023-10-23,33.46,33.6,33.24,33.28,14710905
2023-10-24,33.28,33.51,33.06,33.42,10580513
2023-10-25,33.33,33.33,33.02,33.06,16316075
2023-10-26,32.66,32.97,32.43,32.66,16604063
2023-10-27,32.75,33.24,32.75,33.15,8028917
2023-10-30,33.06,33.2,32.57,32.79,15499369
2023-10-31,32.7,33.06,32.7,32.93,11526809
2023-11-01,33.11,33.11,32.61,32.88,12090263
2023-11-02,33.2,33.91,33.11,33.91,16002526
2023-11-03,33.91,34.32,33.87,34.32,16301858
2023-11-06,34.45,34.68,34.23,34.59,17775303
2023-11-07,34.5,34.63,34.27,34.63,9996330
2023-11-08,34.63,34.72,34.41,34.63,9879975
2023-11-09,34.63,34.72,34.5,34.63,9327552
2023-11-10,34.5,34.63,34.41,34.45,6513926
2023-11-13,34.5,34.72,34.27,34.54,10862106
2023-11-14,34.59,34.63,34.36,34.59,9704637
2023-11-15,34.68,34.9,34.54,34.9,24735736
2023-11-16,34.99,35.26,34.85,35.17,17771547
2023-11-17,35.17,35.53,35.08,35.17,18991851
2023-11-20,35.17,35.26,34.94,35.17,12228942
2023-11-21,35.26,35.75,35.17,35.75,27819687
2023-11-22,35.71,35.75,35.53,35.75,11012422
2023-11-23,35.66,35.75,35.35,35.62,9589493
2023-11-24,35.62,35.66,35.44,35.44,8723586
2023-11-27,35.44,36.02,35.39,35.44,19226229
2023-11-28,35.44,35.89,35.39,35.57,17385762
2023-11-29,35.57,35.57,35.12,35.12,19633094
2023-11-30,35.26,35.44,35.17,35.44,36711106
2023-12-01,35.12,35.12,34.63,34.68,22316109
2023-12-04,34.72,35.17,34.72,34.99,21124318
2023-12-05,34.9,34.99,34.63,34.94,15318906
2023-12-06,34.99,35.44,34.94,35.44,17725361
2023-12-07,35.44,35.48,34.94,34.99,16710639
2023-12-08,34.83,35.37,34.83,35.32,14927348
2023-12-11,35.32,35.32,34.92,35.01,12730245
2023-12-12,35.41,35.41,34.96,35.37,12002678
2023-12-13,35.32,35.32,34.92,35.01,11459924
2023-12-14,35.19,35.59,34.87,35.59,23147569
2023-12-15,35.64,35.68,35.28,35.41,27236871
2023-12-18,35.41,35.59,35.05,35.14,26962609
2023-12-19,35.1,35.5,34.96,35.23,26056561
2023-12-20,35.14,35.19,34.78,34.87,29091795
2023-12-21,34.56,34.69,34.38,34.47,25129697
2023-12-22,34.42,34.69,34.33,34.51,20015051
2023-12-25,34.51,34.92,34.38,34.92,12205852
2023-12-26,35.01,35.01,34.74,34.92,7679512
2023-12-27,34.92,35.19,34.83,35.1,12422104
2023-12-28,34.87,35.28,34.87,35.28,12444689
2023-12-29,35.19,35.32,35.01,35.28,10859092
2024-01-02,35.1,35.37,34.96,35.37,10672487
2024-01-03,35.05,35.19,34.69,34.78,16062251
2024-01-04,34.78,35.14,34.74,34.87,10376716
2024-01-05,34.87,35.23,34.87,35.05,8721269
2024-01-08,35.19,35.55,35.1,35.5,18412953
2024-01-09,35.59,35.59,35.41,35.5,12427436
2024-01-10,35.41,35.5,35.14,35.41,12431624
2024-01-11,35.37,35.5,35.1,35.28,11548269
2024-01-12,35.14,35.28,34.83,35.14,9553966
2024-01-15,35.14,35.32,34.96,35.01,8219885
2024-01-16,34.65,35.05,34.51,34.74,20504973
2024-01-17,34.33,34.56,33.57,33.57,45316629
2024-01-18,33.61,34.06,33.61,34.02,17039878
2024-01-19,33.84,34.11,33.75,34.11,13879491
2024-01-22,34.2,34.33,34.11,34.29,12097385
2024-01-23,34.29,34.33,34.06,34.06,11957861
2024-01-24,34.06,34.24,34.06,34.06,8910046
2024-01-25,34.06,34.2,33.97,34.02,9771173
2024-01-26,33.88,34.56,33.88,34.51,11543935
2024-01-29,34.42,34.69,34.38,34.51,8297088
2024-01-30,34.56,34.56,34.11,34.11,13524920
2024-01-31,33.75,34.02,33.75,33.88,22290726
2024-02-01,33.97,34.11,33.84,34.11,16007378
2024-02-02,34.11,34.15,33.93,34.11,9286570
2024-02-05,33.84,34.02,33.79,33.84,16074774
2024-02-15,33.84,34.2,33.79,34.02,19858758
2024-02-16,34.06,34.42,33.97,34.11,10692749
2024-02-19,34.29,34.56,34.24,34.56,11049000
2024-02-20,34.56,34.83,34.42,34.74,11926725
2024-02-21,34.74,34.83,34.42,34.51,11196317
2024-02-22,34.51,34.69,34.51,34.69,9408930
2024-02-23,34.56,34.69,34.47,34.47,6411528
2024-02-26,34.33,34.47,34.29,34.33,8954315
2024-02-27,34.29,34.56,34.29,34.38,11752667
2024-02-29,34.38,34.96,34.33,34.83,23770572
2024-03-01,34.74,34.92,34.69,34.69,9332841
2024-03-04,34.56,34.96,34.56,34.92,10407021
2024-03-05,34.78,35.28,34.78,35.14,19000305
2024-03-06,35.14,35.59,35.14,35.46,20186460
2024-03-07,35.28,35.59,35.28,35.37,19029576
2024-03-08,35.32,36.09,35.32,35.91,27173010
2024-03-11,35.91,36.09,35.77,35.82,19246533
2024-03-12,35.86,36.04,35.73,35.95,18309135
2024-03-13,35.68,36.36,35.68,36.36,25780925
2024-03-14,36.36,36.9,36.36,36.81,22735966
2024-03-15,36.81,36.81,36.18,36.81,28098536
2024-03-18,36.76,36.81,36.36,36.54,16774852
2024-03-19,36.49,36.54,36.18,36.18,16703719
2024-03-20,36.22,36.58,36.13,36.13,25487871
2024-03-21,36.18,36.58,36.18,36.54,22317580
2024-03-22,36.27,36.54,36.0,36.09,16879819
2024-03-25,35.91,36.09,35.77,36.0,13032916
2024-03-26,36.13,36.63,36.09,36.49,17349137
2024-03-27,36.58,36.58,36.31,36.45,7954325
2024-03-28,36.22,36.4,36.13,36.22,10000862
2024-03-29,36.36,36.54,36.18,36.49,4869840
2024-04-01,36.49,36.76,36.36,36.58,11453695
2024-04-02,36.54,36.54,36.18,36.27,10446733
2024-04-03,36.18,36.22,35.77,35.77,21068577
2024-04-08,35.73,36.04,35.73,36.0,12325809
2024-04-09,36.04,36.36,35.95,36.36,9985612
2024-04-10,36.31,36.58,36.31,36.45,9894822
2024-04-11,36.09,36.4,35.91,36.13,12399449
2024-04-12,35.91,36.09,35.91,35.95,13659196
2024-04-15,35.95,36.09,35.82,35.82,19130407
2024-04-16,35.73,36.04,35.19,35.19,29021436
2024-04-17,35.19,35.5,35.05,35.1,20491068
2024-04-18,35.28,35.5,35.05,35.28,30970788
2024-04-19,35.1,35.37,34.2,34.83,46098865
2024-04-22,35.46,35.73,35.28,35.55,26009734
2024-04-23,35.86,36.09,35.68,36.0,24418873
2024-04-24,36.45,36.45,35.37,35.41,50290553
2024-04-25,35.1,35.37,35.05,35.1,26843359
2024-04-26,35.1,35.5,35.05,35.19,13802530
2024-04-29,35.37,36.18,35.37,36.09,25785768
2024-04-30,36.0,36.31,35.95,36.0,16022263
2024-05-02,36.0,36.31,35.82,35.95,19998997
2024-05-03,36.0,36.22,36.0,36.04,14757509
2024-05-06,36.18,37.08,36.18,37.03,32119157
2024-05-07,37.08,37.08,36.58,36.85,25575788
2024-05-08,36.9,37.03,36.81,36.99,18556449
2024-05-09,36.9,36.9,36.49,36.58,15686079
2024-05-10,36.54,36.85,36.49,36.85,15636094
2024-05-13,36.85,36.94,36.63,36.94,12264112
2024-05-14,36.85,36.9,36.45,36.45,11793394
2024-05-15,36.67,36.99,36.54,36.76,16976956
2024-05-16,36.9,37.08,36.67,36.72,19702535
2024-05-17,36.72,36.9,36.67,36.76,12979863
2024-05-20,36.81,36.85,36.49,36.72,16151931
2024-05-21,36.58,36.72,36.4,36.54,10916176
2024-05-22,36.72,36.85,36.4,36.49,10056050
2024-05-23,36.09,36.4,36.0,36.09,12222835
2024-05-24,36.04,36.27,36.0,36.0,9887039
2024-05-27,36.04,36.04,35.68,35.82,27254016
2024-05-28,35.82,35.95,35.73,35.82,17169545
2024-05-29,35.77,35.82,35.1,35.1,38050613
2024-05-30,34.96,35.28,34.96,35.01,32199610
2024-05-31,35.1,35.46,35.01,35.14,68987691
2024-06-03,35.28,35.37,35.1,35.37,25547111
2024-06-04,35.1,35.28,34.96,35.23,23365269
2024-06-05,35.37,35.37,35.1,35.23,18193043
2024-06-06,35.14,35.46,35.14,35.37,21971733
2024-06-07,35.37,35.55,35.19,35.41,21260121
2024-06-11,35.19,35.5,35.19,35.28,23120037
2024-06-12,35.28,35.46,35.28,35.32,16928370
2024-06-13,35.41,35.59,35.41,35.5,13941216
2024-06-14,35.5,35.64,35.41,35.59,7331200
2024-06-17,35.64,35.91,35.64,35.82,8051894
2024-06-18,35.91,36.09,35.86,36.09,15031020
2024-06-19,36.09,36.18,35.91,35.95,19212791
2024-06-20,36.0,36.04,35.73,36.0,17463903
2024-06-21,36.0,36.13,35.91,36.0,34870736
2024-06-24,36.0,36.31,35.82,36.31,30830318
2024-06-25,36.54,36.63,36.27,36.58,30986470
2024-06-26,36.58,36.63,36.18,36.22,27754281
2024-06-27,35.86,36.22,35.82,36.22,29079320
2024-06-28,36.22,36.63,36.22,36.36,13469428
2024-07-01,36.36,36.72,36.27,36.67,15919188
2024-07-02,36.31,36.9,36.27,36.67,24643686
2024-07-03,36.67,38.52,36.58,38.47,101100557
2024-07-04,38.29,38.34,37.66,37.75,32526789
2024-07-05,37.8,38.16,37.71,37.89,19279116
2024-07-08,37.89,38.16,37.71,37.89,16279989
2024-07-09,37.89,37.98,37.26,37.48,19192965
2024-07-10,37.93,38.25,37.44,37.48,19257343
2024-07-11,37.8,38.16,37.57,37.57,22424225
2024-07-12,37.57,38.11,37.57,37.84,23572710
2024-07-15,38.02,38.07,37.57,37.75,15184002
2024-07-16,37.75,37.89,37.57,37.66,17423598
2024-07-17,37.66,37.98,37.48,37.71,20362635
2024-07-18,37.89,38.47,37.66,38.47,34992822
2024-07-19,38.16,38.34,37.53,38.02,26991516
2024-07-22,37.71,38.2,37.44,38.2,27243617
2024-07-23,38.16,38.61,38.07,38.47,18013901
2024-07-26,38.11,38.47,37.93,38.43,18924096
2024-07-29,38.52,39.01,38.47,38.97,28284341
2024-07-30,38.88,38.88,38.16,38.47,23173039
2024-07-31,38.25,38.88,38.16,38.88,25854595
2024-08-01,38.88,38.97,38.74,38.97,20669674
2024-08-02,38.25,38.7,37.84,38.34,22855404
2024-08-05,37.35,37.75,36.13,36.81,34411308
2024-08-06,36.94,37.8,36.0,37.62,36566782
2024-08-07,36.94,37.57,36.94,37.39,45481361
2024-08-08,36.59,36.92,36.25,36.68,72906886
2024-08-09,36.78,37.65,36.78,37.4,54719185
2024-08-12,37.65,38.13,37.55,37.93,28936776
2024-08-13,37.93,37.93,37.07,37.26,33279753
2024-08-14,37.55,37.93,37.26,37.45,27468193
2024-08-15,37.79,37.84,36.78,36.92,28410314
2024-08-16,37.4,37.65,37.26,37.55,27079725
2024-08-19,37.65,37.69,37.21,37.21,15763962
2024-08-20,37.5,37.55,37.21,37.55,15832646
2024-08-21,37.6,37.6,37.16,37.45,21960295
2024-08-22,37.4,37.55,37.26,37.55,10435177
2024-08-23,37.55,37.6,37.31,37.6,9271232
2024-08-26,37.69,38.22,37.6,38.13,17986436
2024-08-27,37.93,38.27,37.74,38.27,8905623
2024-08-28,38.08,38.22,37.74,37.84,17455389
2024-08-29,37.89,37.89,37.45,37.45,15899117
2024-08-30,37.5,37.74,37.31,37.5,32178291
2024-09-02,37.6,37.69,37.5,37.6,7449671
2024-09-03,37.6,37.6,37.36,37.5,10987711
2024-09-04,35.82,37.07,35.77,36.59,35978848
2024-09-05,36.73,37.21,36.73,37.12,13310361
2024-09-06,37.12,37.5,36.83,37.45,11412764
2024-09-09,36.59,37.65,36.59,37.65,18989204
2024-09-10,37.36,37.89,37.21,37.89,21272662
2024-09-11,37.79,37.79,37.4,37.5,13530242
2024-09-12,37.89,37.89,37.4,37.55,12729414
2024-09-13,37.79,37.79,37.5,37.69,6995659
2024-09-16,37.69,37.89,37.55,37.89,9187150
2024-09-18,37.79,37.93,37.69,37.93,14778909
2024-09-19,37.98,38.03,37.74,37.79,12849103
2024-09-20,37.84,38.13,37.84,37.89,25428550
2024-09-23,38.08,38.27,37.93,38.22,17389142
2024-09-24,38.03,38.32,37.93,38.32,12236084
2024-09-25,38.42,38.42,38.13,38.37,17847794
2024-09-26,38.51,38.51,38.22,38.51,15751846
2024-09-27,38.7,38.7,37.79,37.98,22495977
2024-09-30,38.17,38.27,37.84,37.84,14607215
2024-10-01,37.93,38.08,37.74,37.98,6974624
2024-10-04,37.45,37.84,37.45,37.5,16019420
2024-10-07,37.5,37.93,37.45,37.84,13267791
2024-10-08,37.5,37.69,37.26,37.4,20881784
2024-10-09,37.5,37.65,37.21,37.21,10858878
2024-10-11,37.36,37.74,37.31,37.36,11220023
2024-10-14,37.55,37.69,37.36,37.45,6890336
2024-10-15,37.55,37.93,37.45,37.84,22040876
2024-10-16,37.45,37.79,37.45,37.65,16393252
2024-10-17,37.55,38.03,37.55,37.98,8342557
2024-10-18,38.13,38.32,37.98,38.32,18409643
2024-10-21,38.42,38.42,37.74,37.84,12728929
2024-10-22,37.84,37.93,37.6,37.93,13951808
2024-10-23,37.84,37.84,37.36,37.45,12150032
2024-10-24,37.45,37.65,37.31,37.4,11858685
2024-10-25,37.55,37.69,37.4,37.45,5564414
2024-10-28,37.55,37.79,37.45,37.79,8777093
2024-10-29,37.5,37.79,37.45,37.65,13813193
2024-10-30,37.89,37.93,37.55,37.84,14134177
2024-11-01,37.36,37.45,37.16,37.21,25500076
2024-11-04,37.26,37.89,37.21,37.89,12023192
2024-11-05,37.65,37.93,37.6,37.93,10061030
2024-11-06,37.65,37.98,37.55,37.55,12617419
2024-11-07,37.4,38.03,37.4,37.65,10424535
2024-11-08,37.93,37.98,37.65,37.65,10515062
2024-11-11,37.65,37.84,37.65,37.74,13779951
2024-11-12,37.36,37.89,37.36,37.69,21218774
2024-11-13,37.45,37.93,37.4,37.84,18135057
2024-11-14,37.5,37.89,37.45,37.55,19561830
2024-11-15,37.65,37.93,37.65,37.79,20177475
2024-11-18,37.84,38.27,37.84,38.22,22552238
2024-11-19,38.03,38.51,38.03,38.46,19544048
2024-11-20,38.46,38.46,38.46,38.46,17668528
2024-11-21,38.03,38.22,37.69,37.98,15499724
2024-11-22,37.84,38.32,37.79,38.27,11054946
2024-11-25,38.51,38.66,38.32,38.66,74542823
2024-11-26,38.42,38.61,38.17,38.46,15408644
2024-11-27,38.46,39.04,38.42,38.56,19451459
2024-11-28,38.61,38.75,38.37,38.37,16794183
2024-11-29,38.13,38.51,37.98,38.27,22018470
2024-12-02,38.32,38.56,37.93,37.98,21241562
2024-12-03,38.22,38.7,38.03,38.7,15575220
2024-12-04,38.66,38.7,38.32,38.7,18011471
2024-12-05,38.7,38.8,38.46,38.8,14656396
2024-12-06,38.8,38.85,38.42,38.46,13642878
2024-12-09,38.22,38.46,38.08,38.46,13225037
2024-12-10,38.37,38.61,38.03,38.22,20392616
2024-12-11,38.13,38.13,37.74,37.93,22359707
2024-12-12,37.93,38.03,37.79,37.98,13770379
2024-12-13,37.93,38.03,37.79,37.98,12436462
2024-12-16,38.03,38.32,37.93,38.03,17023929
2024-12-17,38.03,38.17,37.65,37.74,27853279
2024-12-18,37.65,37.84,37.4,37.4,26196280
2024-12-19,37.16,37.5,37.07,37.21,27943573
2024-12-20,37.07,37.36,36.92,37.16,52280886
2024-12-23,37.55,37.69,37.21,37.21,35961449
2024-12-24,37.5,37.74,37.45,37.65,28697285
2024-12-25,37.84,37.84,37.26,37.4,27896642
2024-12-26,37.4,37.55,37.26,37.31,25807167
2024-12-27,37.26,37.45,37.26,37.4,5268684
2024-12-30,37.36,37.6,37.31,37.36,10321445
2024-12-31,37.16,37.36,37.16,37.26,14307063
2025-01-02,37.16,37.26,36.68,36.68,32753034
2025-01-03,36.87,37.16,36.87,36.97,7917986
2025-01-06,37.21,37.5,37.16,37.36,14342746
2025-01-07,37.36,37.5,37.12,37.12,12440463
2025-01-08,37.26,37.36,37.02,37.26,12572683
2025-01-09,37.12,37.45,37.12,37.16,10161869
2025-01-10,36.92,37.31,36.92,37.02,15793305
2025-01-13,37.02,37.26,36.68,37.02,21129636
2025-01-14,37.02,37.5,37.02,37.45,11392095
2025-01-15,37.45,37.6,37.36,37.45,11406019
2025-01-16,37.6,37.79,37.45,37.65,14503590
2025-01-17,37.65,37.69,37.36,37.36,10622498
2025-01-20,37.55,37.6,37.21,37.26,8178497
2025-01-21,37.26,37.65,37.26,37.5,7085629
2025-01-22,37.4,37.55,37.21,37.26,19293870
2025-02-03,37.26,37.79,37.26,37.69,25748027
2025-02-04,37.84,37.84,37.26,37.26,14936057
2025-02-05,37.65,37.79,37.26,37.26,11795301
2025-02-06,37.36,37.55,37.31,37.55,7640323
2025-02-07,37.69,37.79,37.36,37.4,9704328
2025-02-10,37.31,37.36,37.07,37.26,15135390
2025-02-11,37.26,37.4,36.97,37.07,17845288
2025-02-12,37.07,37.26,37.07,37.26,8531844
2025-02-13,37.36,37.45,37.21,37.31,9680680
2025-02-14,37.36,37.5,37.21,37.36,13308817
2025-02-17,37.55,37.65,37.36,37.45,14689876
2025-02-18,37.45,37.74,37.45,37.74,15565137
2025-02-19,37.74,37.84,37.5,37.69,15002797
2025-02-20,37.69,37.89,37.55,37.84,12084773
2025-02-21,37.69,37.93,37.69,37.93,15589955
2025-02-24,37.84,37.98,37.74,37.89,10740157
2025-02-25,37.4,38.17,37.4,37.98,13739306
2025-02-26,37.74,38.46,37.74,38.46,19527814
2025-02-27,38.42,38.51,38.13,38.17,26377230
2025-03-03,38.17,38.7,38.13,38.66,22959290
2025-03-04,38.27,38.51,38.13,38.22,22237119
2025-03-05,38.51,38.61,38.13,38.13,15656144
2025-03-06,38.08,38.51,38.08,38.17,8898799
2025-03-07,38.27,38.37,38.03,38.03,11738464
2025-03-10,38.03,38.46,37.84,38.27,14514846
2025-03-11,37.74,38.32,37.65,38.03,21873521
2025-03-12,38.03,38.22,37.84,37.84,11560291
2025-03-13,37.89,38.32,37.89,38.13,12909029
2025-03-14,38.32,38.42,37.93,38.17,11002145
2025-03-17,38.17,38.37,38.08,38.13,12601739
2025-03-18,38.22,38.51,38.22,38.37,11157264
2025-03-19,38.42,38.51,38.17,38.17,12683339
2025-03-20,38.42,38.51,38.17,38.37,10943893
2025-03-21,38.17,38.66,38.17,38.22,25002047
2025-03-24,38.37,38.61,38.37,38.46,10856008
2025-03-25,38.46,38.66,38.22,38.22,13024070
2025-03-26,38.22,38.51,38.22,38.42,10269280
2025-03-27,38.7,38.7,38.37,38.66,18638990
2025-03-28,38.61,38.9,38.32,38.8,19238356
2025-03-31,38.37,38.9,38.17,38.42,33555773
2025-04-01,38.46,38.7,38.22,38.22,15280203
2025-04-02,38.08,38.37,38.03,38.03,12264617
2025-04-07,34.23,35.48,34.23,34.23,49163075
2025-04-08,35.82,37.21,34.9,36.83,52594550
2025-04-09,37.74,37.84,35.09,35.48,49381892
2025-04-10,38.03,38.32,36.63,36.63,53469740
2025-04-11,36.59,37.12,36.39,36.78,28889941
2025-04-14,36.54,36.87,36.39,36.39,21583588
2025-04-15,36.44,36.63,36.3,36.3,15875609
2025-04-16,36.1,36.39,35.72,36.1,18738929
2025-04-17,36.15,36.25,35.91,35.91,15111186
2025-04-18,36.25,36.25,35.72,36.15,10737493
2025-04-21,35.91,36.3,35.82,36.3,8032336
2025-04-22,36.06,36.3,35.82,36.3,12982043
2025-04-23,36.2,36.44,36.15,36.44,11015708
2025-04-24,36.1,36.44,35.96,36.2,9199939
2025-04-25,36.3,36.35,36.01,36.06,9526517
2025-04-28,36.06,36.15,35.77,35.91,17312007
2025-04-29,35.91,36.2,35.91,36.1,13648314
2025-04-30,36.01,36.49,35.91,36.35,20521461
2025-05-02,36.49,36.49,36.15,36.2,15383214
2025-05-05,36.54,36.97,36.35,36.73,26135622
2025-05-06,37.02,37.16,36.83,36.97,18439200
2025-05-07,37.16,37.36,37.07,37.36,14182774
2025-05-08,37.36,37.4,36.97,37.36,15381779
2025-05-09,37.16,37.74,37.12,37.5,19171038
2025-05-12,37.98,38.37,37.55,38.37,17817679
2025-05-13,37.69,38.42,37.65,38.03,16718139
2025-05-14,38.51,38.61,38.27,38.51,19542843
2025-05-15,38.99,39.28,38.7,39.19,32341414
2025-05-16,38.8,39.33,38.75,39.33,17741210
2025-05-19,38.94,39.67,38.7,39.67,27280768
2025-05-20,39.76,39.76,39.28,39.76,35060537
2025-05-21,39.47,39.62,38.99,39.62,34390927
2025-05-22,39.09,39.23,38.22,38.51,28433923
2025-05-23,38.22,39.14,38.13,39.14,22410260
2025-05-26,39.04,39.14,38.46,39.14,23247569
2025-05-27,38.99,38.99,38.42,38.51,32912755
2025-05-28,38.61,38.7,38.27,38.61,32031948
2025-05-29,38.61,38.61,38.13,38.17,55303844
2025-06-02,37.98,38.17,37.45,37.65,26307674
2025-06-03,37.69,38.17,37.55,37.93,18386407
2025-06-04,37.93,38.46,37.79,38.37,19946173
2025-06-05,38.03,38.56,38.03,38.22,18724992
2025-06-06,38.46,38.7,38.27,38.7,10115621
2025-06-09,38.7,38.8,38.51,38.61,9566961
2025-06-10,38.42,38.99,38.42,38.56,12562868
2025-06-11,38.37,38.66,38.32,38.66,11362367
2025-06-12,38.66,38.99,38.66,38.9,10597524
2025-06-13,38.42,39.43,38.42,39.33,23588994
2025-06-16,39.28,39.43,38.9,39.23,13649356
2025-06-17,39.28,39.38,39.09,39.09,13888428
2025-06-18,39.19,39.38,38.94,39.23,12804194
2025-06-19,38.99,39.43,38.9,38.9,16203119
2025-06-20,38.99,39.23,38.85,38.85,20096857
2025-06-23,38.66,38.85,38.46,38.66,17264737
2025-06-24,39.28,39.52,38.99,39.04,17481063
2025-06-25,39.47,39.52,39.28,39.43,25031109
2025-06-26,39.57,40.0,39.14,39.43,28241107
2025-06-27,39.28,39.76,39.23,39.62,30537277
2025-06-30,39.19,39.81,39.19,39.52,25964577
2025-07-01,39.28,40.0,39.14,40.0,51914592
2025-07-02,39.52,40.2,39.52,40.2,27507637
2025-07-03,40.24,40.24,39.57,40.15,29051751
2025-07-04,40.15,40.53,39.04,39.72,134535131
2025-07-07,39.67,40.53,39.67,40.44,39353757
2025-07-08,40.49,40.77,40.39,40.77,26332615
2025-07-09,40.49,40.63,40.05,40.39,16083308
2025-07-10,40.0,40.77,39.91,40.73,19961319
2025-07-11,40.68,40.92,40.63,40.92,15975937
2025-07-14,40.73,41.01,40.58,40.92,14218876
2025-07-15,40.49,40.82,40.1,40.44,20042368
2025-07-16,40.2,40.68,40.05,40.63,19990292
2025-07-17,40.63,40.68,40.2,40.49,19572696
2025-07-18,40.58,40.63,40.29,40.63,17775691
2025-07-21,40.63,40.82,40.49,40.68,17256215
2025-07-22,40.68,41.21,40.58,41.11,21015455
2025-07-23,41.26,41.35,40.73,41.3,18222488
2025-07-24,41.06,41.3,40.97,41.26,15772074
2025-07-25,41.11,41.4,41.11,41.16,18202005
2025-07-28,41.26,41.3,41.06,41.16,15725389
2025-07-29,41.01,41.21,40.87,41.06,13962377
2025-07-30,41.11,41.59,41.11,41.26,25658566
2025-07-31,40.92,41.35,40.77,41.01,26646666
2025-08-04,41.06,41.4,41.01,41.35,21441039
2025-08-05,41.35,41.59,41.26,41.26,31307600
2025-08-06,41.26,41.4,41.16,41.4,24361871
2025-08-07,41.2,41.55,40.3,40.6,44530020
2025-08-08,40.6,40.75,40.25,40.6,21067176
2025-08-11,40.5,40.85,40.5,40.85,20286758
2025-08-12,41.2,41.95,41.2,41.5,23016172
2025-08-13,41.7,41.95,41.45,41.95,13990157
2025-08-14,42.0,42.9,41.95,42.8,17319930
2025-08-15,42.8,42.8,42.3,42.3,10349397
2025-08-18,42.3,43.0,41.95,42.75,19462883
2025-08-19,42.3,42.55,42.2,42.25,5154572
2025-08-20,42.4,42.45,41.8,41.8,14513557
2025-08-21,42.1,42.15,41.25,41.55,18037198
2025-08-22,41.4,41.8,40.95,41.05,17022526
2025-08-25,41.4,41.5,40.8,41.0,13137481
2025-08-26,41.0,41.0,40.05,40.05,43678289
2025-08-27,40.15,40.6,40.15,40.25,16004032
2025-08-28,40.25,40.85,40.25,40.35,19273030
2025-08-29,40.45,40.5,39.95,40.05,24947082
2025-09-01,40.4,41.05,40.35,40.8,18344383
2025-09-02,40.8,41.1,40.7,41.1,8332769
2025-09-03,41.0,41.3,41.0,41.1,6920684
2025-09-04,41.1,41.4,41.0,41.1,11516461
2025-09-05,41.1,41.4,41.05,41.25,8415582
2025-09-08,41.1,41.15,40.85,40.85,7785168
2025-09-09,40.95,41.4,40.85,41.4,12547131
2025-09-10,41.3,41.7,41.2,41.55,13606634
2025-09-11,41.45,41.65,41.35,41.5,12232831
2025-09-12,41.5,41.65,41.3,41.55,10298174
2025-09-15,41.75,41.8,41.3,41.45,10856203
2025-09-16,41.55,41.7,41.15,41.25,8652073
2025-09-17,41.15,41.3,41.0,41.25,8594731
2025-09-18,41.4,41.45,40.95,41.45,11757306
2025-09-19,41.5,41.75,41.2,41.75,19171369
2025-09-22,41.8,41.8,41.4,41.6,14670422
2025-09-23,41.5,41.7,41.4,41.7,12458165
2025-09-24,41.7,41.95,41.6,41.95,13339924
2025-09-25,42.05,42.25,41.75,41.95,16839328
2025-09-26,41.95,42.1,41.65,42.0,13577090
2025-09-30,42.4,42.5,42.05,42.5,20383846
2025-10-01,42.45,42.45,42.1,42.3,12887402
2025-10-02,42.3,42.4,42.05,42.05,13458248
2025-10-03,42.2,42.2,41.7,41.8,10889095
2025-10-07,41.55,42.0,41.4,41.85,14087813
2025-10-08,42.0,42.15,41.8,41.95,7353278
2025-10-09,41.95,42.05,41.75,42.0,10357378
2025-10-13,42.0,42.0,41.1,41.65,20225833
2025-10-14,41.5,42.25,41.5,42.1,17022893
2025-10-15,42.1,42.1,41.65,42.0,18135302
2025-10-16,41.95,42.2,41.75,41.85,13943401
2025-10-17,41.95,42.15,41.55,41.55,10577353
2025-10-20,41.85,41.9,41.35,41.75,7357088
2025-10-21,41.9,41.95,41.65,41.8,6164371
2025-10-22,41.6,41.95,41.5,41.75,10268975
2025-10-23,41.5,41.75,41.45,41.55,11222342
2025-10-27,41.85,41.9,40.95,41.2,27328409
2025-10-28,41.35,41.4,40.85,40.95,14170984
2025-10-29,40.95,41.1,40.55,40.7,14805027
2025-10-30,40.65,40.95,40.45,40.95,23187269
2025-10-31,41.2,41.25,40.35,40.4,22022671
2025-11-03,40.45,40.65,40.3,40.4,20912333
2025-11-04,40.4,40.7,40.4,40.65,13206524
2025-11-05,40.6,40.8,40.05,40.8,15184673
2025-11-06,41.0,41.0,40.3,40.45,22232582
2025-11-07,40.4,40.7,40.3,40.3,12648261
2025-11-10,40.65,40.65,40.2,40.45,10714626
2025-11-11,40.3,40.45,40.2,40.25,10214306
2025-11-12,40.5,40.65,40.2,40.2,16302891
2025-11-13,40.2,40.25,40.0,40.0,14895888
2025-11-14,39.95,40.2,39.7,39.9,12865063
2025-11-17,39.9,40.0,39.4,39.55,18344011
2025-11-18,39.3,39.7,39.25,39.4,23452471
2025-11-19,39.8,39.8,38.95,38.95,24743791
2025-11-20,39.2,39.65,39.05,39.65,16257464
2025-11-21,39.65,39.85,39.15,39.5,20367070
2025-11-24,39.7,40.35,39.6,40.35,58364636
2025-11-25,40.05,40.15,39.45,39.55,21242177
2025-11-26,40.0,40.3,39.9,40.3,17523758
2025-11-27,40.1,40.7,40.1,40.55,14371558
2025-11-28,40.4,40.55,40.05,40.1,11168253
2025-12-01,39.8,40.5,39.8,40.3,15308055
2025-12-02,40.1,40.55,40.1,40.2,17968239
2025-12-03,40.2,40.35,39.9,40.1,10447805
2025-12-04,40.05,40.55,40.05,40.55,17442104
2025-12-05,40.4,40.85,40.4,40.85,5709252
2025-12-08,40.75,40.75,40.35,40.55,7100494
2025-12-09,40.25,40.7,40.25,40.7,10545454
2025-12-10,40.7,40.8,40.5,40.65,6259260
2025-12-11,40.8,40.9,40.45,40.9,10444030
2025-12-12,40.95,41.45,40.85,41.15,16720282
2025-12-15,41.1,41.7,40.85,41.45,16989316
2025-12-16,40.4,40.95,40.2,40.35,37342159
2025-12-17,40.55,41.0,40.3,40.35,32590845
2025-12-18,40.35,40.8,40.2,40.4,35917031
2025-12-19,40.25,41.05,40.25,40.6,37122778
2025-12-22,40.65,41.2,40.65,41.2,31767380
2025-12-23,41.05,41.2,40.7,40.95,12559415
2025-12-24,40.95,40.95,40.6,40.7,11532363
2025-12-26,40.7,40.85,40.4,40.6,14227068
2025-12-29,40.6,40.6,40.25,40.35,11012699
2025-12-30,40.35,40.45,40.15,40.15,15080931
2025-12-31,40.25,40.45,40.0,40.0,10574811
2026-01-02,40.0,40.4,39.95,40.3,10111627
2026-01-05,40.25,40.6,40.1,40.3,12399787
2026-01-06,40.6,40.85,40.45,40.55,17140773
2026-01-07,40.55,40.55,40.2,40.35,14689660
2026-01-08,40.35,40.6,40.25,40.45,16196362
2026-01-09,40.5,40.95,40.4,40.65,13580322
2026-01-12,40.65,40.65,40.25,40.3,13152092
2026-01-13,40.6,40.6,40.3,40.4,13396235
2026-01-14,40.6,40.6,40.15,40.5,15147132
2026-01-15,40.5,40.75,40.45,40.65,13998029
2026-01-16,40.65,41.05,40.6,40.9,19401410
2026-01-19,40.7,41.1,40.45,40.55,17698719
2026-01-20,40.55,40.55,40.0,40.0,24596433
2026-01-21,40.0,40.15,39.8,39.8,24148822
2026-01-22,40.0,40.15,39.75,39.75,21723218
2026-01-23,39.8,39.9,39.55,39.7,18940194
2026-01-26,39.75,39.75,39.45,39.55,23665003
2026-01-27,39.75,39.9,39.45,39.45,24416854
2026-01-28,39.6,39.75,39.2,39.4,20617975
2026-01-29,39.2,39.5,39.15,39.35,22930885
2026-01-30,39.4,39.4,38.6,38.8,48385141
2026-02-02,39.05,39.05,38.4,38.8,19406430
2026-02-03,38.8,39.15,38.8,38.9,11216432
2026-02-04,39.1,39.65,39.05,39.15,11712952
2026-02-05,39.3,39.8,39.3,39.7,19143247
2026-02-06,39.4,39.8,39.35,39.8,14569913
2026-02-09,39.95,40.0,39.65,39.8,15219502
2026-02-10,39.8,39.95,39.65,39.8,17388751
2026-02-11,40.0,40.1,39.85,40.05,24950976
2026-02-23,40.65,40.95,40.2,40.95,36989041
2026-02-24,40.95,40.95,40.55,40.8,22269722
2026-02-25,40.8,40.85,40.35,40.55,20081405
2026-02-26,40.5,40.85,40.35,40.55,30597335
2026-03-02,40.8,40.95,40.0,40.2,20688441
2026-03-03,40.0,40.5,40.0,40.4,19642326
2026-03-04,39.8,40.15,38.8,38.9,32168570
2026-03-05,39.2,39.6,39.0,39.3,17531994
2026-03-06,39.2,39.5,38.95,39.3,13870677
2026-03-09,37.85,39.3,37.85,39.2,27857133
2026-03-10,39.5,39.65,38.8,39.05,18723760
2026-03-11,39.05,39.4,39.0,39.3,12203263
2026-03-12,38.9,39.05,38.6,38.8,23664539
2026-03-13,38.75,39.15,38.65,38.75,22414497
2026-03-16,39.0,39.2,38.75,39.0,12674115
2026-03-17,39.4,39.6,39.1,39.35,17106174
2026-03-18,39.6,39.6,39.05,39.3,19411109
