date,open,high,low,close,volume
2003-12-26,15.77,15.77,15.77,15.77,741995
2003-12-29,16.87,16.87,16.87,16.87,10449
2003-12-30,17.31,17.66,16.97,17.66,133127
2003-12-31,17.31,17.49,17.14,17.31,32972
2004-01-01,17.31,17.31,17.31,17.31,0
2004-01-02,17.49,18.51,17.49,18.51,95076
2004-01-05,18.69,19.03,18.34,18.86,47913
2004-01-06,18.86,18.86,18.17,18.34,30345
2004-01-07,18.51,18.86,18.17,18.17,31635
2004-01-08,18.17,18.51,18.0,18.34,22935
2004-01-09,18.51,18.51,18.17,18.17,15428
2004-01-12,18.17,18.34,18.0,18.17,7464
2004-01-13,18.0,18.34,18.0,18.0,11213
2004-01-14,18.0,18.34,18.0,18.17,12030
2004-01-15,18.34,18.34,18.0,18.0,9191
2004-01-16,18.0,18.34,18.0,18.34,13018
2004-01-19,18.34,18.34,18.34,18.34,0
2004-01-20,18.34,18.34,18.34,18.34,0
2004-01-21,18.34,18.34,18.34,18.34,0
2004-01-22,18.34,18.34,18.34,18.34,0
2004-01-23,18.34,18.34,18.34,18.34,0
2004-01-26,18.34,18.34,18.34,18.34,0
2004-01-27,18.34,18.51,18.17,18.17,14755
2004-01-28,18.17,18.34,18.0,18.0,7151
2004-01-29,18.0,18.0,17.49,17.49,19001
2004-01-30,17.49,17.83,17.49,17.83,15204
2004-02-02,17.83,18.0,17.66,17.66,9896
2004-02-03,17.49,17.83,17.49,17.49,7243
2004-02-04,17.66,17.83,17.49,17.66,6840
2004-02-05,17.66,17.83,17.49,17.66,5497
2004-02-06,17.66,18.17,17.66,18.0,16182
2004-02-09,18.0,18.17,17.66,17.66,8617
2004-02-10,17.66,18.0,17.66,18.0,16366
2004-02-11,18.17,18.17,17.83,17.83,15303
2004-02-12,18.0,18.17,17.83,17.83,16772
2004-02-13,17.83,18.0,17.83,18.0,7280
2004-02-16,18.17,18.51,18.0,18.51,23731
2004-02-17,18.69,19.2,18.69,18.86,41921
2004-02-18,18.86,18.86,18.34,18.34,19795
2004-02-19,18.34,18.51,18.17,18.34,12506
2004-02-20,18.51,18.69,18.17,18.17,13810
2004-02-23,18.17,18.34,18.0,18.34,7894
2004-02-24,18.17,18.34,18.0,18.0,9462
2004-02-25,18.0,18.34,18.0,18.34,13148
2004-02-26,18.34,18.69,18.34,18.51,18554
2004-02-27,18.51,18.69,18.34,18.51,13946
2004-03-01,18.51,18.86,18.51,18.69,18617
2004-03-02,18.69,19.03,18.69,18.86,23337
2004-03-03,18.86,19.03,18.69,18.69,13885
2004-03-04,18.86,19.89,18.86,19.71,55683
2004-03-05,19.71,19.89,19.2,19.37,27896
2004-03-08,19.54,20.23,19.37,19.89,31866
2004-03-09,19.89,20.23,19.71,20.06,18057
2004-03-10,20.06,20.06,19.71,19.71,8774
2004-03-11,19.54,19.89,19.2,19.71,10107
2004-03-12,19.37,19.71,19.37,19.54,7353
2004-03-15,19.71,20.06,19.2,19.2,13787
2004-03-16,19.2,19.54,18.69,19.03,22335
2004-03-17,18.86,19.2,18.69,18.69,16872
2004-03-18,18.51,19.54,18.34,19.37,30233
2004-03-19,19.2,19.71,19.2,19.54,12046
2004-03-22,18.34,18.34,18.34,18.34,2497478
2004-03-23,17.14,18.17,17.14,17.83,32783
2004-03-24,17.83,18.17,17.66,18.17,12863
2004-03-25,18.17,18.34,18.0,18.17,12600
2004-03-26,18.17,18.51,18.0,18.34,9767
2004-03-29,18.51,19.03,18.51,19.03,14587
2004-03-30,19.03,19.37,18.69,19.03,9602
2004-03-31,19.03,19.2,18.86,18.86,7686
2004-04-01,18.86,19.03,18.69,19.03,8966
2004-04-02,19.2,19.2,19.03,19.2,7841
2004-04-05,19.37,19.71,19.2,19.54,12314
2004-04-06,19.37,19.54,18.69,19.2,10534
2004-04-07,18.86,19.2,18.86,19.03,5446
2004-04-08,19.03,19.37,18.86,19.37,5777
2004-04-09,19.2,19.54,19.03,19.2,5209
2004-04-12,19.2,19.54,19.2,19.2,4248997
2004-04-13,19.37,19.54,19.2,19.54,5284
2004-04-14,19.54,19.54,19.37,19.54,8565
2004-04-15,19.54,19.71,19.2,19.2,12085
2004-04-16,19.2,19.37,18.86,18.86,5655
2004-04-19,19.03,19.03,18.69,18.86,5072
2004-04-20,18.86,19.37,18.86,19.2,9552
2004-04-21,19.2,19.37,18.86,19.03,6961
2004-04-22,19.37,19.37,18.86,19.03,5267
2004-04-23,19.2,19.37,19.03,19.37,6605
2004-04-26,19.2,19.2,19.03,19.2,4274588
2004-04-27,19.2,19.2,19.03,19.2,4859430
2004-04-28,19.2,19.2,18.86,18.86,5835
2004-04-29,18.69,18.86,18.51,18.69,10461
2004-04-30,18.34,18.51,17.49,17.83,14791
2004-05-03,17.83,18.0,17.66,17.83,6519
2004-05-04,17.83,18.17,17.83,18.0,4594254
2004-05-05,18.0,18.17,17.14,17.14,15880
2004-05-06,17.31,17.66,17.14,17.49,5105
2004-05-07,17.49,18.0,17.49,17.83,4920295
2004-05-10,17.66,17.66,17.31,17.66,8207
2004-05-11,17.66,18.51,17.49,18.17,7329
2004-05-12,18.34,18.34,17.83,17.83,1780116
2004-05-13,17.83,17.83,17.66,17.66,1495819
2004-05-14,17.66,18.0,17.49,17.49,4367407
2004-05-17,17.49,17.66,17.07,17.31,9036
2004-05-18,17.31,17.66,17.31,17.66,5390
2004-05-19,17.83,18.17,17.83,18.17,5031
2004-05-20,18.0,18.17,17.66,18.17,4602240
2004-05-21,18.17,18.17,17.83,18.17,2386526
2004-05-24,18.17,18.17,17.66,17.66,1692449
2004-05-25,17.66,18.17,17.66,17.83,2096578
2004-05-26,17.83,18.17,17.83,17.83,2080125
2004-05-27,17.83,18.0,17.83,17.83,1559742
2004-05-28,18.0,18.0,17.83,18.0,672539
2004-05-31,18.0,18.0,17.83,17.83,1877265
2004-06-01,17.83,18.51,17.66,18.51,8396
2004-06-02,18.34,18.51,18.17,18.17,7086
2004-06-03,18.17,18.34,17.66,17.66,3655255
2004-06-04,17.49,17.83,17.49,17.83,4556135
2004-06-07,18.0,18.0,17.66,17.83,3037257
2004-06-08,17.83,18.0,17.66,18.0,2643573
2004-06-09,18.0,18.0,17.83,17.83,1229475
2004-06-10,17.83,18.0,17.66,17.83,1448071
2004-06-11,17.83,18.0,17.66,17.83,2465057
2004-06-14,17.83,18.0,17.66,17.66,2943772
2004-06-15,17.66,17.83,17.49,17.66,3988953
2004-06-16,17.83,17.83,17.49,17.66,1979607
2004-06-17,17.66,17.83,17.31,17.83,4830887
2004-06-18,17.83,17.83,17.49,17.49,2992334
2004-06-21,17.49,17.83,17.49,17.83,4087521
2004-06-22,17.83,17.83,17.83,17.83,0
2004-06-23,17.83,18.34,17.83,18.34,7026
2004-06-24,18.34,18.34,18.17,18.34,5580
2004-06-25,18.34,18.34,18.0,18.34,8642
2004-06-28,18.17,18.17,17.83,18.17,7321
2004-06-29,18.17,18.34,18.0,18.17,4276983
2004-06-30,18.34,19.37,18.34,19.37,20623
2004-07-01,19.03,19.2,18.86,18.86,9488
2004-07-02,18.69,19.03,18.69,19.03,4969470
2004-07-05,19.03,19.03,19.03,19.03,0
2004-07-06,19.2,19.37,19.03,19.37,8584
2004-07-07,19.2,20.06,19.2,19.89,36816
2004-07-08,20.27,20.27,19.52,19.71,24441
2004-07-09,19.71,19.9,19.52,19.71,4291482
2004-07-12,19.9,19.9,19.52,19.52,3209940
2004-07-13,19.52,19.52,19.15,19.33,6097
2004-07-14,19.33,19.33,19.15,19.15,5726
2004-07-15,19.15,19.15,18.77,19.15,6041
2004-07-16,19.15,19.52,18.96,19.15,10134
2004-07-19,19.15,19.9,18.96,19.71,10819
2004-07-20,19.71,20.09,19.52,19.71,15363
2004-07-21,19.71,20.09,19.52,19.9,10117
2004-07-22,19.52,19.71,19.52,19.71,8731
2004-07-23,19.71,19.71,19.52,19.71,3688613
2004-07-26,19.71,19.71,19.52,19.71,3196448
2004-07-27,19.71,19.9,19.52,19.52,3175718
2004-07-28,19.52,19.71,19.15,19.15,5983
2004-07-29,19.33,19.9,19.33,19.9,8865
2004-07-30,19.9,20.09,19.71,20.09,10379
2004-08-02,20.09,20.27,19.9,20.09,5834
2004-08-03,20.09,20.27,19.9,19.9,3741290
2004-08-04,19.9,20.09,19.9,19.9,2635137
2004-08-05,19.9,20.09,19.52,19.52,6605
2004-08-06,19.52,19.9,19.52,19.71,6344
2004-08-09,19.71,19.71,19.33,19.71,3427668
2004-08-10,19.71,19.9,19.71,19.9,2427657
2004-08-11,19.9,20.09,19.71,19.71,3793857
2004-08-12,19.9,20.09,19.71,20.09,4785522
2004-08-13,20.09,20.65,19.9,20.27,9831
2004-08-16,20.27,20.27,20.09,20.27,2268419
2004-08-17,20.27,20.27,20.09,20.27,3912704
2004-08-18,20.27,20.84,20.27,20.65,10525
2004-08-19,20.84,20.84,20.27,20.84,17371
2004-08-20,20.84,20.84,20.27,20.65,10559
2004-08-23,20.65,20.65,20.09,20.65,8827
2004-08-24,20.65,20.65,20.65,20.65,0
2004-08-25,20.65,20.65,20.65,20.65,0
2004-08-26,20.46,20.65,20.27,20.46,9089
2004-08-27,20.46,20.65,20.27,20.46,10128
2004-08-30,20.27,20.46,20.09,20.27,2903809
2004-08-31,20.09,20.65,20.09,20.27,5371
2004-09-01,20.46,20.46,20.27,20.27,2672522
2004-09-02,20.27,20.46,20.27,20.46,3333135
2004-09-03,20.46,20.46,20.09,20.27,5615
2004-09-06,20.27,20.46,20.27,20.46,3309511
2004-09-07,20.46,20.65,20.27,20.65,3632838
2004-09-08,20.65,20.65,20.27,20.65,7646
2004-09-09,20.65,20.65,20.27,20.27,2343806
2004-09-10,20.27,20.65,20.27,20.27,2499536
2004-09-13,20.46,20.46,20.27,20.46,2975760
2004-09-14,20.46,20.65,20.27,20.46,2488817
2004-09-15,20.46,20.65,20.27,20.46,2341732
2004-09-16,20.27,20.46,20.09,20.27,3543888
2004-09-17,20.27,20.46,20.09,20.27,6180
2004-09-20,20.46,20.84,20.27,20.84,10163
2004-09-21,20.84,21.4,20.84,21.21,16290
2004-09-22,21.4,21.59,20.84,21.4,10552
2004-09-23,21.02,21.4,20.84,21.02,4402543
2004-09-24,21.02,21.21,20.84,21.21,3542687
2004-09-27,21.02,21.21,21.02,21.02,6852
2004-09-28,21.02,21.02,21.02,21.02,0
2004-09-29,21.21,21.59,21.02,21.59,15834
2004-09-30,21.59,21.77,21.4,21.4,12585
2004-10-01,21.4,21.96,21.4,21.77,17237
2004-10-04,21.96,22.34,21.59,21.96,25585
2004-10-05,21.96,22.15,21.77,21.96,6886
2004-10-06,21.96,22.34,21.96,21.96,12171
2004-10-07,22.15,22.34,21.96,22.34,8450
2004-10-08,22.34,22.34,22.15,22.34,3050036
2004-10-11,22.15,22.53,22.15,22.53,5815
2004-10-12,22.53,22.53,22.15,22.15,3567715
2004-10-13,22.15,22.15,21.59,21.96,6155
2004-10-14,21.96,21.96,20.84,20.84,16046
2004-10-15,20.84,21.4,20.84,21.02,7665
2004-10-18,21.4,21.59,21.21,21.4,6169
2004-10-19,21.4,21.59,21.21,21.59,6068
2004-10-20,21.4,21.4,21.02,21.02,4033405
2004-10-21,20.84,21.4,20.65,21.21,5761
2004-10-22,21.02,21.21,20.65,20.65,2862113
2004-10-25,20.65,20.65,20.65,20.65,0
2004-10-26,20.65,21.4,20.65,21.21,10651
2004-10-27,21.21,21.4,21.02,21.21,8670
2004-10-28,21.21,21.59,21.21,21.4,4721819
2004-10-29,21.21,21.4,21.02,21.02,6887
2004-11-01,21.02,21.4,21.02,21.21,2527855
2004-11-02,21.21,21.21,20.84,21.21,2377713
2004-11-03,21.02,21.21,20.84,21.02,5649
2004-11-04,21.02,21.02,20.65,20.84,7553
2004-11-05,20.84,21.21,20.84,21.02,6182
2004-11-08,21.02,21.4,20.84,21.21,14204
2004-11-09,21.4,21.77,21.21,21.4,22671
2004-11-10,21.4,21.59,21.21,21.4,10014
2004-11-11,21.4,21.59,21.21,21.21,7326
2004-11-12,21.21,21.4,21.02,21.02,5305
2004-11-15,21.21,21.59,21.21,21.4,6115
2004-11-16,21.4,21.4,21.21,21.4,2276690
2004-11-17,21.4,21.59,21.21,21.59,12343
2004-11-18,21.59,21.59,21.4,21.4,5441
2004-11-19,21.4,21.59,21.4,21.4,2141759
2004-11-22,21.4,21.77,21.4,21.77,8827
2004-11-23,21.59,21.59,21.21,21.59,7601
2004-11-24,21.4,21.59,21.21,21.59,3333865
2004-11-25,21.59,21.59,21.21,21.21,4870253
2004-11-26,21.4,21.77,21.21,21.4,11831
2004-11-29,21.4,21.77,21.4,21.77,14520
2004-11-30,21.77,21.77,21.4,21.59,4585451
2004-12-01,21.59,21.77,21.21,21.59,8156
2004-12-02,21.59,21.77,21.4,21.77,10182
2004-12-03,21.59,21.77,21.4,21.77,6528
2004-12-06,21.59,21.96,21.59,21.96,12046
2004-12-07,21.77,21.96,21.59,21.96,13087
2004-12-08,21.77,21.96,21.59,21.77,9016
2004-12-09,21.77,21.96,21.59,21.77,11434
2004-12-10,21.77,21.96,21.59,21.77,10545
2004-12-13,21.77,21.96,21.4,21.77,4477915
2004-12-14,21.77,21.77,21.59,21.77,1814798
2004-12-15,21.77,21.77,21.4,21.77,6560
2004-12-16,21.59,21.77,21.4,21.59,6028
2004-12-17,21.59,21.77,21.4,21.59,3138694
2004-12-20,21.4,21.59,21.4,21.59,4451210
2004-12-21,21.59,21.77,21.4,21.59,6265
2004-12-22,21.59,21.77,21.4,21.77,7079
2004-12-23,21.77,21.77,21.4,21.59,6126
2004-12-24,21.59,21.77,21.59,21.77,6916
2004-12-27,21.59,21.77,21.59,21.77,2325542
2004-12-28,21.59,21.77,21.59,21.77,4040688
2004-12-29,21.77,21.96,21.59,21.77,18591
2004-12-30,21.77,21.96,21.59,21.77,11159
2004-12-31,21.77,21.96,21.59,21.59,14452
2005-01-03,21.77,22.34,21.77,22.15,15372
2005-01-04,22.15,22.15,21.96,21.96,6327
2005-01-05,21.77,21.96,21.77,21.77,9422
2005-01-06,21.77,21.96,21.59,21.96,18166
2005-01-07,21.96,21.96,21.77,21.96,12437
2005-01-10,21.77,21.96,21.77,21.77,5609
2005-01-11,21.77,22.15,21.77,21.96,11808
2005-01-12,21.96,22.15,21.77,21.96,8117
2005-01-13,21.96,22.15,21.96,22.15,15011
2005-01-14,22.15,22.34,21.96,22.15,12693
2005-01-17,22.34,22.34,21.96,21.96,10833
2005-01-18,22.15,22.34,21.96,22.15,13993
2005-01-19,22.15,22.15,21.96,22.15,3360283
2005-01-20,21.96,22.34,21.96,22.15,22364
2005-01-21,22.15,22.15,21.77,21.96,12877
2005-01-24,22.15,22.34,21.96,21.96,20944
2005-01-25,21.96,22.34,21.96,22.15,13022
2005-01-26,22.15,22.34,21.96,22.15,8027
2005-01-27,22.15,22.34,21.96,22.15,8654
2005-01-28,21.96,22.34,21.96,22.15,16085
2005-01-31,22.15,22.34,21.96,22.34,11245
2005-02-01,22.34,22.34,21.96,22.15,8350
2005-02-02,22.15,22.15,21.96,22.15,13219
2005-02-03,22.15,22.15,21.96,22.15,5531
2005-02-04,22.15,22.15,22.15,22.15,0
2005-02-07,22.15,22.15,22.15,22.15,0
2005-02-08,22.15,22.15,22.15,22.15,0
2005-02-09,22.15,22.15,22.15,22.15,0
2005-02-10,22.15,22.15,22.15,22.15,0
2005-02-11,22.15,22.15,22.15,22.15,0
2005-02-14,22.15,22.34,21.96,22.15,3916295
2005-02-15,22.15,22.15,21.96,22.15,11057
2005-02-16,22.15,22.34,21.96,22.34,15071
2005-02-17,22.15,22.34,21.96,22.15,11134
2005-02-18,22.15,22.34,21.96,22.34,8459
2005-02-21,22.34,22.34,22.15,22.34,9918
2005-02-22,22.34,22.34,22.15,22.34,10319
2005-02-23,22.34,22.34,22.15,22.34,10306
2005-02-24,22.34,23.28,22.15,22.71,41445
2005-02-25,22.9,23.09,22.71,23.09,15302
2005-02-28,23.09,23.09,23.09,23.09,0
2005-03-01,23.09,24.67,23.09,24.14,28272
2005-03-02,24.21,24.21,23.88,24.14,14577
2005-03-03,24.21,24.33,23.95,24.14,10830
2005-03-04,24.06,24.14,23.99,24.14,13783
2005-03-07,24.14,24.14,23.88,23.99,13919
2005-03-08,23.95,24.18,23.73,23.84,17960
2005-03-09,23.84,24.4,23.84,24.21,19637
2005-03-10,24.14,25.0,24.14,24.74,25400
2005-03-11,24.7,24.78,24.36,24.4,11520
2005-03-14,24.36,24.55,24.33,24.36,11302
2005-03-15,24.33,24.44,24.33,24.4,19498
2005-03-16,24.4,24.4,23.99,24.29,15983
2005-03-17,23.99,24.33,23.88,24.21,13876
2005-03-18,24.21,24.78,24.21,24.59,17590
2005-03-21,24.59,24.67,24.44,24.52,15391
2005-03-22,24.52,24.52,24.29,24.48,7298
2005-03-23,24.21,24.44,23.95,24.4,12764
2005-03-24,24.4,24.4,23.84,24.06,14201
2005-03-25,24.06,24.44,24.06,24.33,10827
2005-03-28,24.29,24.33,24.14,24.33,2316527
2005-03-29,24.14,24.21,23.95,24.06,6048
2005-03-30,23.84,24.06,23.65,24.06,15561
2005-03-31,24.03,24.06,23.88,24.06,13068
2005-04-01,24.06,24.4,24.06,24.06,14529
2005-04-04,24.1,24.93,24.1,24.7,21581
2005-04-05,24.7,24.7,24.7,24.7,0
2005-04-06,24.59,24.7,24.44,24.7,9367
2005-04-07,24.55,24.67,24.25,24.4,8460
2005-04-08,24.21,24.55,24.18,24.33,10456
2005-04-11,24.1,24.18,23.43,23.84,13640
2005-04-12,23.65,23.84,23.5,23.84,3489607
2005-04-13,23.84,23.84,23.65,23.73,8848
2005-04-14,23.65,23.91,23.65,23.88,12567
2005-04-15,23.73,23.76,23.35,23.73,13945
2005-04-18,23.58,23.61,23.16,23.5,15199
2005-04-19,23.5,23.84,23.35,23.58,7046
2005-04-20,23.65,23.76,23.5,23.58,5673
2005-04-21,21.96,23.73,21.96,23.65,17025
2005-04-22,23.65,23.84,23.65,23.84,3740702
2005-04-25,23.84,24.36,23.76,24.33,7150
2005-04-26,23.69,24.29,23.69,23.95,3967483
2005-04-27,23.73,23.95,23.5,23.8,5120
2005-04-28,23.65,23.88,23.54,23.88,4913026
2005-04-29,23.8,24.4,23.69,24.4,5058
2005-05-02,24.4,24.4,24.4,24.4,0
2005-05-03,24.36,24.36,23.99,23.99,3111800
2005-05-04,23.88,24.06,23.8,24.03,7636
2005-05-05,24.03,24.4,23.99,24.36,11781
2005-05-06,24.25,24.36,24.14,24.36,6450
2005-05-09,24.29,24.36,24.03,24.36,6491
2005-05-10,24.29,24.33,24.14,24.33,4500771
2005-05-11,24.25,24.48,24.18,24.36,12249
2005-05-12,24.4,24.44,24.33,24.33,12787
2005-05-13,24.25,24.25,23.76,24.21,18745
2005-05-16,24.03,24.03,23.61,23.99,9685
2005-05-17,23.76,23.76,23.24,23.5,17176
2005-05-18,23.28,23.39,23.16,23.16,10810
2005-05-19,23.16,23.31,23.09,23.28,16502
2005-05-20,23.28,23.43,23.09,23.35,6290
2005-05-23,23.28,23.43,23.09,23.31,2407535
2005-05-24,23.2,23.54,23.2,23.46,4807688
2005-05-25,23.31,23.65,23.31,23.58,7692
2005-05-26,23.5,23.61,23.46,23.58,5430
2005-05-27,23.61,23.69,23.43,23.58,7919
2005-05-30,23.5,23.58,23.28,23.58,4558822
2005-05-31,23.46,23.69,23.39,23.65,10056
2005-06-01,23.61,23.65,23.5,23.5,2286010
2005-06-02,23.58,24.14,23.58,23.8,7603
2005-06-03,23.88,24.1,23.76,24.03,3913011
2005-06-06,24.06,24.33,24.06,24.25,3925326
2005-06-07,24.25,24.29,24.03,24.03,2375474
2005-06-08,24.03,24.25,24.03,24.18,5311
2005-06-09,24.06,24.21,24.03,24.1,6241
2005-06-10,24.21,24.36,24.1,24.21,5578
2005-06-13,24.25,24.36,24.21,24.36,3653127
2005-06-14,24.36,24.74,24.36,24.67,8083
2005-06-15,24.7,24.74,24.51,24.74,7145
2005-06-16,24.74,24.78,24.55,24.67,17098
2005-06-17,24.78,24.82,24.44,24.48,13418
2005-06-20,24.78,24.78,24.55,24.7,6547
2005-06-21,24.7,24.97,24.7,24.82,10949
2005-06-22,24.78,24.97,24.74,24.97,11663
2005-06-23,25.0,25.19,24.89,24.97,22673
2005-06-24,25.08,25.34,24.78,25.04,10764
2005-06-27,25.0,25.0,24.78,24.89,7732
2005-06-28,25.0,25.04,24.82,24.93,5443
2005-06-29,24.93,24.97,24.21,24.44,6321
2005-06-30,24.36,24.55,24.21,24.33,3170826
2005-07-01,24.06,24.21,24.06,24.14,3963365
2005-07-04,24.33,24.78,24.14,24.25,4549429
2005-07-05,24.25,24.29,23.91,23.91,5716
2005-07-06,23.91,24.1,23.84,24.06,5677
2005-07-07,24.1,24.21,24.06,24.1,2632802
2005-07-08,24.03,24.25,24.03,24.21,2973168
2005-07-11,24.21,24.36,24.21,24.29,7436
2005-07-12,24.36,24.4,24.25,24.36,6476
2005-07-13,24.36,24.59,24.36,24.59,13967
2005-07-14,24.55,24.55,24.29,24.44,7429
2005-07-15,24.33,24.36,23.95,24.1,10021
2005-07-18,24.1,24.1,24.1,24.1,0
2005-07-19,25.97,26.02,25.71,25.84,12791
2005-07-20,25.84,25.88,25.66,25.8,7575
2005-07-21,24.63,25.57,24.63,25.26,16568
2005-07-22,25.26,25.75,25.12,25.75,5669
2005-07-25,25.75,25.84,25.3,25.44,5919
2005-07-26,25.48,25.57,25.26,25.39,5035
2005-07-27,25.39,25.71,25.39,25.62,4296483
2005-07-28,25.75,26.02,25.66,26.02,6615
2005-07-29,26.02,26.06,25.88,26.02,4238024
2005-08-01,26.02,26.02,25.84,25.97,2466198
2005-08-02,26.06,26.2,25.88,26.11,2994831
2005-08-03,26.42,26.6,26.2,26.47,9031
2005-08-04,26.47,26.51,26.29,26.47,3043795
2005-08-05,26.47,26.47,26.47,26.47,0
2005-08-08,26.42,26.47,26.33,26.33,3337181
2005-08-09,26.33,26.47,26.24,26.42,6268
2005-08-10,26.47,26.65,26.42,26.51,3149067
2005-08-11,26.51,27.5,26.42,26.87,9687
2005-08-12,26.87,27.14,26.83,27.14,13054
2005-08-15,27.32,27.5,27.09,27.27,7800
2005-08-16,27.27,27.41,27.0,27.09,8001
2005-08-17,27.09,27.18,26.42,26.51,7222
2005-08-18,26.56,26.56,25.66,26.06,10172
2005-08-19,26.06,26.33,25.8,26.29,5439
2005-08-22,26.24,26.33,25.97,26.2,2601381
2005-08-23,26.2,26.2,25.93,26.15,2650746
2005-08-24,26.15,26.15,25.93,26.11,3379668
2005-08-25,26.11,26.2,25.97,26.2,4967091
2005-08-26,26.2,26.33,26.06,26.2,1989672
2005-08-29,26.2,26.6,26.11,26.51,5595
2005-08-30,26.78,27.63,26.6,27.32,14844
2005-08-31,27.5,27.5,26.96,27.23,12477
2005-09-01,27.23,27.23,27.23,27.23,0
2005-09-02,28.21,28.66,27.77,27.99,33182
2005-09-05,28.12,28.12,27.41,27.94,9396
2005-09-06,27.77,27.99,27.59,27.99,8885
2005-09-07,27.99,28.03,27.59,27.99,8121
2005-09-08,27.81,27.9,27.59,27.9,6590
2005-09-09,27.77,28.08,27.63,27.72,7383
2005-09-12,27.72,27.72,27.36,27.5,6436
2005-09-13,27.32,27.45,27.0,27.45,10508
2005-09-14,27.23,27.54,27.14,27.5,4523461
2005-09-15,27.5,27.72,27.36,27.54,4972596
2005-09-16,27.54,27.68,27.41,27.59,2224061
2005-09-19,27.59,27.72,27.41,27.72,4611285
2005-09-20,27.68,27.86,27.54,27.81,7031
2005-09-21,27.81,27.99,27.54,27.77,7956
2005-09-22,27.54,27.9,27.41,27.9,6986
2005-09-23,27.86,28.21,27.77,28.12,8150
2005-09-26,27.99,28.17,27.81,28.08,4682377
2005-09-27,28.08,28.21,27.86,28.08,4475415
2005-09-28,28.08,28.21,27.94,28.17,3942669
2005-09-29,29.01,29.29,29.01,29.29,4520494
2005-09-30,29.29,29.52,29.11,29.38,8712
2005-10-03,29.38,29.43,29.01,29.15,4615975
2005-10-04,29.11,29.11,28.69,28.83,7127
2005-10-05,28.74,28.74,28.28,28.37,9952
2005-10-06,28.37,28.55,28.18,28.32,6674
2005-10-07,28.51,28.78,28.37,28.41,6312
2005-10-10,28.41,28.41,28.41,28.41,0
2005-10-11,28.23,28.41,28.05,28.05,8755
2005-10-12,28.14,28.6,28.14,28.18,5877
2005-10-13,28.41,28.92,28.37,28.88,7304
2005-10-14,28.97,29.01,28.69,28.88,1899011
2005-10-17,28.88,28.88,28.18,28.18,3061757
2005-10-18,28.37,28.51,28.14,28.37,2319127
2005-10-19,28.18,28.32,28.05,28.23,7137
2005-10-20,28.23,28.51,28.05,28.32,10280
2005-10-21,28.23,28.51,28.05,28.41,3943365
2005-10-24,28.41,28.46,28.28,28.46,7288
2005-10-25,28.51,28.55,28.28,28.46,3220892
2005-10-26,28.32,28.6,28.32,28.51,3734368
2005-10-27,28.55,28.55,28.28,28.41,7180
2005-10-28,28.28,28.6,28.28,28.32,7814
2005-10-31,28.55,28.55,28.23,28.32,13443
2005-11-01,28.51,28.55,28.37,28.55,8216
2005-11-02,28.6,29.06,28.55,29.06,6525
2005-11-03,29.06,29.06,28.69,28.92,7636
2005-11-04,28.83,28.97,28.83,28.97,5577
2005-11-07,28.92,29.24,28.83,28.97,6624
2005-11-08,29.06,29.2,28.97,29.15,3482934
2005-11-09,29.06,29.29,28.97,29.24,1977517
2005-11-10,29.24,29.48,29.11,29.11,7400
2005-11-11,29.2,29.38,28.92,29.01,1497990
2005-11-14,29.01,29.06,28.55,28.6,3481873
2005-11-15,28.6,28.69,28.28,28.37,2683016
2005-11-16,28.37,28.64,28.28,28.64,3968826
2005-11-17,28.83,28.88,28.6,28.6,4956524
2005-11-18,28.6,28.83,28.41,28.83,3878650
2005-11-21,28.6,28.78,28.51,28.78,6579
2005-11-22,28.78,28.97,28.69,28.83,7361
2005-11-23,28.83,28.88,28.78,28.83,3194369
2005-11-24,28.83,28.83,28.55,28.69,4850434
2005-11-25,28.78,28.78,28.64,28.69,3481873
2005-11-28,28.83,28.83,28.55,28.64,5443
2005-11-29,28.6,28.6,28.28,28.41,4450475
2005-11-30,28.37,28.37,28.05,28.14,6662
2005-12-01,28.14,28.14,27.17,27.58,21743
2005-12-02,27.45,27.54,26.89,26.98,17303
2005-12-05,26.98,27.35,26.98,27.35,7190
2005-12-06,27.35,27.72,27.26,27.72,7608
2005-12-07,27.68,27.81,27.45,27.77,8123
2005-12-08,27.72,27.72,27.49,27.63,4381517
2005-12-09,27.68,27.68,27.45,27.58,4401674
2005-12-12,27.68,27.81,27.35,27.81,2924901
2005-12-13,27.77,27.77,27.4,27.77,11601
2005-12-14,27.63,27.91,27.45,27.54,6722
2005-12-15,27.49,27.58,27.4,27.45,3654800
2005-12-16,27.45,27.68,27.12,27.54,10191
2005-12-19,27.49,27.68,27.17,27.68,10769
2005-12-20,27.63,27.77,27.54,27.58,9792
2005-12-21,27.49,27.58,27.4,27.45,5029
2005-12-22,26.83,26.83,26.38,26.42,7040
2005-12-23,27.31,27.31,26.98,27.26,10209
2005-12-26,26.56,26.65,26.38,26.56,4634255
2005-12-27,27.35,27.4,27.12,27.4,8619
2005-12-28,27.35,27.4,27.12,27.4,6459
2005-12-29,27.45,27.63,27.35,27.45,13062
2005-12-30,27.45,27.49,26.85,26.85,9575
2006-01-02,26.85,27.12,26.85,27.08,5213
2006-01-03,26.98,27.26,26.94,27.21,6027
2006-01-04,27.31,27.45,27.03,27.31,6138
2006-01-05,27.21,27.4,27.12,27.12,10390
2006-01-06,27.31,27.31,26.98,27.12,4131144
2006-01-09,26.98,27.21,26.8,26.94,11072
2006-01-10,26.94,26.98,26.62,26.75,9057
2006-01-11,26.75,27.03,26.66,26.8,17991
2006-01-12,26.85,26.98,26.62,26.62,9812
2006-01-13,26.62,26.85,26.62,26.8,6600
2006-01-16,26.8,27.08,26.8,26.98,9058
2006-01-17,27.08,27.08,26.71,26.75,10053
2006-01-18,26.57,27.03,26.52,26.8,15925
2006-01-19,26.98,26.98,26.48,26.8,12271
2006-01-20,26.94,26.94,26.71,26.89,6194
2006-01-23,26.98,27.21,26.85,26.94,10537
2006-01-24,26.98,27.12,26.94,27.03,5574
2006-01-25,27.12,27.17,26.8,27.17,7478
2006-02-03,27.17,27.26,26.85,26.89,4841947
2006-02-06,26.89,27.12,26.8,27.12,4535347
2006-02-07,27.21,27.91,27.12,27.68,29368
2006-02-08,27.58,27.58,27.21,27.45,8821
2006-02-09,27.4,27.4,26.98,27.03,6389
2006-02-10,27.03,27.03,26.8,26.85,4602184
2006-02-13,26.89,26.89,26.66,26.71,9181
2006-02-14,27.17,27.17,26.85,27.03,6581
2006-02-15,27.03,27.17,26.89,27.17,4087647
2006-02-16,26.98,27.12,26.85,26.98,5020
2006-02-17,26.98,27.03,26.75,26.89,4188433
2006-02-20,26.89,27.12,26.85,26.98,2440070
2006-02-21,27.08,27.26,26.98,27.12,2658615
2006-02-22,27.12,27.26,27.03,27.08,4318923
2006-02-23,26.98,27.08,26.75,26.75,4393186
2006-02-24,26.8,26.98,26.75,26.85,3691932
2006-02-27,26.85,26.98,26.75,26.8,1949934
2006-03-01,26.8,26.89,26.71,26.8,4732674
2006-03-02,26.8,26.8,26.57,26.62,5658
2006-03-03,26.62,26.66,26.52,26.52,2783801
2006-03-06,26.62,26.66,26.48,26.48,3026747
2006-03-07,26.48,26.52,26.29,26.29,3437316
2006-03-08,26.2,26.29,26.06,26.11,3303642
2006-03-09,26.11,26.2,25.97,26.15,3825605
2006-03-10,26.15,26.2,26.06,26.11,1590289
2006-03-13,26.11,26.38,26.06,26.38,3647374
2006-03-14,26.29,26.34,26.15,26.25,2879282
2006-03-15,26.2,26.29,26.06,26.2,4406978
2006-03-16,26.06,26.15,25.97,26.11,6920
2006-03-17,26.15,26.48,26.11,26.48,8760
2006-03-20,26.62,26.66,26.29,26.52,3782108
2006-03-21,26.52,26.66,26.38,26.43,4152362
2006-03-22,26.52,26.52,26.29,26.29,4125840
2006-03-23,26.48,26.48,26.34,26.38,3164664
2006-03-24,26.38,26.52,26.38,26.52,2699990
2006-03-27,26.52,26.71,26.48,26.57,3711028
2006-03-28,26.62,26.66,26.52,26.52,2204550
2006-03-29,26.62,26.66,26.57,26.62,2817750
2006-03-30,26.75,26.85,26.62,26.75,5255
2006-03-31,26.89,26.89,26.75,26.89,4491850
2006-04-03,26.8,26.94,26.8,26.8,6726
2006-04-04,26.85,27.08,26.85,27.08,5420
2006-04-06,27.08,27.54,26.98,27.49,9213
2006-04-07,27.45,27.58,27.21,27.54,9358
2006-04-10,27.54,27.54,27.31,27.4,6505
2006-04-11,27.49,27.54,27.17,27.35,12912
2006-04-12,27.45,27.45,27.21,27.31,6095
2006-04-13,27.35,27.49,27.03,27.03,9261
2006-04-14,27.17,27.58,27.17,27.58,8566
2006-04-17,27.63,27.91,27.54,27.86,14281
2006-04-18,27.91,27.91,27.4,27.63,7139
2006-04-19,27.91,27.95,27.58,27.68,6529
2006-04-20,27.77,27.91,27.63,27.77,7694
2006-04-21,27.45,27.58,27.35,27.49,6467
2006-04-24,27.45,27.58,27.31,27.49,3483995
2006-04-25,27.45,27.49,27.35,27.35,3666470
2006-04-26,27.31,27.4,27.08,27.35,4677508
2006-04-27,27.35,27.54,27.31,27.45,4969255
2006-04-28,27.31,27.35,27.17,27.21,5380
2006-05-02,26.98,27.21,26.66,26.94,5051
2006-05-03,26.85,27.17,26.85,27.08,2399755
2006-05-04,27.08,27.12,26.89,27.12,3494604
2006-05-05,27.08,27.49,26.98,27.26,5678
2006-05-08,27.4,27.45,27.26,27.4,3034174
2006-05-09,27.35,27.63,27.31,27.58,6216
2006-05-10,27.49,27.54,27.31,27.49,4811181
2006-05-11,27.35,27.4,27.17,27.31,8544
2006-05-12,26.98,27.26,26.98,27.08,7978
2006-05-15,26.98,27.03,26.75,26.85,9135
2006-05-16,26.85,26.98,26.8,26.85,8108
2006-05-17,26.89,27.26,26.8,27.21,6231
2006-05-18,26.2,26.42,26.06,26.42,4915086
2006-05-19,26.2,26.65,26.11,26.65,4697633
2006-05-22,27.17,27.4,27.08,27.4,4182067
2006-05-23,27.12,27.35,27.12,27.31,2791227
2006-05-24,27.12,27.49,27.12,27.49,4466389
2006-05-25,27.26,27.49,27.21,27.45,6634
2006-05-26,27.4,27.49,27.12,27.49,8355
2006-05-29,26.65,26.65,26.42,26.42,5446
2006-05-30,27.45,27.45,27.21,27.21,5288
2006-06-01,27.35,27.45,27.21,27.4,4933185
2006-06-02,27.21,27.49,27.17,27.45,4428196
2006-06-05,27.31,27.68,27.17,27.17,7177
2006-06-06,27.12,27.26,26.98,27.21,2656493
2006-06-07,27.17,27.31,27.12,27.17,1225339
2006-06-08,27.12,27.26,27.08,27.12,5315
2006-06-09,27.12,27.12,26.85,27.03,6919
2006-06-12,26.89,27.12,26.85,27.12,5388
2006-06-13,27.08,27.31,26.94,27.08,7945
2006-06-14,27.17,27.49,27.17,27.21,5541
2006-06-15,27.21,27.4,27.21,27.26,1349464
2006-06-16,27.54,27.58,27.31,27.4,4244660
2006-06-19,27.4,27.77,27.4,27.77,3953974
2006-06-20,27.72,27.77,27.12,27.12,2356258
2006-06-21,27.12,27.4,27.12,27.21,1653943
2006-06-22,27.77,27.77,27.35,27.63,3098888
2006-06-23,27.45,27.63,27.26,27.4,2415669
2006-06-26,27.35,27.58,27.31,27.54,1041803
2006-06-27,27.54,27.68,27.45,27.63,1816260
2006-06-28,27.54,27.86,27.4,27.86,4824973
2006-06-29,27.86,28.37,27.77,28.37,7014
2006-06-30,28.37,28.46,28.18,28.46,17660
2006-07-03,28.46,28.64,28.28,28.64,5327
2006-07-04,28.6,28.74,28.41,28.74,3067061
2006-07-05,28.64,29.52,28.55,28.92,12849
2006-07-06,28.92,28.92,28.41,28.64,3982618
2006-07-07,28.74,29.2,28.6,29.2,6970
2006-07-10,29.2,29.24,28.88,29.11,2231072
2006-07-11,29.11,29.15,28.97,29.06,2433704
2006-07-12,29.06,29.11,28.6,28.69,3497787
2006-07-13,28.6,28.69,28.41,28.64,5625
2006-07-14,28.6,28.6,28.41,28.55,5852
2006-07-17,28.46,28.55,28.28,28.41,10962
2006-07-18,28.73,28.79,28.53,28.58,9361
2006-07-19,28.99,28.99,28.73,28.84,2842800
2006-07-20,29.56,29.56,28.99,29.2,4444450
2006-07-21,29.2,29.2,28.89,29.15,4618520
2006-07-24,28.89,29.15,28.79,28.99,1771600
2006-07-25,29.04,29.25,28.89,28.89,1325610
2006-07-26,28.89,29.15,28.84,28.94,1806620
2006-07-27,28.99,28.99,28.79,28.99,1645940
2006-07-28,28.94,28.99,28.73,28.73,3340290
2006-07-31,28.84,29.04,28.63,29.04,1807650
2006-08-01,28.99,29.25,28.73,29.04,2045580
2006-08-02,29.04,29.45,29.04,29.35,2401960
2006-08-03,29.4,29.45,29.25,29.25,1136090
2006-08-04,29.15,29.35,29.04,29.09,582980
2006-08-07,29.04,29.3,28.94,29.3,915670
2006-08-08,29.3,29.61,29.2,29.5,2202140
2006-08-09,29.5,29.76,29.5,29.66,1700530
2006-08-10,29.66,29.71,29.45,29.61,2571910
2006-08-11,29.56,29.56,29.4,29.5,2235100
2006-08-14,29.35,29.56,29.35,29.5,1979660
2006-08-15,29.45,29.56,29.35,29.4,3936660
2006-08-16,29.35,29.56,29.35,29.56,2223770
2006-08-17,29.5,29.66,29.5,29.56,3436080
2006-08-18,30.12,30.53,30.12,30.27,14920
2006-08-21,30.27,30.38,30.27,30.38,7465
2006-08-22,30.33,30.38,30.27,30.38,3715210
2006-08-23,30.53,30.79,30.17,30.79,5929
2006-08-24,30.68,30.79,30.58,30.79,2739800
2006-08-25,30.79,31.3,30.79,31.3,6684
2006-08-28,31.3,31.3,30.99,31.3,5434
2006-08-29,31.25,31.97,31.09,31.97,8896
2006-08-30,31.92,32.33,31.61,31.81,11765
2006-08-31,31.81,33.35,31.71,33.35,34986
2006-09-01,32.84,32.84,31.76,32.17,10078
2006-09-04,31.97,32.17,31.92,32.17,8119
2006-09-05,32.02,32.12,31.86,32.12,8923
2006-09-06,32.02,32.07,31.71,32.07,7275
2006-09-07,31.92,32.02,31.76,32.02,6535
2006-09-08,31.86,32.02,31.76,32.02,6070
2006-09-11,32.02,32.12,31.76,32.07,8091
2006-09-12,31.92,32.07,31.71,32.07,7176
2006-09-13,32.02,32.38,31.86,32.33,4125150
2006-09-14,32.33,32.43,31.81,32.07,8726
2006-09-15,31.86,32.22,31.86,32.12,1796320
2006-09-18,32.43,32.69,32.17,32.63,8785
2006-09-19,32.74,32.74,32.48,32.63,10809
2006-09-20,32.53,32.74,32.48,32.74,4023180
2006-09-21,32.74,32.74,32.38,32.74,6329
2006-09-22,32.69,33.2,32.48,33.1,19581
2006-09-25,32.99,33.25,32.53,32.58,4523760
2006-09-26,32.48,32.79,32.43,32.43,4017000
2006-09-27,32.48,32.58,32.38,32.58,5131
2006-09-28,32.58,32.99,32.43,32.99,6677
2006-09-29,32.94,32.94,32.58,32.84,8707
2006-10-02,32.84,33.1,32.58,33.1,4012880
2006-10-03,33.04,33.04,32.69,32.69,4476380
2006-10-04,32.58,32.63,32.17,32.17,5003
2006-10-05,32.17,32.53,32.17,32.43,4744180
2006-10-09,32.43,32.43,32.43,32.43,0
2006-10-11,32.33,32.74,32.33,32.58,1616070
2006-10-12,32.58,32.69,32.43,32.58,1354450
2006-10-13,32.58,32.89,32.58,32.84,3268190
2006-10-16,32.74,33.04,32.63,33.04,2573970
2006-10-17,33.04,33.04,32.84,33.04,2261880
2006-10-18,32.89,33.1,32.74,33.04,3797610
2006-10-19,32.99,33.1,32.79,33.1,2662550
2006-10-20,33.1,33.25,33.04,33.25,2689330
2006-10-23,33.25,33.35,32.94,33.25,3074550
2006-10-24,33.35,33.46,33.15,33.4,4810100
2006-10-25,33.3,33.4,33.15,33.35,2624440
2006-10-26,33.3,33.46,33.2,33.46,4172530
2006-10-27,33.4,33.4,33.2,33.35,1079440
2006-10-30,33.2,33.25,32.84,32.84,3977860
2006-10-31,32.89,33.4,32.89,33.4,2637830
2006-11-01,33.35,33.35,33.25,33.35,2602810
2006-11-02,33.4,33.76,33.25,33.76,4034510
2006-11-03,33.76,34.17,33.76,34.17,4832760
2006-11-06,33.56,34.12,33.56,33.97,4149870
2006-11-07,33.97,34.28,33.71,33.71,6745
2006-11-08,33.61,33.76,33.4,33.76,2479210
2006-11-09,33.61,33.87,33.56,33.87,1885930
2006-11-10,33.71,33.87,33.46,33.87,2343250
2006-11-13,33.81,33.87,33.66,33.87,2325740
2006-11-14,33.71,34.22,33.71,34.17,2842800
2006-11-15,34.12,34.17,34.07,34.12,3942840
2006-11-16,34.12,34.12,33.92,34.02,4512430
2006-11-17,33.92,34.12,33.76,33.87,2740830
2006-11-20,33.66,33.76,33.51,33.76,1977600
2006-11-21,33.4,33.76,33.4,33.76,3060130
2006-11-22,33.71,33.76,33.56,33.76,2491570
2006-11-23,33.61,33.97,33.61,33.97,5174
2006-11-24,33.76,34.12,33.71,33.97,4028330
2006-11-27,33.97,34.07,33.87,34.02,5491
2006-11-28,33.92,34.02,33.76,33.76,7792
2006-11-29,33.61,33.81,33.51,33.76,5468
2006-11-30,33.71,33.81,33.56,33.71,6697
2006-12-01,33.71,34.17,33.66,34.17,5022
2006-12-04,34.17,34.64,34.17,34.58,2396810
2006-12-05,34.58,34.64,34.48,34.64,1871510
2006-12-06,34.28,35.41,34.28,35.41,5106
2006-12-07,35.41,35.46,34.74,35.41,3979920
2006-12-08,35.15,35.41,34.64,34.89,3771860
2006-12-11,34.79,34.79,34.12,34.48,2196990
2006-12-12,34.33,34.38,33.87,34.02,1969360
2006-12-13,33.76,34.02,33.51,33.87,2747010
2006-12-14,33.92,33.97,33.71,33.87,2029100
2006-12-15,33.81,34.28,33.76,34.07,2514230
2006-12-18,33.97,34.22,33.87,34.02,3065280
2006-12-19,33.92,34.12,33.92,34.02,1557360
2006-12-20,34.02,34.64,33.87,34.33,2460670
2006-12-21,34.28,34.94,34.28,34.64,1684050
2006-12-22,34.89,34.99,34.64,34.99,2230980
2006-12-25,34.99,35.05,34.69,34.99,820910
2006-12-26,34.99,35.66,34.99,35.66,9908
2006-12-27,35.3,36.02,35.3,35.56,6451
2006-12-28,35.92,36.17,35.66,36.17,4712250
2006-12-29,35.92,36.94,35.82,36.74,7026
2007-01-02,36.94,37.71,36.43,37.66,5851
2007-01-03,37.66,38.02,37.46,37.66,5519
2007-01-04,37.56,37.71,36.94,37.2,3214630
2007-01-05,36.94,37.0,35.97,36.12,2994210
2007-01-08,35.41,35.87,35.15,35.2,4641180
2007-01-09,35.15,35.51,35.15,35.35,2412260
2007-01-10,35.05,35.15,34.17,34.64,7172
2007-01-11,34.38,34.53,34.12,34.17,3906790
2007-01-12,34.28,34.84,33.92,34.22,4906920
2007-01-15,34.22,34.33,34.07,34.17,2008500
2007-01-16,34.33,35.2,34.17,35.15,3939750
2007-01-17,35.1,35.1,34.64,34.69,4935760
2007-01-18,34.99,35.1,34.64,34.94,3572040
2007-01-19,34.89,35.35,34.89,34.94,2800570
2007-01-22,34.94,35.05,34.22,34.43,7258
2007-01-23,34.43,34.79,34.38,34.53,7894
2007-01-24,34.64,34.94,34.43,34.58,8231
2007-01-25,34.74,34.79,34.38,34.53,3958290
2007-01-26,34.17,34.58,33.97,33.97,5576
2007-01-29,34.38,34.38,33.97,34.12,3198150
2007-01-30,34.28,34.84,34.28,34.69,3219780
2007-01-31,34.89,34.89,34.22,34.43,3870740
2007-02-01,34.69,34.89,34.64,34.64,2980820
2007-02-02,34.89,35.46,34.69,35.15,6002
2007-02-05,35.15,35.46,34.84,34.94,7550
2007-02-06,35.35,35.35,34.84,35.15,4197250
2007-02-07,35.35,35.35,34.89,34.89,2796450
2007-02-08,34.94,35.15,34.53,34.89,4728730
2007-02-09,35.05,35.3,34.74,35.3,3563800
2007-02-12,35.2,35.25,34.89,35.05,3101330
2007-02-13,35.05,35.35,34.99,35.1,4493890
2007-02-14,35.51,35.92,35.25,35.82,4878080
2007-02-26,35.92,36.64,35.76,35.87,5063
2007-02-27,35.66,35.66,35.15,35.25,6174
2007-03-01,34.64,35.1,34.28,34.28,7107
2007-03-02,34.28,34.74,34.02,34.43,5385
2007-03-05,34.22,34.53,33.97,33.97,7146
2007-03-06,33.97,34.38,33.87,34.02,6673
2007-03-07,34.02,34.17,33.71,34.07,5535
2007-03-08,34.38,34.38,33.97,34.07,3862500
2007-03-09,34.28,34.33,33.97,34.02,3918120
2007-03-12,34.28,34.28,34.02,34.17,1763360
2007-03-13,34.28,34.58,34.28,34.48,5107
2007-03-14,34.38,34.53,33.97,34.43,5721
2007-03-15,34.79,35.51,34.58,35.15,8647
2007-03-16,35.15,35.82,35.05,35.76,6168
2007-03-19,35.82,35.82,35.2,35.41,1880780
2007-03-20,35.41,35.46,35.2,35.2,5031
2007-03-21,35.15,35.61,34.99,35.61,4683410
2007-03-22,35.92,36.02,35.61,35.97,10031
2007-03-23,35.97,36.17,35.82,36.17,5074
2007-03-26,36.17,36.79,35.87,36.64,5708
2007-03-27,36.17,36.84,36.17,36.64,4387800
2007-03-28,36.17,36.74,36.17,36.43,4953270
2007-03-29,36.33,36.89,36.23,36.64,3898550
2007-03-30,36.69,37.2,36.53,37.2,3073520
2007-04-02,37.1,37.2,36.69,37.05,4178710
2007-04-03,37.05,37.05,36.79,37.0,3437110
2007-04-04,37.0,37.2,36.53,36.94,6981
2007-04-09,36.94,37.46,36.84,37.46,4948120
2007-04-10,37.3,37.46,37.0,37.35,6603
2007-04-11,37.35,37.41,36.84,37.15,5705
2007-04-12,36.94,37.0,36.69,36.69,3095150
2007-04-13,36.69,36.94,36.38,36.59,6312
2007-04-16,37.35,37.61,37.1,37.61,8178
2007-04-17,37.77,37.82,37.2,37.56,3393850
2007-04-18,37.56,37.97,37.35,37.82,5477
2007-04-19,37.82,37.82,36.84,37.0,5044
2007-04-20,37.0,37.46,36.94,37.35,1372990
2007-04-23,37.46,38.18,37.41,37.77,2747010
2007-04-24,37.77,38.02,37.66,37.77,2809840
2007-04-25,37.71,37.71,37.46,37.46,1882840
2007-04-26,37.46,37.82,37.46,37.66,3249650
2007-04-27,37.77,37.77,37.46,37.46,2974640
2007-04-30,37.46,37.46,36.69,36.69,2587360
2007-05-02,36.64,36.89,36.38,36.69,4191070
2007-05-03,36.64,36.84,36.43,36.64,5360
2007-05-04,36.74,37.35,36.59,36.69,10995
2007-05-07,36.69,36.89,36.64,36.69,5047
2007-05-08,36.69,36.74,36.53,36.53,2497750
2007-05-09,36.53,36.64,36.38,36.43,2842800
2007-05-10,36.53,36.74,36.53,36.69,4268320
2007-05-11,36.48,36.69,36.43,36.69,4651480
2007-05-14,36.69,37.46,36.69,37.41,2944770
2007-05-15,37.41,37.87,37.35,37.71,3217720
2007-05-16,37.97,38.07,37.77,37.87,3315570
2007-05-17,38.48,40.48,38.48,40.02,9995
2007-05-18,40.48,40.64,39.51,39.51,5683
2007-05-21,40.02,41.92,39.77,41.41,11055
2007-05-22,41.41,41.41,40.95,41.31,4651480
2007-05-23,41.41,41.67,40.74,40.9,4462990
2007-05-24,40.9,41.0,40.23,40.54,5394
2007-05-25,40.79,40.79,39.87,40.38,5795
2007-05-28,40.38,41.15,40.28,41.05,3749200
2007-05-29,41.05,42.13,41.05,41.25,7387
2007-05-30,41.05,41.25,40.64,41.0,4461960
2007-05-31,41.25,41.67,41.05,41.05,11310
2007-06-01,41.51,42.08,41.1,41.56,4528910
2007-06-04,41.67,42.08,41.67,42.08,3104420
2007-06-05,42.13,42.23,41.77,41.87,2239220
2007-06-06,42.02,42.08,41.56,41.72,4151930
2007-06-07,41.72,41.97,41.36,41.82,3145620
2007-06-08,41.56,41.56,40.9,41.0,7078
2007-06-11,41.0,41.15,40.84,40.84,5381
2007-06-12,40.84,41.25,40.69,41.05,7782
2007-06-13,40.95,41.15,40.84,41.05,5674
2007-06-14,41.05,41.61,41.05,41.56,5257
2007-06-15,41.61,42.9,41.61,42.9,14587
2007-06-20,43.49,45.88,43.33,45.88,21878
2007-06-21,45.88,45.98,44.85,45.5,15697
2007-06-22,45.5,45.6,44.85,45.33,4100430
2007-06-25,45.17,45.98,44.58,45.39,11342
2007-06-26,45.39,45.82,45.23,45.44,9460
2007-06-27,45.5,45.5,44.95,45.23,4267290
2007-06-28,45.23,45.28,44.14,44.68,6170
2007-06-29,44.85,44.9,44.2,44.41,4057170
2007-07-02,44.41,45.23,44.09,45.23,4572170
2007-07-03,45.33,45.39,44.58,45.23,5249
2007-07-04,45.5,45.98,45.12,45.17,4973870
2007-07-05,45.39,45.5,44.85,44.95,2645040
2007-07-06,45.01,45.23,44.25,44.9,4756540
2007-07-09,44.95,45.98,44.79,45.98,4858510
2007-07-10,45.98,46.04,45.5,46.04,3329990
2007-07-11,46.04,46.9,45.77,46.25,4705040
2007-07-12,46.58,49.02,46.58,47.93,10643
2007-07-13,50.1,51.24,49.56,51.24,18902
2007-07-16,51.73,53.62,51.73,52.59,10971
2007-07-17,52.43,52.43,50.43,51.45,9285
2007-07-18,52.27,52.54,50.97,51.08,5786
2007-07-19,49.83,51.08,49.83,50.75,5994
2007-07-20,50.91,51.45,50.59,51.24,3040560
2007-07-23,52.0,52.48,51.35,52.38,5762
2007-07-24,52.32,52.92,51.51,52.7,7615
2007-07-25,52.43,54.7,52.21,54.7,9635
2007-07-26,55.79,55.79,53.3,53.62,9334
2007-07-27,50.37,52.43,50.37,50.37,12165
2007-07-30,49.02,50.1,48.91,48.91,15308
2007-07-31,49.72,49.99,49.07,49.4,9445
2007-08-01,48.75,48.75,45.98,45.98,21129
2007-08-02,46.85,47.39,45.98,47.39,14622
2007-08-03,47.99,48.31,47.23,47.28,6653
2007-08-06,46.58,47.66,46.53,47.01,5204
2007-08-07,47.5,49.07,47.18,48.04,6489
2007-08-08,48.8,49.4,48.26,49.18,6802
2007-08-09,49.45,49.56,48.42,48.75,5723
2007-08-10,47.66,48.53,47.39,48.48,10495
2007-08-13,48.42,48.48,47.66,48.42,3598820
2007-08-14,48.2,48.64,47.66,48.2,3007600
2007-08-15,47.66,47.99,47.45,47.93,7734
2007-08-16,47.12,48.48,44.85,46.58,17025
2007-08-17,46.58,47.23,45.5,46.04,8172
2007-08-20,48.37,48.42,47.07,48.42,5597
2007-08-21,48.48,48.75,47.83,48.75,3218750
2007-08-22,48.64,48.8,47.93,48.75,3882070
2007-08-23,49.5,49.67,48.96,49.29,3699760
2007-08-24,49.45,49.45,48.64,49.23,4050990
2007-08-27,49.72,49.94,48.69,48.91,5048
2007-08-28,48.2,48.75,48.2,48.75,3455650
2007-08-29,48.2,49.07,47.72,48.26,6431
2007-08-30,48.91,49.4,48.53,48.53,4047900
2007-08-31,48.37,49.83,48.37,49.83,6041
2007-09-03,49.94,52.54,49.56,51.73,8964
2007-09-04,51.73,52.38,50.64,51.45,3974770
2007-09-05,51.56,51.73,50.91,51.45,5212
2007-09-06,51.45,52.16,50.7,52.16,10052
2007-09-07,51.56,51.78,50.8,51.08,5572
2007-09-10,50.1,50.64,49.5,49.83,5698
2007-09-11,49.83,50.32,49.67,50.15,2058970
2007-09-12,50.37,50.37,49.83,50.37,6082
2007-09-13,50.37,50.48,49.34,50.26,5257
2007-09-14,50.26,51.4,49.99,51.4,5523
2007-09-17,51.4,51.4,50.48,51.13,4180770
2007-09-18,51.13,51.13,51.13,51.13,0
2007-09-19,51.73,52.27,51.51,51.73,13965
2007-09-20,52.0,54.16,52.0,53.03,23313
2007-09-21,53.62,53.95,53.02,53.73,7453
2007-09-26,54.16,54.7,53.4,53.62,7426
2007-09-27,53.62,53.62,52.65,52.81,9849
2007-09-28,52.81,53.3,52.81,53.08,6063
2007-10-01,53.35,54.05,53.08,53.35,3456680
2007-10-02,53.62,54.7,53.62,54.43,10992
2007-10-03,54.16,55.79,53.84,54.43,9772
2007-10-04,54.16,54.7,53.19,53.89,8112
2007-10-05,53.62,54.97,53.51,54.11,4530970
2007-10-08,55.25,56.87,54.16,56.87,11614
2007-10-09,56.33,56.33,54.16,55.25,6579
2007-10-11,56.33,56.33,54.97,56.06,3380460
2007-10-12,56.06,56.87,54.11,54.43,6149
2007-10-15,54.43,54.97,53.08,53.67,4416640
2007-10-16,53.62,55.52,53.4,55.25,4333210
2007-10-17,55.25,55.79,54.16,54.7,5195
2007-10-18,54.16,54.7,53.62,54.16,5216
2007-10-19,54.7,55.25,54.05,54.7,2530710
2007-10-22,53.4,54.16,53.08,53.46,8660
2007-10-23,53.46,53.89,53.24,53.4,3840870
2007-10-24,53.4,54.7,53.4,53.89,3642080
2007-10-25,54.16,54.97,54.11,54.7,3209480
2007-10-26,55.25,55.79,54.7,55.25,4272440
2007-10-29,56.06,56.6,55.25,56.6,6970
2007-10-30,56.87,58.5,56.6,57.41,8124
2007-10-31,57.14,57.41,55.25,56.87,5294
2007-11-01,57.41,58.5,56.6,56.87,7871
2007-11-02,55.79,56.6,53.62,53.89,8064
2007-11-05,53.62,53.67,51.67,52.81,9273
2007-11-06,52.54,53.35,52.0,52.0,4693710
2007-11-07,53.35,53.35,52.27,52.27,4107640
2007-11-08,51.24,51.73,49.5,49.88,10783
2007-11-09,49.88,51.94,49.88,50.8,13111
2007-11-12,50.64,50.86,49.29,50.53,10467
2007-11-13,50.59,51.83,50.59,51.78,6089
2007-11-14,52.54,52.7,52.1,52.27,3565860
2007-11-15,52.27,52.54,52.21,52.48,2445220
2007-11-16,52.38,52.38,50.37,51.73,7063
2007-11-19,51.73,52.27,50.26,50.26,5691
2007-11-20,49.88,50.91,47.61,50.75,9620
2007-11-21,50.59,51.08,48.64,48.75,7151
2007-11-22,48.48,49.72,48.2,49.56,4127210
2007-11-23,49.56,49.67,48.2,48.2,2700660
2007-11-26,48.48,50.37,48.48,50.37,4842030
2007-11-27,49.02,50.7,48.75,50.37,5058
2007-11-28,50.37,50.48,48.69,48.75,5266
2007-11-29,49.4,49.56,48.48,49.45,4858510
2007-11-30,49.5,49.94,48.91,49.61,6023
2007-12-03,49.02,50.64,49.02,50.37,3986100
2007-12-04,49.56,51.35,49.56,50.86,2684180
2007-12-05,50.64,50.64,49.67,49.94,4652510
2007-12-06,50.48,51.08,50.37,50.86,2831470
2007-12-07,51.35,51.56,51.18,51.45,3353680
2007-12-10,51.45,51.83,51.35,51.4,2576030
2007-12-11,51.18,51.94,51.18,51.94,2030130
2007-12-12,51.45,51.83,50.59,51.83,2658430
2007-12-13,51.78,51.83,49.72,49.72,4128240
2007-12-14,50.37,50.7,49.29,50.37,4830700
2007-12-17,49.29,50.53,48.91,48.91,3683280
2007-12-18,48.91,50.59,48.91,49.61,4753450
2007-12-19,50.1,50.15,49.29,49.61,2858250
2007-12-20,49.67,49.88,48.91,49.34,3821300
2007-12-21,49.18,51.45,49.18,51.45,5074
2007-12-24,51.24,52.0,50.64,51.73,2790270
2007-12-25,51.45,51.78,51.35,51.67,1659330
2007-12-26,51.45,51.62,50.7,50.91,5842
2007-12-27,51.45,52.16,51.24,52.16,7785
2007-12-28,51.62,52.81,51.51,51.62,3400030
2007-12-31,52.16,52.54,51.78,52.54,2195960
2008-01-02,52.54,52.54,50.7,50.86,4785380
2008-01-03,50.1,51.51,49.83,50.37,7105
2008-01-04,50.37,50.37,49.4,49.83,7905
2008-01-07,49.29,49.99,49.02,49.13,8632
2008-01-08,49.83,49.99,49.29,49.99,3700790
2008-01-09,49.99,50.8,49.61,50.37,7695
2008-01-10,51.13,52.43,50.64,52.0,6696
2008-01-11,51.45,52.32,50.8,50.97,5127
2008-01-14,51.94,53.35,51.29,53.3,11471
2008-01-15,53.4,56.87,53.4,56.33,21352
2008-01-16,54.16,56.06,53.89,54.43,11433
2008-01-17,54.7,54.97,50.64,50.91,13547
2008-01-18,50.37,50.64,49.18,50.64,10694
2008-01-21,50.15,50.32,48.75,49.23,11879
2008-01-22,46.42,47.77,46.04,46.58,11208
2008-01-23,47.23,47.28,44.41,44.68,16475
2008-01-24,45.98,45.98,44.85,45.17,8402
2008-01-25,45.93,46.04,45.44,45.77,4476380
2008-01-28,45.77,46.04,44.41,44.41,4118970
2008-01-29,44.68,45.33,42.79,44.41,9305
2008-01-30,44.68,44.74,41.54,42.52,13757
2008-01-31,42.52,42.52,39.65,40.35,16656
2008-02-01,40.62,41.98,40.62,41.33,13906
2008-02-12,41.0,41.87,40.57,41.0,8382
2008-02-13,41.71,42.57,41.54,41.76,6415
2008-02-14,42.79,44.2,42.52,43.93,7757
2008-02-15,43.87,43.93,43.06,43.6,4723580
2008-02-18,43.87,44.85,43.71,44.3,5634
2008-02-19,44.68,44.79,44.14,44.79,4442390
2008-02-20,44.95,46.31,44.41,44.9,6882
2008-02-21,45.28,45.55,44.58,45.5,4901770
2008-02-22,45.28,45.28,44.47,44.95,4340420
2008-02-25,45.23,45.55,45.06,45.5,5701
2008-02-26,45.55,45.55,44.9,45.5,9752
2008-02-27,45.98,47.72,45.93,47.5,13642
2008-02-29,46.58,47.61,46.58,47.12,10964
2008-03-03,46.04,46.47,45.44,46.25,11698
2008-03-04,46.25,48.42,46.25,48.37,8710
2008-03-05,48.42,49.23,47.99,48.75,7899
2008-03-06,48.75,49.99,48.75,49.99,9435
2008-03-07,49.78,49.83,48.96,49.72,7389
2008-03-10,49.72,50.21,49.34,50.1,6480
2008-03-11,49.83,50.1,48.85,50.1,5845
2008-03-12,50.64,51.45,50.37,51.02,10144
2008-03-13,50.91,50.91,48.2,48.31,7903
2008-03-14,48.75,49.23,46.9,47.66,9840
2008-03-17,47.66,47.66,45.6,46.8,7071
2008-03-18,46.85,48.31,46.85,47.99,5413
2008-03-19,48.75,48.91,48.58,48.91,8196
2008-03-20,48.75,50.05,48.48,49.99,9667
2008-03-21,50.37,51.4,49.61,51.24,11410
2008-03-24,54.7,54.7,52.97,53.62,20388
2008-03-25,52.54,52.92,51.35,52.43,9965
2008-03-26,51.45,52.05,51.45,52.0,8641
2008-03-27,52.0,52.16,49.83,50.75,6252
2008-03-28,49.29,50.64,49.29,49.94,12461
2008-03-31,49.29,49.45,47.39,48.91,18126
2008-04-01,48.2,48.75,47.66,47.66,7908
2008-04-02,48.2,48.75,47.77,48.75,8000
2008-04-03,48.75,48.75,47.55,47.77,6270
2008-04-07,48.2,48.64,47.93,48.2,6790
2008-04-08,49.29,49.78,48.75,49.34,11020
2008-04-09,49.34,49.99,48.75,48.8,7461
2008-04-10,48.75,49.83,48.69,49.83,7139
2008-04-11,49.83,49.83,49.23,49.78,4456810
2008-04-14,49.83,49.94,49.07,49.67,6519
2008-04-15,49.83,49.88,49.18,49.67,4116910
2008-04-16,49.78,50.21,49.07,50.21,7202
2008-04-17,50.43,50.91,50.43,50.91,11043
2008-04-18,51.02,51.18,50.64,51.18,5195
2008-04-21,51.45,51.56,50.1,51.18,5687
2008-04-22,50.43,50.59,49.4,49.67,7517
2008-04-23,49.94,51.08,49.61,50.32,5306
2008-04-24,50.43,50.91,49.88,50.53,2320590
2008-04-25,50.91,50.91,49.99,50.37,2337070
2008-04-28,50.37,50.91,50.1,50.91,5793
2008-04-29,50.91,50.97,49.5,49.61,5284
2008-04-30,49.67,49.94,48.48,48.96,9329
2008-05-02,49.18,50.1,49.18,49.56,4761690
2008-05-05,49.83,49.99,48.75,49.56,4040690
2008-05-06,49.4,49.4,48.1,48.75,8256
2008-05-07,49.02,49.4,48.91,49.23,2538950
2008-05-08,49.29,49.34,48.48,49.34,6784
2008-05-09,49.29,49.34,48.75,48.85,3422690
2008-05-12,49.02,50.59,48.85,50.59,10956
2008-05-13,51.18,51.73,50.97,51.35,11604
2008-05-14,51.56,51.56,50.26,50.59,9181
2008-05-15,51.45,51.45,50.32,50.91,10831
2008-05-16,50.91,51.18,50.43,50.91,5772
2008-05-19,51.4,52.81,51.4,52.81,14216
2008-05-20,52.81,52.81,50.91,51.56,13212
2008-05-21,51.51,52.38,51.45,52.0,7294
2008-05-22,51.45,51.83,51.18,51.73,9772
2008-05-23,52.0,52.27,51.62,51.62,10153
2008-05-26,51.62,51.73,50.37,50.97,7038
2008-05-27,51.45,51.45,50.43,50.43,5770
2008-05-28,51.18,51.18,48.96,49.07,12493
2008-05-29,49.29,49.56,48.96,48.96,6392
2008-05-30,48.96,49.45,47.01,47.12,29180
2008-06-02,47.66,48.48,47.45,48.31,7583
2008-06-03,47.66,48.04,47.45,47.66,11512
2008-06-04,47.39,47.55,46.53,47.55,9030
2008-06-05,47.72,48.75,46.63,48.64,11013
2008-06-06,48.75,49.5,48.15,49.29,8803
2008-06-09,48.31,49.34,48.31,49.29,7152
2008-06-10,49.56,49.83,47.99,47.99,10934
2008-06-11,48.04,49.02,47.93,48.48,4784350
2008-06-12,48.26,49.02,48.26,48.48,7957
2008-06-13,48.8,49.02,47.93,48.75,9721
2008-06-16,49.4,49.56,49.07,49.4,9880
2008-06-17,49.4,50.26,49.34,50.15,18514
2008-06-18,50.04,50.86,50.04,50.27,16253
2008-06-19,49.81,49.98,48.7,49.05,11226
2008-06-20,49.52,49.57,46.6,46.6,15585
2008-06-23,45.79,46.02,45.09,45.44,8867
2008-06-24,45.67,46.25,45.44,45.44,4118970
2008-06-25,45.67,45.9,44.27,45.38,7291
2008-06-26,45.61,45.79,45.21,45.21,7450
2008-06-27,43.75,46.25,43.69,45.73,7217
2008-06-30,46.84,46.89,46.02,46.72,6499
2008-07-01,47.01,48.06,46.78,47.71,7728
2008-07-02,47.77,48.06,46.31,46.31,7987
2008-07-03,45.61,45.61,44.86,44.97,11918
2008-07-04,44.86,45.56,43.11,43.11,6281
2008-07-07,41.94,44.27,41.94,44.22,9224
2008-07-08,44.27,44.27,41.65,42.53,11373
2008-07-09,42.82,43.4,41.94,42.18,6810
2008-07-10,41.94,42.76,41.83,42.64,6311
2008-07-11,42.53,42.58,41.71,42.53,7436
2008-07-14,42.82,42.93,42.0,42.58,7910
2008-07-15,42.23,42.7,41.94,42.12,6722
2008-07-16,42.53,42.64,41.94,42.35,6727
2008-07-17,42.35,43.4,42.18,43.4,11047
2008-07-18,43.57,43.75,41.71,42.82,10428
2008-07-21,43.05,44.16,42.82,44.04,11480
2008-07-22,44.04,45.15,43.4,45.03,5639
2008-07-23,45.38,47.24,45.38,47.13,7929
2008-07-24,46.89,47.24,46.37,46.89,5965
2008-07-25,46.2,46.55,45.85,46.55,2945800
2008-07-28,46.55,46.55,46.55,46.55,0
2008-07-29,45.44,46.31,45.26,46.31,9292
2008-07-30,46.31,46.89,45.61,46.89,5371
2008-07-31,46.89,47.36,46.37,46.6,3947990
2008-08-01,46.02,46.6,46.02,46.49,4026270
2008-08-04,46.89,46.89,46.14,46.89,6308
2008-08-05,46.84,46.84,45.9,46.6,14380
2008-08-06,46.6,47.77,46.6,46.89,10907
2008-08-07,48.24,48.24,47.52,48.0,2787901
2008-08-08,46.2,46.6,45.96,46.37,5016
2008-08-11,46.37,46.55,45.96,46.55,9392
2008-08-12,46.08,46.49,45.73,46.49,9201
2008-08-13,46.08,46.55,45.96,46.55,3462860
2008-08-14,46.14,47.48,45.96,46.6,9404
2008-08-15,46.6,46.66,45.21,45.26,2702720
2008-08-18,45.15,45.61,43.92,44.27,4024210
2008-08-19,44.22,44.8,43.4,44.8,6356
2008-08-20,44.27,45.21,44.1,45.15,2551310
2008-08-21,43.81,44.91,43.81,44.86,3551440
2008-08-22,45.38,46.6,45.03,45.9,9082
2008-08-25,46.6,46.6,45.73,46.02,2026010
2008-08-26,45.44,45.44,43.28,43.69,10509
2008-08-27,43.69,43.69,42.7,43.22,5702
2008-08-28,43.11,44.27,43.11,43.63,6532
2008-08-29,44.22,44.56,43.87,44.33,2818080
2008-09-01,44.39,44.45,43.87,44.1,2036310
2008-09-02,43.87,43.92,43.22,43.92,5303
2008-09-03,43.46,43.87,43.28,43.81,3942840
2008-09-04,43.81,44.62,43.46,44.16,8842
2008-09-05,43.4,44.1,42.53,42.64,2852070
2008-09-08,43.4,44.22,43.11,43.69,1741730
2008-09-09,43.69,43.69,41.77,42.12,2904600
2008-09-10,43.63,43.63,42.23,42.23,3692550
2008-09-11,42.0,42.0,40.78,41.36,5972
2008-09-12,41.94,42.06,40.78,40.78,3194030
2008-09-15,40.55,40.72,39.9,40.37,3841900
2008-09-16,38.22,38.97,37.87,37.87,6029
2008-09-17,39.38,39.61,37.87,38.16,5596
2008-09-18,37.87,39.9,37.22,38.62,6611
2008-09-19,41.3,41.3,40.78,41.3,5287
2008-09-22,44.16,44.16,42.23,43.46,8070
2008-09-23,43.69,43.69,42.64,43.17,3320720
2008-09-24,43.11,43.4,42.64,43.05,1986870
2008-09-25,42.82,43.4,42.82,42.82,2055880
2008-09-26,42.82,42.99,42.35,42.93,3762590
2008-09-29,42.93,42.93,42.93,42.93,0
2008-09-30,39.96,43.22,39.96,42.93,6656
2008-10-01,45.9,45.9,43.52,44.56,8331
2008-10-02,41.48,45.03,41.48,44.56,3717270
2008-10-03,47.65,47.65,43.87,45.03,4540240
2008-10-06,48.18,48.18,43.17,44.91,7825
2008-10-07,48.0,48.0,43.69,44.22,4481530
2008-10-08,41.13,44.1,41.13,41.24,4030390
2008-10-09,38.39,43.4,38.39,41.89,5033
2008-10-13,40.43,44.8,40.43,41.13,4254930
2008-10-14,43.98,43.98,42.35,42.7,3454620
2008-10-15,45.67,45.67,41.83,42.53,3066310
2008-10-16,45.5,45.5,41.07,41.07,1958030
2008-10-17,43.92,43.92,39.67,41.19,3718300
2008-10-20,39.79,41.36,39.79,41.3,2311320
2008-10-21,44.16,44.16,41.65,42.82,5044
2008-10-22,45.79,45.79,42.23,42.88,2872670
2008-10-23,45.85,45.85,41.42,42.88,5189
2008-10-24,45.85,45.85,41.54,41.94,6535
2008-10-27,44.86,44.86,39.85,41.94,3933570
2008-10-28,44.86,44.86,39.9,41.94,7589
2008-10-29,44.86,44.86,41.36,41.94,5718
2008-10-30,39.03,44.86,39.03,44.86,7918
2008-10-31,41.77,45.44,41.77,44.27,5864
2008-11-03,47.36,47.36,43.46,45.44,6376
2008-11-04,48.58,48.58,44.56,45.56,3642080
2008-11-05,48.7,48.7,43.87,44.16,5459
2008-11-06,41.07,43.11,41.07,41.65,4967690
2008-11-07,44.56,44.56,40.2,41.77,5126
2008-11-10,38.86,42.35,38.86,42.12,2612080
2008-11-11,39.21,42.53,39.21,42.12,2785120
2008-11-12,39.21,42.12,39.21,42.12,6763
2008-11-13,45.03,45.03,40.08,41.94,7111
2008-11-14,39.03,42.0,39.03,41.94,4359990
2008-11-17,39.03,42.0,39.03,41.94,4036570
2008-11-18,39.03,42.0,39.03,41.94,6406
2008-11-19,39.03,41.94,39.03,41.94,8278
2008-11-20,39.03,41.36,39.03,40.78,6138
2008-11-21,37.92,41.36,37.92,40.2,16950
2008-11-24,37.4,40.2,37.4,40.2,10947
2008-11-25,42.99,42.99,39.32,39.61,5451
2008-11-26,42.35,42.35,39.03,39.9,3648260
2008-11-27,42.64,42.64,39.61,40.72,10117
2008-11-28,40.72,41.01,40.31,40.72,8652
2008-12-01,43.52,43.52,40.2,40.72,5297
2008-12-02,43.52,43.52,38.86,40.72,10685
2008-12-03,43.52,43.52,39.67,40.72,8421
2008-12-04,43.52,43.52,40.02,40.66,6340
2008-12-05,43.46,43.46,40.02,40.31,6095
2008-12-08,40.31,43.11,40.2,40.25,5459
2008-12-09,37.46,40.37,37.46,39.44,5516
2008-12-10,42.18,42.18,38.45,38.91,6972
2008-12-11,41.59,41.59,38.16,38.97,8554
2008-12-12,41.65,41.65,37.81,38.97,6622
2008-12-15,41.65,41.65,38.74,38.91,4795680
2008-12-16,41.59,41.59,37.87,38.86,7140
2008-12-17,36.18,39.38,36.18,38.68,12630
2008-12-18,36.0,39.5,36.0,39.44,5227
2008-12-19,42.18,42.18,42.18,42.18,14557
2008-12-22,45.09,45.09,40.2,40.2,6585
2008-12-23,40.2,41.65,39.85,39.9,3148710
2008-12-24,42.64,42.64,38.86,39.32,2451400
2008-12-25,36.58,39.38,36.58,38.91,954810
2008-12-26,41.59,41.59,38.8,38.91,1440970
2008-12-29,36.23,39.26,36.23,38.86,1135060
2008-12-30,36.18,39.96,36.18,39.5,2137250
2008-12-31,39.5,40.08,39.26,39.5,2033220
2009-01-02,39.5,39.5,39.5,39.5,0
2009-01-05,39.5,40.84,39.5,39.73,2218620
2009-01-06,36.99,40.89,36.99,40.66,3449470
2009-01-07,40.66,41.65,40.66,40.89,4389860
2009-01-08,43.69,43.69,39.03,39.03,4827610
2009-01-09,36.35,39.21,36.35,38.74,2090900
2009-01-12,40.72,40.72,37.75,37.87,3785250
2009-01-13,35.54,37.87,35.54,37.75,2949920
2009-01-14,40.37,40.37,37.28,37.28,3455650
2009-01-15,37.28,37.28,34.78,35.24,7794
2009-01-16,37.69,37.69,34.31,34.37,4927520
2009-01-19,35.3,35.65,34.49,34.49,2456550
2009-01-20,36.88,36.88,33.15,33.15,4713280
2009-01-21,35.42,35.42,32.16,33.21,3645170
2009-02-02,35.48,35.48,32.45,32.45,3821300
2009-02-03,34.66,34.66,32.62,33.09,3134290
2009-02-04,30.82,34.02,30.82,33.5,2315440
2009-02-05,35.83,35.83,32.91,33.09,2584270
2009-02-06,35.36,35.36,33.21,33.5,3423720
2009-02-09,31.17,34.54,31.17,33.79,4314670
2009-02-10,36.12,36.12,33.79,34.49,5158
2009-02-11,36.88,36.88,34.08,34.84,3976830
2009-02-12,34.84,34.89,33.85,34.66,3976830
2009-02-13,32.27,35.07,32.27,35.07,3782160
2009-02-16,32.62,35.13,32.62,35.13,2394750
2009-02-17,32.68,37.57,32.68,35.07,2974640
2009-02-18,32.62,35.77,32.62,35.24,9766
2009-02-19,37.69,37.69,34.31,34.37,4039660
2009-02-20,36.76,36.76,33.44,33.44,5475
2009-02-23,33.44,35.77,32.8,33.32,1732460
2009-02-24,35.65,35.65,30.99,32.8,3882070
2009-02-25,35.07,35.07,32.97,33.21,2063090
2009-02-26,30.93,33.55,30.93,33.5,2715080
2009-02-27,31.17,33.61,31.17,33.5,2661520
2009-03-02,35.83,35.83,32.74,32.91,3070430
2009-03-03,30.64,33.15,30.64,32.8,5458
2009-03-04,35.07,35.07,32.33,33.32,9787
2009-03-05,35.65,35.65,33.21,33.61,3371190
2009-03-06,35.94,35.94,32.97,33.09,2444190
2009-03-09,35.36,35.36,33.03,33.21,2012620
2009-03-10,35.48,35.48,33.32,33.55,1652120
2009-03-11,35.88,35.88,34.49,35.19,8284
2009-03-12,37.63,37.63,34.43,34.72,5046
2009-03-13,37.11,37.11,32.33,35.94,7482
2009-03-16,38.45,38.45,35.3,36.99,6515
2009-03-17,39.55,39.55,36.47,38.68,8315
2009-03-18,36.0,39.61,36.0,38.97,6698
2009-03-19,36.29,39.32,36.29,37.75,5683
2009-03-20,40.37,40.37,37.75,37.92,3869710
2009-03-23,37.92,39.15,37.92,38.56,4508310
2009-03-24,38.56,39.5,38.56,39.44,3417540
2009-03-25,36.7,40.08,36.7,40.02,4433120
2009-03-26,42.82,42.82,39.9,40.78,4518610
2009-03-27,37.92,40.78,37.92,40.78,4441360
2009-03-30,37.92,40.43,37.92,39.5,4077770
2009-03-31,36.76,39.61,36.76,39.09,2905630
2009-04-02,36.12,40.78,36.12,40.43,6861
2009-04-03,37.63,41.01,37.63,39.9,3154890
2009-04-06,42.64,42.64,39.38,39.85,4546420
2009-04-07,42.58,42.58,39.38,39.73,2430800
2009-04-08,36.99,40.14,36.99,39.55,5434
2009-04-09,37.87,41.07,37.87,40.89,6098
2009-04-10,38.04,43.4,38.04,43.4,8246
2009-04-13,40.37,43.75,40.37,43.69,4733880
2009-04-14,46.72,46.72,42.35,43.69,9656
2009-04-15,40.66,43.57,40.66,43.05,3511270
2009-04-16,46.02,46.02,43.57,44.27,5234
2009-04-17,41.19,45.26,41.19,43.92,5585
2009-04-20,40.89,44.22,40.89,43.87,4490800
2009-04-21,43.87,43.87,40.84,43.4,5778
2009-04-22,46.43,46.43,42.53,43.11,3770830
2009-04-23,40.14,42.99,40.14,42.53,5378
2009-04-24,39.55,43.63,39.55,42.58,4792590
2009-04-27,40.78,42.7,40.78,42.12,4482560
2009-04-28,39.21,43.05,39.21,41.24,5447
2009-04-29,38.39,42.47,38.39,41.89,4327030
2009-04-30,38.97,44.8,38.97,44.8,4584530
2009-05-04,41.71,47.89,41.71,47.89,5192
2009-05-05,44.56,51.21,44.56,48.0,13282
2009-05-06,51.32,51.32,47.71,48.0,6305
2009-05-07,44.68,48.58,44.68,48.0,7418
2009-05-08,51.32,51.32,48.06,48.93,6098
2009-05-11,52.31,52.31,45.56,48.76,5453
2009-05-12,45.38,48.7,45.38,48.7,4062320
2009-05-13,48.7,48.88,48.12,48.41,3003480
2009-05-14,45.03,48.06,45.03,48.06,5767
2009-05-15,44.74,47.89,44.74,47.48,5669
2009-05-18,47.48,47.48,46.14,46.6,5490
2009-05-19,46.6,48.06,46.6,47.07,6443
2009-05-20,47.07,47.3,46.31,47.3,7533
2009-05-21,47.3,47.3,46.31,46.31,13110
2009-05-22,43.11,46.6,43.11,46.6,7319
2009-05-25,49.87,49.87,46.6,46.78,6644
2009-05-26,46.78,50.04,46.6,48.12,6770
2009-05-27,48.12,48.58,47.59,47.77,5338
2009-06-01,44.45,48.93,44.45,48.06,4384710
2009-06-02,48.06,48.41,47.19,47.24,2373120
2009-06-03,50.51,50.51,47.19,48.41,3624570
2009-06-04,51.79,51.79,46.78,47.77,2690360
2009-06-05,51.09,51.09,46.55,46.78,2339130
2009-06-08,43.52,46.78,43.52,46.02,3114720
2009-06-09,49.23,49.23,45.96,46.89,5900
2009-06-10,46.89,50.16,46.49,47.24,2421530
2009-06-11,47.71,47.77,45.9,47.77,4098370
2009-06-12,47.77,47.77,46.14,46.25,6289
2009-06-15,46.02,46.37,45.44,45.9,1916830
2009-06-16,45.9,46.25,45.38,45.96,1640790
2009-06-17,45.96,46.08,45.73,45.96,1910650
2009-06-18,46.49,46.49,45.09,45.15,2020860
2009-06-19,45.9,45.9,44.56,44.91,1916830
2009-06-22,44.8,45.44,44.27,45.44,2163000
2009-06-23,44.56,44.56,43.46,43.46,3061160
2009-06-24,43.46,46.49,42.35,44.91,5383
2009-06-25,44.56,45.38,44.22,45.15,2717140
2009-06-26,45.38,45.44,44.91,44.91,1923010
2009-06-29,45.44,45.5,44.33,44.62,1916830
2009-06-30,45.38,45.67,44.62,45.56,7144
2009-07-01,45.61,47.54,45.56,46.95,3497880
2009-07-02,47.07,47.36,46.89,47.36,1417280
2009-07-03,47.19,47.19,46.55,46.84,2174330
2009-07-06,46.89,47.13,45.73,46.02,3712120
2009-07-07,46.45,47.18,45.96,46.88,3708000
2009-07-08,46.88,46.88,46.33,46.33,3547000
2009-07-09,46.33,47.61,46.33,46.81,1786000
2009-07-10,47.24,47.24,46.39,47.12,4802000
2009-07-13,46.69,47.67,45.05,45.72,2416000
2009-07-14,45.78,46.2,45.41,45.72,1722000
2009-07-15,45.78,47.79,45.78,47.36,3421000
2009-07-16,47.85,47.97,46.81,46.94,1670000
2009-07-17,46.94,47.55,46.63,47.18,2320000
2009-07-20,47.18,48.34,47.0,47.91,2680000
2009-07-21,48.22,48.83,48.22,48.58,2089000
2009-07-22,48.76,49.25,48.09,48.76,1645000
2009-07-23,47.67,48.83,47.67,48.52,1903000
2009-07-24,48.76,48.83,48.16,48.52,1297000
2009-07-27,48.52,49.01,48.4,48.76,1327000
2009-07-28,47.48,48.76,47.48,48.58,1918000
2009-07-29,48.58,48.58,48.16,48.52,1380000
2009-07-30,48.34,48.34,47.12,47.12,3155000
2009-07-31,47.18,47.48,46.45,46.63,4047000
2009-08-03,46.33,46.45,45.78,46.45,4521000
2009-08-04,47.12,47.3,45.72,46.2,4826000
2009-08-05,46.33,46.75,45.78,46.08,1993000
2009-08-06,46.2,46.2,45.66,45.96,1572000
2009-08-07,45.96,45.96,45.96,45.96,0
2009-08-10,45.96,46.33,45.84,46.33,1862000
2009-08-11,46.33,46.75,45.9,46.69,1247000
2009-08-12,46.81,46.81,46.02,46.33,1447000
2009-08-13,46.69,47.36,46.33,47.18,2784000
2009-08-14,47.18,48.28,47.18,48.28,3439000
2009-08-17,48.09,48.09,46.39,47.3,2634000
2009-08-18,46.63,47.55,46.63,47.55,3320000
2009-08-19,47.85,47.91,47.12,47.24,2442000
2009-08-20,47.55,47.55,46.69,47.24,1458000
2009-08-21,47.06,47.73,47.06,47.36,2775000
2009-08-24,48.09,48.34,47.42,48.09,2777000
2009-08-25,48.28,48.28,47.97,48.28,1903000
2009-08-26,47.97,48.09,47.36,47.85,2414000
2009-08-27,47.55,48.09,47.42,47.73,1851000
2009-08-28,47.73,48.46,47.42,48.09,2310000
2009-08-31,48.09,48.09,47.42,47.67,2563000
2009-09-01,47.55,48.7,47.12,48.7,2720000
2009-09-02,48.52,48.64,48.09,48.64,1471000
2009-09-03,48.58,48.76,48.16,48.76,2654000
2009-09-04,48.76,48.76,48.34,48.76,2444000
2009-09-07,48.64,48.95,48.46,48.76,1629000
2009-09-08,48.4,49.98,48.4,49.98,4690000
2009-09-09,50.04,50.29,49.8,50.17,3343000
2009-09-10,50.59,51.57,50.23,51.14,13779
2009-09-11,51.02,51.45,50.59,51.2,3842000
2009-09-14,51.2,51.2,49.44,50.29,2515000
2009-09-15,50.35,51.57,50.29,51.51,3927000
2009-09-16,52.12,53.15,51.57,52.91,6271
2009-09-17,52.91,52.91,52.18,52.73,3812000
2009-09-18,52.54,52.97,52.24,52.97,4569000
2009-09-21,52.73,52.73,50.65,52.67,4223000
2009-09-22,52.54,52.54,51.81,52.3,1558000
2009-09-23,52.0,52.3,50.72,51.08,1941000
2009-09-24,50.35,51.69,50.35,51.02,1220000
2009-09-25,51.2,51.2,49.98,49.98,2305000
2009-09-28,50.04,51.14,49.86,51.08,1161000
2009-09-29,51.69,51.81,51.2,51.63,2021000
2009-09-30,51.81,52.36,51.08,51.32,1784000
2009-10-01,52.06,52.06,51.2,51.51,1216000
2009-10-02,50.84,51.32,49.98,50.04,2187000
2009-10-05,50.11,50.11,49.07,50.04,1929000
2009-10-06,50.04,50.78,49.5,50.23,2458000
2009-10-07,50.59,50.84,49.98,50.53,1356000
2009-10-08,50.9,51.69,50.59,51.02,3589000
2009-10-09,51.2,51.51,50.47,50.84,1412000
2009-10-12,50.41,50.9,49.98,50.53,2330000
2009-10-13,49.74,50.41,49.44,50.41,2863000
2009-10-14,50.41,51.51,50.41,51.45,2382000
2009-10-15,51.57,52.36,51.45,52.18,4102000
2009-10-16,52.42,52.42,51.57,52.06,1668000
2009-10-19,50.78,52.24,50.78,52.12,2001000
2009-10-20,52.12,52.42,51.32,51.45,1671000
2009-10-21,51.2,51.51,50.47,50.59,2664000
2009-10-22,50.35,51.39,49.86,51.02,2768000
2009-10-23,51.02,51.02,50.11,50.23,2012000
2009-10-26,50.47,51.2,50.35,50.78,1725000
2009-10-27,50.78,50.78,49.86,50.17,2002000
2009-10-28,50.04,50.11,49.56,49.68,3094000
2009-10-29,49.44,50.35,49.07,49.13,2604000
2009-10-30,50.17,50.17,48.76,48.76,3071000
2009-11-02,48.7,48.76,47.73,48.58,2755000
2009-11-03,48.76,48.89,47.91,48.09,2624000
2009-11-04,48.34,48.52,47.97,48.16,2289000
2009-11-05,48.28,48.34,47.61,47.97,2122000
2009-11-06,48.4,48.7,47.91,48.09,1932000
2009-11-09,48.58,49.31,48.52,49.25,2247000
2009-11-10,49.62,49.8,49.5,49.68,1606000
2009-11-11,49.68,50.72,49.19,50.59,2610000
2009-11-12,50.65,50.9,50.41,50.59,1223000
2009-11-13,50.35,51.2,50.11,50.47,2561000
2009-11-16,50.59,51.2,49.25,51.2,5634
2009-11-17,51.69,51.81,51.02,51.26,3296000
2009-11-18,51.51,52.67,50.9,51.93,5747
2009-11-19,52.12,52.12,51.32,51.57,1342000
2009-11-20,51.39,51.39,49.86,50.47,4086000
2009-11-23,50.47,50.78,50.17,50.78,879000
2009-11-24,50.84,50.96,50.35,50.84,919000
2009-11-25,50.84,51.51,50.47,50.9,2287000
2009-11-26,50.96,51.57,50.84,51.02,1074000
2009-11-27,50.47,50.47,49.37,49.37,3309000
2009-11-30,49.37,49.98,49.37,49.62,1864000
2009-12-01,49.98,49.98,49.01,49.98,2541000
2009-12-02,50.41,50.53,49.68,49.98,1141000
2009-12-03,50.23,50.29,49.74,50.23,1365000
2009-12-04,50.29,50.53,49.8,49.8,987000
2009-12-07,49.8,50.29,49.44,49.92,1932000
2009-12-08,50.17,50.23,49.8,50.04,1902000
2009-12-09,49.98,49.98,49.62,49.62,1257000
2009-12-10,49.74,49.74,48.46,48.76,4133000
2009-12-11,48.76,49.68,48.52,49.68,2136000
2009-12-14,48.89,50.11,48.76,49.74,1748000
2009-12-15,49.37,49.86,49.37,49.8,1186000
2009-12-16,49.8,49.8,49.01,49.13,2052000
2009-12-17,49.5,49.74,49.01,49.5,2186000
2009-12-18,49.13,49.74,48.89,49.74,1540000
2009-12-21,49.74,49.98,49.56,49.74,997000
2009-12-22,50.04,50.04,49.44,49.98,1003000
2009-12-23,49.74,49.98,49.25,49.8,683000
2009-12-24,49.86,50.23,49.8,50.23,1743000
2009-12-25,50.41,50.47,49.98,49.98,757000
2009-12-28,49.98,50.65,49.98,50.59,2277000
2009-12-29,50.84,50.84,49.86,49.98,1521000
2009-12-30,50.53,50.59,49.86,50.17,2081000
2009-12-31,49.98,50.65,49.8,50.23,1997000
2010-01-04,50.23,50.72,49.86,50.23,1251000
2010-01-05,51.2,51.2,50.23,50.59,2862000
2010-01-06,50.59,51.75,50.29,51.69,3903000
2010-01-07,51.63,52.3,51.39,52.12,4334000
2010-01-08,52.18,52.97,52.06,52.24,4936000
2010-01-11,52.24,52.85,51.93,52.73,2753000
2010-01-12,52.42,52.42,51.69,52.42,1984000
2010-01-13,52.12,52.12,50.9,51.32,1879000
2010-01-14,51.32,51.57,50.53,51.2,2166000
2010-01-15,51.2,51.32,50.9,51.2,1157000
2010-01-18,50.65,51.2,50.53,50.96,1579000
2010-01-19,51.2,51.2,50.41,50.59,1206000
2010-01-20,51.14,51.32,50.29,51.32,1796000
2010-01-21,51.2,51.57,50.78,51.26,1662000
2010-01-22,50.78,51.02,50.29,50.47,2033000
2010-01-25,50.11,50.17,49.68,49.98,1573000
2010-01-26,50.29,50.29,48.76,48.95,3624000
2010-01-27,48.95,49.31,48.76,49.31,1291000
2010-01-28,49.62,49.86,49.31,49.31,1425000
2010-01-29,49.37,49.68,48.52,49.07,3063000
2010-02-01,49.37,49.62,48.34,49.37,1758000
2010-02-02,49.5,49.62,47.55,47.97,3721000
2010-02-03,48.64,48.64,47.55,48.22,1903000
2010-02-04,48.52,48.64,47.67,48.03,1941000
2010-02-05,47.91,47.91,47.3,47.67,3498000
2010-02-08,48.76,48.89,47.91,48.16,3134000
2010-02-09,48.28,48.58,47.73,48.4,1166000
2010-02-10,48.34,48.46,47.73,48.03,1779000
2010-02-22,49.07,49.98,48.58,49.8,2359000
2010-02-23,50.11,50.11,49.68,50.04,1577000
2010-02-24,49.68,49.98,49.25,49.98,1584000
2010-02-25,49.98,49.98,48.76,48.76,2642000
2010-02-26,49.25,49.5,48.76,49.5,855000
2010-03-01,49.68,49.98,48.76,49.5,2968000
2010-03-02,49.74,49.86,49.31,49.74,1293000
2010-03-03,49.37,49.86,49.37,49.68,374000
2010-03-04,49.68,49.98,48.4,49.01,2236000
2010-03-05,49.56,49.86,49.19,49.8,1757000
2010-03-08,50.17,50.53,49.68,49.8,1312000
2010-03-09,49.98,50.04,49.74,49.98,958000
2010-03-10,50.29,50.29,49.86,50.29,1569000
2010-03-11,50.59,50.59,49.86,49.92,891000
2010-03-12,49.98,50.23,49.8,50.23,1483000
2010-03-15,50.23,50.29,49.31,49.31,1108000
2010-03-16,49.68,50.17,49.19,50.17,1216000
2010-03-17,50.29,52.6,50.11,51.93,9153
2010-03-18,51.81,51.93,51.02,51.57,4515000
2010-03-19,51.75,51.75,50.65,50.9,2582000
2010-03-22,50.72,50.9,49.98,50.23,2256000
2010-03-23,50.29,50.29,49.68,49.86,1617000
2010-03-24,50.29,50.35,49.86,49.92,1928000
2010-03-25,50.11,51.08,49.56,50.35,2674000
2010-03-26,50.17,50.53,49.5,50.35,2462000
2010-03-29,50.53,51.75,50.47,51.57,3281000
2010-03-30,51.57,51.57,50.96,51.45,1513000
2010-03-31,51.45,51.45,50.59,51.02,1384000
2010-04-01,51.45,51.93,51.2,51.93,6007
2010-04-02,51.93,51.93,51.26,51.81,2518000
2010-04-06,51.87,52.48,51.75,52.18,6569
2010-04-07,52.18,52.42,52.06,52.36,3444000
2010-04-08,52.42,52.54,52.12,52.3,2390000
2010-04-09,52.3,52.42,52.12,52.42,2436000
2010-04-12,52.42,52.48,51.39,52.06,3130000
2010-04-13,52.0,52.0,51.2,51.57,1136000
2010-04-14,51.87,51.87,51.32,51.57,945000
2010-04-15,51.87,52.12,51.45,52.06,1847000
2010-04-16,51.81,51.81,50.9,51.02,2067000
2010-04-19,50.59,50.9,50.17,50.35,1790000
2010-04-20,50.47,50.47,49.86,49.86,2578000
2010-04-21,49.86,50.47,49.74,49.86,3924000
2010-04-22,49.74,49.86,49.25,49.86,3408000
2010-04-23,49.86,49.86,49.37,49.8,2469000
2010-04-26,49.86,51.26,49.86,51.26,2909000
2010-04-27,51.2,51.2,50.59,50.84,677000
2010-04-28,49.98,50.47,49.98,49.98,2688000
2010-04-29,50.23,50.23,49.74,49.98,2552000
2010-04-30,49.98,50.84,49.92,50.47,2858000
2010-05-03,50.47,50.47,49.98,50.41,1064000
2010-05-04,50.41,50.41,49.5,50.04,1634000
2010-05-05,49.13,49.44,48.83,49.13,4477000
2010-05-06,49.13,49.13,48.83,48.95,3797000
2010-05-07,48.03,49.37,48.03,48.83,3343000
2010-05-10,49.13,49.13,48.46,48.83,4121000
2010-05-11,49.25,49.25,48.64,48.83,5659
2010-05-12,49.19,49.19,48.83,48.89,1839000
2010-05-13,49.31,49.92,48.83,49.8,1908000
2010-05-14,49.56,49.8,49.37,49.8,857000
2010-05-17,49.37,49.62,48.76,49.31,1299000
2010-05-18,49.31,49.98,49.19,49.98,2749000
2010-05-19,49.37,49.98,49.07,49.37,3707000
2010-05-20,49.31,49.31,48.46,48.64,3423000
2010-05-21,48.16,48.64,47.06,47.91,4086000
2010-05-24,47.91,48.4,47.61,47.91,2419000
2010-05-25,47.48,47.48,45.72,46.33,4470000
2010-05-26,46.63,46.88,45.11,45.35,7033
2010-05-27,45.6,46.63,45.17,46.2,1490000
2010-05-28,47.24,47.24,45.66,45.96,3362000
2010-05-31,46.94,47.36,46.14,47.36,2294000
2010-06-01,46.94,46.94,45.96,46.14,2370000
2010-06-02,46.02,46.51,45.41,45.9,2492000
2010-06-03,46.51,47.18,45.9,47.0,2594000
2010-06-04,47.24,47.24,46.69,46.94,1057000
2010-06-07,46.08,46.33,45.11,45.96,2729000
2010-06-08,46.14,46.33,45.53,46.08,1612000
2010-06-09,46.2,46.2,45.72,45.72,1788000
2010-06-10,46.27,46.57,45.72,46.2,1402000
2010-06-11,46.63,47.48,46.39,47.36,2595000
2010-06-14,47.36,48.28,47.24,48.22,1545000
2010-06-15,48.16,49.92,47.91,49.5,3192000
2010-06-17,49.5,50.72,49.5,50.29,5304
2010-06-18,50.17,50.17,49.01,49.56,1957000
2010-06-21,50.04,50.11,49.07,49.92,2844000
2010-06-22,49.98,49.98,49.37,49.56,1238000
2010-06-23,49.56,49.56,49.07,49.07,703000
2010-06-24,49.25,49.25,48.83,48.83,988000
2010-06-25,48.52,48.58,47.36,47.42,2866000
2010-06-28,47.73,48.28,47.3,48.28,1919000
2010-06-29,48.52,48.76,47.67,47.97,2409000
2010-06-30,47.24,47.61,46.69,47.48,3449000
2010-07-01,47.36,47.36,46.63,46.69,1399000
2010-07-02,47.3,48.28,46.81,47.85,3224000
2010-07-05,47.85,48.4,47.55,48.4,2783000
2010-07-06,48.03,49.19,47.85,49.07,6616
2010-07-07,49.39,49.77,48.17,48.49,6346
2010-07-08,48.62,49.01,48.49,49.01,2479000
2010-07-09,49.39,49.39,48.69,48.88,1298000
2010-07-12,49.01,49.45,48.62,48.88,2686000
2010-07-13,48.88,48.88,48.62,48.75,706000
2010-07-14,49.01,49.77,48.88,49.77,2789000
2010-07-15,49.77,49.77,49.2,49.65,1485000
2010-07-16,49.45,49.77,49.13,49.39,1505000
2010-07-19,49.07,49.52,49.07,49.26,1337000
2010-07-20,49.26,50.16,49.07,49.9,2441000
2010-07-21,49.9,49.9,49.58,49.77,1736000
2010-07-22,49.65,49.65,49.2,49.2,1187000
2010-07-23,49.39,49.65,49.2,49.45,4111000
2010-07-26,47.34,49.01,47.34,48.62,3374000
2010-07-27,47.98,48.17,47.6,47.73,3719000
2010-07-28,47.47,48.62,47.47,48.49,2770000
2010-07-29,48.37,48.49,47.85,48.3,2249000
2010-07-30,48.05,48.05,47.6,47.6,3012000
2010-08-02,47.6,48.24,47.34,48.24,4785000
2010-08-03,48.24,48.62,47.92,48.56,2981000
2010-08-04,48.49,48.56,48.17,48.49,2563000
2010-08-05,48.43,48.49,48.17,48.49,2159000
2010-08-06,48.49,48.94,48.37,48.69,2850000
2010-08-09,48.62,49.13,48.62,48.81,2153000
2010-08-10,48.88,48.94,48.62,48.62,1928000
2010-08-11,48.62,48.62,48.11,48.62,1767000
2010-08-12,48.17,48.49,47.85,47.98,1151000
2010-08-13,47.98,47.98,47.6,47.98,2114000
2010-08-16,47.98,47.98,47.66,47.98,1007000
2010-08-17,47.98,47.98,47.66,47.66,1928000
2010-08-18,47.66,47.92,47.21,47.47,3848000
2010-08-19,47.34,47.47,47.21,47.28,2299000
2010-08-20,47.21,47.21,47.02,47.21,949000
2010-08-23,47.21,47.21,46.96,47.21,2939000
2010-08-24,47.21,47.21,46.96,46.96,2430000
2010-08-25,46.7,46.7,45.55,45.74,5527
2010-08-26,45.61,45.74,45.42,45.61,2423000
2010-08-27,45.55,45.81,45.42,45.81,2589000
2010-08-30,46.19,46.7,46.0,46.13,1611000
2010-08-31,46.64,46.64,45.74,46.0,2268000
2010-09-01,46.38,46.96,46.0,46.96,2008000
2010-09-02,47.47,47.85,47.15,47.53,2795000
2010-09-03,47.53,47.85,47.09,47.47,3127000
2010-09-06,47.6,47.85,47.53,47.79,2033000
2010-09-07,47.98,48.62,47.85,48.56,2615000
2010-09-08,47.98,48.62,47.98,48.62,2084000
2010-09-09,48.69,48.81,48.11,48.17,792000
2010-09-10,48.49,48.62,48.17,48.62,1930000
2010-09-13,48.75,49.97,48.62,49.97,5202
2010-09-14,49.97,50.16,49.33,50.16,2623000
2010-09-15,49.97,50.48,49.39,50.35,4934000
2010-09-16,50.35,50.73,49.33,49.33,4662000
2010-09-17,49.71,50.09,49.01,49.39,5903
2010-09-20,48.94,49.9,48.94,49.71,653000
2010-09-21,49.9,49.97,49.71,49.97,1066000
2010-09-23,49.97,50.67,49.71,50.22,2346000
2010-09-24,50.09,50.67,49.9,50.54,3035000
2010-09-27,50.8,51.24,50.35,50.92,4266000
2010-09-28,50.73,51.24,50.73,51.18,3707000
2010-09-29,51.18,51.76,51.05,51.63,3794000
2010-09-30,51.31,51.63,51.31,51.5,2151000
2010-10-01,51.37,51.76,51.24,51.76,2619000
2010-10-04,51.24,51.76,50.92,51.69,2889000
2010-10-05,51.31,51.69,51.05,51.69,2815000
2010-10-06,51.76,52.01,51.44,51.69,3806000
2010-10-07,51.56,51.82,51.31,51.82,2743000
2010-10-08,51.82,52.4,51.5,52.4,3144000
2010-10-11,52.4,52.4,51.69,52.01,3584000
2010-10-12,51.69,51.95,51.05,51.82,4595000
2010-10-13,51.82,52.4,51.37,52.08,11104
2010-10-14,52.01,53.61,51.95,52.4,9424
2010-10-15,52.4,52.72,52.08,52.4,2130000
2010-10-18,52.33,52.46,51.76,52.33,3203000
2010-10-19,52.27,52.33,51.44,51.95,2485000
2010-10-20,51.56,51.76,50.73,51.37,2138000
2010-10-21,50.86,51.37,50.86,50.99,1594000
2010-10-22,50.99,51.37,50.86,50.99,1457000
2010-10-25,51.5,53.29,51.37,53.29,3788000
2010-10-26,53.61,53.93,53.23,53.55,2320000
2010-10-27,53.55,53.61,53.04,53.04,1250000
2010-10-28,53.1,54.12,52.65,53.87,3356000
2010-10-29,53.87,53.87,52.97,53.29,822000
2010-11-01,53.36,55.66,53.36,54.7,5787
2010-11-02,54.57,55.6,54.06,55.4,3376000
2010-11-03,55.4,55.91,54.25,54.83,4226000
2010-11-04,54.76,55.28,54.25,54.64,2592000
2010-11-05,55.34,55.98,55.02,55.66,4879000
2010-11-08,55.66,55.98,55.28,55.28,2161000
2010-11-09,55.28,55.34,54.38,55.08,2740000
2010-11-10,54.38,55.02,54.38,54.7,2023000
2010-11-11,54.06,54.96,53.74,54.7,2895000
2010-11-12,54.06,54.38,53.42,53.74,1993000
2010-11-15,53.48,53.48,52.2,52.46,2304000
2010-11-16,53.04,55.02,52.65,54.38,3073000
2010-11-17,53.74,54.32,53.48,53.74,2455000
2010-11-18,54.12,54.12,53.61,54.0,1157000
2010-11-19,54.38,54.38,53.36,53.93,1858000
2010-11-22,53.93,54.06,53.74,53.8,1233000
2010-11-23,53.74,53.87,53.48,53.87,2077000
2010-11-24,53.1,54.57,53.1,54.51,2745000
2010-11-25,54.57,54.57,53.68,53.74,1697000
2010-11-26,53.8,53.93,53.42,53.68,1192000
2010-11-29,54.25,54.25,53.29,53.87,1853000
2010-11-30,53.36,54.32,53.29,54.0,2528000
2010-12-01,54.38,54.89,54.19,54.76,2286000
2010-12-02,55.02,55.91,54.89,55.66,6180
2010-12-03,55.79,55.91,55.34,55.66,2636000
2010-12-06,55.98,57.58,55.85,56.94,7333
2010-12-07,57.58,58.28,57.0,57.71,5859
2010-12-08,57.58,57.71,56.11,57.39,3219000
2010-12-09,58.03,58.86,57.71,58.22,4341000
2010-12-10,58.22,58.22,57.19,57.26,1618000
2010-12-13,57.26,57.58,56.62,56.75,1655000
2010-12-14,56.94,58.54,56.55,57.77,3043000
2010-12-15,58.22,58.22,57.0,58.22,3092000
2010-12-16,58.54,58.73,57.64,57.77,2499000
2010-12-17,57.9,58.47,57.64,58.41,2300000
2010-12-20,58.54,58.67,57.83,58.22,1501000
2010-12-21,58.22,58.86,57.96,58.86,1746000
2010-12-22,58.6,59.24,58.6,58.92,2260000
2010-12-23,58.99,60.78,58.28,60.52,4863000
2010-12-24,60.46,60.52,59.69,60.14,1594000
2010-12-27,59.75,62.7,59.5,62.06,4048000
2010-12-28,62.18,62.18,61.22,61.74,1762000
2010-12-29,61.67,62.38,61.03,62.06,1822000
2010-12-30,62.06,63.02,61.54,63.02,3424000
2010-12-31,62.95,63.4,62.7,63.27,2764000
2011-01-03,63.02,63.78,62.82,62.95,4097000
2011-01-04,62.89,62.89,61.74,61.93,1580000
2011-01-05,61.93,62.57,60.01,60.59,3241000
2011-01-06,60.14,60.46,59.82,60.07,3092000
2011-01-07,60.07,60.14,58.15,59.05,3625000
2011-01-10,58.86,58.86,57.71,58.28,2077000
2011-01-11,58.28,60.14,57.58,60.01,2071000
2011-01-12,60.33,60.33,59.18,59.31,987000
2011-01-13,60.39,60.39,59.43,59.88,1990000
2011-01-14,60.14,60.14,59.37,59.88,985000
2011-01-17,59.56,60.2,59.5,60.07,1502000
2011-01-18,59.18,60.33,59.18,60.14,2504000
2011-01-19,60.33,61.16,59.56,61.03,4881000
2011-01-20,60.97,61.03,60.59,61.03,1233000
2011-01-21,60.39,60.52,59.18,60.39,1579000
2011-01-24,60.39,60.39,59.18,59.5,1188000
2011-01-25,59.82,60.14,59.43,59.63,895000
2011-01-26,59.31,60.07,59.11,59.95,6123
2011-01-27,59.95,60.14,59.56,59.69,1162000
2011-01-28,59.69,60.59,59.69,60.27,2574000
2011-02-08,60.84,62.76,60.78,62.06,7400
2011-02-09,62.06,62.12,61.16,61.42,2856000
2011-02-10,61.29,61.29,59.5,59.82,3488000
2011-02-11,59.82,60.59,57.9,58.22,5409
2011-02-14,57.64,58.47,56.81,57.96,5304
2011-02-15,56.81,58.73,56.36,58.28,4587000
2011-02-16,57.9,57.96,56.62,56.62,4268000
2011-02-17,56.62,57.07,56.04,56.62,4969000
2011-02-18,57.13,58.92,57.13,58.54,3124000
2011-02-21,59.37,59.37,58.28,58.86,2256000
2011-02-22,59.31,59.5,56.94,57.58,6586
2011-02-23,57.39,58.6,57.07,57.9,2700000
2011-02-24,57.9,58.35,57.07,57.19,3764000
2011-02-25,57.58,58.03,57.32,57.39,3430000
2011-03-01,56.36,57.58,56.3,56.62,3614000
2011-03-02,56.3,56.43,54.38,54.44,6082
2011-03-03,54.44,55.98,54.44,55.85,5236
2011-03-04,56.3,57.32,55.85,57.26,3821000
2011-03-07,56.94,56.94,55.98,56.23,1843000
2011-03-08,55.66,56.87,55.53,56.87,1892000
2011-03-09,57.26,57.26,56.81,57.0,1269000
2011-03-10,56.62,57.07,56.49,56.94,2105000
2011-03-11,55.98,56.75,55.66,56.04,1935000
2011-03-14,59.95,59.95,57.83,59.75,13252
2011-03-15,60.27,60.78,59.18,60.46,10957
2011-03-16,60.78,61.1,59.5,60.14,4994000
2011-03-17,59.18,60.01,59.18,59.18,3106000
2011-03-18,59.5,59.63,58.22,58.73,4238000
2011-03-21,58.92,60.14,57.9,58.6,5017
2011-03-22,59.24,59.24,58.03,58.15,3400000
2011-03-23,58.54,59.11,57.9,59.11,3441000
2011-03-24,59.11,59.24,58.86,58.86,1354000
2011-03-25,59.24,59.63,58.92,59.37,1386000
2011-03-28,59.37,59.43,58.41,59.37,1202000
2011-03-29,58.73,60.65,58.73,60.52,2987000
2011-03-30,60.65,61.8,60.27,61.61,6588
2011-03-31,61.48,61.74,60.27,61.74,4846000
2011-04-01,61.74,61.86,61.1,61.54,2074000
2011-04-06,61.74,63.14,61.61,62.63,5620
2011-04-07,62.63,62.7,62.06,62.7,4276000
2011-04-08,62.7,63.66,62.57,63.21,4821000
2011-04-11,63.21,63.21,62.12,62.82,1223000
2011-04-12,62.06,63.02,60.65,62.5,4433000
2011-04-13,62.06,62.12,61.61,62.06,2060000
2011-04-14,62.12,62.76,61.86,62.06,2425000
2011-04-15,62.06,62.31,60.78,60.84,1882000
2011-04-18,62.31,62.31,61.1,62.18,2602000
2011-04-19,61.74,63.02,61.42,62.5,2085000
2011-04-20,62.7,62.89,62.25,62.89,2108000
2011-04-21,62.06,63.98,62.06,63.85,7060
2011-04-22,63.85,63.85,63.21,63.66,2911000
2011-04-25,63.72,63.98,63.21,63.46,1831000
2011-04-26,62.76,63.53,62.44,62.7,2003000
2011-04-27,63.02,64.3,63.02,63.66,4412000
2011-04-28,63.72,63.78,63.14,63.66,1369000
2011-04-29,63.59,64.3,63.02,64.3,3559000
2011-05-03,64.3,64.3,62.5,63.91,2917000
2011-05-04,63.4,63.4,62.06,62.57,2124000
2011-05-05,62.57,63.4,62.38,63.4,3524000
2011-05-06,63.4,63.4,60.65,61.86,5342
2011-05-09,61.54,62.95,60.78,62.25,4748000
2011-05-10,63.02,63.98,62.31,63.98,4408000
2011-05-11,63.98,64.62,63.59,63.66,3163000
2011-05-12,63.34,64.3,63.08,63.98,3337000
2011-05-13,62.7,63.98,62.31,63.98,2927000
2011-05-16,63.46,63.98,62.95,62.95,1871000
2011-05-17,62.82,64.3,62.82,63.72,3952000
2011-05-18,63.91,64.94,63.72,64.94,3675000
2011-05-19,63.66,64.94,63.59,63.72,2590000
2011-05-20,63.78,63.98,63.02,63.46,1614000
2011-05-23,62.57,63.98,61.74,63.91,2189000
2011-05-24,63.34,64.3,63.02,63.98,2007000
2011-05-25,63.4,65.26,62.44,63.98,3126000
2011-05-26,64.62,64.62,63.4,63.72,1612000
2011-05-27,63.98,64.62,63.59,63.98,2719000
2011-05-30,62.7,63.91,62.57,62.95,3194000
2011-05-31,62.89,65.58,62.7,64.94,3920000
2011-06-01,64.62,65.58,63.98,64.94,3754000
2011-06-02,64.62,65.26,63.53,63.98,4748000
2011-06-03,63.98,64.94,63.4,64.3,2760000
2011-06-07,64.3,64.94,63.78,64.94,1726000
2011-06-08,64.62,64.62,63.59,63.91,2452000
2011-06-09,63.34,63.98,63.14,63.21,3893000
2011-06-10,63.34,63.98,61.35,61.35,4353000
2011-06-13,60.78,62.31,60.78,61.29,4973000
2011-06-14,61.42,63.21,61.42,63.21,1417000
2011-06-15,63.27,66.53,62.44,64.62,12581
2011-06-16,63.98,64.94,62.7,62.89,4443000
2011-06-17,62.89,65.9,62.76,65.26,8366
2011-06-20,64.62,64.94,63.14,63.85,3362000
2011-06-21,63.91,65.58,63.91,65.26,4521000
2011-06-22,65.26,65.58,63.08,63.46,3031000
2011-06-23,62.82,63.72,62.57,63.08,3646000
2011-06-24,63.98,64.62,62.7,63.85,2779000
2011-06-27,63.4,63.46,62.18,63.14,2989000
2011-06-28,63.14,63.21,61.35,61.42,2679000
2011-06-29,63.66,63.66,61.61,63.46,3684000
2011-06-30,63.27,64.62,63.27,64.62,3787000
2011-07-01,64.62,65.26,63.72,65.26,3674000
2011-07-04,65.26,65.58,63.98,65.58,3229000
2011-07-05,65.58,66.22,64.94,66.22,6042
2011-07-06,66.15,66.41,65.08,65.15,6203
2011-07-07,65.15,66.22,64.55,65.88,2607000
2011-07-08,64.82,67.48,64.82,66.22,3926000
2011-07-11,66.22,66.22,65.42,66.08,1440000
2011-07-12,65.82,66.48,65.15,66.08,2133000
2011-07-13,66.08,66.41,65.62,66.41,1634000
2011-07-14,66.48,68.48,66.41,67.81,3136000
2011-07-15,68.48,68.48,67.48,68.14,1662000
2011-07-18,67.15,68.48,67.15,67.81,1069000
2011-07-19,67.81,68.81,66.48,66.48,1203000
2011-07-20,66.81,69.14,66.48,69.14,2187000
2011-07-21,69.14,69.81,68.81,69.14,2034000
2011-07-22,69.14,70.47,69.14,70.47,2566000
2011-07-25,70.47,74.46,70.47,71.47,3589000
2011-07-26,71.8,72.46,70.8,72.46,1873000
2011-07-27,71.8,72.8,71.13,72.8,2510000
2011-07-28,70.8,71.8,70.14,71.47,2633000
2011-07-29,71.8,73.13,71.13,72.13,2599000
2011-08-01,67.15,67.15,67.15,67.15,4250000
2011-08-02,62.49,63.42,62.49,62.49,10328
2011-08-03,61.83,63.22,61.23,62.43,9423
2011-08-04,62.43,63.09,61.83,62.63,4892000
2011-08-05,59.9,62.69,58.7,58.84,5480
2011-08-08,58.84,60.1,54.85,56.38,6454
2011-08-09,55.71,59.17,52.85,55.84,7041
2011-08-10,55.84,56.31,52.45,53.52,13636
2011-08-11,53.18,53.98,51.86,53.38,7560
2011-08-12,53.85,53.85,51.92,52.19,6220
2011-08-15,52.92,53.85,52.25,53.52,2993000
2011-08-16,53.52,54.12,52.19,52.85,5484
2011-08-17,52.52,53.85,52.52,53.65,3610000
2011-08-18,53.65,53.65,51.59,52.19,6790
2011-08-19,51.99,52.72,50.92,52.39,3607000
2011-08-22,53.05,54.12,52.32,53.18,3621000
2011-08-23,53.65,56.51,53.18,56.31,5255
2011-08-24,56.31,56.31,53.38,54.18,4397000
2011-08-25,54.51,54.78,53.78,54.25,2123000
2011-08-26,54.51,55.18,53.98,54.65,1835000
2011-08-29,55.18,56.71,54.65,56.38,3057000
2011-08-30,56.51,56.64,55.58,56.18,2667000
2011-08-31,56.38,56.44,55.05,56.24,3066000
2011-09-01,56.91,57.04,55.45,56.18,3548000
2011-09-02,56.64,56.64,54.85,55.98,3083000
2011-09-05,55.51,55.51,52.52,52.59,6571
2011-09-06,52.52,53.78,52.39,53.12,3487000
2011-09-07,53.18,54.65,53.18,54.65,1731000
2011-09-08,54.78,55.31,53.52,54.38,2583000
2011-09-09,55.05,55.64,54.25,55.51,1843000
2011-09-13,54.85,55.51,53.92,54.31,2023000
2011-09-14,54.78,55.11,52.32,53.38,3270000
2011-09-15,53.38,55.05,53.38,54.65,1699000
2011-09-16,55.38,57.17,55.18,56.51,4850000
2011-09-19,57.11,57.17,55.84,55.98,916000
2011-09-20,56.11,57.37,54.51,55.91,2136000
2011-09-21,55.91,56.51,55.05,56.31,1540000
2011-09-22,55.51,55.51,53.38,53.72,4927000
2011-09-23,52.45,54.05,52.05,53.18,3155000
2011-09-26,53.52,53.85,53.52,53.85,4749000
2011-09-27,54.98,57.57,54.31,57.31,5206
2011-09-28,57.31,57.31,55.91,56.58,1935000
2011-09-29,56.51,57.04,55.91,56.18,1668000
2011-09-30,56.97,56.97,55.18,55.78,2874000
2011-10-03,54.45,54.45,53.25,53.65,2393000
2011-10-04,53.05,55.18,52.92,54.91,2375000
2011-10-05,55.11,55.51,54.58,54.85,1278000
2011-10-06,56.18,58.64,55.51,58.17,7105
2011-10-07,59.63,59.83,59.63,59.83,10870
2011-10-11,60.9,62.82,60.5,61.83,3962000
2011-10-12,61.83,61.83,60.1,60.5,2516000
2011-10-13,60.5,60.96,59.83,60.23,1593000
2011-10-14,61.1,61.1,58.17,58.5,1581000
2011-10-17,58.17,60.36,58.17,60.1,1586000
2011-10-18,59.83,60.03,58.64,59.83,1906000
2011-10-19,59.83,60.3,59.23,59.83,1235000
2011-10-20,59.83,59.83,58.24,58.3,1554000
2011-10-21,58.24,58.44,56.97,57.17,2939000
2011-10-24,58.04,61.16,57.97,61.16,4784000
2011-10-25,62.49,62.49,61.03,61.89,2194000
2011-10-26,60.63,62.56,60.56,62.56,1436000
2011-10-27,62.56,62.82,61.89,62.16,1336000
2011-10-28,63.16,65.22,63.16,64.29,4175000
2011-10-31,63.82,64.29,62.23,62.89,3149000
2011-11-01,61.89,66.15,61.89,64.15,3822000
2011-11-02,62.89,63.82,62.69,63.76,2295000
2011-11-03,64.42,64.42,62.09,63.02,2076000
2011-11-04,64.15,65.82,63.76,64.82,4325000
2011-11-07,64.82,65.28,64.09,64.89,1786000
2011-11-08,64.89,65.08,64.09,64.49,1424000
2011-11-09,64.69,65.08,64.15,64.22,904000
2011-11-10,63.49,63.82,61.83,62.16,1825000
2011-11-11,62.82,63.62,61.3,62.63,2069000
2011-11-14,63.16,65.15,63.16,65.08,2406000
2011-11-15,64.49,66.02,64.29,66.02,3367000
2011-11-16,65.82,66.15,64.35,64.82,1513000
2011-11-17,63.82,64.69,63.22,64.29,1351000
2011-11-18,63.29,63.82,62.36,62.36,2220000
2011-11-21,61.03,62.36,59.97,62.03,2152000
2011-11-22,61.63,63.49,61.56,62.82,2663000
2011-11-23,62.56,62.89,60.03,60.63,2466000
2011-11-24,60.63,63.56,60.17,61.69,4206000
2011-11-25,62.16,62.82,60.63,61.56,3040000
2011-11-28,61.69,62.49,61.16,61.83,1521000
2011-11-29,62.49,63.36,61.56,63.36,1788000
2011-11-30,63.16,63.16,61.23,62.29,3238000
2011-12-01,63.42,64.29,63.29,63.89,3870000
2011-12-02,63.36,64.35,62.76,64.29,2129000
2011-12-05,63.82,64.02,62.56,62.56,1483000
2011-12-06,62.49,62.49,60.96,61.23,2061000
2011-12-07,61.16,62.03,61.1,62.03,3925000
2011-12-08,62.03,62.23,60.76,62.23,1806000
2011-12-09,60.83,61.96,60.83,61.43,1971000
2011-12-12,63.16,63.49,62.76,63.49,1507000
2011-12-13,63.16,63.82,61.76,62.96,1528000
2011-12-14,63.69,63.69,63.02,63.22,1984000
2011-12-15,62.89,62.89,60.9,61.49,2499000
2011-12-16,60.96,62.43,60.96,62.23,1412000
2011-12-19,62.16,62.16,60.63,61.96,1271000
2011-12-20,61.23,62.56,61.23,62.49,1313000
2011-12-21,62.82,63.02,61.83,62.49,2640000
2011-12-22,62.63,62.96,62.16,62.76,965000
2011-12-23,63.16,63.89,63.16,63.89,2026000
2011-12-26,63.69,64.15,63.16,63.42,1612000
2011-12-27,63.42,63.82,62.36,62.76,2744000
2011-12-28,63.16,63.16,61.3,61.3,3915000
2011-12-29,61.16,62.49,60.5,62.36,2465000
2011-12-30,62.36,62.82,60.9,62.36,4036000
2012-01-02,62.03,62.03,56.11,56.11,7443
2012-01-03,60.96,61.23,55.84,55.84,8762
2012-01-04,60.56,60.56,55.64,55.64,14866
2012-01-05,60.03,60.03,58.97,59.9,7437
2012-01-06,59.23,60.17,59.1,60.17,6434
2012-01-09,60.03,60.17,59.5,60.17,3017000
2012-01-10,60.63,61.83,60.36,61.83,3910000
2012-01-11,61.83,61.89,61.1,61.83,3157000
2012-01-12,61.83,61.96,61.3,61.83,2906000
2012-01-13,62.03,62.82,61.83,62.09,4742000
2012-01-16,62.43,62.43,59.5,59.7,3957000
2012-01-17,59.83,60.1,59.37,60.1,2227000
2012-01-18,60.43,60.5,58.77,60.5,4132000
2012-01-30,61.03,61.49,59.5,60.17,5150
2012-01-31,60.43,61.36,60.17,61.36,2449000
2012-02-01,61.36,61.36,59.5,59.77,3053000
2012-02-02,60.17,60.3,59.17,59.83,3946000
2012-02-03,59.97,59.97,58.97,59.37,2738000
2012-02-06,59.43,59.7,59.04,59.7,2529000
2012-02-07,59.7,60.1,59.17,60.1,2804000
2012-02-08,60.23,60.83,59.7,60.83,1795000
2012-02-09,60.63,60.9,60.1,60.9,2487000
2012-02-10,61.1,61.1,60.17,60.17,1609000
2012-02-13,60.43,60.9,60.23,60.63,1361000
2012-02-14,60.83,60.83,59.63,60.1,2250000
2012-02-15,60.23,61.16,59.37,61.16,3399000
2012-02-16,61.16,61.56,60.5,61.16,1871000
2012-02-17,61.49,62.82,61.03,62.36,4318000
2012-02-20,63.16,63.36,61.63,61.63,2696000
2012-02-21,61.56,61.63,60.36,61.16,1887000
2012-02-22,60.5,62.09,60.5,61.83,2184000
2012-02-23,61.3,61.3,60.56,60.9,768000
2012-02-24,61.1,61.56,60.5,61.56,1204000
2012-02-29,61.69,64.42,61.69,64.42,5699
2012-03-01,64.35,64.35,63.29,63.36,1717000
2012-03-02,63.16,63.29,62.82,63.09,1663000
2012-03-05,62.43,62.76,61.89,62.56,2279000
2012-03-06,62.49,63.09,61.69,62.29,3184000
2012-03-07,61.83,62.49,61.43,61.56,2091000
2012-03-08,61.69,62.63,61.16,62.56,2395000
2012-03-09,62.82,62.82,61.49,62.23,1678000
2012-03-12,62.43,62.43,61.49,61.56,710000
2012-03-13,61.83,63.02,61.63,62.63,2531000
2012-03-14,63.49,63.95,63.02,63.56,3324000
2012-03-15,63.49,63.49,62.82,63.49,1161000
2012-03-16,63.16,63.16,62.09,62.09,1892000
2012-03-19,62.43,62.43,60.63,61.16,1532000
2012-03-20,60.83,61.3,60.5,60.7,1008000
2012-03-21,60.7,61.83,60.17,61.83,1873000
2012-03-22,61.83,62.03,61.1,61.76,1273000
2012-03-23,61.76,61.83,61.1,61.83,1804000
2012-03-26,61.16,61.63,60.43,60.43,2547000
2012-03-27,61.1,61.83,60.5,61.83,1636000
2012-03-28,61.83,61.83,60.9,61.69,697000
2012-03-29,60.63,61.83,60.63,61.49,1888000
2012-03-30,60.23,61.49,60.23,61.16,2453000
2012-04-02,64.49,64.49,61.63,61.69,6444
2012-04-03,61.83,62.43,60.9,62.09,3388000
2012-04-05,61.16,62.09,60.63,60.96,2786000
2012-04-06,61.16,61.16,59.23,59.3,4543000
2012-04-09,57.84,57.84,56.51,56.97,3785000
2012-04-10,58.24,58.84,57.51,58.57,2212000
2012-04-11,58.24,59.04,57.04,58.97,1838000
2012-04-12,58.9,58.9,57.17,57.51,3154000
2012-04-13,58.04,58.04,57.11,57.57,2588000
2012-04-16,57.24,57.37,56.84,57.04,2522000
2012-04-17,57.24,57.31,56.51,56.91,1844000
2012-04-18,57.51,57.64,56.91,57.37,1268000
2012-04-19,57.57,57.9,57.17,57.84,628000
2012-04-20,57.84,57.84,56.91,57.17,494000
2012-04-23,57.17,58.7,57.17,57.97,1819000
2012-04-24,57.64,58.9,57.64,58.64,1563000
2012-04-25,58.64,58.77,58.04,58.3,988000
2012-04-26,58.3,58.7,57.9,58.7,974000
2012-04-27,59.17,60.1,58.37,60.03,2330000
2012-04-30,60.03,60.7,59.9,60.43,1527000
2012-05-02,60.83,61.03,60.03,60.96,2424000
2012-05-03,60.96,61.16,60.1,60.5,1542000
2012-05-04,60.5,60.5,59.83,60.1,2225000
2012-05-07,58.84,59.17,57.44,57.51,2688000
2012-05-08,57.51,58.17,57.44,57.97,1839000
2012-05-09,57.64,58.04,56.64,57.84,2649000
2012-05-10,57.64,59.17,57.64,59.17,1087000
2012-05-11,58.5,58.57,57.51,58.17,1403000
2012-05-14,57.51,57.97,57.24,57.71,840000
2012-05-15,57.37,58.9,57.04,58.9,1750000
2012-05-16,57.97,58.7,56.51,56.51,3430000
2012-05-17,57.44,57.57,56.51,56.97,1729000
2012-05-18,55.91,55.91,54.51,55.25,2882000
2012-05-21,54.51,55.58,54.51,55.31,1127000
2012-05-22,55.45,55.64,54.85,55.51,1376000
2012-05-23,55.31,55.51,54.51,54.85,2096000
2012-05-24,54.85,55.58,54.85,55.45,1369000
2012-05-25,54.91,55.84,54.91,55.84,1004000
2012-05-28,55.51,56.18,55.31,55.78,688000
2012-05-29,55.64,57.17,55.31,57.11,1478000
2012-05-30,56.51,56.51,55.31,55.45,3668000
2012-05-31,54.91,54.91,53.65,54.18,3393000
2012-06-01,54.18,54.65,53.58,54.51,1554000
2012-06-04,53.18,54.71,53.18,54.51,1287000
2012-06-05,54.78,54.78,53.92,54.45,961000
2012-06-06,54.65,55.38,53.98,55.11,1111000
2012-06-07,54.58,54.91,53.65,53.85,2208000
2012-06-08,53.85,53.85,51.52,52.12,3157000
2012-06-11,52.65,53.25,52.52,53.25,1184000
2012-06-12,51.92,53.25,51.92,52.92,2468000
2012-06-13,52.52,53.05,52.25,52.52,1304000
2012-06-14,52.45,53.52,52.45,52.52,1140000
2012-06-15,52.72,53.72,52.59,52.85,2384000
2012-06-18,53.65,54.51,53.45,53.98,2372000
2012-06-19,53.98,55.05,53.72,55.05,1730000
2012-06-20,55.05,55.78,54.38,55.64,2260000
2012-06-21,55.18,55.38,54.38,54.91,1203000
2012-06-22,54.38,54.38,52.65,52.85,2109000
2012-06-25,52.85,52.85,51.79,52.05,2331000
2012-06-26,52.05,53.05,51.79,53.05,2185000
2012-06-27,52.92,52.99,52.25,52.85,582000
2012-06-28,52.72,52.92,52.52,52.52,1797000
2012-06-29,53.18,54.18,52.59,53.78,2450000
2012-07-02,54.51,54.51,53.18,53.78,1179000
2012-07-03,53.78,54.38,53.65,54.38,2208000
2012-07-04,54.79,55.68,54.79,55.68,2057000
2012-07-05,54.93,55.27,54.72,55.2,651000
2012-07-06,55.47,56.15,55.2,56.15,1303000
2012-07-09,55.95,56.77,55.81,56.49,933000
2012-07-10,56.9,56.9,55.95,56.56,1108000
2012-07-11,55.88,56.63,55.88,56.56,1070000
2012-07-12,55.95,56.56,54.52,54.52,1263000
2012-07-13,55.13,55.81,54.86,54.93,980000
2012-07-16,55.74,56.56,55.4,56.56,926000
2012-07-17,55.54,57.24,55.54,56.9,1293000
2012-07-18,57.04,57.18,56.22,56.29,1760000
2012-07-19,56.56,57.18,56.02,56.83,1410000
2012-07-20,56.9,56.97,56.49,56.9,448000
2012-07-23,56.09,56.56,55.4,56.56,1063000
2012-07-24,55.88,56.56,55.88,56.15,934000
2012-07-25,55.74,57.24,55.61,56.63,2586000
2012-07-26,57.18,57.52,55.88,55.88,1767000
2012-07-27,57.31,57.86,56.56,57.45,1241000
2012-07-30,57.45,57.86,57.11,57.86,1387000
2012-07-31,57.45,59.29,57.45,59.29,2836000
2012-08-01,58.61,59.36,58.33,59.15,1698000
2012-08-02,59.15,59.15,59.15,59.15,0
2012-08-03,58.95,59.63,58.88,59.56,2477000
2012-08-06,60.04,60.58,59.15,59.56,2057000
2012-08-07,59.97,59.97,59.29,59.77,1587000
2012-08-08,60.38,60.86,59.49,60.17,2058000
2012-08-09,60.31,60.92,60.11,60.58,4274000
2012-08-10,60.86,61.2,60.38,60.65,2129000
2012-08-13,61.33,61.33,60.45,60.51,1793000
2012-08-14,61.26,62.01,61.13,62.01,3841000
2012-08-15,61.54,62.01,61.54,62.01,3229000
2012-08-16,61.67,61.67,61.06,61.33,1576000
2012-08-17,61.33,61.54,61.13,61.33,1433000
2012-08-20,61.33,61.67,61.06,61.33,1069000
2012-08-21,61.67,62.35,61.26,61.81,2316000
2012-08-22,62.01,62.15,61.2,61.67,1393000
2012-08-23,62.01,62.08,60.92,61.2,954000
2012-08-24,61.2,61.26,60.79,61.06,937000
2012-08-27,61.06,61.67,60.79,60.79,1264000
2012-08-28,60.65,60.65,59.7,60.17,902000
2012-08-29,59.97,60.17,59.29,59.56,1158000
2012-08-30,59.56,59.56,58.27,58.27,2443000
2012-08-31,58.27,58.88,57.99,58.2,1225000
2012-09-03,58.2,58.88,57.45,58.06,1665000
2012-09-04,59.42,59.42,58.4,58.95,1587000
2012-09-05,59.29,59.36,57.99,58.74,1703000
2012-09-06,58.27,58.27,56.63,56.83,2749000
2012-09-07,57.72,57.72,56.49,56.7,2212000
2012-09-10,57.52,57.58,56.63,57.45,1366000
2012-09-11,57.45,57.45,56.83,57.24,500000
2012-09-12,57.93,58.13,57.58,58.13,1260000
2012-09-13,58.13,59.02,57.93,58.95,1740000
2012-09-14,59.02,61.61,58.67,61.47,3249000
2012-09-17,61.67,61.67,60.31,61.13,2158000
2012-09-18,60.65,61.2,60.31,60.58,1668000
2012-09-19,60.65,61.13,60.38,60.92,2221000
2012-09-20,60.92,60.99,59.97,60.92,1440000
2012-09-21,60.65,60.65,59.97,60.17,2412000
2012-09-24,60.51,60.51,59.49,59.63,1589000
2012-09-25,60.11,60.24,59.56,60.17,2823000
2012-09-26,60.17,60.17,59.63,60.17,738000
2012-09-27,60.45,60.45,59.9,59.97,1585000
2012-09-28,59.63,60.04,59.36,60.04,1703000
2012-10-01,60.45,60.45,59.42,59.7,737000
2012-10-02,59.7,59.97,59.56,59.56,1875000
2012-10-03,59.63,59.63,58.81,58.95,1133000
2012-10-04,58.61,59.02,57.99,58.95,2076000
2012-10-05,59.15,59.22,58.54,58.88,1075000
2012-10-08,58.88,58.88,58.06,58.88,1190000
2012-10-09,58.88,60.24,58.61,60.24,3427000
2012-10-11,59.49,59.97,59.02,59.02,1503000
2012-10-12,59.02,59.22,58.4,58.54,1077000
2012-10-15,58.54,58.61,58.27,58.54,723000
2012-10-16,58.54,58.54,58.13,58.47,1323000
2012-10-17,58.61,58.61,57.93,58.4,2000000
2012-10-18,58.4,58.4,57.99,58.27,595000
2012-10-19,58.27,58.27,57.79,57.93,712000
2012-10-22,57.24,57.45,56.9,57.45,1126000
2012-10-23,56.97,57.04,56.22,56.49,1089000
2012-10-24,56.02,56.63,55.74,56.22,1293000
2012-10-25,56.22,56.22,55.88,56.22,1023000
2012-10-26,56.02,57.24,55.95,56.49,1872000
2012-10-29,56.22,57.38,56.22,56.9,924000
2012-10-30,57.11,58.81,57.11,58.47,2378000
2012-10-31,58.27,58.61,57.31,57.93,1342000
2012-11-01,57.58,57.93,56.83,57.11,1096000
2012-11-02,57.24,57.58,56.97,57.38,1038000
2012-11-05,57.24,57.79,57.18,57.79,1069000
2012-11-06,58.47,58.47,57.38,57.65,826000
2012-11-07,57.65,57.93,56.9,57.52,1258000
2012-11-08,57.18,57.18,55.68,56.43,1970000
2012-11-09,55.68,56.43,54.93,56.36,1533000
2012-11-12,56.29,56.43,55.68,56.29,1015000
2012-11-13,56.29,56.29,54.04,54.59,2759000
2012-11-14,53.97,54.86,53.84,54.59,1910000
2012-11-15,54.04,54.99,53.56,54.59,1493000
2012-11-16,54.38,55.34,54.25,54.52,2072000
2012-11-19,54.59,55.4,54.52,54.52,1543000
2012-11-20,55.06,55.54,54.59,55.27,1261000
2012-11-21,55.2,55.61,53.9,53.97,3091000
2012-11-22,54.38,54.59,54.18,54.31,1425000
2012-11-23,54.86,57.58,54.86,57.58,2884000
2012-11-26,57.38,57.93,56.83,57.65,1458000
2012-11-27,57.11,58.13,57.11,58.13,1294000
2012-11-28,58.06,58.61,57.52,58.61,1324000
2012-11-29,58.61,60.04,57.99,59.97,3814000
2012-11-30,59.97,60.24,59.29,60.17,3791000
2012-12-03,59.83,60.99,59.63,60.92,2477000
2012-12-04,59.7,59.97,58.81,59.22,1399000
2012-12-05,58.74,59.49,58.74,59.49,1870000
2012-12-06,59.49,59.49,58.47,58.61,2226000
2012-12-07,58.95,59.22,58.33,58.4,1600000
2012-12-10,58.4,58.67,57.93,58.06,1606000
2012-12-11,58.67,59.42,58.54,59.42,2072000
2012-12-12,59.42,60.11,59.15,60.11,2573000
2012-12-13,60.04,60.31,59.49,60.31,2349000
2012-12-14,59.9,60.38,59.7,60.38,2571000
2012-12-17,59.97,60.31,58.74,59.36,1412000
2012-12-18,59.29,59.29,58.61,59.08,1533000
2012-12-19,59.29,60.51,59.22,60.51,2311000
2012-12-20,60.31,60.31,58.81,59.29,1451000
2012-12-21,59.29,59.29,58.13,58.74,1348000
2012-12-24,57.24,57.72,56.9,57.24,746000
2012-12-25,57.04,58.27,56.09,57.99,2943000
2012-12-26,57.86,57.99,57.45,57.86,2134000
2012-12-27,57.86,57.86,56.97,57.79,1861000
2012-12-28,57.99,58.61,57.58,58.61,3090000
2013-01-02,58.61,59.97,58.27,59.97,2452000
2013-01-03,60.31,60.31,59.36,60.31,1619000
2013-01-04,59.63,59.97,58.95,59.97,2314000
2013-01-07,59.7,59.7,58.13,58.33,3115000
2013-01-08,58.33,58.54,56.9,57.58,2761000
2013-01-09,57.24,58.27,57.11,58.13,1529000
2013-01-10,58.61,59.15,57.93,58.61,2802000
2013-01-11,58.61,59.42,58.54,59.42,1920000
2013-01-14,58.88,58.88,57.52,58.74,1522000
2013-01-15,58.74,58.74,57.93,58.33,1053000
2013-01-16,58.81,58.81,56.7,56.7,3066000
2013-01-17,57.58,57.58,56.29,56.77,1562000
2013-01-18,57.58,57.99,57.04,57.99,1091000
2013-01-21,57.99,57.99,57.11,57.31,771000
2013-01-22,57.93,57.93,57.11,57.65,628000
2013-01-23,57.65,57.79,57.38,57.52,939000
2013-01-24,57.31,57.31,56.15,56.56,1904000
2013-01-25,56.56,56.56,55.27,55.54,2990000
2013-01-28,55.2,56.56,55.2,56.56,982000
2013-01-29,56.9,56.9,56.22,56.9,1137000
2013-01-30,56.9,57.24,56.36,57.04,2485000
2013-01-31,57.79,57.99,56.63,57.99,2104000
2013-02-01,57.93,58.2,57.24,58.06,1544000
2013-02-04,57.79,58.13,57.52,58.13,1705000
2013-02-05,57.86,57.93,57.45,57.93,1658000
2013-02-06,57.93,57.93,57.38,57.72,1825000
2013-02-18,58.47,58.61,57.79,58.06,2384000
2013-02-19,58.13,58.13,56.97,56.97,1271000
2013-02-20,58.06,58.06,56.9,57.52,2507000
2013-02-21,57.86,57.86,56.7,56.9,1485000
2013-02-22,57.24,57.52,56.7,57.52,1257000
2013-02-25,56.97,57.18,56.22,56.22,2413000
2013-02-26,56.09,56.36,55.68,56.29,1955000
2013-02-27,56.22,56.63,56.02,56.22,1598000
2013-03-01,56.22,56.7,56.02,56.15,1433000
2013-03-04,56.02,56.02,54.79,55.68,3558000
2013-03-05,55.88,56.02,55.2,55.81,2308000
2013-03-06,55.34,56.22,55.34,55.88,1151000
2013-03-07,55.88,56.09,55.4,55.54,1153000
2013-03-08,55.88,56.49,55.74,56.29,812000
2013-03-11,56.63,59.29,56.36,58.2,5893
2013-03-12,57.93,58.06,57.11,57.24,1419000
2013-03-13,57.04,57.72,56.63,56.63,1781000
2013-03-14,56.56,56.56,55.68,55.68,1963000
2013-03-15,55.88,57.24,55.74,56.29,3469000
2013-03-18,55.61,55.95,55.2,55.47,1751000
2013-03-19,55.47,55.47,54.86,54.86,2897000
2013-03-20,55.2,55.2,54.25,54.45,3126000
2013-03-21,54.86,54.93,54.38,54.52,1524000
2013-03-22,53.97,54.11,53.22,53.56,2725000
2013-03-25,53.84,54.04,53.15,53.56,737000
2013-03-26,53.5,53.84,53.29,53.5,1293000
2013-03-27,53.5,53.77,53.29,53.77,905000
2013-03-28,53.77,53.77,53.15,53.5,1574000
2013-03-29,53.56,53.56,52.68,52.88,1977000
2013-04-01,52.88,53.43,52.81,53.15,782000
2013-04-02,53.43,54.38,53.43,54.25,1591000
2013-04-03,54.52,54.72,53.5,53.63,1254000
2013-04-08,53.5,54.59,52.61,52.61,1561000
2013-04-09,52.81,52.88,51.86,52.61,1734000
2013-04-10,52.61,52.61,51.11,51.18,2823000
2013-04-11,51.31,51.93,51.25,51.86,1131000
2013-04-12,51.93,52.13,51.45,51.72,1056000
2013-04-15,51.72,51.72,51.38,51.45,713000
2013-04-16,51.45,51.72,51.25,51.59,1175000
2013-04-17,51.79,51.79,51.25,51.59,2437000
2013-04-18,51.45,51.59,51.18,51.45,1631000
2013-04-19,51.66,53.15,51.25,53.15,2954000
2013-04-22,53.02,53.02,51.86,52.0,1225000
2013-04-23,52.27,52.34,51.52,52.34,1244000
2013-04-24,52.34,52.88,52.0,52.88,1488000
2013-04-25,52.54,52.88,52.54,52.81,887000
2013-04-26,53.02,53.77,52.75,53.7,1891000
2013-04-29,53.77,53.97,53.36,53.63,1122000
2013-04-30,53.5,54.86,53.5,54.72,2291000
2013-05-02,54.72,54.72,53.97,54.72,1239000
2013-05-03,54.11,55.2,54.11,54.93,1490000
2013-05-06,54.99,55.54,54.72,55.47,1564000
2013-05-07,54.52,55.2,54.18,54.79,1260000
2013-05-08,54.25,56.22,54.25,55.88,2692000
2013-05-09,56.56,56.56,55.47,55.88,1659000
2013-05-10,55.88,56.49,55.68,56.49,2714000
2013-05-13,56.49,56.49,55.27,56.36,881000
2013-05-14,55.74,56.77,55.74,56.77,1918000
2013-05-15,56.43,57.38,56.29,57.38,2590000
2013-05-16,57.65,58.2,57.04,57.99,2647000
2013-05-17,57.79,58.67,57.45,58.61,2796000
2013-05-20,57.99,58.06,57.31,57.31,956000
2013-05-21,57.24,57.58,56.9,57.24,694000
2013-05-22,57.11,57.58,56.7,56.97,911000
2013-05-23,56.56,56.63,54.86,54.99,3062000
2013-05-24,55.47,55.47,54.65,54.79,1539000
2013-05-27,55.2,55.34,54.52,55.2,1056000
2013-05-28,54.93,55.34,54.86,54.93,645000
2013-05-29,54.93,55.34,54.65,55.2,1170000
2013-05-30,55.13,55.13,53.15,53.56,3339000
2013-05-31,53.56,54.25,53.22,53.22,5443
2013-06-03,53.15,53.15,52.2,52.61,2169000
2013-06-04,53.09,53.15,52.47,52.95,1391000
2013-06-05,52.27,53.02,52.2,53.02,1591000
2013-06-06,52.34,53.09,52.13,52.95,2037000
2013-06-07,52.88,54.25,52.54,54.11,2376000
2013-06-10,54.18,54.18,53.5,53.5,1349000
2013-06-11,53.36,53.77,52.61,52.61,1842000
2013-06-13,52.47,52.81,52.13,52.47,2080000
2013-06-14,52.34,52.75,52.27,52.47,1335000
2013-06-17,52.47,52.54,51.72,52.06,1564000
2013-06-18,51.86,52.06,51.38,51.79,1622000
2013-06-19,51.72,51.72,51.25,51.45,1931000
2013-06-20,51.11,51.25,49.82,49.82,2561000
2013-06-21,49.41,49.41,47.02,47.02,26962
2013-06-24,47.91,49.0,47.91,48.11,5010
2013-06-25,48.66,49.2,47.02,47.02,4218000
2013-06-26,49.27,50.22,48.04,49.88,5240
2013-06-27,50.43,51.72,50.29,51.72,2936000
2013-06-28,51.72,52.13,50.43,52.13,3526000
2013-07-01,51.45,51.86,50.57,51.25,2582000
2013-07-02,50.74,51.22,50.26,51.01,3139000
2013-07-03,51.08,51.08,49.51,49.58,1825000
2013-07-04,49.58,51.08,49.3,50.33,1614000
2013-07-05,49.92,51.49,49.92,50.4,2466000
2013-07-08,50.4,51.22,49.24,49.51,1623000
2013-07-09,50.33,51.15,49.92,50.6,3064000
2013-07-10,50.6,51.56,50.4,50.47,1230000
2013-07-11,51.29,53.68,51.29,53.68,3963000
2013-07-12,53.75,54.5,53.34,54.5,3534000
2013-07-15,54.71,54.71,53.41,54.3,2065000
2013-07-16,54.3,54.57,53.68,54.57,1826000
2013-07-17,54.71,55.39,54.09,55.32,2594000
2013-07-18,55.39,55.87,55.12,55.46,1655000
2013-07-19,55.32,56.01,55.25,55.53,1585000
2013-07-22,56.42,56.42,55.39,55.39,1029000
2013-07-23,55.39,55.46,54.98,55.25,1972000
2013-07-24,55.25,55.25,54.5,54.71,927000
2013-07-25,54.3,54.5,53.61,53.61,1248000
2013-07-26,53.61,55.05,53.61,54.91,889000
2013-07-29,54.5,55.05,54.02,54.23,568000
2013-07-30,54.71,55.46,54.16,54.64,2119000
2013-07-31,54.57,54.71,53.41,53.41,1360000
2013-08-01,54.16,54.43,53.41,53.41,1037000
2013-08-02,54.02,54.98,53.89,54.5,952000
2013-08-05,54.02,54.57,53.68,54.16,802000
2013-08-06,54.02,54.16,52.66,52.79,1955000
2013-08-07,52.93,53.61,52.38,53.07,2618000
2013-08-08,52.66,53.0,51.7,51.83,2277000
2013-08-09,51.83,51.83,50.6,50.6,3123000
2013-08-12,51.01,52.11,50.95,52.04,963000
2013-08-13,52.45,52.45,51.42,52.11,826000
2013-08-14,52.04,52.04,50.6,51.49,1498000
2013-08-15,51.01,51.22,50.4,50.67,1498000
2013-08-16,50.6,52.18,50.26,51.56,1229000
2013-08-19,51.63,51.97,50.74,51.29,981000
2013-08-20,51.29,51.63,50.6,50.95,1113000
2013-08-22,50.33,51.42,49.92,50.67,2845000
2013-08-23,50.81,51.01,50.26,50.54,1132000
2013-08-26,50.67,50.74,50.33,50.47,726000
2013-08-27,50.13,50.33,49.99,49.99,851000
2013-08-28,49.58,50.33,49.24,50.06,657000
2013-08-29,50.6,51.56,50.6,51.15,1604000
2013-08-30,51.15,51.97,50.74,51.97,1095000
2013-09-02,52.11,52.18,51.42,51.7,828000
2013-09-03,52.11,52.11,51.56,51.77,742000
2013-09-04,51.77,52.66,51.63,52.52,1146000
2013-09-05,53.0,53.34,52.45,53.34,1765000
2013-09-06,53.34,53.34,52.72,52.86,951000
2013-09-09,52.93,54.5,52.93,54.3,2099000
2013-09-10,54.3,54.71,53.95,54.71,3102000
2013-09-11,53.34,54.71,53.34,54.71,3149000
2013-09-12,54.71,55.05,54.16,54.71,2046000
2013-09-13,54.71,54.78,54.02,54.02,656000
2013-09-16,54.71,54.98,54.43,54.78,1673000
2013-09-17,54.71,54.84,54.16,54.84,1185000
2013-09-18,54.78,55.05,54.71,54.98,1574000
2013-09-23,55.05,55.05,54.23,55.05,1370000
2013-09-24,54.57,55.05,54.36,54.91,924000
2013-09-25,54.23,54.71,54.23,54.71,1493000
2013-09-26,54.71,54.71,53.48,53.48,1360000
2013-09-27,53.68,54.71,53.68,54.5,869000
2013-09-30,54.02,54.71,53.13,53.13,1807000
2013-10-01,53.07,53.27,52.66,52.72,1476000
2013-10-02,52.86,53.54,52.86,53.0,1112000
2013-10-03,53.0,54.36,53.0,54.3,1894000
2013-10-04,54.64,54.84,54.3,54.64,2006000
2013-10-07,54.71,54.71,53.68,53.89,1140000
2013-10-08,54.23,55.25,53.75,54.98,1724000
2013-10-09,54.71,54.71,53.95,54.23,1289000
2013-10-11,54.36,54.98,53.95,54.57,1489000
2013-10-14,54.36,54.98,54.16,54.71,1495000
2013-10-15,54.64,55.05,54.5,54.84,2061000
2013-10-16,54.71,54.98,54.43,54.78,656000
2013-10-17,54.71,55.05,54.71,55.05,834000
2013-10-18,55.32,55.39,54.78,55.32,922000
2013-10-21,55.25,55.39,54.91,55.39,458000
2013-10-22,55.32,55.39,55.05,55.39,914000
2013-10-23,55.39,55.53,54.91,55.25,1388000
2013-10-24,54.78,55.39,54.78,55.39,675000
2013-10-25,54.84,55.12,53.41,54.57,1743000
2013-10-28,54.36,54.71,53.89,54.71,611000
2013-10-29,54.71,55.25,54.09,55.05,1173000
2013-10-30,55.05,55.39,54.71,55.39,767000
2013-10-31,55.32,55.6,54.16,54.16,1883000
2013-11-01,55.05,55.05,54.64,54.84,392000
2013-11-04,54.36,54.43,53.34,53.68,1400000
2013-11-05,53.68,53.75,53.0,53.41,1295000
2013-11-06,53.34,53.89,53.34,53.75,598000
2013-11-07,54.02,54.02,53.13,53.68,1028000
2013-11-08,53.48,53.89,53.34,53.34,758000
2013-11-11,53.34,53.48,52.79,53.41,1082000
2013-11-12,54.71,54.71,53.61,54.5,2224000
2013-11-13,54.36,54.43,53.0,53.07,1749000
2013-11-14,53.41,53.48,52.86,53.13,1339000
2013-11-15,53.61,53.95,53.27,53.27,806000
2013-11-18,53.68,53.75,53.34,53.34,351000
2013-11-19,53.41,54.23,53.41,54.02,1568000
2013-11-20,54.02,54.02,53.48,53.48,540000
2013-11-21,53.48,53.48,52.38,52.45,1657000
2013-11-22,52.66,53.13,52.25,52.93,738000
2013-11-25,53.54,54.02,53.13,53.48,674000
2013-11-26,53.13,53.89,52.79,53.41,1678000
2013-11-27,53.61,53.89,53.41,53.75,664000
2013-11-28,53.75,55.05,53.75,54.91,2430000
2013-11-29,54.91,55.39,54.43,55.19,1670000
2013-12-02,54.91,55.19,54.5,54.78,707000
2013-12-03,54.36,54.98,54.36,54.36,669000
2013-12-04,54.02,55.12,54.02,54.78,1357000
2013-12-05,55.32,55.32,54.23,54.5,631000
2013-12-06,54.5,54.64,53.89,53.89,455000
2013-12-09,54.71,55.39,54.64,55.39,1571000
2013-12-10,55.39,55.39,54.84,55.39,682000
2013-12-11,55.39,55.73,55.19,55.39,1157000
2013-12-12,55.19,55.19,54.09,54.36,924000
2013-12-13,54.43,55.39,54.43,55.25,788000
2013-12-16,54.91,54.98,54.36,54.43,752000
2013-12-17,54.91,54.91,54.09,54.09,808000
2013-12-18,54.57,55.12,54.36,55.12,830000
2013-12-19,55.25,55.66,55.12,55.46,961000
2013-12-20,55.46,55.46,54.57,54.57,1063000
2013-12-23,54.57,54.98,54.43,54.64,822000
2013-12-24,54.43,55.19,54.43,55.05,898000
2013-12-25,54.71,55.32,54.64,55.05,647000
2013-12-26,55.05,55.05,54.71,54.78,192000
2013-12-27,54.78,55.66,54.43,55.6,1359000
2013-12-30,55.73,56.07,55.25,56.07,1361000
2013-12-31,56.01,56.07,55.53,55.94,661000
2014-01-02,55.73,55.73,55.05,55.46,540000
2014-01-03,55.66,55.66,54.5,54.71,1242000
2014-01-06,54.43,55.39,54.43,55.39,1202000
2014-01-07,54.84,55.94,54.84,55.46,1486000
2014-01-08,55.94,56.62,55.53,56.01,2489000
2014-01-09,56.42,57.31,55.6,56.48,2827000
2014-01-10,57.44,57.44,55.19,55.39,2934000
2014-01-13,55.8,56.9,55.8,56.83,1966000
2014-01-14,56.76,57.37,56.01,56.07,1643000
2014-01-15,56.07,56.42,55.39,55.46,2058000
2014-01-16,55.8,56.28,55.25,55.46,1131000
2014-01-17,54.36,54.71,53.82,54.23,7388
2014-01-20,53.07,53.07,52.31,52.45,11708
2014-01-21,52.52,52.93,52.52,52.52,6205
2014-01-22,52.72,53.34,52.72,53.13,6831
2014-01-23,53.13,53.27,52.45,52.45,6263
2014-01-24,52.45,52.66,52.18,52.31,4317000
2014-01-27,52.59,52.59,51.49,52.11,6444
2014-02-05,51.97,51.97,50.6,51.77,12976
2014-02-06,51.29,51.7,50.74,51.08,5736
2014-02-07,51.83,51.83,50.95,51.63,5425
2014-02-10,51.56,52.25,51.42,51.97,3214000
2014-02-11,52.31,52.31,51.97,52.04,1613000
2014-02-12,52.31,52.52,51.56,52.31,4846000
2014-02-13,51.97,52.52,51.83,51.83,1609000
2014-02-14,52.38,52.38,51.97,51.97,2828000
2014-02-17,52.38,52.38,52.11,52.18,1596000
2014-02-18,52.18,52.38,52.11,52.31,1105000
2014-02-19,52.31,52.86,52.31,52.66,2308000
2014-02-20,52.79,52.79,51.83,52.04,1682000
2014-02-21,52.11,52.79,52.11,52.52,2089000
2014-02-24,52.72,53.34,52.31,52.31,1992000
2014-02-25,52.11,52.79,52.11,52.45,1329000
2014-02-26,52.59,53.0,52.31,52.86,1290000
2014-02-27,52.86,53.27,52.66,53.2,2107000
2014-03-03,52.93,52.93,51.97,52.59,1918000
2014-03-04,52.04,52.86,52.04,52.31,1015000
2014-03-05,52.38,53.0,52.38,52.38,828000
2014-03-06,52.38,52.45,52.18,52.38,680000
2014-03-07,52.38,53.0,52.25,52.38,1201000
2014-03-10,52.31,52.66,51.56,51.56,2220000
2014-03-11,51.77,52.66,51.7,52.66,1202000
2014-03-12,52.11,52.38,51.7,51.97,1501000
2014-03-13,52.11,52.66,51.83,52.66,1589000
2014-03-14,52.18,52.38,51.97,52.11,1261000
2014-03-17,52.11,52.25,51.56,52.25,857000
2014-03-18,52.59,52.66,52.04,52.66,1231000
2014-03-19,52.66,52.66,52.38,52.66,712000
2014-03-20,52.52,52.52,51.15,52.11,2469000
2014-03-21,52.31,52.31,51.36,51.36,3691000
2014-03-24,51.36,52.25,51.36,52.04,1945000
2014-03-25,51.97,52.04,51.42,52.04,1857000
2014-03-26,52.04,52.11,51.63,51.63,1574000
2014-03-27,52.11,52.79,51.9,52.79,2981000
2014-03-28,52.72,52.79,52.04,52.59,2046000
2014-03-31,52.66,53.0,52.11,53.0,2058000
2014-04-01,52.66,53.13,52.31,53.0,2241000
2014-04-02,53.2,53.2,52.38,52.86,973000
2014-04-03,52.93,52.93,52.38,52.93,1090000
2014-04-07,52.45,52.66,52.04,52.38,1531000
2014-04-08,52.25,52.59,52.04,52.52,929000
2014-04-09,52.52,52.52,52.04,52.31,1155000
2014-04-10,52.45,52.59,52.04,52.52,1244000
2014-04-11,52.31,52.45,52.04,52.31,923000
2014-04-14,52.38,52.45,51.83,52.31,1285000
2014-04-15,52.45,52.79,51.9,52.79,1608000
2014-04-16,52.25,53.34,52.11,52.86,3966000
2014-04-17,52.52,52.72,52.38,52.45,1314000
2014-04-18,52.66,52.66,52.45,52.45,284000
2014-04-21,52.45,52.59,52.31,52.31,480000
2014-04-22,52.31,52.66,52.18,52.66,922000
2014-04-23,52.66,53.13,52.25,52.25,1144000
2014-04-24,52.66,52.72,52.18,52.52,703000
2014-04-25,52.79,52.79,51.7,51.97,1043000
2014-04-28,51.29,52.52,51.29,51.97,1750000
2014-04-29,51.97,52.31,51.77,51.9,1274000
2014-04-30,52.25,52.66,51.9,51.9,3827000
2014-05-02,52.52,52.52,52.04,52.31,798000
2014-05-05,52.31,52.52,51.83,51.97,1016000
2014-05-06,51.97,51.97,51.42,51.83,1153000
2014-05-07,51.29,52.45,51.29,51.56,1413000
2014-05-08,51.63,51.9,51.36,51.83,880000
2014-05-09,51.9,51.97,51.36,51.97,1142000
2014-05-12,51.83,51.9,51.36,51.9,571000
2014-05-13,51.9,52.31,51.7,52.11,1298000
2014-05-14,51.97,52.31,51.56,51.9,2170000
2014-05-15,51.9,51.9,51.15,51.36,1434000
2014-05-16,51.36,51.36,50.54,50.74,2219000
2014-05-19,50.74,50.88,50.33,50.6,1866000
2014-05-20,50.6,50.67,49.99,50.26,1546000
2014-05-21,50.6,50.6,49.92,49.99,2323000
2014-05-22,49.99,50.6,49.99,50.47,1810000
2014-05-23,50.26,50.6,50.26,50.6,1508000
2014-05-26,50.6,50.67,50.4,50.54,1029000
2014-05-27,50.67,51.22,50.47,50.6,1476000
2014-05-28,50.6,51.01,50.4,50.6,3350000
2014-05-29,50.67,50.81,50.4,50.47,2102000
2014-05-30,50.74,50.74,50.13,50.13,2355000
2014-06-03,50.26,50.81,50.13,50.6,2141000
2014-06-04,50.6,50.6,50.13,50.26,1011000
2014-06-05,50.6,50.6,50.13,50.6,1045000
2014-06-06,50.6,50.67,50.06,50.13,1649000
2014-06-09,50.26,50.47,50.19,50.4,1645000
2014-06-10,50.54,50.81,50.33,50.81,1082000
2014-06-11,50.95,51.08,50.81,50.88,1619000
2014-06-12,50.88,51.36,50.88,51.36,1054000
2014-06-13,51.36,51.56,51.08,51.56,1324000
2014-06-16,51.63,51.83,51.36,51.63,2876000
2014-06-17,51.63,51.63,50.95,51.15,2457000
2014-06-18,51.15,52.66,51.08,52.31,6957
2014-06-19,52.31,52.31,51.42,51.83,3218000
2014-06-20,51.83,52.18,51.83,51.83,3537000
2014-06-23,51.9,52.52,51.9,52.52,3092000
2014-06-24,52.52,52.86,51.9,52.25,4439000
2014-06-25,52.66,52.86,52.25,52.72,2764000
2014-06-26,52.93,53.13,52.72,53.13,3150000
2014-06-27,53.13,53.48,53.0,53.34,4552000
2014-06-30,53.34,53.82,53.2,53.2,4855000
2014-07-01,53.34,54.54,53.27,54.19,5050
2014-07-02,54.33,54.33,53.13,53.34,2880000
2014-07-03,53.41,53.7,52.92,52.99,1667000
2014-07-04,53.34,53.49,52.5,52.64,1997000
2014-07-07,52.5,52.5,52.14,52.28,1800000
2014-07-08,52.28,52.78,52.21,52.71,1542000
2014-07-09,52.92,53.13,52.28,52.5,1740000
2014-07-10,52.92,53.63,52.5,53.63,2134000
2014-07-11,53.49,53.84,53.13,53.13,3050000
2014-07-14,53.63,53.63,53.13,53.49,929000
2014-07-15,53.49,53.56,52.99,53.34,949000
2014-07-16,53.34,53.34,52.85,52.99,839000
2014-07-17,52.85,53.63,52.85,53.63,1452000
2014-07-18,53.63,53.77,53.34,53.34,1323000
2014-07-21,53.34,53.56,52.99,53.2,904000
2014-07-22,53.2,53.84,53.13,53.7,2500000
2014-07-23,53.7,53.7,53.7,53.7,0
2014-07-24,53.27,53.77,53.06,53.77,1431000
2014-07-25,53.77,53.77,53.27,53.34,1448000
2014-07-28,53.41,53.91,53.34,53.77,2621000
2014-07-29,53.91,54.76,53.7,54.62,4809000
2014-07-30,54.4,54.76,54.19,54.19,2460000
2014-07-31,54.19,54.76,53.63,54.19,3304000
2014-08-01,53.49,54.76,53.49,54.19,1629000
2014-08-04,54.69,54.69,53.06,53.13,1932000
2014-08-05,53.13,53.13,51.72,52.07,2963000
2014-08-06,52.07,52.99,51.93,52.43,1574000
2014-08-07,52.28,52.99,52.0,52.07,1630000
2014-08-08,52.43,52.64,51.93,51.93,1604000
2014-08-11,52.5,52.57,51.93,52.07,585000
2014-08-12,52.0,52.0,51.15,51.22,3038000
2014-08-13,51.22,51.86,51.08,51.58,1292000
2014-08-14,51.86,51.86,51.08,51.22,2575000
2014-08-15,51.22,51.44,50.94,51.08,1645000
2014-08-18,51.72,51.72,51.08,51.22,1503000
2014-08-19,51.58,51.79,51.58,51.79,919000
2014-08-20,51.86,52.07,51.51,52.07,1039000
2014-08-21,52.07,52.43,51.65,51.65,1359000
2014-08-22,51.65,53.06,51.65,52.85,3051000
2014-08-25,52.85,53.2,51.93,53.2,2318000
2014-08-26,53.2,53.2,52.64,52.92,942000
2014-08-27,52.92,53.7,52.57,53.7,3504000
2014-08-28,53.41,53.91,53.27,53.91,1495000
2014-08-29,53.63,53.91,52.78,53.34,2442000
2014-09-01,53.34,53.84,52.85,53.7,1509000
2014-09-02,53.7,53.7,52.92,53.49,1717000
2014-09-03,53.49,53.7,52.92,53.7,1203000
2014-09-04,53.7,53.98,52.85,53.98,1955000
2014-09-05,53.34,53.91,53.34,53.63,364000
2014-09-09,53.34,53.91,53.34,53.7,1038000
2014-09-10,53.34,53.34,52.28,52.28,1809000
2014-09-11,52.28,52.28,51.79,52.0,1027000
2014-09-12,52.0,53.13,52.0,52.14,1191000
2014-09-15,52.14,52.35,52.0,52.21,343000
2014-09-16,52.21,52.21,51.93,52.0,942000
2014-09-17,52.0,52.35,50.66,51.29,4230000
2014-09-18,51.37,51.79,51.22,51.79,708000
2014-09-19,51.79,52.0,51.44,51.79,1302000
2014-09-22,51.29,51.37,50.94,51.37,1476000
2014-09-23,50.94,51.37,50.94,51.08,821000
2014-09-24,51.08,52.5,51.08,52.21,2100000
2014-09-25,52.21,52.21,51.22,51.58,964000
2014-09-26,51.51,52.14,51.44,51.93,1585000
2014-09-29,52.14,52.14,51.22,51.58,1842000
2014-09-30,51.22,52.64,50.94,52.14,2766000
2014-10-01,52.0,52.07,51.37,51.65,1488000
2014-10-02,51.58,52.21,51.08,51.15,2225000
2014-10-03,51.37,51.44,51.01,51.22,809000
2014-10-06,51.08,51.22,50.87,50.87,1084000
2014-10-07,50.87,51.01,50.16,50.38,1680000
2014-10-08,50.09,50.66,50.09,50.66,1156000
2014-10-09,50.66,50.8,50.16,50.8,1011000
2014-10-13,50.52,51.08,50.23,50.23,1595000
2014-10-14,50.23,50.52,49.67,49.74,1292000
2014-10-15,49.74,49.74,48.47,48.89,3767000
2014-10-16,48.75,49.18,48.61,49.1,1734000
2014-10-17,49.1,49.18,47.69,48.04,5803
2014-10-20,48.04,48.61,48.04,48.54,2601000
2014-10-21,48.19,48.33,47.69,48.33,2229000
2014-10-22,48.96,48.96,48.26,48.75,2100000
2014-10-23,47.83,48.4,47.76,48.26,2192000
2014-10-24,48.4,48.4,47.34,47.83,3759000
2014-10-27,47.9,48.04,47.13,48.04,2203000
2014-10-28,48.54,49.74,48.54,48.96,2440000
2014-10-29,49.46,50.02,49.1,50.02,1306000
2014-10-30,49.46,50.23,49.46,50.23,1042000
2014-10-31,50.23,50.38,49.46,50.38,1215000
2014-11-03,49.95,50.02,48.96,49.25,3726000
2014-11-04,49.25,49.25,48.4,48.54,2504000
2014-11-05,48.47,48.68,48.33,48.61,1561000
2014-11-06,48.89,49.1,48.19,48.19,1721000
2014-11-07,48.19,48.68,48.19,48.26,690000
2014-11-10,48.26,49.46,48.26,49.46,1819000
2014-11-11,49.46,49.88,49.39,49.88,1321000
2014-11-12,49.74,49.74,47.48,48.26,1777000
2014-11-13,48.33,49.18,48.04,49.03,1983000
2014-11-14,48.75,49.03,47.9,48.33,1918000
2014-11-17,48.47,48.61,47.55,47.69,1808000
2014-11-18,48.26,49.03,48.04,49.03,1960000
2014-11-19,49.1,49.46,48.54,48.54,3389000
2014-11-20,48.54,49.46,48.54,49.46,1255000
2014-11-21,49.46,49.6,49.25,49.46,986000
2014-11-24,49.46,50.02,49.25,49.95,1029000
2014-11-25,49.95,49.95,49.1,49.1,2104000
2014-11-26,49.18,49.46,49.1,49.1,653000
2014-11-27,49.46,49.81,49.39,49.67,849000
2014-11-28,49.1,49.46,49.1,49.46,1025000
2014-12-01,48.61,49.03,48.12,48.61,1925000
2014-12-02,49.03,49.53,47.83,48.04,3219000
2014-12-03,48.04,48.68,47.69,48.4,1658000
2014-12-04,49.03,49.03,48.4,48.4,1670000
2014-12-05,48.12,48.61,48.04,48.26,1169000
2014-12-08,47.83,48.19,47.62,48.19,2041000
2014-12-09,48.04,48.04,47.41,47.76,1240000
2014-12-10,47.76,47.97,47.41,47.69,2084000
2014-12-11,47.34,47.62,47.13,47.27,1519000
2014-12-12,47.13,47.69,46.42,46.42,3902000
2014-12-15,46.42,46.42,44.58,45.01,4955000
2014-12-16,44.94,46.91,44.87,45.64,3898000
2014-12-17,46.56,46.56,45.29,45.43,4439000
2014-12-18,47.06,47.06,45.29,45.93,2646000
2014-12-19,46.07,46.63,45.64,46.63,2392000
2014-12-22,46.98,47.06,46.42,46.77,2198000
2014-12-23,46.77,47.69,46.63,47.2,1659000
2014-12-24,47.55,47.83,47.2,47.83,1571000
2014-12-25,48.04,48.04,47.48,47.62,545000
2014-12-26,47.41,48.75,47.41,48.4,1327000
2014-12-29,48.12,49.18,48.12,48.4,2196000
2014-12-30,48.68,48.89,48.04,48.12,1233000
2014-12-31,48.12,49.39,48.04,48.54,2300000
2015-01-05,48.54,48.75,47.06,47.62,3422000
2015-01-06,47.13,47.13,46.0,46.0,3800000
2015-01-07,46.0,46.0,45.57,45.64,3469000
2015-01-08,45.93,46.98,45.93,46.77,3158000
2015-01-09,46.84,46.91,46.14,46.42,2193000
2015-01-12,46.35,46.77,45.78,46.07,2640000
2015-01-13,45.93,46.84,45.93,46.77,3419000
2015-01-14,46.77,46.84,46.0,46.28,3020000
2015-01-15,46.63,46.77,45.93,46.28,2288000
2015-01-16,46.0,46.21,45.57,45.78,3563000
2015-01-19,46.49,46.63,45.93,46.21,2627000
2015-01-20,46.35,46.56,46.07,46.35,1750000
2015-01-21,46.28,46.91,46.14,46.91,2208000
2015-01-22,46.98,47.62,46.98,47.48,3588000
2015-01-23,47.69,47.69,47.34,47.69,2114000
2015-01-26,47.69,47.69,46.98,47.34,2671000
2015-01-27,47.55,47.9,47.34,47.9,1618000
2015-01-28,47.76,48.04,47.34,48.04,1894000
2015-01-29,47.69,47.76,47.41,47.48,2350000
2015-01-30,47.55,47.9,47.48,47.48,1886000
2015-02-02,48.04,48.4,47.69,48.12,3248000
2015-02-03,48.75,49.03,48.61,49.03,4600000
2015-02-04,49.67,50.16,48.75,49.18,6320
2015-02-05,48.75,49.03,48.04,48.47,3451000
2015-02-06,48.61,48.68,48.12,48.54,2475000
2015-02-09,48.68,48.68,48.12,48.19,2721000
2015-02-10,48.19,48.89,48.04,48.61,3308000
2015-02-11,48.54,48.75,48.04,48.75,3552000
2015-02-12,48.75,49.25,48.4,49.25,3555000
2015-02-13,49.1,49.39,49.03,49.39,2537000
2015-02-24,49.46,49.81,49.39,49.67,4764000
2015-02-25,49.67,49.81,49.1,49.46,2121000
2015-02-26,49.46,49.46,48.61,48.61,2412000
2015-03-02,48.61,48.75,47.76,47.83,4538000
2015-03-03,47.83,48.04,47.13,47.55,4139000
2015-03-04,47.76,48.04,47.34,47.83,3361000
2015-03-05,47.97,48.04,47.34,47.34,3573000
2015-03-06,47.48,47.9,47.34,47.76,3310000
2015-03-09,47.76,48.19,47.34,47.9,2081000
2015-03-10,47.97,48.19,47.76,47.97,2096000
2015-03-11,47.69,47.69,47.2,47.41,2240000
2015-03-12,47.41,47.9,47.34,47.9,1273000
2015-03-13,47.9,48.12,47.62,47.62,1615000
2015-03-16,47.55,47.83,47.48,47.48,1186000
2015-03-17,47.48,48.04,47.48,47.69,1050000
2015-03-18,47.76,48.19,47.69,48.19,1967000
2015-03-19,48.4,48.75,48.33,48.75,2622000
2015-03-20,48.47,48.61,48.04,48.4,2070000
2015-03-23,48.33,48.4,47.76,48.04,1475000
2015-03-24,47.97,47.97,47.48,47.55,1604000
2015-03-25,47.48,47.9,47.41,47.62,1138000
2015-03-26,47.48,48.61,47.48,48.61,3063000
2015-03-27,48.61,48.96,48.47,48.89,3155000
2015-03-30,48.68,49.18,48.26,48.96,2716000
2015-03-31,49.03,49.1,48.19,48.4,2272000
2015-04-01,48.61,48.61,47.69,47.76,4208000
2015-04-02,47.9,48.47,47.69,47.97,3402000
2015-04-07,48.33,49.81,48.33,49.81,9607
2015-04-08,49.81,51.37,49.46,50.87,7144
2015-04-09,50.87,50.87,50.16,50.59,4274000
2015-04-10,50.59,51.37,50.59,51.29,4150000
2015-04-13,51.29,51.79,50.94,51.65,3045000
2015-04-14,51.29,51.72,50.94,51.08,2330000
2015-04-15,51.08,51.44,50.09,50.59,5229
2015-04-16,50.94,52.43,50.59,52.35,6786
2015-04-17,52.28,52.99,51.93,52.57,5273
2015-04-20,52.28,53.34,52.14,52.99,4173000
2015-04-21,52.99,53.13,52.28,53.06,4240000
2015-04-22,53.06,54.12,52.78,54.12,8721
2015-04-23,54.26,55.89,54.05,55.53,10440
2015-04-24,55.53,56.52,55.46,56.24,9314
2015-04-27,56.24,58.08,55.75,57.51,8371
2015-04-28,57.51,57.65,56.81,57.58,4171000
2015-04-29,57.51,59.0,57.3,57.87,5414
2015-04-30,58.43,59.0,55.82,55.82,5707
2015-05-04,56.52,57.16,56.52,56.88,2621000
2015-05-05,57.09,57.79,56.59,57.44,3100000
2015-05-06,57.23,57.79,56.66,57.44,2873000
2015-05-07,57.23,57.44,56.52,56.81,3469000
2015-05-08,56.81,56.95,55.6,56.17,4634000
2015-05-11,56.38,57.09,55.68,56.31,3013000
2015-05-12,56.59,58.08,56.45,57.23,4397000
2015-05-13,57.23,58.01,56.88,56.88,1587000
2015-05-14,56.59,56.74,55.82,56.24,3372000
2015-05-15,52.5,55.6,52.5,53.77,4470000
2015-05-18,53.77,54.33,53.2,54.33,2493000
2015-05-19,55.04,56.74,54.4,56.59,4812000
2015-05-20,56.59,56.59,54.76,55.68,3734000
2015-05-21,55.18,56.03,53.84,55.18,5208
2015-05-22,55.68,55.96,55.11,55.53,1778000
2015-05-25,55.53,55.53,53.91,54.4,4112000
2015-05-26,54.47,55.39,54.4,54.83,3267000
2015-05-27,54.4,54.54,53.41,54.05,2854000
2015-05-28,54.12,54.33,52.99,53.13,3268000
2015-05-29,52.92,53.7,52.92,53.06,3428000
2015-06-01,53.06,53.77,52.85,52.85,1570000
2015-06-02,52.85,53.77,52.71,53.63,2968000
2015-06-03,53.63,53.63,52.71,52.92,3207000
2015-06-04,52.85,53.34,50.94,51.37,4783000
2015-06-05,51.37,53.49,51.29,52.43,6697
2015-06-08,53.41,55.11,52.71,54.62,4817000
2015-06-09,54.62,55.32,53.98,54.47,4402000
2015-06-10,54.69,55.39,53.84,55.04,3721000
2015-06-11,55.11,55.11,53.77,54.9,3185000
2015-06-12,54.9,54.9,53.77,54.54,2459000
2015-06-15,54.19,54.19,52.71,53.13,2571000
2015-06-16,53.91,55.75,52.99,55.04,6252
2015-06-17,55.04,55.04,52.64,53.2,6245
2015-06-18,52.99,53.13,51.37,52.14,5438
2015-06-22,52.43,53.91,52.43,53.84,2870000
2015-06-23,54.4,54.47,53.34,54.26,2111000
2015-06-24,54.54,54.76,54.05,54.76,1986000
2015-06-25,54.9,55.53,54.9,55.53,3650000
2015-06-26,55.53,55.89,54.97,55.04,2483000
2015-06-29,55.04,55.04,53.63,54.76,2299000
2015-06-30,54.4,55.96,54.19,55.96,4475000
2015-07-01,55.68,56.74,55.32,56.38,4708000
2015-07-02,57.27,57.27,56.13,57.13,4144000
2015-07-03,56.85,56.85,55.06,55.99,4123000
2015-07-06,55.7,56.42,55.7,56.42,2245000
2015-07-07,55.7,56.27,54.85,55.35,4932000
2015-07-08,54.63,54.63,52.56,53.63,5751
2015-07-09,53.35,54.85,52.99,54.85,3078000
2015-07-10,54.85,54.85,54.85,54.85,0
2015-07-13,54.85,55.13,53.56,54.78,3068000
2015-07-14,54.92,55.7,53.7,55.2,3202000
2015-07-15,55.63,55.63,53.56,55.2,5114
2015-07-16,54.63,55.13,54.28,54.35,1856000
2015-07-17,54.78,55.92,54.2,55.85,3871000
2015-07-20,56.35,56.35,53.99,54.42,2233000
2015-07-21,54.85,54.85,53.63,53.92,2399000
2015-07-22,54.28,54.92,53.7,53.92,3473000
2015-07-23,53.7,54.35,53.06,53.85,3231000
2015-07-24,53.92,53.92,53.13,53.49,2426000
2015-07-27,53.49,53.7,52.7,53.35,2931000
2015-07-28,54.13,54.42,53.35,53.78,3572000
2015-07-29,53.78,53.85,53.06,53.2,1836000
2015-07-30,53.2,53.78,52.99,53.28,1591000
2015-07-31,53.06,53.2,52.13,53.2,2756000
2015-08-03,53.2,53.28,51.06,52.92,3029000
2015-08-04,53.28,54.13,52.56,54.13,3733000
2015-08-05,54.13,55.2,53.85,54.42,2929000
2015-08-06,54.06,54.63,52.7,53.63,3048000
2015-08-07,52.92,52.92,52.49,52.63,2330000
2015-08-10,52.28,52.56,51.63,51.78,2294000
2015-08-11,51.78,52.13,49.56,49.78,4886000
2015-08-12,50.2,51.7,50.13,51.2,4226000
2015-08-13,51.2,52.06,51.2,51.42,2579000
2015-08-14,51.42,52.06,50.7,51.56,1505000
2015-08-17,51.28,51.78,51.06,51.06,877000
2015-08-18,51.06,51.2,49.85,49.85,2134000
2015-08-19,49.56,51.06,49.28,49.78,3937000
2015-08-20,50.56,51.56,49.28,50.7,4391000
2015-08-21,49.99,51.13,49.99,50.63,4082000
2015-08-24,50.28,50.35,45.63,46.49,8489
2015-08-25,46.49,47.7,46.49,47.21,4032000
2015-08-26,47.21,48.2,46.63,47.85,2897000
2015-08-27,47.85,48.13,46.85,47.42,5383
2015-08-28,48.99,51.2,48.2,50.49,4341000
2015-08-31,50.49,52.06,50.13,52.06,4730000
2015-09-01,51.78,52.42,51.42,51.78,3820000
2015-09-02,50.99,51.78,50.35,50.85,3944000
2015-09-03,51.63,51.63,50.56,51.35,1949000
2015-09-04,50.92,52.35,50.92,52.35,2856000
2015-09-07,52.13,52.49,51.13,51.56,1548000
2015-09-08,51.35,51.92,50.85,51.63,1035000
2015-09-09,52.35,53.35,52.2,53.2,2876000
2015-09-10,52.85,53.56,52.78,53.56,2337000
2015-09-11,52.99,53.28,52.56,52.99,2037000
2015-09-14,52.99,52.99,52.56,52.85,2002000
2015-09-15,52.85,53.56,52.56,53.42,1638000
2015-09-16,53.35,53.7,53.2,53.56,1911000
2015-09-17,53.92,55.63,53.85,54.99,6205
2015-09-18,54.99,54.99,53.49,53.7,2762000
2015-09-21,53.28,53.85,53.2,53.56,4858000
2015-09-22,54.56,55.35,53.7,55.27,2551000
2015-09-23,54.13,54.56,53.92,54.2,1988000
2015-09-24,54.35,54.99,53.99,54.06,1798000
2015-09-25,54.99,54.99,53.92,54.06,1435000
2015-09-29,54.06,54.06,54.06,54.06,0
2015-09-30,53.85,55.92,53.7,55.92,4800000
2015-10-01,55.7,56.27,54.7,56.06,3010000
2015-10-02,56.06,56.35,55.77,56.06,2030000
2015-10-05,56.06,56.63,56.06,56.42,2247000
2015-10-06,56.77,57.13,56.56,57.13,2427000
2015-10-07,57.35,58.27,56.85,58.27,3492000
2015-10-08,58.42,58.56,57.2,57.2,3667000
2015-10-12,58.35,60.27,58.27,59.7,5309
2015-10-13,58.92,58.92,57.56,57.85,4481000
2015-10-14,57.35,58.49,57.35,57.63,3806000
2015-10-15,58.42,58.49,57.7,57.7,4154000
2015-10-16,57.7,58.35,57.49,57.49,2065000
2015-10-19,57.49,59.2,57.49,58.27,2685000
2015-10-20,58.27,58.42,57.35,57.77,2289000
2015-10-21,57.92,58.2,57.35,57.42,1642000
2015-10-22,57.42,57.7,56.42,56.92,1977000
2015-10-23,58.13,58.92,57.63,58.56,4858000
2015-10-26,58.56,58.85,57.77,58.06,3089000
2015-10-27,58.2,58.2,57.42,57.49,1832000
2015-10-28,57.27,57.27,56.42,56.56,2425000
2015-10-29,57.2,57.2,55.27,55.85,2866000
2015-10-30,55.85,56.56,55.35,56.49,2424000
2015-11-02,55.99,56.85,55.92,56.85,1260000
2015-11-03,57.27,58.2,57.27,58.13,3178000
2015-11-04,58.2,59.27,57.85,59.06,5452
2015-11-05,58.99,59.06,57.92,57.92,1930000
2015-11-06,57.85,58.13,56.42,57.06,2684000
2015-11-09,57.13,57.7,55.77,55.92,3584000
2015-11-10,55.7,55.7,54.7,54.78,4439000
2015-11-11,54.78,54.92,53.42,53.7,6182
2015-11-12,53.85,54.7,53.78,54.28,2453000
2015-11-13,54.49,54.92,53.7,53.92,3123000
2015-11-16,53.78,54.56,53.56,54.2,1679000
2015-11-17,55.42,55.49,54.49,54.49,3183000
2015-11-18,54.56,55.06,53.56,54.13,2735000
2015-11-19,54.49,55.2,53.63,54.78,3471000
2015-11-20,54.92,55.35,54.7,55.35,1738000
2015-11-23,55.7,55.77,55.13,55.42,2769000
2015-11-24,55.7,55.99,54.49,54.92,2119000
2015-11-25,55.49,55.7,54.85,55.2,3397000
2015-11-26,55.49,56.56,55.42,55.49,3886000
2015-11-27,55.7,55.99,54.78,54.99,1884000
2015-11-30,54.42,55.13,53.7,55.13,6136
2015-12-01,55.42,55.42,53.99,53.99,5770
2015-12-02,54.06,54.78,53.99,54.7,2770000
2015-12-03,54.06,54.78,53.78,54.63,3567000
2015-12-04,54.2,54.28,53.13,53.92,4084000
2015-12-07,53.99,54.85,53.63,53.7,2543000
2015-12-08,53.2,53.56,52.78,52.92,4082000
2015-12-09,52.7,53.35,52.7,52.92,4640000
2015-12-10,52.7,52.99,52.28,52.85,3492000
2015-12-11,52.49,52.99,51.78,52.49,4456000
2015-12-14,52.13,52.99,51.78,52.99,3391000
2015-12-15,53.2,54.28,53.2,53.42,4048000
2015-12-16,53.42,55.13,53.06,54.99,5519
2015-12-17,54.99,55.49,54.2,55.49,3508000
2015-12-18,54.63,55.35,54.42,55.35,3627000
2015-12-21,54.7,55.27,54.42,55.27,1927000
2015-12-22,55.27,55.63,54.85,55.49,2090000
2015-12-23,55.63,55.7,55.13,55.7,1384000
2015-12-24,56.06,57.13,56.06,57.06,3810000
2015-12-25,57.06,57.49,56.92,57.06,1925000
2015-12-28,56.99,57.13,56.2,56.2,2013000
2015-12-29,55.56,56.42,55.35,55.99,2478000
2015-12-30,56.42,56.42,55.06,55.42,1805000
2015-12-31,55.7,56.27,55.56,56.27,1148000
2016-01-04,56.49,56.56,53.99,54.92,5426
2016-01-05,54.99,55.49,54.35,54.49,3075000
2016-01-06,54.92,55.7,54.35,54.99,3733000
2016-01-07,54.99,54.99,53.06,54.42,6700
2016-01-08,53.85,54.35,53.28,54.28,3289000
2016-01-11,53.56,54.49,53.35,54.28,2434000
2016-01-12,54.28,54.99,54.13,54.92,3227000
2016-01-13,55.13,57.06,55.13,56.35,7732
2016-01-14,56.63,57.13,56.27,56.42,6328
2016-01-15,56.7,57.13,55.92,56.27,3725000
2016-01-18,55.35,57.42,55.35,56.42,3717000
2016-01-19,55.85,56.13,55.77,55.92,1610000
2016-01-20,56.2,56.63,55.92,56.35,3242000
2016-01-21,56.77,57.42,56.35,56.35,4463000
2016-01-22,57.2,58.35,56.85,56.99,4145000
2016-01-25,57.85,58.49,57.63,57.85,4407000
2016-01-26,56.99,57.85,56.99,57.85,2899000
2016-01-27,58.13,58.13,56.92,57.27,3131000
2016-01-28,57.77,57.85,56.99,57.13,3490000
2016-01-29,57.42,58.56,57.2,58.56,5710
2016-02-01,58.85,58.92,58.42,58.92,2948000
2016-02-02,58.35,58.99,58.27,58.85,3192000
2016-02-03,58.56,58.63,57.42,57.42,2294000
2016-02-15,57.13,57.85,56.56,57.56,3047000
2016-02-16,57.85,57.99,57.2,57.49,3075000
2016-02-17,57.56,58.42,57.35,57.85,2512000
2016-02-18,58.2,59.7,57.92,59.27,6728
2016-02-19,59.27,59.42,58.7,59.27,2803000
2016-02-22,59.42,59.56,58.42,58.7,2490000
2016-02-23,59.27,59.27,58.7,58.92,2380000
2016-02-24,59.2,60.35,59.13,59.63,5016
2016-02-25,59.63,60.27,59.42,60.27,2589000
2016-02-26,60.42,60.7,59.85,60.27,3879000
2016-03-01,60.27,61.77,60.2,61.63,3846000
2016-03-02,61.85,62.63,61.13,61.13,3316000
2016-03-03,61.13,61.56,60.77,61.2,2593000
2016-03-04,61.63,62.99,61.13,62.56,3943000
2016-03-07,63.2,64.42,62.92,63.7,6020
2016-03-08,64.27,64.27,62.56,62.84,5964
2016-03-09,63.84,63.84,62.63,62.99,4361000
2016-03-10,62.99,63.49,61.99,62.2,2958000
2016-03-11,62.27,63.2,62.2,62.56,3772000
2016-03-14,62.63,62.63,62.27,62.49,4391000
2016-03-15,62.35,62.49,61.63,62.35,4325000
2016-03-16,62.49,63.42,62.13,62.84,4852000
2016-03-17,63.63,64.63,63.49,64.13,6675
2016-03-18,64.13,67.42,64.13,66.2,9839
2016-03-21,66.2,66.2,64.56,64.84,4914000
2016-03-22,65.63,67.49,65.49,67.49,8297
2016-03-23,67.2,67.42,66.2,66.42,4317000
2016-03-24,67.42,67.42,65.56,66.63,3499000
2016-03-25,66.63,66.63,65.63,65.92,1860000
2016-03-28,65.63,66.2,65.56,65.56,1963000
2016-03-29,65.56,66.06,64.13,64.49,3395000
2016-03-30,65.13,66.84,64.77,66.42,5218
2016-03-31,66.77,66.92,65.92,66.06,3276000
2016-04-01,65.7,67.2,65.27,66.34,4445000
2016-04-06,66.34,66.34,63.7,64.06,6768
2016-04-07,64.27,64.56,63.2,63.99,4522000
2016-04-08,63.27,64.7,63.27,64.2,2813000
2016-04-11,64.34,64.49,63.7,64.13,2225000
2016-04-12,64.84,65.77,64.84,65.2,4110000
2016-04-13,65.7,66.49,65.56,66.13,3930000
2016-04-14,67.06,67.06,65.7,65.84,5265
2016-04-15,65.84,67.13,65.84,67.13,3756000
2016-04-18,66.56,66.7,65.84,66.06,2781000
2016-04-19,66.56,67.13,66.06,66.42,4068000
2016-04-20,67.06,67.42,64.27,65.34,6155
2016-04-21,65.7,65.84,64.2,65.06,3970000
2016-04-22,65.06,65.06,64.13,64.7,3236000
2016-04-25,64.99,65.56,64.49,65.56,1822000
2016-04-26,65.49,66.42,65.13,65.34,2838000
2016-04-27,65.56,66.42,65.56,66.06,2466000
2016-04-28,66.42,67.13,65.99,67.06,5025
2016-04-29,67.06,67.06,65.49,65.49,4007000
2016-05-03,66.34,66.34,64.42,65.2,3189000
2016-05-04,64.7,64.92,63.2,63.27,3493000
2016-05-05,63.06,63.63,62.2,63.06,3937000
2016-05-06,62.92,64.42,62.63,64.27,5772
2016-05-09,64.27,64.7,63.42,64.7,3279000
2016-05-10,64.7,64.77,62.42,63.13,4759000
2016-05-11,63.13,63.34,61.63,61.77,6082
2016-05-12,61.77,63.49,61.42,63.27,5177
2016-05-13,62.35,62.7,60.7,60.92,6494
2016-05-16,60.92,61.92,60.7,61.06,3013000
2016-05-17,61.49,62.84,61.42,62.84,3627000
2016-05-18,61.77,63.84,61.56,63.7,3630000
2016-05-19,63.34,63.63,62.27,63.06,4346000
2016-05-20,62.99,62.99,61.85,61.99,3593000
2016-05-23,61.56,64.27,61.13,64.13,3960000
2016-05-24,63.56,64.56,63.2,63.84,4056000
2016-05-25,64.34,64.77,63.92,64.63,3467000
2016-05-26,64.13,64.27,63.49,63.49,2680000
2016-05-27,64.13,64.84,63.49,64.2,2639000
2016-05-30,63.63,64.77,63.63,64.34,1362000
2016-05-31,63.92,64.27,62.56,63.56,7640
2016-06-01,62.92,63.27,62.77,62.77,2931000
2016-06-02,62.84,63.92,62.84,62.99,4321000
2016-06-03,63.34,63.34,62.13,62.35,3157000
2016-06-06,63.84,64.34,63.7,63.7,2902000
2016-06-07,63.7,64.42,63.7,64.42,4509000
2016-06-08,63.7,64.42,63.13,63.2,6585
2016-06-13,63.2,63.63,61.99,62.2,3558000
2016-06-14,61.99,62.42,61.06,61.56,4405000
2016-06-15,61.27,62.27,61.2,62.27,5628
2016-06-16,61.63,61.85,60.77,61.49,7322
2016-06-17,61.63,61.99,60.2,61.27,15542
2016-06-20,62.06,62.35,61.49,61.92,5351
2016-06-21,61.92,63.27,61.92,63.27,4324000
2016-06-22,62.84,64.13,62.63,63.77,5429
2016-06-23,63.49,63.49,62.84,63.13,2062000
2016-06-24,62.84,63.27,61.06,61.85,4646000
2016-06-27,61.85,62.77,61.49,62.56,2355000
2016-06-28,62.13,62.35,61.63,62.2,252000
2016-06-29,62.2,62.63,61.99,62.49,3094000
2016-06-30,62.84,62.84,62.27,62.49,5700
2016-07-01,62.2,64.27,61.85,64.27,8431
2016-07-04,65.47,65.77,64.42,64.42,5535
2016-07-05,64.27,64.57,63.15,63.45,4879000
2016-07-06,63.15,63.53,62.26,63.23,4829000
2016-07-07,63.53,64.95,63.53,64.65,3947000
2016-07-08,64.65,64.65,64.65,64.65,0
2016-07-11,64.65,65.47,64.35,64.5,4851000
2016-07-12,65.02,66.14,64.95,65.77,6633
2016-07-13,66.52,66.59,65.32,65.77,5241
2016-07-14,65.99,66.07,65.24,65.24,2193000
2016-07-15,65.77,65.77,64.8,65.62,2947000
2016-07-18,65.62,65.77,65.24,65.62,3200000
2016-07-19,65.77,66.29,65.39,66.07,6890
2016-07-20,66.37,67.64,66.22,67.64,8130
2016-07-21,68.01,68.91,67.94,68.68,5336
2016-07-22,68.46,68.83,67.49,67.64,2757000
2016-07-25,68.38,69.28,66.96,67.64,2362000
2016-07-26,67.64,67.64,66.52,67.11,2734000
2016-07-27,67.56,68.01,66.96,68.01,2718000
2016-07-28,68.08,68.68,67.71,68.31,2094000
2016-07-29,67.94,68.46,67.56,67.86,2297000
2016-08-01,68.08,68.68,67.71,68.31,1787000
2016-08-02,68.38,68.61,67.41,67.56,1980000
2016-08-03,66.89,68.08,66.29,67.26,3353000
2016-08-04,67.26,67.79,66.74,67.26,1432000
2016-08-05,67.26,68.01,67.19,67.79,1992000
2016-08-08,67.79,68.38,67.71,68.08,1684000
2016-08-09,68.38,70.85,68.38,70.78,5220
2016-08-10,70.78,73.24,69.95,73.24,5598
2016-08-11,72.87,74.74,71.6,72.42,6054
2016-08-12,72.42,74.74,72.42,74.51,4223000
2016-08-15,74.51,75.11,73.02,73.47,2885000
2016-08-16,73.54,73.54,72.34,73.09,1651000
2016-08-17,73.09,74.29,72.79,74.29,3499000
2016-08-18,74.21,74.21,72.87,72.87,1358000
2016-08-19,73.24,73.62,70.63,71.07,3516000
2016-08-22,70.4,71.07,68.46,70.55,4219000
2016-08-23,70.4,71.15,69.65,70.92,2722000
2016-08-24,70.4,70.92,69.88,70.25,2249000
2016-08-25,69.95,71.07,69.73,70.78,2365000
2016-08-26,70.25,71.37,70.25,71.22,1905000
2016-08-29,71.15,71.15,69.28,70.03,2995000
2016-08-30,70.1,70.25,69.13,69.36,1675000
2016-08-31,68.76,69.8,68.23,68.98,4581000
2016-09-01,68.83,69.36,68.38,68.91,2127000
2016-09-02,68.76,69.58,68.46,68.98,2019000
2016-09-05,68.83,70.25,68.83,69.73,2311000
2016-09-06,69.8,70.48,69.5,70.03,2855000
2016-09-07,70.78,71.82,70.25,71.45,4710000
2016-09-08,71.15,71.75,70.63,71.67,2799000
2016-09-09,71.07,71.6,70.48,71.45,2490000
2016-09-12,69.13,69.58,67.49,67.79,4898000
2016-09-13,67.86,68.83,67.56,68.08,4725000
2016-09-14,67.56,68.38,67.04,67.71,3624000
2016-09-19,67.79,70.18,67.34,70.03,5086
2016-09-20,70.1,70.63,69.5,70.4,2957000
2016-09-21,70.03,71.82,69.88,71.82,4118000
2016-09-22,72.12,72.12,71.22,71.37,2319000
2016-09-23,70.85,71.6,70.48,70.92,2139000
2016-09-26,70.48,71.3,70.48,71.0,972000
2016-09-27,71.0,71.0,71.0,71.0,0
2016-09-28,71.0,71.0,71.0,71.0,0
2016-09-29,71.9,71.9,71.07,71.75,3217000
2016-09-30,71.07,71.45,69.5,70.63,3382000
2016-10-03,70.33,71.75,69.95,71.75,2236000
2016-10-04,71.75,73.02,71.22,72.87,2822000
2016-10-05,72.2,72.57,71.9,72.34,811000
2016-10-06,73.09,73.62,72.87,73.54,2047000
2016-10-07,73.62,74.14,72.87,73.17,3742000
2016-10-11,73.17,74.14,72.79,73.54,3886000
2016-10-12,72.57,73.24,72.2,73.24,3186000
2016-10-13,73.47,74.74,73.47,74.74,5766
2016-10-14,74.59,75.11,74.06,74.66,3415000
2016-10-17,74.74,76.23,73.62,76.23,5376
2016-10-18,75.86,76.23,75.11,75.86,3604000
2016-10-19,75.48,77.73,75.11,76.98,5078
2016-10-20,76.98,79.22,76.98,78.47,7092
2016-10-21,78.1,82.58,75.86,78.85,14136
2016-10-24,78.85,78.85,76.23,76.98,5887
2016-10-25,76.6,80.34,76.6,79.59,4868000
2016-10-26,78.85,79.97,77.35,78.47,3260000
2016-10-27,77.73,78.85,76.98,78.1,2760000
2016-10-28,78.1,78.47,77.35,78.47,2306000
2016-10-31,76.98,78.85,75.86,78.85,3336000
2016-11-01,77.35,78.85,77.35,77.73,2212000
2016-11-02,76.6,77.73,75.48,76.23,3770000
2016-11-03,75.86,77.35,75.48,75.86,4093000
2016-11-04,75.48,76.23,75.11,75.11,2413000
2016-11-07,75.86,79.97,75.86,79.97,5377
2016-11-08,80.72,81.09,78.85,80.72,3993000
2016-11-09,80.72,81.46,76.6,78.1,5907
2016-11-10,79.97,81.09,78.85,78.85,5828
2016-11-11,77.73,78.1,75.86,75.86,4963000
2016-11-14,76.6,76.98,74.21,74.21,6703
2016-11-15,74.21,75.48,73.62,74.36,5598
2016-11-16,75.48,76.23,74.29,74.36,5455
2016-11-17,74.74,74.74,73.84,74.74,4615000
2016-11-18,74.36,75.11,73.99,74.36,4298000
2016-11-21,74.66,75.11,73.91,74.74,1698000
2016-11-22,75.48,78.47,75.48,77.35,3981000
2016-11-23,77.35,79.22,76.98,78.47,3005000
2016-11-24,77.73,78.47,76.98,78.1,1460000
2016-11-25,78.1,78.47,77.35,78.47,1018000
2016-11-28,78.1,79.22,77.73,78.1,1593000
2016-11-29,77.73,78.1,76.6,76.6,2258000
2016-11-30,77.35,80.34,76.23,80.34,5647
2016-12-01,80.34,82.58,79.97,81.84,5018
2016-12-02,81.84,82.21,79.97,81.09,3088000
2016-12-05,80.34,81.09,79.22,80.34,2135000
2016-12-06,81.09,83.7,81.09,82.96,4152000
2016-12-07,83.7,83.7,81.46,82.21,2180000
2016-12-08,82.21,84.83,81.09,83.33,4759000
2016-12-09,83.7,84.83,83.7,84.83,2150000
2016-12-12,85.95,85.95,82.21,82.96,2856000
2016-12-13,82.58,84.83,82.21,84.83,2086000
2016-12-14,83.7,84.08,82.96,83.33,1965000
2016-12-15,82.58,83.33,80.34,81.84,3473000
2016-12-16,81.46,82.21,81.46,81.84,2863000
2016-12-19,81.46,83.33,80.72,81.84,1683000
2016-12-20,81.84,82.58,79.97,80.34,2939000
2016-12-21,80.72,81.46,78.85,79.59,3308000
2016-12-22,79.22,80.34,78.47,78.85,1907000
2016-12-23,78.85,79.22,77.73,78.47,2640000
2016-12-26,78.85,79.22,77.73,78.47,1216000
2016-12-27,78.85,79.59,78.85,79.22,621000
2016-12-28,79.22,81.46,78.85,80.72,2239000
2016-12-29,80.72,81.46,79.59,79.59,2740000
2016-12-30,80.72,84.08,80.34,83.7,4853000
2017-01-03,83.7,83.7,81.46,81.84,2351000
2017-01-04,82.21,82.58,80.72,81.84,3639000
2017-01-05,81.46,83.7,80.72,82.96,3330000
2017-01-06,82.21,82.21,81.09,81.46,1542000
2017-01-09,82.21,82.58,81.46,81.46,1786000
2017-01-10,81.84,82.21,80.34,81.09,3385000
2017-01-11,81.46,81.84,80.34,80.34,1975000
2017-01-12,81.09,82.21,80.72,80.72,2621000
2017-01-13,81.84,82.21,80.72,80.72,1340000
2017-01-16,81.09,81.09,77.73,78.1,4199000
2017-01-17,78.1,79.22,77.73,78.1,2630000
2017-01-18,78.1,78.85,77.35,78.47,4224000
2017-01-19,78.47,78.47,76.98,77.73,3471000
2017-01-20,77.35,78.47,76.98,77.73,3015000
2017-01-23,78.85,79.22,78.47,79.22,3224000
2017-01-24,79.22,79.59,78.47,79.59,2154000
2017-02-02,79.22,79.59,77.35,77.35,5318
2017-02-03,77.73,78.47,77.35,77.73,2567000
2017-02-06,77.73,79.97,77.35,79.59,2590000
2017-02-07,78.47,79.22,77.73,78.1,3115000
2017-02-08,77.73,78.47,76.98,77.73,3736000
2017-02-09,77.35,78.47,77.35,78.1,3050000
2017-02-10,78.47,80.34,78.1,80.34,3977000
2017-02-13,80.72,81.09,79.59,79.59,3780000
2017-02-14,79.97,81.09,79.59,80.72,4715000
2017-02-15,80.72,82.21,79.97,81.46,4129000
2017-02-16,82.21,84.45,81.09,81.09,6309
2017-02-17,81.46,81.46,79.97,79.97,2120000
2017-02-20,80.72,80.72,79.59,80.72,1642000
2017-02-21,79.97,81.09,79.97,80.34,1300000
2017-02-22,80.72,82.21,80.72,81.46,3929000
2017-02-23,81.46,82.21,81.09,81.46,1710000
2017-02-24,81.46,81.84,79.97,79.97,2421000
2017-03-01,79.97,79.97,78.1,78.1,3170000
2017-03-02,78.1,78.85,77.35,78.85,2759000
2017-03-03,77.73,78.47,77.35,78.1,2384000
2017-03-06,79.22,80.34,79.22,80.34,3103000
2017-03-07,79.97,80.72,79.22,80.72,2592000
2017-03-08,79.97,80.34,79.59,79.97,1251000
2017-03-09,79.59,79.59,77.73,77.73,3088000
2017-03-10,77.73,77.73,76.98,77.35,3696000
2017-03-13,77.73,77.73,77.35,77.35,1201000
2017-03-14,78.1,79.97,77.73,79.59,3691000
2017-03-15,78.85,78.85,78.1,78.47,1693000
2017-03-16,79.22,80.34,79.22,79.97,3014000
2017-03-17,80.34,80.34,78.85,79.59,4166000
2017-03-20,79.59,79.97,79.22,79.97,2160000
2017-03-21,79.22,81.09,79.22,80.72,3384000
2017-03-22,79.97,79.97,79.22,79.59,2197000
2017-03-23,79.59,79.97,78.47,79.22,1862000
2017-03-24,79.22,79.97,78.85,79.59,1334000
2017-03-27,79.22,79.59,78.47,79.59,1622000
2017-03-28,79.97,80.72,79.22,79.97,3244000
2017-03-29,80.34,80.34,79.22,79.59,2032000
2017-03-30,79.97,79.97,79.22,79.97,1769000
2017-03-31,79.97,79.97,79.22,79.22,1812000
2017-04-05,79.22,80.72,79.22,80.72,3803000
2017-04-06,79.97,80.34,79.22,79.59,2340000
2017-04-07,79.22,80.72,78.85,80.72,2985000
2017-04-10,81.09,82.58,80.72,82.58,4434000
2017-04-11,82.96,83.33,80.72,81.84,3365000
2017-04-12,82.21,82.21,81.09,81.09,1711000
2017-04-13,81.09,82.96,80.72,82.96,2183000
2017-04-14,82.96,82.96,80.72,81.46,2058000
2017-04-17,81.46,82.58,80.72,82.21,2488000
2017-04-18,82.58,82.96,81.46,81.84,2099000
2017-04-19,81.09,81.46,79.97,80.34,2632000
2017-04-20,79.59,79.97,78.47,79.22,3131000
2017-04-21,79.97,79.97,79.22,79.59,846000
2017-04-24,79.97,79.97,79.22,79.59,687000
2017-04-25,79.97,80.72,79.59,80.72,1944000
2017-04-26,81.09,81.09,78.85,79.97,2978000
2017-04-27,79.22,80.34,79.22,79.97,1195000
2017-04-28,79.59,79.59,78.47,78.85,1925000
2017-05-02,79.22,80.34,78.85,80.34,2582000
2017-05-03,79.59,79.97,78.47,78.85,1567000
2017-05-04,79.22,79.22,78.47,78.85,2138000
2017-05-05,78.47,78.85,77.73,77.73,3456000
2017-05-08,78.47,78.85,76.98,77.35,4058000
2017-05-09,77.35,77.35,75.86,76.23,5032
2017-05-10,76.23,76.6,75.48,76.23,4790000
2017-05-11,76.98,78.1,76.98,77.35,2952000
2017-05-12,78.47,78.47,77.73,78.47,2530000
2017-05-15,78.85,79.59,78.1,79.59,2785000
2017-05-16,81.09,81.46,80.34,81.46,8494
2017-05-17,81.09,81.09,78.85,79.59,4774000
2017-05-18,78.85,79.59,78.1,78.85,3855000
2017-05-19,78.47,78.47,77.73,78.1,3730000
2017-05-22,78.47,79.22,78.1,79.22,4861000
2017-05-23,78.85,79.22,78.1,78.1,4330000
2017-05-24,78.47,79.97,78.47,79.22,3606000
2017-05-25,79.22,79.97,78.85,79.22,3217000
2017-05-26,78.85,79.59,78.47,79.22,4240000
2017-05-31,79.59,80.72,78.85,80.72,15678
2017-06-01,80.72,80.72,78.85,78.85,5136
2017-06-02,79.22,79.97,79.22,79.22,2461000
2017-06-05,78.85,79.97,78.85,79.97,3111000
2017-06-06,79.97,79.97,78.85,79.22,2939000
2017-06-07,79.59,79.97,79.22,79.97,1473000
2017-06-08,79.59,79.59,78.85,79.22,2454000
2017-06-09,79.59,79.97,79.22,79.97,2351000
2017-06-12,79.97,80.34,79.22,79.59,2222000
2017-06-13,79.97,80.34,79.59,80.34,1201000
2017-06-14,80.34,80.34,79.59,79.59,1598000
2017-06-15,79.59,79.97,78.85,79.22,2347000
2017-06-16,79.22,79.97,78.47,79.22,5065
2017-06-19,79.59,80.72,79.22,80.72,2597000
2017-06-20,80.72,81.84,80.34,81.46,3506000
2017-06-21,81.09,82.96,80.34,82.21,5709
2017-06-22,82.21,82.58,81.46,82.21,3604000
2017-06-23,81.46,81.84,81.09,81.09,4211000
2017-06-26,81.46,85.2,81.46,85.2,11186
2017-06-27,86.32,88.94,85.95,87.82,15044
2017-06-28,87.82,87.82,82.7,82.7,17124
2017-06-29,83.48,83.88,81.91,82.7,6431
2017-06-30,82.3,83.48,82.3,82.7,6155
2017-07-03,83.09,83.48,82.7,83.48,2192000
2017-07-04,83.48,83.88,82.7,83.09,2382000
2017-07-05,82.7,83.09,81.91,83.09,3565000
2017-07-06,82.7,83.09,81.91,82.3,2963000
2017-07-07,82.3,82.7,81.91,81.91,1645000
2017-07-10,81.91,82.3,81.12,81.12,1967000
2017-07-11,80.73,81.51,79.94,81.51,4724000
2017-07-12,81.51,82.3,81.12,81.51,2938000
2017-07-13,81.91,82.3,81.51,81.51,2983000
2017-07-14,81.91,81.91,81.12,81.51,1921000
2017-07-17,82.3,83.48,81.91,82.3,4129000
2017-07-18,82.7,82.7,81.91,82.3,1706000
2017-07-19,82.7,82.7,81.91,82.3,1651000
2017-07-20,82.3,83.09,81.91,82.7,3802000
2017-07-21,82.7,83.09,82.3,82.7,1431000
2017-07-24,82.3,82.7,81.91,82.3,1889000
2017-07-25,82.3,82.3,81.12,81.51,2999000
2017-07-26,81.91,82.3,81.12,81.51,4706000
2017-07-27,81.91,83.48,81.51,83.48,3566000
2017-07-28,83.48,83.48,82.3,83.09,1144000
2017-07-31,83.09,83.48,82.3,83.48,2176000
2017-08-01,83.48,83.88,83.09,83.09,1996000
2017-08-02,83.09,83.88,83.09,83.48,1783000
2017-08-03,82.7,83.09,82.3,82.3,2322000
2017-08-04,82.7,83.88,82.7,83.88,3272000
2017-08-07,83.88,84.66,83.88,83.88,3004000
2017-08-08,83.48,83.88,82.7,82.7,4000000
2017-08-09,82.7,83.48,82.3,82.7,2479000
2017-08-10,82.7,83.09,81.51,81.51,2601000
2017-08-11,81.51,82.7,81.51,81.91,1813000
2017-08-14,82.3,83.09,81.51,81.91,2024000
2017-08-15,82.3,82.7,81.91,82.7,1933000
2017-08-16,82.3,82.3,80.73,81.12,4709000
2017-08-17,81.12,81.91,81.12,81.12,1680000
2017-08-18,80.73,81.12,80.33,80.33,2094000
2017-08-21,80.33,81.91,80.33,81.51,1639075
2017-08-22,81.12,81.91,81.12,81.12,613463
2017-08-23,81.12,81.91,80.33,80.33,2411451
2017-08-24,80.33,82.7,80.33,81.91,3375390
2017-08-25,81.91,82.7,81.91,82.7,1815524
2017-08-28,82.7,83.09,82.3,83.09,1845713
2017-08-29,82.7,83.09,82.3,82.7,1915968
2017-08-30,83.09,83.48,82.7,83.48,3491912
2017-08-31,83.48,84.27,83.09,83.88,5148
2017-09-01,83.88,84.66,83.48,83.88,3083397
2017-09-04,83.88,84.66,83.88,84.66,2681541
2017-09-05,84.66,85.06,84.27,85.06,2787191
2017-09-06,84.66,84.66,83.09,83.88,3257351
2017-09-07,84.27,85.06,83.88,84.27,2542013
2017-09-08,84.27,84.27,83.48,84.27,2017312
2017-09-11,84.27,84.66,83.48,83.48,1570835
2017-09-12,83.48,84.27,83.48,84.27,1078957
2017-09-13,83.88,84.27,82.7,82.7,2102158
2017-09-14,82.7,84.66,82.7,83.48,2884854
2017-09-15,83.88,84.66,83.48,83.48,3978168
2017-09-18,83.88,84.27,83.09,83.88,2064960
2017-09-19,83.88,83.88,82.3,82.7,2398667
2017-09-20,82.7,83.09,81.91,83.09,2715930
2017-09-21,82.7,83.48,82.3,82.7,1468035
2017-09-22,82.3,83.09,81.91,82.3,1512911
2017-09-25,82.3,83.09,81.91,83.09,2188146
2017-09-26,83.09,83.88,82.3,82.7,2356762
2017-09-27,82.7,83.88,82.7,83.48,1554044
2017-09-28,83.09,83.48,82.3,82.3,2241681
2017-09-29,82.3,82.7,81.91,82.3,1305916
2017-10-02,83.48,84.27,83.09,84.27,2040325
2017-10-03,84.27,84.27,83.48,84.27,2370250
2017-10-05,83.88,84.66,83.88,84.27,2651932
2017-10-06,84.27,84.66,83.88,84.66,2733634
2017-10-11,84.66,84.66,83.88,84.27,3661341
2017-10-12,84.66,84.66,83.88,83.88,3887251
2017-10-13,83.88,84.27,83.09,83.09,2135195
2017-10-16,83.09,83.48,82.7,83.09,2360695
2017-10-17,83.09,83.48,82.7,83.09,2000186
2017-10-18,83.09,83.88,83.09,83.88,2783575
2017-10-19,84.27,84.27,83.48,83.48,2944908
2017-10-20,83.48,83.88,81.91,82.7,8749
2017-10-23,82.3,82.7,81.91,82.3,2474294
2017-10-24,82.3,82.7,81.91,82.7,1964299
2017-10-25,82.3,83.09,82.3,83.09,1844476
2017-10-26,82.7,83.09,82.3,82.7,938578
2017-10-27,82.7,82.7,82.3,82.7,1035935
2017-10-30,82.7,83.09,82.3,82.3,826896
2017-10-31,82.3,83.09,81.91,83.09,1088426
2017-11-01,83.09,83.48,82.7,83.09,1399465
2017-11-02,82.7,83.48,82.7,83.09,1067537
2017-11-03,83.09,83.88,83.09,83.88,1014630
2017-11-06,83.48,83.88,83.09,83.09,1269876
2017-11-07,83.48,84.27,83.48,83.88,1265106
2017-11-08,83.48,84.27,83.48,83.88,1533053
2017-11-09,83.88,84.27,82.7,82.7,2649456
2017-11-10,82.7,83.48,82.7,83.48,684967
2017-11-13,83.48,84.66,83.48,83.88,2983591
2017-11-14,83.88,84.27,83.48,83.88,1456621
2017-11-15,83.88,84.66,83.48,83.88,2786866
2017-11-16,83.48,83.88,83.48,83.48,1647877
2017-11-17,83.88,83.88,83.48,83.48,1423264
2017-11-20,83.48,83.88,83.09,83.09,1112282
2017-11-21,83.09,84.66,83.09,84.27,3918578
2017-11-22,84.66,85.06,83.88,85.06,2941226
2017-11-23,85.06,85.06,84.27,84.66,947462
2017-11-24,84.66,84.66,83.88,84.66,1388748
2017-11-27,84.66,85.06,84.27,84.27,994488
2017-11-28,84.27,84.66,83.09,83.48,2676090
2017-11-29,83.88,84.27,83.48,83.48,1352684
2017-11-30,83.48,84.27,83.09,83.48,4243814
2017-12-01,83.48,85.45,83.09,85.06,3309158
2017-12-04,85.06,86.63,84.66,86.24,4674905
2017-12-05,85.85,87.82,85.45,87.42,6360
2017-12-06,87.42,87.82,85.45,85.85,3821166
2017-12-07,85.45,86.24,84.66,85.45,1814681
2017-12-08,85.45,85.85,85.06,85.06,1464055
2017-12-11,85.06,86.63,85.06,85.85,1393629
2017-12-12,85.85,86.63,85.85,86.24,1741507
2017-12-13,86.63,89.0,86.63,89.0,4117241
2017-12-14,90.18,90.18,88.6,89.0,2149107
2017-12-15,88.6,89.0,88.21,88.21,3276018
2017-12-18,89.0,90.97,89.0,90.57,2537129
2017-12-19,90.57,91.75,90.57,91.36,2969206
2017-12-20,91.75,91.75,89.78,89.78,1741036
2017-12-21,89.78,90.57,88.6,89.78,2470914
2017-12-22,90.18,90.97,88.6,89.0,2552915
2017-12-25,89.0,89.39,87.42,89.0,2205747
2017-12-26,89.0,90.18,88.21,88.6,1815668
2017-12-27,89.0,92.15,89.0,92.15,4521523
2017-12-28,92.15,92.54,90.57,91.36,3844575
2017-12-29,91.36,92.15,90.97,90.97,2968618
2018-01-02,91.75,92.15,90.57,90.57,2307645
2018-01-03,91.36,92.93,90.97,92.54,4643505
2018-01-04,92.93,93.72,92.15,93.72,4370063
2018-01-05,93.72,94.51,93.72,94.51,4025696
2018-01-08,94.9,96.87,93.72,96.08,4809348
2018-01-09,96.08,96.08,93.72,94.9,6722
2018-01-10,94.9,95.3,93.72,94.51,4932450
2018-01-11,95.3,95.69,93.72,94.12,3515770
2018-01-12,94.9,95.3,93.72,94.51,3360346
2018-01-15,94.9,95.3,93.72,94.51,2314201
2018-01-16,94.51,94.51,93.72,94.51,2241239
2018-01-17,94.51,97.66,94.12,94.51,7024
2018-01-18,96.08,96.08,94.9,94.9,3448049
2018-01-19,95.3,95.69,94.9,95.3,1322490
2018-01-22,94.51,95.3,93.33,94.9,3926266
2018-01-23,95.3,96.48,94.51,96.48,2713968
2018-01-24,96.48,96.48,94.51,95.69,2327992
2018-01-25,95.69,96.87,95.3,96.87,3350264
2018-01-26,96.48,97.66,96.08,97.66,2524355
2018-01-29,98.84,99.63,97.66,99.63,2564709
2018-01-30,98.84,98.84,97.66,97.66,2053042
2018-01-31,96.48,100.02,94.9,97.66,3432323
2018-02-01,98.45,98.45,97.27,98.05,2097958
2018-02-02,97.27,97.27,94.51,94.9,3280733
2018-02-05,92.93,95.3,91.75,94.12,4751767
2018-02-06,90.97,90.97,86.63,89.0,8222
2018-02-07,90.57,95.3,90.18,91.36,8701
2018-02-08,91.36,92.15,89.78,90.97,3970757
2018-02-09,88.21,91.75,87.82,91.36,5041
2018-02-12,90.18,90.57,87.82,87.82,4097668
2018-02-21,89.39,91.36,89.39,90.97,4103166
2018-02-22,90.18,90.18,88.6,89.0,3165960
2018-02-23,89.39,90.97,89.39,90.97,2231728
2018-02-26,91.36,93.33,90.97,92.93,3498702
2018-02-27,92.93,93.33,92.15,92.15,3238496
2018-03-01,90.18,91.36,89.78,90.18,3303630
2018-03-02,89.0,89.39,87.82,88.6,3802989
2018-03-05,89.39,89.78,87.82,87.82,3305729
2018-03-06,89.0,89.78,88.6,89.78,1399378
2018-03-07,89.0,90.18,89.0,89.0,2258069
2018-03-08,89.0,90.18,89.0,90.18,1585610
2018-03-09,90.18,90.18,89.39,89.39,1399608
2018-03-12,90.97,91.36,90.57,91.36,1126476
2018-03-13,90.97,92.54,90.57,92.54,2332977
2018-03-14,92.15,92.54,91.75,92.54,2646971
2018-03-15,91.75,92.54,91.75,92.15,674063
2018-03-16,92.15,92.54,90.18,91.36,6511
2018-03-19,91.36,91.75,90.18,91.36,993624
2018-03-20,91.36,91.36,90.57,90.97,1434798
2018-03-21,91.75,92.15,83.48,83.48,17622
2018-03-22,91.75,91.75,91.75,91.75,6714
2018-03-23,89.78,92.54,89.39,92.54,10401
2018-03-26,92.54,93.33,92.15,93.33,2335797
2018-03-27,93.72,94.51,92.93,94.12,3523055
2018-03-28,92.93,94.12,92.93,93.33,1713595
2018-03-29,94.12,94.51,92.54,93.33,2813164
2018-03-30,93.33,94.51,93.33,94.12,2544767
2018-04-02,93.72,93.72,92.15,92.15,773849
2018-04-03,91.75,92.15,91.36,91.36,2099150
2018-04-09,92.54,93.72,91.36,93.72,2716877
2018-04-10,92.54,93.33,92.15,92.54,1995602
2018-04-11,92.54,94.12,92.54,94.12,1984340
2018-04-12,94.12,94.51,93.33,94.51,1802865
2018-04-13,93.72,94.9,92.93,94.9,2344710
2018-04-16,95.69,95.69,93.72,93.72,1344373
2018-04-17,93.72,94.12,92.15,92.54,2757082
2018-04-18,92.93,94.51,92.54,93.33,1873906
2018-04-19,93.33,94.51,93.33,93.72,2288294
2018-04-20,93.33,94.12,92.93,94.12,1049728
2018-04-23,94.12,94.51,92.93,93.72,2359296
2018-04-24,93.33,93.72,92.15,92.54,2131355
2018-04-25,91.75,94.9,91.75,94.9,1921753
2018-04-26,94.9,94.9,92.93,93.72,2246430
2018-04-27,93.72,94.12,92.93,93.72,1391588
2018-04-30,93.72,95.69,93.72,95.69,1856862
2018-05-02,94.9,95.69,94.12,94.51,1519184
2018-05-03,93.72,94.12,93.33,93.33,1757175
2018-05-04,93.33,93.72,92.93,92.93,1101417
2018-05-07,93.33,93.72,92.54,93.33,1309529
2018-05-08,94.12,95.69,93.33,95.69,2586557
2018-05-09,94.9,96.08,94.51,94.9,2283633
2018-05-10,95.69,98.84,95.69,96.87,3959685
2018-05-11,97.66,100.81,97.27,98.84,4426460
2018-05-14,99.24,101.6,98.84,98.84,2924666
2018-05-15,98.45,98.84,96.48,96.48,4495190
2018-05-16,96.08,98.05,96.08,97.27,2628354
2018-05-17,98.05,100.42,97.66,98.84,3294124
2018-05-18,99.63,100.42,97.27,97.66,2978320
2018-05-21,97.66,99.63,97.66,98.84,1753880
2018-05-22,99.24,100.02,98.05,98.45,2932004
2018-05-23,98.45,98.45,96.08,96.08,3286344
2018-05-24,96.48,97.27,95.69,96.48,1433564
2018-05-25,96.08,96.87,96.08,96.48,1373791
2018-05-28,96.08,96.08,94.12,95.3,2473406
2018-05-29,94.9,95.3,94.12,94.9,2663978
2018-05-30,93.72,94.51,92.93,92.93,3792993
2018-05-31,93.72,96.48,93.72,95.69,17158
2018-06-01,94.51,96.87,94.51,96.08,2685745
2018-06-04,96.08,97.66,95.69,97.27,3600715
2018-06-05,97.27,97.27,94.9,95.69,1884333
2018-06-06,95.3,97.66,95.3,97.66,1834270
2018-06-07,97.27,98.05,96.48,98.05,2712123
2018-06-08,97.66,98.05,96.48,97.66,1652572
2018-06-11,97.27,97.66,96.08,97.27,1836785
2018-06-12,96.08,97.66,96.08,96.87,1850977
2018-06-13,96.08,96.48,95.3,95.3,1723059
2018-06-14,94.51,96.08,94.12,94.12,2648566
2018-06-15,94.12,95.3,94.12,95.3,2934994
2018-06-19,93.33,94.51,92.93,93.33,2843298
2018-06-20,92.93,96.08,92.15,95.3,2972951
2018-06-21,94.9,95.3,93.72,94.12,2757833
2018-06-22,94.51,95.3,93.72,94.51,2277803
2018-06-25,94.51,95.69,94.12,94.12,1690813
2018-06-26,94.12,95.69,93.72,95.69,2132559
2018-06-27,95.69,96.08,94.9,95.3,1940179
2018-06-28,94.12,96.87,94.12,95.3,4239654
2018-06-29,95.3,96.48,94.9,96.48,3247271
2018-07-02,96.08,96.87,95.3,95.3,4017966
2018-07-03,95.3,98.05,95.3,96.87,7059
2018-07-04,97.54,97.95,95.46,95.88,5587
2018-07-05,97.12,99.61,96.71,98.78,4390331
2018-07-06,97.95,98.78,96.29,96.29,2286105
2018-07-09,97.95,98.78,97.12,97.54,1447688
2018-07-10,98.78,98.78,97.54,97.95,1125279
2018-07-11,97.12,99.61,97.12,98.78,2400649
2018-07-12,98.37,98.78,97.95,98.37,860537
2018-07-13,98.78,100.44,97.95,100.44,1704984
2018-07-16,100.86,100.86,98.78,98.78,728194
2018-07-17,98.78,98.78,97.54,98.37,1121834
2018-07-18,98.78,100.44,97.95,100.03,2367906
2018-07-19,100.03,100.44,99.2,99.61,640317
2018-07-20,99.61,100.03,98.78,100.03,965890
2018-07-23,100.03,100.44,99.2,100.44,1040801
2018-07-24,100.44,100.44,99.2,100.03,878546
2018-07-25,100.03,100.03,99.2,99.2,1118242
2018-07-26,100.03,100.03,98.78,99.61,2055569
2018-07-27,99.61,99.61,98.78,99.61,1636408
2018-07-30,99.61,99.61,97.95,98.78,2079660
2018-07-31,99.2,100.03,98.37,100.03,2894837
2018-08-01,100.03,100.44,99.61,100.03,1526356
2018-08-02,99.61,99.61,97.95,98.37,2074532
2018-08-03,98.78,100.44,98.78,100.44,2415755
2018-08-06,99.61,100.86,99.61,100.86,781068
2018-08-07,100.44,100.44,98.78,98.78,1516341
2018-08-08,99.2,100.86,99.2,100.44,2101519
2018-08-09,99.61,100.44,99.61,99.61,641595
2018-08-10,99.2,100.03,99.2,100.03,729401
2018-08-13,100.03,100.03,98.78,99.2,931621
2018-08-14,99.61,100.03,98.78,100.03,996454
2018-08-15,99.2,100.44,99.2,100.03,1165506
2018-08-16,99.2,100.44,99.2,100.03,1033675
2018-08-17,99.61,100.44,99.2,100.44,945618
2018-08-20,100.86,102.52,100.44,102.52,3380043
2018-08-21,102.93,103.76,102.52,103.76,2372979
2018-08-22,103.76,103.76,102.93,103.76,1592016
2018-08-23,103.76,103.76,102.93,103.76,2466078
2018-08-24,103.76,105.84,103.35,105.42,2205333
2018-08-27,105.42,107.5,105.01,106.25,1938757
2018-08-28,106.25,106.67,105.84,106.25,1073634
2018-08-29,106.25,106.25,105.42,106.25,1418472
2018-08-30,106.25,106.25,103.35,103.76,2656221
2018-08-31,104.18,105.42,103.35,104.59,2932550
2018-09-03,104.59,105.01,102.93,103.35,1041429
2018-09-04,104.18,105.01,103.76,105.01,976735
2018-09-05,103.76,104.18,102.52,102.93,2586480
2018-09-06,102.1,102.93,101.27,102.93,2110674
2018-09-07,102.1,102.93,101.27,102.52,1961394
2018-09-10,102.93,103.76,101.69,103.35,2393099
2018-09-11,103.35,104.18,102.1,104.18,1939546
2018-09-12,103.76,106.25,103.35,105.84,3004477
2018-09-13,105.42,110.4,105.42,110.4,5227
2018-09-14,110.4,110.4,107.5,109.57,3374333
2018-09-17,109.57,109.57,107.08,107.5,2026749
2018-09-18,107.08,110.4,105.84,109.99,3698386
2018-09-19,110.4,114.97,109.57,113.72,3864031
2018-09-20,115.38,116.21,113.72,115.38,3263237
2018-09-21,116.21,122.85,116.21,122.02,7860
2018-09-25,121.61,122.02,117.46,117.87,3318489
2018-09-26,118.7,121.61,118.29,121.19,3417078
2018-09-27,121.19,123.68,120.78,122.85,4641399
2018-09-28,122.85,125.34,122.44,122.85,4464396
2018-10-01,123.27,124.93,122.02,123.27,3053861
2018-10-02,124.1,124.51,120.78,122.02,4851241
2018-10-03,120.36,120.36,115.38,116.21,8263
2018-10-04,114.14,115.38,112.48,114.14,10390
2018-10-05,113.31,113.31,108.33,109.99,7584
2018-10-08,108.74,111.23,107.08,110.4,6393
2018-10-09,110.4,113.31,108.74,112.06,4116968
2018-10-11,106.25,107.08,102.93,105.01,9733
2018-10-12,105.01,105.84,102.52,105.42,4701236
2018-10-15,103.76,104.18,102.1,102.1,4062498
2018-10-16,102.52,105.42,102.1,104.18,4589695
2018-10-17,105.42,105.84,101.69,102.1,3708784
2018-10-18,102.1,102.52,100.03,102.1,3192779
2018-10-19,100.44,101.27,99.2,99.2,3346392
2018-10-22,99.61,102.1,98.78,102.1,2155116
2018-10-23,100.44,100.44,99.2,100.03,3138629
2018-10-24,99.61,101.69,98.78,100.03,3406803
2018-10-25,97.12,101.69,97.12,101.27,3880163
2018-10-26,101.69,101.69,97.12,98.37,3564563
2018-10-29,97.95,98.78,97.54,98.37,2043229
2018-10-30,99.2,99.2,97.12,98.37,2798351
2018-10-31,98.78,101.27,98.78,101.27,2596542
2018-11-01,99.61,101.27,99.2,101.27,2665291
2018-11-02,101.27,101.27,98.78,100.03,2108230
2018-11-05,100.03,101.27,99.2,100.86,2221340
2018-11-06,101.27,101.27,98.37,100.03,2971990
2018-11-07,99.61,101.27,99.2,99.61,1606890
2018-11-08,100.86,101.27,98.78,99.2,2612134
2018-11-09,99.2,99.2,97.12,97.12,2206334
2018-11-12,96.71,97.54,94.22,97.12,2134445
2018-11-13,94.63,95.88,93.8,93.8,4033767
2018-11-14,94.22,94.63,90.48,92.14,6992
2018-11-15,92.14,93.39,91.31,92.14,3989203
2018-11-16,92.97,93.8,91.31,92.97,4086690
2018-11-19,93.39,95.46,92.97,95.46,2827242
2018-11-20,95.46,96.29,94.22,95.46,2240194
2018-11-21,93.8,93.8,92.14,92.97,3141326
2018-11-22,93.8,95.46,93.39,95.46,2220990
2018-11-23,95.05,95.46,93.39,94.22,2001750
2018-11-26,93.39,96.29,92.97,93.39,3718430
2018-11-27,93.8,94.22,92.97,93.8,2464556
2018-11-28,93.39,95.46,92.56,94.63,3275857
2018-11-29,95.46,95.46,92.14,92.14,4144905
2018-11-30,92.97,94.63,92.14,92.56,6191
2018-12-03,93.8,96.29,93.39,95.88,3876193
2018-12-04,94.22,95.05,93.39,93.39,3985158
2018-12-05,92.97,94.22,92.97,93.8,1981690
2018-12-06,93.8,93.8,91.31,91.73,4628070
2018-12-07,92.56,93.8,92.14,93.8,1388325
2018-12-10,93.8,94.22,92.97,93.8,1568113
2018-12-11,93.8,93.8,92.97,92.97,1701380
2018-12-12,93.8,93.8,92.14,93.39,2723558
2018-12-13,93.39,93.8,92.97,93.8,1038030
2018-12-14,93.39,93.8,91.73,92.14,2267208
2018-12-17,92.97,93.39,92.14,93.39,1178817
2018-12-18,92.56,92.97,91.73,91.73,1460699
2018-12-19,91.31,92.56,90.9,92.56,1699805
2018-12-20,92.14,92.56,90.9,90.9,2234499
2018-12-21,90.48,90.9,89.65,90.48,2745274
2018-12-24,88.82,89.24,86.33,86.75,3064150
2018-12-25,84.25,85.92,83.42,85.5,3281083
2018-12-26,85.5,86.33,85.5,85.5,1170253
2018-12-27,87.99,90.9,86.75,90.9,3622755
2018-12-28,89.65,91.31,89.24,90.48,1427880
2019-01-02,89.24,90.07,85.08,85.5,3242202
2019-01-03,85.5,86.75,84.25,86.33,2457616
2019-01-04,86.33,87.16,85.08,86.75,2864390
2019-01-07,88.41,90.48,87.99,90.48,2665235
2019-01-08,90.48,91.31,87.58,89.24,4899264
2019-01-09,90.07,94.63,88.82,94.63,6958
2019-01-10,94.22,94.63,91.73,92.56,3069943
2019-01-11,92.14,93.39,91.73,91.73,2507365
2019-01-14,92.56,93.39,90.48,90.9,1999167
2019-01-15,91.73,92.56,91.31,92.14,1821132
2019-01-16,91.31,91.73,90.48,90.48,2880505
2019-01-17,90.48,91.31,90.07,90.48,1310101
2019-01-18,91.31,92.14,90.48,91.73,1577396
2019-01-21,92.56,93.39,92.14,92.97,2253943
2019-01-22,92.97,93.39,91.31,92.14,1306175
2019-01-23,91.31,92.14,90.9,91.31,1733187
2019-01-24,91.31,91.73,88.82,89.24,2782580
2019-01-25,89.24,90.9,89.24,90.07,2152061
2019-01-28,90.48,91.31,90.07,91.31,1146852
2019-01-29,90.48,90.9,89.24,90.07,2677525
2019-01-30,90.48,90.9,89.24,89.24,3264593
2019-02-11,90.07,90.9,88.41,88.41,4327841
2019-02-12,88.82,90.48,88.82,90.48,2146346
2019-02-13,90.9,90.9,88.82,90.07,3858295
2019-02-14,90.07,94.22,90.07,92.97,4908250
2019-02-15,92.14,94.63,92.14,92.97,4056320
2019-02-18,94.22,96.71,93.8,95.88,4055801
2019-02-19,96.29,96.71,95.46,95.46,2468204
2019-02-20,95.88,96.71,95.46,96.29,2446076
2019-02-21,96.29,97.12,95.88,96.71,3388590
2019-02-22,96.29,96.71,94.63,95.46,3654970
2019-02-25,95.88,96.71,95.46,96.29,2143993
2019-02-26,95.88,97.54,95.88,97.12,2817496
2019-02-27,97.12,97.95,96.71,96.71,3706852
2019-03-04,97.54,97.54,95.46,96.71,2314993
2019-03-05,96.29,97.12,95.88,96.71,1420879
2019-03-06,96.71,97.95,96.71,97.54,1781276
2019-03-07,96.71,97.54,96.29,96.71,1509003
2019-03-08,96.29,97.12,95.88,96.29,1555317
2019-03-11,95.46,96.71,95.46,95.46,2151528
2019-03-12,95.88,96.29,95.46,95.46,2355890
2019-03-13,95.46,95.88,94.22,94.22,1666643
2019-03-14,93.8,94.22,92.56,92.97,4793612
2019-03-15,92.14,96.71,91.73,96.29,5919
2019-03-18,95.46,96.71,94.63,96.71,1416400
2019-03-19,95.88,96.29,94.63,95.05,1694366
2019-03-20,95.05,95.46,94.22,95.05,1504347
2019-03-21,95.46,95.88,94.22,95.05,1963176
2019-03-22,95.46,96.29,95.05,95.88,1431801
2019-03-25,94.63,95.46,93.8,94.22,2105523
2019-03-26,94.63,95.46,94.22,94.63,1723887
2019-03-27,95.05,95.46,94.22,94.63,1183334
2019-03-28,94.63,94.63,94.22,94.22,1037331
2019-03-29,94.63,95.88,94.22,95.88,1460898
2019-04-01,95.88,96.29,94.22,94.22,2409643
2019-04-02,94.63,95.46,94.22,94.22,2612330
2019-04-03,94.63,95.05,94.22,95.05,2026171
2019-04-08,95.46,95.46,94.22,94.22,2964098
2019-04-09,94.22,95.05,94.22,95.05,1805294
2019-04-10,94.63,95.05,94.22,95.05,2608162
2019-04-11,94.63,94.63,93.8,93.8,3310962
2019-04-12,93.8,94.63,93.8,94.22,1322003
2019-04-15,94.63,94.63,93.8,94.22,1683163
2019-04-16,93.8,95.05,93.8,95.05,2504129
2019-04-17,95.05,96.29,93.8,95.46,3150455
2019-04-18,95.46,96.29,94.22,95.05,1149797
2019-04-19,95.05,95.46,93.8,94.22,1015638
2019-04-22,94.63,95.05,94.22,94.63,392580
2019-04-23,95.05,95.88,94.63,95.88,1922350
2019-04-24,96.29,96.29,95.46,95.46,2116098
2019-04-25,95.05,95.46,95.05,95.46,1249454
2019-04-26,94.63,95.46,94.63,95.46,1430866
2019-04-29,95.05,95.46,94.63,95.46,1141993
2019-04-30,95.46,95.46,95.05,95.05,1340947
2019-05-02,95.05,95.88,95.05,95.46,1350860
2019-05-03,95.46,95.88,95.05,95.88,1067490
2019-05-06,95.05,95.05,93.39,93.8,2361836
2019-05-07,93.8,94.63,93.39,93.8,2207549
2019-05-08,93.39,93.39,91.31,91.73,3463519
2019-05-09,91.31,91.73,88.82,88.82,5972
2019-05-10,89.65,90.48,88.41,88.41,4427524
2019-05-13,88.41,89.65,88.41,88.82,1920801
2019-05-14,87.99,89.65,87.58,88.82,4050997
2019-05-15,88.82,93.39,88.82,90.48,5473
2019-05-16,90.9,92.97,90.48,92.14,2415356
2019-05-17,92.97,94.22,91.73,93.8,3062175
2019-05-20,94.22,95.46,93.8,95.05,3797143
2019-05-21,94.22,97.12,94.22,96.71,5907
2019-05-22,95.88,96.71,94.63,96.29,1933528
2019-05-23,95.46,96.71,94.63,96.29,2282513
2019-05-24,95.46,95.46,93.8,95.46,2606541
2019-05-27,95.46,96.29,94.63,96.29,1629063
2019-05-28,95.88,96.29,93.8,93.8,5996
2019-05-29,93.39,94.63,93.39,94.63,2044888
2019-05-30,94.22,95.46,94.22,95.46,2359267
2019-05-31,95.05,96.29,94.63,96.29,2917099
2019-06-03,95.46,96.71,95.05,96.29,2500814
2019-06-04,95.46,96.29,95.05,95.46,2144191
2019-06-05,96.29,96.71,95.88,96.71,2156558
2019-06-06,95.88,96.29,95.05,95.46,1902358
2019-06-10,95.46,96.29,95.05,96.29,1392829
2019-06-11,95.88,96.29,95.05,95.46,1587350
2019-06-12,95.05,95.46,94.22,95.05,2315500
2019-06-13,94.63,95.46,94.63,94.63,1502351
2019-06-14,95.05,95.88,94.63,95.46,2530046
2019-06-17,95.46,96.71,95.46,95.88,3626199
2019-06-18,95.88,96.71,95.88,96.71,2899781
2019-06-19,97.12,98.78,95.88,98.37,8508
2019-06-20,98.63,98.63,95.6,96.03,7755
2019-06-21,96.9,97.76,96.46,97.76,4406369
2019-06-24,97.33,98.19,96.46,97.76,2925158
2019-06-25,97.76,97.76,96.03,96.46,3535362
2019-06-26,96.46,97.33,96.03,96.03,1749984
2019-06-27,96.46,97.33,96.03,96.46,3805609
2019-06-28,96.46,96.46,95.17,95.6,3297596
2019-07-01,96.03,96.46,95.17,95.17,2582123
2019-07-02,95.17,95.6,93.44,93.44,2967618
2019-07-03,93.44,93.87,92.14,92.57,2798467
2019-07-04,92.57,93.0,92.14,93.0,1838749
2019-07-05,92.57,93.44,92.14,92.57,1573894
2019-07-08,92.14,92.57,91.7,92.14,2023431
2019-07-09,92.14,93.0,91.7,93.0,1246170
2019-07-10,93.44,93.44,92.14,92.57,1764575
2019-07-11,92.57,93.0,92.14,93.0,1232309
2019-07-12,93.0,94.73,92.57,93.0,2143016
2019-07-15,93.87,93.87,92.57,93.44,2570238
2019-07-16,93.44,93.87,92.57,93.0,1477986
2019-07-17,92.57,93.44,91.7,93.0,3030678
2019-07-18,92.57,92.57,91.7,91.7,1098576
2019-07-19,92.57,93.0,91.7,92.14,1525384
2019-07-22,92.14,93.44,92.14,93.0,871183
2019-07-23,93.0,93.0,92.57,93.0,1254281
2019-07-24,92.57,93.0,91.27,91.7,2827182
2019-07-25,91.7,93.0,91.27,92.57,1222591
2019-07-26,92.14,92.57,91.7,92.14,999672
2019-07-29,91.7,93.0,91.7,93.0,972878
2019-07-30,92.57,93.0,92.14,92.57,912123
2019-07-31,92.57,92.57,91.7,91.7,2932376
2019-08-01,91.27,91.7,90.84,90.84,1729108
2019-08-02,89.97,91.27,89.97,90.84,2587366
2019-08-05,90.41,90.84,89.54,89.54,2927490
2019-08-06,86.95,88.68,86.95,88.24,2509962
2019-08-07,88.24,88.68,86.51,87.38,4675012
2019-08-08,87.38,88.24,86.95,86.95,1491396
2019-08-12,85.65,87.38,85.65,86.51,1937144
2019-08-13,86.17,86.34,84.78,85.65,2840446
2019-08-14,86.34,86.95,85.65,85.65,1615559
2019-08-15,84.78,84.78,82.19,82.36,5272
2019-08-16,82.27,86.43,81.32,85.48,5273
2019-08-19,85.65,85.99,84.01,84.87,3258478
2019-08-20,84.61,85.13,84.09,84.61,3057482
2019-08-21,84.01,85.04,84.01,84.7,2687393
2019-08-22,84.78,85.65,83.92,84.61,3171632
2019-08-23,84.18,84.52,83.92,84.26,2079333
2019-08-26,83.23,83.4,82.19,82.36,3152011
2019-08-27,82.79,83.23,82.19,82.62,4140201
2019-08-28,82.88,82.88,82.19,82.19,2139194
2019-08-29,82.19,82.45,81.93,82.1,2348359
2019-08-30,82.79,84.09,82.36,84.09,2969369
2019-09-02,83.66,84.26,83.14,83.31,1412590
2019-09-03,82.97,83.92,82.97,83.14,1386785
2019-09-04,82.71,84.18,82.71,83.75,2560165
2019-09-05,83.83,85.04,83.83,84.35,2365900
2019-09-06,84.26,85.04,83.92,84.52,1792869
2019-09-10,84.7,84.7,83.75,83.92,1949338
2019-09-11,84.26,84.61,83.05,83.49,3451903
2019-09-12,83.83,84.26,82.97,83.75,2899639
2019-09-16,88.24,91.7,88.24,89.97,15775
2019-09-17,90.84,91.27,88.24,88.24,6221
2019-09-18,86.95,89.11,85.3,87.81,7767
2019-09-19,86.95,87.38,86.25,86.25,2962124
2019-09-20,86.25,87.38,86.08,87.38,4454352
2019-09-23,87.81,87.81,86.51,86.51,1105095
2019-09-24,86.95,88.24,86.51,87.81,2493166
2019-09-25,87.38,87.38,86.08,86.34,2178708
2019-09-26,86.95,86.95,85.3,85.3,2545408
2019-09-27,85.56,86.34,84.96,84.96,1958656
2019-10-01,85.91,87.38,85.65,86.95,3496379
2019-10-02,86.25,86.51,85.65,85.65,1911630
2019-10-03,84.09,84.7,84.09,84.18,3515792
2019-10-04,84.09,84.78,83.92,84.01,2364431
2019-10-07,84.01,84.26,83.92,84.09,1397559
2019-10-08,84.01,85.22,84.01,84.26,1757931
2019-10-09,83.66,84.35,83.14,83.14,3654551
2019-10-14,83.92,84.7,83.92,84.35,3162425
2019-10-15,83.83,84.18,83.49,84.09,1915091
2019-10-16,84.01,85.65,83.49,84.78,3713755
2019-10-17,84.87,84.87,84.01,84.18,2222060
2019-10-18,84.18,84.52,83.49,83.49,2708462
2019-10-21,83.57,84.44,83.57,83.75,1529516
2019-10-22,83.92,84.35,83.75,84.35,1562160
2019-10-23,84.01,84.26,83.57,83.83,2166693
2019-10-24,84.01,84.44,84.01,84.44,1700542
2019-10-25,84.44,84.61,83.83,84.26,1971326
2019-10-28,84.44,84.44,83.66,83.83,1893670
2019-10-29,84.26,84.26,83.83,83.83,1840013
2019-10-30,83.92,85.13,83.83,85.13,2422525
2019-10-31,85.13,85.13,83.83,83.83,3188946
2019-11-01,84.09,84.35,83.83,84.35,1869245
2019-11-04,84.7,84.96,84.35,84.96,2302205
2019-11-05,85.22,85.82,84.96,85.56,2721853
2019-11-06,85.39,85.56,84.87,84.87,2810863
2019-11-07,85.22,85.22,84.78,84.87,1088027
2019-11-08,84.96,85.3,84.87,85.3,1549933
2019-11-11,85.3,85.3,83.83,83.83,3065790
2019-11-12,84.52,84.52,83.66,83.83,2307807
2019-11-13,83.75,83.83,83.31,83.4,2308583
2019-11-14,83.4,83.49,83.05,83.23,2087808
2019-11-15,83.57,83.57,83.05,83.14,2506571
2019-11-18,83.14,83.83,83.14,83.83,1674464
2019-11-19,83.31,83.57,83.23,83.31,2173324
2019-11-20,83.14,83.83,82.88,83.83,2994774
2019-11-21,83.14,83.49,82.97,83.49,2410514
2019-11-22,83.49,84.01,83.23,83.92,2199167
2019-11-25,84.18,84.18,83.4,83.83,2367061
2019-11-26,83.92,84.52,83.57,83.83,11952
2019-11-27,83.92,84.09,83.75,83.83,1476819
2019-11-28,83.83,84.01,83.57,83.92,2146782
2019-11-29,83.92,83.92,83.05,83.05,3518174
2019-12-02,83.05,83.05,82.71,83.05,2300496
2019-12-03,82.79,83.05,82.36,82.53,3365371
2019-12-04,82.45,82.71,82.36,82.71,1910936
2019-12-05,82.79,82.88,82.36,82.53,2030574
2019-12-06,82.62,82.97,82.45,82.88,2272924
2019-12-09,82.62,82.71,82.45,82.53,1515382
2019-12-10,82.71,82.79,82.45,82.53,1560815
2019-12-11,82.45,82.62,82.1,82.62,2944640
2019-12-12,82.62,83.23,82.36,82.62,3031225
2019-12-13,83.05,83.92,82.97,83.05,3052194
2019-12-16,83.49,84.52,83.4,84.09,9231
2019-12-17,84.18,84.78,83.92,84.78,3559440
2019-12-18,84.78,85.04,83.92,84.78,4725034
2019-12-19,84.78,84.78,84.09,84.18,1548766
2019-12-20,84.18,85.22,84.01,84.52,4789461
2019-12-23,84.52,85.22,84.44,85.22,1688473
2019-12-24,85.56,85.82,84.87,84.96,2302524
2019-12-25,84.87,85.04,84.35,84.35,1803592
2019-12-26,84.52,84.61,83.83,83.83,2381638
2019-12-27,84.44,85.48,84.26,85.3,2110607
2019-12-30,85.3,85.39,84.26,84.44,2314004
2019-12-31,84.52,84.87,84.09,84.35,1723443
2020-01-02,84.78,85.13,84.44,84.78,2139461
2020-01-03,85.04,87.81,84.52,87.38,8068
2020-01-06,88.68,90.41,88.24,88.24,9923
2020-01-07,89.11,89.11,85.74,86.51,5046
2020-01-08,89.11,89.54,86.34,86.34,6590
2020-01-09,85.99,85.99,84.78,84.87,4227368
2020-01-10,84.78,84.87,84.09,84.78,2841353
2020-01-13,85.04,85.13,84.01,84.35,2566391
2020-01-14,84.26,84.35,83.31,83.75,4671667
2020-01-15,83.49,83.49,82.79,83.05,4757139
2020-01-16,83.05,83.23,82.62,82.79,2411090
2020-01-17,82.79,83.4,82.62,83.4,1889392
2020-01-20,82.97,83.83,82.88,83.83,1515517
2020-01-30,80.29,80.37,77.43,77.78,7834
2020-01-31,77.86,78.99,77.78,77.78,4836646
2020-02-03,77.86,77.86,75.27,75.7,8136
2020-02-04,83.49,83.57,76.13,76.13,3700429
2020-02-05,76.05,76.05,74.92,75.27,4477322
2020-02-06,76.05,78.3,75.96,78.3,4555133
2020-02-07,77.69,77.69,76.65,77.17,2629033
2020-02-10,77.86,78.04,77.17,77.43,2285254
2020-02-11,77.43,77.52,76.74,76.82,3539196
2020-02-12,76.82,77.95,76.56,77.95,2911495
2020-02-13,77.95,78.38,77.52,77.69,3600091
2020-02-14,77.52,77.69,77.26,77.6,1815971
2020-02-17,77.52,77.69,77.17,77.52,854964
2020-02-18,77.17,77.52,77.08,77.08,1361651
2020-02-19,77.52,78.04,77.17,77.6,2002575
2020-02-20,78.04,78.3,77.52,77.52,1484753
2020-02-21,77.52,77.78,76.74,77.0,2046254
2020-02-24,76.39,76.91,76.05,76.13,2939770
2020-02-25,75.35,75.96,75.27,75.79,1669424
2020-02-26,75.27,75.44,74.92,75.27,3113811
2020-02-27,75.09,75.18,74.32,74.49,4623311
2020-03-02,72.76,74.06,72.59,73.54,4223853
2020-03-03,74.06,74.92,73.8,74.75,2633548
2020-03-04,74.58,76.56,74.58,76.22,3791510
2020-03-05,76.48,76.74,76.31,76.56,2331227
2020-03-06,76.48,76.48,74.66,75.35,3509021
2020-03-09,72.93,73.28,71.72,71.72,11046
2020-03-10,69.21,71.55,69.21,70.6,5971
2020-03-11,70.94,71.03,69.3,69.82,5172
2020-03-12,70.16,70.16,66.7,66.7,7035
2020-03-13,63.07,63.07,60.56,63.07,11673
2020-03-16,63.5,63.5,60.56,60.56,8223
2020-03-17,58.74,60.3,58.4,60.04,7731
2020-03-18,59.61,59.69,58.66,59.0,7848
2020-03-19,57.96,59.52,57.19,58.22,8172
2020-03-20,60.56,62.64,60.56,61.86,7613
2020-03-23,60.13,62.81,59.18,62.03,4411148
2020-03-24,64.63,67.48,64.02,66.96,6318
2020-03-25,68.69,69.04,67.48,67.91,4835301
2020-03-26,68.52,69.04,66.79,68.95,4386153
2020-03-27,69.9,69.99,68.61,69.21,4447573
2020-03-30,67.31,70.08,65.92,69.73,4886097
2020-03-31,69.82,70.86,69.56,70.42,5257
2020-04-01,69.64,69.82,67.48,67.48,6044
2020-04-06,70.08,71.72,67.74,69.56,6549
2020-04-07,70.34,70.94,69.3,70.51,4531835
2020-04-08,70.08,71.2,69.82,71.2,4611245
2020-04-09,71.2,71.55,70.51,70.6,3841591
2020-04-10,70.68,71.63,70.42,71.2,2266467
2020-04-13,71.11,71.11,70.16,70.16,2751862
2020-04-14,70.25,71.63,70.16,70.94,3075367
2020-04-15,71.11,72.24,70.6,71.72,4177480
2020-04-16,70.94,71.46,70.08,71.03,3949006
2020-04-17,71.37,73.45,71.37,71.46,4412494
2020-04-20,71.37,71.37,70.68,70.68,2640242
2020-04-21,69.9,70.16,67.65,68.78,5720
2020-04-22,68.17,69.21,67.31,69.21,3173146
2020-04-23,69.21,70.08,68.52,69.9,3347385
2020-04-24,69.12,70.08,68.87,70.08,2817685
2020-04-27,70.25,71.37,69.73,70.86,5039
2020-04-28,70.94,71.03,70.25,70.34,3044441
2020-04-29,70.51,72.67,70.51,72.41,7142
2020-04-30,72.59,78.12,72.59,77.6,11768
2020-05-04,73.71,75.96,73.54,74.75,7487
2020-05-05,76.22,76.82,74.4,74.4,5457
2020-05-06,74.75,75.01,73.1,73.54,6077
2020-05-07,72.76,74.4,72.76,73.02,6832
2020-05-08,74.32,76.65,74.23,76.39,9146
2020-05-11,77.69,78.04,76.82,76.91,5812
2020-05-12,75.7,76.13,74.4,74.83,6551
2020-05-13,74.4,75.79,73.62,75.79,4228323
2020-05-14,75.09,75.96,74.32,75.01,5087
2020-05-15,75.7,75.87,74.75,74.75,4897663
2020-05-18,75.61,77.86,75.27,77.26,7880
2020-05-19,79.85,82.19,79.16,79.68,12437
2020-05-20,80.46,80.46,78.73,78.73,4240366
2020-05-21,79.16,80.46,78.99,79.59,4850400
2020-05-22,79.25,79.25,77.86,77.86,5980
2020-05-25,77.78,77.86,76.13,77.0,4426758
2020-05-26,77.08,77.95,77.0,77.52,3503545
2020-05-27,77.86,78.3,76.48,77.0,3093410
2020-05-28,77.0,77.34,75.87,76.05,4994318
2020-05-29,75.53,76.65,75.44,75.87,11900
2020-06-01,77.0,78.21,76.82,77.78,5919
2020-06-02,77.86,78.81,77.26,78.12,3603919
2020-06-03,79.42,81.24,79.25,80.89,10179
2020-06-04,81.76,81.76,80.11,80.89,6233
2020-06-05,80.89,81.84,80.46,81.58,5414
2020-06-08,82.45,82.97,81.93,82.19,4904864
2020-06-09,82.36,83.31,81.84,83.05,5400
2020-06-10,83.23,83.92,82.97,83.31,4859369
2020-06-11,82.36,82.79,79.94,80.46,7499
2020-06-12,77.86,78.73,77.17,78.73,7740
2020-06-15,78.3,79.07,77.86,77.86,4778057
2020-06-16,78.3,79.51,78.12,78.55,7262
2020-06-17,78.64,79.98,78.55,79.72,6331
2020-06-18,79.81,79.81,78.73,79.09,3570594
2020-06-19,79.54,79.63,78.55,78.73,7490
2020-06-22,78.73,79.45,78.64,78.82,3599413
2020-06-23,79.27,79.98,78.91,79.81,3084090
2020-06-24,79.98,80.07,79.18,79.54,3232284
2020-06-29,78.73,79.0,78.11,78.82,4912967
2020-06-30,79.09,79.45,78.91,79.09,2117527
2020-07-01,79.09,79.45,79.0,79.09,1485662
2020-07-02,79.18,80.52,79.0,80.25,2989781
2020-07-03,80.52,80.88,79.36,79.45,2082949
2020-07-06,80.07,81.06,79.63,80.07,4087741
2020-07-07,80.52,80.61,79.45,79.45,2514679
2020-07-08,79.45,79.9,78.82,79.27,2557968
2020-07-09,79.54,79.54,78.64,78.82,2198060
2020-07-10,78.64,78.64,77.39,77.48,2623649
2020-07-13,77.57,78.11,77.3,78.11,2817681
2020-07-14,78.11,78.11,76.05,76.05,4654942
2020-07-15,76.86,76.86,74.18,75.34,8562
2020-07-16,75.96,76.86,75.43,76.68,3550205
2020-07-17,77.57,77.57,76.68,76.95,2166707
2020-07-20,76.14,76.86,75.69,76.86,1157094
2020-07-21,76.86,77.93,76.32,76.68,2908309
2020-07-22,76.86,77.75,76.77,77.75,2598470
2020-07-23,77.04,77.04,75.78,76.14,2346590
2020-07-24,75.61,76.68,75.07,75.69,2927805
2020-07-27,75.34,75.43,74.18,74.62,3117441
2020-07-28,74.09,74.09,72.92,73.37,6567
2020-07-29,73.28,74.18,72.48,73.28,5852
2020-07-30,73.64,73.73,72.39,72.66,3053138
2020-07-31,72.21,73.01,72.12,72.84,2281963
2020-08-03,72.12,72.84,71.49,71.49,4072449
2020-08-04,72.03,72.66,71.67,72.39,1860918
2020-08-05,72.39,72.66,71.94,72.48,1292081
2020-08-06,73.01,74.62,73.01,73.91,3865096
2020-08-07,74.18,74.71,73.37,73.46,3374490
2020-08-10,73.91,75.43,73.37,75.25,2249341
2020-08-11,75.52,75.69,74.62,74.8,1981959
2020-08-12,74.8,74.98,73.46,74.53,2498528
2020-08-13,74.8,75.25,74.44,74.98,1373769
2020-08-14,74.18,74.62,73.55,74.18,1509577
2020-08-17,74.44,75.69,74.18,75.61,2249229
2020-08-18,75.96,75.96,74.98,75.87,1924614
2020-08-19,75.87,75.87,74.89,74.89,3135468
2020-08-20,74.44,74.89,71.94,72.92,3592719
2020-08-21,73.64,74.62,73.28,74.27,1911919
2020-08-24,73.91,74.09,73.1,73.37,1123745
2020-08-25,73.82,75.52,73.82,74.62,2364169
2020-08-26,74.44,74.98,74.27,74.27,1042411
2020-08-27,74.35,74.62,73.82,74.18,1103462
2020-08-28,74.18,74.8,73.28,74.35,1907592
2020-08-31,73.91,74.53,73.28,73.28,3606938
2020-09-01,73.55,73.55,71.94,72.39,3175483
2020-09-02,72.39,72.75,71.94,72.39,2540184
2020-09-03,72.75,74.35,72.21,72.48,2960896
2020-09-04,72.3,73.01,71.67,72.39,3021972
2020-09-07,73.73,73.73,72.75,72.92,2041521
2020-09-08,72.92,73.73,72.75,73.46,1897607
2020-09-09,72.66,73.01,72.39,72.57,1872201
2020-09-10,72.66,72.92,72.39,72.92,1657392
2020-09-11,72.92,73.37,72.75,73.28,1227346
2020-09-14,73.64,73.64,72.75,73.55,1979637
2020-09-15,73.55,73.64,72.92,73.64,1214995
2020-09-16,73.82,74.35,73.1,74.35,2119802
2020-09-17,73.64,74.89,73.64,74.53,2588260
2020-09-18,74.89,76.23,74.62,75.78,6397
2020-09-21,75.69,76.59,75.16,75.78,3599107
2020-09-22,75.34,75.34,73.1,73.28,3544362
2020-09-23,73.55,73.73,72.48,72.92,2330094
2020-09-24,72.39,72.39,70.6,70.96,8131
2020-09-25,70.69,71.67,70.69,71.58,2310746
2020-09-28,71.85,72.21,71.14,72.03,1526309
2020-09-29,72.3,72.3,71.76,71.85,1429120
2020-09-30,72.3,72.3,71.49,71.49,1664891
2020-10-05,71.94,72.75,71.41,71.94,2943269
2020-10-06,72.39,72.84,72.03,72.84,2998065
2020-10-07,72.39,73.28,72.03,73.19,3158300
2020-10-08,73.19,73.19,72.3,72.75,1885035
2020-10-12,73.01,73.55,72.57,73.19,2873288
2020-10-13,73.19,73.28,72.21,73.28,1431443
2020-10-14,73.28,73.28,72.57,72.92,2129492
2020-10-15,72.39,73.01,72.3,72.48,2139145
2020-10-16,72.39,72.92,71.85,71.85,2073122
2020-10-19,72.03,72.57,71.67,72.39,1887871
2020-10-20,72.21,72.39,71.85,72.21,1475076
2020-10-21,72.39,72.75,71.94,72.75,1914667
2020-10-22,72.48,72.66,71.85,72.39,4650281
2020-10-23,72.03,72.84,71.94,72.57,1399082
2020-10-26,72.57,73.28,72.48,72.75,1942003
2020-10-27,72.57,72.66,72.12,72.3,1431202
2020-10-28,72.3,72.57,71.49,71.85,2424707
2020-10-29,71.49,71.67,70.87,71.49,2127032
2020-10-30,70.96,71.49,69.71,70.24,4884210
2020-11-02,70.24,70.69,69.89,70.69,1901331
2020-11-03,70.69,71.85,70.69,71.58,3460329
2020-11-04,71.58,72.39,71.14,72.3,1546246
2020-11-05,72.39,72.84,72.21,72.57,960497
2020-11-06,72.48,72.57,72.03,72.48,967250
2020-11-09,73.1,73.55,72.66,73.19,2288473
2020-11-10,74.8,77.12,74.8,76.86,13377
2020-11-11,77.75,83.65,77.66,82.4,20414
2020-11-12,81.59,82.4,79.9,82.4,11388
2020-11-13,81.33,82.4,80.97,82.4,5345
2020-11-16,81.95,83.11,81.95,82.4,6639
2020-11-17,82.4,82.84,82.04,82.67,6715
2020-11-18,82.67,83.83,82.31,83.38,6888
2020-11-19,83.11,84.01,82.58,84.01,4035263
2020-11-20,83.83,84.01,83.11,83.92,3661614
2020-11-23,84.81,86.33,84.1,84.63,7193
2020-11-24,84.9,86.24,84.63,84.72,4755943
2020-11-25,86.06,86.24,84.81,85.08,4799708
2020-11-26,85.79,85.88,84.72,85.44,3602279
2020-11-27,84.72,85.08,83.92,84.45,2951367
2020-11-30,84.45,84.81,80.88,80.88,11135
2020-12-01,81.41,83.02,80.88,82.84,3876624
2020-12-02,82.22,83.11,81.77,83.02,3445847
2020-12-03,82.67,83.65,82.31,82.93,2867726
2020-12-04,83.56,84.9,83.11,84.81,5926
2020-12-07,84.9,84.9,83.65,83.92,3710931
2020-12-08,82.84,83.29,82.49,83.02,3444167
2020-12-09,83.38,84.81,82.84,84.27,3460631
2020-12-10,83.74,84.54,83.11,83.29,2982631
2020-12-11,83.65,84.36,83.56,84.36,3553485
2020-12-14,84.36,84.54,83.56,84.45,2402677
2020-12-15,83.74,84.36,82.49,83.11,3774984
2020-12-16,83.56,85.35,83.2,84.63,6433
2020-12-17,84.72,84.9,83.56,84.01,3881161
2020-12-18,83.56,84.72,82.93,82.93,3901704
2020-12-21,83.02,84.9,82.58,84.81,3752692
2020-12-22,84.1,84.72,83.56,83.56,3512369
2020-12-23,83.11,84.01,82.58,83.47,1854904
2020-12-24,84.01,84.45,83.56,84.45,1558961
2020-12-25,84.45,84.72,83.56,84.18,1660966
2020-12-28,84.18,85.35,83.74,85.26,3821254
2020-12-29,85.35,85.44,84.45,85.26,1546662
2020-12-30,85.7,88.47,85.35,88.03,7927
2020-12-31,89.19,90.26,87.76,89.19,7634
2021-01-04,88.83,89.82,87.22,89.37,4993043
2021-01-05,89.37,89.37,87.76,88.65,5021
2021-01-06,87.85,89.82,87.85,88.92,6307
2021-01-07,89.82,90.26,89.28,89.37,3523150
2021-01-08,89.82,92.94,89.82,92.94,7973
2021-01-11,92.05,92.5,89.82,91.16,4525536
2021-01-12,90.26,90.26,89.01,90.26,4209873
2021-01-13,91.16,91.16,89.37,91.16,4860528
2021-01-14,91.16,91.16,89.82,91.16,2080658
2021-01-15,90.71,91.16,88.47,88.56,5211
2021-01-18,88.12,88.47,86.33,87.58,3517892
2021-01-19,87.22,88.92,86.78,88.65,3434807
2021-01-20,87.49,88.03,85.08,85.08,7089
2021-01-21,85.79,86.6,85.17,85.97,2879930
2021-01-22,87.13,87.13,84.36,84.45,3473201
2021-01-25,84.45,85.7,83.83,85.7,2479971
2021-01-26,85.35,85.44,83.02,83.74,4575756
2021-01-27,84.45,85.17,83.74,84.01,2613395
2021-01-28,82.49,83.29,81.15,81.68,4273348
2021-01-29,80.61,82.22,79.09,79.63,7009
2021-02-01,79.63,80.88,79.0,80.43,2518864
2021-02-02,79.18,82.76,79.0,81.68,3984843
2021-02-03,81.41,82.22,80.7,81.95,2293832
2021-02-04,80.79,82.13,80.79,81.5,1622065
2021-02-05,81.5,82.67,81.24,82.13,8961
2021-02-17,83.56,86.24,82.22,85.61,10286
2021-02-18,85.79,87.31,85.79,86.33,4943478
2021-02-19,86.42,87.22,85.08,86.69,5801
2021-02-22,87.22,88.47,86.69,87.76,3690105
2021-02-23,88.3,92.05,88.21,92.05,9035
2021-02-24,91.16,92.05,89.19,89.82,5714
2021-02-25,92.05,92.05,91.16,91.6,5900
2021-02-26,89.82,90.71,87.67,89.37,10906
2021-03-02,89.37,90.26,86.69,86.69,6413
2021-03-03,85.97,90.26,85.97,89.37,8927
2021-03-04,88.92,89.82,87.31,89.19,8169
2021-03-05,88.92,89.82,88.03,88.47,5354
2021-03-08,90.71,92.05,89.82,91.6,6944
2021-03-09,91.6,92.05,89.82,90.71,4171749
2021-03-10,90.71,90.71,89.37,90.71,3001030
2021-03-11,91.16,92.05,90.71,92.05,4420330
2021-03-12,90.71,90.71,89.37,90.71,3433351
2021-03-15,89.82,90.26,89.37,89.82,1701837
2021-03-16,89.37,89.82,88.3,89.82,2334070
2021-03-17,89.37,89.37,87.4,87.76,5546
2021-03-18,87.85,89.37,87.22,87.76,4108340
2021-03-19,86.6,86.87,84.72,85.61,8687
2021-03-22,84.9,86.51,84.45,86.06,2570311
2021-03-23,86.24,86.6,85.79,85.88,1684595
2021-03-24,85.53,86.42,84.72,85.26,3387512
2021-03-25,85.17,85.88,84.1,85.44,4123871
2021-03-26,85.44,86.96,85.35,86.51,4234055
2021-03-29,87.22,87.76,86.33,86.33,4246359
2021-03-30,86.69,86.87,85.61,86.33,3993633
2021-03-31,86.33,86.96,85.88,86.51,4629332
2021-04-01,86.51,87.4,86.06,86.42,2496411
2021-04-07,86.42,87.76,86.42,87.58,3391176
2021-04-08,86.96,87.94,86.96,87.76,3011476
2021-04-09,87.13,87.76,86.78,87.58,2591884
2021-04-12,87.04,87.94,86.24,87.76,5213
2021-04-13,88.12,90.26,88.12,89.37,8142
2021-04-14,89.01,90.26,88.3,88.65,4705274
2021-04-15,89.82,91.16,89.82,90.71,4922343
2021-04-16,90.26,91.6,89.82,91.16,3922362
2021-04-19,91.16,92.05,91.16,92.05,6053
2021-04-20,91.6,92.05,91.16,92.05,3843859
2021-04-21,90.71,91.16,87.76,88.47,8593
2021-04-22,88.56,90.71,88.56,90.26,6213
2021-04-23,90.26,91.6,89.19,91.6,4488852
2021-04-26,90.71,92.05,90.71,91.6,3215128
2021-04-27,91.16,92.05,90.71,92.05,2701186
2021-04-28,91.6,92.05,90.71,92.05,3836856
2021-04-29,91.16,92.94,90.71,92.5,4112038
2021-05-03,91.6,92.5,91.16,91.16,2787331
2021-05-04,91.6,93.84,89.82,90.26,11431
2021-05-05,91.16,93.39,90.26,92.94,3634809
2021-05-06,92.94,96.96,92.94,96.96,14518
2021-05-07,95.62,96.96,91.6,93.84,6672
2021-05-10,93.84,96.52,93.39,96.07,4091407
2021-05-11,95.62,97.41,91.6,92.94,10548
2021-05-12,93.39,94.73,84.01,87.31,11085
2021-05-13,88.03,88.03,84.45,84.9,7588
2021-05-14,84.1,87.67,83.11,86.42,4634903
2021-05-17,85.79,86.69,84.63,85.26,4796480
2021-05-18,84.81,89.19,84.81,88.47,3794312
2021-05-19,86.78,89.82,86.78,87.67,4064119
2021-05-20,86.33,87.76,85.08,86.96,4120289
2021-05-21,87.13,89.82,86.24,87.76,2751650
2021-05-24,87.13,87.67,86.78,87.13,1132990
2021-05-25,87.13,89.82,86.96,88.92,2498620
2021-05-26,89.37,89.82,88.47,89.82,1885853
2021-05-27,88.56,89.37,86.6,86.87,5998
2021-05-28,87.67,88.92,87.22,88.3,2656314
2021-05-31,87.67,89.82,87.67,89.37,1741422
2021-06-01,90.71,91.6,90.26,91.16,2345773
2021-06-02,92.94,94.73,92.94,94.73,6086
2021-06-03,96.96,97.41,93.84,94.73,5653
2021-06-04,93.39,96.52,92.94,95.18,3779974
2021-06-07,96.52,96.96,93.84,95.18,3664032
2021-06-08,96.07,97.41,95.18,96.07,4229623
2021-06-09,96.52,98.31,96.07,98.31,4333839
2021-06-10,98.31,98.31,96.96,97.86,2649601
2021-06-11,97.86,97.86,96.07,96.52,1303463
2021-06-15,96.96,98.31,96.96,96.96,2106825
2021-06-16,98.31,100.09,97.41,99.65,4999275
2021-06-17,97.41,98.31,96.52,96.96,2717054
2021-06-18,95.62,95.62,92.94,93.39,5506
2021-06-21,93.39,94.28,91.16,92.5,3299459
2021-06-22,94.28,95.62,94.28,94.73,2261665
2021-06-23,93.84,99.2,93.84,98.31,4712852
2021-06-24,98.31,98.31,96.52,97.86,2050428
2021-06-25,96.52,98.75,96.52,97.41,2922395
2021-06-28,98.31,98.75,96.96,96.96,1037432
2021-06-29,96.52,96.96,94.73,96.52,2521897
2021-06-30,96.52,96.96,95.18,95.18,1395731
2021-07-01,95.18,95.18,94.28,94.73,2077838
2021-07-02,96.07,100.09,96.07,98.31,7456
2021-07-05,100.54,104.56,100.54,103.22,7074
2021-07-06,104.56,105.01,101.88,102.33,3136224
2021-07-07,100.09,100.54,97.41,100.09,3110968
2021-07-08,99.65,99.65,96.96,97.41,2760755
2021-07-09,96.52,98.31,95.18,98.31,2668240
2021-07-12,97.41,98.31,95.18,95.62,2638090
2021-07-13,95.62,96.07,94.73,95.18,2045533
2021-07-14,96.07,96.07,94.28,94.73,1486891
2021-07-15,94.28,94.73,92.94,94.28,1868548
2021-07-16,94.28,94.28,91.16,91.16,4523679
2021-07-19,91.16,91.16,89.82,91.16,3706143
2021-07-20,90.26,90.71,89.37,89.37,2926018
2021-07-21,90.26,90.71,88.12,89.82,5590
2021-07-22,90.26,90.71,88.56,89.82,3165244
2021-07-23,90.8,93.04,89.9,90.35,4982506
2021-07-26,90.35,90.35,87.29,87.92,8501
2021-07-27,88.37,89.63,87.56,88.37,4107815
2021-07-28,88.73,89.72,86.75,88.55,6484
2021-07-29,88.55,89.0,87.56,89.0,2435619
2021-07-30,88.73,88.91,87.29,87.47,6347
2021-08-02,87.92,89.63,87.47,89.63,3548160
2021-08-03,88.28,88.73,87.02,88.01,4442538
2021-08-04,88.01,88.28,87.2,87.65,3003321
2021-08-05,87.65,88.01,86.84,87.2,3345696
2021-08-06,87.2,87.2,85.76,87.02,3630780
2021-08-09,86.12,87.38,85.04,86.93,3722806
2021-08-10,86.3,87.02,86.03,86.75,1741298
2021-08-11,86.75,87.56,86.66,87.56,2247353
2021-08-12,87.56,88.01,87.02,87.11,1365607
2021-08-13,86.93,87.2,85.67,86.75,2256166
2021-08-16,85.49,86.84,85.49,85.85,1839244
2021-08-17,85.85,85.85,85.85,85.85,0
2021-08-18,85.4,85.4,84.14,84.86,2900233
2021-08-19,84.14,84.59,81.45,81.9,7773
2021-08-20,81.99,82.88,81.18,82.08,3472392
2021-08-23,82.61,83.96,81.9,83.42,2810897
2021-08-24,84.41,86.03,83.96,85.4,3963766
2021-08-25,85.58,86.03,84.23,85.04,2040935
2021-08-26,84.68,86.39,83.6,85.76,6803
2021-08-27,85.76,86.84,85.22,86.57,2316127
2021-08-30,86.84,88.55,86.75,88.55,3813038
2021-08-31,88.55,88.55,86.75,87.92,3637106
2021-09-01,86.84,87.74,86.84,86.93,2101617
2021-09-02,86.75,86.93,85.85,86.48,1211317
2021-09-03,87.38,87.92,86.84,87.83,3129524
2021-09-06,87.74,88.1,86.75,86.84,1109062
2021-09-07,86.75,87.47,86.39,86.57,1067478
2021-09-08,86.66,87.56,85.49,86.03,2865201
2021-09-09,85.49,87.02,84.95,86.3,2707986
2021-09-10,85.76,87.47,85.76,86.84,1595800
2021-09-13,87.38,87.47,86.48,87.47,1021417
2021-09-14,87.74,88.37,87.65,88.1,2296227
2021-09-15,88.19,88.37,87.02,87.47,1930234
2021-09-16,88.37,89.36,87.29,87.65,2113579
2021-09-17,87.74,87.83,86.03,86.03,4308090
2021-09-22,84.86,85.13,83.15,83.42,5373
2021-09-23,84.41,85.67,84.05,84.95,2755590
2021-09-24,85.49,86.75,84.41,85.4,3694483
2021-09-27,85.4,87.38,84.68,86.84,9732
2021-09-28,86.93,89.72,86.75,89.63,6056
2021-09-29,89.9,95.29,89.9,91.69,24349
2021-09-30,93.49,93.94,89.0,89.18,9583
2021-10-01,89.0,89.0,85.4,87.02,8989
2021-10-04,89.0,89.63,87.11,87.56,4625050
2021-10-05,88.55,90.35,88.1,88.91,13600
2021-10-06,91.24,91.24,88.46,91.24,10541
2021-10-07,90.8,92.59,89.9,91.69,7878
2021-10-08,92.14,92.59,89.72,91.24,4271277
2021-10-12,90.8,92.14,89.9,91.69,4639847
2021-10-13,92.14,94.39,92.14,92.59,6781
2021-10-14,93.49,93.49,89.9,90.8,3904325
2021-10-15,91.24,93.04,90.35,92.59,3772743
2021-10-18,93.49,95.29,93.04,94.39,6014
2021-10-19,95.29,95.29,93.49,93.94,4882195
2021-10-20,95.29,95.29,92.59,93.49,3623085
2021-10-21,93.94,94.39,93.04,93.04,3691627
2021-10-22,92.14,92.59,90.8,91.24,3141676
2021-10-25,92.14,93.49,91.69,93.04,3442171
2021-10-26,93.49,93.49,92.14,93.04,2906298
2021-10-27,93.04,93.49,92.14,93.49,1923799
2021-10-28,93.04,93.49,91.24,91.69,3601701
2021-10-29,91.69,91.69,89.9,89.9,2987271
2021-11-01,90.35,91.69,90.35,91.24,2679102
2021-11-02,91.69,93.49,90.8,92.14,4315669
2021-11-03,91.69,92.14,90.35,91.69,3704861
2021-11-04,90.8,91.69,90.35,91.24,2063359
2021-11-05,90.35,92.14,89.9,91.69,3455198
2021-11-08,91.69,92.59,91.24,91.69,2419937
2021-11-09,91.69,92.14,90.35,91.24,1695538
2021-11-10,91.69,92.59,91.24,92.14,2270796
2021-11-11,91.69,92.14,89.9,91.69,2392806
2021-11-12,91.24,92.59,91.24,92.14,1836679
2021-11-15,92.14,93.04,91.24,92.59,2408015
2021-11-16,92.14,92.59,91.69,91.69,1141313
2021-11-17,91.24,91.69,89.9,91.24,3506003
2021-11-18,90.35,90.8,89.36,90.35,5170
2021-11-19,89.9,90.35,88.55,88.82,3706180
2021-11-22,88.37,88.37,87.11,87.2,5381
2021-11-23,86.75,87.2,85.94,86.3,3738869
2021-11-24,87.2,89.0,86.75,88.82,3308642
2021-11-25,89.0,89.0,87.83,88.46,1579086
2021-11-26,87.47,88.01,87.02,87.2,3482086
2021-11-29,86.21,87.65,85.58,87.38,3063856
2021-11-30,86.66,87.38,85.76,85.76,7214
2021-12-01,85.58,87.65,85.58,87.02,2472470
2021-12-02,86.3,87.47,86.21,87.2,1496746
2021-12-03,87.02,87.74,86.57,87.2,1660786
2021-12-06,86.48,87.47,86.39,87.2,1339728
2021-12-07,87.2,88.01,86.66,87.83,3276532
2021-12-08,88.19,88.55,87.29,87.83,2606823
2021-12-09,87.83,88.28,87.47,87.65,1506206
2021-12-10,87.29,87.74,86.39,86.93,1872176
2021-12-13,87.29,87.29,85.4,86.03,2697555
2021-12-14,85.49,86.75,85.49,85.94,2297006
2021-12-15,85.94,86.3,84.59,85.13,6411
2021-12-16,85.67,86.12,85.04,85.49,3162587
2021-12-17,85.49,86.3,85.22,86.21,4095739
2021-12-20,85.49,85.85,85.13,85.4,2638201
2021-12-21,85.58,85.58,84.86,85.4,3258014
2021-12-22,85.76,85.85,85.22,85.4,1409239
2021-12-23,85.67,86.48,85.67,86.48,1056794
2021-12-24,87.02,87.29,86.66,87.02,1840048
2021-12-27,87.2,87.65,86.39,87.29,1660824
2021-12-28,87.56,87.56,86.66,87.2,1277538
2021-12-29,87.38,87.38,85.94,86.75,3309188
2021-12-30,86.66,86.93,85.85,86.21,1411331
2022-01-03,86.21,87.02,86.12,86.12,1049062
2022-01-04,85.76,86.66,85.67,86.39,1434080
2022-01-05,85.85,86.84,85.85,86.48,1585020
2022-01-06,87.11,88.01,86.57,87.47,2587449
2022-01-07,87.92,88.19,87.47,87.47,1962724
2022-01-10,87.47,87.92,86.75,87.92,1262269
2022-01-11,87.2,88.55,87.02,88.46,2804729
2022-01-12,88.91,89.36,88.37,89.36,2218712
2022-01-13,89.54,90.35,89.45,90.35,2332698
2022-01-14,89.27,89.45,88.1,88.55,2299706
2022-01-17,88.01,88.19,87.38,87.47,1842065
2022-01-18,87.47,88.73,87.47,88.1,1459220
2022-01-19,88.1,88.82,87.47,88.28,2535782
2022-01-20,88.1,88.82,87.92,88.19,1374802
2022-01-21,87.65,88.19,86.48,86.93,2437406
2022-01-24,86.93,88.28,86.57,88.1,1641588
2022-01-25,86.66,87.92,85.49,85.94,4467080
2022-01-26,86.21,86.93,86.03,86.39,1518888
2022-02-07,86.03,88.55,85.85,87.92,3781663
2022-02-08,87.38,88.55,87.38,88.1,1767342
2022-02-09,87.65,89.0,86.75,88.91,2818474
2022-02-10,88.1,89.0,88.1,88.55,1669386
2022-02-11,87.83,89.81,87.83,88.73,2751748
2022-02-14,90.8,91.69,88.64,88.91,4722421
2022-02-15,89.36,89.45,87.83,88.01,2855936
2022-02-16,87.74,89.45,87.2,88.64,3571843
2022-02-17,88.82,90.35,88.64,89.45,3298681
2022-02-18,88.82,89.45,88.55,88.55,1275175
2022-02-21,87.92,88.46,87.56,88.1,1469029
2022-02-22,87.74,88.55,86.21,86.39,5591
2022-02-23,86.84,87.47,86.84,87.47,969411
2022-02-24,87.38,87.38,86.3,87.11,4156588
2022-02-25,87.47,88.01,86.39,87.92,3966448
2022-03-01,89.09,90.35,88.82,89.9,5605
2022-03-02,91.24,92.14,90.35,90.35,4883419
2022-03-03,91.69,92.14,90.35,91.24,4473000
2022-03-04,90.35,90.8,89.72,90.35,3941198
2022-03-07,92.14,93.04,89.9,90.35,12273
2022-03-08,91.24,91.69,88.28,89.18,6424
2022-03-09,90.35,90.8,89.09,89.9,5352
2022-03-10,88.55,89.36,87.83,88.1,6593
2022-03-11,87.74,87.74,85.85,86.03,6471
2022-03-14,86.21,86.21,84.68,85.58,5456
2022-03-15,85.58,85.67,84.05,84.14,4080468
2022-03-16,84.14,85.31,83.15,85.31,4921527
2022-03-17,86.12,86.3,85.4,86.3,5212
2022-03-18,86.3,87.02,85.85,86.03,4223880
2022-03-21,86.3,86.48,85.58,85.94,1398082
2022-03-22,86.48,86.75,86.12,86.39,2023114
2022-03-23,86.39,87.2,86.21,86.48,2885983
2022-03-24,86.03,86.48,85.58,85.76,1830875
2022-03-25,85.22,86.48,85.13,86.48,2362724
2022-03-28,85.04,85.58,84.77,85.49,2867548
2022-03-29,85.4,85.67,84.86,85.13,2134429
2022-03-30,85.13,86.03,84.68,85.49,3420381
2022-03-31,85.85,86.03,84.77,84.77,3020832
2022-04-01,84.5,85.22,84.14,84.95,1629361
2022-04-06,83.96,85.85,83.6,85.85,3941203
2022-04-07,84.59,84.95,84.05,84.14,3405415
2022-04-08,84.59,84.95,83.87,84.86,1470268
2022-04-11,84.77,85.13,83.24,83.87,2759751
2022-04-12,83.78,83.78,83.15,83.42,1498438
2022-04-13,84.23,84.68,83.6,84.5,2316526
2022-04-14,84.5,84.5,83.42,83.96,1530692
2022-04-15,83.78,84.14,83.06,83.15,1718790
2022-04-18,82.61,83.24,82.52,82.52,1350418
2022-04-19,82.97,83.42,82.7,82.88,1516103
2022-04-20,82.88,83.96,82.52,83.33,2634486
2022-04-21,83.96,84.23,83.06,83.06,1502325
2022-04-22,82.43,82.97,82.25,82.7,1809426
2022-04-25,81.99,82.08,80.19,81.0,4158476
2022-04-26,80.73,81.63,80.46,80.64,1866729
2022-04-27,80.46,80.91,79.65,80.1,3085440
2022-04-28,79.65,80.46,79.65,80.19,2695258
2022-04-29,79.38,83.15,79.38,82.34,2876521
2022-05-03,82.34,82.52,80.73,81.09,1241155
2022-05-04,81.36,81.9,81.0,81.09,706845
2022-05-05,81.99,82.88,81.81,82.61,2015363
2022-05-06,80.64,82.25,80.55,81.99,2893954
2022-05-09,80.19,81.99,80.1,81.27,2618675
2022-05-10,81.0,82.08,80.64,81.0,1648031
2022-05-11,80.46,81.36,80.37,81.09,1851747
2022-05-12,81.09,81.36,79.65,79.74,1825179
2022-05-13,80.82,81.72,80.28,81.36,2086469
2022-05-16,82.43,82.7,81.63,82.08,1235336
2022-05-17,82.25,83.42,82.17,82.88,2225602
2022-05-18,81.99,84.77,81.99,84.32,3766596
2022-05-19,83.15,83.6,82.34,83.33,2102278
2022-05-20,84.05,84.86,83.87,84.86,2517711
2022-05-23,85.67,85.94,84.5,85.04,2084624
2022-05-24,84.5,85.04,84.05,84.41,1466885
2022-05-25,84.41,85.58,84.32,85.4,2559904
2022-05-26,85.49,85.94,84.32,84.41,2108243
2022-05-27,85.76,85.94,85.04,85.4,2703550
2022-05-30,86.21,86.84,85.58,86.57,3758857
2022-05-31,86.3,87.29,85.94,87.02,6364
2022-06-01,86.12,87.2,86.12,86.3,1727393
2022-06-02,85.58,86.12,84.68,86.12,1652594
2022-06-06,86.39,86.93,85.67,86.93,2094842
2022-06-07,86.84,86.84,85.58,85.67,1960935
2022-06-08,86.66,86.66,86.21,86.39,1591712
2022-06-09,87.65,88.01,86.84,87.2,3151997
2022-06-10,86.03,87.2,85.94,86.3,2457366
2022-06-13,84.86,86.03,84.05,85.67,5052
2022-06-14,86.12,87.47,84.95,87.11,4252284
2022-06-15,86.48,87.65,86.3,87.11,4721233
2022-06-16,87.92,87.92,86.12,86.12,3198280
2022-06-17,85.85,87.47,85.49,86.3,7357
2022-06-20,86.03,86.03,83.96,84.95,5739
2022-06-21,86.26,87.95,85.61,87.95,6080
2022-06-22,87.86,87.86,85.79,86.26,3403948
2022-06-23,87.39,88.51,86.26,87.48,4085309
2022-06-24,88.04,89.63,87.67,88.98,5569
2022-06-27,89.92,91.23,88.98,89.17,4190920
2022-06-28,90.01,90.57,89.35,89.92,2019829
2022-06-29,88.51,90.1,88.51,89.63,1971595
2022-06-30,88.79,89.35,87.76,87.86,3219102
2022-07-01,87.29,88.51,86.45,87.11,3491455
2022-07-04,88.32,90.38,88.04,88.89,3525430
2022-07-05,90.01,90.29,86.73,87.39,3829990
2022-07-06,86.73,87.29,84.48,84.58,3072972
2022-07-07,85.23,85.42,83.36,83.83,2549154
2022-07-08,83.83,84.76,82.52,83.73,3725439
2022-07-11,83.73,84.2,81.95,82.14,2759181
2022-07-12,80.92,80.92,76.8,77.55,3891182
2022-07-13,79.43,79.99,77.74,78.86,3679377
2022-07-14,78.21,79.43,78.02,79.05,1839278
2022-07-15,78.3,78.3,76.9,76.9,3918749
2022-07-18,76.9,79.99,76.15,78.86,7297
2022-07-19,78.86,79.43,78.11,79.33,1624876
2022-07-20,79.52,79.71,77.08,77.37,4581761
2022-07-21,77.46,78.02,77.18,78.02,1519149
2022-07-22,77.55,77.93,76.9,77.37,3339037
2022-07-25,77.46,78.58,77.37,78.58,1290547
2022-07-26,78.58,78.77,77.83,78.21,1583522
2022-07-27,78.4,78.68,77.93,78.68,1316688
2022-07-28,78.96,79.05,78.49,78.77,915272
2022-07-29,79.61,79.61,78.58,79.14,1756126
2022-08-01,79.14,79.14,78.21,79.14,1126277
2022-08-02,78.58,79.14,77.46,78.3,2478201
2022-08-03,78.21,79.14,78.02,78.58,1511867
2022-08-04,78.4,78.96,76.43,77.27,3076766
2022-08-05,78.4,78.49,77.65,77.83,1532888
2022-08-08,77.83,77.93,76.99,77.55,970070
2022-08-09,77.27,77.83,77.18,77.37,1069823
2022-08-10,76.99,77.18,76.52,76.71,2316885
2022-08-11,77.27,77.55,76.99,77.46,1489479
2022-08-12,77.65,78.86,77.65,78.3,2024085
2022-08-15,78.68,79.24,78.49,79.24,1425825
2022-08-16,79.33,79.52,78.68,79.05,1406044
2022-08-17,79.33,80.55,79.14,79.71,3952825
2022-08-18,79.24,80.36,78.96,80.17,1680887
2022-08-19,79.43,80.64,79.33,80.27,2009097
2022-08-22,79.71,80.08,79.33,79.71,1027000
2022-08-23,79.61,79.8,79.24,79.24,1430868
2022-08-24,79.8,79.99,78.77,79.71,2049956
2022-08-25,79.71,81.02,79.61,80.92,2246266
2022-08-26,81.11,81.49,80.36,80.92,1176311
2022-08-29,78.86,79.52,78.4,78.4,4027370
2022-08-30,77.93,78.86,77.18,77.93,3895439
2022-08-31,77.55,78.86,77.27,78.49,2994700
2022-09-01,76.99,78.49,76.43,78.02,5554
2022-09-02,77.65,77.65,76.8,76.8,2033612
2022-09-05,77.18,77.27,76.43,76.62,1349197
2022-09-06,77.37,77.46,76.62,77.18,1015456
2022-09-07,76.24,76.8,75.49,75.49,3956427
2022-09-08,75.77,76.33,75.02,76.24,1974502
2022-09-12,77.65,77.74,76.71,77.27,2163452
2022-09-13,77.65,77.65,77.08,77.65,1965994
2022-09-14,76.15,77.46,76.05,76.24,2724099
2022-09-15,76.24,76.71,75.68,76.62,3478871
2022-09-16,76.24,77.37,75.68,77.37,4835640
2022-09-19,76.8,76.9,75.77,76.15,2606650
2022-09-20,76.15,76.24,75.49,75.77,2556753
2022-09-21,75.3,75.68,75.12,75.49,2250529
2022-09-22,75.02,75.49,73.62,74.27,5670
2022-09-23,74.27,75.3,74.09,74.37,2298148
2022-09-26,73.81,74.56,73.34,74.56,1842308
2022-09-27,74.18,75.02,73.9,74.46,1467344
2022-09-28,73.99,75.12,73.81,75.02,2338976
2022-09-29,75.49,76.52,75.02,76.52,2028987
2022-09-30,76.52,77.65,76.05,77.65,3753449
2022-10-03,76.33,77.18,75.77,76.24,2465980
2022-10-04,75.96,76.43,75.49,75.96,2358122
2022-10-05,75.68,76.24,75.4,75.77,3170137
2022-10-06,75.68,75.96,75.21,75.49,2037889
2022-10-07,75.02,75.77,74.56,74.93,1909086
2022-10-11,73.81,74.46,73.15,73.99,3580524
2022-10-12,73.52,73.9,73.15,73.15,2170961
2022-10-13,72.87,73.52,70.43,70.72,3352178
2022-10-14,71.0,73.81,70.81,72.96,3126002
2022-10-17,72.12,73.99,71.93,73.99,1299300
2022-10-18,73.99,74.37,73.34,74.37,2090267
2022-10-19,73.43,74.56,72.68,72.96,3272021
2022-10-20,72.12,73.06,71.28,72.49,4623965
2022-10-21,73.15,73.99,72.68,73.99,1833618
2022-10-24,74.65,75.87,74.18,75.49,3480323
2022-10-25,76.05,76.8,75.59,76.52,3480485
2022-10-26,76.24,77.27,75.68,76.9,3182513
2022-10-27,77.18,78.49,76.8,76.8,3027005
2022-10-28,77.74,77.74,76.62,76.62,1963336
2022-10-31,76.71,77.74,76.05,77.74,2053251
2022-11-01,77.27,78.02,76.43,77.93,1775989
2022-11-02,77.08,77.93,76.43,76.71,1770909
2022-11-03,76.05,76.62,75.87,76.62,1639452
2022-11-04,75.87,77.08,75.68,77.08,1589801
2022-11-07,77.08,77.74,76.9,77.74,1331772
2022-11-08,78.11,78.4,77.27,78.02,1551457
2022-11-09,77.83,78.21,77.37,78.02,2110453
2022-11-10,77.27,78.02,77.18,77.27,1374792
2022-11-11,77.83,78.68,77.74,78.58,3298922
2022-11-14,78.68,79.71,78.4,79.71,3354926
2022-11-15,78.86,80.46,78.4,80.46,3787899
2022-11-16,80.08,80.46,77.93,77.93,3946715
2022-11-17,77.93,78.86,77.74,78.3,1246305
2022-11-18,77.93,78.58,76.99,77.55,2302845
2022-11-21,77.55,78.21,76.99,77.55,1389130
2022-11-22,78.4,78.4,77.46,78.11,888955
2022-11-23,78.49,78.58,77.83,77.83,916411
2022-11-24,78.58,80.08,78.49,79.99,3266591
2022-11-25,79.71,81.39,79.61,81.39,5409
2022-11-28,80.08,80.17,78.3,78.68,3419587
2022-11-29,79.43,79.43,78.21,79.14,2193435
2022-11-30,79.05,79.8,78.49,79.24,5087
2022-12-01,79.43,80.08,78.21,78.96,3950010
2022-12-02,78.58,79.14,78.02,78.21,2210113
2022-12-05,78.21,79.33,78.21,78.86,1870747
2022-12-06,78.58,78.96,77.74,78.02,2255781
2022-12-07,77.93,78.4,77.08,77.18,2508564
2022-12-08,76.71,76.99,76.15,76.15,2514508
2022-12-09,76.15,77.08,75.96,76.33,1601801
2022-12-12,76.43,76.71,75.68,75.96,1272019
2022-12-13,75.96,76.71,75.87,75.87,1936940
2022-12-14,77.08,78.11,76.9,77.55,2151613
2022-12-15,77.18,77.65,76.9,77.55,1390350
2022-12-16,76.05,76.71,75.87,75.87,3642720
2022-12-19,74.93,75.87,74.93,75.21,1577092
2022-12-20,74.84,75.77,74.56,74.65,2010800
2022-12-21,75.02,75.3,74.37,74.56,902501
2022-12-22,75.12,75.87,74.65,75.87,1140672
2022-12-23,74.74,75.21,74.27,75.02,1409167
2022-12-26,75.3,75.59,75.02,75.21,716176
2022-12-27,75.3,76.05,75.3,75.87,847031
2022-12-28,75.12,75.77,74.46,75.4,1282812
2022-12-29,74.84,75.4,74.37,74.65,2015150
2022-12-30,75.02,75.3,74.93,75.21,554978
2023-01-03,74.93,75.21,74.09,75.02,1517079
2023-01-04,75.12,75.12,74.46,74.65,1125531
2023-01-05,74.65,75.12,74.56,74.65,845640
2023-01-06,75.12,76.05,74.84,76.05,1220811
2023-01-09,76.62,76.99,76.43,76.9,2880209
2023-01-10,77.08,77.65,76.9,77.37,2026562
2023-01-11,77.46,77.55,76.05,76.05,1831890
2023-01-12,76.15,77.08,75.87,76.52,2234689
2023-01-13,75.87,77.27,75.87,76.99,2620757
2023-01-16,77.46,78.58,77.37,78.49,3428398
2023-01-17,78.21,78.68,77.65,77.83,1785614
2023-01-30,79.14,80.17,78.68,79.24,6378
2023-01-31,79.24,79.99,78.49,78.58,3706980
2023-02-01,78.4,78.86,76.9,77.46,3389438
2023-02-02,77.08,77.74,76.52,77.55,2437643
2023-02-03,76.71,77.46,76.71,76.99,1103100
2023-02-06,76.62,76.99,76.33,76.43,1627909
2023-02-07,76.52,78.02,76.52,77.65,1687949
2023-02-08,77.08,77.93,76.9,77.08,1390791
2023-02-09,76.62,77.83,76.62,77.74,1257023
2023-02-10,77.08,77.83,76.8,77.74,1457439
2023-02-13,76.99,77.93,76.99,77.55,1448570
2023-02-14,77.74,78.3,77.55,78.11,983260
2023-02-15,78.02,78.21,76.9,77.08,1940102
2023-02-16,77.27,79.52,77.27,78.68,3114685
2023-02-17,78.4,78.96,78.21,78.86,1172275
2023-02-20,78.68,79.52,78.21,79.24,1400213
2023-02-21,79.14,80.64,78.4,80.17,3610982
2023-02-22,79.43,80.55,78.58,79.71,2675886
2023-02-23,79.89,80.46,79.43,79.61,1595791
2023-02-24,79.8,79.8,78.96,79.71,1757889
2023-03-01,78.21,78.77,77.83,78.3,3936143
2023-03-02,77.93,78.58,77.37,78.21,2825755
2023-03-03,78.21,78.86,77.93,78.58,1848119
2023-03-06,79.14,79.8,78.4,78.77,2191181
2023-03-07,78.77,79.52,78.77,79.33,866131
2023-03-08,79.24,80.55,78.77,80.27,2929861
2023-03-09,80.08,80.08,79.14,79.14,2133729
2023-03-10,78.21,78.86,77.55,78.02,3102082
2023-03-13,78.68,78.77,77.74,77.83,2000593
2023-03-14,76.8,77.46,76.8,76.99,2519009
2023-03-15,77.08,77.93,76.8,76.99,1809981
2023-03-16,76.99,77.18,76.43,76.43,1414045
2023-03-17,76.8,77.27,76.52,76.52,2606207
2023-03-20,77.27,77.27,76.33,76.33,846758
2023-03-21,76.33,76.99,76.33,76.52,864193
2023-03-22,77.08,77.65,76.99,77.46,882570
2023-03-23,77.74,78.86,77.27,78.68,1882080
2023-03-24,78.86,78.86,77.83,77.93,840500
2023-03-27,78.02,78.86,77.93,78.68,916730
2023-03-28,78.86,79.24,78.21,78.96,1321933
2023-03-29,78.86,79.43,78.86,79.33,856736
2023-03-30,79.43,79.43,78.68,79.33,998195
2023-03-31,79.52,80.08,79.05,79.61,1907320
2023-04-06,81.02,81.95,80.36,80.55,3103292
2023-04-07,80.92,81.3,80.55,81.3,1123754
2023-04-10,81.49,81.95,81.3,81.95,1513051
2023-04-11,81.67,82.05,81.11,82.05,1000252
2023-04-12,82.05,82.14,81.49,82.05,1182960
2023-04-13,82.24,82.8,81.67,82.8,2062843
2023-04-14,82.8,83.08,82.24,82.61,1565858
2023-04-17,81.77,82.7,81.77,82.14,1566700
2023-04-18,81.95,81.95,80.27,81.02,1383395
2023-04-19,81.02,81.77,79.71,80.17,1880849
2023-04-20,79.99,80.08,79.52,79.8,620474
2023-04-21,80.08,80.08,78.96,79.99,1203198
2023-04-24,79.61,80.46,79.61,80.46,396647
2023-04-25,80.55,80.74,79.71,79.8,651589
2023-04-26,79.99,81.77,79.99,81.39,2732346
2023-04-27,81.02,81.3,80.55,81.02,1059741
2023-04-28,82.14,82.14,80.64,81.3,868714
2023-05-02,81.3,81.3,80.18,80.55,848617
2023-05-03,80.17,80.17,79.71,79.8,648959
2023-05-04,79.14,79.89,78.86,79.89,684893
2023-05-05,79.8,79.8,79.33,79.71,332167
2023-05-08,79.71,80.17,79.43,79.43,735734
2023-05-09,80.08,81.02,79.71,80.64,1243633
2023-05-10,80.64,80.64,79.52,79.8,831508
2023-05-11,79.8,80.27,79.61,80.27,333916
2023-05-12,79.61,79.8,79.05,79.14,670785
2023-05-15,78.68,80.08,78.68,79.89,702183
2023-05-16,80.46,82.7,80.08,82.61,3204208
2023-05-17,82.33,84.11,82.05,83.92,7758
2023-05-18,82.14,84.3,81.95,84.11,3259532
2023-05-19,84.3,84.3,83.36,84.11,2846973
2023-05-22,84.11,84.11,82.7,82.98,1599918
2023-05-23,83.17,84.02,82.52,82.61,1939117
2023-05-24,82.61,84.2,82.24,83.83,1414762
2023-05-25,82.61,82.98,81.77,82.05,1333012
2023-05-26,81.02,81.77,80.36,81.11,1518858
2023-05-29,81.39,81.58,80.74,80.83,858779
2023-05-30,80.83,81.67,80.64,80.92,1618045
2023-05-31,80.92,81.39,80.36,80.74,3683891
2023-06-01,81.58,81.77,79.99,80.08,1140690
2023-06-02,80.83,81.86,80.36,81.58,1773378
2023-06-05,81.86,82.61,81.39,82.05,2259797
2023-06-06,82.8,82.98,82.14,82.98,2031969
2023-06-07,83.36,83.64,82.61,83.27,2626771
2023-06-08,82.89,82.89,81.95,82.24,1081862
2023-06-09,81.86,83.27,81.86,83.27,1757896
2023-06-12,82.89,82.98,82.42,82.61,1474339
2023-06-13,82.42,82.89,81.76,82.33,3172707
2023-06-14,82.23,83.27,82.14,83.27,1095500
2023-06-15,83.27,83.27,82.33,82.52,715275
2023-06-16,82.52,83.08,81.95,81.95,2710149
2023-06-19,81.57,82.61,81.19,82.61,705958
2023-06-20,82.89,82.89,81.85,82.52,810004
2023-06-21,82.14,83.27,81.76,82.99,1897149
2023-06-26,82.52,82.52,81.95,82.33,1222669
2023-06-27,81.76,82.33,81.57,81.95,1020609
2023-06-28,81.38,81.57,79.67,80.9,2620035
2023-06-29,81.66,81.76,80.52,80.9,1301025
2023-06-30,80.43,81.09,79.95,79.95,1377278
2023-07-03,80.24,80.52,79.95,79.95,666269
2023-07-04,79.67,79.76,78.82,79.2,1130180
2023-07-05,78.72,79.58,78.72,79.01,1480209
2023-07-06,78.44,78.63,76.82,76.82,3580930
2023-07-07,76.26,76.26,75.4,75.78,2672266
2023-07-10,75.69,76.35,75.02,75.12,2561786
2023-07-11,75.69,76.26,75.5,75.97,722781
2023-07-12,75.21,75.69,75.21,75.4,1887652
2023-07-13,75.88,76.73,75.78,76.63,2355153
2023-07-14,76.82,77.96,76.63,77.39,2989583
2023-07-17,77.58,77.58,76.35,76.63,1165243
2023-07-18,75.97,76.16,75.5,75.69,2251001
2023-07-19,75.88,76.16,75.12,75.21,3083556
2023-07-20,75.21,75.5,74.83,75.02,2963805
2023-07-21,75.59,75.59,74.55,74.55,3122210
2023-07-24,74.64,74.64,74.07,74.36,3115534
2023-07-25,74.93,75.31,74.45,74.93,2335155
2023-07-26,75.02,76.07,75.02,75.97,1365876
2023-07-27,76.07,76.63,75.88,76.63,1834089
2023-07-28,76.07,76.54,75.88,75.97,879039
2023-07-31,76.63,76.82,76.07,76.07,1673219
2023-08-01,76.45,77.01,76.16,76.82,1440090
2023-08-02,76.45,76.54,75.5,75.5,3367915
2023-08-04,75.97,77.01,75.78,76.45,1856151
2023-08-07,76.26,77.01,76.26,76.92,952422
2023-08-08,76.54,76.92,75.69,75.69,2906513
2023-08-09,76.35,76.82,76.16,76.82,1184026
2023-08-10,76.92,77.3,76.54,77.2,2079099
2023-08-11,77.3,77.87,77.11,77.68,1458639
2023-08-14,77.68,77.68,76.63,76.82,1156743
2023-08-15,76.92,77.39,76.54,76.82,921112
2023-08-16,76.73,76.73,75.21,75.4,1764371
2023-08-17,74.93,75.12,74.26,74.74,1857307
2023-08-18,74.93,75.4,74.36,74.93,1420555
2023-08-21,75.31,75.4,74.93,75.31,757587
2023-08-22,75.4,75.78,75.21,75.78,892774
2023-08-23,76.16,77.11,76.16,77.01,1830776
2023-08-24,77.58,77.58,76.07,76.26,944871
2023-08-25,76.26,76.54,75.4,75.5,1865001
2023-08-28,75.69,76.35,75.21,75.88,1162315
2023-08-29,76.16,76.16,75.5,75.97,587010
2023-08-30,76.26,76.63,75.59,76.35,1295186
2023-08-31,76.35,76.35,75.21,75.21,3190888
2023-09-01,75.21,75.78,74.74,75.78,1488564
2023-09-04,75.78,77.11,75.31,77.11,2098497
2023-09-05,76.63,76.92,76.35,76.63,916753
2023-09-06,76.45,76.92,75.69,75.78,2745595
2023-09-07,75.21,75.88,75.21,75.5,1541404
2023-09-08,75.59,76.45,75.4,76.45,1295497
2023-09-11,76.45,77.3,76.45,77.2,2022223
2023-09-12,77.3,77.58,76.92,77.3,1407288
2023-09-13,77.77,78.53,77.68,78.34,1806351
2023-09-14,78.44,78.72,78.15,78.72,1647613
2023-09-15,78.91,79.2,77.58,77.58,2797198
2023-09-18,77.58,78.15,77.01,77.77,1064550
2023-09-19,77.68,77.68,76.73,77.01,1523388
2023-09-20,77.49,77.49,76.73,77.3,1280043
2023-09-21,77.3,77.3,75.88,75.88,2356142
2023-09-22,75.88,76.45,75.69,76.16,1137700
2023-09-25,75.69,76.54,75.69,76.35,865334
2023-09-26,75.78,75.97,75.21,75.31,2214777
2023-09-27,75.12,75.59,74.93,75.4,1559970
2023-09-28,75.69,76.45,75.59,76.45,1139333
2023-10-02,76.63,76.73,76.07,76.16,1286510
2023-10-03,75.88,75.97,75.02,75.02,1634420
2023-10-04,74.64,74.64,73.98,74.07,2503196
2023-10-05,74.26,74.45,74.07,74.17,1270440
2023-10-06,74.74,74.74,74.07,74.36,1263719
2023-10-11,76.07,77.3,75.4,77.2,4392471
2023-10-12,77.39,77.49,76.45,77.2,2905587
2023-10-13,76.07,76.45,75.88,75.97,1566451
2023-10-16,76.73,77.58,76.63,77.2,1830813
2023-10-17,77.3,77.68,76.92,77.58,1767325
2023-10-18,77.58,78.25,77.11,77.87,2744559
2023-10-19,77.39,77.87,76.82,77.3,1725661
2023-10-20,76.26,77.39,76.16,76.54,2262797
2023-10-23,76.54,76.54,75.88,75.88,1006963
2023-10-24,75.88,76.26,75.4,75.97,972079
2023-10-25,75.88,76.26,75.5,75.78,1120172
2023-10-26,75.21,75.59,74.74,74.83,1829253
2023-10-27,74.93,75.31,74.93,75.21,632541
2023-10-30,75.31,75.4,74.74,74.93,1280052
2023-10-31,74.64,75.5,74.64,75.02,1200263
2023-11-01,75.02,75.12,74.83,74.93,689333
2023-11-02,75.59,76.16,75.21,75.4,1288317
2023-11-03,75.88,76.73,75.4,76.73,1563203
2023-11-06,77.01,77.49,76.45,77.3,2711748
2023-11-07,77.3,77.39,76.73,77.3,1368720
2023-11-08,76.54,76.92,76.26,76.92,1075447
2023-11-09,76.82,76.82,76.26,76.45,1075402
2023-11-10,75.97,76.35,75.88,76.16,1206364
2023-11-13,76.35,76.63,75.88,76.54,826617
2023-11-14,76.63,77.49,76.54,77.01,3093680
2023-11-15,77.77,79.39,77.3,78.72,6504
2023-11-16,79.1,79.86,78.82,79.67,2461292
2023-11-17,79.58,80.05,78.53,79.39,2834228
2023-11-20,79.67,79.67,78.53,79.48,1780933
2023-11-21,79.67,81.0,79.29,80.9,4424857
2023-11-22,80.52,80.52,79.48,79.67,1064141
2023-11-23,79.29,79.95,79.1,79.67,803323
2023-11-24,79.67,80.24,79.58,80.24,867798
2023-11-27,80.24,80.24,78.53,78.63,929114
2023-11-28,78.82,80.52,78.72,80.33,2374816
2023-11-29,80.33,80.33,79.67,80.14,1299272
2023-11-30,80.9,81.0,79.76,80.62,2305878
2023-12-01,79.95,80.24,79.01,79.2,1173393
2023-12-04,78.72,79.58,78.63,78.72,1202326
2023-12-05,77.96,78.63,77.77,78.53,751927
2023-12-06,78.91,79.29,78.72,78.82,655560
2023-12-07,78.15,78.72,77.77,78.06,1106289
2023-12-08,77.96,78.25,77.39,77.96,1629732
2023-12-11,77.96,77.96,77.49,77.58,353304
2023-12-12,78.25,78.53,77.3,78.25,1242894
2023-12-13,78.25,78.25,77.01,77.39,1071974
2023-12-14,77.49,79.39,77.39,79.01,3731948
2023-12-15,79.2,79.95,78.53,79.48,3719911
2023-12-18,79.39,79.39,78.72,78.91,791535
2023-12-19,78.82,78.82,77.87,78.25,1367736
2023-12-20,78.25,78.72,77.77,78.63,1912611
2023-12-21,77.87,78.53,77.58,77.68,1485872
2023-12-22,77.3,77.3,75.88,76.07,2827559
2023-12-25,76.07,76.92,76.07,76.54,910779
2023-12-26,76.82,77.68,76.54,77.58,1635886
2023-12-27,77.58,77.77,76.73,77.39,2492715
2023-12-28,77.39,77.68,77.01,77.58,2168630
2023-12-29,77.11,77.3,76.45,76.54,1750400
2024-01-02,76.26,76.82,76.07,76.73,931958
2024-01-03,76.07,76.45,75.5,75.59,2082281
2024-01-04,75.78,75.97,75.59,75.59,844544
2024-01-05,75.88,75.88,75.5,75.5,1002300
2024-01-08,75.97,76.92,75.78,75.88,1027361
2024-01-09,75.97,75.97,75.21,75.21,1532545
2024-01-10,75.21,75.21,74.93,75.02,834636
2024-01-11,74.93,75.02,74.55,74.64,1345329
2024-01-12,74.45,75.31,74.45,74.93,658079
2024-01-15,74.55,75.02,74.17,74.17,1816086
2024-01-16,73.13,73.13,70.75,70.94,8435
2024-01-17,69.62,70.28,69.24,69.24,7528
2024-01-18,69.43,69.52,68.48,68.57,3606375
2024-01-19,67.62,69.24,67.53,68.48,4161804
2024-01-22,68.57,68.95,67.91,68.67,1903622
2024-01-23,68.67,69.05,68.48,68.67,1435500
2024-01-24,68.76,69.33,68.76,69.24,2119659
2024-01-25,69.24,69.62,69.05,69.43,1449436
2024-01-26,69.62,70.19,69.24,70.19,1835072
2024-01-29,70.09,71.51,70.09,71.23,2035238
2024-01-30,71.23,71.23,69.9,69.9,1871320
2024-01-31,69.9,70.75,69.9,70.75,1516129
2024-02-01,71.23,72.46,71.23,72.27,3105323
2024-02-02,71.51,72.08,71.04,72.08,2150249
2024-02-05,70.85,71.13,70.28,70.47,1860991
2024-02-15,69.14,69.9,68.86,69.62,2558555
2024-02-16,70.19,70.47,69.33,70.0,1468535
2024-02-19,70.28,71.13,70.0,70.28,1755750
2024-02-20,70.09,70.38,69.33,69.62,1915730
2024-02-21,69.81,70.0,69.24,69.43,2160828
2024-02-22,69.71,69.71,68.76,68.95,1979750
2024-02-23,68.76,69.14,68.67,68.86,1546276
2024-02-26,68.57,68.95,68.1,68.57,2401465
2024-02-27,68.29,68.57,67.91,68.0,2277482
2024-02-29,68.0,70.47,67.62,70.47,4133740
2024-03-01,69.24,69.62,68.1,68.57,3122750
2024-03-04,68.1,68.95,67.91,68.38,3473891
2024-03-05,68.1,68.76,67.91,67.91,2529338
2024-03-06,68.0,68.48,67.43,67.62,2411778
2024-03-07,67.34,67.62,66.87,67.53,2900384
2024-03-08,67.06,67.43,66.3,67.06,3732156
2024-03-11,67.15,68.29,67.15,67.43,2006236
2024-03-12,67.53,67.72,67.06,67.43,2751381
2024-03-13,67.34,67.62,66.87,67.06,2989682
2024-03-14,67.25,67.91,67.06,67.53,3104998
2024-03-15,67.53,67.91,66.96,67.53,3775476
2024-03-18,67.53,67.72,66.58,66.96,4004096
2024-03-19,66.49,66.96,66.01,66.11,5825
2024-03-20,66.01,66.2,65.06,65.82,5974
2024-03-21,66.01,66.11,64.87,65.44,8283
2024-03-22,65.44,65.63,64.49,64.59,6010
2024-03-25,64.4,65.25,64.12,65.06,3339744
2024-03-26,65.06,66.77,64.97,66.58,6880
2024-03-27,66.39,66.58,65.63,65.82,3912822
2024-03-28,65.73,66.2,64.87,65.06,4351611
2024-03-29,65.44,66.2,65.35,65.92,3246000
2024-04-01,66.39,68.1,66.39,68.1,8629
2024-04-02,68.0,68.57,67.53,68.48,6595
2024-04-03,68.76,69.33,68.29,68.57,9315
2024-04-08,68.38,68.95,68.1,68.95,3599416
2024-04-09,69.05,69.62,68.95,69.52,4793341
2024-04-10,69.9,70.38,69.52,70.19,3377114
2024-04-11,69.43,69.81,68.57,69.52,3663567
2024-04-12,68.67,68.95,68.19,68.76,3905642
2024-04-15,69.24,70.19,68.95,69.81,4963174
2024-04-16,69.05,69.71,67.06,67.43,6571
2024-04-17,67.25,67.53,66.58,66.68,4850011
2024-04-18,66.39,66.68,65.73,66.68,5200
2024-04-19,66.68,67.15,65.44,65.73,7511
2024-04-22,66.77,69.05,66.49,68.95,7746
2024-04-23,69.24,69.33,68.0,69.14,3773686
2024-04-24,69.14,69.33,68.57,69.14,2994662
2024-04-25,68.67,68.67,67.81,68.29,3129320
2024-04-26,67.72,68.48,67.53,67.53,2722903
2024-04-29,68.0,68.86,67.72,68.86,3524727
2024-04-30,68.1,68.57,68.0,68.48,2741455
2024-05-02,68.29,68.38,67.62,67.91,2442792
2024-05-03,67.91,68.48,67.81,68.0,1730401
2024-05-06,68.29,68.76,67.81,67.81,3528301
2024-05-07,67.91,68.19,67.34,67.81,2102908
2024-05-08,67.81,67.81,67.06,67.34,2911475
2024-05-09,67.15,67.43,66.11,66.2,4017383
2024-05-10,66.58,66.96,66.2,66.68,2117667
2024-05-13,66.58,67.06,66.2,66.3,2416389
2024-05-14,66.3,66.68,66.11,66.11,2685754
2024-05-15,66.11,67.06,66.11,66.58,4432465
2024-05-16,67.34,67.53,66.49,66.77,5998
2024-05-17,66.58,67.06,66.3,66.3,2880692
2024-05-20,66.96,66.96,66.2,66.58,2408733
2024-05-21,66.77,66.77,65.92,65.92,4218674
2024-05-22,65.92,66.39,65.35,66.3,3369772
2024-05-23,65.44,65.54,65.06,65.06,4740392
2024-05-24,64.97,65.06,64.31,64.78,4310525
2024-05-27,64.59,64.59,64.02,64.31,4183842
2024-05-28,64.4,65.63,64.31,65.63,4479825
2024-05-29,65.73,65.82,64.59,64.68,4415972
2024-05-30,64.12,64.87,64.12,64.21,3747720
2024-05-31,64.68,64.78,63.93,63.93,8041
2024-06-03,64.12,64.12,63.26,63.74,3708163
2024-06-04,63.26,63.45,62.98,63.07,4574637
2024-06-05,62.98,63.07,62.03,63.07,4645250
2024-06-06,62.31,63.07,62.31,62.41,4149198
2024-06-07,62.31,62.88,61.65,62.41,5023
2024-06-11,62.41,63.17,61.93,62.69,5094
2024-06-12,62.79,63.17,62.31,62.69,3487582
2024-06-13,63.07,63.07,62.22,62.5,3954945
2024-06-14,62.5,62.69,61.93,62.5,3326202
2024-06-17,62.22,62.69,61.93,61.93,4001134
2024-06-18,62.12,62.41,61.74,61.84,4691607
2024-06-19,62.03,62.22,61.36,62.12,6525
2024-06-20,62.31,63.26,62.12,63.17,6260
2024-06-21,63.26,63.83,62.79,62.79,5914
2024-06-24,62.79,62.98,61.93,62.41,3563736
2024-06-25,61.67,61.67,60.46,60.74,4406972
2024-06-26,60.56,60.56,59.82,59.91,6543
2024-06-27,59.35,59.82,58.89,59.82,6464
2024-06-28,60.09,60.93,59.82,60.09,5014
2024-07-01,60.46,60.46,59.91,60.28,2656172
2024-07-02,60.0,60.09,59.17,59.17,4904490
2024-07-03,59.26,60.37,58.98,60.28,3443590
2024-07-04,60.28,61.39,60.28,61.21,5312
2024-07-05,61.3,61.3,60.46,60.65,3272312
2024-07-08,60.74,61.21,60.37,60.93,4562590
2024-07-09,61.6,61.6,60.93,61.02,3559140
2024-07-10,60.83,61.22,60.83,60.93,2715295
2024-07-11,61.02,61.22,60.74,60.93,3472125
2024-07-12,60.93,62.17,60.74,61.22,4548050
2024-07-15,61.98,61.98,60.83,61.22,2273372
2024-07-16,61.22,61.22,60.93,61.22,1962258
2024-07-17,61.22,62.46,61.12,62.08,5314
2024-07-18,62.55,63.51,62.46,63.42,9308
2024-07-19,62.75,63.13,61.5,62.27,6870
2024-07-22,62.27,63.03,61.41,63.03,6083
2024-07-23,63.03,63.32,62.27,62.27,2903002
2024-07-26,62.36,62.46,61.41,62.08,5051
2024-07-29,62.36,62.46,61.89,62.08,2694393
2024-07-30,62.36,62.36,60.74,61.22,4590564
2024-07-31,61.12,61.79,61.02,61.6,2159391
2024-08-01,61.89,62.65,61.6,62.65,4076962
2024-08-02,62.46,62.46,61.31,62.36,3315614
2024-08-05,60.74,60.93,58.44,59.49,10293
2024-08-06,61.89,62.17,59.78,62.17,7377
2024-08-07,60.74,61.98,60.74,61.22,3977677
2024-08-08,60.26,60.83,59.88,59.88,3673642
2024-08-09,59.88,61.79,59.88,60.83,6287
2024-08-12,61.02,61.31,60.26,60.35,2631189
2024-08-13,60.26,60.26,58.35,58.54,10813
2024-08-14,58.54,59.49,58.44,59.21,5482
2024-08-15,59.4,59.4,58.25,58.54,4925815
2024-08-16,58.35,58.44,57.87,57.96,7989
2024-08-19,57.87,57.96,57.39,57.39,4444006
2024-08-20,57.68,57.87,55.86,56.15,10448
2024-08-21,56.15,56.43,55.67,56.15,6240
2024-08-22,56.24,56.34,55.09,55.29,11143
2024-08-23,55.29,55.48,54.04,54.52,9745
2024-08-26,54.81,56.43,54.71,55.38,12569
2024-08-27,55.86,56.05,54.71,55.86,8327
2024-08-28,55.29,55.57,54.23,54.52,11312
2024-08-29,54.23,54.23,53.56,53.66,9826
2024-08-30,53.95,54.9,53.66,53.66,110951
2024-09-02,53.95,54.14,52.7,52.7,10674
2024-09-03,52.8,52.99,52.03,52.42,6105
2024-09-04,50.41,51.27,49.26,49.36,18109
2024-09-05,49.45,50.12,47.92,48.11,10258
2024-09-06,47.82,49.16,47.35,48.69,7289
2024-09-09,47.35,47.54,46.25,46.39,15807
2024-09-10,46.39,46.63,45.34,45.34,11645
2024-09-11,45.43,46.58,45.19,45.39,10115
2024-09-12,46.29,47.01,45.67,46.58,7511
2024-09-13,46.96,49.26,46.72,48.49,10200
2024-09-16,48.49,49.74,48.11,48.97,8996
2024-09-18,49.55,50.02,48.97,49.26,5390
2024-09-19,48.97,49.64,48.59,49.16,5423
2024-09-20,49.36,50.02,48.78,49.26,6840
2024-09-23,49.83,49.83,49.07,49.26,3686121
2024-09-24,48.97,48.97,48.11,48.49,4077174
2024-09-25,48.88,49.45,48.59,48.97,7033
2024-09-26,49.55,49.55,48.4,48.49,4317880
2024-09-27,49.26,50.89,48.78,50.69,12560
2024-09-30,50.41,50.89,49.83,50.41,7355
2024-10-01,50.41,50.41,49.45,50.02,4253213
2024-10-04,50.6,53.18,50.6,52.13,15868
2024-10-07,53.37,53.37,51.84,52.61,13891
2024-10-08,52.22,53.09,51.46,51.84,13282
2024-10-09,51.65,51.65,49.83,50.02,8036
2024-10-11,50.79,51.17,49.55,49.74,3383612
2024-10-14,49.26,49.26,48.11,48.78,3674337
2024-10-15,48.78,48.78,47.3,47.35,7431
2024-10-16,46.72,47.06,46.49,46.63,7119
2024-10-17,46.87,47.92,46.72,47.49,4283598
2024-10-18,47.49,48.59,47.44,48.21,5110
2024-10-21,48.78,48.78,47.16,47.16,5077
2024-10-22,47.2,47.25,46.58,46.82,3719946
2024-10-23,46.87,47.11,46.49,46.49,3544537
2024-10-24,46.49,47.35,46.15,46.87,5741
2024-10-25,47.25,47.25,46.2,46.53,4084248
2024-10-28,46.53,47.2,46.2,47.01,5195
2024-10-29,46.82,46.87,45.58,45.67,8271
2024-10-30,46.1,46.49,45.77,46.01,5716
2024-11-01,46.39,46.39,45.24,46.06,5383
2024-11-04,46.1,46.49,45.86,46.39,3445224
2024-11-05,46.44,46.58,46.01,46.2,2829407
2024-11-06,45.91,46.06,45.39,45.48,5996
2024-11-07,45.24,46.72,45.19,46.29,5552
2024-11-08,46.25,46.29,44.0,44.05,17700
2024-11-11,44.09,44.14,43.33,43.62,6691
2024-11-12,43.14,43.33,42.76,42.85,7862
2024-11-13,42.52,42.76,41.99,42.18,13080
2024-11-14,42.18,42.52,41.32,41.56,7103
2024-11-15,41.42,42.71,41.18,41.42,11998
2024-11-18,41.89,42.95,41.66,42.61,14134
2024-11-19,43.04,43.04,41.8,42.56,6336
2024-11-20,42.18,42.18,42.18,42.18,5385
2024-11-21,42.04,42.04,41.51,41.51,3547110
2024-11-22,41.85,42.28,41.37,41.66,5297
2024-11-25,42.23,42.47,41.89,42.04,5988
2024-11-26,42.09,43.09,41.42,41.7,8433
2024-11-27,41.56,41.61,40.36,40.46,8607
2024-11-28,40.65,40.75,39.69,40.12,5624
2024-11-29,39.65,39.93,38.98,39.12,11278
2024-12-02,39.36,39.89,38.59,38.64,6804
2024-12-03,38.93,39.26,38.59,39.17,7546
2024-12-04,39.36,39.41,38.4,38.5,5868
2024-12-05,38.55,38.59,37.88,37.97,7455
2024-12-06,37.97,38.4,37.69,37.97,8141
2024-12-09,38.4,38.45,37.35,37.4,11264
2024-12-10,37.54,38.88,37.49,37.78,9659
2024-12-11,38.4,38.4,37.35,37.4,8063
2024-12-12,37.54,37.64,36.3,36.35,11445
2024-12-13,36.11,36.11,35.58,35.68,8081
2024-12-16,35.44,36.16,35.06,35.25,7782
2024-12-17,35.29,35.77,34.63,34.63,7842
2024-12-18,34.58,35.44,34.34,34.91,9024
2024-12-19,34.34,35.25,34.34,35.1,6888
2024-12-20,34.63,34.86,33.19,33.19,17282
2024-12-23,33.14,34.24,33.14,33.72,9035
2024-12-24,33.96,34.53,33.72,33.81,5995
2024-12-25,34.1,34.24,33.57,33.76,3177650
2024-12-26,33.86,34.15,33.48,33.53,3010772
2024-12-27,33.19,33.62,33.05,33.48,8687
2024-12-30,33.76,33.76,33.05,33.09,3295268
2024-12-31,33.0,33.14,32.62,33.05,5754
2025-01-02,32.86,33.0,32.28,32.33,7059
2025-01-03,32.52,33.33,32.52,32.71,5051
2025-01-06,33.29,35.34,32.76,34.72,14907
2025-01-07,34.91,34.91,33.57,33.67,8907
2025-01-08,34.05,34.05,32.57,32.76,7109
2025-01-09,32.57,32.66,31.76,32.09,9903
2025-01-10,31.85,32.33,31.33,31.47,6067
2025-01-13,32.19,33.86,31.9,33.62,17462
2025-01-14,33.05,34.86,33.0,34.53,18466
2025-01-15,34.19,35.2,34.15,34.72,13682
2025-01-16,34.91,36.16,34.67,35.01,19228
2025-01-17,35.06,36.35,34.58,36.11,13652
2025-01-20,36.16,36.16,35.2,35.53,8967
2025-01-21,35.87,35.87,34.82,34.86,6752
2025-01-22,35.01,35.29,34.39,35.06,7098
2025-02-03,34.43,35.01,32.81,32.86,14287
2025-02-04,32.95,33.0,31.76,31.76,11962
2025-02-05,32.14,33.24,32.14,32.62,7448
2025-02-06,32.52,32.81,32.23,32.62,5648
2025-02-07,32.52,32.57,31.8,32.09,5718
2025-02-10,32.33,33.14,32.28,32.62,9100
2025-02-11,32.9,34.19,32.9,33.19,12791
2025-02-12,33.29,34.91,32.95,34.43,13255
2025-02-13,34.34,35.53,33.96,35.34,16302
2025-02-14,35.29,36.25,34.72,36.11,12499
2025-02-17,36.35,37.49,35.82,37.35,14554
2025-02-18,37.35,37.35,35.96,36.54,13378
2025-02-19,36.35,37.35,36.35,36.78,9309
2025-02-20,36.97,37.3,36.35,36.54,8398
2025-02-21,36.87,37.3,36.54,37.26,6901
2025-02-24,37.26,38.21,36.97,38.07,10794
2025-02-25,37.88,38.83,37.69,38.69,16576
2025-02-26,38.45,38.64,37.59,37.59,13389
2025-02-27,37.78,37.97,36.82,37.02,9830
2025-03-03,36.92,37.64,36.35,37.21,9163
2025-03-04,36.54,36.68,36.01,36.68,7279
2025-03-05,36.73,38.45,36.68,38.36,10899
2025-03-06,38.5,38.5,37.02,37.06,10753
2025-03-07,36.92,37.4,36.54,36.78,7149
2025-03-10,36.97,38.07,36.92,37.92,6641
2025-03-11,37.21,37.3,36.25,37.16,9793
2025-03-12,37.26,37.54,36.87,37.06,5239
2025-03-13,37.11,37.4,35.77,35.87,8828
2025-03-14,36.06,38.07,36.06,38.02,15621
2025-03-17,38.12,38.64,37.49,38.45,11462
2025-03-18,38.59,38.98,38.07,38.79,11610
2025-03-19,38.79,38.79,37.3,37.97,12380
2025-03-20,37.78,38.59,37.78,38.31,5414
2025-03-21,38.21,38.26,37.06,37.06,10551
2025-03-24,37.35,37.88,36.92,36.97,5018
2025-03-25,37.49,37.54,36.54,36.54,2907290
2025-03-26,36.87,37.06,36.54,36.63,1881128
2025-03-27,36.59,36.78,36.25,36.63,2459931
2025-03-28,36.63,36.63,35.53,35.68,5859
2025-03-31,34.53,35.25,34.53,35.01,6239
2025-04-01,35.15,36.35,35.15,36.01,6222
2025-04-02,35.87,36.25,35.39,36.06,2674871
2025-04-07,32.47,32.47,32.47,32.47,4877241
2025-04-08,32.52,33.14,31.76,32.23,11195
2025-04-09,31.56,32.23,29.27,29.6,12185
2025-04-10,32.43,32.52,31.37,32.52,5982
2025-04-11,31.56,33.24,30.99,32.9,7707
2025-04-14,32.95,34.0,32.9,33.57,8281
2025-04-15,33.57,35.63,33.43,35.63,8671
2025-04-16,34.96,35.29,34.1,34.29,5706
2025-04-17,34.53,34.53,33.67,33.96,2838060
2025-04-18,34.82,34.82,33.91,34.34,2291684
2025-04-21,34.58,34.58,33.48,33.67,2729435
2025-04-22,33.67,33.91,33.0,33.67,2249798
2025-04-23,34.15,34.86,34.05,34.63,3895983
2025-04-24,34.67,34.67,33.14,33.14,5312
2025-04-25,33.72,33.81,33.14,33.48,2762179
2025-04-28,33.76,33.76,33.29,33.29,2144332
2025-04-29,33.48,33.96,33.14,33.91,2558685
2025-04-30,33.72,33.72,33.43,33.43,2069951
2025-05-02,33.62,34.39,33.48,34.29,3436856
2025-05-05,34.72,36.82,34.72,36.35,14858
2025-05-06,36.25,37.21,35.87,36.01,7227
2025-05-07,36.59,37.59,36.3,37.06,12851
2025-05-08,36.44,37.49,36.39,37.3,6901
2025-05-09,37.16,38.16,36.82,38.12,8972
2025-05-12,38.55,39.22,38.45,39.12,9039
2025-05-13,39.26,39.26,37.11,37.49,10881
2025-05-14,37.78,38.16,37.16,38.16,6823
2025-05-15,38.26,38.4,37.83,38.12,3772808
2025-05-16,37.78,38.02,37.3,37.69,4689975
2025-05-19,37.16,37.4,36.16,36.59,7698
2025-05-20,36.92,37.06,36.68,36.73,2617803
2025-05-21,37.02,37.88,36.97,37.78,4761833
2025-05-22,37.59,37.64,36.63,36.92,2784527
2025-05-23,36.49,37.11,36.49,36.73,2026415
2025-05-26,36.87,37.88,36.87,37.69,6893
2025-05-27,37.54,37.92,36.68,36.73,4906350
2025-05-28,37.3,37.3,36.54,36.73,2211560
2025-05-29,37.21,37.21,36.2,36.35,2917144
2025-06-02,35.96,36.06,34.34,34.67,9381
2025-06-03,34.91,34.91,34.24,34.29,3814192
2025-06-04,34.86,35.39,34.58,34.86,4032769
2025-06-05,34.86,35.49,34.48,35.29,2655025
2025-06-06,35.39,36.49,35.29,36.3,3862321
2025-06-09,36.68,36.82,35.53,36.06,2499001
2025-06-10,35.73,37.16,35.63,36.49,5656
2025-06-11,36.68,36.68,35.92,36.3,3126457
2025-06-12,36.54,37.4,36.54,36.87,4946072
2025-06-13,37.69,38.4,36.59,38.07,16834
2025-06-16,40.08,40.08,37.78,37.78,26537
2025-06-17,37.49,37.73,36.35,36.35,10432
2025-06-18,37.21,37.21,36.35,36.82,6864
2025-06-19,36.49,36.87,35.1,35.29,10731
2025-06-20,35.2,35.87,35.2,35.53,15220
2025-06-23,37.11,37.3,35.73,36.92,15694
2025-06-24,35.68,36.3,35.06,35.15,17789
2025-06-25,35.3,35.54,35.15,35.3,5746
2025-06-26,35.49,36.47,35.4,36.03,7580
2025-06-27,36.28,36.67,35.84,35.98,5426
2025-06-30,36.08,36.08,35.2,35.2,4578142
2025-07-01,35.2,37.45,35.2,36.67,15222
2025-07-02,36.76,37.64,36.57,37.64,6243
2025-07-03,37.6,38.18,37.55,37.84,4456577
2025-07-04,37.35,37.69,36.96,37.01,2774080
2025-07-07,36.96,37.16,36.18,36.76,2701133
2025-07-08,37.01,37.01,35.98,36.03,3020873
2025-07-09,36.08,36.08,35.54,35.74,3213361
2025-07-10,35.49,35.93,35.44,35.69,2214281
2025-07-11,35.49,35.54,34.12,35.1,7013
2025-07-14,35.2,36.03,35.05,35.59,5469
2025-07-15,35.54,36.37,35.4,35.54,6266
2025-07-16,35.2,36.57,35.15,35.54,12045
2025-07-17,35.64,37.5,35.64,37.35,11651
2025-07-18,37.6,38.33,37.25,38.04,10315
2025-07-21,37.64,38.57,37.55,38.13,5549
2025-07-22,38.13,38.52,37.79,37.99,5315
2025-07-23,38.23,39.31,38.08,38.92,8517
2025-07-24,39.6,39.84,38.82,39.21,11705
2025-07-25,38.96,39.31,38.18,38.48,5529
2025-07-28,38.43,39.94,38.18,39.5,8282
2025-07-29,39.5,39.55,38.43,38.48,5306
2025-07-30,38.62,42.29,38.62,42.29,23710
2025-07-31,43.12,43.36,41.65,42.83,37612
2025-08-04,40.09,40.09,37.45,38.52,22378
2025-08-05,39.16,39.7,37.99,38.13,8731
2025-08-06,38.08,39.26,38.04,38.62,7032
2025-08-07,38.82,39.21,38.38,38.96,4275829
2025-08-08,38.72,38.96,38.33,38.38,4600227
2025-08-11,37.94,39.11,37.45,38.92,4318148
2025-08-12,39.11,41.26,39.11,40.53,11414
2025-08-13,40.77,41.65,40.14,40.48,7584
2025-08-14,40.92,41.41,40.38,40.48,6140
2025-08-15,40.87,41.07,39.75,41.02,8267
2025-08-18,40.72,42.0,40.43,40.53,7415
2025-08-19,40.77,41.46,39.84,39.89,8403
2025-08-20,39.99,40.28,38.57,38.67,6306
2025-08-21,39.11,42.48,39.11,41.95,18935
2025-08-22,42.24,43.12,41.6,42.48,12298
2025-08-25,42.68,43.46,42.04,42.19,8352
2025-08-26,42.0,42.97,41.56,41.6,5670
2025-08-27,41.36,42.0,40.92,40.92,5033
2025-08-28,40.82,40.82,39.7,39.84,5645
2025-08-29,39.94,40.33,39.06,39.26,6509
2025-09-01,39.21,39.84,38.38,38.96,7524
2025-09-02,39.4,39.8,38.38,38.57,4969841
2025-09-03,38.67,39.11,38.23,38.43,3790577
2025-09-04,38.82,39.01,38.48,38.72,3201721
2025-09-05,38.87,38.92,38.13,38.57,4342862
2025-09-08,38.43,39.11,38.28,38.72,2617680
2025-09-09,38.67,39.6,38.67,39.45,3990571
2025-09-10,39.45,39.45,38.72,39.06,3264107
2025-09-11,39.01,39.01,37.94,37.99,4882504
2025-09-12,38.08,38.62,37.84,38.08,3959360
2025-09-15,38.13,38.77,37.94,37.94,4396942
2025-09-16,38.38,38.72,37.64,37.64,6272
2025-09-17,37.84,38.67,37.84,37.99,3486769
2025-09-18,38.23,38.43,37.84,37.94,3436856
2025-09-19,37.99,38.62,37.79,38.04,4357234
2025-09-22,38.67,38.67,37.84,38.33,4403638
2025-09-23,38.13,38.67,38.13,38.38,4244767
2025-09-24,38.48,38.62,37.89,38.13,3692744
2025-09-25,38.43,39.5,38.43,39.26,6099
2025-09-26,39.36,39.5,38.52,39.26,4086476
2025-09-30,39.31,40.24,39.31,39.7,5058
2025-10-01,39.7,40.33,39.6,39.8,4302424
2025-10-02,39.8,39.89,38.72,38.92,4096820
2025-10-03,38.67,38.67,37.5,37.55,6841
2025-10-07,37.55,39.89,37.55,39.7,8612
2025-10-08,39.84,41.16,39.65,41.07,8461
2025-10-09,41.21,41.51,40.97,41.16,6354
2025-10-13,40.28,40.28,39.16,39.89,6380
2025-10-14,40.28,40.87,39.4,39.89,6531
2025-10-15,39.89,41.07,39.45,40.24,7684
2025-10-16,40.77,42.24,40.58,41.95,11710
2025-10-17,41.8,43.07,41.31,42.78,9041
2025-10-20,43.07,43.61,42.39,42.88,4923209
2025-10-21,43.12,43.17,42.24,42.53,4527164
2025-10-22,42.53,43.8,42.39,43.46,6709
2025-10-23,43.95,46.3,43.17,45.47,17125
2025-10-27,45.32,45.86,44.68,44.78,11204
2025-10-28,44.88,45.17,44.2,44.54,7471
2025-10-29,44.54,44.88,43.56,44.24,4734730
2025-10-30,44.68,44.83,43.71,44.54,5417
2025-10-31,44.83,44.93,43.61,43.71,5209
2025-11-03,44.0,44.2,42.68,42.92,3633105
2025-11-04,43.02,43.76,42.92,43.51,4770806
2025-11-05,43.02,44.29,42.58,44.05,5659
2025-11-06,44.39,46.84,44.2,46.79,13271
2025-11-07,46.44,49.67,45.96,48.89,22399
2025-11-10,48.89,51.04,47.32,50.75,18859
2025-11-11,50.36,53.29,50.36,51.33,18715
2025-11-12,52.21,54.56,50.94,54.07,28142
2025-11-13,54.07,54.76,52.9,53.78,17268
2025-11-14,52.9,53.78,51.82,52.02,10386
2025-11-17,52.12,54.07,52.02,53.68,14711
2025-11-18,52.8,54.76,52.31,52.9,11366
2025-11-19,53.78,53.78,51.92,52.31,10919
2025-11-20,53.19,55.93,52.7,54.95,14041
2025-11-21,54.17,54.76,51.63,51.82,12337
2025-11-24,52.7,54.27,52.31,54.27,16137
2025-11-25,54.56,54.56,49.77,50.94,14836
2025-11-26,51.14,51.24,48.79,49.08,10895
2025-11-27,49.18,50.84,48.99,50.84,8856
2025-11-28,50.94,51.24,50.26,51.14,4922318
2025-12-01,51.04,52.41,50.55,51.24,4578222
2025-12-02,51.43,53.39,51.14,52.7,8373
2025-12-03,52.8,53.0,51.92,52.12,6723
2025-12-04,52.8,53.29,51.53,52.21,6359
2025-12-05,51.82,51.82,49.67,50.36,7114
2025-12-08,50.26,51.24,49.77,50.36,4706839
2025-12-09,49.87,50.36,49.48,50.06,3809111
2025-12-10,49.96,49.96,48.64,48.74,4767861
2025-12-11,48.89,48.89,47.42,47.57,6440
2025-12-12,48.01,48.2,47.42,47.72,3291028
2025-12-15,47.42,49.77,46.84,49.08,6005
2025-12-16,48.35,49.38,48.16,48.16,5644
2025-12-17,48.5,49.08,47.08,47.18,6492
2025-12-18,47.62,47.91,46.69,46.79,4045549
2025-12-19,46.69,47.76,46.64,47.52,6149
2025-12-22,48.11,48.11,47.08,47.42,3759318
2025-12-23,47.57,48.99,47.08,48.2,4509927
2025-12-24,48.2,48.35,47.42,47.57,2624890
2025-12-26,47.86,48.01,47.37,47.62,1292922
2025-12-29,47.62,48.4,47.62,47.91,2603230
2025-12-30,48.11,48.25,47.28,47.91,2081114
2025-12-31,47.91,48.11,46.44,46.74,5968
2026-01-02,47.03,47.03,45.56,45.56,5073
2026-01-05,46.35,46.64,45.91,46.05,4672565
2026-01-06,46.2,46.88,45.81,45.86,3604540
2026-01-07,46.1,47.67,46.1,46.64,8461
2026-01-08,46.98,48.25,46.54,46.54,8216
2026-01-09,47.23,48.06,46.05,46.54,5965
2026-01-12,47.13,47.67,46.88,47.47,3680489
2026-01-13,47.62,47.67,45.61,46.25,6345
2026-01-14,46.79,47.42,46.4,46.84,5195
2026-01-15,46.88,49.18,46.88,48.89,11557
2026-01-16,49.08,49.08,47.08,47.23,13545
2026-01-19,47.18,48.01,46.84,47.18,12854
2026-01-20,47.03,47.03,45.32,45.32,14423
2026-01-21,45.32,45.56,44.73,44.78,7438
2026-01-22,45.17,46.15,44.93,46.1,8093
2026-01-23,46.05,46.69,45.76,46.44,3794357
2026-01-26,46.84,51.04,46.84,51.04,19885
2026-01-27,52.6,53.09,49.77,50.45,28769
2026-01-28,50.65,52.31,50.36,51.53,13488
2026-01-29,51.82,52.21,50.26,51.24,14745
2026-01-30,52.8,53.39,51.43,52.21,19406
2026-02-02,52.31,52.41,47.32,47.67,14408
2026-02-03,48.25,50.16,47.67,47.67,9023
2026-02-04,47.96,48.99,47.37,48.69,6472
2026-02-05,48.64,49.77,48.4,48.55,5425
2026-02-06,48.01,48.4,46.84,47.52,6100
2026-02-09,48.06,49.28,47.81,48.89,6635299
2026-02-10,48.99,48.99,47.62,47.91,5483505
2026-02-11,48.4,48.74,48.06,48.64,5342500
2026-02-23,49.77,51.24,49.38,50.55,10665408
2026-02-24,50.84,51.82,50.36,51.24,5742480
2026-02-25,51.24,55.73,51.14,54.76,22160802
2026-02-26,54.36,54.46,51.92,53.29,15530414
2026-03-02,58.57,58.57,54.17,55.24,40486711
2026-03-03,56.71,59.94,55.44,57.49,40997306
2026-03-04,60.04,61.89,58.08,58.96,75437137
2026-03-05,58.37,58.57,54.17,55.15,41498212
2026-03-06,56.71,60.62,56.42,60.62,67538668
2026-03-09,66.68,66.68,64.92,66.68,59045757
2026-03-10,60.04,60.52,60.04,60.04,35504485
2026-03-11,58.96,58.96,54.56,56.42,48867295
2026-03-12,59.25,59.74,56.42,57.59,60811421
2026-03-13,59.55,61.6,55.83,56.61,70001550
2026-03-16,57.0,58.57,56.52,56.71,26503965
2026-03-17,56.61,56.61,54.76,55.44,23385419
2026-03-18,56.03,56.22,54.76,55.73,14009080
2026-03-19,57.88,58.47,56.03,56.12,45047637
2026-03-20,55.93,56.71,54.27,54.95,21909731
2026-03-23,55.73,57.59,53.29,53.48,36996346
2026-03-24,53.68,55.05,52.6,53.88,18843804
2026-03-25,55.15,55.15,52.21,53.29,15469474
2026-03-26,53.58,56.22,53.39,54.46,19098279
2026-03-27,54.85,55.83,53.97,55.05,12152352
2026-03-30,56.22,57.1,54.95,55.15,30902045
2026-03-31,55.54,56.03,53.39,53.88,17433416
2026-04-01,54.56,55.83,53.68,54.46,19850682
2026-04-02,54.56,54.56,53.39,53.48,9551542
2026-04-07,54.56,56.52,53.88,55.54,19584848
2026-04-08,54.36,54.36,52.51,53.09,20780999
2026-04-09,52.31,53.09,51.43,51.53,17315797
2026-04-10,52.21,52.21,50.36,50.84,10881345
2026-04-13,52.21,53.97,51.43,53.88,23016055
2026-04-14,52.6,55.24,52.21,54.95,24801792
2026-04-15,54.95,54.95,52.7,53.19,13603473
2026-04-16,53.58,54.56,52.9,53.88,9577571
2026-04-17,54.56,55.24,52.9,53.68,9690084
2026-04-20,54.56,54.76,52.21,52.8,9915201
2026-04-21,53.58,53.58,51.82,51.82,9957743
2026-04-22,51.92,52.41,51.24,51.53,5930468
2026-04-23,51.53,51.82,49.87,50.55,12700237
2026-04-24,50.55,51.04,49.48,50.45,8236472
2026-04-27,49.96,50.84,49.57,50.65,6264886
2026-04-28,52.31,52.31,50.94,51.72,8793537
2026-04-29,52.41,52.8,51.92,52.8,8972325
2026-04-30,53.78,55.44,52.41,55.15,20932570
2026-05-04,54.27,54.27,52.6,52.8,11578345
2026-05-05,53.48,54.46,53.0,54.17,8332650
2026-05-06,54.36,54.66,53.19,53.58,7220848
2026-05-07,52.8,52.9,50.75,51.14,16247346
2026-05-08,52.02,52.51,51.14,51.82,9434400
2026-05-11,52.31,53.19,52.12,52.8,9291352
2026-05-12,53.09,53.09,51.53,51.92,7708607
2026-05-13,52.41,52.41,51.33,51.72,4978905
2026-05-14,51.14,52.12,51.14,51.24,5184553
2026-05-15,51.33,51.63,50.16,50.16,6486132
2026-05-18,49.96,50.75,49.67,50.06,6714601
2026-05-19,50.45,51.04,49.77,50.16,5513460
2026-05-20,50.45,50.65,49.18,50.06,6773786
2026-05-21,50.26,50.55,49.77,50.16,4219421
2026-05-22,49.96,50.16,49.48,49.87,5304465
2026-05-25,50.16,50.16,48.2,48.4,13511825
2026-05-26,48.4,49.08,48.01,48.2,7832786
2026-05-27,48.69,49.18,48.5,48.99,8139743
2026-05-28,49.38,49.38,48.06,48.79,9118413
2026-05-29,48.84,50.36,48.84,50.26,9934158
2026-06-01,50.45,52.6,49.57,52.12,11361359
2026-06-02,52.21,53.48,51.72,53.29,12588427
2026-06-03,53.58,55.24,52.7,54.66,15925791
2026-06-04,55.24,56.81,54.46,56.22,16205423
2026-06-05,56.22,56.42,53.78,54.07,10918923
2026-06-08,51.63,52.31,50.75,51.43,8392445
2026-06-09,50.94,51.63,50.55,51.24,9166664
2026-06-10,50.84,51.04,49.57,49.87,9592091
2026-06-11,50.36,50.75,49.18,50.26,7563201
2026-06-12,50.36,51.82,50.26,51.63,5681157
2026-06-15,52.31,52.41,51.33,52.12,6560513
2026-06-16,52.51,53.09,51.43,51.53,6711234
2026-06-17,50.84,51.82,50.45,51.43,6663909
2026-06-18,51.43,54.07,51.33,52.31,13936928
2026-06-22,53.29,53.48,52.12,52.8,7861989
2026-06-23,53.5,53.5,52.0,52.1,6991326
2026-06-24,52.1,55.3,51.0,55.2,14904166
2026-06-25,55.0,56.7,54.6,55.9,19538050
2026-06-26,55.2,55.5,53.0,53.5,11990331
2026-06-29,54.4,55.3,53.4,55.3,7658713
2026-06-30,55.7,56.3,54.3,55.1,7043278
2026-07-01,55.5,55.6,53.3,53.6,7999585
2026-07-02,53.9,57.6,53.4,57.6,24131559
2026-07-03,57.9,60.7,57.1,58.9,41913497
2026-07-06,59.5,61.4,58.2,59.5,18494157
2026-07-07,59.6,59.8,57.7,58.0,11380225
2026-07-08,58.7,60.4,58.6,59.4,13157688
2026-07-09,60.2,60.2,57.1,58.8,9759071
2026-07-10,58.8,58.8,58.8,58.8,0
2026-07-13,60.5,64.4,60.5,63.1,33178853
2026-07-14,64.8,67.2,63.3,66.2,49423286
2026-07-15,66.6,72.8,66.1,72.8,58132414
2026-07-16,74.5,80.0,73.2,80.0,101063704
2026-07-17,79.6,84.0,78.2,81.3,165235648
2026-07-20,84.0,84.3,75.8,77.7,96431863
2026-07-21,80.0,85.4,79.7,85.4,49021490
2026-07-22,87.4,92.8,84.1,85.1,120757672
2026-07-23,87.9,93.6,86.6,93.2,95392242
2026-07-24,97.6,97.9,84.7,85.8,121415397
2026-07-27,81.7,82.9,77.3,77.9,39977919
2026-07-28,74.0,75.9,73.0,74.6,29916606
2026-07-29,76.3,77.1,72.0,74.8,48108679
2026-07-30,77.0,78.0,71.0,71.6,38829546
2026-07-31,74.1,76.0,70.3,70.8,68414019
2026-08-03,71.4,71.4,67.2,67.7,30387483
2026-08-04,65.6,68.8,65.4,68.2,19939097
2026-08-05,67.6,68.4,66.7,67.6,20303765
2026-08-06,66.8,67.4,66.2,67.1,13723335
2026-08-07,70.1,73.0,68.8,71.0,41528002