date,open,high,low,close,volume
2002-08-27,8.9,9.01,8.62,8.62,4268741
2002-08-28,8.5,8.56,8.05,8.17,8329
2002-08-29,8.05,8.11,7.72,7.83,8028
2002-08-30,7.88,8.11,7.83,7.88,3851107
2002-09-02,7.66,7.88,7.49,7.49,1767721
2002-09-03,7.6,8.0,7.6,7.88,6043
2002-09-04,7.77,8.11,7.72,7.83,4856184
2002-09-05,7.88,8.05,7.55,7.55,3590999
2002-09-06,7.55,7.55,7.55,7.55,0
2002-09-09,7.6,7.88,7.55,7.88,4015254
2002-09-10,7.94,8.34,7.88,8.28,6111
2002-09-11,8.34,8.73,8.28,8.45,9467
2002-09-12,8.45,8.73,8.39,8.56,5878
2002-09-13,8.45,8.5,8.34,8.5,4381424
2002-09-16,8.56,8.56,7.94,7.94,4679411
2002-09-17,7.94,8.45,7.72,8.45,4625116
2002-09-18,7.94,8.22,7.88,7.88,6134
2002-09-19,7.88,8.05,7.66,7.66,5551
2002-09-20,7.55,7.66,7.27,7.55,5930
2002-09-23,7.66,7.72,7.43,7.55,3361195
2002-09-24,7.55,7.72,7.55,7.6,3239349
2002-09-25,7.66,7.72,7.43,7.72,3884666
2002-09-26,7.94,8.11,7.83,7.83,4901075
2002-09-27,7.88,7.94,7.6,7.77,3443394
2002-09-30,7.66,7.72,7.38,7.72,2960933
2002-10-01,7.55,7.77,7.55,7.55,2522791
2002-10-02,7.83,8.05,7.72,7.83,6811
2002-10-03,7.83,7.88,7.55,7.55,3242506
2002-10-04,7.43,7.6,7.32,7.32,4246824
2002-10-07,7.1,7.1,6.82,6.93,4079816
2002-10-08,6.87,6.98,6.65,6.82,3622692
2002-10-09,6.82,7.04,6.65,6.65,5892
2002-10-10,6.65,6.65,6.65,6.65,0
2002-10-11,6.87,6.87,6.53,6.76,4732948
2002-10-14,6.76,6.87,6.53,6.59,2539712
2002-10-15,6.7,7.04,6.7,7.04,6451
2002-10-16,7.21,7.49,7.04,7.49,9216
2002-10-17,7.27,7.88,7.27,7.6,9298
2002-10-18,7.77,8.11,7.72,8.11,12454
2002-10-21,8.17,8.56,8.17,8.45,14758
2002-10-22,8.5,8.67,8.11,8.22,16721
2002-10-23,8.39,8.79,8.22,8.79,14080
2002-10-24,8.84,9.07,8.67,8.79,12176
2002-10-25,8.79,8.79,8.39,8.56,4949628
2002-10-28,8.73,8.73,8.11,8.11,4651664
2002-10-29,8.11,8.39,8.11,8.28,2834784
2002-10-30,8.22,8.5,8.17,8.22,4350142
2002-10-31,8.45,8.79,8.39,8.56,10300
2002-11-01,8.73,9.12,8.73,8.84,20106
2002-11-04,9.24,9.24,8.56,8.79,10295
2002-11-05,8.9,8.9,8.22,8.34,8032
2002-11-06,8.45,8.9,8.34,8.9,10082
2002-11-07,9.12,9.12,8.73,8.79,9467
2002-11-08,8.67,9.18,8.67,8.95,11271
2002-11-11,8.95,8.95,8.34,8.34,8300
2002-11-12,8.17,8.39,8.0,8.28,6661
2002-11-13,8.28,8.39,8.0,8.11,5021
2002-11-14,8.34,8.45,8.05,8.11,4923913
2002-11-15,8.45,8.5,8.28,8.39,6789
2002-11-18,8.34,8.56,8.22,8.34,3482413
2002-11-19,8.45,8.73,8.45,8.67,9741
2002-11-20,8.67,8.9,8.45,8.73,9486
2002-11-21,8.84,8.95,8.45,8.45,4853860
2002-11-22,8.67,8.9,8.67,8.73,4902041
2002-11-25,8.79,8.79,8.5,8.79,2110161
2002-11-26,8.9,8.95,8.73,8.73,5596
2002-11-27,8.73,8.73,8.5,8.5,1999042
2002-11-28,8.73,8.79,8.5,8.56,4914790
2002-11-29,8.67,8.84,8.56,8.73,4319872
2002-12-02,8.73,8.73,8.73,8.73,0
2002-12-03,8.9,9.41,8.84,9.18,14135
2002-12-04,9.12,9.18,8.95,8.95,5652
2002-12-05,9.01,9.01,8.79,8.9,2337684
2002-12-06,8.9,8.95,8.67,8.67,3284890
2002-12-09,8.9,8.95,8.56,8.67,6751
2002-12-10,8.5,8.56,8.17,8.28,4803404
2002-12-11,8.28,8.45,8.28,8.28,3750599
2002-12-12,8.28,8.39,8.0,8.11,3386159
2002-12-13,7.88,8.05,7.88,7.88,2706634
2002-12-16,7.55,7.77,7.49,7.6,4361910
2002-12-17,7.72,7.77,7.15,7.15,5535
2002-12-18,7.15,7.15,6.76,6.82,11005
2002-12-19,6.7,7.15,6.65,6.87,7762
2002-12-20,6.87,7.27,6.82,7.27,7377
2002-12-23,7.21,7.21,6.87,6.87,3275335
2002-12-24,6.98,7.21,6.98,7.1,4927903
2002-12-25,7.1,7.21,6.98,7.1,2201088
2002-12-26,7.1,7.43,7.1,7.43,3033410
2002-12-27,7.38,7.43,7.21,7.21,3456950
2002-12-30,7.04,7.27,7.04,7.21,3504268
2002-12-31,7.27,7.49,7.27,7.38,4459961
2003-01-01,7.38,7.38,7.38,7.38,0
2003-01-02,7.32,7.43,7.21,7.32,2098538
2003-01-03,7.55,7.6,7.43,7.55,3772317
2003-01-06,7.55,7.66,7.38,7.55,3863571
2003-01-07,7.66,7.77,7.38,7.38,2510165
2003-01-08,7.38,7.43,6.98,7.38,4743680
2003-01-09,7.32,7.6,7.27,7.32,3138968
2003-01-10,7.43,7.55,7.27,7.27,1995757
2003-01-13,7.49,7.72,7.32,7.6,3149574
2003-01-14,7.66,7.77,7.55,7.72,3060035
2003-01-15,7.77,7.83,7.43,7.55,2416727
2003-01-16,7.43,7.55,7.04,7.04,6921
2003-01-17,6.93,7.04,6.7,6.76,8264
2003-01-20,6.65,6.76,6.36,6.48,7075
2003-01-21,6.48,6.65,6.03,6.25,10888
2003-01-22,6.19,6.19,5.86,5.97,11090
2003-01-23,5.97,6.36,5.97,6.36,8180
2003-01-24,6.53,6.53,6.03,6.03,3246042
2003-01-27,6.03,6.25,5.91,6.08,3600596
2003-01-28,6.25,6.42,6.08,6.36,4334453
2003-01-29,6.36,6.36,6.36,6.36,0
2003-01-30,6.36,6.36,6.36,6.36,0
2003-01-31,6.36,6.36,6.36,6.36,0
2003-02-03,6.36,6.36,6.36,6.36,0
2003-02-04,6.36,6.36,6.36,6.36,0
2003-02-05,6.36,6.36,6.36,6.36,0
2003-02-06,6.36,6.36,5.97,5.97,2545518
2003-02-07,5.69,6.25,5.69,6.19,6359
2003-02-10,6.08,6.36,6.08,6.31,3713920
2003-02-11,6.53,6.7,6.42,6.48,8652
2003-02-12,6.53,6.59,6.31,6.36,2930882
2003-02-13,6.36,6.59,6.31,6.48,5226
2003-02-14,6.59,6.59,6.36,6.48,2821283
2003-02-17,6.7,6.76,6.53,6.65,5911
2003-02-18,6.7,6.7,6.42,6.53,3206142
2003-02-19,6.7,6.87,6.65,6.65,8544
2003-02-20,6.76,7.1,6.7,7.1,18697
2003-02-21,7.32,7.32,7.04,7.04,9781
2003-02-24,7.04,7.1,6.82,6.93,3148058
2003-02-25,6.76,6.93,6.76,6.93,2628347
2003-02-26,6.93,7.21,6.87,7.1,7438
2003-02-27,7.1,7.21,6.98,7.15,4541023
2003-02-28,7.15,7.15,7.15,7.15,0
2003-03-03,7.21,7.32,7.15,7.21,5154
2003-03-04,7.1,7.27,7.1,7.15,2625823
2003-03-05,6.98,7.1,6.7,6.7,7391
2003-03-06,6.59,6.65,6.25,6.36,8643
2003-03-07,6.14,6.42,6.14,6.25,8121
2003-03-10,6.31,6.53,6.14,6.25,8358
2003-03-11,6.25,6.65,6.19,6.59,7697
2003-03-12,6.7,7.04,6.7,7.04,10988
2003-03-13,7.21,7.32,7.04,7.04,16868
2003-03-14,7.49,7.49,7.1,7.15,17980
2003-03-17,7.04,7.32,7.04,7.21,4670573
2003-03-18,7.6,7.66,7.49,7.66,16246
2003-03-19,7.66,7.66,7.49,7.55,5229
2003-03-20,7.66,7.77,7.21,7.55,9186
2003-03-21,7.55,7.77,7.49,7.77,9947
2003-03-24,7.77,7.83,7.66,7.77,6710
2003-03-25,7.55,7.72,7.49,7.6,5968
2003-03-26,7.6,7.66,7.55,7.6,3508169
2003-03-27,7.55,7.55,7.15,7.38,8635
2003-03-28,7.38,7.38,7.15,7.27,3795046
2003-03-31,7.27,7.38,7.04,7.1,3797594
2003-04-01,7.04,7.27,6.98,7.15,6696
2003-04-02,7.21,7.27,7.1,7.15,2268744
2003-04-03,7.38,7.6,7.27,7.6,6342
2003-04-04,7.55,7.72,7.43,7.66,4450491
2003-04-07,7.66,7.88,7.6,7.72,5972
2003-04-08,7.72,7.83,7.6,7.72,2418697
2003-04-09,7.66,7.66,7.43,7.66,3044016
2003-04-10,7.55,7.72,7.32,7.38,5175
2003-04-11,7.38,7.6,7.38,7.49,2987425
2003-04-14,7.43,7.55,7.32,7.38,1040934
2003-04-15,7.43,7.6,7.38,7.49,2102578
2003-04-16,7.6,7.88,7.49,7.72,10308
2003-04-17,7.66,8.0,7.66,7.72,8629
2003-04-18,7.88,8.05,7.88,7.94,10960
2003-04-21,7.94,8.45,7.88,8.45,12617
2003-04-22,8.45,8.45,8.17,8.17,5211
2003-04-23,8.22,8.5,8.22,8.28,10062
2003-04-24,8.22,8.22,7.72,7.72,10162
2003-04-25,7.43,7.66,7.21,7.21,6218
2003-04-28,6.87,7.49,6.82,7.38,5564
2003-04-29,7.49,7.66,7.49,7.55,6398
2003-04-30,7.66,7.72,7.1,7.1,6210
2003-05-01,7.1,7.1,7.1,7.1,0
2003-05-02,7.1,7.55,7.1,7.55,5626
2003-05-05,7.49,7.77,7.38,7.66,4642036
2003-05-06,7.66,7.88,7.6,7.72,5454
2003-05-07,7.88,8.11,7.77,7.94,5669
2003-05-08,7.88,7.88,7.55,7.55,2662188
2003-05-09,7.6,7.77,7.6,7.6,3601102
2003-05-12,7.72,7.77,7.6,7.66,4774768
2003-05-13,7.83,8.0,7.83,7.83,5603
2003-05-14,7.94,8.11,7.83,8.11,7861
2003-05-15,8.11,8.11,7.83,7.88,5354
2003-05-16,7.77,7.83,7.38,7.55,11118
2003-05-19,7.49,7.66,7.43,7.55,4346921
2003-05-20,7.43,7.55,7.15,7.43,11477
2003-05-21,7.38,7.38,7.15,7.21,4825628
2003-05-22,7.27,7.43,7.21,7.32,4754666
2003-05-23,7.43,7.66,7.38,7.55,7706
2003-05-26,7.66,7.88,7.6,7.72,10133
2003-05-27,7.72,7.77,7.6,7.6,4057098
2003-05-28,7.88,7.88,7.6,7.6,8370
2003-05-29,7.66,7.77,7.55,7.55,4643548
2003-05-30,7.6,8.05,7.6,7.88,14063
2003-06-02,8.05,8.39,8.05,8.39,21533
2003-06-03,8.5,8.79,8.45,8.67,22295
2003-06-04,8.67,8.67,8.67,8.67,0
2003-06-05,8.79,8.84,8.45,8.56,10631
2003-06-06,8.56,8.67,8.28,8.45,9691
2003-06-09,8.34,8.62,8.22,8.45,12846
2003-06-10,8.45,8.67,8.39,8.56,14991
2003-06-11,8.62,9.07,8.56,8.9,27394
2003-06-12,9.01,9.18,8.9,9.01,21175
2003-06-13,9.01,9.18,8.79,8.9,12784
2003-06-16,8.9,9.24,8.9,9.01,9178
2003-06-17,9.12,9.24,8.79,8.9,9942
2003-06-18,9.01,9.12,8.84,8.84,8378
2003-06-19,8.95,9.24,8.9,9.18,16559
2003-06-20,9.01,9.35,8.9,8.95,10036
2003-06-23,8.95,9.07,8.56,8.56,8095
2003-06-24,8.45,9.01,8.45,9.01,8563
2003-06-25,8.9,8.9,8.67,8.84,5344
2003-06-26,8.79,8.95,8.73,8.73,4908740
2003-06-27,8.84,8.95,8.67,8.67,4750998
2003-06-30,8.67,8.79,8.56,8.62,3699588
2003-07-01,8.62,8.9,8.62,8.79,9051
2003-07-02,8.9,9.12,8.9,9.01,13175
2003-07-03,9.12,9.24,8.79,8.79,9690
2003-07-04,8.84,9.01,8.67,9.01,11525
2003-07-07,9.24,9.63,9.24,9.63,20661
2003-07-08,9.86,10.25,9.69,9.69,24339
2003-07-09,9.74,9.97,9.63,9.86,11901
2003-07-10,9.86,9.91,9.57,9.8,9068
2003-07-11,9.69,9.86,9.46,9.8,13389
2003-07-14,9.91,10.19,9.86,9.86,13549
2003-07-15,9.97,10.03,9.69,9.74,9006
2003-07-16,9.69,9.97,9.63,9.69,15968
2003-07-17,9.69,9.69,9.46,9.46,17167
2003-07-18,9.63,10.08,9.63,10.08,24188
2003-07-21,10.48,10.64,10.31,10.48,24169
2003-07-22,10.48,10.64,10.14,10.59,13454
2003-07-23,10.7,10.81,10.48,10.59,10232
2003-07-24,10.64,11.15,10.64,11.15,11842
2003-07-25,11.15,11.32,10.93,11.04,8811
2003-07-28,11.32,11.77,11.32,11.6,19837
2003-07-29,11.55,11.55,10.98,10.98,9706
2003-07-30,11.04,11.21,10.87,11.04,6616
2003-07-31,11.15,11.15,10.76,10.81,6011
2003-08-01,11.1,11.32,10.98,11.1,8127
2003-08-04,11.1,11.49,11.1,11.1,10333
2003-08-05,11.21,11.26,10.81,10.81,6730
2003-08-06,10.7,10.98,10.7,10.87,3827179
2003-08-07,11.04,11.6,10.81,11.6,15216
2003-08-08,11.43,11.49,11.1,11.1,8258
2003-08-11,11.15,11.21,10.81,11.15,4878911
2003-08-12,11.21,11.43,11.04,11.21,15346
2003-08-13,11.59,11.79,11.59,11.79,5704
2003-08-14,12.45,12.58,12.32,12.58,23092
2003-08-15,12.65,12.98,12.52,12.98,11659
2003-08-18,13.04,13.18,12.52,12.65,12632
2003-08-19,12.78,12.85,12.25,12.32,6439
2003-08-20,12.38,12.45,12.12,12.38,4481602
2003-08-21,12.38,12.85,12.25,12.85,4539269
2003-08-22,12.98,12.98,12.65,12.71,8502
2003-08-25,12.71,12.91,12.58,12.71,4626242
2003-08-26,12.71,12.71,12.19,12.52,4962509
2003-08-27,12.52,12.52,12.25,12.32,2407921
2003-08-28,12.38,12.58,12.19,12.19,3396240
2003-08-29,12.38,12.71,12.25,12.71,5975
2003-09-01,12.78,12.78,12.45,12.71,3812320
2003-09-02,12.78,12.78,12.52,12.58,2240679
2003-09-03,12.71,12.98,12.65,12.65,9217
2003-09-04,12.65,12.78,12.32,12.38,3624383
2003-09-05,12.52,12.65,12.45,12.52,4119965
2003-09-08,12.65,13.31,12.58,12.91,13570
2003-09-09,12.91,12.91,12.45,12.78,10182
2003-09-10,12.52,12.65,12.38,12.58,4341922
2003-09-11,12.58,12.58,12.58,12.58,0
2003-09-12,12.58,12.65,12.45,12.45,2521688
2003-09-15,12.45,12.45,12.32,12.38,3761626
2003-09-16,12.38,12.78,12.25,12.78,11674
2003-09-17,12.91,13.5,12.91,13.31,23233
2003-09-18,13.31,13.5,13.11,13.44,12310
2003-09-19,13.57,14.36,13.57,13.83,22467
2003-09-22,13.97,14.23,13.44,13.44,8682
2003-09-23,13.18,14.23,13.18,13.97,13482
2003-09-24,14.1,14.36,13.9,14.16,14785
2003-09-25,13.9,14.1,13.57,13.9,5225
2003-09-26,13.83,13.97,13.57,13.64,3658480
2003-09-29,13.7,14.1,13.7,13.9,2902831
2003-09-30,13.97,14.1,13.57,13.57,2614848
2003-10-01,13.44,13.77,13.44,13.77,3104531
2003-10-02,14.03,14.69,13.83,14.69,13042
2003-10-03,14.69,15.61,14.56,15.42,17670
2003-10-06,15.42,15.42,14.62,14.62,11155
2003-10-07,14.36,15.02,14.36,14.62,17514
2003-10-08,14.62,14.76,14.03,14.1,8954
2003-10-09,14.1,14.76,14.03,14.69,12984
2003-10-10,14.69,14.69,14.69,14.69,0
2003-10-13,14.95,14.95,14.16,14.36,11395
2003-10-14,14.49,14.95,14.36,14.36,15705
2003-10-15,14.76,14.89,14.43,14.49,6871
2003-10-16,14.76,15.48,14.76,15.42,17988
2003-10-17,15.61,16.14,15.55,15.68,16797
2003-10-20,15.81,15.81,15.48,15.68,5266
2003-10-21,15.81,16.21,15.68,15.68,11503
2003-10-22,15.81,15.94,15.55,15.61,5301
2003-10-23,15.55,15.55,15.02,15.02,6517
2003-10-24,15.35,15.35,15.02,15.02,5557
2003-10-27,15.15,15.35,14.89,14.95,4845557
2003-10-28,14.95,14.95,14.3,14.3,9803
2003-10-29,14.62,14.69,14.36,14.36,6358
2003-10-30,14.49,14.82,14.43,14.56,6250
2003-10-31,14.56,14.56,14.03,14.1,6932
2003-11-03,14.23,14.23,13.77,13.83,4386735
2003-11-04,14.1,14.3,14.1,14.23,8810
2003-11-05,14.36,14.36,14.03,14.23,3514362
2003-11-06,14.3,14.43,14.03,14.03,4682653
2003-11-07,14.43,14.95,14.16,14.95,8442
2003-11-10,15.15,15.15,14.82,14.95,5204
2003-11-11,14.89,14.89,14.36,14.76,5471
2003-11-12,14.76,14.76,14.36,14.43,5101
2003-11-13,14.56,14.89,14.43,14.62,10936
2003-11-14,14.62,14.95,14.62,14.89,6950
2003-11-17,14.49,14.76,14.49,14.49,1740794
2003-11-18,14.43,14.56,13.5,13.83,9151
2003-11-19,13.44,13.64,12.91,13.04,12084
2003-11-20,13.18,13.57,13.04,13.18,8952
2003-11-21,13.04,13.5,12.98,13.37,4958127
2003-11-24,13.57,13.64,13.37,13.37,2312397
2003-11-25,13.7,13.83,13.44,13.44,3558586
2003-11-26,13.44,13.7,13.44,13.57,2501867
2003-11-27,13.57,13.77,13.44,13.57,1780993
2003-11-28,13.7,13.83,13.18,13.31,2714587
2003-12-01,13.18,13.64,13.18,13.37,2328350
2003-12-02,13.7,13.9,13.57,13.7,4506940
2003-12-03,13.9,14.03,13.7,13.7,3901456
2003-12-04,13.83,13.9,13.7,13.83,2883711
2003-12-05,13.97,14.03,13.64,13.77,3241207
2003-12-08,13.7,13.7,13.31,13.44,2560449
2003-12-09,13.57,13.57,13.24,13.31,1578575
2003-12-10,13.18,13.31,13.18,13.24,1280951
2003-12-11,13.31,13.44,12.98,13.24,6169
2003-12-12,13.44,13.44,13.04,13.31,4342647
2003-12-15,13.31,13.37,12.98,13.11,4825727
2003-12-16,13.11,13.11,12.91,12.91,3851725
2003-12-17,12.91,12.98,12.25,12.25,8700
2003-12-18,12.25,12.32,11.92,12.06,11880
2003-12-19,12.12,12.25,11.92,11.99,4033671
2003-12-22,12.12,12.52,12.06,12.32,5797
2003-12-23,12.45,12.65,12.32,12.65,4238254
2003-12-24,12.65,12.98,12.52,12.71,5968
2003-12-25,12.78,12.85,12.52,12.58,2013858
2003-12-26,12.65,12.65,12.52,12.58,1107856
2003-12-29,12.58,12.65,12.32,12.52,1686772
2003-12-30,12.65,12.78,12.52,12.65,2008595
2003-12-31,12.65,12.78,12.58,12.65,1857106
2004-01-01,12.65,12.65,12.65,12.65,0
2004-01-02,12.78,13.24,12.71,13.04,5912
2004-01-05,13.11,13.31,13.04,13.18,5719
2004-01-06,13.31,13.31,12.71,12.85,4079095
2004-01-07,12.98,13.31,12.98,13.11,8391
2004-01-08,13.31,13.77,13.31,13.7,9080
2004-01-09,13.97,14.49,13.83,14.23,11623
2004-01-12,14.23,14.89,13.97,14.69,10625
2004-01-13,14.69,14.95,14.23,14.43,5627
2004-01-14,14.43,14.69,14.3,14.36,7717
2004-01-15,14.49,14.76,14.43,14.56,4810685
2004-01-16,14.95,15.55,14.95,15.55,15711
2004-01-19,15.55,15.55,15.55,15.55,0
2004-01-20,15.55,15.55,15.55,15.55,0
2004-01-21,15.55,15.55,15.55,15.55,0
2004-01-22,15.55,15.55,15.55,15.55,0
2004-01-23,15.55,15.55,15.55,15.55,0
2004-01-26,15.55,15.55,15.55,15.55,0
2004-01-27,15.88,16.6,15.61,16.34,17399
2004-01-28,16.21,16.6,15.68,15.81,8729
2004-01-29,15.74,16.14,15.68,16.01,7185
2004-01-30,16.21,16.4,15.94,16.21,8808
2004-02-02,16.21,16.86,16.21,16.27,7291
2004-02-03,16.07,16.07,15.61,15.68,8760
2004-02-04,15.68,16.27,15.68,16.01,10953
2004-02-05,16.01,16.73,15.94,16.14,9963
2004-02-06,16.27,17.0,16.27,16.73,12696
2004-02-09,17.0,17.13,16.6,16.67,5248
2004-02-10,16.73,16.73,16.27,16.4,3691265
2004-02-11,16.54,16.54,15.94,16.54,6085
2004-02-12,16.6,16.8,16.4,16.54,6065
2004-02-13,16.67,16.73,16.21,16.34,5444
2004-02-16,16.34,16.47,16.07,16.47,5740
2004-02-17,16.6,16.6,16.21,16.27,4372528
2004-02-18,16.4,17.19,16.4,17.19,8685
2004-02-19,17.26,17.66,17.13,17.26,8688
2004-02-20,17.26,18.12,17.19,17.85,13864
2004-02-23,17.92,18.25,17.66,17.98,5912
2004-02-24,18.05,18.38,17.59,17.66,7792
2004-02-25,17.79,18.25,17.79,18.25,8644
2004-02-26,18.45,18.45,17.85,17.85,4161560
2004-02-27,18.31,18.31,17.79,17.79,3121377
2004-03-01,17.92,18.18,17.85,17.92,3893471
2004-03-02,18.12,18.25,17.92,17.92,5098
2004-03-03,17.98,18.25,17.72,17.79,5473
2004-03-04,17.79,18.12,17.79,17.79,4589878
2004-03-05,18.25,18.64,17.98,18.12,9478
2004-03-08,18.45,18.45,18.05,18.25,5308
2004-03-09,18.25,18.31,17.92,17.98,5730
2004-03-10,17.98,18.18,17.39,17.39,5782
2004-03-11,17.39,17.59,17.26,17.26,4149137
2004-03-12,17.13,17.92,17.13,17.52,7708
2004-03-15,17.66,17.79,16.47,16.54,5254
2004-03-16,16.86,17.39,16.8,17.0,5592
2004-03-17,17.52,17.72,17.26,17.39,4904265
2004-03-18,17.39,17.98,17.13,17.92,8229
2004-03-19,17.79,18.25,17.72,18.18,7012
2004-03-22,16.93,16.93,16.93,16.93,1934366
2004-03-23,15.81,17.66,15.81,17.26,11431
2004-03-24,17.39,17.52,16.73,17.06,4009743
2004-03-25,17.39,17.39,16.47,16.47,1925427
2004-03-26,16.86,17.13,16.73,17.13,5527
2004-03-29,17.66,18.12,17.59,17.98,3656105
2004-03-30,17.92,18.84,17.85,18.71,11102
2004-03-31,18.97,19.1,18.64,19.1,6268
2004-04-01,19.24,19.5,18.91,19.43,7563
2004-04-02,19.5,19.63,18.97,19.1,4955272
2004-04-05,19.37,20.03,18.97,19.3,11586
2004-04-06,19.5,19.57,18.78,18.84,10671
2004-04-07,19.1,19.43,18.91,19.1,5581
2004-04-08,19.3,19.5,19.17,19.3,6151
2004-04-09,19.37,19.5,19.24,19.5,3165776
2004-04-12,19.63,20.03,19.63,19.63,4919565
2004-04-13,19.9,19.9,18.58,19.04,5547
2004-04-14,19.04,19.5,18.78,19.04,4707812
2004-04-15,19.24,19.3,18.64,18.71,5134
2004-04-16,18.64,19.1,17.85,18.84,14942
2004-04-19,18.84,19.24,18.71,18.78,5441
2004-04-20,19.04,19.3,18.91,19.1,8105
2004-04-21,19.1,19.37,18.97,19.1,4232230
2004-04-22,19.37,19.43,17.79,18.31,9116
2004-04-23,18.38,18.51,17.79,17.98,4262502
2004-04-26,18.12,18.38,17.98,18.12,2422907
2004-04-27,18.18,18.31,17.39,17.66,3225530
2004-04-28,17.79,18.84,17.79,18.18,11757
2004-04-29,17.92,18.45,17.92,18.18,5156
2004-04-30,18.12,18.31,17.0,17.26,8500
2004-05-03,17.79,17.79,16.8,16.86,6579
2004-05-04,17.13,17.85,17.13,17.85,5222
2004-05-05,17.85,17.92,16.67,16.67,6295
2004-05-06,17.06,17.39,16.67,17.0,4995650
2004-05-07,17.26,17.92,17.26,17.72,8455
2004-05-10,17.66,17.66,16.93,17.0,4204424
2004-05-11,17.13,17.39,16.34,16.86,6504
2004-05-12,17.19,17.98,17.13,17.85,9690
2004-05-13,17.85,17.85,17.26,17.46,2895514
2004-05-14,17.46,17.79,16.73,16.73,6553
2004-05-17,16.34,16.47,15.61,16.21,6390
2004-05-18,16.21,16.8,16.14,16.21,6935
2004-05-19,16.8,17.33,16.54,17.33,7559
2004-05-20,16.8,17.72,16.8,17.33,5678
2004-05-21,17.52,18.38,17.19,17.98,8463
2004-05-24,17.98,18.51,17.85,18.25,6074
2004-05-25,18.25,18.71,18.12,18.18,5191
2004-05-26,18.51,18.71,17.92,17.98,8254
2004-05-27,18.12,18.12,17.19,17.52,6890
2004-05-28,17.52,17.66,17.06,17.66,6288
2004-05-31,17.39,17.39,16.86,17.13,6262
2004-06-01,17.0,17.13,16.67,17.06,5691
2004-06-02,16.73,17.19,15.94,16.07,6343
2004-06-03,16.14,16.34,14.95,15.09,12799
2004-06-04,15.09,15.28,14.03,14.82,12733
2004-06-07,15.02,15.61,14.82,15.61,9238
2004-06-08,15.81,16.34,15.68,16.07,8973
2004-06-09,16.01,16.4,16.01,16.07,4770512
2004-06-10,16.01,16.21,15.22,16.21,6461
2004-06-11,15.81,16.21,15.09,16.21,12602
2004-06-14,15.22,15.74,15.09,15.09,8211
2004-06-15,14.62,14.76,14.03,14.36,9570
2004-06-16,14.76,14.89,13.83,13.9,11409
2004-06-17,14.03,14.62,13.9,14.1,17532
2004-06-18,14.1,14.23,13.83,13.83,7019
2004-06-21,14.36,14.36,12.91,12.91,7373
2004-06-22,12.91,12.91,12.91,12.91,0
2004-06-23,12.91,13.77,12.58,13.57,17862
2004-06-24,14.03,14.49,13.83,14.49,11948
2004-06-25,14.56,15.15,14.36,14.95,12009
2004-06-28,15.02,15.02,14.36,14.76,6723
2004-06-29,14.49,14.76,14.36,14.36,5947
2004-06-30,14.49,14.76,14.49,14.62,6294
2004-07-01,14.76,14.76,14.16,14.23,6349
2004-07-02,13.83,13.83,13.31,13.31,9339
2004-07-05,13.04,13.04,12.38,12.38,9168
2004-07-06,12.12,12.32,11.79,12.32,12302
2004-07-07,11.86,12.78,11.86,12.71,13772
2004-07-08,12.71,13.04,12.65,12.85,10233
2004-07-09,12.98,13.57,12.71,13.37,10962
2004-07-12,13.44,13.44,12.91,12.91,4957067
2004-07-13,12.65,12.78,12.32,12.38,5590
2004-07-14,12.45,13.04,12.32,12.32,15907
2004-07-15,12.32,12.38,11.53,11.79,11486
2004-07-16,11.59,11.99,11.59,11.59,10667
2004-07-19,11.4,11.66,10.94,11.27,10817
2004-07-20,11.07,11.13,10.54,10.61,12198
2004-07-21,10.94,11.33,10.87,11.33,19147
2004-07-22,11.2,11.86,11.07,11.53,16243
2004-07-23,11.53,11.92,11.46,11.53,12559
2004-07-26,11.27,11.53,11.2,11.27,5860
2004-07-27,11.27,11.99,10.94,11.86,14159
2004-07-28,11.99,12.06,11.66,11.73,9923
2004-07-29,11.86,12.06,11.59,11.66,11999
2004-07-30,11.86,11.92,11.73,11.79,6819
2004-08-02,11.79,11.79,11.4,11.59,7854
2004-08-03,11.66,11.66,11.0,11.07,8476
2004-08-04,10.94,10.94,10.67,10.87,4227637
2004-08-05,11.07,11.59,10.8,11.59,5855
2004-08-06,11.53,12.38,11.4,12.12,18214
2004-08-09,11.79,12.52,11.59,12.38,9025
2004-08-10,12.38,12.52,12.25,12.38,7323
2004-08-11,12.52,12.58,12.19,12.32,12341
2004-08-12,12.44,12.75,12.44,12.51,13564
2004-08-13,12.44,12.9,12.2,12.75,10757
2004-08-16,12.75,12.9,12.75,12.75,4137757
2004-08-17,12.9,13.29,12.9,13.06,10774
2004-08-18,12.9,13.83,12.67,13.45,21703
2004-08-19,13.68,14.15,13.6,13.99,18699
2004-08-20,13.99,14.38,13.91,13.99,13348
2004-08-23,14.15,14.15,13.76,13.83,7330
2004-08-24,13.83,13.83,13.83,13.83,0
2004-08-25,13.83,13.83,13.83,13.83,0
2004-08-26,14.15,14.38,14.07,14.07,11716
2004-08-27,14.07,14.61,14.07,14.15,10767
2004-08-30,14.07,14.07,13.6,13.76,7182
2004-08-31,13.29,13.99,13.29,13.45,12986
2004-09-01,13.45,13.99,13.45,13.68,11573
2004-09-02,13.91,13.91,13.6,13.76,9175
2004-09-03,13.68,14.15,13.29,13.37,17509
2004-09-06,13.37,13.45,12.98,13.21,5796
2004-09-07,13.21,13.45,13.06,13.29,4675768
2004-09-08,13.21,13.37,12.51,12.51,19251
2004-09-09,12.44,12.82,12.44,12.82,8733
2004-09-10,12.98,13.37,12.9,13.14,17132
2004-09-13,13.37,13.45,13.06,13.29,9536
2004-09-14,13.29,13.76,13.29,13.6,11975
2004-09-15,13.68,13.91,13.52,13.68,9384
2004-09-16,13.6,13.99,13.6,13.99,10461
2004-09-17,14.15,14.22,13.83,13.99,11824
2004-09-20,14.22,14.22,13.99,14.07,8930
2004-09-21,14.22,14.3,14.07,14.22,8997
2004-09-22,14.38,14.61,14.3,14.53,7953
2004-09-23,14.46,15.08,14.22,15.0,14481
2004-09-24,15.08,15.39,14.85,15.0,12877
2004-09-27,14.92,15.0,14.22,14.3,6079
2004-09-28,14.3,14.3,14.3,14.3,0
2004-09-29,14.3,14.46,14.07,14.22,4157880
2004-09-30,14.46,14.53,13.52,13.99,9307
2004-10-01,13.76,13.91,13.14,13.37,14164
2004-10-04,13.6,14.15,13.52,14.15,11231
2004-10-05,13.99,13.99,13.6,13.83,12565
2004-10-06,13.83,14.15,13.68,13.76,12209
2004-10-07,13.99,14.07,13.83,13.99,4658929
2004-10-08,13.99,13.99,13.68,13.68,2956914
2004-10-11,13.6,13.68,13.29,13.45,4029694
2004-10-12,13.21,13.29,12.9,12.98,7247
2004-10-13,12.98,13.14,12.9,13.06,4619025
2004-10-14,13.06,13.37,12.9,13.29,6016
2004-10-15,13.37,13.52,13.06,13.29,7596
2004-10-18,13.37,13.45,12.98,13.06,3891622
2004-10-19,13.21,13.37,13.06,13.21,5722
2004-10-20,13.21,13.21,12.9,12.9,3028407
2004-10-21,12.98,13.14,12.9,12.98,3878880
2004-10-22,13.06,13.29,12.98,13.29,4053001
2004-10-25,13.29,13.29,13.29,13.29,0
2004-10-26,13.14,13.14,12.44,12.44,6136
2004-10-27,12.44,12.51,11.74,11.81,7104
2004-10-28,11.89,12.28,11.89,12.05,11727
2004-10-29,12.12,12.82,11.97,12.67,14400
2004-11-01,12.82,12.9,12.59,12.75,6650
2004-11-02,12.75,13.52,12.75,13.52,11707
2004-11-03,13.52,13.83,13.37,13.76,14297
2004-11-04,13.76,13.91,13.6,13.76,7417
2004-11-05,13.99,14.07,13.45,13.83,10588
2004-11-08,13.76,13.99,13.68,13.99,6512
2004-11-09,13.99,14.15,13.68,13.99,7565
2004-11-10,13.99,13.99,13.76,13.91,2646628
2004-11-11,13.83,13.83,13.6,13.6,2772069
2004-11-12,13.76,13.99,13.76,13.91,7056
2004-11-15,14.07,14.15,13.91,14.07,8493
2004-11-16,14.07,14.15,13.99,14.15,2675145
2004-11-17,14.15,15.08,14.15,14.92,25049
2004-11-18,15.0,15.7,14.85,15.31,24872
2004-11-19,15.31,15.39,15.16,15.39,5893
2004-11-22,15.16,15.23,14.77,14.77,5449
2004-11-23,14.85,15.62,14.85,15.62,12967
2004-11-24,15.62,15.62,14.92,14.92,13270
2004-11-25,14.77,14.77,14.38,14.61,7647
2004-11-26,14.77,15.31,14.61,14.61,12868
2004-11-29,14.69,15.0,14.69,14.92,4773614
2004-11-30,14.92,15.08,14.61,14.77,5088
2004-12-01,14.61,14.92,14.53,14.92,2867346
2004-12-02,15.23,15.23,14.92,15.16,4140985
2004-12-03,15.16,15.23,14.85,14.92,2497789
2004-12-06,14.61,15.0,14.53,14.53,4524765
2004-12-07,14.53,15.16,14.53,15.08,6996
2004-12-08,15.08,15.08,14.77,14.92,2424802
2004-12-09,14.92,15.08,14.85,15.0,3973534
2004-12-10,15.0,15.0,14.85,15.0,2260133
2004-12-13,15.08,15.47,14.92,15.0,8130
2004-12-14,15.16,15.23,15.0,15.16,6326
2004-12-15,15.23,16.17,15.23,16.17,21299
2004-12-16,16.48,16.63,16.24,16.56,16167
2004-12-17,16.48,16.71,16.24,16.48,7116
2004-12-20,16.09,16.32,16.01,16.17,3809805
2004-12-21,16.32,16.71,16.09,16.63,11241
2004-12-22,16.79,16.79,16.09,16.17,7687
2004-12-23,16.01,16.24,16.01,16.09,3953702
2004-12-24,16.09,16.4,16.01,16.4,5701
2004-12-27,16.32,16.4,16.09,16.09,2527202
2004-12-28,16.17,16.4,16.17,16.17,3673122
2004-12-29,16.48,16.94,16.48,16.79,9897
2004-12-30,16.87,17.18,16.71,17.02,8646
2004-12-31,17.1,17.57,17.1,17.25,6897
2005-01-03,17.25,17.33,16.32,16.48,8864
2005-01-04,16.32,16.71,16.32,16.63,5595
2005-01-05,16.32,16.63,16.17,16.24,4649241
2005-01-06,16.32,16.48,16.09,16.48,3650967
2005-01-07,16.48,16.56,15.39,15.54,14738
2005-01-10,15.47,15.54,14.85,15.0,9586
2005-01-11,15.16,16.01,15.08,15.93,13464
2005-01-12,15.93,15.93,15.54,15.78,5307
2005-01-13,15.78,15.86,15.23,15.7,5971
2005-01-14,15.31,15.62,15.31,15.39,5457
2005-01-17,15.7,16.09,15.7,15.7,7254
2005-01-18,15.93,16.32,15.78,16.32,13909
2005-01-19,16.48,16.48,16.09,16.09,7504
2005-01-20,16.01,16.94,16.01,16.71,16001
2005-01-21,16.71,16.79,16.4,16.71,7144
2005-01-24,16.71,16.87,16.32,16.48,6270
2005-01-25,16.48,16.63,16.32,16.56,4382713
2005-01-26,16.71,16.79,16.56,16.63,6398
2005-01-27,16.94,17.41,16.87,17.02,15172
2005-01-28,17.18,18.19,17.02,18.19,28167
2005-01-31,18.58,19.43,18.58,19.43,23725
2005-02-01,19.43,19.43,18.89,18.96,16149
2005-02-02,19.28,19.82,19.2,19.35,14092
2005-02-03,19.04,19.51,18.96,19.04,7358
2005-02-04,19.04,19.04,19.04,19.04,0
2005-02-07,19.04,19.04,19.04,19.04,0
2005-02-08,19.04,19.04,19.04,19.04,0
2005-02-09,19.04,19.04,19.04,19.04,0
2005-02-10,19.04,19.04,19.04,19.04,0
2005-02-11,19.04,19.04,19.04,19.04,0
2005-02-14,19.43,19.66,19.04,19.04,9653
2005-02-15,19.12,19.74,18.96,19.66,16508
2005-02-16,19.66,20.21,19.35,19.66,13705
2005-02-17,19.43,19.74,18.81,18.96,12088
2005-02-18,19.2,19.59,19.04,19.59,12151
2005-02-21,19.74,19.74,19.12,19.12,8702
2005-02-22,19.2,19.9,19.2,19.59,16659
2005-02-23,19.35,19.9,19.2,19.9,10249
2005-02-24,19.82,20.52,19.51,19.66,18193
2005-02-25,20.36,20.52,19.98,19.98,15525
2005-02-28,19.98,19.98,19.98,19.98,0
2005-03-01,20.13,21.3,20.13,21.3,19367
2005-03-02,21.37,22.0,21.06,21.14,26842
2005-03-03,20.99,21.06,20.05,20.36,21400
2005-03-04,20.21,20.52,19.82,19.9,16976
2005-03-07,19.74,20.44,19.74,19.98,14132
2005-03-08,20.05,20.75,19.9,20.21,19861
2005-03-09,20.52,21.06,20.36,20.99,16370
2005-03-10,20.99,21.3,20.75,20.91,12421
2005-03-11,21.22,21.92,20.99,21.92,22814
2005-03-14,21.61,22.0,21.45,21.53,14238
2005-03-15,21.3,21.3,20.05,20.05,21139
2005-03-16,19.74,20.6,19.74,20.36,19877
2005-03-17,20.21,20.6,20.13,20.36,11334
2005-03-18,20.52,21.14,20.13,20.91,14003
2005-03-21,20.99,21.22,20.67,20.67,11731
2005-03-22,20.67,20.83,20.44,20.44,6208
2005-03-23,20.29,20.91,20.29,20.67,7156
2005-03-24,20.91,21.61,20.91,21.45,18238
2005-03-25,21.61,22.07,21.61,21.92,18394
2005-03-28,22.07,22.31,21.61,21.76,9234
2005-03-29,21.68,22.07,20.91,21.14,16004
2005-03-30,21.14,21.45,20.99,21.45,9053
2005-03-31,21.76,22.7,21.68,22.23,19541
2005-04-01,22.15,22.93,22.0,22.85,15604
2005-04-04,22.85,23.01,22.15,22.15,12988
2005-04-05,22.15,22.15,22.15,22.15,0
2005-04-06,22.15,22.85,22.15,22.54,15167
2005-04-07,22.7,23.16,22.7,23.16,16429
2005-04-08,23.01,23.01,22.46,22.93,9834
2005-04-11,22.85,22.93,22.54,22.7,5185
2005-04-12,22.7,23.01,22.62,23.01,3342372
2005-04-13,22.85,23.01,22.54,22.77,6662
2005-04-14,22.54,23.01,22.54,22.77,4508069
2005-04-15,22.46,22.7,22.15,22.38,8156
2005-04-18,22.0,22.0,20.83,20.91,15678
2005-04-19,20.99,21.22,20.6,21.06,8182
2005-04-20,21.45,21.61,20.29,20.52,11480
2005-04-21,20.36,21.53,20.36,21.06,12121
2005-04-22,21.45,21.61,21.22,21.22,8579
2005-04-25,21.14,21.45,20.83,21.22,4975475
2005-04-26,21.45,21.68,20.99,21.22,9071
2005-04-27,20.83,21.14,20.75,20.75,6111
2005-04-28,20.75,21.14,20.44,21.14,5540
2005-04-29,21.14,21.92,21.14,21.68,18869
2005-05-02,21.68,21.68,21.68,21.68,0
2005-05-03,21.92,22.85,21.92,22.62,17752
2005-05-04,22.77,22.77,21.92,22.38,7334
2005-05-05,22.77,23.16,22.31,22.85,13686
2005-05-06,22.85,23.47,22.54,22.7,13736
2005-05-09,22.93,24.02,22.93,23.94,20907
2005-05-10,23.94,24.02,23.47,23.47,7679
2005-05-11,23.32,23.47,23.01,23.16,5921
2005-05-12,23.16,23.32,22.38,22.77,8283
2005-05-13,22.93,23.47,22.85,23.32,8797
2005-05-16,23.55,23.63,22.93,23.16,6202
2005-05-17,23.32,23.32,22.77,23.01,5358
2005-05-18,23.01,23.16,22.77,23.01,4384502
2005-05-19,23.32,23.47,22.77,23.01,8945
2005-05-20,23.01,23.32,22.85,22.93,6205
2005-05-23,22.93,22.93,21.76,22.0,7668
2005-05-24,22.0,22.31,21.92,22.0,9198
2005-05-25,22.07,22.54,21.37,21.92,10060
2005-05-26,21.92,22.15,21.37,22.0,9532
2005-05-27,22.54,23.32,22.38,23.24,14755
2005-05-30,23.47,23.47,22.93,22.93,5181
2005-05-31,22.77,23.32,22.7,23.08,7196
2005-06-01,23.01,23.16,22.77,22.93,5513
2005-06-02,23.24,23.24,22.54,22.77,7922
2005-06-03,22.85,22.93,22.0,22.15,19021
2005-06-06,22.15,22.62,21.92,22.38,7625
2005-06-07,22.54,22.54,21.61,21.84,7996
2005-06-08,22.07,22.85,22.07,22.77,11937
2005-06-09,22.85,23.08,22.7,22.85,8274
2005-06-10,23.08,23.08,22.15,22.46,9657
2005-06-13,22.38,22.38,21.84,22.0,10349
2005-06-14,22.0,22.46,21.92,22.15,11007
2005-06-15,22.23,22.54,22.15,22.46,5070
2005-06-16,22.46,22.46,22.07,22.31,5726
2005-06-17,22.31,22.54,20.75,20.75,31154
2005-06-20,20.67,20.67,19.43,20.21,18775
2005-06-21,20.21,20.67,19.9,20.52,13010
2005-06-22,20.83,21.3,20.6,21.06,13929
2005-06-23,21.14,21.22,20.91,21.14,8018
2005-06-24,20.99,21.22,20.83,20.91,4639553
2005-06-27,20.67,20.83,20.52,20.52,3281789
2005-06-28,20.52,20.99,20.52,20.99,5023
2005-06-29,21.3,21.3,20.83,20.83,5558
2005-06-30,21.14,21.14,20.91,21.06,3121711
2005-07-01,21.06,21.45,20.75,21.45,5292
2005-07-04,21.45,21.61,21.3,21.53,5341
2005-07-05,21.61,21.68,21.3,21.3,3740719
2005-07-06,21.53,21.61,21.3,21.3,5377
2005-07-07,21.3,21.3,20.52,20.52,6007
2005-07-08,20.52,21.06,20.44,20.83,5837
2005-07-11,21.22,21.3,20.67,20.75,3450953
2005-07-12,20.99,21.84,20.99,21.84,13367
2005-07-13,22.07,22.62,21.76,22.46,16068
2005-07-14,22.85,23.16,22.46,23.08,11081
2005-07-15,23.08,23.16,22.54,22.93,9817
2005-07-18,22.93,22.93,22.93,22.93,0
2005-07-19,23.01,24.41,22.85,24.41,15750
2005-07-20,24.41,24.64,24.02,24.33,19058
2005-07-21,28.03,28.76,28.03,28.13,16849
2005-07-22,28.13,28.24,27.09,27.4,8001
2005-07-25,27.51,28.55,27.51,28.03,5549
2005-07-26,28.34,28.55,27.82,28.55,6381
2005-07-27,28.55,29.59,28.13,29.38,11335
2005-07-28,29.38,29.59,28.34,28.65,10409
2005-07-29,28.86,29.07,27.72,27.92,7035
2005-08-01,27.72,27.92,27.51,27.72,5635
2005-08-02,28.13,28.13,27.51,27.61,5069
2005-08-03,27.82,28.65,27.82,28.44,5373
2005-08-04,28.65,30.11,28.44,29.8,14552
2005-08-05,29.8,29.8,29.8,29.8,0
2005-08-08,29.38,30.95,29.38,30.11,14031
2005-08-09,30.95,31.47,30.74,30.84,16348
2005-08-10,31.36,32.51,31.36,31.78,18301
2005-08-11,31.88,32.09,30.53,30.95,7405
2005-08-12,31.47,32.51,31.05,31.67,13252
2005-08-15,31.88,32.09,30.95,31.36,8374
2005-08-16,30.63,31.36,29.8,30.11,7712
2005-08-17,30.01,30.84,30.01,30.63,6151
2005-08-18,30.74,31.57,30.53,30.53,7052
2005-08-19,30.74,30.84,30.32,30.53,3835424
2005-08-22,30.53,30.74,29.7,30.22,6845
2005-08-23,29.8,30.42,29.38,29.7,8943
2005-08-24,29.7,30.53,29.49,30.32,7878
2005-08-25,30.32,31.26,30.11,30.53,9569
2005-08-26,31.05,31.15,30.32,30.32,4072608
2005-08-29,30.11,30.74,30.11,30.42,5332
2005-08-30,30.53,30.74,28.44,28.86,10454
2005-08-31,28.86,29.07,28.34,28.76,5080
2005-09-01,28.76,28.76,28.76,28.76,0
2005-09-02,29.59,29.9,29.07,29.8,5145
2005-09-05,30.22,30.22,29.59,29.59,2193812
2005-09-06,30.01,30.42,29.9,30.01,3385678
2005-09-07,30.42,30.63,29.8,30.01,6613
2005-09-08,30.42,30.53,30.11,30.11,2916263
2005-09-09,30.11,30.22,29.38,29.9,3965460
2005-09-12,30.01,30.11,29.7,29.9,3161355
2005-09-13,29.7,30.01,29.59,29.9,5095
2005-09-14,29.7,29.9,29.07,29.17,3301481
2005-09-15,29.17,29.59,28.65,28.97,7783
2005-09-16,28.65,28.86,26.99,27.51,11276
2005-09-19,27.51,27.61,26.99,27.09,5719
2005-09-20,27.09,28.65,27.09,28.55,12710
2005-09-21,28.76,29.07,28.34,28.76,8647
2005-09-22,28.76,29.28,28.55,28.76,8480
2005-09-23,28.76,29.07,27.61,27.92,7448
2005-09-26,28.13,28.55,28.03,28.34,3940690
2005-09-27,28.44,28.86,28.24,28.65,3389101
2005-09-28,28.76,29.9,28.76,29.59,10201
2005-09-29,33.97,34.44,33.74,34.32,6424
2005-09-30,34.56,34.68,33.97,34.21,5378
2005-10-03,34.21,35.03,34.21,34.8,5244
2005-10-04,35.03,35.03,34.09,34.44,4620677
2005-10-05,33.97,34.91,33.97,34.44,5713
2005-10-06,34.21,35.5,34.21,34.68,9719
2005-10-07,35.15,35.15,33.85,34.09,4705671
2005-10-10,30.11,30.11,30.11,30.11,0
2005-10-11,34.09,34.32,33.74,33.85,2176531
2005-10-12,33.62,33.85,32.79,32.91,4528792
2005-10-13,32.79,32.79,31.97,32.32,5828
2005-10-14,32.32,32.91,32.08,32.32,5013
2005-10-17,32.56,32.67,30.67,30.67,6494
2005-10-18,30.9,32.67,30.79,31.85,9639
2005-10-19,31.14,31.61,30.79,31.38,3359553
2005-10-20,31.61,32.56,31.49,32.32,6368
2005-10-21,31.85,33.5,31.85,33.26,7192
2005-10-24,33.74,34.32,32.91,33.26,6047
2005-10-25,33.97,34.09,33.03,33.03,4235908
2005-10-26,33.03,33.15,32.2,32.2,5101
2005-10-27,31.85,32.32,31.38,31.61,6679
2005-10-28,31.61,32.56,31.38,32.44,6447
2005-10-31,33.26,34.56,33.26,34.56,12344
2005-11-01,35.27,35.27,34.32,34.44,9238
2005-11-02,34.8,35.15,34.32,35.03,5621
2005-11-03,35.27,35.98,34.91,34.91,12291
2005-11-04,35.15,36.33,35.15,35.5,12588
2005-11-07,35.5,35.5,34.09,34.44,5692
2005-11-08,34.56,34.91,34.21,34.68,3612237
2005-11-09,34.44,35.62,34.44,35.5,8150
2005-11-10,35.5,35.74,35.15,35.39,6561
2005-11-11,35.62,36.09,35.27,35.74,7595
2005-11-14,35.86,35.98,35.5,35.74,5943
2005-11-15,35.39,35.39,34.32,34.68,7873
2005-11-16,34.44,35.03,34.32,34.56,9942
2005-11-17,34.56,35.03,34.32,34.68,4560952
2005-11-18,35.15,37.04,35.15,37.04,23766
2005-11-21,37.63,39.51,37.63,38.57,24070
2005-11-22,38.57,39.4,37.75,37.86,11147
2005-11-23,37.98,38.45,37.75,38.22,11737
2005-11-24,38.22,40.81,38.1,39.99,21892
2005-11-25,40.1,41.87,39.99,41.28,14867
2005-11-28,41.28,41.4,40.58,40.93,10119
2005-11-29,40.69,41.28,40.34,40.34,5413
2005-11-30,40.69,43.05,40.58,43.05,19671
2005-12-01,42.94,42.94,41.05,41.99,12684
2005-12-02,42.46,43.64,42.11,42.7,14463
2005-12-05,43.17,43.41,42.11,43.29,9063
2005-12-06,43.17,43.17,41.76,42.23,6039
2005-12-07,42.35,42.46,40.1,40.81,8911
2005-12-08,40.81,41.64,40.34,40.46,6611
2005-12-09,40.58,41.28,40.58,41.05,5848
2005-12-12,41.28,41.28,39.51,40.1,6522
2005-12-13,40.1,41.17,39.87,40.1,6040
2005-12-14,40.81,41.05,40.22,40.22,6064
2005-12-15,39.99,40.22,39.28,40.22,8452
2005-12-16,40.34,42.11,40.34,41.05,12678
2005-12-19,41.28,41.64,40.46,40.46,9167
2005-12-20,39.99,40.93,39.87,40.22,5704
2005-12-21,40.22,42.23,40.1,41.52,11842
2005-12-22,37.09,37.82,36.68,37.3,15034
2005-12-23,42.7,45.06,41.87,44.59,22059
2005-12-26,39.91,40.53,39.18,39.39,15227
2005-12-27,44.82,47.06,44.7,46.47,14437
2005-12-28,45.88,46.83,44.82,46.71,10605
2005-12-29,46.71,48.13,46.24,46.47,16977
2005-12-30,46.24,46.59,45.06,45.53,13126
2006-01-02,45.06,46.71,44.82,46.47,8399
2006-01-03,46.36,49.31,46.0,48.36,20304
2006-01-04,49.19,49.78,46.95,47.42,11847
2006-01-05,48.24,49.66,48.01,49.66,11656
2006-01-06,50.01,50.37,47.89,47.89,11422
2006-01-09,48.36,48.6,46.83,47.77,8219
2006-01-10,48.13,48.36,47.65,47.77,4684997
2006-01-11,47.42,47.42,45.29,46.24,8832
2006-01-12,46.47,47.54,46.24,46.24,7910
2006-01-13,46.71,47.77,46.71,46.83,7825
2006-01-16,47.06,48.83,46.47,48.83,8122
2006-01-17,49.19,49.19,47.77,47.89,8868
2006-01-18,47.18,47.54,45.29,46.0,8576
2006-01-19,46.24,47.3,44.7,46.36,11623
2006-01-20,46.71,47.18,46.36,46.95,8725
2006-01-23,45.77,46.0,45.06,45.53,7491
2006-01-24,45.53,46.83,45.53,46.71,7804
2006-01-25,46.95,46.95,46.12,46.12,5568
2006-02-03,46.47,46.83,46.0,46.24,8475
2006-02-06,46.24,47.54,46.0,47.3,10096
2006-02-07,47.42,47.89,46.24,46.24,9665
2006-02-08,46.0,46.83,46.0,46.24,5616
2006-02-09,47.06,48.36,46.71,47.3,15434
2006-02-10,48.13,48.36,47.06,47.3,12346
2006-02-13,47.65,49.07,47.3,48.36,15765
2006-02-14,48.36,49.78,48.13,49.78,13002
2006-02-15,49.78,52.84,49.78,50.25,19971
2006-02-16,50.96,51.66,50.25,50.48,15333
2006-02-17,51.07,52.37,50.72,51.66,14510
2006-02-20,51.66,53.55,51.07,53.55,12473
2006-02-21,53.79,54.73,52.61,52.61,10681
2006-02-22,52.14,52.73,49.07,49.31,19142
2006-02-23,49.31,50.48,48.36,49.9,16446
2006-02-24,50.13,52.49,50.01,52.49,15237
2006-02-27,51.43,54.26,51.19,53.32,14947
2006-03-01,52.61,56.03,52.61,54.26,17881
2006-03-02,55.32,55.32,53.55,53.67,10142
2006-03-03,53.79,54.85,52.61,52.61,9622
2006-03-06,52.61,55.2,52.49,55.2,11327
2006-03-07,55.32,57.09,54.97,55.44,16110
2006-03-08,55.56,56.26,53.32,54.02,11280
2006-03-09,54.02,54.85,53.08,53.08,8000
2006-03-10,52.61,53.79,52.25,52.73,13892
2006-03-13,53.32,54.73,53.08,54.73,12075
2006-03-14,54.61,55.09,53.08,53.32,10508
2006-03-15,54.5,56.97,54.38,56.97,23418
2006-03-16,57.33,60.16,56.38,56.38,25343
2006-03-17,55.91,56.85,55.56,56.38,13183
2006-03-20,57.09,57.56,54.73,54.85,15849
2006-03-21,54.5,54.85,51.19,51.43,21765
2006-03-22,50.48,51.07,49.66,50.37,13759
2006-03-23,50.72,51.78,50.37,50.48,9275
2006-03-24,50.84,52.14,50.48,52.02,10752
2006-03-27,52.61,53.2,50.96,51.66,8232
2006-03-28,51.43,52.61,51.19,52.25,7499
2006-03-29,51.9,54.5,51.9,53.67,13030
2006-03-30,54.14,55.2,53.79,54.14,10373
2006-03-31,54.97,54.97,52.14,54.38,16944
2006-04-03,53.08,54.14,52.61,53.67,9788
2006-04-04,54.38,54.5,52.84,52.84,7683
2006-04-06,52.84,52.96,51.19,52.14,12963
2006-04-07,51.78,52.61,51.07,52.02,7923
2006-04-10,51.19,51.78,50.01,50.25,12293
2006-04-11,49.54,49.78,48.36,49.54,9547
2006-04-12,48.72,51.43,48.36,50.84,17647
2006-04-13,50.96,51.19,48.6,48.6,14380
2006-04-14,48.83,49.66,48.83,49.19,7601
2006-04-17,49.54,50.25,49.19,49.19,7102
2006-04-18,49.31,50.37,48.95,50.37,5453
2006-04-19,51.19,51.55,49.54,50.96,12197
2006-04-20,50.6,50.6,49.19,49.19,12224
2006-04-21,49.19,50.84,48.48,49.9,19702
2006-04-24,49.9,50.37,49.07,49.31,5572
2006-04-25,49.42,49.78,46.0,46.95,13520
2006-04-26,47.06,48.36,46.36,48.36,6592
2006-04-27,48.36,48.36,46.0,46.0,9654
2006-04-28,46.24,46.83,44.47,44.82,12007
2006-05-02,44.82,45.53,42.46,43.64,14033
2006-05-03,43.88,46.59,43.29,46.59,13729
2006-05-04,46.83,48.6,46.12,47.89,15714
2006-05-05,48.36,48.36,45.53,46.36,10740
2006-05-08,46.0,46.0,44.59,45.29,11783
2006-05-09,45.29,45.88,44.59,44.59,10550
2006-05-10,44.59,45.18,42.82,43.64,13439
2006-05-11,43.88,45.88,43.88,45.88,8584
2006-05-12,45.06,46.12,45.06,45.06,6493
2006-05-15,44.82,44.94,43.76,44.0,5504
2006-05-16,44.23,44.82,43.76,43.76,3945321
2006-05-17,44.47,45.41,44.35,44.82,5983
2006-05-18,39.28,40.53,38.97,40.43,8471
2006-05-19,40.32,42.41,39.39,41.78,22605
2006-05-22,48.13,48.48,46.0,46.0,10995
2006-05-23,45.41,45.77,43.76,44.12,11375
2006-05-24,44.82,45.29,42.35,42.7,12083
2006-05-25,42.46,42.46,39.75,39.87,16112
2006-05-26,41.05,41.05,37.39,38.22,18584
2006-05-29,34.49,36.05,33.76,36.05,14549
2006-05-30,39.04,40.81,38.22,40.81,12851
2006-06-01,43.88,44.94,43.05,43.29,13217
2006-06-02,43.64,44.35,43.17,43.29,10127
2006-06-05,43.17,43.64,41.17,41.28,7358
2006-06-06,40.34,42.11,40.34,42.11,7836
2006-06-07,41.28,41.28,39.28,39.28,14464
2006-06-08,38.93,38.93,36.8,37.27,16632
2006-06-09,37.86,39.87,37.75,39.87,14456
2006-06-12,39.87,40.81,38.93,40.58,8884
2006-06-13,37.98,39.28,37.98,38.1,8246
2006-06-14,37.75,38.45,35.98,37.51,18306
2006-06-15,37.98,38.45,37.04,37.04,9676
2006-06-16,38.69,39.16,37.51,37.86,8205
2006-06-19,38.34,38.34,36.09,36.57,6587
2006-06-20,34.09,35.15,34.09,34.09,11411
2006-06-21,33.74,34.21,31.73,31.73,14937
2006-06-22,32.44,33.85,32.44,33.85,9107
2006-06-23,34.32,35.5,33.97,34.56,12015
2006-06-26,35.15,36.92,35.15,36.33,9661
2006-06-27,36.33,36.92,35.62,35.98,8262
2006-06-28,35.27,35.98,34.56,35.86,8533
2006-06-29,36.33,36.8,35.74,36.33,5923
2006-06-30,37.98,38.22,37.04,37.04,9767
2006-07-03,36.57,37.27,36.57,37.27,5286
2006-07-04,37.27,38.22,36.57,37.75,11519
2006-07-05,37.04,38.57,37.04,37.39,9601
2006-07-06,37.39,38.93,37.39,38.57,9491
2006-07-07,37.75,40.69,37.04,40.22,21397
2006-07-10,39.63,40.69,39.63,40.58,7360
2006-07-11,40.1,40.69,38.93,38.93,6901
2006-07-12,39.16,40.46,39.16,39.63,8460
2006-07-13,39.87,40.1,39.28,39.4,5295
2006-07-14,38.45,38.81,37.86,38.34,4527644
2006-07-17,37.51,38.1,35.74,35.74,4726345
2006-07-18,34.68,36.8,34.68,36.57,3903973
2006-07-19,37.04,38.45,36.68,37.27,9936
2006-07-20,38.82,39.09,38.41,39.09,4854480
2006-07-21,39.78,41.56,39.37,41.42,14664
2006-07-24,40.88,42.52,40.74,42.52,5078
2006-07-25,43.35,44.44,43.35,44.44,12094
2006-07-26,43.57,43.57,41.96,41.96,8044
2006-07-27,42.5,42.9,41.55,42.9,7332
2006-07-28,43.76,45.68,43.62,45.27,14808
2006-07-31,46.09,46.23,44.17,44.17,7111
2006-08-01,44.99,45.27,44.31,44.72,4874142
2006-08-02,44.72,45.27,44.44,44.58,5543
2006-08-03,45.13,45.81,44.72,44.85,6324
2006-08-04,45.4,45.4,43.62,44.03,4896908
2006-08-07,43.89,44.85,43.76,44.72,4201489
2006-08-08,45.27,46.36,44.99,46.36,7442
2006-08-09,46.36,47.19,45.95,46.23,8383
2006-08-10,46.23,47.73,46.09,47.32,11838
2006-08-11,47.87,48.01,47.05,47.73,5338
2006-08-14,48.01,48.42,47.19,47.32,5359
2006-08-15,47.6,47.6,45.81,46.09,7740
2006-08-16,46.64,46.91,45.54,45.54,8472
2006-08-17,46.09,46.23,44.85,45.54,8946
2006-08-18,46.09,46.77,45.81,46.09,8464
2006-08-21,46.5,46.5,44.44,44.58,5174
2006-08-22,44.72,45.95,44.72,45.54,3104
2006-08-23,45.54,45.81,44.17,45.81,5884
2006-08-24,45.81,46.36,45.13,45.4,4074203
2006-08-25,45.81,46.09,44.85,44.85,5077
2006-08-28,44.85,44.85,42.93,43.48,5764
2006-08-29,42.8,44.58,42.8,44.58,4387762
2006-08-30,44.58,45.68,44.44,45.68,5547
2006-08-31,45.95,46.36,44.44,44.44,5904
2006-09-01,44.58,45.95,44.58,45.54,5189
2006-09-04,46.23,48.56,46.09,48.42,17677
2006-09-05,48.56,48.69,47.19,47.6,11940
2006-09-06,46.91,48.42,46.91,48.28,9796
2006-09-07,48.28,49.11,47.32,47.46,9708
2006-09-08,47.46,48.01,47.19,48.01,4566791
2006-09-11,48.01,48.56,46.36,46.64,8375
2006-09-12,46.64,46.64,44.17,44.72,10905
2006-09-13,45.27,45.4,43.48,43.76,10473
2006-09-14,43.89,44.17,41.42,41.97,14468
2006-09-15,42.25,43.35,41.97,43.35,9359
2006-09-18,44.44,44.99,43.89,44.31,15200
2006-09-19,44.31,44.31,43.35,43.48,8384
2006-09-20,42.93,44.03,42.8,43.21,7463
2006-09-21,43.62,43.89,42.25,42.38,9847
2006-09-22,42.25,43.21,42.25,43.21,7947
2006-09-25,43.35,43.48,42.66,42.8,4471585
2006-09-26,43.35,44.17,43.07,43.35,7815
2006-09-27,44.17,44.17,42.93,43.21,8398
2006-09-28,43.21,43.48,42.38,42.66,5223
2006-09-29,43.07,43.35,42.8,42.93,4053506
2006-10-02,43.35,43.35,42.25,42.8,5474
2006-10-03,42.8,43.76,42.66,43.21,7772
2006-10-04,43.76,44.99,43.48,44.58,14306
2006-10-05,45.54,46.23,44.99,45.95,16260
2006-10-09,45.05,45.05,45.05,45.05,0
2006-10-11,46.09,46.23,45.13,45.13,5967
2006-10-12,45.27,45.81,44.03,44.03,5558
2006-10-13,44.85,44.85,43.89,44.17,4957965
2006-10-16,43.07,43.35,41.84,43.21,11555
2006-10-17,43.07,43.48,42.8,42.8,3365331
2006-10-18,42.52,42.93,42.11,42.52,3034179
2006-10-19,42.52,44.17,42.52,44.17,5187
2006-10-20,44.17,44.44,43.48,43.48,3187337
2006-10-23,43.76,43.76,42.93,42.93,3952091
2006-10-24,43.07,44.31,43.07,43.62,5785
2006-10-25,44.03,44.99,43.76,44.31,5160
2006-10-26,44.11,44.11,43.57,43.57,5058
2006-10-27,45.13,45.13,44.03,44.44,9098
2006-10-30,44.17,44.31,42.66,42.8,8014
2006-10-31,43.21,43.35,42.66,43.21,4405355
2006-11-01,43.21,43.21,42.52,42.52,5557
2006-11-02,42.38,42.8,41.97,42.52,7249
2006-11-03,42.66,43.21,42.66,42.66,7397
2006-11-06,41.7,42.52,41.7,42.25,4344299
2006-11-07,43.35,44.72,42.93,44.31,15455
2006-11-08,44.58,44.58,43.62,43.62,7663
2006-11-09,44.31,44.31,42.52,42.8,5006
2006-11-10,43.07,43.76,42.66,42.8,6128
2006-11-13,42.93,43.21,41.84,42.25,7232
2006-11-14,42.25,42.52,39.37,39.78,20028
2006-11-15,40.05,40.6,39.78,40.05,5785
2006-11-16,40.6,40.88,39.92,40.05,6799
2006-11-17,40.19,40.19,37.86,38.54,15695
2006-11-20,38.54,40.19,38.27,39.92,8571
2006-11-21,40.05,40.33,39.64,39.92,5602
2006-11-22,40.05,40.33,39.5,39.92,4791354
2006-11-23,39.92,40.33,38.96,39.23,9289
2006-11-24,39.23,40.74,39.23,40.19,7355
2006-11-27,40.88,40.88,40.19,40.46,5000
2006-11-28,40.33,40.33,39.78,40.05,2827209
2006-11-29,40.19,40.6,38.96,39.23,5427
2006-11-30,39.5,39.78,39.37,39.78,2349108
2006-12-01,40.05,40.19,39.5,39.92,2457768
2006-12-04,40.05,40.05,38.82,38.82,4479864
2006-12-05,39.09,39.5,38.68,38.82,4762378
2006-12-06,38.96,39.23,38.41,38.96,4680625
2006-12-07,38.96,38.96,38.13,38.68,4734437
2006-12-08,38.68,38.96,38.13,38.68,2818930
2006-12-11,38.82,39.23,38.68,38.82,3007273
2006-12-12,38.96,38.96,37.86,38.13,4747890
2006-12-13,38.41,38.68,37.58,37.86,4756169
2006-12-14,38.41,40.46,38.0,40.46,7787
2006-12-15,40.19,40.19,39.5,39.5,8248
2006-12-18,39.5,39.78,39.09,39.5,3125246
2006-12-19,39.5,39.64,38.68,38.82,3936568
2006-12-20,38.96,39.64,38.96,39.23,4853445
2006-12-21,39.23,40.6,39.23,39.23,11404
2006-12-22,39.5,40.33,39.5,39.78,5849
2006-12-25,40.05,40.33,39.78,39.92,1836858
2006-12-26,40.19,40.33,39.64,39.64,3161465
2006-12-27,39.78,40.19,39.64,39.64,2268390
2006-12-28,39.92,40.19,39.5,39.5,2671981
2006-12-29,39.78,40.88,39.78,40.46,6755
2007-01-02,40.74,41.56,40.33,40.74,7959
2007-01-03,41.29,42.25,41.29,41.29,8318
2007-01-04,41.84,44.17,41.7,44.17,22104
2007-01-05,44.99,45.95,44.03,45.27,28201
2007-01-08,45.4,45.68,43.62,43.62,9926
2007-01-09,43.62,44.44,43.21,43.89,6615
2007-01-10,43.89,43.89,43.07,43.76,5035
2007-01-11,44.03,44.99,42.52,42.93,8602
2007-01-12,43.89,44.17,43.48,44.03,5193
2007-01-15,44.44,44.72,43.89,44.03,4683729
2007-01-16,44.44,45.13,44.31,44.85,7319
2007-01-17,44.85,45.81,44.44,45.81,8750
2007-01-18,46.09,47.19,46.09,46.64,8464
2007-01-19,46.23,47.46,46.23,47.46,9812
2007-01-22,47.46,47.46,45.95,46.23,7773
2007-01-23,46.09,46.91,45.95,45.95,5609
2007-01-24,46.36,46.91,44.44,44.58,6970
2007-01-25,44.99,45.27,44.03,44.31,6319
2007-01-26,44.17,44.58,43.35,43.62,5989
2007-01-29,44.17,44.17,43.62,43.62,1970353
2007-01-30,43.62,44.17,43.35,44.17,3618869
2007-01-31,44.31,44.72,44.03,44.58,4192176
2007-02-01,44.99,45.13,44.44,44.44,3748225
2007-02-02,44.99,46.23,44.85,45.27,9200
2007-02-05,45.68,45.95,44.99,45.81,5541
2007-02-06,45.95,46.36,45.54,45.81,3719249
2007-02-07,45.81,46.09,44.17,44.44,8507
2007-02-08,44.99,44.99,44.44,44.99,4029704
2007-02-09,44.17,44.31,42.11,43.35,15301
2007-02-12,43.07,43.62,42.8,43.07,4027635
2007-02-13,43.35,44.03,43.21,43.76,2374980
2007-02-14,44.58,44.58,43.89,43.89,3140768
2007-02-26,44.72,45.27,44.44,44.72,3848606
2007-02-27,44.44,44.72,44.03,44.72,3946916
2007-03-01,43.89,44.44,43.62,44.03,4409494
2007-03-02,44.44,44.44,43.35,43.62,3572301
2007-03-05,41.29,41.42,39.37,39.37,7405
2007-03-06,39.5,39.92,39.23,39.78,3788584
2007-03-07,39.78,40.33,39.64,39.92,3277369
2007-03-08,40.19,41.29,40.19,41.15,5295
2007-03-09,41.7,41.7,40.33,40.33,2469151
2007-03-12,40.34,40.61,39.81,40.07,2390806
2007-03-13,40.88,41.15,40.05,40.33,3442945
2007-03-14,39.37,39.37,37.58,38.0,10609
2007-03-15,38.41,39.09,38.41,38.82,4910361
2007-03-16,38.96,39.78,38.82,39.64,5617
2007-03-19,40.05,40.74,39.23,40.19,5371
2007-03-20,41.15,42.38,41.01,42.25,11988
2007-03-21,42.8,43.07,41.7,41.7,3967613
2007-03-22,42.25,42.66,41.56,41.7,4803772
2007-03-23,41.7,41.84,41.01,41.42,6769
2007-03-26,40.6,41.01,39.5,39.64,12926
2007-03-27,39.5,40.33,39.23,39.37,5844
2007-03-28,39.23,39.92,39.09,39.37,3175953
2007-03-29,39.37,39.92,39.23,39.78,3400516
2007-03-30,39.78,40.05,39.09,39.23,6905
2007-04-02,39.5,40.05,39.37,39.5,6065
2007-04-03,39.64,41.01,39.5,40.88,9546
2007-04-04,41.42,41.42,40.33,40.46,4827573
2007-04-09,41.15,41.42,40.6,41.29,4522293
2007-04-10,41.29,41.29,40.33,41.01,2128685
2007-04-11,41.42,42.66,41.42,42.38,12735
2007-04-12,42.25,43.35,42.11,42.66,9303
2007-04-13,43.35,43.35,41.7,41.7,5531
2007-04-16,42.38,42.66,41.97,41.97,4104214
2007-04-17,42.52,42.8,41.84,42.11,7057
2007-04-18,42.38,42.66,42.25,42.52,2269425
2007-04-19,42.52,43.62,42.52,42.8,7299
2007-04-20,43.62,44.58,43.07,44.58,9896
2007-04-23,45.27,45.54,44.03,44.03,9683
2007-04-24,44.44,45.95,44.44,45.81,11704
2007-04-25,45.81,46.36,45.4,45.68,7800
2007-04-26,46.09,46.09,44.17,44.31,5867
2007-04-27,44.99,45.95,44.85,45.27,8749
2007-04-30,45.4,45.4,44.58,45.27,3923115
2007-05-02,45.81,45.95,44.72,44.72,3838257
2007-05-03,45.27,45.4,43.48,44.44,5686
2007-05-04,44.85,45.95,44.72,45.27,7048
2007-05-07,46.36,47.87,46.09,47.6,14916
2007-05-08,47.87,47.87,46.91,47.32,5799
2007-05-09,47.32,47.6,45.68,45.81,6810
2007-05-10,46.23,46.64,45.81,46.09,5013
2007-05-11,45.54,46.36,45.54,45.95,3285647
2007-05-14,46.36,46.36,44.58,44.72,6300
2007-05-15,44.31,44.72,43.35,43.62,8649
2007-05-16,43.35,44.03,42.93,44.03,4834817
2007-05-17,44.44,44.99,44.17,44.44,4597837
2007-05-18,44.44,44.85,43.89,44.03,2359457
2007-05-21,44.17,44.99,44.17,44.99,3500896
2007-05-22,45.54,46.91,45.54,45.95,7990
2007-05-23,46.09,46.5,45.54,46.09,3257706
2007-05-24,46.09,46.36,45.54,46.36,5525
2007-05-25,46.23,47.05,45.68,45.68,7249
2007-05-28,45.68,46.09,44.99,44.99,4325671
2007-05-29,45.27,45.81,45.13,45.27,3302205
2007-05-30,45.54,46.09,45.4,45.81,4165270
2007-05-31,46.09,47.46,45.54,45.54,12076
2007-06-01,46.09,46.5,45.68,46.36,5427
2007-06-04,46.91,47.05,46.09,46.36,3438805
2007-06-05,46.64,46.77,45.81,45.95,4506770
2007-06-06,46.64,49.11,46.64,48.69,28499
2007-06-07,48.83,49.24,48.01,48.69,11583
2007-06-08,48.83,49.93,48.56,48.56,12226
2007-06-11,49.24,51.85,48.97,51.85,19580
2007-06-12,52.4,52.54,50.89,51.03,7052
2007-06-13,51.03,51.85,49.65,49.93,7143
2007-06-14,50.48,51.03,49.24,49.52,9200
2007-06-15,49.93,50.2,48.83,49.79,7407
2007-06-20,50.48,50.48,48.83,48.97,5911
2007-06-21,49.65,50.07,49.11,49.11,5871
2007-06-22,49.52,50.89,49.38,50.75,7763
2007-06-25,51.58,51.58,50.34,50.34,4849305
2007-06-26,50.48,50.48,48.28,48.56,6642
2007-06-27,48.56,49.38,48.42,48.83,2806512
2007-06-28,48.97,49.38,46.5,47.19,15106
2007-06-29,46.53,46.66,45.59,46.26,6389
2007-07-02,46.36,46.36,44.99,45.27,11532
2007-07-03,45.27,47.32,44.58,47.19,15331
2007-07-04,47.6,47.6,45.68,45.95,7100
2007-07-05,46.5,46.91,46.09,46.23,5754
2007-07-06,46.5,47.05,46.09,46.36,4839992
2007-07-09,46.77,48.15,46.77,48.01,8291
2007-07-10,48.56,49.11,47.32,48.83,11946
2007-07-11,48.69,48.69,47.87,48.01,4160095
2007-07-12,48.28,48.83,47.32,47.46,4061785
2007-07-13,48.01,48.28,46.91,47.05,4451923
2007-07-16,47.05,47.46,46.09,46.23,3767887
2007-07-17,45.72,46.26,44.65,46.26,4641224
2007-07-18,47.19,47.73,46.77,46.77,3552639
2007-07-19,46.91,48.69,46.91,48.01,12016
2007-07-20,48.92,50.09,48.78,49.36,10340
2007-07-23,49.22,49.95,48.63,48.78,7148
2007-07-24,48.78,48.92,47.75,47.75,12482
2007-07-25,47.9,50.68,47.9,49.95,17019
2007-07-26,50.39,51.41,48.34,48.63,10752
2007-07-27,47.46,49.95,45.7,46.29,22811
2007-07-30,46.29,46.29,43.06,43.94,18998
2007-07-31,44.53,45.11,43.94,44.53,9238
2007-08-01,43.94,45.11,43.06,43.06,16980
2007-08-02,43.94,44.09,40.72,42.18,12504
2007-08-03,43.06,43.94,42.18,42.18,10041
2007-08-06,41.01,42.33,41.01,42.04,4963220
2007-08-07,42.92,43.5,42.33,42.33,7076
2007-08-08,43.65,44.53,42.92,44.53,8730
2007-08-09,45.11,45.26,43.5,43.65,9283
2007-08-10,42.48,43.06,42.33,43.06,4532033
2007-08-13,43.65,43.65,43.06,43.06,2646983
2007-08-14,43.21,43.36,41.75,42.48,4010549
2007-08-15,41.6,41.75,40.43,40.72,7328
2007-08-16,40.28,40.43,38.67,38.96,9085
2007-08-17,39.11,40.13,37.94,38.67,8285
2007-08-20,40.72,40.72,39.84,39.84,5814
2007-08-21,40.13,40.13,37.94,38.08,8476
2007-08-22,38.38,38.67,35.59,36.62,14335
2007-08-23,37.64,38.38,37.2,37.94,13277
2007-08-24,38.38,38.96,37.79,38.08,7539
2007-08-27,39.55,39.69,39.11,39.55,5893
2007-08-28,39.55,40.13,39.11,39.26,4755235
2007-08-29,38.08,38.38,37.64,38.08,5593
2007-08-30,38.67,39.11,37.94,38.23,8656
2007-08-31,38.08,39.26,38.08,38.96,9155
2007-09-03,39.55,39.84,38.96,39.55,8730
2007-09-04,39.84,39.99,38.38,38.38,6448
2007-09-05,38.82,39.4,38.52,38.96,6496
2007-09-06,38.96,39.84,38.67,39.84,6331
2007-09-07,40.72,41.75,40.72,40.87,11678
2007-09-10,39.84,39.99,39.26,39.84,7207
2007-09-11,39.84,40.28,39.55,39.84,4678129
2007-09-12,40.57,40.87,39.99,39.99,3905035
2007-09-13,40.28,40.43,39.69,39.99,3519503
2007-09-14,40.43,40.57,40.13,40.43,3389640
2007-09-17,39.84,40.72,39.26,39.26,8445
2007-09-18,39.26,39.26,39.26,39.26,0
2007-09-19,39.99,40.28,37.94,38.23,7197
2007-09-20,38.52,39.55,38.52,39.11,4027797
2007-09-21,39.55,40.13,39.26,39.99,3975040
2007-09-26,40.43,40.72,39.84,39.99,5870
2007-09-27,40.43,40.87,40.28,40.72,7178
2007-09-28,41.01,42.48,40.72,41.6,14797
2007-10-01,43.94,44.09,42.77,42.77,9676
2007-10-02,43.8,43.94,43.06,43.5,7149
2007-10-03,43.94,44.53,43.06,43.5,8958
2007-10-04,43.8,44.09,43.5,43.8,5325
2007-10-05,44.09,44.38,42.48,42.48,8028
2007-10-08,43.36,44.24,42.92,43.21,10077
2007-10-09,43.8,43.8,42.48,42.77,7269
2007-10-11,43.21,43.65,42.62,43.21,6522
2007-10-12,43.36,43.36,42.18,42.18,6303
2007-10-15,42.48,42.77,42.18,42.48,3115709
2007-10-16,42.48,43.21,41.89,43.21,3869526
2007-10-17,43.36,44.09,42.92,43.8,6555
2007-10-18,44.24,45.55,44.09,45.41,14344
2007-10-19,45.26,45.41,44.09,44.09,6828
2007-10-22,42.48,42.77,42.04,42.18,6161
2007-10-23,42.77,43.06,42.48,42.77,5354
2007-10-24,43.36,43.94,41.89,41.89,8774
2007-10-25,42.33,42.62,42.04,42.48,2858011
2007-10-26,42.92,43.06,41.89,41.89,6108
2007-10-29,42.62,42.77,42.04,42.48,6699
2007-10-30,42.92,44.67,42.77,43.36,11447
2007-10-31,43.94,43.94,42.92,43.65,5503
2007-11-01,44.53,44.53,43.06,43.06,5844
2007-11-02,42.33,42.48,40.43,41.01,7903
2007-11-05,41.31,41.75,40.28,41.75,4904376
2007-11-06,42.04,42.48,41.6,41.89,3533707
2007-11-07,41.89,42.77,40.72,40.87,12116
2007-11-08,40.13,40.13,38.38,39.11,9603
2007-11-09,39.26,40.28,37.79,40.28,6444
2007-11-12,39.11,39.69,38.82,38.96,5053
2007-11-13,38.96,39.69,38.96,39.26,3824885
2007-11-14,40.43,40.72,39.99,40.57,4483334
2007-11-15,40.28,41.16,40.13,41.01,3686905
2007-11-16,40.28,40.72,40.13,40.13,2727133
2007-11-19,40.57,40.87,39.69,40.13,2119412
2007-11-20,39.55,40.87,38.67,40.43,5768
2007-11-21,40.43,40.57,39.84,39.99,2958452
2007-11-22,39.84,41.31,39.84,40.13,3992287
2007-11-23,40.28,40.43,38.96,38.96,3513416
2007-11-26,39.99,39.99,39.11,39.84,2671332
2007-11-27,38.96,39.69,38.67,38.96,3107592
2007-11-28,39.55,39.55,38.96,38.96,2487697
2007-11-29,39.55,39.84,38.82,38.96,2803225
2007-11-30,36.33,37.64,36.33,37.5,14419
2007-12-03,37.35,38.23,36.91,38.08,8387
2007-12-04,37.79,38.38,37.5,38.23,5806
2007-12-05,38.23,39.26,38.23,39.11,5206
2007-12-06,39.69,39.69,38.67,38.96,4783643
2007-12-07,38.96,39.26,38.38,38.52,3034544
2007-12-10,38.52,38.52,37.5,38.08,2410591
2007-12-11,38.38,38.38,37.79,37.79,2000709
2007-12-12,37.5,38.23,37.2,38.08,3077156
2007-12-13,38.08,38.52,36.77,36.77,3234412
2007-12-14,36.77,36.91,34.28,34.57,11471
2007-12-17,34.28,35.15,32.52,32.52,5204
2007-12-18,31.93,33.4,30.47,32.52,6859
2007-12-19,33.4,34.13,32.81,33.98,4256073
2007-12-20,34.28,34.57,32.81,32.96,2970627
2007-12-21,33.4,33.69,32.52,32.52,3571246
2007-12-24,33.4,34.71,33.1,34.71,4546236
2007-12-25,35.45,35.59,34.71,34.71,4011564
2007-12-26,34.57,35.59,33.98,35.59,3680818
2007-12-27,35.45,36.77,35.45,36.18,4172879
2007-12-28,35.89,37.06,35.59,36.62,3137015
2007-12-31,36.62,36.77,35.59,36.33,4581746
2008-01-02,36.18,36.62,35.45,35.45,3261805
2008-01-03,34.57,35.01,33.98,34.71,3515445
2008-01-04,34.42,35.01,33.98,33.98,3405873
2008-01-07,32.81,32.81,31.64,31.64,5609
2008-01-08,30.47,32.08,30.47,32.08,5074
2008-01-09,30.76,32.81,30.76,32.81,3948661
2008-01-10,33.69,33.84,33.1,33.4,3157306
2008-01-11,33.98,34.13,33.4,33.54,1959112
2008-01-14,34.57,34.71,33.69,33.98,3821842
2008-01-15,34.57,35.15,33.69,33.69,5012
2008-01-16,33.1,34.57,32.52,34.28,4141428
2008-01-17,34.86,35.74,33.98,34.28,5265
2008-01-18,33.69,34.86,33.4,34.86,2501901
2008-01-21,34.71,34.86,33.4,33.4,3448484
2008-01-22,31.2,31.79,31.2,31.2,4946987
2008-01-23,31.93,31.93,29.59,29.88,5504
2008-01-24,30.76,31.35,29.44,29.88,4150559
2008-01-25,31.05,31.93,30.76,31.93,3551969
2008-01-28,31.64,32.52,31.49,31.49,4401155
2008-01-29,32.22,32.37,31.64,32.37,2170140
2008-01-30,32.52,32.66,31.35,31.49,2936132
2008-01-31,31.49,32.22,30.61,32.22,4666969
2008-02-01,32.66,32.66,31.35,31.49,4309844
2008-02-12,30.76,31.2,29.29,30.17,4686245
2008-02-13,29.88,30.47,28.21,28.27,5156
2008-02-14,29.21,30.17,29.21,29.88,3199917
2008-02-15,29.29,30.47,29.0,30.17,3503270
2008-02-18,30.32,30.91,30.17,30.32,2520163
2008-02-19,30.61,31.64,30.17,31.64,5058
2008-02-20,31.35,31.35,30.32,30.47,2320295
2008-02-21,31.35,32.52,31.05,32.52,4757265
2008-02-22,31.93,32.22,31.64,32.22,2981787
2008-02-25,32.81,33.1,31.93,31.93,3550954
2008-02-26,32.81,33.69,32.37,32.52,5271
2008-02-27,33.4,33.4,32.81,33.25,4097802
2008-02-29,32.81,33.54,32.66,32.66,4324048
2008-03-03,31.64,31.93,30.61,31.05,3665600
2008-03-04,30.76,31.79,30.76,31.64,3020340
2008-03-05,31.79,31.79,31.35,31.35,2139703
2008-03-06,31.64,33.1,31.49,33.1,4372747
2008-03-07,32.81,33.1,32.37,32.52,3266878
2008-03-10,32.96,32.96,32.22,32.81,4467101
2008-03-11,32.81,33.25,32.37,33.25,3912137
2008-03-12,33.69,34.57,33.69,33.98,6978
2008-03-13,33.98,34.13,32.52,32.52,2607415
2008-03-14,33.1,33.25,31.93,32.22,2306091
2008-03-17,31.64,31.64,30.61,30.91,4172879
2008-03-18,31.2,31.35,30.17,30.76,2145791
2008-03-19,31.49,31.49,30.76,30.76,2093034
2008-03-20,30.76,31.35,30.61,31.35,1689239
2008-03-21,31.64,32.52,31.64,32.22,2557702
2008-03-24,33.1,33.69,31.79,31.79,7585
2008-03-25,31.93,33.1,31.93,32.81,5935
2008-03-26,32.81,33.4,32.37,32.52,4464057
2008-03-27,32.52,32.96,32.08,32.96,3416018
2008-03-28,32.96,33.25,32.52,32.66,6263
2008-03-31,32.66,32.81,32.37,32.52,2471464
2008-04-01,32.96,33.25,32.52,32.52,3209048
2008-04-02,33.1,33.69,32.96,33.4,5629
2008-04-03,33.54,34.13,33.4,33.69,4461013
2008-04-07,33.69,33.84,33.25,33.84,3458630
2008-04-08,33.54,33.54,32.81,33.1,4434635
2008-04-09,33.1,33.1,32.52,32.81,1827219
2008-04-10,32.96,33.69,32.81,33.69,3050777
2008-04-11,33.69,34.13,33.25,33.25,3341955
2008-04-14,32.81,33.25,32.66,32.96,2202606
2008-04-15,33.1,33.54,32.96,33.4,3874599
2008-04-16,33.69,33.69,33.1,33.69,2709885
2008-04-17,34.13,34.57,33.4,33.4,6046
2008-04-18,33.54,34.28,33.54,33.84,4768425
2008-04-21,34.28,34.86,34.28,34.71,4369703
2008-04-22,34.71,34.86,33.98,34.28,2063612
2008-04-23,34.57,35.89,34.13,35.15,6643
2008-04-24,35.74,36.18,35.45,35.45,4533047
2008-04-25,36.03,36.03,35.01,35.45,3908079
2008-04-28,34.42,34.57,33.54,33.98,5563
2008-04-29,33.98,34.42,33.69,34.13,2948307
2008-04-30,34.42,34.57,34.13,34.42,2631764
2008-05-02,35.01,35.3,35.01,35.15,3481964
2008-05-05,35.59,35.59,34.28,34.28,3401814
2008-05-06,34.57,35.01,34.42,34.71,2565818
2008-05-07,34.71,35.01,34.13,34.28,3029471
2008-05-08,34.13,34.13,33.69,33.69,2945263
2008-05-09,33.69,33.98,33.54,33.69,1922588
2008-05-12,33.84,33.98,33.25,33.84,1788666
2008-05-13,34.28,34.42,33.84,34.28,1522852
2008-05-14,34.57,35.15,34.42,35.15,3984171
2008-05-15,35.45,35.45,34.86,35.15,2522192
2008-05-16,35.45,35.89,35.3,35.45,4409271
2008-05-19,35.74,35.89,34.86,35.15,1560391
2008-05-20,35.15,35.45,34.42,34.57,1736924
2008-05-21,34.28,34.71,34.13,34.28,1519808
2008-05-22,33.98,34.28,33.54,34.13,3816769
2008-05-23,34.42,34.42,33.69,33.84,2434940
2008-05-26,33.54,33.69,32.96,33.1,2163038
2008-05-27,33.25,33.69,33.25,33.4,1128189
2008-05-28,33.69,33.69,32.81,32.81,1775477
2008-05-29,32.81,33.25,32.81,32.96,1467051
2008-05-30,33.4,34.57,32.37,34.57,2586109
2008-06-02,33.69,33.84,32.81,33.1,3586464
2008-06-03,33.25,33.54,32.96,33.1,1599958
2008-06-04,32.81,33.25,32.66,32.81,1525896
2008-06-05,32.81,33.4,32.81,33.25,1409221
2008-06-06,33.4,33.54,33.1,33.4,705118
2008-06-09,32.81,32.96,32.52,32.81,1470095
2008-06-10,32.66,32.96,31.49,31.49,2175213
2008-06-11,31.35,31.79,31.05,31.05,1350377
2008-06-12,30.76,31.05,29.29,29.29,3133971
2008-06-13,29.59,30.03,29.44,29.88,2386241
2008-06-16,30.17,31.35,29.88,30.03,4082583
2008-06-17,30.32,30.32,29.29,29.73,3288184
2008-06-18,29.73,30.17,29.59,29.88,1419367
2008-06-19,29.44,29.59,29.0,29.44,1718662
2008-06-20,29.73,29.73,29.18,29.73,1659817
2008-06-23,29.29,29.44,28.91,28.97,2072743
2008-06-24,28.91,29.21,27.54,27.68,2577993
2008-06-25,27.83,28.59,27.68,28.56,2026073
2008-06-26,29.0,29.29,28.24,28.24,2240145
2008-06-27,26.37,27.01,26.37,26.95,3481964
2008-06-30,26.86,27.39,25.84,25.84,2536396
2008-07-01,25.84,26.31,25.4,25.4,3017297
2008-07-02,25.63,26.28,25.55,25.78,2107238
2008-07-03,25.49,26.22,25.34,26.22,3765026
2008-07-04,26.63,26.63,25.49,25.49,1992593
2008-07-07,25.78,26.1,25.49,26.04,1321969
2008-07-08,25.78,25.78,24.23,24.23,3576318
2008-07-09,24.23,24.55,23.0,23.0,8396
2008-07-10,23.0,23.0,22.12,22.23,6942
2008-07-11,22.26,22.85,22.26,22.82,5062
2008-07-14,22.59,23.32,22.53,22.73,4850604
2008-07-15,22.56,22.67,21.68,21.71,4073452
2008-07-16,21.68,22.09,20.42,20.51,7171
2008-07-17,21.53,21.65,21.06,21.39,4998730
2008-07-18,21.41,21.53,19.98,20.39,9135
2008-07-21,20.68,20.92,20.27,20.8,7344
2008-07-22,20.83,21.74,20.83,21.39,15410
2008-07-23,21.56,22.18,21.56,21.68,17791
2008-07-24,21.82,22.64,21.59,22.35,20803
2008-07-25,21.97,21.97,21.21,21.44,13083
2008-07-28,21.35,21.35,21.35,21.35,0
2008-07-29,20.65,20.8,20.21,20.33,10772
2008-07-30,20.57,20.8,20.42,20.48,8961
2008-07-31,20.65,21.09,20.42,20.51,9636
2008-08-01,20.21,20.21,19.07,19.66,7709
2008-08-04,19.66,20.54,19.66,20.15,7517
2008-08-05,20.48,20.51,19.74,19.77,13332
2008-08-06,20.08,20.66,20.08,20.66,10644
2008-08-07,20.83,21.31,20.25,20.25,9841
2008-08-08,19.98,21.54,19.81,21.54,14953
2008-08-11,22.22,23.03,22.01,23.03,16451
2008-08-12,23.34,23.34,22.62,23.13,16196
2008-08-13,23.03,24.28,22.86,24.01,16846
2008-08-14,23.98,24.15,23.47,24.08,10899
2008-08-15,24.32,24.59,23.3,23.3,12351
2008-08-18,23.03,23.57,22.35,22.35,7051
2008-08-19,21.95,22.86,21.68,22.69,6308
2008-08-20,22.66,22.69,22.01,22.56,4577775
2008-08-21,22.56,22.93,22.29,22.32,4906410
2008-08-22,22.35,22.52,21.4,21.54,8185
2008-08-25,21.91,22.01,21.64,21.78,2927565
2008-08-26,21.51,22.05,21.4,22.01,2863245
2008-08-27,22.01,22.9,22.01,22.79,5377
2008-08-28,23.37,23.84,23.1,23.27,11724
2008-08-29,23.64,23.71,22.86,23.17,7940
2008-09-01,23.0,23.0,21.85,21.88,5719
2008-09-02,22.08,22.42,21.61,21.88,6617
2008-09-03,22.18,22.18,20.66,20.76,6966
2008-09-04,20.83,21.3,20.42,20.59,6200
2008-09-05,20.02,20.96,20.02,20.66,5156
2008-09-08,21.13,21.71,20.93,21.51,8855
2008-09-09,21.2,21.2,20.02,20.02,6431
2008-09-10,20.05,20.56,20.05,20.32,3866235
2008-09-11,20.32,20.49,19.37,19.37,5309
2008-09-12,19.81,19.95,18.73,19.78,7274
2008-09-15,19.31,19.44,18.42,18.42,5834
2008-09-16,17.14,17.54,17.14,17.14,4302405
2008-09-17,17.61,17.95,15.99,16.31,8741
2008-09-18,15.17,15.58,15.17,15.26,7775
2008-09-19,16.29,16.32,16.0,16.32,3748650
2008-09-22,16.93,17.44,16.78,17.44,7914
2008-09-23,17.1,18.29,17.1,18.29,7412
2008-09-24,18.29,18.97,17.98,18.63,8981
2008-09-25,18.12,18.86,18.02,18.19,6837
2008-09-26,18.42,18.42,16.97,17.07,4904400
2008-09-29,17.16,17.16,17.16,17.16,0
2008-09-30,15.88,15.88,15.88,15.88,2182860
2008-10-01,16.12,16.97,16.12,16.93,5288
2008-10-02,16.73,17.27,16.26,16.49,3455190
2008-10-03,16.29,17.37,16.02,17.27,4194870
2008-10-06,16.6,16.87,16.26,16.26,3357705
2008-10-07,15.24,16.6,15.24,16.36,3892365
2008-10-08,15.68,16.02,15.22,15.22,4078290
2008-10-09,15.22,15.68,14.43,14.44,4448130
2008-10-13,13.95,14.12,13.95,14.02,3767745
2008-10-14,14.99,14.99,14.9,14.99,7251
2008-10-15,14.99,14.99,14.48,14.6,3841110
2008-10-16,14.09,14.26,14.09,14.09,1101480
2008-10-17,14.09,14.33,13.6,13.6,4174770
2008-10-20,13.21,13.89,13.12,13.82,3437100
2008-10-21,14.06,14.12,13.34,13.34,5897
2008-10-22,12.89,13.24,12.89,12.89,9119
2008-10-23,12.45,12.46,12.45,12.45,1096455
2008-10-24,12.02,12.02,12.02,12.02,1128615
2008-10-27,11.19,11.5,11.19,11.19,4068240
2008-10-28,10.41,11.85,10.41,11.28,6007
2008-10-29,12.06,12.06,11.28,11.31,8689
2008-10-30,11.43,12.09,11.43,12.09,6797
2008-10-31,12.19,12.57,11.65,12.46,6764
2008-11-03,12.53,13.14,12.23,12.94,7862
2008-11-04,12.84,12.87,12.36,12.6,7136
2008-11-05,12.73,12.8,12.23,12.23,6972
2008-11-06,11.38,11.55,11.38,11.38,3697395
2008-11-07,10.6,11.55,10.6,11.41,3585840
2008-11-10,11.35,11.75,11.24,11.45,3351675
2008-11-11,11.14,11.35,10.65,10.67,4970730
2008-11-12,10.67,11.01,10.6,10.77,5276
2008-11-13,10.19,10.77,10.03,10.03,7244
2008-11-14,10.43,10.43,9.52,9.6,5604
2008-11-17,9.31,9.53,8.94,8.96,7936
2008-11-18,8.5,8.67,8.33,8.35,7679
2008-11-19,8.2,8.87,8.13,8.74,10566
2008-11-20,8.3,8.47,8.13,8.13,11411
2008-11-21,7.96,8.69,7.96,8.69,19898
2008-11-24,8.69,8.74,8.37,8.38,12091
2008-11-25,8.64,8.96,8.64,8.96,12358
2008-11-26,9.14,9.48,9.01,9.38,12888
2008-11-27,9.52,9.99,9.52,9.64,18518
2008-11-28,9.64,9.8,9.42,9.65,10287
2008-12-01,9.65,10.18,9.65,9.99,13930
2008-12-02,9.3,9.48,9.3,9.3,8824
2008-12-03,9.21,9.45,8.91,8.91,11305
2008-12-04,9.13,9.31,9.08,9.08,9027
2008-12-05,9.14,9.31,8.94,9.06,9835
2008-12-08,9.18,9.69,9.11,9.69,12657
2008-12-09,9.92,9.96,9.58,9.6,13662
2008-12-10,9.6,10.26,9.6,10.26,15862
2008-12-11,10.26,10.74,10.19,10.36,17608
2008-12-12,10.19,11.08,9.99,10.33,30168
2008-12-15,10.85,11.04,10.7,11.04,20099
2008-12-16,10.97,11.02,10.43,10.7,11564
2008-12-17,10.91,11.16,10.36,10.47,16318
2008-12-18,10.53,10.7,10.33,10.7,7154
2008-12-19,10.84,10.84,10.84,10.84,15191
2008-12-22,10.91,11.14,10.25,10.25,9845
2008-12-23,10.19,10.25,9.65,9.65,9668
2008-12-24,9.43,10.16,9.43,9.82,6810
2008-12-25,9.82,9.97,9.77,9.92,5668
2008-12-26,9.82,10.23,9.82,10.01,7098
2008-12-29,10.01,10.03,9.84,9.84,2471295
2008-12-30,9.99,10.48,9.92,10.47,7110
2008-12-31,10.67,10.67,10.43,10.53,7772
2009-01-02,10.53,10.53,10.53,10.53,0
2009-01-05,11.01,11.24,10.87,11.24,14189
2009-01-06,11.5,11.85,11.38,11.85,23557
2009-01-07,11.96,12.68,11.96,12.48,31312
2009-01-08,11.96,12.09,11.62,11.62,13847
2009-01-09,11.52,11.74,11.11,11.5,10569
2009-01-12,11.52,11.52,10.67,10.84,12221
2009-01-13,10.84,11.52,10.84,11.52,10750
2009-01-14,11.68,12.14,11.62,11.79,20114
2009-01-15,11.28,11.58,11.24,11.38,10526
2009-01-16,11.79,12.12,11.65,12.12,14907
2009-01-19,11.99,12.18,11.96,12.18,7281
2009-01-20,11.99,11.99,11.75,11.77,5860
2009-01-21,11.52,11.87,11.48,11.58,8150
2009-02-02,11.62,11.74,11.21,11.21,4852140
2009-02-03,11.38,11.99,11.38,11.96,11527
2009-02-04,12.02,12.12,11.7,11.8,9153
2009-02-05,12.02,12.33,12.01,12.07,12837
2009-02-06,12.62,12.9,12.57,12.9,13478
2009-02-09,13.48,13.8,13.33,13.51,34143
2009-02-10,13.51,13.67,13.21,13.65,13142
2009-02-11,13.21,13.82,13.21,13.82,11627
2009-02-12,13.62,13.65,12.85,12.85,12951
2009-02-13,12.87,13.75,12.87,13.62,17275
2009-02-16,13.58,14.06,13.51,14.02,15323
2009-02-17,14.02,14.48,13.28,13.55,16635
2009-02-18,13.38,13.95,13.31,13.92,11684
2009-02-19,13.99,14.82,13.75,14.12,29980
2009-02-20,13.89,14.26,13.72,13.77,14832
2009-02-23,13.78,14.21,13.45,14.17,12648
2009-02-24,13.89,14.36,13.82,14.21,11231
2009-02-25,14.55,14.73,13.89,13.97,19490
2009-02-26,14.16,14.33,13.87,14.09,8986
2009-02-27,14.11,14.6,13.97,14.53,13592
2009-03-02,14.39,14.73,14.16,14.24,13231
2009-03-03,14.02,14.48,13.72,14.48,11338
2009-03-04,14.48,14.99,14.48,14.78,16157
2009-03-05,15.17,15.82,15.07,15.31,25617
2009-03-06,15.11,15.38,14.99,15.19,12368
2009-03-09,15.24,15.33,14.67,14.94,8807
2009-03-10,14.9,15.38,14.77,15.29,12053
2009-03-11,15.63,15.65,14.83,14.9,10274
2009-03-12,15.14,15.24,14.9,14.95,5921
2009-03-13,15.55,15.99,15.41,15.99,26707
2009-03-16,16.32,17.1,16.26,16.9,26993
2009-03-17,16.93,17.24,16.7,17.04,13870
2009-03-18,17.17,17.95,17.17,17.48,19302
2009-03-19,17.75,17.85,17.24,17.31,10048
2009-03-20,17.34,17.44,16.6,16.66,10942
2009-03-23,16.71,17.41,16.71,17.37,11740
2009-03-24,17.71,17.75,17.07,17.1,11546
2009-03-25,17.1,18.29,17.1,18.29,17784
2009-03-26,18.36,18.8,18.29,18.32,14874
2009-03-27,18.46,19.14,17.95,18.02,14947
2009-03-30,17.54,17.92,16.83,17.04,13751
2009-03-31,16.93,17.75,16.93,17.41,8144
2009-04-02,17.95,17.95,17.1,17.61,8917
2009-04-03,17.95,18.83,17.61,18.83,23872
2009-04-06,19.44,20.12,19.17,20.02,15355
2009-04-07,19.91,20.12,19.34,20.08,6561
2009-04-08,19.75,19.81,19.2,19.2,11137
2009-04-09,19.41,19.64,19.2,19.51,17021
2009-04-10,19.68,20.02,19.31,19.61,13455
2009-04-13,19.64,19.91,19.44,19.64,11091
2009-04-14,19.64,21.0,19.44,21.0,23541
2009-04-15,21.44,22.29,21.2,21.68,25552
2009-04-16,22.32,22.35,21.4,22.01,14706
2009-04-17,22.12,22.22,20.49,20.93,14833
2009-04-20,20.83,21.17,20.15,20.73,9986
2009-04-21,20.39,22.15,20.32,22.15,21289
2009-04-22,22.35,23.67,22.35,23.67,31185
2009-04-23,24.05,24.05,23.2,23.67,17802
2009-04-24,23.88,25.03,23.54,24.96,19676
2009-04-27,25.06,25.23,23.71,24.08,14596
2009-04-28,24.22,24.76,22.69,22.86,22113
2009-04-29,23.2,23.61,21.85,21.91,25909
2009-04-30,23.37,23.44,22.73,23.44,11745
2009-05-04,24.22,25.06,24.22,25.06,13274
2009-05-05,25.4,25.88,24.18,24.76,20112
2009-05-06,24.72,26.45,24.59,26.21,14827
2009-05-07,26.35,27.2,25.77,27.2,15866
2009-05-08,27.2,29.09,26.79,29.09,18399
2009-05-11,29.47,30.79,29.13,29.3,14562
2009-05-12,28.31,28.96,27.26,27.26,20242
2009-05-13,26.82,27.57,26.15,27.43,20536
2009-05-14,26.76,28.21,26.59,27.2,13752
2009-05-15,27.77,28.86,27.6,28.45,19260
2009-05-18,28.59,29.8,28.01,28.01,17776
2009-05-19,29.13,29.13,27.16,27.43,15412
2009-05-20,27.77,28.62,27.4,28.11,18374
2009-05-21,28.25,29.06,28.01,28.62,14402
2009-05-22,28.35,29.47,28.28,28.96,13804
2009-05-25,29.47,30.28,28.69,28.69,14034
2009-05-26,28.69,29.13,26.69,26.69,20058
2009-05-27,26.82,27.37,26.25,26.76,14172
2009-06-01,27.23,27.23,25.57,26.01,16560
2009-06-02,26.55,27.54,26.25,26.59,21898
2009-06-03,26.59,27.26,26.49,26.62,11062
2009-06-04,26.89,27.2,26.18,26.35,8683
2009-06-05,26.52,26.96,26.45,26.69,6144
2009-06-08,28.04,28.45,26.76,26.76,16483
2009-06-09,27.43,27.43,26.45,26.55,15663
2009-06-10,26.89,26.96,24.99,25.13,16718
2009-06-11,25.16,25.91,25.16,25.74,9976
2009-06-12,25.74,26.08,24.79,25.1,8395
2009-06-15,23.78,24.55,23.37,23.37,13867
2009-06-16,23.4,23.71,22.49,23.44,12616
2009-06-17,23.64,24.05,22.9,23.2,7406
2009-06-18,23.2,24.05,23.2,23.84,11085
2009-06-19,24.11,25.06,23.95,25.06,11189
2009-06-22,25.4,25.44,24.59,25.23,8881
2009-06-23,24.72,25.91,24.72,24.86,12966
2009-06-24,25.03,25.74,24.55,25.13,9042
2009-06-25,25.64,26.59,25.4,26.42,11962
2009-06-26,26.82,27.57,26.45,27.43,15743
2009-06-29,27.64,27.91,26.42,26.42,8271
2009-06-30,26.93,27.2,26.25,26.55,8087
2009-07-01,26.76,28.21,26.62,28.21,17580
2009-07-02,28.28,28.92,27.6,27.74,13767
2009-07-03,27.67,28.45,27.67,28.42,10722
2009-07-06,28.62,28.75,28.04,28.21,5266
2009-07-07,28.79,29.23,28.52,28.62,11225
2009-07-08,28.62,28.79,28.18,28.48,5759
2009-07-09,28.79,29.16,28.52,28.52,6522
2009-07-10,28.79,28.86,27.98,28.21,5398
2009-07-13,28.21,28.38,26.42,26.93,7723
2009-07-14,27.26,27.74,27.26,27.64,5479
2009-07-15,28.14,28.96,28.14,28.62,10466
2009-07-16,29.13,29.19,28.25,28.25,7745
2009-07-17,28.48,29.63,28.48,28.96,15629
2009-07-20,29.57,30.55,29.13,30.11,16148
2009-07-21,30.45,31.33,29.36,30.92,17349
2009-07-22,31.5,32.14,31.09,31.29,12016
2009-07-23,31.16,31.73,30.82,31.4,7468
2009-07-24,31.73,32.51,31.53,31.67,12063
2009-07-27,32.14,32.68,31.84,32.41,10589
2009-07-28,32.45,32.51,31.94,32.11,6997
2009-07-29,32.45,32.58,31.33,31.63,7257
2009-07-30,32.01,32.31,30.48,31.77,16083
2009-07-31,31.5,31.67,30.58,31.09,9635
2009-08-03,30.65,31.5,30.65,30.85,4347630
2009-08-04,31.26,31.5,29.94,29.97,10385
2009-08-05,30.49,31.21,30.24,30.49,13670
2009-08-06,30.85,30.92,29.23,29.7,9253
2009-08-07,29.7,29.7,29.7,29.7,0
2009-08-10,29.77,30.28,29.49,30.28,4266000
2009-08-11,30.31,30.31,29.52,30.24,8198
2009-08-12,30.13,31.32,29.95,30.88,11348
2009-08-13,31.14,31.49,30.88,31.28,6687
2009-08-14,31.49,31.78,30.49,30.6,8465
2009-08-17,29.95,30.35,29.77,30.17,5241
2009-08-18,30.17,30.31,28.88,29.02,9845
2009-08-19,29.31,29.41,28.95,29.06,4883000
2009-08-20,29.06,29.06,28.16,28.59,5865
2009-08-21,29.02,29.41,27.98,28.37,6872
2009-08-24,29.2,29.7,28.95,29.59,6089
2009-08-25,29.59,29.67,28.59,28.77,6288
2009-08-26,28.88,28.88,26.8,27.05,17503
2009-08-27,26.9,27.66,26.54,27.08,7707
2009-08-28,27.23,27.91,27.01,27.58,6571
2009-08-31,28.09,28.12,27.19,27.73,5994
2009-09-01,27.8,29.02,27.55,28.88,10640
2009-09-02,28.55,29.13,28.19,28.48,11333
2009-09-03,28.02,28.27,27.62,28.16,18306
2009-09-04,28.3,29.45,28.3,28.88,31127
2009-09-07,29.23,29.23,28.34,28.55,16586
2009-09-08,29.06,29.31,28.73,28.8,16011
2009-09-09,28.77,29.13,28.34,28.34,11586
2009-09-10,28.95,28.95,27.8,27.8,17012
2009-09-11,27.62,28.27,27.55,28.19,9061
2009-09-14,28.16,28.23,27.66,27.94,8021
2009-09-15,27.98,28.52,27.98,28.52,8451
2009-09-16,28.7,28.98,28.37,28.37,8969
2009-09-17,28.7,28.7,27.66,27.87,18616
2009-09-18,27.76,28.45,27.62,28.45,12575
2009-09-21,28.34,28.7,28.09,28.23,9336
2009-09-22,28.34,28.52,28.12,28.34,5913
2009-09-23,28.34,28.88,28.05,28.05,13332
2009-09-24,28.16,28.27,27.8,27.98,5989
2009-09-25,27.94,28.16,27.62,27.73,7940
2009-09-28,27.58,27.91,26.83,26.9,10157
2009-09-29,27.23,27.23,26.47,26.76,11868
2009-09-30,26.76,27.37,26.76,27.26,8169
2009-10-01,27.26,27.3,26.65,26.8,6743
2009-10-02,26.47,27.41,26.44,27.05,8378
2009-10-05,27.05,27.19,26.8,26.9,4255000
2009-10-06,26.9,27.73,26.9,27.3,10983
2009-10-07,27.48,27.58,27.08,27.12,6374
2009-10-08,27.19,27.55,26.97,27.01,5382
2009-10-09,27.26,27.41,26.8,27.37,6353
2009-10-12,27.62,28.16,27.33,28.05,8263
2009-10-13,27.84,28.66,27.66,27.98,13137
2009-10-14,28.52,28.52,28.02,28.02,8325
2009-10-15,28.19,28.34,27.73,27.73,7497
2009-10-16,27.91,28.19,27.76,27.84,4234000
2009-10-19,27.94,28.05,27.73,27.91,2794000
2009-10-20,28.05,28.27,27.94,27.94,4015000
2009-10-21,27.98,28.09,27.73,27.73,3439000
2009-10-22,27.62,27.84,27.05,27.23,6996
2009-10-23,27.44,27.76,27.37,27.69,4002000
2009-10-26,27.8,27.94,27.44,27.51,3177000
2009-10-27,27.44,27.8,27.37,27.8,2692000
2009-10-28,27.98,28.41,27.76,27.84,10237
2009-10-29,27.58,27.58,26.58,27.12,10492
2009-10-30,27.3,27.41,26.9,26.9,4318000
2009-11-02,26.58,26.97,26.54,26.94,4246000
2009-11-03,27.08,27.23,26.9,26.97,2332000
2009-11-04,26.97,27.51,26.97,27.19,7016
2009-11-05,27.15,27.3,26.69,26.72,4298000
2009-11-06,27.23,27.23,26.69,26.72,2935000
2009-11-09,26.76,27.05,26.72,26.76,2145000
2009-11-10,27.08,27.23,26.9,27.23,5015
2009-11-11,27.08,27.3,26.8,26.83,10030
2009-11-12,26.87,27.08,26.54,26.58,9668
2009-11-13,26.58,27.01,26.54,27.01,4915000
2009-11-16,27.44,28.88,27.41,28.88,27072
2009-11-17,29.77,29.84,28.98,29.02,33848
2009-11-18,29.45,30.31,29.27,29.95,26154
2009-11-19,29.95,30.78,29.77,30.6,24352
2009-11-20,30.67,30.99,30.17,30.78,15825
2009-11-23,31.17,32.21,30.85,31.49,18795
2009-11-24,31.67,31.67,31.21,31.21,10146
2009-11-25,31.35,32.5,31.32,32.46,18699
2009-11-26,32.61,32.75,31.57,31.75,14931
2009-11-27,31.03,31.67,30.67,30.67,13432
2009-11-30,31.57,32.75,31.32,31.93,14404
2009-12-01,32.25,33.75,31.39,33.47,22540
2009-12-02,33.72,34.22,33.47,33.72,18244
2009-12-03,33.9,34.26,33.36,33.97,13855
2009-12-04,33.9,34.44,33.65,33.97,12716
2009-12-07,34.08,34.44,33.75,33.97,7278
2009-12-08,33.97,34.01,32.82,33.43,11251
2009-12-09,33.36,33.54,33.07,33.29,6964
2009-12-10,33.29,35.33,33.29,34.26,22137
2009-12-11,34.87,36.59,34.44,36.59,16228
2009-12-14,37.13,37.31,35.69,36.05,13994
2009-12-15,36.77,37.13,35.51,35.51,8567
2009-12-16,35.15,35.44,34.47,34.83,7576
2009-12-17,35.05,36.05,34.87,34.87,7528
2009-12-18,34.87,35.8,34.51,35.69,9178
2009-12-21,36.23,37.66,36.05,36.23,10899
2009-12-22,36.95,36.95,35.87,36.59,6449
2009-12-23,36.59,36.77,35.87,36.41,4771000
2009-12-24,36.41,38.02,36.23,37.31,10225
2009-12-25,37.66,37.84,36.95,37.13,5109
2009-12-28,37.66,38.56,37.31,37.66,4953000
2009-12-29,38.02,38.38,37.31,38.38,5052
2009-12-30,38.38,39.1,38.02,39.1,7549
2009-12-31,39.1,39.28,38.2,38.38,6796
2010-01-04,38.38,38.74,37.49,37.84,4803000
2010-01-05,37.84,38.02,35.87,36.05,12044
2010-01-06,36.05,36.41,35.58,36.41,8980
2010-01-07,36.59,38.38,36.41,37.13,15001
2010-01-08,37.31,37.49,36.05,37.13,5122
2010-01-11,36.95,38.02,36.95,38.02,4251000
2010-01-12,37.66,37.84,36.59,36.95,4315000
2010-01-13,36.23,36.77,35.3,35.62,10454
2010-01-14,35.87,37.84,35.84,37.31,9654
2010-01-15,37.84,38.38,37.49,37.66,8815
2010-01-18,37.31,38.02,36.95,37.66,3476000
2010-01-19,37.66,38.02,36.23,36.41,5956
2010-01-20,36.95,36.95,35.84,36.59,4689000
2010-01-21,36.23,36.41,35.58,35.84,4528000
2010-01-22,35.15,35.48,34.44,34.62,7599
2010-01-25,34.62,35.73,34.62,35.19,4502000
2010-01-26,35.87,35.87,32.86,33.36,7479
2010-01-27,33.54,34.36,33.04,33.72,5869
2010-01-28,34.18,35.15,33.43,34.9,7647
2010-01-29,34.11,34.29,33.36,33.83,6528
2010-02-01,34.08,34.22,32.86,33.18,5402
2010-02-02,33.72,33.83,31.75,31.75,8792
2010-02-03,32.28,33.61,32.18,33.54,9485
2010-02-04,33.58,34.47,33.5,34.08,11185
2010-02-05,32.28,33.0,31.82,32.28,11762
2010-02-08,32.71,33.79,32.46,33.04,8555
2010-02-09,33.4,35.12,33.18,34.72,8823
2010-02-10,35.08,35.08,34.08,34.08,8790
2010-02-22,35.15,35.15,34.11,34.15,4142000
2010-02-23,34.15,34.29,33.43,33.83,3817000
2010-02-24,33.43,34.22,33.4,33.54,3490000
2010-02-25,33.9,34.01,32.64,32.71,4918000
2010-02-26,32.89,33.18,32.1,32.39,5730
2010-03-01,32.64,34.08,32.46,33.72,4424000
2010-03-02,34.4,34.4,33.65,33.68,3919000
2010-03-03,33.93,34.11,33.47,33.68,2863000
2010-03-04,34.08,34.08,33.36,33.36,2763000
2010-03-05,33.65,34.26,33.65,33.97,2894000
2010-03-08,34.4,35.26,34.33,34.97,6197
2010-03-09,34.97,36.41,34.97,36.05,9633
2010-03-10,36.41,36.41,35.37,35.51,5014
2010-03-11,35.69,35.87,35.01,35.19,4578000
2010-03-12,35.48,36.23,35.15,35.87,6594
2010-03-15,35.87,36.05,35.01,35.01,3674000
2010-03-16,35.19,35.8,35.12,35.66,3247000
2010-03-17,36.05,36.77,35.87,36.77,6983
2010-03-18,36.95,36.95,36.23,36.95,5217
2010-03-19,36.95,37.13,36.23,37.13,4281000
2010-03-22,36.95,37.13,35.87,36.05,3673000
2010-03-23,36.23,36.41,35.44,35.48,3983000
2010-03-24,36.05,36.05,35.58,35.58,3073000
2010-03-25,35.33,36.05,35.33,35.76,2648000
2010-03-26,35.76,36.59,35.48,36.59,4914000
2010-03-29,36.77,36.77,36.23,36.23,3627000
2010-03-30,36.59,36.59,35.69,35.87,3580000
2010-03-31,35.55,36.05,35.44,35.51,3219000
2010-04-01,35.51,36.59,35.51,36.05,7768
2010-04-02,36.95,38.2,36.95,37.49,13727
2010-04-06,37.84,38.38,37.49,37.66,9223
2010-04-07,38.02,38.38,36.95,36.95,7263
2010-04-08,37.31,37.66,36.95,37.31,5917
2010-04-09,37.84,38.02,37.13,38.02,5779
2010-04-12,38.74,38.92,38.2,38.74,9044
2010-04-13,38.38,38.92,37.84,37.84,4932000
2010-04-14,38.02,38.38,37.66,38.38,2876000
2010-04-15,38.74,38.92,38.02,38.56,4363000
2010-04-16,38.74,38.74,37.66,37.84,2985000
2010-04-19,36.95,37.66,36.23,36.23,4617000
2010-04-20,36.59,37.31,36.23,37.31,4370000
2010-04-21,37.66,38.74,37.66,38.2,5685
2010-04-22,38.02,38.56,37.66,38.02,3699000
2010-04-23,38.74,39.28,38.2,38.74,5686
2010-04-26,39.1,40.0,39.1,40.0,6811
2010-04-27,40.0,40.0,39.1,39.46,3492000
2010-04-28,38.02,39.28,38.02,39.28,3102000
2010-04-29,39.82,40.0,38.74,38.74,5321
2010-04-30,39.82,40.53,38.38,38.92,12119
2010-05-03,39.1,39.46,37.66,38.56,6124
2010-05-04,39.1,39.1,36.95,37.66,7161
2010-05-05,36.59,37.13,35.87,36.23,9064
2010-05-06,36.23,36.59,35.05,35.19,5988
2010-05-07,34.44,36.41,34.44,36.23,6708
2010-05-10,36.23,36.41,35.55,35.87,5279
2010-05-11,36.23,36.59,35.58,35.58,5153
2010-05-12,35.87,36.05,34.51,34.79,4698000
2010-05-13,35.51,35.87,35.19,35.51,4394000
2010-05-14,35.37,35.84,35.15,35.69,2930000
2010-05-17,35.51,35.51,33.75,34.26,5490
2010-05-18,34.29,34.47,32.21,32.82,10804
2010-05-19,32.32,33.5,32.14,33.07,7627
2010-05-20,33.32,33.36,32.18,32.21,5728
2010-05-21,31.28,31.89,30.71,31.39,6567
2010-05-24,31.75,32.03,31.6,31.78,3187000
2010-05-25,31.57,31.71,29.56,29.99,7454
2010-05-26,30.17,31.24,30.06,30.92,6814
2010-05-27,30.99,32.53,30.56,32.39,5551
2010-05-28,33.11,33.43,32.68,32.97,6742
2010-05-31,32.97,33.36,32.82,33.36,3262000
2010-06-01,33.36,33.4,32.64,32.64,2826000
2010-06-02,32.28,32.46,31.03,31.17,10192
2010-06-03,31.67,32.1,31.67,32.1,6947
2010-06-04,32.28,32.36,31.42,31.42,5672
2010-06-07,29.77,31.42,29.77,31.24,5091
2010-06-08,31.28,31.75,30.96,31.39,4033000
2010-06-09,31.53,31.64,30.35,30.63,4994000
2010-06-10,31.24,31.75,30.67,31.71,3429000
2010-06-11,32.53,32.64,31.82,32.1,5313
2010-06-14,32.46,32.57,32.1,32.14,2579000
2010-06-15,32.28,32.53,32.14,32.32,2855000
2010-06-17,32.64,32.68,32.18,32.32,4456000
2010-06-18,32.32,32.61,31.89,31.89,2260000
2010-06-21,32.39,32.46,32.03,32.28,3223000
2010-06-22,32.28,32.43,32.07,32.07,1566000
2010-06-23,32.03,33.14,31.93,33.14,4972000
2010-06-24,33.25,33.61,32.89,33.14,4637000
2010-06-25,32.71,32.86,32.14,32.28,2582000
2010-06-28,32.64,32.64,32.18,32.32,2279000
2010-06-29,32.5,32.86,31.82,31.89,3580000
2010-06-30,30.49,31.57,30.49,31.24,3550000
2010-07-01,31.24,31.75,31.24,31.39,2021000
2010-07-02,32.1,32.14,31.57,31.57,1326000
2010-07-05,31.57,31.93,31.24,31.75,1967000
2010-07-06,31.57,32.53,31.57,32.36,2280000
2010-07-07,32.28,32.46,32.03,32.14,1923000
2010-07-08,32.79,33.97,32.57,33.9,9568
2010-07-09,34.08,34.18,33.29,33.43,3960000
2010-07-12,33.75,34.26,33.61,33.9,4663000
2010-07-13,34.15,34.22,33.47,33.47,2700000
2010-07-14,34.08,34.26,33.61,33.86,3108000
2010-07-15,34.04,34.04,33.54,33.54,1628000
2010-07-16,33.54,33.72,32.89,33.14,2653000
2010-07-19,32.82,32.93,31.78,32.14,6276
2010-07-20,32.28,32.93,32.28,32.89,4029000
2010-07-21,32.93,33.07,32.46,32.64,3042000
2010-07-22,32.43,32.82,32.03,32.14,4195000
2010-07-23,32.28,32.39,31.82,31.93,5518
2010-07-26,32.28,32.71,32.1,32.46,3560000
2010-07-27,32.28,32.64,32.18,32.43,7314
2010-07-28,32.73,32.88,32.39,32.5,6692
2010-07-29,32.81,33.19,32.65,32.69,6321
2010-07-30,32.65,32.77,32.09,32.16,3914000
2010-08-02,32.46,32.58,32.31,32.46,3289000
2010-08-03,32.65,32.92,32.62,32.84,8205
2010-08-04,32.84,32.84,32.28,32.39,4208000
2010-08-05,32.46,32.58,31.06,31.29,10360
2010-08-06,31.14,31.55,30.3,30.83,9666
2010-08-09,30.95,32.01,30.95,31.86,7909
2010-08-10,32.09,32.09,31.14,31.21,3627000
2010-08-11,30.98,31.59,30.95,31.29,3204000
2010-08-12,31.25,31.29,30.79,30.98,4456000
2010-08-13,31.21,31.29,31.02,31.25,4108000
2010-08-16,31.25,31.33,30.76,31.06,3979000
2010-08-17,31.06,31.44,30.95,30.95,3862000
2010-08-18,31.36,31.36,30.98,30.98,2678000
2010-08-19,31.36,32.81,31.36,32.46,12632
2010-08-20,32.62,32.77,32.12,32.28,4918000
2010-08-23,32.31,32.39,31.9,32.01,3448000
2010-08-24,31.93,32.28,31.55,31.59,2707000
2010-08-25,31.44,31.44,30.76,30.76,5418
2010-08-26,30.79,31.33,30.76,30.83,3326000
2010-08-27,30.83,31.02,30.6,30.91,3301000
2010-08-30,31.14,31.25,30.79,30.83,2727000
2010-08-31,30.6,30.6,28.74,29.01,13571
2010-09-01,29.01,29.05,27.79,28.29,11574
2010-09-02,28.82,29.58,28.63,29.39,7099
2010-09-03,29.43,30.72,29.43,30.49,7105
2010-09-06,30.87,30.91,30.19,30.3,4802000
2010-09-07,30.57,31.29,30.22,30.38,6425
2010-09-08,30.38,30.38,29.69,29.88,4755000
2010-09-09,30.22,30.49,30.03,30.19,4080000
2010-09-10,31.36,32.28,31.36,31.86,14329
2010-09-13,32.09,32.16,31.63,31.9,6685
2010-09-14,31.9,32.46,31.9,32.09,8067
2010-09-15,32.28,33.3,32.05,32.84,15554
2010-09-16,33.03,33.95,32.84,33.03,14254
2010-09-17,33.45,33.57,32.46,32.46,8672
2010-09-20,32.77,32.84,32.35,32.5,4258000
2010-09-21,32.65,33.03,32.43,32.54,4868000
2010-09-23,32.65,32.77,32.01,32.28,4903000
2010-09-24,31.9,32.54,31.52,32.09,6000
2010-09-27,32.73,33.11,32.43,32.81,8265
2010-09-28,32.81,33.0,32.16,32.35,5843
2010-09-29,32.81,33.98,32.58,33.45,19083
2010-09-30,33.76,34.17,33.34,33.6,12112
2010-10-01,34.14,34.33,33.79,33.98,8856
2010-10-04,34.17,34.21,32.65,32.92,7814
2010-10-05,33.03,33.3,32.84,33.15,5157
2010-10-06,33.6,33.76,33.11,33.41,5563
2010-10-07,33.3,33.68,33.11,33.57,6068
2010-10-08,33.79,33.79,33.26,33.3,6034
2010-10-11,33.6,33.6,32.88,33.07,2200000
2010-10-12,33.07,33.26,32.46,32.5,3253000
2010-10-13,32.62,33.19,32.58,33.19,2401000
2010-10-14,33.38,33.41,33.03,33.41,2090000
2010-10-15,33.41,33.68,33.03,33.38,3540000
2010-10-18,33.38,33.41,32.54,32.73,4221000
2010-10-19,32.84,33.64,32.58,33.45,4610000
2010-10-20,33.38,34.4,33.19,34.25,8680
2010-10-21,34.25,34.36,33.98,34.25,5589
2010-10-22,34.36,34.63,34.33,34.36,5310
2010-10-25,34.55,34.97,34.48,34.63,4953000
2010-10-26,34.74,34.93,34.25,34.4,3002000
2010-10-27,34.55,34.74,34.25,34.55,2933000
2010-10-28,34.63,34.63,33.6,33.79,5732
2010-10-29,34.17,34.17,33.68,33.79,4042000
2010-11-01,33.79,34.4,33.72,34.17,2714000
2010-11-02,34.17,34.21,33.6,33.64,1579000
2010-11-03,33.76,33.79,32.09,32.28,8367
2010-11-04,32.28,33.03,32.16,33.03,3901000
2010-11-05,33.41,33.79,33.11,33.64,4569000
2010-11-08,33.64,33.64,32.73,33.38,2389000
2010-11-09,33.38,33.87,33.26,33.6,3652000
2010-11-10,33.6,33.68,33.34,33.68,2403000
2010-11-11,33.68,34.25,33.57,33.57,3213000
2010-11-12,33.41,33.57,33.03,33.57,2612000
2010-11-15,33.41,33.79,33.26,33.41,1815000
2010-11-16,33.15,33.6,33.07,33.22,2190000
2010-11-17,33.03,33.41,32.84,33.34,3711000
2010-11-18,33.03,33.34,33.03,33.07,1510000
2010-11-19,33.22,34.93,33.22,34.48,9526
2010-11-22,34.9,35.27,34.55,34.71,6785
2010-11-23,34.93,35.46,34.93,35.05,8420
2010-11-24,34.55,35.05,34.55,34.82,3979000
2010-11-25,35.08,36.83,34.93,36.0,13736
2010-11-26,36.07,36.57,36.03,36.26,7470
2010-11-29,36.72,36.72,35.65,36.45,4986000
2010-11-30,36.45,37.29,36.3,36.83,8990
2010-12-01,36.83,37.21,36.57,36.76,4625000
2010-12-02,37.36,38.16,37.25,37.7,8925
2010-12-03,37.89,37.97,37.33,37.4,3432000
2010-12-06,37.59,38.16,37.52,37.7,3471000
2010-12-07,38.35,39.3,37.97,38.16,8090
2010-12-08,37.97,38.16,37.33,37.4,3589000
2010-12-09,37.59,37.86,37.33,37.52,5206
2010-12-10,37.4,37.52,37.06,37.21,3094000
2010-12-13,37.4,37.93,37.4,37.82,5517
2010-12-14,37.97,38.16,37.21,37.59,5118
2010-12-15,37.55,37.55,35.88,36.79,6158
2010-12-16,36.79,36.91,36.38,36.87,4438000
2010-12-17,36.91,37.1,36.3,36.34,5164
2010-12-20,36.38,36.72,35.24,35.73,6496
2010-12-21,35.73,36.6,35.5,36.57,8060
2010-12-22,37.1,37.21,36.68,36.98,5851
2010-12-23,37.21,37.21,36.6,36.79,2725000
2010-12-24,37.21,37.21,36.45,36.45,2917000
2010-12-27,36.45,36.49,35.69,35.84,3801000
2010-12-28,35.88,36.64,35.84,36.0,4883000
2010-12-29,36.07,36.22,35.12,35.31,5064
2010-12-30,35.31,36.0,35.31,35.88,4108000
2010-12-31,35.88,35.96,35.35,35.69,1862000
2011-01-03,35.88,35.88,35.31,35.54,2224000
2011-01-04,35.77,36.57,35.73,36.45,3674000
2011-01-05,36.45,36.57,35.39,35.43,3505000
2011-01-06,35.69,36.15,35.54,36.15,2932000
2011-01-07,36.38,36.38,35.39,35.92,2380000
2011-01-10,36.07,36.15,35.54,36.0,1897000
2011-01-11,35.81,36.72,35.81,36.45,4372000
2011-01-12,36.53,36.76,36.3,36.53,4549000
2011-01-13,36.91,37.4,36.72,37.29,6505
2011-01-14,37.29,37.29,36.76,37.02,2109000
2011-01-17,37.21,37.25,36.26,36.26,3527000
2011-01-18,36.45,37.14,36.45,36.95,2826000
2011-01-19,37.1,37.1,36.38,36.91,5415
2011-01-20,36.98,37.14,36.53,36.53,1363000
2011-01-21,36.49,36.53,36.07,36.11,3068000
2011-01-24,36.26,36.41,36.0,36.3,1727000
2011-01-25,36.79,36.79,36.34,36.34,3085000
2011-01-26,36.49,37.14,36.26,36.68,2836000
2011-01-27,37.14,37.4,36.83,37.14,2803000
2011-01-28,37.52,37.55,36.45,36.68,4656000
2011-02-08,36.68,36.68,35.24,35.58,5022
2011-02-09,35.08,35.5,34.59,34.78,4841000
2011-02-10,34.74,35.2,34.63,34.93,3935000
2011-02-11,35.05,35.05,34.48,34.52,2609000
2011-02-14,34.78,35.16,34.59,34.97,5961
2011-02-15,34.93,35.16,34.59,34.63,3398000
2011-02-16,34.63,34.82,33.83,33.83,6257
2011-02-17,33.91,34.29,33.64,33.98,5604
2011-02-18,34.33,35.54,34.17,34.93,5460
2011-02-21,35.69,36.07,35.12,35.69,10134
2011-02-22,35.12,35.12,33.98,33.98,8418
2011-02-23,33.6,34.48,33.45,33.49,4757000
2011-02-24,33.87,34.1,33.15,33.41,3468000
2011-02-25,33.72,34.63,33.45,34.48,4702000
2011-03-01,34.59,34.82,34.21,34.21,2589000
2011-03-02,33.22,34.59,33.22,33.83,3751000
2011-03-03,34.52,35.12,34.29,34.93,3887000
2011-03-04,35.69,35.69,34.63,34.63,4618000
2011-03-07,34.36,34.9,34.36,34.67,1754000
2011-03-08,34.55,35.2,34.55,34.67,2664000
2011-03-09,34.93,35.12,34.44,34.44,2256000
2011-03-10,34.44,34.44,33.79,33.79,4676000
2011-03-11,33.6,33.72,33.53,33.68,2541000
2011-03-14,33.79,34.17,33.19,33.6,5573
2011-03-15,33.6,33.98,31.29,33.38,8913
2011-03-16,33.41,33.64,32.96,33.11,4062000
2011-03-17,32.77,33.03,32.2,32.62,6042
2011-03-18,33.19,33.26,32.84,33.26,2491000
2011-03-21,33.57,33.87,33.34,33.68,2130000
2011-03-22,33.98,34.14,33.64,33.64,2067000
2011-03-23,33.98,33.98,33.34,33.34,2925000
2011-03-24,33.45,33.6,32.84,32.84,4696000
2011-03-25,33.11,33.15,32.62,32.65,4297000
2011-03-28,32.69,32.92,32.62,32.62,2516000
2011-03-29,32.62,32.88,32.46,32.46,2510000
2011-03-30,32.84,32.88,32.5,32.5,3296000
2011-03-31,32.65,32.92,32.5,32.88,4894000
2011-04-01,33.03,33.11,32.73,33.07,1808000
2011-04-06,33.41,33.91,33.26,33.83,3598000
2011-04-07,33.83,33.83,33.19,33.49,2637000
2011-04-08,33.6,33.6,32.84,33.34,4190000
2011-04-11,33.34,33.34,32.62,32.69,5080
2011-04-12,32.65,32.92,32.58,32.69,4220000
2011-04-13,32.84,32.92,32.58,32.81,1467000
2011-04-14,32.69,32.73,31.93,32.28,5074
2011-04-15,32.43,32.58,32.16,32.2,3954000
2011-04-18,32.2,32.54,32.05,32.16,2263000
2011-04-19,31.82,31.97,30.95,31.36,5694
2011-04-20,31.71,32.28,31.44,32.28,2820000
2011-04-21,32.65,33.15,32.65,32.88,2961000
2011-04-22,32.65,33.03,32.65,32.73,1748000
2011-04-25,33.03,33.6,32.88,33.38,3140000
2011-04-26,33.22,33.64,33.03,33.6,2241000
2011-04-27,33.79,34.44,33.72,34.21,5055
2011-04-28,34.36,34.4,33.57,33.57,3896000
2011-04-29,33.98,33.98,33.15,33.22,2040000
2011-05-03,33.68,33.98,33.22,33.98,2092000
2011-05-04,34.14,34.14,33.41,33.68,1946000
2011-05-05,33.68,34.17,33.53,34.06,2010000
2011-05-06,34.06,34.06,33.6,33.79,1678000
2011-05-09,33.83,34.4,33.76,33.95,3321000
2011-05-10,33.98,33.98,33.49,33.49,940000
2011-05-11,33.79,33.83,33.49,33.76,1242000
2011-05-12,33.41,33.95,33.41,33.76,983000
2011-05-13,33.79,34.97,33.79,34.9,5115
2011-05-16,34.93,35.08,34.36,34.63,3017000
2011-05-17,34.86,35.46,34.4,35.46,5577
2011-05-18,35.46,35.54,34.71,34.93,3237000
2011-05-19,34.97,35.24,34.48,34.48,2973000
2011-05-20,34.48,34.55,33.45,33.49,3355000
2011-05-23,33.26,33.6,33.22,33.38,1607000
2011-05-24,33.38,35.16,33.38,35.12,4792000
2011-05-25,35.31,36.26,35.31,35.31,13487
2011-05-26,35.88,36.26,35.31,35.31,6698
2011-05-27,35.77,36.64,35.54,36.15,11063
2011-05-30,36.57,37.36,36.26,36.95,9511
2011-05-31,37.33,37.36,36.68,37.21,7255
2011-06-01,37.21,38.35,37.21,37.29,8163
2011-06-02,37.4,37.82,37.02,37.21,5338
2011-06-03,37.59,37.78,37.06,37.06,3234000
2011-06-07,37.48,37.48,36.91,37.06,2621000
2011-06-08,36.68,37.21,36.68,36.72,3259000
2011-06-09,36.72,37.02,36.45,36.83,2256000
2011-06-10,37.17,37.59,35.88,35.88,5545
2011-06-13,35.35,36.15,35.35,35.54,2898000
2011-06-14,36.11,36.15,35.73,36.07,1780000
2011-06-15,36.19,36.91,35.92,36.91,3535000
2011-06-16,36.45,36.68,35.65,35.65,5016
2011-06-17,36.34,36.38,35.69,35.84,2035000
2011-06-20,36.03,36.64,35.5,35.58,3349000
2011-06-21,35.96,36.03,33.79,34.67,7266
2011-06-22,35.01,35.2,34.36,34.55,5086
2011-06-23,34.55,35.08,34.4,34.59,1834000
2011-06-24,34.59,35.2,34.44,35.08,2934000
2011-06-27,34.63,35.24,34.52,35.2,1497000
2011-06-28,35.92,35.92,34.93,34.93,2714000
2011-06-29,35.31,35.43,35.05,35.2,2504000
2011-06-30,35.31,35.5,34.63,35.12,2653000
2011-07-01,35.27,35.88,35.12,35.5,3491000
2011-07-04,36.03,36.15,35.73,35.73,3811000
2011-07-05,35.73,36.15,35.69,36.07,2369000
2011-07-06,36.07,36.22,35.77,36.07,2715000
2011-07-07,36.26,36.3,35.92,36.26,1996000
2011-07-08,36.26,36.45,36.0,36.15,2962000
2011-07-11,36.15,36.15,35.35,35.35,2458000
2011-07-12,34.78,34.78,33.79,33.83,5516
2011-07-13,33.83,34.14,33.07,33.38,6846
2011-07-14,33.54,33.94,32.32,33.38,8276
2011-07-15,33.42,34.31,33.42,33.94,2386000
2011-07-18,33.82,34.07,33.42,33.74,1267000
2011-07-19,33.74,33.82,32.36,32.36,6734
2011-07-20,32.97,33.58,32.68,33.17,6161
2011-07-21,33.33,34.35,33.25,33.86,5644
2011-07-22,34.35,34.35,33.33,33.78,2493000
2011-07-25,33.74,34.47,33.09,33.29,3986000
2011-07-26,33.33,33.9,33.33,33.78,2802000
2011-07-27,33.94,34.27,33.9,34.19,2839000
2011-07-28,33.9,34.11,33.78,33.99,2922000
2011-07-29,34.15,34.15,31.87,32.81,7264
2011-08-01,33.21,33.5,32.85,33.13,2842000
2011-08-02,33.05,33.21,32.73,32.77,1108000
2011-08-03,32.32,32.56,31.95,32.2,2261000
2011-08-04,32.4,32.48,30.61,30.69,4937000
2011-08-05,28.58,28.99,28.58,28.58,10892
2011-08-08,27.64,28.21,26.59,26.63,10014
2011-08-09,24.8,27.52,24.8,26.67,10991
2011-08-10,28.42,28.42,27.07,27.24,8466
2011-08-11,26.14,28.66,25.81,28.66,6783
2011-08-12,29.47,29.47,28.09,28.13,4884000
2011-08-15,28.29,28.74,28.17,28.42,2875000
2011-08-16,28.99,28.99,28.33,28.46,2008000
2011-08-17,28.46,28.5,28.09,28.09,1419000
2011-08-18,28.09,28.09,26.46,26.46,4724000
2011-08-19,24.8,25.94,24.8,25.16,4160000
2011-08-22,25.2,25.98,25.04,25.61,3427000
2011-08-23,26.02,26.71,25.81,26.71,2506000
2011-08-24,26.75,28.38,26.14,27.85,7295
2011-08-25,28.01,28.01,26.42,26.42,5565
2011-08-26,26.46,27.16,26.34,26.99,4318000
2011-08-29,27.07,28.01,27.07,27.64,3823000
2011-08-30,28.21,29.19,28.05,28.94,7162
2011-08-31,29.47,30.94,29.43,30.9,11497
2011-09-01,31.06,31.71,29.88,29.96,7690
2011-09-02,30.0,30.86,30.0,30.12,5183
2011-09-05,29.27,29.43,28.66,28.94,5850
2011-09-06,28.86,29.23,28.46,28.54,5480
2011-09-07,29.23,30.53,29.11,30.53,9115
2011-09-08,31.26,31.26,30.25,30.29,5876
2011-09-09,30.29,31.06,30.0,30.37,5792
2011-09-13,30.08,30.29,29.47,29.68,4978000
2011-09-14,30.2,30.61,29.19,29.84,6709
2011-09-15,31.59,31.59,30.41,30.81,8364
2011-09-16,30.9,31.22,30.41,30.94,7353
2011-09-19,30.73,31.26,30.65,30.69,4632000
2011-09-20,30.9,31.1,29.64,30.25,8047
2011-09-21,30.45,30.69,30.2,30.29,5594
2011-09-22,29.43,30.2,29.43,30.0,3499000
2011-09-23,29.27,29.27,28.13,28.13,7269
2011-09-26,28.05,28.05,27.89,27.89,2017000
2011-09-27,29.59,29.59,28.46,28.94,6145
2011-09-28,29.27,29.31,28.13,28.33,5491
2011-09-29,28.25,28.7,27.68,28.38,4023000
2011-09-30,28.58,29.68,28.58,29.07,6711
2011-10-03,28.66,28.66,28.25,28.29,2931000
2011-10-04,27.85,28.86,27.85,28.86,4544000
2011-10-05,29.07,29.27,28.58,28.74,4915000
2011-10-06,29.15,29.39,28.29,28.33,6131
2011-10-07,28.46,28.46,28.05,28.05,1709000
2011-10-11,28.86,29.72,28.62,29.68,8289
2011-10-12,29.68,30.69,29.39,30.2,8070
2011-10-13,30.41,30.73,30.0,30.45,7147
2011-10-14,30.45,31.02,30.29,30.9,6101
2011-10-17,31.51,31.59,30.94,31.26,6498
2011-10-18,30.53,31.1,30.45,30.57,4928000
2011-10-19,30.9,31.18,30.2,30.2,3994000
2011-10-20,30.49,30.57,29.19,29.27,5968
2011-10-21,29.27,29.8,29.07,29.72,2298000
2011-10-24,30.29,30.86,29.76,30.86,5842
2011-10-25,30.86,30.86,30.0,30.08,3465000
2011-10-26,29.68,30.29,29.68,30.25,1706000
2011-10-27,30.25,30.25,29.92,29.96,1608000
2011-10-28,30.49,30.65,30.12,30.37,6025
2011-10-31,30.49,30.69,30.29,30.29,1903000
2011-11-01,30.41,31.26,30.37,30.94,5246
2011-11-02,30.69,32.24,30.61,31.87,12212
2011-11-03,31.87,32.36,31.38,31.38,11661
2011-11-04,32.28,33.5,32.12,33.29,11646
2011-11-07,33.05,33.13,32.64,32.93,5347
2011-11-08,32.73,33.17,31.95,32.12,5640
2011-11-09,32.32,32.52,31.59,31.59,3728000
2011-11-10,30.57,31.06,30.12,30.2,5679
2011-11-11,30.49,32.12,30.2,32.07,5178
2011-11-14,32.73,32.89,32.2,32.24,6814
2011-11-15,32.32,32.73,32.12,32.16,5555
2011-11-16,32.24,32.73,31.1,31.3,4850000
2011-11-17,31.3,31.99,31.1,31.99,3371000
2011-11-18,31.79,32.12,31.34,31.34,4826000
2011-11-21,31.3,31.55,30.61,30.77,3928000
2011-11-22,31.51,31.51,30.65,30.77,3038000
2011-11-23,30.77,30.77,28.66,28.86,5136
2011-11-24,28.46,29.55,28.05,28.94,4146000
2011-11-25,29.35,29.51,27.68,27.97,5152
2011-11-28,28.78,29.92,28.7,29.92,4784000
2011-11-29,30.08,31.14,30.08,31.1,6097
2011-11-30,31.22,31.22,29.8,29.8,6256
2011-12-01,31.71,31.83,31.22,31.83,5388
2011-12-02,31.71,31.79,31.3,31.67,2253000
2011-12-05,31.71,32.36,31.3,31.3,3438000
2011-12-06,31.34,31.42,30.53,30.53,2412000
2011-12-07,30.9,31.1,30.33,31.1,3513000
2011-12-08,30.98,30.98,29.72,29.92,3414000
2011-12-09,29.19,30.2,28.9,29.64,2874000
2011-12-12,30.41,30.41,29.72,30.12,1830000
2011-12-13,29.8,30.0,29.55,29.84,1848000
2011-12-14,30.08,30.08,29.47,29.84,2671000
2011-12-15,29.51,29.64,29.23,29.27,2039000
2011-12-16,29.15,29.47,28.9,28.9,2115000
2011-12-19,28.46,28.74,28.29,28.38,2415000
2011-12-20,28.46,28.99,27.52,27.85,4188000
2011-12-21,29.51,29.76,28.86,29.76,3464000
2011-12-22,30.08,30.2,29.59,29.88,2122000
2011-12-23,30.49,30.9,30.2,30.81,3069000
2011-12-26,30.61,30.77,30.2,30.41,2028000
2011-12-27,30.61,30.69,30.25,30.61,1434000
2011-12-28,30.45,30.69,30.29,30.49,1148000
2011-12-29,30.49,30.77,30.2,30.73,1606000
2011-12-30,30.94,31.14,30.77,30.86,2617000
2012-01-02,30.86,30.86,30.86,30.86,0
2012-01-03,30.86,30.86,30.86,30.86,0
2012-01-04,30.86,30.86,30.86,30.86,0
2012-01-05,30.86,30.86,30.86,30.86,0
2012-01-06,31.71,31.91,31.34,31.59,2053000
2012-01-09,31.34,31.79,30.94,31.34,2163000
2012-01-10,31.67,32.64,31.67,32.24,6244
2012-01-11,32.44,33.86,32.44,33.74,10217
2012-01-12,33.9,35.2,33.9,34.55,10855
2012-01-13,35.16,35.2,33.99,34.35,4665000
2012-01-16,34.76,34.76,33.74,34.11,3355000
2012-01-17,34.39,36.42,34.31,35.53,6319
2012-01-18,35.16,35.98,34.72,34.96,4104000
2012-01-30,36.18,36.34,34.84,34.96,5549
2012-01-31,34.96,35.77,33.78,34.19,6427
2012-02-01,34.6,36.18,34.31,36.14,8222
2012-02-02,37.36,38.66,37.36,38.38,11826
2012-02-03,38.21,38.29,37.07,37.48,5409
2012-02-06,36.83,37.97,36.59,36.59,5358
2012-02-07,36.59,37.44,36.59,36.71,4555000
2012-02-08,37.36,37.36,36.71,37.12,6831
2012-02-09,37.2,38.01,36.59,37.44,10215
2012-02-10,36.95,36.99,34.84,34.84,16681
2012-02-13,34.88,35.65,34.03,35.37,11782
2012-02-14,35.81,35.94,34.39,34.64,7001
2012-02-15,35.16,36.79,34.88,36.38,12386
2012-02-16,36.38,36.67,34.96,35.0,6564
2012-02-17,35.77,35.98,35.0,35.16,4718000
2012-02-20,35.37,36.02,35.0,35.77,3923000
2012-02-21,35.77,35.77,35.04,35.2,7030
2012-02-22,35.04,36.42,35.04,35.98,7152
2012-02-23,35.98,36.02,35.37,35.37,4036000
2012-02-24,35.61,35.98,35.37,35.37,3544000
2012-02-29,35.98,36.34,35.69,35.77,4695000
2012-03-01,36.18,37.56,36.06,37.07,9333
2012-03-02,37.32,37.4,36.75,36.87,7334
2012-03-05,36.59,36.87,36.18,36.18,2550000
2012-03-06,36.55,36.55,35.16,35.57,3928000
2012-03-07,34.96,36.14,34.88,35.57,2858000
2012-03-08,36.1,36.55,35.41,36.26,3101000
2012-03-09,36.26,37.36,36.02,36.83,4928000
2012-03-12,36.83,37.03,36.1,36.18,1585000
2012-03-13,36.79,36.87,36.18,36.38,1628000
2012-03-14,37.28,37.93,36.79,37.36,11004
2012-03-15,37.4,37.93,37.24,37.77,6300
2012-03-16,37.81,38.13,37.12,37.12,5436
2012-03-19,37.6,37.73,37.12,37.6,2323000
2012-03-20,37.81,38.21,37.28,37.52,4450000
2012-03-21,37.89,38.13,36.99,37.28,6093
2012-03-22,37.6,38.05,37.32,37.6,4484000
2012-03-23,37.73,37.73,37.32,37.64,2315000
2012-03-26,37.64,37.64,37.03,37.28,2241000
2012-03-27,37.28,37.4,36.38,36.59,3205000
2012-03-28,36.75,36.99,36.59,36.87,2629000
2012-03-29,36.34,36.67,35.33,35.77,5014
2012-03-30,36.1,36.55,35.53,36.55,2848000
2012-04-02,36.55,36.99,35.98,36.55,1965000
2012-04-03,36.79,36.99,36.18,36.38,1837000
2012-04-05,34.68,35.49,33.99,35.16,2877000
2012-04-06,35.16,36.59,34.76,36.59,3279000
2012-04-09,35.41,36.06,35.37,35.86,2132000
2012-04-10,36.18,36.63,36.06,36.26,2725000
2012-04-11,35.94,36.67,35.77,36.59,2653000
2012-04-12,36.26,36.59,35.9,36.59,1954000
2012-04-13,36.79,37.56,36.79,37.03,4634000
2012-04-16,36.59,36.79,36.38,36.38,1783000
2012-04-17,36.59,36.79,35.81,35.86,2261000
2012-04-18,36.51,36.51,35.45,35.57,2728000
2012-04-19,35.77,35.77,34.55,35.77,3280000
2012-04-20,35.53,35.77,35.25,35.37,2217000
2012-04-23,35.37,35.57,34.8,35.57,1883000
2012-04-24,35.29,35.45,34.55,34.64,2757000
2012-04-25,34.64,35.16,34.64,34.64,2546000
2012-04-26,34.96,35.9,34.88,35.73,3891000
2012-04-27,35.77,35.94,35.08,35.77,2010000
2012-04-30,35.77,36.26,35.53,35.98,1572000
2012-05-02,36.34,37.2,36.06,36.87,3392000
2012-05-03,37.12,37.64,36.87,36.99,2048000
2012-05-04,36.99,37.48,36.63,36.79,2154000
2012-05-07,36.1,36.38,35.94,36.1,3134000
2012-05-08,36.42,37.2,36.34,36.71,1996000
2012-05-09,36.55,37.2,36.26,37.03,2535000
2012-05-10,36.99,37.12,35.61,35.77,2043000
2012-05-11,35.77,35.94,35.25,35.57,2088000
2012-05-14,35.57,35.98,35.45,35.65,1192000
2012-05-15,35.65,35.94,35.41,35.69,1416000
2012-05-16,35.69,35.73,34.35,34.39,3062000
2012-05-17,34.55,35.12,34.51,35.12,2098000
2012-05-18,34.96,35.29,34.31,34.35,2695000
2012-05-21,35.12,35.53,34.88,35.16,1973000
2012-05-22,35.69,35.69,35.25,35.53,1325000
2012-05-23,35.16,36.3,35.08,36.26,3938000
2012-05-24,36.34,36.59,35.65,35.77,2353000
2012-05-25,35.98,36.02,35.16,35.69,1982000
2012-05-28,35.37,36.14,35.25,36.14,1917000
2012-05-29,36.18,36.55,36.14,36.38,4009000
2012-05-30,36.38,36.83,36.18,36.51,3970000
2012-05-31,36.18,36.38,35.49,36.02,5446
2012-06-01,35.29,35.69,35.16,35.16,3140000
2012-06-04,34.15,35.49,33.17,35.49,3466000
2012-06-05,35.57,35.94,34.88,34.88,3268000
2012-06-06,35.33,35.77,35.08,35.41,1266000
2012-06-07,35.81,35.81,35.04,35.37,1730000
2012-06-08,35.16,35.45,34.76,35.37,1887000
2012-06-11,35.77,36.02,35.25,35.57,2475000
2012-06-12,35.08,35.29,34.8,34.96,1791000
2012-06-13,35.25,35.29,35.0,35.04,1603000
2012-06-14,35.33,35.98,35.16,35.2,2726000
2012-06-15,35.41,35.98,35.41,35.81,1866000
2012-06-18,36.59,37.07,36.38,36.38,3443000
2012-06-19,36.55,37.4,36.06,37.4,3713000
2012-06-20,37.36,37.36,36.83,36.99,3037000
2012-06-21,36.75,37.4,36.42,36.59,2705000
2012-06-22,36.18,36.47,36.18,36.38,1419000
2012-06-25,36.59,36.99,36.59,36.79,3588000
2012-06-26,36.59,36.83,36.34,36.59,1482000
2012-06-27,36.71,36.83,36.38,36.59,2430000
2012-06-28,37.2,37.2,36.59,36.79,2137000
2012-06-29,36.63,37.2,36.63,37.16,1390000
2012-07-02,37.2,38.5,37.2,38.01,4683000
2012-07-03,38.42,38.74,38.09,38.62,3903000
2012-07-04,38.62,38.78,38.42,38.74,2226000
2012-07-05,38.74,38.78,38.42,38.62,1848000
2012-07-06,38.62,38.66,36.99,36.99,2248000
2012-07-09,36.99,37.93,36.99,37.4,2529000
2012-07-10,37.6,37.73,36.59,36.99,4041000
2012-07-11,36.82,37.34,36.56,36.91,3402000
2012-07-12,37.21,37.25,35.79,35.79,3403000
2012-07-13,35.54,36.14,34.51,35.11,4800000
2012-07-16,35.54,35.62,35.32,35.32,1050000
2012-07-17,34.47,35.32,34.25,34.98,2182000
2012-07-18,35.24,35.37,34.94,35.11,2322000
2012-07-19,35.49,35.62,35.15,35.41,1444000
2012-07-20,35.84,36.18,35.58,36.18,1458000
2012-07-23,35.75,35.75,35.02,35.24,2568000
2012-07-24,34.85,35.45,34.72,35.32,1618000
2012-07-25,35.11,35.62,34.94,35.54,1414000
2012-07-26,35.32,35.58,35.02,35.32,1320000
2012-07-27,35.84,36.48,35.41,36.31,3764000
2012-07-30,36.82,37.04,36.52,36.82,1910000
2012-07-31,36.82,37.64,36.44,37.51,2294000
2012-08-01,37.68,37.68,37.25,37.51,955000
2012-08-02,37.51,37.51,37.51,37.51,0
2012-08-03,37.08,37.51,36.74,36.86,1358000
2012-08-06,37.59,37.64,36.22,36.78,2329000
2012-08-07,37.21,37.46,36.95,36.95,1456000
2012-08-08,38.11,39.52,37.98,39.26,9233
2012-08-09,39.39,40.68,39.39,39.82,9274
2012-08-10,39.82,39.9,38.96,39.09,3878000
2012-08-13,39.82,39.99,39.01,39.05,3010000
2012-08-14,39.39,39.69,39.01,39.05,2991000
2012-08-15,39.22,39.26,38.83,39.09,2735000
2012-08-16,39.65,40.03,39.35,39.65,4436000
2012-08-17,39.9,40.29,39.56,39.78,4320000
2012-08-20,40.25,40.38,39.52,39.65,4056000
2012-08-21,39.82,40.03,39.56,39.82,3842000
2012-08-22,39.82,40.2,39.73,40.12,2644000
2012-08-23,40.38,41.57,40.25,41.15,9406
2012-08-24,41.15,41.75,41.1,41.32,5144
2012-08-27,41.32,41.53,40.72,40.89,1446000
2012-08-28,40.89,40.89,39.6,39.6,2225000
2012-08-29,39.82,40.76,39.82,40.76,3052000
2012-08-30,40.68,40.98,40.38,40.89,3240000
2012-08-31,41.1,41.66,40.89,41.32,5493
2012-09-03,41.32,41.66,41.27,41.53,4769000
2012-09-04,41.53,42.13,40.98,42.05,5846
2012-09-05,41.96,42.13,41.49,42.13,4973000
2012-09-06,41.75,42.0,41.57,41.66,5367
2012-09-07,42.17,43.46,42.17,42.82,8266
2012-09-10,41.96,42.82,41.49,42.82,7765
2012-09-11,42.17,43.67,42.17,43.03,5887
2012-09-12,43.67,46.03,43.46,45.39,14624
2012-09-13,45.39,45.39,44.1,44.31,4766000
2012-09-14,45.17,45.6,44.1,44.53,4081000
2012-09-17,44.53,44.74,43.46,43.46,3697000
2012-09-18,43.24,44.53,43.03,43.03,4350000
2012-09-19,43.67,44.53,43.03,44.53,4975000
2012-09-20,44.74,44.96,43.24,43.67,4835000
2012-09-21,44.31,44.53,43.67,43.89,4767000
2012-09-24,44.96,46.67,44.96,46.67,14093
2012-09-25,46.67,46.67,45.17,45.6,4959000
2012-09-26,45.6,45.81,44.1,44.31,5952
2012-09-27,44.96,45.39,43.89,44.1,5044
2012-09-28,44.74,45.6,44.31,45.39,6206
2012-10-01,44.96,46.03,44.31,44.53,4331000
2012-10-02,44.96,45.17,44.53,44.96,2262000
2012-10-03,44.96,45.17,44.31,44.31,3097000
2012-10-04,44.1,44.53,43.46,43.89,2619000
2012-10-05,44.53,44.74,43.89,44.31,2751000
2012-10-08,45.17,45.81,44.74,45.39,11489
2012-10-09,45.81,46.03,44.96,45.39,5637
2012-10-11,44.96,45.17,42.82,44.96,5370
2012-10-12,44.53,44.96,43.89,44.53,3638000
2012-10-15,44.96,44.96,44.1,44.53,2498000
2012-10-16,44.96,45.17,44.31,44.74,4068000
2012-10-17,45.17,46.46,45.17,45.17,7208
2012-10-18,45.39,45.39,44.74,45.39,2371000
2012-10-19,45.6,45.6,44.74,45.39,2454000
2012-10-22,44.53,45.17,43.67,44.96,3720000
2012-10-23,44.74,44.96,44.31,44.74,1573000
2012-10-24,44.74,47.74,44.31,47.31,13455
2012-10-25,47.31,47.53,46.24,47.1,7455
2012-10-26,47.31,47.31,45.39,45.6,5029
2012-10-29,46.46,47.1,45.81,46.46,4870000
2012-10-30,46.67,47.53,46.03,47.53,7301
2012-10-31,47.74,47.74,46.67,47.1,6940
2012-11-01,47.1,50.31,46.88,49.02,9294
2012-11-02,49.24,50.74,49.02,49.24,5796
2012-11-05,48.81,50.74,48.17,48.81,3590000
2012-11-06,49.45,49.67,47.53,49.24,4896000
2012-11-07,49.24,49.45,47.53,47.95,6106
2012-11-08,47.31,47.74,46.67,47.74,5794
2012-11-09,47.53,48.6,47.1,48.38,4386000
2012-11-12,48.38,48.6,47.74,48.38,2800000
2012-11-13,48.6,48.6,47.53,47.95,2616000
2012-11-14,47.95,48.17,47.31,47.74,1517000
2012-11-15,47.53,47.95,46.88,47.53,1835000
2012-11-16,46.88,47.74,45.39,45.6,5229
2012-11-19,45.6,47.74,45.39,46.46,3564000
2012-11-20,47.53,47.53,46.24,47.1,1991000
2012-11-21,47.53,47.53,46.46,46.88,1980000
2012-11-22,47.53,47.53,46.03,47.1,3616000
2012-11-23,47.53,49.67,47.53,49.24,8320
2012-11-26,49.45,49.88,48.6,49.24,3486000
2012-11-27,49.24,49.45,48.6,49.02,3063000
2012-11-28,48.6,50.09,48.6,49.24,4236000
2012-11-29,49.67,50.31,49.24,49.24,4007000
2012-11-30,50.09,50.74,49.88,50.09,5412
2012-12-03,50.09,50.74,49.88,49.88,2396000
2012-12-04,49.88,50.74,49.88,50.74,3901000
2012-12-05,50.31,52.66,50.31,52.24,4045000
2012-12-06,52.45,53.73,52.02,52.66,4372000
2012-12-07,52.02,52.88,51.38,52.66,2763000
2012-12-10,53.09,53.09,50.95,51.38,2298000
2012-12-11,51.81,51.81,50.31,51.17,2035000
2012-12-12,52.02,52.02,51.17,51.81,2884000
2012-12-13,51.81,52.02,51.59,51.81,2033000
2012-12-14,51.81,51.81,50.74,51.17,1408000
2012-12-17,51.17,51.17,50.09,50.74,1400000
2012-12-18,50.74,50.95,49.67,50.31,1899000
2012-12-19,50.31,50.52,49.67,50.09,1860000
2012-12-20,49.45,49.67,47.95,49.45,4499000
2012-12-21,49.02,49.67,48.38,48.38,2300000
2012-12-24,50.74,50.74,49.24,49.45,699000
2012-12-25,49.45,50.09,49.02,50.09,994000
2012-12-26,50.31,50.52,49.88,50.52,1280000
2012-12-27,50.52,50.52,49.88,50.31,2013000
2012-12-28,50.74,50.74,49.02,50.31,5019
2013-01-02,50.74,51.81,50.09,51.38,2714000
2013-01-03,52.24,52.66,51.81,51.81,4420000
2013-01-04,52.02,52.02,50.74,51.17,2434000
2013-01-07,50.74,50.95,49.88,49.88,2141000
2013-01-08,49.88,49.88,49.02,49.88,2292000
2013-01-09,49.67,50.31,49.45,49.88,1564000
2013-01-10,50.09,50.95,50.09,50.95,2425000
2013-01-11,50.74,51.17,50.09,50.52,1199000
2013-01-14,50.09,50.09,48.81,49.67,1983000
2013-01-15,49.02,49.45,46.24,46.67,7500
2013-01-16,46.24,47.74,44.74,47.53,8338
2013-01-17,47.31,47.74,46.24,46.46,2575000
2013-01-18,47.31,48.81,47.1,47.95,4607000
2013-01-21,48.38,49.24,48.17,49.02,2116000
2013-01-22,48.81,49.67,48.6,49.67,1496000
2013-01-23,49.02,49.67,48.17,48.17,2184000
2013-01-24,48.17,48.81,47.74,48.38,1518000
2013-01-25,48.81,48.81,47.95,48.38,1229000
2013-01-28,48.38,49.88,48.38,49.88,1555000
2013-01-29,50.09,50.95,49.88,50.52,2285000
2013-01-30,50.95,51.38,50.74,50.95,1622000
2013-01-31,51.17,51.17,50.09,50.31,1665000
2013-02-01,50.95,51.17,49.45,49.67,3168000
2013-02-04,50.09,50.09,49.02,49.67,2291000
2013-02-05,49.45,50.74,49.02,50.74,2589000
2013-02-06,50.95,50.95,49.88,50.31,3737000
2013-02-18,51.38,51.38,50.74,51.38,2575000
2013-02-19,51.59,53.95,51.17,52.66,4234000
2013-02-20,53.52,54.59,52.66,54.59,5055
2013-02-21,54.8,54.8,53.31,54.38,4784000
2013-02-22,54.59,54.59,53.52,53.95,2785000
2013-02-25,53.31,53.31,52.24,52.24,4397000
2013-02-26,51.38,52.88,51.38,51.38,3029000
2013-02-27,52.66,54.8,52.45,53.09,7656
2013-03-01,53.09,54.16,52.88,53.31,4492000
2013-03-04,52.88,53.73,52.88,53.73,3112000
2013-03-05,53.73,57.16,53.73,56.09,5851
2013-03-06,56.52,58.44,56.3,57.8,7351
2013-03-07,56.09,57.16,56.09,56.09,6874
2013-03-08,55.66,55.88,54.8,54.8,6977
2013-03-11,54.38,55.45,54.38,54.38,7603
2013-03-12,54.38,56.09,54.16,55.02,10146
2013-03-13,55.45,56.09,55.45,55.88,3706000
2013-03-14,55.66,56.09,53.95,56.09,2857000
2013-03-15,56.52,57.16,55.88,56.73,4261000
2013-03-18,56.3,56.3,54.59,54.59,2358000
2013-03-19,55.23,55.45,54.8,54.8,2384000
2013-03-20,54.59,55.02,53.09,53.73,2786000
2013-03-21,54.38,55.66,54.38,55.45,2610000
2013-03-22,54.59,55.66,53.52,55.45,3508000
2013-03-25,55.45,56.09,55.02,55.88,1228000
2013-03-26,56.09,56.09,55.23,55.23,1529000
2013-03-27,55.88,56.52,55.45,55.45,1178000
2013-03-28,55.23,56.09,55.23,55.88,1541000
2013-03-29,55.88,56.09,55.02,55.45,1288000
2013-04-01,55.66,56.3,55.45,56.09,1563000
2013-04-02,56.09,57.59,55.88,57.59,2272000
2013-04-03,57.59,59.51,57.37,59.09,5577
2013-04-08,57.37,58.23,55.66,56.73,2868000
2013-04-09,56.95,57.16,55.02,55.45,1919000
2013-04-10,56.52,56.52,53.95,54.59,4814000
2013-04-11,55.66,58.02,55.45,57.37,5599
2013-04-12,56.73,58.02,56.52,57.8,2621000
2013-04-15,57.8,57.8,56.95,57.37,2319000
2013-04-16,55.88,58.44,55.88,58.44,5015
2013-04-17,58.66,58.87,57.8,58.02,3305000
2013-04-18,57.8,58.66,57.16,58.23,2705000
2013-04-19,58.44,60.58,58.23,59.94,4729000
2013-04-22,60.37,61.01,59.94,60.58,2916000
2013-04-23,59.94,60.58,59.3,59.94,1764000
2013-04-24,59.94,62.73,59.94,61.87,3910000
2013-04-25,61.87,61.87,60.8,61.66,2380000
2013-04-26,61.66,62.3,60.37,60.8,2957000
2013-04-29,61.66,61.66,59.94,60.37,1261000
2013-04-30,61.66,63.8,61.44,61.66,4332000
2013-05-02,62.08,64.65,62.08,64.22,4774000
2013-05-03,64.22,65.51,64.01,65.51,3800000
2013-05-06,65.72,66.37,65.08,65.94,1987000
2013-05-07,66.37,67.65,65.51,67.01,3690000
2013-05-08,66.37,66.37,65.29,66.37,2730000
2013-05-09,64.22,64.65,62.08,62.51,7199
2013-05-10,62.51,64.65,60.37,60.58,10754
2013-05-13,60.58,62.3,60.58,61.66,3589000
2013-05-14,62.08,62.3,60.37,61.01,3785000
2013-05-15,61.01,61.66,60.37,60.8,5308
2013-05-16,61.23,64.44,61.23,63.15,6102
2013-05-17,63.15,64.87,63.15,64.01,3866000
2013-05-20,64.87,65.29,62.73,62.94,2706000
2013-05-21,62.51,63.8,62.51,63.37,3533000
2013-05-22,63.8,64.01,62.08,63.15,3975000
2013-05-23,62.08,62.94,61.44,61.66,4509000
2013-05-24,61.87,62.3,60.58,60.58,4740000
2013-05-27,60.58,62.3,60.37,61.66,3429000
2013-05-28,61.23,63.8,61.23,63.15,3954000
2013-05-29,63.8,63.8,63.15,63.37,2943000
2013-05-30,62.73,63.37,62.51,63.37,1740000
2013-05-31,64.01,65.29,63.37,65.29,4849000
2013-06-03,64.22,65.29,63.58,65.08,2589000
2013-06-04,65.51,65.51,62.73,63.8,3883000
2013-06-05,63.15,63.8,62.94,62.94,2224000
2013-06-06,62.51,62.73,60.37,60.8,3577000
2013-06-07,62.08,62.51,61.23,61.44,4431000
2013-06-10,61.87,62.73,61.66,62.08,2174000
2013-06-11,61.23,61.66,60.37,60.58,2582000
2013-06-13,59.94,61.23,58.02,59.51,4479000
2013-06-14,59.94,60.16,57.8,57.8,2753000
2013-06-17,58.66,59.73,58.02,59.09,2890000
2013-06-18,59.09,59.3,58.02,58.87,2984000
2013-06-19,59.51,60.8,59.3,59.94,3092000
2013-06-20,59.09,60.37,58.66,58.66,3628000
2013-06-21,57.8,57.8,54.59,55.23,11573
2013-06-24,54.8,56.3,54.8,55.66,6022
2013-06-25,55.66,57.16,53.52,55.23,4738000
2013-06-26,56.3,57.37,55.23,55.88,5471
2013-06-27,57.37,59.73,56.52,59.73,5192
2013-06-28,61.01,62.3,60.16,62.3,6679
2013-07-01,62.08,63.15,60.8,62.08,3811000
2013-07-02,62.51,62.73,61.23,61.66,2919000
2013-07-03,61.66,62.3,60.8,60.8,1341000
2013-07-04,61.66,61.66,57.37,59.09,4480000
2013-07-05,59.51,62.08,58.66,61.87,2782000
2013-07-08,61.44,61.44,58.44,60.16,3289000
2013-07-09,59.09,59.09,56.3,56.95,8646
2013-07-10,56.3,56.73,53.52,55.88,15214
2013-07-11,56.95,57.8,55.88,57.16,6574
2013-07-12,57.16,57.16,55.23,56.52,6054
2013-07-15,56.52,57.16,55.45,56.52,5314
2013-07-16,55.88,56.3,54.59,56.09,10927
2013-07-17,55.23,55.45,52.45,52.88,15987
2013-07-18,51.38,52.66,50.31,52.24,14601
2013-07-19,51.81,53.73,51.59,52.45,14681
2013-07-22,52.88,53.31,51.59,52.66,5991
2013-07-23,52.88,54.8,52.88,54.59,5814
2013-07-24,54.59,54.8,53.95,54.38,2047000
2013-07-25,54.38,55.66,53.73,55.66,2689000
2013-07-26,56.09,56.09,54.59,55.88,3821000
2013-07-29,56.09,56.52,55.45,56.09,4324000
2013-07-30,55.66,56.3,54.8,56.09,3483000
2013-07-31,56.09,56.73,55.23,56.73,2110000
2013-08-01,56.95,56.95,55.02,56.09,3313000
2013-08-02,56.09,56.73,55.88,56.3,1700000
2013-08-05,55.66,55.66,52.88,54.38,5218
2013-08-06,54.38,54.38,52.88,53.31,4823000
2013-08-07,52.02,52.45,49.67,49.67,5547
2013-08-08,48.17,50.31,46.67,49.88,12571
2013-08-09,49.02,50.09,48.6,49.88,4961000
2013-08-12,49.88,50.09,47.95,49.02,2215000
2013-08-13,49.24,52.45,49.24,52.45,4380000
2013-08-14,52.66,53.09,51.59,52.45,4125000
2013-08-15,52.04,52.27,50.7,50.7,4295000
2013-08-16,49.8,51.82,49.8,51.59,5557
2013-08-19,50.25,51.37,49.35,49.58,4907000
2013-08-20,49.35,50.7,49.35,49.8,4546000
2013-08-22,48.45,48.68,47.33,48.01,6635
2013-08-23,48.9,51.15,48.9,51.15,4665000
2013-08-26,51.15,52.94,51.15,51.37,4322000
2013-08-27,51.82,53.61,51.82,52.27,4563000
2013-08-28,52.04,53.84,51.82,52.94,3973000
2013-08-29,53.16,54.51,53.16,54.51,3936000
2013-08-30,54.96,55.86,54.29,55.86,5569
2013-09-02,55.86,55.86,54.06,54.73,2898000
2013-09-03,55.18,56.98,54.29,55.86,5258
2013-09-04,55.86,56.08,54.73,54.73,2157000
2013-09-05,55.63,58.1,55.18,58.1,5530
2013-09-06,57.88,58.32,56.75,57.43,4397000
2013-09-09,58.32,58.55,57.88,58.32,4051000
2013-09-10,59.22,59.22,56.98,58.77,3308000
2013-09-11,59.0,59.0,56.75,58.32,2367000
2013-09-12,58.32,58.32,55.63,55.63,3495000
2013-09-13,55.86,56.98,55.86,56.3,3426000
2013-09-16,56.53,56.98,55.86,56.3,2657000
2013-09-17,56.75,56.75,55.41,55.63,2025000
2013-09-18,55.86,56.3,55.18,55.41,3150000
2013-09-23,56.08,56.3,55.63,56.08,1964000
2013-09-24,56.53,57.43,56.08,57.43,2771000
2013-09-25,57.2,57.2,56.08,56.53,3014000
2013-09-26,56.98,57.2,54.51,54.73,2697000
2013-09-27,55.18,56.08,54.73,54.96,3304000
2013-09-30,54.06,55.63,54.06,54.96,1504000
2013-10-01,55.63,56.53,55.41,56.3,2046000
2013-10-02,56.3,56.75,54.73,54.96,2865000
2013-10-03,55.41,56.53,54.96,55.86,3980000
2013-10-04,55.86,56.3,54.06,54.29,4101000
2013-10-07,54.06,54.51,52.49,52.72,3053000
2013-10-08,52.94,53.84,51.37,51.59,5046
2013-10-09,51.59,52.49,51.15,51.59,3854000
2013-10-11,52.27,52.49,51.59,52.27,3260000
2013-10-14,52.49,52.49,51.15,52.27,2848000
2013-10-15,52.72,52.72,51.59,52.27,1797000
2013-10-16,52.27,52.27,48.9,49.35,6667
2013-10-17,49.58,50.7,48.9,49.13,5712
2013-10-18,49.35,50.47,48.23,50.25,6136
2013-10-21,50.02,50.7,49.35,50.02,2914000
2013-10-22,50.02,50.25,49.58,49.8,1983000
2013-10-23,50.02,51.59,49.8,51.15,3646000
2013-10-24,50.47,51.15,50.47,51.15,1705000
2013-10-25,51.15,51.59,50.02,50.47,2763000
2013-10-28,50.92,50.92,50.02,50.25,2360000
2013-10-29,50.25,50.7,50.02,50.25,1932000
2013-10-30,50.7,52.94,50.47,52.94,6444
2013-10-31,52.94,53.16,51.82,52.27,5640
2013-11-01,52.94,53.39,52.27,53.39,4824000
2013-11-04,53.61,53.61,52.49,52.94,2547000
2013-11-05,53.39,53.39,51.59,51.59,1986000
2013-11-06,51.59,52.04,49.35,50.02,4566000
2013-11-07,49.35,50.47,48.9,49.8,4361000
2013-11-08,49.8,51.15,49.58,50.47,1897000
2013-11-11,50.25,50.7,49.58,49.58,1072000
2013-11-12,50.02,51.15,49.8,50.47,2939000
2013-11-13,50.25,50.47,49.58,49.58,2021000
2013-11-14,50.25,50.47,49.35,50.02,1520000
2013-11-15,50.25,51.37,50.02,50.25,4707000
2013-11-18,50.47,50.7,48.45,49.13,4357000
2013-11-19,49.13,49.35,48.68,49.13,3600000
2013-11-20,49.35,49.58,48.68,48.68,3726000
2013-11-21,48.45,48.68,48.23,48.45,2261000
2013-11-22,48.45,49.58,48.23,49.58,2827000
2013-11-25,49.8,49.8,48.45,48.68,2021000
2013-11-26,48.68,50.02,48.45,49.58,5041
2013-11-27,49.35,52.94,49.13,52.49,6744
2013-11-28,52.27,53.84,52.04,52.27,9220
2013-11-29,53.16,53.61,52.49,53.61,4534000
2013-12-02,54.06,54.29,53.16,53.39,2225000
2013-12-03,53.61,54.73,53.61,54.06,2154000
2013-12-04,54.06,55.41,53.84,54.96,2691000
2013-12-05,55.18,55.63,53.61,54.06,3405000
2013-12-06,54.51,54.73,54.06,54.73,2270000
2013-12-09,55.41,56.53,55.18,55.86,3359000
2013-12-10,56.08,56.3,54.06,54.73,3747000
2013-12-11,54.73,55.18,53.16,53.61,3130000
2013-12-12,52.94,53.16,51.15,51.15,7466
2013-12-13,51.15,52.94,51.15,52.94,5863
2013-12-16,52.94,53.61,52.49,53.61,2785000
2013-12-17,53.84,53.84,52.94,52.94,1555000
2013-12-18,53.61,54.73,53.16,54.29,3032000
2013-12-19,55.18,55.18,53.39,54.51,3038000
2013-12-20,54.06,54.51,52.94,53.84,3443000
2013-12-23,54.29,54.73,53.39,53.84,2226000
2013-12-24,53.61,54.06,52.94,53.16,1195000
2013-12-25,53.39,54.06,53.16,53.61,1250000
2013-12-26,53.61,53.84,53.39,53.61,874000
2013-12-27,53.84,54.29,53.61,53.84,2287000
2013-12-30,54.06,54.29,53.39,53.84,1349000
2013-12-31,54.29,55.18,54.06,54.73,3509000
2014-01-02,54.96,56.53,54.96,56.3,4679000
2014-01-03,56.08,56.3,54.96,55.41,4494000
2014-01-06,55.41,55.41,53.61,54.29,4614000
2014-01-07,54.73,56.3,54.51,55.86,4763000
2014-01-08,56.3,59.45,56.3,58.32,8709
2014-01-09,58.55,60.57,57.88,58.55,8355
2014-01-10,59.0,59.0,57.2,57.43,3330000
2014-01-13,57.88,59.45,57.88,58.32,4132000
2014-01-14,57.65,58.77,57.2,57.65,2817000
2014-01-15,57.88,58.32,56.53,58.32,6528
2014-01-16,57.43,57.88,55.63,55.63,7239
2014-01-17,55.63,56.53,54.73,54.96,5686
2014-01-20,54.96,55.86,54.29,54.73,4429000
2014-01-21,55.41,56.75,55.18,56.08,4873000
2014-01-22,56.08,57.2,56.08,56.3,4862000
2014-01-23,56.3,56.53,54.73,54.73,4635000
2014-01-24,54.73,55.18,54.06,54.73,3138000
2014-01-27,54.06,54.51,53.39,54.51,4092000
2014-02-05,52.94,54.73,52.72,54.51,6827
2014-02-06,54.29,54.73,53.39,53.84,4918000
2014-02-07,54.51,56.3,54.29,55.63,7000
2014-02-10,56.53,56.75,56.08,56.08,3289000
2014-02-11,56.3,56.98,56.08,56.08,2947000
2014-02-12,56.53,59.45,56.53,58.55,9893
2014-02-13,59.45,60.12,57.43,57.43,7230
2014-02-14,58.32,60.12,58.32,59.67,8863
2014-02-17,60.34,61.02,59.0,60.79,7220
2014-02-18,60.79,61.46,60.12,60.34,5496
2014-02-19,60.57,61.91,60.34,61.69,5368
2014-02-20,61.24,61.69,60.79,61.69,3913000
2014-02-21,62.36,62.59,60.12,61.24,5240
2014-02-24,61.46,61.69,60.79,61.24,3240000
2014-02-25,61.69,62.14,61.24,61.69,2685000
2014-02-26,61.46,62.14,61.46,62.14,2743000
2014-02-27,62.59,63.48,61.91,62.36,5703
2014-03-03,62.36,65.5,61.69,65.5,6954
2014-03-04,64.38,65.05,62.36,62.36,6609
2014-03-05,63.48,63.93,62.59,63.03,5127
2014-03-06,63.26,64.16,62.36,63.03,4725000
2014-03-07,64.16,64.6,62.59,62.59,5212
2014-03-10,61.91,62.59,60.57,61.24,3353000
2014-03-11,61.46,62.59,61.24,61.24,5000000
2014-03-12,61.24,62.14,61.24,61.91,2654000
2014-03-13,62.36,63.03,61.69,62.36,6640
2014-03-14,62.81,63.26,62.14,62.14,5310
2014-03-17,62.59,63.03,62.14,62.81,2403000
2014-03-18,63.71,64.6,63.71,63.93,6320
2014-03-19,64.38,64.6,63.26,63.71,3163000
2014-03-20,64.16,64.16,62.59,63.03,5485
2014-03-21,63.48,63.93,61.69,62.14,5227
2014-03-24,62.14,62.59,61.46,62.14,5751
2014-03-25,62.14,63.48,62.14,62.14,3984000
2014-03-26,62.81,63.03,61.69,62.14,4839000
2014-03-27,62.36,63.71,62.36,63.26,4950000
2014-03-28,63.26,63.48,61.46,62.59,6020
2014-03-31,63.71,63.71,61.69,62.59,4636000
2014-04-01,63.71,66.4,63.26,65.05,10116
2014-04-02,65.28,66.4,65.28,66.4,6923
2014-04-03,67.07,67.3,64.83,65.05,5157
2014-04-07,64.38,65.05,63.71,64.6,5146
2014-04-08,64.16,64.16,63.03,63.71,4824000
2014-04-09,64.6,64.83,63.71,64.16,5397
2014-04-10,64.83,65.05,63.48,64.38,4039000
2014-04-11,63.48,64.16,63.26,64.16,3177000
2014-04-14,63.71,64.6,62.81,62.81,2669000
2014-04-15,63.26,64.6,63.03,64.16,3645000
2014-04-16,64.6,65.05,64.16,64.6,5331
2014-04-17,65.05,66.4,64.38,66.18,6126
2014-04-18,66.18,66.18,64.83,65.28,2575000
2014-04-21,65.05,65.28,63.71,64.38,3424000
2014-04-22,64.6,64.83,63.48,63.93,6342
2014-04-23,63.48,63.71,59.89,61.02,14990
2014-04-24,61.46,62.36,60.57,62.36,7055
2014-04-25,62.36,62.81,61.46,62.36,5413
2014-04-28,61.46,62.36,61.24,61.91,4028000
2014-04-29,62.14,64.38,61.91,63.93,4053000
2014-04-30,63.93,63.93,61.46,62.59,6392
2014-05-02,63.48,64.83,63.26,63.93,6677
2014-05-05,64.83,66.4,63.93,66.18,8403
2014-05-06,66.18,67.97,64.83,67.3,10523
2014-05-07,68.64,68.64,65.5,66.18,11824
2014-05-08,67.07,67.07,65.73,66.18,3995000
2014-05-09,66.85,66.85,65.5,65.95,3343000
2014-05-12,65.73,65.95,63.71,64.6,3421000
2014-05-13,65.73,65.73,63.71,63.71,2713000
2014-05-14,64.16,64.83,63.93,64.83,2278000
2014-05-15,64.16,65.05,64.16,64.83,1718000
2014-05-16,63.93,64.6,62.59,64.6,5825
2014-05-19,63.71,65.5,63.71,65.5,3635000
2014-05-20,65.5,66.18,65.05,65.05,2138000
2014-05-21,65.5,65.95,64.38,64.83,3011000
2014-05-22,65.5,65.5,64.83,65.5,1863000
2014-05-23,65.5,66.4,65.28,66.4,2369000
2014-05-26,65.73,67.52,65.73,67.3,3207000
2014-05-27,67.3,69.32,67.3,68.64,6000
2014-05-28,68.64,69.54,68.19,69.09,5579
2014-05-29,68.87,69.32,68.64,69.09,2948000
2014-05-30,69.32,69.32,67.97,68.87,4586000
2014-06-03,68.42,68.64,66.18,66.4,3337000
2014-06-04,66.4,67.07,65.5,66.4,3973000
2014-06-05,65.95,66.4,64.38,65.05,5437
2014-06-06,65.95,67.3,65.5,66.4,8142
2014-06-09,67.3,67.75,66.4,67.3,5257
2014-06-10,67.3,67.52,66.62,67.3,2792000
2014-06-11,67.75,67.97,66.18,66.62,2724000
2014-06-12,65.73,65.95,64.83,65.05,6232
2014-06-13,64.6,64.83,62.81,63.71,8774
2014-06-16,63.71,65.05,63.48,65.05,5849
2014-06-17,65.5,65.73,64.38,65.05,3619000
2014-06-18,65.5,65.73,64.83,65.73,4154000
2014-06-19,65.73,66.18,65.05,65.95,2442000
2014-06-20,65.5,66.18,65.05,66.18,2372000
2014-06-23,66.18,66.18,63.93,64.16,3822000
2014-06-24,63.71,64.6,63.26,63.26,5853
2014-06-25,63.48,64.6,62.36,64.16,4153000
2014-06-26,64.6,64.83,63.93,64.6,1096000
2014-06-27,64.6,65.28,64.16,64.6,3489000
2014-06-30,65.28,65.95,64.38,65.95,2608000
2014-07-01,65.95,66.85,65.5,66.4,2533000
2014-07-02,67.07,67.52,65.95,66.85,4195000
2014-07-03,66.4,67.3,65.95,67.3,2111000
2014-07-04,67.07,67.07,65.95,66.4,1597000
2014-07-07,65.5,67.07,65.5,67.07,2304000
2014-07-08,67.52,68.87,67.52,68.87,5607
2014-07-09,68.87,69.32,67.97,68.42,3180000
2014-07-10,68.87,69.32,68.64,69.32,4642000
2014-07-11,68.87,68.87,66.18,67.3,4824000
2014-07-14,67.3,68.64,66.85,67.97,4224000
2014-07-15,68.19,68.42,67.07,67.97,4959000
2014-07-16,67.97,67.97,66.85,67.3,2442000
2014-07-17,67.52,67.75,65.95,66.18,3073000
2014-07-18,65.5,67.07,65.5,66.18,2922000
2014-07-21,66.4,67.07,65.73,66.18,1830000
2014-07-22,66.4,66.62,66.18,66.62,1668000
2014-07-23,66.62,66.62,66.62,66.62,0
2014-07-24,66.62,67.3,66.62,67.07,1209000
2014-07-25,67.07,67.3,64.6,66.4,3522000
2014-07-28,66.62,70.89,64.83,69.32,8083
2014-07-29,69.76,69.99,68.19,69.99,7074
2014-07-30,69.99,70.21,68.87,69.54,4522000
2014-07-31,69.99,72.46,69.09,69.09,5598
2014-08-01,67.75,69.32,66.18,68.64,6151
2014-08-04,69.09,69.99,68.64,69.09,3610000
2014-08-05,70.44,73.35,69.54,69.76,5434
2014-08-06,70.66,71.11,68.19,69.76,3645000
2014-08-07,69.99,71.33,68.42,68.87,6009
2014-08-08,68.42,68.64,67.3,67.52,3549000
2014-08-11,68.42,71.11,68.42,70.66,4083000
2014-08-12,70.66,71.78,69.99,70.66,3355000
2014-08-13,71.11,71.56,69.76,70.89,3556000
2014-08-14,71.59,72.98,70.89,72.05,4388000
2014-08-15,72.75,73.22,71.82,72.28,2470000
2014-08-18,72.28,73.22,71.82,71.82,1534000
2014-08-19,72.28,72.75,72.05,72.75,1705000
2014-08-20,72.75,73.22,70.42,70.42,4341000
2014-08-21,70.19,70.65,66.92,68.32,8299
2014-08-22,69.02,71.59,69.02,71.35,4291000
2014-08-25,71.35,71.59,70.42,70.89,1084000
2014-08-26,71.59,71.82,70.89,71.82,1512000
2014-08-27,72.28,72.52,71.12,71.12,1647000
2014-08-28,71.82,71.82,70.65,70.89,1569000
2014-08-29,71.59,73.22,70.65,71.59,2313000
2014-09-01,72.52,72.75,71.12,71.82,1642000
2014-09-02,71.59,72.28,71.12,71.12,2060000
2014-09-03,71.82,72.05,70.89,72.05,2096000
2014-09-04,71.82,72.52,70.65,70.89,2195000
2014-09-05,71.12,71.82,70.89,71.82,859000
2014-09-09,72.52,72.75,71.59,71.82,2286000
2014-09-10,71.82,71.82,70.65,71.59,1397000
2014-09-11,72.05,72.05,71.35,71.35,1134000
2014-09-12,71.12,71.12,69.25,70.42,1905000
2014-09-15,70.42,70.65,69.72,69.95,1374000
2014-09-16,69.95,70.42,69.49,69.49,1030000
2014-09-17,69.95,71.59,69.95,71.35,3034000
2014-09-18,71.12,71.59,70.65,71.35,1226000
2014-09-19,70.89,71.82,70.65,70.65,1572000
2014-09-22,70.42,70.65,69.49,70.42,1693000
2014-09-23,69.95,70.42,69.49,69.95,886000
2014-09-24,69.72,70.19,69.49,69.72,1020000
2014-09-25,69.95,70.42,68.32,69.02,2133000
2014-09-26,68.32,68.79,67.62,68.79,2192000
2014-09-29,68.55,68.79,68.09,68.32,2007000
2014-09-30,68.79,70.19,68.32,70.19,1784000
2014-10-01,69.02,70.89,68.79,69.02,2642000
2014-10-02,69.72,70.42,68.79,70.42,1728000
2014-10-03,70.42,70.89,69.72,70.42,1955000
2014-10-06,71.12,71.59,70.19,71.35,1444000
2014-10-07,71.82,71.82,70.65,71.12,2172000
2014-10-08,70.89,71.59,69.95,70.42,2431000
2014-10-09,70.89,71.12,69.95,70.65,1976000
2014-10-13,67.16,68.32,66.69,66.92,4089000
2014-10-14,67.39,68.32,67.16,67.39,2605000
2014-10-15,67.85,68.55,66.69,67.39,4450000
2014-10-16,67.39,71.35,66.46,69.72,4674000
2014-10-17,69.72,70.65,69.02,69.95,4224000
2014-10-20,70.65,71.35,69.95,70.65,2069000
2014-10-21,70.65,71.12,70.19,70.42,1927000
2014-10-22,71.35,71.59,70.42,70.42,2042000
2014-10-23,71.35,72.75,71.12,72.52,4396000
2014-10-24,72.52,73.22,71.59,71.59,3227000
2014-10-27,72.28,73.22,71.59,72.28,2705000
2014-10-28,72.98,73.22,72.05,72.28,1825000
2014-10-29,72.52,73.22,72.28,72.98,1624000
2014-10-30,73.22,73.22,72.75,72.75,1774000
2014-10-31,73.22,73.22,72.75,73.22,1578000
2014-11-03,73.68,78.11,73.68,74.62,6981
2014-11-04,74.62,75.32,73.68,74.38,3186000
2014-11-05,75.55,75.55,74.15,74.85,3439000
2014-11-06,75.32,75.55,71.35,72.05,3088000
2014-11-07,73.22,76.95,73.22,76.72,7641
2014-11-10,77.18,81.85,77.18,81.15,7173
2014-11-11,81.61,81.85,78.35,78.81,4949000
2014-11-12,78.81,81.15,78.35,78.35,3902000
2014-11-13,78.81,80.21,78.35,79.05,1833000
2014-11-14,79.28,79.98,76.72,77.65,3292000
2014-11-17,78.58,79.28,78.11,78.35,2835000
2014-11-18,78.58,78.81,77.65,78.58,2692000
2014-11-19,79.28,80.45,78.35,78.58,4111000
2014-11-20,78.58,79.51,78.35,78.81,2795000
2014-11-21,78.81,80.68,78.81,80.68,4082000
2014-11-24,81.15,81.61,79.28,79.51,2344000
2014-11-25,80.21,80.21,78.81,79.28,2132000
2014-11-26,79.98,80.21,78.81,79.28,2559000
2014-11-27,79.75,81.61,79.51,80.68,3850000
2014-11-28,81.38,83.01,81.15,81.61,3439000
2014-12-01,80.68,83.01,80.45,81.61,4214000
2014-12-02,81.15,82.31,80.91,81.61,2485000
2014-12-03,82.08,82.31,80.45,80.68,3930000
2014-12-04,81.15,81.61,79.05,79.98,3466000
2014-12-05,80.45,80.45,78.81,79.05,2577000
2014-12-08,79.28,79.51,78.35,78.35,2774000
2014-12-09,78.35,78.81,77.88,78.81,2509000
2014-12-10,79.51,79.98,77.88,78.58,2693000
2014-12-11,79.28,80.21,78.35,79.75,2255000
2014-12-12,80.45,80.45,78.81,79.28,3113000
2014-12-15,78.81,79.98,77.41,79.98,3275000
2014-12-16,79.28,79.51,77.41,77.41,4027000
2014-12-17,77.41,78.35,76.95,77.88,2206000
2014-12-18,78.35,79.75,78.11,79.75,2282000
2014-12-19,80.21,80.45,78.35,79.28,3750000
2014-12-22,79.75,79.75,77.88,79.05,3235000
2014-12-23,79.28,80.21,79.05,80.21,2436000
2014-12-24,80.45,80.45,79.75,80.21,1474000
2014-12-25,80.45,80.68,79.75,79.98,780000
2014-12-26,80.21,80.45,78.58,79.05,1012000
2014-12-29,80.45,81.85,79.75,81.85,3149000
2014-12-30,82.54,86.74,82.08,83.94,7188
2014-12-31,83.24,83.24,81.61,83.01,4626000
2015-01-05,83.01,83.01,81.61,82.08,4784000
2015-01-06,81.38,82.54,81.15,82.08,3852000
2015-01-07,82.54,82.54,79.98,81.38,3471000
2015-01-08,82.31,84.41,81.38,83.71,4727000
2015-01-09,83.71,86.74,83.48,84.88,6469
2015-01-12,84.88,84.88,83.24,83.71,2395000
2015-01-13,83.71,84.88,82.78,83.94,3343000
2015-01-14,83.48,86.28,83.24,85.11,3078000
2015-01-15,85.81,86.51,84.64,86.28,2066000
2015-01-16,86.28,86.98,85.11,85.81,2160000
2015-01-19,87.67,87.91,86.28,86.74,1190000
2015-01-20,87.67,87.67,86.04,86.04,1547000
2015-01-21,86.74,86.74,84.64,84.88,3031000
2015-01-22,85.81,89.31,85.81,88.14,4162000
2015-01-23,89.31,93.04,89.07,90.47,5965
2015-01-26,91.64,91.64,89.54,90.01,4047000
2015-01-27,90.24,90.24,86.04,86.98,7348
2015-01-28,85.81,86.28,84.41,86.04,4520000
2015-01-29,83.48,83.71,80.21,82.78,9112
2015-01-30,81.38,83.24,81.38,81.85,6017
2015-02-02,80.21,80.45,77.65,79.75,12087
2015-02-03,79.75,81.15,79.28,81.15,6326
2015-02-04,82.08,83.48,81.61,83.01,6227
2015-02-05,83.24,83.24,79.98,81.85,4932000
2015-02-06,79.51,79.98,77.41,77.41,8618
2015-02-09,77.88,79.75,77.41,79.28,6690
2015-02-10,79.51,79.51,77.88,78.35,4533000
2015-02-11,79.51,80.91,79.28,80.68,4661000
2015-02-12,80.68,81.38,79.98,80.68,4478000
2015-02-13,80.68,81.61,80.68,80.68,2641000
2015-02-24,82.08,82.08,79.75,79.75,4825000
2015-02-25,79.75,80.45,78.58,78.81,4449000
2015-02-26,79.28,80.21,78.81,78.81,3881000
2015-03-02,78.81,80.91,78.11,80.68,5060
2015-03-03,81.15,81.38,79.28,79.75,4080000
2015-03-04,78.81,80.91,78.81,79.98,3632000
2015-03-05,80.68,81.15,79.51,80.68,3208000
2015-03-06,81.15,81.61,79.98,81.15,3695000
2015-03-09,81.15,82.31,80.45,81.38,3345000
2015-03-10,80.68,82.54,80.21,80.21,4626000
2015-03-11,79.75,80.68,79.28,79.28,2721000
2015-03-12,78.81,81.15,78.81,80.45,3040000
2015-03-13,80.21,80.68,79.51,79.98,2108000
2015-03-16,79.51,80.45,79.28,79.28,2898000
2015-03-17,79.98,80.45,79.05,79.51,4715000
2015-03-18,79.51,80.21,79.05,79.28,5837
2015-03-19,79.75,81.85,79.51,80.68,5480
2015-03-20,80.68,82.31,80.45,80.45,4272000
2015-03-23,81.15,81.61,79.75,79.98,3053000
2015-03-24,79.98,80.68,79.28,79.28,3242000
2015-03-25,79.28,79.75,76.72,76.72,5310
2015-03-26,76.02,76.25,73.68,74.62,8678
2015-03-27,74.62,75.78,71.82,72.28,8836
2015-03-30,72.98,73.22,71.59,72.28,4764000
2015-03-31,73.22,75.55,73.22,75.55,3781000
2015-04-01,75.55,75.78,74.62,75.32,2867000
2015-04-02,75.78,76.95,75.55,76.48,3912000
2015-04-07,77.18,77.41,76.02,76.48,2531000
2015-04-08,76.02,76.25,72.98,72.98,4043000
2015-04-09,72.28,72.28,69.25,71.12,10647
2015-04-10,71.35,72.29,69.95,70.89,4872000
2015-04-13,71.59,73.68,71.35,73.68,4361000
2015-04-14,72.98,73.68,72.28,73.22,2203000
2015-04-15,73.22,73.45,70.89,71.82,2918000
2015-04-16,72.05,72.75,70.65,72.75,3498000
2015-04-17,72.75,72.98,71.82,72.28,2909000
2015-04-20,72.75,73.45,71.82,72.05,3223000
2015-04-21,72.05,72.75,70.89,70.89,1928000
2015-04-22,70.19,70.89,68.32,69.02,7998
2015-04-23,70.19,73.68,69.49,73.68,6634
2015-04-24,74.15,74.85,73.22,74.85,4517000
2015-04-27,75.32,76.02,74.62,75.32,2796000
2015-04-28,76.25,77.41,75.55,76.48,5740
2015-04-29,76.72,76.72,74.38,74.38,3424000
2015-04-30,74.38,75.32,72.98,75.08,4277000
2015-05-04,75.78,76.02,73.22,73.22,4982000
2015-05-05,72.75,73.22,70.19,70.42,6408
2015-05-06,69.02,74.15,67.85,71.82,11554
2015-05-07,71.12,72.28,69.95,69.95,6388
2015-05-08,70.89,72.05,70.42,70.65,3252000
2015-05-11,71.82,72.05,71.12,71.59,2889000
2015-05-12,70.42,71.35,69.49,70.42,4559000
2015-05-13,71.35,75.08,70.89,73.92,7115
2015-05-14,73.68,73.92,72.05,72.52,3754000
2015-05-15,72.98,74.62,72.75,73.68,2948000
2015-05-18,74.15,74.15,72.98,73.45,2174000
2015-05-19,74.15,75.08,73.45,74.62,3097000
2015-05-20,74.62,75.78,74.62,75.55,2820000
2015-05-21,75.55,75.55,73.92,74.62,3049000
2015-05-22,75.55,75.55,74.15,74.85,3317000
2015-05-25,74.85,75.08,74.38,75.08,1580000
2015-05-26,75.78,77.41,75.78,77.41,4882000
2015-05-27,76.95,77.18,75.78,76.48,5643
2015-05-28,77.41,77.88,76.95,76.95,6794
2015-05-29,78.11,78.81,77.41,78.11,5762
2015-06-01,78.58,78.81,76.02,78.11,4957000
2015-06-02,77.65,77.88,76.72,76.95,3283000
2015-06-03,76.95,77.65,76.25,77.18,2946000
2015-06-04,77.18,77.41,76.25,76.25,3380000
2015-06-05,76.02,76.02,71.82,73.45,5718
2015-06-08,72.28,72.98,71.82,72.05,5415
2015-06-09,71.82,72.28,68.79,69.49,6537
2015-06-10,70.89,71.82,69.72,71.35,3106000
2015-06-11,71.35,71.59,69.02,69.25,3997000
2015-06-12,69.49,71.35,69.25,70.65,2662000
2015-06-15,70.42,70.65,69.49,69.95,1985000
2015-06-16,69.49,69.95,68.55,69.25,3070000
2015-06-17,69.49,71.12,69.02,69.25,5420
2015-06-18,68.55,70.42,68.09,69.49,4821000
2015-06-22,70.89,72.98,70.42,71.59,4675000
2015-06-23,72.28,72.52,70.42,70.42,2410000
2015-06-24,70.89,71.82,70.42,70.42,1521000
2015-06-25,70.89,71.82,70.42,70.65,2373000
2015-06-26,70.89,71.35,70.89,70.89,1163000
2015-06-29,69.95,70.19,69.02,69.02,2369000
2015-06-30,69.49,70.42,69.02,69.49,2306000
2015-07-01,69.95,71.12,69.72,70.42,2826000
2015-07-02,70.42,70.89,69.95,69.95,1646000
2015-07-03,69.72,70.65,69.49,70.19,1611000
2015-07-06,69.72,71.12,69.02,69.02,2619000
2015-07-07,69.25,69.95,68.55,68.55,2515000
2015-07-08,68.09,68.55,63.42,65.29,5338
2015-07-09,62.96,65.76,62.26,64.59,4201000
2015-07-10,64.59,64.59,64.59,64.59,0
2015-07-13,65.76,66.46,64.82,65.76,4507000
2015-07-14,67.01,67.26,63.25,64.0,8362
2015-07-15,64.75,65.25,63.5,64.5,6089
2015-07-16,65.25,65.76,63.0,64.0,6109
2015-07-17,64.75,65.0,63.25,65.0,4496000
2015-07-20,65.25,65.51,63.25,63.5,3489000
2015-07-21,63.0,63.75,62.74,63.5,2261000
2015-07-22,63.5,64.25,63.25,64.0,2410000
2015-07-23,63.5,63.75,61.24,62.24,3855000
2015-07-24,61.49,63.0,59.23,63.0,5222
2015-07-27,61.49,62.74,56.72,57.47,6616
2015-07-28,57.47,59.23,55.97,58.73,6979
2015-07-29,58.48,58.73,56.97,57.22,6400
2015-07-30,56.47,58.23,56.47,57.22,4230000
2015-07-31,57.98,58.98,57.47,57.47,7431
2015-08-03,57.72,57.72,55.21,56.22,4761000
2015-08-04,56.22,56.72,52.71,53.71,6947
2015-08-05,53.21,54.46,52.2,53.96,4124000
2015-08-06,55.47,58.23,54.71,57.22,9510
2015-08-07,56.47,56.72,54.46,54.71,5900
2015-08-10,54.21,56.97,53.71,56.72,4153000
2015-08-11,57.72,58.23,56.97,57.47,5493
2015-08-12,57.22,57.98,55.72,57.72,4118000
2015-08-13,57.72,59.73,56.97,59.73,3413000
2015-08-14,58.73,59.48,56.47,56.72,3882000
2015-08-17,56.72,56.72,55.21,55.47,2184000
2015-08-18,55.47,56.97,55.47,56.22,3820000
2015-08-19,56.72,56.72,54.21,55.21,3765000
2015-08-20,55.21,56.47,54.21,55.72,4408000
2015-08-21,54.46,54.71,52.71,53.21,5063
2015-08-24,51.7,52.45,48.04,51.2,6945
2015-08-25,49.19,53.46,49.19,53.46,3553000
2015-08-26,53.46,54.46,52.45,53.21,3314000
2015-08-27,52.71,54.21,51.95,52.2,4739000
2015-08-28,53.21,54.21,52.71,52.71,4282000
2015-08-31,53.46,54.71,52.71,54.71,4346000
2015-09-01,54.21,54.71,53.21,54.46,1880000
2015-09-02,53.46,54.21,53.21,53.46,2236000
2015-09-03,54.21,54.46,53.46,54.21,2513000
2015-09-04,54.21,56.47,53.96,54.71,3953000
2015-09-07,54.96,55.97,54.21,55.47,2865000
2015-09-08,55.97,57.47,55.72,56.72,4124000
2015-09-09,58.23,60.74,57.72,60.49,6285
2015-09-10,60.23,60.99,59.48,60.99,4079000
2015-09-11,61.24,61.24,60.23,61.24,2589000
2015-09-14,61.24,62.24,60.23,60.23,2625000
2015-09-15,60.74,60.74,59.23,59.73,2598000
2015-09-16,60.23,60.49,58.98,58.98,2566000
2015-09-17,59.73,60.23,58.73,59.23,4127000
2015-09-18,59.23,59.23,57.98,59.23,3238000
2015-09-21,57.98,58.48,55.97,55.97,4298000
2015-09-22,55.97,56.72,54.71,56.22,4782000
2015-09-23,55.47,56.22,55.21,55.72,2119000
2015-09-24,56.22,56.72,53.71,53.71,3774000
2015-09-25,53.96,54.71,53.21,53.71,2110000
2015-09-29,53.71,53.71,53.71,53.71,0
2015-09-30,51.45,52.2,50.95,51.7,6885
2015-10-01,51.95,54.46,51.7,53.71,4971000
2015-10-02,53.46,54.71,52.96,54.21,2520000
2015-10-05,55.21,56.97,54.71,55.97,4659000
2015-10-06,57.22,57.22,55.97,56.22,2330000
2015-10-07,55.47,55.97,54.46,55.97,4469000
2015-10-08,56.72,57.22,55.72,56.97,4011000
2015-10-12,57.47,58.98,56.72,58.73,5318
2015-10-13,59.73,59.98,58.73,59.23,4826000
2015-10-14,58.98,59.73,57.98,57.98,2900000
2015-10-15,58.73,59.23,58.23,58.23,4332000
2015-10-16,58.98,59.23,58.23,58.73,4620000
2015-10-19,58.98,59.23,57.22,57.47,3142000
2015-10-20,57.47,58.23,57.47,57.98,2326000
2015-10-21,57.98,58.48,56.97,56.97,3556000
2015-10-22,56.97,58.23,56.72,57.72,3094000
2015-10-23,59.23,59.73,58.48,58.73,4061000
2015-10-26,59.48,59.73,58.73,59.23,1828000
2015-10-27,59.73,59.73,58.73,59.23,2593000
2015-10-28,59.23,59.48,57.47,57.72,2130000
2015-10-29,58.23,58.48,56.47,56.47,2185000
2015-10-30,56.22,56.72,54.96,55.72,3181000
2015-11-02,54.96,56.72,54.96,56.47,3876000
2015-11-03,57.22,59.98,56.72,59.23,5664
2015-11-04,59.23,65.0,58.98,65.0,13651
2015-11-05,65.0,66.01,63.75,65.51,6954
2015-11-06,65.25,65.25,62.24,62.24,5342
2015-11-09,61.99,63.25,59.98,60.23,4763000
2015-11-10,59.73,61.74,58.98,60.23,4260000
2015-11-11,60.23,60.49,57.72,57.98,3511000
2015-11-12,58.23,59.48,57.47,59.48,3117000
2015-11-13,58.23,60.23,58.23,58.73,2018000
2015-11-16,58.23,59.73,57.72,59.23,1922000
2015-11-17,60.23,60.74,58.23,58.48,2394000
2015-11-18,57.98,59.23,57.98,58.48,1950000
2015-11-19,59.23,59.73,58.23,59.23,1667000
2015-11-20,58.98,59.23,58.23,58.48,1921000
2015-11-23,58.98,59.73,58.23,59.73,2509000
2015-11-24,59.98,63.0,59.23,61.49,6912
2015-11-25,62.74,62.74,60.49,60.99,3458000
2015-11-26,61.99,62.74,61.49,62.24,2595000
2015-11-27,62.74,62.74,60.99,61.24,1513000
2015-11-30,60.23,60.74,59.23,59.48,3851000
2015-12-01,59.98,61.74,59.98,61.74,3385000
2015-12-02,63.0,65.76,62.74,65.76,8072
2015-12-03,64.25,67.76,64.0,67.76,7818
2015-12-04,66.76,67.51,65.76,66.76,3740000
2015-12-07,68.27,69.27,67.51,69.02,4412000
2015-12-08,66.01,66.76,64.75,65.76,7314
2015-12-09,64.25,66.76,63.75,65.25,4114000
2015-12-10,63.75,66.51,61.99,65.76,5103
2015-12-11,64.5,65.76,63.25,63.25,2459000
2015-12-14,62.24,64.0,61.99,63.5,1779000
2015-12-15,64.25,65.76,64.25,65.0,2499000
2015-12-16,66.51,66.51,63.5,63.75,2471000
2015-12-17,64.25,66.76,64.25,66.76,3565000
2015-12-18,65.76,67.76,65.25,67.26,3545000
2015-12-21,67.01,68.01,66.51,67.76,2840000
2015-12-22,68.52,70.27,67.01,67.76,4541000
2015-12-23,67.76,68.27,67.51,67.76,986000
2015-12-24,68.27,68.77,67.01,68.01,946000
2015-12-25,68.77,68.77,67.51,68.52,1011000
2015-12-28,68.77,69.52,68.27,68.52,1156000
2015-12-29,68.52,68.52,65.76,66.26,2937000
2015-12-30,66.76,67.01,65.51,65.76,1677000
2015-12-31,65.76,66.51,64.75,64.75,1381000
2016-01-04,65.25,65.51,62.74,63.5,2430000
2016-01-05,63.25,63.75,61.74,63.0,3006000
2016-01-06,63.0,63.25,60.74,61.74,3056000
2016-01-07,61.49,61.74,57.98,58.73,4209000
2016-01-08,57.72,60.99,57.47,60.99,3635000
2016-01-11,59.23,59.48,57.47,57.98,3330000
2016-01-12,58.73,59.73,58.23,58.23,2302000
2016-01-13,59.23,59.73,58.48,58.73,1047000
2016-01-14,56.72,57.72,56.22,57.47,2043000
2016-01-15,57.72,58.73,57.47,57.98,2035000
2016-01-18,56.72,62.24,56.72,61.99,2981000
2016-01-19,61.99,62.24,60.23,61.24,2278000
2016-01-20,60.49,61.24,59.23,60.23,3587000
2016-01-21,60.49,60.99,57.98,57.98,3020000
2016-01-22,59.23,59.98,58.48,59.23,2306000
2016-01-25,59.98,61.24,59.23,60.99,1798000
2016-01-26,60.99,62.24,59.73,62.24,2546000
2016-01-27,62.24,62.49,60.99,61.24,1131000
2016-01-28,60.99,65.0,60.99,64.75,3218000
2016-01-29,66.76,69.27,66.26,69.27,8794
2016-02-01,68.77,69.52,67.51,68.27,4175000
2016-02-02,68.27,68.27,65.76,66.26,3349000
2016-02-03,64.5,67.01,64.0,65.76,4025000
2016-02-15,65.76,70.27,65.25,68.01,6185
2016-02-16,68.01,69.02,67.51,68.01,3292000
2016-02-17,69.02,69.52,66.76,66.76,4122000
2016-02-18,67.26,68.77,67.01,67.01,3963000
2016-02-19,67.76,69.77,67.51,69.27,3189000
2016-02-22,69.77,69.77,68.27,68.77,1483000
2016-02-23,69.27,69.52,68.01,68.01,1321000
2016-02-24,68.77,69.02,67.01,67.51,1636000
2016-02-25,68.01,69.02,67.76,68.52,2208000
2016-02-26,69.77,70.52,68.27,69.27,2669000
2016-03-01,68.27,68.77,67.26,68.01,4133000
2016-03-02,69.27,70.78,67.76,68.01,5527
2016-03-03,69.27,69.52,68.01,68.27,3864000
2016-03-04,68.77,68.77,67.26,67.76,2953000
2016-03-07,68.01,68.77,67.26,67.76,3900000
2016-03-08,67.76,68.27,67.26,67.76,1795000
2016-03-09,67.51,67.76,66.51,67.26,2163000
2016-03-10,67.26,68.01,67.26,67.76,2113000
2016-03-11,67.76,68.01,66.51,67.76,1735000
2016-03-14,68.01,68.52,67.51,68.27,1945000
2016-03-15,68.27,68.52,66.01,66.01,3551000
2016-03-16,66.01,66.76,65.0,65.51,3177000
2016-03-17,66.76,67.51,65.51,65.51,2577000
2016-03-18,66.01,67.26,65.76,66.51,3932000
2016-03-21,67.76,68.01,66.26,67.51,5790
2016-03-22,66.26,67.26,62.74,63.5,9285
2016-03-23,63.25,63.75,60.49,60.99,6370
2016-03-24,60.74,61.49,59.73,59.73,4839000
2016-03-25,60.49,61.99,60.49,61.49,3525000
2016-03-28,61.99,62.24,60.99,62.24,2041000
2016-03-29,62.49,63.75,62.24,63.25,4371000
2016-03-30,64.25,64.5,63.75,64.25,4022000
2016-03-31,65.25,65.51,63.25,65.0,3980000
2016-04-01,64.0,64.25,61.24,62.74,4199000
2016-04-06,61.74,61.99,60.49,60.99,2773000
2016-04-07,60.74,61.49,59.23,60.23,3316000
2016-04-08,59.73,61.24,59.48,60.23,2573000
2016-04-11,60.23,61.99,59.23,61.99,2569000
2016-04-12,61.74,61.99,60.99,61.49,2525000
2016-04-13,60.99,61.24,58.73,58.98,5282
2016-04-14,59.23,59.73,58.23,58.48,4063000
2016-04-15,57.98,58.48,56.72,58.23,4669000
2016-04-18,57.22,58.48,56.97,57.98,3345000
2016-04-19,58.23,58.48,54.71,54.71,11237
2016-04-20,55.21,55.97,54.46,54.71,7613
2016-04-21,55.21,55.21,53.46,53.46,5388
2016-04-22,54.21,55.72,53.96,55.72,5131
2016-04-25,55.72,56.72,54.96,56.22,2570000
2016-04-26,57.47,58.73,56.72,57.22,6946
2016-04-27,57.22,57.47,56.47,56.47,2399000
2016-04-28,56.72,56.97,55.72,55.97,2138000
2016-04-29,55.72,56.97,55.47,56.72,2257000
2016-05-03,56.72,56.72,55.21,55.21,3077000
2016-05-04,55.21,55.47,54.21,54.71,2528000
2016-05-05,54.71,55.21,53.96,54.46,2413000
2016-05-06,54.21,54.71,53.71,53.71,3266000
2016-05-09,54.46,55.47,54.21,55.21,4110000
2016-05-10,54.71,54.96,53.71,54.46,2653000
2016-05-11,54.46,54.96,54.21,54.21,2685000
2016-05-12,54.21,54.71,53.71,54.46,2263000
2016-05-13,53.96,53.96,51.2,51.95,6651
2016-05-16,51.95,52.71,51.45,52.2,2373000
2016-05-17,52.2,53.46,51.95,52.96,3530000
2016-05-18,52.45,52.96,51.95,52.2,2709000
2016-05-19,52.2,52.45,51.45,51.7,1650000
2016-05-20,51.95,52.2,51.2,51.45,2403000
2016-05-23,51.7,53.46,51.45,52.71,5162
2016-05-24,55.21,56.22,54.71,54.71,10211
2016-05-25,55.72,55.72,54.71,54.96,5518
2016-05-26,55.72,56.97,55.47,56.47,5184
2016-05-27,56.72,56.72,54.96,54.96,4918000
2016-05-30,54.96,55.47,54.46,54.96,3983000
2016-05-31,54.71,55.21,54.21,54.46,6690
2016-06-01,54.46,55.97,54.46,55.21,3578000
2016-06-02,55.21,55.97,54.71,54.71,3181000
2016-06-03,54.71,54.96,52.2,53.21,6052
2016-06-06,53.96,54.46,53.46,53.96,2818000
2016-06-07,54.21,54.71,53.71,54.71,2400000
2016-06-08,54.96,55.72,54.96,55.21,2383000
2016-06-13,54.71,54.71,53.96,54.71,2239000
2016-06-14,54.71,55.21,54.46,55.21,1438000
2016-06-15,55.21,55.72,54.71,55.47,1441000
2016-06-16,55.21,55.21,54.21,54.46,1761000
2016-06-17,56.22,57.47,56.22,56.97,8311
2016-06-20,57.72,57.98,56.47,57.22,4162000
2016-06-21,57.22,58.23,56.97,58.23,3106000
2016-06-22,58.23,58.23,57.47,58.23,2256000
2016-06-23,58.23,58.48,57.22,57.47,2079000
2016-06-24,57.72,57.98,54.71,55.97,3908000
2016-06-27,55.21,56.72,55.21,56.22,2487000
2016-06-28,55.72,56.47,55.21,56.47,7602
2016-06-29,56.72,57.72,56.47,57.72,4608000
2016-06-30,58.23,59.98,57.72,59.98,9189
2016-07-01,60.74,61.49,60.23,60.23,5371
2016-07-04,60.23,60.74,60.23,60.23,3205000
2016-07-05,60.23,60.49,59.23,59.98,3513000
2016-07-06,59.48,59.73,58.48,59.23,3283000
2016-07-07,59.73,61.49,59.48,61.24,5365
2016-07-08,61.24,61.24,61.24,61.24,0
2016-07-11,62.74,64.25,62.24,63.5,14928
2016-07-12,64.58,64.85,61.61,61.88,12509
2016-07-13,62.69,62.96,60.53,60.8,6538
2016-07-14,60.25,60.53,59.17,59.98,7240
2016-07-15,60.53,61.61,60.53,61.07,5576
2016-07-18,61.61,61.88,59.98,60.25,4306000
2016-07-19,60.8,61.34,59.98,60.8,4077000
2016-07-20,60.8,61.34,59.98,59.98,4737000
2016-07-21,60.8,61.34,60.25,61.07,4147000
2016-07-22,61.07,61.34,60.25,60.53,3012000
2016-07-25,60.8,61.07,59.44,59.71,2339000
2016-07-26,59.71,61.34,59.71,61.07,3564000
2016-07-27,61.34,62.42,61.07,62.42,5118
2016-07-28,62.69,62.96,61.61,62.42,5573
2016-07-29,62.15,62.42,60.53,60.53,5050
2016-08-01,60.53,61.34,60.53,61.07,3062000
2016-08-02,60.53,61.34,60.25,60.8,4242000
2016-08-03,59.98,60.53,59.44,59.71,3246000
2016-08-04,59.98,60.53,59.44,60.25,3643000
2016-08-05,60.53,60.8,59.71,60.53,3334000
2016-08-08,61.07,61.07,59.98,60.25,3820000
2016-08-09,60.53,60.8,58.9,59.71,4137000
2016-08-10,59.98,59.98,58.63,58.9,2710000
2016-08-11,58.9,59.44,58.63,58.9,3105000
2016-08-12,58.9,59.17,58.09,58.09,2392000
2016-08-15,58.36,59.44,58.09,59.17,3583000
2016-08-16,59.17,59.44,58.36,58.36,1826000
2016-08-17,58.36,58.9,58.09,58.36,1960000
2016-08-18,58.63,59.17,58.36,58.63,1233000
2016-08-19,58.9,59.17,58.09,58.36,2406000
2016-08-22,58.36,58.63,57.55,57.55,1208000
2016-08-23,57.55,58.63,57.55,58.09,2219000
2016-08-24,58.09,58.9,58.09,58.36,1498000
2016-08-25,58.9,59.98,58.36,59.44,3103000
2016-08-26,59.44,59.44,58.9,59.17,1302000
2016-08-29,59.17,59.71,58.63,59.44,1584000
2016-08-30,59.98,59.98,59.17,59.17,959000
2016-08-31,59.44,59.71,58.63,58.9,2099000
2016-09-01,58.63,58.9,58.36,58.9,1542000
2016-09-02,59.17,59.17,57.55,57.55,1881000
2016-09-05,58.36,58.9,58.09,58.63,2204000
2016-09-06,58.63,59.17,58.09,58.9,1903000
2016-09-07,59.44,59.98,58.9,59.71,4936000
2016-09-08,59.98,60.53,59.44,60.25,2834000
2016-09-09,60.53,60.53,59.44,59.71,1512000
2016-09-12,58.63,59.17,58.36,58.63,2092000
2016-09-13,58.9,59.71,58.09,59.17,2685000
2016-09-14,59.17,59.17,58.36,58.63,1828000
2016-09-19,58.63,59.98,58.36,59.44,3848000
2016-09-20,59.71,60.53,59.71,60.25,5663
2016-09-21,60.25,61.61,59.71,61.34,9154
2016-09-22,61.88,61.88,60.8,61.61,3899000
2016-09-23,61.61,61.61,60.8,61.34,2606000
2016-09-26,61.61,61.61,59.98,60.53,2370000
2016-09-27,60.53,60.53,60.53,60.53,0
2016-09-28,60.53,60.53,60.53,60.53,0
2016-09-29,60.53,60.8,59.17,60.25,4752000
2016-09-30,59.44,60.25,59.44,60.25,1689000
2016-10-03,60.25,60.8,59.98,60.53,2054000
2016-10-04,60.53,61.34,60.25,61.34,2574000
2016-10-05,60.8,61.34,60.53,61.07,1538000
2016-10-06,61.34,62.15,60.8,61.88,3395000
2016-10-07,62.15,62.15,61.34,61.88,1618000
2016-10-11,62.42,62.96,61.61,62.96,5826
2016-10-12,62.42,62.69,61.88,62.42,1560000
2016-10-13,62.96,63.77,62.69,62.96,3346000
2016-10-14,62.96,63.23,62.42,62.96,2558000
2016-10-17,62.96,64.31,62.96,63.77,3832000
2016-10-18,64.04,64.31,62.96,64.04,2608000
2016-10-19,64.31,65.39,64.04,65.12,4434000
2016-10-20,65.12,65.66,64.58,64.85,2904000
2016-10-21,64.85,65.39,63.77,64.04,2610000
2016-10-24,64.31,64.58,63.5,64.31,2216000
2016-10-25,64.04,65.39,63.77,64.85,2365000
2016-10-26,65.12,65.12,64.31,64.58,1418000
2016-10-27,64.58,64.58,63.5,64.58,1671000
2016-10-28,64.58,64.85,64.04,64.58,2107000
2016-10-31,64.31,64.85,63.5,64.04,2161000
2016-11-01,63.77,64.31,63.23,63.23,955000
2016-11-02,62.69,62.69,61.34,61.34,3125000
2016-11-03,61.34,62.15,61.07,61.34,1873000
2016-11-04,61.34,62.15,61.07,61.88,1898000
2016-11-07,62.15,62.69,61.88,61.88,2065000
2016-11-08,61.61,62.15,61.07,62.15,1262000
2016-11-09,60.53,60.8,56.74,57.28,7063
2016-11-10,58.9,59.44,58.36,58.36,2151000
2016-11-11,57.28,57.55,56.2,56.47,2540000
2016-11-14,56.47,57.01,56.2,56.47,1853000
2016-11-15,55.93,56.47,55.12,55.39,3001000
2016-11-16,55.66,56.74,55.66,56.2,1759000
2016-11-17,56.47,57.55,56.2,57.28,2342000
2016-11-18,57.28,57.82,56.74,57.28,1425000
2016-11-21,57.82,57.82,57.01,57.55,620000
2016-11-22,57.82,59.17,57.28,59.17,2921000
2016-11-23,59.17,59.17,57.82,58.09,2211000
2016-11-24,58.09,58.63,57.82,58.09,1004000
2016-11-25,58.36,58.63,58.09,58.09,434000
2016-11-28,58.09,58.9,58.09,58.9,943000
2016-11-29,58.9,58.9,57.82,57.82,1374000
2016-11-30,58.36,58.36,57.28,57.28,2159000
2016-12-01,57.82,58.9,57.55,58.36,1290000
2016-12-02,58.63,58.63,57.82,57.82,1043000
2016-12-05,57.82,58.36,57.55,57.82,593000
2016-12-06,58.63,58.63,58.09,58.36,855000
2016-12-07,58.09,58.63,57.82,58.63,832000
2016-12-08,58.63,58.9,57.55,58.36,2164000
2016-12-09,58.36,58.63,58.09,58.36,866000
2016-12-12,58.36,58.36,57.28,57.55,1159000
2016-12-13,57.55,57.82,56.74,57.55,1662000
2016-12-14,57.82,57.82,57.01,57.82,683000
2016-12-15,57.28,57.82,57.01,57.55,1195000
2016-12-16,58.09,59.44,58.09,58.9,3664000
2016-12-19,57.82,58.09,56.74,57.01,2072000
2016-12-20,57.28,57.82,57.28,57.55,831000
2016-12-21,57.55,57.55,56.74,56.74,1668000
2016-12-22,56.74,56.74,55.93,55.93,2066000
2016-12-23,55.93,56.47,55.66,55.93,1231000
2016-12-26,56.2,56.74,55.93,56.47,679000
2016-12-27,56.2,56.47,55.93,56.2,641000
2016-12-28,56.2,57.01,55.93,56.47,1115000
2016-12-29,56.47,57.28,56.2,57.01,1528000
2016-12-30,57.55,57.82,56.74,57.55,1608000
2017-01-03,57.55,57.82,57.28,57.82,847000
2017-01-04,58.09,58.09,57.28,58.09,1426000
2017-01-05,58.36,58.9,58.09,58.9,1844000
2017-01-06,59.17,60.25,59.17,59.44,2762000
2017-01-09,59.44,59.44,57.82,57.82,1770000
2017-01-10,58.09,59.44,57.82,59.44,1361000
2017-01-11,59.44,59.71,58.63,59.44,1288000
2017-01-12,59.71,60.25,59.44,60.25,2131000
2017-01-13,60.25,60.8,59.71,60.8,1760000
2017-01-16,60.53,60.8,59.98,60.53,1544000
2017-01-17,60.53,60.8,59.71,59.98,1227000
2017-01-18,59.71,60.53,59.71,59.98,1834000
2017-01-19,60.53,60.53,58.36,58.63,2818000
2017-01-20,58.9,59.17,58.63,58.63,1201000
2017-01-23,59.17,59.98,59.17,59.98,1647000
2017-01-24,59.71,60.25,59.71,59.71,1216000
2017-02-02,60.53,60.53,58.9,59.44,2659000
2017-02-03,59.71,59.98,58.9,59.98,1974000
2017-02-06,59.98,62.42,59.71,62.15,4646000
2017-02-07,62.15,62.96,61.61,62.42,3339000
2017-02-08,63.5,64.85,62.96,64.04,5159
2017-02-09,64.31,64.31,62.96,63.77,3201000
2017-02-10,64.04,64.31,62.15,62.15,4150000
2017-02-13,62.15,64.04,62.15,63.77,1667000
2017-02-14,64.04,64.58,63.5,64.31,2143000
2017-02-15,64.31,64.85,63.5,64.58,2201000
2017-02-16,64.31,64.58,62.69,62.96,2681000
2017-02-17,63.5,64.31,62.96,63.23,2278000
2017-02-20,63.5,64.04,62.96,62.96,1396000
2017-02-21,63.77,63.77,62.69,63.5,1895000
2017-02-22,64.04,64.04,62.96,63.77,1315000
2017-02-23,63.77,63.77,62.69,63.5,2152000
2017-02-24,62.96,63.5,62.15,62.15,2960000
2017-03-01,62.15,63.5,61.88,63.23,2029000
2017-03-02,63.23,63.5,61.61,62.15,2535000
2017-03-03,62.15,62.42,61.61,62.15,885000
2017-03-06,61.88,62.69,61.61,62.69,814000
2017-03-07,62.69,63.23,62.42,62.96,1446000
2017-03-08,63.23,63.5,62.42,62.96,1726000
2017-03-09,62.96,63.23,61.88,62.42,1444000
2017-03-10,62.42,62.42,61.34,61.61,1031000
2017-03-13,61.88,62.15,60.53,60.53,2870000
2017-03-14,61.07,62.15,61.07,61.88,2769000
2017-03-15,62.15,62.15,61.34,61.88,1262000
2017-03-16,62.15,62.42,61.88,62.15,869000
2017-03-17,62.42,62.69,62.15,62.69,2074000
2017-03-20,62.96,63.5,62.69,63.23,1075000
2017-03-21,63.77,63.77,63.23,63.77,2022000
2017-03-22,62.96,63.77,62.96,63.23,1340000
2017-03-23,63.5,64.04,63.23,64.04,1938000
2017-03-24,64.04,64.04,62.69,63.23,1371000
2017-03-27,63.23,63.77,62.96,63.5,922000
2017-03-28,63.77,63.77,62.69,62.96,1718000
2017-03-29,63.23,63.5,62.96,63.5,1107000
2017-03-30,63.77,63.77,62.96,63.5,1063000
2017-03-31,64.04,64.04,63.23,63.5,1117000
2017-04-05,63.23,63.77,62.15,62.69,3283000
2017-04-06,62.69,63.23,62.15,62.42,1397000
2017-04-07,62.42,63.23,62.15,63.23,710000
2017-04-10,63.23,63.23,62.69,62.96,529000
2017-04-11,62.69,63.23,62.42,62.96,641000
2017-04-12,62.42,62.69,61.61,61.88,1259000
2017-04-13,61.61,62.69,61.61,62.42,624000
2017-04-14,61.88,62.42,61.34,61.34,442000
2017-04-17,61.07,61.88,61.07,61.88,396000
2017-04-18,61.61,62.15,61.61,61.61,495000
2017-04-19,60.8,61.07,60.25,60.25,1613000
2017-04-20,60.8,60.8,59.98,60.25,1186000
2017-04-21,60.8,61.34,60.53,61.07,1345000
2017-04-24,61.61,61.61,59.71,59.98,1335000
2017-04-25,60.8,61.88,60.25,61.88,1588000
2017-04-26,61.88,62.69,61.61,62.69,1604000
2017-04-27,61.88,62.15,61.34,62.15,1170000
2017-04-28,62.15,62.69,61.88,62.69,891000
2017-05-02,62.69,63.23,62.15,63.23,1703000
2017-05-03,62.96,63.23,62.69,62.96,652000
2017-05-04,63.5,65.39,63.23,64.04,3604000
2017-05-05,65.12,65.93,64.31,65.66,4620000
2017-05-08,67.01,69.71,66.47,67.82,12376
2017-05-09,68.63,68.63,65.93,66.74,5594
2017-05-10,67.55,67.55,64.31,64.85,4726000
2017-05-11,64.85,64.85,63.23,64.31,5705
2017-05-12,65.12,65.39,63.77,64.31,2074000
2017-05-15,64.31,65.12,64.04,64.85,2270000
2017-05-16,64.85,65.12,64.31,64.58,2733000
2017-05-17,64.31,64.58,63.5,64.31,2887000
2017-05-18,63.77,64.58,63.77,64.31,1864000
2017-05-19,64.04,64.58,63.77,64.04,1132000
2017-05-22,64.58,65.93,64.31,65.12,2882000
2017-05-23,66.2,66.47,64.85,65.12,2505000
2017-05-24,64.85,64.85,63.77,64.04,2978000
2017-05-25,64.31,65.12,64.04,64.85,2761000
2017-05-26,64.85,65.12,64.04,64.04,1700000
2017-05-31,64.58,64.58,63.77,64.58,2826000
2017-06-01,64.58,64.85,64.04,64.31,1598000
2017-06-02,64.85,65.39,64.58,65.12,1818000
2017-06-05,65.12,65.93,65.12,65.93,1176000
2017-06-06,65.93,66.47,65.66,65.93,1448000
2017-06-07,67.01,68.09,65.93,66.47,4219000
2017-06-08,66.74,67.55,66.47,66.74,2403000
2017-06-09,67.01,67.55,66.74,67.28,2748000
2017-06-12,66.47,67.01,65.93,66.47,1382000
2017-06-13,66.74,67.01,65.39,66.47,1556000
2017-06-14,66.47,66.47,64.58,64.85,2472000
2017-06-15,64.58,65.39,64.58,64.85,1497000
2017-06-16,64.58,65.93,64.58,65.12,2374000
2017-06-19,65.12,66.47,65.12,66.47,2021000
2017-06-20,66.2,66.47,65.93,66.2,1413000
2017-06-21,65.66,67.01,65.66,66.47,2595000
2017-06-22,66.74,67.55,66.47,67.01,2008000
2017-06-23,67.01,67.01,66.47,66.74,673000
2017-06-26,67.01,67.28,66.74,67.28,1517000
2017-06-27,67.28,67.55,67.01,67.28,1169000
2017-06-28,66.74,67.82,66.74,67.82,1835000
2017-06-29,68.09,68.9,67.55,67.55,2632000
2017-06-30,67.28,67.28,66.47,66.47,1152000
2017-07-03,66.74,67.28,66.47,67.28,992000
2017-07-04,67.28,67.28,66.47,66.74,1891000
2017-07-05,66.74,67.28,65.93,67.28,1268000
2017-07-06,67.28,67.55,66.74,67.28,2059000
2017-07-07,66.74,67.01,66.2,66.2,1829000
2017-07-10,66.47,66.74,66.2,66.47,3432000
2017-07-11,67.04,67.33,66.76,67.04,3076000
2017-07-12,67.62,67.62,67.04,67.62,1900000
2017-07-13,67.9,69.33,67.9,68.76,2309000
2017-07-14,68.76,69.33,68.19,69.05,668000
2017-07-17,69.05,69.33,67.62,68.19,1193000
2017-07-18,68.19,69.05,68.19,69.05,1125000
2017-07-19,68.76,69.33,68.19,68.76,1297000
2017-07-20,68.76,70.48,68.76,69.05,2697000
2017-07-21,68.76,69.05,67.9,68.19,1389000
2017-07-24,68.19,70.48,68.19,70.48,2522000
2017-07-25,69.91,70.48,69.33,69.62,702000
2017-07-26,69.91,70.19,69.33,69.62,1651000
2017-07-27,69.62,69.62,67.33,67.33,4278000
2017-07-28,66.76,67.04,64.18,64.75,5172
2017-07-31,64.46,65.9,64.18,65.9,2030000
2017-08-01,65.9,66.18,64.75,65.61,2585000
2017-08-02,66.18,66.18,64.75,65.04,4269000
2017-08-03,64.75,65.61,64.46,65.04,3531000
2017-08-04,65.32,65.9,65.04,65.61,1829000
2017-08-07,66.18,66.18,64.75,65.04,2840000
2017-08-08,65.32,65.32,63.32,63.89,4053000
2017-08-09,63.6,63.89,63.03,63.32,2264000
2017-08-10,63.6,63.6,62.46,63.03,1855000
2017-08-11,62.74,63.32,62.46,63.03,1135000
2017-08-14,63.03,63.6,62.74,63.03,1026000
2017-08-15,63.6,63.89,62.46,63.03,1498000
2017-08-16,62.74,63.89,62.74,63.6,1582000
2017-08-17,63.6,64.46,63.03,63.89,1385000
2017-08-18,63.6,64.18,63.03,64.18,1051000
2017-08-21,64.18,64.18,63.03,63.03,1035749
2017-08-22,63.03,63.89,63.03,63.6,777466
2017-08-23,63.6,63.89,63.03,63.03,1134854
2017-08-24,63.6,63.6,63.03,63.32,923227
2017-08-25,63.6,63.6,62.74,63.03,1322020
2017-08-28,63.03,63.6,63.03,63.6,1129254
2017-08-29,63.6,63.6,62.74,63.03,1046597
2017-08-30,63.6,65.04,63.6,64.46,3992079
2017-08-31,64.75,67.33,64.75,67.33,5229
2017-09-01,67.04,67.04,65.61,65.9,2416723
2017-09-04,65.61,66.76,65.32,66.18,1632049
2017-09-05,66.47,66.47,65.9,66.18,963325
2017-09-06,65.9,66.47,65.32,66.18,1669097
2017-09-07,66.18,67.04,65.9,65.9,2186202
2017-09-08,65.9,67.04,65.9,67.04,2382381
2017-09-11,67.04,67.33,66.47,66.47,1384408
2017-09-12,67.04,67.33,66.18,66.76,1542285
2017-09-13,66.76,67.04,66.18,66.47,1680595
2017-09-14,66.76,67.33,66.47,67.04,1708114
2017-09-15,66.76,68.19,66.76,67.04,2218036
2017-09-18,67.04,67.33,66.47,67.04,1111895
2017-09-19,67.33,67.9,66.47,66.47,2204750
2017-09-20,66.47,66.76,65.04,65.32,1920979
2017-09-21,65.32,66.18,65.32,66.18,927446
2017-09-22,65.61,65.9,64.46,64.75,1057676
2017-09-25,64.75,64.75,62.46,63.89,2448172
2017-09-26,63.89,64.18,63.32,63.89,1285963
2017-09-27,63.6,64.46,63.6,64.18,1061560
2017-09-28,63.6,64.46,63.6,64.18,1570849
2017-09-29,64.75,65.32,64.18,65.32,1918040
2017-10-02,66.18,66.18,65.32,65.61,1113622
2017-10-03,65.61,65.9,64.46,65.32,1486560
2017-10-05,65.04,65.61,64.75,65.61,854131
2017-10-06,65.61,65.61,64.46,65.04,1026939
2017-10-11,65.32,65.61,64.75,65.32,1721535
2017-10-12,65.32,65.61,64.75,65.32,1355077
2017-10-13,65.04,65.61,64.75,65.61,1167916
2017-10-16,65.61,66.18,65.04,65.9,1302473
2017-10-17,65.9,65.9,64.75,65.32,1718127
2017-10-18,65.32,65.32,64.46,65.32,1708425
2017-10-19,65.32,65.61,64.75,65.32,537059
2017-10-20,65.04,65.9,65.04,65.9,1138436
2017-10-23,66.18,66.47,65.61,65.9,1072659
2017-10-24,65.61,66.18,65.61,65.9,813745
2017-10-25,66.18,66.47,65.32,66.18,1266102
2017-10-26,65.04,65.04,64.46,64.75,1046936
2017-10-27,65.04,65.32,64.46,65.04,964458
2017-10-30,64.75,65.04,63.6,63.89,1700358
2017-10-31,63.89,64.46,63.89,63.89,1077327
2017-11-01,64.18,65.32,64.18,65.32,863666
2017-11-02,65.04,65.61,64.75,65.61,733287
2017-11-03,65.61,65.61,64.75,65.61,639222
2017-11-06,65.32,65.61,64.18,64.46,1332275
2017-11-07,64.75,65.32,64.46,64.75,893812
2017-11-08,65.32,66.76,65.04,66.47,5651
2017-11-09,66.47,67.04,65.9,67.04,3391999
2017-11-10,67.04,68.19,65.9,67.9,2990594
2017-11-13,68.19,68.19,66.47,66.47,1681560
2017-11-14,66.18,67.33,65.9,67.33,1452564
2017-11-15,67.33,67.33,65.9,66.76,1298251
2017-11-16,66.47,67.33,66.47,67.04,915035
2017-11-17,67.04,67.33,66.18,66.18,1092354
2017-11-20,66.47,67.04,65.9,66.47,1202129
2017-11-21,66.76,67.33,66.47,67.04,1732859
2017-11-22,67.33,67.62,67.04,67.62,2337182
2017-11-23,68.19,69.33,67.62,67.62,3203146
2017-11-24,67.9,68.19,67.33,67.33,1337645
2017-11-27,67.62,67.9,67.33,67.62,1090587
2017-11-28,67.62,67.9,67.33,67.9,1175332
2017-11-29,68.19,68.47,67.33,67.62,1026505
2017-11-30,67.62,67.62,65.61,65.61,3553784
2017-12-01,65.9,67.62,65.32,67.33,3206675
2017-12-04,67.04,67.04,65.9,66.47,1244176
2017-12-05,66.18,66.47,65.32,65.9,1802079
2017-12-06,65.9,65.9,63.6,64.46,2869231
2017-12-07,64.75,65.04,63.89,64.18,1646419
2017-12-08,64.75,65.04,64.18,64.75,1479189
2017-12-11,64.75,65.61,64.75,65.61,1038670
2017-12-12,65.04,65.61,64.75,65.32,966639
2017-12-13,65.32,65.32,64.18,64.46,1053329
2017-12-14,64.75,66.76,64.75,66.18,1751101
2017-12-15,66.18,66.18,64.18,64.18,2358730
2017-12-18,64.75,64.75,64.18,64.75,395757
2017-12-19,64.75,65.32,64.46,65.04,1052431
2017-12-20,65.04,65.61,65.04,65.04,584905
2017-12-21,65.04,65.9,64.46,64.46,756837
2017-12-22,64.46,65.32,64.46,65.04,973149
2017-12-25,65.32,65.61,65.04,65.32,296704
2017-12-26,65.32,65.9,64.46,64.75,756843
2017-12-27,64.75,65.32,64.46,64.75,280501
2017-12-28,64.75,65.9,64.75,65.9,813434
2017-12-29,65.61,65.9,65.04,65.04,667008
2018-01-02,65.32,65.9,65.04,65.9,559894
2018-01-03,65.9,66.47,65.32,66.18,1112465
2018-01-04,66.18,66.76,65.9,66.76,1129382
2018-01-05,67.04,68.47,66.47,67.33,2789781
2018-01-08,67.9,67.9,66.47,66.47,1805734
2018-01-09,66.47,66.76,65.9,66.18,1072129
2018-01-10,66.47,66.76,65.61,66.18,1724164
2018-01-11,66.76,67.04,66.18,66.47,1064419
2018-01-12,66.47,67.04,66.18,66.76,1261723
2018-01-15,67.04,69.91,67.04,69.05,6921
2018-01-16,72.49,75.06,71.63,72.2,15060
2018-01-17,73.06,73.92,71.63,72.49,5091
2018-01-18,72.49,74.78,71.91,73.35,8082
2018-01-19,74.49,75.06,70.19,70.77,7738
2018-01-22,70.77,71.63,69.91,71.63,4425301
2018-01-23,71.63,71.63,70.19,71.63,4000038
2018-01-24,71.63,71.91,70.48,71.34,3418977
2018-01-25,71.63,72.2,69.91,70.48,2825909
2018-01-26,70.48,72.2,69.33,71.91,5330
2018-01-29,72.49,73.06,70.48,71.05,3961140
2018-01-30,71.05,71.34,69.33,69.91,4002329
2018-01-31,71.05,72.2,69.33,70.19,9009
2018-02-01,71.05,71.63,69.33,70.19,8404
2018-02-02,70.48,75.35,70.19,74.78,17699
2018-02-05,72.2,76.21,71.63,75.06,11773
2018-02-06,71.63,72.49,68.76,71.34,9782
2018-02-07,70.48,71.34,68.76,69.62,11576
2018-02-08,70.48,70.48,69.05,69.91,3761311
2018-02-09,67.62,70.19,66.47,69.33,4216711
2018-02-12,69.91,70.19,68.76,69.33,2169780
2018-02-21,70.77,71.91,69.91,71.91,3477187
2018-02-22,71.63,73.35,71.63,72.2,5214
2018-02-23,72.77,73.06,72.2,73.06,3089615
2018-02-26,73.63,74.49,73.35,73.92,3545349
2018-02-27,74.49,74.49,72.49,72.49,4687853
2018-03-01,72.2,74.21,71.63,73.35,3153193
2018-03-02,71.91,74.21,71.91,73.63,2429372
2018-03-05,74.49,74.78,72.77,73.35,2842443
2018-03-06,73.92,74.49,73.63,74.21,2949489
2018-03-07,73.35,75.06,73.35,73.92,3130579
2018-03-08,74.49,76.78,73.92,74.49,6305
2018-03-09,74.49,75.35,74.21,75.06,1319511
2018-03-12,76.21,76.21,74.78,75.35,2632033
2018-03-13,75.64,77.64,75.35,77.36,4572440
2018-03-14,77.07,79.36,76.78,79.36,6043
2018-03-15,79.08,80.79,78.22,79.08,3308734
2018-03-16,79.65,80.79,78.5,79.94,6044
2018-03-19,79.36,79.65,78.5,79.08,1877472
2018-03-20,78.5,79.08,77.36,77.64,1976972
2018-03-21,77.93,78.22,76.78,76.78,4372482
2018-03-22,76.78,80.79,76.78,78.22,7184
2018-03-23,76.5,77.64,75.64,76.21,2709844
2018-03-26,76.21,77.64,76.21,77.36,1371149
2018-03-27,77.93,78.79,76.78,77.64,1255984
2018-03-28,75.92,76.21,73.92,74.21,3975709
2018-03-29,74.49,76.78,74.49,75.64,3021092
2018-03-30,75.92,76.5,74.78,75.64,1401412
2018-04-02,75.92,76.21,75.06,75.35,583003
2018-04-03,74.78,75.35,73.35,73.63,1795073
2018-04-09,75.06,75.35,73.63,74.78,2806513
2018-04-10,74.78,75.35,74.49,74.78,2333465
2018-04-11,74.78,75.06,73.35,73.92,1904049
2018-04-12,73.92,74.21,73.06,73.63,1874839
2018-04-13,73.92,74.21,73.06,73.92,1361030
2018-04-16,73.63,73.92,72.2,72.2,2186024
2018-04-17,72.2,72.77,71.63,72.2,2400501
2018-04-18,72.77,73.06,71.34,71.91,1875015
2018-04-19,72.77,73.92,72.77,73.35,4772563
2018-04-20,73.63,73.63,72.49,72.77,2320591
2018-04-23,73.35,73.35,71.34,72.2,1941593
2018-04-24,72.77,72.77,69.91,71.34,2607572
2018-04-25,70.77,71.91,70.19,71.91,1195225
2018-04-26,72.2,72.2,70.19,71.05,1479429
2018-04-27,71.34,71.91,70.19,71.63,1301769
2018-04-30,71.05,71.63,70.77,71.63,1397657
2018-05-02,71.34,71.63,71.05,71.34,867641
2018-05-03,71.05,71.34,69.91,69.91,1979656
2018-05-04,71.05,71.63,69.91,71.63,2370067
2018-05-07,71.63,71.91,68.76,69.62,2934612
2018-05-08,70.19,70.48,69.33,69.91,2521800
2018-05-09,73.35,76.78,73.06,76.5,7649
2018-05-10,76.78,77.36,75.92,76.5,4336435
2018-05-11,77.07,78.5,76.78,78.22,4091704
2018-05-14,78.79,79.08,77.93,78.5,1841448
2018-05-15,79.08,79.65,77.93,78.5,2000162
2018-05-16,79.08,79.36,78.22,79.08,2579659
2018-05-17,79.36,80.22,79.08,79.08,2242181
2018-05-18,79.08,79.65,77.64,77.64,1655054
2018-05-21,78.22,78.5,77.64,78.22,1613293
2018-05-22,78.5,78.79,77.93,77.93,957494
2018-05-23,78.5,79.36,78.22,78.22,3099756
2018-05-24,79.08,79.08,76.5,77.93,2304108
2018-05-25,78.5,79.36,77.64,78.5,1777443
2018-05-28,78.5,79.08,77.93,79.08,860681
2018-05-29,79.08,79.08,77.36,77.93,1591989
2018-05-30,77.93,79.08,77.36,77.64,2040573
2018-05-31,77.93,78.5,76.21,77.64,4064589
2018-06-01,77.36,79.08,76.78,78.5,2264328
2018-06-04,79.08,79.08,77.93,78.79,1475436
2018-06-05,78.79,80.22,78.22,79.65,1953915
2018-06-06,80.22,81.94,79.65,81.37,3699686
2018-06-07,83.09,85.38,81.94,84.23,7637
2018-06-08,83.66,84.81,82.51,83.37,2694009
2018-06-11,84.23,84.52,82.51,83.09,2769328
2018-06-12,83.09,83.37,80.51,82.23,2789776
2018-06-13,82.23,83.66,81.65,83.66,2495309
2018-06-14,84.52,88.24,83.09,83.09,9332
2018-06-15,83.66,84.23,81.37,83.66,9914
2018-06-19,81.37,81.65,77.36,81.08,5760
2018-06-20,79.94,81.37,78.79,80.51,2870909
2018-06-21,80.79,81.94,80.79,81.37,1735221
2018-06-22,79.65,79.94,78.22,78.22,2474621
2018-06-25,78.22,79.94,77.64,78.79,2041041
2018-06-26,77.93,80.22,77.36,79.94,1546892
2018-06-27,79.36,80.22,78.22,78.22,1611120
2018-06-28,77.36,77.36,75.64,76.21,2999521
2018-06-29,76.21,78.79,76.21,78.79,2143873
2018-07-02,78.22,78.79,77.07,77.64,1513985
2018-07-03,77.36,79.08,77.36,77.93,1357317
2018-07-04,78.22,79.65,77.93,79.36,1420515
2018-07-05,79.94,79.94,77.36,78.22,1962880
2018-07-06,77.36,79.36,77.36,78.5,1928925
2018-07-09,78.5,79.94,78.5,79.08,2101020
2018-07-10,79.65,80.79,78.5,80.22,2468143
2018-07-11,79.36,79.36,76.78,79.36,2604798
2018-07-12,78.21,81.54,78.21,81.54,3388515
2018-07-13,80.33,81.84,80.33,80.93,2025122
2018-07-16,80.33,83.05,80.03,82.44,2400282
2018-07-17,83.35,83.95,83.05,83.65,2915656
2018-07-18,84.56,87.58,84.25,86.97,4415290
2018-07-19,87.58,88.18,86.07,87.27,2974772
2018-07-20,88.18,88.18,85.16,86.37,1928228
2018-07-23,87.58,87.58,85.16,86.37,1660122
2018-07-24,86.67,87.27,86.07,86.67,1175053
2018-07-25,86.67,87.58,86.07,86.37,1268802
2018-07-26,86.97,87.88,86.37,87.27,1484700
2018-07-27,87.58,89.99,86.37,88.48,3337781
2018-07-30,87.58,89.39,86.97,88.48,1885520
2018-07-31,88.48,89.39,86.97,89.39,2055557
2018-08-01,89.09,89.09,86.37,86.67,2576643
2018-08-02,86.37,86.97,85.16,86.37,2439233
2018-08-03,86.37,87.58,85.76,86.37,1800364
2018-08-06,87.27,88.78,85.76,87.58,2857912
2018-08-07,86.97,87.58,85.16,85.76,2812931
2018-08-08,87.58,93.92,87.58,91.8,13218
2018-08-09,92.41,93.92,90.9,93.31,8009
2018-08-10,92.41,96.94,92.41,96.03,8243
2018-08-13,95.43,96.03,92.11,93.62,5672
2018-08-14,94.82,96.03,91.8,93.62,6745
2018-08-15,93.92,93.92,90.29,90.6,4082608
2018-08-16,88.78,91.5,88.48,89.99,5114
2018-08-17,90.9,91.5,89.39,90.29,3112056
2018-08-20,92.11,92.11,89.09,90.6,3360970
2018-08-21,91.5,93.62,90.9,91.8,4488807
2018-08-22,91.8,92.11,90.29,91.5,2203426
2018-08-23,91.5,91.8,89.99,91.8,3234057
2018-08-24,90.9,91.8,87.88,88.78,3838706
2018-08-27,89.39,91.2,88.78,91.2,1524479
2018-08-28,92.11,93.62,90.9,93.62,4039608
2018-08-29,92.71,93.31,91.2,92.71,4414366
2018-08-30,90.29,92.41,89.39,91.5,4806715
2018-08-31,91.2,91.8,89.99,90.9,4017410
2018-09-03,92.11,92.11,88.18,88.78,5510
2018-09-04,89.39,89.39,87.27,87.58,2578278
2018-09-05,89.99,90.6,88.78,88.78,4218277
2018-09-06,90.6,94.22,89.99,92.71,11471
2018-09-07,97.24,97.54,92.41,93.31,9860
2018-09-10,93.62,95.13,91.8,94.52,3817386
2018-09-11,94.82,96.03,94.22,95.73,4904398
2018-09-12,93.92,94.22,86.67,88.18,9999
2018-09-13,89.69,90.6,88.48,90.6,4459361
2018-09-14,91.2,91.5,89.39,90.6,2537635
2018-09-17,89.99,90.29,88.78,89.09,1539327
2018-09-18,88.48,91.2,88.18,89.69,3497962
2018-09-19,90.9,91.2,89.09,89.99,2948947
2018-09-20,90.6,90.9,88.78,89.09,2954734
2018-09-21,90.29,92.71,89.69,92.71,6312
2018-09-25,89.39,90.29,87.88,88.78,4438325
2018-09-26,88.18,89.39,88.18,88.18,1908301
2018-09-27,88.18,89.69,88.18,89.39,1961757
2018-09-28,89.69,91.8,89.09,91.2,4759058
2018-10-01,91.2,91.5,88.48,89.09,2690709
2018-10-02,89.09,89.09,86.97,86.97,3062563
2018-10-03,88.18,88.18,86.07,86.07,2369326
2018-10-04,86.07,88.78,85.76,88.18,4556112
2018-10-05,87.58,88.18,85.16,86.37,5545
2018-10-08,85.16,86.37,79.12,80.33,6599
2018-10-09,80.93,83.05,80.63,82.74,3282220
2018-10-11,79.42,79.42,74.59,74.59,7682
2018-10-12,74.59,77.61,73.68,76.7,4254466
2018-10-15,75.5,78.52,75.19,77.91,3710129
2018-10-16,76.7,79.42,76.4,76.7,2808020
2018-10-17,79.72,80.93,78.82,79.72,3297641
2018-10-18,80.33,84.56,79.72,81.23,6488
2018-10-19,81.23,84.25,80.63,84.25,8787
2018-10-22,82.44,85.16,81.54,84.25,3748463
2018-10-23,82.14,83.05,80.93,81.54,2928923
2018-10-24,81.54,85.76,80.33,83.05,5237
2018-10-25,80.33,83.05,79.72,80.33,6203
2018-10-26,82.14,83.05,80.33,80.33,4823787
2018-10-29,81.84,82.14,75.5,76.4,7880
2018-10-30,77.31,82.74,77.31,81.54,5979
2018-10-31,81.84,84.56,80.93,82.44,5424
2018-11-01,82.44,84.25,81.84,83.35,5118
2018-11-02,84.56,84.56,82.44,83.65,5082
2018-11-05,82.14,86.07,81.84,83.65,4851871
2018-11-06,82.44,82.74,78.52,80.33,8240
2018-11-07,79.12,82.44,79.12,80.33,5388
2018-11-08,81.23,82.14,78.52,78.52,5700
2018-11-09,78.21,80.63,77.01,80.63,3581906
2018-11-12,79.12,80.33,77.91,78.52,2700548
2018-11-13,76.4,78.82,76.1,78.52,2654432
2018-11-14,78.52,79.12,78.21,79.12,1472775
2018-11-15,79.12,79.12,77.01,77.91,2207140
2018-11-16,76.7,78.21,75.19,77.91,6125
2018-11-19,77.01,78.21,76.1,77.91,3323633
2018-11-20,76.7,77.31,76.1,76.1,1905743
2018-11-21,76.1,77.31,74.29,76.7,4778501
2018-11-22,76.4,77.01,75.5,75.5,2606004
2018-11-23,76.1,76.7,74.89,76.1,1216568
2018-11-26,76.4,78.21,76.4,77.01,1978449
2018-11-27,76.7,77.61,75.8,77.31,4024605
2018-11-28,77.61,79.72,76.7,79.42,3522327
2018-11-29,80.03,80.33,76.7,76.7,6769
2018-11-30,77.31,79.42,77.31,78.52,7298
2018-12-03,80.03,86.37,79.72,86.37,8970
2018-12-04,90.6,92.11,83.95,84.86,11533
2018-12-05,83.35,86.37,82.74,85.76,4023469
2018-12-06,85.16,86.07,80.93,81.54,5123
2018-12-07,82.44,83.95,82.44,83.05,2295609
2018-12-10,82.74,84.56,82.14,83.35,2766455
2018-12-11,82.44,83.65,81.84,82.74,2570806
2018-12-12,83.95,84.56,83.05,83.65,1734252
2018-12-13,83.65,85.16,82.44,83.35,2391080
2018-12-14,82.74,83.65,82.44,83.35,1466993
2018-12-17,83.65,84.56,83.05,83.05,1253164
2018-12-18,83.05,83.65,82.44,83.05,1432605
2018-12-19,83.65,85.16,83.05,83.95,1892394
2018-12-20,83.05,87.58,83.05,85.76,4148442
2018-12-21,85.76,85.76,83.35,83.95,2768967
2018-12-24,84.25,86.07,83.65,85.46,1022786
2018-12-25,83.95,84.56,82.44,82.44,2011049
2018-12-26,83.35,83.95,82.74,83.35,1383490
2018-12-27,84.86,86.67,83.35,85.76,4035872
2018-12-28,85.46,86.37,84.56,85.76,2009563
2019-01-02,85.46,85.76,83.65,83.65,1686658
2019-01-03,83.65,83.95,80.03,80.93,7022
2019-01-04,79.72,81.23,78.82,80.63,3329477
2019-01-07,81.84,85.16,81.23,84.56,3901828
2019-01-08,84.56,86.67,84.56,85.76,4806848
2019-01-09,86.67,88.78,85.46,88.18,5087
2019-01-10,87.88,87.88,86.07,87.58,2166393
2019-01-11,86.97,88.18,86.07,86.97,2134149
2019-01-14,86.97,87.58,86.37,86.37,1016296
2019-01-15,87.58,89.99,86.97,89.39,3417164
2019-01-16,88.78,91.2,88.48,89.39,4053436
2019-01-17,90.6,91.5,89.39,90.6,3277815
2019-01-18,91.5,93.92,90.29,90.9,5407
2019-01-21,94.22,95.73,93.62,93.92,5494
2019-01-22,93.92,94.52,91.5,93.62,3607575
2019-01-23,92.11,93.01,91.8,93.01,2677720
2019-01-24,91.8,91.8,89.39,90.6,10205
2019-01-25,92.41,93.62,92.11,93.31,3931481
2019-01-28,93.31,94.52,92.11,92.41,2882127
2019-01-29,93.01,95.73,92.71,94.82,5956
2019-01-30,95.43,96.33,94.22,95.43,3080823
2019-02-11,96.03,96.64,94.82,96.33,3906655
2019-02-12,97.24,98.15,95.73,97.24,3372631
2019-02-13,97.24,97.54,95.73,96.33,3389079
2019-02-14,96.64,99.05,96.33,98.75,6020
2019-02-15,101.47,107.51,101.47,105.39,13850
2019-02-18,106.9,109.62,104.79,105.39,6901
2019-02-19,105.39,107.51,104.49,105.39,2972622
2019-02-20,106.9,108.41,105.09,105.7,5133
2019-02-21,106.0,106.6,104.49,106.3,4942249
2019-02-22,106.9,107.21,103.28,104.49,3840739
2019-02-25,105.7,105.7,103.28,104.79,5090
2019-02-26,105.7,106.3,103.28,104.79,3766983
2019-02-27,105.7,105.7,102.68,103.28,3413265
2019-03-04,102.07,103.88,101.77,103.28,4546152
2019-03-05,102.68,102.98,101.47,102.07,2845044
2019-03-06,102.68,106.3,102.37,106.3,5314
2019-03-07,106.6,107.51,103.28,104.19,5833
2019-03-08,103.58,106.0,103.58,104.49,4195950
2019-03-11,103.88,108.41,103.88,107.81,5251
2019-03-12,107.81,108.41,105.09,105.09,6263
2019-03-13,106.3,107.51,105.39,106.6,3112525
2019-03-14,105.39,107.21,105.39,106.3,4308366
2019-03-15,106.9,109.92,105.7,108.11,9333
2019-03-18,108.11,113.85,108.11,113.85,6078
2019-03-19,114.15,115.66,111.13,112.94,5524
2019-03-20,112.04,115.66,111.74,112.34,4086260
2019-03-21,113.25,115.36,112.64,115.06,2475937
2019-03-22,115.96,117.17,114.45,115.36,3506231
2019-03-25,110.23,114.76,110.23,114.76,2049693
2019-03-26,116.27,116.87,112.64,115.36,3090025
2019-03-27,115.66,115.66,113.85,115.36,1651398
2019-03-28,114.15,115.66,112.94,114.76,2450364
2019-03-29,116.87,120.19,116.27,119.59,5906
2019-04-01,119.89,120.19,117.77,118.38,3289181
2019-04-02,120.79,122.3,119.89,121.1,2744049
2019-04-03,123.21,123.51,119.28,120.79,2735042
2019-04-08,120.79,120.79,115.96,116.57,5666
2019-04-09,117.17,118.98,115.36,118.68,5451
2019-04-10,117.47,119.89,115.96,119.28,5705
2019-04-11,119.89,122.0,119.28,120.79,3560368
2019-04-12,121.7,123.21,118.08,121.4,5661
2019-04-15,120.49,120.79,117.17,118.38,5259
2019-04-16,118.38,118.98,117.17,117.77,4053187
2019-04-17,117.17,120.79,115.96,118.08,7398
2019-04-18,118.38,121.4,118.08,119.89,6358
2019-04-19,120.49,121.4,118.68,120.49,4130425
2019-04-22,120.49,121.1,118.98,119.59,2273757
2019-04-23,119.28,119.59,116.27,118.08,3448589
2019-04-24,120.19,120.79,118.98,119.59,4009612
2019-04-25,121.4,124.42,120.49,123.51,6414
2019-04-26,124.12,125.63,120.19,120.19,4674395
2019-04-29,121.4,122.0,118.38,120.79,2092164
2019-04-30,119.89,122.0,118.98,121.7,2229103
2019-05-02,121.7,122.3,120.19,120.79,2558317
2019-05-03,120.49,125.02,119.89,125.02,5322
2019-05-06,120.79,125.02,120.79,122.91,4848526
2019-05-07,122.61,133.78,122.61,133.78,8304
2019-05-08,130.76,134.69,128.65,131.06,8026
2019-05-09,131.97,135.29,129.25,131.36,6376
2019-05-10,132.57,132.87,126.53,127.44,6482
2019-05-13,126.23,126.23,119.59,120.79,7164
2019-05-14,117.77,122.91,117.47,122.3,5754
2019-05-15,122.61,123.51,119.28,121.1,4981732
2019-05-16,121.4,121.4,117.77,117.77,5278
2019-05-17,119.28,120.19,111.13,113.25,9110
2019-05-20,111.43,111.43,107.81,108.72,8653
2019-05-21,106.6,107.21,101.17,104.79,13822
2019-05-22,105.7,109.02,105.7,107.51,12227
2019-05-23,100.56,103.28,98.45,100.86,10964
2019-05-24,100.86,102.07,97.84,99.66,9285
2019-05-27,100.86,102.07,96.33,98.75,5039
2019-05-28,97.84,99.96,97.54,97.84,7347
2019-05-29,97.84,99.05,95.43,99.05,6176
2019-05-30,98.75,101.17,96.94,98.45,7855
2019-05-31,98.45,101.77,98.15,101.17,9931
2019-06-03,99.66,101.17,97.84,99.05,5791
2019-06-04,99.66,103.28,97.24,97.84,9190
2019-06-05,100.26,100.56,98.75,100.26,5120
2019-06-06,98.75,99.05,90.29,90.29,18098
2019-06-10,93.62,96.94,93.31,96.33,13707
2019-06-11,96.33,98.45,94.82,96.94,11054
2019-06-12,96.94,100.86,95.73,99.96,10968
2019-06-13,99.66,99.96,96.94,98.45,8113
2019-06-14,98.75,99.35,97.84,99.05,4623716
2019-06-17,98.45,99.05,97.84,98.15,4288073
2019-06-18,98.15,99.35,96.64,97.24,4954303
2019-06-19,100.86,105.39,100.56,103.28,13521
2019-06-20,102.37,103.28,100.86,102.68,8419
2019-06-21,103.88,103.88,102.07,102.98,6450
2019-06-24,103.58,103.88,100.86,103.28,5186
2019-06-25,103.88,103.88,101.47,101.47,3785097
2019-06-26,100.86,102.07,99.66,100.86,3835651
2019-06-27,102.68,103.88,101.77,102.37,6190
2019-06-28,103.88,105.7,102.68,104.49,5844
2019-07-01,114.76,114.76,114.76,114.76,8458
2019-07-02,114.76,115.06,111.13,111.74,16334
2019-07-03,110.53,111.13,106.0,106.0,11682
2019-07-04,106.9,108.41,104.49,106.0,7544
2019-07-05,106.9,107.51,104.19,106.3,5927
2019-07-08,105.7,106.0,103.88,104.19,5187
2019-07-09,104.19,105.7,103.58,103.88,5894
2019-07-10,104.79,106.9,104.49,105.7,6954
2019-07-11,107.81,112.34,107.51,110.53,16256
2019-07-12,111.67,112.62,110.08,110.08,14702
2019-07-15,110.08,114.84,110.08,114.21,14878
2019-07-16,116.11,116.75,112.94,112.94,16232
2019-07-17,111.67,111.67,108.18,108.5,16340
2019-07-18,107.23,107.23,102.47,103.42,17320
2019-07-19,105.96,109.13,105.32,109.13,14520
2019-07-22,109.45,110.72,107.23,110.72,11278
2019-07-23,111.03,111.99,108.5,110.4,11656
2019-07-24,109.77,109.77,108.18,108.81,7447
2019-07-25,109.13,110.4,106.91,109.45,7805
2019-07-26,108.18,109.45,107.23,108.5,4676438
2019-07-29,108.18,109.13,107.86,108.5,2816974
2019-07-30,109.45,109.77,105.32,105.96,6031
2019-07-31,105.64,105.96,104.69,105.32,5316
2019-08-01,104.06,106.59,104.06,106.59,3678800
2019-08-02,104.37,105.32,102.79,104.37,6166
2019-08-05,103.74,104.37,99.3,99.61,8326
2019-08-06,95.49,101.52,95.17,99.61,7887
2019-08-07,105.01,106.28,102.15,103.74,13328
2019-08-08,102.47,105.64,102.15,104.69,7958
2019-08-12,105.01,106.28,104.06,105.32,4951894
2019-08-13,104.06,104.06,102.15,102.15,6308
2019-08-14,104.06,105.32,103.42,103.74,5340
2019-08-15,101.2,103.42,100.88,103.1,3350320
2019-08-16,104.06,105.96,103.42,104.69,4716115
2019-08-19,105.96,110.4,105.01,109.77,11846
2019-08-20,111.03,111.03,108.81,110.72,12003
2019-08-21,109.77,110.4,107.86,108.81,6197
2019-08-22,109.77,112.3,109.13,109.45,10157
2019-08-23,109.13,111.67,108.5,110.4,9015
2019-08-26,107.55,109.45,106.59,107.23,7998
2019-08-27,109.13,110.08,107.86,108.18,9393
2019-08-28,108.81,110.72,108.18,110.72,7805
2019-08-29,111.67,117.38,111.67,114.84,20067
2019-08-30,116.43,120.23,116.43,118.01,18547
2019-09-02,119.92,123.41,119.28,122.46,18502
2019-09-03,121.82,122.46,119.6,119.6,9681
2019-09-04,118.65,120.87,117.06,118.01,10847
2019-09-05,118.97,120.23,117.7,119.6,6883
2019-09-06,120.87,122.77,119.6,120.23,11241
2019-09-10,118.01,119.28,116.11,116.75,6961
2019-09-11,117.7,119.6,117.7,119.28,5928
2019-09-12,119.92,120.55,118.01,118.97,5285
2019-09-16,116.75,118.33,115.48,117.7,5829
2019-09-17,117.38,118.97,117.38,118.33,3989265
2019-09-18,118.97,120.55,118.01,118.33,5456
2019-09-19,118.65,121.19,118.33,119.92,9991
2019-09-20,119.92,120.23,117.38,117.38,5505
2019-09-23,117.38,118.33,116.11,116.75,4459833
2019-09-24,117.06,118.33,116.43,117.06,5084
2019-09-25,116.43,118.01,116.43,118.01,4405221
2019-09-26,118.65,119.92,113.57,115.48,9813
2019-09-27,114.21,115.16,112.3,112.94,7466
2019-10-01,115.16,117.06,113.57,117.06,7942
2019-10-02,116.75,118.97,116.11,118.65,6431
2019-10-03,117.06,120.55,116.43,120.55,8006
2019-10-04,121.82,123.09,119.28,121.19,10155
2019-10-07,122.14,122.77,119.28,119.6,3942201
2019-10-08,119.6,120.23,116.43,118.65,7554
2019-10-09,117.06,117.7,114.84,114.84,5631
2019-10-14,117.06,118.33,116.75,117.7,3745805
2019-10-15,117.38,117.7,115.16,116.11,3462721
2019-10-16,117.06,118.65,116.43,116.43,4662363
2019-10-17,116.43,119.28,116.43,119.28,4647947
2019-10-18,119.92,121.19,118.65,118.97,4703942
2019-10-21,118.65,118.97,117.7,118.33,1999080
2019-10-22,118.97,119.6,118.65,119.28,1835999
2019-10-23,119.92,130.07,119.6,129.75,26914
2019-10-24,130.39,133.24,128.17,131.97,17882
2019-10-25,130.7,131.66,124.36,124.36,16262
2019-10-28,125.63,127.85,123.72,124.04,9818
2019-10-29,124.68,125.63,120.55,122.14,9641
2019-10-30,122.46,124.99,120.87,124.68,8248
2019-10-31,125.31,126.58,124.36,124.36,6376
2019-11-01,124.99,128.8,124.36,128.17,10586
2019-11-04,130.39,135.15,129.12,132.61,15192
2019-11-05,136.1,139.27,134.19,138.95,12328
2019-11-06,139.59,139.59,132.92,136.1,10205
2019-11-07,138.32,140.54,134.51,136.41,17082
2019-11-08,138.63,138.63,132.92,134.51,7140
2019-11-11,133.88,134.19,131.66,132.29,4089092
2019-11-12,132.92,137.05,132.92,137.05,5472
2019-11-13,135.78,140.22,135.15,137.05,8070
2019-11-14,137.68,138.63,135.78,137.37,4294483
2019-11-15,136.73,137.37,132.92,134.83,7055
2019-11-18,133.56,137.05,131.97,136.1,4028226
2019-11-19,134.83,138.95,134.83,138.95,4197855
2019-11-20,139.59,140.54,137.05,138.32,7692
2019-11-21,136.41,137.37,135.46,137.05,5492
2019-11-22,138.32,150.69,138.0,150.69,31741
2019-11-25,149.1,150.37,143.39,144.03,15833
2019-11-26,144.66,146.57,142.44,143.08,9807
2019-11-27,142.76,145.93,141.81,144.03,7206
2019-11-28,145.61,147.52,141.49,141.81,8459
2019-11-29,142.12,143.39,141.17,141.81,3362622
2019-12-02,144.66,144.98,138.32,139.9,8051
2019-12-03,138.95,140.54,138.63,139.27,3048927
2019-12-04,138.32,138.63,136.41,137.05,5192
2019-12-05,138.63,141.17,138.32,140.54,5645
2019-12-06,141.49,143.39,138.95,139.59,4592738
2019-12-09,141.49,144.66,140.22,143.08,6497
2019-12-10,141.17,145.3,141.17,144.35,4574677
2019-12-11,145.3,146.57,143.08,145.93,7073
2019-12-12,147.84,148.15,143.71,146.25,9495
2019-12-13,148.15,151.64,144.66,145.3,9657
2019-12-16,146.57,149.74,144.66,149.1,17488
2019-12-17,148.15,151.01,148.15,151.01,5292
2019-12-18,148.47,149.74,145.3,145.3,8373
2019-12-19,145.3,145.93,140.22,143.08,10638
2019-12-20,138.63,139.9,131.97,134.83,26881
2019-12-23,136.1,138.0,134.51,137.05,9376
2019-12-24,137.05,138.63,136.1,137.05,5535
2019-12-25,137.05,139.59,136.73,138.95,3656144
2019-12-26,139.9,140.22,139.27,140.22,2991902
2019-12-27,141.49,144.98,141.49,144.03,7754
2019-12-30,144.03,144.03,140.54,140.86,3662282
2019-12-31,140.86,142.12,138.95,138.95,3194400
2020-01-02,139.27,141.49,138.95,141.17,4608951
2020-01-03,142.12,142.12,135.78,136.73,10226
2020-01-06,134.51,135.46,133.24,133.88,8175
2020-01-07,138.63,139.27,136.41,138.32,9373
2020-01-08,137.05,141.81,135.15,139.9,8539
2020-01-09,142.76,145.3,142.44,144.35,9817
2020-01-10,144.66,145.61,142.12,144.35,4557016
2020-01-13,145.93,148.15,144.35,147.52,8893
2020-01-14,148.47,150.37,144.66,147.2,8005
2020-01-15,147.84,148.15,143.08,144.35,7250
2020-01-16,143.08,145.93,142.12,145.93,7397
2020-01-17,145.93,146.25,144.03,144.98,3308363
2020-01-20,145.3,146.25,144.66,146.25,2685418
2020-01-30,144.03,144.03,135.78,136.1,9989
2020-01-31,136.41,139.27,135.46,138.32,5527
2020-02-03,134.51,137.37,128.8,135.15,6911
2020-02-04,146.57,146.57,138.32,138.32,3696161
2020-02-05,139.59,139.59,134.19,134.51,5499
2020-02-06,136.1,138.95,135.78,138.63,4839008
2020-02-07,138.0,138.32,135.46,135.78,5361
2020-02-10,133.24,134.83,131.97,132.29,6107
2020-02-11,133.88,138.0,133.56,137.37,5299
2020-02-12,138.95,141.49,138.32,139.9,9727
2020-02-13,139.27,140.86,138.95,139.9,3965677
2020-02-14,138.95,139.59,137.68,139.27,5694
2020-02-17,138.32,138.95,137.05,137.37,3009421
2020-02-18,136.73,137.05,133.88,134.51,4236327
2020-02-19,134.19,135.46,133.56,135.15,3635867
2020-02-20,134.19,134.51,131.66,132.29,8945
2020-02-21,130.39,131.02,128.17,130.07,10337
2020-02-24,126.9,129.43,126.9,129.12,4412799
2020-02-25,127.53,130.39,126.9,129.12,3222617
2020-02-26,127.21,129.75,126.9,129.12,5075
2020-02-27,128.17,129.75,124.04,124.04,8021
2020-03-02,121.19,127.85,119.92,125.31,6633
2020-03-03,128.17,129.75,127.85,127.85,3685972
2020-03-04,126.9,129.12,125.95,129.12,4153697
2020-03-05,130.07,130.7,129.43,129.75,3938769
2020-03-06,129.43,130.39,128.8,129.12,3910770
2020-03-09,126.26,128.17,123.72,123.72,5129
2020-03-10,122.46,126.26,121.5,123.09,6243
2020-03-11,124.36,126.26,122.14,122.46,3548941
2020-03-12,121.19,121.19,113.89,117.7,8711
2020-03-13,106.59,117.38,106.59,113.26,8983
2020-03-16,114.21,116.11,108.81,108.81,5326
2020-03-17,106.59,113.26,106.59,107.86,7106
2020-03-18,108.5,110.08,106.59,106.91,5443
2020-03-19,103.42,104.37,96.44,96.44,11183
2020-03-20,98.03,104.06,92.32,96.44,14675
2020-03-23,96.44,99.61,90.73,97.39,7724
2020-03-24,100.57,106.59,100.25,102.47,9004
2020-03-25,105.64,108.81,104.69,107.23,7657
2020-03-26,109.77,109.77,105.96,108.5,5430
2020-03-27,110.08,111.35,108.5,109.13,6027
2020-03-30,106.91,110.4,105.32,110.08,3369429
2020-03-31,111.67,111.67,108.18,109.13,4838529
2020-04-01,111.03,111.67,109.13,111.03,3716545
2020-04-06,111.03,117.38,110.72,117.38,5571
2020-04-07,121.19,121.82,116.75,116.75,5575
2020-04-08,118.01,120.87,116.75,117.06,5964
2020-04-09,118.65,119.92,117.38,118.65,5520
2020-04-10,118.65,119.28,117.06,117.38,2622184
2020-04-13,116.75,117.38,114.52,114.84,4008375
2020-04-14,115.79,118.33,115.16,117.7,4595688
2020-04-15,118.65,119.28,116.75,118.01,5466
2020-04-16,116.11,117.7,115.48,116.11,4630162
2020-04-17,118.01,118.97,115.79,117.38,6895
2020-04-20,116.43,117.06,115.48,116.11,2832500
2020-04-21,115.79,116.43,112.94,113.57,4673199
2020-04-22,110.72,112.62,109.45,112.3,5564
2020-04-23,112.94,115.48,111.99,113.26,4350155
2020-04-24,112.62,113.57,111.35,111.67,3701576
2020-04-27,112.62,113.57,111.67,112.94,6798
2020-04-28,112.94,113.89,110.4,113.89,6441
2020-04-29,112.62,118.33,112.62,116.43,8441
2020-04-30,116.43,118.97,116.11,118.33,5940
2020-05-04,114.84,119.92,113.57,118.65,6161
2020-05-05,118.97,121.5,118.01,119.92,6408
2020-05-06,120.55,126.26,118.97,124.04,10115
2020-05-07,130.07,131.97,126.9,126.9,13811
2020-05-08,128.8,131.34,128.8,129.12,5802
2020-05-11,131.34,131.34,129.12,129.43,2677779
2020-05-12,129.75,132.29,128.8,129.43,4942307
2020-05-13,129.43,133.88,129.12,133.24,7531
2020-05-14,132.92,133.24,128.8,129.12,7088
2020-05-15,129.75,130.7,127.53,129.43,2617288
2020-05-18,126.26,129.12,123.09,123.72,10856
2020-05-19,125.63,126.9,124.36,124.99,6188
2020-05-20,124.99,127.21,123.72,125.63,4504553
2020-05-21,125.63,129.12,125.63,129.12,5372
2020-05-22,126.9,127.21,124.99,125.95,3760891
2020-05-25,126.9,128.8,124.04,128.48,2526362
2020-05-26,129.43,132.92,128.8,131.97,6053
2020-05-27,133.24,133.56,131.34,131.34,3522724
2020-05-28,132.61,132.61,130.07,131.97,3002959
2020-05-29,129.43,132.92,129.43,130.07,3854446
2020-06-01,133.24,136.1,131.97,132.29,4410095
2020-06-02,133.24,134.51,132.61,133.56,3109009
2020-06-03,135.46,136.73,134.51,135.15,4318043
2020-06-04,136.41,137.05,135.15,137.05,3985054
2020-06-05,137.05,137.68,135.15,136.41,3306234
2020-06-08,137.68,138.0,136.73,138.0,3667453
2020-06-09,138.0,138.32,136.73,137.68,1994762
2020-06-10,136.41,137.37,135.46,135.78,4120050
2020-06-11,136.41,138.32,135.15,135.46,2865484
2020-06-12,132.29,135.78,130.7,135.46,2984217
2020-06-15,135.46,136.41,133.56,133.88,2561016
2020-06-16,136.73,136.73,135.15,136.41,1668698
2020-06-17,136.41,137.05,134.51,135.78,4288411
2020-06-18,135.15,137.05,134.83,136.73,3699424
2020-06-19,137.68,143.39,137.37,140.86,10816
2020-06-22,141.49,146.88,141.49,142.12,7636
2020-06-23,144.03,145.93,141.49,144.66,5383
2020-06-24,146.57,146.88,144.35,144.66,4193835
2020-06-29,144.03,147.2,143.08,144.35,4187629
2020-06-30,147.2,148.47,144.66,144.66,4294834
2020-07-01,145.61,149.74,145.3,148.79,5511
2020-07-02,150.69,151.01,147.2,150.37,3669720
2020-07-03,152.59,165.28,151.32,165.28,13002
2020-07-06,168.77,178.92,168.14,178.61,13322
2020-07-07,176.39,177.66,164.33,168.14,15010
2020-07-08,167.5,172.26,166.87,170.04,7943
2020-07-09,184.0,184.64,177.97,180.51,13755
2020-07-10,183.37,187.17,178.29,181.15,8411
2020-07-13,183.78,185.1,177.85,178.84,9055
2020-07-14,177.85,181.8,174.56,175.88,5823
2020-07-15,177.85,181.15,171.92,172.91,6580
2020-07-16,173.24,177.85,172.58,173.57,5029
2020-07-17,173.9,175.88,171.59,172.58,3179331
2020-07-20,172.25,174.56,169.62,171.26,3701026
2020-07-21,172.91,175.22,171.92,174.89,5618
2020-07-22,176.86,184.44,176.86,184.11,11212
2020-07-23,183.45,185.43,181.47,185.43,7133
2020-07-24,184.11,185.43,177.52,178.84,6245
2020-07-27,179.5,183.12,179.17,182.46,4224380
2020-07-28,184.11,188.39,177.19,177.52,9233
2020-07-29,178.18,184.44,178.18,182.79,5268
2020-07-30,184.77,185.43,181.8,184.11,3469288
2020-07-31,185.76,200.25,185.76,191.03,19469
2020-08-03,194.32,196.63,191.68,194.98,7964
2020-08-04,195.31,198.6,193.33,195.97,6298
2020-08-05,198.27,200.91,196.63,199.92,7086
2020-08-06,205.52,212.43,202.22,208.15,13426
2020-08-07,207.82,208.81,192.34,193.66,18595
2020-08-10,192.01,196.3,187.4,189.05,8441
2020-08-11,189.71,193.0,185.76,190.7,6661
2020-08-12,191.03,191.03,184.44,185.76,7563
2020-08-13,187.4,190.04,185.76,187.4,3542397
2020-08-14,186.09,187.73,181.8,187.73,5775
2020-08-17,187.73,190.37,185.43,190.37,3113671
2020-08-18,177.85,180.49,173.24,174.89,16257
2020-08-19,174.89,179.17,172.25,176.86,8690
2020-08-20,175.88,176.86,163.36,168.63,8347
2020-08-21,175.22,177.85,171.26,173.24,5977
2020-08-24,171.26,174.23,171.26,173.9,2964799
2020-08-25,174.89,176.53,171.92,172.58,3620268
2020-08-26,171.59,171.92,164.02,167.31,10643
2020-08-27,168.63,169.29,159.41,163.36,10414
2020-08-28,165.01,165.01,160.4,163.36,6614
2020-08-31,166.32,168.3,158.09,158.09,9741
2020-09-01,157.76,163.03,157.1,162.37,7071
2020-09-02,165.67,167.64,163.36,164.35,7613
2020-09-03,167.31,167.31,163.69,165.34,6672
2020-09-04,162.7,163.03,159.41,160.07,6164
2020-09-07,160.07,162.7,158.09,158.75,3435563
2020-09-08,160.73,162.04,157.43,159.41,4352230
2020-09-09,157.1,157.1,153.15,156.44,5922
2020-09-10,158.09,162.7,157.76,160.4,6405
2020-09-11,162.04,162.37,157.43,160.4,3829923
2020-09-14,161.38,165.34,158.75,165.01,5298
2020-09-15,165.34,166.65,163.36,166.0,3459225
2020-09-16,167.64,169.95,166.32,168.3,6271
2020-09-17,167.97,170.61,166.65,166.65,5344
2020-09-18,167.97,169.95,166.65,169.29,3062828
2020-09-21,168.96,169.95,164.68,166.65,3969192
2020-09-22,169.95,171.26,167.64,170.61,8434
2020-09-23,171.26,173.24,166.0,170.94,4535480
2020-09-24,168.3,170.28,167.31,169.95,3416039
2020-09-25,169.29,169.95,159.08,160.4,5875
2020-09-28,162.04,170.94,162.04,170.28,5542
2020-09-29,170.61,175.22,170.28,173.9,6549
2020-09-30,173.9,176.21,171.92,174.89,3948700
2020-10-05,174.56,175.88,170.28,171.26,5430
2020-10-06,173.9,178.18,173.9,177.52,6023
2020-10-07,177.19,184.44,175.88,182.46,8066
2020-10-08,186.09,188.72,182.46,185.76,10711
2020-10-12,186.74,191.03,184.77,187.73,6124
2020-10-13,187.73,188.72,183.78,185.43,3678588
2020-10-14,185.76,187.73,183.45,184.77,4711447
2020-10-15,185.76,189.38,182.46,184.11,7898
2020-10-16,183.45,185.1,181.15,183.45,3896559
2020-10-19,184.44,185.1,181.8,182.46,2665039
2020-10-20,184.44,187.07,182.79,185.76,4627011
2020-10-21,185.76,187.73,184.77,185.43,4070054
2020-10-22,185.1,186.09,181.8,182.46,3383914
2020-10-23,182.79,185.76,182.13,183.78,1824132
2020-10-26,183.45,184.77,182.79,183.45,1469930
2020-10-27,181.8,183.78,181.47,183.12,1966506
2020-10-28,182.13,185.43,181.15,183.45,4051156
2020-10-29,181.15,182.79,177.52,180.82,3036999
2020-10-30,180.49,181.8,175.88,175.88,3596286
2020-11-02,176.53,178.51,170.61,173.9,5913
2020-11-03,176.21,177.19,171.59,173.57,5024
2020-11-04,173.9,180.49,172.91,179.83,5473
2020-11-05,180.82,180.82,176.21,177.85,5282
2020-11-06,179.83,182.79,178.51,179.83,5330
2020-11-09,191.03,197.28,191.03,193.0,17500
2020-11-10,193.99,194.98,189.38,192.01,9799
2020-11-11,194.32,194.32,187.07,188.39,8987
2020-11-12,188.72,189.71,186.74,188.39,4356835
2020-11-13,189.71,192.01,188.39,192.01,3975942
2020-11-16,193.33,193.66,189.38,191.68,5008
2020-11-17,193.33,195.64,191.03,191.68,5081
2020-11-18,193.66,198.93,193.0,197.61,10278
2020-11-19,197.28,200.91,194.65,195.97,6052
2020-11-20,196.3,200.25,194.98,198.6,4202238
2020-11-23,199.26,202.88,199.26,200.25,3779670
2020-11-24,200.91,201.89,195.64,196.63,4333644
2020-11-25,194.98,197.61,191.36,193.0,6053
2020-11-26,194.65,195.97,192.67,195.64,3625008
2020-11-27,196.95,200.58,195.31,200.25,5104
2020-11-30,201.57,203.54,196.95,196.95,7935
2020-12-01,200.25,202.22,198.6,199.59,3648015
2020-12-02,200.25,205.52,199.26,202.88,6525
2020-12-03,202.88,207.16,201.57,205.85,6134
2020-12-04,207.49,208.81,204.53,207.49,4835514
2020-12-07,209.47,210.13,198.27,201.57,8326
2020-12-08,201.89,209.47,201.57,208.48,7817
2020-12-09,208.81,215.73,208.15,211.78,6821
2020-12-10,213.42,213.75,207.49,209.14,4207929
2020-12-11,211.12,212.76,202.88,207.82,5709
2020-12-14,209.47,212.1,207.82,209.47,4461024
2020-12-15,209.47,210.79,203.54,205.85,4204762
2020-12-16,207.16,211.45,206.84,206.84,4338951
2020-12-17,209.47,216.06,207.49,212.76,7916
2020-12-18,214.74,216.06,208.81,212.76,7226
2020-12-21,212.1,217.05,210.13,213.75,6643
2020-12-22,214.74,218.03,209.47,209.47,5557
2020-12-23,210.79,217.37,209.8,214.08,6246
2020-12-24,217.37,222.97,216.72,219.35,7679
2020-12-25,222.64,238.78,220.67,231.54,10924
2020-12-28,231.54,234.83,226.27,229.56,4903264
2020-12-29,230.55,235.49,229.89,232.2,3250716
2020-12-30,233.18,235.16,231.21,235.16,2542063
2020-12-31,243.72,247.02,239.44,243.06,6473
2021-01-04,241.09,242.73,235.82,239.44,5031
2021-01-05,237.14,238.45,233.84,236.81,4036905
2021-01-06,245.37,257.56,245.04,252.94,13454
2021-01-07,248.99,252.62,244.38,248.99,8438
2021-01-08,253.6,254.59,250.64,252.94,5935
2021-01-11,252.94,255.58,250.31,255.25,4076865
2021-01-12,255.58,261.51,251.63,252.29,6354
2021-01-13,257.56,266.12,255.58,265.46,6256
2021-01-14,262.83,263.48,258.21,258.87,5276
2021-01-15,261.51,272.05,259.2,263.48,9445
2021-01-18,263.48,265.13,253.6,260.19,4283306
2021-01-19,266.12,274.02,261.51,270.07,5673
2021-01-20,269.74,269.74,262.5,264.14,8240
2021-01-21,267.44,274.68,267.44,269.08,5144
2021-01-22,269.41,286.54,269.08,278.63,7545
2021-01-25,275.34,279.95,268.75,275.01,6000
2021-01-26,288.52,293.13,268.1,268.75,11396
2021-01-27,273.04,277.98,267.44,272.71,7492
2021-01-28,264.14,270.07,262.17,264.14,6833
2021-01-29,264.14,269.08,259.53,259.53,6639
2021-02-01,259.2,271.39,255.25,269.08,6854
2021-02-02,278.63,279.62,273.69,278.96,7312
2021-02-03,280.94,286.87,275.34,283.58,7533
2021-02-04,283.58,292.8,278.63,286.87,8105
2021-02-05,308.94,315.52,308.28,315.52,6166
2021-02-17,346.48,346.48,336.6,346.48,15746
2021-02-18,346.48,360.31,339.89,358.34,15576
2021-02-19,357.02,364.93,347.14,347.8,13179
2021-02-22,351.75,353.07,340.55,349.78,8793
2021-02-23,341.87,344.51,331.33,337.92,10528
2021-02-24,331.99,347.14,331.99,333.31,8054
2021-02-25,337.92,342.53,327.05,328.7,10990
2021-02-26,315.52,322.11,310.25,312.23,13802
2021-03-02,326.06,336.6,324.42,325.07,12008
2021-03-03,326.72,328.7,314.86,325.4,7476
2021-03-04,326.06,326.06,309.92,314.21,12300
2021-03-05,304.65,310.91,303.34,309.26,10139
2021-03-08,318.49,323.43,312.89,316.84,10934
2021-03-09,318.16,324.42,310.25,311.9,12015
2021-03-10,320.46,320.46,313.22,314.21,6813
2021-03-11,315.52,331.33,312.89,328.7,10860
2021-03-12,329.36,331.33,320.46,320.79,10213
2021-03-15,320.79,333.97,317.17,327.05,13355
2021-03-16,332.65,343.85,327.71,327.71,23540
2021-03-17,332.65,339.89,328.04,334.63,10606
2021-03-18,339.89,359.0,339.89,355.05,21070
2021-03-19,349.12,363.61,345.82,357.02,18500
2021-03-22,359.0,364.27,344.51,347.14,13057
2021-03-23,353.73,358.34,346.48,351.09,8799
2021-03-24,346.48,353.73,345.16,347.8,6054
2021-03-25,345.16,355.7,341.87,353.07,8674
2021-03-26,357.02,377.44,353.73,374.81,17113
2021-03-29,378.1,381.39,366.9,368.88,12185
2021-03-30,373.49,380.08,366.24,376.78,9018
2021-03-31,378.1,393.91,375.47,378.76,13962
2021-04-01,385.35,389.3,374.81,375.47,7793
2021-04-07,397.2,413.01,390.62,407.74,8726
2021-04-08,402.47,424.21,399.84,414.33,11838
2021-04-09,408.4,416.96,402.47,402.47,10758
2021-04-12,405.11,407.74,379.42,385.35,14658
2021-04-13,382.05,399.84,382.05,386.0,11833
2021-04-14,386.0,392.59,370.2,389.3,11857
2021-04-15,393.25,401.81,388.64,401.81,9512
2021-04-16,406.42,413.01,401.81,402.47,9990
2021-04-19,399.84,403.13,389.96,389.96,6870
2021-04-20,389.96,397.86,386.66,392.59,5626
2021-04-21,393.25,395.23,386.0,387.98,6245
2021-04-22,393.25,399.18,386.66,387.32,8845
2021-04-23,387.98,405.11,387.32,404.45,8140
2021-04-26,411.04,413.01,404.45,405.77,7244
2021-04-27,425.53,432.11,407.08,408.4,19218
2021-04-28,413.67,426.19,408.4,411.04,13213
2021-04-29,414.33,417.62,408.4,411.04,9792
2021-05-03,409.06,410.38,383.37,387.32,13749
2021-05-04,387.32,391.27,355.7,382.71,16570
2021-05-05,382.05,386.0,350.43,351.09,14885
2021-05-06,357.68,365.58,347.8,364.27,14821
2021-05-07,378.76,385.35,365.58,380.73,19839
2021-05-10,386.66,387.98,357.68,359.0,14057
2021-05-11,335.94,349.12,323.1,323.43,26961
2021-05-12,325.07,335.28,292.14,323.76,31974
2021-05-13,325.07,332.65,313.55,315.52,19962
2021-05-14,324.09,334.63,313.55,316.18,16067
2021-05-17,297.74,323.43,297.41,307.29,14572
2021-05-18,318.82,337.92,311.57,337.92,21575
2021-05-19,339.24,345.82,324.09,325.73,19151
2021-05-20,312.23,320.46,300.37,303.01,21343
2021-05-21,310.91,314.86,304.32,309.92,13552
2021-05-24,309.59,324.42,305.64,321.12,11210
2021-05-25,329.36,333.97,323.43,323.43,14220
2021-05-26,324.74,326.39,317.83,320.79,7071
2021-05-27,318.82,326.39,316.51,326.39,8319
2021-05-28,332.65,339.89,330.01,332.65,11998
2021-05-31,337.26,353.07,333.97,351.75,12321
2021-06-01,353.07,355.7,339.24,339.89,14144
2021-06-02,339.24,343.19,327.38,328.04,11057
2021-06-03,331.33,332.65,322.11,332.65,8655
2021-06-04,328.04,331.33,324.74,329.36,4219892
2021-06-07,330.67,342.53,323.43,341.87,8412
2021-06-08,346.48,346.48,335.94,337.26,7773
2021-06-09,334.63,343.85,333.31,337.92,5161
2021-06-10,341.87,347.8,337.92,339.24,7122
2021-06-11,341.87,344.51,333.31,333.31,5829
2021-06-15,336.6,343.85,336.6,343.85,6517
2021-06-16,343.19,343.85,333.31,335.94,6145
2021-06-17,333.31,335.94,330.67,335.28,5400
2021-06-18,337.92,339.89,331.33,331.33,6558
2021-06-21,328.04,328.04,316.51,318.16,11670
2021-06-22,318.49,323.43,310.91,313.88,12171
2021-06-23,317.5,323.43,317.5,322.77,7325
2021-06-24,325.73,328.7,323.76,327.38,5483
2021-06-25,328.04,330.01,322.11,322.11,5599
2021-06-28,321.78,327.05,316.84,327.05,4896521
2021-06-29,328.04,328.7,321.12,321.12,3433208
2021-06-30,332.65,335.94,326.06,328.7,10304
2021-07-01,331.99,333.97,327.71,331.33,4961763
2021-07-02,331.33,331.99,324.09,325.07,5867
2021-07-05,328.7,335.28,326.72,331.99,7385
2021-07-06,333.31,337.92,329.36,329.36,4546658
2021-07-07,332.65,334.63,323.43,325.4,8560
2021-07-08,329.03,334.63,328.7,333.31,6836
2021-07-09,327.38,329.36,324.09,324.42,8856
2021-07-12,330.67,331.33,327.38,329.36,5972
2021-07-13,331.33,335.28,324.74,326.06,7740
2021-07-14,325.4,327.38,322.77,323.1,7722
2021-07-15,324.42,329.03,324.09,329.03,5080
2021-07-16,327.38,333.31,325.4,329.03,4890516
2021-07-19,329.03,332.65,325.4,331.33,4514275
2021-07-20,324.74,325.4,316.84,318.16,10818
2021-07-21,322.77,324.42,314.21,315.19,7964
2021-07-22,319.15,331.33,319.15,327.71,12133
2021-07-23,330.67,333.31,322.11,322.11,6918
2021-07-26,323.1,330.67,323.1,324.09,5165
2021-07-27,328.7,353.07,327.38,343.85,20489
2021-07-28,342.53,345.82,319.47,322.77,16325
2021-07-29,327.38,337.26,324.42,331.33,10660
2021-07-30,329.36,345.16,329.36,336.6,12041
2021-08-02,351.75,370.2,343.85,356.36,29607
2021-08-03,358.34,365.58,356.36,359.0,11900
2021-08-04,359.0,370.2,353.73,370.2,12505
2021-08-05,372.17,383.37,370.85,375.47,14322
2021-08-06,368.88,378.76,366.9,368.88,12320
2021-08-09,365.58,367.56,354.39,354.39,9434
2021-08-10,355.7,360.31,345.82,349.78,8387
2021-08-11,350.43,351.75,337.26,341.87,8070
2021-08-12,343.19,351.09,343.19,347.14,4191573
2021-08-13,349.78,351.09,335.28,335.28,5995
2021-08-16,335.28,339.24,328.7,333.31,7176
2021-08-17,343.91,343.91,343.91,343.91,0
2021-08-18,314.68,334.4,309.93,334.06,11267
2021-08-19,331.0,336.43,319.78,319.78,8915
2021-08-20,324.2,328.28,319.1,319.44,5622
2021-08-23,322.5,330.66,320.8,326.58,5640
2021-08-24,331.34,332.02,313.33,313.33,8795
2021-08-25,311.97,319.1,308.91,318.76,9313
2021-08-26,319.78,322.16,311.29,312.31,6181
2021-08-27,309.93,311.63,302.45,303.13,10283
2021-08-30,306.53,308.91,300.41,308.91,8587
2021-08-31,311.29,311.97,303.13,305.17,7402
2021-09-01,303.81,314.68,303.81,314.68,7026
2021-09-02,313.67,320.46,309.93,310.27,6719
2021-09-03,314.01,315.02,309.93,310.27,4140769
2021-09-06,304.49,304.49,292.26,292.26,11148
2021-09-07,297.01,300.07,292.94,292.94,5814
2021-09-08,291.58,297.69,287.5,289.2,5931
2021-09-09,287.84,297.35,287.84,294.63,3985057
2021-09-10,296.67,308.91,295.65,308.57,8925
2021-09-13,305.17,307.89,301.09,301.77,4281830
2021-09-14,299.39,305.17,298.03,299.05,4511631
2021-09-15,298.03,302.11,292.6,292.94,4722123
2021-09-16,294.97,299.39,289.2,291.58,5022
2021-09-17,293.96,297.01,290.22,291.24,4916134
2021-09-22,282.06,286.82,279.34,286.82,5235
2021-09-23,291.58,296.33,289.54,289.88,5612
2021-09-24,294.97,294.97,289.54,289.54,4381113
2021-09-27,289.88,296.33,286.82,295.31,4632883
2021-09-28,293.28,293.96,288.18,288.18,4623648
2021-09-29,282.06,284.78,276.28,276.28,6680
2021-09-30,276.62,280.36,270.51,278.66,7281
2021-10-01,275.26,280.36,272.55,274.92,5075
2021-10-04,275.94,279.34,270.51,271.53,3703485
2021-10-05,265.07,271.19,260.99,270.17,6509
2021-10-06,273.57,274.92,264.73,265.75,4111481
2021-10-07,271.19,276.62,269.15,269.15,5602
2021-10-08,270.85,273.23,264.39,264.39,3960966
2021-10-12,260.99,263.71,252.84,252.84,7145
2021-10-13,256.23,257.93,250.8,252.5,5174
2021-10-14,255.89,256.23,247.4,252.84,5345
2021-10-15,258.95,265.75,257.59,265.41,6107
2021-10-18,264.05,268.47,262.01,263.03,4576424
2021-10-19,264.39,273.9,264.39,272.55,4374799
2021-10-20,274.92,275.94,269.83,271.19,5066
2021-10-21,268.47,281.38,267.45,268.81,8126
2021-10-22,269.15,275.26,265.75,275.26,4821159
2021-10-25,273.9,276.28,270.17,271.87,3355553
2021-10-26,274.58,281.04,274.24,277.98,4315017
2021-10-27,277.98,279.68,275.6,277.64,2693217
2021-10-28,277.98,287.84,277.64,279.0,7302
2021-10-29,282.06,286.82,279.34,282.4,5753
2021-11-01,290.22,291.92,283.42,284.44,5799
2021-11-02,285.12,286.14,275.6,275.6,4908967
2021-11-03,276.96,282.4,276.62,281.04,3856973
2021-11-04,283.76,285.46,276.96,276.96,4080310
2021-11-05,284.1,304.49,280.7,304.49,23436
2021-11-08,307.55,317.74,304.83,310.27,16912
2021-11-09,305.85,314.01,305.85,313.33,9415
2021-11-10,311.97,313.33,305.85,307.21,5826
2021-11-11,303.13,304.49,297.01,301.09,5557
2021-11-12,304.15,312.31,300.41,306.87,7582
2021-11-15,311.97,324.2,311.63,319.44,14179
2021-11-16,319.44,324.54,316.04,319.44,8436
2021-11-17,326.24,338.81,325.56,333.38,16411
2021-11-18,335.75,342.55,332.02,335.41,10487
2021-11-19,339.83,341.19,327.6,328.28,9171
2021-11-22,329.3,336.43,327.94,332.7,5809
2021-11-23,328.96,332.7,322.84,329.98,6518
2021-11-24,327.6,333.38,325.22,326.58,3923173
2021-11-25,327.6,327.94,320.8,321.48,5461
2021-11-26,319.78,323.18,313.67,314.35,7638
2021-11-29,309.93,321.48,309.93,319.44,7042
2021-11-30,320.8,324.54,316.38,316.38,7843
2021-12-01,316.38,328.28,316.38,327.94,8431
2021-12-02,328.28,335.07,323.52,330.32,8281
2021-12-03,334.06,338.13,331.68,335.07,6177
2021-12-06,339.83,343.23,336.77,343.23,7831
2021-12-07,345.27,350.03,343.91,348.67,9900
2021-12-08,356.82,356.82,350.03,352.75,9253
2021-12-09,354.11,355.46,345.27,347.99,5981
2021-12-10,345.27,350.03,341.87,345.27,4658288
2021-12-13,347.99,360.22,347.99,353.43,7506
2021-12-14,350.71,353.43,341.19,341.19,6641
2021-12-15,341.87,349.35,336.77,347.99,5415
2021-12-16,351.39,363.62,350.71,362.94,10960
2021-12-17,356.82,362.26,355.46,360.9,7766
2021-12-20,357.5,358.86,350.71,358.86,7334
2021-12-21,358.86,363.62,354.11,363.62,6879
2021-12-22,363.62,364.98,360.22,361.58,5332
2021-12-23,363.62,366.34,360.9,365.66,6220
2021-12-24,367.02,369.74,360.22,360.22,3931064
2021-12-27,360.9,364.3,357.5,360.9,2488818
2021-12-28,364.3,366.34,360.9,364.98,3100836
2021-12-29,366.34,366.34,361.58,362.94,1447004
2021-12-30,362.94,369.06,362.94,366.34,3803965
2022-01-03,370.42,371.1,361.58,365.66,3508350
2022-01-04,367.02,368.38,358.86,361.58,4611317
2022-01-05,359.54,360.9,350.71,353.43,6760
2022-01-06,350.71,355.46,345.27,351.39,6159
2022-01-07,355.46,357.5,343.23,344.59,5943
2022-01-10,343.23,347.31,340.51,346.63,3404442
2022-01-11,350.03,352.75,343.91,345.27,4430656
2022-01-12,349.35,349.35,340.51,345.27,3905091
2022-01-13,345.27,347.31,336.77,338.47,4684933
2022-01-14,335.41,337.79,329.64,336.09,5120
2022-01-17,336.09,341.87,334.4,340.51,3407215
2022-01-18,343.23,351.39,341.87,346.63,4819764
2022-01-19,341.19,345.95,340.51,343.91,3171337
2022-01-20,341.19,343.23,338.13,341.87,3056435
2022-01-21,338.81,339.83,334.4,336.09,4028357
2022-01-24,333.04,333.38,320.8,333.38,6062
2022-01-25,327.94,329.3,320.8,321.48,6157
2022-01-26,322.84,325.56,319.44,320.12,4143058
2022-02-07,312.65,321.14,308.57,310.27,7521
2022-02-08,313.67,313.67,307.21,307.89,7130
2022-02-09,311.29,316.72,310.27,314.01,8165
2022-02-10,317.4,320.12,315.02,317.4,6842
2022-02-11,315.02,319.78,310.61,318.08,6071
2022-02-14,316.72,317.4,305.85,308.91,9980
2022-02-15,308.57,311.63,307.21,307.89,5997
2022-02-16,312.99,314.01,308.23,309.93,6853
2022-02-17,309.93,310.27,305.85,306.19,7102
2022-02-18,300.07,304.83,299.39,303.47,6914
2022-02-21,301.09,308.91,300.07,308.23,4873530
2022-02-22,305.85,307.89,303.81,307.21,5513
2022-02-23,310.95,318.76,310.27,315.02,8690
2022-02-24,310.95,316.04,308.57,309.93,8136
2022-02-25,315.36,316.72,309.93,310.27,6527
2022-03-01,318.76,326.92,315.02,326.92,8609
2022-03-02,321.48,326.24,320.12,324.2,4577243
2022-03-03,327.94,329.98,322.84,326.24,4639655
2022-03-04,322.84,326.24,321.82,322.16,2876789
2022-03-07,318.08,318.08,307.21,310.27,5823
2022-03-08,305.85,314.01,304.83,307.55,5847
2022-03-09,309.93,311.97,307.21,307.55,3384150
2022-03-10,314.01,318.08,311.97,318.08,4070669
2022-03-11,313.33,320.8,312.65,317.06,3768228
2022-03-14,319.1,321.14,312.99,314.68,3404812
2022-03-15,316.04,316.38,305.85,306.87,4215235
2022-03-16,310.61,310.95,302.45,307.55,4828204
2022-03-17,314.35,318.76,313.67,317.4,6386
2022-03-18,318.08,318.42,308.57,310.27,7244
2022-03-21,308.91,311.29,304.83,306.19,6461
2022-03-22,302.45,303.13,293.28,295.31,10159
2022-03-23,300.75,302.45,296.67,302.45,5286
2022-03-24,299.05,300.41,293.62,295.31,6696
2022-03-25,296.67,300.41,295.99,295.99,3853606
2022-03-28,292.6,292.6,285.46,288.86,4516805
2022-03-29,288.18,290.22,284.78,285.8,3861066
2022-03-30,292.6,292.6,286.82,288.52,4102524
2022-03-31,288.86,292.26,287.16,289.88,2566579
2022-04-01,288.86,290.56,285.8,290.56,2109453
2022-04-06,286.48,286.82,282.06,282.06,5507
2022-04-07,276.96,280.36,271.87,271.87,6217
2022-04-08,274.24,276.28,271.87,273.9,4151581
2022-04-11,274.58,276.28,265.07,265.41,4540939
2022-04-12,262.35,271.87,260.65,270.51,6035
2022-04-13,272.55,278.66,270.17,278.66,3963139
2022-04-14,283.42,283.42,277.98,281.38,4139587
2022-04-15,277.64,277.64,271.53,271.87,2724901
2022-04-18,270.17,276.62,267.11,275.6,1899450
2022-04-19,279.0,279.68,273.23,273.23,2396816
2022-04-20,274.24,276.62,273.23,275.6,3067987
2022-04-21,272.55,273.9,269.49,272.89,4318044
2022-04-22,265.75,269.15,262.69,263.03,6346
2022-04-25,257.25,258.61,253.18,254.53,5288
2022-04-26,257.59,257.59,254.19,255.55,3538788
2022-04-27,244.68,249.44,238.22,247.06,8849
2022-04-28,248.08,260.99,247.74,259.97,7153
2022-04-29,283.76,283.76,269.83,270.85,13337
2022-05-03,273.23,275.26,271.19,274.24,4703761
2022-05-04,273.23,273.57,265.07,268.47,7204
2022-05-05,271.19,272.55,269.15,272.55,5619
2022-05-06,265.41,268.13,263.71,265.75,5133
2022-05-09,259.63,261.33,256.57,256.91,5626
2022-05-10,253.85,266.77,252.84,265.41,7020
2022-05-11,262.35,267.45,260.99,266.09,3832771
2022-05-12,263.03,267.79,262.01,264.05,5439
2022-05-13,267.11,271.19,265.75,271.19,4410479
2022-05-16,277.3,277.3,266.09,266.09,5438
2022-05-17,266.77,270.51,265.41,268.13,4078198
2022-05-18,269.83,271.53,268.47,268.47,4505156
2022-05-19,263.03,273.57,262.69,273.57,5010
2022-05-20,275.6,275.94,272.55,272.89,3512702
2022-05-23,271.53,272.89,265.41,267.11,5762
2022-05-24,267.79,268.47,260.99,261.33,3936282
2022-05-25,261.33,266.09,259.97,264.39,4100571
2022-05-26,266.09,268.47,262.35,263.37,3425996
2022-05-27,268.47,271.87,267.11,271.87,5311
2022-05-30,275.6,275.6,272.55,274.58,4418464
2022-05-31,273.57,277.64,272.21,275.94,5313
2022-06-01,275.94,283.76,274.58,278.66,5966
2022-06-02,275.6,275.94,271.53,272.55,4814061
2022-06-06,274.92,276.62,270.17,276.28,2984355
2022-06-07,273.23,274.58,271.87,272.55,3138143
2022-06-08,274.24,276.96,273.57,275.26,2572216
2022-06-09,272.89,274.24,270.51,270.85,4353911
2022-06-10,269.15,269.49,266.43,267.11,3350733
2022-06-13,259.63,260.65,256.91,257.93,4476253
2022-06-14,255.21,257.59,251.48,257.59,3871706
2022-06-15,255.55,258.27,252.84,253.18,3991991
2022-06-16,256.91,258.95,248.76,249.1,3311897
2022-06-17,242.3,244.68,238.56,239.24,8937
2022-06-20,239.58,240.26,230.07,232.11,7922
2022-06-21,232.45,235.16,229.39,235.16,6424
2022-06-22,231.43,231.77,215.79,218.17,11562
2022-06-23,219.87,222.93,216.13,221.57,7767
2022-06-24,220.89,222.93,216.81,220.89,4603832
2022-06-27,221.91,227.69,221.57,224.29,4838251
2022-06-28,221.57,222.25,213.41,214.09,6731
2022-06-29,204.58,215.79,204.58,210.7,7083
2022-06-30,207.3,209.0,204.58,205.26,6523
2022-07-01,203.9,208.66,195.74,196.08,9425
2022-07-04,199.82,201.86,194.04,201.18,9065
2022-07-05,205.26,205.6,195.06,198.46,7095
2022-07-06,198.12,199.82,188.95,188.95,10308
2022-07-07,185.21,192.35,183.85,189.97,8352
2022-07-08,194.04,205.26,193.36,203.9,12470
2022-07-11,204.24,205.6,201.86,204.24,11521
2022-07-12,199.73,200.14,192.35,192.35,16834
2022-07-13,202.6,203.01,195.22,195.63,7617
2022-07-14,192.76,198.09,189.06,197.68,6360
2022-07-15,196.04,205.47,193.58,200.96,7594
2022-07-18,200.96,205.88,200.55,204.24,4569947
2022-07-19,202.19,206.29,201.37,205.47,4155264
2022-07-20,210.8,213.26,209.98,211.62,8743
2022-07-21,213.26,221.05,212.44,221.05,6018
2022-07-22,222.28,222.69,215.72,218.18,7317
2022-07-25,215.31,216.54,213.67,214.9,3024609
2022-07-26,213.67,217.36,210.8,214.49,4218273
2022-07-27,212.44,217.36,210.8,216.95,3454044
2022-07-28,219.82,221.87,213.67,215.31,4465732
2022-07-29,216.54,218.59,213.26,217.36,4349934
2022-08-01,214.49,216.54,211.21,214.9,5359
2022-08-02,208.34,209.57,202.6,205.47,8231
2022-08-03,204.24,205.88,201.78,204.65,4684173
2022-08-04,205.47,205.88,198.5,202.6,6465
2022-08-05,203.42,206.29,202.6,203.01,4451915
2022-08-08,199.32,210.8,198.91,210.39,10592
2022-08-09,210.39,215.31,207.93,213.26,5240
2022-08-10,209.98,209.98,200.96,201.37,7041
2022-08-11,205.88,214.08,205.47,211.21,7655
2022-08-12,211.62,216.13,209.16,214.49,5172
2022-08-15,216.54,219.41,213.67,219.41,5169
2022-08-16,220.23,220.64,214.08,214.9,4706186
2022-08-17,215.31,218.59,213.67,217.36,5146
2022-08-18,214.9,220.64,213.67,219.0,4104301
2022-08-19,218.59,224.34,218.18,221.46,5210
2022-08-22,219.41,223.1,218.18,219.82,2602000
2022-08-23,216.13,218.18,214.08,214.08,3005810
2022-08-24,214.9,216.13,213.26,213.26,2787950
2022-08-25,214.9,221.05,214.9,221.05,4097032
2022-08-26,222.28,224.34,217.36,217.36,3907533
2022-08-29,210.39,214.9,209.16,212.44,3159849
2022-08-30,212.85,214.49,211.21,212.03,2546399
2022-08-31,210.39,216.13,208.75,216.13,3913929
2022-09-01,213.26,215.31,210.8,212.03,4049709
2022-09-02,212.03,216.54,211.62,212.03,3656260
2022-09-05,211.21,212.85,202.6,207.11,5598
2022-09-06,206.7,209.16,205.06,206.29,2622102
2022-09-07,202.19,209.98,199.73,208.75,5373
2022-09-08,208.75,213.26,202.6,212.44,5119
2022-09-12,214.08,219.41,214.08,218.59,3727622
2022-09-13,218.18,220.64,214.9,215.72,3096572
2022-09-14,209.57,212.03,209.16,211.62,3238377
2022-09-15,211.21,216.95,210.8,213.67,3023516
2022-09-16,211.62,212.44,207.52,207.52,4958459
2022-09-19,206.7,209.57,203.83,204.65,3878236
2022-09-20,205.47,207.52,199.73,199.73,6059
2022-09-21,199.32,202.6,198.5,199.73,4873500
2022-09-22,195.63,200.55,191.12,196.45,6939
2022-09-23,193.58,198.09,192.76,193.17,3088543
2022-09-26,189.47,191.12,180.86,182.5,5578
2022-09-27,184.14,186.19,181.68,183.32,4521322
2022-09-28,183.32,183.73,175.53,175.94,6426
2022-09-29,178.81,180.04,173.89,175.12,4397175
2022-09-30,170.61,180.04,170.61,179.63,4184182
2022-10-03,176.76,180.86,175.12,178.4,3193070
2022-10-04,183.73,189.06,183.73,187.01,4621484
2022-10-05,190.71,198.09,189.89,195.63,6651
2022-10-06,197.27,198.91,193.58,197.27,4613582
2022-10-07,195.63,197.68,192.76,195.63,3262859
2022-10-11,189.89,195.22,185.37,193.99,5115
2022-10-12,192.35,197.68,189.89,194.4,5974
2022-10-13,192.76,198.91,190.3,191.12,4703342
2022-10-14,196.86,201.37,196.45,198.91,5045
2022-10-17,196.45,204.24,194.4,204.24,6376
2022-10-18,207.11,207.11,198.09,199.32,7923
2022-10-19,200.55,203.42,199.73,200.14,4559713
2022-10-20,196.45,201.37,196.45,201.37,4603092
2022-10-21,201.37,204.24,200.14,201.78,2907956
2022-10-24,205.88,207.52,201.37,201.78,4002343
2022-10-25,201.78,203.42,193.17,193.17,4655338
2022-10-26,193.17,196.86,191.94,192.76,3173459
2022-10-27,194.4,198.5,193.99,197.68,2822863
2022-10-28,196.04,196.45,187.01,194.4,4476979
2022-10-31,194.81,199.32,193.17,197.68,2818366
2022-11-01,198.91,201.78,197.27,199.73,2074199
2022-11-02,199.73,203.01,197.68,201.78,2561305
2022-11-03,197.27,201.78,196.04,200.96,2924024
2022-11-04,200.14,203.42,198.5,203.01,2504627
2022-11-07,205.88,211.21,203.83,209.57,4859112
2022-11-08,211.21,219.82,210.8,212.85,8027
2022-11-09,227.62,233.77,225.57,233.77,10604
2022-11-10,234.18,240.74,232.54,237.87,19710
2022-11-11,254.27,256.32,243.61,244.43,14295
2022-11-14,246.89,247.3,240.74,244.43,7590
2022-11-15,242.79,247.3,241.15,246.89,5055
2022-11-16,248.53,253.04,243.61,251.81,8304
2022-11-17,263.3,263.71,246.89,251.81,10373
2022-11-18,252.63,257.55,245.25,247.3,8144
2022-11-21,247.71,248.94,242.38,244.43,4134108
2022-11-22,242.79,243.61,237.87,241.97,4963668
2022-11-23,243.61,244.02,238.69,238.69,3580908
2022-11-24,241.97,248.12,240.33,247.71,4534734
2022-11-25,247.71,248.12,241.15,241.56,3802800
2022-11-28,238.69,242.38,237.87,239.1,2155657
2022-11-29,238.28,241.15,236.64,240.33,2816453
2022-11-30,239.1,244.84,237.87,244.84,5895
2022-12-01,246.48,248.12,243.61,243.61,5223
2022-12-02,241.56,245.25,240.74,245.25,3553145
2022-12-05,241.97,247.71,241.15,246.48,5354
2022-12-06,242.79,244.84,239.92,244.84,7714
2022-12-07,242.79,250.17,242.79,250.17,9492
2022-12-08,248.94,248.94,241.97,244.02,6062
2022-12-09,245.25,248.12,244.43,245.25,3452544
2022-12-12,245.25,245.25,239.51,243.2,3136736
2022-12-13,242.79,245.25,241.97,242.38,3013647
2022-12-14,243.61,251.81,243.2,251.81,5952
2022-12-15,250.17,253.04,248.53,253.04,4683270
2022-12-16,248.12,257.96,246.89,257.96,11155
2022-12-19,254.27,255.5,247.3,253.45,12557
2022-12-20,250.99,255.91,246.07,246.07,10739
2022-12-21,246.07,249.35,243.2,244.43,9332
2022-12-22,244.84,250.17,243.61,247.71,8828
2022-12-23,245.25,248.94,243.61,247.3,2959910
2022-12-26,248.94,252.22,246.48,251.4,2756680
2022-12-27,255.5,269.86,255.5,261.66,13605
2022-12-28,258.37,259.61,251.81,253.45,5918
2022-12-29,250.99,260.43,247.71,260.43,5191
2022-12-30,263.3,265.76,258.37,258.79,5146
2023-01-03,256.73,274.37,256.32,274.37,11578
2023-01-04,271.09,277.24,269.04,275.19,9148
2023-01-05,278.88,282.57,276.01,278.06,7949
2023-01-06,280.52,288.72,278.06,288.72,10259
2023-01-09,292.83,293.24,281.34,285.85,9852
2023-01-10,284.62,289.95,278.88,284.62,9835
2023-01-11,286.67,287.9,283.8,287.49,6227
2023-01-12,284.62,287.08,280.52,282.57,6493
2023-01-13,283.8,285.44,280.93,283.8,5659
2023-01-16,287.08,287.9,281.34,282.98,3698374
2023-01-17,284.62,285.44,282.16,285.44,3037580
2023-01-30,292.41,293.24,286.26,287.9,7243
2023-01-31,289.54,298.98,287.9,291.18,10327
2023-02-01,291.18,296.93,288.72,289.95,7981
2023-02-02,292.83,298.16,292.0,296.11,7492
2023-02-03,296.52,298.16,292.83,297.75,6428
2023-02-06,295.7,298.98,292.0,292.0,5009
2023-02-07,295.29,300.62,293.65,298.57,8905
2023-02-08,307.18,326.45,306.36,319.89,20304
2023-02-09,314.15,321.94,312.92,312.92,8363
2023-02-10,312.1,315.79,308.41,314.56,7284
2023-02-13,314.15,317.02,310.46,312.1,5145
2023-02-14,316.61,326.86,315.38,326.86,10439
2023-02-15,324.4,331.79,321.53,326.45,7989
2023-02-16,326.45,330.15,323.17,329.74,5984
2023-02-17,334.66,334.66,328.51,331.79,5479
2023-02-20,333.02,340.4,332.2,334.25,5801
2023-02-21,337.53,348.6,336.71,348.6,9462
2023-02-22,345.32,346.14,333.02,335.48,7788
2023-02-23,336.71,341.63,335.48,335.48,6203
2023-02-24,339.99,344.5,329.33,334.25,10032
2023-03-01,333.84,343.68,329.74,340.81,7514
2023-03-02,340.4,340.4,333.43,335.89,5319
2023-03-03,339.17,339.99,333.84,336.71,4097229
2023-03-06,340.81,349.42,340.81,346.14,7610
2023-03-07,346.55,353.11,344.09,353.11,6094
2023-03-08,347.78,353.52,346.55,352.29,5010
2023-03-09,353.52,355.16,349.83,351.06,3693032
2023-03-10,347.78,352.7,345.32,347.78,5260
2023-03-13,344.91,351.06,342.45,351.06,5240
2023-03-14,346.96,349.42,343.68,344.5,3552333
2023-03-15,347.78,356.8,342.04,342.86,6777
2023-03-16,334.66,343.68,334.66,342.45,6376
2023-03-17,346.14,356.39,345.32,356.39,7329
2023-03-20,356.39,357.62,351.47,352.7,3497973
2023-03-21,355.16,355.98,351.47,351.88,2077566
2023-03-22,355.57,356.8,352.29,353.11,4909220
2023-03-23,356.39,356.8,352.29,355.16,4471996
2023-03-24,355.98,358.44,355.16,358.03,4335802
2023-03-27,358.44,358.85,353.11,353.11,2952647
2023-03-28,355.98,356.39,346.96,349.01,3843509
2023-03-29,349.42,351.47,335.48,339.58,7868
2023-03-30,341.63,344.09,337.12,340.4,4753911
2023-03-31,346.14,354.34,344.5,353.93,8918
2023-04-06,355.57,361.73,354.34,357.21,7771
2023-04-07,357.21,362.55,357.21,360.08,2979650
2023-04-10,364.19,370.75,363.37,367.06,4484813
2023-04-11,371.57,380.59,370.75,380.18,7102
2023-04-12,380.18,380.59,372.39,373.62,4828444
2023-04-13,374.03,375.67,368.29,369.11,4162774
2023-04-14,373.21,378.13,368.7,376.49,3485509
2023-04-17,374.85,377.72,371.57,375.67,2233653
2023-04-18,375.67,375.67,369.11,369.93,2792891
2023-04-19,369.93,373.21,367.47,369.11,3532966
2023-04-20,368.29,370.75,363.78,365.01,2579285
2023-04-21,365.01,369.11,357.62,357.62,3692201
2023-04-24,355.16,363.37,354.34,359.67,2714935
2023-04-25,357.62,358.44,335.48,335.48,7488
2023-04-26,332.2,338.76,326.04,337.94,6164
2023-04-27,336.3,342.86,330.15,336.71,5372
2023-04-28,339.58,345.73,339.58,343.27,4767039
2023-05-02,348.6,351.88,345.32,349.01,3048812
2023-05-03,346.55,350.24,343.27,349.83,2095350
2023-05-04,346.96,349.83,344.5,346.96,2454706
2023-05-05,348.19,351.06,346.96,351.06,1173917
2023-05-08,355.98,356.8,351.47,351.88,3219388
2023-05-09,351.88,352.29,338.35,342.04,5587
2023-05-10,352.7,364.19,347.37,347.78,12963
2023-05-11,346.96,350.24,340.4,340.81,5078
2023-05-12,338.76,339.99,333.84,337.12,4929555
2023-05-15,334.25,334.66,324.81,328.51,7524
2023-05-16,332.2,336.3,330.97,333.02,3291922
2023-05-17,331.38,333.02,324.81,328.51,7283
2023-05-18,333.02,335.89,330.97,334.25,3961677
2023-05-19,337.12,338.76,331.38,333.84,3159937
2023-05-22,335.07,339.58,331.38,334.66,4166809
2023-05-23,334.66,336.3,332.2,335.48,2431056
2023-05-24,333.43,334.66,328.1,334.25,4005958
2023-05-25,340.4,343.68,337.53,339.58,5927
2023-05-26,341.22,345.32,341.22,341.63,3474328
2023-05-29,344.91,348.6,343.27,347.37,3380906
2023-05-30,348.19,348.6,341.22,347.37,4229974
2023-05-31,344.91,351.06,344.91,349.01,5540
2023-06-01,346.14,349.42,342.86,347.78,3106488
2023-06-02,350.24,353.93,349.42,353.52,4161632
2023-06-05,355.16,362.55,353.52,359.26,4036696
2023-06-06,360.49,364.6,357.62,364.6,3263440
2023-06-07,369.11,374.44,367.47,374.03,5407
2023-06-08,371.98,374.44,367.47,373.62,4401186
2023-06-09,378.95,383.46,377.31,379.77,5949
2023-06-12,384.69,384.69,373.21,373.21,3859876
2023-06-13,379.77,383.05,376.08,382.64,4125986
2023-06-14,378.13,381.0,376.9,377.72,3975391
2023-06-15,374.85,375.26,367.47,369.11,5781
2023-06-16,371.57,378.54,369.93,375.67,6200
2023-06-19,374.85,378.13,369.52,373.21,4590379
2023-06-20,374.03,374.85,368.29,368.29,2995673
2023-06-21,365.01,370.34,361.73,369.11,4816780
2023-06-26,365.01,372.8,363.37,369.11,2371531
2023-06-27,368.29,374.44,366.65,370.75,3432754
2023-06-28,373.62,377.72,369.52,376.49,3406846
2023-06-29,379.77,382.23,372.8,374.03,3355496
2023-06-30,362.96,363.37,348.19,349.83,13690
2023-07-03,348.6,350.24,343.68,348.6,6738
2023-07-04,352.7,362.14,351.47,361.31,6427
2023-07-05,362.96,365.01,357.62,359.67,5022
2023-07-06,358.85,359.67,353.52,357.21,7065
2023-07-07,353.93,359.26,351.47,357.21,5015
2023-07-10,360.08,360.49,353.11,353.11,7219
2023-07-11,354.01,362.53,354.01,356.25,11142
2023-07-12,357.15,357.6,350.87,354.01,4935392
2023-07-13,354.46,361.19,354.46,358.05,4881803
2023-07-14,362.53,371.06,360.29,367.02,4399737
2023-07-17,367.02,369.71,362.53,364.33,4076470
2023-07-18,367.47,372.85,365.23,367.92,3904273
2023-07-19,366.12,372.41,362.98,362.98,4803330
2023-07-20,364.78,369.27,361.64,367.47,2389184
2023-07-21,365.68,367.02,360.29,366.12,3008510
2023-07-24,363.88,368.82,362.09,363.88,3103911
2023-07-25,367.47,370.61,365.23,366.12,2932150
2023-07-26,368.37,371.96,364.33,364.78,2399643
2023-07-27,364.78,372.41,362.98,372.41,2983222
2023-07-28,370.61,374.2,368.82,373.75,2683381
2023-07-31,381.38,393.94,379.14,380.48,6710
2023-08-01,387.66,394.39,384.52,392.15,6727
2023-08-02,389.46,395.29,384.52,387.66,4138351
2023-08-04,385.87,386.76,381.38,381.38,2804956
2023-08-07,382.73,384.97,377.79,383.62,3281273
2023-08-08,384.07,384.97,370.61,374.65,5028
2023-08-09,364.33,366.12,350.87,356.25,11635
2023-08-10,354.46,358.05,352.22,353.11,4970843
2023-08-11,353.56,358.95,351.77,354.46,3301693
2023-08-14,352.66,353.56,348.18,350.42,2955544
2023-08-15,352.22,352.66,349.52,349.97,2720851
2023-08-16,348.18,350.87,345.48,349.52,4768742
2023-08-17,346.38,349.97,343.24,348.63,4059763
2023-08-18,345.48,351.77,345.48,346.38,4340622
2023-08-21,344.59,346.38,341.0,342.34,4385988
2023-08-22,344.14,347.73,341.45,343.24,2452523
2023-08-23,342.79,346.38,341.9,345.48,1323489
2023-08-24,347.28,352.22,346.38,349.97,2079431
2023-08-25,349.07,353.56,348.63,352.22,2529059
2023-08-28,353.56,356.7,351.32,353.11,1853453
2023-08-29,357.15,357.6,352.66,354.91,1730844
2023-08-30,357.15,358.05,354.91,356.25,1465826
2023-08-31,356.25,362.53,355.8,358.5,2702437
2023-09-01,359.39,362.98,359.39,361.64,1742179
2023-09-04,363.43,369.71,358.05,368.37,3071281
2023-09-05,366.12,379.58,364.33,378.69,5209
2023-09-06,380.03,383.17,376.89,381.38,3785319
2023-09-07,380.03,386.31,380.03,383.17,3556975
2023-09-08,380.93,384.07,375.55,383.62,3428223
2023-09-11,383.62,388.56,383.17,384.52,3021017
2023-09-12,387.21,389.46,379.14,389.46,3436740
2023-09-13,387.66,393.94,387.66,393.49,4319666
2023-09-14,394.84,403.81,393.05,403.36,6484
2023-09-15,404.71,416.38,404.71,416.38,9143
2023-09-18,408.3,414.13,400.67,401.57,5562
2023-09-19,403.81,405.16,390.8,399.78,5621
2023-09-20,393.94,397.08,386.76,387.21,4350765
2023-09-21,380.93,389.01,378.69,388.56,3187350
2023-09-22,384.97,392.6,384.97,392.6,1910724
2023-09-25,390.35,398.88,389.9,394.84,3028180
2023-09-26,392.15,393.05,382.28,383.17,3174861
2023-09-27,380.93,385.42,379.14,385.42,3610243
2023-09-28,383.62,383.62,377.34,379.58,5527
2023-10-02,380.93,384.97,376.89,384.07,2542501
2023-10-03,384.07,393.05,382.73,386.76,2671785
2023-10-04,383.62,389.46,379.58,387.21,2535648
2023-10-05,389.01,396.19,386.76,395.29,3852744
2023-10-06,393.49,394.84,386.76,387.21,4123400
2023-10-11,388.56,395.29,388.56,392.15,4582020
2023-10-12,394.39,394.39,384.97,387.66,3158182
2023-10-13,388.56,393.05,387.21,391.7,2391489
2023-10-16,389.46,389.46,383.62,387.21,2370628
2023-10-17,389.01,392.6,383.17,385.87,3010849
2023-10-18,386.31,394.39,385.42,391.25,4249199
2023-10-19,388.11,394.84,386.31,393.49,2981623
2023-10-20,394.39,397.53,389.01,394.84,3484051
2023-10-23,394.84,398.43,384.97,386.31,3463286
2023-10-24,385.87,388.56,381.83,385.42,1707793
2023-10-25,387.21,395.29,387.21,390.8,2923891
2023-10-26,388.11,388.56,382.28,385.42,3204056
2023-10-27,387.21,388.11,384.97,387.66,1839455
2023-10-30,392.6,411.89,392.15,405.61,10745
2023-10-31,406.95,411.89,403.36,407.85,6634
2023-11-01,410.1,422.21,408.3,421.76,11118
2023-11-02,427.14,435.22,422.66,435.22,8989
2023-11-03,436.12,437.02,428.94,428.94,4190173
2023-11-06,435.67,448.23,431.63,445.09,8224
2023-11-07,442.85,452.27,441.05,447.78,6110
2023-11-08,422.66,432.08,418.62,428.49,12604
2023-11-09,429.84,440.61,428.94,433.43,5037
2023-11-10,430.73,436.57,428.04,432.08,3482416
2023-11-13,436.12,441.95,433.88,437.46,3377869
2023-11-14,439.71,441.5,436.57,438.81,3915437
2023-11-15,442.85,446.89,440.61,441.05,4682902
2023-11-16,444.19,444.64,429.84,435.22,4208864
2023-11-17,433.88,444.19,433.88,444.19,3661490
2023-11-20,446.44,450.48,437.46,441.05,3857915
2023-11-21,445.99,445.99,440.16,441.95,2973834
2023-11-22,441.95,447.78,438.81,447.78,2898045
2023-11-23,448.68,449.58,443.3,445.09,2244162
2023-11-24,445.99,450.48,444.64,448.68,2494793
2023-11-27,450.48,463.94,449.58,451.37,6997
2023-11-28,452.27,454.96,445.54,450.48,3933981
2023-11-29,450.48,461.24,450.48,459.45,4663919
2023-11-30,459.45,460.35,453.17,458.55,3983607
2023-12-01,454.07,462.14,454.07,457.66,2207829
2023-12-04,457.66,464.83,454.07,461.24,3773841
2023-12-05,457.66,457.66,449.58,451.37,3403338
2023-12-06,451.37,460.35,451.37,458.55,2490174
2023-12-07,454.96,459.45,453.17,456.76,1812691
2023-12-08,458.55,459.45,454.96,455.86,1823914
2023-12-11,455.86,458.55,452.27,457.66,2216496
2023-12-12,457.66,463.04,455.86,461.24,3864167
2023-12-13,460.35,463.94,458.55,463.94,3719894
2023-12-14,463.94,464.83,455.86,463.04,5362
2023-12-15,464.83,468.42,459.45,462.14,4998995
2023-12-18,462.14,468.42,458.55,465.73,4077341
2023-12-19,464.83,467.53,455.86,457.66,5373
2023-12-20,460.35,462.14,455.86,461.24,4515560
2023-12-21,455.86,455.86,441.05,443.75,8704
2023-12-22,445.99,454.07,445.99,454.07,4353096
2023-12-25,454.07,455.86,448.23,452.27,1789107
2023-12-26,454.07,457.66,453.17,457.66,2029743
2023-12-27,459.45,463.04,454.96,458.55,2606561
2023-12-28,459.45,460.35,454.96,457.66,1551641
2023-12-29,460.35,463.94,455.86,463.94,2185370
2024-01-02,464.83,467.53,454.07,457.66,3228130
2024-01-03,453.17,454.96,446.89,448.23,3819475
2024-01-04,447.34,450.48,441.5,444.19,3356943
2024-01-05,441.05,443.3,438.36,439.71,4679415
2024-01-08,446.44,452.27,445.54,448.68,4094005
2024-01-09,453.17,453.17,446.89,448.68,3139370
2024-01-10,448.68,450.48,444.64,450.48,2479638
2024-01-11,454.07,454.96,448.68,450.48,1625124
2024-01-12,449.58,459.45,448.68,457.66,4917846
2024-01-15,470.22,482.78,470.22,479.19,9800
2024-01-16,480.09,480.99,473.81,478.29,5028
2024-01-17,467.53,468.42,455.86,458.55,9082
2024-01-18,457.66,460.35,453.17,460.35,3181443
2024-01-19,463.04,463.94,456.76,462.14,3191991
2024-01-22,461.24,465.73,460.35,464.83,2791508
2024-01-23,463.94,472.01,463.04,469.32,3695127
2024-01-24,469.32,472.01,468.42,472.01,1931193
2024-01-25,469.32,473.81,469.32,473.81,1998705
2024-01-26,471.12,471.12,461.24,466.63,4071664
2024-01-29,463.04,467.53,460.35,466.63,1649293
2024-01-30,466.63,466.63,455.86,455.86,4939683
2024-01-31,455.86,459.45,452.27,458.55,4441682
2024-02-01,456.76,463.94,455.86,462.14,2906887
2024-02-02,462.14,463.04,458.55,462.14,2242803
2024-02-05,453.17,454.07,441.5,454.07,7829
2024-02-15,454.07,459.45,445.54,454.07,7241
2024-02-16,455.86,463.04,452.27,461.24,4547207
2024-02-19,463.04,500.73,462.14,493.55,13706
2024-02-20,527.65,542.9,520.47,526.75,18024
2024-02-21,515.98,519.57,506.11,510.6,7385
2024-02-22,514.19,526.75,508.81,524.06,7123
2024-02-23,528.55,533.93,520.47,520.47,6305
2024-02-26,519.57,529.44,517.78,524.06,3535174
2024-02-27,525.85,548.29,525.85,542.9,12447
2024-02-29,533.03,544.7,528.55,539.32,7989
2024-03-01,538.42,552.78,537.52,537.52,7348
2024-03-04,540.21,542.9,528.55,531.24,7092
2024-03-05,529.44,533.93,525.85,532.14,3845807
2024-03-06,527.65,534.83,522.27,533.03,6289
2024-03-07,529.44,541.11,528.55,536.62,7365
2024-03-08,548.29,559.95,527.65,531.24,14925
2024-03-11,524.96,528.55,518.68,522.27,5903
2024-03-12,522.27,533.03,522.27,533.03,3393345
2024-03-13,531.24,537.52,518.68,524.06,6417
2024-03-14,520.47,522.27,509.7,516.88,5730
2024-03-15,512.39,518.68,510.6,511.5,3922390
2024-03-18,546.49,546.49,526.75,542.9,10762
2024-03-19,534.83,541.11,529.44,534.83,6836
2024-03-20,538.42,551.88,533.03,533.93,7277
2024-03-21,539.32,542.9,530.34,534.83,5190
2024-03-22,534.83,536.62,524.06,533.03,4025092
2024-03-25,531.24,533.03,524.06,528.55,3624552
2024-03-26,529.44,532.14,515.98,523.16,4680856
2024-03-27,523.16,533.03,520.47,530.34,3614920
2024-03-28,530.34,534.83,525.85,528.55,4127962
2024-03-29,529.44,538.42,527.65,537.52,2317000
2024-04-01,542.9,542.9,528.55,528.55,3900369
2024-04-02,528.55,533.93,528.55,533.03,2261787
2024-04-03,527.65,535.73,525.85,534.83,1807560
2024-04-08,530.34,539.32,529.44,530.34,3062433
2024-04-09,536.62,539.32,529.44,534.83,4816153
2024-04-10,534.83,549.19,533.93,543.8,4909628
2024-04-11,543.8,551.88,539.32,551.88,4400682
2024-04-12,552.78,573.42,551.88,565.34,8661
2024-04-15,564.44,564.44,550.08,554.57,4267157
2024-04-16,550.08,550.98,540.21,540.21,5454
2024-04-17,545.6,559.95,543.8,557.26,4209838
2024-04-18,552.78,562.65,550.98,551.88,3434266
2024-04-19,543.8,544.7,518.68,527.65,7380
2024-04-22,524.06,530.34,514.19,515.09,5551
2024-04-23,522.27,527.65,512.39,523.16,3832884
2024-04-24,527.65,542.9,525.85,539.32,4440575
2024-04-25,536.62,542.9,533.93,535.73,3465502
2024-04-26,536.62,550.98,536.62,541.11,3430886
2024-04-29,546.49,560.85,545.6,560.85,5632
2024-04-30,555.47,560.85,551.88,554.57,3625665
2024-05-02,547.39,559.06,543.8,552.78,4702259
2024-05-03,559.06,569.83,555.47,568.93,4628445
2024-05-06,574.31,576.11,568.03,569.83,4022745
2024-05-07,574.31,579.7,568.03,574.31,3431857
2024-05-08,532.14,548.29,530.34,542.9,12705
2024-05-09,536.62,538.42,524.96,531.24,7719
2024-05-10,532.14,535.73,526.75,527.65,6810
2024-05-13,528.55,531.24,519.57,526.75,6186
2024-05-14,526.75,530.34,518.68,523.16,6761
2024-05-15,523.16,527.65,519.57,519.57,5067
2024-05-16,524.96,531.24,522.27,530.34,3943562
2024-05-17,530.34,541.11,527.65,541.11,4268045
2024-05-20,542.9,549.19,540.21,549.19,5701
2024-05-21,547.39,548.29,540.21,543.8,5113
2024-05-22,549.19,550.98,539.32,550.98,5341
2024-05-23,547.39,559.95,545.6,559.95,7735
2024-05-24,542.9,555.47,542.9,547.39,6806
2024-05-27,549.19,567.13,544.7,544.7,10578
2024-05-28,557.26,565.34,545.6,559.06,10577
2024-05-29,559.06,564.44,548.29,548.29,7413
2024-05-30,545.6,550.08,542.01,542.9,7078
2024-05-31,539.32,547.39,532.14,532.14,10624
2024-06-03,534.83,541.11,531.24,536.62,7147
2024-06-04,533.03,542.01,531.24,533.93,7035
2024-06-05,534.83,545.6,533.93,542.9,5519
2024-06-06,543.8,548.29,535.73,543.8,4025348
2024-06-07,543.8,543.8,538.42,543.8,1636960
2024-06-11,536.62,540.21,533.93,533.93,3771109
2024-06-12,533.93,547.39,533.93,544.7,4431967
2024-06-13,550.98,553.67,544.7,545.6,4823492
2024-06-14,548.29,551.88,545.6,550.98,2374636
2024-06-17,551.88,558.16,550.98,558.16,2792131
2024-06-18,563.54,565.34,550.08,553.67,3877348
2024-06-19,558.16,565.34,554.57,564.44,6102
2024-06-20,561.75,562.65,551.88,555.47,6210
2024-06-21,550.98,554.57,548.29,554.57,3850804
2024-06-24,550.98,553.67,542.9,553.67,5916
2024-06-25,553.67,553.67,538.42,542.01,4587778
2024-06-26,538.42,550.08,533.93,550.08,7009
2024-06-27,543.8,545.6,540.21,543.8,3274904
2024-06-28,543.8,548.29,542.01,543.8,3392794
2024-07-01,545.6,556.37,545.6,556.37,5345
2024-07-02,553.67,563.54,549.19,559.95,7835
2024-07-03,556.37,556.37,546.49,555.47,7839
2024-07-04,552.78,556.37,547.39,556.37,7013
2024-07-05,556.37,558.16,552.78,554.57,2349811
2024-07-08,552.78,556.37,547.39,549.19,4326081
2024-07-09,549.19,552.78,540.21,542.01,5738
2024-07-10,539.16,547.69,538.22,540.11,9165
2024-07-11,544.85,553.38,542.01,548.64,4177996
2024-07-12,544.85,544.85,536.32,537.27,4737458
2024-07-15,540.11,541.06,531.58,533.48,4250137
2024-07-16,534.43,534.43,525.9,528.74,3605826
2024-07-17,529.69,532.53,523.06,524.95,3356858
2024-07-18,520.21,524.95,511.69,524.95,6357
2024-07-19,523.06,524.0,514.53,514.53,3684155
2024-07-22,514.53,518.32,496.52,496.52,5008
2024-07-23,521.16,521.16,505.05,512.63,2834800
2024-07-26,497.47,519.27,496.52,515.48,4814990
2024-07-29,522.11,525.9,501.26,502.21,3366522
2024-07-30,498.42,504.1,492.73,503.16,4896133
2024-07-31,492.73,501.26,488.94,495.58,4437971
2024-08-01,502.21,511.69,495.58,507.9,3524058
2024-08-02,496.52,498.42,488.94,493.68,4863308
2024-08-05,478.52,484.21,456.25,464.31,8928
2024-08-06,479.47,482.31,461.46,473.31,7956
2024-08-07,459.57,471.89,455.31,469.52,9297
2024-08-08,459.57,473.31,459.57,469.52,3139347
2024-08-09,475.68,488.94,474.73,479.47,6133
2024-08-12,485.15,501.26,483.26,497.47,3536941
2024-08-13,493.68,503.16,493.68,497.47,3206490
2024-08-14,503.16,503.16,496.52,501.26,2668127
2024-08-15,506.0,506.0,497.47,499.37,1607141
2024-08-16,507.9,507.9,499.37,505.05,3083402
2024-08-19,506.95,519.27,504.1,518.32,2276620
2024-08-20,521.16,524.95,517.37,523.06,2483167
2024-08-21,518.32,520.21,511.69,516.42,2094637
2024-08-22,516.42,523.06,514.53,520.21,1568717
2024-08-23,515.48,518.32,510.74,518.32,2302602
2024-08-26,519.27,523.06,516.42,520.21,2405410
2024-08-27,516.42,518.32,510.74,518.32,1858203
2024-08-28,518.32,519.27,510.74,512.63,1513364
2024-08-29,508.84,524.0,508.84,522.11,3120351
2024-08-30,521.16,524.95,511.69,511.69,2954922
2024-09-02,511.69,514.53,506.95,511.69,2384301
2024-09-03,510.74,513.58,504.1,504.1,2702440
2024-09-04,483.26,501.26,476.63,493.68,5045
2024-09-05,499.37,502.21,489.89,491.79,2694215
2024-09-06,490.84,499.37,486.1,498.42,2078102
2024-09-09,485.15,496.52,483.26,490.84,3569357
2024-09-10,493.68,500.31,490.84,495.58,2011440
2024-09-11,495.58,506.0,494.63,506.0,2423255
2024-09-12,509.79,511.69,502.21,505.05,1903741
2024-09-13,506.0,508.84,501.26,506.0,2294207
2024-09-16,505.05,506.95,494.63,504.1,4466143
2024-09-18,502.21,502.21,471.89,473.31,5760
2024-09-19,475.68,487.05,474.73,479.47,3976135
2024-09-20,485.15,490.84,482.31,482.31,3050617
2024-09-23,486.1,496.52,486.1,494.63,3540920
2024-09-24,492.73,495.58,489.89,491.79,1625342
2024-09-25,496.52,501.26,487.05,487.05,2557410
2024-09-26,491.79,500.31,488.0,495.58,2940620
2024-09-27,500.31,500.31,483.26,483.26,2039323
2024-09-30,488.0,495.58,486.1,490.84,2725593
2024-10-01,490.84,495.58,489.89,489.89,2394516
2024-10-04,486.1,501.26,486.1,496.52,3206292
2024-10-07,495.58,495.58,481.36,483.26,5853
2024-10-08,483.26,486.1,474.73,482.31,3172206
2024-10-09,487.05,489.89,483.26,483.26,1886819
2024-10-11,484.21,487.05,480.42,484.21,1384329
2024-10-14,487.05,491.79,486.1,491.79,1081579
2024-10-15,491.79,492.73,486.1,486.1,1679021
2024-10-16,483.26,496.52,483.26,493.68,3607890
2024-10-17,494.63,499.37,493.68,495.58,1501474
2024-10-18,497.47,500.31,492.73,495.58,2678557
2024-10-21,500.31,506.0,495.58,505.05,3430373
2024-10-22,502.21,502.21,490.84,497.47,2606179
2024-10-23,493.68,496.52,490.84,490.84,1617831
2024-10-24,488.0,492.73,488.0,489.89,1581109
2024-10-25,491.79,493.68,483.26,487.05,1510054
2024-10-28,488.94,491.79,486.1,488.0,1508623
2024-10-29,484.21,485.15,474.73,477.57,3616736
2024-10-30,481.36,484.21,474.73,476.63,1944395
2024-11-01,467.62,476.63,464.31,474.73,3832235
2024-11-04,474.73,474.73,462.89,466.68,3200332
2024-11-05,464.78,466.2,461.46,463.83,2425460
2024-11-06,466.2,473.78,465.73,469.52,2261402
2024-11-07,460.52,469.04,460.52,469.04,3954047
2024-11-08,470.47,470.94,462.41,462.89,2813532
2024-11-11,461.46,469.99,459.1,469.99,2857715
2024-11-12,460.99,465.25,455.78,456.25,5185
2024-11-13,455.78,467.62,455.31,465.25,3326942
2024-11-14,464.31,464.31,452.94,453.41,4608513
2024-11-15,453.88,465.25,453.88,459.1,2467794
2024-11-18,458.62,472.84,458.15,465.73,4983156
2024-11-19,465.73,469.99,460.04,460.04,4702610
2024-11-20,455.78,455.78,455.78,455.78,5142
2024-11-21,456.25,464.31,456.25,458.15,3902019
2024-11-22,460.52,463.36,454.83,454.83,4291250
2024-11-25,460.52,469.52,460.52,465.25,5752
2024-11-26,463.36,468.57,458.15,458.15,2552260
2024-11-27,460.52,461.46,453.41,456.25,2294195
2024-11-28,456.73,458.62,451.99,457.67,2555197
2024-11-29,454.83,463.36,451.99,458.62,2528610
2024-12-02,460.52,461.94,459.1,459.1,1342698
2024-12-03,460.52,462.41,454.36,454.36,3309378
2024-12-04,455.31,461.94,453.88,458.62,2760762
2024-12-05,460.52,463.83,456.73,461.94,2273871
2024-12-06,460.04,467.62,460.04,462.89,1753840
2024-12-09,463.36,466.2,460.52,461.94,1342267
2024-12-10,464.31,469.99,462.89,462.89,1648355
2024-12-11,462.89,466.68,459.57,459.57,1560220
2024-12-12,461.94,462.89,456.73,456.73,1257626
2024-12-13,456.73,462.41,453.41,461.94,1766523
2024-12-16,461.94,462.41,452.94,452.94,2033691
2024-12-17,452.94,463.36,452.94,454.83,3532656
2024-12-18,455.78,466.2,455.78,466.2,2998928
2024-12-19,457.67,463.83,457.67,459.57,3109343
2024-12-20,462.41,471.41,460.99,460.99,5331
2024-12-23,469.99,475.68,468.57,473.78,3577192
2024-12-24,476.63,477.57,468.1,468.57,1648419
2024-12-25,470.94,472.84,466.68,472.84,1512007
2024-12-26,473.78,480.42,472.84,476.63,2233323
2024-12-27,475.68,479.47,474.73,475.68,1050638
2024-12-30,477.57,477.57,472.84,473.78,1320079
2024-12-31,471.89,477.57,471.41,475.68,1833883
2025-01-02,474.73,480.42,471.89,478.52,2391310
2025-01-03,478.52,478.52,468.57,468.57,2049238
2025-01-06,471.41,477.57,469.99,469.99,1977778
2025-01-07,472.84,482.31,472.84,476.63,2593580
2025-01-08,476.63,483.26,475.68,479.47,1739206
2025-01-09,477.57,478.52,467.15,467.15,2181984
2025-01-10,464.31,469.52,462.41,462.41,1816377
2025-01-13,460.52,462.41,455.78,458.62,2529544
2025-01-14,461.46,477.57,460.04,477.57,3469926
2025-01-15,477.57,483.26,475.68,480.42,3120978
2025-01-16,485.15,485.15,478.52,478.52,1931884
2025-01-17,478.52,484.21,474.73,479.47,3108284
2025-01-20,475.68,478.52,473.31,473.78,1637826
2025-01-21,473.31,495.58,473.31,490.84,3088671
2025-01-22,488.94,497.47,488.0,496.52,2968492
2025-02-03,493.68,506.0,488.0,506.0,5236
2025-02-04,508.84,518.32,505.05,510.74,4277942
2025-02-05,514.53,514.53,503.16,510.74,4164187
2025-02-06,515.48,524.95,512.63,518.32,3992451
2025-02-07,513.58,519.27,513.58,515.48,1412599
2025-02-10,512.63,516.42,505.05,509.79,2781166
2025-02-11,510.74,515.48,507.9,509.79,1566462
2025-02-12,509.79,520.21,509.79,517.37,2470169
2025-02-13,519.27,527.79,511.69,521.16,6372
2025-02-14,524.0,524.95,516.42,516.42,2724801
2025-02-17,516.42,520.21,512.63,514.53,2298430
2025-02-18,516.42,517.37,509.79,514.53,2502964
2025-02-19,516.42,517.37,509.79,513.58,2424441
2025-02-20,516.42,516.42,510.74,511.69,2067534
2025-02-21,516.42,522.11,512.63,516.42,3090086
2025-02-24,512.63,524.95,512.63,523.06,2165400
2025-02-25,520.21,525.9,520.21,523.06,2505011
2025-02-26,521.16,522.11,514.53,521.16,2442318
2025-02-27,524.0,524.0,516.42,516.42,2600481
2025-03-03,521.16,521.16,513.58,518.32,1770547
2025-03-04,509.79,514.53,506.0,511.69,3280723
2025-03-05,513.58,522.11,511.69,516.42,1714157
2025-03-06,516.42,518.32,515.48,515.48,1449758
2025-03-07,518.32,521.16,515.48,515.48,1760382
2025-03-10,519.27,519.27,513.58,513.58,1632769
2025-03-11,506.0,516.42,503.16,506.0,3968071
2025-03-12,510.74,518.32,510.74,515.48,2980573
2025-03-13,517.37,521.16,515.48,515.48,2083429
2025-03-14,516.42,516.42,506.95,510.74,2723504
2025-03-17,513.58,517.37,511.69,511.69,1176164
2025-03-18,515.48,518.32,515.48,516.42,1204303
2025-03-19,517.37,529.69,511.69,511.69,2818319
2025-03-20,518.32,524.0,513.58,522.11,1507348
2025-03-21,522.11,525.9,520.21,524.95,1990938
2025-03-24,525.9,528.74,524.0,526.85,2118350
2025-03-25,530.64,535.37,524.0,529.69,2424043
2025-03-26,530.64,530.64,526.85,528.74,1158803
2025-03-27,524.0,531.58,521.16,531.58,3197145
2025-03-28,525.9,532.53,523.06,530.64,3464800
2025-03-31,522.11,527.79,516.42,516.42,4454370
2025-04-01,519.27,529.69,519.27,523.06,3728718
2025-04-02,523.06,524.0,502.21,503.16,4229058
2025-04-07,452.94,452.94,452.94,452.94,948643
2025-04-08,452.94,459.1,433.04,450.09,6883
2025-04-09,450.09,457.67,434.46,434.46,5528
2025-04-10,477.57,477.57,477.57,477.57,1300278
2025-04-11,461.94,483.26,457.67,483.26,3713300
2025-04-14,481.36,489.89,474.73,476.63,3526779
2025-04-15,481.36,483.26,473.78,473.78,2729233
2025-04-16,471.89,472.36,465.25,465.25,2091699
2025-04-17,467.15,473.78,459.57,465.25,1109380
2025-04-18,465.25,474.73,464.31,472.84,1590368
2025-04-21,473.78,478.52,468.1,468.1,1676288
2025-04-22,464.31,470.47,452.94,452.94,1987590
2025-04-23,462.41,474.73,461.46,462.89,1857507
2025-04-24,465.25,470.47,456.73,456.73,1898062
2025-04-25,468.1,480.42,467.15,476.63,2814415
2025-04-28,476.63,492.73,475.68,486.1,2262601
2025-04-29,484.21,490.84,480.42,481.36,1361009
2025-04-30,483.26,495.58,483.26,491.79,2310719
2025-05-02,491.79,496.52,487.05,488.0,1470718
2025-05-05,491.79,498.42,479.47,492.73,2373087
2025-05-06,497.47,506.0,494.63,494.63,2485236
2025-05-07,494.63,504.1,488.94,491.79,1709239
2025-05-08,478.52,488.0,478.52,482.31,2508343
2025-05-09,483.26,489.89,483.26,485.15,1950640
2025-05-12,492.73,498.42,488.0,497.47,1449918
2025-05-13,499.37,510.74,499.37,509.79,2249928
2025-05-14,509.79,512.63,504.1,510.74,1700820
2025-05-15,514.53,514.53,502.21,502.21,1664428
2025-05-16,506.95,506.95,493.68,494.63,2131533
2025-05-19,494.63,498.42,488.0,488.0,1761953
2025-05-20,491.79,496.52,489.89,491.79,1923405
2025-05-21,496.52,498.42,491.79,496.52,1549324
2025-05-22,496.52,497.47,488.94,491.79,2603164
2025-05-23,495.58,495.58,487.05,488.0,2172306
2025-05-26,491.79,496.52,484.21,496.52,4193765
2025-05-27,494.63,495.58,486.1,486.1,4059423
2025-05-28,496.52,496.52,485.15,489.89,4451300
2025-05-29,491.79,492.73,483.26,488.94,8721
2025-06-02,483.26,485.15,465.25,466.68,7752
2025-06-03,473.31,473.31,461.46,469.04,7499
2025-06-04,471.89,473.31,462.41,469.52,7689
2025-06-05,469.99,470.47,464.78,469.52,4221124
2025-06-06,469.99,471.89,465.25,471.89,3896463
2025-06-09,473.78,474.73,468.1,470.94,3536469
2025-06-10,472.36,479.47,469.99,479.47,4105394
2025-06-11,481.36,487.05,478.52,487.05,4841117
2025-06-12,488.0,488.0,478.52,480.42,3835281
2025-06-13,480.42,486.1,477.57,483.26,2251509
2025-06-16,481.36,489.89,481.36,489.89,2222784
2025-06-17,492.73,496.52,489.89,490.84,2262391
2025-06-18,491.79,497.47,487.05,497.47,2407713
2025-06-19,494.63,495.58,485.15,485.15,2030006
2025-06-20,490.84,495.58,487.05,491.79,3719376
2025-06-23,488.0,499.37,487.05,497.47,3030661
2025-06-24,504.1,507.9,500.31,500.31,2717119
2025-06-25,503.16,510.74,503.16,506.95,2315909
2025-06-26,511.69,511.69,503.16,503.16,3550711
2025-06-27,500.31,514.53,500.31,510.74,3679239
2025-06-30,510.74,521.16,510.74,516.42,3598725
2025-07-01,516.42,523.06,507.9,511.69,3203213
2025-07-02,506.95,515.48,506.95,510.74,2199352
2025-07-03,511.69,519.27,511.69,518.32,2920719
2025-07-04,521.16,523.06,511.69,513.58,3690423
2025-07-07,511.69,514.53,505.05,512.63,3458162
2025-07-08,512.63,512.63,502.21,506.0,3769086
2025-07-09,505.0,511.0,500.0,509.0,4935456
2025-07-10,503.0,506.0,496.0,496.0,3183057
2025-07-11,500.0,502.0,496.0,496.0,2078749
2025-07-14,501.0,503.0,493.0,495.0,3021242
2025-07-15,494.0,499.0,493.5,498.0,1151662
2025-07-16,498.0,505.0,497.5,499.5,2023514
2025-07-17,503.0,503.0,495.5,499.5,1992282
2025-07-18,503.0,503.0,496.0,496.0,2020128
2025-07-21,496.0,500.0,492.5,493.0,2166125
2025-07-22,493.5,496.5,490.0,490.5,2586123
2025-07-23,494.5,497.0,491.5,497.0,2300508
2025-07-24,498.0,498.0,491.5,497.0,2571587
2025-07-25,494.5,496.0,491.0,494.0,1664665
2025-07-28,493.0,495.0,488.0,488.0,1975290
2025-07-29,489.0,491.0,485.0,485.5,1475849
2025-07-30,478.0,484.0,472.0,477.5,3929522
2025-07-31,475.0,480.5,474.0,475.0,2240588
2025-08-04,472.5,473.0,470.0,472.0,2054966
2025-08-05,473.0,474.5,469.5,472.0,2288958
2025-08-06,470.0,470.5,458.0,458.0,4426711
2025-08-07,450.0,457.0,445.0,445.0,5071
2025-08-08,445.5,447.0,438.5,440.0,2855866
2025-08-11,440.0,440.0,428.5,432.0,3581324
2025-08-12,432.0,437.5,432.0,433.0,2753803
2025-08-13,436.0,442.0,436.0,439.0,2887760
2025-08-14,442.0,442.0,435.0,435.0,2025771
2025-08-15,437.0,437.0,429.0,430.0,2347300
2025-08-18,430.5,432.0,422.0,424.5,2234450
2025-08-19,423.5,430.0,420.5,428.0,2187123
2025-08-20,430.5,430.5,423.0,426.0,2166617
2025-08-21,426.0,428.5,422.5,425.5,1584916
2025-08-22,424.5,425.5,422.5,423.0,695327
2025-08-25,425.0,428.0,424.5,428.0,1179762
2025-08-26,428.0,430.5,426.0,430.5,2279674
2025-08-27,430.0,436.0,430.0,435.5,1666006
2025-08-28,436.0,437.5,434.0,435.0,1709337
2025-08-29,436.0,437.0,433.0,435.0,1546697
2025-09-01,435.0,436.5,427.0,428.0,993496
2025-09-02,429.0,432.0,429.0,432.0,595730
2025-09-03,435.5,435.5,433.0,433.0,811550
2025-09-04,435.5,439.5,433.5,438.0,1575387
2025-09-05,441.5,441.5,437.0,438.5,1090800
2025-09-08,438.5,445.0,434.5,437.0,2433210
2025-09-09,438.0,438.0,431.0,432.0,2486716
2025-09-10,432.0,432.5,424.5,424.5,2907477
2025-09-11,425.5,427.0,416.5,416.5,2834596
2025-09-12,419.0,422.5,416.5,417.0,2054502
2025-09-15,423.0,430.5,421.0,421.5,2479360
2025-09-16,422.0,425.0,419.5,422.0,1704570
2025-09-17,423.0,427.0,422.0,424.0,1759715
2025-09-18,426.0,444.0,426.0,438.5,5451
2025-09-19,468.0,477.5,447.5,448.5,8910
2025-09-22,450.0,450.0,436.5,436.5,3212861
2025-09-23,438.5,451.5,436.0,443.0,6529
2025-09-24,443.5,447.5,441.5,441.5,3470138
2025-09-25,437.5,445.0,437.5,440.5,3224061
2025-09-26,440.0,442.0,433.0,434.5,2341398
2025-09-30,437.5,438.5,424.5,426.5,4777447
2025-10-01,428.5,429.0,416.0,416.0,5114
2025-10-02,420.0,423.0,418.0,418.0,1832200
2025-10-03,420.0,421.5,417.5,418.5,1864060
2025-10-07,419.0,426.0,418.0,425.0,1662946
2025-10-08,426.0,428.0,423.5,425.0,1153151
2025-10-09,427.0,429.5,423.0,424.0,1587371
2025-10-13,420.0,421.0,410.0,414.0,3255459
2025-10-14,418.0,421.5,407.5,407.5,3271689
2025-10-15,408.0,410.5,403.0,406.5,1456473
2025-10-16,407.0,411.0,407.0,410.5,1348822
2025-10-17,412.0,414.5,405.0,405.5,2182064
2025-10-20,413.0,420.0,412.5,414.0,2637767
2025-10-21,417.0,421.0,417.0,417.0,2150417
2025-10-22,418.0,421.0,414.0,420.5,1521500
2025-10-23,419.5,421.0,415.5,415.5,1426505
2025-10-27,419.5,419.5,410.0,414.0,2265210
2025-10-28,416.0,416.0,406.0,406.0,2152129
2025-10-29,406.5,410.0,403.0,403.0,2716793
2025-10-30,403.0,405.0,398.0,401.5,2313476
2025-10-31,402.5,402.5,391.0,393.0,4323595
2025-11-03,392.0,397.0,390.0,394.0,2488756
2025-11-04,400.0,402.0,392.0,396.0,3205982
2025-11-05,386.0,393.5,381.5,393.5,3847808
2025-11-06,395.0,395.5,385.0,386.0,3152336
2025-11-07,378.0,383.0,368.0,380.5,5767
2025-11-10,384.0,388.0,378.0,383.5,2848236
2025-11-11,386.0,391.0,384.5,389.5,2609204
2025-11-12,389.5,391.0,386.0,390.5,2304709
2025-11-13,391.5,393.5,386.0,392.0,2137782
2025-11-14,389.0,393.5,387.0,390.0,2782190
2025-11-17,393.5,395.0,389.0,393.5,2071800
2025-11-18,388.5,394.0,385.5,392.0,3306006
2025-11-19,392.0,393.5,386.0,392.0,2721345
2025-11-20,395.5,395.5,388.0,393.0,2173779
2025-11-21,387.5,394.0,385.5,389.0,2635495
2025-11-24,392.0,394.0,384.0,389.5,4614275
2025-11-25,388.0,394.0,386.0,393.0,2584626
2025-11-26,393.0,399.5,392.5,396.0,2536319
2025-11-27,393.5,395.5,389.5,393.5,2919523
2025-11-28,393.5,395.0,389.5,389.5,2190246
2025-12-01,388.5,393.5,388.0,392.5,1977976
2025-12-02,392.5,400.0,391.0,398.0,2048841
2025-12-03,398.0,398.0,390.0,390.0,2069350
2025-12-04,390.0,392.0,384.5,384.5,1896101
2025-12-05,386.5,389.0,383.5,387.0,1575700
2025-12-08,386.0,386.0,382.0,385.0,1571066
2025-12-09,384.0,386.0,378.5,379.5,2122719
2025-12-10,379.0,383.5,374.5,382.5,1828227
2025-12-11,384.0,384.5,373.5,377.5,2441348
2025-12-12,379.5,379.5,371.5,373.0,1947908
2025-12-15,369.0,373.0,367.5,371.0,1635691
2025-12-16,368.5,379.0,367.0,374.5,2630013
2025-12-17,375.0,382.5,374.5,377.0,3086703
2025-12-18,377.0,380.5,376.5,377.5,1815528
2025-12-19,378.5,380.0,373.0,376.0,1962797
2025-12-22,376.5,378.5,374.5,377.0,1778497
2025-12-23,379.0,379.0,373.0,374.5,1287254
2025-12-24,373.5,382.0,373.5,377.0,1437491
2025-12-26,379.5,379.5,372.0,373.5,1281757
2025-12-29,374.0,379.5,372.0,376.5,1968469
2025-12-30,377.0,380.5,373.0,374.5,3109093
2025-12-31,378.0,384.0,374.0,374.0,6332
2026-01-02,378.5,379.0,367.0,367.0,5333
2026-01-05,371.0,372.0,360.0,363.0,7257
2026-01-06,365.5,378.0,365.5,378.0,4370405
2026-01-07,381.5,402.0,378.0,402.0,9259
2026-01-08,398.5,398.5,381.5,385.0,7016
2026-01-09,384.5,389.0,379.0,380.0,3814564
2026-01-12,383.0,384.5,377.0,383.0,2995362
2026-01-13,386.5,393.5,380.5,385.5,3201014
2026-01-14,387.0,387.5,380.0,383.0,3234419
2026-01-15,384.0,384.0,379.0,379.5,1850639
2026-01-16,382.0,382.0,376.5,378.0,2315326
2026-01-19,378.0,393.0,377.5,386.5,4928876
2026-01-20,387.0,395.0,383.5,392.0,3949331
2026-01-21,389.0,390.0,377.5,377.5,5137
2026-01-22,365.79,368.18,364.83,367.23,2938804
2026-01-23,373.93,388.77,371.54,376.32,7790
2026-01-26,373.45,386.38,372.01,379.2,4919348
2026-01-27,379.2,383.5,376.8,378.24,3904045
2026-01-28,379.2,383.03,373.93,376.32,3465336
2026-01-29,378.24,379.67,367.23,368.18,5619
2026-01-30,368.66,368.66,352.38,359.09,6207
2026-02-02,360.52,362.44,350.47,352.86,3683387
2026-02-03,357.17,358.61,352.38,357.65,2001073
2026-02-04,354.78,357.65,350.47,351.9,4079143
2026-02-05,347.6,352.86,344.72,345.68,3386394
2026-02-06,344.72,349.99,337.06,349.51,3527706
2026-02-09,354.78,359.57,351.9,356.21,3447502
2026-02-10,358.61,367.23,358.13,361.0,2896859
2026-02-11,361.0,364.83,358.13,359.09,2310146
2026-02-23,366.75,366.75,359.09,361.96,3401107
2026-02-24,361.96,368.66,359.57,368.66,3267474
2026-02-25,369.62,372.97,366.75,370.58,2961282
2026-02-26,372.49,376.32,371.06,376.32,6230899
2026-03-02,372.49,373.45,366.27,370.1,3761672
2026-03-03,371.06,371.06,359.57,363.4,3451266
2026-03-04,356.21,357.65,349.99,355.26,3761278
2026-03-05,361.0,362.92,355.74,358.61,3299326
2026-03-06,360.52,362.92,356.69,359.09,2246482
2026-03-09,343.77,364.35,338.5,362.92,4592363
2026-03-10,365.31,368.18,359.57,368.18,2968276
2026-03-11,364.83,372.01,363.87,372.01,3168916
2026-03-12,370.1,373.93,368.18,372.97,3362047
2026-03-13,369.14,373.45,369.14,371.54,2097296
2026-03-16,369.62,370.58,361.96,362.44,2795807
2026-03-17,366.75,371.54,361.48,364.83,3298796
2026-03-18,367.23,368.66,360.04,366.27,3456669
2026-03-19,364.83,364.83,353.82,357.65,4444074
2026-03-20,357.65,368.66,354.3,368.66,18338267
2026-03-23,362.44,372.01,356.21,356.21,4385777
2026-03-24,359.57,362.44,354.3,354.3,2166474
2026-03-25,361.48,362.92,358.13,361.48,1291485
2026-03-26,361.0,381.11,360.04,375.37,6972233
2026-03-27,375.37,389.25,373.45,382.07,9486218
2026-03-30,380.15,388.77,373.45,374.41,6557179
2026-03-31,373.45,376.32,363.4,363.4,4571088
2026-04-01,370.58,374.89,366.27,374.89,3300023
2026-04-02,375.84,379.2,365.79,365.79,2738224
2026-04-07,367.23,370.58,362.92,368.18,1961050
2026-04-08,372.97,376.8,371.06,374.89,2495960
2026-04-09,375.37,382.55,373.93,382.55,2764625
2026-04-10,384.46,384.46,376.8,377.28,2650500
2026-04-13,374.41,378.24,368.66,377.76,2254121
2026-04-14,378.24,382.55,377.28,381.59,2636984
2026-04-15,383.98,392.6,383.98,387.81,4336987
2026-04-16,392.12,396.43,389.25,394.52,3988582
2026-04-17,394.52,397.39,391.17,397.39,2956752
2026-04-20,400.26,403.13,391.64,397.39,6151480
2026-04-21,394.04,399.78,393.56,397.87,4050827
2026-04-22,398.35,416.06,398.35,414.15,7651409
2026-04-23,419.41,419.41,388.77,388.77,9274689
2026-04-24,395.0,409.84,394.04,400.26,6409518
2026-04-27,402.18,404.57,394.52,398.83,3317647
2026-04-28,400.74,402.18,392.6,395.0,3251042
2026-04-29,396.43,398.35,389.25,391.17,2376504
2026-04-30,392.12,395.47,389.73,391.64,2518301
2026-05-04,400.26,405.05,395.47,397.87,3402103
2026-05-05,397.39,404.57,395.0,402.18,3135326
2026-05-06,407.92,422.76,406.96,422.76,8430818
2026-05-07,428.99,433.78,421.33,433.78,6237195
2026-05-08,444.31,476.87,436.17,476.87,19363834
2026-05-11,478.78,481.65,465.38,475.43,14348265
2026-05-12,476.39,478.78,455.8,466.33,9236261
2026-05-13,469.21,473.52,461.07,465.86,5433502
2026-05-14,466.81,478.3,463.46,472.08,7436947
2026-05-15,476.87,478.3,443.35,446.7,8239688
2026-05-18,449.1,455.32,439.04,455.32,5100713
2026-05-19,451.49,459.15,443.35,446.23,5602456
2026-05-20,454.84,461.07,446.23,452.45,5304717
2026-05-21,457.72,466.81,454.84,463.94,5915507
2026-05-22,461.55,469.21,455.8,464.9,8120345
2026-05-25,468.73,476.87,466.81,468.25,4666747
2026-05-26,470.64,475.43,465.38,470.64,4246903
2026-05-27,470.16,474.47,463.46,464.42,6794240
2026-05-28,466.81,474.95,457.24,458.19,5893064
2026-05-29,460.11,464.9,454.84,456.76,7669991
2026-06-01,463.46,475.91,459.63,475.43,6720626
2026-06-02,476.87,488.36,472.08,485.49,10565944
2026-06-03,489.32,490.27,478.78,481.65,4985417
2026-06-04,480.7,480.7,468.25,468.25,4026037
2026-06-05,470.16,471.12,459.63,471.12,5346179
2026-06-08,440.48,454.84,436.65,452.93,4669660
2026-06-09,451.49,464.9,443.83,460.11,6183545
2026-06-10,457.72,473.04,456.76,458.19,4783050
2026-06-11,459.63,467.77,455.8,467.29,3770857
2026-06-12,475.91,485.49,467.77,467.77,4544687
2026-06-15,478.78,479.74,470.64,473.99,2783996
2026-06-16,476.87,482.61,472.08,478.78,3081641
2026-06-17,474.47,496.98,471.12,493.15,6796092
2026-06-18,496.02,517.08,492.19,494.1,9752706
2026-06-22,506.55,542.94,503.68,542.94,10695591
2026-06-23,574.54,580.28,519.96,520.92,14031390
2026-06-24,517.08,522.83,502.72,519.96,5120721
2026-06-25,521.87,547.73,519.96,537.19,6160117
2026-06-26,519.0,523.79,485.49,487.4,9422668
2026-06-29,496.98,507.51,492.19,500.81,5630607
2026-06-30,506.55,519.0,496.02,512.3,7331259
2026-07-01,519.96,527.62,512.3,515.17,5317746
2026-07-02,508.47,521.87,505.59,518.04,4476669
2026-07-03,511.34,522.83,511.34,515.17,2456624
2026-07-06,519.0,519.96,508.47,515.17,3432142
2026-07-07,516.13,529.53,508.47,508.47,5304564
2026-07-08,509.42,523.79,505.59,520.92,6021933
2026-07-09,525.7,525.7,512.3,519.0,6479060
2026-07-10,519.0,519.0,519.0,519.0,0
2026-07-13,494.0,505.0,467.5,467.5,12607890
2026-07-14,463.0,469.0,451.0,468.0,11573027
2026-07-15,473.5,480.5,462.0,472.0,4456539
2026-07-16,471.0,474.0,461.5,471.5,3958214
2026-07-17,461.0,473.0,456.0,460.5,5412715
2026-07-20,470.0,473.0,452.0,458.0,4141362
2026-07-21,462.5,479.5,462.5,476.0,4259407
2026-07-22,484.5,507.0,484.5,501.0,6454786
2026-07-23,501.0,509.0,495.0,503.0,4293335
2026-07-24,500.0,509.0,497.0,507.0,4122171
2026-07-27,510.0,525.0,507.0,518.0,3549204
2026-07-28,499.0,514.0,492.5,492.5,3264975
2026-07-29,505.0,522.0,493.0,505.0,6079553
2026-07-30,501.0,512.0,486.5,491.0,4180945
2026-07-31,530.0,531.0,504.0,519.0,7328135
2026-08-03,510.0,527.0,510.0,519.0,3349571
2026-08-04,515.0,532.0,514.0,524.0,4212328
2026-08-05,540.0,572.0,538.0,550.0,7520302
2026-08-06,547.0,556.0,540.0,543.0,2984063