date,open,high,low,close,volume
2000-01-04,22.72,23.13,22.31,22.56,27681
2000-01-05,22.23,23.87,22.23,23.87,38190
2000-01-06,24.11,24.19,23.05,23.05,30466
2000-01-07,22.89,23.54,22.89,23.13,26746
2000-01-10,23.21,23.7,23.05,23.13,24392
2000-01-11,23.54,24.52,23.21,23.29,53311
2000-01-12,23.79,24.85,23.46,24.85,44614
2000-01-13,25.83,25.83,24.68,24.85,51058
2000-01-14,25.66,26.48,25.5,25.99,61745
2000-01-17,28.12,28.61,27.46,27.63,33971
2000-01-18,27.46,28.93,26.97,28.93,29082
2000-01-19,28.77,28.77,26.97,27.3,20805
2000-01-20,26.97,27.46,26.32,27.46,11771
2000-01-21,27.3,28.61,26.81,27.95,25831
2000-01-24,28.77,29.75,28.28,28.93,40074
2000-01-25,28.61,28.93,27.63,28.28,13704
2000-01-26,27.46,28.28,26.97,27.46,25893
2000-01-27,27.14,27.46,26.16,26.16,16470
2000-01-28,26.16,26.97,25.66,26.48,10615
2000-01-31,26.97,27.79,26.48,27.3,12184
2000-02-01,27.63,28.28,27.46,27.63,16698
2000-02-02,27.63,27.63,27.63,27.63,0
2000-02-03,27.63,27.63,27.63,27.63,0
2000-02-04,27.63,27.63,27.63,27.63,0
2000-02-07,27.63,27.63,27.63,27.63,0
2000-02-08,27.63,27.63,27.63,27.63,0
2000-02-09,28.12,28.12,26.97,26.97,8855
2000-02-10,26.65,27.3,26.48,26.81,7179
2000-02-11,26.97,27.79,26.97,27.14,11465
2000-02-14,26.97,28.12,26.32,26.32,11498
2000-02-15,26.65,26.97,26.32,26.97,6934
2000-02-16,27.63,27.63,26.97,27.14,6666
2000-02-17,27.14,27.79,26.81,27.14,11253
2000-02-18,27.79,28.12,26.97,27.14,23275
2000-02-21,26.48,27.14,25.66,25.66,9204
2000-02-22,25.66,25.99,25.34,25.5,7765
2000-02-23,25.5,25.99,25.5,25.66,3561388
2000-02-24,25.99,26.16,25.34,25.34,3923210
2000-02-25,25.34,25.83,24.85,25.01,4709331
2000-02-28,25.01,25.01,25.01,25.01,0
2000-02-29,25.17,25.5,24.85,24.85,4020511
2000-03-01,25.01,25.66,25.01,25.01,5087
2000-03-02,25.34,25.66,25.01,25.34,3781332
2000-03-03,25.34,26.97,25.34,26.97,12005
2000-03-06,27.3,28.12,26.97,28.12,20117
2000-03-07,28.44,30.08,27.79,29.59,45115
2000-03-08,30.08,31.55,30.08,31.55,35891
2000-03-09,31.88,32.37,31.06,31.06,29119
2000-03-10,31.55,33.02,31.06,31.06,24114
2000-03-13,31.06,31.06,28.93,29.1,18105
2000-03-14,30.24,31.06,29.59,30.73,20405
2000-03-15,30.24,30.73,28.77,28.77,11587
2000-03-16,26.97,29.42,26.97,28.61,9467
2000-03-17,28.93,30.08,28.44,29.1,9359
2000-03-20,28.12,28.12,28.12,28.12,1421244
2000-03-21,28.61,30.08,28.61,30.08,7617
2000-03-22,31.06,32.04,30.41,32.04,14432
2000-03-23,33.51,34.17,33.18,33.67,30094
2000-03-24,33.51,35.15,32.69,34.33,29068
2000-03-27,34.33,36.29,34.0,34.49,25552
2000-03-28,34.49,36.78,33.51,36.78,32495
2000-03-29,36.78,38.42,35.96,36.13,25342
2000-03-30,35.96,37.27,35.31,35.31,17795
2000-03-31,35.15,36.45,35.15,35.8,16011
2000-04-03,35.8,35.8,35.8,35.8,0
2000-04-04,35.8,35.8,35.8,35.8,0
2000-04-05,38.09,40.87,38.09,40.87,22953
2000-04-06,42.01,42.01,39.56,39.72,18730
2000-04-07,40.05,42.5,40.05,42.5,21608
2000-04-10,45.94,47.41,45.44,46.1,29602
2000-04-11,45.44,46.92,43.81,44.3,24058
2000-04-12,44.14,44.14,41.36,41.36,20408
2000-04-13,38.91,39.89,38.58,38.74,12689
2000-04-14,37.6,39.72,37.43,37.43,14988
2000-04-17,34.66,37.11,34.66,37.11,19001
2000-04-18,38.74,39.56,38.42,39.56,16150
2000-04-19,40.54,41.36,38.42,39.07,19196
2000-04-20,38.58,40.7,37.6,40.21,15953
2000-04-21,40.38,41.19,39.72,40.54,15900
2000-04-24,40.38,40.38,37.76,37.76,6356
2000-04-25,35.96,37.76,35.15,37.11,8857
2000-04-26,37.76,38.74,35.96,36.94,16866
2000-04-27,37.93,39.23,36.94,38.74,15805
2000-04-28,38.74,40.54,37.6,40.54,17142
2000-05-01,40.54,40.54,40.54,40.54,0
2000-05-02,41.19,41.36,38.91,38.91,5938
2000-05-03,37.76,38.42,36.62,37.27,5142
2000-05-04,36.78,38.09,34.82,34.82,4739764
2000-05-05,34.33,37.11,34.33,37.11,2684303
2000-05-08,38.42,39.89,38.09,39.07,10023
2000-05-09,39.07,39.07,39.07,39.07,0
2000-05-10,40.05,40.21,38.74,38.74,6960
2000-05-11,37.6,39.4,37.6,39.07,6319
2000-05-12,39.89,40.38,39.07,39.07,14526
2000-05-15,39.23,39.56,37.76,37.76,5477
2000-05-16,37.76,39.56,36.78,39.4,9043
2000-05-17,40.38,42.01,40.05,42.01,16187
2000-05-18,41.36,44.63,41.36,43.97,21464
2000-05-19,43.65,44.3,43.16,43.97,9182
2000-05-22,41.52,43.16,41.52,41.52,12408
2000-05-23,42.5,42.5,41.03,41.52,10874
2000-05-24,40.21,41.03,38.74,38.91,7431
2000-05-25,39.89,40.21,36.78,36.94,10878
2000-05-26,36.13,38.09,35.64,38.09,8329
2000-05-29,38.25,38.42,37.27,37.6,7181
2000-05-30,37.6,37.6,37.6,37.6,0
2000-05-31,40.05,40.38,39.07,40.38,12694
2000-06-01,40.21,40.21,39.4,39.4,4916131
2000-06-02,40.38,42.01,40.38,41.36,14976
2000-06-05,42.99,45.12,42.18,45.12,23247
2000-06-06,45.12,45.12,45.12,45.12,0
2000-06-07,45.12,48.22,44.95,48.06,25537
2000-06-08,48.06,48.39,45.61,45.61,15122
2000-06-09,45.94,47.41,45.61,46.59,22672
2000-06-12,46.59,48.55,46.59,48.22,17238
2000-06-13,47.9,47.9,46.26,46.59,9240
2000-06-14,47.08,47.24,45.94,45.94,9558
2000-06-15,45.77,47.24,45.77,46.43,13695
2000-06-16,46.43,46.59,43.81,45.77,8341
2000-06-19,43.65,45.77,43.65,45.77,15138
2000-06-20,46.43,46.43,44.63,45.28,11311
2000-06-21,45.44,45.77,44.63,45.12,6180
2000-06-22,45.44,47.08,45.28,45.61,17452
2000-06-23,45.61,45.94,45.12,45.44,6961
2000-06-26,45.44,45.44,43.81,44.14,5735
2000-06-27,44.63,44.63,43.32,43.97,6521
2000-06-28,43.97,44.14,42.5,43.81,6284
2000-06-29,44.14,44.46,42.18,42.18,4980042
2000-06-30,42.18,42.99,40.87,42.01,8692
2000-07-03,41.85,42.01,39.4,40.7,6463
2000-07-04,40.7,41.19,38.42,38.42,6078
2000-07-05,38.42,41.03,37.43,41.03,10208
2000-07-06,40.38,40.7,39.23,39.23,4469230
2000-07-07,39.72,40.87,39.4,40.05,10560
2000-07-10,40.05,40.21,39.07,39.89,3246652
2000-07-11,39.56,41.19,39.56,40.54,7270
2000-07-12,40.87,42.83,40.38,42.34,12729
2000-07-13,42.99,45.12,42.83,44.95,18062
2000-07-14,45.61,47.73,45.61,47.73,22438
2000-07-17,48.55,48.71,47.57,47.57,7992
2000-07-18,47.57,47.57,44.3,44.3,15081
2000-07-19,47.57,47.57,44.3,44.3,15081
2000-07-20,44.95,45.94,44.46,45.44,6691
2000-07-21,45.61,47.41,45.61,45.94,7194
2000-07-24,45.77,45.77,43.48,43.97,3526211
2000-07-25,42.99,45.77,42.5,42.5,10872
2000-07-26,42.69,43.6,42.69,43.6,6696
2000-07-27,43.6,45.21,42.69,44.52,18859
2000-07-28,43.83,45.21,43.83,44.52,9695
2000-07-31,45.21,45.21,44.06,44.29,3666799
2000-08-01,44.75,44.98,44.06,44.52,7901
2000-08-02,44.75,45.21,43.6,44.06,6736
2000-08-03,43.37,44.06,41.54,43.14,6420
2000-08-04,42.46,44.06,42.46,43.14,10332
2000-08-07,39.93,41.08,38.78,40.16,5463
2000-08-08,40.16,41.31,39.7,41.31,9254
2000-08-09,41.77,44.06,41.31,44.06,15503
2000-08-10,44.75,46.36,44.52,45.44,20041
2000-08-11,45.44,47.27,44.98,46.59,17879
2000-08-14,46.59,47.27,45.9,46.59,9459
2000-08-15,47.05,48.19,46.59,48.19,16596
2000-08-16,48.42,48.65,47.5,47.96,11917
2000-08-17,48.65,51.18,48.65,51.18,15840
2000-08-18,51.86,53.24,51.18,51.41,21782
2000-08-21,53.47,54.39,51.64,51.64,13173
2000-08-22,51.18,51.18,49.34,49.57,12708
2000-08-23,49.57,49.57,49.57,49.57,0
2000-08-24,50.26,52.32,49.8,50.72,16669
2000-08-25,51.64,52.32,49.57,52.32,17064
2000-08-28,53.01,53.01,50.49,50.95,12484
2000-08-29,50.03,54.39,49.57,54.39,23403
2000-08-30,54.39,57.37,53.7,53.7,35582
2000-08-31,53.7,55.77,53.24,53.7,30674
2000-09-01,53.24,53.93,50.49,51.18,18195
2000-09-04,51.86,54.62,51.64,53.24,30386
2000-09-05,52.78,53.47,51.86,52.32,10816
2000-09-06,51.41,52.09,49.57,49.57,12765
2000-09-07,48.19,51.18,48.19,50.26,19725
2000-09-08,50.26,50.72,46.82,46.82,11719
2000-09-11,44.98,48.42,44.98,47.27,14355
2000-09-12,47.27,47.27,47.27,47.27,0
2000-09-13,47.27,50.49,47.05,50.26,18785
2000-09-14,50.26,50.26,46.82,46.82,11397
2000-09-15,46.59,48.42,44.75,44.98,16314
2000-09-18,43.37,44.75,43.14,43.37,12139
2000-09-19,43.83,44.75,43.14,43.14,14570
2000-09-20,43.6,44.06,40.16,40.39,26810
2000-09-21,39.24,39.7,37.64,37.87,18445
2000-09-22,36.72,38.55,36.72,37.41,16445
2000-09-25,38.55,38.78,37.18,38.55,16488
2000-09-26,38.55,39.7,37.41,39.01,11913
2000-09-27,39.01,40.16,38.78,39.47,11608
2000-09-28,39.47,40.16,36.72,36.72,14324
2000-09-29,35.11,36.26,34.19,34.19,7196
2000-10-02,29.72,31.21,29.72,29.72,10701
2000-10-03,28.11,31.33,27.65,30.41,28575
2000-10-04,29.37,29.37,29.37,29.37,532142
2000-10-05,28.46,31.33,28.46,31.33,26780
2000-10-06,31.67,33.51,31.67,33.51,13858
2000-10-09,34.65,34.88,33.51,33.62,13835
2000-10-10,33.62,33.62,33.62,33.62,0
2000-10-11,32.82,33.62,32.47,32.93,9334
2000-10-12,32.82,33.96,31.55,32.01,16488
2000-10-13,29.83,32.59,29.83,31.9,14435
2000-10-16,31.9,31.9,31.9,31.9,0
2000-10-17,28.0,29.72,27.65,27.65,8011
2000-10-18,25.82,26.62,25.82,25.82,5316
2000-10-19,24.1,24.1,24.1,24.1,1158489
2000-10-20,25.47,25.7,24.1,25.7,13185
2000-10-23,24.56,26.39,24.56,25.24,12611
2000-10-24,24.78,26.97,24.78,26.97,20044
2000-10-25,26.97,28.8,26.97,28.8,18162
2000-10-26,27.88,30.64,27.88,30.64,24849
2000-10-27,30.64,30.64,30.64,30.64,0
2000-10-30,28.57,28.57,28.57,28.57,119508
2000-10-31,27.65,28.57,27.65,27.65,9170
2000-11-01,27.77,28.0,26.74,26.74,3931010
2000-11-02,25.82,28.46,25.82,28.0,19248
2000-11-03,28.46,29.26,27.42,29.03,24283
2000-11-06,27.19,28.0,27.19,27.19,7154
2000-11-07,27.54,29.03,27.42,29.03,14396
2000-11-08,29.83,30.98,29.83,30.98,15843
2000-11-09,31.9,33.05,31.21,33.05,38569
2000-11-10,33.05,34.88,32.82,33.96,28714
2000-11-13,31.9,32.82,31.67,31.67,10501
2000-11-14,31.21,32.7,31.21,32.01,18036
2000-11-15,33.28,33.73,31.44,31.44,19133
2000-11-16,30.64,31.44,29.37,29.37,7487
2000-11-17,28.0,30.29,27.42,30.29,14896
2000-11-20,27.54,28.57,26.97,26.97,8579
2000-11-21,26.39,28.8,26.39,28.8,15521
2000-11-22,29.49,30.75,29.26,30.18,24110
2000-11-23,29.95,32.13,29.49,32.13,22590
2000-11-24,32.82,33.85,32.7,33.28,37181
2000-11-27,33.28,33.28,32.24,33.05,17558
2000-11-28,32.13,32.82,31.9,31.9,9914
2000-11-29,30.98,32.13,30.98,31.67,12041
2000-11-30,31.9,32.36,30.64,30.64,15406
2000-12-01,30.06,32.13,29.72,32.13,18707
2000-12-04,30.29,30.75,30.06,30.06,4755630
2000-12-05,30.06,30.41,29.15,29.49,9266
2000-12-06,30.75,30.87,28.8,29.03,17472
2000-12-07,28.11,28.46,28.11,28.11,6192
2000-12-08,27.19,28.0,27.19,27.19,12328
2000-12-11,27.31,27.54,26.62,27.08,9728
2000-12-12,27.54,28.23,27.31,27.65,18396
2000-12-13,27.54,27.88,26.74,27.08,11669
2000-12-14,26.16,26.16,26.16,26.16,841524
2000-12-15,25.36,25.36,25.36,25.36,1403706
2000-12-18,23.75,23.75,23.75,23.75,726954
2000-12-19,22.95,22.95,22.95,22.95,512777
2000-12-20,22.15,22.15,22.15,22.15,103157
2000-12-21,21.46,21.46,21.46,21.46,32509
2000-12-22,20.77,21.46,20.77,20.77,12909
2000-12-25,20.77,20.77,20.77,20.77,0
2000-12-26,20.77,21.0,20.08,20.08,4218021
2000-12-27,19.39,19.39,19.39,19.39,827305
2000-12-28,18.82,20.65,18.82,20.65,27350
2000-12-29,20.65,21.34,20.2,20.65,23734
2001-01-01,20.65,20.65,20.65,20.65,0
2001-01-02,20.42,21.92,20.08,21.92,17586
2001-01-03,21.8,22.95,21.69,22.6,32653
2001-01-04,24.1,24.1,24.1,24.1,7679
2001-01-05,25.47,25.7,24.78,25.7,20364
2001-01-08,25.47,26.97,25.47,25.93,27095
2001-01-09,26.05,27.65,26.05,27.65,26973
2001-01-10,27.54,28.0,26.28,27.65,28147
2001-01-11,28.23,29.49,27.88,28.57,55458
2001-01-12,28.92,29.15,27.31,28.46,14477
2001-01-15,27.54,28.23,26.62,27.65,11206
2001-01-16,27.54,29.49,27.54,29.49,27671
2001-01-17,29.83,31.44,29.37,31.33,32805
2001-01-18,31.33,31.33,29.15,29.37,16281
2001-01-19,29.37,29.37,29.37,29.37,0
2001-01-22,29.37,29.37,29.37,29.37,0
2001-01-23,29.37,29.37,29.37,29.37,0
2001-01-24,29.37,29.37,29.37,29.37,0
2001-01-25,29.37,29.37,29.37,29.37,0
2001-01-26,29.37,29.37,29.37,29.37,0
2001-01-29,29.37,29.37,27.42,27.42,13092
2001-01-30,26.85,29.26,26.85,29.26,27067
2001-01-31,29.72,30.06,28.92,29.26,30367
2001-02-01,29.37,30.98,29.03,29.6,29008
2001-02-02,30.98,31.67,30.75,31.67,14426
2001-02-05,31.67,33.16,30.98,32.82,50111
2001-02-06,32.82,32.82,30.52,30.75,18856
2001-02-07,30.52,31.21,29.83,29.83,15650
2001-02-08,30.75,31.9,30.52,31.9,34176
2001-02-09,32.13,34.08,31.44,33.62,49360
2001-02-12,33.62,35.11,33.28,34.42,38025
2001-02-13,35.11,36.49,34.88,35.57,38155
2001-02-14,35.57,35.57,33.16,33.28,19387
2001-02-15,33.96,35.57,33.51,35.57,32099
2001-02-16,36.72,37.18,34.88,36.49,43747
2001-02-19,35.34,38.1,35.34,37.64,38669
2001-02-20,38.1,38.55,35.57,36.49,27895
2001-02-21,35.57,35.8,34.42,35.11,13285
2001-02-22,34.42,35.8,34.08,34.42,23447
2001-02-23,34.88,35.57,34.08,34.42,20269
2001-02-26,34.88,35.57,34.42,35.34,17292
2001-02-27,36.03,36.03,33.96,33.96,18057
2001-02-28,33.96,33.96,33.96,33.96,0
2001-03-01,33.28,33.28,31.78,32.36,15827
2001-03-02,33.05,33.28,32.36,32.59,14130
2001-03-05,32.82,34.65,32.36,34.65,14064
2001-03-06,35.11,35.57,33.96,33.96,21192
2001-03-07,35.34,36.26,35.11,36.26,31256
2001-03-08,36.72,36.95,35.8,36.26,25776
2001-03-09,35.8,36.72,35.8,36.72,16250
2001-03-12,36.26,39.01,36.03,38.78,39032
2001-03-13,38.55,39.47,37.87,38.78,33538
2001-03-14,38.78,38.78,38.78,38.78,0
2001-03-15,40.85,42.46,39.7,42.46,29953
2001-03-16,42.23,42.46,40.85,41.54,20117
2001-03-19,41.54,42.23,40.39,41.54,16558
2001-03-20,41.77,42.91,41.77,42.46,20069
2001-03-21,42.0,43.14,39.7,39.7,22689
2001-03-22,39.7,40.85,39.01,40.85,36342
2001-03-23,41.08,41.54,39.7,40.16,17684
2001-03-26,40.16,42.0,39.47,41.31,21935
2001-03-27,41.77,41.77,39.24,39.24,18944
2001-03-28,39.7,40.62,39.7,39.93,18030
2001-03-29,40.16,42.23,39.7,42.0,24214
2001-03-30,42.23,42.91,41.31,41.77,25810
2001-04-02,41.77,42.0,39.24,39.93,18854
2001-04-03,39.93,40.85,39.24,39.93,19163
2001-04-04,39.93,40.16,38.32,39.24,14125
2001-04-05,39.24,39.24,39.24,39.24,0
2001-04-06,40.39,40.85,39.7,39.93,14421
2001-04-09,39.93,40.85,39.7,40.85,9947
2001-04-10,41.54,42.46,40.85,40.85,31149
2001-04-11,42.46,43.6,41.54,43.6,33492
2001-04-12,43.6,44.29,42.69,43.6,22940
2001-04-13,44.29,45.21,44.06,44.06,22855
2001-04-16,43.6,43.83,41.54,42.0,13676
2001-04-17,42.0,42.91,41.77,42.91,9776
2001-04-18,43.37,44.29,42.91,43.83,16510
2001-04-19,45.21,45.21,43.14,43.14,17145
2001-04-20,43.6,44.75,43.37,44.06,7616
2001-04-23,44.29,45.21,43.83,44.98,10334
2001-04-24,44.75,44.98,43.6,44.06,6584
2001-04-25,43.83,44.06,42.91,43.6,4495692
2001-04-26,43.83,44.06,42.91,43.6,4495692
2001-04-27,43.6,44.06,42.46,42.46,6176
2001-04-30,42.46,43.14,40.85,40.85,7730
2001-05-01,40.85,40.85,40.85,40.85,0
2001-05-02,41.77,42.0,39.01,40.39,9356
2001-05-03,40.16,42.23,39.7,42.0,9410
2001-05-04,41.31,42.0,39.24,39.93,8360
2001-05-07,39.93,41.08,39.47,40.39,8088
2001-05-08,40.39,40.85,39.7,40.85,8370
2001-05-09,41.54,42.0,40.62,41.08,9382
2001-05-10,41.08,41.08,39.47,39.7,5383
2001-05-11,39.24,41.08,38.1,40.39,13457
2001-05-14,39.7,40.39,39.7,39.7,3214293
2001-05-15,39.7,40.16,39.24,39.7,3923640
2001-05-16,39.7,39.7,38.1,38.1,5598
2001-05-17,38.55,38.78,36.95,38.1,13112
2001-05-18,38.1,38.1,35.8,35.8,5906
2001-05-21,35.8,36.49,34.88,35.8,11329
2001-05-22,36.49,36.72,35.34,35.34,9471
2001-05-23,35.34,37.64,34.65,37.64,11591
2001-05-24,37.87,39.7,37.87,39.47,19535
2001-05-25,39.47,40.39,38.55,39.93,12796
2001-05-28,39.24,39.7,38.32,38.55,4258351
2001-05-29,38.55,39.93,38.32,38.32,7727
2001-05-30,37.87,39.01,37.87,38.78,5391
2001-05-31,38.55,39.47,38.55,38.78,4825075
2001-06-01,39.47,39.47,38.32,38.32,3248649
2001-06-04,38.32,38.32,37.18,38.1,4043352
2001-06-05,38.55,38.55,37.41,37.41,4401153
2001-06-06,38.1,39.47,37.87,39.01,10360
2001-06-07,39.01,39.01,37.87,37.87,4257810
2001-06-08,38.78,39.7,38.55,38.55,9825
2001-06-11,38.55,39.47,38.55,39.24,4339961
2001-06-12,39.24,41.08,39.01,40.62,15294
2001-06-13,40.85,41.77,40.16,40.16,11565
2001-06-14,39.7,40.16,39.01,39.24,4589433
2001-06-15,38.78,39.93,38.78,39.7,3388839
2001-06-18,39.7,39.7,38.78,38.78,2583146
2001-06-19,38.55,39.24,38.55,38.55,2856069
2001-06-20,38.55,39.47,38.55,38.78,2693902
2001-06-21,39.24,39.47,37.87,38.55,4432215
2001-06-22,38.55,38.78,37.18,37.87,4446594
2001-06-25,37.87,37.87,37.87,37.87,0
2001-06-26,37.87,37.87,35.34,35.34,10379
2001-06-27,34.65,35.8,32.93,33.96,7519
2001-06-28,33.96,35.11,33.73,35.11,6323
2001-06-29,35.8,36.49,35.34,35.8,8373
2001-07-02,35.8,35.8,34.31,35.34,4614042
2001-07-03,34.88,35.57,34.88,35.11,3425954
2001-07-04,34.65,34.88,33.28,33.62,3402344
2001-07-05,33.28,34.88,33.05,34.08,4964924
2001-07-06,34.08,35.57,34.08,35.11,5300
2001-07-09,35.11,36.26,34.88,36.03,3384921
2001-07-10,36.03,36.26,35.11,35.34,3766148
2001-07-11,33.96,34.65,33.96,34.31,3012000
2001-07-12,34.42,36.03,34.42,35.8,3812510
2001-07-13,36.26,37.18,33.96,34.42,10719
2001-07-16,34.71,34.88,33.33,34.02,10592
2001-07-17,34.02,36.27,34.02,35.92,9440
2001-07-18,36.09,36.44,35.75,36.09,7358
2001-07-19,35.92,37.65,35.92,36.61,10960
2001-07-20,36.61,36.96,36.27,36.78,5691
2001-07-23,37.3,37.3,34.88,35.75,5441
2001-07-24,35.06,35.57,34.19,35.57,4029358
2001-07-25,35.23,37.3,35.23,37.3,9158
2001-07-26,37.3,39.89,36.61,39.89,11315
2001-07-27,39.72,41.45,39.37,39.89,12588
2001-07-30,39.89,39.89,39.89,39.89,0
2001-07-31,39.2,41.79,39.03,40.58,11288
2001-08-01,40.58,40.93,38.68,38.68,6052
2001-08-02,39.55,40.41,39.03,39.89,8425
2001-08-03,39.89,40.93,39.89,40.41,7336
2001-08-06,39.72,40.76,39.2,40.24,4261581
2001-08-07,39.72,40.06,39.03,40.06,3415642
2001-08-08,40.41,42.83,40.41,41.79,14514
2001-08-09,41.79,42.66,41.45,41.79,8751
2001-08-10,42.14,42.48,39.72,40.58,11350
2001-08-13,40.58,40.93,39.55,40.06,4739088
2001-08-14,40.41,40.41,39.37,40.06,5081
2001-08-15,40.06,41.1,40.06,40.24,6920
2001-08-16,40.58,41.27,40.06,40.41,8323
2001-08-17,41.1,41.1,40.24,40.41,6899
2001-08-20,39.89,41.79,39.72,41.27,9653
2001-08-21,41.45,41.96,40.76,40.93,5076
2001-08-22,40.93,41.45,40.06,40.06,4132648
2001-08-23,40.06,40.58,37.65,38.68,5500
2001-08-24,38.68,38.68,36.27,36.61,5398
2001-08-27,37.3,37.65,36.09,37.13,4999335
2001-08-28,37.13,37.47,36.61,37.13,2843992
2001-08-29,37.13,39.72,36.96,39.72,8403
2001-08-30,39.72,40.24,37.99,37.99,4523506
2001-08-31,36.96,37.99,36.61,37.65,3346981
2001-09-03,37.99,38.34,36.61,36.61,4013197
2001-09-04,36.78,39.03,36.27,39.03,7518
2001-09-05,38.51,38.68,36.78,36.78,3202444
2001-09-06,36.61,37.13,35.92,36.61,4397234
2001-09-07,35.57,35.92,34.71,35.75,6515
2001-09-10,35.06,35.75,34.19,35.4,3564598
2001-09-11,35.4,35.92,32.98,32.98,5270
2001-09-12,32.98,32.98,32.98,32.98,0
2001-09-13,30.74,30.74,30.74,30.74,1269069
2001-09-14,29.7,31.26,28.67,29.01,11574
2001-09-17,29.01,29.01,29.01,29.01,0
2001-09-18,29.01,29.01,29.01,29.01,0
2001-09-19,29.01,29.01,29.01,29.01,0
2001-09-20,28.84,29.36,28.67,28.67,4789299
2001-09-21,27.8,27.98,27.8,27.8,3270888
2001-09-24,27.8,27.8,27.8,27.8,0
2001-09-25,29.7,30.39,28.32,28.67,12320
2001-09-26,29.36,30.57,28.84,30.57,12450
2001-09-27,30.57,32.47,30.39,32.47,15848
2001-09-28,32.47,32.47,32.47,32.47,0
2001-10-01,32.47,32.47,32.47,32.47,0
2001-10-02,31.95,32.12,30.22,30.22,4728139
2001-10-03,30.39,31.08,30.05,30.22,9944
2001-10-04,32.12,32.12,30.39,30.39,10095
2001-10-05,30.74,31.78,30.39,31.26,9203
2001-10-08,30.74,31.78,30.74,31.43,6696
2001-10-09,31.95,32.47,31.6,32.29,11102
2001-10-10,32.29,32.29,32.29,32.29,0
2001-10-11,33.16,34.54,32.98,34.54,13104
2001-10-12,35.57,35.57,33.16,33.33,10119
2001-10-15,32.81,32.98,32.29,32.47,3922787
2001-10-16,32.47,33.68,32.29,33.68,5056
2001-10-17,33.85,34.37,33.16,33.16,8685
2001-10-18,32.81,33.5,32.47,33.33,4320488
2001-10-19,33.33,34.54,33.16,33.85,9826
2001-10-22,34.19,35.23,33.85,34.19,9336
2001-10-23,35.06,35.06,34.19,34.71,10450
2001-10-24,34.88,36.44,34.88,36.27,16160
2001-10-25,36.27,37.99,36.09,36.96,13829
2001-10-26,37.65,38.34,36.27,36.27,15136
2001-10-29,36.44,36.96,36.27,36.44,6260
2001-10-30,35.92,35.92,34.54,34.54,7641
2001-10-31,34.54,35.92,34.54,35.06,8574
2001-11-01,35.92,36.96,35.4,36.78,12257
2001-11-02,37.82,38.34,37.3,37.82,16808
2001-11-05,38.17,39.03,37.65,38.68,11936
2001-11-06,39.37,39.37,37.99,37.99,8247
2001-11-07,39.03,39.37,38.51,38.86,10039
2001-11-08,39.37,40.06,38.68,39.2,12343
2001-11-09,39.2,39.2,39.2,39.2,0
2001-11-12,38.86,39.03,37.99,38.51,5185
2001-11-13,38.34,38.86,36.96,36.96,8296
2001-11-14,37.99,39.2,37.65,39.03,11600
2001-11-15,39.03,40.93,38.68,40.58,15557
2001-11-16,40.76,40.76,39.2,39.72,9315
2001-11-19,39.72,41.96,38.86,41.1,11550
2001-11-20,41.45,42.48,39.03,39.03,10519
2001-11-21,38.17,40.93,38.17,40.93,8747
2001-11-22,40.76,40.93,39.37,39.37,6605
2001-11-23,39.72,41.96,39.72,41.96,24620
2001-11-26,42.48,44.73,41.79,43.86,24362
2001-11-27,44.38,44.55,41.62,43.35,11163
2001-11-28,43.35,43.86,40.41,40.76,15177
2001-11-29,40.24,42.48,40.24,41.79,11005
2001-11-30,42.14,42.48,41.27,41.79,9605
2001-12-03,42.48,44.55,42.48,44.38,13594
2001-12-04,43.35,46.28,43.35,45.25,17212
2001-12-05,45.94,46.63,43.86,44.9,20222
2001-12-06,46.11,48.01,45.59,48.01,28000
2001-12-07,47.32,50.08,46.97,48.53,29914
2001-12-10,48.35,49.04,45.59,45.94,11206
2001-12-11,44.9,47.32,44.9,46.63,11346
2001-12-12,47.66,49.74,47.49,49.74,18449
2001-12-13,50.77,52.5,47.32,48.35,29144
2001-12-14,47.66,51.64,47.66,51.64,21259
2001-12-17,52.5,53.53,50.77,50.94,24158
2001-12-18,52.15,53.19,50.25,50.77,26004
2001-12-19,51.46,52.84,50.77,50.77,18926
2001-12-20,51.81,52.5,50.6,51.81,14702
2001-12-21,51.46,52.15,49.04,49.74,12088
2001-12-24,50.6,52.15,50.08,50.94,13159
2001-12-25,51.64,54.23,51.64,54.23,15015
2001-12-26,57.33,57.68,56.3,57.68,18320
2001-12-27,58.72,59.06,55.26,57.33,25491
2001-12-28,58.37,59.75,56.99,58.37,20418
2001-12-31,59.41,60.1,58.37,59.06,18002
2002-01-01,59.06,59.06,59.06,59.06,0
2002-01-02,59.06,59.75,57.33,58.02,10325
2002-01-03,58.02,58.02,58.02,58.02,0
2002-01-04,58.02,58.37,56.99,56.99,11336
2002-01-07,56.99,59.41,55.95,58.37,13589
2002-01-08,57.33,58.72,56.3,57.33,16116
2002-01-09,57.68,58.02,56.3,56.3,14024
2002-01-10,56.3,58.02,54.23,57.68,16228
2002-01-11,57.68,58.37,54.23,54.23,12642
2002-01-14,54.23,55.95,53.53,54.92,9362
2002-01-15,54.92,57.33,54.92,57.33,11406
2002-01-16,57.33,58.72,56.3,56.64,14808
2002-01-17,55.61,56.64,55.26,56.3,7236
2002-01-18,56.64,58.72,56.3,57.33,14482
2002-01-21,58.37,61.13,58.37,61.13,14884
2002-01-22,62.86,64.24,60.79,62.17,27655
2002-01-23,62.17,63.9,60.1,60.44,16646
2002-01-24,60.79,61.82,58.02,59.41,17434
2002-01-25,59.75,60.1,58.02,59.75,20078
2002-01-28,59.75,60.44,58.72,58.72,8998
2002-01-29,58.72,59.75,58.37,58.37,8817
2002-01-30,58.02,59.41,57.68,59.06,5326
2002-01-31,59.06,59.06,59.06,59.06,0
2002-02-01,60.79,61.48,60.1,60.1,10951
2002-02-04,60.44,60.79,59.75,60.44,5212
2002-02-05,60.79,61.82,60.44,61.13,8410
2002-02-06,63.9,65.28,62.51,65.28,11160
2002-02-07,65.28,65.28,65.28,65.28,0
2002-02-08,65.28,65.28,65.28,65.28,0
2002-02-11,65.28,65.28,65.28,65.28,0
2002-02-12,65.28,65.28,65.28,65.28,0
2002-02-13,65.28,65.28,65.28,65.28,0
2002-02-14,65.28,65.28,65.28,65.28,0
2002-02-15,65.28,65.28,65.28,65.28,0
2002-02-18,67.7,67.7,64.24,64.59,13218
2002-02-19,64.59,65.62,62.86,62.86,7627
2002-02-20,62.17,63.55,61.13,61.13,6813
2002-02-21,62.17,62.17,59.75,60.44,5721
2002-02-22,59.06,60.44,58.72,59.75,5909
2002-02-25,60.1,60.1,56.99,57.33,5034
2002-02-26,58.37,59.75,58.02,58.72,7896
2002-02-27,59.75,62.51,59.41,62.17,12669
2002-02-28,62.17,62.17,62.17,62.17,0
2002-03-01,61.13,61.48,59.75,59.75,8963
2002-03-04,61.82,62.86,61.13,61.82,14428
2002-03-05,62.51,63.21,59.75,60.1,14586
2002-03-06,60.1,61.48,59.41,61.48,7493
2002-03-07,62.17,62.86,60.79,60.79,9058
2002-03-08,60.79,62.51,60.79,61.82,10735
2002-03-11,62.17,64.24,62.17,63.21,14578
2002-03-12,63.9,64.93,62.17,64.59,14890
2002-03-13,64.59,65.28,63.21,63.21,8758
2002-03-14,62.51,63.9,62.51,63.21,5692
2002-03-15,63.9,64.93,62.51,62.51,9061
2002-03-18,63.21,63.21,61.48,62.51,4622563
2002-03-19,63.9,64.24,62.86,62.86,7790
2002-03-20,64.24,64.24,60.79,63.55,8998
2002-03-21,62.51,63.55,61.82,62.17,4671993
2002-03-22,62.86,64.24,62.51,62.86,8435
2002-03-25,63.55,64.24,62.51,62.86,7746
2002-03-26,62.51,64.24,62.51,63.55,8389
2002-03-27,64.24,64.24,62.51,63.21,6282
2002-03-28,63.21,63.21,61.48,62.51,7406
2002-03-29,62.51,62.86,60.1,60.44,7299
2002-04-01,59.06,60.1,58.02,58.02,7668
2002-04-02,58.37,60.1,58.37,59.06,6866
2002-04-03,58.72,59.06,57.33,57.68,7041
2002-04-04,57.68,57.68,55.61,56.3,6901
2002-04-05,56.3,56.3,56.3,56.3,0
2002-04-08,56.3,57.33,55.61,55.61,4645946
2002-04-09,55.95,56.64,55.61,55.61,3260926
2002-04-10,55.61,56.99,55.61,56.64,3560707
2002-04-11,56.99,57.33,55.95,55.95,5144
2002-04-12,55.61,56.64,54.92,56.3,5472
2002-04-15,56.3,57.33,55.95,55.95,5628
2002-04-16,55.61,55.61,53.53,53.88,9651
2002-04-17,54.92,56.3,54.23,55.95,11828
2002-04-18,56.64,56.64,55.26,55.61,4089707
2002-04-19,55.61,57.68,55.61,56.99,6604
2002-04-22,57.68,57.68,56.3,56.99,5789
2002-04-23,57.68,58.72,56.64,58.02,6654
2002-04-24,58.02,58.72,57.33,58.72,3634255
2002-04-25,58.72,58.72,56.64,56.64,3799678
2002-04-26,56.99,58.02,56.3,57.68,2740172
2002-04-29,57.33,57.33,56.3,56.3,2552561
2002-04-30,56.64,56.64,54.92,56.3,2695471
2002-05-01,56.3,56.3,56.3,56.3,0
2002-05-02,56.64,56.99,54.23,54.23,3769046
2002-05-03,53.53,55.26,53.53,54.57,3803617
2002-05-06,54.23,54.57,50.94,52.5,4427755
2002-05-07,51.81,54.23,51.81,53.88,4085656
2002-05-08,53.88,54.23,51.29,53.53,4119735
2002-05-09,54.92,54.92,52.84,52.84,4290789
2002-05-10,52.15,54.23,51.64,53.19,5613
2002-05-13,52.15,53.19,51.46,51.81,2909030
2002-05-14,52.15,52.84,51.81,51.81,2388624
2002-05-15,52.5,55.26,52.5,55.26,7816
2002-05-16,55.61,56.3,54.57,55.26,4330374
2002-05-17,55.95,57.68,55.61,55.61,5239
2002-05-20,55.61,55.61,53.53,53.53,2574904
2002-05-21,52.5,54.23,52.5,52.5,3011216
2002-05-22,52.5,53.88,52.15,53.53,3762346
2002-05-23,53.53,53.88,52.84,53.53,2492468
2002-05-24,53.88,55.26,53.53,54.92,4059824
2002-05-27,53.88,54.57,53.88,53.88,1763638
2002-05-28,54.92,54.92,53.19,53.19,1787131
2002-05-29,53.19,53.19,52.5,52.5,1669861
2002-05-30,53.19,53.88,52.15,53.53,2672119
2002-05-31,53.19,53.88,52.84,53.88,2008415
2002-06-03,53.19,53.53,52.15,53.19,1836137
2002-06-04,52.15,52.84,51.12,51.46,4199631
2002-06-05,51.81,52.5,49.56,51.12,5912
2002-06-06,50.77,51.81,50.6,51.29,3368974
2002-06-07,50.43,50.77,49.56,49.56,2664508
2002-06-10,49.56,50.43,49.04,49.56,2590030
2002-06-11,49.91,49.91,46.11,46.8,4438129
2002-06-12,46.11,46.8,45.76,46.63,2085538
2002-06-13,46.97,49.74,46.97,49.74,4252366
2002-06-14,50.43,51.29,49.74,50.43,4701978
2002-06-17,50.43,50.94,48.7,49.56,4915384
2002-06-18,50.43,50.43,49.39,50.08,2230220
2002-06-19,49.39,49.74,47.84,48.18,2524670
2002-06-20,48.01,48.35,46.28,47.49,2899023
2002-06-21,46.63,48.7,46.45,47.32,5758
2002-06-24,46.45,46.8,44.55,44.55,5137
2002-06-25,44.9,45.42,41.45,41.79,6265
2002-06-26,39.72,40.41,39.03,39.03,5404
2002-06-27,39.03,40.76,39.03,40.24,6918
2002-06-28,41.27,42.14,40.58,41.27,4644820
2002-07-01,41.27,41.27,38.68,39.37,4369036
2002-07-02,39.03,40.24,37.13,37.99,3333552
2002-07-03,37.3,37.3,35.4,36.61,6573
2002-07-04,36.61,38.51,35.92,37.99,4009460
2002-07-05,37.99,40.58,37.99,40.58,7719
2002-07-08,41.89,41.89,41.89,41.89,1531425
2002-07-09,44.15,44.82,42.8,44.82,12540
2002-07-10,44.15,44.37,42.12,42.12,8244
2002-07-11,40.99,42.34,40.77,42.12,4333515
2002-07-12,42.57,45.05,42.57,45.05,8387
2002-07-15,44.6,47.07,43.92,46.4,6911
2002-07-16,47.3,47.75,43.47,44.15,6643
2002-07-17,43.25,43.92,41.89,42.57,4993469
2002-07-18,42.8,43.47,42.12,42.12,3910431
2002-07-19,41.67,43.25,41.22,43.25,3913592
2002-07-22,42.57,43.92,42.34,43.02,4760968
2002-07-23,42.8,43.92,42.8,43.7,5480
2002-07-24,42.8,44.15,41.44,41.44,6917
2002-07-25,43.25,43.47,42.12,42.12,4021852
2002-07-26,41.44,41.44,39.64,39.87,4235665
2002-07-29,39.87,41.89,39.64,40.99,4662926
2002-07-30,42.8,43.7,42.57,43.7,7874
2002-07-31,44.15,46.62,43.47,45.5,10782
2002-08-01,45.5,45.95,44.15,44.82,3743148
2002-08-02,43.47,45.5,43.25,45.5,3400462
2002-08-05,43.25,43.7,42.34,42.34,3450828
2002-08-06,40.09,42.57,40.09,42.34,5395
2002-08-07,43.7,44.37,42.34,42.34,5828
2002-08-08,42.34,44.37,41.67,43.02,6645
2002-08-09,44.37,45.95,44.15,45.95,9958
2002-08-12,46.4,47.75,45.95,47.3,11622
2002-08-13,47.3,47.75,46.4,47.3,4547453
2002-08-14,46.62,49.78,46.4,49.78,8502
2002-08-15,50.9,51.35,49.1,49.33,10371
2002-08-16,49.55,50.45,48.88,50.23,8513
2002-08-19,50.23,50.23,48.43,48.88,4243253
2002-08-20,49.55,50.23,49.1,49.1,5127
2002-08-21,49.1,49.78,48.43,49.78,3313052
2002-08-22,50.45,51.8,49.78,50.68,8474
2002-08-23,50.68,50.68,50.68,50.68,0
2002-08-26,49.1,49.55,48.2,48.88,3379710
2002-08-27,49.1,50.0,48.2,48.43,4154949
2002-08-28,47.75,47.98,45.05,46.17,6950
2002-08-29,45.95,45.95,44.15,45.5,5931
2002-08-30,45.5,45.5,44.15,44.15,3785454
2002-09-02,43.7,44.15,42.34,42.57,3369136
2002-09-03,42.8,43.92,42.8,43.25,3971630
2002-09-04,42.57,44.6,42.34,43.47,6584
2002-09-05,43.92,44.82,42.57,43.47,5669
2002-09-06,43.47,43.47,43.47,43.47,0
2002-09-09,43.92,43.92,42.57,43.47,4122261
2002-09-10,43.47,46.17,42.57,45.95,7950
2002-09-11,46.4,46.4,44.82,45.05,4105835
2002-09-12,45.05,47.07,44.82,46.62,10146
2002-09-13,45.95,46.4,44.6,45.5,6854
2002-09-16,45.27,45.5,42.34,42.34,6530
2002-09-17,42.34,45.27,42.34,45.27,11084
2002-09-18,44.6,46.17,44.6,45.27,13915
2002-09-19,45.05,45.72,44.37,44.6,7151
2002-09-20,43.7,44.82,43.02,44.37,4355414
2002-09-23,44.15,44.82,41.44,41.44,9623
2002-09-24,40.77,41.89,40.54,40.99,5047
2002-09-25,40.99,41.67,38.52,38.97,8558
2002-09-26,39.87,41.44,39.64,40.77,10994
2002-09-27,41.44,42.12,40.77,40.77,6530
2002-09-30,39.64,42.12,39.42,42.12,5099
2002-10-01,41.44,42.12,40.99,41.22,2741112
2002-10-02,42.34,43.25,41.44,41.44,5397
2002-10-03,41.22,41.44,39.64,40.54,4489002
2002-10-04,40.09,40.99,39.87,40.09,4899305
2002-10-07,39.64,40.09,37.61,37.84,4315893
2002-10-08,38.07,40.09,38.07,39.42,7432
2002-10-09,39.42,39.87,36.71,36.94,9793
2002-10-10,36.94,36.94,36.94,36.94,0
2002-10-11,37.39,37.61,34.46,34.91,12586
2002-10-14,34.91,35.59,34.24,35.14,7046
2002-10-15,36.04,37.39,36.04,37.39,5718
2002-10-16,39.87,39.87,39.42,39.87,13124
2002-10-17,40.32,42.34,40.32,41.44,18058
2002-10-18,42.8,43.92,41.67,43.7,16476
2002-10-21,43.47,44.15,42.8,43.92,7246
2002-10-22,44.6,45.72,41.67,42.34,15163
2002-10-23,42.34,45.27,41.89,45.27,15960
2002-10-24,46.4,47.3,45.05,46.17,20012
2002-10-25,45.5,45.5,43.47,44.37,10120
2002-10-28,45.05,45.72,43.47,43.7,9017
2002-10-29,43.25,43.47,41.89,42.34,9441
2002-10-30,41.89,43.25,41.89,42.34,8363
2002-10-31,43.47,44.82,43.25,43.7,12075
2002-11-01,43.92,43.92,42.34,42.34,8107
2002-11-04,43.92,43.92,42.34,43.02,7443
2002-11-05,43.47,43.47,41.44,41.89,9956
2002-11-06,42.34,44.82,41.89,44.82,15265
2002-11-07,44.82,44.82,43.47,43.92,10678
2002-11-08,43.25,45.27,43.25,44.37,13154
2002-11-11,43.7,44.15,42.34,42.57,6642
2002-11-12,42.34,43.47,42.34,43.25,5854
2002-11-13,43.25,43.47,41.44,42.12,7472
2002-11-14,42.8,43.7,41.89,42.12,9015
2002-11-15,43.92,43.92,42.34,42.57,8865
2002-11-18,42.8,43.25,42.12,42.57,4469381
2002-11-19,42.57,43.25,42.12,42.34,3884399
2002-11-20,42.34,42.57,41.44,41.44,4350356
2002-11-21,42.12,42.34,41.22,41.89,5866
2002-11-22,43.02,44.82,43.02,44.15,14391
2002-11-25,44.6,45.5,43.25,45.5,9783
2002-11-26,45.5,46.17,44.6,44.82,7216
2002-11-27,44.37,44.37,43.7,44.15,3780573
2002-11-28,45.05,45.95,44.6,45.05,11768
2002-11-29,45.95,47.53,45.5,46.62,15014
2002-12-02,46.62,46.62,46.62,46.62,0
2002-12-03,49.1,49.55,48.2,49.1,11620
2002-12-04,48.88,49.1,47.75,47.75,4161159
2002-12-05,47.3,47.98,46.85,47.75,4722522
2002-12-06,47.07,47.98,47.07,47.07,4424128
2002-12-09,47.53,48.65,47.07,47.07,4975328
2002-12-10,46.62,46.62,45.27,45.5,4751944
2002-12-11,45.72,46.62,45.05,45.72,5294
2002-12-12,46.17,46.62,44.82,45.5,4223946
2002-12-13,45.05,45.72,44.6,45.05,3801341
2002-12-16,44.15,45.05,44.15,44.37,3763614
2002-12-17,45.05,45.27,43.92,43.92,4612303
2002-12-18,44.15,44.82,43.92,44.37,2691432
2002-12-19,44.15,46.85,43.92,44.82,6577
2002-12-20,45.05,45.5,42.57,45.05,7145
2002-12-23,45.05,45.5,43.7,43.7,2791946
2002-12-24,43.92,44.82,43.92,44.15,3177528
2002-12-25,44.15,44.37,43.47,43.7,1774506
2002-12-26,43.7,44.82,43.25,44.82,3813783
2002-12-27,44.82,44.82,43.7,43.7,1764601
2002-12-30,43.25,43.25,40.99,41.22,4224968
2002-12-31,40.09,41.22,40.09,40.54,2919021
2003-01-01,40.54,40.54,40.54,40.54,0
2003-01-02,40.54,41.22,40.32,40.54,2557850
2003-01-03,41.44,42.8,40.99,42.57,6568
2003-01-06,42.57,43.02,42.12,42.57,3567827
2003-01-07,43.25,43.25,41.44,41.67,6580
2003-01-08,41.67,42.8,40.32,41.89,6159
2003-01-09,41.67,42.34,40.77,40.99,3894892
2003-01-10,41.89,42.34,41.44,41.67,4033020
2003-01-13,41.89,44.15,41.67,43.7,7631
2003-01-14,43.7,44.15,43.25,43.7,5075
2003-01-15,44.15,44.6,42.8,43.25,2705851
2003-01-16,42.8,43.25,41.44,41.44,3605787
2003-01-17,41.44,41.67,40.77,41.22,3067941
2003-01-20,40.99,41.22,40.54,40.77,2360885
2003-01-21,40.54,41.44,40.32,40.54,3769223
2003-01-22,40.77,40.99,38.29,38.97,5807
2003-01-23,38.97,39.19,36.49,37.61,13991
2003-01-24,37.61,37.61,35.14,36.04,12884
2003-01-27,35.36,37.61,35.14,37.16,9269
2003-01-28,36.94,38.29,36.94,37.16,4339453
2003-01-29,37.16,37.16,37.16,37.16,0
2003-01-30,37.16,37.16,37.16,37.16,0
2003-01-31,37.16,37.16,37.16,37.16,0
2003-02-03,37.16,37.16,37.16,37.16,0
2003-02-04,37.16,37.16,37.16,37.16,0
2003-02-05,37.16,37.16,37.16,37.16,0
2003-02-06,36.94,36.94,34.69,34.69,5387
2003-02-07,33.79,36.04,33.79,35.81,8477
2003-02-10,35.81,37.16,35.36,36.94,8477
2003-02-11,37.39,37.61,36.49,36.94,4084150
2003-02-12,36.49,36.94,35.14,35.36,5048
2003-02-13,35.14,36.04,34.91,35.59,3156603
2003-02-14,36.04,36.26,35.59,35.81,3191387
2003-02-17,37.16,37.16,36.49,36.94,4794716
2003-02-18,36.94,36.94,36.26,36.26,2303406
2003-02-19,36.94,37.39,36.49,36.49,4912393
2003-02-20,36.71,37.39,36.49,37.16,3787776
2003-02-21,37.39,37.39,36.71,36.94,2984169
2003-02-24,37.16,37.16,36.49,36.71,1255880
2003-02-25,36.26,36.26,34.91,34.91,4546627
2003-02-26,34.91,35.59,34.24,34.24,4637591
2003-02-27,33.79,34.69,33.79,34.69,2143861
2003-02-28,34.69,34.69,34.69,34.69,0
2003-03-03,35.14,36.04,34.91,35.59,5456
2003-03-04,35.36,35.36,34.91,35.14,1517026
2003-03-05,34.69,34.69,32.88,32.88,5107
2003-03-06,33.34,33.34,31.31,31.98,7231
2003-03-07,31.53,32.66,31.08,31.98,4282202
2003-03-10,32.21,32.43,31.31,31.76,3546830
2003-03-11,31.53,32.66,31.31,32.43,4732434
2003-03-12,32.66,33.79,32.66,33.34,5135
2003-03-13,33.56,34.01,33.11,33.34,5010
2003-03-14,35.14,35.14,33.79,34.01,5198
2003-03-17,33.79,33.79,33.11,33.11,1738927
2003-03-18,34.24,35.36,34.01,35.36,5218
2003-03-19,35.36,36.49,35.14,35.81,8014
2003-03-20,36.26,36.71,35.36,36.49,6498
2003-03-21,35.81,36.26,35.14,36.04,4132959
2003-03-24,36.04,36.26,34.91,35.14,2850036
2003-03-25,34.24,34.91,34.24,34.69,2061859
2003-03-26,35.14,35.14,33.79,34.24,3320802
2003-03-27,33.79,34.69,33.79,34.69,4195340
2003-03-28,34.24,34.46,33.79,34.24,1960553
2003-03-31,33.79,33.79,32.21,32.43,3548814
2003-04-01,32.43,33.34,32.43,33.11,2838146
2003-04-02,33.11,33.79,32.88,33.34,2595184
2003-04-03,34.24,34.46,33.79,33.79,2603356
2003-04-04,33.56,35.36,33.34,35.14,3882713
2003-04-07,35.14,36.04,34.46,35.59,4232103
2003-04-08,35.36,35.81,34.91,34.91,2858084
2003-04-09,34.91,35.14,34.24,34.69,1778679
2003-04-10,34.69,35.36,34.46,34.69,3343014
2003-04-11,34.69,35.14,34.46,34.69,1563573
2003-04-14,34.69,35.14,33.79,34.24,1849659
2003-04-15,34.24,34.69,34.01,34.46,1642675
2003-04-16,34.91,36.04,34.91,35.81,8070
2003-04-17,35.81,35.81,35.14,35.36,3694487
2003-04-18,36.04,37.39,36.04,36.49,14789
2003-04-21,36.49,37.39,36.04,37.39,6989
2003-04-22,37.16,37.16,36.04,36.04,7545
2003-04-23,36.49,37.16,36.26,36.26,7607
2003-04-24,36.26,36.49,34.46,34.69,7176
2003-04-25,33.79,34.69,32.66,32.66,7010
2003-04-28,31.53,31.76,30.41,31.53,6024
2003-04-29,32.21,32.43,31.31,31.76,6544
2003-04-30,31.76,31.76,29.73,29.73,10941
2003-05-01,29.73,29.73,29.73,29.73,0
2003-05-02,28.15,29.73,27.93,29.73,7761
2003-05-05,29.28,30.41,28.61,29.96,4335239
2003-05-06,29.96,30.63,29.28,29.96,6988
2003-05-07,29.96,30.18,29.51,30.18,4804529
2003-05-08,29.96,29.96,29.28,29.28,4307068
2003-05-09,29.28,30.18,29.28,30.18,3228910
2003-05-12,30.18,30.86,29.96,30.41,3734791
2003-05-13,31.08,31.76,31.08,31.31,6589
2003-05-14,31.31,31.76,31.08,31.53,3121480
2003-05-15,31.31,31.31,30.63,30.86,1810098
2003-05-16,30.86,31.31,29.73,29.96,3280535
2003-05-19,29.73,29.96,29.28,29.96,1668637
2003-05-20,29.51,29.96,29.28,29.73,1483512
2003-05-21,29.73,29.96,29.06,29.51,2702518
2003-05-22,29.51,29.96,29.06,29.51,3959280
2003-05-23,29.96,30.63,29.73,30.18,5940
2003-05-26,30.63,31.98,30.63,31.98,10226
2003-05-27,31.98,31.98,30.86,30.86,7056
2003-05-28,31.53,31.76,30.63,30.63,7853
2003-05-29,30.63,30.86,29.96,30.18,5010
2003-05-30,30.18,31.53,30.18,30.86,6871
2003-06-02,31.53,32.88,31.31,32.88,12405
2003-06-03,33.56,34.69,33.56,34.24,22180
2003-06-04,34.24,34.24,34.24,34.24,0
2003-06-05,34.91,34.91,32.88,32.88,15231
2003-06-06,32.88,34.01,32.21,34.01,11616
2003-06-09,33.79,34.91,32.88,34.24,13712
2003-06-10,34.24,34.69,33.79,34.46,7906
2003-06-11,34.69,34.69,33.34,33.79,9074
2003-06-12,34.01,35.36,33.56,34.69,13968
2003-06-13,34.46,34.69,33.56,34.24,9251
2003-06-16,33.79,34.69,33.79,34.24,5021
2003-06-17,34.91,35.14,34.46,34.46,10458
2003-06-18,35.14,36.04,34.69,34.91,13183
2003-06-19,35.14,35.59,34.69,35.36,6990
2003-06-20,35.14,35.36,34.46,34.46,5662
2003-06-23,34.46,34.69,34.01,34.01,4538429
2003-06-24,33.79,34.46,33.56,34.01,4234273
2003-06-25,33.79,34.69,33.56,33.79,6811
2003-06-26,33.79,34.69,33.56,33.79,7245
2003-06-27,34.01,34.46,32.21,32.43,10453
2003-06-30,32.43,32.43,31.31,31.76,6469
2003-07-01,31.76,32.88,31.76,32.88,7592
2003-07-02,32.88,33.34,32.21,32.43,12186
2003-07-03,32.88,33.79,32.66,32.66,12217
2003-07-04,32.88,33.11,32.43,32.88,6137
2003-07-07,33.56,34.91,32.88,34.69,14869
2003-07-08,35.81,36.49,35.14,35.36,22551
2003-07-09,35.36,35.81,34.69,34.69,8107
2003-07-10,34.69,35.36,34.24,34.91,9451
2003-07-11,34.91,36.49,34.69,35.36,12912
2003-07-14,36.04,36.94,35.36,36.71,16434
2003-07-15,37.16,37.16,35.36,35.59,11974
2003-07-16,35.81,36.26,35.81,36.04,5642
2003-07-17,35.81,35.81,34.46,34.46,6064
2003-07-18,34.46,35.14,34.24,34.69,5037
2003-07-21,35.14,35.14,33.11,33.11,12995
2003-07-22,33.64,34.19,33.37,34.19,10404
2003-07-23,34.19,34.75,33.64,34.19,6733
2003-07-24,34.19,36.4,34.19,36.4,12107
2003-07-25,37.5,38.88,37.5,38.88,22529
2003-07-28,40.81,40.81,39.16,39.71,13152
2003-07-29,39.71,39.71,38.33,39.16,5694
2003-07-30,39.16,39.16,38.05,38.88,5032
2003-07-31,39.16,39.43,38.05,38.61,4482533
2003-08-01,39.16,39.98,39.16,39.43,8622
2003-08-04,39.71,40.26,39.43,39.71,4017973
2003-08-05,39.98,40.54,39.43,39.43,8971
2003-08-06,39.43,39.43,38.61,38.88,4656477
2003-08-07,39.43,39.43,38.33,39.43,5197
2003-08-08,39.71,39.71,38.88,39.16,3398320
2003-08-11,38.88,39.98,38.61,39.98,3883510
2003-08-12,40.26,40.54,39.71,39.98,4115894
2003-08-13,40.54,42.19,40.26,41.64,11365
2003-08-14,41.64,42.47,41.09,41.92,5905
2003-08-15,43.02,43.29,42.19,42.47,7016
2003-08-18,43.02,43.29,41.64,41.64,3756879
2003-08-19,42.47,42.74,40.54,41.09,5444
2003-08-20,41.64,41.92,40.81,41.64,3179932
2003-08-21,41.64,42.19,41.09,41.92,3726156
2003-08-22,42.47,43.02,41.92,41.92,6565
2003-08-25,41.92,42.19,41.36,41.92,3747578
2003-08-26,41.64,41.64,40.26,40.26,4844080
2003-08-27,40.54,40.81,39.43,39.43,3135385
2003-08-28,39.98,40.26,39.16,39.43,3615443
2003-08-29,40.26,40.81,39.71,40.81,2943991
2003-09-01,41.36,41.64,39.98,40.26,2417531
2003-09-02,40.26,40.54,39.71,40.54,1831280
2003-09-03,40.81,41.92,40.54,41.36,6606
2003-09-04,41.92,42.47,41.36,41.92,9726
2003-09-05,42.19,43.02,41.64,42.74,8364
2003-09-08,42.74,43.02,42.19,43.02,5272
2003-09-09,43.29,43.57,41.64,41.64,8165
2003-09-10,41.36,41.92,40.81,41.64,3704195
2003-09-11,41.64,41.64,41.64,41.64,0
2003-09-12,41.36,41.64,41.09,41.64,2767371
2003-09-15,41.64,41.64,40.81,40.81,3043365
2003-09-16,40.54,41.64,40.54,41.36,4805086
2003-09-17,41.92,41.92,40.81,40.81,5259
2003-09-18,40.81,41.36,40.54,40.81,3986013
2003-09-19,41.09,42.19,40.81,41.36,10826
2003-09-22,41.36,41.36,39.16,39.43,6178
2003-09-23,39.16,39.71,39.16,39.71,3472795
2003-09-24,39.98,40.26,39.43,39.71,3554633
2003-09-25,39.16,39.43,38.88,39.16,4175996
2003-09-26,39.16,39.71,38.88,39.43,2690354
2003-09-29,39.16,39.71,38.88,39.43,3224781
2003-09-30,39.98,40.26,39.43,39.43,3718408
2003-10-01,39.43,39.71,39.16,39.43,1640994
2003-10-02,40.26,40.54,39.71,40.26,3690946
2003-10-03,40.26,40.26,39.71,39.98,1718880
2003-10-06,40.54,40.81,39.98,40.54,4268301
2003-10-07,40.81,40.81,39.98,39.98,2147136
2003-10-08,40.26,40.54,39.98,39.98,2617408
2003-10-09,39.98,40.26,39.43,40.26,3275687
2003-10-10,40.26,40.26,40.26,40.26,0
2003-10-13,40.54,40.54,39.71,39.71,2641533
2003-10-14,40.26,40.26,39.43,39.43,2960130
2003-10-15,39.71,39.98,39.16,39.43,2313821
2003-10-16,39.43,39.98,39.16,39.98,3091056
2003-10-17,40.26,40.26,39.71,39.98,1958223
2003-10-20,39.98,39.98,38.88,39.16,6463
2003-10-21,39.43,39.43,37.5,38.05,7244
2003-10-22,37.78,38.61,37.5,38.33,2792515
2003-10-23,37.78,38.05,37.78,37.78,1723957
2003-10-24,37.78,38.33,37.78,37.78,2428618
2003-10-27,37.78,38.33,37.78,37.78,1121486
2003-10-28,38.05,38.33,37.78,37.78,1924692
2003-10-29,38.33,38.61,37.78,37.78,2550317
2003-10-30,37.78,38.05,37.5,38.05,2108485
2003-10-31,38.05,38.05,36.12,37.23,4929982
2003-11-03,36.68,36.95,36.4,36.68,1771765
2003-11-04,36.95,37.23,36.68,36.68,1597833
2003-11-05,36.95,37.78,36.68,37.5,3599170
2003-11-06,37.78,37.78,36.68,37.23,1997779
2003-11-07,37.5,37.5,36.68,37.23,1766423
2003-11-10,37.23,37.5,36.4,36.95,2530836
2003-11-11,36.68,36.95,36.12,36.68,1728005
2003-11-12,36.68,36.95,36.12,36.4,2826765
2003-11-13,36.68,36.95,36.4,36.95,1647640
2003-11-14,36.95,37.23,36.68,37.23,2638764
2003-11-17,36.95,37.23,36.4,36.4,2274186
2003-11-18,36.4,36.68,35.3,35.57,3478104
2003-11-19,35.3,35.3,34.19,34.47,3582956
2003-11-20,34.47,35.57,34.47,34.75,3210021
2003-11-21,34.47,35.02,34.19,35.02,1483211
2003-11-24,35.02,35.3,34.75,34.75,1146762
2003-11-25,35.02,35.57,34.47,34.75,1571342
2003-11-26,34.75,35.02,34.75,34.75,643889
2003-11-27,34.75,34.75,34.19,34.19,1601517
2003-11-28,34.47,34.75,33.64,33.92,1950450
2003-12-01,33.64,34.47,33.64,34.47,1529623
2003-12-02,34.75,35.02,34.47,35.02,2064876
2003-12-03,35.02,35.3,34.47,34.47,2475690
2003-12-04,34.47,35.02,34.47,35.02,1464233
2003-12-05,35.02,35.3,34.47,34.75,2371396
2003-12-08,34.75,35.02,34.19,35.02,1825658
2003-12-09,35.02,35.02,34.19,34.19,2957496
2003-12-10,33.64,33.92,33.64,33.64,3050397
2003-12-11,33.64,33.92,33.64,33.92,1602126
2003-12-12,34.19,34.47,33.37,33.64,2176547
2003-12-15,33.92,34.19,33.37,33.92,1831008
2003-12-16,33.64,33.92,33.37,33.64,1570306
2003-12-17,33.64,33.92,32.26,32.26,3747332
2003-12-18,32.26,32.82,31.99,32.26,1410854
2003-12-19,32.82,32.82,31.99,32.26,1728347
2003-12-22,32.26,32.82,31.99,32.82,1707286
2003-12-23,32.82,32.82,32.26,32.54,2037601
2003-12-24,32.54,32.82,32.26,32.54,1987897
2003-12-25,32.54,32.54,31.99,31.99,1431492
2003-12-26,32.26,32.54,31.99,32.26,884764
2003-12-29,32.26,32.54,31.99,32.26,915260
2003-12-30,32.54,32.82,32.26,32.26,2489549
2003-12-31,32.26,32.54,31.99,31.99,1800215
2004-01-01,31.99,31.99,31.99,31.99,0
2004-01-02,31.71,31.99,31.16,31.44,5703
2004-01-05,31.44,32.82,31.44,32.26,5738
2004-01-06,32.82,32.82,31.99,32.26,3595251
2004-01-07,31.99,32.54,31.71,32.26,5782
2004-01-08,32.26,32.82,32.26,32.82,4301111
2004-01-09,33.64,35.02,33.64,35.02,7075
2004-01-12,35.57,35.57,34.75,35.02,9871
2004-01-13,35.57,36.4,35.3,35.3,9377
2004-01-14,35.3,36.12,35.3,36.12,5787
2004-01-15,36.4,36.68,35.85,36.12,3819676
2004-01-16,36.4,36.4,34.75,34.75,5493
2004-01-19,34.75,34.75,34.75,34.75,0
2004-01-20,34.75,34.75,34.75,34.75,0
2004-01-21,34.75,34.75,34.75,34.75,0
2004-01-22,34.75,34.75,34.75,34.75,0
2004-01-23,34.75,34.75,34.75,34.75,0
2004-01-26,34.75,34.75,34.75,34.75,0
2004-01-27,35.3,35.3,33.92,33.92,4428680
2004-01-28,33.64,34.75,33.37,33.92,5212
2004-01-29,33.92,34.75,33.37,33.64,12987
2004-01-30,33.64,34.19,33.37,33.64,7836
2004-02-02,33.92,34.75,33.64,33.92,4884780
2004-02-03,34.19,34.47,33.64,33.92,4308767
2004-02-04,33.92,34.19,33.37,33.37,4017453
2004-02-05,33.37,33.64,33.09,33.37,3376375
2004-02-06,33.64,34.19,33.37,33.92,3862436
2004-02-09,34.19,34.47,33.64,33.92,3591073
2004-02-10,34.19,34.47,33.92,33.92,3562075
2004-02-11,33.92,34.19,32.26,32.82,6975
2004-02-12,32.82,33.37,32.82,33.09,4955109
2004-02-13,33.09,33.64,32.82,33.09,3445799
2004-02-16,33.09,33.37,32.54,32.54,2415891
2004-02-17,32.54,33.92,32.54,33.37,5510
2004-02-18,33.64,33.92,33.37,33.64,2603994
2004-02-19,34.19,35.57,34.19,35.02,11523
2004-02-20,35.3,35.3,34.75,35.3,5048
2004-02-23,35.3,35.57,34.75,34.75,3508237
2004-02-24,34.75,35.02,33.92,33.92,3546581
2004-02-25,34.19,35.02,33.92,34.47,3404415
2004-02-26,35.02,35.3,34.47,34.75,4348294
2004-02-27,35.02,35.02,34.19,34.19,6781
2004-03-01,34.19,34.47,33.92,34.19,4858523
2004-03-02,34.19,34.47,33.92,34.19,5145
2004-03-03,34.19,34.19,33.09,33.09,6084
2004-03-04,33.09,34.19,33.09,34.19,6347
2004-03-05,34.75,34.75,33.64,33.64,4721682
2004-03-08,34.19,34.47,33.64,33.92,3681002
2004-03-09,34.19,34.19,33.64,33.92,2217321
2004-03-10,34.19,34.19,33.64,33.64,2596135
2004-03-11,33.64,33.92,33.37,33.64,2585668
2004-03-12,33.37,33.64,33.09,33.64,3019341
2004-03-15,33.64,33.92,31.99,31.99,4412437
2004-03-16,31.99,32.54,31.71,31.71,4741101
2004-03-17,31.99,32.26,31.71,31.71,3154230
2004-03-18,31.71,32.26,31.71,31.99,4771197
2004-03-19,31.99,32.82,31.99,31.99,3408911
2004-03-22,29.78,29.78,29.78,29.78,1291373
2004-03-23,27.85,28.68,27.85,27.85,9470
2004-03-24,28.13,28.68,27.85,28.13,4587647
2004-03-25,28.4,28.4,27.58,27.85,3143562
2004-03-26,28.13,28.13,27.58,27.58,3158157
2004-03-29,28.13,29.51,28.13,29.51,3982023
2004-03-30,29.51,29.51,28.4,28.4,3358949
2004-03-31,28.68,28.95,28.13,28.4,2262807
2004-04-01,28.68,30.33,28.4,30.33,9770
2004-04-02,30.61,31.16,30.33,30.33,8272
2004-04-05,30.88,31.16,30.33,30.61,4238550
2004-04-06,30.88,30.88,29.51,29.51,4932081
2004-04-07,29.51,30.33,29.51,30.06,4162553
2004-04-08,30.33,30.61,29.78,30.06,2588759
2004-04-09,30.06,30.33,29.78,30.06,1941694
2004-04-12,30.33,30.88,30.33,30.88,5154
2004-04-13,30.88,31.16,30.33,30.33,3553285
2004-04-14,30.33,31.44,30.33,31.44,6954
2004-04-15,31.44,31.44,30.33,30.33,4198447
2004-04-16,30.33,30.61,29.78,30.06,3714395
2004-04-19,30.06,30.33,29.23,29.23,3292704
2004-04-20,29.23,29.51,28.68,28.68,4346810
2004-04-21,28.68,28.95,28.4,28.68,2058749
2004-04-22,28.95,29.51,28.68,28.68,3452488
2004-04-23,28.95,29.23,28.68,28.95,1714517
2004-04-26,28.95,29.23,28.68,28.68,1378991
2004-04-27,28.4,28.68,27.85,28.13,2433292
2004-04-28,28.13,28.4,27.02,27.08,3346116
2004-04-29,26.75,26.91,25.48,25.92,4953257
2004-04-30,25.65,25.81,24.16,24.93,5531
2004-05-03,24.27,24.76,23.99,23.99,2500373
2004-05-04,24.1,24.54,23.22,23.6,4366509
2004-05-05,23.77,24.32,22.06,22.34,7542
2004-05-06,22.94,23.16,22.12,22.39,6142
2004-05-07,22.39,23.88,22.39,23.6,5988
2004-05-10,23.11,23.11,22.56,22.61,2612182
2004-05-11,22.61,23.33,22.34,23.16,3373626
2004-05-12,23.72,24.43,23.44,23.72,5178
2004-05-13,23.72,23.88,23.22,23.27,2456891
2004-05-14,23.44,23.55,22.39,22.61,3049073
2004-05-17,22.06,22.34,21.29,21.29,3141913
2004-05-18,21.29,21.95,21.29,21.73,2345188
2004-05-19,21.95,23.05,21.95,22.94,2833100
2004-05-20,22.45,23.05,22.34,22.34,1756924
2004-05-21,22.61,23.55,22.45,23.27,2106264
2004-05-24,23.0,24.05,22.89,23.72,2735380
2004-05-25,23.6,23.99,23.49,23.6,2033731
2004-05-26,24.49,24.49,23.72,23.72,2811277
2004-05-27,23.83,24.05,23.49,23.99,1831009
2004-05-28,24.16,24.38,23.99,24.16,3456704
2004-05-31,24.27,24.76,24.16,24.27,5276
2004-06-01,24.32,24.38,23.66,23.99,2428728
2004-06-02,23.83,23.99,23.49,23.49,1400576
2004-06-03,23.6,23.88,22.56,22.56,2175252
2004-06-04,22.34,22.83,22.28,22.56,1530982
2004-06-07,23.05,23.27,22.61,23.22,1132756
2004-06-08,23.27,23.66,23.11,23.27,1456374
2004-06-09,23.27,23.33,22.83,23.11,1153359
2004-06-10,23.0,23.0,22.39,22.5,1025644
2004-06-11,22.39,22.56,22.17,22.23,1037590
2004-06-14,22.23,22.5,22.01,22.06,1100271
2004-06-15,21.9,22.28,21.78,22.17,1343083
2004-06-16,22.39,22.56,21.56,21.73,1411722
2004-06-17,21.73,22.5,21.73,22.28,1775208
2004-06-18,22.17,22.28,21.84,22.23,1109236
2004-06-21,22.34,22.5,21.9,21.95,1405517
2004-06-22,21.95,21.95,21.95,21.95,0
2004-06-23,22.06,22.72,22.06,22.67,1709345
2004-06-24,23.11,23.77,22.83,23.6,2808256
2004-06-25,23.6,23.66,23.22,23.44,1329786
2004-06-28,23.44,23.44,22.83,22.83,992549
2004-06-29,22.67,23.11,22.61,23.11,891579
2004-06-30,23.22,23.66,23.16,23.33,1838749
2004-07-01,23.55,23.66,23.38,23.6,1281753
2004-07-02,23.16,23.33,23.05,23.22,1209631
2004-07-05,23.0,23.16,22.72,23.11,804512
2004-07-06,22.89,23.33,22.78,23.0,551255
2004-07-07,22.06,22.94,22.06,22.5,1126001
2004-07-08,22.5,22.83,22.34,22.34,892128
2004-07-09,22.45,22.61,22.23,22.45,1728975
2004-07-12,22.61,23.16,22.5,22.61,1531644
2004-07-13,22.5,22.94,22.5,22.5,1214104
2004-07-14,22.56,22.78,21.84,21.84,1817037
2004-07-15,21.78,21.84,20.35,20.68,3290583
2004-07-16,19.3,20.35,19.25,19.25,3879705
2004-07-19,18.81,19.36,18.2,18.37,4085512
2004-07-20,18.2,18.2,17.1,17.1,3828305
2004-07-21,17.37,18.03,17.37,17.92,3216130
2004-07-22,17.37,18.2,17.32,17.98,5060
2004-07-23,18.69,18.82,18.57,18.82,1826144
2004-07-26,19.72,19.72,19.21,19.72,8262
2004-07-27,19.72,20.1,19.53,19.85,4216303
2004-07-28,20.1,20.68,20.04,20.42,6153
2004-07-29,20.49,20.94,20.17,20.62,4357654
2004-07-30,20.81,21.32,20.62,20.74,4214238
2004-08-02,20.49,20.62,20.3,20.55,2349279
2004-08-03,21.06,21.96,21.06,21.96,3257599
2004-08-04,22.34,22.54,21.83,22.22,10864
2004-08-05,22.47,23.75,22.09,23.75,14535
2004-08-06,23.75,24.58,23.62,23.75,17199
2004-08-09,23.56,24.07,23.3,24.07,4646306
2004-08-10,24.07,24.2,23.43,23.69,3434117
2004-08-11,23.88,24.2,23.56,24.01,6940
2004-08-12,24.01,25.23,23.75,25.16,15106
2004-08-13,25.16,25.29,24.58,25.1,7600
2004-08-16,25.1,25.23,24.71,25.1,4173418
2004-08-17,25.23,25.29,24.84,25.03,3917696
2004-08-18,25.03,25.16,24.39,24.46,5080
2004-08-19,24.97,25.87,24.71,25.67,11385
2004-08-20,25.67,26.12,25.29,25.61,6392
2004-08-23,25.61,25.74,25.35,25.48,2832858
2004-08-24,25.48,25.48,25.48,25.48,0
2004-08-25,25.48,25.48,25.48,25.48,0
2004-08-26,25.67,27.21,25.67,27.21,8528
2004-08-27,27.21,28.04,26.83,27.98,10248
2004-08-30,27.98,27.98,26.06,26.12,7019
2004-08-31,25.35,26.06,24.84,25.42,7458
2004-09-01,25.93,26.57,25.48,25.8,7493
2004-09-02,25.8,25.87,25.1,25.42,4172570
2004-09-03,25.42,26.12,25.29,25.29,5972
2004-09-06,25.35,26.51,25.29,26.51,7541
2004-09-07,26.76,27.21,25.93,26.25,7080
2004-09-08,26.44,26.63,25.87,25.87,3779325
2004-09-09,25.87,26.44,25.8,25.87,3688580
2004-09-10,26.12,26.38,25.61,25.61,3499767
2004-09-13,25.61,25.74,24.71,24.78,6555
2004-09-14,24.65,25.16,24.65,24.97,3089367
2004-09-15,24.97,25.29,24.84,24.97,2267690
2004-09-16,24.65,24.84,23.82,24.33,6951
2004-09-17,24.33,24.33,23.82,23.82,3591230
2004-09-20,23.94,24.26,23.11,23.69,3770197
2004-09-21,23.69,24.01,23.37,23.62,3211028
2004-09-22,23.82,24.52,23.75,24.2,4465259
2004-09-23,24.14,24.78,24.14,24.65,3767520
2004-09-24,24.65,24.71,23.88,23.88,2553669
2004-09-27,23.69,23.75,22.22,22.22,5155
2004-09-28,22.22,22.22,22.22,22.22,0
2004-09-29,22.09,23.11,21.77,22.47,3921507
2004-09-30,22.98,23.05,22.47,22.98,2921978
2004-10-01,22.79,22.98,22.41,22.54,2034638
2004-10-04,22.98,24.07,22.92,24.07,5642
2004-10-05,24.26,24.26,23.69,24.2,4880724
2004-10-06,24.07,24.07,23.18,23.3,4422264
2004-10-07,23.3,23.69,23.05,23.11,1874719
2004-10-08,22.98,23.3,22.86,23.05,1363798
2004-10-11,22.79,23.05,22.28,22.41,2349522
2004-10-12,22.41,22.86,22.41,22.54,2248282
2004-10-13,22.79,22.86,22.41,22.41,1113722
2004-10-14,22.34,22.6,22.15,22.15,1267453
2004-10-15,22.09,22.41,21.77,21.77,1734189
2004-10-18,21.77,21.9,21.13,21.13,985630
2004-10-19,21.19,22.6,21.19,22.6,3371699
2004-10-20,22.6,22.6,21.96,21.96,1849699
2004-10-21,21.64,22.22,21.64,21.9,2069270
2004-10-22,22.22,22.73,21.96,22.09,2954014
2004-10-25,22.09,22.09,22.09,22.09,0
2004-10-26,21.64,21.9,21.32,21.45,1380963
2004-10-27,21.64,21.77,21.26,21.32,1186632
2004-10-28,21.77,21.9,21.58,21.64,1883821
2004-10-29,21.64,21.7,21.26,21.32,1113203
2004-11-01,21.26,21.51,20.49,20.49,1390121
2004-11-02,20.36,21.32,20.3,21.32,1881666
2004-11-03,21.32,22.28,21.13,21.9,2838057
2004-11-04,21.9,22.54,21.77,22.15,2691880
2004-11-05,22.73,22.92,22.22,22.47,4287698
2004-11-08,22.41,22.41,22.02,22.22,1134007
2004-11-09,22.22,22.66,22.22,22.28,1583709
2004-11-10,22.34,22.47,21.9,21.96,2201209
2004-11-11,21.83,21.96,21.06,21.26,2911660
2004-11-12,21.38,21.58,21.06,21.26,2021789
2004-11-15,21.38,21.58,20.94,20.94,2454605
2004-11-16,21.0,21.32,20.94,21.32,1306572
2004-11-17,21.38,22.79,21.32,22.79,7119
2004-11-18,23.11,24.2,22.86,23.88,12183
2004-11-19,23.82,23.94,23.56,23.75,3834873
2004-11-22,23.11,23.5,22.73,22.73,2778405
2004-11-23,22.73,23.11,22.66,22.86,2829686
2004-11-24,22.86,22.86,22.09,22.41,2570065
2004-11-25,22.47,22.66,22.15,22.22,2388644
2004-11-26,22.41,22.66,20.87,21.13,5138
2004-11-29,21.13,21.13,20.62,20.74,2312584
2004-11-30,20.68,21.77,20.49,21.77,3693265
2004-12-01,21.13,21.32,20.62,21.06,1721388
2004-12-02,21.64,21.64,21.0,21.19,1957501
2004-12-03,21.19,21.64,21.19,21.32,2073359
2004-12-06,21.32,21.51,21.26,21.51,1512090
2004-12-07,21.51,21.9,21.32,21.7,3383684
2004-12-08,21.7,21.83,21.51,21.64,1115893
2004-12-09,21.64,21.9,21.38,21.45,2105664
2004-12-10,21.51,21.64,21.32,21.58,1822436
2004-12-13,21.64,22.02,20.87,21.13,3383676
2004-12-14,21.26,21.64,21.06,21.32,3073527
2004-12-15,21.51,21.96,21.45,21.9,4162753
2004-12-16,22.02,22.6,21.9,22.09,5024
2004-12-17,22.22,22.28,21.9,22.15,1712995
2004-12-20,21.77,22.02,21.51,22.02,1882195
2004-12-21,22.02,22.02,21.77,21.9,740634
2004-12-22,22.15,22.73,22.09,22.15,3458267
2004-12-23,22.15,22.22,21.83,21.83,1221240
2004-12-24,21.83,22.15,21.83,22.09,1207305
2004-12-27,21.83,21.96,21.64,21.83,1175624
2004-12-28,21.83,22.15,21.64,21.83,1737775
2004-12-29,22.09,22.6,22.09,22.34,4602954
2004-12-30,22.41,22.41,22.09,22.28,1916213
2004-12-31,22.34,22.54,22.02,22.41,2659060
2005-01-03,22.47,22.66,22.28,22.54,2589365
2005-01-04,22.54,23.43,22.47,22.86,8598
2005-01-05,22.47,22.79,22.22,22.22,3463618
2005-01-06,22.22,22.54,22.09,22.09,2017353
2005-01-07,22.34,22.41,21.9,21.9,2209236
2005-01-10,21.9,22.09,21.38,21.51,1956234
2005-01-11,21.51,21.77,21.13,21.51,4640753
2005-01-12,21.32,21.51,20.74,20.87,3251680
2005-01-13,20.87,21.19,20.62,20.87,2392170
2005-01-14,20.87,21.26,20.68,21.13,1784078
2005-01-17,21.13,21.19,20.74,20.81,2690771
2005-01-18,20.94,21.19,20.55,20.55,2724560
2005-01-19,20.62,20.74,19.66,19.85,4861351
2005-01-20,19.66,20.36,19.66,20.17,3517905
2005-01-21,20.17,20.23,19.91,19.98,1195383
2005-01-24,19.98,20.04,19.34,19.4,2134031
2005-01-25,19.4,19.72,19.34,19.66,2260502
2005-01-26,19.78,20.04,19.66,19.72,1823443
2005-01-27,19.78,19.91,19.34,19.46,2104811
2005-01-28,19.53,20.42,19.46,20.23,6552
2005-01-31,20.49,21.32,20.3,21.0,9340
2005-02-01,21.0,21.32,20.68,20.87,4707862
2005-02-02,20.94,21.32,20.55,20.55,4155142
2005-02-03,20.87,20.87,20.55,20.62,2872013
2005-02-04,20.62,20.62,20.62,20.62,0
2005-02-07,20.62,20.62,20.62,20.62,0
2005-02-08,20.62,20.62,20.62,20.62,0
2005-02-09,20.62,20.62,20.62,20.62,0
2005-02-10,20.62,20.62,20.62,20.62,0
2005-02-11,20.62,20.62,20.62,20.62,0
2005-02-14,21.13,21.58,21.0,21.38,5370
2005-02-15,21.58,22.34,21.45,22.22,9174
2005-02-16,22.28,22.79,21.83,22.66,8697
2005-02-17,22.66,22.92,22.09,22.28,5979
2005-02-18,22.28,23.43,22.28,23.37,14792
2005-02-21,23.37,24.01,22.86,22.86,8436
2005-02-22,22.86,22.98,22.15,22.15,4857242
2005-02-23,21.9,22.73,21.9,22.6,4777486
2005-02-24,22.6,23.24,22.28,22.34,6814
2005-02-25,22.92,23.05,22.41,22.41,4791362
2005-02-28,22.41,22.41,22.41,22.41,0
2005-03-01,22.34,22.41,21.83,21.83,2768893
2005-03-02,21.83,22.28,21.83,21.86,2014659
2005-03-03,21.83,22.22,21.83,21.96,2671143
2005-03-04,21.96,23.05,21.96,22.47,5829
2005-03-07,22.86,22.92,22.02,22.09,4556488
2005-03-08,22.09,22.41,21.83,21.83,3410101
2005-03-09,21.9,22.66,21.9,22.47,3662261
2005-03-10,22.47,22.92,22.15,22.76,5662
2005-03-11,23.05,23.5,22.89,22.92,9876
2005-03-14,22.92,22.92,22.41,22.41,3582750
2005-03-15,22.28,22.6,20.84,21.19,6600
2005-03-16,21.19,21.45,20.84,20.9,3481527
2005-03-17,20.74,21.1,20.62,20.9,1942634
2005-03-18,20.94,21.19,20.74,20.9,1809243
2005-03-21,20.9,21.13,20.81,20.9,2313690
2005-03-22,20.87,21.06,20.71,20.74,1875445
2005-03-23,20.74,20.94,20.62,20.81,1529196
2005-03-24,20.94,21.22,20.81,20.81,1968684
2005-03-25,20.81,21.0,20.71,20.94,1450251
2005-03-28,21.19,21.26,21.0,21.1,1684803
2005-03-29,21.0,21.06,20.3,20.33,1655276
2005-03-30,20.33,20.62,20.17,20.33,2225479
2005-03-31,20.62,21.0,20.42,20.42,2901475
2005-04-01,20.55,20.55,20.26,20.55,1393968
2005-04-04,20.55,21.06,20.55,20.68,1878466
2005-04-05,20.68,20.68,20.68,20.68,0
2005-04-06,20.68,20.94,20.62,20.62,1175793
2005-04-07,20.62,21.51,20.62,21.32,5194
2005-04-08,21.38,21.45,21.0,21.1,1915941
2005-04-11,21.0,21.06,20.78,20.81,1028955
2005-04-12,20.62,20.94,20.62,20.65,1268198
2005-04-13,20.81,21.58,20.81,21.48,5903
2005-04-14,21.42,21.99,21.22,21.83,6890
2005-04-15,21.45,21.77,21.38,21.45,2838180
2005-04-18,21.0,21.32,20.36,20.52,2808542
2005-04-19,20.68,20.87,20.49,20.49,2207608
2005-04-20,20.55,20.65,19.53,19.59,3627670
2005-04-21,19.24,19.82,19.21,19.5,2494592
2005-04-22,19.72,19.98,18.15,18.25,7868
2005-04-25,18.25,18.37,17.61,18.21,2885241
2005-04-26,18.25,18.6,18.25,18.6,2030846
2005-04-27,18.6,18.6,18.31,18.53,1177211
2005-04-28,18.41,18.89,18.41,18.89,1835277
2005-04-29,18.89,19.53,18.89,19.3,4613024
2005-05-02,19.3,19.3,19.3,19.3,0
2005-05-03,19.78,19.78,19.21,19.24,3179749
2005-05-04,19.34,19.43,18.98,19.27,1873450
2005-05-05,19.53,19.78,19.4,19.72,3128035
2005-05-06,19.78,19.78,19.46,19.69,2002624
2005-05-09,19.69,20.04,19.62,19.69,2336695
2005-05-10,19.91,19.91,19.59,19.59,1047089
2005-05-11,19.56,19.72,19.34,19.43,917652
2005-05-12,19.43,19.59,19.24,19.27,1189320
2005-05-13,19.3,19.82,19.3,19.75,2250646
2005-05-16,19.82,19.98,19.66,19.66,1429040
2005-05-17,19.66,19.91,19.66,19.82,1556876
2005-05-18,19.91,20.36,19.85,20.04,2471878
2005-05-19,20.36,20.42,19.88,19.98,1776314
2005-05-20,20.01,20.3,19.94,19.94,1590148
2005-05-23,19.88,19.94,19.59,19.59,1083374
2005-05-24,19.66,19.91,19.46,19.53,1182918
2005-05-25,19.78,19.98,19.21,19.21,1955163
2005-05-26,19.27,19.59,19.21,19.59,1452723
2005-05-27,19.59,20.07,19.59,20.04,3847951
2005-05-30,20.04,20.68,19.85,20.49,5762
2005-05-31,20.49,20.74,20.3,20.42,3424329
2005-06-01,20.42,21.1,20.42,21.03,5963
2005-06-02,21.77,21.9,21.19,21.19,7745
2005-06-03,21.38,21.74,21.19,21.26,5481
2005-06-06,21.26,21.42,20.87,20.87,3631408
2005-06-07,20.94,21.35,20.87,20.87,3497766
2005-06-08,20.94,21.9,20.94,21.7,8106
2005-06-09,21.9,22.15,21.35,21.35,8169
2005-06-10,21.77,22.15,21.51,21.54,7049
2005-06-13,21.7,21.7,21.29,21.45,3126859
2005-06-14,21.7,22.28,21.51,21.93,8622
2005-06-15,22.22,22.86,22.22,22.57,10280
2005-06-16,22.89,23.21,22.6,22.86,11113
2005-06-17,22.86,22.86,22.25,22.25,5897
2005-06-20,22.31,22.41,21.9,22.18,2073577
2005-06-21,22.18,22.31,21.96,22.09,2291451
2005-06-22,22.38,22.66,22.38,22.57,3174326
2005-06-23,22.73,22.73,22.28,22.41,2494248
2005-06-24,22.34,22.73,21.96,22.73,3378307
2005-06-27,22.47,22.6,22.09,22.09,2869788
2005-06-28,22.28,22.47,22.09,22.22,1737781
2005-06-29,22.41,22.63,22.06,22.15,3525727
2005-06-30,22.28,22.34,22.02,22.12,1305852
2005-07-01,22.06,22.15,21.64,22.06,2040638
2005-07-04,22.02,22.28,21.99,22.25,1910870
2005-07-05,22.34,22.98,22.34,22.66,7928
2005-07-06,22.98,23.11,22.54,22.54,3743625
2005-07-07,22.41,22.92,22.41,22.47,1838095
2005-07-08,22.41,23.11,22.41,22.6,4161511
2005-07-11,22.92,23.43,22.79,23.37,7974
2005-07-12,23.56,23.59,22.98,23.18,7423
2005-07-13,23.11,23.43,22.92,22.92,3957337
2005-07-14,23.05,23.62,22.92,23.18,5518
2005-07-15,23.24,23.37,22.79,22.79,2862275
2005-07-18,22.79,22.79,22.79,22.79,0
2005-07-19,22.92,22.92,22.44,22.5,3098877
2005-07-20,22.6,22.86,22.5,22.54,3084723
2005-07-21,22.44,23.11,22.44,22.44,3320853
2005-07-22,22.57,22.92,22.47,22.6,3202944
2005-07-25,22.79,23.3,22.66,23.24,4793391
2005-07-26,23.27,23.5,22.95,23.05,3039762
2005-07-27,23.18,23.34,22.98,23.05,2472413
2005-07-28,23.37,24.65,23.37,24.65,9265
2005-07-29,25.29,25.42,23.88,24.91,18470
2005-08-01,25.29,26.63,25.23,26.63,13784
2005-08-02,26.63,26.63,24.78,24.87,15173
2005-08-03,25.58,25.87,25.32,25.61,7373
2005-08-04,25.83,25.93,25.16,25.29,5884
2005-08-05,25.29,25.29,25.29,25.29,0
2005-08-08,25.29,25.74,25.03,25.61,3716356
2005-08-09,25.67,26.57,25.67,26.38,11286
2005-08-10,26.82,27.17,26.3,26.3,12759
2005-08-11,26.51,26.58,25.95,26.09,3469963
2005-08-12,26.37,26.44,25.25,25.53,3503892
2005-08-15,25.18,25.32,24.49,24.66,3491686
2005-08-16,24.84,24.91,24.1,24.56,2501964
2005-08-17,24.56,24.94,24.28,24.77,2135969
2005-08-18,25.18,25.5,24.84,24.91,2966243
2005-08-19,24.91,25.18,24.07,24.28,2201756
2005-08-22,24.42,24.7,24.21,24.42,1306579
2005-08-23,24.7,24.77,24.28,24.28,1219454
2005-08-24,24.1,24.14,23.02,23.02,2778872
2005-08-25,23.02,23.37,22.19,22.29,1776145
2005-08-26,22.46,22.71,22.29,22.71,1533872
2005-08-29,22.71,22.81,22.05,22.32,1499840
2005-08-30,23.02,23.3,22.15,22.46,3513449
2005-08-31,22.88,22.95,22.43,22.88,1998615
2005-09-01,22.88,22.88,22.88,22.88,0
2005-09-02,23.37,23.93,23.23,23.65,2767550
2005-09-05,23.86,25.05,23.75,24.66,6171
2005-09-06,25.29,25.29,24.63,24.91,4365746
2005-09-07,25.12,25.12,24.8,24.98,2565614
2005-09-08,24.98,25.74,24.91,25.32,5432
2005-09-09,25.57,25.67,25.25,25.36,2474826
2005-09-12,25.6,26.89,25.53,26.58,6692
2005-09-13,26.62,26.65,26.2,26.58,2677573
2005-09-14,26.55,26.96,26.41,26.51,2185688
2005-09-15,26.37,26.65,25.46,25.6,3764677
2005-09-16,25.6,26.09,24.77,25.05,3243370
2005-09-19,25.12,25.57,25.12,25.15,1241842
2005-09-20,25.15,26.3,24.84,26.3,3462586
2005-09-21,26.3,26.79,25.99,26.3,3388536
2005-09-22,25.81,26.37,25.64,25.64,2218627
2005-09-23,25.64,25.95,24.84,25.18,2162344
2005-09-26,25.43,25.67,24.98,25.67,1559251
2005-09-27,25.67,25.95,25.25,25.32,1292519
2005-09-28,25.32,25.53,24.98,25.32,1273617
2005-09-29,25.32,26.37,25.32,26.37,3465296
2005-09-30,26.51,27.07,26.51,27.0,6305
2005-10-03,27.21,27.77,27.03,27.49,5048
2005-10-04,27.52,28.18,27.52,27.87,7005
2005-10-05,27.98,28.71,27.73,27.91,8696
2005-10-06,27.35,27.77,26.86,27.42,5690
2005-10-07,27.21,27.35,26.93,27.21,2797263
2005-10-10,27.21,27.21,27.21,27.21,0
2005-10-11,27.21,27.49,26.89,27.07,1906319
2005-10-12,26.89,26.89,26.3,26.37,2126747
2005-10-13,26.16,26.3,25.74,26.23,2524968
2005-10-14,26.37,26.65,25.81,25.81,1983052
2005-10-17,25.88,26.06,24.49,24.49,2635302
2005-10-18,24.49,24.98,24.28,24.84,2254669
2005-10-19,24.49,24.7,24.1,24.21,1496487
2005-10-20,24.28,24.98,24.21,24.8,2146434
2005-10-21,24.63,25.05,24.49,24.66,1397009
2005-10-24,24.73,24.91,24.17,24.49,1521330
2005-10-25,24.91,25.05,24.49,24.73,1724567
2005-10-26,24.84,24.94,23.02,23.41,2184521
2005-10-27,23.41,24.38,23.02,23.72,1951348
2005-10-28,23.69,24.07,23.34,23.62,1586489
2005-10-31,24.07,24.73,23.93,24.73,2498937
2005-11-01,24.94,25.05,24.52,24.59,1691551
2005-11-02,24.8,25.46,24.8,25.15,5373
2005-11-03,25.46,25.46,24.84,24.87,2589595
2005-11-04,24.91,25.25,24.84,24.87,2031597
2005-11-07,24.87,24.98,24.17,24.21,1371303
2005-11-08,24.21,24.42,24.07,24.07,1001782
2005-11-09,24.07,24.91,24.07,24.77,1924252
2005-11-10,24.77,25.12,24.56,24.56,1493142
2005-11-11,24.84,25.05,24.66,24.98,2132217
2005-11-14,25.05,25.99,24.98,25.88,4615733
2005-11-15,25.88,26.02,25.36,25.67,2251384
2005-11-16,25.57,25.81,25.39,25.53,1956236
2005-11-17,25.78,26.02,25.43,25.43,3877226
2005-11-18,25.46,25.67,24.42,24.8,5279
2005-11-21,24.8,25.12,24.66,24.66,2603281
2005-11-22,24.66,25.01,24.63,24.77,2453198
2005-11-23,25.12,25.32,24.91,25.32,2613973
2005-11-24,25.46,26.02,25.32,25.32,6039
2005-11-25,25.53,26.65,25.53,26.3,8868
2005-11-28,26.51,26.65,26.02,26.13,4040789
2005-11-29,26.13,26.34,25.57,25.6,2937480
2005-11-30,25.6,26.3,25.53,26.23,3334163
2005-12-01,26.02,26.13,25.36,25.46,2438483
2005-12-02,25.95,25.95,25.36,25.6,2384735
2005-12-05,25.81,26.13,25.67,26.13,4953989
2005-12-06,26.16,26.72,26.16,26.23,6482
2005-12-07,26.55,26.65,25.6,26.09,2527521
2005-12-08,26.16,26.37,25.78,25.92,1749231
2005-12-09,26.02,26.02,25.67,25.85,1094451
2005-12-12,26.06,26.13,25.81,26.02,1196096
2005-12-13,26.02,26.34,25.99,26.02,2375645
2005-12-14,26.13,26.86,26.06,26.27,5860
2005-12-15,26.65,27.0,26.27,26.41,5291
2005-12-16,26.48,27.45,26.48,26.89,8779
2005-12-19,27.0,27.21,26.51,26.51,3289264
2005-12-20,26.62,27.07,26.62,26.75,2731992
2005-12-21,27.0,27.03,26.72,26.72,2862003
2005-12-22,26.96,27.42,26.68,26.72,5853
2005-12-23,26.86,26.93,26.44,26.62,2843092
2005-12-26,26.68,27.73,26.68,27.07,8598
2005-12-27,27.28,27.28,26.51,26.58,4740063
2005-12-28,26.51,26.75,26.41,26.41,2470198
2005-12-29,26.51,26.79,26.51,26.72,3448232
2005-12-30,26.82,27.35,26.75,26.79,5330
2006-01-02,26.44,26.65,26.09,26.3,3427548
2006-01-03,26.3,27.35,26.23,27.21,8900
2006-01-04,27.35,27.84,26.72,26.82,6731
2006-01-05,26.93,28.67,26.79,28.67,18259
2006-01-06,29.06,30.66,29.06,30.66,33823
2006-01-09,31.71,31.74,30.28,30.49,18615
2006-01-10,30.49,32.02,29.86,31.39,16390
2006-01-11,31.74,32.23,31.05,31.74,12379
2006-01-12,32.09,32.3,29.65,29.72,10498
2006-01-13,29.68,30.0,28.81,29.2,5037
2006-01-16,29.02,30.24,29.02,29.93,5871
2006-01-17,30.0,30.17,29.16,29.23,4166244
2006-01-18,29.02,29.09,27.77,27.91,5727
2006-01-19,28.05,28.32,26.86,27.31,4790294
2006-01-20,27.42,27.7,26.93,27.14,2633893
2006-01-23,26.58,26.86,25.95,26.06,2770404
2006-01-24,26.16,26.93,26.16,26.68,2431786
2006-01-25,26.79,26.82,26.27,26.58,2145172
2006-02-03,27.07,27.07,26.02,26.37,2717218
2006-02-06,26.37,26.86,25.85,26.86,2731401
2006-02-07,26.79,27.52,26.58,27.24,3471870
2006-02-08,27.17,27.17,26.58,26.58,1812464
2006-02-09,27.14,27.7,26.79,27.17,3630837
2006-02-10,27.28,27.38,26.55,26.72,1838466
2006-02-13,26.75,26.86,26.51,26.51,1037128
2006-02-14,26.51,27.24,26.51,27.0,2298821
2006-02-15,27.07,27.42,26.86,26.86,2550569
2006-02-16,27.14,27.49,27.0,27.38,2835410
2006-02-17,27.7,27.7,26.72,26.86,2142808
2006-02-20,26.86,27.56,26.72,27.28,2003934
2006-02-21,27.31,28.12,27.28,27.35,5456
2006-02-22,27.56,27.63,26.58,27.21,4101830
2006-02-23,26.93,26.93,25.32,25.32,5059
2006-02-24,25.32,25.67,24.49,25.32,3516192
2006-02-27,24.49,25.22,24.49,25.05,1125181
2006-03-01,24.63,25.64,24.63,25.39,3513828
2006-03-02,25.53,25.88,25.39,25.46,2524566
2006-03-03,25.46,25.74,24.84,24.87,1494529
2006-03-06,24.87,25.39,24.87,25.15,895890
2006-03-07,25.12,25.6,24.98,25.12,2126262
2006-03-08,25.12,25.32,24.77,24.84,1157093
2006-03-09,24.84,25.25,24.84,24.87,1347972
2006-03-10,25.12,25.18,24.87,25.01,1135818
2006-03-13,25.32,25.57,25.25,25.46,1487437
2006-03-14,25.46,25.53,24.84,24.98,1446070
2006-03-15,25.18,25.92,24.98,25.6,2342552
2006-03-16,25.81,26.06,25.18,25.22,2432377
2006-03-17,25.32,25.39,25.05,25.25,1238645
2006-03-20,25.25,26.37,25.25,26.13,3830581
2006-03-21,26.16,26.44,25.5,25.53,2802316
2006-03-22,25.25,25.46,24.91,24.98,1563671
2006-03-23,24.84,25.22,24.66,24.84,1216188
2006-03-24,24.91,25.18,24.77,25.08,807246
2006-03-27,25.18,25.29,25.18,25.18,1350336
2006-03-28,25.18,25.25,24.94,25.01,999307
2006-03-29,25.08,25.18,24.98,25.05,1263465
2006-03-30,25.25,25.5,25.12,25.18,2249181
2006-03-31,25.32,25.71,25.32,25.32,2908688
2006-04-03,25.57,26.3,25.57,26.06,6279
2006-04-04,26.2,26.27,25.92,25.95,2013389
2006-04-06,26.09,26.65,25.88,26.34,3116114
2006-04-07,26.3,26.37,26.09,26.16,1714365
2006-04-10,26.23,26.51,26.06,26.13,3443504
2006-04-11,26.09,26.09,25.12,25.46,2712491
2006-04-12,25.32,25.92,25.29,25.46,2661077
2006-04-13,25.6,26.16,25.6,25.78,3149208
2006-04-14,25.95,26.44,25.85,26.3,3669250
2006-04-17,26.58,27.03,26.44,26.82,4054553
2006-04-18,27.03,27.03,26.23,26.48,2252135
2006-04-19,26.86,27.07,26.65,26.65,3491962
2006-04-20,26.79,27.56,26.68,27.42,5175
2006-04-21,27.63,28.18,27.42,27.56,6922
2006-04-24,27.42,27.42,26.72,26.79,3058200
2006-04-25,26.79,27.17,26.23,26.3,1940110
2006-04-26,26.2,26.51,25.6,26.09,5167
2006-04-27,26.23,26.44,25.53,25.53,3930452
2006-04-28,25.67,25.88,25.25,25.57,2425877
2006-05-02,25.53,25.81,25.32,25.43,1746276
2006-05-03,25.6,26.02,25.6,25.74,2388055
2006-05-04,25.81,25.99,25.5,25.74,2039391
2006-05-05,25.81,26.48,25.74,25.81,4252524
2006-05-08,26.16,26.44,25.95,26.16,2614392
2006-05-09,26.13,26.48,25.92,26.06,2772177
2006-05-10,26.16,26.34,25.67,25.74,2564161
2006-05-11,25.74,26.02,25.6,25.78,1568399
2006-05-12,25.64,25.71,25.32,25.43,1778779
2006-05-15,25.25,25.57,25.22,25.29,1808327
2006-05-16,25.32,25.36,24.8,24.8,3064110
2006-05-17,25.05,25.25,24.77,24.98,1206142
2006-05-18,24.84,24.98,24.49,24.98,1901698
2006-05-19,24.91,25.22,24.8,24.98,1256964
2006-05-22,25.18,25.67,25.18,25.25,2337824
2006-05-23,25.25,25.46,25.12,25.29,1541215
2006-05-24,25.46,25.67,24.56,24.77,2458379
2006-05-25,24.98,25.25,24.84,25.01,1266420
2006-05-26,25.18,25.64,25.08,25.64,1535896
2006-05-29,25.81,25.92,25.46,25.46,1448434
2006-05-30,25.81,25.92,25.46,25.46,1448434
2006-06-01,25.32,25.64,25.05,25.08,1886924
2006-06-02,25.29,25.32,24.87,25.01,982169
2006-06-05,25.05,25.29,24.07,24.07,2032890
2006-06-06,24.07,24.14,23.37,23.58,1717911
2006-06-07,23.65,23.89,23.3,23.37,1774051
2006-06-08,23.37,23.37,21.77,21.84,3288673
2006-06-09,22.25,22.46,21.7,22.39,2127444
2006-06-12,22.32,22.39,21.77,22.39,1244554
2006-06-13,22.32,22.32,21.84,21.84,1557170
2006-06-14,21.87,22.25,21.87,22.19,1262283
2006-06-15,22.46,22.64,22.08,22.15,1082041
2006-06-16,22.95,22.95,22.5,22.88,1476209
2006-06-19,23.02,23.2,22.88,23.02,772380
2006-06-20,22.88,22.99,21.49,21.98,1489801
2006-06-21,21.98,22.25,21.7,21.84,769425
2006-06-22,22.05,22.6,22.05,22.32,1007581
2006-06-23,22.32,22.32,21.77,22.12,897663
2006-06-26,22.29,22.5,22.19,22.46,617549
2006-06-27,22.46,23.09,22.32,22.67,1343244
2006-06-28,22.67,22.74,22.39,22.74,972714
2006-06-29,22.81,23.3,22.81,23.06,1625721
2006-06-30,23.34,23.72,23.27,23.72,2068939
2006-07-03,23.72,23.72,23.44,23.58,539543
2006-07-04,23.65,23.93,23.65,23.82,1084405
2006-07-05,23.82,24.03,23.58,23.82,1382838
2006-07-06,23.75,24.24,23.62,23.93,1760459
2006-07-07,23.93,23.93,23.62,23.69,667190
2006-07-10,23.58,23.72,23.23,23.58,494039
2006-07-11,23.44,23.69,23.44,23.62,424306
2006-07-12,23.65,23.89,23.23,23.37,1019400
2006-07-13,23.16,23.37,22.78,22.81,865160
2006-07-14,22.46,22.67,22.22,22.25,959713
2006-07-17,21.98,22.19,21.77,21.84,907709
2006-07-18,21.87,22.32,21.87,22.32,527133
2006-07-19,22.39,22.74,22.32,22.32,537179
2006-07-20,22.88,22.95,22.67,22.81,627595
2006-07-21,22.67,23.16,22.67,23.09,777698
2006-07-24,22.88,23.02,22.74,23.02,541907
2006-07-25,23.3,23.69,23.3,23.51,933120
2006-07-26,23.72,23.72,23.41,23.51,792472
2006-07-27,25.15,25.15,25.12,25.15,5119
2006-07-28,25.53,26.72,25.53,26.51,13078
2006-07-31,27.03,27.42,26.51,26.65,6006
2006-08-01,26.65,26.65,26.23,26.34,1857376
2006-08-02,26.34,26.82,26.23,26.55,2458970
2006-08-03,27.07,27.07,26.13,26.16,2519248
2006-08-04,26.23,26.89,26.16,26.41,3601289
2006-08-07,26.44,26.62,26.02,26.44,2144581
2006-08-08,26.44,26.51,26.3,26.44,1597355
2006-08-09,26.44,27.45,26.37,27.31,9302
2006-08-10,27.56,28.39,27.56,27.91,14624
2006-08-11,28.59,28.59,27.75,28.43,11819
2006-08-14,28.4,28.7,28.05,28.59,4369702
2006-08-15,28.66,28.66,27.98,28.24,3016130
2006-08-16,28.59,28.74,28.13,28.4,5054
2006-08-17,28.51,28.63,28.01,28.28,3029637
2006-08-18,28.09,28.51,28.09,28.32,2420108
2006-08-21,28.28,28.28,26.98,26.98,4463129
2006-08-22,27.14,28.86,26.98,28.86,7744
2006-08-23,28.97,29.24,28.17,29.16,7553
2006-08-24,29.16,30.27,29.05,29.7,8855
2006-08-25,30.08,30.35,29.12,29.24,4156395
2006-08-28,29.43,29.54,28.66,29.05,3647046
2006-08-29,29.81,31.07,29.66,31.07,14235
2006-08-30,31.34,32.52,31.22,32.07,15613
2006-08-31,32.49,32.72,31.72,31.8,9788
2006-09-01,31.8,32.56,31.65,32.37,5930
2006-09-04,32.72,33.02,31.57,31.65,6486
2006-09-05,32.1,32.41,31.57,31.65,5647
2006-09-06,31.42,31.95,31.19,31.19,3903690
2006-09-07,30.96,31.76,30.96,31.61,3110683
2006-09-08,31.61,31.8,31.26,31.34,1901754
2006-09-11,31.34,32.79,31.34,32.18,8722
2006-09-12,32.41,32.41,31.65,31.65,3863168
2006-09-13,32.1,32.33,31.72,31.91,3494523
2006-09-14,32.26,32.26,30.88,31.34,3619468
2006-09-15,31.34,32.1,31.34,32.1,3057778
2006-09-18,32.87,34.32,32.87,34.32,8570
2006-09-19,34.7,35.01,33.86,33.98,9388
2006-09-20,33.98,34.21,33.48,33.98,3590765
2006-09-21,34.36,34.4,33.17,33.4,3762424
2006-09-22,33.1,33.63,33.1,33.33,2470761
2006-09-25,33.33,33.94,33.02,33.94,2779184
2006-09-26,34.17,34.32,33.25,33.25,2169092
2006-09-27,33.4,33.63,32.56,33.1,2525354
2006-09-28,33.1,33.21,31.19,31.65,4045520
2006-09-29,31.34,31.65,31.07,31.11,2565877
2006-10-02,31.11,31.61,30.84,31.11,2390279
2006-10-03,31.11,31.57,30.96,31.07,3865419
2006-10-04,31.07,31.22,29.96,30.42,4557683
2006-10-05,30.58,32.52,30.58,32.52,9284
2006-10-09,32.52,32.52,32.52,32.52,0
2006-10-11,32.52,32.52,31.95,32.1,3458503
2006-10-12,32.1,32.72,31.84,31.84,2450500
2006-10-13,32.22,32.37,31.53,31.53,2949718
2006-10-16,31.11,31.65,30.96,31.15,2015443
2006-10-17,31.34,31.57,31.15,31.19,1503844
2006-10-18,31.03,31.65,30.96,31.38,1622598
2006-10-19,31.03,31.42,30.96,31.26,1550557
2006-10-20,31.53,32.56,31.53,32.18,4249259
2006-10-23,32.41,32.87,32.1,32.1,2998683
2006-10-24,32.49,33.06,31.95,31.99,5206
2006-10-25,32.1,32.26,31.65,31.72,1517351
2006-10-26,32.03,32.33,31.76,32.07,1528607
2006-10-27,32.18,32.64,32.18,32.56,4815452
2006-10-30,32.56,32.94,32.45,32.52,2809576
2006-10-31,32.87,33.86,32.87,33.79,11054
2006-11-01,34.17,35.47,33.86,35.24,16198
2006-11-02,34.7,35.24,34.13,35.16,8616
2006-11-03,35.16,35.43,34.47,35.16,8056
2006-11-06,34.4,35.31,34.4,35.16,5010
2006-11-07,35.39,37.61,35.39,37.26,14096
2006-11-08,37.26,37.84,36.54,36.8,7350
2006-11-09,37.07,37.23,35.01,35.16,5302
2006-11-10,35.47,36.19,35.47,36.0,4254325
2006-11-13,36.0,36.23,35.43,36.15,1710960
2006-11-14,36.69,36.96,36.27,36.73,2668872
2006-11-15,37.3,38.07,36.38,36.61,4574004
2006-11-16,37.07,37.84,36.92,37.23,4647170
2006-11-17,37.84,39.82,37.65,39.82,9659
2006-11-20,40.13,40.28,38.68,39.9,9073
2006-11-21,40.13,42.42,39.75,40.89,12921
2006-11-22,40.89,42.42,40.51,41.2,6964
2006-11-23,41.2,41.96,40.21,40.36,5296
2006-11-24,40.36,41.66,39.98,40.97,4105741
2006-11-27,41.05,42.04,40.21,40.28,6274
2006-11-28,39.75,40.89,39.75,39.9,3681941
2006-11-29,40.13,40.51,38.6,38.83,6212
2006-11-30,38.22,39.14,37.95,38.45,7873
2006-12-01,38.45,39.29,37.99,38.07,6286
2006-12-04,40.66,40.66,40.66,40.66,9016
2006-12-05,40.59,40.59,38.07,38.07,10934
2006-12-06,38.22,38.83,38.1,38.22,4998930
2006-12-07,37.76,38.07,36.73,37.26,4153581
2006-12-08,37.26,38.75,37.03,37.84,4338747
2006-12-11,37.45,38.98,37.45,38.37,3066783
2006-12-12,38.37,40.13,38.37,39.59,9844
2006-12-13,40.44,40.51,39.06,39.98,6578
2006-12-14,40.28,40.66,39.44,40.13,5624
2006-12-15,41.05,42.27,41.05,41.28,10602
2006-12-18,41.66,42.35,40.97,41.58,4944900
2006-12-19,41.58,41.81,40.66,40.66,3931831
2006-12-20,40.66,41.51,40.66,40.82,3879489
2006-12-21,40.82,41.2,40.13,40.13,2945778
2006-12-22,39.98,41.58,39.9,40.89,4082666
2006-12-25,40.89,43.72,40.51,43.72,10115
2006-12-26,44.41,45.1,43.42,43.72,11621
2006-12-27,43.95,45.56,43.49,43.8,9558
2006-12-28,43.57,43.57,42.19,42.73,6835
2006-12-29,42.35,43.49,42.35,42.88,6712
2007-01-02,42.81,44.64,42.35,43.11,10215
2007-01-03,43.19,45.33,42.5,43.95,11106
2007-01-04,43.95,46.17,43.88,45.79,12375
2007-01-05,45.4,45.4,43.95,44.33,8506
2007-01-08,43.57,44.03,41.28,41.28,10584
2007-01-09,40.51,41.66,39.75,40.66,10998
2007-01-10,40.13,40.89,39.75,40.28,4752417
2007-01-11,40.28,41.89,40.28,41.51,9874
2007-01-12,41.96,42.27,41.2,42.12,6198
2007-01-15,42.35,42.73,41.28,42.19,6281
2007-01-16,42.19,44.49,41.89,43.03,13115
2007-01-17,42.58,44.72,42.35,44.64,12515
2007-01-18,44.64,45.25,43.95,45.1,6275
2007-01-19,48.16,48.16,44.18,44.41,19500
2007-01-22,44.33,44.33,42.88,43.19,5573
2007-01-23,43.19,43.95,43.11,43.19,3826022
2007-01-24,43.95,44.1,42.27,42.81,5986
2007-01-25,42.88,43.95,42.81,42.81,3981359
2007-01-26,42.65,43.34,42.42,42.81,2391404
2007-01-29,43.03,43.26,40.89,41.12,3712896
2007-01-30,41.89,41.89,40.82,41.28,3825459
2007-01-31,41.51,41.96,40.05,40.36,3765238
2007-02-01,40.97,41.12,40.21,40.51,2192730
2007-02-02,42.58,43.19,41.73,42.42,10675
2007-02-05,42.42,42.42,41.81,42.04,3127005
2007-02-06,42.65,43.26,42.35,42.35,3658866
2007-02-07,42.5,42.96,42.19,42.19,2399284
2007-02-08,42.42,43.26,42.19,42.81,4940960
2007-02-09,42.81,43.11,42.35,42.35,2259705
2007-02-12,42.12,42.96,42.04,42.19,3405598
2007-02-13,42.73,44.33,42.5,43.19,8167
2007-02-14,43.19,43.72,42.65,43.03,3994867
2007-02-26,43.57,44.18,42.5,42.65,7046
2007-02-27,42.04,42.65,41.51,42.04,5646
2007-03-01,41.28,41.81,40.89,41.12,8474
2007-03-02,41.12,43.95,41.12,43.72,9685
2007-03-05,44.79,45.71,42.12,43.95,13206
2007-03-06,44.26,47.01,43.42,46.93,21036
2007-03-07,46.93,50.07,46.93,49.46,31849
2007-03-08,50.07,51.52,48.77,49.15,17978
2007-03-09,48.92,50.07,48.31,48.31,13322
2007-03-12,48.92,50.45,48.92,49.3,11837
2007-03-13,49.84,51.06,48.77,49.91,13330
2007-03-14,48.92,50.14,48.77,49.3,7693
2007-03-15,49.84,52.36,49.84,51.21,18091
2007-03-16,51.21,52.05,50.3,50.37,7562
2007-03-19,51.21,51.21,49.38,49.61,8589
2007-03-20,50.07,50.07,49.07,49.15,5539
2007-03-21,49.61,50.83,49.61,49.76,10158
2007-03-22,50.68,52.36,50.3,51.44,15841
2007-03-23,51.75,55.04,51.52,55.04,20528
2007-03-26,55.72,56.18,54.42,55.42,12141
2007-03-27,57.56,59.24,56.26,56.56,23511
2007-03-28,56.87,56.87,55.11,56.56,8717
2007-03-29,56.95,58.09,56.79,57.25,11046
2007-03-30,57.63,57.71,55.26,55.57,9138
2007-04-02,55.57,55.88,53.74,54.04,12161
2007-04-03,54.27,55.72,54.04,54.35,10521
2007-04-04,54.27,54.27,52.36,53.2,8937
2007-04-09,54.27,54.65,53.58,54.12,6807
2007-04-10,54.12,55.19,53.81,55.04,5208
2007-04-11,55.57,56.56,55.04,55.04,9902
2007-04-12,54.88,55.42,54.35,54.81,3191166
2007-04-13,55.34,56.33,54.81,54.81,6346
2007-04-16,54.35,54.81,51.6,52.21,7852
2007-04-17,52.67,52.89,51.98,51.98,4297099
2007-04-18,52.44,53.2,52.13,52.67,3665619
2007-04-19,52.28,52.59,49.3,50.53,9449
2007-04-20,50.45,51.14,49.3,50.68,5876
2007-04-23,51.9,52.74,51.44,51.82,7949
2007-04-24,51.67,52.21,51.44,51.9,3981922
2007-04-25,51.98,52.59,51.6,51.6,6313
2007-04-26,51.98,53.12,51.9,52.44,8172
2007-04-27,52.44,52.51,51.06,51.21,6523
2007-04-30,51.9,52.05,51.21,51.6,7196
2007-05-02,51.6,51.75,50.53,51.21,5579
2007-05-03,51.67,51.67,49.91,51.21,4107993
2007-05-04,51.67,53.05,51.67,52.13,12404
2007-05-07,52.21,54.96,51.98,54.42,11025
2007-05-08,54.42,55.19,53.66,54.65,8910
2007-05-09,54.88,55.04,53.51,53.58,6054
2007-05-10,53.66,55.95,53.66,55.65,15002
2007-05-11,54.73,56.41,54.73,55.72,8263
2007-05-14,56.18,56.56,55.04,55.34,5683
2007-05-15,55.42,55.65,54.19,54.27,4202546
2007-05-16,54.27,55.04,54.04,55.04,3617217
2007-05-17,55.04,56.18,54.81,55.49,7473
2007-05-18,55.8,58.55,55.65,57.56,19726
2007-05-21,57.86,58.25,56.79,57.63,7895
2007-05-22,58.25,61.3,58.02,60.54,17525
2007-05-23,61.0,61.84,59.85,60.39,12874
2007-05-24,61.15,64.51,60.46,64.44,17570
2007-05-25,63.37,64.28,62.14,62.68,8403
2007-05-28,63.06,63.14,60.39,61.3,7487
2007-05-29,61.99,63.9,61.99,62.83,11259
2007-05-30,63.37,63.75,62.37,63.06,7240
2007-05-31,64.36,66.27,64.21,64.59,10394
2007-06-01,65.89,67.11,65.74,65.89,10629
2007-06-04,66.81,69.48,66.35,69.18,10145
2007-06-05,69.18,69.18,66.19,66.88,11135
2007-06-06,67.27,67.95,64.97,65.51,9177
2007-06-07,64.59,66.42,63.14,65.74,6931
2007-06-08,64.82,68.34,64.67,67.95,8885
2007-06-11,70.32,71.47,68.79,70.7,14219
2007-06-12,70.7,70.7,70.7,70.7,0
2007-06-13,70.7,70.7,70.7,70.7,0
2007-06-14,70.7,70.7,70.7,70.7,0
2007-06-15,70.7,70.7,70.7,70.7,0
2007-06-20,70.7,70.7,70.7,70.7,0
2007-06-21,70.7,70.7,70.7,70.7,0
2007-06-22,70.7,70.7,70.7,70.7,0
2007-06-25,71.47,71.47,71.47,71.47,4429360
2007-06-26,70.7,70.7,66.5,66.5,14205
2007-06-27,63.06,64.59,61.91,63.06,12540
2007-06-28,63.06,64.21,61.15,61.72,7297
2007-06-29,62.3,63.63,62.11,62.3,5351
2007-07-02,62.68,62.87,60.58,60.96,4203109
2007-07-03,62.3,64.21,61.72,63.06,10207
2007-07-04,63.44,67.46,62.11,66.88,15296
2007-07-05,66.88,71.09,66.5,68.98,17607
2007-07-06,70.7,71.09,68.03,68.22,7137
2007-07-09,68.79,70.13,68.41,68.79,8302
2007-07-10,68.79,68.98,66.69,66.88,7313
2007-07-11,66.88,67.84,66.12,66.12,5670
2007-07-12,66.5,67.07,63.25,63.63,11567
2007-07-13,64.59,66.88,63.06,65.16,12876
2007-07-16,65.16,68.6,65.16,65.16,10188
2007-07-17,66.31,68.79,66.12,68.79,9759
2007-07-18,68.79,68.79,66.5,66.5,6103
2007-07-19,66.69,70.32,66.5,68.79,11565
2007-07-20,69.56,73.57,68.79,73.57,17615
2007-07-23,74.72,78.54,74.72,76.44,21940
2007-07-24,77.97,81.02,76.25,77.2,18384
2007-07-25,76.82,79.5,76.06,77.97,11443
2007-07-26,79.11,81.02,72.62,74.14,14927
2007-07-27,70.7,73.0,68.98,68.98,15409
2007-07-30,68.98,70.7,66.88,70.7,9615
2007-07-31,73.38,74.72,71.66,72.62,10151
2007-08-01,71.85,75.67,71.66,71.66,10151
2007-08-02,75.67,76.63,72.23,75.29,24544
2007-08-03,76.82,78.73,74.91,75.29,17374
2007-08-06,74.53,75.48,72.81,74.53,6252
2007-08-07,75.67,76.06,69.37,69.37,11398
2007-08-08,69.94,74.14,69.75,74.14,12105
2007-08-09,76.44,79.11,75.67,77.39,17887
2007-08-10,73.76,76.82,72.23,73.57,13215
2007-08-13,74.91,76.82,73.95,74.53,10679
2007-08-14,74.34,74.34,69.37,69.56,12105
2007-08-15,66.5,68.03,64.78,64.78,16363
2007-08-16,63.06,63.44,60.77,61.15,7888
2007-08-17,61.15,62.49,59.81,61.15,17031
2007-08-20,64.21,64.4,62.87,63.06,11248
2007-08-21,62.49,63.06,58.67,58.67,9993
2007-08-22,58.25,59.07,53.12,57.43,17452
2007-08-23,59.48,61.12,58.86,60.3,10393
2007-08-24,59.48,61.94,59.07,59.27,7207
2007-08-27,61.33,61.53,59.48,59.48,4457501
2007-08-28,61.53,63.58,59.89,63.58,8622
2007-08-29,62.15,65.84,61.74,65.84,10170
2007-08-30,67.48,67.68,65.02,65.63,6547
2007-08-31,67.27,67.89,65.22,66.25,6274
2007-09-03,66.66,69.73,66.25,68.91,7601
2007-09-04,69.32,70.15,66.04,68.09,7075
2007-09-05,68.91,69.32,66.04,66.45,7610
2007-09-06,66.45,67.89,65.43,67.48,5180
2007-09-07,68.09,69.94,66.86,67.27,7884
2007-09-10,65.22,66.86,65.22,66.25,4019041
2007-09-11,66.25,68.09,66.25,66.86,5337
2007-09-12,67.48,69.53,67.48,67.68,8216
2007-09-13,68.09,68.5,66.25,66.25,3483026
2007-09-14,66.45,67.07,65.84,66.86,3133544
2007-09-17,67.07,67.07,62.76,63.17,3916126
2007-09-18,63.17,63.17,63.17,63.17,0
2007-09-19,63.99,64.61,58.86,58.86,11677
2007-09-20,57.63,59.48,54.76,58.04,12726
2007-09-21,57.84,59.89,56.61,59.68,8480
2007-09-26,60.1,60.51,58.04,58.86,4589361
2007-09-27,59.48,62.76,59.07,62.15,8011
2007-09-28,62.15,62.35,60.71,60.71,5717
2007-10-01,62.76,63.58,59.27,59.68,7048
2007-10-02,60.92,61.12,58.66,59.68,10132
2007-10-03,58.66,59.27,55.79,57.02,15119
2007-10-04,56.2,56.61,54.76,56.2,12874
2007-10-05,56.2,58.25,55.79,56.61,12155
2007-10-08,56.61,56.61,52.71,52.71,17781
2007-10-09,51.28,53.33,49.43,52.71,19576
2007-10-11,52.92,53.53,52.1,52.3,9241
2007-10-12,51.69,52.71,51.28,52.1,4150901
2007-10-15,52.51,52.92,51.28,52.1,4026545
2007-10-16,52.51,55.58,52.51,55.58,14021
2007-10-17,55.58,57.63,55.38,57.43,21205
2007-10-18,59.07,59.89,58.45,59.07,15025
2007-10-19,59.07,59.07,57.43,57.43,5761
2007-10-22,54.15,55.38,53.53,53.94,9972
2007-10-23,54.97,55.38,54.56,55.38,6876
2007-10-24,55.99,56.81,54.15,54.35,7259
2007-10-25,55.17,55.99,54.56,55.58,6235
2007-10-26,55.99,56.2,54.56,54.76,4207718
2007-10-29,55.99,57.43,55.17,57.22,6882
2007-10-30,56.2,56.2,53.33,53.33,11925
2007-10-31,50.66,51.69,50.05,50.87,15496
2007-11-01,50.87,51.48,50.05,50.05,8579
2007-11-02,48.4,48.81,47.17,47.17,12409
2007-11-05,47.17,47.58,44.3,45.94,13532
2007-11-06,45.94,47.17,45.74,47.17,6244
2007-11-07,47.99,47.99,46.76,46.76,3903262
2007-11-08,45.53,45.74,43.69,44.3,9936
2007-11-09,45.12,46.15,43.69,45.74,9359
2007-11-12,43.89,45.74,43.69,44.71,6402
2007-11-13,45.33,47.79,44.92,47.79,11679
2007-11-14,48.4,49.22,47.79,48.2,13797
2007-11-15,47.99,47.99,46.56,46.97,5458
2007-11-16,45.53,48.4,45.53,47.38,7331
2007-11-19,47.79,48.2,46.15,46.15,4584001
2007-11-20,45.12,49.22,44.71,49.22,7960
2007-11-21,49.22,50.05,48.4,48.4,8326
2007-11-22,48.61,51.69,48.61,50.05,12953
2007-11-23,50.87,52.51,48.81,48.81,10807
2007-11-26,50.66,50.66,47.99,48.2,7118
2007-11-27,46.76,49.22,46.56,48.4,9262
2007-11-28,48.61,49.63,46.35,46.35,6265
2007-11-29,48.2,48.4,46.56,46.97,7015
2007-11-30,47.38,48.81,47.38,48.2,4098371
2007-12-03,48.81,51.48,48.2,50.87,12334
2007-12-04,50.87,52.1,50.46,51.28,8406
2007-12-05,51.28,52.71,50.87,51.48,7814
2007-12-06,52.1,52.71,49.22,49.63,9589
2007-12-07,50.87,50.87,49.43,49.43,4346010
2007-12-10,49.02,50.05,48.61,48.61,3191434
2007-12-11,49.22,49.43,48.2,48.81,2583592
2007-12-12,48.2,49.63,47.99,49.43,3404768
2007-12-13,49.22,49.63,46.15,46.15,7152
2007-12-14,44.51,44.51,43.07,43.07,9644
2007-12-17,41.23,41.84,40.08,40.08,14812
2007-12-18,38.64,40.94,38.07,39.87,13360
2007-12-19,40.53,42.25,40.36,41.43,9961
2007-12-20,41.84,41.84,38.56,38.56,8073
2007-12-21,37.78,38.35,36.1,38.15,28238
2007-12-24,39.38,40.82,39.34,40.82,4439277
2007-12-25,41.84,43.48,41.43,42.87,14904
2007-12-26,41.84,43.07,41.23,42.87,7478
2007-12-27,42.87,45.74,42.87,44.71,11315
2007-12-28,44.71,46.56,43.89,45.33,12322
2007-12-31,41.84,43.07,41.23,42.87,7478
2008-01-02,45.53,47.79,45.12,46.97,13422
2008-01-03,45.94,46.76,45.33,45.74,5588
2008-01-04,44.3,45.12,42.66,42.66,14464
2008-01-07,39.71,39.71,39.71,39.71,2558936
2008-01-08,38.56,38.76,36.96,36.96,18005
2008-01-09,34.87,37.94,34.87,37.66,12357
2008-01-10,38.15,39.17,37.74,37.74,8694
2008-01-11,38.64,39.26,37.82,37.94,6111
2008-01-14,39.38,39.38,36.92,38.35,7757
2008-01-15,38.97,40.98,37.74,38.31,9901
2008-01-16,36.3,39.46,36.3,38.72,9031
2008-01-17,41.02,41.43,39.91,41.43,18230
2008-01-18,41.23,44.3,40.73,44.3,19148
2008-01-21,44.3,45.12,43.28,43.69,8006
2008-01-22,40.65,41.23,40.65,40.65,5064
2008-01-23,41.02,41.43,37.82,37.82,9656
2008-01-24,40.2,40.45,36.92,40.45,12421
2008-01-25,41.02,42.66,41.02,41.84,9672
2008-01-28,41.23,41.43,38.93,39.17,9239
2008-01-29,40.57,41.02,39.63,40.2,5829
2008-01-30,40.98,42.87,40.24,42.25,13091
2008-01-31,41.02,41.02,39.3,39.3,8269
2008-02-01,36.92,38.31,36.55,36.92,21490
2008-02-12,36.92,37.57,34.33,34.33,11511
2008-02-13,33.31,35.28,32.24,32.57,16440
2008-02-14,34.58,34.83,34.13,34.83,7996
2008-02-15,34.46,37.25,33.55,36.84,24919
2008-02-18,37.74,37.94,36.06,36.1,13945
2008-02-19,37.08,37.12,35.81,37.12,10992
2008-02-20,36.84,37.12,35.48,35.69,9687
2008-02-21,36.47,37.74,36.18,36.96,13564
2008-02-22,36.71,38.11,36.67,37.57,14765
2008-02-25,38.68,38.81,37.9,38.03,15002
2008-02-26,38.27,39.13,37.57,38.03,12274
2008-02-27,38.56,39.22,38.35,38.56,11880
2008-02-29,38.56,38.76,38.03,38.48,7134
2008-03-03,38.15,38.15,36.22,36.92,7676
2008-03-04,36.92,37.86,36.71,37.29,8336
2008-03-05,37.33,38.76,37.33,38.15,15865
2008-03-06,38.31,40.04,37.33,39.87,20384
2008-03-07,39.5,40.49,39.17,39.38,13208
2008-03-10,39.63,40.36,38.76,38.76,10517
2008-03-11,38.76,39.17,37.74,38.19,9181
2008-03-12,39.79,40.36,39.17,39.26,12549
2008-03-13,39.34,40.12,38.15,38.15,7460
2008-03-14,38.97,39.05,37.74,37.86,6544
2008-03-17,36.92,37.0,36.1,36.39,5162
2008-03-18,36.71,36.92,35.93,36.06,4529327
2008-03-19,36.67,37.21,36.14,36.22,4578641
2008-03-20,36.1,37.37,35.69,37.37,5151
2008-03-21,37.86,38.44,37.74,37.78,6004
2008-03-24,39.71,39.71,37.99,38.15,6260
2008-03-25,39.26,39.58,38.56,38.56,13918
2008-03-26,38.81,39.13,37.21,37.33,7902
2008-03-27,37.12,37.7,35.89,36.51,10607
2008-03-28,36.59,37.7,36.1,36.96,6523
2008-03-31,36.96,37.66,36.96,37.16,3256827
2008-04-01,37.74,38.81,37.57,37.99,8789
2008-04-02,39.17,40.61,38.89,40.61,19776
2008-04-03,41.43,43.07,41.23,42.66,13867
2008-04-07,42.66,42.66,40.86,42.25,9228
2008-04-08,41.02,41.43,40.0,40.12,9606
2008-04-09,39.79,40.65,39.79,40.0,6269
2008-04-10,40.41,41.43,38.56,39.34,13393
2008-04-11,36.59,36.59,36.59,36.59,3398335
2008-04-14,34.05,35.03,34.05,34.7,40964
2008-04-15,32.28,34.17,32.28,33.23,32447
2008-04-16,33.43,34.46,33.43,34.25,15583
2008-04-17,34.87,34.95,33.64,33.68,13360
2008-04-18,33.72,34.17,33.72,34.05,4454285
2008-04-21,34.38,34.46,33.84,34.05,6390
2008-04-22,34.33,36.1,34.13,35.65,14607
2008-04-23,35.93,36.71,35.28,35.48,12879
2008-04-24,35.69,35.89,34.66,34.87,7810
2008-04-25,35.11,36.92,34.95,36.55,17544
2008-04-28,36.55,36.71,35.07,36.1,8331
2008-04-29,36.55,37.45,36.18,36.43,12927
2008-04-30,36.92,37.12,36.3,36.34,8176
2008-05-02,37.12,37.66,37.12,37.53,9919
2008-05-05,37.94,37.94,36.51,36.51,6361
2008-05-06,36.51,37.53,36.22,37.25,7510
2008-05-07,37.86,39.38,37.86,38.81,14298
2008-05-08,38.81,39.22,38.4,38.76,6160
2008-05-09,38.97,39.05,37.08,37.08,7831
2008-05-12,37.04,37.62,36.59,37.62,3453009
2008-05-13,37.94,38.52,37.74,38.35,4675123
2008-05-14,38.35,38.97,38.19,38.48,5330
2008-05-15,38.76,38.85,38.35,38.4,5364
2008-05-16,38.72,39.38,38.68,38.68,6751
2008-05-19,39.17,39.17,38.56,38.64,3541987
2008-05-20,38.64,39.05,37.62,37.62,5166
2008-05-21,37.66,39.5,37.66,38.93,11674
2008-05-22,38.76,39.58,37.78,38.15,7365
2008-05-23,38.27,38.72,36.02,36.1,9315
2008-05-26,36.1,36.43,34.87,34.99,5290
2008-05-27,35.48,35.77,34.99,35.56,3628822
2008-05-28,35.89,35.89,34.87,34.95,3536627
2008-05-29,35.24,35.65,34.99,35.24,2350962
2008-05-30,35.48,37.7,34.25,37.7,4619378
2008-06-02,36.51,36.88,35.89,36.22,3733881
2008-06-03,36.22,36.22,35.2,35.2,4219511
2008-06-04,35.24,35.85,35.24,35.28,3980448
2008-06-05,35.77,36.43,35.69,36.26,8719
2008-06-06,37.16,37.37,36.55,36.55,7503
2008-06-09,34.91,36.06,34.87,35.85,2694012
2008-06-10,35.89,36.18,34.7,34.7,3591301
2008-06-11,34.87,35.44,34.29,34.79,4295625
2008-06-12,34.54,34.54,32.45,32.82,7353
2008-06-13,33.23,33.23,30.68,31.75,10994
2008-06-16,32.41,32.41,31.38,31.67,4463933
2008-06-17,31.79,32.49,31.71,32.41,3124968
2008-06-18,32.32,32.73,31.83,32.12,2519271
2008-06-19,31.59,32.04,31.34,31.59,2696156
2008-06-20,31.83,32.32,31.38,31.38,3016693
2008-06-23,30.81,31.38,30.6,31.18,2895553
2008-06-24,31.18,31.54,29.25,29.94,3563428
2008-06-25,29.94,30.4,29.37,30.31,4095155
2008-06-26,30.36,31.18,29.29,29.45,4860585
2008-06-27,27.4,27.4,27.4,27.4,4653683
2008-06-30,27.03,27.07,25.51,25.51,9506
2008-07-01,25.43,26.09,24.86,24.86,7318
2008-07-02,25.43,26.58,25.35,26.25,7280
2008-07-03,25.15,28.06,25.02,28.06,8847
2008-07-04,28.06,28.8,27.57,27.57,8973
2008-07-07,28.02,28.96,27.48,28.67,5561
2008-07-08,28.14,28.22,26.7,26.7,6104
2008-07-09,27.48,28.14,26.79,26.91,6150
2008-07-10,27.07,27.44,26.09,26.62,4074786
2008-07-11,26.66,27.65,26.58,27.57,3301853
2008-07-14,26.87,29.49,26.87,28.88,13031
2008-07-15,28.22,28.47,26.87,26.87,7473
2008-07-16,27.28,28.71,27.07,28.39,15118
2008-07-17,29.53,29.74,28.71,28.71,11248
2008-07-18,28.96,29.99,28.1,28.3,14887
2008-07-21,29.37,29.82,29.17,29.37,7819
2008-07-22,29.12,30.27,29.04,29.58,7983
2008-07-23,30.36,30.81,29.86,30.19,11086
2008-07-24,30.56,31.05,30.31,30.56,7408
2008-07-25,30.07,30.27,29.7,30.27,4258104
2008-07-28,30.27,30.27,30.27,30.27,0
2008-07-29,29.7,29.86,29.17,29.45,3523763
2008-07-30,29.99,30.15,29.53,29.53,2924498
2008-07-31,30.15,30.56,29.29,29.62,6606
2008-08-01,29.08,29.08,27.57,27.57,9058
2008-08-04,27.16,28.26,26.99,28.26,4584001
2008-08-05,28.3,28.39,26.46,26.75,7770
2008-08-06,27.98,28.59,27.69,28.59,6642
2008-08-07,28.92,29.94,28.92,29.74,6725
2008-08-08,29.86,31.67,29.53,31.46,10655
2008-08-11,32.0,33.55,32.0,32.9,7417
2008-08-12,32.94,33.39,32.32,33.35,6757
2008-08-13,33.23,33.68,32.32,33.27,5748
2008-08-14,33.14,33.19,32.49,33.1,4370667
2008-08-15,33.39,33.97,32.45,32.45,4626882
2008-08-18,32.45,32.94,31.38,31.71,3757466
2008-08-19,31.18,32.0,30.97,31.46,2084026
2008-08-20,31.34,31.91,31.05,31.42,2778702
2008-08-21,31.59,32.08,30.56,30.56,5695
2008-08-22,30.95,31.48,29.12,29.6,10742
2008-08-25,28.77,28.77,27.55,27.55,13950
2008-08-26,26.86,28.03,26.64,27.99,10159
2008-08-27,27.47,28.51,27.42,28.34,8304
2008-08-28,28.42,28.9,28.08,28.08,4371150
2008-08-29,28.42,28.6,28.12,28.12,2600198
2008-09-01,27.81,28.25,26.99,27.29,3231855
2008-09-02,27.47,27.86,26.94,27.68,3625984
2008-09-03,27.73,27.77,26.99,27.03,4267100
2008-09-04,26.51,27.03,25.42,25.5,8516
2008-09-05,24.85,26.29,24.46,26.29,4153591
2008-09-08,27.47,28.03,27.03,27.86,3492506
2008-09-09,27.55,27.55,25.94,26.07,2708452
2008-09-10,26.25,26.94,25.77,25.94,2674820
2008-09-11,25.72,25.81,24.15,24.15,4681198
2008-09-12,24.15,24.33,22.54,23.15,8638
2008-09-15,23.11,23.11,21.54,21.54,5149
2008-09-16,20.14,21.3,20.05,20.71,7582
2008-09-17,22.06,22.15,21.58,22.15,6888
2008-09-18,20.93,22.63,20.93,22.37,10576
2008-09-19,23.89,23.89,23.24,23.89,7988
2008-09-22,24.54,24.98,24.11,24.33,7166
2008-09-23,23.98,24.98,23.85,24.94,4354334
2008-09-24,24.68,25.46,24.54,24.85,3515628
2008-09-25,23.98,25.07,23.8,24.46,5417
2008-09-26,24.63,24.68,22.84,22.84,3925522
2008-09-29,22.84,22.84,22.84,22.84,0
2008-09-30,21.25,23.11,21.25,23.06,4415293
2008-10-01,23.76,24.2,23.15,23.19,2198713
2008-10-02,22.67,23.5,21.67,21.8,2514016
2008-10-03,20.71,23.06,20.71,22.8,2618066
2008-10-06,21.8,22.41,21.62,21.62,1996919
2008-10-07,21.54,23.11,21.41,23.11,4772636
2008-10-08,22.58,22.89,21.58,21.67,4547720
2008-10-09,22.1,23.15,22.02,22.8,7632
2008-10-13,22.28,24.07,22.02,24.07,6456
2008-10-14,25.72,25.72,25.29,25.72,9538
2008-10-15,25.07,25.55,24.85,25.33,5812
2008-10-16,24.46,24.46,24.46,24.46,445628
2008-10-17,24.15,24.63,23.63,23.63,4207193
2008-10-20,23.11,25.24,22.84,25.24,5281
2008-10-21,25.33,25.63,24.63,24.63,5945
2008-10-22,24.02,25.46,24.02,24.07,3327497
2008-10-23,23.24,23.54,23.24,23.24,3685892
2008-10-24,22.54,22.8,22.45,22.45,1495587
2008-10-27,20.97,22.67,20.97,21.8,3196121
2008-10-28,22.23,23.28,20.27,23.19,6289
2008-10-29,24.63,24.63,22.32,22.45,7062
2008-10-30,21.01,22.63,20.88,22.02,11010
2008-10-31,20.93,21.62,20.71,21.14,6442
2008-11-03,20.99,22.1,20.99,21.89,4264998
2008-11-04,21.89,22.93,21.41,22.67,5820
2008-11-05,23.32,23.41,22.15,22.23,7075
2008-11-06,20.69,20.95,20.69,20.69,4851462
2008-11-07,19.25,19.79,19.25,19.4,7461
2008-11-10,18.75,18.96,18.31,18.31,3350620
2008-11-11,17.53,18.03,17.05,17.05,4644413
2008-11-12,17.18,17.66,16.83,17.37,3953899
2008-11-13,16.37,16.46,16.17,16.17,3363232
2008-11-14,16.57,16.61,15.06,15.06,5482
2008-11-17,14.39,14.39,14.02,14.02,3998042
2008-11-18,13.43,13.43,13.04,13.04,4043235
2008-11-19,12.64,13.93,12.51,13.93,4958665
2008-11-20,13.38,14.17,12.97,13.51,5836
2008-11-21,13.51,14.45,13.12,14.45,5922
2008-11-24,13.95,14.39,13.45,13.51,5235
2008-11-25,13.91,14.45,13.69,14.34,6934
2008-11-26,14.26,14.39,13.99,14.04,3001684
2008-11-27,14.39,15.02,14.3,14.87,5060
2008-11-28,14.52,15.19,14.43,14.87,4644413
2008-12-01,14.87,15.43,14.43,14.45,6479
2008-12-02,13.45,13.56,13.45,13.45,4748463
2008-12-03,13.34,13.38,12.53,12.58,3587097
2008-12-04,12.95,13.17,12.29,12.29,4163050
2008-12-05,12.29,12.38,11.81,12.14,2926011
2008-12-08,12.21,12.97,12.21,12.97,3889788
2008-12-09,13.25,13.69,13.08,13.28,4734800
2008-12-10,13.41,14.19,13.41,14.19,7578
2008-12-11,13.99,14.65,13.91,14.39,8072
2008-12-12,13.99,15.22,13.97,14.63,12471
2008-12-15,15.48,15.63,15.39,15.63,3602862
2008-12-16,15.87,16.04,15.19,15.59,8488
2008-12-17,16.22,16.35,15.15,15.48,8794
2008-12-18,15.78,15.78,15.04,15.17,4802064
2008-12-19,15.69,15.69,15.69,15.69,12468
2008-12-22,16.0,16.0,14.65,14.65,6766
2008-12-23,14.6,14.6,13.62,13.82,5277
2008-12-24,13.51,14.26,13.51,14.15,3607066
2008-12-25,14.15,14.39,14.08,14.32,2791482
2008-12-26,13.73,14.04,13.56,13.73,3163540
2008-12-29,13.6,13.73,13.36,13.49,1909685
2008-12-30,13.51,14.17,13.51,13.95,4551924
2008-12-31,14.17,14.17,13.73,13.8,4123112
2009-01-02,13.8,13.8,13.8,13.8,0
2009-01-05,14.3,14.76,14.23,14.76,6841
2009-01-06,15.22,15.78,15.06,15.78,17930
2009-01-07,16.13,16.78,15.96,16.13,15750
2009-01-08,15.43,15.78,15.08,15.13,7882
2009-01-09,15.48,15.78,15.13,15.22,7474
2009-01-12,15.56,15.63,15.11,15.26,4059000
2009-01-13,15.39,16.0,15.08,16.0,7906
2009-01-14,16.17,16.74,16.13,16.35,14113
2009-01-15,15.52,16.2,15.5,15.91,7815
2009-01-16,16.31,16.63,16.09,16.59,14910
2009-01-19,16.13,16.44,16.09,16.09,3360079
2009-01-20,15.85,16.28,15.85,15.91,6156
2009-01-21,15.48,15.87,15.3,15.69,5987
2009-02-02,15.69,15.69,14.6,14.6,10100
2009-02-03,14.6,15.61,14.43,15.56,12073
2009-02-04,16.31,16.63,16.0,16.26,23321
2009-02-05,16.09,16.39,15.91,15.91,6759
2009-02-06,16.39,16.65,16.04,16.13,8067
2009-02-09,16.48,16.54,16.0,16.09,8844
2009-02-10,16.09,16.24,15.74,16.04,6894
2009-02-11,15.91,16.13,15.35,16.13,18213
2009-02-12,16.13,16.13,15.02,15.02,16162
2009-02-13,15.13,16.04,15.13,16.04,16327
2009-02-16,16.13,17.0,15.91,16.52,31870
2009-02-17,16.17,16.39,15.39,15.56,16923
2009-02-18,15.72,16.57,15.39,16.09,24250
2009-02-19,16.09,17.09,15.74,16.57,46465
2009-02-20,16.31,16.57,15.69,15.78,29713
2009-02-23,15.91,16.2,15.48,16.04,14510
2009-02-24,15.69,16.35,15.61,15.87,20777
2009-02-25,16.31,16.52,16.0,16.0,21482
2009-02-26,16.35,16.48,16.13,16.44,15498
2009-02-27,16.57,17.57,16.57,17.57,38778
2009-03-02,18.01,18.2,17.18,17.59,50865
2009-03-03,17.59,18.57,16.7,18.57,42201
2009-03-04,18.22,19.38,18.22,18.44,46952
2009-03-05,19.73,19.73,19.03,19.27,34309
2009-03-06,19.1,19.55,18.83,19.4,23946
2009-03-09,19.4,19.4,18.62,18.96,15304
2009-03-10,18.96,19.57,18.86,19.4,20833
2009-03-11,19.62,20.01,18.79,18.83,22941
2009-03-12,19.01,20.05,19.01,19.73,35020
2009-03-13,20.1,20.4,19.62,19.84,24773
2009-03-16,20.49,20.77,20.19,20.4,17358
2009-03-17,20.36,20.4,19.84,20.29,13987
2009-03-18,20.36,20.73,19.84,19.99,16000
2009-03-19,20.23,20.27,19.62,19.62,12853
2009-03-20,19.84,19.97,19.44,19.79,10025
2009-03-23,20.1,20.58,19.97,20.49,13644
2009-03-24,20.84,20.93,20.14,20.36,16505
2009-03-25,20.66,21.04,20.49,20.75,17951
2009-03-26,20.75,21.71,20.58,21.21,21518
2009-03-27,21.58,21.62,20.75,20.88,11496
2009-03-30,20.88,20.88,19.44,19.57,14074
2009-03-31,19.79,20.05,19.4,19.4,11346
2009-04-02,20.1,20.19,19.31,19.62,13115
2009-04-03,19.88,20.45,19.77,20.34,14385
2009-04-06,20.42,20.66,20.05,20.08,10872
2009-04-07,20.05,20.75,20.05,20.71,10607
2009-04-08,20.4,20.86,20.27,20.51,10305
2009-04-09,20.93,21.89,20.84,21.84,23530
2009-04-10,22.23,22.32,21.23,21.58,17122
2009-04-13,21.8,21.93,21.36,21.67,13767
2009-04-14,21.67,22.54,21.38,22.23,17288
2009-04-15,22.5,23.37,22.32,22.41,22293
2009-04-16,23.11,23.15,22.41,22.41,12736
2009-04-17,22.67,22.8,20.86,20.86,16981
2009-04-20,20.86,20.93,19.84,20.42,8825
2009-04-21,20.08,21.28,20.01,21.14,11338
2009-04-22,21.14,21.8,20.97,21.49,11254
2009-04-23,21.62,22.41,20.93,22.06,15824
2009-04-24,22.67,23.54,22.58,23.11,26505
2009-04-27,23.19,23.41,21.58,21.8,11939
2009-04-28,22.02,22.67,21.58,22.15,13344
2009-04-29,22.32,22.45,21.06,21.89,15876
2009-04-30,23.11,23.41,22.63,23.41,14443
2009-05-04,25.02,25.02,24.98,25.02,8533
2009-05-05,26.77,26.77,25.77,26.72,25987
2009-05-06,26.46,28.56,26.11,28.47,17901
2009-05-07,27.86,28.12,26.51,26.99,19422
2009-05-08,26.94,28.21,26.59,27.77,13000
2009-05-11,27.64,29.69,27.6,28.56,17519
2009-05-12,28.34,28.56,27.25,28.08,9710
2009-05-13,28.08,29.04,28.08,28.77,11918
2009-05-14,27.77,29.51,27.77,28.34,11889
2009-05-15,28.95,29.47,28.77,28.99,11366
2009-05-18,29.21,29.91,29.08,29.3,9067
2009-05-19,30.08,31.35,30.08,30.52,18082
2009-05-20,30.56,30.69,29.86,30.47,9705
2009-05-21,30.3,32.04,30.08,30.65,14923
2009-05-22,29.95,31.48,29.95,31.22,17149
2009-05-25,31.39,32.04,30.08,30.08,13990
2009-05-26,30.08,30.43,27.99,27.99,13947
2009-05-27,27.99,29.12,27.38,28.38,19476
2009-06-01,28.56,28.95,28.08,28.69,11891
2009-06-02,29.43,29.65,27.03,27.51,15110
2009-06-03,26.59,27.77,26.59,26.94,17716
2009-06-04,27.34,27.68,26.77,27.07,9501
2009-06-05,27.07,27.34,26.46,26.46,8704
2009-06-08,27.42,27.42,25.72,25.98,6016
2009-06-09,26.07,26.68,25.77,26.16,9869
2009-06-10,26.59,26.94,25.02,25.11,12660
2009-06-11,25.2,26.51,25.2,26.38,8886
2009-06-12,26.51,26.81,25.29,25.37,7844
2009-06-15,25.11,25.16,23.63,23.63,8017
2009-06-16,23.41,24.15,23.37,23.59,10587
2009-06-17,23.85,24.33,23.11,23.15,7554
2009-06-18,23.8,23.98,23.11,23.37,9281
2009-06-19,23.93,24.98,23.85,24.98,12265
2009-06-22,25.72,25.9,25.11,25.72,13855
2009-06-23,25.24,25.94,25.11,25.33,6412
2009-06-24,25.63,26.29,25.33,25.72,6687
2009-06-25,25.81,26.59,25.81,26.38,7146
2009-06-26,26.72,26.81,26.25,26.25,5736
2009-06-29,26.42,26.51,25.42,25.55,5022
2009-06-30,25.94,26.77,25.81,26.59,10095
2009-07-01,26.99,28.34,26.99,28.34,17625
2009-07-02,28.56,29.3,28.08,28.08,14285
2009-07-03,27.95,29.08,27.9,28.86,12309
2009-07-06,29.08,29.34,28.69,28.69,10274
2009-07-07,29.21,30.21,28.99,29.65,17521
2009-07-08,29.95,30.13,29.38,29.91,12215
2009-07-09,30.08,30.39,29.47,29.51,7410
2009-07-10,29.69,30.08,29.56,29.73,7096
2009-07-13,29.78,29.86,27.68,27.9,10212
2009-07-14,28.42,29.65,28.25,29.65,8733
2009-07-15,30.08,31.22,29.99,30.78,18395
2009-07-16,31.65,31.78,30.43,30.56,12255
2009-07-17,31.13,31.96,30.82,31.43,16975
2009-07-20,31.83,32.04,31.35,31.35,10157
2009-07-21,31.56,31.78,30.87,31.08,9650
2009-07-22,31.08,31.74,31.08,31.43,5889
2009-07-23,31.61,31.74,31.13,31.17,5890
2009-07-24,31.56,33.35,31.52,33.35,23730
2009-07-27,33.74,35.44,32.87,34.66,26014
2009-07-28,34.88,35.71,34.66,34.88,15880
2009-07-29,35.01,35.27,34.44,34.92,11026
2009-07-30,34.88,34.92,32.96,33.96,15212
2009-07-31,34.66,34.75,33.83,34.66,9716
2009-08-03,33.87,34.35,32.7,32.78,16158
2009-08-04,32.96,33.09,30.6,30.95,18401
2009-08-05,31.08,32.22,31.04,31.52,14632
2009-08-06,31.83,31.87,31.17,31.35,7662
2009-08-07,31.35,31.35,31.35,31.35,0
2009-08-10,30.74,31.78,30.74,31.52,4053745
2009-08-11,31.52,32.61,31.52,32.61,7379
2009-08-12,32.39,32.7,32.0,32.09,6427
2009-08-13,32.52,32.92,32.39,32.65,6495
2009-08-14,33.13,33.18,32.22,32.26,5781
2009-08-17,32.04,32.04,30.69,30.74,11710
2009-08-18,30.08,30.6,29.65,30.04,6816
2009-08-19,30.43,30.47,29.86,30.04,3045827
2009-08-20,30.39,30.39,29.43,29.99,4381660
2009-08-21,30.26,30.52,28.77,28.99,6934
2009-08-24,30.01,30.15,29.74,30.01,5617
2009-08-25,30.19,31.32,29.83,30.87,9128
2009-08-26,31.23,31.27,29.33,29.83,8125
2009-08-27,29.83,30.96,29.51,30.33,6214
2009-08-28,30.46,31.55,30.28,31.55,8930
2009-08-31,31.55,31.73,30.91,31.36,6227
2009-09-01,31.36,32.85,31.36,32.85,11832
2009-09-02,32.63,33.49,32.63,32.85,9398
2009-09-03,33.08,33.85,33.03,33.4,12215
2009-09-04,34.03,34.07,33.12,33.4,10810
2009-09-07,33.49,33.85,32.81,33.08,8607
2009-09-08,33.12,34.43,32.76,34.3,17232
2009-09-09,34.75,35.2,34.07,34.07,15139
2009-09-10,34.88,34.98,33.71,34.07,11214
2009-09-11,34.3,34.57,33.85,33.94,7091
2009-09-14,33.94,34.16,33.17,33.4,5666
2009-09-15,33.62,34.16,33.53,33.98,8087
2009-09-16,34.07,34.3,33.85,33.94,6675
2009-09-17,34.21,34.57,33.53,33.62,8746
2009-09-18,33.62,34.25,33.4,33.94,8035
2009-09-21,34.21,34.25,33.49,33.49,5605
2009-09-22,33.76,33.85,33.22,33.4,5269
2009-09-23,33.62,33.67,32.49,32.54,10552
2009-09-24,32.63,32.94,31.73,32.13,8995
2009-09-25,32.18,32.58,31.95,32.13,5753
2009-09-28,32.45,32.76,32.04,32.13,7224
2009-09-29,32.76,32.76,32.27,32.31,4557845
2009-09-30,32.94,33.85,32.54,33.85,12538
2009-10-01,34.21,34.43,33.49,33.58,10023
2009-10-02,32.99,33.62,32.85,32.94,5544
2009-10-05,33.26,33.67,32.85,33.17,6752
2009-10-06,33.62,33.71,33.22,33.22,5367
2009-10-07,33.53,33.62,32.76,32.81,6788
2009-10-08,32.81,33.67,32.58,32.58,10555
2009-10-09,32.85,33.08,31.68,32.27,10712
2009-10-12,32.36,32.49,31.91,32.13,4880432
2009-10-13,32.09,32.94,31.68,32.72,9479
2009-10-14,32.99,33.26,32.76,32.99,7886
2009-10-15,33.4,34.3,33.22,33.71,26126
2009-10-16,34.21,34.57,33.94,33.94,13440
2009-10-19,34.12,34.25,33.76,33.98,5812
2009-10-20,34.12,34.61,34.03,34.16,11971
2009-10-21,34.3,34.39,33.49,33.62,6696
2009-10-22,33.4,33.85,32.67,32.85,9118
2009-10-23,33.03,33.17,32.63,32.81,4546398
2009-10-26,32.81,33.08,32.31,32.49,4166578
2009-10-27,32.49,33.31,32.31,33.22,5558
2009-10-28,33.03,33.31,32.45,32.58,4297694
2009-10-29,32.04,32.67,31.41,32.67,7179
2009-10-30,32.67,32.9,31.86,31.86,9320
2009-11-02,31.14,32.63,31.14,32.45,6880
2009-11-03,32.49,32.58,32.13,32.22,2726382
2009-11-04,32.49,33.12,32.4,32.99,4687921
2009-11-05,33.17,33.58,32.63,32.63,6146
2009-11-06,32.94,33.08,32.49,32.49,3673332
2009-11-09,32.49,32.76,32.22,32.45,2930340
2009-11-10,32.81,32.85,32.58,32.72,3202979
2009-11-11,32.9,33.53,32.85,33.44,7830
2009-11-12,33.62,33.98,33.44,33.44,6366
2009-11-13,33.4,33.8,33.26,33.49,4190512
2009-11-16,33.8,33.94,33.49,33.94,6002
2009-11-17,34.3,34.3,33.58,33.98,9667
2009-11-18,34.3,36.33,34.12,35.88,32129
2009-11-19,36.1,38.36,36.1,38.31,46064
2009-11-20,38.31,39.04,37.68,38.36,22405
2009-11-23,38.77,40.57,37.95,39.94,17794
2009-11-24,40.07,40.21,39.04,39.04,11209
2009-11-25,39.13,40.03,39.08,39.08,12728
2009-11-26,39.22,39.44,38.04,38.22,8795
2009-11-27,37.91,38.99,37.82,37.82,17392
2009-11-30,38.72,40.44,38.63,40.44,17768
2009-12-01,40.75,41.47,39.94,39.94,23929
2009-12-02,40.62,41.16,39.53,39.67,13912
2009-12-03,40.16,40.62,39.71,39.71,9248
2009-12-04,39.71,40.16,39.08,39.22,6834
2009-12-07,39.62,40.12,39.44,39.71,6268
2009-12-08,40.16,40.44,39.62,39.62,7945
2009-12-09,39.62,39.98,38.77,39.04,8192
2009-12-10,39.17,40.16,38.13,38.31,13004
2009-12-11,38.72,40.44,38.36,39.71,10615
2009-12-14,40.12,41.52,40.12,40.98,18345
2009-12-15,41.11,41.29,40.57,40.66,7978
2009-12-16,40.71,40.84,39.89,40.07,5791
2009-12-17,40.3,40.89,39.26,39.26,8243
2009-12-18,39.26,40.35,39.17,40.21,5004
2009-12-21,40.62,41.43,40.26,40.66,8023
2009-12-22,40.66,41.16,40.44,40.75,5559
2009-12-23,41.02,41.02,40.44,40.75,4295613
2009-12-24,40.98,43.59,40.8,43.23,18360
2009-12-25,43.05,43.23,42.06,42.29,8607
2009-12-28,42.29,42.78,41.88,42.47,7866
2009-12-29,42.69,43.55,41.65,41.83,11856
2009-12-30,42.15,42.87,41.97,42.33,6923
2009-12-31,42.51,43.05,42.29,42.65,5539
2010-01-04,42.65,42.87,42.11,42.2,3528688
2010-01-05,42.38,42.65,40.89,41.07,5752
2010-01-06,41.07,41.47,40.35,40.93,7689
2010-01-07,40.93,41.43,40.53,40.57,5929
2010-01-08,40.62,40.98,40.21,40.84,4506855
2010-01-11,41.43,43.05,41.2,42.65,13251
2010-01-12,42.56,42.83,42.24,42.42,7403
2010-01-13,42.33,43.01,42.02,42.02,5527
2010-01-14,42.11,42.69,42.02,42.56,5647
2010-01-15,42.6,44.68,42.6,43.55,13987
2010-01-18,43.55,45.35,43.55,45.13,13731
2010-01-19,45.13,45.35,43.32,43.32,8319
2010-01-20,43.32,43.55,42.33,42.74,7941
2010-01-21,42.74,43.05,41.97,41.97,5845
2010-01-22,41.7,42.2,40.39,40.48,9296
2010-01-25,40.39,41.29,40.21,40.21,4118710
2010-01-26,40.39,40.66,37.41,37.68,9896
2010-01-27,37.91,39.08,37.68,38.45,5642
2010-01-28,39.08,39.94,37.91,39.31,8147
2010-01-29,38.45,40.03,38.18,39.62,5745
2010-02-01,39.71,39.8,37.95,37.95,7209
2010-02-02,38.99,38.99,37.46,37.82,4983452
2010-02-03,38.81,39.4,38.4,39.08,11096
2010-02-04,38.99,38.99,38.13,38.63,5084
2010-02-05,37.23,37.37,35.97,36.24,11740
2010-02-08,37.37,38.63,37.19,38.0,8215
2010-02-09,38.09,39.22,38.04,38.99,5620
2010-02-10,39.53,39.94,39.22,39.35,6771
2010-02-22,40.62,40.8,39.71,39.98,5707
2010-02-23,40.16,40.53,39.71,40.39,3031279
2010-02-24,39.94,40.53,39.94,39.94,2642093
2010-02-25,40.48,40.48,38.59,38.86,4444419
2010-02-26,39.04,39.4,37.68,37.91,5872
2010-03-01,37.91,39.85,37.59,39.13,6425
2010-03-02,39.71,40.03,39.26,39.31,4319547
2010-03-03,39.49,39.62,38.81,39.22,2277882
2010-03-04,39.4,39.62,38.4,38.72,2814833
2010-03-05,39.4,39.44,38.68,38.95,3342420
2010-03-08,39.35,39.62,39.17,39.44,2906406
2010-03-09,39.44,40.39,39.44,39.71,5902
2010-03-10,40.07,40.3,39.26,39.26,3345541
2010-03-11,39.35,39.8,39.22,39.26,4081248
2010-03-12,39.26,39.49,38.27,38.77,5180
2010-03-15,38.68,39.04,38.36,38.36,3001101
2010-03-16,38.27,38.68,38.13,38.22,2359049
2010-03-17,38.54,38.95,38.31,38.81,4414242
2010-03-18,38.36,38.36,37.68,38.27,14464
2010-03-19,38.27,38.31,37.82,37.95,10690
2010-03-22,37.86,38.5,37.86,38.04,7135
2010-03-23,38.13,38.36,37.5,37.5,9164
2010-03-24,37.68,38.27,37.64,37.95,5910
2010-03-25,37.91,38.5,37.73,38.13,2907447
2010-03-26,38.13,38.22,37.68,37.82,6070
2010-03-29,37.91,38.68,37.82,38.13,6969
2010-03-30,38.45,38.72,38.18,38.18,8416
2010-03-31,38.45,39.49,38.27,38.68,9344
2010-04-01,38.9,39.44,38.86,38.86,8380
2010-04-02,39.22,40.57,39.04,40.16,15066
2010-04-06,40.44,40.93,40.03,40.16,9027
2010-04-07,40.62,40.62,39.67,39.71,6742
2010-04-08,39.76,39.76,38.22,38.54,8546
2010-04-09,38.36,38.99,38.27,38.9,4330993
2010-04-12,39.13,39.13,38.81,38.99,3170720
2010-04-13,38.81,38.81,37.91,38.13,3188410
2010-04-14,38.54,38.54,37.86,38.27,3140542
2010-04-15,38.81,39.35,38.63,39.04,7170
2010-04-16,39.04,39.04,38.27,38.36,3656682
2010-04-19,37.73,38.18,36.6,37.01,5135
2010-04-20,37.19,37.5,36.92,37.32,3535972
2010-04-21,37.86,38.68,37.86,38.09,7957
2010-04-22,37.82,38.4,37.59,38.09,4859620
2010-04-23,38.59,38.59,38.18,38.36,4306019
2010-04-26,38.59,38.86,38.31,38.5,4041705
2010-04-27,38.54,39.04,38.5,38.54,4103101
2010-04-28,37.5,38.31,37.5,38.27,2783615
2010-04-29,38.72,39.44,38.63,39.31,7945
2010-04-30,39.4,39.53,38.68,38.68,8632
2010-05-03,38.5,38.5,37.05,37.46,8268
2010-05-04,37.5,37.82,36.83,37.05,5904
2010-05-05,36.1,36.33,35.25,35.29,9935
2010-05-06,35.29,35.65,33.67,33.94,6826
2010-05-07,32.94,35.43,32.72,34.7,8583
2010-05-10,34.93,34.93,34.12,34.57,3728484
2010-05-11,34.57,35.2,33.85,33.85,6433
2010-05-12,33.94,34.25,33.49,33.53,2647296
2010-05-13,33.94,34.61,33.94,34.34,4823199
2010-05-14,34.57,35.02,34.3,34.66,3392369
2010-05-17,34.21,34.3,33.53,33.71,3067700
2010-05-18,33.4,34.03,33.08,33.4,3006304
2010-05-19,33.17,33.44,32.81,33.17,4693124
2010-05-20,33.26,33.4,31.82,32.0,5909
2010-05-21,31.14,31.86,31.05,31.86,5848
2010-05-24,32.09,32.76,32.09,32.49,2428769
2010-05-25,32.09,32.49,30.96,31.55,3629626
2010-05-26,32.4,32.45,31.59,31.59,4288329
2010-05-27,31.86,33.8,31.68,33.8,5056
2010-05-28,34.39,35.11,34.3,34.3,6507
2010-05-31,34.3,35.16,34.03,34.98,4154091
2010-06-01,34.88,35.2,34.3,34.3,4364293
2010-06-02,34.3,34.66,33.62,33.62,3608814
2010-06-03,34.61,34.61,33.94,34.43,2505774
2010-06-04,34.52,34.88,34.21,34.21,2009406
2010-06-07,33.12,34.75,32.85,34.34,4745154
2010-06-08,34.3,34.61,33.76,33.8,3735768
2010-06-09,33.62,33.8,32.27,32.31,4559926
2010-06-10,32.81,32.81,31.59,32.81,6301
2010-06-11,33.31,33.44,32.31,32.76,8133
2010-06-14,32.76,32.9,32.31,32.72,4979290
2010-06-15,32.76,33.62,32.72,32.94,6419
2010-06-17,32.49,32.54,32.04,32.49,9639
2010-06-18,32.45,32.54,31.86,32.27,6371
2010-06-21,32.63,32.67,32.31,32.49,4233177
2010-06-22,32.67,33.26,32.49,33.22,5960
2010-06-23,33.22,33.44,32.85,33.22,4415282
2010-06-24,33.22,33.44,32.99,33.12,2490165
2010-06-25,32.9,32.94,32.36,32.36,4393430
2010-06-28,32.58,32.85,32.04,32.22,3216506
2010-06-29,32.58,32.76,32.18,32.22,4648378
2010-06-30,31.68,32.18,31.59,32.09,4189471
2010-07-01,32.09,32.09,31.82,31.95,713854
2010-07-02,31.91,32.36,31.73,32.31,2157172
2010-07-05,32.31,32.67,32.22,32.67,3333054
2010-07-06,32.31,33.26,32.27,33.26,4278963
2010-07-07,33.26,33.26,32.72,32.72,2240420
2010-07-08,33.12,33.53,32.99,33.03,4308100
2010-07-09,33.53,35.34,33.31,35.34,15319
2010-07-12,35.56,36.28,35.16,35.16,9920
2010-07-13,35.74,36.15,34.93,34.93,7183
2010-07-14,35.83,36.33,35.47,36.19,9753
2010-07-15,36.19,36.42,35.56,35.65,6436
2010-07-16,35.74,36.06,35.07,35.29,5124
2010-07-19,35.16,35.25,34.75,35.2,2916813
2010-07-20,35.43,36.33,35.2,35.92,5166
2010-07-21,36.1,36.28,35.25,35.38,4191552
2010-07-22,35.38,35.56,34.88,34.88,4260232
2010-07-23,35.47,35.56,35.11,35.38,2845011
2010-07-26,35.83,35.83,35.56,35.7,4219649
2010-07-27,35.79,35.97,35.02,35.02,3887696
2010-07-28,35.02,35.29,34.93,35.11,2837727
2010-07-29,34.52,34.52,32.67,32.72,17156
2010-07-30,32.67,33.12,32.31,32.99,5097
2010-08-02,33.26,33.31,32.76,33.17,4395511
2010-08-03,33.76,33.76,32.94,32.99,4172822
2010-08-04,33.35,33.35,32.9,33.08,1976107
2010-08-05,33.08,33.26,32.49,32.58,3575515
2010-08-06,32.45,33.12,32.4,32.85,2677474
2010-08-09,32.85,33.22,32.85,33.03,1655600
2010-08-10,33.26,33.26,32.85,32.94,2656662
2010-08-11,32.72,33.12,32.63,33.03,1694103
2010-08-12,32.81,33.49,32.81,33.22,2624403
2010-08-13,33.35,33.58,33.26,33.4,2288288
2010-08-16,33.53,33.58,33.4,33.44,1447480
2010-08-17,33.49,33.58,33.03,33.03,2036462
2010-08-18,33.17,33.4,33.12,33.4,1975066
2010-08-19,33.17,33.53,33.12,33.53,2142603
2010-08-20,33.44,33.49,33.26,33.44,1597327
2010-08-23,33.35,33.4,33.08,33.08,4221730
2010-08-24,33.56,33.61,32.98,33.08,5791
2010-08-25,32.79,32.84,32.21,32.21,4925869
2010-08-26,32.17,32.5,32.07,32.21,2078117
2010-08-27,32.26,32.31,31.59,31.97,2078117
2010-08-30,32.17,32.17,31.49,31.54,2542782
2010-08-31,31.3,31.35,29.86,30.44,5615
2010-09-01,30.44,31.06,30.24,30.29,3231023
2010-09-02,30.77,31.01,30.53,30.53,3733810
2010-09-03,31.06,32.65,31.06,32.65,4886717
2010-09-06,32.98,33.95,32.98,33.18,9858
2010-09-07,33.42,33.51,32.79,32.89,2606661
2010-09-08,32.45,32.89,32.45,32.89,2281086
2010-09-09,32.89,33.13,32.41,32.74,1799935
2010-09-10,33.27,33.42,32.94,33.08,2205874
2010-09-13,33.18,33.42,33.08,33.27,1527936
2010-09-14,33.42,34.14,33.37,33.51,3870840
2010-09-15,33.85,35.68,33.8,35.48,11981
2010-09-16,36.06,36.25,35.29,35.58,9250
2010-09-17,36.06,36.49,35.53,35.53,9500
2010-09-20,35.48,35.53,34.76,34.86,5135
2010-09-21,35.2,35.48,35.0,35.1,3820356
2010-09-23,35.63,36.4,35.58,35.58,7226
2010-09-24,35.58,36.06,34.76,34.81,7754
2010-09-27,35.29,35.34,34.86,34.95,3063084
2010-09-28,34.19,34.47,33.8,34.38,5977
2010-09-29,34.52,34.71,34.23,34.52,3639023
2010-09-30,34.76,35.15,34.38,34.71,3466962
2010-10-01,34.91,35.1,34.57,34.67,2467570
2010-10-04,34.81,34.95,33.99,34.04,3483447
2010-10-05,33.66,33.85,32.79,33.85,6643
2010-10-06,34.23,34.23,33.9,34.19,2941509
2010-10-07,33.9,34.52,33.8,34.04,1977147
2010-10-08,34.04,34.04,33.03,33.22,4501385
2010-10-11,33.22,33.42,32.84,33.08,4215991
2010-10-12,33.08,33.51,32.65,33.18,4099567
2010-10-13,33.27,33.51,32.84,33.08,2982721
2010-10-14,33.42,33.42,33.08,33.22,1752542
2010-10-15,33.32,33.46,32.94,33.03,2229571
2010-10-18,33.03,33.42,32.74,33.03,2624176
2010-10-19,32.94,33.18,32.6,32.69,2883812
2010-10-20,32.79,34.71,32.79,34.57,8565
2010-10-21,34.62,35.48,34.62,34.86,9351
2010-10-22,35.1,35.24,34.43,34.81,3785325
2010-10-25,35.05,35.05,34.47,34.76,3676113
2010-10-26,35.0,35.48,34.57,34.57,5690
2010-10-27,34.86,35.24,34.09,34.14,4912475
2010-10-28,34.62,35.34,34.28,35.2,7885
2010-10-29,35.1,35.24,34.86,34.91,3405144
2010-11-01,34.95,35.44,34.91,35.05,3788416
2010-11-02,35.0,35.1,34.38,34.38,3168175
2010-11-03,34.14,34.14,32.6,33.18,10152
2010-11-04,33.03,33.61,32.79,32.98,4876414
2010-11-05,33.42,34.33,32.94,34.23,6785
2010-11-08,34.14,34.14,33.18,33.22,2994054
2010-11-09,33.08,33.7,33.03,33.51,1434178
2010-11-10,33.51,33.75,32.98,33.51,2317146
2010-11-11,33.18,33.9,33.18,33.22,4215991
2010-11-12,33.08,33.18,32.79,32.84,2198662
2010-11-15,32.79,33.42,32.69,33.08,1922541
2010-11-16,33.32,33.9,33.08,33.08,3136236
2010-11-17,32.94,33.13,32.65,32.79,3383508
2010-11-18,32.98,33.37,32.74,33.08,2456237
2010-11-19,33.27,33.32,32.94,33.13,3489629
2010-11-22,33.22,33.27,32.94,33.18,1444482
2010-11-23,33.32,33.56,33.08,33.08,2598419
2010-11-24,32.94,33.27,32.79,32.79,2218238
2010-11-25,32.94,33.32,32.84,33.27,3186720
2010-11-26,33.42,34.04,33.27,33.42,7235
2010-11-29,33.66,33.95,33.27,33.7,3235145
2010-11-30,34.38,34.76,34.19,34.28,8048
2010-12-01,34.62,35.24,34.28,34.38,7983
2010-12-02,34.86,34.95,34.14,34.14,5071
2010-12-03,34.23,35.0,34.19,34.86,10534
2010-12-06,35.05,35.34,34.43,34.43,5974
2010-12-07,34.43,34.86,34.43,34.62,3855386
2010-12-08,34.71,35.1,34.67,34.71,4608536
2010-12-09,34.95,35.1,34.43,34.47,3390720
2010-12-10,34.43,34.57,33.99,34.38,4253082
2010-12-13,34.43,34.71,34.38,34.47,2132723
2010-12-14,34.62,34.76,34.14,34.14,2413995
2010-12-15,34.23,34.43,33.95,34.23,2064723
2010-12-16,34.19,34.43,34.09,34.09,1696905
2010-12-17,34.14,34.52,34.14,34.19,1810238
2010-12-20,34.47,35.29,34.33,34.86,7590
2010-12-21,35.1,35.29,34.81,34.81,4323142
2010-12-22,35.1,35.53,34.57,35.1,8822
2010-12-23,35.34,35.72,34.86,35.34,6454
2010-12-24,35.58,35.68,34.62,34.67,4164476
2010-12-27,34.67,34.81,34.19,34.23,2803449
2010-12-28,34.33,34.67,34.04,34.09,1766966
2010-12-29,34.14,34.28,33.22,33.27,3249569
2010-12-30,33.37,33.51,32.94,33.03,3219690
2010-12-31,33.08,33.56,33.08,33.46,1839087
2011-01-03,33.51,33.85,32.98,32.98,2985812
2011-01-04,33.18,33.61,33.08,33.42,2405752
2011-01-05,33.75,34.09,33.51,33.85,4718778
2011-01-06,34.23,34.23,33.75,33.9,4464294
2011-01-07,34.09,34.14,33.18,33.27,2442843
2011-01-10,33.27,33.51,32.94,33.18,1456845
2011-01-11,33.27,33.66,33.13,33.37,1572239
2011-01-12,33.66,33.95,33.18,33.22,2748843
2011-01-13,33.66,33.75,33.27,33.27,1743269
2011-01-14,33.56,33.56,33.18,33.32,1072543
2011-01-17,33.56,33.61,33.03,33.08,2645812
2011-01-18,33.08,33.42,33.03,33.18,1442421
2011-01-19,33.46,33.51,33.03,33.18,1891632
2011-01-20,33.37,33.75,33.22,33.37,2897206
2011-01-21,33.27,33.37,33.03,33.37,3701871
2011-01-24,33.37,33.51,33.03,33.08,1363088
2011-01-25,33.22,33.32,32.84,32.84,1888541
2011-01-26,33.03,33.27,32.84,33.03,1710299
2011-01-27,33.27,33.75,33.18,33.27,3865689
2011-01-28,33.32,33.42,32.84,32.89,3186720
2011-02-08,33.13,33.22,31.2,31.59,7583
2011-02-09,31.54,31.59,30.05,30.05,6902
2011-02-10,29.81,30.39,29.62,29.95,4414839
2011-02-11,30.15,30.68,29.33,29.33,5737
2011-02-14,29.57,29.86,29.33,29.33,3439144
2011-02-15,29.33,29.71,29.09,29.47,1983329
2011-02-16,29.47,29.57,29.19,29.28,2598419
2011-02-17,29.33,29.52,27.89,28.37,8567
2011-02-18,28.66,28.94,28.37,28.46,3726598
2011-02-21,28.56,28.85,28.03,28.85,3328902
2011-02-22,28.85,28.85,27.65,27.74,5739
2011-02-23,27.74,28.37,27.65,27.79,3847143
2011-02-24,27.93,28.13,27.26,27.31,3607083
2011-02-25,27.41,27.98,27.17,27.98,5006
2011-03-01,28.08,28.32,27.98,27.98,2681873
2011-03-02,27.98,28.66,27.84,27.98,5190
2011-03-03,28.13,28.61,28.13,28.13,3875992
2011-03-04,28.27,28.51,27.79,27.79,2886903
2011-03-07,27.79,27.93,27.21,27.21,2425328
2011-03-08,27.21,27.89,27.21,27.55,3240296
2011-03-09,27.89,28.37,27.65,27.93,6882
2011-03-10,27.98,28.03,27.55,27.74,2826115
2011-03-11,27.45,28.22,27.36,27.93,2911630
2011-03-14,27.55,27.69,26.64,26.78,3767810
2011-03-15,26.54,26.88,24.95,25.0,7992
2011-03-16,25.34,25.72,25.15,25.34,4175809
2011-03-17,24.04,24.86,23.61,24.81,5901
2011-03-18,25.24,25.48,24.91,25.39,3528780
2011-03-21,25.39,25.63,25.15,25.63,1504239
2011-03-22,25.96,26.4,25.87,26.4,3054842
2011-03-23,26.2,26.35,26.06,26.11,1799935
2011-03-24,26.2,26.44,26.11,26.16,1693814
2011-03-25,26.3,26.35,25.63,25.77,3126963
2011-03-28,25.87,25.87,25.19,25.24,2088420
2011-03-29,25.15,25.53,25.0,25.1,2429449
2011-03-30,25.34,25.43,24.91,25.1,3092963
2011-03-31,25.39,25.39,25.1,25.39,1776238
2011-04-01,25.39,25.87,25.24,25.87,1928723
2011-04-06,25.92,26.35,25.87,26.16,3040418
2011-04-07,26.35,26.54,26.16,26.44,1797875
2011-04-08,26.44,26.49,26.01,26.2,2295510
2011-04-11,26.2,26.25,25.68,25.77,1635087
2011-04-12,25.96,25.96,25.39,25.53,823210
2011-04-13,25.53,25.82,25.39,25.77,922119
2011-04-14,25.92,26.3,25.92,26.16,2365571
2011-04-15,26.2,27.5,26.2,27.07,7726
2011-04-18,27.36,28.66,27.21,28.18,11504
2011-04-19,28.08,28.08,27.26,27.55,4503445
2011-04-20,27.98,29.19,27.69,29.19,11577
2011-04-21,29.38,29.47,28.7,28.85,9496
2011-04-22,28.85,29.76,28.75,29.33,6744
2011-04-25,29.33,29.38,28.46,28.51,4329324
2011-04-26,28.42,28.85,28.08,28.61,4546718
2011-04-27,28.61,28.61,27.65,27.74,7457
2011-04-28,28.18,28.94,28.13,28.61,7907
2011-04-29,28.7,28.75,27.41,27.41,5100
2011-05-03,27.45,28.18,27.41,28.13,4648718
2011-05-04,27.65,28.18,27.65,28.18,2877630
2011-05-05,28.13,28.9,27.98,28.8,5812
2011-05-06,28.8,29.52,28.56,28.56,5171
2011-05-09,28.75,29.04,28.56,28.7,2399571
2011-05-10,28.94,29.43,28.51,28.51,3442235
2011-05-11,28.85,28.99,28.37,28.42,2060602
2011-05-12,28.42,29.09,28.42,28.8,3626659
2011-05-13,28.94,30.77,28.9,30.77,15940
2011-05-16,31.01,31.44,30.77,30.77,14247
2011-05-17,31.16,31.49,30.63,30.77,6754
2011-05-18,31.06,31.25,30.48,30.92,4407627
2011-05-19,31.2,31.35,30.05,30.1,5344
2011-05-20,30.24,30.29,29.57,29.67,4085143
2011-05-23,29.47,30.15,29.38,29.81,3628720
2011-05-24,29.81,30.58,29.81,30.29,4854778
2011-05-25,30.29,30.29,29.57,29.57,2965206
2011-05-26,30.29,30.29,29.67,29.71,2426358
2011-05-27,29.95,30.77,29.86,30.05,5172
2011-05-30,30.29,30.48,30.15,30.29,1912238
2011-05-31,30.72,30.92,30.34,30.92,3955325
2011-06-01,31.06,31.97,30.96,31.11,9886
2011-06-02,31.01,31.3,30.77,30.77,3337144
2011-06-03,31.11,31.25,30.87,30.87,1875147
2011-06-07,31.25,31.25,30.72,30.72,3335084
2011-06-08,31.16,31.4,30.92,31.01,3850234
2011-06-09,31.2,31.2,30.39,30.44,3138296
2011-06-10,30.77,30.96,29.52,29.57,3794598
2011-06-13,29.47,29.91,28.32,28.51,5660
2011-06-14,28.61,28.94,28.51,28.9,2957994
2011-06-15,29.09,29.19,28.8,28.99,3160963
2011-06-16,28.27,28.7,26.97,27.12,7288
2011-06-17,27.55,27.55,26.35,26.44,5229
2011-06-20,26.59,26.78,25.05,25.63,3581326
2011-06-21,26.01,26.3,25.72,26.2,3939871
2011-06-22,26.54,26.64,26.01,26.25,2617994
2011-06-23,26.2,26.25,25.53,25.72,2125510
2011-06-24,25.96,26.59,25.63,26.59,3031145
2011-06-27,26.25,27.02,26.16,26.68,2773570
2011-06-28,26.93,27.02,26.25,26.25,2090480
2011-06-29,26.49,26.78,26.3,26.59,2007026
2011-06-30,26.73,26.73,26.35,26.64,1556784
2011-07-01,26.73,27.17,25.87,25.92,3982113
2011-07-04,25.96,26.35,25.96,26.16,2954903
2011-07-05,26.16,26.44,26.11,26.35,1622724
2011-07-06,26.35,26.44,25.87,25.87,2240904
2011-07-07,25.87,26.16,25.68,25.92,1711329
2011-07-08,26.16,26.97,26.01,26.73,4400415
2011-07-11,26.83,27.17,26.3,26.35,3213508
2011-07-12,25.96,26.16,24.62,24.62,4841384
2011-07-13,24.67,25.05,23.42,23.66,4958838
2011-07-14,23.8,24.38,23.42,23.9,5552
2011-07-15,23.99,24.43,23.82,23.97,5725
2011-07-18,24.04,24.14,22.89,23.08,5267
2011-07-19,23.08,24.67,23.08,24.67,6494
2011-07-20,25.19,25.68,25.0,25.58,9453
2011-07-21,25.58,25.72,25.29,25.58,2700418
2011-07-22,25.82,26.06,25.53,25.53,2531449
2011-07-25,25.53,25.53,25.0,25.05,1899875
2011-07-26,25.1,25.58,25.1,25.39,1801996
2011-07-27,25.48,26.68,25.48,26.3,4581748
2011-07-28,25.96,26.68,25.82,26.54,2813752
2011-07-29,26.4,26.59,25.29,25.29,3513326
2011-08-01,25.72,25.72,24.76,25.53,4054234
2011-08-02,25.53,25.96,25.19,25.96,1903996
2011-08-03,25.24,25.72,24.86,25.72,2011147
2011-08-04,26.11,26.3,25.43,25.43,2511873
2011-08-05,23.66,24.04,23.66,23.66,4416900
2011-08-08,22.6,23.46,22.02,22.02,4907323
2011-08-09,20.48,21.66,20.48,21.25,6859
2011-08-10,21.83,22.02,21.49,21.59,4898050
2011-08-11,20.67,22.17,20.67,22.17,3923386
2011-08-12,22.41,23.13,22.24,22.24,5549
2011-08-15,22.48,22.98,22.48,22.77,2988903
2011-08-16,23.08,23.08,22.5,22.53,1775208
2011-08-17,22.53,22.62,22.17,22.26,2068844
2011-08-18,22.14,22.26,21.16,21.16,2781812
2011-08-19,19.71,19.95,19.69,19.69,5047
2011-08-22,18.94,20.48,18.94,19.76,2254298
2011-08-23,19.95,21.13,19.95,21.13,3804901
2011-08-24,21.38,21.9,21.38,21.41,5018
2011-08-25,21.82,21.82,21.05,21.05,2725707
2011-08-26,21.38,21.87,21.15,21.87,2300325
2011-08-29,22.15,22.64,22.15,22.51,3531586
2011-08-30,22.67,23.65,22.36,23.11,6234
2011-08-31,23.18,23.34,22.85,23.31,3554028
2011-09-01,23.65,23.78,22.88,22.88,3199033
2011-09-02,22.77,23.93,22.72,23.93,5061
2011-09-05,23.34,23.91,22.93,23.67,4480279
2011-09-06,23.67,23.67,22.67,22.67,3436716
2011-09-07,23.24,23.83,23.03,23.8,2681842
2011-09-08,23.96,24.16,23.47,23.55,3072541
2011-09-09,23.6,24.58,23.47,24.11,3622375
2011-09-13,23.65,24.11,23.6,23.7,2291144
2011-09-14,24.11,24.32,22.46,22.93,5681
2011-09-15,23.7,24.52,23.44,24.52,7452
2011-09-16,24.88,25.92,24.78,25.66,11228
2011-09-19,25.66,25.86,25.35,25.35,3348988
2011-09-20,25.86,27.1,25.76,27.1,8948
2011-09-21,27.41,27.77,26.95,27.0,10374
2011-09-22,26.33,27.31,26.33,27.31,5492
2011-09-23,26.53,26.53,25.4,25.4,9740
2011-09-26,23.8,23.8,23.7,23.7,2775692
2011-09-27,24.68,25.35,24.52,25.35,5213
2011-09-28,25.86,25.86,24.83,25.35,4196691
2011-09-29,24.99,27.05,24.94,26.48,7065
2011-09-30,26.59,26.89,26.17,26.74,6550
2011-10-03,26.28,26.28,25.61,26.07,6017
2011-10-04,25.66,26.84,25.66,26.79,7037
2011-10-05,27.0,27.72,26.38,27.05,9886
2011-10-06,27.41,27.72,25.92,26.02,13702
2011-10-07,26.02,26.02,25.86,25.86,2199335
2011-10-11,26.38,26.43,26.02,26.02,3596872
2011-10-12,26.17,26.79,26.17,26.53,5576
2011-10-13,26.69,27.05,26.17,26.38,4765907
2011-10-14,26.64,26.95,26.28,26.28,3715204
2011-10-17,26.53,26.64,26.12,26.22,3411214
2011-10-18,25.81,26.07,25.55,25.76,5449
2011-10-19,26.02,26.43,25.61,25.61,3984510
2011-10-20,25.76,26.17,25.71,25.71,3542807
2011-10-21,25.66,25.86,25.09,25.58,2903204
2011-10-24,26.22,26.48,26.07,26.17,3487721
2011-10-25,26.48,26.48,25.97,25.97,1770893
2011-10-26,25.81,26.95,25.76,26.74,7610
2011-10-27,26.74,26.79,26.33,26.53,3430596
2011-10-28,26.89,27.0,26.28,26.28,5189
2011-10-31,26.28,26.64,25.97,26.12,2248300
2011-11-01,26.12,26.74,26.02,26.28,2841998
2011-11-02,25.92,27.31,25.86,27.31,10517
2011-11-03,27.46,27.82,26.33,26.33,8857
2011-11-04,27.0,27.15,26.33,26.33,6408
2011-11-07,26.02,26.53,25.66,26.43,5374
2011-11-08,26.53,26.79,26.12,26.12,2939928
2011-11-09,26.33,26.59,26.12,26.17,2057541
2011-11-10,25.76,25.97,25.09,25.32,4005932
2011-11-11,25.5,25.53,24.83,25.12,3419375
2011-11-14,25.43,25.92,25.4,25.76,2146290
2011-11-15,25.92,26.02,25.4,25.45,1072125
2011-11-16,25.68,25.86,25.25,25.25,1808637
2011-11-17,25.25,25.71,24.99,25.5,1747431
2011-11-18,25.09,25.3,24.96,24.96,2138129
2011-11-21,24.73,24.94,23.24,23.24,3430596
2011-11-22,22.82,22.95,21.61,21.77,7213
2011-11-23,21.74,22.28,21.46,21.46,3723365
2011-11-24,20.61,22.05,20.61,21.66,3034797
2011-11-25,21.9,22.1,20.97,21.02,2195255
2011-11-28,21.38,21.85,21.38,21.82,1730089
2011-11-29,21.82,22.15,21.69,21.82,2046320
2011-11-30,22.08,22.82,21.9,22.57,5978
2011-12-01,24.06,24.14,23.55,24.14,4346646
2011-12-02,24.03,24.03,23.6,23.78,1535250
2011-12-05,23.85,23.85,23.34,23.47,968074
2011-12-06,23.47,23.67,22.28,22.31,2461501
2011-12-07,22.67,22.85,21.9,22.41,2562491
2011-12-08,22.41,22.41,21.79,22.26,1501587
2011-12-09,21.64,22.62,21.43,22.57,2056521
2011-12-12,22.93,23.03,22.46,22.49,973175
2011-12-13,22.15,22.77,22.15,22.62,1185356
2011-12-14,22.49,22.88,22.44,22.88,1225140
2011-12-15,22.88,22.88,22.05,22.1,1798436
2011-12-16,22.26,22.31,21.46,21.85,1820878
2011-12-19,21.64,21.79,20.61,20.61,2271762
2011-12-20,20.87,21.48,20.66,20.79,3249018
2011-12-21,22.05,22.23,21.59,22.23,3023576
2011-12-22,22.23,22.23,21.85,21.92,951753
2011-12-23,22.26,22.8,22.26,22.59,2622677
2011-12-26,22.72,23.18,22.59,22.72,2500265
2011-12-27,22.82,23.0,22.46,22.72,2377853
2011-12-28,22.67,22.8,22.28,22.75,2359491
2011-12-29,22.57,22.88,22.46,22.77,1236361
2011-12-30,23.13,23.13,22.77,22.85,1457722
2012-01-02,22.85,22.85,22.85,22.85,0
2012-01-03,22.85,22.85,22.85,22.85,0
2012-01-04,22.85,22.85,22.85,22.85,0
2012-01-05,22.85,22.85,22.85,22.85,0
2012-01-06,23.73,23.96,23.6,23.75,2882802
2012-01-09,23.7,24.86,23.49,24.65,4405811
2012-01-10,25.76,26.33,25.5,25.55,14543
2012-01-11,25.61,26.02,25.14,25.86,6302
2012-01-12,26.02,26.07,25.3,25.61,4817932
2012-01-13,25.76,25.86,25.27,25.27,3985530
2012-01-16,25.14,25.45,24.99,25.25,2281963
2012-01-17,25.5,26.64,25.43,26.53,7810
2012-01-18,26.53,27.2,26.33,26.79,7402
2012-01-30,27.72,28.54,27.56,28.23,7788
2012-01-31,28.34,28.7,27.77,28.23,5439
2012-02-01,27.82,28.54,27.77,28.29,4215053
2012-02-02,28.59,29.52,28.44,28.96,7850
2012-02-03,28.96,29.37,28.54,28.7,4362967
2012-02-06,28.39,28.7,28.13,28.18,3404073
2012-02-07,28.75,30.14,28.65,30.14,12289
2012-02-08,30.35,31.07,30.09,30.45,14980
2012-02-09,30.5,30.91,30.09,30.76,6608
2012-02-10,30.96,31.43,30.55,30.71,6037
2012-02-13,30.91,31.27,30.14,30.14,8071
2012-02-14,30.6,31.12,30.45,30.96,9621
2012-02-15,31.43,31.84,31.22,31.74,6998
2012-02-16,31.74,33.33,31.58,31.79,13528
2012-02-17,33.23,33.28,31.69,32.41,8980
2012-02-20,32.72,32.82,32.05,32.51,3944726
2012-02-21,32.51,32.51,31.53,31.84,5674
2012-02-22,32.1,33.49,31.94,32.97,8075
2012-02-23,32.97,33.03,32.51,32.56,3129666
2012-02-24,32.97,33.03,32.41,32.61,2696124
2012-02-29,33.08,33.13,31.79,32.15,3327566
2012-03-01,32.15,32.46,31.84,32.46,2510466
2012-03-02,32.72,33.03,32.56,32.56,2621657
2012-03-05,31.43,31.74,29.26,29.37,12877
2012-03-06,29.37,29.83,29.11,29.83,5951
2012-03-07,29.16,29.88,29.16,29.57,2889943
2012-03-08,29.88,29.88,29.47,29.73,1931049
2012-03-09,29.78,30.14,29.42,29.78,2822616
2012-03-12,29.62,29.83,29.11,29.16,2347250
2012-03-13,29.47,29.68,29.11,29.47,3565249
2012-03-14,30.14,30.14,29.57,29.78,2902184
2012-03-15,29.78,30.6,29.57,30.4,6703
2012-03-16,30.5,30.5,29.78,29.78,2448240
2012-03-19,29.93,30.04,29.42,29.88,1579114
2012-03-20,29.99,30.04,29.42,29.42,1141491
2012-03-21,29.68,29.83,29.16,29.73,2102426
2012-03-22,29.99,30.24,29.52,29.99,2370712
2012-03-23,30.04,30.14,29.78,30.04,1234321
2012-03-26,29.93,29.99,29.47,29.52,1550552
2012-03-27,29.78,29.78,28.96,29.32,2330928
2012-03-28,29.47,29.47,29.01,29.21,1187396
2012-03-29,28.96,28.96,27.25,27.46,4986248
2012-03-30,27.56,27.92,27.31,27.77,2909325
2012-04-02,27.62,27.67,26.95,27.15,2390094
2012-04-03,27.82,27.82,26.69,27.31,3455078
2012-04-05,27.0,28.34,26.84,28.34,3997771
2012-04-06,28.34,28.9,27.92,28.39,4017153
2012-04-09,28.03,28.7,27.82,28.59,2362551
2012-04-10,28.65,29.26,28.54,28.85,3129666
2012-04-11,28.7,29.47,28.34,29.16,2615536
2012-04-12,29.16,29.68,28.85,29.37,4164048
2012-04-13,29.78,29.78,29.16,29.37,4253817
2012-04-16,29.11,29.21,28.9,29.11,2319707
2012-04-17,29.26,29.37,28.85,29.06,4481299
2012-04-18,29.32,29.62,28.96,29.52,4157927
2012-04-19,29.62,29.99,29.32,29.99,3390812
2012-04-20,29.88,30.19,28.03,28.23,6985
2012-04-23,27.98,28.75,27.72,28.7,5146
2012-04-24,28.7,29.06,28.34,29.06,3364289
2012-04-25,29.62,29.99,29.37,29.99,6442
2012-04-26,31.94,32.05,31.33,31.43,20788
2012-04-27,31.58,31.94,31.12,31.69,6529
2012-04-30,31.69,32.72,31.33,32.66,6909
2012-05-02,32.97,34.52,32.77,34.06,13248
2012-05-03,34.06,34.16,33.44,34.06,6019
2012-05-04,34.0,34.52,33.23,33.28,7016
2012-05-07,32.97,33.18,31.94,33.18,7543
2012-05-08,33.44,33.9,32.87,33.18,4747545
2012-05-09,33.08,33.08,32.2,32.36,5816
2012-05-10,32.56,32.72,32.2,32.72,4081420
2012-05-11,32.77,32.82,32.2,32.77,2470682
2012-05-14,32.92,33.08,31.63,31.69,3628495
2012-05-15,31.43,32.82,31.27,32.82,5555
2012-05-16,32.82,33.03,31.27,31.84,5384
2012-05-17,32.1,32.25,30.14,31.17,9121
2012-05-18,30.4,31.07,29.99,30.09,5238
2012-05-21,30.5,30.5,28.44,29.21,7757
2012-05-22,29.47,29.62,28.75,29.47,5912
2012-05-23,29.21,29.83,28.9,28.9,5694
2012-05-24,29.11,29.32,27.87,27.98,5052
2012-05-25,28.08,28.44,27.56,27.56,4419073
2012-05-28,28.08,28.34,27.82,28.23,2195255
2012-05-29,29.26,30.19,28.85,30.09,7819
2012-05-30,29.83,29.88,29.11,29.16,5093
2012-05-31,28.8,30.6,28.59,30.6,5956
2012-06-01,30.04,30.04,28.96,28.96,5839
2012-06-04,27.82,27.82,26.95,26.95,3361229
2012-06-05,27.1,27.87,27.1,27.25,4944424
2012-06-06,27.77,28.03,27.1,27.72,5173
2012-06-07,28.34,28.34,26.79,27.05,4981148
2012-06-08,27.05,27.05,26.53,26.84,6093
2012-06-11,27.56,27.87,27.2,27.67,4044696
2012-06-12,27.31,27.62,26.95,27.56,2382953
2012-06-13,27.82,27.82,27.15,27.46,1893305
2012-06-14,27.31,27.87,27.2,27.56,2531888
2012-06-15,27.82,28.44,27.62,28.03,4136505
2012-06-18,28.59,29.62,28.44,29.01,6113
2012-06-19,29.06,29.06,27.82,27.87,5581
2012-06-20,27.92,28.49,27.82,28.49,3566269
2012-06-21,28.49,28.49,27.87,27.98,3591772
2012-06-22,27.56,27.92,27.36,27.92,3070501
2012-06-25,28.13,28.75,27.46,27.51,6294
2012-06-26,27.36,27.67,27.2,27.2,2743048
2012-06-27,27.2,27.51,27.1,27.31,2082024
2012-06-28,27.72,27.72,27.15,27.2,2249320
2012-06-29,27.31,27.92,27.15,27.87,2305426
2012-07-02,28.08,28.29,27.98,28.03,2242179
2012-07-03,28.34,28.7,28.13,28.7,2793033
2012-07-04,28.96,29.62,28.75,29.47,5479
2012-07-05,29.37,29.88,28.9,29.01,3447938
2012-07-06,29.26,29.26,28.65,28.85,2277883
2012-07-09,28.85,29.11,28.65,28.8,2049380
2012-07-10,28.9,28.96,28.23,28.54,2369692
2012-07-11,28.85,30.5,28.65,30.45,10730
2012-07-12,30.5,30.6,29.62,29.62,8956
2012-07-13,29.88,30.35,28.23,28.44,8606
2012-07-16,28.75,28.75,27.87,28.08,2961350
2012-07-17,27.98,28.39,27.25,27.82,4887299
2012-07-18,27.82,28.03,27.2,27.2,3973289
2012-07-19,27.56,27.77,27.41,27.56,3790691
2012-07-20,27.56,27.87,27.31,27.56,2793033
2012-07-23,27.46,27.51,26.84,27.1,3570350
2012-07-24,26.95,27.1,25.66,25.97,8308
2012-07-25,25.74,26.17,25.43,26.17,5453
2012-07-26,26.48,26.53,26.12,26.17,2838938
2012-07-27,26.48,27.0,26.48,26.74,4751625
2012-07-30,27.25,27.25,26.79,26.79,2766511
2012-07-31,26.79,27.0,26.48,26.84,4393570
2012-08-01,26.89,27.51,26.84,27.31,6609
2012-08-02,27.31,27.31,27.31,27.31,0
2012-08-03,26.95,27.25,26.69,27.0,5098
2012-08-06,27.56,27.67,27.15,27.2,3186792
2012-08-07,27.56,27.56,26.89,27.31,3750907
2012-08-08,27.56,28.03,27.46,28.03,4752645
2012-08-09,28.34,29.47,28.13,28.96,8145
2012-08-10,29.11,29.62,29.11,29.21,4538424
2012-08-13,29.52,29.73,29.06,29.37,3236777
2012-08-14,29.47,29.62,28.8,28.85,4501701
2012-08-15,28.85,29.16,28.65,28.85,1600536
2012-08-16,28.85,29.52,28.85,29.52,2855259
2012-08-17,29.62,29.68,29.37,29.47,3414274
2012-08-20,29.47,29.47,28.96,29.26,2239119
2012-08-21,29.11,30.04,29.11,30.04,7986
2012-08-22,30.27,30.6,30.05,30.49,6860
2012-08-23,31.41,31.41,30.65,30.65,4296540
2012-08-24,30.43,31.08,30.38,30.76,2546210
2012-08-27,31.08,31.3,30.6,31.19,2033130
2012-08-28,31.3,32.27,30.87,30.87,9592
2012-08-29,31.03,31.19,30.49,31.03,3073430
2012-08-30,31.03,31.03,29.78,29.95,7534
2012-08-31,29.78,30.65,29.78,30.54,3348150
2012-09-03,30.76,32.06,30.7,31.95,5429
2012-09-04,32.22,32.22,31.57,31.73,3409760
2012-09-05,32.0,32.33,31.68,31.73,6198
2012-09-06,31.84,31.84,30.92,30.92,3189580
2012-09-07,31.62,32.17,31.35,31.95,4343000
2012-09-10,32.17,32.22,31.57,31.73,2522980
2012-09-11,32.06,32.71,31.84,32.17,5932
2012-09-12,32.33,32.76,32.06,32.27,6588
2012-09-13,32.55,33.2,32.06,32.11,6098
2012-09-14,32.49,32.6,31.95,31.95,4090500
2012-09-17,32.11,32.22,31.57,31.68,2003840
2012-09-18,31.68,32.17,31.57,31.68,2606810
2012-09-19,32.0,32.0,31.52,32.0,2189680
2012-09-20,32.17,32.17,31.68,31.68,2186650
2012-09-21,31.95,32.27,31.73,32.27,2356330
2012-09-24,32.27,32.82,32.17,32.38,3517830
2012-09-25,32.65,32.76,31.68,31.68,3614790
2012-09-26,31.52,31.62,30.92,30.92,3147160
2012-09-27,31.14,31.41,30.97,31.14,2384610
2012-09-28,31.35,31.52,31.14,31.46,2002830
2012-10-01,31.41,31.57,31.19,31.35,830220
2012-10-02,31.68,31.68,31.35,31.35,956470
2012-10-03,31.57,31.95,31.41,31.57,1899810
2012-10-04,31.73,31.73,31.03,31.14,2340170
2012-10-05,31.3,31.95,31.3,31.68,3188570
2012-10-08,31.79,32.06,31.62,31.68,2521970
2012-10-09,31.95,31.95,31.14,31.19,2659330
2012-10-11,30.6,31.03,30.6,30.65,2328050
2012-10-12,30.7,30.87,30.05,30.27,2002830
2012-10-15,30.27,30.6,30.22,30.27,902940
2012-10-16,30.54,30.54,30.27,30.33,869610
2012-10-17,30.76,30.97,30.43,30.43,1456420
2012-10-18,30.43,30.7,30.22,30.22,1045350
2012-10-19,30.22,30.22,29.57,30.0,1416020
2012-10-22,29.78,29.89,28.97,29.78,1526110
2012-10-23,29.78,30.0,29.51,29.62,754470
2012-10-24,29.51,30.49,29.4,30.38,1965460
2012-10-25,30.38,30.43,29.73,29.73,1191800
2012-10-26,29.89,30.0,28.38,28.54,3086560
2012-10-29,28.59,28.86,28.54,28.65,2523990
2012-10-30,28.97,29.51,28.92,29.35,1438240
2012-10-31,30.6,31.35,29.78,29.78,10013
2012-11-01,29.78,30.6,29.4,30.38,3224930
2012-11-02,30.81,31.68,30.6,31.62,7343
2012-11-05,31.62,32.17,31.08,31.41,3580450
2012-11-06,31.41,31.41,30.54,31.19,2051310
2012-11-07,31.19,31.62,31.14,31.41,1702860
2012-11-08,30.97,31.3,30.6,30.81,2201800
2012-11-09,30.6,31.3,30.38,31.14,2345220
2012-11-12,31.35,31.35,30.92,30.97,919100
2012-11-13,31.14,31.14,30.33,30.33,1706900
2012-11-14,30.05,30.49,29.78,29.89,2188670
2012-11-15,29.68,30.22,29.03,30.22,2310880
2012-11-16,30.22,30.43,29.51,29.73,1744270
2012-11-19,30.05,30.05,29.51,29.73,918090
2012-11-20,30.05,30.11,29.57,29.62,912030
2012-11-21,29.78,29.95,29.35,29.51,1410970
2012-11-22,29.84,30.76,29.68,30.6,2609840
2012-11-23,30.87,31.52,30.81,30.92,3842040
2012-11-26,31.14,31.19,30.92,31.14,1955360
2012-11-27,31.35,31.62,30.92,31.03,2412890
2012-11-28,31.3,31.41,31.03,31.41,1980610
2012-11-29,31.62,31.73,31.35,31.41,2327040
2012-11-30,31.68,31.73,31.46,31.73,2771440
2012-12-03,31.79,32.38,31.73,31.84,2171500
2012-12-04,31.84,32.33,31.57,32.33,2272500
2012-12-05,32.44,32.49,32.06,32.17,2282600
2012-12-06,32.38,33.03,32.11,32.11,5268
2012-12-07,32.38,32.49,31.79,31.84,2594690
2012-12-10,32.0,32.22,31.57,31.95,1609940
2012-12-11,32.11,32.71,31.9,32.44,4112720
2012-12-12,32.92,34.01,32.76,33.85,8512
2012-12-13,33.9,34.22,33.41,33.68,6089
2012-12-14,33.85,34.77,33.74,34.39,7263
2012-12-17,34.6,34.6,33.52,34.12,4331890
2012-12-18,34.39,34.44,33.95,34.33,1783660
2012-12-19,34.55,34.55,33.95,34.49,2417940
2012-12-20,34.22,34.49,33.95,33.95,1840220
2012-12-21,33.95,33.95,32.82,32.92,3012830
2012-12-24,33.03,33.3,32.65,32.65,1487730
2012-12-25,33.14,33.14,32.71,33.09,1883650
2012-12-26,33.2,33.41,32.98,33.14,832240
2012-12-27,33.25,33.41,32.92,33.3,924150
2012-12-28,33.95,33.95,33.2,33.2,1565500
2013-01-02,33.63,34.28,33.3,34.17,2281590
2013-01-03,34.55,34.71,34.17,34.17,2190690
2013-01-04,34.17,34.93,33.9,34.77,2962330
2013-01-07,34.55,34.6,33.57,33.57,2803760
2013-01-08,33.2,33.79,32.87,33.14,1954350
2013-01-09,32.92,33.36,32.82,32.92,2002830
2013-01-10,33.36,33.47,32.76,32.92,3352190
2013-01-11,33.14,33.3,32.76,32.82,1507930
2013-01-14,32.76,33.14,32.6,33.14,1788710
2013-01-15,33.09,33.25,32.65,32.76,2150290
2013-01-16,32.92,33.2,32.65,32.92,2089690
2013-01-17,33.3,33.85,32.6,32.65,5530
2013-01-18,33.03,33.68,33.03,33.52,2973440
2013-01-21,33.47,33.79,33.3,33.47,2032120
2013-01-22,33.47,33.47,32.87,33.3,1594790
2013-01-23,33.36,33.74,33.25,33.25,1340270
2013-01-24,33.03,33.47,32.82,32.82,1706900
2013-01-25,32.82,33.09,32.71,33.09,1816990
2013-01-28,32.98,33.74,32.98,33.41,2658320
2013-01-29,33.85,34.33,33.68,34.17,4607620
2013-01-30,34.55,35.79,34.28,35.09,11653
2013-01-31,35.36,36.01,35.2,35.85,8302
2013-02-01,36.12,36.66,35.96,36.12,10025
2013-02-04,36.72,37.04,36.17,36.61,9501
2013-02-05,36.55,37.04,36.34,36.88,5575
2013-02-06,37.26,37.69,36.88,37.31,6511
2013-02-18,37.74,39.15,37.64,39.15,10344
2013-02-19,39.04,39.26,38.77,39.26,5705
2013-02-20,39.53,40.23,38.61,38.88,6109
2013-02-21,38.45,38.99,38.34,38.34,3805680
2013-02-22,38.34,38.5,37.8,38.12,4488440
2013-02-25,38.18,39.42,38.12,38.88,4309670
2013-02-26,38.45,39.21,38.07,38.18,5527
2013-02-27,38.34,38.72,38.12,38.23,3669330
2013-03-01,38.83,40.56,38.83,40.4,10168
2013-03-04,40.61,40.94,40.07,40.45,8117
2013-03-05,40.45,40.45,39.31,39.64,4619740
2013-03-06,40.02,40.07,39.04,39.64,4980310
2013-03-07,39.69,40.94,39.64,40.13,5958
2013-03-08,40.61,40.67,39.86,39.86,5226
2013-03-11,40.18,40.67,39.86,40.34,4287450
2013-03-12,40.18,40.51,39.15,39.37,4146050
2013-03-13,39.37,39.64,37.91,38.07,7286
2013-03-14,37.64,37.64,36.39,36.44,9264
2013-03-15,36.5,36.93,36.17,36.61,6647
2013-03-18,36.61,36.77,36.17,36.23,2861330
2013-03-19,36.5,36.88,36.34,36.88,2539140
2013-03-20,36.88,36.88,36.61,36.72,1785680
2013-03-21,36.88,37.2,36.77,36.82,2402790
2013-03-22,36.93,37.47,36.93,37.09,2242200
2013-03-25,37.36,37.36,36.93,36.99,1363500
2013-03-26,37.53,37.53,36.99,36.99,1814970
2013-03-27,37.31,37.47,37.15,37.31,1194830
2013-03-28,37.26,37.47,36.99,36.99,1265530
2013-03-29,37.36,37.64,37.09,37.64,1113020
2013-04-01,37.64,37.69,37.2,37.36,874660
2013-04-02,37.26,37.53,37.15,37.26,830220
2013-04-03,37.64,37.8,37.47,37.69,1300880
2013-04-08,37.36,37.64,36.93,37.04,2985560
2013-04-09,37.04,37.47,36.23,36.34,3580450
2013-04-10,36.39,37.09,36.39,36.82,1707910
2013-04-11,37.58,39.21,37.58,38.88,5447
2013-04-12,38.99,38.99,38.23,38.45,3446120
2013-04-15,38.34,38.94,38.07,38.83,2411880
2013-04-16,38.18,39.26,38.18,38.88,2775480
2013-04-17,38.99,39.8,38.94,39.64,3577420
2013-04-18,39.8,39.8,39.26,39.37,2235130
2013-04-19,39.69,40.56,39.69,40.45,5178
2013-04-22,40.61,42.51,40.61,41.7,8572
2013-04-23,41.97,42.51,41.32,41.81,6373
2013-04-24,42.02,42.13,41.37,41.97,3230990
2013-04-25,42.18,42.24,41.75,42.18,3464300
2013-04-26,42.18,43.59,42.18,42.4,6087
2013-04-29,42.24,43.86,42.08,43.75,6882
2013-04-30,46.03,46.79,45.49,46.03,16523
2013-05-02,46.03,48.09,46.03,48.09,10163
2013-05-03,48.74,48.85,47.06,47.38,5343
2013-05-06,47.65,47.87,47.06,47.55,5508
2013-05-07,47.65,47.71,46.57,47.6,4871230
2013-05-08,47.92,49.22,47.87,48.68,10652
2013-05-09,49.01,49.01,47.6,47.65,5006
2013-05-10,47.65,47.76,47.0,47.27,3118880
2013-05-13,47.38,47.71,46.84,47.71,2730030
2013-05-14,47.92,47.98,46.9,47.0,3610750
2013-05-15,46.9,47.38,45.49,46.41,4968190
2013-05-16,46.84,47.49,46.08,47.11,4144030
2013-05-17,46.62,48.09,46.62,47.22,3573380
2013-05-20,47.33,47.33,46.73,46.95,1962430
2013-05-21,47.49,48.68,47.11,47.55,5761
2013-05-22,47.82,48.3,47.38,47.44,2306840
2013-05-23,47.22,47.27,46.08,46.08,4385420
2013-05-24,46.03,46.03,43.05,43.54,10521
2013-05-27,42.89,43.21,41.97,42.78,7624
2013-05-28,43.0,43.86,42.78,43.86,4977280
2013-05-29,43.86,43.86,42.73,43.27,5182
2013-05-30,42.73,43.05,41.97,42.18,5641
2013-05-31,42.62,42.62,41.21,41.21,7945
2013-06-03,41.21,41.48,40.88,41.1,5323
2013-06-04,41.1,41.48,40.07,40.07,5579
2013-06-05,40.07,40.51,38.5,38.94,9555
2013-06-06,38.94,39.26,37.74,37.8,10054
2013-06-07,37.91,38.61,37.64,38.56,6994
2013-06-10,39.1,39.21,38.34,38.83,3932940
2013-06-11,38.83,39.1,37.96,38.45,4493490
2013-06-13,38.07,38.94,38.07,38.18,4626810
2013-06-14,38.72,39.1,38.45,38.72,5263
2013-06-17,38.77,39.37,38.34,38.56,4212710
2013-06-18,38.72,38.94,38.18,38.72,2533080
2013-06-19,38.94,39.1,38.12,38.29,2946170
2013-06-20,37.91,38.18,37.69,37.74,3309770
2013-06-21,37.2,37.2,36.55,36.99,4633880
2013-06-24,36.99,37.53,36.82,36.82,2247250
2013-06-25,36.93,37.09,35.42,35.52,4484400
2013-06-26,36.39,36.88,36.01,36.55,5630
2013-06-27,37.26,37.58,36.99,37.09,4899510
2013-06-28,37.47,38.45,37.09,38.45,5585
2013-07-01,38.34,38.83,37.96,38.34,3147160
2013-07-02,38.56,38.72,37.26,37.42,3139080
2013-07-03,37.64,38.18,37.64,38.07,3996570
2013-07-04,38.45,38.61,37.31,37.31,3132010
2013-07-05,37.85,37.85,37.09,37.69,2892640
2013-07-08,37.69,38.45,37.69,38.12,3045150
2013-07-09,38.39,39.1,37.64,38.99,4049090
2013-07-10,39.21,39.48,38.56,39.1,5996
2013-07-11,39.37,39.59,38.99,39.04,4525810
2013-07-12,39.26,39.42,39.04,39.26,2631050
2013-07-15,39.26,39.86,39.04,39.75,3063330
2013-07-16,39.8,40.56,39.75,39.91,4671250
2013-07-17,40.13,40.34,39.48,40.07,3750130
2013-07-18,40.07,40.4,38.99,39.1,3239070
2013-07-19,38.94,39.26,38.07,38.07,3287550
2013-07-22,38.34,39.1,38.29,38.77,2842140
2013-07-23,39.26,40.18,39.04,40.07,4251090
2013-07-24,40.18,40.4,39.59,40.07,3263310
2013-07-25,40.07,40.13,39.42,39.59,2020000
2013-07-26,39.59,39.59,38.88,38.99,2102820
2013-07-29,39.21,39.31,38.45,38.5,1643270
2013-07-30,38.23,39.21,38.07,39.21,1856380
2013-07-31,39.48,39.48,38.88,38.88,2615900
2013-08-01,38.88,39.26,38.29,38.99,3891530
2013-08-02,39.53,40.61,39.42,40.18,6527
2013-08-05,40.34,40.34,39.86,40.02,1715990
2013-08-06,40.34,42.02,40.23,40.23,7615
2013-08-07,39.42,39.91,37.8,37.96,7914
2013-08-08,37.96,38.23,36.82,37.64,4507630
2013-08-09,37.64,38.01,37.26,37.58,2701750
2013-08-12,37.58,37.58,36.99,37.09,3244120
2013-08-13,37.8,38.72,37.26,38.45,4237960
2013-08-14,38.61,38.99,38.12,38.61,5336
2013-08-15,37.8,38.31,37.52,37.86,4005000
2013-08-16,38.25,38.36,37.8,38.08,2843000
2013-08-19,38.31,38.48,37.91,38.14,2099000
2013-08-20,38.65,38.65,38.19,38.36,2531000
2013-08-22,38.25,38.25,37.24,37.35,3812000
2013-08-23,37.74,37.86,37.57,37.57,2234000
2013-08-26,37.97,38.14,37.8,37.91,2048000
2013-08-27,37.8,38.03,37.12,37.29,1946000
2013-08-28,37.18,37.24,36.67,36.73,2785000
2013-08-29,36.73,37.29,36.73,36.84,5460
2013-08-30,37.52,37.91,37.29,37.46,6298
2013-09-02,37.57,37.86,37.24,37.8,4845000
2013-09-03,38.93,39.83,38.93,39.77,9573
2013-09-04,39.66,39.66,39.04,39.27,4072000
2013-09-05,39.44,39.72,39.32,39.66,3772000
2013-09-06,39.66,40.11,39.38,40.0,4303000
2013-09-09,40.39,40.39,39.55,39.94,4274000
2013-09-10,40.28,40.39,39.6,39.83,4234000
2013-09-11,39.77,40.23,39.44,40.06,2814000
2013-09-12,39.89,40.23,39.44,39.77,2840000
2013-09-13,39.89,39.89,39.21,39.21,2220000
2013-09-16,39.27,39.6,39.1,39.55,3681000
2013-09-17,40.0,40.0,39.49,40.0,2999000
2013-09-18,40.39,41.3,40.39,40.68,9679
2013-09-23,41.18,41.97,40.85,41.52,9125
2013-09-24,41.18,41.35,40.96,40.96,5509
2013-09-25,40.68,41.3,40.28,41.3,4444000
2013-09-26,41.3,41.3,40.62,40.73,2823000
2013-09-27,40.45,40.85,40.23,40.23,2333000
2013-09-30,39.83,40.9,39.66,40.73,3126000
2013-10-01,40.45,40.9,40.23,40.23,6002
2013-10-02,40.34,40.73,40.23,40.73,2678000
2013-10-03,40.73,41.69,40.68,41.52,5099
2013-10-04,41.75,41.81,41.02,41.13,2997000
2013-10-07,41.07,41.13,40.0,40.11,3581000
2013-10-08,40.34,40.73,40.06,40.11,3297000
2013-10-09,39.83,40.23,38.76,39.1,5299
2013-10-11,39.83,39.89,38.98,39.04,3252000
2013-10-14,39.49,39.49,38.53,38.76,2416000
2013-10-15,39.49,39.77,39.04,39.66,2912000
2013-10-16,39.94,39.94,38.81,38.81,2398000
2013-10-17,38.98,39.15,37.35,37.86,9954
2013-10-18,38.03,38.93,37.52,38.93,6398
2013-10-21,39.49,40.56,39.49,40.06,8916
2013-10-22,40.06,40.56,39.49,40.28,6072
2013-10-23,40.06,40.23,39.66,39.66,3877000
2013-10-24,39.6,40.17,39.21,40.11,2431000
2013-10-25,40.06,40.56,39.55,39.55,3932000
2013-10-28,39.55,39.77,39.21,39.6,2170000
2013-10-29,39.49,39.77,39.1,39.21,2363000
2013-10-30,39.1,39.66,39.04,39.32,2454000
2013-10-31,39.72,39.83,38.59,38.59,6466
2013-11-01,39.72,39.83,39.21,39.27,5730
2013-11-04,39.44,40.28,39.38,40.0,4818000
2013-11-05,40.23,40.51,39.55,40.0,4729000
2013-11-06,39.89,40.28,39.38,40.06,3392000
2013-11-07,40.28,41.35,40.0,41.07,8930
2013-11-08,40.9,40.9,40.23,40.23,4004000
2013-11-11,40.39,40.73,39.83,39.89,2600000
2013-11-12,39.94,40.39,39.32,40.23,4220000
2013-11-13,40.34,40.34,39.66,39.83,2081000
2013-11-14,40.06,40.62,39.72,40.56,3259000
2013-11-15,40.73,41.47,40.62,40.73,5690
2013-11-18,41.07,41.07,40.17,40.17,2123000
2013-11-19,40.17,40.85,40.17,40.73,1704000
2013-11-20,40.85,40.85,39.83,39.89,3245000
2013-11-21,39.66,39.66,38.65,38.87,5314
2013-11-22,38.93,39.27,38.25,38.53,3872000
2013-11-25,39.04,39.49,39.04,39.49,1873000
2013-11-26,39.49,39.89,38.93,39.32,4339000
2013-11-27,39.32,40.45,39.27,40.39,4398000
2013-11-28,40.62,40.9,40.17,40.17,4802000
2013-11-29,40.45,40.85,40.17,40.45,2843000
2013-12-02,40.62,41.18,40.56,40.73,2799000
2013-12-03,40.73,40.85,40.45,40.56,1831000
2013-12-04,40.56,41.02,40.45,40.56,2495000
2013-12-05,40.96,41.81,40.79,41.35,8823
2013-12-06,41.35,41.52,40.9,41.18,5555
2013-12-09,41.75,42.26,41.35,41.69,9390
2013-12-10,41.52,41.69,40.85,41.02,3303000
2013-12-11,41.02,41.64,40.96,41.18,3689000
2013-12-12,41.18,41.97,41.02,41.81,4974000
2013-12-13,41.86,43.16,41.86,42.76,10855
2013-12-16,43.27,44.8,43.27,44.57,16654
2013-12-17,45.13,45.13,43.78,44.01,8087
2013-12-18,44.12,44.51,43.61,44.17,4745000
2013-12-19,44.68,44.68,43.89,43.95,4574000
2013-12-20,44.29,45.59,44.23,44.68,8676
2013-12-23,45.3,45.42,44.17,44.23,5204
2013-12-24,44.57,44.57,43.84,43.89,2688000
2013-12-25,44.17,44.29,43.95,44.29,1739000
2013-12-26,44.57,44.68,44.17,44.17,2004000
2013-12-27,44.29,45.42,44.29,44.51,5775
2013-12-30,45.02,45.02,44.34,44.57,2923000
2013-12-31,45.02,45.7,44.96,45.13,6419
2014-01-02,45.47,47.05,45.25,46.94,11941
2014-01-03,47.11,47.16,45.81,45.98,6805
2014-01-06,46.71,46.71,44.68,44.8,7195
2014-01-07,45.3,45.75,45.13,45.3,5319
2014-01-08,45.59,46.83,45.47,46.26,8075
2014-01-09,46.21,46.32,44.96,45.02,5877
2014-01-10,45.02,45.59,44.91,44.91,4434000
2014-01-13,45.13,45.53,44.85,44.85,2350000
2014-01-14,44.8,44.91,43.78,44.06,4196000
2014-01-15,44.12,44.74,44.12,44.17,2882000
2014-01-16,44.57,45.3,44.34,44.85,4286000
2014-01-17,45.02,47.95,44.96,47.5,20579
2014-01-20,48.01,50.49,48.01,50.21,20399
2014-01-21,50.78,51.23,49.65,49.76,13247
2014-01-22,49.93,51.11,49.53,49.59,9803
2014-01-23,50.32,50.89,49.65,50.78,10131
2014-01-24,50.44,50.44,47.22,47.22,18874
2014-01-27,46.6,47.5,45.25,46.83,10480
2014-02-05,45.59,47.45,45.47,47.33,6939
2014-02-06,47.5,47.67,46.83,46.83,3668000
2014-02-07,47.39,48.46,47.11,47.67,7257
2014-02-10,47.84,48.18,47.45,47.5,4128000
2014-02-11,47.5,48.35,47.5,48.35,3382000
2014-02-12,48.41,48.8,47.79,47.95,4776000
2014-02-13,48.12,48.41,47.73,47.73,2835000
2014-02-14,48.29,49.14,47.9,48.01,5114
2014-02-17,49.08,49.36,48.74,49.2,5938
2014-02-18,49.2,49.48,48.63,49.25,3106000
2014-02-19,49.36,49.36,48.41,48.41,3934000
2014-02-20,48.41,48.86,47.05,47.39,7448
2014-02-21,47.95,48.29,47.67,48.24,3418000
2014-02-24,48.63,49.08,48.07,48.91,3276000
2014-02-25,49.25,49.31,48.97,48.97,3466000
2014-02-26,48.63,50.49,48.41,49.53,7340
2014-02-27,50.1,51.17,49.53,50.78,9818
2014-03-03,49.99,50.15,48.97,49.2,9119
2014-03-04,48.91,49.53,48.41,48.52,7461
2014-03-05,49.08,50.15,48.91,50.15,7280
2014-03-06,50.49,52.41,50.15,51.62,12687
2014-03-07,51.9,52.58,50.78,51.51,9559
2014-03-10,51.45,51.73,50.94,51.17,3544000
2014-03-11,51.45,53.31,51.4,52.58,7099
2014-03-12,52.47,52.86,52.07,52.47,2772000
2014-03-13,52.81,53.03,51.73,51.9,4207000
2014-03-14,51.34,51.85,51.11,51.34,2363000
2014-03-17,51.51,51.73,51.34,51.62,1681000
2014-03-18,52.24,53.48,51.96,53.31,8080
2014-03-19,53.48,54.05,51.79,51.9,6636
2014-03-20,51.23,51.34,50.21,50.44,6365
2014-03-21,50.78,51.06,49.31,49.59,4246000
2014-03-24,49.59,50.49,48.63,50.49,2968000
2014-03-25,50.49,50.61,49.82,50.44,2343000
2014-03-26,51.17,51.17,50.44,51.17,3098000
2014-03-27,51.17,51.17,50.21,50.44,2495000
2014-03-28,50.72,51.57,50.72,50.78,3852000
2014-03-31,51.0,51.79,50.94,51.79,3054000
2014-04-01,51.73,51.9,51.4,51.68,1777000
2014-04-02,52.19,52.3,51.68,51.73,2990000
2014-04-03,52.19,52.19,51.45,51.57,2986000
2014-04-07,51.06,51.57,50.49,51.57,3063000
2014-04-08,51.62,51.62,50.61,50.89,2593000
2014-04-09,51.06,51.34,50.72,50.89,2635000
2014-04-10,51.34,51.34,50.15,50.78,4474000
2014-04-11,50.27,50.66,49.93,50.21,2576000
2014-04-14,50.1,50.1,49.25,49.31,2362000
2014-04-15,49.59,50.27,49.59,49.82,1736000
2014-04-16,50.1,50.49,49.59,50.21,2837000
2014-04-17,50.78,51.28,50.55,50.94,2869000
2014-04-18,51.34,51.57,50.83,51.06,2005000
2014-04-21,51.06,51.06,50.49,50.49,1290000
2014-04-22,50.49,50.83,50.27,50.27,1927000
2014-04-23,50.38,50.61,49.31,49.65,2678000
2014-04-24,49.93,50.21,49.7,49.82,1735000
2014-04-25,49.82,50.1,46.94,47.56,7102
2014-04-28,46.83,48.46,46.83,48.46,2462000
2014-04-29,48.74,49.65,48.69,49.65,3234000
2014-04-30,50.27,50.49,48.52,48.58,4684000
2014-05-02,48.91,50.15,48.91,49.93,3641000
2014-05-05,50.49,50.94,49.7,50.83,3578000
2014-05-06,51.23,51.23,50.32,50.83,3075000
2014-05-07,50.94,51.51,50.44,50.61,3981000
2014-05-08,50.78,51.06,49.82,50.04,2381000
2014-05-09,50.21,50.49,49.93,49.93,1533000
2014-05-12,49.93,50.38,49.36,49.53,1723000
2014-05-13,50.21,50.61,49.36,49.82,2242000
2014-05-14,49.82,50.1,48.69,49.65,2801000
2014-05-15,49.65,50.15,49.36,50.1,1439000
2014-05-16,50.32,50.38,49.48,50.38,2116000
2014-05-19,50.61,50.66,50.27,50.38,1042000
2014-05-20,50.72,50.72,50.21,50.61,1261000
2014-05-21,50.61,50.61,49.93,49.93,1420000
2014-05-22,50.55,51.23,50.21,51.17,3326000
2014-05-23,54.67,54.72,51.9,52.13,17010
2014-05-26,52.47,52.69,51.85,51.96,4418000
2014-05-27,52.19,52.19,51.51,51.68,2482000
2014-05-28,51.85,53.03,51.79,52.69,7429
2014-05-29,52.98,53.43,52.19,52.47,4375000
2014-05-30,52.92,52.98,52.19,52.19,3161000
2014-06-03,52.3,52.69,51.79,52.19,2858000
2014-06-04,52.41,52.92,52.24,52.58,3770000
2014-06-05,53.03,55.06,52.75,54.56,13406
2014-06-06,55.18,55.46,53.93,53.93,7772
2014-06-09,55.23,56.3,54.95,55.46,10944
2014-06-10,55.74,55.8,55.01,55.57,4025000
2014-06-11,55.46,55.68,55.12,55.29,2865000
2014-06-12,55.06,56.3,55.01,55.85,6102
2014-06-13,56.14,56.19,55.29,55.74,3546000
2014-06-16,55.57,56.14,55.35,55.35,2950000
2014-06-17,55.4,55.68,54.84,55.12,2960000
2014-06-18,55.29,55.29,53.71,53.99,4855000
2014-06-19,54.33,54.95,54.27,54.84,1687000
2014-06-20,54.84,55.23,54.33,54.33,2333000
2014-06-23,54.33,54.44,52.36,52.92,6256
2014-06-24,52.92,53.31,52.3,52.3,4331000
2014-06-25,52.19,53.37,52.19,53.37,2975000
2014-06-26,53.54,53.82,52.75,52.81,3038000
2014-06-27,52.92,53.54,52.81,53.09,2166000
2014-06-30,53.14,53.48,52.81,53.37,2078000
2014-07-01,53.37,54.89,53.2,54.39,3928000
2014-07-02,54.72,55.51,52.98,53.71,5727
2014-07-03,53.77,54.44,53.31,54.44,2851000
2014-07-04,54.78,55.35,54.44,54.95,3578000
2014-07-07,55.01,55.06,53.77,54.05,2865000
2014-07-08,54.1,54.1,53.6,53.82,1827000
2014-07-09,53.54,53.82,53.26,53.31,1661000
2014-07-10,53.6,54.33,53.48,53.65,2389000
2014-07-11,53.6,53.6,51.9,52.36,2848000
2014-07-14,52.36,53.14,52.3,52.92,1391000
2014-07-15,53.31,53.31,52.58,52.75,1781000
2014-07-16,52.75,52.75,51.96,52.41,2693000
2014-07-17,52.58,52.86,52.07,52.86,1708000
2014-07-18,51.9,53.03,51.9,52.86,1201000
2014-07-21,53.03,53.14,52.58,52.64,982000
2014-07-22,52.75,53.14,52.47,53.14,1283000
2014-07-23,53.14,53.14,53.14,53.14,0
2014-07-24,53.48,53.82,53.31,53.82,2870000
2014-07-25,54.16,54.27,53.71,53.88,3753000
2014-07-28,53.88,54.27,53.37,53.88,2506000
2014-07-29,54.27,54.33,52.64,53.43,3197000
2014-07-30,53.43,54.27,53.2,53.93,3560000
2014-07-31,54.95,54.95,53.77,54.1,5549
2014-08-01,53.03,55.18,53.03,54.84,5580
2014-08-04,55.29,56.02,54.67,55.85,7931
2014-08-05,55.85,56.98,55.46,55.46,7250
2014-08-06,55.85,56.14,54.78,55.29,4603000
2014-08-07,55.23,56.08,55.23,55.74,4367000
2014-08-08,55.06,55.97,54.78,55.85,3999000
2014-08-11,56.42,59.52,56.25,59.52,13004
2014-08-12,59.24,61.21,58.11,59.52,9765
2014-08-13,60.08,60.65,58.67,60.37,5879
2014-08-14,60.93,62.91,60.93,62.06,8520
2014-08-15,62.34,62.62,60.37,61.78,5476
2014-08-18,62.06,62.62,59.52,59.8,5051
2014-08-19,60.37,61.49,59.52,61.21,5023
2014-08-20,61.21,61.78,59.52,60.08,4025000
2014-08-21,60.08,60.93,57.26,60.93,5875
2014-08-22,60.93,63.19,60.65,62.06,5991
2014-08-25,62.91,63.19,61.78,62.06,4289000
2014-08-26,62.95,64.72,62.06,64.72,7287
2014-08-27,64.72,65.61,63.24,63.83,3617000
2014-08-28,64.42,64.72,63.83,63.83,2416000
2014-08-29,63.83,65.01,63.83,64.42,2577000
2014-09-01,65.01,68.86,64.42,68.86,8076
2014-09-02,69.15,71.81,67.08,67.67,12498
2014-09-03,68.86,70.63,67.38,67.97,7766
2014-09-04,67.67,67.97,65.01,65.31,6027
2014-09-05,66.2,67.08,64.72,66.2,6948
2014-09-09,66.79,70.63,66.79,70.63,9094
2014-09-10,70.33,70.63,68.86,70.33,5210
2014-09-11,70.63,70.92,67.38,67.38,6510
2014-09-12,67.38,67.67,62.95,63.83,10771
2014-09-15,63.24,65.01,62.95,65.01,4151000
2014-09-16,65.31,65.61,63.54,63.54,2298000
2014-09-17,64.13,67.97,64.13,66.2,6348
2014-09-18,66.79,68.56,66.2,68.56,5746
2014-09-19,69.15,69.45,66.2,66.49,4419000
2014-09-22,66.2,66.2,64.42,65.31,2693000
2014-09-23,64.72,65.61,64.13,64.42,2264000
2014-09-24,65.61,67.08,65.01,65.9,3683000
2014-09-25,66.49,66.49,63.54,64.42,3813000
2014-09-26,63.24,64.42,62.65,63.54,3031000
2014-09-29,64.13,64.42,62.65,62.65,3230000
2014-09-30,63.24,63.83,61.76,63.83,4763000
2014-10-01,62.65,64.42,62.65,62.95,3651000
2014-10-02,62.06,66.2,62.06,64.42,4639000
2014-10-03,64.72,65.9,64.13,64.72,3302000
2014-10-06,64.72,67.67,64.42,65.9,6010
2014-10-07,65.9,65.9,64.42,64.42,3792000
2014-10-08,64.13,65.01,62.95,64.42,4126000
2014-10-09,65.01,65.9,64.42,65.61,4273000
2014-10-13,62.65,63.24,61.17,61.17,7054
2014-10-14,60.58,61.76,59.69,61.17,4008000
2014-10-15,61.47,62.95,60.88,60.88,3915000
2014-10-16,60.88,62.35,58.93,60.88,5681
2014-10-17,61.47,62.06,60.58,60.58,4099000
2014-10-20,62.06,62.95,61.76,62.95,4149000
2014-10-21,62.65,63.24,62.35,62.65,2461000
2014-10-22,64.13,64.42,62.95,63.54,1916000
2014-10-23,64.42,64.42,63.54,63.83,1380000
2014-10-24,64.42,64.42,62.65,62.65,1682000
2014-10-27,63.24,64.13,61.47,62.06,2951000
2014-10-28,63.24,64.13,62.95,64.13,2820000
2014-10-29,64.72,65.61,64.42,65.61,4554000
2014-10-30,61.47,61.47,61.17,61.17,4447000
2014-10-31,59.1,59.69,57.45,59.4,15975
2014-11-03,59.04,60.29,57.98,58.1,10431
2014-11-04,58.1,59.69,58.1,59.1,6865
2014-11-05,59.4,59.4,58.1,58.16,3895000
2014-11-06,57.92,58.16,55.68,55.85,7883
2014-11-07,55.85,56.86,55.85,56.5,4948000
2014-11-10,57.04,60.29,56.62,59.69,10278
2014-11-11,59.4,60.58,58.93,60.29,4386000
2014-11-12,59.4,60.29,59.1,59.4,3870000
2014-11-13,60.58,61.47,58.87,59.99,4126000
2014-11-14,60.29,60.29,59.1,59.1,2516000
2014-11-17,59.4,59.99,58.69,58.69,2116000
2014-11-18,59.1,59.4,57.09,57.27,2771000
2014-11-19,57.98,58.93,57.74,58.63,2663000
2014-11-20,59.1,59.69,58.87,58.99,2084000
2014-11-21,58.99,59.99,58.81,58.81,2205000
2014-11-24,59.4,59.99,58.93,59.1,1585000
2014-11-25,59.69,60.29,59.04,59.99,2102000
2014-11-26,59.99,60.29,59.4,59.69,1385000
2014-11-27,60.29,62.35,59.99,62.06,5351
2014-11-28,62.06,62.06,60.29,60.88,4130000
2014-12-01,59.99,61.47,59.4,60.88,2807000
2014-12-02,60.88,61.76,60.29,60.88,3402000
2014-12-03,61.47,64.13,60.88,62.65,6386
2014-12-04,63.24,63.83,62.06,62.06,3807000
2014-12-05,62.65,64.72,62.35,63.54,4541000
2014-12-08,63.24,63.54,61.47,61.47,2512000
2014-12-09,62.06,62.95,61.17,61.47,2775000
2014-12-10,62.06,62.95,61.47,61.76,2716000
2014-12-11,61.47,63.24,61.17,62.95,3208000
2014-12-12,62.95,65.01,62.95,63.83,4846000
2014-12-15,63.24,64.13,62.95,63.24,2259000
2014-12-16,62.65,63.54,61.76,61.76,2358000
2014-12-17,61.76,62.35,59.4,59.4,3796000
2014-12-18,60.29,61.47,60.29,61.47,2239000
2014-12-19,63.83,63.83,60.88,60.88,2320000
2014-12-22,62.06,62.35,61.17,62.35,1302000
2014-12-23,62.35,62.65,61.76,62.06,927000
2014-12-24,62.35,62.65,61.76,62.65,1071000
2014-12-25,62.65,62.65,61.47,61.76,1026000
2014-12-26,62.35,62.35,61.17,62.35,1027000
2014-12-29,62.06,63.24,61.76,62.35,2028000
2014-12-30,62.95,63.24,62.35,62.35,996000
2014-12-31,62.35,62.95,62.06,62.65,855000
2015-01-05,62.65,62.95,61.76,62.65,1304000
2015-01-06,61.76,63.24,61.76,62.95,2598000
2015-01-07,62.95,62.95,62.06,62.35,1585000
2015-01-08,62.95,63.83,62.06,62.65,2284000
2015-01-09,62.95,62.95,59.69,59.69,5161
2015-01-12,59.69,61.17,59.1,60.29,2775000
2015-01-13,59.69,61.47,59.69,60.88,2443000
2015-01-14,60.29,61.17,60.29,60.58,1325000
2015-01-15,59.99,60.29,58.28,58.63,5998
2015-01-16,58.63,58.99,57.98,58.34,4257000
2015-01-19,58.81,59.99,57.8,57.92,3003000
2015-01-20,58.22,58.99,57.63,58.81,1872000
2015-01-21,59.1,59.4,58.63,58.75,2161000
2015-01-22,58.81,59.69,58.63,59.1,2864000
2015-01-23,59.4,60.29,59.4,59.99,2668000
2015-01-26,60.29,60.29,59.1,59.69,1534000
2015-01-27,59.69,60.58,59.69,60.29,2178000
2015-01-28,59.69,59.99,58.93,58.99,3122000
2015-01-29,57.69,58.22,56.86,57.74,8875
2015-01-30,57.86,58.1,57.39,57.39,3915000
2015-02-02,57.39,57.8,57.27,57.8,1662000
2015-02-03,57.8,58.04,57.33,57.33,3302000
2015-02-04,57.92,58.16,57.33,57.39,4179000
2015-02-05,57.92,58.57,57.63,57.69,3692000
2015-02-06,58.22,59.99,57.86,58.69,4731000
2015-02-09,58.69,59.99,58.69,59.1,3162000
2015-02-10,59.1,59.69,58.45,58.51,2324000
2015-02-11,58.87,59.4,57.98,58.81,2889000
2015-02-12,58.93,59.1,58.63,58.99,1869000
2015-02-13,58.81,59.1,58.57,58.57,2139000
2015-02-24,59.4,59.4,57.69,57.86,4180000
2015-02-25,57.86,58.81,57.8,58.63,2826000
2015-02-26,58.51,58.63,58.04,58.16,2384000
2015-03-02,58.22,58.99,58.22,58.81,2077000
2015-03-03,58.81,59.4,58.51,59.4,2686000
2015-03-04,59.4,59.99,59.04,59.69,3329000
2015-03-05,59.69,59.69,58.63,58.99,3065000
2015-03-06,58.99,59.69,58.69,59.69,1504000
2015-03-09,59.4,60.29,58.93,59.69,2000000
2015-03-10,59.69,60.29,59.1,59.99,1698000
2015-03-11,59.4,59.99,59.1,59.4,1722000
2015-03-12,59.4,62.06,59.1,61.17,5477
2015-03-13,61.47,62.06,60.88,61.47,3203000
2015-03-16,61.17,61.47,60.58,61.17,2612000
2015-03-17,61.47,61.76,59.99,60.29,2331000
2015-03-18,60.58,60.88,59.69,60.29,1938000
2015-03-19,60.88,61.17,60.58,60.88,1158000
2015-03-20,60.88,61.76,60.29,61.17,1998000
2015-03-23,61.17,61.47,60.58,60.58,1145000
2015-03-24,61.17,61.76,60.58,61.17,2087000
2015-03-25,61.17,61.17,59.99,59.99,1219000
2015-03-26,59.1,59.99,59.1,59.69,1043000
2015-03-27,60.29,60.29,57.92,58.45,2929000
2015-03-30,59.04,59.69,58.51,59.4,1225000
2015-03-31,59.99,60.29,59.04,59.1,1243000
2015-04-01,59.1,59.4,58.39,58.39,1257000
2015-04-02,59.1,60.88,59.1,60.58,2743000
2015-04-07,60.88,60.88,59.69,59.69,1581000
2015-04-08,60.29,60.58,59.1,59.1,1924000
2015-04-09,59.69,59.99,58.39,58.39,2182000
2015-04-10,58.99,59.1,57.8,57.86,2520000
2015-04-13,58.04,58.16,57.21,57.39,2229000
2015-04-14,57.33,57.8,57.09,57.63,3153000
2015-04-15,57.8,57.8,56.74,56.74,2977000
2015-04-16,57.04,57.51,56.86,57.51,1082000
2015-04-17,57.63,57.63,56.98,56.98,1117000
2015-04-20,56.74,57.09,56.27,56.27,2062000
2015-04-21,56.44,56.98,56.15,56.15,1368000
2015-04-22,56.44,58.39,56.44,57.63,1988000
2015-04-23,57.8,58.22,57.39,58.22,1626000
2015-04-24,58.28,58.57,57.98,58.04,2494000
2015-04-27,58.34,58.51,58.04,58.04,2267000
2015-04-28,58.81,59.69,58.57,58.69,2685000
2015-04-29,58.39,58.39,56.92,57.33,3258000
2015-04-30,56.8,57.21,56.62,56.74,2380000
2015-05-04,56.74,56.74,55.85,55.85,2922000
2015-05-05,55.56,56.27,55.26,55.5,2474000
2015-05-06,55.2,55.44,55.03,55.08,2324000
2015-05-07,54.97,55.03,54.49,54.67,1984000
2015-05-08,54.67,55.14,53.84,54.02,2083000
2015-05-11,54.38,54.61,53.25,53.25,1988000
2015-05-12,53.25,53.96,53.25,53.73,1730000
2015-05-13,53.73,54.38,53.73,54.14,1526000
2015-05-14,54.14,54.85,53.78,54.61,1703000
2015-05-15,54.67,54.79,54.2,54.43,1320000
2015-05-18,54.43,54.55,53.96,54.49,1085000
2015-05-19,54.85,55.73,54.26,54.79,1872000
2015-05-20,54.79,54.97,54.55,54.55,1927000
2015-05-21,54.2,54.2,53.43,53.73,1872000
2015-05-22,53.78,54.26,53.78,53.96,1440000
2015-05-25,54.08,54.2,53.96,54.02,591000
2015-05-26,54.55,54.61,53.9,54.14,873000
2015-05-27,54.38,54.49,54.14,54.32,492000
2015-05-28,54.97,55.32,54.49,55.08,2115000
2015-05-29,55.08,55.68,54.97,55.38,2967000
2015-06-01,55.56,55.56,54.55,55.2,1065000
2015-06-02,55.62,56.27,55.2,55.79,2748000
2015-06-03,56.09,56.09,54.67,54.67,1517000
2015-06-04,54.43,54.67,53.49,53.78,2552000
2015-06-05,53.49,53.49,50.36,51.83,5520
2015-06-08,52.01,52.78,51.83,52.37,2647000
2015-06-09,52.31,52.31,47.16,47.46,5658
2015-06-10,47.46,48.11,46.87,47.11,4368000
2015-06-11,47.22,47.76,45.33,46.4,5852
2015-06-12,46.4,47.64,46.4,47.16,2886000
2015-06-15,47.16,47.76,46.99,47.28,1565000
2015-06-16,47.52,47.52,46.87,47.22,1357000
2015-06-17,47.34,48.11,47.28,47.52,2180000
2015-06-18,48.17,48.17,47.64,47.76,1483000
2015-06-22,47.99,48.17,47.05,47.05,3253000
2015-06-23,47.05,47.52,46.87,46.93,2423000
2015-06-24,46.93,47.28,46.87,47.05,1100000
2015-06-25,47.28,48.11,47.16,47.46,2434000
2015-06-26,47.46,47.64,47.05,47.28,1217000
2015-06-29,46.99,46.99,46.4,46.93,1627000
2015-06-30,47.34,47.34,46.4,46.75,1826000
2015-07-01,46.69,49.29,46.69,49.0,3892000
2015-07-02,49.29,49.71,49.12,49.12,2905000
2015-07-03,48.64,48.7,47.87,47.99,2047000
2015-07-06,47.28,47.52,47.05,47.28,1767000
2015-07-07,47.16,48.11,47.11,47.7,1761000
2015-07-08,47.34,47.52,44.8,45.27,3096000
2015-07-09,43.74,45.27,42.91,45.1,3136000
2015-07-10,45.1,45.1,45.1,45.1,0
2015-07-13,45.51,46.1,45.21,45.51,2369000
2015-07-14,45.81,45.86,45.33,45.57,1868000
2015-07-15,45.86,45.92,44.74,44.8,1186000
2015-07-16,44.92,45.39,44.8,44.8,1181000
2015-07-17,45.45,45.45,44.27,44.27,1905000
2015-07-20,44.39,44.68,43.15,43.15,1566000
2015-07-21,43.15,43.62,42.55,43.38,1161000
2015-07-22,42.97,43.15,42.5,42.5,1640000
2015-07-23,42.08,42.55,40.96,40.96,2594000
2015-07-24,41.31,41.67,41.14,41.37,1424000
2015-07-27,41.73,42.2,40.55,40.55,2222000
2015-07-28,40.31,41.73,39.72,41.49,2874000
2015-07-29,40.49,40.49,37.35,37.35,9220
2015-07-30,37.24,37.94,36.94,37.29,5371
2015-07-31,37.18,37.29,35.64,36.7,6335
2015-08-03,36.7,36.7,35.4,35.64,3398000
2015-08-04,35.52,35.64,33.45,33.69,5258
2015-08-05,33.98,35.11,33.98,34.34,3185000
2015-08-06,34.52,34.69,33.1,33.81,3175000
2015-08-07,33.22,34.4,33.22,34.22,2882000
2015-08-10,34.69,34.75,34.04,34.46,2564000
2015-08-11,35.11,35.7,34.58,34.58,3079000
2015-08-12,34.87,35.64,34.16,35.58,3216000
2015-08-13,35.94,36.23,34.99,35.64,3145000
2015-08-14,35.46,35.52,35.05,35.4,1789000
2015-08-17,35.4,35.52,34.69,34.69,1453000
2015-08-18,34.87,35.46,34.69,34.81,1556000
2015-08-19,34.87,34.87,34.28,34.28,1708000
2015-08-20,34.22,34.58,33.69,33.81,2204000
2015-08-21,32.92,33.33,32.63,32.63,3082000
2015-08-24,32.15,32.15,29.4,29.97,3545000
2015-08-25,29.91,31.62,29.85,31.56,4029000
2015-08-26,31.5,32.21,31.15,31.92,3436000
2015-08-27,32.39,32.57,31.8,32.03,5031
2015-08-28,32.51,34.63,32.39,34.1,5911
2015-08-31,34.46,34.63,34.16,34.52,5563
2015-09-01,34.75,35.17,34.58,34.99,6154
2015-09-02,35.52,35.65,34.66,34.86,6928
2015-09-03,35.06,35.32,34.46,34.79,3748000
2015-09-04,34.92,35.71,34.73,34.73,2778000
2015-09-07,34.53,34.79,34.0,34.2,1448000
2015-09-08,34.2,34.99,33.74,33.94,3947000
2015-09-09,34.86,35.84,34.59,35.58,7063
2015-09-10,35.58,35.98,35.45,35.91,4736000
2015-09-11,35.98,38.61,35.98,37.88,9253
2015-09-14,37.88,39.4,36.83,37.16,12416
2015-09-15,37.36,37.36,36.44,36.77,3733000
2015-09-16,37.23,38.08,36.77,37.03,6075
2015-09-17,37.62,40.38,37.62,40.05,12782
2015-09-18,40.32,42.36,39.59,41.76,16131
2015-09-21,41.17,41.17,40.12,40.45,7573
2015-09-22,40.58,40.97,39.66,39.66,7754
2015-09-23,39.0,39.33,38.01,38.67,8143
2015-09-24,39.0,39.2,36.83,37.23,7901
2015-09-25,37.49,38.41,36.83,37.75,5723
2015-09-29,37.75,37.75,37.75,37.75,0
2015-09-30,36.83,37.29,36.24,36.7,6723
2015-10-01,37.16,38.28,37.03,38.01,6704
2015-10-02,38.34,39.53,37.88,38.8,7276
2015-10-05,39.46,41.7,38.94,41.43,17398
2015-10-06,42.75,43.01,40.97,40.97,16429
2015-10-07,41.57,44.33,41.24,43.74,22887
2015-10-08,44.72,45.45,42.29,42.49,22344
2015-10-12,42.75,43.08,41.9,43.01,11475
2015-10-13,43.08,44.59,42.75,43.8,14717
2015-10-14,43.8,44.33,43.21,44.07,8581
2015-10-15,44.99,45.12,44.13,44.39,10317
2015-10-16,44.59,45.25,44.26,44.92,6866
2015-10-19,45.25,46.5,45.12,45.84,9649
2015-10-20,46.04,46.5,45.25,45.71,5073
2015-10-21,46.04,46.24,44.46,44.46,6855
2015-10-22,44.59,45.12,44.59,44.72,4289000
2015-10-23,45.58,45.84,44.72,44.79,5667
2015-10-26,45.78,47.62,45.51,47.16,12444
2015-10-27,47.42,48.01,46.37,47.88,9246
2015-10-28,43.14,45.51,43.14,44.0,18921
2015-10-29,44.26,45.51,44.2,44.72,9002
2015-10-30,44.72,45.25,44.13,44.79,4782000
2015-11-02,44.79,45.97,44.72,45.25,4766000
2015-11-03,45.97,46.96,45.51,46.43,7707
2015-11-04,47.22,47.88,46.76,47.42,10127
2015-11-05,48.34,49.33,47.22,48.8,9004
2015-11-06,49.72,52.81,49.33,50.18,26140
2015-11-09,50.18,50.18,47.49,47.55,11152
2015-11-10,47.42,49.66,47.29,48.01,7454
2015-11-11,48.27,49.06,47.68,47.81,5702
2015-11-12,48.34,48.41,44.85,46.37,9471
2015-11-13,45.78,47.95,45.78,46.17,6578
2015-11-16,45.05,46.7,45.05,45.71,5566
2015-11-17,46.63,47.35,46.3,47.09,5173
2015-11-18,47.42,47.62,46.7,47.35,3627000
2015-11-19,47.49,47.95,46.76,47.03,6226
2015-11-20,47.03,47.42,46.56,46.76,2307000
2015-11-23,46.96,47.68,46.24,47.68,5116
2015-11-24,48.34,49.46,46.5,46.5,11063
2015-11-25,46.43,46.89,45.12,45.32,5777
2015-11-26,45.71,46.3,45.71,45.78,3814000
2015-11-27,46.37,46.43,45.38,45.38,2902000
2015-11-30,44.59,44.92,44.2,44.33,6150
2015-12-01,44.79,46.89,44.72,46.56,5908
2015-12-02,46.7,47.68,46.56,46.89,3542000
2015-12-03,47.03,49.98,47.03,49.0,13237
2015-12-04,49.0,50.58,48.34,50.58,13388
2015-12-07,51.3,51.69,49.66,49.72,11982
2015-12-08,50.45,51.1,49.72,50.25,12867
2015-12-09,51.56,52.22,50.38,50.38,15224
2015-12-10,49.92,50.25,48.67,50.12,8180
2015-12-11,50.51,50.64,48.34,48.54,5430
2015-12-14,47.95,49.52,47.68,49.13,4023000
2015-12-15,49.85,50.97,49.46,49.98,6941
2015-12-16,51.17,51.17,50.38,50.51,6587
2015-12-17,51.17,53.27,50.64,52.81,14753
2015-12-18,53.6,54.52,52.68,54.13,12090
2015-12-21,53.6,54.65,52.62,53.54,7255
2015-12-22,54.06,54.79,53.67,53.93,6947
2015-12-23,54.72,54.72,52.68,52.68,4904000
2015-12-24,53.27,53.6,52.22,52.35,3657000
2015-12-25,52.81,53.27,52.35,53.27,2569000
2015-12-28,53.6,53.6,52.35,52.42,2614000
2015-12-29,52.42,52.94,52.29,52.62,1986000
2015-12-30,53.08,53.08,51.96,52.16,1984000
2015-12-31,51.96,52.02,51.63,51.76,1992000
2016-01-04,52.22,52.62,50.38,50.38,5116
2016-01-05,50.12,51.83,49.72,51.3,7664
2016-01-06,51.96,51.96,48.8,48.8,7794
2016-01-07,48.8,49.52,48.67,48.67,6380
2016-01-08,49.0,51.1,48.93,51.04,5739
2016-01-11,50.05,50.25,49.0,49.33,4756000
2016-01-12,49.46,50.51,48.6,48.6,3302000
2016-01-13,49.33,50.12,49.13,49.26,3325000
2016-01-14,48.34,48.54,46.89,46.89,5313
2016-01-15,47.95,48.67,47.55,48.01,5449
2016-01-18,47.16,48.67,47.03,48.67,3775000
2016-01-19,48.34,49.46,47.55,49.39,2912000
2016-01-20,49.13,49.52,47.95,47.95,3533000
2016-01-21,48.14,48.87,47.22,47.35,2522000
2016-01-22,48.14,48.54,47.49,48.54,1949000
2016-01-25,49.0,50.64,48.8,50.38,3112000
2016-01-26,49.92,50.77,49.52,49.98,2652000
2016-01-27,50.58,50.97,50.31,50.51,3476000
2016-01-28,50.84,54.26,50.71,54.26,11131
2016-01-29,54.26,54.92,53.14,54.0,7057
2016-02-01,54.52,56.76,54.19,56.43,8586
2016-02-02,56.76,57.61,56.17,57.29,7194
2016-02-03,56.89,57.22,55.05,55.38,5684
2016-02-15,55.77,56.5,54.92,56.5,4970000
2016-02-16,56.82,57.55,56.17,57.55,3198000
2016-02-17,57.55,58.07,54.98,54.98,6341
2016-02-18,55.64,57.22,55.51,57.22,6109
2016-02-19,55.77,56.17,54.59,54.59,7863
2016-02-22,54.72,55.44,54.19,54.85,3466000
2016-02-23,55.38,55.38,53.93,54.0,3437000
2016-02-24,54.46,54.46,53.21,54.0,3503000
2016-02-25,54.0,54.39,53.73,53.87,2626000
2016-02-26,54.26,55.18,54.0,55.18,3659000
2016-03-01,55.64,55.64,54.79,55.05,3103000
2016-03-02,55.51,55.64,54.46,54.59,3666000
2016-03-03,55.25,56.04,54.39,54.46,4826000
2016-03-04,54.79,54.79,54.13,54.46,2766000
2016-03-07,54.59,54.79,53.73,53.73,2155000
2016-03-08,53.87,53.93,53.01,53.47,2509000
2016-03-09,53.6,53.6,52.75,53.27,1829000
2016-03-10,53.27,53.67,53.01,53.27,1473000
2016-03-11,53.27,54.13,53.27,53.93,3508000
2016-03-14,54.39,54.92,54.06,54.59,3498000
2016-03-15,54.65,54.92,52.75,53.01,3050000
2016-03-16,53.27,54.46,52.42,54.26,3458000
2016-03-17,54.59,54.98,54.13,54.59,4971000
2016-03-18,55.25,55.97,54.85,55.05,8705
2016-03-21,54.98,55.9,54.52,55.64,2554000
2016-03-22,55.71,55.77,54.65,55.25,3347000
2016-03-23,55.25,55.77,54.92,55.44,2353000
2016-03-24,55.44,56.3,55.25,55.25,3391000
2016-03-25,55.71,55.71,54.92,54.98,1066000
2016-03-28,55.18,55.84,55.18,55.71,2277000
2016-03-29,55.97,58.07,55.97,57.61,9763
2016-03-30,58.27,59.19,57.29,58.01,8671
2016-03-31,58.4,58.8,57.35,58.21,3158000
2016-04-01,58.01,58.14,56.89,57.48,3114000
2016-04-06,57.09,57.42,55.58,56.82,3974000
2016-04-07,56.76,57.35,56.1,56.82,2406000
2016-04-08,57.55,58.73,56.96,57.09,4957000
2016-04-11,57.61,57.88,56.69,56.96,2267000
2016-04-12,56.96,57.94,56.36,56.36,1805000
2016-04-13,56.76,57.29,56.1,56.89,2027000
2016-04-14,57.81,58.6,57.68,58.01,4346000
2016-04-15,58.07,58.4,57.35,58.14,2455000
2016-04-18,57.75,57.88,56.89,57.15,1699000
2016-04-19,57.55,58.27,57.42,57.94,2218000
2016-04-20,58.34,58.93,56.56,56.56,3081000
2016-04-21,56.82,57.09,55.97,56.3,1433000
2016-04-22,56.3,57.35,56.04,56.23,2253000
2016-04-25,56.82,57.15,56.43,57.09,1961000
2016-04-26,57.09,57.88,56.69,57.88,2251000
2016-04-27,56.63,59.32,56.56,58.6,9058
2016-04-28,59.13,59.85,58.8,59.19,6312
2016-04-29,59.19,60.18,58.86,59.46,4582000
2016-05-03,59.85,60.18,58.6,60.05,3283000
2016-05-04,59.59,60.51,59.19,59.85,3238000
2016-05-05,59.72,59.85,58.67,59.0,2957000
2016-05-06,58.67,59.06,58.21,59.0,2455000
2016-05-09,59.19,59.72,58.07,58.27,1864000
2016-05-10,58.53,60.05,58.4,60.05,2633000
2016-05-11,60.51,61.43,60.18,60.31,3989000
2016-05-12,60.31,60.97,59.19,59.72,3329000
2016-05-13,59.85,60.24,58.53,58.93,3934000
2016-05-16,58.86,59.65,58.53,59.65,1768000
2016-05-17,59.78,60.18,59.0,59.46,1569000
2016-05-18,59.19,60.84,59.19,60.84,3550000
2016-05-19,60.57,60.71,59.59,59.59,2208000
2016-05-20,59.98,60.24,59.06,59.46,1712000
2016-05-23,59.46,61.76,59.13,61.63,3596000
2016-05-24,60.84,60.84,57.15,57.48,12243
2016-05-25,58.07,58.14,54.98,56.23,16232
2016-05-26,56.43,57.22,56.17,56.63,6692
2016-05-27,56.82,57.88,56.82,57.35,5373
2016-05-30,57.29,57.88,57.02,57.88,2797000
2016-05-31,57.61,58.14,57.22,58.14,4493000
2016-06-01,58.07,58.86,57.42,57.48,4551000
2016-06-02,57.61,58.21,57.35,57.55,3438000
2016-06-03,57.88,58.01,57.35,58.01,2191000
2016-06-06,58.01,58.34,57.42,58.07,1991000
2016-06-07,58.47,59.52,58.21,59.19,4196000
2016-06-08,59.32,60.24,59.19,59.72,3415000
2016-06-13,60.44,62.48,60.31,62.48,10783
2016-06-14,62.15,62.15,61.23,61.49,3531000
2016-06-15,61.95,62.15,61.23,61.56,1892000
2016-06-16,61.69,62.48,61.69,62.15,3338000
2016-06-17,62.48,62.48,61.63,62.35,2591000
2016-06-20,62.48,62.48,61.82,62.42,1475000
2016-06-21,62.42,64.26,62.42,64.19,4338000
2016-06-22,63.8,64.19,63.01,63.66,2103000
2016-06-23,63.86,63.93,62.88,63.14,1993000
2016-06-24,63.2,63.66,60.57,61.03,2630000
2016-06-27,60.51,62.15,60.44,61.56,1683000
2016-06-28,63.14,67.08,62.61,66.43,189000
2016-06-29,66.43,66.43,64.98,65.7,3558000
2016-06-30,65.77,66.43,65.24,65.7,2534000
2016-07-01,65.77,67.41,65.44,65.57,2511000
2016-07-04,65.24,65.77,64.91,65.44,1804000
2016-07-05,65.44,66.1,64.91,65.05,2292000
2016-07-06,64.13,64.52,63.47,64.39,2198000
2016-07-07,65.44,67.08,64.98,67.08,4026000
2016-07-08,67.08,67.08,67.08,67.08,0
2016-07-11,69.06,71.03,67.74,70.37,7796
2016-07-12,70.7,71.69,68.07,68.73,6250
2016-07-13,69.72,71.03,69.06,70.7,3967000
2016-07-14,70.37,72.68,70.37,72.02,7477
2016-07-15,72.02,72.35,71.03,71.36,3153000
2016-07-18,72.02,72.35,70.7,72.02,2057000
2016-07-19,73.33,74.65,72.02,72.68,4309000
2016-07-20,71.36,72.02,69.39,70.04,2825000
2016-07-21,71.03,72.35,70.7,71.36,2547000
2016-07-22,71.36,71.36,70.04,71.03,1246000
2016-07-25,71.69,72.02,69.72,70.04,1599000
2016-07-26,70.04,71.69,69.72,71.03,4234000
2016-07-27,74.32,77.94,73.99,76.95,14661
2016-07-28,76.29,77.28,74.98,76.95,6865
2016-07-29,77.61,77.94,74.98,75.96,5967
2016-08-01,76.62,77.61,75.31,77.61,3440000
2016-08-02,77.61,77.61,75.96,76.95,3583000
2016-08-03,75.96,78.27,75.96,77.94,3597000
2016-08-04,78.27,82.21,77.94,81.55,7206
2016-08-05,81.55,81.88,80.24,80.9,2920000
2016-08-08,81.88,84.84,81.55,84.51,4935000
2016-08-09,83.53,83.86,82.21,82.54,3468000
2016-08-10,81.55,82.87,80.9,81.88,2888000
2016-08-11,81.88,83.2,80.24,81.23,2759000
2016-08-12,81.23,82.54,80.57,80.57,1925000
2016-08-15,81.55,84.18,81.23,83.53,2052000
2016-08-16,84.18,84.18,81.88,82.87,1930000
2016-08-17,82.87,83.86,81.88,83.86,1794000
2016-08-18,83.86,85.17,83.53,84.51,2201000
2016-08-19,85.17,87.47,84.84,85.5,4300000
2016-08-22,84.84,84.84,79.91,81.88,4797000
2016-08-23,82.54,82.87,81.23,82.21,1675000
2016-08-24,81.88,81.88,78.59,79.91,4353000
2016-08-25,80.57,83.53,80.24,83.2,3896000
2016-08-26,82.87,83.86,82.21,83.53,1994000
2016-08-29,83.53,83.86,82.21,83.86,1111000
2016-08-30,83.86,84.84,83.53,84.51,1942000
2016-08-31,84.18,84.84,83.2,83.53,2825000
2016-09-01,84.55,84.55,82.17,82.85,2613000
2016-09-02,82.85,83.53,79.11,80.47,2596000
2016-09-05,81.15,81.83,79.79,81.49,1549000
2016-09-06,82.85,83.53,81.49,82.17,1946000
2016-09-07,81.83,82.17,80.81,81.49,1743000
2016-09-08,80.47,84.55,80.47,82.85,4489000
2016-09-09,81.83,83.19,81.49,83.19,1307000
2016-09-12,80.47,81.83,78.43,78.77,3490000
2016-09-13,79.45,80.13,78.09,78.43,2780000
2016-09-14,78.09,79.45,77.42,77.76,3003000
2016-09-19,78.43,81.49,77.76,81.15,3026000
2016-09-20,79.79,80.13,77.42,77.76,3819000
2016-09-21,77.08,77.76,75.04,76.4,4824000
2016-09-22,77.42,77.76,74.36,75.04,4431000
2016-09-23,76.06,76.74,73.34,76.74,4891000
2016-09-26,76.4,76.4,73.68,74.02,4311000
2016-09-27,74.02,74.02,74.02,74.02,0
2016-09-28,74.02,74.02,74.02,74.02,0
2016-09-29,73.34,73.34,68.25,69.61,13186
2016-09-30,70.62,71.64,69.95,70.62,6111
2016-10-03,70.96,74.02,70.96,73.34,5923
2016-10-04,74.02,76.06,73.68,75.38,6505
2016-10-05,75.38,76.06,74.02,74.7,3313000
2016-10-06,75.72,76.74,74.7,75.72,3491000
2016-10-07,76.06,76.06,74.7,75.72,2343000
2016-10-11,76.74,76.74,74.36,76.74,5769
2016-10-12,76.06,77.42,75.38,76.74,3469000
2016-10-13,76.74,76.74,74.02,75.72,4353000
2016-10-14,75.72,76.06,74.36,74.7,2089000
2016-10-17,74.7,75.38,72.32,74.7,3755000
2016-10-18,74.7,74.7,72.32,72.66,3814000
2016-10-19,72.32,72.66,69.95,70.62,7777
2016-10-20,70.96,72.32,70.29,71.3,3241000
2016-10-21,70.96,71.3,69.27,70.29,5959
2016-10-24,70.29,72.32,69.27,71.98,3350000
2016-10-25,72.32,73.0,71.64,72.32,3181000
2016-10-26,72.66,73.34,71.64,73.0,2137000
2016-10-27,71.64,72.32,70.62,70.62,4004000
2016-10-28,70.62,71.3,69.95,70.62,2717000
2016-10-31,70.29,73.68,69.95,72.66,4656000
2016-11-01,72.32,72.32,70.96,70.96,3962000
2016-11-02,71.3,73.34,70.96,71.64,4511000
2016-11-03,71.3,71.64,69.95,70.96,3159000
2016-11-04,70.29,72.66,69.27,71.98,3518000
2016-11-07,72.32,73.0,71.3,71.3,1877000
2016-11-08,71.64,72.66,70.96,72.66,1701000
2016-11-09,73.0,73.34,68.93,69.27,3235000
2016-11-10,71.3,72.66,70.96,71.3,2159000
2016-11-11,69.95,70.96,68.59,68.59,3825000
2016-11-14,68.93,69.95,66.89,69.95,3636000
2016-11-15,67.91,68.93,67.64,67.84,3853000
2016-11-16,68.59,69.95,68.25,69.95,2974000
2016-11-17,70.29,70.62,69.27,70.29,1761000
2016-11-18,69.95,71.64,69.61,71.64,2225000
2016-11-21,71.3,73.0,70.96,71.3,3157000
2016-11-22,71.64,73.0,71.3,72.66,2272000
2016-11-23,72.66,73.34,71.98,72.66,2496000
2016-11-24,72.32,72.66,71.64,72.32,790000
2016-11-25,71.98,72.32,71.3,71.3,522000
2016-11-28,71.3,71.64,70.62,70.96,1252000
2016-11-29,70.96,70.96,69.27,69.27,2580000
2016-11-30,69.27,69.95,67.23,67.23,4558000
2016-12-01,67.64,68.25,67.64,68.25,2950000
2016-12-02,67.7,68.59,66.21,68.59,3813000
2016-12-05,67.91,68.93,67.03,67.57,2748000
2016-12-06,67.91,68.59,67.3,68.25,2637000
2016-12-07,68.25,68.25,67.16,68.25,3427000
2016-12-08,68.25,70.62,67.91,70.62,2708000
2016-12-09,70.62,71.64,69.95,71.3,1944000
2016-12-12,70.96,71.64,70.62,71.64,1264000
2016-12-13,71.3,71.64,70.62,71.3,1412000
2016-12-14,71.3,71.3,69.95,69.95,1549000
2016-12-15,69.61,70.62,68.93,69.61,1169000
2016-12-16,69.61,69.95,68.59,68.59,1344000
2016-12-19,68.93,69.61,68.25,68.25,1143000
2016-12-20,67.91,68.93,67.91,68.93,1576000
2016-12-21,68.93,69.61,68.25,68.59,1149000
2016-12-22,68.59,68.93,67.23,67.23,1662000
2016-12-23,67.16,68.59,67.09,67.37,1207000
2016-12-26,67.91,68.25,67.64,67.91,361000
2016-12-27,67.91,67.91,67.43,67.77,352000
2016-12-28,68.25,68.93,67.77,68.25,690000
2016-12-29,68.59,68.93,68.25,68.25,735000
2016-12-30,68.59,69.95,68.59,69.27,1022000
2017-01-03,69.27,69.61,68.93,69.27,291000
2017-01-04,69.61,69.61,67.91,68.25,1193000
2017-01-05,68.59,69.61,67.91,68.93,2110000
2017-01-06,68.93,69.27,68.25,68.59,1151000
2017-01-09,68.59,68.93,68.25,68.59,927000
2017-01-10,68.59,69.27,68.25,68.93,1152000
2017-01-11,68.93,70.62,68.93,70.29,2765000
2017-01-12,70.62,71.64,70.29,71.3,2403000
2017-01-13,71.3,72.66,70.96,72.66,2203000
2017-01-16,72.66,73.34,71.3,73.0,2082000
2017-01-17,73.34,74.02,73.0,74.02,2507000
2017-01-18,74.02,74.36,73.0,73.34,2437000
2017-01-19,73.34,74.36,73.0,73.68,1407000
2017-01-20,73.34,74.7,72.66,74.7,2811000
2017-01-23,76.4,76.4,73.34,73.68,2188000
2017-01-24,73.68,74.7,73.68,74.02,1408000
2017-02-02,73.34,73.34,70.96,71.64,3261000
2017-02-03,71.64,72.32,71.3,72.32,1639000
2017-02-06,72.32,74.7,71.98,74.02,2788000
2017-02-07,74.36,74.7,73.0,74.02,2667000
2017-02-08,74.7,75.38,73.68,74.02,3002000
2017-02-09,76.74,81.15,76.4,81.15,15491
2017-02-10,82.17,82.85,79.45,81.15,8697
2017-02-13,81.49,82.51,80.81,81.83,3492000
2017-02-14,82.85,82.85,79.11,79.11,2536000
2017-02-15,79.79,80.47,78.09,78.77,2099000
2017-02-16,79.45,79.79,77.42,77.42,1778000
2017-02-17,77.76,80.47,77.42,80.47,3237000
2017-02-20,79.45,79.45,77.42,77.42,1306000
2017-02-21,77.76,78.43,76.74,78.09,1268000
2017-02-22,78.43,78.43,77.08,77.08,1148000
2017-02-23,77.42,78.09,76.74,77.08,1326000
2017-02-24,77.76,78.43,76.74,77.76,1747000
2017-03-01,76.4,76.4,74.36,74.7,2995000
2017-03-02,75.04,75.72,73.34,73.68,2526000
2017-03-03,73.0,74.36,72.66,73.68,1781000
2017-03-06,75.04,75.72,74.02,74.02,2268000
2017-03-07,74.36,75.38,74.36,74.36,1101000
2017-03-08,74.7,75.72,74.36,75.38,1192000
2017-03-09,75.38,76.06,73.34,73.34,2055000
2017-03-10,73.34,74.7,72.66,74.36,794000
2017-03-13,73.68,75.38,73.68,74.02,1198000
2017-03-14,74.7,76.4,74.36,75.38,1621000
2017-03-15,75.04,76.06,74.7,75.38,875000
2017-03-16,76.06,76.4,75.38,76.06,1456000
2017-03-17,76.4,76.4,74.7,75.04,1216000
2017-03-20,74.7,75.04,73.68,74.36,1098000
2017-03-21,74.7,74.7,73.68,74.36,1705000
2017-03-22,73.0,74.02,72.66,73.68,1914000
2017-03-23,74.02,74.36,73.34,74.36,1823000
2017-03-24,74.02,74.7,73.68,73.68,1512000
2017-03-27,73.68,74.02,72.66,73.34,1637000
2017-03-28,74.02,74.36,72.32,73.68,1734000
2017-03-29,74.02,74.7,73.34,74.7,1711000
2017-03-30,75.04,75.04,73.0,73.0,1762000
2017-03-31,73.68,74.02,73.0,73.68,1046000
2017-04-05,74.36,76.74,74.02,76.74,3356000
2017-04-06,76.4,77.08,76.06,77.08,1795000
2017-04-07,77.42,77.42,74.7,75.38,1446000
2017-04-10,76.06,76.06,74.02,74.36,1142000
2017-04-11,73.34,74.36,72.66,73.68,1470000
2017-04-12,73.68,74.02,72.66,73.0,1179000
2017-04-13,73.0,73.34,72.66,72.66,774000
2017-04-14,72.32,72.66,71.64,71.64,814000
2017-04-17,71.98,71.98,68.93,69.95,1813000
2017-04-18,70.96,71.3,69.95,70.96,1084000
2017-04-19,69.95,70.62,69.27,69.61,1251000
2017-04-20,69.27,69.95,68.25,68.93,2055000
2017-04-21,69.27,70.29,68.93,70.29,1116000
2017-04-24,70.62,70.96,69.27,69.61,812000
2017-04-25,70.29,70.96,69.27,70.96,1564000
2017-04-26,69.61,69.61,67.57,68.25,4267000
2017-04-27,67.91,70.29,67.91,70.29,2810000
2017-04-28,69.61,69.95,69.27,69.27,2002000
2017-05-02,69.95,70.62,69.61,69.61,1662000
2017-05-03,69.95,70.62,69.61,70.29,859000
2017-05-04,70.29,70.29,69.61,69.61,1015000
2017-05-05,69.61,69.95,68.93,68.93,1292000
2017-05-08,69.27,69.61,68.93,69.27,1220000
2017-05-09,69.27,69.27,67.77,67.91,2644000
2017-05-10,67.91,69.27,67.91,68.93,1798000
2017-05-11,68.59,69.61,68.59,69.27,1460000
2017-05-12,68.93,69.61,68.25,68.59,2111000
2017-05-15,68.59,69.95,68.25,69.27,1724000
2017-05-16,69.27,70.29,69.27,69.27,2009000
2017-05-17,69.61,70.62,69.27,70.29,2203000
2017-05-18,69.27,69.95,68.93,69.61,2376000
2017-05-19,69.61,70.29,69.27,69.27,1693000
2017-05-22,69.27,70.29,68.93,69.95,1957000
2017-05-23,69.61,69.95,69.27,69.61,3680000
2017-05-24,69.61,69.95,68.93,69.27,2518000
2017-05-25,69.61,72.66,69.61,71.3,3833000
2017-05-26,70.96,71.3,68.93,69.27,3564000
2017-05-31,69.27,69.95,68.25,68.25,2863000
2017-06-01,68.59,69.27,68.59,69.27,1520000
2017-06-02,69.95,70.62,69.27,70.62,2331000
2017-06-05,71.3,71.64,70.62,71.64,1641000
2017-06-06,71.98,75.38,71.98,74.7,5217
2017-06-07,74.7,75.38,74.02,74.7,2795000
2017-06-08,74.7,76.06,74.02,74.7,2173000
2017-06-09,74.7,76.06,74.7,75.04,1875000
2017-06-12,74.36,75.72,73.34,75.72,1387000
2017-06-13,75.72,75.72,74.36,74.7,1747000
2017-06-14,75.04,75.04,72.66,73.34,2143000
2017-06-15,73.34,74.36,73.0,74.02,1500000
2017-06-16,73.68,76.74,73.68,76.74,3374000
2017-06-19,76.4,76.4,75.38,75.72,2129000
2017-06-20,75.72,76.4,75.38,75.38,1264000
2017-06-21,75.72,78.43,75.72,76.4,3788000
2017-06-22,76.06,76.74,75.04,75.38,1477000
2017-06-23,75.04,76.06,74.7,75.04,1000000
2017-06-26,75.38,77.42,75.04,77.08,2322000
2017-06-27,77.76,77.76,76.4,76.74,1556000
2017-06-28,76.4,76.74,75.38,76.06,1239000
2017-06-29,77.08,77.08,75.72,75.72,892000
2017-06-30,75.04,75.72,74.36,74.36,972000
2017-07-03,74.7,75.38,74.7,75.04,544000
2017-07-04,74.7,75.72,74.36,75.04,855000
2017-07-05,74.36,75.38,74.36,75.38,963000
2017-07-06,76.06,76.4,75.38,75.72,1016000
2017-07-07,75.38,76.06,75.04,75.04,723000
2017-07-10,74.7,75.04,74.7,75.04,762000
2017-07-11,75.04,76.4,75.04,76.4,1658000
2017-07-12,76.4,76.4,74.7,75.04,1090000
2017-07-13,75.04,76.4,75.04,76.06,837000
2017-07-14,76.06,77.08,76.06,76.74,1470000
2017-07-17,77.42,78.09,77.08,77.42,1271000
2017-07-18,77.76,78.77,77.42,78.77,2388000
2017-07-19,78.77,79.45,77.76,78.09,1714000
2017-07-20,78.43,79.11,78.09,78.77,1159000
2017-07-21,78.77,78.77,77.42,77.76,1213000
2017-07-24,77.42,78.43,77.08,77.76,967000
2017-07-25,77.76,78.43,77.76,78.09,663000
2017-07-26,78.43,79.11,78.09,78.77,714000
2017-07-27,79.11,79.11,77.76,78.09,1011000
2017-07-28,77.76,78.09,75.04,76.06,2471000
2017-07-31,76.4,77.76,75.72,76.74,1693000
2017-08-01,76.74,77.42,75.04,75.72,2362000
2017-08-02,76.06,77.42,76.06,77.08,1406000
2017-08-03,76.74,77.76,76.06,77.42,951000
2017-08-04,77.76,78.09,77.42,77.76,858000
2017-08-07,78.09,78.43,77.42,77.76,988000
2017-08-08,78.09,78.77,77.76,78.43,1394000
2017-08-09,78.09,78.09,75.72,76.06,1879000
2017-08-10,76.06,76.74,75.04,75.38,1151000
2017-08-11,74.7,76.06,74.7,76.06,653000
2017-08-14,75.72,76.06,74.7,74.7,1289000
2017-08-15,75.04,76.06,75.04,75.38,588000
2017-08-16,75.04,75.72,75.04,75.38,957000
2017-08-17,75.38,76.06,75.04,75.04,567000
2017-08-18,74.7,75.38,74.7,74.7,1134000
2017-08-21,74.7,75.72,74.7,75.38,734148
2017-08-22,76.06,76.06,75.04,76.06,480221
2017-08-23,76.4,76.4,75.04,75.38,617593
2017-08-24,75.72,75.72,74.36,75.04,1636613
2017-08-25,75.04,75.38,73.34,74.02,1931948
2017-08-28,73.68,75.38,73.68,75.04,1013133
2017-08-29,75.04,75.38,74.7,74.7,922999
2017-08-30,75.04,75.72,74.7,75.72,1057059
2017-08-31,75.72,79.45,75.38,79.45,2792781
2017-09-01,79.45,79.79,77.42,78.09,1719433
2017-09-04,77.76,78.09,76.74,77.42,1112192
2017-09-05,77.76,78.09,77.42,78.09,1172505
2017-09-06,78.09,79.11,77.76,78.43,2782225
2017-09-07,78.08,78.79,77.03,77.38,2147563
2017-09-08,77.73,78.43,76.68,78.43,1514814
2017-09-11,77.38,77.73,75.62,75.62,1887693
2017-09-12,76.32,76.32,75.27,75.97,927507
2017-09-13,75.97,76.32,73.86,75.27,1572367
2017-09-14,74.92,75.62,74.57,75.62,928726
2017-09-15,75.27,75.97,74.57,75.27,1181322
2017-09-18,75.62,77.38,75.27,77.03,1190260
2017-09-19,77.03,77.03,75.62,75.97,1299753
2017-09-20,75.97,75.97,73.51,74.21,1783759
2017-09-21,74.21,75.62,73.86,74.92,1666035
2017-09-22,74.92,75.27,73.86,74.92,1367948
2017-09-25,74.57,74.57,72.45,73.16,1455604
2017-09-26,72.81,73.51,71.75,72.81,1295665
2017-09-27,72.81,73.51,72.81,72.81,518945
2017-09-28,72.81,73.86,72.45,73.16,903192
2017-09-29,73.86,74.21,73.16,73.51,837101
2017-10-02,74.92,75.97,73.86,75.97,744229
2017-10-03,75.97,77.38,75.27,76.68,2080122
2017-10-05,77.03,77.38,76.32,77.03,1283284
2017-10-06,76.68,77.03,74.92,76.68,2087704
2017-10-11,77.38,77.73,76.32,77.03,1618692
2017-10-12,77.73,78.08,77.03,77.73,1508332
2017-10-13,77.73,78.43,76.68,78.43,1216486
2017-10-16,79.49,79.49,77.38,77.73,866196
2017-10-17,77.73,78.08,77.38,77.73,870924
2017-10-18,77.73,77.73,76.68,77.38,1133677
2017-10-19,77.38,77.38,76.68,77.38,862274
2017-10-20,77.03,79.14,76.68,78.43,1882379
2017-10-23,79.14,79.14,77.73,78.43,659362
2017-10-24,78.43,78.43,76.68,77.38,1125512
2017-10-25,77.03,78.43,77.03,77.73,2365165
2017-10-26,77.73,77.73,76.68,77.73,934251
2017-10-27,78.08,78.08,77.03,77.38,631412
2017-10-30,78.08,78.79,77.38,78.08,766273
2017-10-31,78.08,80.19,78.08,79.84,2494864
2017-11-01,81.25,86.52,80.9,83.01,9260
2017-11-02,83.01,87.58,83.01,84.41,8328
2017-11-03,85.12,85.82,82.65,84.06,2629081
2017-11-06,83.36,84.06,81.6,84.06,3126532
2017-11-07,84.06,84.06,82.3,83.01,2020539
2017-11-08,83.36,83.36,82.3,83.01,861166
2017-11-09,83.01,85.82,80.9,81.6,3731388
2017-11-10,81.6,82.3,80.54,81.25,2021425
2017-11-13,81.95,82.65,80.9,81.25,1161063
2017-11-14,81.6,81.95,79.49,80.19,1600934
2017-11-15,80.19,80.9,79.49,79.84,1717975
2017-11-16,79.84,81.6,79.49,80.54,1625379
2017-11-17,81.6,81.6,79.84,80.19,1414130
2017-11-20,80.19,80.19,79.14,79.84,874343
2017-11-21,80.19,81.25,79.84,80.9,1381848
2017-11-22,80.9,82.65,80.54,81.25,2367892
2017-11-23,81.95,82.65,80.54,82.3,1767244
2017-11-24,82.65,83.01,80.9,81.25,1262359
2017-11-27,81.6,81.6,79.49,79.84,1067798
2017-11-28,80.19,80.19,79.14,79.84,1113641
2017-11-29,80.19,80.54,78.43,78.79,1226267
2017-11-30,78.79,79.84,78.43,78.43,2394192
2017-12-01,78.79,79.14,74.21,75.27,3562707
2017-12-04,75.62,76.32,73.86,76.32,1693927
2017-12-05,75.62,75.97,74.57,75.27,1420455
2017-12-06,75.27,75.62,72.45,72.45,1966121
2017-12-07,72.81,73.16,71.05,71.4,2503208
2017-12-08,72.1,73.86,71.75,73.51,2101577
2017-12-11,73.86,74.57,73.16,73.16,1258299
2017-12-12,73.16,74.21,72.81,73.51,1509981
2017-12-13,73.86,74.92,73.51,74.92,1136235
2017-12-14,74.92,74.92,73.86,73.86,701058
2017-12-15,73.86,73.86,72.1,72.1,2077346
2017-12-18,73.16,73.51,72.1,73.51,1034968
2017-12-19,73.86,74.21,72.45,72.45,1999511
2017-12-20,73.51,73.86,72.45,72.81,1751084
2017-12-21,72.45,73.16,72.45,72.45,1007585
2017-12-22,72.45,75.27,72.45,74.21,2196391
2017-12-25,74.21,76.68,73.51,76.32,1451275
2017-12-26,76.32,76.68,74.57,75.27,1333920
2017-12-27,75.62,76.68,75.27,75.97,1068670
2017-12-28,75.97,77.03,75.27,76.32,1344437
2017-12-29,76.32,77.03,76.32,76.68,734863
2018-01-02,76.68,76.68,75.97,76.68,255352
2018-01-03,77.03,77.73,75.97,77.03,1189451
2018-01-04,77.03,77.73,76.68,77.73,664630
2018-01-05,77.73,79.14,77.38,79.14,1239283
2018-01-08,79.84,79.84,78.79,79.14,852936
2018-01-09,79.14,79.84,78.79,79.14,828164
2018-01-10,79.84,80.19,79.14,79.49,691050
2018-01-11,79.14,80.19,79.14,80.19,793639
2018-01-12,80.54,81.6,80.19,80.9,1569937
2018-01-15,80.9,80.9,79.84,80.9,711632
2018-01-16,83.01,84.41,81.95,83.36,3738786
2018-01-17,83.36,84.06,82.65,83.71,1986726
2018-01-18,84.41,84.41,83.36,84.06,2100234
2018-01-19,84.41,84.77,82.3,83.36,2057564
2018-01-22,83.36,86.52,83.01,85.12,2745587
2018-01-23,85.47,88.28,84.77,85.12,3739946
2018-01-24,85.82,86.17,84.41,85.82,1647039
2018-01-25,86.52,87.93,85.82,86.52,2107285
2018-01-26,86.52,88.99,85.82,88.63,3063979
2018-01-29,89.69,90.04,86.17,87.58,2875806
2018-01-30,87.58,87.58,84.77,85.47,1647392
2018-01-31,84.41,84.41,80.19,81.95,4575053
2018-02-01,81.95,82.3,81.25,81.6,1856842
2018-02-02,80.54,81.95,80.19,81.6,1929183
2018-02-05,78.08,80.54,76.68,80.19,3047546
2018-02-06,77.38,77.73,74.92,75.97,5787
2018-02-07,77.73,79.84,77.73,78.79,3303222
2018-02-08,78.79,80.19,78.08,79.49,2476252
2018-02-09,75.97,78.08,75.27,76.68,2984071
2018-02-12,76.68,78.79,76.68,78.08,1653852
2018-02-21,78.08,81.25,78.08,80.9,3046164
2018-02-22,79.49,79.84,78.08,79.14,2605053
2018-02-23,79.84,80.19,78.79,79.14,1311964
2018-02-26,79.84,81.6,79.49,81.25,1217184
2018-02-27,82.3,83.71,81.6,81.6,3533036
2018-03-01,80.19,81.6,79.84,81.25,1789852
2018-03-02,79.84,80.9,79.49,79.84,1762627
2018-03-05,80.19,80.54,79.14,79.14,1322381
2018-03-06,79.84,80.19,79.49,79.84,1488619
2018-03-07,79.49,80.19,79.14,79.49,1063221
2018-03-08,79.49,79.84,79.14,79.49,1404774
2018-03-09,79.49,81.25,79.14,80.19,2219320
2018-03-12,80.9,84.77,80.54,84.06,4304750
2018-03-13,83.71,85.12,82.3,84.06,2629679
2018-03-14,84.06,85.47,83.36,84.41,1802252
2018-03-15,84.41,86.52,83.71,86.52,1423106
2018-03-16,86.17,86.17,84.77,86.17,2012157
2018-03-19,85.82,86.88,85.47,86.52,1345061
2018-03-20,85.47,87.58,84.77,87.58,2102025
2018-03-21,87.93,88.63,86.88,87.93,3845319
2018-03-22,87.93,88.28,86.88,87.58,1255301
2018-03-23,84.06,85.47,83.71,84.77,1758002
2018-03-26,84.06,86.88,84.06,86.52,1148694
2018-03-27,87.58,87.93,86.52,86.88,999703
2018-03-28,86.52,89.34,86.17,88.63,2221686
2018-03-29,88.99,89.34,87.93,88.28,1433434
2018-03-30,88.28,90.74,87.58,90.74,2706980
2018-04-02,91.45,92.85,87.58,87.93,3301107
2018-04-03,86.52,91.45,86.17,90.04,3233149
2018-04-09,92.5,94.61,90.74,90.74,5191
2018-04-10,90.74,91.8,88.28,91.1,3153168
2018-04-11,90.39,91.8,88.99,91.45,2497829
2018-04-12,91.45,92.15,90.39,91.8,1232562
2018-04-13,92.15,94.26,91.8,92.5,2817543
2018-04-16,92.15,93.56,91.1,93.21,1367756
2018-04-17,93.21,93.56,89.69,90.39,2693689
2018-04-18,89.69,91.1,88.99,90.04,2269920
2018-04-19,91.1,93.56,91.1,93.21,2822940
2018-04-20,91.8,92.85,90.04,90.04,1326864
2018-04-23,89.69,96.02,89.69,93.56,4823017
2018-04-24,93.21,93.91,87.93,88.63,2925743
2018-04-25,81.6,81.6,79.84,79.84,8064
2018-04-26,79.84,80.54,78.08,79.49,5801
2018-04-27,79.49,79.84,75.62,77.03,6118
2018-04-30,76.68,79.84,75.62,79.49,4279895
2018-05-02,78.43,80.19,78.08,79.49,2341807
2018-05-03,78.79,79.49,77.73,78.79,1346498
2018-05-04,78.08,78.43,77.03,77.38,2014126
2018-05-07,78.08,79.14,77.38,77.38,1087682
2018-05-08,77.38,78.08,77.03,77.73,1777350
2018-05-09,77.73,79.14,77.73,78.43,1711993
2018-05-10,78.43,79.84,78.08,78.79,1878465
2018-05-11,79.14,80.54,79.14,79.84,1174627
2018-05-14,80.19,81.95,79.84,81.25,1209363
2018-05-15,81.6,83.01,81.25,82.3,1857773
2018-05-16,81.95,82.3,80.9,81.25,1106621
2018-05-17,81.95,81.95,80.54,80.54,598408
2018-05-18,81.25,81.25,80.19,80.19,375791
2018-05-21,80.9,81.95,80.54,81.6,377649
2018-05-22,81.95,83.36,81.95,82.3,782371
2018-05-23,82.65,83.01,81.25,81.25,752862
2018-05-24,81.95,82.3,80.9,80.9,486920
2018-05-25,81.25,81.95,80.9,81.25,460526
2018-05-28,81.95,83.71,81.25,82.65,1008165
2018-05-29,82.65,83.01,80.19,80.19,951158
2018-05-30,79.84,80.9,79.14,79.14,1232503
2018-05-31,79.84,81.25,79.84,80.54,1880416
2018-06-01,80.19,83.01,80.19,81.95,1458870
2018-06-04,82.3,83.71,81.6,83.01,1511047
2018-06-05,83.01,83.71,80.54,81.25,1833941
2018-06-06,81.6,81.95,80.9,80.9,1166946
2018-06-07,81.6,81.6,79.84,80.9,1554160
2018-06-08,80.54,80.9,79.49,80.19,1446956
2018-06-11,80.19,80.54,79.14,79.14,1016364
2018-06-12,79.14,79.14,78.08,78.08,1904870
2018-06-13,78.79,79.14,78.08,78.79,1707969
2018-06-14,78.43,78.79,78.08,78.08,2123488
2018-06-15,78.43,80.19,77.73,79.49,7472
2018-06-19,78.79,80.9,78.08,80.19,2115642
2018-06-20,80.19,80.9,79.14,80.19,1544801
2018-06-21,80.19,80.9,79.49,80.19,1040918
2018-06-22,79.84,80.54,78.79,80.54,982837
2018-06-25,79.84,80.19,78.43,79.49,1269707
2018-06-26,78.43,79.84,77.38,78.79,1525383
2018-06-27,78.79,79.84,78.79,78.79,1071943
2018-06-28,78.79,78.79,76.68,77.03,1529735
2018-06-29,77.38,78.08,77.03,78.08,1486742
2018-07-02,78.43,80.54,78.43,79.49,1677726
2018-07-03,79.14,80.54,78.43,78.43,950075
2018-07-04,78.43,79.84,78.43,78.79,827781
2018-07-05,78.79,80.54,78.79,78.79,958115
2018-07-06,79.49,81.25,79.49,79.84,1500993
2018-07-09,80.54,81.6,80.54,81.25,1014063
2018-07-10,81.6,82.3,81.25,81.95,1066434
2018-07-11,81.6,83.01,81.6,81.95,1292676
2018-07-12,81.6,84.06,81.25,83.71,1772481
2018-07-13,84.41,85.47,83.36,83.36,1516506
2018-07-16,83.71,84.06,82.65,83.01,775868
2018-07-17,83.71,85.47,83.01,84.41,1659227
2018-07-18,85.12,86.17,85.12,85.12,1640283
2018-07-19,84.77,86.88,84.77,85.82,1518969
2018-07-20,86.52,87.58,85.12,86.88,1865438
2018-07-23,86.52,86.88,84.41,84.41,1670470
2018-07-24,84.77,86.17,84.06,84.77,1068247
2018-07-25,84.77,85.47,84.77,85.12,568669
2018-07-26,85.12,85.82,84.77,85.47,1180956
2018-07-27,85.47,87.58,85.47,87.58,2162722
2018-07-30,87.93,88.28,86.52,86.52,1598764
2018-07-31,86.17,86.52,85.12,86.52,1484632
2018-08-01,87.23,87.58,85.82,86.17,1004065
2018-08-02,85.47,86.52,85.12,86.52,1528815
2018-08-03,90.74,94.97,90.39,94.97,8747
2018-08-06,97.43,99.19,93.91,97.08,15396
2018-08-07,99.19,100.24,94.26,95.67,9106
2018-08-08,97.08,100.59,97.08,100.59,13117
2018-08-09,99.19,102.35,97.78,100.94,4396370
2018-08-10,99.89,100.24,97.43,98.48,3668196
2018-08-13,97.78,98.13,93.56,95.32,3620536
2018-08-14,96.72,102.7,95.32,102.7,4736474
2018-08-15,100.94,100.94,92.85,94.61,6356
2018-08-16,93.56,97.43,91.8,96.72,3638966
2018-08-17,96.37,97.43,95.32,96.02,1746025
2018-08-20,96.37,97.43,94.61,97.08,1626710
2018-08-21,97.08,98.83,96.37,98.48,1549089
2018-08-22,97.08,97.08,94.97,96.37,1589462
2018-08-23,95.67,98.83,95.67,98.13,2176806
2018-08-24,97.78,99.54,97.08,97.43,2197420
2018-08-27,98.13,100.94,96.72,99.89,2722639
2018-08-28,99.89,102.0,99.89,100.94,2288415
2018-08-29,100.94,103.41,100.59,102.7,3041928
2018-08-30,103.41,104.46,101.65,102.7,3289456
2018-08-31,103.76,105.87,102.7,104.81,4332673
2018-09-03,106.22,106.22,100.24,100.94,3265318
2018-09-04,102.0,103.05,101.3,102.7,1762716
2018-09-05,103.41,105.52,103.05,105.17,3812107
2018-09-06,105.17,106.63,103.7,104.07,2801299
2018-09-07,103.7,105.53,99.69,100.78,2706584
2018-09-10,101.51,102.24,97.86,101.15,2983213
2018-09-11,102.24,105.9,101.88,104.07,3106021
2018-09-12,104.07,104.8,97.5,98.96,3919886
2018-09-13,99.32,101.51,96.4,97.13,3951127
2018-09-14,98.23,99.69,96.77,99.32,3377262
2018-09-17,98.59,100.05,97.5,99.32,1977575
2018-09-18,98.23,105.17,97.86,102.61,4551404
2018-09-19,103.7,104.07,100.78,100.78,2836405
2018-09-20,101.51,103.7,100.42,102.24,2487245
2018-09-21,102.24,102.97,98.59,100.42,5480
2018-09-25,99.69,100.78,97.86,98.96,2391802
2018-09-26,98.96,98.96,97.5,97.86,1147890
2018-09-27,97.86,98.59,96.4,97.86,2794181
2018-09-28,98.23,100.78,98.23,99.32,3298867
2018-10-01,99.32,100.42,98.23,99.32,2144604
2018-10-02,98.96,99.32,93.11,93.85,5308
2018-10-03,93.85,95.67,92.02,94.21,3313378
2018-10-04,93.48,94.21,92.02,92.38,2828779
2018-10-05,88.73,88.73,83.26,84.72,7591
2018-10-08,83.26,83.99,79.6,81.06,6506
2018-10-09,80.33,81.8,78.87,79.97,3582338
2018-10-11,75.22,77.78,73.76,76.68,5194
2018-10-12,75.59,78.87,74.86,78.51,3227409
2018-10-15,76.32,79.97,75.59,78.51,3229164
2018-10-16,77.78,81.8,77.78,80.33,3093435
2018-10-17,81.43,83.26,81.43,82.89,2361785
2018-10-18,81.8,82.16,80.33,81.06,1520915
2018-10-19,79.24,82.16,78.51,80.33,2912731
2018-10-22,78.87,81.8,78.87,81.06,1352914
2018-10-23,79.97,82.89,79.97,81.43,1852882
2018-10-24,81.06,82.53,79.6,81.8,1434001
2018-10-25,79.6,82.16,79.24,80.7,2061010
2018-10-26,81.43,81.8,76.32,79.6,3198086
2018-10-29,78.87,80.7,77.78,79.6,1325501
2018-10-30,79.6,83.26,78.14,82.53,3177499
2018-10-31,88.37,90.56,88.0,90.56,5435
2018-11-01,91.65,95.31,90.56,93.48,7612
2018-11-02,94.58,96.4,93.11,94.94,4115451
2018-11-05,93.85,95.31,92.02,92.75,1884567
2018-11-06,93.85,93.85,90.92,92.75,1859569
2018-11-07,93.85,94.58,91.65,93.11,1883910
2018-11-08,94.58,94.58,92.38,93.11,1496792
2018-11-09,92.75,94.58,90.19,90.56,2529981
2018-11-12,90.19,94.21,89.46,93.48,2470672
2018-11-13,90.56,93.11,89.83,90.56,2442018
2018-11-14,91.65,96.04,91.29,94.58,4314421
2018-11-15,94.58,95.31,92.38,94.58,2502439
2018-11-16,94.94,94.94,91.65,92.38,2357942
2018-11-19,93.11,93.11,91.29,92.38,1227700
2018-11-20,92.02,92.38,90.56,92.02,1612758
2018-11-21,91.65,92.75,88.37,91.29,3539086
2018-11-22,92.75,93.11,90.56,91.29,1841616
2018-11-23,90.56,92.38,89.46,91.65,2515317
2018-11-26,91.65,93.85,89.83,91.65,2510908
2018-11-27,91.29,92.02,90.56,92.02,2721338
2018-11-28,92.75,98.59,92.75,97.86,7641
2018-11-29,100.05,104.07,100.05,102.97,10646
2018-11-30,102.97,104.07,100.78,103.34,3880304
2018-12-03,105.9,110.28,105.9,108.09,6040
2018-12-04,107.72,108.09,102.97,102.97,4384302
2018-12-05,100.42,103.7,98.96,102.24,2990752
2018-12-06,101.51,102.24,98.96,100.78,3807320
2018-12-07,101.88,102.97,100.42,101.15,2244298
2018-12-10,98.59,101.88,98.59,101.51,1148803
2018-12-11,102.97,104.07,99.32,99.69,2253486
2018-12-12,101.51,102.24,100.05,102.24,1592184
2018-12-13,102.61,107.36,102.61,106.63,5238
2018-12-14,106.26,107.36,102.61,105.9,3536617
2018-12-17,106.26,109.18,104.8,105.17,2083751
2018-12-18,104.8,108.09,104.43,107.72,2712345
2018-12-19,108.82,109.18,105.53,105.9,2026154
2018-12-20,105.9,107.72,104.8,106.63,2578752
2018-12-21,105.9,106.26,101.88,102.97,3149492
2018-12-24,102.61,102.61,100.78,101.88,2152328
2018-12-25,99.32,102.61,98.59,102.61,1008838
2018-12-26,103.34,103.7,100.78,100.78,1137393
2018-12-27,103.34,103.7,102.24,103.7,1243757
2018-12-28,102.61,105.17,102.61,104.43,2058437
2019-01-02,104.8,105.17,99.32,100.42,2592870
2019-01-03,100.42,102.24,99.32,101.88,1666632
2019-01-04,100.42,102.97,99.32,101.88,1893708
2019-01-07,104.07,104.07,101.15,101.88,2075848
2019-01-08,104.07,106.99,101.88,101.88,4641424
2019-01-09,103.34,105.53,102.97,105.53,4230703
2019-01-10,105.53,105.9,102.97,105.9,2409250
2019-01-11,106.63,108.09,104.43,106.99,3869166
2019-01-14,107.36,108.82,104.8,106.99,2823215
2019-01-15,107.36,110.28,106.99,110.28,3750414
2019-01-16,110.28,112.1,109.55,112.1,3271137
2019-01-17,113.2,116.12,108.09,108.09,6384
2019-01-18,109.91,112.47,107.72,111.37,4533170
2019-01-21,112.1,112.47,109.18,109.55,2312541
2019-01-22,109.55,110.64,108.82,109.91,1802491
2019-01-23,109.55,109.55,107.72,108.09,2270307
2019-01-24,108.45,113.93,108.45,113.93,5844
2019-01-25,115.02,115.75,112.83,114.29,5121
2019-01-28,114.29,115.02,111.74,113.2,1453526
2019-01-29,113.2,117.22,112.1,116.85,4791500
2019-01-30,117.22,119.41,113.56,119.41,7342
2019-02-11,120.14,120.5,117.22,119.41,6923
2019-02-12,120.14,125.61,119.77,125.61,6968
2019-02-13,124.88,127.8,121.96,123.06,5136
2019-02-14,124.15,130.0,124.15,128.9,7597
2019-02-15,128.9,130.36,125.25,128.54,6550
2019-02-18,130.0,130.0,126.34,126.71,3369242
2019-02-19,127.07,130.73,123.42,127.07,5324
2019-02-20,126.34,128.17,124.52,126.34,4474282
2019-02-21,126.34,129.63,124.88,129.63,3241533
2019-02-22,128.17,128.17,125.61,126.34,3082427
2019-02-25,126.71,130.0,125.98,129.27,4084035
2019-02-26,130.0,134.01,129.63,131.46,5929
2019-02-27,131.46,133.28,129.63,130.0,4125580
2019-03-04,129.27,130.73,125.61,127.44,4495105
2019-03-05,127.07,127.07,123.79,126.71,5587
2019-03-06,127.44,128.54,124.52,127.44,3863436
2019-03-07,126.34,127.07,120.5,121.23,4770935
2019-03-08,119.04,122.69,117.22,120.5,7893
2019-03-11,120.5,123.79,119.41,121.96,4666552
2019-03-12,124.15,125.25,121.23,122.33,3687417
2019-03-13,123.42,124.52,122.69,124.15,2700326
2019-03-14,124.15,124.15,122.69,122.69,2005088
2019-03-15,123.06,125.25,122.69,123.06,3501859
2019-03-18,123.79,126.34,122.33,125.61,3656471
2019-03-19,126.71,131.46,125.98,130.73,7263
2019-03-20,130.0,131.82,128.9,129.27,3288097
2019-03-21,130.0,132.19,128.9,130.0,2983276
2019-03-22,131.46,132.92,130.0,131.46,2298296
2019-03-25,127.8,128.9,125.98,127.8,3072677
2019-03-26,129.63,131.46,129.27,130.73,2646539
2019-03-27,131.09,132.55,130.36,131.82,1613523
2019-03-28,131.09,131.46,127.8,128.54,2058832
2019-03-29,130.36,132.92,129.27,132.92,2722777
2019-04-01,134.38,136.57,132.19,135.11,3029981
2019-04-02,135.84,141.68,135.47,140.22,5527
2019-04-03,140.95,141.32,137.66,139.85,2535716
2019-04-08,140.95,140.95,137.66,139.85,3419115
2019-04-09,140.22,141.32,138.03,140.22,2623282
2019-04-10,139.49,140.95,138.76,139.85,2537404
2019-04-11,140.95,148.62,140.22,140.95,5480
2019-04-12,141.68,143.51,137.3,139.85,3128303
2019-04-15,143.87,144.24,140.22,141.32,1757069
2019-04-16,141.68,142.41,138.03,139.12,3164234
2019-04-17,140.22,141.68,139.12,140.59,3095486
2019-04-18,142.05,144.24,139.85,144.24,4967630
2019-04-19,145.33,148.25,142.78,146.43,3267829
2019-04-22,148.62,151.91,148.62,151.17,2932350
2019-04-23,150.08,150.08,144.97,148.62,3771844
2019-04-24,149.71,151.91,149.35,150.08,1890904
2019-04-25,150.08,151.17,149.71,151.17,2042194
2019-04-26,149.71,150.44,145.7,148.62,2313471
2019-04-29,149.71,150.08,144.97,146.43,3486801
2019-04-30,147.52,153.37,146.79,152.64,6908
2019-05-02,153.37,156.65,148.62,150.08,6827
2019-05-03,152.27,160.3,151.17,159.94,9551
2019-05-06,154.1,163.59,154.1,161.03,6654
2019-05-07,162.13,169.8,158.84,169.8,7309
2019-05-08,167.61,174.18,166.15,167.97,8861
2019-05-09,166.51,169.8,162.49,164.69,4351701
2019-05-10,166.51,170.53,162.86,164.69,4702835
2019-05-13,164.32,164.32,156.65,158.84,5003
2019-05-14,155.92,161.76,155.56,159.94,4124237
2019-05-15,159.94,165.05,158.48,165.05,3828502
2019-05-16,167.24,169.07,157.02,157.02,5801
2019-05-17,158.48,160.3,151.17,153.73,6491
2019-05-20,153.73,154.46,144.97,150.81,5320
2019-05-21,147.52,148.98,144.24,146.43,5581
2019-05-22,150.08,156.29,148.98,154.1,6520
2019-05-23,149.71,151.54,147.52,150.44,3807994
2019-05-24,151.54,153.37,146.79,147.52,4199822
2019-05-27,149.71,149.71,135.84,138.03,9814
2019-05-28,138.03,142.05,138.03,141.68,6664
2019-05-29,138.76,142.78,137.3,141.32,4034612
2019-05-30,142.78,146.79,141.68,142.41,6704
2019-05-31,142.41,148.25,141.68,146.06,7427
2019-06-03,148.62,151.91,146.06,150.44,9298
2019-06-04,149.35,153.37,149.35,150.08,6722
2019-06-05,154.83,155.56,150.08,150.08,6566
2019-06-06,150.44,153.0,146.79,148.98,5937
2019-06-10,154.83,160.67,151.91,159.57,9375
2019-06-11,159.21,160.3,155.19,157.02,6792
2019-06-12,156.65,164.69,156.65,160.67,8444
2019-06-13,160.67,164.32,159.57,161.4,5696
2019-06-14,163.22,166.15,160.3,161.76,6339
2019-06-17,161.4,161.76,158.84,161.4,2956532
2019-06-18,161.4,163.96,159.94,161.4,3608373
2019-06-19,167.24,167.24,163.59,165.78,4937127
2019-06-20,167.24,167.24,165.05,166.88,3327784
2019-06-21,167.97,171.99,167.24,167.61,6561
2019-06-24,167.24,167.24,161.4,164.32,3219282
2019-06-25,164.32,165.42,160.3,161.4,4536912
2019-06-26,159.94,163.22,159.94,163.22,2647892
2019-06-27,167.24,174.54,165.42,174.54,9199
2019-06-28,173.81,173.81,166.88,166.88,6282
2019-07-01,170.89,173.08,169.8,170.53,3549811
2019-07-02,170.53,178.93,170.53,178.93,6378
2019-07-03,175.28,176.37,170.53,171.26,4560287
2019-07-04,172.35,174.18,166.88,168.7,4806938
2019-07-05,168.7,170.16,164.32,167.97,5348
2019-07-08,168.34,169.8,164.69,165.05,3035638
2019-07-09,165.78,166.51,162.49,165.78,3909763
2019-07-10,166.51,167.61,159.57,159.94,8717
2019-07-11,161.76,163.96,158.11,161.4,9527
2019-07-12,162.13,165.78,161.76,164.69,5787
2019-07-15,165.78,166.15,161.03,165.05,3770326
2019-07-16,165.05,165.42,162.49,162.49,2608202
2019-07-17,162.86,165.05,162.13,162.86,2681945
2019-07-18,161.76,162.13,158.84,159.94,3570448
2019-07-19,161.4,165.42,161.4,165.42,3136891
2019-07-22,165.78,170.16,165.05,169.43,4630446
2019-07-23,171.26,172.35,165.05,165.05,5540
2019-07-24,163.22,163.22,158.48,161.4,7020
2019-07-25,162.13,163.59,158.84,160.3,4929223
2019-07-26,161.4,162.49,159.57,159.94,3618651
2019-07-29,159.57,161.76,158.48,160.3,2828500
2019-07-30,159.57,160.3,151.17,152.64,8998
2019-07-31,151.91,155.56,148.98,153.0,7099
2019-08-01,149.35,158.84,148.98,157.02,9750
2019-08-02,149.71,154.46,149.71,151.17,10941
2019-08-05,150.08,153.0,147.89,148.62,5365
2019-08-06,144.6,151.54,143.14,149.71,4964588
2019-08-07,151.91,153.37,148.98,149.35,3877483
2019-08-08,149.71,152.64,149.71,152.64,2488696
2019-08-12,152.64,155.19,151.54,152.27,4071557
2019-08-13,151.17,153.73,150.81,152.27,1559276
2019-08-14,154.83,155.56,151.17,151.17,3338596
2019-08-15,148.98,154.83,147.89,151.54,5022
2019-08-16,153.37,153.37,150.44,150.44,2398343
2019-08-19,151.54,155.56,150.81,154.1,3535235
2019-08-20,154.46,159.94,154.46,158.48,6004
2019-08-21,159.21,160.3,153.73,154.1,6281
2019-08-22,155.56,158.11,154.46,155.19,3702069
2019-08-23,156.65,157.02,155.19,156.65,2307282
2019-08-26,153.0,154.83,150.81,150.81,4200095
2019-08-27,150.08,152.27,147.52,150.08,7380
2019-08-28,147.52,149.71,146.06,148.25,8004
2019-08-29,148.25,153.37,147.16,152.27,6234
2019-08-30,154.46,157.02,154.1,157.02,5589
2019-09-02,158.84,161.4,157.38,159.21,3760333
2019-09-03,161.4,162.49,156.29,156.29,3911384
2019-09-04,159.21,161.4,158.11,160.67,5521
2019-09-05,162.93,164.82,160.67,161.05,4203647
2019-09-06,163.31,165.19,162.55,163.31,3055396
2019-09-10,161.42,162.93,159.54,159.54,2957415
2019-09-11,161.05,162.18,160.29,162.18,2293285
2019-09-12,163.69,163.69,162.18,162.55,2496449
2019-09-16,161.05,161.05,159.16,159.16,3309820
2019-09-17,158.78,165.95,158.41,164.44,5154
2019-09-18,166.7,170.85,165.19,167.46,8078
2019-09-19,168.97,171.98,166.7,168.97,7085
2019-09-20,170.85,171.61,168.21,168.21,4084408
2019-09-23,166.7,171.98,166.33,171.98,5195
2019-09-24,173.49,173.49,170.1,172.36,5883
2019-09-25,170.85,172.36,167.83,168.59,3585676
2019-09-26,171.61,176.89,171.23,176.13,9718
2019-09-27,177.26,178.02,172.36,173.49,4568079
2019-10-01,177.26,177.26,170.1,173.49,5828
2019-10-02,174.62,179.15,172.36,178.02,5197
2019-10-03,175.0,179.9,173.87,178.02,5302
2019-10-04,176.51,185.56,176.51,181.79,9541
2019-10-07,185.56,187.45,178.77,179.15,6397
2019-10-08,178.02,179.9,175.0,176.13,4896830
2019-10-09,175.76,178.02,173.11,173.87,4355376
2019-10-14,176.89,176.89,171.98,171.98,4798494
2019-10-15,173.49,176.89,171.61,171.98,4136631
2019-10-16,175.76,175.76,172.36,172.74,3270392
2019-10-17,173.49,178.77,173.11,178.4,4332153
2019-10-18,178.77,179.15,175.76,177.64,4608584
2019-10-21,178.02,178.4,174.62,175.0,2948402
2019-10-22,175.0,176.51,172.74,173.49,3832219
2019-10-23,173.49,177.26,173.49,176.13,3427775
2019-10-24,176.13,179.15,174.25,179.15,4393718
2019-10-25,179.15,179.15,173.49,173.49,4162897
2019-10-28,175.0,175.76,173.49,173.87,2747444
2019-10-29,175.76,176.13,170.85,170.85,3598107
2019-10-30,171.98,173.11,170.1,170.47,3115933
2019-10-31,171.98,173.49,169.72,170.85,3355447
2019-11-01,171.98,174.25,170.47,172.74,3671027
2019-11-04,172.74,173.11,168.21,168.97,7369
2019-11-05,168.97,172.36,168.97,172.36,5293
2019-11-06,172.74,174.62,169.72,174.25,4742151
2019-11-07,175.0,177.26,171.23,171.98,5728
2019-11-08,173.49,174.25,169.72,169.72,2335801
2019-11-11,170.1,170.1,167.46,167.46,1905757
2019-11-12,168.59,169.34,167.46,168.59,2336207
2019-11-13,168.59,171.61,168.21,170.1,1718462
2019-11-14,169.72,170.47,165.57,167.08,2836420
2019-11-15,168.59,171.23,167.83,170.47,2998879
2019-11-18,169.72,171.98,168.97,171.23,1260676
2019-11-19,171.23,176.51,170.85,176.51,4866555
2019-11-20,177.26,177.64,172.74,173.87,3646278
2019-11-21,172.74,173.87,169.72,171.98,2316337
2019-11-22,173.87,177.64,171.98,175.38,3345718
2019-11-25,177.26,181.04,175.0,175.76,4620600
2019-11-26,175.0,178.02,174.25,176.89,4472802
2019-11-27,178.02,180.28,176.89,179.9,4219262
2019-11-28,181.04,181.04,178.77,180.28,2750733
2019-11-29,180.28,180.28,173.49,173.87,2647120
2019-12-02,174.62,174.62,168.21,170.1,3614214
2019-12-03,169.72,172.36,168.97,171.23,1721785
2019-12-04,171.23,171.23,168.59,169.72,1635323
2019-12-05,170.47,171.98,167.83,168.59,4298029
2019-12-06,170.1,171.98,169.34,170.47,2317829
2019-12-09,172.36,175.38,171.61,173.87,2632154
2019-12-10,173.87,175.76,172.74,175.0,1677351
2019-12-11,175.38,176.51,174.25,176.13,1506164
2019-12-12,177.26,177.26,175.38,175.38,2272928
2019-12-13,176.89,178.4,175.38,176.51,2467169
2019-12-16,178.02,180.28,176.13,180.28,20651
2019-12-17,181.04,188.58,181.04,188.58,8929
2019-12-18,189.33,189.71,184.43,187.07,5459
2019-12-19,185.56,185.94,179.9,180.28,4893489
2019-12-20,181.41,181.79,176.89,180.66,3019756
2019-12-23,180.66,181.41,178.77,179.53,1016688
2019-12-24,181.04,181.04,176.89,178.02,1490054
2019-12-25,179.15,179.9,176.13,177.64,1996783
2019-12-26,178.4,178.77,176.13,177.64,1434738
2019-12-27,179.15,181.04,178.02,180.28,1638644
2019-12-30,180.66,180.66,176.89,178.02,1746138
2019-12-31,177.26,180.28,176.89,177.26,1963105
2020-01-02,178.77,188.58,178.77,187.45,6697
2020-01-03,189.33,191.22,182.54,188.58,6733
2020-01-06,186.69,187.45,183.68,183.68,2144867
2020-01-07,185.56,186.32,176.89,177.64,4679799
2020-01-08,176.13,181.41,175.0,178.77,3173637
2020-01-09,180.28,187.45,179.53,185.56,4002214
2020-01-10,184.81,188.2,183.3,187.07,2482186
2020-01-13,187.82,194.61,185.56,194.24,5206
2020-01-14,193.86,197.25,193.1,197.25,4914763
2020-01-15,196.12,196.88,191.22,191.6,2589282
2020-01-16,191.22,194.24,188.2,194.24,3367843
2020-01-17,196.88,206.3,196.88,197.63,7811
2020-01-20,200.65,201.4,196.12,196.5,2700700
2020-01-30,191.97,193.1,184.43,184.81,5782
2020-01-31,187.82,189.71,183.68,186.69,2967877
2020-02-03,182.17,183.68,179.9,183.68,3493811
2020-02-04,178.02,187.07,176.13,187.07,1841450
2020-02-05,187.82,188.96,183.3,184.05,2944824
2020-02-06,188.58,195.37,188.2,194.24,6272
2020-02-07,191.6,191.6,187.82,188.2,3851757
2020-02-10,183.3,187.82,183.3,184.81,2599649
2020-02-11,187.07,188.58,185.56,187.07,1644099
2020-02-12,187.45,193.48,187.45,190.46,3249950
2020-02-13,191.6,191.6,189.33,190.84,1742214
2020-02-14,191.22,195.37,191.22,193.86,2465863
2020-02-17,191.6,194.61,190.84,191.6,1548483
2020-02-18,190.84,192.73,187.82,190.09,1844718
2020-02-19,189.71,193.48,189.33,191.97,1507600
2020-02-20,193.1,193.86,188.2,188.2,2212898
2020-02-21,187.82,188.2,184.81,185.18,1619956
2020-02-24,182.54,183.68,180.28,180.28,2746412
2020-02-25,178.4,182.54,176.51,180.28,3744857
2020-02-26,175.76,178.77,173.87,178.02,4919986
2020-02-27,175.38,177.26,169.72,169.72,5601
2020-03-02,162.93,170.85,157.65,169.72,6935
2020-03-03,173.49,173.87,170.85,172.36,4685179
2020-03-04,172.36,174.25,168.59,172.74,3705071
2020-03-05,176.13,179.53,175.0,179.15,3174924
2020-03-06,177.26,179.9,177.26,178.02,2718581
2020-03-09,172.74,175.38,171.61,173.11,3406254
2020-03-10,171.23,174.25,171.23,171.98,3879147
2020-03-11,171.61,173.49,169.72,169.72,4738007
2020-03-12,166.7,167.08,153.13,154.63,6825
2020-03-13,140.3,153.5,139.55,151.99,6904
2020-03-16,149.35,151.62,141.06,141.06,7349
2020-03-17,136.53,145.21,135.78,139.17,6142
2020-03-18,137.66,141.06,135.4,135.78,5435
2020-03-19,130.5,132.0,122.2,122.2,8599
2020-03-20,125.22,133.14,125.22,128.99,6841
2020-03-23,122.95,130.87,122.2,127.1,5249
2020-03-24,132.0,137.29,131.63,134.27,5139
2020-03-25,139.55,147.47,139.55,144.07,5870
2020-03-26,148.98,154.63,144.45,151.62,5386
2020-03-27,156.52,158.41,150.86,151.62,7168
2020-03-30,148.98,152.37,146.71,150.11,4308767
2020-03-31,151.62,164.82,151.62,164.82,9672
2020-04-01,163.69,166.33,158.41,160.67,5546
2020-04-06,166.33,166.7,161.42,165.95,3424130
2020-04-07,166.7,169.34,164.82,165.57,5036
2020-04-08,163.69,167.08,163.31,164.44,3505643
2020-04-09,164.44,167.08,162.18,165.19,3772017
2020-04-10,166.7,167.46,163.69,164.06,1618217
2020-04-13,163.69,165.19,162.55,162.93,1948518
2020-04-14,165.19,170.85,164.82,168.21,4430936
2020-04-15,170.1,171.61,167.46,169.34,2871136
2020-04-16,168.97,171.23,166.7,167.83,3380420
2020-04-17,171.61,179.9,170.85,173.87,8673
2020-04-20,175.38,178.77,173.49,175.76,4531182
2020-04-21,175.38,178.77,173.87,176.13,4157363
2020-04-22,178.02,181.79,175.38,181.79,7031
2020-04-23,181.79,181.79,177.26,177.64,4312348
2020-04-24,176.51,179.15,174.62,174.62,3329654
2020-04-27,179.15,183.3,178.02,178.02,7132
2020-04-28,180.66,181.79,177.64,178.4,4009130
2020-04-29,181.41,187.82,181.04,185.94,6314
2020-04-30,189.33,194.61,187.82,194.24,6834
2020-05-04,184.05,187.07,180.28,182.54,10055
2020-05-05,184.05,185.18,180.28,182.54,4012297
2020-05-06,184.43,184.81,181.41,183.68,3190962
2020-05-07,185.56,191.6,185.56,188.2,5717
2020-05-08,190.09,191.6,188.58,188.96,4224875
2020-05-11,190.09,191.22,188.58,188.58,1895977
2020-05-12,190.09,190.09,183.68,184.05,3624795
2020-05-13,182.54,189.71,182.54,189.71,4114462
2020-05-14,189.71,191.22,185.56,185.56,2520079
2020-05-15,187.07,188.58,178.77,185.18,4792061
2020-05-18,187.07,190.84,182.54,188.58,4782872
2020-05-19,191.22,200.65,191.22,193.1,10665
2020-05-20,194.99,197.25,190.09,192.73,5811
2020-05-21,193.48,197.25,193.48,196.5,5340
2020-05-22,188.58,193.1,185.56,185.94,6934
2020-05-25,185.94,187.07,180.66,186.32,5239
2020-05-26,188.58,190.46,187.07,189.33,2708044
2020-05-27,190.84,191.97,188.58,189.33,1563530
2020-05-28,192.35,193.48,190.84,191.97,4503434
2020-05-29,193.1,197.63,191.22,194.99,7442
2020-06-01,198.38,205.17,198.38,203.29,8738
2020-06-02,204.8,204.8,199.89,202.16,6637
2020-06-03,204.42,204.42,200.27,200.65,2638115
2020-06-04,202.91,206.3,201.02,202.16,2871605
2020-06-05,202.16,203.29,201.4,203.29,1630653
2020-06-08,205.17,212.34,204.8,207.44,4964278
2020-06-09,207.06,207.44,202.16,204.42,2668501
2020-06-10,205.17,207.44,203.66,206.3,1932329
2020-06-11,205.93,211.96,204.42,206.3,4010496
2020-06-12,201.02,204.8,199.52,204.04,2847778
2020-06-15,204.8,210.08,203.66,205.17,2917695
2020-06-16,205.17,208.19,202.53,207.06,4085646
2020-06-17,209.7,216.87,207.44,214.6,6037
2020-06-18,216.49,219.13,213.47,215.73,2905027
2020-06-19,218.75,224.79,218.0,222.52,5570
2020-06-22,222.15,229.31,221.01,225.16,2949044
2020-06-23,227.8,228.56,221.77,222.52,3536330
2020-06-24,225.92,233.84,224.03,231.2,5333
2020-06-29,226.67,229.69,224.03,224.41,4483866
2020-06-30,226.29,227.8,224.41,225.54,3338195
2020-07-01,227.43,239.49,227.05,236.85,6039
2020-07-02,241.0,245.91,237.61,239.12,5310
2020-07-03,242.51,252.7,242.13,251.56,7098
2020-07-06,257.22,264.39,255.34,264.01,6005
2020-07-07,270.04,274.57,256.47,259.11,7885
2020-07-08,261.37,269.29,260.24,267.03,5563
2020-07-09,273.06,284.75,270.04,277.21,8889
2020-07-10,277.96,284.38,267.78,271.18,5638
2020-07-13,273.06,277.59,264.01,271.93,4605479
2020-07-14,270.8,270.8,266.27,267.78,4394101
2020-07-15,270.8,274.57,262.5,264.01,4405348
2020-07-16,265.9,270.8,263.63,264.39,2752750
2020-07-17,266.27,267.4,257.22,258.35,3535455
2020-07-20,259.86,264.76,254.2,264.76,2976740
2020-07-21,270.04,277.59,268.91,275.32,4546363
2020-07-22,279.1,280.23,274.57,277.96,3720538
2020-07-23,277.59,281.36,272.31,281.36,3108293
2020-07-24,279.1,280.6,271.93,271.93,3916220
2020-07-27,272.31,279.85,271.93,275.32,3282087
2020-07-28,279.1,282.11,270.42,273.06,4002997
2020-07-29,270.04,275.7,269.29,273.06,1732879
2020-07-30,275.32,278.34,273.82,276.83,2067998
2020-07-31,275.7,286.64,275.32,282.49,5302
2020-08-03,289.66,302.48,285.13,294.18,7948
2020-08-04,295.31,300.59,291.17,300.22,5134
2020-08-05,305.87,310.78,300.97,301.73,7086
2020-08-06,301.73,325.86,301.73,322.47,10662
2020-08-07,317.94,323.98,301.73,302.1,9630
2020-08-10,302.86,310.78,301.73,304.74,4445136
2020-08-11,307.01,316.81,305.12,308.14,5334
2020-08-12,306.63,307.38,294.56,296.07,5101
2020-08-13,298.71,303.61,294.94,296.07,4380995
2020-08-14,294.56,307.01,294.56,306.63,4682784
2020-08-17,308.89,313.04,301.73,309.27,2955141
2020-08-18,303.23,305.5,288.15,293.05,9327
2020-08-19,298.71,306.25,296.82,303.61,5174
2020-08-20,300.22,301.73,277.59,281.36,6440
2020-08-21,288.15,293.81,279.85,284.38,6679
2020-08-24,287.39,296.45,283.24,296.45,3470663
2020-08-25,298.71,303.99,296.07,299.46,3485708
2020-08-26,300.59,302.48,295.69,299.46,2730448
2020-08-27,301.73,303.99,294.18,294.18,2839297
2020-08-28,290.41,294.18,287.39,293.05,2164869
2020-08-31,298.71,300.22,286.64,286.64,3699830
2020-09-01,284.75,292.67,283.62,292.3,3347809
2020-09-02,297.2,300.59,292.67,295.69,3134016
2020-09-03,299.46,303.23,297.2,301.73,4513815
2020-09-04,294.56,297.95,285.13,287.77,6260
2020-09-07,294.94,297.95,285.88,287.77,4466859
2020-09-08,295.93,297.09,285.05,287.38,7111
2020-09-09,287.38,288.94,275.73,276.51,6521
2020-09-10,280.78,284.28,275.73,279.23,4326161
2020-09-11,279.23,285.83,277.67,284.28,4261180
2020-09-14,289.71,289.71,283.5,288.94,3943274
2020-09-15,289.71,289.71,282.33,284.66,3453296
2020-09-16,286.61,295.15,285.83,291.65,8006
2020-09-17,289.32,293.98,286.61,287.77,3525851
2020-09-18,290.49,296.7,290.1,296.7,5827
2020-09-21,293.98,295.93,289.71,290.88,3116354
2020-09-22,290.88,290.88,285.05,287.77,3063035
2020-09-23,289.32,292.82,288.55,290.88,2856491
2020-09-24,288.55,290.49,281.95,283.89,3009523
2020-09-25,285.05,286.61,271.07,273.01,4279714
2020-09-28,274.57,288.16,273.79,285.05,5157
2020-09-29,291.27,291.27,284.28,285.05,2049368
2020-09-30,287.38,288.94,281.17,286.22,2806568
2020-10-05,288.94,292.04,284.66,285.83,2841131
2020-10-06,290.49,290.88,287.77,290.1,2198346
2020-10-07,290.49,295.93,288.94,294.37,3098507
2020-10-08,297.87,300.2,291.27,295.54,4691266
2020-10-12,300.2,311.85,299.03,306.41,8536
2020-10-13,303.69,307.58,300.59,303.3,3380883
2020-10-14,301.75,302.53,295.93,296.7,3371877
2020-10-15,294.37,296.31,290.49,293.6,3191250
2020-10-16,290.88,295.15,289.32,290.49,2007446
2020-10-19,292.04,293.98,288.94,291.27,1764143
2020-10-20,293.21,295.15,289.32,292.43,1653750
2020-10-21,294.37,294.37,290.1,291.65,1588395
2020-10-22,290.49,290.49,279.62,283.11,5620
2020-10-23,286.99,287.77,281.95,283.5,2599526
2020-10-26,286.22,286.99,281.95,282.72,1528673
2020-10-27,280.39,284.28,278.06,283.89,1556869
2020-10-28,281.95,284.28,280.0,282.72,1566645
2020-10-29,278.84,279.23,275.73,278.84,1469221
2020-10-30,277.67,278.06,275.73,276.12,1734413
2020-11-02,273.4,275.73,267.58,270.29,3682443
2020-11-03,270.29,278.06,270.29,274.57,3136040
2020-11-04,274.57,279.23,265.63,278.45,7084
2020-11-05,276.9,277.29,273.79,274.18,3724777
2020-11-06,274.18,285.83,274.18,280.78,4994692
2020-11-09,281.56,288.94,280.0,281.17,3413022
2020-11-10,281.17,285.05,268.74,270.68,7238
2020-11-11,270.68,273.01,267.19,270.29,6684
2020-11-12,271.85,276.51,271.07,274.18,3423705
2020-11-13,273.79,281.95,273.4,281.56,3379045
2020-11-16,285.44,286.61,283.11,286.61,3324247
2020-11-17,290.49,295.54,288.16,288.94,4295752
2020-11-18,290.1,293.6,288.94,293.6,3458711
2020-11-19,296.31,299.81,293.6,295.93,3556004
2020-11-20,294.37,295.54,290.1,294.76,2314841
2020-11-23,296.31,299.03,295.15,296.7,2218115
2020-11-24,299.03,299.03,289.71,290.1,3867977
2020-11-25,290.1,291.65,284.66,285.44,2831831
2020-11-26,287.77,290.88,286.99,290.88,1389877
2020-11-27,291.27,291.65,286.61,290.1,1965314
2020-11-30,292.82,295.54,288.16,288.16,4970115
2020-12-01,288.55,294.37,288.16,293.98,2147316
2020-12-02,296.7,302.53,296.7,299.81,3714915
2020-12-03,302.92,306.8,294.37,297.87,3277344
2020-12-04,298.26,298.26,290.88,296.31,3000958
2020-12-07,297.48,300.2,293.98,300.2,3799477
2020-12-08,301.36,304.47,300.59,302.14,2813628
2020-12-09,306.02,318.45,304.08,317.67,6105
2020-12-10,316.9,316.9,306.41,309.13,3386044
2020-12-11,312.24,313.4,300.2,306.41,3362945
2020-12-14,307.58,314.57,306.8,307.97,1730804
2020-12-15,307.19,307.19,300.59,302.14,1718338
2020-12-16,302.92,306.8,302.92,304.47,2095125
2020-12-17,306.41,320.0,306.41,314.57,5540
2020-12-18,316.51,320.78,313.4,316.9,3455937
2020-12-21,321.95,325.83,309.52,316.12,2777207
2020-12-22,314.57,317.29,306.8,307.19,1818080
2020-12-23,307.19,309.91,304.08,308.35,906392
2020-12-24,310.68,310.68,306.8,307.97,598114
2020-12-25,309.52,316.9,308.35,311.07,1276293
2020-12-28,314.57,315.34,307.58,308.35,1511468
2020-12-29,308.74,310.3,300.59,301.36,3444707
2020-12-30,301.75,304.86,296.31,304.08,3138401
2020-12-31,304.47,306.02,302.53,303.3,1821112
2021-01-04,302.14,306.41,301.75,301.75,4010800
2021-01-05,299.81,300.97,297.48,300.59,3784112
2021-01-06,300.59,317.67,300.59,313.4,7341
2021-01-07,316.51,320.0,313.01,314.96,4540279
2021-01-08,311.46,314.57,303.69,310.68,3597574
2021-01-11,311.46,335.54,311.46,335.15,8345
2021-01-12,337.48,346.41,328.55,332.82,6154
2021-01-13,338.65,349.13,337.87,345.64,5928
2021-01-14,345.64,353.79,340.98,345.64,4490073
2021-01-15,351.07,353.79,343.31,344.86,3878342
2021-01-18,347.97,350.3,333.98,342.92,5118
2021-01-19,345.64,368.94,344.08,364.28,5278
2021-01-20,362.33,375.54,358.84,367.77,5637
2021-01-21,370.49,389.13,370.49,386.41,7109
2021-01-22,382.14,397.67,380.59,385.25,4069352
2021-01-25,385.25,394.57,379.03,383.31,3292493
2021-01-26,388.35,390.68,371.27,372.82,4002481
2021-01-27,379.81,388.35,370.49,377.48,5184
2021-01-28,369.71,382.53,369.71,372.82,4994500
2021-01-29,373.21,376.7,350.68,350.68,8083
2021-02-01,349.91,364.28,347.58,362.72,3617151
2021-02-02,368.94,375.54,361.95,374.37,4186520
2021-02-03,381.36,388.35,378.26,386.02,6377
2021-02-04,386.02,386.02,368.94,370.1,5410
2021-02-05,377.48,392.24,374.37,384.47,5657
2021-02-17,396.12,407.0,393.01,400.01,5935
2021-02-18,401.56,401.56,390.68,393.79,3033233
2021-02-19,386.8,389.91,379.03,383.69,4215872
2021-02-22,386.41,387.58,376.7,378.65,3684628
2021-02-23,375.15,375.93,365.05,374.37,5234
2021-02-24,372.04,379.42,367.38,371.27,2870806
2021-02-25,378.26,379.81,371.27,373.21,2416542
2021-02-26,365.05,366.99,357.29,357.29,4825499
2021-03-02,366.22,371.27,361.56,361.95,3565299
2021-03-03,365.05,366.22,353.4,359.23,3553019
2021-03-04,358.06,360.78,342.92,349.52,5566
2021-03-05,346.41,356.9,342.14,356.12,4563416
2021-03-08,361.56,364.28,344.08,344.86,5057
2021-03-09,342.53,347.19,333.98,334.76,4767038
2021-03-10,339.42,340.98,334.76,336.31,2854365
2021-03-11,336.31,345.25,335.54,344.86,3177625
2021-03-12,348.74,352.63,343.31,343.69,2622450
2021-03-15,343.69,347.97,341.75,343.31,1644276
2021-03-16,347.97,353.4,346.02,351.07,3522699
2021-03-17,354.18,358.06,350.3,351.85,3790790
2021-03-18,356.12,363.5,354.96,359.23,3557271
2021-03-19,355.73,355.73,348.35,354.57,3221559
2021-03-22,354.57,358.06,349.91,354.18,1869078
2021-03-23,354.96,361.17,354.96,356.12,2171770
2021-03-24,353.4,356.51,350.3,351.46,1776636
2021-03-25,349.52,362.72,348.35,362.33,3060187
2021-03-26,365.44,377.09,363.5,376.32,5649
2021-03-29,381.36,384.47,377.09,380.2,3190026
2021-03-30,385.64,390.68,380.98,389.91,5458
2021-03-31,389.91,389.91,382.53,383.69,2344252
2021-04-01,385.25,387.97,375.15,380.59,2375181
2021-04-07,388.35,392.24,383.69,391.46,2246689
2021-04-08,384.47,393.79,384.47,389.91,1987216
2021-04-09,394.57,396.9,386.41,387.58,2158746
2021-04-12,392.24,392.24,374.37,374.76,3082182
2021-04-13,377.48,391.46,377.09,379.03,3357121
2021-04-14,384.86,393.79,376.7,386.41,4186594
2021-04-15,386.02,389.13,381.36,388.35,2117755
2021-04-16,386.41,389.91,382.92,387.58,2380524
2021-04-19,387.58,392.24,383.69,388.35,2282745
2021-04-20,388.35,393.01,385.25,392.24,2334216
2021-04-21,396.12,403.89,381.75,383.31,4597041
2021-04-22,385.25,392.24,384.08,388.35,3322527
2021-04-23,388.35,403.11,386.02,403.11,4412440
2021-04-26,412.43,424.08,399.23,411.66,5495
2021-04-27,414.76,425.64,413.21,417.09,4116523
2021-04-28,414.76,420.98,410.1,417.87,2755119
2021-04-29,415.54,420.2,413.21,413.21,2306368
2021-05-03,410.1,418.65,403.11,403.11,2713457
2021-05-04,403.89,407.0,380.59,393.79,3816704
2021-05-05,394.57,399.23,387.58,387.58,2444864
2021-05-06,391.46,404.67,387.19,398.45,3521079
2021-05-07,396.9,403.89,395.34,400.78,1867965
2021-05-10,401.56,404.67,388.35,391.46,1482984
2021-05-11,382.92,386.02,352.63,354.18,4630112
2021-05-12,353.4,356.51,318.84,338.65,5597
2021-05-13,340.98,358.84,326.99,349.91,5390
2021-05-14,350.3,361.95,348.74,350.68,3119881
2021-05-17,341.75,356.9,333.98,341.36,2491510
2021-05-18,346.41,373.6,346.41,365.05,3879273
2021-05-19,359.62,368.94,352.24,353.79,2505488
2021-05-20,356.12,356.51,345.64,349.52,1916395
2021-05-21,357.29,357.29,344.08,350.68,2237900
2021-05-24,349.52,356.12,342.53,351.46,1929683
2021-05-25,354.96,368.55,352.63,364.28,3921074
2021-05-26,364.28,382.92,361.56,377.09,3891952
2021-05-27,375.93,380.2,370.49,380.2,4863177
2021-05-28,378.26,389.91,378.26,386.02,2194376
2021-05-31,387.58,391.46,380.59,387.58,2209848
2021-06-01,389.13,395.34,388.35,393.01,1711489
2021-06-02,396.12,396.12,380.98,381.75,2173089
2021-06-03,382.14,390.68,382.14,388.35,1426126
2021-06-04,384.47,390.68,384.08,389.91,755454
2021-06-07,389.91,394.57,375.54,391.46,1787337
2021-06-08,396.12,397.67,389.13,389.91,1034218
2021-06-09,389.91,393.01,385.25,386.41,1450902
2021-06-10,389.91,404.67,389.13,400.78,2611333
2021-06-11,403.89,403.89,398.45,398.45,983685
2021-06-15,401.56,410.1,400.78,402.34,1702677
2021-06-16,402.34,406.22,397.67,400.78,1205067
2021-06-17,396.9,406.22,395.34,403.11,1114338
2021-06-18,405.44,407.77,400.78,400.78,1948558
2021-06-21,397.67,398.45,386.02,387.97,1831971
2021-06-22,381.36,389.91,374.37,378.26,2528890
2021-06-23,379.81,384.47,373.6,375.93,4544470
2021-06-24,380.59,399.23,380.59,396.12,4244605
2021-06-25,396.12,396.12,385.25,385.64,1709584
2021-06-28,387.19,393.01,382.92,386.8,957746
2021-06-29,389.91,396.9,389.13,389.13,1681691
2021-06-30,390.68,396.9,388.35,392.24,1415990
2021-07-01,399.23,399.23,382.14,382.53,2394975
2021-07-02,379.81,394.57,379.81,392.24,1720914
2021-07-05,395.34,405.44,394.57,404.67,2204851
2021-07-06,407.0,407.0,400.01,400.78,981947
2021-07-07,401.56,409.33,397.67,406.22,2166616
2021-07-08,405.44,411.66,401.56,407.0,2080763
2021-07-09,403.89,407.0,394.57,400.01,1493396
2021-07-12,401.56,407.0,401.56,403.89,1118344
2021-07-13,403.89,411.66,401.56,405.44,2533788
2021-07-14,401.56,407.0,401.56,404.67,1049865
2021-07-15,406.22,419.42,405.44,417.87,2818278
2021-07-16,413.21,423.31,410.88,423.31,1706826
2021-07-19,418.65,438.84,415.54,434.96,3764694
2021-07-20,431.85,438.84,425.64,428.74,2187209
2021-07-21,434.96,455.15,433.4,441.95,3150720
2021-07-22,442.72,451.27,437.29,441.95,3022712
2021-07-23,448.16,448.16,433.4,434.96,3277951
2021-07-26,456.7,456.7,437.29,440.39,4301585
2021-07-27,454.37,482.34,452.82,476.12,8102
2021-07-28,463.7,465.25,446.61,455.93,4767127
2021-07-29,464.47,469.91,444.28,465.25,4402332
2021-07-30,461.37,468.36,455.93,456.7,3049419
2021-08-02,461.37,464.47,451.27,458.26,1584859
2021-08-03,471.46,473.02,452.04,466.03,3191254
2021-08-04,466.03,472.24,459.81,467.58,1763130
2021-08-05,473.02,476.12,466.8,473.79,1798821
2021-08-06,476.9,482.34,463.7,468.36,2367297
2021-08-09,462.14,464.47,454.37,455.15,1550607
2021-08-10,458.26,461.37,446.61,452.04,1991908
2021-08-11,450.49,450.49,431.85,437.29,2233099
2021-08-12,431.85,445.05,431.85,437.29,1739414
2021-08-13,434.96,437.29,420.98,420.98,2180750
2021-08-16,417.87,427.97,411.66,423.31,1673150
2021-08-17,423.31,423.31,423.31,423.31,0
2021-08-18,396.12,428.74,396.12,427.97,2431423
2021-08-19,417.09,420.98,401.56,401.56,3032434
2021-08-20,411.66,424.86,405.44,417.09,2552175
2021-08-23,421.75,432.63,419.42,428.74,1603424
2021-08-24,431.85,433.4,425.64,427.19,1928806
2021-08-25,434.18,434.96,426.41,427.19,1265365
2021-08-26,427.97,427.97,416.32,420.98,1800439
2021-08-27,415.54,421.75,413.21,419.42,1537422
2021-08-30,423.31,433.4,420.98,425.64,1459895
2021-08-31,425.64,431.85,421.75,430.3,1590381
2021-09-01,438.06,453.6,432.63,448.16,2885272
2021-09-02,442.72,450.49,439.62,439.62,1857591
2021-09-03,442.72,445.83,433.4,438.84,1269833
2021-09-06,446.61,446.61,429.52,432.63,1629320
2021-09-07,437.29,437.29,419.42,424.08,1827748
2021-09-08,427.27,431.26,414.52,418.5,1547418
2021-09-09,412.92,425.68,411.33,418.5,1409361
2021-09-10,416.91,429.66,416.91,428.07,2199352
2021-09-13,428.07,431.26,424.08,425.68,1174271
2021-09-14,427.27,429.66,418.5,421.69,1314141
2021-09-15,419.3,424.88,411.33,412.13,1716038
2021-09-16,410.53,418.5,408.94,412.92,1312838
2021-09-17,413.72,422.49,408.94,417.71,2489748
2021-09-22,401.76,402.56,382.63,389.41,4401051
2021-09-23,392.6,412.13,392.6,405.75,2700791
2021-09-24,406.55,421.69,400.97,404.95,3329182
2021-09-27,406.55,412.92,400.17,408.94,1870592
2021-09-28,404.95,408.14,399.37,400.17,1012024
2021-09-29,389.81,391.8,380.24,387.41,3573577
2021-09-30,387.41,396.58,384.62,394.99,1990285
2021-10-01,387.02,388.61,375.46,379.84,2586811
2021-10-04,382.63,384.23,367.09,370.67,2358078
2021-10-05,355.53,377.05,354.73,373.86,4588507
2021-10-06,381.83,385.42,373.86,378.25,2540392
2021-10-07,385.82,396.18,385.02,392.2,2759235
2021-10-08,389.01,396.58,381.04,383.03,2803566
2021-10-12,377.85,382.23,368.28,369.88,3320096
2021-10-13,363.9,373.07,356.72,357.52,3158230
2021-10-14,365.09,369.88,361.11,367.88,2662676
2021-10-15,371.87,379.44,370.67,373.86,2855671
2021-10-18,377.85,380.24,366.69,368.28,1660422
2021-10-19,373.46,383.83,370.67,381.04,2366019
2021-10-20,382.63,387.41,378.25,378.65,2106073
2021-10-21,377.05,386.62,377.05,377.85,1905110
2021-10-22,378.65,381.04,373.86,378.65,1325423
2021-10-25,383.43,394.59,381.04,387.41,3318712
2021-10-26,387.41,392.6,385.42,388.21,2128631
2021-10-27,390.6,400.17,387.81,398.57,2148320
2021-10-28,394.99,401.76,393.79,398.57,1953306
2021-10-29,400.17,401.76,393.79,397.78,2396974
2021-11-01,400.97,405.75,392.2,398.57,2986697
2021-11-02,400.97,402.56,391.4,391.8,2238831
2021-11-03,396.98,396.98,386.22,390.2,1497411
2021-11-04,395.78,395.78,383.83,387.02,1549041
2021-11-05,389.01,401.76,389.01,398.18,2691026
2021-11-08,400.17,402.56,396.58,402.56,1022047
2021-11-09,404.95,415.31,403.36,407.34,2294327
2021-11-10,410.53,418.5,407.34,413.72,2264520
2021-11-11,411.33,416.91,407.34,416.11,1375931
2021-11-12,419.3,422.49,412.92,416.91,1573524
2021-11-15,420.89,434.45,420.1,432.05,2441262
2021-11-16,434.45,438.43,427.27,437.63,1647341
2021-11-17,438.43,446.4,434.45,438.43,2198552
2021-11-18,440.03,440.82,435.24,437.63,1115804
2021-11-19,438.43,443.21,434.45,436.04,1164917
2021-11-22,438.43,440.82,436.84,436.84,705103
2021-11-23,432.85,436.04,426.47,433.65,1852404
2021-11-24,433.65,436.04,428.87,432.05,801359
2021-11-25,433.65,440.82,430.46,433.65,970543
2021-11-26,431.26,437.63,424.88,425.68,1702075
2021-11-29,420.89,430.46,415.31,427.27,2112168
2021-11-30,434.45,442.42,428.07,442.42,3528515
2021-12-01,435.24,439.23,432.05,437.63,1437531
2021-12-02,437.63,444.81,437.63,441.62,1320762
2021-12-03,441.62,444.81,438.43,442.42,1227591
2021-12-06,446.4,462.35,444.81,459.95,2929168
2021-12-07,459.95,463.14,445.61,450.39,3213712
2021-12-08,459.16,461.55,450.39,450.39,2103744
2021-12-09,450.39,454.37,444.81,444.81,924556
2021-12-10,442.42,444.01,436.84,441.62,942077
2021-12-13,444.81,447.2,440.03,443.21,553333
2021-12-14,440.82,442.42,433.65,434.45,1188755
2021-12-15,434.45,442.42,431.26,440.82,1051656
2021-12-16,444.81,456.77,440.82,453.58,1866003
2021-12-17,452.78,458.36,448.0,451.98,1902002
2021-12-20,452.78,455.17,440.03,440.82,1529957
2021-12-21,444.81,457.56,443.21,453.58,1161451
2021-12-22,456.77,459.16,451.19,456.77,879121
2021-12-23,461.55,465.53,451.98,455.97,1462723
2021-12-24,458.36,460.75,448.79,449.59,922874
2021-12-27,453.58,461.55,451.98,459.16,970552
2021-12-28,460.75,466.33,459.95,464.74,894923
2021-12-29,463.94,465.53,459.16,460.75,620209
2021-12-30,460.75,464.74,458.36,462.35,574176
2022-01-03,469.52,473.51,455.17,456.77,1944515
2022-01-04,459.16,462.35,443.21,444.81,2445840
2022-01-05,443.21,450.39,443.21,448.79,1848693
2022-01-06,446.4,450.39,436.84,442.42,2903406
2022-01-07,448.79,451.19,436.84,442.42,2265782
2022-01-10,440.82,448.0,436.84,444.01,1859332
2022-01-11,444.81,448.0,429.66,432.85,3511475
2022-01-12,440.82,440.82,429.66,432.85,2267320
2022-01-13,428.87,435.24,425.68,430.46,1862283
2022-01-14,428.87,429.66,420.1,424.08,1618445
2022-01-17,420.1,429.66,420.1,427.27,1257542
2022-01-18,429.66,436.04,427.27,428.07,1533913
2022-01-19,426.47,434.45,424.88,431.26,1325809
2022-01-20,425.68,436.04,425.68,430.46,1265374
2022-01-21,428.87,435.24,428.07,433.65,1866499
2022-01-24,430.46,432.85,422.49,426.47,1590467
2022-01-25,422.49,432.05,420.1,423.29,1949984
2022-01-26,424.88,430.46,419.3,419.3,1490215
2022-02-07,418.5,423.29,400.97,403.36,2978183
2022-02-08,407.34,412.92,401.76,409.73,2419013
2022-02-09,391.4,412.13,391.4,407.34,4666347
2022-02-10,403.36,409.73,402.56,406.55,2602189
2022-02-11,402.56,406.55,398.57,401.76,3062397
2022-02-14,398.57,399.37,387.41,388.61,2617400
2022-02-15,390.6,395.39,389.01,390.6,2360077
2022-02-16,396.18,404.15,395.39,400.97,2587365
2022-02-17,402.56,402.56,389.81,389.81,2425891
2022-02-18,384.23,387.81,381.83,385.02,2489224
2022-02-21,381.04,386.22,374.66,383.83,2774474
2022-02-22,371.07,382.63,371.07,379.44,2956695
2022-02-23,379.44,381.83,373.46,376.25,2529513
2022-02-24,368.28,371.87,358.72,362.7,3839773
2022-02-25,362.7,369.48,356.72,363.5,5351
2022-03-01,378.65,381.44,373.07,378.25,3321037
2022-03-02,377.05,377.05,370.67,376.25,1465139
2022-03-03,380.24,387.81,379.84,380.64,2540467
2022-03-04,377.05,377.05,371.47,371.87,1760068
2022-03-07,365.89,365.89,354.73,357.92,2665477
2022-03-08,350.75,363.1,350.75,357.12,1962465
2022-03-09,357.12,363.9,357.12,359.51,2337364
2022-03-10,368.28,374.66,367.49,373.86,2054238
2022-03-11,371.47,375.06,368.28,371.47,1238849
2022-03-14,375.46,378.25,367.09,370.67,1251506
2022-03-15,369.48,369.88,355.93,356.72,2184088
2022-03-16,362.7,363.9,350.75,354.73,2361409
2022-03-17,365.89,367.09,358.72,362.7,3161736
2022-03-18,366.69,367.49,359.51,362.7,2941330
2022-03-21,365.09,368.28,363.9,366.29,1232409
2022-03-22,370.28,370.28,363.5,364.7,1198379
2022-03-23,364.7,368.68,362.3,364.7,1932299
2022-03-24,363.1,363.1,356.72,360.71,2110659
2022-03-25,358.72,361.51,355.53,355.53,1954571
2022-03-28,351.54,352.34,341.58,343.17,2588621
2022-03-29,346.76,348.35,341.18,344.77,2008795
2022-03-30,347.56,347.96,342.77,344.77,1560930
2022-03-31,342.38,346.36,341.98,343.17,1415649
2022-04-01,337.99,337.99,330.82,332.41,3477251
2022-04-06,331.61,334.01,321.65,329.22,3099265
2022-04-07,326.83,332.41,323.64,324.84,1969892
2022-04-08,327.23,330.02,322.85,324.44,2749551
2022-04-11,328.43,328.82,314.48,315.67,2105735
2022-04-12,309.29,320.06,308.5,315.67,2513523
2022-04-13,319.66,332.81,318.86,329.62,3182073
2022-04-14,330.02,332.81,326.43,331.61,1928879
2022-04-15,326.03,326.43,317.27,317.27,1839443
2022-04-18,316.47,324.84,314.08,323.24,1425187
2022-04-19,325.24,327.63,318.86,318.86,2963112
2022-04-20,321.25,326.43,320.85,322.85,2348268
2022-04-21,319.66,326.03,319.66,323.64,2129345
2022-04-22,316.07,318.06,313.28,314.87,2931375
2022-04-25,307.7,312.88,302.92,312.48,3854411
2022-04-26,312.48,313.68,302.92,303.71,2625789
2022-04-27,295.34,306.5,294.94,304.91,2440030
2022-04-28,307.7,318.06,305.31,314.87,2517360
2022-04-29,322.05,326.83,318.86,324.84,3222774
2022-05-03,322.05,325.64,317.66,321.25,1250556
2022-05-04,322.05,323.64,320.45,322.85,1263597
2022-05-05,326.83,332.41,326.83,330.82,3128291
2022-05-06,322.45,328.82,320.45,326.03,1796613
2022-05-09,322.45,328.03,321.25,325.24,1313079
2022-05-10,322.05,332.01,318.86,330.42,2231963
2022-05-11,330.02,335.6,328.82,330.82,2025323
2022-05-12,325.24,333.61,324.84,327.23,2417990
2022-05-13,332.41,334.4,330.42,332.01,2071515
2022-05-16,337.99,348.75,336.8,340.38,4309276
2022-05-17,337.59,346.76,335.2,343.97,2814535
2022-05-18,345.17,347.56,342.38,344.37,3019754
2022-05-19,339.59,353.14,339.19,351.94,3648557
2022-05-20,353.14,354.33,347.16,348.75,2516036
2022-05-23,345.56,349.15,339.59,343.17,2239595
2022-05-24,343.17,348.75,336.4,336.4,1603946
2022-05-25,338.39,346.36,337.59,341.98,1442996
2022-05-26,341.98,341.98,328.82,332.81,2926563
2022-05-27,337.19,342.77,336.4,342.38,1782069
2022-05-30,347.56,354.33,345.96,353.54,2849438
2022-05-31,349.55,354.73,349.55,354.73,2583902
2022-06-01,353.14,361.11,351.54,355.53,2167534
2022-06-02,353.14,355.13,350.35,351.94,1628719
2022-06-06,353.54,357.52,344.77,357.52,2018566
2022-06-07,353.93,359.12,351.14,354.33,1444412
2022-06-08,360.31,363.9,355.53,359.51,1743125
2022-06-09,356.72,359.91,355.53,358.72,976170
2022-06-10,353.14,357.52,351.94,355.13,949903
2022-06-13,348.35,349.15,343.57,345.56,2056604
2022-06-14,341.18,342.77,336.0,341.58,2347252
2022-06-15,337.19,344.37,337.19,339.59,1264405
2022-06-16,346.76,353.54,336.4,342.38,1789503
2022-06-17,332.41,344.37,326.83,344.37,2855536
2022-06-20,341.58,341.58,322.05,322.45,2502837
2022-06-21,326.43,334.4,326.43,334.01,1704236
2022-06-22,333.21,333.21,314.08,314.87,2620203
2022-06-23,311.69,316.47,290.96,303.71,4415852
2022-06-24,311.69,311.69,297.34,298.93,2553111
2022-06-27,307.3,318.06,304.11,309.29,3441199
2022-06-28,307.3,308.5,296.54,300.13,2227415
2022-06-29,293.35,301.72,293.35,298.53,1948736
2022-06-30,292.95,294.15,284.18,289.36,2918752
2022-07-01,290.16,290.56,275.81,276.61,2304181
2022-07-04,276.61,285.38,268.64,270.63,4053146
2022-07-05,273.82,275.41,250.7,258.28,5904
2022-07-06,258.28,259.07,248.31,249.51,5401
2022-07-07,254.69,264.65,252.7,261.46,4949715
2022-07-08,266.25,274.22,260.67,267.04,4573339
2022-07-11,269.44,270.63,260.67,263.46,2058640
2022-07-12,253.09,253.49,241.93,249.91,5547
2022-07-13,258.67,258.67,249.91,249.91,2968137
2022-07-14,247.12,256.28,245.92,255.09,2521340
2022-07-15,258.28,270.63,252.3,265.05,4714554
2022-07-18,267.44,275.81,266.65,275.81,4219427
2022-07-19,271.83,273.82,269.83,270.23,3037680
2022-07-20,279.0,288.57,277.81,282.19,5526
2022-07-21,284.18,296.14,283.39,296.14,4198711
2022-07-22,296.94,298.13,291.76,294.15,3594303
2022-07-25,295.34,296.94,288.17,288.57,2919561
2022-07-26,286.18,286.18,275.81,280.99,3253551
2022-07-27,280.2,283.39,272.62,283.39,2578873
2022-07-28,286.18,287.77,279.8,282.19,3398292
2022-07-29,273.42,281.79,272.23,272.62,6148
2022-08-01,269.83,279.0,262.66,276.61,4245660
2022-08-02,274.22,274.22,265.45,270.23,3536049
2022-08-03,265.05,274.22,264.65,273.42,3501140
2022-08-04,271.43,275.41,267.84,274.22,2060970
2022-08-05,278.6,282.19,277.41,280.6,2096728
2022-08-08,277.81,283.78,276.61,278.6,2186590
2022-08-09,277.41,277.41,270.63,274.22,1922337
2022-08-10,269.44,270.23,262.26,262.66,3332488
2022-08-11,267.44,269.83,267.04,268.24,2632071
2022-08-12,267.84,280.6,267.04,278.6,3037747
2022-08-15,284.98,292.15,282.19,289.36,3385994
2022-08-16,292.15,293.75,284.98,287.77,2137611
2022-08-17,287.77,289.36,284.18,287.77,1570939
2022-08-18,284.18,291.36,282.19,290.96,1912850
2022-08-19,291.76,294.55,289.36,290.56,1813588
2022-08-22,285.78,290.96,284.18,289.76,690000
2022-08-23,284.98,285.38,280.99,280.99,1563562
2022-08-24,281.79,284.18,272.62,273.82,2652937
2022-08-25,275.81,282.19,275.81,279.0,1998784
2022-08-26,281.39,284.18,279.0,281.79,2270345
2022-08-29,273.42,275.81,270.23,272.62,2086310
2022-08-30,275.02,277.41,272.62,273.42,1821896
2022-08-31,272.62,276.61,271.03,275.81,1778415
2022-09-01,271.83,272.62,264.25,265.45,3205828
2022-09-02,267.44,269.04,264.65,265.05,2038130
2022-09-05,261.86,269.83,261.86,263.86,2897320
2022-09-06,269.83,276.21,261.07,263.06,5044
2022-09-07,259.87,259.87,252.3,254.69,4600676
2022-09-08,260.27,264.25,254.69,264.25,4005884
2022-09-12,269.03,272.93,268.59,271.63,5317
2022-09-13,273.37,280.31,273.37,275.54,4280170
2022-09-14,269.03,279.44,267.29,279.01,4234093
2022-09-15,279.44,279.44,273.8,273.8,2289241
2022-09-16,271.63,276.4,270.76,276.4,2915526
2022-09-19,276.4,276.4,263.39,265.56,4776037
2022-09-20,268.59,269.46,260.78,264.69,3316175
2022-09-21,261.65,265.56,260.78,265.12,2910211
2022-09-22,261.65,265.12,259.48,265.12,2757345
2022-09-23,264.69,268.59,262.09,263.39,2180656
2022-09-26,260.78,260.78,251.67,255.58,4725748
2022-09-27,255.14,256.44,248.2,250.8,5350
2022-09-28,251.67,252.11,234.31,235.62,5517
2022-09-29,240.39,241.69,229.11,230.84,5256
2022-09-30,224.77,235.62,223.03,234.31,5165
2022-10-03,229.98,237.35,226.07,233.45,2856274
2022-10-04,241.26,247.33,239.09,241.69,3661353
2022-10-05,244.73,249.94,240.82,242.56,5264
2022-10-06,243.86,249.07,240.39,241.69,3615937
2022-10-07,237.79,237.79,225.2,225.2,6376
2022-10-11,216.09,219.56,212.62,214.35,5745
2022-10-12,213.49,215.22,206.98,210.02,6994
2022-10-13,207.41,211.32,201.77,203.07,5288
2022-10-14,210.02,217.83,207.85,213.49,5487
2022-10-17,209.15,217.83,206.54,217.83,3092373
2022-10-18,220.43,222.16,212.62,218.69,4538527
2022-10-19,216.96,223.47,216.96,218.26,2842913
2022-10-20,214.35,220.0,213.49,219.56,4727197
2022-10-21,219.13,224.33,216.96,219.13,3263531
2022-10-24,224.77,229.98,223.9,225.64,3713561
2022-10-25,224.33,224.77,214.79,218.26,4603159
2022-10-26,218.26,223.47,216.52,220.86,3389135
2022-10-27,221.3,225.64,220.86,222.6,3021959
2022-10-28,222.16,223.9,216.09,221.73,3624705
2022-10-31,216.96,222.16,208.28,221.3,7771
2022-11-01,219.56,230.84,217.83,225.2,5467
2022-11-02,227.37,230.41,223.03,227.37,3853792
2022-11-03,223.47,231.28,223.03,229.11,3240245
2022-11-04,229.98,232.14,226.94,231.71,2336006
2022-11-07,234.75,238.65,231.28,237.79,3711020
2022-11-08,238.65,242.56,231.28,232.58,4462348
2022-11-09,236.05,247.33,236.05,246.46,4642762
2022-11-10,247.33,248.63,242.99,245.6,3204145
2022-11-11,261.22,267.29,252.97,260.78,6613
2022-11-14,264.69,269.9,262.95,266.86,6652
2022-11-15,267.29,275.97,265.12,273.37,5438
2022-11-16,275.97,279.88,271.63,279.44,5057
2022-11-17,278.14,280.74,275.1,279.88,2565564
2022-11-18,280.74,285.08,276.84,278.57,2452419
2022-11-21,282.05,285.08,280.31,282.05,3356790
2022-11-22,280.31,281.18,272.93,280.74,4171187
2022-11-23,286.82,288.99,282.05,283.78,4648454
2022-11-24,288.55,303.74,281.18,297.67,8811
2022-11-25,298.97,302.01,286.82,286.82,7950
2022-11-28,276.84,284.65,276.4,279.01,6212
2022-11-29,268.16,275.54,266.42,272.93,7247
2022-11-30,273.37,275.1,269.03,275.1,8553
2022-12-01,280.31,290.29,279.01,288.99,6442
2022-12-02,281.61,287.25,280.31,282.91,5370
2022-12-05,281.18,285.08,278.57,279.88,5435
2022-12-06,275.97,277.71,263.82,265.12,7832
2022-12-07,265.12,266.86,257.75,258.18,4840922
2022-12-08,254.71,257.75,252.54,253.84,3672270
2022-12-09,257.75,262.09,256.44,259.92,3605260
2022-12-12,256.88,261.22,254.27,259.92,2801873
2022-12-13,256.44,257.75,253.41,253.84,3616650
2022-12-14,254.27,261.65,252.54,261.65,4165256
2022-12-15,259.05,265.99,259.05,262.09,3338740
2022-12-16,256.01,257.75,254.27,254.27,6597
2022-12-19,252.97,256.88,250.8,255.14,5568
2022-12-20,252.97,258.18,248.63,248.63,5848
2022-12-21,249.94,252.11,246.9,247.77,5123
2022-12-22,252.54,256.88,250.8,252.11,4724089
2022-12-23,248.63,252.11,246.9,250.8,1342100
2022-12-26,252.54,252.54,245.6,248.63,1407143
2022-12-27,250.8,257.31,250.37,254.27,1889752
2022-12-28,252.11,252.11,245.16,245.6,2706038
2022-12-29,242.56,247.33,242.13,245.16,1144157
2022-12-30,249.94,249.94,243.86,243.86,1446988
2023-01-03,244.73,251.67,242.99,250.8,1544291
2023-01-04,250.37,254.71,249.07,250.8,1371465
2023-01-05,251.67,255.58,249.5,250.8,1405162
2023-01-06,250.8,266.42,250.8,266.42,5055
2023-01-09,273.8,278.57,269.03,278.57,6239
2023-01-10,279.01,283.78,278.14,280.74,4348897
2023-01-11,280.74,282.05,276.84,280.31,2188614
2023-01-12,280.31,283.35,278.57,280.31,2151666
2023-01-13,284.65,288.99,274.67,275.54,4664534
2023-01-16,278.57,281.18,276.84,278.57,1456154
2023-01-17,279.01,280.31,273.37,274.67,2217092
2023-01-30,281.18,282.91,277.71,280.74,5395
2023-01-31,279.01,280.31,275.1,277.71,3332318
2023-02-01,280.31,285.95,279.01,285.95,3334432
2023-02-02,289.42,301.14,289.42,301.14,5409
2023-02-03,302.01,305.48,297.67,302.01,3771368
2023-02-06,299.4,299.4,288.12,288.99,3302220
2023-02-07,288.99,292.03,286.38,289.86,2243736
2023-02-08,295.06,316.32,294.19,316.32,6944
2023-02-09,314.16,315.89,310.25,313.72,3268081
2023-02-10,312.42,313.29,305.48,309.82,3033482
2023-02-13,305.48,306.34,297.23,299.4,3977196
2023-02-14,302.87,308.95,301.14,308.08,2812381
2023-02-15,305.91,311.99,303.31,306.78,3364851
2023-02-16,306.78,313.29,306.78,311.99,3805401
2023-02-17,308.51,313.72,308.51,311.99,2352876
2023-02-20,315.02,322.83,312.85,319.36,4449271
2023-02-21,321.1,328.04,320.23,321.53,5181
2023-02-22,321.1,325.44,318.06,321.53,5179
2023-02-23,328.04,342.79,326.3,331.95,8757
2023-02-24,337.59,338.45,326.74,329.78,4098221
2023-03-01,325.44,330.21,322.83,328.91,2862993
2023-03-02,330.21,331.95,323.7,329.78,2485952
2023-03-03,332.38,334.12,328.04,329.34,1630047
2023-03-06,334.12,340.62,333.25,336.72,3937348
2023-03-07,338.45,338.45,331.95,336.28,1830218
2023-03-08,331.95,336.72,329.78,335.85,1679281
2023-03-09,337.59,341.93,337.15,338.89,2914299
2023-03-10,333.68,334.98,328.04,329.34,2575194
2023-03-13,326.74,335.85,325.87,334.98,2737712
2023-03-14,330.64,333.25,327.17,328.91,2458271
2023-03-15,331.95,341.93,331.08,333.25,3151308
2023-03-16,330.64,340.19,330.64,340.19,2805985
2023-03-17,346.7,351.47,344.96,344.96,4317063
2023-03-20,347.57,348.0,338.89,339.76,2068074
2023-03-21,342.79,343.66,334.12,337.59,3061288
2023-03-22,341.06,345.4,340.62,341.49,2223595
2023-03-23,341.06,344.53,340.19,344.1,1434466
2023-03-24,344.96,347.57,342.79,343.66,2519981
2023-03-27,343.66,345.4,340.62,341.06,1645853
2023-03-28,342.79,342.79,328.47,329.78,3796368
2023-03-29,335.85,336.72,326.74,329.34,2743058
2023-03-30,329.34,332.81,329.34,331.95,1499620
2023-03-31,334.12,339.32,331.51,336.28,2461562
2023-04-06,333.68,334.98,329.34,329.78,2014989
2023-04-07,333.25,333.25,328.91,328.91,849126
2023-04-10,329.78,333.68,327.61,328.47,1354449
2023-04-11,330.21,335.42,326.74,334.12,2322933
2023-04-12,335.85,340.19,333.25,335.85,2093798
2023-04-13,334.12,335.85,331.08,332.38,1828727
2023-04-14,334.12,340.19,331.95,337.59,2626275
2023-04-17,337.15,347.13,334.12,347.13,3217647
2023-04-18,344.53,348.87,340.19,340.62,2764987
2023-04-19,341.93,343.66,334.12,335.85,2388098
2023-04-20,331.51,336.72,328.91,334.12,2277903
2023-04-21,332.38,333.25,318.06,318.49,5526
2023-04-24,317.19,322.83,316.76,318.49,4558790
2023-04-25,321.1,321.1,297.67,298.97,6629
2023-04-26,300.27,300.27,292.03,299.4,4021142
2023-04-27,303.74,313.29,299.84,311.55,4465018
2023-04-28,309.38,315.89,305.48,311.55,3654602
2023-05-02,311.12,317.19,306.34,315.46,2307247
2023-05-03,315.46,319.8,314.59,319.36,1178631
2023-05-04,319.36,325.87,319.36,324.14,2458620
2023-05-05,323.7,323.7,317.19,317.63,2006772
2023-05-08,323.7,327.17,318.93,320.23,3198231
2023-05-09,322.4,323.27,311.55,316.32,1978966
2023-05-10,314.16,322.83,314.16,319.8,1758064
2023-05-11,319.8,325.87,318.49,323.7,2014334
2023-05-12,320.23,321.97,315.02,320.23,2070340
2023-05-15,321.1,321.97,316.32,319.36,1211245
2023-05-16,323.27,325.87,321.53,324.57,1612283
2023-05-17,326.3,328.47,323.7,325.0,1868266
2023-05-18,328.91,328.91,322.83,324.14,1884298
2023-05-19,327.17,327.61,323.7,326.3,1467088
2023-05-22,326.3,327.17,324.14,325.87,1158037
2023-05-23,326.3,327.17,323.27,323.7,1521401
2023-05-24,323.7,323.7,317.63,322.83,1389966
2023-05-25,321.1,326.74,321.1,321.53,1779502
2023-05-26,321.97,329.78,321.97,328.91,2538156
2023-05-29,334.12,341.49,332.81,336.72,3433802
2023-05-30,336.72,336.72,326.3,328.04,2827307
2023-05-31,330.64,335.85,328.47,331.51,2839431
2023-06-01,334.12,334.12,328.91,330.21,1220407
2023-06-02,333.25,336.28,331.51,335.85,2250666
2023-06-05,335.85,338.02,333.25,335.42,1673196
2023-06-06,339.32,341.49,336.28,340.19,1935974
2023-06-07,344.53,348.87,344.1,348.43,3025038
2023-06-08,348.87,348.87,339.32,342.79,2691709
2023-06-09,346.26,351.04,344.1,349.74,2638290
2023-06-12,355.81,355.81,346.26,350.6,1976677
2023-06-13,352.77,360.58,351.04,359.72,2505068
2023-06-14,361.89,361.89,351.47,353.21,1680785
2023-06-15,357.55,357.98,351.91,353.21,2186911
2023-06-16,354.08,354.08,346.26,348.0,2968585
2023-06-19,346.26,349.3,343.66,347.13,879074
2023-06-20,348.43,348.43,340.19,340.19,2385530
2023-06-21,342.79,342.79,335.85,339.32,2393685
2023-06-26,335.85,338.45,332.81,336.28,1413558
2023-06-27,336.28,341.49,334.12,336.72,1694695
2023-06-28,340.62,340.62,332.81,335.85,1384799
2023-06-29,338.45,342.79,336.72,341.06,1288856
2023-06-30,339.32,341.93,330.64,336.28,2543907
2023-07-03,338.45,342.36,338.02,340.19,1145530
2023-07-04,339.32,343.66,337.59,341.49,1479309
2023-07-05,341.49,342.79,334.55,336.28,2219635
2023-07-06,332.81,338.89,330.64,334.12,3054953
2023-07-07,334.12,335.42,330.64,332.38,1963153
2023-07-10,328.91,331.95,328.04,328.91,1854319
2023-07-11,332.38,339.76,331.95,338.89,1391925
2023-07-12,336.28,343.66,335.42,342.36,1617149
2023-07-13,343.66,352.34,343.66,346.7,2252338
2023-07-14,354.94,360.15,351.91,354.08,3170892
2023-07-17,354.08,356.24,348.87,354.51,1849736
2023-07-18,359.28,362.75,354.94,362.32,3704541
2023-07-19,361.89,364.49,357.11,360.15,3859223
2023-07-20,357.98,358.85,354.08,356.24,2334095
2023-07-21,350.6,360.15,346.26,360.15,3888865
2023-07-24,357.11,357.11,349.74,352.77,3476929
2023-07-25,354.94,355.81,350.17,350.6,1673966
2023-07-26,354.94,354.94,345.4,346.7,2312298
2023-07-27,348.43,358.41,348.43,355.38,2141051
2023-07-28,352.77,372.73,351.47,367.53,4005858
2023-07-31,373.17,380.11,368.83,373.6,4712025
2023-08-01,372.73,375.34,367.09,375.34,2047731
2023-08-02,377.51,390.52,376.21,380.98,5516
2023-08-04,375.34,379.24,367.09,371.43,4734238
2023-08-07,365.36,366.22,354.08,360.15,4092554
2023-08-08,358.41,364.92,354.94,355.81,2980829
2023-08-09,358.41,359.72,350.17,353.21,2040214
2023-08-10,348.0,351.04,343.66,345.83,3987320
2023-08-11,345.83,348.87,341.93,345.4,2010080
2023-08-14,345.4,354.08,345.4,354.08,2295461
2023-08-15,355.81,358.41,349.74,350.6,1855599
2023-08-16,348.87,357.11,348.0,356.68,1987079
2023-08-17,351.47,356.24,350.6,353.64,1337069
2023-08-18,351.91,363.19,351.47,362.32,2611978
2023-08-21,371.0,371.0,358.41,361.89,2427406
2023-08-22,363.62,364.49,354.51,357.55,1603110
2023-08-23,357.55,360.15,354.51,360.15,939445
2023-08-24,358.41,369.7,358.41,369.26,1940737
2023-08-25,366.22,374.9,365.79,373.17,1693779
2023-08-28,373.17,375.77,367.96,370.56,1890417
2023-08-29,373.17,373.17,362.75,368.39,2591539
2023-08-30,369.7,376.21,366.22,369.26,3091923
2023-08-31,372.3,373.17,362.75,362.75,4801498
2023-09-01,368.83,371.0,363.19,370.13,3032940
2023-09-04,372.3,377.51,365.36,377.51,2564486
2023-09-05,372.73,389.66,372.73,389.66,4410827
2023-09-06,397.47,397.47,384.45,389.22,3483194
2023-09-07,387.49,388.79,382.71,387.05,2742758
2023-09-08,386.19,387.05,380.54,386.62,3699818
2023-09-11,388.93,388.93,373.22,374.15,7031
2023-09-12,377.84,377.84,367.22,370.45,3437540
2023-09-13,368.6,369.53,362.14,364.91,3593594
2023-09-14,368.6,379.69,368.6,379.69,2497114
2023-09-15,381.54,387.08,380.61,384.31,3048647
2023-09-18,382.0,390.78,379.23,386.16,2228658
2023-09-19,388.0,389.85,376.0,382.46,2934187
2023-09-20,381.08,382.92,371.84,373.22,2580386
2023-09-21,362.14,365.83,356.59,360.29,4810384
2023-09-22,359.37,363.52,353.82,362.6,1591599
2023-09-25,368.14,384.31,364.91,374.15,4753484
2023-09-26,371.84,372.76,366.76,367.68,1626155
2023-09-27,363.06,366.29,359.37,362.6,2309847
2023-09-28,362.6,367.68,362.6,364.91,1339490
2023-10-02,367.68,372.3,363.99,368.14,1108778
2023-10-03,367.68,375.07,366.76,373.22,1466561
2023-10-04,368.14,372.76,366.29,371.84,1673818
2023-10-05,372.76,378.77,371.38,378.77,2085824
2023-10-06,379.23,379.23,373.69,376.46,1237266
2023-10-11,380.15,389.85,379.23,383.85,3122374
2023-10-12,387.08,389.85,382.92,387.54,2239031
2023-10-13,384.31,391.24,381.54,389.85,2750424
2023-10-16,387.08,394.01,386.16,390.78,2221312
2023-10-17,390.78,391.7,383.39,383.85,2025277
2023-10-18,382.46,387.08,379.69,382.46,2166970
2023-10-19,382.92,389.85,381.54,389.39,1483253
2023-10-20,383.85,391.24,381.54,390.78,2025762
2023-10-23,376.46,377.38,365.83,366.29,5632
2023-10-24,360.75,367.68,359.37,365.37,2748011
2023-10-25,365.83,373.69,365.83,370.91,1264348
2023-10-26,366.76,368.6,363.06,363.06,2340296
2023-10-27,360.29,363.99,352.9,361.68,3374022
2023-10-30,357.06,375.07,357.06,374.15,2094296
2023-10-31,375.07,377.84,369.99,370.91,1889915
2023-11-01,372.76,376.92,370.45,374.61,1329594
2023-11-02,378.77,381.54,374.61,376.92,1722499
2023-11-03,377.38,379.69,373.22,374.61,1884837
2023-11-06,378.3,382.46,376.0,379.23,1974572
2023-11-07,379.69,379.69,373.22,375.07,1413785
2023-11-08,378.77,387.54,375.53,383.39,3977701
2023-11-09,383.39,384.77,376.0,381.08,1520274
2023-11-10,377.84,380.61,375.53,376.46,1111005
2023-11-13,382.0,385.23,379.23,380.61,1490234
2023-11-14,385.23,391.7,382.92,386.62,2306089
2023-11-15,389.85,392.16,384.31,385.7,1726716
2023-11-16,387.54,387.54,380.61,384.31,1443616
2023-11-17,382.46,396.32,382.46,395.4,3198646
2023-11-20,396.78,400.01,393.55,394.93,1340325
2023-11-21,399.09,405.56,396.78,397.7,1954552
2023-11-22,397.7,402.79,394.93,402.32,1257443
2023-11-23,404.17,405.1,399.09,400.48,2103762
2023-11-24,400.48,414.33,400.48,405.56,2802061
2023-11-27,406.02,421.72,406.02,414.8,4513571
2023-11-28,414.8,419.88,409.25,417.11,2531332
2023-11-29,417.11,429.11,415.72,427.27,3871573
2023-11-30,421.26,421.72,415.26,415.26,4196433
2023-12-01,410.18,420.8,408.33,414.8,2145640
2023-12-04,412.02,415.72,410.18,415.72,1258816
2023-12-05,415.26,418.49,409.71,412.95,1874184
2023-12-06,410.18,417.11,408.79,417.11,1391425
2023-12-07,413.87,414.33,404.63,407.87,1660819
2023-12-08,412.49,415.72,409.25,410.64,1262712
2023-12-11,413.41,418.03,411.56,416.64,1789436
2023-12-12,420.34,424.5,418.03,422.19,2486307
2023-12-13,424.96,432.81,422.65,432.81,3884848
2023-12-14,434.2,454.52,431.42,454.52,5194
2023-12-15,453.13,453.13,439.74,442.51,4278920
2023-12-18,438.81,439.74,427.27,434.2,4231381
2023-12-19,424.03,438.81,419.41,437.89,6920
2023-12-20,437.89,439.74,427.73,430.04,3960426
2023-12-21,426.34,430.04,422.19,424.03,3403640
2023-12-22,425.88,430.96,424.96,428.65,2046195
2023-12-25,429.58,436.97,429.11,434.2,2037466
2023-12-26,439.28,442.97,434.66,442.51,2211336
2023-12-27,446.67,446.67,430.04,432.35,3313500
2023-12-28,432.35,436.04,429.11,429.58,1837838
2023-12-29,430.96,436.04,426.81,435.58,1756855
2024-01-02,432.81,436.04,422.65,423.11,3128107
2024-01-03,422.65,422.65,415.72,417.57,3134589
2024-01-04,419.88,424.03,417.11,421.26,1953975
2024-01-05,419.41,419.41,412.02,416.18,2305623
2024-01-08,417.11,423.11,413.87,416.18,1533780
2024-01-09,422.65,422.65,412.95,417.11,2889428
2024-01-10,419.88,423.11,415.26,421.26,2143730
2024-01-11,421.72,424.03,413.87,416.18,1980380
2024-01-12,413.41,418.03,412.02,412.95,1434601
2024-01-15,415.72,424.96,415.26,420.34,1808539
2024-01-16,416.18,418.49,412.95,418.49,2368260
2024-01-17,412.02,414.8,405.1,405.1,3882232
2024-01-18,405.56,409.71,400.48,406.48,2240388
2024-01-19,412.95,423.11,412.02,423.11,3734082
2024-01-22,416.64,422.19,413.87,415.26,3388361
2024-01-23,416.64,417.57,407.87,412.95,2892107
2024-01-24,418.95,421.26,409.71,414.33,3898542
2024-01-25,418.49,424.5,417.57,424.03,3341917
2024-01-26,416.18,422.65,415.72,418.95,1365662
2024-01-29,417.11,423.11,414.8,420.8,1284334
2024-01-30,420.34,424.03,418.95,418.95,1408222
2024-01-31,426.81,434.2,421.26,433.73,4275690
2024-02-01,436.97,436.97,425.42,429.11,2990509
2024-02-02,430.96,446.67,423.11,433.73,6271
2024-02-05,433.73,435.12,423.57,428.19,2685820
2024-02-15,434.66,435.12,423.57,433.27,2864215
2024-02-16,434.2,439.74,430.96,437.43,2163992
2024-02-19,438.81,438.81,433.27,434.2,2226626
2024-02-20,450.82,477.62,447.13,450.36,13673
2024-02-21,444.82,468.38,442.51,462.83,7968
2024-02-22,469.3,492.4,467.45,491.47,9306
2024-02-23,511.8,520.11,498.86,505.33,12935
2024-02-26,499.79,513.64,494.24,509.03,4314693
2024-02-27,514.57,537.66,511.8,523.81,10169
2024-02-29,522.88,529.35,513.64,525.65,5573
2024-03-01,533.97,534.89,521.96,521.96,5632
2024-03-04,522.88,533.97,512.72,529.35,7156
2024-03-05,533.04,542.28,524.73,539.51,5332
2024-03-06,541.36,564.45,533.97,554.29,6756
2024-03-07,557.99,567.23,547.83,555.22,5963
2024-03-08,571.85,572.77,533.97,542.28,7778
2024-03-11,545.05,558.91,544.13,557.99,4962116
2024-03-12,557.06,557.99,547.83,555.22,2614936
2024-03-13,552.44,566.3,545.05,547.83,4116062
2024-03-14,544.13,546.9,523.81,535.82,5468
2024-03-15,533.97,548.75,528.43,548.75,5643
2024-03-18,535.82,546.9,529.35,545.05,5417
2024-03-19,545.05,552.44,537.66,545.98,4954006
2024-03-20,549.67,557.06,539.51,543.21,4452913
2024-03-21,552.44,552.44,526.58,539.51,5277
2024-03-22,542.28,546.9,532.12,545.98,4288787
2024-03-25,546.9,546.9,537.66,539.51,2814158
2024-03-26,542.28,545.05,511.8,521.96,6397
2024-03-27,530.27,530.27,517.34,529.35,3398993
2024-03-28,524.73,526.58,507.18,514.57,5454
2024-03-29,510.87,518.26,509.03,516.42,1308000
2024-04-01,517.34,520.11,510.87,516.42,2072357
2024-04-02,516.42,528.43,516.42,524.73,3460682
2024-04-03,529.35,533.04,521.03,527.5,3239353
2024-04-08,526.58,529.35,520.11,523.81,2734718
2024-04-09,528.43,532.12,519.19,524.73,2380174
2024-04-10,524.73,533.04,522.88,527.5,2195304
2024-04-11,531.2,531.2,517.34,523.81,2437826
2024-04-12,519.19,527.5,519.19,525.65,2605843
2024-04-15,523.81,523.81,513.64,518.26,2052895
2024-04-16,507.18,514.57,505.33,509.03,3798959
2024-04-17,512.72,533.97,512.72,526.58,4747778
2024-04-18,532.12,533.04,521.96,530.27,3130074
2024-04-19,523.81,526.58,506.25,509.95,5145
2024-04-22,496.09,499.79,462.83,465.61,8936
2024-04-23,474.84,478.54,466.53,471.15,3212358
2024-04-24,486.85,498.86,484.08,497.02,4028298
2024-04-25,506.25,506.25,480.39,483.16,3511188
2024-04-26,489.63,490.55,474.84,480.39,4872286
2024-04-29,483.16,495.17,480.39,486.85,4013286
2024-04-30,485.93,485.93,477.62,478.54,2687016
2024-05-02,476.69,477.62,467.45,472.07,4128582
2024-05-03,480.39,482.23,469.3,472.07,2509842
2024-05-06,472.07,475.77,469.3,472.07,2160646
2024-05-07,481.31,486.85,470.22,485.01,3918229
2024-05-08,485.01,490.55,482.23,487.78,2324862
2024-05-09,492.4,497.02,489.63,491.47,2764445
2024-05-10,491.47,491.47,476.69,477.62,3999766
2024-05-13,480.39,490.55,480.39,486.85,2669705
2024-05-14,494.24,495.17,485.01,495.17,2961206
2024-05-15,498.86,499.79,489.63,490.55,2545467
2024-05-16,496.09,505.33,495.17,505.33,4019441
2024-05-17,496.09,496.09,486.85,489.63,3685434
2024-05-20,493.32,497.94,485.01,490.55,3484577
2024-05-21,490.55,493.32,485.01,488.7,2715641
2024-05-22,493.32,497.02,489.63,496.09,2250734
2024-05-23,490.55,503.48,490.55,497.94,3223808
2024-05-24,491.47,493.32,487.78,487.78,2339130
2024-05-27,492.4,503.48,489.63,491.47,3283168
2024-05-28,498.86,504.41,495.17,499.79,4667188
2024-05-29,514.57,522.88,508.1,518.26,6484
2024-05-30,513.64,533.04,510.87,526.58,6333
2024-05-31,528.43,530.27,499.79,501.63,7679
2024-06-03,509.95,521.03,498.86,508.1,9055
2024-06-04,507.18,509.03,483.16,493.32,8257
2024-06-05,494.24,496.09,477.62,483.16,8317
2024-06-06,493.32,498.86,484.08,495.17,8955
2024-06-07,497.94,498.86,486.85,489.63,6815
2024-06-11,487.78,497.02,485.93,493.32,6165
2024-06-12,490.55,505.33,490.55,499.79,6467
2024-06-13,508.1,530.27,502.56,529.35,6338
2024-06-14,535.82,535.82,521.03,525.65,3029115
2024-06-17,527.5,527.5,516.42,518.26,2083330
2024-06-18,518.26,523.81,513.64,518.26,2600622
2024-06-19,523.81,523.81,512.72,515.49,2927652
2024-06-20,517.34,533.04,516.42,520.11,3168249
2024-06-21,517.34,521.03,512.72,517.34,4786520
2024-06-24,511.8,513.64,488.7,490.55,3942967
2024-06-25,493.32,494.24,485.01,491.47,2616163
2024-06-26,496.09,496.09,485.93,489.63,2766969
2024-06-27,485.01,489.63,477.62,489.63,2547319
2024-06-28,490.55,505.33,488.7,504.41,6940
2024-07-01,498.86,506.25,485.93,490.55,6474
2024-07-02,487.78,496.09,481.31,496.09,6146
2024-07-03,497.94,505.33,495.17,502.56,5332
2024-07-04,507.18,509.03,494.24,508.1,5163
2024-07-05,509.03,511.8,498.86,511.8,4586174
2024-07-08,511.8,514.57,501.63,510.87,4204195
2024-07-09,509.03,529.35,507.18,529.35,5830
2024-07-10,530.27,530.27,517.34,526.58,3622323
2024-07-11,526.58,537.66,524.73,536.74,2924832
2024-07-12,533.97,540.44,525.65,527.5,3014545
2024-07-15,529.35,530.27,521.03,524.73,1135657
2024-07-16,525.65,526.58,514.57,516.42,2221148
2024-07-17,512.72,518.26,501.63,512.72,3076513
2024-07-18,508.1,508.1,497.02,502.56,2981745
2024-07-19,500.71,503.48,491.47,493.32,2197438
2024-07-22,489.63,489.63,469.3,473.92,2675734
2024-07-23,475.77,491.47,475.77,486.85,1814196
2024-07-26,473.0,484.08,470.22,480.39,2122040
2024-07-29,485.93,488.7,461.45,463.76,2754246
2024-07-30,459.14,466.53,452.67,463.76,3908341
2024-07-31,478.54,487.78,472.07,473.0,4315652
2024-08-01,481.31,485.93,473.92,477.62,2162726
2024-08-02,467.45,479.46,461.91,461.91,2278990
2024-08-05,443.43,444.36,419.41,429.58,3069856
2024-08-06,442.97,443.43,417.57,428.19,2675706
2024-08-07,438.81,455.44,438.81,451.75,2001534
2024-08-08,449.9,457.29,448.98,449.9,2540411
2024-08-09,460.06,473.0,454.52,461.45,2020626
2024-08-12,463.76,474.84,463.76,470.22,1142786
2024-08-13,474.84,483.16,471.15,478.54,1214049
2024-08-14,484.08,491.47,480.39,488.7,2259703
2024-08-15,489.63,489.63,477.62,477.62,1361577
2024-08-16,485.93,493.32,483.16,485.93,1912247
2024-08-19,485.93,513.64,485.93,508.1,3445805
2024-08-20,511.8,515.49,504.41,505.33,1545309
2024-08-21,500.71,506.25,495.17,496.09,1340753
2024-08-22,496.09,510.87,496.09,503.48,1141530
2024-08-23,498.86,503.48,492.4,498.86,1544337
2024-08-26,502.56,502.56,494.24,496.09,911297
2024-08-27,493.32,499.79,491.47,494.24,963179
2024-08-28,495.17,497.94,484.08,491.47,895429
2024-08-29,485.01,500.71,485.01,496.09,985289
2024-08-30,496.09,501.63,494.24,494.24,2105706
2024-09-02,497.94,502.56,495.17,496.09,815578
2024-09-03,494.24,500.71,490.55,492.4,1525217
2024-09-04,471.15,482.23,460.52,471.15,2389420
2024-09-05,475.44,478.29,465.43,465.43,3489933
2024-09-06,466.86,485.92,465.43,480.2,2010304
2024-09-09,470.2,476.39,468.77,471.62,1940429
2024-09-10,472.58,476.39,463.53,465.91,1725156
2024-09-11,467.81,477.34,466.86,472.1,1046487
2024-09-12,485.92,487.82,477.34,484.96,1115138
2024-09-13,484.01,485.92,476.39,482.11,1273107
2024-09-16,465.43,465.43,440.66,445.9,7039
2024-09-18,449.71,450.19,441.14,443.04,4023867
2024-09-19,444.95,451.62,441.61,450.66,2602674
2024-09-20,453.52,455.43,446.38,447.81,4643449
2024-09-23,452.09,458.29,448.76,457.81,2317767
2024-09-24,457.81,459.72,449.71,458.29,1802851
2024-09-25,462.1,471.15,456.38,466.86,3396504
2024-09-26,464.0,472.1,464.0,467.81,2895668
2024-09-27,473.53,473.53,466.86,470.67,2583983
2024-09-30,464.96,466.38,448.76,448.76,2882337
2024-10-01,449.23,456.38,448.76,451.14,2085797
2024-10-04,449.71,461.62,449.71,458.29,3040819
2024-10-07,454.95,460.67,450.19,456.86,1883645
2024-10-08,452.57,456.38,449.71,451.62,2628833
2024-10-09,457.33,468.77,455.9,457.33,2529385
2024-10-11,457.33,465.91,455.43,460.67,1149217
2024-10-14,461.14,466.38,460.19,462.1,876467
2024-10-15,464.96,468.77,461.14,466.38,1226220
2024-10-16,456.38,457.33,451.14,454.95,2980002
2024-10-17,452.57,455.43,441.14,444.95,5218
2024-10-18,450.66,455.43,442.09,443.04,2814409
2024-10-21,448.28,453.52,446.38,453.52,2187998
2024-10-22,454.48,460.19,451.62,458.29,2492576
2024-10-23,455.43,457.81,449.23,451.14,2635929
2024-10-24,457.33,467.81,455.43,460.19,4307901
2024-10-25,462.57,467.81,461.14,466.38,2051675
2024-10-28,465.43,467.34,458.76,460.19,1294150
2024-10-29,458.29,463.05,454.0,461.14,1979650
2024-10-30,464.0,464.48,455.9,455.9,1520957
2024-11-01,431.61,465.91,430.66,463.05,4405869
2024-11-04,461.62,464.0,451.62,459.72,1883047
2024-11-05,459.24,461.62,454.48,456.86,1249772
2024-11-06,460.19,474.48,457.33,467.81,2481061
2024-11-07,462.1,474.96,462.1,471.62,1723907
2024-11-08,470.67,481.15,470.67,476.39,2017953
2024-11-11,473.53,478.29,468.77,475.44,1208408
2024-11-12,468.29,482.11,466.86,466.86,2218989
2024-11-13,465.91,475.44,465.91,471.62,1587878
2024-11-14,470.67,472.1,462.1,464.0,2375393
2024-11-15,464.96,477.34,464.48,464.96,1605558
2024-11-18,465.91,477.34,464.96,473.53,3151641
2024-11-19,475.44,485.92,473.05,479.25,5096
2024-11-20,472.58,472.58,472.58,472.58,4203226
2024-11-21,470.67,484.01,470.2,476.39,3735388
2024-11-22,482.11,482.11,461.62,461.62,3745993
2024-11-25,466.86,473.53,464.96,464.96,2622514
2024-11-26,463.05,471.63,458.76,458.76,1952416
2024-11-27,462.1,462.1,454.95,454.95,1365054
2024-11-28,457.33,457.33,446.38,449.23,1973256
2024-11-29,449.71,457.81,445.9,453.52,1855624
2024-12-02,456.86,474.01,456.86,468.77,1491367
2024-12-03,475.44,480.2,465.91,466.86,1780982
2024-12-04,467.34,486.87,467.34,484.01,2671194
2024-12-05,484.01,491.63,483.06,488.78,1480635
2024-12-06,494.49,511.64,492.59,499.26,5457
2024-12-09,503.07,508.78,493.54,494.49,3634043
2024-12-10,495.44,503.07,493.54,496.4,3149727
2024-12-11,491.63,511.64,491.63,502.11,3736444
2024-12-12,502.11,508.78,500.21,500.21,2800904
2024-12-13,497.35,509.74,497.35,508.78,1866236
2024-12-16,504.97,518.31,504.02,507.83,3123881
2024-12-17,511.64,527.84,509.74,519.26,4597245
2024-12-18,513.55,524.03,508.78,522.12,2235850
2024-12-19,513.55,516.41,504.02,509.74,2616237
2024-12-20,506.88,519.26,504.02,504.02,3078380
2024-12-23,513.55,516.41,509.74,511.64,1497229
2024-12-24,515.45,516.41,504.97,506.88,967553
2024-12-25,508.78,509.74,501.16,509.74,650144
2024-12-26,512.59,526.89,510.69,526.89,1908799
2024-12-27,525.93,538.32,522.12,531.65,1810083
2024-12-30,534.51,541.18,527.84,537.37,3233679
2024-12-31,530.7,541.18,524.98,541.18,5484
2025-01-02,536.41,537.37,510.69,519.26,4138634
2025-01-03,523.08,525.93,507.83,511.64,2904931
2025-01-06,513.55,519.26,510.69,514.5,2049338
2025-01-07,514.5,521.17,511.64,517.36,2306281
2025-01-08,517.36,521.17,511.64,514.5,2174582
2025-01-09,512.59,517.36,502.11,504.02,3090780
2025-01-10,505.93,515.45,500.21,500.21,1881835
2025-01-13,496.4,500.21,483.06,490.68,2762298
2025-01-14,490.68,496.4,488.78,494.49,1152277
2025-01-15,492.59,498.3,488.78,496.4,1576384
2025-01-16,504.97,511.64,501.16,501.16,1657949
2025-01-17,500.21,518.31,500.21,512.59,2625914
2025-01-20,513.55,520.22,508.78,512.59,1974672
2025-01-21,508.78,518.31,508.78,514.5,1268968
2025-01-22,514.5,523.08,511.64,516.41,2055794
2025-02-03,506.88,510.69,498.3,504.02,3189150
2025-02-04,510.69,548.8,510.69,542.13,6537
2025-02-05,550.71,557.37,539.27,539.27,6224
2025-02-06,528.79,537.37,509.74,513.55,7057
2025-02-07,517.36,529.74,515.45,526.89,4008253
2025-02-10,525.93,533.56,521.17,530.7,3546594
2025-02-11,532.6,533.56,525.93,532.6,2286351
2025-02-12,533.56,541.18,529.74,530.7,2291341
2025-02-13,530.7,534.51,522.12,528.79,2895319
2025-02-14,528.79,530.7,518.31,522.12,2419954
2025-02-17,523.07,533.56,522.12,524.03,1553747
2025-02-18,524.03,525.93,520.22,524.98,1072546
2025-02-19,526.89,536.41,524.03,526.89,2227979
2025-02-20,527.84,533.56,524.03,528.79,1494522
2025-02-21,533.56,540.22,528.79,539.27,1781312
2025-02-24,534.51,541.18,533.56,541.18,1862236
2025-02-25,537.37,543.08,531.65,533.56,2138363
2025-02-26,532.6,537.37,525.93,535.46,2528304
2025-02-27,536.41,540.22,524.03,524.03,2282907
2025-03-03,529.74,529.74,520.22,528.79,2006209
2025-03-04,519.26,526.89,516.41,522.12,4131798
2025-03-05,524.98,535.46,524.03,528.79,2364413
2025-03-06,528.79,530.7,522.12,530.7,1630595
2025-03-07,526.89,536.41,525.93,528.79,1775439
2025-03-10,528.79,532.6,522.12,526.89,1709574
2025-03-11,518.31,535.46,514.5,533.56,4931470
2025-03-12,533.56,536.41,526.89,527.84,1963271
2025-03-13,528.79,530.7,512.59,512.59,1607691
2025-03-14,516.41,518.31,508.78,512.59,2149427
2025-03-17,516.41,518.31,508.78,509.74,1430267
2025-03-18,512.59,521.17,511.64,521.17,1381361
2025-03-19,521.17,523.08,513.55,515.45,1291152
2025-03-20,519.26,529.74,518.31,527.84,1605750
2025-03-21,524.03,535.46,523.07,533.56,2380849
2025-03-24,533.56,540.23,529.74,529.74,1808318
2025-03-25,533.56,540.23,531.65,535.46,2262083
2025-03-26,539.27,539.27,530.7,534.51,1464442
2025-03-27,527.84,529.74,519.26,519.26,1906887
2025-03-28,514.5,524.03,513.55,522.12,1915637
2025-03-31,511.64,515.45,498.3,498.3,3016576
2025-04-01,500.21,505.93,496.4,500.21,3294620
2025-04-02,501.16,516.41,501.16,504.97,2355138
2025-04-07,454.48,454.48,454.48,454.48,769369
2025-04-08,418.27,443.04,415.41,429.23,4818346
2025-04-09,421.13,436.85,412.08,419.22,5176
2025-04-10,461.14,461.14,461.14,461.14,544145
2025-04-11,457.81,488.78,440.18,486.87,3649694
2025-04-14,491.63,492.59,476.39,476.39,3923020
2025-04-15,477.34,483.06,473.05,480.2,2165320
2025-04-16,474.48,484.01,471.63,475.44,2194364
2025-04-17,474.48,490.68,471.63,484.01,1996953
2025-04-18,488.78,488.78,475.91,481.15,1852341
2025-04-21,481.15,484.96,475.44,483.06,1125697
2025-04-22,484.01,485.92,472.58,472.58,1347186
2025-04-23,481.15,492.59,481.15,491.63,1929594
2025-04-24,491.63,493.54,482.11,482.11,1287105
2025-04-25,493.54,506.88,493.54,500.21,2438647
2025-04-28,500.21,505.92,494.49,499.26,1056518
2025-04-29,497.35,499.26,489.73,494.49,2009043
2025-04-30,496.4,502.11,493.54,499.26,1692205
2025-05-02,500.21,503.07,476.39,481.15,3570151
2025-05-05,484.01,484.01,468.77,475.44,3091723
2025-05-06,483.06,483.06,473.53,475.91,2381504
2025-05-07,481.15,486.87,474.96,479.25,2190258
2025-05-08,480.2,486.87,479.25,484.96,1395373
2025-05-09,486.87,492.59,484.01,488.78,2033665
2025-05-12,489.73,492.59,484.96,485.92,1209321
2025-05-13,498.3,507.83,493.54,495.44,2879589
2025-05-14,502.11,502.11,494.49,495.44,2180583
2025-05-15,496.4,502.11,491.63,492.59,2925230
2025-05-16,497.35,497.35,488.78,493.54,2082432
2025-05-19,489.73,494.49,488.78,488.78,1389220
2025-05-20,498.3,501.16,494.49,494.49,2187632
2025-05-21,500.21,501.16,494.49,500.21,1320842
2025-05-22,495.44,505.93,493.54,503.07,1614379
2025-05-23,507.83,507.83,492.59,493.54,2249832
2025-05-26,495.44,505.93,493.54,504.97,3035396
2025-05-27,500.21,504.02,494.49,496.4,2922110
2025-05-28,505.93,514.5,503.07,513.55,4136269
2025-05-29,519.26,520.22,506.88,515.45,4640578
2025-06-02,515.45,517.36,497.35,500.21,2438528
2025-06-03,501.16,517.36,498.3,517.36,3279122
2025-06-04,510.69,516.41,508.78,515.45,3073078
2025-06-05,514.5,525.93,513.55,520.22,2786664
2025-06-06,522.12,522.12,510.69,517.36,1860775
2025-06-09,519.26,525.93,516.41,524.03,1576840
2025-06-10,526.89,530.7,522.12,528.79,1454578
2025-06-11,530.7,536.41,528.79,535.46,1127153
2025-06-12,534.51,534.51,524.98,528.79,1530760
2025-06-13,523.07,526.89,520.22,524.03,1618154
2025-06-16,518.31,525.93,517.36,524.03,1357305
2025-06-17,528.79,533.56,525.93,530.7,1874660
2025-06-18,524.98,530.7,521.17,526.89,1988688
2025-06-19,552.61,562.14,526.89,529.74,5638
2025-06-20,523.07,529.74,518.31,524.03,3698132
2025-06-23,516.41,523.08,513.55,519.26,2660696
2025-06-24,528.79,534.51,524.98,524.98,2403933
2025-06-25,529.74,537.37,529.74,532.6,1999784
2025-06-26,530.7,539.27,528.79,533.56,2254518
2025-06-27,529.74,541.18,529.74,537.37,1350239
2025-06-30,537.37,542.13,534.51,540.23,1207601
2025-07-01,540.23,542.13,531.65,534.51,1760128
2025-07-02,534.51,552.61,533.56,550.71,2809421
2025-07-03,552.61,555.47,543.08,547.85,1792509
2025-07-04,549.75,554.52,543.08,554.52,3250166
2025-07-07,553.56,553.56,539.27,542.13,1469411
2025-07-08,544.99,545.94,530.7,535.46,1530217
2025-07-09,533.56,547.85,533.56,546.89,1552655
2025-07-10,544.04,551.66,543.08,549.75,1562398
2025-07-11,550.71,553.56,548.8,550.71,1389428
2025-07-14,554.52,554.52,548.8,552.61,1332574
2025-07-15,549.75,551.66,545.94,545.94,1072051
2025-07-16,545.94,556.42,544.99,553.56,1882380
2025-07-17,553.56,557.38,551.66,556.42,1229510
2025-07-18,557.38,559.28,553.56,557.38,1558875
2025-07-21,556.42,557.38,546.89,549.75,1504295
2025-07-22,552.61,563.09,551.66,554.52,2350951
2025-07-23,560.23,565.0,545.94,547.85,2012130
2025-07-24,549.75,551.66,543.08,544.99,820746
2025-07-25,544.99,550.71,540.23,544.99,1125524
2025-07-28,550.71,550.71,543.08,548.8,775994
2025-07-29,548.8,553.56,544.04,548.8,1301071
2025-07-30,548.8,551.66,543.08,549.75,964596
2025-07-31,545.94,552.61,543.08,547.85,1257508
2025-08-04,511.64,525.93,499.26,519.26,2261553
2025-08-05,525.93,535.46,522.12,532.6,3231582
2025-08-06,532.6,532.6,511.64,511.64,2953168
2025-08-07,513.55,521.17,509.74,510.69,2717007
2025-08-08,508.78,518.31,508.78,513.55,2563326
2025-08-11,513.55,513.55,506.88,507.83,1393256
2025-08-12,507.83,512.59,501.16,505.93,3394334
2025-08-13,503.07,512.59,503.07,509.74,3104094
2025-08-14,512.59,521.17,509.74,517.36,3656286
2025-08-15,514.5,516.41,508.78,514.5,1930201
2025-08-18,511.64,517.36,510.69,514.5,2181216
2025-08-19,511.64,515.45,506.88,506.88,2324914
2025-08-20,504.97,508.78,496.4,497.35,3195878
2025-08-21,501.16,505.93,498.3,500.21,2369131
2025-08-22,499.26,504.02,496.4,498.3,1605461
2025-08-25,504.97,512.59,504.97,508.78,1023274
2025-08-26,506.88,520.22,505.92,518.31,4044413
2025-08-27,516.41,522.12,513.55,519.26,2123702
2025-08-28,519.26,525.93,518.31,519.26,2708175
2025-08-29,520.22,524.98,508.78,508.78,2586223
2025-09-01,513.55,519.26,508.78,516.41,2015136
2025-09-02,520.22,524.03,514.5,521.17,1903416
2025-09-03,524.03,524.03,516.41,516.41,921389
2025-09-04,503.07,519.26,503.07,506.88,2745243
2025-09-05,514.5,515.45,506.88,513.55,2503660
2025-09-08,516.41,523.08,515.45,519.26,3382556
2025-09-09,519.26,521.17,510.69,514.5,3256825
2025-09-10,500.0,517.0,498.0,510.0,5243
2025-09-11,515.0,533.0,511.0,525.0,3762721
2025-09-12,520.0,530.0,520.0,526.0,2120139
2025-09-15,521.0,530.0,521.0,526.0,1505794
2025-09-16,530.0,544.0,530.0,544.0,2842168
2025-09-17,545.0,546.0,536.0,542.0,1486438
2025-09-18,542.0,545.0,539.0,543.0,1587376
2025-09-19,544.0,546.0,540.0,544.0,2462807
2025-09-22,548.0,548.0,539.0,543.0,2054486
2025-09-23,542.0,546.0,540.0,540.0,1609063
2025-09-24,549.0,557.0,545.0,546.0,2747481
2025-09-25,549.0,550.0,540.0,540.0,2071187
2025-09-26,545.0,547.0,534.0,539.0,1239130
2025-09-30,549.0,555.0,540.0,550.0,3497387
2025-10-01,548.0,548.0,522.0,522.0,3498959
2025-10-02,522.0,531.0,522.0,527.0,1378614
2025-10-03,536.0,538.0,532.0,532.0,1217683
2025-10-07,535.0,549.0,534.0,546.0,1685129
2025-10-08,548.0,552.0,544.0,549.0,2143029
2025-10-09,554.0,563.0,552.0,555.0,1789922
2025-10-13,549.0,552.0,542.0,544.0,2907470
2025-10-14,557.0,563.0,541.0,541.0,2415602
2025-10-15,542.0,542.0,526.0,530.0,3168236
2025-10-16,536.0,539.0,532.0,535.0,1463166
2025-10-17,539.0,540.0,532.0,533.0,1408215
2025-10-20,540.0,541.0,529.0,531.0,1713623
2025-10-21,540.0,542.0,535.0,537.0,945427
2025-10-22,542.0,542.0,537.0,540.0,886113
2025-10-23,535.0,538.0,532.0,533.0,941707
2025-10-27,541.0,542.0,523.0,525.0,2346660
2025-10-28,526.0,528.0,512.0,517.0,2868020
2025-10-29,528.0,529.0,516.0,516.0,2042836
2025-10-30,516.0,516.0,509.0,512.0,1915713
2025-10-31,519.0,521.0,508.0,515.0,2302742
2025-11-03,511.0,513.0,500.0,500.0,2172337
2025-11-04,507.0,514.0,502.0,506.0,2817384
2025-11-05,507.0,507.0,497.0,503.0,2133187
2025-11-06,506.0,507.0,501.0,505.0,1219165
2025-11-07,503.0,510.0,498.5,506.0,1623428
2025-11-10,513.0,513.0,502.0,502.0,1645515
2025-11-11,505.0,509.0,498.5,501.0,2000550
2025-11-12,497.0,501.0,495.0,496.5,1543297
2025-11-13,491.0,499.5,486.5,496.0,1793392
2025-11-14,497.0,510.0,495.0,503.0,2716277
2025-11-17,501.0,505.0,497.5,497.5,1949900
2025-11-18,497.5,499.5,490.0,493.5,2573987
2025-11-19,498.5,498.5,485.0,488.5,2155516
2025-11-20,494.0,497.5,490.0,496.5,1671233
2025-11-21,495.0,501.0,490.0,498.0,2313576
2025-11-24,515.0,516.0,494.0,508.0,5854
2025-11-25,506.0,513.0,503.0,511.0,2202155
2025-11-26,508.0,522.0,508.0,521.0,2528254
2025-11-27,524.0,524.0,512.0,521.0,2046715
2025-11-28,522.0,524.0,518.0,521.0,1289524
2025-12-01,526.0,533.0,522.0,533.0,2104536
2025-12-02,532.0,542.0,527.0,542.0,2224750
2025-12-03,542.0,544.0,536.0,538.0,1748381
2025-12-04,537.0,541.0,529.0,533.0,1236338
2025-12-05,529.0,533.0,524.0,533.0,1193263
2025-12-08,534.0,537.0,529.0,533.0,983757
2025-12-09,535.0,535.0,528.0,534.0,908484
2025-12-10,536.0,540.0,533.0,539.0,1390364
2025-12-11,542.0,543.0,528.0,532.0,1249511
2025-12-12,536.0,537.0,525.0,528.0,932286
2025-12-15,523.0,528.0,520.0,527.0,1528208
2025-12-16,521.0,523.0,510.0,514.0,1841718
2025-12-17,516.0,519.0,510.0,514.0,2177129
2025-12-18,513.0,516.0,505.0,507.0,1943482
2025-12-19,507.0,508.0,497.0,497.0,3207158
2025-12-22,500.0,501.0,492.0,492.0,1856105
2025-12-23,494.0,496.5,487.0,488.0,1590672
2025-12-24,500.0,500.0,487.5,490.5,1951244
2025-12-26,492.0,492.0,485.5,485.5,1474756
2025-12-29,486.0,488.5,482.5,484.0,1208054
2025-12-30,485.5,485.5,480.0,481.0,983431
2025-12-31,484.5,490.0,483.0,489.0,1165329
2026-01-02,494.5,497.0,487.5,487.5,3457795
2026-01-05,496.0,497.0,488.5,493.5,2400076
2026-01-06,500.0,515.0,494.5,512.0,2786138
2026-01-07,523.0,530.0,518.0,530.0,2846823
2026-01-08,532.0,532.0,525.0,529.0,2680166
2026-01-09,525.0,525.0,507.0,510.0,2890645
2026-01-12,513.0,558.0,513.0,539.0,4360688
2026-01-13,592.0,592.0,567.0,576.0,16105
2026-01-14,564.0,564.0,525.0,532.0,8852
2026-01-15,534.0,534.0,505.0,513.0,6240
2026-01-16,519.0,519.0,506.0,509.0,3213034
2026-01-19,509.0,522.0,501.0,515.0,3672402
2026-01-20,515.0,524.0,514.0,517.0,2389798
2026-01-21,513.0,514.0,502.0,502.0,2687297
2026-01-22,510.0,515.0,509.0,513.0,1809591
2026-01-23,513.0,519.0,506.0,507.0,3012846
2026-01-26,502.0,519.0,501.0,517.0,2544991
2026-01-27,523.0,532.0,518.0,530.0,3414290
2026-01-28,531.0,535.0,518.0,525.0,2699602
2026-01-29,484.0,518.0,483.0,511.0,7589
2026-01-30,500.0,502.0,483.5,483.5,6321
2026-02-02,483.5,487.5,470.0,475.0,3157454
2026-02-03,482.0,492.5,479.5,487.0,3357912
2026-02-04,485.0,486.0,475.5,476.0,4220497
2026-02-05,475.0,476.0,463.0,463.0,4621311
2026-02-06,459.5,474.5,457.0,472.5,3880894
2026-02-09,480.0,482.0,468.0,470.5,2817837
2026-02-10,470.5,480.0,470.5,478.5,1719972
2026-02-11,478.5,478.5,472.0,476.0,2384963
2026-02-23,498.0,498.0,469.0,476.0,5454978
2026-02-24,475.0,480.0,473.0,475.0,3134627
2026-02-25,476.0,481.5,474.0,474.5,2767254
2026-02-26,475.0,482.0,475.0,481.5,4753618
2026-03-02,481.5,481.5,472.0,477.5,3020535
2026-03-03,474.0,476.0,463.0,463.0,3190199
2026-03-04,454.5,456.0,445.0,445.0,4187201
2026-03-05,452.0,462.0,452.0,456.0,3270704
2026-03-06,456.0,465.0,453.0,463.0,1781666
2026-03-09,438.0,484.0,438.0,484.0,6047945
2026-03-10,471.0,473.5,453.5,460.0,5328249
2026-03-11,460.0,477.5,459.0,474.0,4074546
2026-03-12,469.0,479.0,466.5,473.0,3093384
2026-03-13,467.0,472.5,466.0,470.0,1648239
2026-03-16,477.5,480.0,472.5,480.0,2246554
2026-03-17,480.0,485.0,478.5,480.0,2387701
2026-03-18,485.0,485.0,476.5,482.0,2563860
2026-03-19,481.5,483.0,473.0,476.5,2767430
2026-03-20,473.5,481.5,472.5,479.5,14257482
2026-03-23,474.0,478.5,469.0,469.5,3308368
2026-03-24,479.5,484.0,474.5,480.5,1900271
2026-03-25,488.5,490.5,480.5,489.0,2966707
2026-03-26,488.5,495.0,485.0,489.0,1943326
2026-03-27,490.0,498.0,485.5,494.5,2844204
2026-03-30,488.0,492.5,481.0,488.0,2763737
2026-03-31,481.0,489.5,478.0,478.0,3898637
2026-04-01,491.5,491.5,480.5,484.5,2503620
2026-04-02,488.0,493.0,484.5,488.0,2375636
2026-04-07,493.0,503.0,490.5,499.0,2431188
2026-04-08,510.0,510.0,501.0,505.0,2669220
2026-04-09,506.0,512.0,502.0,512.0,2924273
2026-04-10,510.0,516.0,506.0,508.0,2365389
2026-04-13,510.0,525.0,500.0,525.0,3675679
2026-04-14,514.0,527.0,514.0,524.0,2838610
2026-04-15,527.0,530.0,522.0,525.0,3394791
2026-04-16,535.0,540.0,530.0,540.0,5739142
2026-04-17,531.0,538.0,528.0,531.0,3286128
2026-04-20,539.0,544.0,534.0,538.0,4604765
2026-04-21,538.0,560.0,538.0,551.0,4345467
2026-04-22,549.0,567.0,549.0,567.0,3958665
2026-04-23,569.0,575.0,535.0,542.0,6485277
2026-04-24,542.0,544.0,530.0,539.0,3638839
2026-04-27,545.0,558.0,537.0,555.0,2920170
2026-04-28,563.0,564.0,554.0,561.0,2385696
2026-04-29,561.0,561.0,541.0,551.0,2638711
2026-04-30,545.0,556.0,535.0,537.0,2791796
2026-05-04,535.0,548.0,524.0,528.0,4969962
2026-05-05,528.0,534.0,526.0,533.0,2805919
2026-05-06,543.0,548.0,533.0,544.0,4180544
2026-05-07,550.0,551.0,535.0,539.0,3623447
2026-05-08,555.0,592.0,551.0,592.0,8811464
2026-05-11,615.0,615.0,581.0,584.0,9602620
2026-05-12,581.0,583.0,555.0,555.0,6101118
2026-05-13,555.0,563.0,539.0,552.0,3871889
2026-05-14,559.0,577.0,556.0,574.0,3152727
2026-05-15,577.0,583.0,536.0,536.0,6292761
2026-05-18,546.0,563.0,536.0,560.0,4330090
2026-05-19,565.0,583.0,552.0,555.0,5062165
2026-05-20,564.0,572.0,556.0,567.0,3316526
2026-05-21,579.0,582.0,571.0,575.0,2894782
2026-05-22,574.0,578.0,566.0,578.0,3667471
2026-05-25,584.0,594.0,578.0,583.0,3991607
2026-05-26,590.0,594.0,584.0,590.0,2871847
2026-05-27,595.0,624.0,595.0,605.0,5827252
2026-05-28,605.0,616.0,593.0,594.0,4163029
2026-05-29,613.0,615.0,580.0,580.0,6975316
2026-06-01,595.0,610.0,583.0,609.0,5587977
2026-06-02,612.0,653.0,602.0,653.0,11129258
2026-06-03,685.0,689.0,642.0,646.0,9727263
2026-06-04,640.0,645.0,624.0,624.0,7181854
2026-06-05,629.0,660.0,605.0,643.0,8793285
2026-06-08,579.0,600.0,579.0,596.0,8276243
2026-06-09,590.0,655.0,586.0,651.0,7037816
2026-06-10,635.0,657.0,633.0,645.0,6551895
2026-06-11,645.0,655.0,602.0,655.0,7046272
2026-06-12,655.0,665.0,616.0,618.0,4460068
2026-06-15,639.0,644.0,616.0,634.0,2491075
2026-06-16,640.0,678.0,631.0,678.0,4114170
2026-06-17,677.0,745.0,662.0,745.0,5513887
2026-06-18,770.0,819.0,754.0,819.0,6476508
2026-06-22,840.0,900.0,840.0,900.0,6927501
2026-06-23,948.0,970.0,857.0,863.0,7155212
2026-06-24,821.0,851.0,801.0,803.0,6448872
2026-06-25,795.0,834.0,787.0,814.0,7482251
2026-06-26,780.0,787.0,736.0,740.0,6809208
2026-06-29,759.0,814.0,751.0,783.0,6041612
2026-06-30,803.0,833.0,782.0,806.0,6671062
2026-07-01,831.0,862.0,787.0,829.0,9254752
2026-07-02,801.0,838.0,801.0,811.0,4300865
2026-07-03,802.0,806.0,781.0,783.0,4209852
2026-07-06,793.0,807.0,769.0,769.0,3106505
2026-07-07,785.0,841.0,769.0,776.0,7324808
2026-07-08,817.0,845.0,798.0,817.0,6654038
2026-07-09,820.0,848.0,811.0,840.0,6876746
2026-07-10,840.0,840.0,840.0,840.0,0
2026-07-13,813.0,819.0,756.0,756.0,6182146
2026-07-14,751.0,769.0,741.0,754.0,3928695
2026-07-15,776.0,783.0,750.0,753.0,2796244
2026-07-16,755.0,755.0,712.0,712.0,6199349
2026-07-17,699.0,733.0,696.0,718.0,6903340
2026-07-20,721.0,732.0,689.0,709.0,4221356
2026-07-21,710.0,753.0,704.0,753.0,2960871
2026-07-22,749.0,760.0,734.0,743.0,4298299
2026-07-23,736.0,748.0,726.0,745.0,3340772
2026-07-24,736.0,765.0,731.0,744.0,3108292
2026-07-27,754.0,783.0,745.0,762.0,4712538
2026-07-28,741.0,755.0,727.0,731.0,3227618
2026-07-29,742.0,777.0,715.0,738.0,5489850
2026-07-30,730.0,745.0,686.0,697.0,5746217
2026-07-31,752.0,758.0,655.0,683.0,12963926
2026-08-03,666.0,719.0,656.0,704.0,5572750
2026-08-04,691.0,725.0,674.0,723.0,4106973
2026-08-05,762.0,770.0,745.0,751.0,3684319
2026-08-06,746.0,751.0,730.0,744.0,2322399
2026-08-07,737.0,764.0,733.0,750.0,2884146
2026-08-10,752.0,764.0,746.0,758.0,2551860
2026-08-11,758.0,780.0,758.0,772.0,2282530
2026-08-12,772.0,776.0,760.0,766.0,1437614
2026-08-13,775.0,775.0,750.0,758.0,1971694
2026-08-14,752.0,759.0,721.0,721.0,2593697